time;GEN1A_generator_omegaPu;GEN1A_generator_PGenPu;GEN1A_generator_UPu;GEN1B_generator_omegaPu;GEN1B_generator_PGenPu;GEN1B_generator_UPu;GEN2A_generator_omegaPu;GEN2A_generator_PGenPu;GEN2A_generator_UPu;GEN2B_generator_omegaPu;GEN2B_generator_PGenPu;GEN2B_generator_UPu;OMEGA_REF_omegaRef_grp_0_value;OMEGA_REF_omegaRef_grp_1_value;OMEGA_REF_omegaRef_grp_2_value;OMEGA_REF_omegaRef_grp_3_value;OMEGA_REF_omegaRef_0_value;OMEGA_REF_omegaRef_1_value;NETWORK_GEN1A_BUS_numcc_value;NETWORK_GEN2A_BUS_numcc_value;
0.000000;1.000000;5.337457;1.000109;1.000000;3.904441;1.000108;1.000000;3.545166;1.000101;1.000000;3.348788;1.000105;1.000000;1.000000;1.000000;1.000000;1.000000;1.000000;0.000000;0.000000;
0.000001;1.000000;5.337457;1.000109;1.000000;3.904441;1.000108;1.000000;3.545166;1.000101;1.000000;3.348788;1.000105;1.000000;1.000000;1.000000;1.000000;1.000000;1.000000;0.000000;0.000000;
0.000002;1.000000;5.337457;1.000109;1.000000;3.904441;1.000108;1.000000;3.545166;1.000101;1.000000;3.348788;1.000105;1.000000;1.000000;1.000000;1.000000;1.000000;1.000000;0.000000;0.000000;
0.000004;1.000000;5.337457;1.000109;1.000000;3.904441;1.000108;1.000000;3.545166;1.000101;1.000000;3.348788;1.000105;1.000000;1.000000;1.000000;1.000000;1.000000;1.000000;0.000000;0.000000;
0.000008;1.000000;5.337457;1.000109;1.000000;3.904441;1.000108;1.000000;3.545166;1.000101;1.000000;3.348788;1.000105;1.000000;1.000000;1.000000;1.000000;1.000000;1.000000;0.000000;0.000000;
0.000016;1.000000;5.337457;1.000109;1.000000;3.904441;1.000108;1.000000;3.545166;1.000101;1.000000;3.348788;1.000105;1.000000;1.000000;1.000000;1.000000;1.000000;1.000000;0.000000;0.000000;
0.000032;1.000000;5.337457;1.000109;1.000000;3.904441;1.000108;1.000000;3.545166;1.000101;1.000000;3.348788;1.000105;1.000000;1.000000;1.000000;1.000000;1.000000;1.000000;0.000000;0.000000;
0.000064;1.000000;5.337457;1.000109;1.000000;3.904441;1.000108;1.000000;3.545166;1.000101;1.000000;3.348788;1.000105;1.000000;1.000000;1.000000;1.000000;1.000000;1.000000;0.000000;0.000000;
0.000128;1.000000;5.337457;1.000109;1.000000;3.904441;1.000108;1.000000;3.545166;1.000101;1.000000;3.348788;1.000105;1.000000;1.000000;1.000000;1.000000;1.000000;1.000000;0.000000;0.000000;
0.000256;1.000000;5.337457;1.000109;1.000000;3.904441;1.000108;1.000000;3.545166;1.000101;1.000000;3.348788;1.000105;1.000000;1.000000;1.000000;1.000000;1.000000;1.000000;0.000000;0.000000;
0.000512;1.000000;5.337457;1.000109;1.000000;3.904441;1.000108;1.000000;3.545166;1.000101;1.000000;3.348788;1.000105;1.000000;1.000000;1.000000;1.000000;1.000000;1.000000;0.000000;0.000000;
0.001024;1.000000;5.337457;1.000109;1.000000;3.904441;1.000108;1.000000;3.545166;1.000101;1.000000;3.348788;1.000105;1.000000;1.000000;1.000000;1.000000;1.000000;1.000000;0.000000;0.000000;
0.002048;1.000000;5.337457;1.000109;1.000000;3.904441;1.000108;1.000000;3.545166;1.000101;1.000000;3.348788;1.000105;1.000000;1.000000;1.000000;1.000000;1.000000;1.000000;0.000000;0.000000;
0.004096;1.000000;5.337457;1.000109;1.000000;3.904441;1.000108;1.000000;3.545166;1.000101;1.000000;3.348788;1.000105;1.000000;1.000000;1.000000;1.000000;1.000000;1.000000;0.000000;0.000000;
0.008192;1.000000;5.337457;1.000109;1.000000;3.904441;1.000108;1.000000;3.545167;1.000101;1.000000;3.348788;1.000105;1.000000;1.000000;1.000000;1.000000;1.000000;1.000000;0.000000;0.000000;
0.016384;1.000000;5.337456;1.000109;1.000000;3.904441;1.000108;1.000000;3.545169;1.000101;1.000000;3.348787;1.000105;1.000000;1.000000;1.000000;1.000000;1.000000;1.000000;0.000000;0.000000;
0.032768;1.000000;5.337451;1.000110;1.000000;3.904442;1.000109;1.000001;3.545177;1.000101;1.000000;3.348787;1.000105;1.000000;1.000000;1.000000;1.000000;1.000000;1.000000;0.000000;0.000000;
0.065536;1.000000;5.337435;1.000111;1.000001;3.904443;1.000109;1.000001;3.545208;1.000101;1.000001;3.348784;1.000105;1.000001;1.000001;1.000001;1.000001;1.000001;1.000000;0.000000;0.000000;
0.131072;1.000000;5.337385;1.000114;1.000001;3.904449;1.000111;1.000002;3.545300;1.000102;1.000001;3.348779;1.000107;1.000001;1.000001;1.000001;1.000001;1.000001;1.000000;0.000000;0.000000;
0.262144;1.000002;5.337295;1.000119;1.000002;3.904461;1.000114;1.000003;3.545447;1.000102;1.000002;3.348780;1.000110;1.000002;1.000002;1.000002;1.000002;1.000002;1.000000;0.000000;0.000000;
0.524288;1.000005;5.337328;1.000117;1.000004;3.904459;1.000113;1.000004;3.545377;1.000102;1.000004;3.348789;1.000108;1.000004;1.000004;1.000004;1.000004;1.000004;1.000000;0.000000;0.000000;
1.000000;1.000009;5.337356;1.000115;1.000008;3.904454;1.000112;1.000008;3.545335;1.000102;1.000008;3.348787;1.000108;1.000008;1.000008;1.000008;1.000008;1.000008;1.000000;0.000000;0.000000;
1.000000;1.000009;5.125336;1.154907;1.000008;3.632225;1.153656;1.000008;3.735677;0.847507;1.000008;3.279897;0.842019;1.000008;1.000008;1.000008;1.000008;1.000008;1.000008;0.000000;1.000000;
1.000001;1.000009;5.125336;1.154907;1.000008;3.632225;1.153656;1.000008;3.735677;0.847507;1.000008;3.279897;0.842019;1.000009;1.000009;1.000008;1.000008;1.000009;1.000008;0.000000;1.000000;
1.000002;1.000009;5.125336;1.154907;1.000009;3.632225;1.153656;1.000008;3.735677;0.847507;1.000008;3.279897;0.842019;1.000009;1.000009;1.000008;1.000008;1.000009;1.000008;0.000000;1.000000;
1.000004;1.000009;5.125336;1.154907;1.000009;3.632225;1.153656;1.000008;3.735677;0.847507;1.000009;3.279897;0.842019;1.000009;1.000009;1.000008;1.000008;1.000009;1.000008;0.000000;1.000000;
1.000008;1.000009;5.125336;1.154907;1.000009;3.632225;1.153656;1.000008;3.735677;0.847507;1.000009;3.279897;0.842019;1.000009;1.000009;1.000008;1.000008;1.000009;1.000008;0.000000;1.000000;
1.000016;1.000009;5.125336;1.154907;1.000009;3.632225;1.153656;1.000008;3.735677;0.847507;1.000009;3.279897;0.842019;1.000009;1.000009;1.000008;1.000008;1.000009;1.000008;0.000000;1.000000;
1.000032;1.000009;5.125336;1.154907;1.000010;3.632225;1.153656;1.000008;3.735677;0.847507;1.000009;3.279897;0.842019;1.000009;1.000009;1.000008;1.000008;1.000009;1.000008;0.000000;1.000000;
1.000064;1.000010;5.125336;1.154907;1.000011;3.632225;1.153656;1.000007;3.735677;0.847507;1.000009;3.279897;0.842019;1.000010;1.000010;1.000008;1.000008;1.000010;1.000008;0.000000;1.000000;
1.000128;1.000011;5.125336;1.154907;1.000013;3.632225;1.153656;1.000006;3.735677;0.847507;1.000010;3.279897;0.842019;1.000012;1.000012;1.000008;1.000008;1.000012;1.000008;0.000000;1.000000;
1.000256;1.000013;5.125336;1.154907;1.000017;3.632226;1.153656;1.000004;3.735676;0.847507;1.000011;3.279897;0.842019;1.000015;1.000015;1.000008;1.000008;1.000015;1.000008;0.000000;1.000000;
1.000512;1.000017;5.125334;1.154907;1.000026;3.632227;1.153656;1.000000;3.735675;0.847507;1.000014;3.279898;0.842019;1.000021;1.000021;1.000007;1.000007;1.000021;1.000007;0.000000;1.000000;
1.001024;1.000025;5.125329;1.154907;1.000043;3.632233;1.153656;0.999991;3.735669;0.847506;1.000020;3.279902;0.842018;1.000033;1.000033;1.000005;1.000005;1.000033;1.000005;0.000000;1.000000;
1.002048;1.000042;5.125306;1.154907;1.000078;3.632259;1.153656;0.999973;3.735644;0.847506;1.000032;3.279917;0.842017;1.000057;1.000057;1.000002;1.000002;1.000057;1.000002;0.000000;1.000000;
1.004096;1.000075;5.125217;1.154909;1.000148;3.632359;1.153656;0.999938;3.735545;0.847505;1.000055;3.279978;0.842012;1.000106;1.000106;0.999995;0.999995;1.000106;0.999995;0.000000;1.000000;
1.008192;1.000142;5.124859;1.154917;1.000287;3.632759;1.153656;0.999867;3.735150;0.847500;1.000102;3.280219;0.841992;1.000203;1.000203;0.999981;0.999981;1.000203;0.999981;0.000000;1.000000;
1.016384;1.000277;5.123436;1.154947;1.000564;3.634348;1.153656;0.999727;3.733576;0.847481;1.000195;3.281179;0.841912;1.000398;1.000398;0.999953;0.999953;1.000398;0.999953;0.000000;1.000000;
1.032768;1.000551;5.117887;1.155065;1.001109;3.640537;1.153653;0.999454;3.727377;0.847405;1.000373;3.284937;0.841597;1.000786;1.000786;0.999898;0.999898;1.000786;0.999898;0.000000;1.000000;
1.065536;1.001136;5.097723;1.155477;1.002134;3.662866;1.153630;0.998958;3.703940;0.847086;1.000673;3.298813;0.840379;1.001556;1.001556;0.999788;0.999788;1.001556;0.999788;0.000000;1.000000;
1.098304;1.001785;5.068448;1.156031;1.003046;3.694801;1.153556;0.998557;3.667739;0.846499;1.000877;3.319157;0.838415;1.002316;1.002316;0.999680;0.999680;1.002316;0.999680;0.000000;1.000000;
1.131072;1.002511;5.034967;1.156600;1.003821;3.730647;1.153414;0.998278;3.622228;0.845603;1.000962;3.342945;0.835809;1.003063;1.003063;0.999577;0.999577;1.003063;0.999577;0.000000;1.000000;
1.163840;1.003317;5.002915;1.157091;1.004459;3.764382;1.153229;0.998141;3.571844;0.844428;1.000918;3.367172;0.832759;1.003798;1.003798;0.999485;0.999485;1.003798;0.999485;0.000000;1.000000;
1.196608;1.004192;4.977678;1.157445;1.004982;3.790592;1.153053;0.998150;3.521541;0.843073;1.000751;3.389281;0.829551;1.004524;1.004524;0.999409;0.999409;1.004524;0.999409;0.000000;1.000000;
1.229376;1.005112;4.963482;1.157638;1.005426;3.805266;1.152948;0.998297;3.476327;0.841712;1.000478;3.407502;0.826536;1.005244;1.005244;0.999352;0.999352;1.005244;0.999352;0.000000;1.000000;
1.262144;1.006049;4.962600;1.157662;1.005843;3.806308;1.152953;0.998558;3.440690;0.840552;1.000122;3.420862;0.824079;1.005962;1.005962;0.999315;0.999315;1.005962;0.999315;0.000000;1.000000;
1.294912;1.006969;4.974953;1.157515;1.006286;3.793759;1.153063;0.998900;3.418129;0.839789;0.999710;3.428976;0.822496;1.006681;1.006681;0.999292;0.999292;1.006681;0.999292;0.000000;1.000000;
1.327680;1.007844;4.998165;1.157200;1.006804;3.769770;1.153235;0.999282;3.410799;0.839554;0.999270;3.431753;0.821994;1.007406;1.007406;0.999276;0.999276;1.007406;0.999276;0.000000;1.000000;
1.360448;1.008654;5.028071;1.156744;1.007433;3.738310;1.153409;0.999657;3.419307;0.839886;0.998833;3.429171;0.822630;1.008140;1.008140;0.999258;0.999258;1.008140;0.999258;0.000000;1.000000;
1.393216;1.009390;5.059535;1.156206;1.008192;3.704592;1.153540;0.999982;3.442662;0.840716;0.998427;3.421214;0.824304;1.008885;1.008885;0.999229;0.999229;1.008885;0.999229;0.000000;1.000000;
1.425984;1.010054;5.087385;1.155682;1.009076;3.674239;1.153612;1.000217;3.478370;0.841894;0.998080;3.408002;0.826779;1.009642;1.009642;0.999183;0.999183;1.009642;0.999183;0.000000;1.000000;
1.458752;1.010661;5.107242;1.155282;1.010061;3.652318;1.153640;1.000333;3.522696;0.843221;0.997819;3.390048;0.829726;1.010408;1.010408;0.999117;0.999117;1.010408;0.999117;0.000000;1.000000;
1.491520;1.011235;5.116143;1.155098;1.011105;3.642436;1.153648;1.000314;3.571081;0.844500;0.997665;3.368520;0.832789;1.011180;1.011180;0.999032;0.999032;1.011180;0.999032;0.000000;1.000000;
1.524288;1.011805;5.112888;1.155168;1.012158;3.646081;1.153648;1.000154;3.618668;0.845584;0.997631;3.345360;0.835647;1.011953;1.011953;0.998933;0.998933;1.011953;0.998933;0.000000;1.000000;
1.557056;1.012398;5.098161;1.155469;1.013168;3.662384;1.153631;0.999866;3.660852;0.846398;0.997718;3.323147;0.838050;1.012722;1.012722;0.998826;0.998826;1.012722;0.998826;0.000000;1.000000;
1.589824;1.013039;5.074427;1.155922;1.014093;3.688328;1.153576;0.999470;3.693749;0.846936;0.997910;3.304710;0.839839;1.013482;1.013482;0.998715;0.998715;1.013482;0.998715;0.000000;1.000000;
1.622592;1.013745;5.045597;1.156428;1.014904;3.719356;1.153467;0.999001;3.714504;0.847232;0.998181;3.292583;0.840930;1.014233;1.014233;0.998604;0.998604;1.014233;0.998604;0.000000;1.000000;
1.655360;1.014521;5.016453;1.156893;1.015593;3.750231;1.153316;0.998494;3.721441;0.847325;0.998490;3.288465;0.841290;1.014972;1.014972;0.998492;0.998492;1.014972;0.998492;0.000000;1.000000;
1.688128;1.015361;4.991864;1.157254;1.016172;3.775940;1.153159;0.997993;3.714110;0.847230;0.998796;3.292850;0.840912;1.015703;1.015703;0.998382;0.998382;1.015703;0.998382;0.000000;1.000000;
1.720896;1.016250;4.975935;1.157477;1.016670;3.792477;1.153047;0.997537;3.693283;0.846926;0.999055;3.304942;0.839811;1.016427;1.016427;0.998271;0.998271;1.016427;0.998271;0.000000;1.000000;
1.753664;1.017161;4.971258;1.157548;1.017128;3.797396;1.153020;0.997161;3.660925;0.846376;0.999232;3.322855;0.838035;1.017147;1.017147;0.998163;0.998163;1.017147;0.998163;0.000000;1.000000;
1.786432;1.018068;4.978447;1.157464;1.017595;3.790108;1.153085;0.996894;3.620095;0.845561;0.999304;3.344057;0.835686;1.017869;1.017869;0.998060;0.998060;1.017869;0.998060;0.000000;1.000000;
1.819200;1.018942;4.996050;1.157227;1.018114;3.771934;1.153217;0.996755;3.574729;0.844505;0.999261;3.365898;0.832942;1.018594;1.018594;0.997967;0.997967;1.018594;0.997967;0.000000;1.000000;
1.851968;1.019764;5.020871;1.156857;1.018723;3.745915;1.153370;0.996747;3.529280;0.843299;0.999107;3.386082;0.830060;1.019326;1.019326;0.997889;0.997889;1.019326;0.997889;0.000000;1.000000;
1.884736;1.020522;5.048604;1.156398;1.019442;3.716364;1.153499;0.996864;3.488248;0.842092;0.998854;3.402941;0.827350;1.020068;1.020068;0.997827;0.997827;1.020068;0.997827;0.000000;1.000000;
1.917504;1.021215;5.074624;1.155927;1.020275;3.688200;1.153584;0.997085;3.455698;0.841062;0.998525;3.415477;0.825133;1.020819;1.020819;0.997782;0.997782;1.020819;0.997782;0.000000;1.000000;
1.950272;1.021853;5.094767;1.155536;1.021205;3.666116;1.153625;0.997381;3.434820;0.840376;0.998143;3.423221;0.823687;1.021580;1.021580;0.997749;0.997749;1.021580;0.997749;0.000000;1.000000;
1.983040;1.022455;5.105953;1.155310;1.022200;3.653759;1.153640;0.997713;3.427609;0.840150;0.997735;3.426005;0.823197;1.022348;1.022348;0.997724;0.997724;1.022348;0.997724;0.000000;1.000000;
2.015808;1.023043;5.106583;1.155298;1.023218;3.653073;1.153642;0.998042;3.434672;0.840418;0.997327;3.423786;0.823719;1.023117;1.023117;0.997696;0.997696;1.023117;0.997696;0.000000;1.000000;
2.048576;1.023645;5.096721;1.155497;1.024213;3.663970;1.153629;0.998327;3.455172;0.841129;0.996947;3.416584;0.825171;1.023884;1.023884;0.997659;0.997659;1.023884;0.997659;0.000000;1.000000;
2.083448;1.024326;5.076756;1.155882;1.025200;3.685828;1.153585;0.998541;3.489039;0.842187;0.996604;3.403393;0.827464;1.024694;1.024694;0.997604;0.997604;1.024694;0.997604;0.000000;1.000000;
2.118321;1.025067;5.050690;1.156346;1.026080;3.713959;1.153494;0.998635;3.531536;0.843410;0.996352;3.385642;0.830247;1.025493;1.025493;0.997531;0.997531;1.025493;0.997531;0.000000;1.000000;
2.153193;1.025877;5.023369;1.156791;1.026840;3.742997;1.153360;0.998591;3.577718;0.844589;0.996212;3.364622;0.833135;1.026283;1.026283;0.997440;0.997440;1.026283;0.997440;0.000000;1.000000;
2.188066;1.026752;4.999888;1.157144;1.027490;3.767634;1.153217;0.998407;3.622395;0.845580;0.996194;3.342576;0.835795;1.027063;1.027063;0.997336;0.997336;1.027063;0.997336;0.000000;1.000000;
2.206027;1.027230;4.991795;1.157281;1.027776;3.776292;1.153182;0.998243;3.642975;0.846047;0.996246;3.332505;0.837027;1.027460;1.027460;0.997277;0.997277;1.027460;0.997277;0.000000;1.000000;
2.223987;1.027715;4.986691;1.157354;1.028051;3.781606;1.153148;0.998051;3.660569;0.846382;0.996325;3.323176;0.838025;1.027857;1.027857;0.997216;0.997216;1.027857;0.997216;0.000000;1.000000;
2.241948;1.028203;4.984850;1.157379;1.028322;3.783510;1.153135;0.997836;3.674841;0.846630;0.996427;3.315350;0.838815;1.028253;1.028253;0.997154;0.997154;1.028253;0.997154;0.000000;1.000000;
2.277870;1.029170;4.988392;1.157330;1.028878;3.779836;1.153160;0.997373;3.694794;0.846950;0.996667;3.304088;0.839893;1.029047;1.029047;0.997031;0.997031;1.029047;0.997031;0.000000;1.000000;
2.313791;1.030109;5.002151;1.157128;1.029481;3.765457;1.153248;0.996881;3.700428;0.846986;0.996941;3.300321;0.840153;1.029845;1.029845;0.996910;0.996910;1.029845;0.996910;0.000000;1.000000;
2.349713;1.031000;5.023443;1.156811;1.030167;3.743141;1.153379;0.996400;3.691825;0.846897;0.997204;3.305709;0.839730;1.030649;1.030649;0.996789;0.996789;1.030649;0.996789;0.000000;1.000000;
2.385634;1.031829;5.047793;1.156407;1.030958;3.717177;1.153491;0.995973;3.669810;0.846557;0.997411;3.318267;0.838547;1.031462;1.031462;0.996669;0.996669;1.031462;0.996669;0.000000;1.000000;
2.421556;1.032596;5.070424;1.156000;1.031858;3.692716;1.153567;0.995637;3.636772;0.845958;0.997527;3.336101;0.836699;1.032285;1.032285;0.996552;0.996552;1.032285;0.996552;0.000000;1.000000;
2.457478;1.033312;5.087035;1.155683;1.032848;3.674568;1.153607;0.995420;3.596621;0.845097;0.997532;3.356269;0.834336;1.033117;1.033117;0.996442;0.996442;1.033117;0.996442;0.000000;1.000000;
2.493399;1.033997;5.094627;1.155535;1.033893;3.666237;1.153622;0.995336;3.553998;0.844044;0.997421;3.376086;0.831704;1.033953;1.033953;0.996345;0.996345;1.033953;0.996345;0.000000;1.000000;
2.529321;1.034678;5.091961;1.155590;1.034945;3.669190;1.153619;0.995382;3.513936;0.842932;0.997202;3.393313;0.829120;1.034791;1.034791;0.996263;0.996263;1.034791;0.996263;0.000000;1.000000;
2.565242;1.035380;5.079726;1.155826;1.035960;3.682592;1.153593;0.995542;3.481156;0.841940;0.996896;3.406469;0.826930;1.035624;1.035624;0.996197;0.996197;1.035624;0.996197;0.000000;1.000000;
2.601164;1.036126;5.060402;1.156179;1.036898;3.703533;1.153532;0.995786;3.459487;0.841248;0.996529;3.414738;0.825449;1.036451;1.036451;0.996145;0.996145;1.036451;0.996145;0.000000;1.000000;
2.637085;1.036927;5.037816;1.156562;1.037738;3.727707;1.153436;0.996072;3.451391;0.840984;0.996131;3.417772;0.824891;1.037269;1.037269;0.996101;0.996101;1.037269;0.996101;0.000000;1.000000;
2.673007;1.037787;5.016427;1.156900;1.038478;3.750331;1.153322;0.996358;3.457676;0.841195;0.995733;3.415484;0.825330;1.038078;1.038078;0.996055;0.996055;1.038078;0.996055;0.000000;1.000000;
2.708929;1.038695;5.000446;1.157140;1.039134;3.767096;1.153225;0.996598;3.477408;0.841828;0.995366;3.407976;0.826681;1.038880;1.038880;0.996002;0.996002;1.038880;0.996002;0.000000;1.000000;
2.744850;1.039633;4.992965;1.157252;1.039740;3.774944;1.153179;0.996754;3.508047;0.842750;0.995060;3.395641;0.828724;1.039678;1.039678;0.995935;0.995935;1.039678;0.995935;0.000000;1.000000;
2.780772;1.040576;4.995313;1.157226;1.040337;3.772574;1.153201;0.996800;3.545774;0.843792;0.994840;3.379363;0.831153;1.040475;1.040475;0.995852;0.995852;1.040475;0.995852;0.000000;1.000000;
2.816693;1.041499;5.006808;1.157064;1.040967;3.760625;1.153281;0.996720;3.586009;0.844787;0.994723;3.360684;0.833640;1.041275;1.041275;0.995754;0.995754;1.041275;0.995754;0.000000;1.000000;
2.852615;1.042382;5.024945;1.156786;1.041666;3.741539;1.153386;0.996517;3.624013;0.845618;0.994716;3.341793;0.835893;1.042081;1.042081;0.995646;0.995646;1.042081;0.995646;0.000000;1.000000;
2.888537;1.043212;5.045987;1.156437;1.042456;3.719113;1.153484;0.996205;3.655485;0.846228;0.994811;3.325253;0.837689;1.042894;1.042894;0.995530;0.995530;1.042894;0.995530;0.000000;1.000000;
2.924458;1.043988;5.065764;1.156086;1.043340;3.697777;1.153554;0.995811;3.677034;0.846611;0.994986;3.313523;0.838888;1.043715;1.043715;0.995412;0.995412;1.043715;0.995412;0.000000;1.000000;
2.960380;1.044719;5.080509;1.155810;1.044304;3.681721;1.153593;0.995371;3.686468;0.846782;0.995207;3.308410;0.839414;1.044544;1.044544;0.995292;0.995292;1.044544;0.995292;0.000000;1.000000;
2.996301;1.045423;5.087534;1.155675;1.045315;3.674036;1.153609;0.994927;3.682942;0.846748;0.995432;3.310649;0.839243;1.045378;1.045378;0.995171;0.995171;1.045378;0.995171;0.000000;1.000000;
2.999999;1.045495;5.087753;1.155671;1.045420;3.673797;1.153610;0.994883;3.681874;0.846732;0.995453;3.311268;0.839186;1.045463;1.045463;0.995159;0.995159;1.045463;0.995159;0.000000;1.000000;
2.999999;1.045495;5.309538;0.999789;1.045420;3.934792;0.998754;0.994883;3.471356;1.000026;0.995453;3.399199;0.998400;1.020579;1.020579;1.020579;1.020579;1.020579;1.000000;0.000000;0.000000;
3.000000;1.045495;5.309563;0.999787;1.045420;3.934814;0.998752;0.994883;3.471313;1.000026;0.995453;3.399172;0.998400;1.020579;1.020579;1.020579;1.020579;1.020579;1.000000;0.000000;0.000000;
3.000001;1.045495;5.309588;0.999786;1.045420;3.934836;0.998751;0.994883;3.471270;1.000025;0.995453;3.399145;0.998400;1.020579;1.020579;1.020579;1.020579;1.020579;1.000000;0.000000;0.000000;
3.000003;1.045495;5.309638;0.999782;1.045420;3.934880;0.998747;0.994883;3.471184;1.000025;0.995453;3.399091;0.998399;1.020579;1.020579;1.020579;1.020579;1.020579;1.000000;0.000000;0.000000;
3.000007;1.045495;5.309740;0.999775;1.045420;3.934968;0.998741;0.994883;3.471013;1.000024;0.995453;3.398984;0.998398;1.020579;1.020579;1.020579;1.020579;1.020579;1.000000;0.000000;0.000000;
3.000015;1.045495;5.309942;0.999761;1.045420;3.935143;0.998728;0.994883;3.470670;1.000022;0.995453;3.398768;0.998396;1.020579;1.020579;1.020579;1.020579;1.020579;1.000000;0.000000;0.000000;
3.000031;1.045495;5.310346;0.999734;1.045420;3.935495;0.998703;0.994883;3.469985;1.000017;0.995453;3.398338;0.998391;1.020579;1.020579;1.020579;1.020579;1.020579;1.000000;0.000000;0.000000;
3.000063;1.045495;5.311154;0.999678;1.045420;3.936197;0.998651;0.994884;3.468613;1.000009;0.995453;3.397476;0.998383;1.020579;1.020579;1.020579;1.020579;1.020579;1.000000;0.000000;0.000000;
3.000127;1.045495;5.312767;0.999567;1.045419;3.937599;0.998549;0.994885;3.465869;0.999991;0.995453;3.395752;0.998365;1.020579;1.020579;1.020579;1.020579;1.020579;1.000000;0.000000;0.000000;
3.000255;1.045494;5.315986;0.999343;1.045418;3.940398;0.998342;0.994886;3.460377;0.999955;0.995452;3.392300;0.998329;1.020579;1.020579;1.020579;1.020579;1.020579;1.000000;0.000000;0.000000;
3.000511;1.045494;5.322389;0.998892;1.045415;3.945970;0.997925;0.994890;3.449379;0.999879;0.995452;3.385377;0.998252;1.020579;1.020579;1.020579;1.020579;1.020579;1.000000;0.000000;0.000000;
3.001023;1.045492;5.335058;0.997974;1.045410;3.957010;0.997076;0.994899;3.427330;0.999712;0.995451;3.371463;0.998084;1.020579;1.020579;1.020579;1.020579;1.020579;1.000000;0.000000;0.000000;
3.002047;1.045487;5.359841;0.996078;1.045397;3.978672;0.995318;0.994919;3.383028;0.999317;0.995454;3.343362;0.997686;1.020581;1.020581;1.020581;1.020581;1.020581;1.000000;0.000000;0.000000;
3.004095;1.045472;5.407141;0.992046;1.045363;4.020277;0.991560;0.994972;3.293687;0.998282;0.995475;3.286128;0.996643;1.020588;1.020588;1.020588;1.020588;1.020588;1.000000;0.000000;0.000000;
3.008191;1.045422;5.492325;0.983033;1.045266;4.096291;0.983096;0.995128;3.112683;0.995249;0.995575;3.167988;0.993585;1.020617;1.020617;1.020617;1.020617;1.020617;1.000000;0.000000;0.000000;
3.016383;1.045257;5.622846;0.961395;1.044976;4.217501;0.962551;0.995644;2.746337;0.985454;0.996028;2.920783;0.983699;1.020747;1.020747;1.020747;1.020747;1.020747;1.000000;0.000000;0.000000;
3.024575;1.045030;5.697588;0.935278;1.044589;4.295163;0.937525;0.996430;2.382506;0.970985;0.996823;2.665575;0.969070;1.020989;1.020989;1.020989;1.020989;1.020989;1.000000;0.000000;0.000000;
3.032767;1.044776;5.716129;0.905271;1.044147;4.328583;0.908604;0.997480;2.030357;0.952362;0.997963;2.410321;0.950209;1.021361;1.021361;1.021361;1.021361;1.021361;1.000000;0.000000;0.000000;
3.040959;1.044528;5.681095;0.872083;1.043694;4.319595;0.876500;0.998782;1.697215;0.930230;0.999444;2.162116;0.927760;1.021879;1.021879;1.021879;1.021879;1.021879;1.000000;0.000000;0.000000;
3.049151;1.044318;5.597046;0.836454;1.043271;4.271635;0.841950;1.000320;1.388454;0.905264;1.001251;1.926775;0.902402;1.022553;1.022553;1.022553;1.022553;1.022553;1.000000;0.000000;0.000000;
3.057343;1.044175;5.470307;0.799144;1.042915;4.189594;0.805713;1.002074;1.107641;0.878169;1.003365;1.708842;0.874847;1.023389;1.023389;1.023389;1.023389;1.023389;1.000000;0.000000;0.000000;
3.065535;1.044122;5.308484;0.760900;1.042659;4.079394;0.768530;1.004025;0.856317;0.849636;1.005759;1.511244;0.845799;1.024391;1.024391;1.024391;1.024391;1.024391;1.000000;0.000000;0.000000;
3.073727;1.044181;5.119661;0.722417;1.042527;3.947341;0.731091;1.006149;0.634548;0.820317;1.008405;1.335594;0.815926;1.025555;1.025555;1.025555;1.025555;1.025555;1.000000;0.000000;0.000000;
3.081919;1.044365;4.911902;0.684323;1.042538;3.799709;0.694018;1.008426;0.441179;0.790799;1.011273;1.182325;0.785832;1.026879;1.026879;1.026879;1.026879;1.026879;1.000000;0.000000;0.000000;
3.098303;1.045149;4.468905;0.611328;1.043050;3.480478;0.622963;1.013334;0.129445;0.733096;1.017520;0.939418;0.726980;1.029966;1.029966;1.029966;1.029966;1.029966;1.000000;0.000000;0.000000;
3.114687;1.046489;4.028831;0.545092;1.044216;3.159892;0.558495;1.018631;-0.095973;0.679529;1.024307;0.773925;0.672353;1.033583;1.033583;1.033583;1.033583;1.033583;1.000000;0.000000;0.000000;
3.131071;1.048354;3.628192;0.487723;1.046005;2.865834;0.502683;1.024216;-0.261158;0.632150;1.031460;0.668406;0.624107;1.037647;1.037647;1.037647;1.037647;1.037647;1.000000;0.000000;0.000000;
3.147455;1.050685;3.285554;0.440135;1.048352;2.612994;0.456434;1.030018;-0.386075;0.591962;1.038838;0.608870;0.583302;1.042076;1.042076;1.042076;1.042076;1.042076;1.000000;0.000000;0.000000;
3.163839;1.053407;3.009016;0.402455;1.051169;2.408062;0.419876;1.035986;-0.485428;0.559231;1.046330;0.584956;0.550225;1.046789;1.046789;1.046789;1.046789;1.046789;1.000000;0.000000;0.000000;
3.180223;1.056438;2.800720;0.374420;1.054357;2.253002;0.392761;1.042092;-0.571129;0.533842;1.053849;0.588314;0.524767;1.051713;1.051713;1.051713;1.051713;1.051713;1.000000;0.000000;0.000000;
3.196607;1.059693;2.659662;0.355609;1.057817;2.147479;0.374702;1.048321;-0.652290;0.515559;1.061326;0.613462;0.506691;1.056781;1.056781;1.056781;1.056781;1.056781;1.000000;0.000000;0.000000;
3.212991;1.063091;2.582926;0.345522;1.061449;2.089637;0.365235;1.054669;-0.735258;0.504116;1.068705;0.657860;0.495702;1.061935;1.061935;1.061935;1.061935;1.061935;1.000000;0.000000;0.000000;
3.229375;1.066552;2.566783;0.343640;1.065159;2.076797;0.363875;1.061141;-0.823740;0.499225;1.075932;0.721247;0.491454;1.067119;1.067119;1.067119;1.067119;1.067119;1.000000;0.000000;0.000000;
3.245759;1.070003;2.608337;0.349578;1.068858;2.106505;0.370241;1.067746;-0.919303;0.500665;1.082953;0.804734;0.493636;1.072283;1.072283;1.072283;1.072283;1.072283;1.000000;0.000000;0.000000;
3.262143;1.073370;2.706301;0.363177;1.072459;2.177160;0.384171;1.074491;-1.021897;0.508415;1.089709;0.910680;0.502099;1.077374;1.077374;1.077374;1.077374;1.077374;1.000000;0.000000;0.000000;
3.278527;1.076584;2.859757;0.384408;1.075881;2.287236;0.405620;1.081384;-1.129405;0.522638;1.096134;1.043108;0.516817;1.082340;1.082340;1.082340;1.082340;1.082340;1.000000;0.000000;0.000000;
3.294911;1.079577;3.066481;0.413193;1.079046;2.433942;0.434491;1.088426;-1.235981;0.543501;1.102147;1.206977;0.537694;1.087126;1.087126;1.087126;1.087126;1.087126;1.000000;0.000000;0.000000;
3.311295;1.082282;3.323064;0.449408;1.081884;2.613065;0.470629;1.095603;-1.330717;0.571098;1.107659;1.406401;0.564534;1.091673;1.091673;1.091673;1.091673;1.091673;1.000000;0.000000;0.000000;
3.327679;1.084642;3.625112;0.492957;1.084336;2.819125;0.513910;1.102883;-1.397736;0.605524;1.112568;1.644345;0.597176;1.095919;1.095919;1.095919;1.095919;1.095919;1.000000;0.000000;0.000000;
3.342425;1.086427;3.931949;0.538431;1.086173;3.022982;0.558975;1.109478;-1.418645;0.642674;1.116385;1.895664;0.631648;1.099429;1.099429;1.099429;1.099429;1.099429;1.000000;0.000000;0.000000;
3.357171;1.087861;4.257445;0.589093;1.087641;3.230633;0.609018;1.116038;-1.375260;0.684558;1.119553;2.175160;0.669936;1.102594;1.102594;1.102594;1.102594;1.102594;1.000000;0.000000;0.000000;
3.371916;1.088929;4.589934;0.644461;1.088743;3.431375;0.663533;1.122459;-1.243585;0.730757;1.122004;2.480759;0.711712;1.105367;1.105367;1.105367;1.105367;1.105367;1.000000;0.000000;0.000000;
3.386662;1.089637;4.908924;0.703386;1.089508;3.607932;0.721329;1.128600;-0.994722;0.779881;1.123687;2.803964;0.755921;1.107708;1.107708;1.107708;1.107708;1.107708;1.000000;0.000000;0.000000;
3.401407;1.090016;5.186719;0.764071;1.090003;3.738785;0.780554;1.134288;-0.601717;0.829776;1.124578;3.132132;0.800936;1.109590;1.109590;1.109590;1.109590;1.109590;1.000000;0.000000;0.000000;
3.416153;1.090135;5.389574;0.823952;1.090334;3.800289;0.838592;1.139318;-0.047604;0.877475;1.124689;3.448816;0.844452;1.111006;1.111006;1.111006;1.111006;1.111006;1.000000;0.000000;0.000000;
3.430899;1.090098;5.481590;0.879731;1.090648;3.770880;0.892114;1.143485;0.664559;0.919311;1.124073;3.735508;0.883524;1.111978;1.111978;1.111978;1.111978;1.111978;1.000000;0.000000;0.000000;
3.444170;1.090042;5.446149;0.923505;1.091051;3.657081;0.933505;1.146354;1.415241;0.948809;1.122973;3.951512;0.912307;1.112517;1.112517;1.112517;1.112517;1.112517;1.000000;0.000000;0.000000;
3.456114;1.090070;5.308702;0.955522;1.091623;3.484852;0.963127;1.148141;2.142177;0.966535;1.121624;4.101474;0.931161;1.112780;1.112780;1.112780;1.112780;1.112780;1.000000;0.000000;0.000000;
3.466863;1.090234;5.101225;0.977093;1.092383;3.281345;0.982385;1.149081;2.800269;0.974137;1.120195;4.194823;0.941361;1.112888;1.112888;1.112888;1.112888;1.112888;1.000000;0.000000;0.000000;
3.477613;1.090596;4.823883;0.991099;1.093432;3.044654;0.993990;1.149402;3.424338;0.973276;1.118640;4.246328;0.944630;1.112926;1.112926;1.112926;1.112926;1.112926;1.000000;0.000000;0.000000;
3.487287;1.091132;4.527091;0.997131;1.094650;2.815903;0.997839;1.149200;3.929512;0.965324;1.117190;4.257460;0.941655;1.112944;1.112944;1.112944;1.112944;1.112944;1.000000;0.000000;0.000000;
3.496962;1.091895;4.200237;0.997126;1.096141;2.585015;0.995686;1.148593;4.358835;0.950956;1.115750;4.236314;0.933359;1.112984;1.112984;1.112984;1.112984;1.112984;1.000000;0.000000;0.000000;
3.506636;1.092903;3.859251;0.991774;1.097898;2.363841;0.988266;1.147653;4.700152;0.931080;1.114367;4.187073;0.920490;1.113082;1.113082;1.113082;1.113082;1.113082;1.000000;0.000000;0.000000;
3.516311;1.094161;3.517999;0.981899;1.099905;2.161484;0.976443;1.146458;4.948979;0.906737;1.113084;4.114318;0.903912;1.113265;1.113265;1.113265;1.113265;1.113265;1.000000;0.000000;0.000000;
3.525986;1.095664;3.189013;0.968498;1.102136;1.984939;0.961243;1.145089;5.107619;0.879137;1.111933;4.023252;0.884645;1.113554;1.113554;1.113554;1.113554;1.113554;1.000000;0.000000;0.000000;
3.535660;1.097399;2.881541;0.952628;1.104557;1.838193;0.943736;1.143619;5.184925;0.849529;1.110939;3.919236;0.863748;1.113964;1.113964;1.113964;1.113964;1.113964;1.000000;0.000000;0.000000;
3.545335;1.099350;2.602026;0.935325;1.107131;1.722911;0.924960;1.142114;5.193602;0.819124;1.110120;3.807360;0.842254;1.114502;1.114502;1.114502;1.114502;1.114502;1.000000;0.000000;0.000000;
3.555009;1.101494;2.354098;0.917540;1.109823;1.638796;0.905859;1.140627;5.148499;0.789019;1.109484;3.692140;0.821100;1.115170;1.115170;1.115170;1.115170;1.115170;1.000000;0.000000;0.000000;
3.564684;1.103808;2.139102;0.900101;1.112595;1.584192;0.887240;1.139200;5.064826;0.760160;1.109034;3.577315;0.801095;1.115964;1.115964;1.115964;1.115964;1.115964;1.000000;0.000000;0.000000;
3.574359;1.106267;1.956680;0.883684;1.115413;1.556632;0.869760;1.137860;4.956874;0.733319;1.108767;3.465740;0.782893;1.116877;1.116877;1.116877;1.116877;1.116877;1.000000;0.000000;0.000000;
3.584033;1.108848;1.805354;0.868814;1.118248;1.553285;0.853918;1.136623;4.837221;0.709089;1.108676;3.359360;0.766994;1.117898;1.117898;1.117898;1.117898;1.117898;1.000000;0.000000;0.000000;
3.593708;1.111529;1.683025;0.855867;1.121071;1.571281;0.840065;1.135495;4.716353;0.687897;1.108753;3.259249;0.753748;1.119014;1.119014;1.119014;1.119014;1.119014;1.000000;0.000000;0.000000;
3.603382;1.114289;1.587374;0.845091;1.123860;1.607917;0.828426;1.134474;4.602616;0.670022;1.108988;3.165685;0.743370;1.120210;1.120210;1.120210;1.120210;1.120210;1.000000;0.000000;0.000000;
3.613057;1.117109;1.516148;0.836621;1.126592;1.660767;0.819116;1.133551;4.502362;0.655621;1.109370;3.078253;0.735960;1.121472;1.121472;1.121472;1.121472;1.121472;1.000000;0.000000;0.000000;
3.622731;1.119972;1.467344;0.830503;1.129250;1.727718;0.812165;1.132713;4.420221;0.644745;1.109891;2.995966;0.731525;1.122786;1.122786;1.122786;1.122786;1.122786;1.000000;0.000000;0.000000;
3.632406;1.122861;1.439312;0.826712;1.131818;1.806952;0.807535;1.131943;4.359396;0.637373;1.110543;2.917394;0.729994;1.124137;1.124137;1.124137;1.124137;1.124137;1.000000;0.000000;0.000000;
3.642081;1.125763;1.430802;0.825170;1.134281;1.896916;0.805145;1.131221;4.321953;0.633422;1.111321;2.840801;0.731242;1.125512;1.125512;1.125512;1.125512;1.125512;1.000000;0.000000;0.000000;
3.651755;1.128661;1.440966;0.825766;1.136629;1.996268;0.804878;1.130526;4.309056;0.632776;1.112225;2.764294;0.735099;1.126898;1.126898;1.126898;1.126898;1.126898;1.000000;0.000000;0.000000;
3.661430;1.131543;1.469331;0.828361;1.138851;2.103835;0.806602;1.129837;4.321142;0.635294;1.113255;2.685971;0.741373;1.128285;1.128285;1.128285;1.128285;1.128285;1.000000;0.000000;0.000000;
3.671104;1.134395;1.515760;0.832807;1.140937;2.218577;0.810177;1.129131;4.358034;0.640826;1.114415;2.604083;0.749857;1.129661;1.129661;1.129661;1.129661;1.129661;1.000000;0.000000;0.000000;
3.680779;1.137204;1.580413;0.838952;1.142880;2.339561;0.815462;1.128389;4.418977;0.649222;1.115712;2.517197;0.760339;1.131017;1.131017;1.131017;1.131017;1.131017;1.000000;0.000000;0.000000;
3.690454;1.139955;1.663699;0.846643;1.144672;2.465955;0.822323;1.127588;4.502609;0.660337;1.117155;2.424352;0.772615;1.132344;1.132344;1.132344;1.132344;1.132344;1.000000;0.000000;0.000000;
3.700128;1.142635;1.766234;0.855732;1.146309;2.597021;0.830632;1.126711;4.606869;0.674033;1.118752;2.325214;0.786489;1.133634;1.133634;1.133634;1.133634;1.133634;1.000000;0.000000;0.000000;
3.709803;1.145229;1.888803;0.866071;1.147784;2.732111;0.840268;1.125741;4.728839;0.690175;1.120513;2.220206;0.801775;1.134881;1.134881;1.134881;1.134881;1.134881;1.000000;0.000000;0.000000;
3.719477;1.147722;2.032309;0.877507;1.149093;2.870661;0.851106;1.124665;4.864538;0.708625;1.122446;2.110610;0.818295;1.136077;1.136077;1.136077;1.136077;1.136077;1.000000;0.000000;0.000000;
3.729152;1.150098;2.197698;0.889873;1.150233;3.012159;0.863008;1.123472;5.008683;0.729222;1.124555;1.998641;0.835872;1.137215;1.137215;1.137215;1.137215;1.137215;1.000000;0.000000;0.000000;
3.738827;1.152340;2.385852;0.902969;1.151201;3.156090;0.875809;1.122159;5.154446;0.751765;1.126841;1.887456;0.854312;1.138289;1.138289;1.138289;1.138289;1.138289;1.000000;0.000000;0.000000;
3.748501;1.154432;2.597410;0.916551;1.151994;3.301847;0.889297;1.120729;5.293263;0.775991;1.129299;1.781120;0.873392;1.139293;1.139293;1.139293;1.139293;1.139293;1.000000;0.000000;0.000000;
3.758176;1.156356;2.832522;0.930304;1.152611;3.448613;0.903192;1.119194;5.414749;0.801547;1.131917;1.684482;0.892830;1.140221;1.140221;1.140221;1.140221;1.140221;1.000000;0.000000;0.000000;
3.767850;1.158096;3.090510;0.943831;1.153052;3.595211;0.917133;1.117573;5.506830;0.827968;1.134673;1.602970;0.912271;1.141070;1.141070;1.141070;1.141070;1.141070;1.000000;0.000000;0.000000;
3.777525;1.159634;3.369464;0.956641;1.153318;3.739956;0.930660;1.115900;5.556148;0.854660;1.137538;1.542266;0.931262;1.141835;1.141835;1.141835;1.141835;1.141835;1.000000;0.000000;0.000000;
3.787199;1.160958;3.665816;0.968145;1.153412;3.880517;0.943220;1.114217;5.548854;0.880894;1.140474;1.507868;0.949243;1.142516;1.142516;1.142516;1.142516;1.142516;1.000000;0.000000;0.000000;
3.796874;1.162057;3.973978;0.977674;1.153343;4.013844;0.954171;1.112580;5.471762;0.905822;1.143435;1.504515;0.965552;1.143113;1.143113;1.143113;1.143113;1.143113;1.000000;0.000000;0.000000;
3.806549;1.162926;4.286155;0.984508;1.153122;4.136189;0.962817;1.111055;5.313856;0.928502;1.146369;1.535538;0.979443;1.143633;1.143633;1.143633;1.143633;1.143633;1.000000;0.000000;0.000000;
3.816223;1.163566;4.592464;0.987925;1.152765;4.243252;0.968450;1.109714;5.067929;0.947955;1.149218;1.602176;0.990125;1.144084;1.144084;1.144084;1.144084;1.144084;1.000000;0.000000;0.000000;
3.825898;1.163986;4.881447;0.987262;1.152293;4.330477;0.970414;1.108635;4.732111;0.963236;1.151930;1.703001;0.996825;1.144480;1.144480;1.144480;1.144480;1.144480;1.000000;0.000000;0.000000;
3.835572;1.164204;5.141000;0.981988;1.151733;4.393472;0.968164;1.107891;4.310922;0.973512;1.154452;1.833595;0.998860;1.144839;1.144839;1.144839;1.144839;1.144839;1.000000;0.000000;0.000000;
3.845247;1.164247;5.359629;0.971765;1.151117;4.428513;0.961340;1.107551;3.815542;0.978147;1.156744;1.986637;0.995712;1.145182;1.145182;1.145182;1.145182;1.145182;1.000000;0.000000;0.000000;
3.854922;1.164148;5.527821;0.956509;1.150479;4.433030;0.949816;1.107670;3.263098;0.976774;1.158780;2.152488;0.987102;1.145535;1.145535;1.145535;1.145535;1.145535;1.000000;0.000000;0.000000;
3.864596;1.163948;5.639259;0.936413;1.149858;4.405994;0.933730;1.108286;2.675004;0.969340;1.160549;2.320248;0.973031;1.145925;1.145925;1.145925;1.145925;1.145925;1.000000;0.000000;0.000000;
3.874271;1.163688;5.691611;0.911947;1.149289;4.348112;0.913489;1.109419;2.074639;0.956118;1.162057;2.479101;0.953808;1.146378;1.146378;1.146378;1.146378;1.146378;1.000000;0.000000;0.000000;
3.883945;1.163412;5.686729;0.883825;1.148810;4.261800;0.889737;1.111068;1.484812;0.937691;1.163325;2.619681;0.930023;1.146920;1.146920;1.146920;1.146920;1.146920;1.000000;0.000000;0.000000;
3.893620;1.163159;5.630231;0.852945;1.148450;4.150922;0.863300;1.113214;0.925508;0.914890;1.164390;2.735140;0.902499;1.147572;1.147572;1.147572;1.147572;1.147572;1.000000;0.000000;0.000000;
3.903295;1.162965;5.530604;0.820309;1.148237;4.020386;0.835117;1.115824;0.412297;0.888724;1.165293;2.821726;0.872220;1.148352;1.148352;1.148352;1.148352;1.148352;1.000000;0.000000;0.000000;
3.912969;1.162856;5.398044;0.786948;1.148190;3.875653;0.806154;1.118852;-0.044418;0.860286;1.166081;2.878803;0.840245;1.149273;1.149273;1.149273;1.149273;1.149273;1.000000;0.000000;0.000000;
3.922644;1.162854;5.243286;0.753839;1.148324;3.722262;0.777339;1.122247;-0.439353;0.830676;1.166800;2.908395;0.807622;1.150339;1.150339;1.150339;1.150339;1.150339;1.000000;0.000000;0.000000;
3.932318;1.162972;5.076605;0.721852;1.148646;3.565432;0.749499;1.125955;-0.771687;0.800931;1.167489;2.914455;0.775324;1.151554;1.151554;1.151554;1.151554;1.151554;1.000000;0.000000;0.000000;
3.941993;1.163214;4.907106;0.691706;1.149156;3.409779;0.723324;1.129923;-1.044062;0.771967;1.168183;2.902046;0.744194;1.152913;1.152913;1.152913;1.152913;1.152913;1.000000;0.000000;0.000000;
3.951667;1.163581;4.742337;0.663958;1.149852;3.259157;0.699350;1.134099;-1.261468;0.744563;1.168906;2.876605;0.714923;1.154407;1.154407;1.154407;1.154407;1.154407;1.000000;0.000000;0.000000;
3.961342;1.164067;4.588176;0.639005;1.150726;3.116613;0.677960;1.138440;-1.430200;0.719339;1.169676;2.843376;0.688043;1.156028;1.156028;1.156028;1.156028;1.156028;1.000000;0.000000;0.000000;
3.971017;1.164663;4.448932;0.617099;1.151766;2.984422;0.659403;1.142905;-1.557001;0.696773;1.170501;2.807056;0.663938;1.157761;1.157761;1.157761;1.157761;1.157761;1.000000;0.000000;0.000000;
3.990366;1.166120;4.223743;0.582756;1.154273;2.756305;0.631098;1.152036;-1.709987;0.660738;1.172320;2.739261;0.624841;1.161487;1.161487;1.161487;1.161487;1.161487;1.000000;0.000000;0.000000;
4.009715;1.167844;4.084408;0.561484;1.157260;2.582403;0.615053;1.161322;-1.764934;0.638288;1.174306;2.698161;0.598912;1.165474;1.165474;1.165474;1.165474;1.165474;1.000000;0.000000;0.000000;
4.029064;1.169713;4.033373;0.553102;1.160602;2.463016;0.611109;1.170623;-1.749725;0.629971;1.176355;2.697053;0.586424;1.169597;1.169597;1.169597;1.169597;1.169597;1.000000;0.000000;0.000000;
4.048413;1.171595;4.072939;0.557716;1.164172;2.395613;0.619308;1.179822;-1.673745;0.635862;1.178329;2.743545;0.587618;1.173728;1.173728;1.173728;1.173728;1.173728;1.000000;0.000000;0.000000;
4.067763;1.173354;4.205621;0.575779;1.167855;2.373187;0.639910;1.188803;-1.531629;0.655738;1.180070;2.842909;0.602831;1.177736;1.177736;1.177736;1.177736;1.177736;1.000000;0.000000;0.000000;
4.087112;1.174853;4.430135;0.607677;1.171558;2.384279;0.672968;1.197426;-1.302693;0.688833;1.181409;2.996048;0.632146;1.181485;1.181485;1.181485;1.181485;1.181485;1.000000;0.000000;0.000000;
4.106461;1.175968;4.735480;0.653088;1.175222;2.412310;0.717747;1.205503;-0.952906;0.733439;1.182188;3.196740;0.674846;1.184839;1.184839;1.184839;1.184839;1.184839;1.000000;0.000000;0.000000;
4.125810;1.176605;5.092507;0.710219;1.178830;2.437465;0.772074;1.212782;-0.441175;0.786435;1.182291;3.427332;0.728770;1.187676;1.187676;1.187676;1.187676;1.187676;1.000000;0.000000;0.000000;
4.143224;1.176745;5.412728;0.768880;1.182029;2.456676;0.826332;1.218424;0.170838;0.837854;1.181773;3.634759;0.783946;1.189714;1.189714;1.189714;1.189714;1.189714;1.000000;0.000000;0.000000;
4.158897;1.176545;5.659917;0.823783;1.184894;2.454723;0.875606;1.222559;0.866527;0.882806;1.180859;3.789854;0.835106;1.191102;1.191102;1.191102;1.191102;1.191102;1.000000;0.000000;0.000000;
4.172920;1.176163;5.810850;0.871621;1.187461;2.445788;0.917297;1.225359;1.585621;0.918938;1.179771;3.880620;0.879118;1.191991;1.191991;1.191991;1.191991;1.191991;1.000000;0.000000;0.000000;
4.185540;1.175725;5.865752;0.911182;1.189776;2.439263;0.950626;1.227070;2.285776;0.945756;1.178677;3.906993;0.914864;1.192531;1.192531;1.192531;1.192531;1.192531;1.000000;0.000000;0.000000;
4.196898;1.175322;5.837043;0.942267;1.191857;2.441730;0.975715;1.227922;2.931153;0.963733;1.177699;3.877203;0.942245;1.192839;1.192839;1.192839;1.192839;1.192839;1.000000;0.000000;0.000000;
4.208256;1.174979;5.729876;0.967807;1.193917;2.459169;0.995060;1.228125;3.559445;0.974826;1.176832;3.793441;0.963857;1.193021;1.193021;1.193021;1.193021;1.193021;1.000000;0.000000;0.000000;
4.219614;1.174765;5.546774;0.986955;1.195932;2.496757;1.007963;1.227711;4.139969;0.978466;1.176175;3.657531;0.978897;1.193124;1.193124;1.193124;1.193124;1.193124;1.000000;0.000000;0.000000;
4.230972;1.174738;5.296759;0.999306;1.197873;2.557207;1.014134;1.226747;4.644632;0.974590;1.175817;3.476311;0.987018;1.193198;1.193198;1.193198;1.193198;1.193198;1.000000;0.000000;0.000000;
4.242330;1.174951;4.993533;1.004887;1.199707;2.640037;1.013681;1.225323;5.052326;0.963606;1.175831;3.260300;0.988316;1.193290;1.193290;1.193290;1.193290;1.193290;1.000000;0.000000;0.000000;
4.253688;1.175442;4.653567;1.004148;1.201408;2.741622;1.007096;1.223542;5.351579;0.946370;1.176270;3.022360;0.983321;1.193446;1.193446;1.193446;1.193446;1.193446;1.000000;0.000000;0.000000;
4.265047;1.176234;4.293833;0.997880;1.202954;2.855900;0.995180;1.221517;5.541463;0.924075;1.177161;2.775857;0.972911;1.193702;1.193702;1.193702;1.193702;1.193702;1.000000;0.000000;0.000000;
4.276405;1.177337;3.929944;0.987115;1.204335;2.975548;0.978963;1.219354;5.630647;0.898123;1.178507;2.533089;0.958206;1.194089;1.194089;1.194089;1.194089;1.194089;1.000000;0.000000;0.000000;
4.287763;1.178750;3.574827;0.973023;1.205547;3.093340;0.959611;1.217148;5.635323;0.870008;1.180292;2.304125;0.940459;1.194624;1.194624;1.194624;1.194624;1.194624;1.000000;0.000000;0.000000;
4.299121;1.180461;3.238669;0.956803;1.206599;3.203127;0.938325;1.214975;5.575120;0.841184;1.182484;2.096630;0.920934;1.195318;1.195318;1.195318;1.195318;1.195318;1.000000;0.000000;0.000000;
4.310479;1.182450;2.928256;0.939631;1.207505;3.300844;0.916304;1.212890;5.471864;0.813016;1.185037;1.915431;0.900860;1.196172;1.196172;1.196172;1.196172;1.196172;1.000000;0.000000;0.000000;
4.321837;1.184695;2.647805;0.922596;1.208283;3.384669;0.894673;1.210927;5.346172;0.786714;1.187901;1.763173;0.881356;1.197179;1.197179;1.197179;1.197179;1.197179;1.000000;0.000000;0.000000;
4.333195;1.187167;2.399442;0.906667;1.208953;3.454940;0.874451;1.209100;5.216164;0.763312;1.191021;1.640813;0.863404;1.198325;1.198325;1.198325;1.198325;1.198325;1.000000;0.000000;0.000000;
4.344553;1.189840;2.183904;0.892678;1.209532;3.513686;0.856532;1.207407;5.096572;0.743665;1.194339;1.548256;0.847839;1.199592;1.199592;1.199592;1.199592;1.199592;1.000000;0.000000;0.000000;
4.355912;1.192684;2.000808;0.881329;1.210034;3.564233;0.841677;1.205832;4.998943;0.728463;1.197802;1.484684;0.835347;1.200958;1.200958;1.200958;1.200958;1.200958;1.000000;0.000000;0.000000;
4.367270;1.195671;1.849701;0.873175;1.210469;3.610286;0.830497;1.204349;4.931032;0.718225;1.201355;1.449341;0.826457;1.202396;1.202396;1.202396;1.202396;1.202396;1.000000;0.000000;0.000000;
4.378628;1.198774;1.730133;0.868631;1.210839;3.655573;0.823456;1.202926;4.897583;0.713327;1.204945;1.441594;0.821559;1.203878;1.203878;1.203878;1.203878;1.203878;1.000000;0.000000;0.000000;
4.389986;1.201965;1.642132;0.867975;1.211145;3.703328;0.820865;1.201527;4.900390;0.713992;1.208520;1.461198;0.820893;1.205375;1.205375;1.205375;1.205375;1.205375;1.000000;0.000000;0.000000;
4.401344;1.205215;1.586495;0.871335;1.211381;3.755940;0.822876;1.200116;4.938387;0.720297;1.212028;1.508365;0.824552;1.206856;1.206856;1.206856;1.206856;1.206856;1.000000;0.000000;0.000000;
4.412702;1.208496;1.565003;0.878687;1.211540;3.814700;0.829470;1.198658;5.007560;0.732154;1.215416;1.583705;0.832468;1.208288;1.208288;1.208288;1.208288;1.208288;1.000000;0.000000;0.000000;
4.424060;1.211775;1.580525;0.889829;1.211614;3.879651;0.840442;1.197128;5.100710;0.749292;1.218630;1.688047;0.844395;1.209642;1.209642;1.209642;1.209642;1.209642;1.000000;0.000000;0.000000;
4.435418;1.215019;1.636957;0.904366;1.211595;3.949516;0.855380;1.195506;5.207166;0.771229;1.221614;1.822115;0.859889;1.210887;1.210887;1.210887;1.210887;1.210887;1.000000;0.000000;0.000000;
4.446777;1.218189;1.738934;0.921682;1.211478;4.021719;0.873651;1.193786;5.312601;0.797246;1.224313;1.986055;0.878286;1.211997;1.211997;1.211997;1.211997;1.211997;1.000000;0.000000;0.000000;
4.458135;1.221243;1.891236;0.940926;1.211264;4.092501;0.894385;1.191980;5.399188;0.826366;1.226672;2.178855;0.898690;1.212948;1.212948;1.212948;1.212948;1.212948;1.000000;0.000000;0.000000;
4.469493;1.224136;2.097827;0.961007;1.210957;4.157153;0.916481;1.190119;5.446349;0.857348;1.228640;2.397686;0.919979;1.213725;1.213725;1.213725;1.213725;1.213725;1.000000;0.000000;0.000000;
4.480851;1.226819;2.360616;0.980612;1.210571;4.210303;0.938630;1.188253;5.432203;0.888704;1.230174;2.637347;0.940821;1.214319;1.214319;1.214319;1.214319;1.214319;1.000000;0.000000;0.000000;
4.492209;1.229246;2.677667;0.998270;1.210125;4.246579;0.959382;1.186457;5.336449;0.918772;1.231243;2.889813;0.959758;1.214731;1.214731;1.214731;1.214731;1.214731;1.000000;0.000000;0.000000;
4.503567;1.231373;3.042063;1.012436;1.209647;4.260909;0.977228;1.184821;5.142972;0.945802;1.231837;3.144429;0.975281;1.214976;1.214976;1.214976;1.214976;1.214976;1.000000;0.000000;0.000000;
4.514925;1.233165;3.441092;1.021613;1.209170;4.248932;0.990717;1.183448;4.842950;0.968086;1.231963;3.388551;0.985964;1.215078;1.215078;1.215078;1.215078;1.215078;1.000000;0.000000;0.000000;
4.526283;1.234603;3.855953;1.024529;1.208733;4.207884;0.998622;1.182443;4.438126;0.984151;1.231656;3.608729;0.990625;1.215076;1.215076;1.215076;1.215076;1.215076;1.000000;0.000000;0.000000;
4.537642;1.235683;4.263542;1.020275;1.208377;4.136663;1.000057;1.181904;3.941283;0.992897;1.230973;3.792473;0.988456;1.215015;1.215015;1.215015;1.215015;1.215015;1.000000;0.000000;0.000000;
4.549000;1.236425;4.639160;1.008429;1.208144;4.036066;0.994599;1.181910;3.375288;0.993737;1.229994;3.929999;0.979130;1.214949;1.214949;1.214949;1.214949;1.214949;1.000000;0.000000;0.000000;
4.560358;1.236867;4.959785;0.989118;1.208071;3.909143;0.982327;1.182512;2.769917;0.986660;1.228808;4.015606;0.962852;1.214933;1.214933;1.214933;1.214933;1.214933;1.000000;0.000000;0.000000;
4.570580;1.237050;5.187885;0.965882;1.208171;3.774741;0.965913;1.183583;2.217431;0.973965;1.227640;4.047467;0.942819;1.215002;1.215002;1.215002;1.215002;1.215002;1.000000;0.000000;0.000000;
4.580802;1.237082;5.349703;0.937932;1.208449;3.626168;0.945147;1.185150;1.681851;0.956046;1.226454;4.038884;0.918527;1.215187;1.215187;1.215187;1.215187;1.215187;1.000000;0.000000;0.000000;
4.591025;1.237014;5.443806;0.906302;1.208922;3.467835;0.920948;1.187190;1.181654;0.933902;1.225312;3.994929;0.890993;1.215515;1.215515;1.215515;1.215515;1.215515;1.000000;0.000000;0.000000;
4.601247;1.236897;5.473951;0.872141;1.209599;3.304314;0.894344;1.189664;0.730359;0.908671;1.224270;3.922326;0.861329;1.216007;1.216007;1.216007;1.216007;1.216007;1.000000;0.000000;0.000000;
4.611469;1.236779;5.448126;0.836631;1.210483;3.140372;0.866396;1.192522;0.335604;0.881549;1.223370;3.828737;0.830675;1.216675;1.216675;1.216675;1.216675;1.216675;1.000000;0.000000;0.000000;
4.621692;1.236699;5.376684;0.800855;1.211573;2.979469;0.838075;1.195711;0.001330;0.853642;1.222641;3.721357;0.800062;1.217523;1.217523;1.217523;1.217523;1.217523;1.000000;0.000000;0.000000;
4.631914;1.236688;5.271394;0.765808;1.212863;2.825418;0.810283;1.199176;-0.273673;0.825991;1.222101;3.607220;0.770440;1.218550;1.218550;1.218550;1.218550;1.218550;1.000000;0.000000;0.000000;
4.642136;1.236768;5.143881;0.732319;1.214342;2.681134;0.783772;1.202864;-0.493209;0.799480;1.221756;3.492259;0.742598;1.219747;1.219747;1.219747;1.219747;1.219747;1.000000;0.000000;0.000000;
4.652359;1.236952;5.004766;0.701047;1.215997;2.548863;0.759147;1.206727;-0.662770;0.774833;1.221603;3.381265;0.717166;1.221103;1.221103;1.221103;1.221103;1.221103;1.000000;0.000000;0.000000;
4.672803;1.237654;4.725863;0.646941;1.219742;2.326182;0.717199;1.214760;-0.877392;0.733137;1.221816;3.184405;0.675202;1.224206;1.224206;1.224206;1.224206;1.224206;1.000000;0.000000;0.000000;
4.693248;1.238755;4.488112;0.605811;1.223965;2.163759;0.686645;1.223043;-0.964159;0.703651;1.222615;3.033294;0.646774;1.227733;1.227733;1.227733;1.227733;1.227733;1.000000;0.000000;0.000000;
4.713692;1.240171;4.319683;0.578514;1.228521;2.061609;0.668319;1.231383;-0.956892;0.687417;1.223846;2.931951;0.632622;1.231541;1.231541;1.231541;1.231541;1.231541;1.000000;0.000000;0.000000;
4.734137;1.241787;4.233533;0.565045;1.233262;2.016108;0.662184;1.239621;-0.872288;0.684291;1.225355;2.875473;0.632522;1.235487;1.235487;1.235487;1.235487;1.235487;1.000000;0.000000;0.000000;
4.754582;1.243473;4.235097;0.564902;1.238055;2.021230;0.667628;1.247615;-0.713882;0.693302;1.227018;2.850623;0.645581;1.239439;1.239439;1.239439;1.239439;1.239439;1.000000;0.000000;0.000000;
4.775026;1.245094;4.323572;0.577087;1.242781;2.069039;0.683472;1.255216;-0.475096;0.712733;1.228771;2.835637;0.670206;1.243279;1.243279;1.243279;1.243279;1.243279;1.000000;0.000000;0.000000;
4.795471;1.246522;4.491891;0.599961;1.247344;2.150070;0.707844;1.262265;-0.144245;0.740061;1.230638;2.800631;0.703936;1.246914;1.246914;1.246914;1.246914;1.246914;1.000000;0.000000;0.000000;
4.813871;1.247548;4.705563;0.628173;1.251253;2.244735;0.735374;1.268004;0.234102;0.769217;1.232502;2.729356;0.739846;1.249957;1.249957;1.249957;1.249957;1.249957;1.000000;0.000000;0.000000;
4.830431;1.248206;4.929637;0.657763;1.254578;2.339408;0.762563;1.272564;0.647219;0.796537;1.234457;2.609971;0.773899;1.252490;1.252490;1.252490;1.252490;1.252490;1.000000;0.000000;0.000000;
4.845335;1.248554;5.147469;0.686692;1.257400;2.429448;0.787820;1.276103;1.068745;0.820613;1.236561;2.452677;0.804414;1.254599;1.254599;1.254599;1.254599;1.254599;1.000000;0.000000;0.000000;
4.858749;1.248659;5.346107;0.713741;1.259794;2.512541;0.810314;1.278782;1.479751;0.840860;1.238828;2.271276;0.830627;1.256366;1.256366;1.256366;1.256366;1.256366;1.000000;0.000000;0.000000;
4.870821;1.248587;5.518653;0.738421;1.261828;2.588546;0.829879;1.280756;1.866140;0.857407;1.241235;2.081683;0.852582;1.257858;1.257858;1.257858;1.257858;1.257858;1.000000;0.000000;0.000000;
4.882894;1.248366;5.677683;0.763106;1.263745;2.666062;0.848512;1.282306;2.258491;0.872090;1.244033;1.876573;0.872635;1.259266;1.259266;1.259266;1.259266;1.259266;1.000000;0.000000;0.000000;
4.893759;1.248051;5.803956;0.785328;1.265367;2.738558;0.864534;1.283335;2.609703;0.883866;1.246897;1.690366;0.889174;1.260468;1.260468;1.260468;1.260468;1.260468;1.000000;0.000000;0.000000;
4.904624;1.247644;5.907774;0.807355;1.266888;2.814322;0.879698;1.284024;2.953040;0.894172;1.250083;1.511317;0.904157;1.261611;1.261611;1.261611;1.261611;1.261611;1.000000;0.000000;0.000000;
4.915489;1.247165;5.984142;0.829214;1.268302;2.894886;0.894109;1.284383;3.283532;0.903248;1.253569;1.350704;0.917818;1.262698;1.262698;1.262698;1.262698;1.262698;1.000000;0.000000;0.000000;
4.926354;1.246640;6.027810;0.850876;1.269600;2.981578;0.907830;1.284428;3.597676;0.911299;1.257310;1.218399;0.930359;1.263727;1.263727;1.263727;1.263727;1.263727;1.000000;0.000000;0.000000;
4.937219;1.246098;6.033649;0.872271;1.270776;3.075288;0.920902;1.284176;3.892060;0.918516;1.261248;1.123683;0.941966;1.264697;1.264697;1.264697;1.264697;1.264697;1.000000;0.000000;0.000000;
4.948084;1.245572;5.996816;0.893265;1.271819;3.176381;0.933308;1.283648;4.164546;0.925044;1.265307;1.073788;0.952758;1.265602;1.265602;1.265602;1.265602;1.265602;1.000000;0.000000;0.000000;
4.958950;1.245100;5.912973;0.913640;1.272719;3.284391;0.944963;1.282869;4.413171;0.930957;1.269403;1.074078;0.962753;1.266437;1.266437;1.266437;1.266437;1.266437;1.000000;0.000000;0.000000;
4.969815;1.244722;5.778641;0.933095;1.273469;3.397914;0.955699;1.281861;4.636096;0.936240;1.273442;1.127593;0.971844;1.267195;1.267195;1.267195;1.267195;1.267195;1.000000;0.000000;0.000000;
4.980680;1.244480;5.591669;0.951251;1.274064;3.514596;0.965275;1.280654;4.831476;0.940792;1.277330;1.234733;0.979797;1.267873;1.267873;1.267873;1.267873;1.267873;1.000000;0.000000;0.000000;
4.991545;1.244419;5.351807;0.967676;1.274502;3.631264;0.973394;1.279273;4.997459;0.944437;1.280971;1.392997;0.986274;1.268468;1.268468;1.268468;1.268468;1.268468;1.000000;0.000000;0.000000;
5.002410;1.244579;5.061298;0.981916;1.274785;3.744191;0.979738;1.277751;5.132301;0.946956;1.284282;1.596831;0.990873;1.268979;1.268979;1.268979;1.268979;1.268979;1.000000;0.000000;0.000000;
5.013275;1.245001;4.725369;0.993548;1.274921;3.849474;0.984005;1.276118;5.234565;0.948122;1.287188;1.837724;0.993185;1.269410;1.269410;1.269410;1.269410;1.269410;1.000000;0.000000;0.000000;
5.024140;1.245718;4.352464;1.002231;1.274925;3.943466;0.985957;1.274407;5.303359;0.947746;1.289635;2.104667;0.992863;1.269769;1.269769;1.269769;1.269769;1.269769;1.000000;0.000000;0.000000;
5.035005;1.246753;3.954067;1.007758;1.274812;4.023205;0.985468;1.272650;5.338557;0.945722;1.291588;2.385017;0.989682;1.270067;1.270067;1.270067;1.270067;1.270067;1.000000;0.000000;0.000000;
5.045870;1.248123;3.544050;1.010100;1.274603;4.086755;0.982558;1.270881;5.340949;0.942060;1.293037;2.665696;0.983593;1.270318;1.270318;1.270318;1.270318;1.270318;1.000000;0.000000;0.000000;
5.056736;1.249828;3.137298;1.009423;1.274321;4.133501;0.977405;1.269131;5.312532;0.936907;1.293991;2.934573;0.974746;1.270539;1.270539;1.270539;1.270539;1.270539;1.000000;0.000000;0.000000;
5.067601;1.251860;2.749613;1.006088;1.273988;4.163785;0.970350;1.267428;5.255416;0.930548;1.294483;3.181463;0.963493;1.270745;1.270745;1.270745;1.270745;1.270745;1.000000;0.000000;0.000000;
5.078466;1.254195;2.394644;1.000612;1.273625;4.179316;0.961856;1.265798;5.173110;0.923372;1.294557;3.399238;0.950345;1.270953;1.270953;1.270953;1.270953;1.270953;1.000000;0.000000;0.000000;
5.089331;1.256802;2.084164;0.993568;1.273249;4.182300;0.952428;1.264266;5.068973;0.915798;1.294271;3.583276;0.935876;1.271176;1.271176;1.271176;1.271176;1.271176;1.000000;0.000000;0.000000;
5.100196;1.259640;1.827043;0.985685;1.272876;4.175831;0.942703;1.262849;4.946899;0.908365;1.293685;3.733508;0.920826;1.271425;1.271425;1.271425;1.271425;1.271425;1.000000;0.000000;0.000000;
5.111061;1.262663;1.628921;0.977603;1.272517;4.162816;0.933237;1.261564;4.810069;0.901531;1.292856;3.851743;0.905856;1.271706;1.271706;1.271706;1.271706;1.271706;1.000000;0.000000;0.000000;
5.121926;1.265819;1.493041;0.969877;1.272179;4.145814;0.924516;1.260424;4.661078;0.895685;1.291841;3.941263;0.891558;1.272023;1.272023;1.272023;1.272023;1.272023;1.000000;0.000000;0.000000;
5.132791;1.269058;1.420244;0.962936;1.271865;4.126837;0.916923;1.259440;4.501635;0.891120;1.290687;4.006408;0.878419;1.272377;1.272377;1.272377;1.272377;1.272377;1.000000;0.000000;0.000000;
5.143656;1.272326;1.409634;0.957058;1.271579;4.107159;0.910717;1.258621;4.332545;0.888010;1.289433;4.051786;0.866792;1.272763;1.272763;1.272763;1.272763;1.272763;1.000000;0.000000;0.000000;
5.154522;1.275574;1.458925;0.952360;1.271321;4.087242;0.906021;1.257978;4.153744;0.886405;1.288113;4.081832;0.856893;1.273178;1.273178;1.273178;1.273178;1.273178;1.000000;0.000000;0.000000;
5.165387;1.278753;1.564687;0.948802;1.271091;4.066746;0.902831;1.257519;3.964471;0.886235;1.286749;4.100505;0.848797;1.273615;1.273615;1.273615;1.273615;1.273615;1.000000;0.000000;0.000000;
5.176252;1.281819;1.722448;0.946200;1.270892;4.044610;0.901017;1.257256;3.763562;0.887312;1.285361;4.111119;0.842448;1.274070;1.274070;1.274070;1.274070;1.274070;1.000000;0.000000;0.000000;
5.187117;1.284729;1.926697;0.944259;1.270727;4.019210;0.900350;1.257200;3.549835;0.889355;1.283960;4.116285;0.837684;1.274537;1.274537;1.274537;1.274537;1.274537;1.000000;0.000000;0.000000;
5.197982;1.287450;2.170844;0.942604;1.270602;3.988565;0.900522;1.257362;3.322534;0.892016;1.282555;4.117932;0.834253;1.275012;1.275012;1.275012;1.275012;1.275012;1.000000;0.000000;0.000000;
5.208847;1.289951;2.447237;0.940823;1.270525;3.950589;0.901180;1.257757;3.081771;0.894908;1.281153;4.117376;0.831857;1.275492;1.275492;1.275492;1.275492;1.275492;1.000000;0.000000;0.000000;
5.219712;1.292210;2.747289;0.938510;1.270508;3.903368;0.901963;1.258395;2.828881;0.897646;1.279755;4.115404;0.830181;1.275978;1.275978;1.275978;1.275978;1.275978;1.000000;0.000000;0.000000;
5.230577;1.294211;3.061771;0.935305;1.270564;3.845427;0.902532;1.259286;2.566630;0.899886;1.278365;4.112379;0.828932;1.276470;1.276470;1.276470;1.276470;1.276470;1.000000;0.000000;0.000000;
5.241442;1.295947;3.381257;0.930933;1.270707;3.775962;0.902611;1.260437;2.299223;0.901359;1.276985;4.108334;0.827875;1.276972;1.276972;1.276972;1.276972;1.276972;1.000000;0.000000;0.000000;
5.252308;1.297418;3.696674;0.925229;1.270954;3.695000;0.902004;1.261848;2.032091;0.901896;1.275617;4.103045;0.826854;1.277487;1.277487;1.277487;1.277487;1.277487;1.000000;0.000000;0.000000;
5.263173;1.298631;3.999879;0.918145;1.271318;3.603465;0.900610;1.263515;1.771508;0.901444;1.274263;4.096087;0.825807;1.278021;1.278021;1.278021;1.278021;1.278021;1.000000;0.000000;0.000000;
5.274038;1.299598;4.284144;0.909756;1.271812;3.503154;0.898431;1.265427;1.524097;0.900063;1.272928;4.086853;0.824768;1.278578;1.278578;1.278578;1.278578;1.278578;1.000000;0.000000;0.000000;
5.284903;1.300339;4.544484;0.900238;1.272445;3.396599;0.895553;1.267569;1.296329;0.897915;1.271615;4.074554;0.823852;1.279162;1.279162;1.279162;1.279162;1.279162;1.000000;0.000000;0.000000;
5.295768;1.300874;4.777768;0.889848;1.273225;3.286874;0.892135;1.269916;1.094096;0.895240;1.270333;4.058174;0.823232;1.279777;1.279777;1.279777;1.279777;1.279777;1.000000;0.000000;0.000000;
5.306633;1.301227;4.982620;0.878889;1.274151;3.177344;0.888381;1.272442;0.922415;0.892318;1.269089;4.036426;0.823113;1.280424;1.280424;1.280424;1.280424;1.280424;1.000000;0.000000;0.000000;
5.317498;1.301422;5.159138;0.867679;1.275222;3.071404;0.884509;1.275113;0.785266;0.889438;1.267895;4.007677;0.823695;1.281105;1.281105;1.281105;1.281105;1.281105;1.000000;0.000000;0.000000;
5.328363;1.301481;5.308511;0.856519;1.276431;2.972239;0.880724;1.277894;0.685569;0.886858;1.266766;3.969899;0.825143;1.281819;1.281819;1.281819;1.281819;1.281819;1.000000;0.000000;0.000000;
5.339228;1.301426;5.432592;0.845665;1.277766;2.882610;0.877192;1.280748;0.625227;0.884777;1.265719;3.920631;0.827562;1.282566;1.282566;1.282566;1.282566;1.282566;1.000000;0.000000;0.000000;
5.350094;1.301279;5.533508;0.835311;1.279212;2.804692;0.874024;1.283635;0.605192;0.883309;1.264779;3.856999;0.830968;1.283342;1.283342;1.283342;1.283342;1.283342;1.000000;0.000000;0.000000;
5.360959;1.301057;5.613342;0.825574;1.280753;2.739968;0.871254;1.286515;0.625505;0.882465;1.263975;3.775809;0.835283;1.284148;1.284148;1.284148;1.284148;1.284148;1.000000;0.000000;0.000000;
5.371824;1.300778;5.673938;0.816488;1.282371;2.689164;0.868841;1.289350;0.685272;0.882153;1.263341;3.673741;0.840325;1.284983;1.284983;1.284983;1.284983;1.284983;1.000000;0.000000;0.000000;
5.382689;1.300458;5.716825;0.808016;1.284046;2.652242;0.866672;1.292102;0.782577;0.882181;1.262917;3.547657;0.845817;1.285847;1.285847;1.285847;1.285847;1.285847;1.000000;0.000000;0.000000;
5.393554;1.300110;5.743268;0.800060;1.285761;2.628441;0.864573;1.294736;0.914359;0.882281;1.262749;3.395019;0.851410;1.286742;1.286742;1.286742;1.286742;1.286742;1.000000;0.000000;0.000000;
5.404419;1.299748;5.754417;0.792487;1.287500;2.616365;0.862338;1.297221;1.076307;0.882139;1.262885;3.214376;0.856708;1.287673;1.287673;1.287673;1.287673;1.287673;1.000000;0.000000;0.000000;
5.415284;1.299385;5.751524;0.785161;1.289247;2.614129;0.859762;1.299531;1.262852;0.881436;1.263375;3.005856;0.861317;1.288646;1.288646;1.288646;1.288646;1.288646;1.000000;0.000000;0.000000;
5.426149;1.299031;5.736182;0.777978;1.290991;2.619557;0.856677;1.301645;1.467335;0.879903;1.264266;2.771545;0.864890;1.289666;1.289666;1.289666;1.289666;1.289666;1.000000;0.000000;0.000000;
5.437014;1.298696;5.710522;0.770902;1.292723;2.630415;0.852993;1.303552;1.682374;0.877360;1.265599;2.515658;0.867182;1.290743;1.290743;1.290743;1.290743;1.290743;1.000000;0.000000;0.000000;
5.447880;1.298388;5.677322;0.763998;1.294438;2.644680;0.848727;1.305244;1.900437;0.873765;1.267406;2.244423;0.868085;1.291882;1.291882;1.291882;1.291882;1.291882;1.000000;0.000000;0.000000;
5.458745;1.298111;5.639993;0.757441;1.296131;2.660779;0.844025;1.306724;2.114514;0.869229;1.269707;1.965659;0.867664;1.293090;1.293090;1.293090;1.293090;1.293090;1.000000;0.000000;0.000000;
5.469610;1.297868;5.602431;0.751524;1.297802;2.677787;0.839162;1.307998;2.318786;0.864026;1.272505;1.688129;0.866162;1.294369;1.294369;1.294369;1.294369;1.294369;1.000000;0.000000;0.000000;
5.480475;1.297655;5.568770;0.746639;1.299448;2.695528;0.834526;1.309078;2.509112;0.858573;1.275789;1.420795;0.863986;1.295719;1.295719;1.295719;1.295719;1.295719;1.000000;0.000000;0.000000;
5.491340;1.297470;5.543060;0.743246;1.301069;2.714578;0.830584;1.309981;2.683266;0.853395;1.279533;1.172132;0.861671;1.297136;1.297136;1.297136;1.297136;1.297136;1.000000;0.000000;0.000000;
5.502205;1.297302;5.528940;0.741830;1.302662;2.736151;0.827847;1.310722;2.840856;0.849073;1.283695;0.949648;0.859831;1.298612;1.298612;1.298612;1.298612;1.298612;1.000000;0.000000;0.000000;
5.513070;1.297143;5.529337;0.742866;1.304222;2.761911;0.826814;1.311317;2.982989;0.846194;1.288223;0.759656;0.859102;1.300133;1.300133;1.300133;1.300133;1.300133;1.000000;0.000000;0.000000;
5.523935;1.296979;5.546200;0.746768;1.305742;2.793731;0.827937;1.311781;3.111756;0.845297;1.293052;0.607318;0.860083;1.301683;1.301683;1.301683;1.301683;1.301683;1.000000;0.000000;0.000000;
5.534800;1.296796;5.580281;0.753863;1.307213;2.833440;0.831584;1.312126;3.229658;0.846832;1.298111;0.496874;0.863282;1.303241;1.303241;1.303241;1.303241;1.303241;1.000000;0.000000;0.000000;
5.545666;1.296581;5.630918;0.764361;1.308623;2.882585;0.838001;1.312362;3.339059;0.851122;1.303321;0.431962;0.869070;1.304786;1.304786;1.304786;1.304786;1.304786;1.000000;0.000000;0.000000;
5.556531;1.296321;5.695832;0.778329;1.309960;2.942232;0.847299;1.312497;3.441728;0.858336;1.308595;0.415913;0.877641;1.306291;1.306291;1.306291;1.306291;1.306291;1.000000;0.000000;0.000000;
5.567396;1.296005;5.770905;0.795678;1.311208;3.012803;0.859426;1.312537;3.538515;0.868468;1.313843;0.451899;0.888984;1.307730;1.307730;1.307730;1.307730;1.307730;1.000000;0.000000;0.000000;
5.578261;1.295630;5.849990;0.816134;1.312353;3.093966;0.874154;1.312488;3.629157;0.881316;1.318968;0.542842;0.902853;1.309078;1.309078;1.309078;1.309078;1.309078;1.000000;0.000000;0.000000;
5.591923;1.295076;5.938504;0.845382;1.313626;3.209140;0.895576;1.312313;3.732712;0.900565;1.325062;0.739181;0.922964;1.310601;1.310601;1.310601;1.310601;1.310601;1.000000;0.000000;0.000000;
5.605585;1.294451;6.001007;0.877396;1.314693;3.335069;0.919165;1.312028;3.819350;0.922183;1.330592;1.025422;0.944776;1.311896;1.311896;1.311896;1.311896;1.311896;1.000000;0.000000;0.000000;
5.619246;1.293796;6.012771;0.910279;1.315543;3.466239;0.943192;1.311656;3.883130;0.944428;1.335364;1.396585;0.966256;1.312933;1.312933;1.312933;1.312933;1.312933;1.000000;0.000000;0.000000;
5.631542;1.293232;5.961416;0.938823;1.316121;3.583350;0.963561;1.311272;3.915862;0.963337;1.338878;1.791365;0.983405;1.313634;1.313634;1.313634;1.313634;1.313634;1.000000;0.000000;0.000000;
5.643838;1.292755;5.837009;0.964542;1.316525;3.694198;0.981095;1.310872;3.921514;0.979536;1.341548;2.224839;0.996620;1.314117;1.314117;1.314117;1.314117;1.314117;1.000000;0.000000;0.000000;
5.654904;1.292455;5.661577;0.984245;1.316750;3.785456;0.993550;1.310518;3.903788;0.990902;1.343188;2.626616;1.004209;1.314380;1.314380;1.314380;1.314380;1.314380;1.000000;0.000000;0.000000;
5.665970;1.292331;5.423165;0.999450;1.316858;3.865030;1.001774;1.310196;3.864000;0.998148;1.344105;3.018681;1.006563;1.314503;1.314503;1.314503;1.314503;1.314503;1.000000;0.000000;0.000000;
5.677036;1.292432;5.130957;1.009657;1.316866;3.931075;1.005370;1.309923;3.805215;1.000891;1.344336;3.379522;1.003376;1.314520;1.314520;1.314520;1.314520;1.314520;1.000000;0.000000;0.000000;
5.688102;1.292797;4.797361;1.014634;1.316794;3.982267;1.004193;1.309717;3.731025;0.999007;1.343956;3.691043;0.994644;1.314468;1.314468;1.314468;1.314468;1.314468;1.000000;0.000000;0.000000;
5.699168;1.293453;4.438091;1.014532;1.316662;4.018078;0.998456;1.309591;3.645612;0.992718;1.343066;3.940284;0.980770;1.314387;1.314387;1.314387;1.314387;1.314387;1.000000;0.000000;0.000000;
5.710234;1.294413;4.069944;1.009837;1.316492;4.038721;0.988673;1.309554;3.553150;0.982549;1.341787;4.120774;0.962492;1.314316;1.314316;1.314316;1.314316;1.314316;1.000000;0.000000;0.000000;
5.721300;1.295679;3.708788;1.001281;1.316302;4.045062;0.975587;1.309610;3.457364;0.969238;1.340242;4.232593;0.940783;1.314290;1.314290;1.314290;1.314290;1.314290;1.000000;0.000000;0.000000;
5.732366;1.297238;3.368060;0.989749;1.316113;4.038506;0.960073;1.309761;3.361266;0.953643;1.338550;4.281368;0.916728;1.314340;1.314340;1.314340;1.314340;1.314340;1.000000;0.000000;0.000000;
5.743432;1.299069;3.057970;0.976172;1.315941;4.020862;0.943043;1.310007;3.267078;0.936654;1.336818;4.276588;0.891417;1.314487;1.314487;1.314487;1.314487;1.314487;1.000000;0.000000;0.000000;
5.754498;1.301143;2.785365;0.961451;1.315799;3.994183;0.925377;1.310346;3.176284;0.919113;1.335132;4.229758;0.865863;1.314747;1.314747;1.314747;1.314747;1.314747;1.000000;0.000000;0.000000;
5.765565;1.303427;2.554071;0.946395;1.315700;3.960598;0.907860;1.310773;3.089750;0.901767;1.333559;4.152754;0.840938;1.315126;1.315126;1.315126;1.315126;1.315126;1.000000;0.000000;0.000000;
5.776631;1.305886;2.365488;0.931682;1.315650;3.922145;0.891154;1.311285;3.007861;0.885235;1.332144;4.056624;0.817349;1.315627;1.315627;1.315627;1.315627;1.315627;1.000000;0.000000;0.000000;
5.787697;1.308484;2.219292;0.917841;1.315656;3.880576;0.875773;1.311876;2.930630;0.869992;1.330914;3.950731;0.795624;1.316245;1.316245;1.316245;1.316245;1.316245;1.000000;0.000000;0.000000;
5.798763;1.311186;2.113900;0.905290;1.315722;3.837515;0.862124;1.312544;2.857844;0.856407;1.329880;3.843161;0.776158;1.316973;1.316973;1.316973;1.316973;1.316973;1.000000;0.000000;0.000000;
5.820895;1.316728;2.015703;0.884773;1.316039;3.749575;0.840717;1.314085;2.723289;0.834785;1.328381;3.642050;0.744510;1.318696;1.318696;1.318696;1.318696;1.318696;1.000000;0.000000;0.000000;
5.840814;1.321757;2.041858;0.872050;1.316536;3.670783;0.828665;1.315695;2.611902;0.822071;1.327601;3.496153;0.724719;1.320497;1.320497;1.320497;1.320497;1.320497;1.000000;0.000000;0.000000;
5.860733;1.326670;2.161108;0.864421;1.317236;3.590023;0.823092;1.317506;2.505267;0.815369;1.327233;3.392832;0.712653;1.322458;1.322458;1.322458;1.322458;1.322458;1.000000;0.000000;0.000000;
5.880652;1.331336;2.358921;0.860961;1.318154;3.501846;0.823047;1.319511;2.399299;0.813791;1.327139;3.333768;0.707302;1.324508;1.324508;1.324508;1.324508;1.324508;1.000000;0.000000;0.000000;
5.898579;1.335240;2.592295;0.860446;1.319186;3.410603;0.826718;1.321483;2.301910;0.815842;1.327177;3.317121;0.707259;1.326382;1.326382;1.326382;1.326382;1.326382;1.000000;0.000000;0.000000;
5.916506;1.338795;2.865198;0.861444;1.320444;3.303761;0.832853;1.323614;2.202015;0.820278;1.327225;3.332380;0.710811;1.328245;1.328245;1.328245;1.328245;1.328245;1.000000;0.000000;0.000000;
5.932640;1.341660;3.134466;0.863000;1.321799;3.192292;0.839734;1.325672;2.110817;0.825697;1.327205;3.370986;0.716492;1.329892;1.329892;1.329892;1.329892;1.329892;1.000000;0.000000;0.000000;
5.948775;1.344184;3.416279;0.864847;1.323393;3.067606;0.847427;1.327858;2.021204;0.832117;1.327058;3.431367;0.724224;1.331493;1.331493;1.331493;1.331493;1.331493;1.000000;0.000000;0.000000;
5.964909;1.346356;3.702201;0.866841;1.325247;2.932870;0.855630;1.330169;1.936868;0.839360;1.326729;3.511426;0.733901;1.333034;1.333034;1.333034;1.333034;1.333034;1.000000;0.000000;0.000000;
5.979430;1.348010;3.957580;0.868825;1.327148;2.807503;0.863384;1.332344;1.869381;0.846601;1.326238;3.598238;0.744363;1.334360;1.334360;1.334360;1.334360;1.334360;1.000000;0.000000;0.000000;
5.993951;1.349382;4.207367;0.871232;1.329269;2.684405;0.871601;1.334595;1.814424;0.854695;1.325529;3.696588;0.756730;1.335618;1.335618;1.335618;1.335618;1.335618;1.000000;0.000000;0.000000;
6.008472;1.350480;4.449828;0.874369;1.331601;2.570391;0.880473;1.336902;1.776756;0.863873;1.324581;3.802722;0.771300;1.336797;1.336797;1.336797;1.336797;1.336797;1.000000;0.000000;0.000000;
6.022993;1.351313;4.684516;0.878551;1.334117;2.472935;0.890213;1.339237;1.761534;0.874362;1.323381;3.910734;0.788347;1.337885;1.337885;1.337885;1.337885;1.337885;1.000000;0.000000;0.000000;
6.037513;1.351888;4.911809;0.884010;1.336781;2.399687;0.900968;1.341567;1.774111;0.886300;1.321939;4.011695;0.808017;1.338870;1.338870;1.338870;1.338870;1.338870;1.000000;0.000000;0.000000;
6.052034;1.352214;5.131920;0.890787;1.339540;2.357934;0.912706;1.343851;1.819732;0.899625;1.320291;4.092876;0.830201;1.339741;1.339741;1.339741;1.339741;1.339741;1.000000;0.000000;0.000000;
6.066555;1.352301;5.343847;0.898645;1.342333;2.353963;0.925122;1.346043;1.902962;0.913984;1.318505;4.137517;0.854415;1.340493;1.340493;1.340493;1.340493;1.340493;1.000000;0.000000;0.000000;
6.081076;1.352159;5.544267;0.907037;1.345086;2.392438;0.937591;1.348092;2.026878;0.928686;1.316695;4.125892;0.879756;1.341127;1.341127;1.341127;1.341127;1.341127;1.000000;0.000000;0.000000;
6.095597;1.351806;5.727824;0.915037;1.347723;2.474468;0.949107;1.349944;2.191325;0.942649;1.315023;4.037253;0.904818;1.341658;1.341658;1.341658;1.341658;1.341658;1.000000;0.000000;0.000000;
6.110118;1.351266;5.886579;0.921504;1.350169;2.597397;0.958419;1.351552;2.391985;0.954529;1.313696;3.854028;0.927848;1.342113;1.342113;1.342113;1.342113;1.342113;1.000000;0.000000;0.000000;
6.124639;1.350573;6.011004;0.925222;1.352359;2.753860;0.964168;1.352876;2.619650;0.962871;1.312951;3.566305;0.946919;1.342535;1.342535;1.342535;1.342535;1.342535;1.000000;0.000000;0.000000;
6.139160;1.349769;6.092997;0.925314;1.354246;2.931374;0.965339;1.353892;2.859324;0.966571;1.313021;3.180872;0.960470;1.342978;1.342978;1.342978;1.342978;1.342978;1.000000;0.000000;0.000000;
6.152140;1.348993;6.129950;0.922530;1.355657;3.097439;0.962630;1.354537;3.070828;0.966020;1.313922;2.777595;0.967770;1.343431;1.343431;1.343431;1.343431;1.343431;1.000000;0.000000;0.000000;
6.163822;1.348279;6.130020;0.917237;1.356701;3.243104;0.956617;1.354913;3.248819;0.961819;1.315504;2.376587;0.969575;1.343920;1.343920;1.343920;1.343920;1.343920;1.000000;0.000000;0.000000;
6.174335;1.347647;6.106536;0.910822;1.357466;3.365992;0.948909;1.355100;3.392785;0.955628;1.317589;2.006644;0.967903;1.344444;1.344444;1.344444;1.344444;1.344444;1.000000;0.000000;0.000000;
6.184849;1.347042;6.064494;0.903425;1.358078;3.478110;0.939624;1.355161;3.517961;0.947749;1.320305;1.644962;0.963696;1.345063;1.345063;1.345063;1.345063;1.345063;1.000000;0.000000;0.000000;
6.195363;1.346478;6.008416;0.895716;1.358551;3.578313;0.929471;1.355114;3.623037;0.938897;1.323622;1.306507;0.957719;1.345781;1.345781;1.345781;1.345781;1.345781;1.000000;0.000000;0.000000;
6.205877;1.345964;5.943427;0.888432;1.358900;3.667263;0.919239;1.354978;3.708718;0.929879;1.327491;1.003826;0.950870;1.346596;1.346596;1.346596;1.346596;1.346596;1.000000;0.000000;0.000000;
6.216390;1.345505;5.874700;0.882307;1.359139;3.747196;0.909734;1.354771;3.777440;0.921521;1.331839;0.746267;0.944098;1.347501;1.347501;1.347501;1.347501;1.347501;1.000000;0.000000;0.000000;
6.226904;1.345103;5.806454;0.877960;1.359278;3.820579;0.901652;1.354508;3.831841;0.914541;1.336582;0.541031;0.938249;1.348481;1.348481;1.348481;1.348481;1.348481;1.000000;0.000000;0.000000;
6.237418;1.344756;5.742246;0.875927;1.359323;3.890695;0.895610;1.354201;3.875392;0.909577;1.341626;0.392280;0.934093;1.349518;1.349518;1.349518;1.349518;1.349518;1.000000;0.000000;0.000000;
6.247931;1.344460;5.684191;0.876581;1.359278;3.960374;0.892061;1.353859;3.910969;0.907094;1.346871;0.302595;0.932197;1.350590;1.350590;1.350590;1.350590;1.350590;1.000000;0.000000;0.000000;
6.258445;1.344210;5.632910;0.880123;1.359142;4.031673;0.891283;1.353490;3.940480;0.907371;1.352211;0.273694;0.932911;1.351671;1.351671;1.351671;1.351671;1.351671;1.000000;0.000000;0.000000;
6.268959;1.344001;5.587502;0.886585;1.358912;4.105979;0.893381;1.353099;3.965005;0.910495;1.357539;0.305956;0.936342;1.352737;1.352737;1.352737;1.352737;1.352737;1.000000;0.000000;0.000000;
6.279473;1.343830;5.545483;0.895814;1.358585;4.183230;0.898269;1.352691;3.983979;0.916350;1.362749;0.400025;0.942342;1.353760;1.353760;1.353760;1.353760;1.353760;1.000000;0.000000;0.000000;
6.289986;1.343696;5.502958;0.907472;1.358158;4.262262;0.905671;1.352273;3.995695;0.924616;1.367734;0.555512;0.950506;1.354716;1.354716;1.354716;1.354716;1.354716;1.000000;0.000000;0.000000;
6.300500;1.343600;5.455124;0.921065;1.357630;4.340827;0.915158;1.351853;3.997554;0.934806;1.372387;0.771019;0.960231;1.355583;1.355583;1.355583;1.355583;1.355583;1.000000;0.000000;0.000000;
6.311014;1.343551;5.396445;0.935911;1.357006;4.415664;0.926107;1.351441;3.986337;0.946235;1.376609;1.042666;0.970685;1.356341;1.356341;1.356341;1.356341;1.356341;1.000000;0.000000;0.000000;
6.321528;1.343557;5.321555;0.951202;1.356292;4.482784;0.937766;1.351052;3.958801;0.958091;1.380308;1.363812;0.980904;1.356977;1.356977;1.356977;1.356977;1.356977;1.000000;0.000000;0.000000;
6.332041;1.343634;5.226068;0.966064;1.355502;4.538073;0.949313;1.350701;3.912495;0.969502;1.383408;1.724295;0.989878;1.357484;1.357484;1.357484;1.357484;1.357484;1.000000;0.000000;0.000000;
6.342555;1.343799;5.107306;0.979575;1.354654;4.577046;0.959872;1.350407;3.845726;0.979550;1.385854;2.110382;0.996574;1.357862;1.357862;1.357862;1.357862;1.357862;1.000000;0.000000;0.000000;
6.353069;1.344070;4.965167;0.990938;1.353771;4.596396;0.968679;1.350189;3.758926;0.987456;1.387620;2.505561;1.000154;1.358120;1.358120;1.358120;1.358120;1.358120;1.000000;0.000000;0.000000;
6.363582;1.344464;4.802183;0.999502;1.352880;4.593836;0.975105;1.350062;3.654280;0.992592;1.388707;2.891661;0.999986;1.358274;1.358274;1.358274;1.358274;1.358274;1.000000;0.000000;0.000000;
6.374096;1.344994;4.623394;1.004840;1.352009;4.568449;0.978731;1.350042;3.535611;0.994562;1.389147;3.250877;0.995726;1.358344;1.358344;1.358344;1.358344;1.358344;1.000000;0.000000;0.000000;
6.384610;1.345671;4.435661;1.006782;1.351189;4.520808;0.979381;1.350139;3.407929;0.993230;1.389003;3.567723;0.987349;1.358358;1.358358;1.358358;1.358358;1.358358;1.000000;0.000000;0.000000;
6.395124;1.346497;4.246472;1.005411;1.350445;4.452780;0.977120;1.350357;3.276656;0.988709;1.388355;3.830997;0.975121;1.358342;1.358342;1.358342;1.358342;1.358342;1.000000;0.000000;0.000000;
6.405637;1.347471;4.064095;1.001023;1.349803;4.367031;0.972220;1.350699;3.147178;0.981329;1.387302;4.033529;0.959562;1.358325;1.358325;1.358325;1.358325;1.358325;1.000000;0.000000;0.000000;
6.416151;1.348584;3.894925;0.994082;1.349282;4.267184;0.965113;1.351159;3.024094;0.971582;1.385952;4.174109;0.941367;1.358334;1.358334;1.358334;1.358334;1.358334;1.000000;0.000000;0.000000;
6.426665;1.349823;3.743693;0.985162;1.348899;4.157194;0.956339;1.351729;2.910890;0.960061;1.384411;4.256327;0.921333;1.358392;1.358392;1.358392;1.358392;1.358392;1.000000;0.000000;0.000000;
6.437179;1.351173;3.614267;0.974791;1.348667;4.039586;0.946400;1.352400;2.809347;0.947318;1.382775;4.286179;0.900186;1.358517;1.358517;1.358517;1.358517;1.358517;1.000000;0.000000;0.000000;
6.447692;1.352616;3.508291;0.963523;1.348591;3.917471;0.935821;1.353159;2.720544;0.933920;1.381125;4.272221;0.878652;1.358722;1.358722;1.358722;1.358722;1.358722;1.000000;0.000000;0.000000;
6.458206;1.354134;3.426241;0.951802;1.348677;3.792964;0.925025;1.353997;2.644468;0.920326;1.379527;4.223210;0.857314;1.359016;1.359016;1.359016;1.359016;1.359016;1.000000;0.000000;0.000000;
6.479234;1.357294;3.326554;0.928510;1.349338;3.545244;0.904136;1.355843;2.526034;0.894046;1.376748;4.058016;0.817040;1.359887;1.359887;1.359887;1.359887;1.359887;1.000000;0.000000;0.000000;
6.498158;1.360221;3.302279;0.908844;1.350481;3.327019;0.887187;1.357668;2.450783;0.872577;1.374798;3.869865;0.784882;1.360986;1.360986;1.360986;1.360986;1.360986;1.000000;0.000000;0.000000;
6.517083;1.363149;3.325031;0.891102;1.352129;3.116946;0.872554;1.359604;2.396113;0.853856;1.373435;3.676768;0.757312;1.362361;1.362361;1.362361;1.362361;1.362361;1.000000;0.000000;0.000000;
6.534115;1.365738;3.375023;0.876924;1.354025;2.936320;0.861407;1.361419;2.357921;0.839475;1.372704;3.514462;0.736449;1.363811;1.363811;1.363811;1.363811;1.363811;1.000000;0.000000;0.000000;
6.551147;1.368250;3.443039;0.864366;1.356294;2.765550;0.851991;1.363291;2.324925;0.827309;1.372406;3.370970;0.719054;1.365435;1.365435;1.365435;1.365435;1.365435;1.000000;0.000000;0.000000;
6.568180;1.370668;3.521469;0.853328;1.358909;2.606868;0.844102;1.365214;2.293394;0.817192;1.372483;3.249984;0.704809;1.367208;1.367208;1.367208;1.367208;1.367208;1.000000;0.000000;0.000000;
6.585212;1.372981;3.604178;0.843754;1.361843;2.463104;0.837586;1.367186;2.260751;0.808991;1.372872;3.153117;0.693441;1.369106;1.369106;1.369106;1.369106;1.369106;1.000000;0.000000;0.000000;
6.602244;1.375187;3.686911;0.835669;1.365057;2.337545;0.832377;1.369212;2.225490;0.802637;1.373505;3.080823;0.684771;1.371104;1.371104;1.371104;1.371104;1.371104;1.000000;0.000000;0.000000;
6.619276;1.377287;3.766136;0.829187;1.368511;2.233432;0.828504;1.371296;2.186857;0.798140;1.374309;3.033603;0.678734;1.373178;1.373178;1.373178;1.373178;1.373178;1.000000;0.000000;0.000000;
6.636309;1.379288;3.840552;0.824496;1.372153;2.153990;0.826086;1.373442;2.144945;0.795583;1.375216;3.011604;0.675375;1.375303;1.375303;1.375303;1.375303;1.375303;1.000000;0.000000;0.000000;
6.653341;1.381196;3.909649;0.821840;1.375929;2.101985;0.825302;1.375655;2.100388;0.795104;1.376152;3.015382;0.674833;1.377453;1.377453;1.377453;1.377453;1.377453;1.000000;0.000000;0.000000;
6.670373;1.383017;3.973749;0.821484;1.379778;2.079665;0.826370;1.377936;2.054337;0.796881;1.377042;3.045755;0.677322;1.379600;1.379600;1.379600;1.379600;1.379600;1.000000;0.000000;0.000000;
6.687405;1.384757;4.033716;0.823697;1.383634;2.088724;0.829515;1.380288;2.008445;0.801106;1.377810;3.103710;0.683106;1.381714;1.381714;1.381714;1.381714;1.381714;1.000000;0.000000;0.000000;
6.704438;1.386422;4.090744;0.828721;1.387429;2.130358;0.834954;1.382707;1.964943;0.807973;1.378377;3.190110;0.692484;1.383762;1.383762;1.383762;1.383762;1.383762;1.000000;0.000000;0.000000;
6.721470;1.388013;4.146219;0.836750;1.391095;2.205349;0.842866;1.385185;1.926818;0.817660;1.378662;3.305207;0.705764;1.385708;1.385708;1.385708;1.385708;1.385708;1.000000;0.000000;0.000000;
6.738502;1.389532;4.201683;0.847902;1.394559;2.314140;0.853374;1.387711;1.898052;0.830302;1.378587;3.447836;0.723229;1.387517;1.387517;1.387517;1.387517;1.387517;1.000000;0.000000;0.000000;
6.755534;1.390977;4.258868;0.862177;1.397750;2.456841;0.866501;1.390265;1.883916;0.845953;1.378081;3.614220;0.745089;1.389149;1.389149;1.389149;1.389149;1.389149;1.000000;0.000000;0.000000;
6.772567;1.392344;4.319772;0.879407;1.400597;2.633084;0.882117;1.392817;1.891214;0.864530;1.377091;3.796316;0.771392;1.390570;1.390570;1.390570;1.390570;1.390570;1.000000;0.000000;0.000000;
6.789599;1.393627;4.386665;0.899167;1.403031;2.841606;0.899857;1.395326;1.928308;0.885714;1.375598;3.979814;0.801900;1.391746;1.391746;1.391746;1.391746;1.391746;1.000000;0.000000;0.000000;
6.806631;1.394816;4.461908;0.920680;1.404987;3.079463;0.919010;1.397737;2.004654;0.908828;1.373635;4.142283;0.835915;1.392656;1.392656;1.392656;1.392656;1.392656;1.000000;0.000000;0.000000;
6.823663;1.395897;4.547383;0.942716;1.406412;3.340859;0.938421;1.399981;2.129472;0.932714;1.371312;4.252543;0.872109;1.393292;1.393292;1.393292;1.393292;1.393292;1.000000;0.000000;0.000000;
6.840696;1.396858;4.643453;0.963552;1.407267;3.615801;0.956443;1.401980;2.309216;0.955648;1.368836;4.272969;0.908408;1.393673;1.393673;1.393673;1.393673;1.393673;1.000000;0.000000;0.000000;
6.857728;1.397687;4.747576;0.981072;1.407545;3.889255;0.971039;1.403649;2.544007;0.975422;1.366515;4.166355;0.942054;1.393845;1.393845;1.393845;1.393845;1.393845;1.000000;0.000000;0.000000;
6.874760;1.398378;4.853208;0.993072;1.407273;4.141834;0.980100;1.404916;2.824132;0.989641;1.364739;3.907323;0.969957;1.393888;1.393888;1.393888;1.393888;1.393888;1.000000;0.000000;0.000000;
6.890089;1.398887;4.941320;0.997680;1.406609;4.334392;0.982141;1.405673;3.098507;0.996014;1.363937;3.541702;0.987883;1.393897;1.393897;1.393897;1.393897;1.393897;1.000000;0.000000;0.000000;
6.903885;1.399264;5.007565;0.996231;1.405735;4.468603;0.978532;1.406031;3.345988;0.995808;1.364102;3.121430;0.997033;1.393952;1.393952;1.393952;1.393952;1.393952;1.000000;0.000000;0.000000;
6.916302;1.399551;5.052067;0.990514;1.404782;4.552851;0.971071;1.406099;3.555299;0.990847;1.365110;2.692864;0.999407;1.394092;1.394092;1.394092;1.394092;1.394092;1.000000;0.000000;0.000000;
6.927476;1.399779;5.077984;0.982290;1.403833;4.598611;0.961497;1.405971;3.723986;0.982981;1.366775;2.288993;0.997155;1.394323;1.394323;1.394323;1.394323;1.394323;1.000000;0.000000;0.000000;
6.938651;1.399991;5.090579;0.971913;1.402841;4.618310;0.950027;1.405687;3.868603;0.972666;1.369174;1.889805;0.991483;1.394675;1.394675;1.394675;1.394675;1.394675;1.000000;0.000000;0.000000;
6.948709;1.400175;5.092146;0.961478;1.401937;4.617190;0.938860;1.405319;3.976396;0.962063;1.371942;1.550163;0.984258;1.395105;1.395105;1.395105;1.395105;1.395105;1.000000;0.000000;0.000000;
6.958766;1.400362;5.086994;0.950792;1.401043;4.602631;0.927709;1.404863;4.063401;0.951049;1.375242;1.241845;0.975924;1.395643;1.395643;1.395643;1.395643;1.395643;1.000000;0.000000;0.000000;
6.968823;1.400553;5.078351;0.940604;1.400175;4.579098;0.917338;1.404339;4.131582;0.940428;1.379016;0.974077;0.967367;1.396284;1.396284;1.396284;1.396284;1.396284;1.000000;0.000000;0.000000;
6.978881;1.400751;5.069734;0.931612;1.399341;4.551165;0.908457;1.403763;4.184143;0.930962;1.383190;0.753140;0.959453;1.397016;1.397016;1.397016;1.397016;1.397016;1.000000;0.000000;0.000000;
6.988938;1.400955;5.064584;0.924389;1.398544;4.522099;0.901643;1.403147;4.223955;0.923283;1.387683;0.583730;0.952909;1.397825;1.397825;1.397825;1.397825;1.397825;1.000000;0.000000;0.000000;
6.998996;1.401160;5.065817;0.919409;1.397785;4.495091;0.897366;1.402503;4.254450;0.917920;1.392407;0.468024;0.948354;1.398690;1.398690;1.398690;1.398690;1.398690;1.000000;0.000000;0.000000;
7.009053;1.401362;5.075618;0.916983;1.397059;4.471844;0.895933;1.401838;4.278017;0.915225;1.397271;0.407464;0.946208;1.399588;1.399588;1.399588;1.399588;1.399588;1.000000;0.000000;0.000000;
7.019110;1.401553;5.095118;0.917265;1.396362;4.453184;0.897482;1.401157;4.296426;0.915380;1.402183;0.402095;0.946687;1.400498;1.400498;1.400498;1.400498;1.400498;1.000000;0.000000;0.000000;
7.029168;1.401726;5.124402;0.920242;1.395690;4.438284;0.901980;1.400466;4.309796;0.918379;1.407050;0.452275;0.949781;1.401394;1.401394;1.401394;1.401394;1.401394;1.000000;0.000000;0.000000;
7.042566;1.401915;5.176711;0.928071;1.394826;4.420777;0.912183;1.399539;4.317855;0.926448;1.413284;0.604950;0.957552;1.402522;1.402522;1.402522;1.402522;1.402522;1.000000;0.000000;0.000000;
7.055964;1.402048;5.239236;0.939517;1.394002;4.399152;0.926327;1.398622;4.310022;0.938312;1.419055;0.852615;0.968466;1.403532;1.403532;1.403532;1.403532;1.403532;1.000000;0.000000;0.000000;
7.069362;1.402118;5.304171;0.953307;1.393233;4.363695;0.943042;1.397737;4.278704;0.952593;1.424164;1.188581;0.980899;1.404386;1.404386;1.404386;1.404386;1.404386;1.000000;0.000000;0.000000;
7.081420;1.402130;5.357160;0.966411;1.392613;4.311509;0.958880;1.396994;4.223806;0.966104;1.428059;1.555705;0.991759;1.405000;1.405000;1.405000;1.405000;1.405000;1.000000;0.000000;0.000000;
7.093479;1.402101;5.397581;0.978742;1.392097;4.232714;0.973944;1.396333;4.138200;0.978715;1.431173;1.967896;1.000600;1.405458;1.405458;1.405458;1.405458;1.405458;1.000000;0.000000;0.000000;
7.104331;1.402049;5.419919;0.988308;1.391751;4.137535;0.985907;1.395833;4.034849;0.988380;1.433256;2.359199;1.005872;1.405741;1.405741;1.405741;1.405741;1.405741;1.000000;0.000000;0.000000;
7.115184;1.401988;5.424703;0.995385;1.391554;4.016877;0.995249;1.395450;3.905633;0.995361;1.434636;2.751133;1.007441;1.405913;1.405913;1.405913;1.405913;1.405913;1.000000;0.000000;0.000000;
7.126036;1.401931;5.411201;0.999433;1.391536;3.873528;1.001384;1.395206;3.754384;0.999111;1.435332;3.124206;1.004822;1.405997;1.405997;1.405997;1.405997;1.405997;1.000000;0.000000;0.000000;
7.136888;1.401893;5.379904;1.000132;1.391723;3.712228;1.003956;1.395120;3.586516;0.999314;1.435394;3.460293;0.997805;1.406019;1.406019;1.406019;1.406019;1.406019;1.000000;0.000000;0.000000;
7.147741;1.401888;5.332522;0.997438;1.392135;3.539288;1.002900;1.395202;3.408480;0.995950;1.434901;3.745284;0.986525;1.406008;1.406008;1.406008;1.406008;1.406008;1.000000;0.000000;0.000000;
7.158593;1.401927;5.271728;0.991581;1.392781;3.361969;0.998436;1.395460;3.227156;0.989282;1.433954;3.970132;0.971440;1.405996;1.405996;1.405996;1.405996;1.405996;1.000000;0.000000;0.000000;
7.169446;1.402021;5.200663;0.983007;1.393661;3.187489;0.991011;1.395892;3.048948;0.979794;1.432662;4.131530;0.953250;1.406012;1.406012;1.406012;1.406012;1.406012;1.000000;0.000000;0.000000;
7.180298;1.402176;5.122514;0.972308;1.394768;3.022253;0.981226;1.396494;2.879159;0.968115;1.431137;4.231531;0.932801;1.406081;1.406081;1.406081;1.406081;1.406081;1.000000;0.000000;0.000000;
7.191151;1.402398;5.040207;0.960144;1.396085;2.871367;0.969751;1.397254;2.721671;0.954937;1.429482;4.276430;0.910990;1.406224;1.406224;1.406224;1.406224;1.406224;1.000000;0.000000;0.000000;
7.202003;1.402688;4.956212;0.947180;1.397591;2.738445;0.957260;1.398159;2.578899;0.940945;1.427787;4.275290;0.888682;1.406455;1.406455;1.406455;1.406455;1.406455;1.000000;0.000000;0.000000;
7.212856;1.403047;4.872468;0.934029;1.399259;2.625667;0.944375;1.399195;2.451964;0.926766;1.426126;4.238445;0.866649;1.406782;1.406782;1.406782;1.406782;1.406782;1.000000;0.000000;0.000000;
7.223708;1.403476;4.790384;0.921221;1.401063;2.533987;0.931631;1.400346;2.340969;0.912934;1.424554;4.176265;0.845536;1.407209;1.407209;1.407209;1.407209;1.407209;1.000000;0.000000;0.000000;
7.245413;1.404530;4.633890;0.898190;1.404928;2.412850;0.908121;1.402914;2.163763;0.887836;1.421844;4.012096;0.807835;1.408347;1.408347;1.408347;1.408347;1.408347;1.000000;0.000000;0.000000;
7.267118;1.405834;4.490352;0.880284;1.408999;2.367470;0.888945;1.405768;2.038588;0.867802;1.419727;3.842202;0.778009;1.409816;1.409816;1.409816;1.409816;1.409816;1.000000;0.000000;0.000000;
7.288823;1.407367;4.358725;0.868472;1.413097;2.386882;0.875084;1.408822;1.955536;0.853760;1.418152;3.702747;0.756994;1.411539;1.411539;1.411539;1.411539;1.411539;1.000000;0.000000;0.000000;
7.310528;1.409113;4.236195;0.862822;1.417065;2.460263;0.866648;1.412000;1.907487;0.845785;1.416984;3.611738;0.744753;1.413426;1.413426;1.413426;1.413426;1.413426;1.000000;0.000000;0.000000;
7.332233;1.411060;4.120108;0.862972;1.420774;2.577194;0.863367;1.415237;1.890130;0.843583;1.416041;3.577650;0.740861;1.415386;1.415386;1.415386;1.415386;1.415386;1.000000;0.000000;0.000000;
7.351767;1.412974;4.020817;0.867747;1.423805;2.713472;0.864620;1.418154;1.899679;0.846294;1.415228;3.597036;0.744192;1.417141;1.417141;1.417141;1.417141;1.417141;1.000000;0.000000;0.000000;
7.371302;1.415033;3.926493;0.876423;1.426479;2.871037;0.869519;1.421028;1.933072;0.853117;1.414284;3.663628;0.753651;1.418820;1.418820;1.418820;1.418820;1.418820;1.000000;0.000000;0.000000;
7.390836;1.417224;3.841512;0.888680;1.428747;3.046157;0.877921;1.423811;1.993511;0.863863;1.413069;3.770714;0.769102;1.420363;1.420363;1.420363;1.420363;1.420363;1.000000;0.000000;0.000000;
7.410371;1.419527;3.772616;0.904209;1.430571;3.235544;0.889702;1.426450;2.085511;0.878360;1.411472;3.908516;0.790452;1.421716;1.421716;1.421716;1.421716;1.421716;1.000000;0.000000;0.000000;
7.427952;1.421668;3.732423;0.920642;1.431807;3.415668;0.902991;1.428654;2.200193;0.894360;1.409652;4.045024;0.814504;1.422733;1.422733;1.422733;1.422733;1.422733;1.000000;0.000000;0.000000;
7.445533;1.423838;3.722095;0.938898;1.432642;3.602571;0.918448;1.430640;2.349991;0.912708;1.407466;4.173720;0.842680;1.423529;1.423529;1.423529;1.423529;1.423529;1.000000;0.000000;0.000000;
7.463114;1.425988;3.750882;0.958132;1.433064;3.792872;0.935328;1.432348;2.538773;0.932572;1.404980;4.267567;0.874020;1.424089;1.424089;1.424089;1.424089;1.424089;1.000000;0.000000;0.000000;
7.480695;1.428060;3.826497;0.977062;1.433074;3.981223;0.952433;1.433717;2.767653;0.952638;1.402348;4.293232;0.906916;1.424417;1.424417;1.424417;1.424417;1.424417;1.000000;0.000000;0.000000;
7.498276;1.429990;3.952908;0.993800;1.432687;4.158639;0.967947;1.434687;3.032209;0.970930;1.399833;4.212132;0.938878;1.424545;1.424545;1.424545;1.424545;1.424545;1.000000;0.000000;0.000000;
7.515857;1.431712;4.126345;1.006321;1.431941;4.313935;0.979935;1.435217;3.320156;0.985331;1.397783;3.997346;0.967100;1.424534;1.424534;1.424534;1.424534;1.424534;1.000000;0.000000;0.000000;
7.531680;1.433043;4.313098;1.012377;1.431014;4.424262;0.986182;1.435302;3.583198;0.993281;1.396638;3.680596;0.986975;1.424474;1.424474;1.424474;1.424474;1.424474;1.000000;0.000000;0.000000;
7.545920;1.434041;4.493581;1.012645;1.430025;4.492630;0.987220;1.435068;3.807815;0.995369;1.396422;3.302700;0.998866;1.424444;1.424444;1.424444;1.424444;1.424444;1.000000;0.000000;0.000000;
7.558737;1.434772;4.655850;1.008550;1.429055;4.525320;0.984350;1.434625;3.988324;0.993003;1.397037;2.906959;1.004258;1.424486;1.424486;1.424486;1.424486;1.424486;1.000000;0.000000;0.000000;
7.570272;1.435298;4.794401;1.001575;1.428156;4.530683;0.978929;1.434063;4.126258;0.987669;1.398322;2.525288;1.004871;1.424612;1.424612;1.424612;1.424612;1.424612;1.000000;0.000000;0.000000;
7.581807;1.435706;4.920915;0.992036;1.427267;4.514455;0.971373;1.433375;4.236946;0.979871;1.400331;2.140516;1.001956;1.424848;1.424848;1.424848;1.424848;1.424848;1.000000;0.000000;0.000000;
7.592188;1.435984;5.022482;0.981868;1.426497;4.483550;0.963348;1.432670;4.312372;0.971382;1.402748;1.807510;0.996949;1.425164;1.425164;1.425164;1.425164;1.425164;1.000000;0.000000;0.000000;
7.602570;1.436185;5.112218;0.970896;1.425778;4.440057;0.954836;1.431907;4.365708;0.962219;1.405708;1.500882;0.990442;1.425583;1.425583;1.425583;1.425583;1.425583;1.000000;0.000000;0.000000;
7.612951;1.436319;5.191437;0.959816;1.425121;4.387100;0.946506;1.431106;4.399094;0.953101;1.409157;1.231314;0.983230;1.426104;1.426104;1.426104;1.426104;1.426104;1.000000;0.000000;0.000000;
7.623332;1.436393;5.262498;0.949297;1.424539;4.327820;0.938991;1.430285;4.415428;0.944721;1.413024;1.006872;0.976103;1.426718;1.426718;1.426718;1.426718;1.426718;1.000000;0.000000;0.000000;
7.633714;1.436413;5.328318;0.939935;1.424038;4.265043;0.932845;1.429459;4.417809;0.937687;1.417227;0.833077;0.969776;1.427412;1.427412;1.427412;1.427412;1.427412;1.000000;0.000000;0.000000;
7.644095;1.436382;5.391837;0.932210;1.423620;4.200995;0.928500;1.428639;4.408982;0.932484;1.421675;0.713329;0.964830;1.428169;1.428169;1.428169;1.428169;1.428169;1.000000;0.000000;0.000000;
7.654477;1.436301;5.455566;0.926463;1.423287;4.137123;0.926246;1.427836;4.390932;0.929443;1.426275;0.649407;0.961676;1.428971;1.428971;1.428971;1.428971;1.428971;1.000000;0.000000;0.000000;
7.664858;1.436169;5.521054;0.922870;1.423038;4.073915;0.926206;1.427058;4.364411;0.928713;1.430931;0.642087;0.960507;1.429795;1.429795;1.429795;1.429795;1.429795;1.000000;0.000000;0.000000;
7.675239;1.435985;5.589560;0.921504;1.422873;4.011273;0.928393;1.426313;4.329662;0.930324;1.435546;0.690705;0.961380;1.430621;1.430621;1.430621;1.430621;1.430621;1.000000;0.000000;0.000000;
7.688011;1.435685;5.676907;0.922671;1.422785;3.933449;0.933831;1.425457;4.273499;0.935212;1.441008;0.825513;0.964919;1.431603;1.431603;1.431603;1.431603;1.431603;1.000000;0.000000;0.000000;
7.700783;1.435301;5.764752;0.926452;1.422827;3.851652;0.941670;1.424684;4.198389;0.942642;1.446088;1.038302;0.970408;1.432518;1.432518;1.432518;1.432518;1.432518;1.000000;0.000000;0.000000;
7.713554;1.434837;5.848370;0.932078;1.423009;3.762377;0.951019;1.424019;4.099388;0.951675;1.450634;1.321082;0.976779;1.433339;1.433339;1.433339;1.433339;1.433339;1.000000;0.000000;0.000000;
7.726326;1.434299;5.921446;0.938563;1.423344;3.662550;0.960780;1.423492;3.971847;0.961148;1.454515;1.661269;0.982728;1.434048;1.434048;1.434048;1.434048;1.434048;1.000000;0.000000;0.000000;
7.737820;1.433763;5.972688;0.944260;1.423790;3.562226;0.968965;1.423162;3.830211;0.969042;1.457359;2.002578;0.986612;1.434582;1.434582;1.434582;1.434582;1.434582;1.000000;0.000000;0.000000;
7.749315;1.433193;6.005282;0.949034;1.424387;3.452495;0.975731;1.422995;3.663388;0.975442;1.459538;2.360516;0.988167;1.435022;1.435022;1.435022;1.435022;1.435022;1.000000;0.000000;0.000000;
7.759659;1.432665;6.015846;0.952027;1.425062;3.347361;0.980065;1.423002;3.493866;0.979354;1.460918;2.682650;0.987008;1.435343;1.435343;1.435343;1.435343;1.435343;1.000000;0.000000;0.000000;
7.770004;1.432137;6.006937;0.953440;1.425873;3.239117;0.982379;1.423176;3.310009;0.981145;1.461760;2.991125;0.983103;1.435607;1.435607;1.435607;1.435607;1.435607;1.000000;0.000000;0.000000;
7.780349;1.431626;5.978283;0.953114;1.426822;3.131284;0.982518;1.423526;3.117002;0.980655;1.462096;3.274336;0.976379;1.435829;1.435829;1.435829;1.435829;1.435829;1.000000;0.000000;0.000000;
7.790694;1.431145;5.930569;0.951056;1.427904;3.027778;0.980500;1.424056;2.920725;0.977911;1.461976;3.523209;0.966973;1.436025;1.436025;1.436025;1.436025;1.436025;1.000000;0.000000;0.000000;
7.801039;1.430711;5.865666;0.947420;1.429112;2.932452;0.976503;1.424767;2.727369;0.973107;1.461464;3.731348;0.955218;1.436214;1.436214;1.436214;1.436214;1.436214;1.000000;0.000000;0.000000;
7.811384;1.430334;5.786088;0.942498;1.430433;2.848687;0.970846;1.425654;2.542567;0.966586;1.460634;3.896270;0.941607;1.436413;1.436413;1.436413;1.436413;1.436413;1.000000;0.000000;0.000000;
7.821729;1.430025;5.694670;0.936663;1.431850;2.779144;0.963929;1.426704;2.371057;0.958779;1.459557;4.018690;0.926719;1.436634;1.436634;1.436634;1.436634;1.436634;1.000000;0.000000;0.000000;
7.832074;1.429793;5.594644;0.930344;1.433343;2.725415;0.956211;1.427905;2.216234;0.950177;1.458308;4.102441;0.911191;1.436892;1.436892;1.436892;1.436892;1.436892;1.000000;0.000000;0.000000;
7.842419;1.429644;5.487826;0.923906;1.434892;2.688925;0.948079;1.429238;2.080993;0.941198;1.456946;4.151846;0.895566;1.437192;1.437192;1.437192;1.437192;1.437192;1.000000;0.000000;0.000000;
7.852764;1.429582;5.376801;0.917742;1.436474;2.669704;0.939949;1.430685;1.966530;0.932289;1.455523;4.173560;0.880406;1.437539;1.437539;1.437539;1.437539;1.437539;1.000000;0.000000;0.000000;
7.863109;1.429610;5.263100;0.912152;1.438068;2.667442;0.932141;1.432227;1.873491;0.923796;1.454081;4.173808;0.866148;1.437935;1.437935;1.437935;1.437935;1.437935;1.000000;0.000000;0.000000;
7.873454;1.429728;5.148417;0.907431;1.439654;2.681010;0.924976;1.433844;1.801320;0.916061;1.452650;4.159952;0.853211;1.438377;1.438377;1.438377;1.438377;1.438377;1.000000;0.000000;0.000000;
7.894144;1.430240;4.918732;0.901139;1.442697;2.749476;0.913242;1.437198;1.717225;0.903579;1.449914;4.111084;0.832202;1.439376;1.439376;1.439376;1.439376;1.439376;1.000000;0.000000;0.000000;
7.912765;1.431015;4.711686;0.899428;1.445232;2.850699;0.906100;1.440286;1.704293;0.896264;1.447597;4.065845;0.819499;1.440376;1.440376;1.440376;1.440376;1.440376;1.000000;0.000000;0.000000;
7.931386;1.432087;4.504226;0.901488;1.447497;2.980398;0.902410;1.443341;1.744591;0.892872;1.445391;4.037724;0.812982;1.441423;1.441423;1.441423;1.441423;1.441423;1.000000;0.000000;0.000000;
7.950007;1.433455;4.296565;0.906999;1.449438;3.129917;0.902055;1.446280;1.832717;0.893241;1.443232;4.035690;0.812522;1.442470;1.442470;1.442470;1.442470;1.442470;1.000000;0.000000;0.000000;
7.966766;1.434938;4.111212;0.914561;1.450878;3.275567;0.904414;1.448764;1.949484;0.896554;1.441268;4.058319;0.817067;1.443375;1.443375;1.443375;1.443375;1.443375;1.000000;0.000000;0.000000;
7.983525;1.436654;3.931863;0.924240;1.452009;3.426811;0.909142;1.451041;2.098955;0.902442;1.439221;4.101902;0.826059;1.444209;1.444209;1.444209;1.444209;1.444209;1.000000;0.000000;0.000000;
8.000283;1.438588;3.765683;0.935713;1.452822;3.580587;0.916072;1.453061;2.279676;0.910645;1.437044;4.159465;0.839232;1.444942;1.444942;1.444942;1.444942;1.444942;1.000000;0.000000;0.000000;
8.017042;1.440715;3.622107;0.948652;1.453315;3.733813;0.925005;1.454779;2.489373;0.920872;1.434715;4.220870;0.856251;1.445550;1.445550;1.445550;1.445550;1.445550;1.000000;0.000000;0.000000;
8.033801;1.442998;3.512408;0.962639;1.453492;3.884167;0.935620;1.456154;2.725964;0.932706;1.432247;4.270760;0.876600;1.446016;1.446016;1.446016;1.446016;1.446016;1.000000;0.000000;0.000000;
8.050560;1.445385;3.448556;0.977074;1.453362;4.029065;0.947386;1.457147;2.986250;0.945519;1.429704;4.289127;0.899457;1.446332;1.446332;1.446332;1.446332;1.446332;1.000000;0.000000;0.000000;
8.067319;1.447809;3.441453;0.991101;1.452942;4.164895;0.959486;1.457729;3.264708;0.958409;1.427207;4.252762;0.923599;1.446503;1.446503;1.446503;1.446503;1.446503;1.000000;0.000000;0.000000;
8.084078;1.450191;3.498616;1.003583;1.452256;4.286535;0.970824;1.457882;3.552353;0.970201;1.424943;4.138699;0.947395;1.446551;1.446551;1.446551;1.446551;1.446551;1.000000;0.000000;0.000000;
8.100837;1.452451;3.621616;1.013206;1.451342;4.387390;0.980136;1.457604;3.836213;0.979575;1.423148;3.929777;0.968938;1.446517;1.446517;1.446517;1.446517;1.446517;1.000000;0.000000;0.000000;
8.115920;1.454317;3.783592;1.018362;1.450366;4.454420;0.985782;1.457000;4.075506;0.984925;1.422142;3.655736;0.984844;1.446460;1.446460;1.446460;1.446460;1.446460;1.000000;0.000000;0.000000;
8.131002;1.455971;3.984124;1.019488;1.449295;4.494045;0.988197;1.456095;4.286448;0.986727;1.421916;3.308470;0.996322;1.446431;1.446431;1.446431;1.446431;1.446431;1.000000;0.000000;0.000000;
8.144577;1.457250;4.186054;1.016805;1.448291;4.503626;0.987409;1.455059;4.443400;0.985164;1.422499;2.948810;1.002371;1.446466;1.446466;1.446466;1.446466;1.446466;1.000000;0.000000;0.000000;
8.156794;1.458219;4.375588;1.011515;1.447391;4.490530;0.984447;1.453982;4.553437;0.981380;1.423727;2.604346;1.004348;1.446577;1.446577;1.446577;1.446577;1.446577;1.000000;0.000000;0.000000;
8.169012;1.459011;4.564422;1.003895;1.446529;4.457749;0.979746;1.452805;4.631763;0.975807;1.425644;2.259228;1.003394;1.446784;1.446784;1.446784;1.446784;1.446784;1.000000;0.000000;0.000000;
8.180007;1.459575;4.728843;0.995516;1.445806;4.413081;0.974483;1.451689;4.675619;0.969777;1.427946;1.962702;1.000527;1.447061;1.447061;1.447061;1.447061;1.447061;1.000000;0.000000;0.000000;
8.191003;1.460004;4.884864;0.986248;1.445155;4.356273;0.968764;1.450544;4.695875;0.963367;1.430758;1.692514;0.996363;1.447429;1.447429;1.447429;1.447429;1.447429;1.000000;0.000000;0.000000;
8.201998;1.460306;5.031068;0.976655;1.444589;4.289775;0.963104;1.449393;4.694891;0.957146;1.434021;1.459026;0.991541;1.447884;1.447884;1.447884;1.447884;1.447884;1.000000;0.000000;0.000000;
8.212993;1.460489;5.167309;0.967280;1.444121;4.216066;0.957986;1.448257;4.675292;0.951650;1.437661;1.270299;0.986686;1.448419;1.448419;1.448419;1.448419;1.448419;1.000000;0.000000;0.000000;
8.223989;1.460562;5.294313;0.958601;1.443759;4.137377;0.953818;1.447153;4.639461;0.947324;1.441592;1.132041;0.982345;1.449022;1.449022;1.449022;1.449022;1.449022;1.000000;0.000000;0.000000;
8.234984;1.460531;5.413189;0.950989;1.443508;4.055490;0.950897;1.446096;4.589122;0.944490;1.445718;1.047820;0.978935;1.449678;1.449678;1.449678;1.449678;1.449678;1.000000;0.000000;0.000000;
8.245980;1.460403;5.524788;0.944679;1.443373;3.971566;0.949378;1.445102;4.524863;0.943312;1.449941;1.019550;0.976689;1.450369;1.450369;1.450369;1.450369;1.450369;1.000000;0.000000;0.000000;
8.256975;1.460185;5.630212;0.939806;1.443355;3.886252;0.949306;1.444183;4.446947;0.943832;1.454159;1.046865;0.975708;1.451076;1.451076;1.451076;1.451076;1.451076;1.000000;0.000000;0.000000;
8.267971;1.459882;5.729253;0.936331;1.443457;3.799560;0.950555;1.443355;4.354033;0.945893;1.458271;1.128543;0.975850;1.451782;1.451782;1.451782;1.451782;1.451782;1.000000;0.000000;0.000000;
8.278966;1.459500;5.821085;0.934099;1.443680;3.711176;0.952879;1.442633;4.244318;0.949207;1.462180;1.261797;0.976826;1.452469;1.452469;1.452469;1.452469;1.452469;1.000000;0.000000;0.000000;
8.289962;1.459047;5.904260;0.932812;1.444027;3.620494;0.955897;1.442034;4.115727;0.953336;1.465797;1.441298;0.978162;1.453123;1.453123;1.453123;1.453123;1.453123;1.000000;0.000000;0.000000;
8.300957;1.458530;5.976921;0.932127;1.444501;3.527081;0.959183;1.441578;3.966575;0.957787;1.469047;1.660469;0.979335;1.453734;1.453734;1.453734;1.453734;1.453734;1.000000;0.000000;0.000000;
8.311953;1.457959;6.036862;0.931641;1.445106;3.430850;0.962257;1.441285;3.795968;0.962010;1.471866;1.910576;0.979766;1.454296;1.454296;1.454296;1.454296;1.454296;1.000000;0.000000;0.000000;
8.322948;1.457346;6.081890;0.930949;1.445844;3.332322;0.964653;1.441175;3.604368;0.965468;1.474208;2.181166;0.978904;1.454806;1.454806;1.454806;1.454806;1.454806;1.000000;0.000000;0.000000;
8.333944;1.456704;6.110179;0.929694;1.446717;3.232753;0.965963;1.441268;3.393930;0.967693;1.476049;2.460625;0.976291;1.455268;1.455268;1.455268;1.455268;1.455268;1.000000;0.000000;0.000000;
8.344939;1.456049;6.120552;0.927612;1.447725;3.134137;0.965890;1.441578;3.168573;0.968338;1.477383;2.737054;0.971620;1.455690;1.455690;1.455690;1.455690;1.455690;1.000000;0.000000;0.000000;
8.355935;1.455394;6.112688;0.924566;1.448864;3.039057;0.964278;1.442117;2.933758;0.967216;1.478228;2.999322;0.964773;1.456080;1.456080;1.456080;1.456080;1.456080;1.000000;0.000000;0.000000;
8.366930;1.454755;6.087200;0.920563;1.450127;2.950439;0.961128;1.442890;2.696000;0.964315;1.478618;3.238103;0.955837;1.456453;1.456453;1.456453;1.456453;1.456453;1.000000;0.000000;0.000000;
8.377926;1.454145;6.045289;0.915742;1.451502;2.871397;0.956587;1.443895;2.462303;0.959791;1.478600;3.446679;0.945080;1.456819;1.456819;1.456819;1.456819;1.456819;1.000000;0.000000;0.000000;
8.388921;1.453578;5.989565;0.910371;1.452974;2.804409;0.950942;1.445125;2.239254;0.953950;1.478234;3.621257;0.932943;1.457193;1.457193;1.457193;1.457193;1.457193;1.000000;0.000000;0.000000;
8.399917;1.453064;5.922523;0.904802;1.454525;2.751792;0.944565;1.446565;2.032801;0.947205;1.477582;3.761225;0.919969;1.457584;1.457584;1.457584;1.457584;1.457584;1.000000;0.000000;0.000000;
8.410912;1.452611;5.846835;0.899428;1.456135;2.715224;0.937876;1.448196;1.847748;0.940022;1.476704;3.868552;0.906754;1.458001;1.458001;1.458001;1.458001;1.458001;1.000000;0.000000;0.000000;
8.421908;1.452226;5.765444;0.894661;1.457780;2.695503;0.931318;1.449995;1.687309;0.932895;1.475659;3.947508;0.893913;1.458447;1.458447;1.458447;1.458447;1.458447;1.000000;0.000000;0.000000;
8.432903;1.451912;5.679542;0.890833;1.459437;2.693500;0.925250;1.451936;1.554507;0.926231;1.474494;4.002540;0.881954;1.458924;1.458924;1.458924;1.458924;1.458924;1.000000;0.000000;0.000000;
8.443899;1.451674;5.591067;0.888261;1.461083;2.708895;0.920021;1.453989;1.450375;0.920430;1.473244;4.039565;0.871366;1.459430;1.459430;1.459430;1.459430;1.459430;1.000000;0.000000;0.000000;
8.454894;1.451511;5.500885;0.887172;1.462694;2.741142;0.915893;1.456128;1.375475;0.915793;1.471939;4.064108;0.862526;1.459959;1.459959;1.459959;1.459959;1.459959;1.000000;0.000000;0.000000;
8.465890;1.451427;5.409043;0.887701;1.464248;2.789357;0.913036;1.458322;1.329962;0.912522;1.470597;4.081000;0.855692;1.460504;1.460504;1.460504;1.460504;1.460504;1.000000;0.000000;0.000000;
8.476885;1.451423;5.315462;0.889929;1.465724;2.852383;0.911575;1.460542;1.313366;0.910770;1.469228;4.094803;0.851065;1.461056;1.461056;1.461056;1.461056;1.461056;1.000000;0.000000;0.000000;
8.487881;1.451499;5.219134;0.893823;1.467103;2.928825;0.911520;1.462760;1.325360;0.910561;1.467835;4.108553;0.848703;1.461604;1.461604;1.461604;1.461604;1.461604;1.000000;0.000000;0.000000;
8.498876;1.451660;5.118868;0.899288;1.468368;3.017120;0.912827;1.464947;1.365486;0.911853;1.466418;4.124421;0.848595;1.462140;1.462140;1.462140;1.462140;1.462140;1.000000;0.000000;0.000000;
8.509871;1.451909;5.013502;0.906174;1.469503;3.115499;0.915401;1.467075;1.433078;0.914546;1.464972;4.143672;0.850663;1.462651;1.462651;1.462651;1.462651;1.462651;1.000000;0.000000;0.000000;
8.520867;1.452250;4.901995;0.914279;1.470497;3.222089;0.919102;1.469118;1.527389;0.918486;1.463491;4.166569;0.854772;1.463130;1.463130;1.463130;1.463130;1.463130;1.000000;0.000000;0.000000;
8.531862;1.452688;4.783685;0.923371;1.471340;3.334925;0.923759;1.471049;1.647495;0.923478;1.461969;4.192462;0.860741;1.463566;1.463566;1.463566;1.463566;1.463566;1.000000;0.000000;0.000000;
8.542858;1.453229;4.658502;0.933194;1.472024;3.451988;0.929182;1.472843;1.792199;0.929301;1.460402;4.219829;0.868359;1.463953;1.463953;1.463953;1.463953;1.463953;1.000000;0.000000;0.000000;
8.553853;1.453878;4.527138;0.943476;1.472547;3.571327;0.935163;1.474478;1.960118;0.935712;1.458790;4.246148;0.877383;1.464285;1.464285;1.464285;1.464285;1.464285;1.000000;0.000000;0.000000;
8.564849;1.454639;4.391209;0.953950;1.472905;3.690761;0.941495;1.475930;2.148889;0.942459;1.457138;4.268617;0.887556;1.464560;1.464560;1.464560;1.464560;1.464560;1.000000;0.000000;0.000000;
8.575844;1.455515;4.253105;0.964348;1.473101;3.808499;0.947966;1.477182;2.356294;0.949288;1.455457;4.283282;0.898603;1.464775;1.464775;1.464775;1.464775;1.464775;1.000000;0.000000;0.000000;
8.586840;1.456505;4.116122;0.974415;1.473138;3.922729;0.954368;1.478216;2.579367;0.955944;1.453766;4.285807;0.910233;1.464932;1.464932;1.464932;1.464932;1.464932;1.000000;0.000000;0.000000;
8.597835;1.457606;3.984262;0.983905;1.473023;4.031744;0.960494;1.479020;2.814592;0.962178;1.452091;4.271526;0.922139;1.465034;1.465034;1.465034;1.465034;1.465034;1.000000;0.000000;0.000000;
8.608831;1.458813;3.861863;0.992593;1.472764;4.133924;0.966147;1.479584;3.057902;0.967752;1.450466;4.235891;0.934005;1.465087;1.465087;1.465087;1.465087;1.465087;1.000000;0.000000;0.000000;
8.619826;1.460114;3.753767;1.000266;1.472371;4.227852;0.971137;1.479903;3.304890;0.972441;1.448936;4.174243;0.945504;1.465099;1.465099;1.465099;1.465099;1.465099;1.000000;0.000000;0.000000;
8.630822;1.461495;3.664363;1.006737;1.471857;4.312091;0.975292;1.479976;3.550508;0.976047;1.447550;4.083180;0.956309;1.465080;1.465080;1.465080;1.465080;1.465080;1.000000;0.000000;0.000000;
8.641817;1.462939;3.597499;1.011849;1.471237;4.385362;0.978467;1.479808;3.789569;0.978411;1.446364;3.960463;0.966110;1.465044;1.465044;1.465044;1.465044;1.465044;1.000000;0.000000;0.000000;
8.652813;1.464426;3.556116;1.015482;1.470525;4.446552;0.980556;1.479408;4.016936;0.979422;1.445434;3.805532;0.974632;1.465003;1.465003;1.465003;1.465003;1.465003;1.000000;0.000000;0.000000;
8.663808;1.465933;3.541976;1.017569;1.469740;4.494753;0.981504;1.478792;4.227783;0.979040;1.444817;3.619862;0.981660;1.464972;1.464972;1.464972;1.464972;1.464972;1.000000;0.000000;0.000000;
8.674804;1.467438;3.555535;1.018104;1.468900;4.529339;0.981325;1.477979;4.417948;0.977304;1.444565;3.407079;0.987058;1.464965;1.464965;1.464965;1.464965;1.464965;1.000000;0.000000;0.000000;
8.685799;1.468917;3.595970;1.017155;1.468024;4.550035;0.980108;1.476991;4.584242;0.974347;1.444720;3.172854;0.990789;1.464997;1.464997;1.464997;1.464997;1.464997;1.000000;0.000000;0.000000;
8.696795;1.470350;3.661359;1.014865;1.467131;4.556964;0.978020;1.475853;4.724688;0.970393;1.445314;2.924572;0.992930;1.465078;1.465078;1.465078;1.465078;1.465078;1.000000;0.000000;0.000000;
8.707790;1.471716;3.748823;1.011458;1.466240;4.550696;0.975309;1.474594;4.838802;0.965758;1.446363;2.670828;0.993668;1.465217;1.465217;1.465217;1.465217;1.465217;1.000000;0.000000;0.000000;
8.718786;1.472999;3.855412;1.007208;1.465368;4.532067;0.972268;1.473238;4.926843;0.960807;1.447868;2.420757;0.993284;1.465421;1.465421;1.465421;1.465421;1.465421;1.000000;0.000000;0.000000;
8.729781;1.474183;3.977830;1.002441;1.464531;4.502262;0.969233;1.471810;4.990470;0.955957;1.449813;2.183400;0.992135;1.465691;1.465691;1.465691;1.465691;1.465691;1.000000;0.000000;0.000000;
8.740777;1.475258;4.113018;0.997495;1.463744;4.462572;0.966541;1.470336;5.031840;0.951623;1.452167;1.967229;0.990617;1.466024;1.466024;1.466024;1.466024;1.466024;1.000000;0.000000;0.000000;
8.751772;1.476214;4.258267;0.992694;1.463020;4.414268;0.964503;1.468834;5.053279;0.948189;1.454882;1.779735;0.989123;1.466416;1.466416;1.466416;1.466416;1.466416;1.000000;0.000000;0.000000;
8.762768;1.477043;4.411232;0.988320;1.462368;4.358467;0.963373;1.467326;5.056860;0.945973;1.457901;1.627197;0.988004;1.466858;1.466858;1.466858;1.466858;1.466858;1.000000;0.000000;0.000000;
8.773763;1.477741;4.569854;0.984585;1.461800;4.296014;0.963321;1.465827;5.044024;0.945199;1.461156;1.514584;0.987534;1.467338;1.467338;1.467338;1.467338;1.467338;1.000000;0.000000;0.000000;
8.784758;1.478303;4.732186;0.981612;1.461324;4.227429;0.964417;1.464355;5.015326;0.945972;1.464571;1.445541;0.987877;1.467842;1.467842;1.467842;1.467842;1.467842;1.000000;0.000000;0.000000;
8.795754;1.478727;4.896200;0.979419;1.460947;4.152860;0.966616;1.462926;4.970181;0.948267;1.468064;1.422420;0.989060;1.468357;1.468357;1.468357;1.468357;1.468357;1.000000;0.000000;0.000000;
8.806749;1.479014;5.059714;0.977941;1.460679;4.072263;0.969778;1.461556;4.907448;0.951948;1.471551;1.446099;0.990999;1.468869;1.468869;1.468869;1.468869;1.468869;1.000000;0.000000;0.000000;
8.817745;1.479164;5.220049;0.976995;1.460528;3.985377;0.973638;1.460265;4.824747;0.956728;1.474946;1.516145;0.993442;1.469364;1.469364;1.469364;1.469364;1.469364;1.000000;0.000000;0.000000;
8.828740;1.479183;5.374073;0.976317;1.460502;3.892027;0.977846;1.459074;4.719311;0.962219;1.478167;1.630606;0.996029;1.469831;1.469831;1.469831;1.469831;1.469831;1.000000;0.000000;0.000000;
8.839736;1.479077;5.518602;0.975565;1.460609;3.792104;0.981973;1.458006;4.588579;0.967932;1.481138;1.784996;0.998283;1.470261;1.470261;1.470261;1.470261;1.470261;1.000000;0.000000;0.000000;
8.850731;1.478857;5.650182;0.974379;1.460859;3.685972;0.985572;1.457088;4.430413;0.973349;1.483792;1.973591;0.999702;1.470651;1.470651;1.470651;1.470651;1.470651;1.000000;0.000000;0.000000;
8.861727;1.478533;5.765488;0.972390;1.461258;3.574526;0.988191;1.456346;4.243809;0.977933;1.486076;2.188565;0.999770;1.470998;1.470998;1.470998;1.470998;1.470998;1.000000;0.000000;0.000000;
8.872722;1.478122;5.861592;0.969270;1.461812;3.459302;0.989422;1.455807;4.029352;0.981189;1.487951;2.420510;0.998024;1.471307;1.471307;1.471307;1.471307;1.471307;1.000000;0.000000;0.000000;
8.883718;1.477641;5.936254;0.964767;1.462524;3.342474;0.988945;1.455497;3.789515;0.982710;1.489397;2.659028;0.994108;1.471585;1.471585;1.471585;1.471585;1.471585;1.000000;0.000000;0.000000;
8.894713;1.477108;5.988177;0.958742;1.463394;3.226739;0.986564;1.455437;3.528684;0.982222;1.490412;2.893573;0.987819;1.471842;1.471842;1.471842;1.471842;1.471842;1.000000;0.000000;0.000000;
8.905709;1.476541;6.017013;0.951191;1.464418;3.115182;0.982229;1.455645;3.252844;0.979612;1.491013;3.114556;0.979133;1.472091;1.472091;1.472091;1.472091;1.472091;1.000000;0.000000;0.000000;
8.916704;1.475961;6.023884;0.942249;1.465587;3.010769;0.976040;1.456131;2.969260;0.974931;1.491232;3.313686;0.968213;1.472346;1.472346;1.472346;1.472346;1.472346;1.000000;0.000000;0.000000;
8.927700;1.475384;6.010814;0.932196;1.466890;2.916398;0.968248;1.456897;2.685635;0.968406;1.491114;3.485379;0.955408;1.472622;1.472622;1.472622;1.472622;1.472622;1.000000;0.000000;0.000000;
8.938695;1.474826;5.980714;0.921419;1.468311;2.834536;0.959226;1.457939;2.409458;0.960403;1.490712;3.626793;0.941210;1.472931;1.472931;1.472931;1.472931;1.472931;1.000000;0.000000;0.000000;
8.949691;1.474301;5.937104;0.910384;1.469832;2.767109;0.949429;1.459247;2.147444;0.951391;1.490080;3.737775;0.926212;1.473283;1.473283;1.473283;1.473283;1.473283;1.000000;0.000000;0.000000;
8.960686;1.473817;5.884327;0.899615;1.471432;2.715150;0.939375;1.460802;1.904798;0.941914;1.489274;3.820819;0.911073;1.473686;1.473686;1.473686;1.473686;1.473686;1.000000;0.000000;0.000000;
8.971682;1.473382;5.825025;0.889586;1.473089;2.680134;0.929537;1.462582;1.686492;0.932482;1.488340;3.879226;0.896404;1.474143;1.474143;1.474143;1.474143;1.474143;1.000000;0.000000;0.000000;
8.982677;1.472998;5.763148;0.880784;1.474779;2.662133;0.920406;1.464562;1.495212;0.923628;1.487318;3.918154;0.882822;1.474651;1.474651;1.474651;1.474651;1.474651;1.000000;0.000000;0.000000;
8.993673;1.472668;5.701603;0.873623;1.476480;2.661156;0.912403;1.466713;1.332869;0.915822;1.486238;3.942914;0.870864;1.475207;1.475207;1.475207;1.475207;1.475207;1.000000;0.000000;0.000000;
9.004668;1.472390;5.642579;0.868439;1.478169;2.676984;0.905879;1.469006;1.200595;0.909456;1.485122;3.958642;0.860976;1.475803;1.475803;1.475803;1.475803;1.475803;1.000000;0.000000;0.000000;
9.015664;1.472161;5.587481;0.865483;1.479822;2.709204;0.901100;1.471411;1.098998;0.904839;1.483982;3.969911;0.853502;1.476429;1.476429;1.476429;1.476429;1.476429;1.000000;0.000000;0.000000;
9.026659;1.471978;5.536890;0.864912;1.481419;2.757267;0.898248;1.473896;1.028433;0.902189;1.482823;3.980450;0.848683;1.477072;1.477072;1.477072;1.477072;1.477072;1.000000;0.000000;0.000000;
9.037655;1.471837;5.490586;0.866789;1.482937;2.820496;0.897415;1.476430;0.989209;0.901627;1.481645;3.992986;0.846656;1.477719;1.477719;1.477719;1.477719;1.477719;1.000000;0.000000;0.000000;
9.048650;1.471735;5.447613;0.871092;1.484357;2.898067;0.898612;1.478982;0.981720;0.903182;1.480443;4.009176;0.847459;1.478355;1.478355;1.478355;1.478355;1.478355;1.000000;0.000000;0.000000;
9.059646;1.471671;5.406429;0.877705;1.485660;2.988863;0.901764;1.481520;1.006338;0.906791;1.479210;4.029644;0.851033;1.478967;1.478967;1.478967;1.478967;1.478967;1.000000;0.000000;0.000000;
9.070641;1.471643;5.364881;0.886445;1.486830;3.091924;0.906736;1.484012;1.063970;0.912317;1.477941;4.053774;0.857242;1.479540;1.479540;1.479540;1.479540;1.479540;1.000000;0.000000;0.000000;
9.081636;1.471653;5.320578;0.897041;1.487849;3.205650;0.913307;1.486423;1.155165;0.919528;1.476628;4.080005;0.865852;1.480061;1.480061;1.480061;1.480061;1.480061;1.000000;0.000000;0.000000;
9.092632;1.471704;5.270848;0.909154;1.488706;3.328397;0.921198;1.488719;1.280702;0.928116;1.475273;4.105560;0.876554;1.480520;1.480520;1.480520;1.480520;1.480520;1.000000;0.000000;0.000000;
9.103627;1.471801;5.213582;0.922382;1.489389;3.457711;0.930068;1.490868;1.439883;0.937704;1.473879;4.127272;0.888961;1.480909;1.480909;1.480909;1.480909;1.480909;1.000000;0.000000;0.000000;
9.114623;1.471952;5.146625;0.936282;1.489892;3.591355;0.939539;1.492835;1.632296;0.947860;1.472457;4.140742;0.902631;1.481222;1.481222;1.481222;1.481222;1.481222;1.000000;0.000000;0.000000;
9.125618;1.472164;5.068572;0.950368;1.490210;3.726616;0.949192;1.494591;1.856188;0.958108;1.471028;4.141183;0.917061;1.481458;1.481458;1.481458;1.481458;1.481458;1.000000;0.000000;0.000000;
9.136614;1.472447;4.978864;0.964139;1.490345;3.860552;0.958587;1.496104;2.108517;0.967939;1.469620;4.123595;0.931711;1.481619;1.481619;1.481619;1.481619;1.481619;1.000000;0.000000;0.000000;
9.147609;1.472811;4.877940;0.977094;1.490299;3.990092;0.967289;1.497351;2.384773;0.976849;1.468270;4.083201;0.946020;1.481710;1.481710;1.481710;1.481710;1.481710;1.000000;0.000000;0.000000;
9.158605;1.473263;4.767303;0.988765;1.490082;4.112163;0.974887;1.498310;2.678946;0.984357;1.467023;4.015954;0.959437;1.481743;1.481743;1.481743;1.481743;1.481743;1.000000;0.000000;0.000000;
9.169600;1.473811;4.649462;0.998743;1.489707;4.223849;0.981022;1.498970;2.983674;0.990044;1.465930;3.919076;0.971454;1.481730;1.481730;1.481730;1.481730;1.481730;1.000000;0.000000;0.000000;
9.180596;1.474458;4.527708;1.006711;1.489188;4.322573;0.985423;1.499325;3.290680;0.993589;1.465045;3.791591;0.981641;1.481688;1.481688;1.481688;1.481688;1.481688;1.000000;0.000000;0.000000;
9.191591;1.475206;4.405984;1.012456;1.488545;4.406281;0.987918;1.499377;3.591264;0.994790;1.464422;3.634376;0.989668;1.481634;1.481634;1.481634;1.481634;1.481634;1.000000;0.000000;0.000000;
9.202587;1.476054;4.288440;1.015905;1.487801;4.473504;0.988466;1.499138;3.876804;0.993600;1.464110;3.450903;0.995350;1.481588;1.481588;1.481588;1.481588;1.481588;1.000000;0.000000;0.000000;
9.213582;1.476994;4.179081;1.017128;1.486977;4.523579;0.987169;1.498627;4.139848;0.990137;1.464152;3.246635;0.998663;1.481568;1.481568;1.481568;1.481568;1.481568;1.000000;0.000000;0.000000;
9.224578;1.478020;4.081504;1.016335;1.486099;4.556658;0.984264;1.497871;4.374697;0.984680;1.464577;3.028673;0.999744;1.481590;1.481590;1.481590;1.481590;1.481590;1.000000;0.000000;0.000000;
9.235573;1.479120;3.998704;1.013860;1.485187;4.573661;0.980111;1.496900;4.577819;0.977652;1.465403;2.805183;0.998888;1.481667;1.481667;1.481667;1.481667;1.481667;1.000000;0.000000;0.000000;
9.246569;1.480281;3.932992;1.010137;1.484264;4.576148;0.975163;1.495746;4.748014;0.969592;1.466630;2.584693;0.996516;1.481809;1.481809;1.481809;1.481809;1.481809;1.000000;0.000000;0.000000;
9.257564;1.481487;3.885896;1.005668;1.483348;4.566209;0.969944;1.494442;4.886586;0.961119;1.468246;2.375313;0.993150;1.482021;1.482021;1.482021;1.482021;1.482021;1.000000;0.000000;0.000000;
9.268560;1.482722;3.858644;1.000952;1.482455;4.545897;0.964967;1.493020;4.995612;0.952849;1.470221;2.184707;0.989331;1.482302;1.482302;1.482302;1.482302;1.482302;1.000000;0.000000;0.000000;
9.279555;1.483970;3.851746;0.996488;1.481597;4.517415;0.960740;1.491506;5.079110;0.945396;1.472517;2.019051;0.985617;1.482648;1.482648;1.482648;1.482648;1.482648;1.000000;0.000000;0.000000;
9.290551;1.485214;3.865382;0.992712;1.480785;4.482607;0.957702;1.489925;5.141275;0.939299;1.475082;1.883372;0.982510;1.483049;1.483049;1.483049;1.483049;1.483049;1.000000;0.000000;0.000000;
9.301546;1.486436;3.899419;0.989974;1.480025;4.442820;0.956194;1.488295;5.186029;0.934994;1.477859;1.781484;0.980423;1.483493;1.483493;1.483493;1.483493;1.483493;1.000000;0.000000;0.000000;
9.312542;1.487619;3.953418;0.988508;1.479326;4.398781;0.956438;1.486632;5.216487;0.932785;1.480783;1.716084;0.979647;1.483966;1.483966;1.483966;1.483966;1.483966;1.000000;0.000000;0.000000;
9.323537;1.488748;4.026627;0.988418;1.478692;4.350509;0.958511;1.484951;5.234334;0.932819;1.483787;1.688967;0.980322;1.484452;1.484452;1.484452;1.484452;1.484452;1.000000;0.000000;0.000000;
9.334533;1.489807;4.117925;0.989698;1.478130;4.297521;0.962375;1.483265;5.240509;0.935116;1.486801;1.700762;0.982467;1.484933;1.484933;1.484933;1.484933;1.484933;1.000000;0.000000;0.000000;
9.345528;1.490781;4.225733;0.992186;1.477647;4.238716;0.967821;1.481585;5.233685;0.939507;1.489753;1.751495;0.985913;1.485392;1.485392;1.485392;1.485392;1.485392;1.000000;0.000000;0.000000;
9.356524;1.491657;4.347965;0.995601;1.477252;4.172737;0.974521;1.479927;5.211303;0.945683;1.492573;1.840145;0.990355;1.485816;1.485816;1.485816;1.485816;1.485816;1.000000;0.000000;0.000000;
9.367519;1.492425;4.481955;0.999560;1.476955;4.098278;0.982032;1.478307;5.169647;0.953209;1.495193;1.964607;0.995365;1.486191;1.486191;1.486191;1.486191;1.486191;1.000000;0.000000;0.000000;
9.378514;1.493075;4.624505;1.003594;1.476769;4.014218;0.989825;1.476748;5.104818;0.961536;1.497553;2.120799;1.000408;1.486509;1.486509;1.486509;1.486509;1.486509;1.000000;0.000000;0.000000;
9.389510;1.493603;4.771953;1.007197;1.476707;3.920074;0.997330;1.475273;5.012430;0.970061;1.499600;2.303842;1.004908;1.486764;1.486764;1.486764;1.486764;1.486764;1.000000;0.000000;0.000000;
9.400505;1.494006;4.920218;1.009849;1.476781;3.816171;1.003964;1.473913;4.888796;0.978149;1.501294;2.507148;1.008273;1.486955;1.486955;1.486955;1.486955;1.486955;1.000000;0.000000;0.000000;
9.411501;1.494286;5.064992;1.011064;1.477003;3.703800;1.009182;1.472698;4.731471;0.985184;1.502604;2.722824;1.009954;1.487088;1.487088;1.487088;1.487088;1.487088;1.000000;0.000000;0.000000;
9.422496;1.494448;5.201976;1.010435;1.477384;3.585209;1.012520;1.471661;4.539797;0.990624;1.503518;2.942117;1.009491;1.487170;1.487170;1.487170;1.487170;1.487170;1.000000;0.000000;0.000000;
9.433492;1.494499;5.327144;1.007667;1.477927;3.463456;1.013633;1.470835;4.315238;0.994037;1.504037;3.156039;1.006562;1.487214;1.487214;1.487214;1.487214;1.487214;1.000000;0.000000;0.000000;
9.444487;1.494452;5.437062;1.002612;1.478635;3.342107;1.012329;1.470250;4.061370;0.995145;1.504180;3.356272;1.001013;1.487236;1.487236;1.487236;1.487236;1.487236;1.000000;0.000000;0.000000;
9.455483;1.494320;5.528940;0.995266;1.479504;3.225001;1.008564;1.469930;3.783822;0.993819;1.503978;3.535421;0.992862;1.487252;1.487252;1.487252;1.487252;1.487252;1.000000;0.000000;0.000000;
9.466478;1.494119;5.601189;0.985799;1.480526;3.115694;1.002471;1.469895;3.489733;0.990120;1.503475;3.688272;0.982319;1.487282;1.487282;1.487282;1.487282;1.487282;1.000000;0.000000;0.000000;
9.477474;1.493866;5.653324;0.974517;1.481687;3.017266;0.994322;1.470157;3.186984;0.984267;1.502721;3.811905;0.969755;1.487341;1.487341;1.487341;1.487341;1.487341;1.000000;0.000000;0.000000;
9.488469;1.493577;5.685972;0.961845;1.482972;2.932141;0.984509;1.470718;2.883564;0.976611;1.501770;3.905749;0.955663;1.487446;1.487446;1.487446;1.487446;1.487446;1.000000;0.000000;0.000000;
9.499465;1.493269;5.700816;0.948289;1.484360;2.861990;0.973503;1.471576;2.586971;0.967601;1.500675;3.971378;0.940625;1.487608;1.487608;1.487608;1.487608;1.487608;1.000000;0.000000;0.000000;
9.510460;1.492956;5.700861;0.934416;1.485831;2.807408;0.961842;1.472720;2.303493;0.957767;1.499485;4.012454;0.925281;1.487836;1.487836;1.487836;1.487836;1.487836;1.000000;0.000000;0.000000;
9.521456;1.492649;5.688324;0.920753;1.487362;2.769485;0.950021;1.474133;2.039056;0.947613;1.498241;4.032601;0.910226;1.488135;1.488135;1.488135;1.488135;1.488135;1.000000;0.000000;0.000000;
9.532451;1.492356;5.667085;0.907851;1.488932;2.747828;0.938562;1.475795;1.797573;0.937680;1.496975;4.037074;0.896068;1.488505;1.488505;1.488505;1.488505;1.488505;1.000000;0.000000;0.000000;
9.543447;1.492084;5.640675;0.896198;1.490518;2.742077;0.927932;1.477679;1.582036;0.928459;1.495711;4.030832;0.883347;1.488941;1.488941;1.488941;1.488941;1.488941;1.000000;0.000000;0.000000;
9.554442;1.491836;5.612388;0.886218;1.492099;2.751751;0.918537;1.479760;1.394530;0.920386;1.494466;4.018419;0.872528;1.489438;1.489438;1.489438;1.489438;1.489438;1.000000;0.000000;0.000000;
9.565438;1.491611;5.585117;0.878257;1.493655;2.776312;0.910713;1.482008;1.236446;0.913830;1.493247;4.003674;0.863990;1.489986;1.489986;1.489986;1.489986;1.489986;1.000000;0.000000;0.000000;
9.576433;1.491409;5.561182;0.872576;1.495165;2.815221;0.904718;1.484394;1.108756;0.909081;1.492056;3.989528;0.858018;1.490572;1.490572;1.490572;1.490572;1.490572;1.000000;0.000000;0.000000;
9.587429;1.491227;5.542230;0.869348;1.496611;2.867946;0.900730;1.486886;1.012246;0.906347;1.490891;3.977896;0.854806;1.491184;1.491184;1.491184;1.491184;1.491184;1.000000;0.000000;0.000000;
9.598424;1.491058;5.529178;0.868657;1.497974;2.933930;0.898843;1.489452;0.947703;0.905748;1.489746;3.969626;0.854451;1.491806;1.491806;1.491806;1.491806;1.491806;1.000000;0.000000;0.000000;
9.609420;1.490899;5.522430;0.870522;1.499234;3.012533;0.899107;1.492056;0.915921;0.907312;1.488617;3.964714;0.856970;1.492422;1.492422;1.492422;1.492422;1.492422;1.000000;0.000000;0.000000;
9.620415;1.490745;5.520759;0.874787;1.500378;3.102772;0.901356;1.494672;0.918358;0.910993;1.487498;3.961255;0.862223;1.493020;1.493020;1.493020;1.493020;1.493020;1.000000;0.000000;0.000000;
9.631411;1.490592;5.523585;0.881347;1.501391;3.203935;0.905541;1.497263;0.955539;0.916630;1.486391;3.957676;0.870073;1.493587;1.493587;1.493587;1.493587;1.493587;1.000000;0.000000;0.000000;
9.642406;1.490438;5.528665;0.889935;1.502258;3.314791;0.911424;1.499791;1.029397;0.923998;1.485297;3.950536;0.880234;1.494111;1.494111;1.494111;1.494111;1.494111;1.000000;0.000000;0.000000;
9.653402;1.490280;5.533779;0.900206;1.502967;3.433319;0.918695;1.502222;1.140272;0.932755;1.484228;3.936102;0.892321;1.494580;1.494580;1.494580;1.494580;1.494580;1.000000;0.000000;0.000000;
9.664397;1.490122;5.536095;0.911763;1.503510;3.557519;0.927002;1.504516;1.288749;0.942492;1.483200;3.910007;0.905885;1.494989;1.494989;1.494989;1.494989;1.494989;1.000000;0.000000;0.000000;
9.675392;1.489965;5.532634;0.924146;1.503880;3.684873;0.935930;1.506639;1.474297;0.952729;1.482240;3.867777;0.920395;1.495334;1.495334;1.495334;1.495334;1.495334;1.000000;0.000000;0.000000;
9.686388;1.489816;5.520425;0.936853;1.504076;3.812500;0.945028;1.508553;1.695111;0.962931;1.481380;3.805214;0.935263;1.495615;1.495615;1.495615;1.495615;1.495615;1.000000;0.000000;0.000000;
9.697383;1.489683;5.496751;0.949364;1.504100;3.937262;0.953827;1.510227;1.947792;0.972542;1.480659;3.718924;0.949876;1.495836;1.495836;1.495836;1.495836;1.495836;1.000000;0.000000;0.000000;
9.708379;1.489577;5.459399;0.961169;1.503959;4.055915;0.961875;1.511632;2.227167;0.981016;1.480123;3.606844;0.963623;1.496005;1.496005;1.496005;1.496005;1.496005;1.000000;0.000000;0.000000;
9.719374;1.489511;5.406899;0.971808;1.503662;4.165321;0.968767;1.512746;2.526326;0.987865;1.479818;3.468731;0.975943;1.496134;1.496134;1.496134;1.496134;1.496134;1.000000;0.000000;0.000000;
9.730370;1.489495;5.338705;0.980900;1.503225;4.262671;0.974181;1.513555;2.836920;0.992695;1.479788;3.306480;0.986368;1.496236;1.496236;1.496236;1.496236;1.496236;1.000000;0.000000;0.000000;
9.741365;1.489544;5.255307;0.988180;1.502667;4.345712;0.977908;1.514053;3.149726;0.995250;1.480073;3.124207;0.994562;1.496327;1.496327;1.496327;1.496327;1.496327;1.000000;0.000000;0.000000;
9.752361;1.489669;5.158231;0.993523;1.502007;4.412953;0.979879;1.514243;3.455555;0.995441;1.480701;2.927927;1.000355;1.496422;1.496422;1.496422;1.496422;1.496422;1.000000;0.000000;0.000000;
9.763356;1.489880;5.049875;0.996945;1.501268;4.463692;0.980163;1.514138;3.745663;0.993347;1.481689;2.725404;1.003746;1.496536;1.496536;1.496536;1.496536;1.496536;1.000000;0.000000;0.000000;
9.774352;1.490186;4.933629;0.998613;1.500472;4.498142;0.978979;1.513757;4.012834;0.989231;1.483042;2.525160;1.004922;1.496683;1.496683;1.496683;1.496683;1.496683;1.000000;0.000000;0.000000;
9.785347;1.490590;4.813068;0.998822;1.499642;4.517300;0.976662;1.513127;4.252275;0.983501;1.484745;2.335696;1.004220;1.496871;1.496871;1.496871;1.496871;1.496871;1.000000;0.000000;0.000000;
9.796343;1.491096;4.692129;0.997954;1.498796;4.522754;0.973633;1.512276;4.461280;0.976673;1.486772;2.164915;1.002091;1.497107;1.497107;1.497107;1.497107;1.497107;1.000000;0.000000;0.000000;
9.807338;1.491701;4.574647;0.996448;1.497953;4.516455;0.970361;1.511236;4.639410;0.969328;1.489082;2.019572;0.999056;1.497392;1.497392;1.497392;1.497392;1.497392;1.000000;0.000000;0.000000;
9.818334;1.492401;4.464155;0.994754;1.497127;4.500445;0.967319;1.510036;4.788068;0.962056;1.491623;1.904971;0.995647;1.497723;1.497723;1.497723;1.497723;1.497723;1.000000;0.000000;0.000000;
9.829329;1.493189;4.363722;0.993292;1.496329;4.476604;0.964942;1.508706;4.909923;0.955413;1.494337;1.824872;0.992366;1.498094;1.498094;1.498094;1.498094;1.498094;1.000000;0.000000;0.000000;
9.840325;1.494055;4.275813;0.992412;1.495571;4.446362;0.963583;1.507270;5.007949;0.949867;1.497159;1.781760;0.989620;1.498494;1.498494;1.498494;1.498494;1.498494;1.000000;0.000000;0.000000;
9.851320;1.494989;4.202437;0.992402;1.494860;4.410844;0.963529;1.505750;5.086110;0.945818;1.500020;1.776212;0.987754;1.498913;1.498913;1.498913;1.498913;1.498913;1.000000;0.000000;0.000000;
9.862316;1.495976;4.144905;0.993415;1.494202;4.370370;0.964920;1.504166;5.146951;0.943500;1.502853;1.808188;0.986943;1.499336;1.499336;1.499336;1.499336;1.499336;1.000000;0.000000;0.000000;
9.873311;1.497004;4.104069;0.995496;1.493607;4.324727;0.967780;1.502534;5.192277;0.943019;1.505590;1.876544;0.987237;1.499749;1.499749;1.499749;1.499749;1.499749;1.000000;0.000000;0.000000;
9.884307;1.498058;4.080397;0.998578;1.493080;4.273278;0.972013;1.500871;5.222978;0.944353;1.508166;1.979086;0.988560;1.500137;1.500137;1.500137;1.500137;1.500137;1.000000;0.000000;0.000000;
9.895302;1.499123;4.073942;1.002470;1.492631;4.215016;0.977392;1.499191;5.238516;0.947322;1.510523;2.112535;0.990692;1.500488;1.500488;1.500488;1.500488;1.500488;1.000000;0.000000;0.000000;
9.906298;1.500186;4.084549;1.006911;1.492269;4.148939;0.983616;1.497510;5.237633;0.951670;1.512608;2.272849;0.993344;1.500792;1.500792;1.500792;1.500792;1.500792;1.000000;0.000000;0.000000;
9.917293;1.501230;4.111798;1.011563;1.492005;4.074225;0.990303;1.495845;5.218121;0.957037;1.514379;2.454971;0.996150;1.501040;1.501040;1.501040;1.501040;1.501040;1.000000;0.000000;0.000000;
9.928289;1.502244;4.155021;1.016047;1.491851;3.990519;0.997025;1.494217;5.177272;0.963006;1.515802;2.652974;0.998704;1.501229;1.501229;1.501229;1.501229;1.501229;1.000000;0.000000;0.000000;
9.939284;1.503214;4.213265;1.019966;1.491819;3.898132;1.003344;1.492648;5.112307;0.969132;1.516854;2.860226;1.000602;1.501357;1.501357;1.501357;1.501357;1.501357;1.000000;0.000000;0.000000;
9.950279;1.504128;4.285231;1.022946;1.491919;3.798167;1.008840;1.491162;5.020790;0.974972;1.517526;3.069683;1.001473;1.501427;1.501427;1.501427;1.501427;1.501427;1.000000;0.000000;0.000000;
9.961275;1.504974;4.369212;1.024653;1.492159;3.692521;1.013147;1.489787;4.901027;0.980123;1.517821;3.274286;1.001008;1.501445;1.501445;1.501445;1.501445;1.501445;1.000000;0.000000;0.000000;
9.972270;1.505744;4.463062;1.024821;1.492545;3.583773;1.015968;1.488550;4.752383;0.984239;1.517755;3.467410;0.998986;1.501421;1.501421;1.501421;1.501421;1.501421;1.000000;0.000000;0.000000;
9.983266;1.506432;4.564265;1.023272;1.493079;3.474917;1.017102;1.487478;4.575445;0.987061;1.517353;3.643396;0.995289;1.501366;1.501366;1.501366;1.501366;1.501366;1.000000;0.000000;0.000000;
9.994261;1.507031;4.669830;1.019911;1.493757;3.369301;1.016437;1.486600;4.372103;0.988407;1.516650;3.797614;0.989897;1.501293;1.501293;1.501293;1.501293;1.501293;1.000000;0.000000;0.000000;
10.005257;1.507539;4.776607;1.014750;1.494574;3.270060;1.013970;1.485937;4.145610;0.988206;1.515691;3.927155;0.982901;1.501216;1.501216;1.501216;1.501216;1.501216;1.000000;0.000000;0.000000;
10.016252;1.507958;4.881438;1.007893;1.495517;3.179996;1.009786;1.485511;3.900203;0.986477;1.514520;4.030721;0.974487;1.501151;1.501151;1.501151;1.501151;1.501151;1.000000;0.000000;0.000000;
10.027248;1.508290;4.981380;0.999522;1.496574;3.101400;1.004054;1.485337;3.640873;0.983323;1.513186;4.108546;0.964915;1.501109;1.501109;1.501109;1.501109;1.501109;1.000000;0.000000;0.000000;
10.038243;1.508541;5.073937;0.989896;1.497727;3.035932;0.997010;1.485425;3.373073;0.978924;1.511733;4.162210;0.954506;1.501102;1.501102;1.501102;1.501102;1.501102;1.000000;0.000000;0.000000;
10.049239;1.508717;5.157248;0.979324;1.498957;2.984608;0.988937;1.485780;3.102414;0.973517;1.510203;4.194320;0.943621;1.501140;1.501140;1.501140;1.501140;1.501140;1.000000;0.000000;0.000000;
10.060234;1.508828;5.230355;0.968168;1.500246;2.947638;0.980167;1.486402;2.834310;0.967396;1.508634;4.208485;0.932659;1.501230;1.501230;1.501230;1.501230;1.501230;1.000000;0.000000;0.000000;
10.071230;1.508881;5.292682;0.956778;1.501572;2.925435;0.971016;1.487285;2.574101;0.960853;1.507055;4.207608;0.921987;1.501375;1.501375;1.501375;1.501375;1.501375;1.000000;0.000000;0.000000;
10.082225;1.508887;5.344818;0.945539;1.502917;2.917432;0.961832;1.488418;2.326376;0.954222;1.505489;4.195535;0.911995;1.501577;1.501577;1.501577;1.501577;1.501577;1.000000;0.000000;0.000000;
10.093221;1.508852;5.387888;0.934813;1.504261;2.923040;0.952944;1.489786;2.095250;0.947826;1.503955;4.175506;0.903042;1.501835;1.501835;1.501835;1.501835;1.501835;1.000000;0.000000;0.000000;
10.104216;1.508785;5.423488;0.924939;1.505587;2.941584;0.944657;1.491370;1.884283;0.941975;1.502464;4.150215;0.895449;1.502145;1.502145;1.502145;1.502145;1.502145;1.000000;0.000000;0.000000;
10.115212;1.508690;5.453508;0.916215;1.506877;2.972355;0.937241;1.493149;1.696502;0.936948;1.501024;4.121678;0.889489;1.502501;1.502501;1.502501;1.502501;1.502501;1.000000;0.000000;0.000000;
10.126207;1.508572;5.479916;0.908889;1.508115;3.014661;0.930921;1.495098;1.534477;0.932986;1.499642;4.091121;0.885381;1.502897;1.502897;1.502897;1.502897;1.502897;1.000000;0.000000;0.000000;
10.137203;1.508432;5.504569;0.903149;1.509286;3.067824;0.925870;1.497189;1.400407;0.930279;1.498319;4.058937;0.883275;1.503323;1.503323;1.503323;1.503323;1.503323;1.000000;0.000000;0.000000;
10.148198;1.508273;5.529036;0.899118;1.510376;3.131150;0.922200;1.499394;1.296209;0.928955;1.497061;4.024681;0.883251;1.503770;1.503770;1.503770;1.503770;1.503770;1.000000;0.000000;0.000000;
10.159194;1.508093;5.554471;0.896850;1.511371;3.203876;0.919961;1.501681;1.223572;0.929077;1.495872;3.987112;0.885309;1.504228;1.504228;1.504228;1.504228;1.504228;1.000000;0.000000;0.000000;
10.170189;1.507892;5.581515;0.896327;1.512260;3.285103;0.919138;1.504018;1.183981;0.930632;1.494760;3.944279;0.889371;1.504689;1.504689;1.504689;1.504689;1.504689;1.000000;0.000000;0.000000;
10.181185;1.507668;5.610349;0.897460;1.513032;3.373638;0.919648;1.506372;1.178511;0.933530;1.493738;3.893677;0.895272;1.505144;1.505144;1.505144;1.505144;1.505144;1.000000;0.000000;0.000000;
10.192180;1.507421;5.640315;0.900106;1.513679;3.468323;0.921358;1.508709;1.208390;0.937616;1.492822;3.832370;0.902782;1.505587;1.505587;1.505587;1.505587;1.505587;1.000000;0.000000;0.000000;
10.203176;1.507149;5.670420;0.904053;1.514192;3.567407;0.924070;1.510992;1.273960;0.942653;1.492035;3.757360;0.911584;1.506011;1.506011;1.506011;1.506011;1.506011;1.000000;0.000000;0.000000;
10.214171;1.506854;5.699136;0.909043;1.514568;3.668933;0.927548;1.513186;1.374982;0.948346;1.491404;3.665846;0.921310;1.506414;1.506414;1.506414;1.506414;1.506414;1.000000;0.000000;0.000000;
10.225167;1.506538;5.724572;0.914792;1.514804;3.770717;0.931527;1.515258;1.510327;0.954359;1.490961;3.555628;0.931547;1.506795;1.506795;1.506795;1.506795;1.506795;1.000000;0.000000;0.000000;
10.236162;1.506205;5.744617;0.920998;1.514904;3.870417;0.935733;1.517173;1.677785;0.960333;1.490739;3.425487;0.941868;1.507154;1.507154;1.507154;1.507154;1.507154;1.000000;0.000000;0.000000;
10.247157;1.505859;5.757106;0.927370;1.514871;3.965670;0.939903;1.518903;1.873951;0.965912;1.490775;3.275549;0.951853;1.507496;1.507496;1.507496;1.507496;1.507496;1.000000;0.000000;0.000000;
10.258153;1.505508;5.759861;0.933642;1.514713;4.054243;0.943808;1.520421;2.094333;0.970776;1.491103;3.107620;0.961122;1.507826;1.507826;1.507826;1.507826;1.507826;1.000000;0.000000;0.000000;
10.269148;1.505161;5.751544;0.939602;1.514442;4.134158;0.947272;1.521708;2.332878;0.974665;1.491749;2.925143;0.969368;1.508150;1.508150;1.508150;1.508150;1.508150;1.000000;0.000000;0.000000;
10.280144;1.504827;5.730763;0.945105;1.514069;4.203966;0.950189;1.522750;2.583540;0.977410;1.492736;2.733174;0.976380;1.508476;1.508476;1.508476;1.508476;1.508476;1.000000;0.000000;0.000000;
10.291139;1.504518;5.696895;0.950078;1.513610;4.262704;0.952535;1.523538;2.839706;0.978940;1.494074;2.538144;0.982057;1.508809;1.508809;1.508809;1.508809;1.508809;1.000000;0.000000;0.000000;
10.302135;1.504245;5.649965;0.954529;1.513081;4.309971;0.954362;1.524071;3.094944;0.979294;1.495759;2.347382;0.986413;1.509156;1.509156;1.509156;1.509156;1.509156;1.000000;0.000000;0.000000;
10.313130;1.504017;5.590617;0.958535;1.512495;4.345902;0.955793;1.524354;3.343455;0.978610;1.497777;2.168555;0.989565;1.509520;1.509520;1.509520;1.509520;1.509520;1.000000;0.000000;0.000000;
10.324126;1.503845;5.520027;0.962227;1.511870;4.371062;0.957009;1.524396;3.580424;0.977109;1.500099;2.009105;0.991722;1.509903;1.509903;1.509903;1.509903;1.509903;1.000000;0.000000;0.000000;
10.335121;1.503737;5.439766;0.965774;1.511219;4.386303;0.958221;1.524211;3.802206;0.975070;1.502682;1.875746;0.993145;1.510304;1.510304;1.510304;1.510304;1.510304;1.000000;0.000000;0.000000;
10.346117;1.503701;5.351471;0.969349;1.510555;4.392548;0.959643;1.523815;4.006337;0.972792;1.505473;1.774174;0.994110;1.510719;1.510719;1.510719;1.510719;1.510719;1.000000;0.000000;0.000000;
10.357112;1.503743;5.257305;0.973129;1.509889;4.390764;0.961489;1.523228;4.191447;0.970588;1.508412;1.708493;0.994905;1.511143;1.511143;1.511143;1.511143;1.511143;1.000000;0.000000;0.000000;
10.368108;1.503866;5.158948;0.977242;1.509233;4.381622;0.963915;1.522469;4.356956;0.968722;1.511430;1.681592;0.995747;1.511568;1.511568;1.511568;1.511568;1.511568;1.000000;0.000000;0.000000;
10.379103;1.504074;5.057977;0.981768;1.508597;4.365497;0.967023;1.521559;4.502819;0.967406;1.514455;1.694860;0.996791;1.511985;1.511985;1.511985;1.511985;1.511985;1.000000;0.000000;0.000000;
10.390099;1.504367;4.955814;0.986721;1.507989;4.342411;0.970846;1.520516;4.629258;0.966776;1.517414;1.748171;0.998102;1.512384;1.512384;1.512384;1.512384;1.512384;1.000000;0.000000;0.000000;
10.401094;1.504747;4.853694;0.992050;1.507421;4.312050;0.975334;1.519361;4.736502;0.966885;1.520235;1.839982;0.999653;1.512754;1.512754;1.512754;1.512754;1.512754;1.000000;0.000000;0.000000;
10.412090;1.505212;4.752803;0.997635;1.506901;4.273879;0.980370;1.518114;4.824632;0.967708;1.522852;1.967396;1.001336;1.513088;1.513088;1.513088;1.513088;1.513088;1.000000;0.000000;0.000000;
10.423085;1.505761;4.654243;1.003284;1.506442;4.227191;0.985749;1.516793;4.893412;0.969121;1.525203;2.125930;1.002942;1.513376;1.513376;1.513376;1.513376;1.513376;1.000000;0.000000;0.000000;
10.434081;1.506391;4.559355;1.008780;1.506055;4.171436;0.991240;1.515418;4.942484;0.970968;1.527239;2.310212;1.004247;1.513614;1.513614;1.513614;1.513614;1.513614;1.000000;0.000000;0.000000;
10.445076;1.507098;4.469667;1.013879;1.505752;4.106326;0.996577;1.514009;4.971273;0.973041;1.528920;2.513716;1.004991;1.513799;1.513799;1.513799;1.513799;1.513799;1.000000;0.000000;0.000000;
10.456072;1.507876;4.386969;1.018338;1.505545;4.032047;1.001488;1.512587;4.979153;0.975120;1.530217;2.729179;1.004929;1.513930;1.513930;1.513930;1.513930;1.513930;1.000000;0.000000;0.000000;
10.467067;1.508719;4.313265;1.021937;1.505447;3.949383;1.005723;1.511172;4.965605;0.976992;1.531117;2.948994;1.003855;1.514010;1.514010;1.514010;1.514010;1.514010;1.000000;0.000000;0.000000;
10.478063;1.509618;4.250658;1.024503;1.505467;3.859764;1.009080;1.509786;4.930358;0.978478;1.531619;3.165684;1.001628;1.514044;1.514044;1.514044;1.514044;1.514044;1.000000;0.000000;0.000000;
10.489058;1.510562;4.201158;1.025921;1.505613;3.765187;1.011414;1.508450;4.873467;0.979447;1.531736;3.372500;0.998188;1.514038;1.514038;1.514038;1.514038;1.514038;1.000000;0.000000;0.000000;
10.500054;1.511540;4.166578;1.026135;1.505889;3.668186;1.012646;1.507185;4.795402;0.979820;1.531490;3.563492;0.993554;1.514001;1.514001;1.514001;1.514001;1.514001;1.000000;0.000000;0.000000;
10.511049;1.512538;4.148196;1.025159;1.506297;3.571543;1.012768;1.506012;4.697107;0.979577;1.530915;3.734286;0.987833;1.513943;1.513943;1.513943;1.513943;1.513943;1.000000;0.000000;0.000000;
10.522045;1.513543;4.146692;1.023057;1.506833;3.478096;1.011829;1.504949;4.579877;0.978751;1.530051;3.882086;0.981194;1.513872;1.513872;1.513872;1.513872;1.513872;1.000000;0.000000;0.000000;
10.533040;1.514540;4.162071;1.019937;1.507491;3.390532;1.009927;1.504014;4.445293;0.977408;1.528941;4.005673;0.973857;1.513800;1.513800;1.513800;1.513800;1.513800;1.000000;0.000000;0.000000;
10.544035;1.515516;4.193649;1.015931;1.508261;3.311216;1.007189;1.503224;4.295166;0.975643;1.527628;4.105258;0.966065;1.513733;1.513733;1.513733;1.513733;1.513733;1.000000;0.000000;0.000000;
10.555031;1.516457;4.240120;1.011189;1.509132;3.242070;1.003760;1.502592;4.131472;0.973561;1.526156;4.182219;0.958072;1.513680;1.513680;1.513680;1.513680;1.513680;1.000000;0.000000;0.000000;
10.566026;1.517351;4.299673;1.005860;1.510087;3.184521;0.999788;1.502131;3.956315;0.971268;1.524563;4.238772;0.950122;1.513646;1.513646;1.513646;1.513646;1.513646;1.000000;0.000000;0.000000;
10.577022;1.518190;4.370149;1.000094;1.511110;3.139491;0.995417;1.501849;3.771915;0.968864;1.522885;4.277636;0.942441;1.513635;1.513635;1.513635;1.513635;1.513635;1.000000;0.000000;0.000000;
10.588017;1.518964;4.449204;0.994031;1.512183;3.107441;0.990781;1.501756;3.580619;0.966440;1.521152;4.301718;0.935229;1.513652;1.513652;1.513652;1.513652;1.513652;1.000000;0.000000;0.000000;
10.599013;1.519669;4.534478;0.987806;1.513290;3.088426;0.986005;1.501855;3.384917;0.964077;1.519387;4.313851;0.928663;1.513696;1.513696;1.513696;1.513696;1.513696;1.000000;0.000000;0.000000;
10.610008;1.520298;4.623741;0.981545;1.514411;3.082181;0.981205;1.502150;3.187467;0.961851;1.517611;4.316579;0.922894;1.513769;1.513769;1.513769;1.513769;1.513769;1.000000;0.000000;0.000000;
10.621004;1.520851;4.715015;0.975370;1.515531;3.088201;0.976486;1.502641;2.991096;0.959832;1.515840;4.312007;0.918048;1.513870;1.513870;1.513870;1.513870;1.513870;1.000000;0.000000;0.000000;
10.631999;1.521327;4.806652;0.969404;1.516633;3.105761;0.971952;1.503323;2.798799;0.958092;1.514085;4.301818;0.914241;1.513998;1.513998;1.513998;1.513998;1.513998;1.000000;0.000000;0.000000;
10.642995;1.521725;4.897371;0.963748;1.517701;3.134183;0.967685;1.504191;2.613752;0.956689;1.512356;4.286663;0.911548;1.514150;1.514150;1.514150;1.514150;1.514150;1.000000;0.000000;0.000000;
10.653990;1.522047;4.986284;0.958508;1.518722;3.172602;0.963772;1.505236;2.439110;0.955690;1.510663;4.266965;0.910044;1.514322;1.514322;1.514322;1.514322;1.514322;1.000000;0.000000;0.000000;
10.664986;1.522295;5.072820;0.953771;1.519682;3.220161;0.960278;1.506445;2.278098;0.955150;1.509013;4.242334;0.909767;1.514513;1.514513;1.514513;1.514513;1.514513;1.000000;0.000000;0.000000;
10.675981;1.522470;5.156652;0.949603;1.520570;3.275977;0.957255;1.507802;2.133899;0.955109;1.507418;4.211722;0.910728;1.514718;1.514718;1.514718;1.514718;1.514718;1.000000;0.000000;0.000000;
10.686977;1.522577;5.237601;0.946044;1.521375;3.339119;0.954725;1.509289;2.009565;0.955588;1.505890;4.173495;0.912896;1.514934;1.514934;1.514934;1.514934;1.514934;1.000000;0.000000;0.000000;
10.697972;1.522616;5.315533;0.943105;1.522088;3.408569;0.952685;1.510885;1.907920;0.956576;1.504445;4.125523;0.916200;1.515159;1.515159;1.515159;1.515159;1.515159;1.000000;0.000000;0.000000;
10.708968;1.522592;5.390247;0.940757;1.522702;3.483187;0.951097;1.512564;1.831455;0.958031;1.503103;4.065327;0.920516;1.515390;1.515390;1.515390;1.515390;1.515390;1.000000;0.000000;0.000000;
10.719963;1.522505;5.461466;0.938939;1.523210;3.561616;0.949888;1.514302;1.782083;0.959865;1.501889;3.990303;0.925671;1.515626;1.515626;1.515626;1.515626;1.515626;1.000000;0.000000;0.000000;
10.730959;1.522362;5.528540;0.937563;1.523609;3.642510;0.948967;1.516070;1.761503;0.961965;1.500832;3.897885;0.931452;1.515867;1.515867;1.515867;1.515867;1.515867;1.000000;0.000000;0.000000;
10.741954;1.522164;5.590743;0.936510;1.523897;3.724126;0.948211;1.517840;1.770376;0.964175;1.499965;3.786010;0.937601;1.516115;1.516115;1.516115;1.516115;1.516115;1.000000;0.000000;0.000000;
10.752950;1.521917;5.647145;0.935654;1.524074;3.804638;0.947490;1.519581;1.808593;0.966315;1.499325;3.653336;0.943839;1.516372;1.516372;1.516372;1.516372;1.516372;1.000000;0.000000;0.000000;
10.763945;1.521626;5.696722;0.934871;1.524143;3.882172;0.946682;1.521266;1.875105;0.968203;1.498949;3.499586;0.949885;1.516642;1.516642;1.516642;1.516642;1.516642;1.000000;0.000000;0.000000;
10.774941;1.521298;5.738476;0.934057;1.524110;3.954898;0.945686;1.522867;1.967882;0.969667;1.498874;3.325806;0.955480;1.516929;1.516929;1.516929;1.516929;1.516929;1.000000;0.000000;0.000000;
10.785936;1.520940;5.771563;0.933149;1.523983;4.021173;0.944443;1.524361;2.083962;0.970568;1.499132;3.134520;0.960410;1.517241;1.517241;1.517241;1.517241;1.517241;1.000000;0.000000;0.000000;
10.796932;1.520559;5.795419;0.932130;1.523771;4.079677;0.942945;1.525726;2.219602;0.970821;1.499752;2.929744;0.964527;1.517581;1.517581;1.517581;1.517581;1.517581;1.000000;0.000000;0.000000;
10.807927;1.520163;5.809931;0.931047;1.523487;4.129508;0.941249;1.526946;2.370412;0.970407;1.500752;2.716903;0.967769;1.517956;1.517956;1.517956;1.517956;1.517956;1.000000;0.000000;0.000000;
10.818923;1.519760;5.815243;0.930002;1.523142;4.170290;0.939471;1.528009;2.531943;0.969383;1.502139;2.502366;0.970165;1.518368;1.518368;1.518368;1.518368;1.518368;1.000000;0.000000;0.000000;
10.829918;1.519357;5.812015;0.929156;1.522749;4.202142;0.937789;1.528907;2.699836;0.967882;1.503909;2.293163;0.971838;1.518819;1.518819;1.518819;1.518819;1.518819;1.000000;0.000000;0.000000;
10.840913;1.518962;5.801214;0.928710;1.522320;4.225606;0.936421;1.529635;2.870088;0.966100;1.506046;2.096524;0.972984;1.519310;1.519310;1.519310;1.519310;1.519310;1.000000;0.000000;0.000000;
10.851909;1.518580;5.784000;0.928885;1.521865;4.241536;0.935608;1.530195;3.039306;0.964278;1.508518;1.919441;0.973857;1.519836;1.519836;1.519836;1.519836;1.519836;1.000000;0.000000;0.000000;
10.862904;1.518216;5.761568;0.929900;1.521395;4.250937;0.935591;1.530588;3.204807;0.962680;1.511284;1.768295;0.974737;1.520392;1.520392;1.520392;1.520392;1.520392;1.000000;0.000000;0.000000;
10.873900;1.517874;5.734966;0.931950;1.520917;4.254790;0.936584;1.530820;3.364605;0.961561;1.514292;1.648593;0.975894;1.520969;1.520969;1.520969;1.520969;1.520969;1.000000;0.000000;0.000000;
10.884895;1.517557;5.704942;0.935181;1.520439;4.253885;0.938755;1.530897;3.517297;0.961146;1.517478;1.564804;0.977563;1.521557;1.521557;1.521557;1.521557;1.521557;1.000000;0.000000;0.000000;
10.895891;1.517269;5.671692;0.939670;1.519967;4.248650;0.942198;1.530828;3.661865;0.961593;1.520777;1.520316;0.979899;1.522145;1.522145;1.522145;1.522145;1.522145;1.000000;0.000000;0.000000;
10.906886;1.517011;5.635323;0.945432;1.519508;4.239210;0.946943;1.530621;3.797545;0.963010;1.524114;1.517196;0.982995;1.522717;1.522717;1.522717;1.522717;1.522717;1.000000;0.000000;0.000000;
10.917882;1.516787;5.595028;0.952376;1.519067;4.225148;0.952913;1.530285;3.923516;0.965397;1.527412;1.556463;0.986810;1.523262;1.523262;1.523262;1.523262;1.523262;1.000000;0.000000;0.000000;
10.928877;1.516601;5.549645;0.960323;1.518651;4.205671;0.959939;1.529832;4.038834;0.968663;1.530595;1.637804;0.991202;1.523765;1.523765;1.523765;1.523765;1.523765;1.000000;0.000000;0.000000;
10.939873;1.516457;5.497731;0.969014;1.518268;4.179743;0.967770;1.529274;4.142351;0.972635;1.533586;1.759563;0.995928;1.524215;1.524215;1.524215;1.524215;1.524215;1.000000;0.000000;0.000000;
10.950868;1.516362;5.437918;0.978104;1.517928;4.146107;0.976064;1.528621;4.232742;0.977043;1.536316;1.917991;1.000637;1.524602;1.524602;1.524602;1.524602;1.524602;1.000000;0.000000;0.000000;
10.961864;1.516322;5.368906;0.987214;1.517642;4.103692;0.984443;1.527889;4.308581;0.981580;1.538725;2.108350;1.004946;1.524919;1.524919;1.524919;1.524919;1.524919;1.000000;0.000000;0.000000;
10.972859;1.516346;5.289895;0.995933;1.517423;4.051733;0.992497;1.527093;4.368450;0.985904;1.540761;2.324140;1.008440;1.525163;1.525163;1.525163;1.525163;1.525163;1.000000;0.000000;0.000000;
10.983855;1.516441;5.200801;1.003858;1.517282;3.990020;0.999821;1.526249;4.411119;0.989668;1.542385;2.557514;1.010720;1.525334;1.525334;1.525334;1.525334;1.525334;1.000000;0.000000;0.000000;
10.994850;1.516615;5.102423;1.010632;1.517234;3.919060;1.006054;1.525375;4.435724;0.992567;1.543575;2.799690;1.011452;1.525436;1.525436;1.525436;1.525436;1.525436;1.000000;0.000000;0.000000;
11.005846;1.516875;4.996487;1.015968;1.517287;3.840145;1.010906;1.524488;4.441905;0.994359;1.544325;3.041556;1.010398;1.525477;1.525477;1.525477;1.525477;1.525477;1.000000;0.000000;0.000000;
11.016841;1.517226;4.885527;1.019686;1.517453;3.755253;1.014192;1.523606;4.429882;0.994896;1.544641;3.274513;1.007444;1.525465;1.525465;1.525465;1.525465;1.525465;1.000000;0.000000;0.000000;
11.027837;1.517670;4.772738;1.021703;1.517736;3.667078;1.015826;1.522748;4.400401;0.994127;1.544549;3.490697;1.002606;1.525414;1.525414;1.525414;1.525414;1.525414;1.000000;0.000000;0.000000;
11.038832;1.518207;4.661675;1.022061;1.518139;3.578570;1.015847;1.521929;4.354832;0.992113;1.544085;3.684131;0.996041;1.525337;1.525337;1.525337;1.525337;1.525337;1.000000;0.000000;0.000000;
11.049828;1.518834;4.555874;1.020900;1.518659;3.492776;1.014393;1.521164;4.294900;0.989007;1.543293;3.850914;0.988021;1.525246;1.525246;1.525246;1.525246;1.525246;1.000000;0.000000;0.000000;
11.060823;1.519545;4.458579;1.018439;1.519291;3.412588;1.011680;1.520467;4.222541;0.985036;1.542225;3.989305;0.978903;1.525155;1.525155;1.525155;1.525155;1.525155;1.000000;0.000000;0.000000;
11.071819;1.520332;4.372531;1.014951;1.520026;3.340526;1.007982;1.519849;4.139759;0.980473;1.540930;4.099588;0.969097;1.525074;1.525074;1.525074;1.525074;1.525074;1.000000;0.000000;0.000000;
11.082814;1.521183;4.299839;1.010733;1.520850;3.278608;1.003594;1.519319;4.048487;0.975612;1.539459;4.183710;0.959029;1.525011;1.525011;1.525011;1.525011;1.525011;1.000000;0.000000;0.000000;
11.093810;1.522088;4.241946;1.006082;1.521749;3.228298;0.998812;1.518884;3.950491;0.970741;1.537857;4.244810;0.949117;1.524973;1.524973;1.524973;1.524973;1.524973;1.000000;0.000000;0.000000;
11.104805;1.523034;4.199662;1.001272;1.522706;3.190512;0.993914;1.518551;3.847316;0.966125;1.536162;4.286719;0.939739;1.524962;1.524962;1.524962;1.524962;1.524962;1.000000;0.000000;0.000000;
11.115800;1.524007;4.173246;0.996547;1.523705;3.165670;0.989141;1.518324;3.740287;0.961989;1.534406;4.313498;0.931222;1.524981;1.524981;1.524981;1.524981;1.524981;1.000000;0.000000;0.000000;
11.126796;1.524994;4.162518;0.992105;1.524726;3.153777;0.984690;1.518205;3.630537;0.958512;1.532613;4.329050;0.923832;1.525027;1.525027;1.525027;1.525027;1.525027;1.000000;0.000000;0.000000;
11.137791;1.525982;4.166967;0.988098;1.525753;3.154508;0.980715;1.518196;3.519070;0.955825;1.530801;4.336831;0.917773;1.525099;1.525099;1.525099;1.525099;1.525099;1.000000;0.000000;0.000000;
11.148787;1.526959;4.185858;0.984635;1.526769;3.167294;0.977324;1.518300;3.406836;0.954012;1.528981;4.339651;0.913186;1.525192;1.525192;1.525192;1.525192;1.525192;1.000000;0.000000;0.000000;
11.159782;1.527913;4.218316;0.981783;1.527758;3.191398;0.974583;1.518515;3.294811;0.953113;1.527162;4.339548;0.910158;1.525301;1.525301;1.525301;1.525301;1.525301;1.000000;0.000000;0.000000;
11.170778;1.528833;4.263389;0.979571;1.528705;3.225968;0.972521;1.518841;3.184070;0.953130;1.525347;4.337726;0.908724;1.525420;1.525420;1.525420;1.525420;1.525420;1.000000;0.000000;0.000000;
11.181773;1.529709;4.320092;0.977996;1.529597;3.270086;0.971136;1.519275;3.075852;0.954034;1.523540;4.334532;0.908876;1.525545;1.525545;1.525545;1.525545;1.525545;1.000000;0.000000;0.000000;
11.192769;1.530531;4.387407;0.977025;1.530421;3.322812;0.970396;1.519814;2.971648;0.955765;1.521745;4.329435;0.910564;1.525668;1.525668;1.525668;1.525668;1.525668;1.000000;0.000000;0.000000;
11.203764;1.531290;4.464199;0.976626;1.531165;3.383140;0.970275;1.520451;2.873143;0.958248;1.519966;4.321611;0.913720;1.525785;1.525785;1.525785;1.525785;1.525785;1.000000;0.000000;0.000000;
11.214760;1.531981;4.549650;0.976629;1.531821;3.449678;0.970586;1.521182;2.782292;0.961344;1.518211;4.307568;0.918146;1.525894;1.525894;1.525894;1.525894;1.525894;1.000000;0.000000;0.000000;
11.225755;1.532595;4.642513;0.976998;1.532382;3.521786;0.971314;1.521996;2.700659;0.964951;1.516492;4.285968;0.923745;1.525989;1.525989;1.525989;1.525989;1.525989;1.000000;0.000000;0.000000;
11.236751;1.533128;4.741446;0.977573;1.532840;3.598178;0.972296;1.522884;2.630675;0.968899;1.514829;4.252988;0.930286;1.526071;1.526071;1.526071;1.526071;1.526071;1.000000;0.000000;0.000000;
11.247746;1.533575;4.845068;0.978189;1.533192;3.677252;0.973366;1.523831;2.574134;0.973004;1.513244;4.205241;0.937516;1.526139;1.526139;1.526139;1.526139;1.526139;1.000000;0.000000;0.000000;
11.258742;1.533933;4.951573;0.978663;1.533433;3.757705;0.974347;1.524825;2.533137;0.977061;1.511768;4.138862;0.945149;1.526196;1.526196;1.526196;1.526196;1.526196;1.000000;0.000000;0.000000;
11.269737;1.534201;5.059005;0.978805;1.533565;3.837790;0.975046;1.525848;2.509117;0.980849;1.510438;4.050622;0.952864;1.526245;1.526245;1.526245;1.526245;1.526245;1.000000;0.000000;0.000000;
11.280733;1.534378;5.165151;0.978419;1.533589;3.915663;0.975270;1.526882;2.503032;0.984137;1.509296;3.937925;0.960327;1.526292;1.526292;1.526292;1.526292;1.526292;1.000000;0.000000;0.000000;
11.291728;1.534467;5.267625;0.977327;1.533509;3.989415;0.974840;1.527911;2.515184;0.986705;1.508386;3.799265;0.967202;1.526346;1.526346;1.526346;1.526346;1.526346;1.000000;0.000000;0.000000;
11.302724;1.534472;5.364003;0.975386;1.533333;4.057139;0.973610;1.528916;2.545088;0.988354;1.507757;3.634619;0.973180;1.526416;1.526416;1.526416;1.526416;1.526416;1.000000;0.000000;0.000000;
11.313719;1.534401;5.451996;0.972505;1.533070;4.117071;0.971485;1.529880;2.591444;0.988934;1.507451;3.445697;0.978002;1.526513;1.526513;1.526513;1.526513;1.526513;1.000000;0.000000;0.000000;
11.324715;1.534259;5.529664;0.968665;1.532733;4.167734;0.968442;1.530788;2.652191;0.988359;1.507511;3.236036;0.981489;1.526646;1.526646;1.526646;1.526646;1.526646;1.000000;0.000000;0.000000;
11.335710;1.534058;5.595621;0.963929;1.532334;4.208081;0.964539;1.531628;2.724667;0.986626;1.507966;3.010896;0.983558;1.526826;1.526826;1.526826;1.526826;1.526826;1.000000;0.000000;0.000000;
11.346706;1.533808;5.649311;0.958456;1.531890;4.237593;0.959926;1.532391;2.805704;0.983826;1.508839;2.777011;0.984242;1.527061;1.527061;1.527061;1.527061;1.527061;1.000000;0.000000;0.000000;
11.357701;1.533518;5.690733;0.952483;1.531414;4.256387;0.954831;1.533069;2.892345;0.980137;1.510136;2.541954;0.983687;1.527359;1.527359;1.527359;1.527359;1.527359;1.000000;0.000000;0.000000;
11.368697;1.533199;5.720872;0.946320;1.530920;4.265111;0.949557;1.533659;2.981656;0.975825;1.511853;2.313712;0.982144;1.527722;1.527722;1.527722;1.527722;1.527722;1.000000;0.000000;0.000000;
11.379692;1.532860;5.741349;0.940327;1.530422;4.264881;0.944454;1.534159;3.071138;0.971216;1.513968;2.100125;0.979947;1.528151;1.528151;1.528151;1.528151;1.528151;1.000000;0.000000;0.000000;
11.390688;1.532508;5.754255;0.934882;1.529932;4.257125;0.939892;1.534572;3.158848;0.966673;1.516448;1.908411;0.977478;1.528643;1.528643;1.528643;1.528643;1.528643;1.000000;0.000000;0.000000;
11.401683;1.532147;5.761896;0.930357;1.529457;4.243385;0.936231;1.534900;3.243430;0.962565;1.519246;1.744833;0.975137;1.529190;1.529190;1.529190;1.529190;1.529190;1.000000;0.000000;0.000000;
11.412678;1.531783;5.766507;0.927083;1.529006;4.225116;0.933793;1.535146;3.324051;0.959234;1.522307;1.614516;0.973301;1.529783;1.529783;1.529783;1.529783;1.529783;1.000000;0.000000;0.000000;
11.423674;1.531417;5.769982;0.925328;1.528585;4.203501;0.932835;1.535314;3.400258;0.956971;1.525566;1.521397;0.972287;1.530409;1.530409;1.530409;1.530409;1.530409;1.000000;0.000000;0.000000;
11.434669;1.531049;5.773654;0.925274;1.528196;4.179315;0.933526;1.535411;3.471805;0.955986;1.528952;1.468260;0.972328;1.531054;1.531054;1.531054;1.531054;1.531054;1.000000;0.000000;0.000000;
11.445665;1.530679;5.778009;0.927002;1.527845;4.152789;0.935934;1.535440;3.538447;0.956391;1.532392;1.456839;0.973538;1.531702;1.531702;1.531702;1.531702;1.531702;1.000000;0.000000;0.000000;
11.456660;1.530306;5.783168;0.930507;1.527533;4.123754;0.940038;1.535408;3.599897;0.958214;1.535810;1.487660;0.975937;1.532336;1.532336;1.532336;1.532336;1.532336;1.000000;0.000000;0.000000;
11.478651;1.529557;5.790324;0.942077;1.527053;4.055762;0.952484;1.535188;3.704454;0.965502;1.542177;1.670235;0.983570;1.533482;1.533482;1.533482;1.533482;1.533482;1.000000;0.000000;0.000000;
11.496480;1.528955;5.784107;0.954734;1.526824;3.985379;0.965478;1.534880;3.768294;0.973898;1.546677;1.926566;0.991236;1.534256;1.534256;1.534256;1.534256;1.534256;1.000000;0.000000;0.000000;
11.514310;1.528384;5.755420;0.968481;1.526778;3.896270;0.979163;1.534493;3.808820;0.982830;1.550307;2.258067;0.998271;1.534850;1.534850;1.534850;1.534850;1.534850;1.000000;0.000000;0.000000;
11.529206;1.527954;5.706907;0.979553;1.526906;3.806621;0.989855;1.534137;3.822436;0.989553;1.552552;2.573685;1.002377;1.535198;1.535198;1.535198;1.535198;1.535198;1.000000;0.000000;0.000000;
11.542614;1.527628;5.640866;0.988292;1.527173;3.715190;0.997990;1.533812;3.818258;0.994217;1.553901;2.869686;1.003835;1.535399;1.535399;1.535399;1.535399;1.535399;1.000000;0.000000;0.000000;
11.556021;1.527382;5.552876;0.995263;1.527596;3.616887;1.004123;1.533502;3.799250;0.997049;1.554604;3.160292;1.002690;1.535506;1.535506;1.535506;1.535506;1.535506;1.000000;0.000000;0.000000;
11.568087;1.527247;5.456096;0.999739;1.528117;3.526050;1.007661;1.533249;3.770793;0.997812;1.554702;3.405538;0.999284;1.535536;1.535536;1.535536;1.535536;1.535536;1.000000;0.000000;0.000000;
11.580154;1.527207;5.345175;1.002407;1.528770;3.437183;1.009242;1.533033;3.733507;0.996849;1.554338;3.625887;0.993708;1.535521;1.535521;1.535521;1.535521;1.535521;1.000000;0.000000;0.000000;
11.592220;1.527274;5.223712;1.003346;1.529550;3.354188;1.008969;1.532861;3.689502;0.994298;1.553566;3.815420;0.986236;1.535478;1.535478;1.535478;1.535478;1.535478;1.000000;0.000000;0.000000;
11.604286;1.527456;5.095724;1.002761;1.530445;3.280724;1.007075;1.532740;3.640926;0.990420;1.552450;3.971254;0.977285;1.535424;1.535424;1.535424;1.535424;1.535424;1.000000;0.000000;0.000000;
11.616353;1.527756;4.965455;1.000962;1.531438;3.219601;1.003896;1.532673;3.589744;0.985572;1.551059;4.093662;0.967377;1.535373;1.535373;1.535373;1.535373;1.535373;1.000000;0.000000;0.000000;
11.628419;1.528175;4.836618;0.998295;1.532508;3.173388;0.999798;1.532662;3.537710;0.980142;1.549456;4.184659;0.957052;1.535336;1.535336;1.535336;1.535336;1.535336;1.000000;0.000000;0.000000;
11.640486;1.528710;4.712759;0.995127;1.533633;3.143440;0.995169;1.532708;3.486208;0.974529;1.547698;4.248251;0.946856;1.535323;1.535323;1.535323;1.535323;1.535323;1.000000;0.000000;0.000000;
11.652552;1.529353;4.596976;0.991832;1.534788;3.129855;0.990400;1.532808;3.436192;0.969133;1.545835;4.290187;0.937316;1.535337;1.535337;1.535337;1.535337;1.535337;1.000000;0.000000;0.000000;
11.664619;1.530098;4.491606;0.988718;1.535949;3.132658;0.985812;1.532962;3.388428;0.964282;1.543905;4.315552;0.928866;1.535379;1.535379;1.535379;1.535379;1.535379;1.000000;0.000000;0.000000;
11.676685;1.530933;4.398559;0.986048;1.537091;3.151198;0.981680;1.533166;3.343445;0.960251;1.541939;4.329322;0.921864;1.535448;1.535448;1.535448;1.535448;1.535448;1.000000;0.000000;0.000000;
11.688752;1.531846;4.319361;0.984025;1.538192;3.184417;0.978218;1.533417;3.301637;0.957250;1.539953;4.335767;0.916584;1.535538;1.535538;1.535538;1.535538;1.535538;1.000000;0.000000;0.000000;
11.700818;1.532823;4.255238;0.982790;1.539231;3.231038;0.975579;1.533711;3.263356;0.955423;1.537962;4.338100;0.913215;1.535643;1.535643;1.535643;1.535643;1.535643;1.000000;0.000000;0.000000;
11.712884;1.533851;4.207207;0.982424;1.540189;3.289649;0.973855;1.534044;3.228976;0.954849;1.535971;4.338338;0.911864;1.535756;1.535756;1.535756;1.535756;1.535756;1.000000;0.000000;0.000000;
11.724951;1.534914;4.176156;0.982950;1.541049;3.358796;0.973084;1.534412;3.198971;0.955547;1.533985;4.337212;0.912563;1.535869;1.535869;1.535869;1.535869;1.535869;1.000000;0.000000;0.000000;
11.737017;1.535993;4.162883;0.984365;1.541796;3.437213;0.973293;1.534808;3.173964;0.957502;1.532007;4.334489;0.915299;1.535971;1.535971;1.535971;1.535971;1.535971;1.000000;0.000000;0.000000;
11.749084;1.537074;4.167753;0.986530;1.542419;3.522405;0.974334;1.535228;3.154396;0.960572;1.530043;4.328357;0.919905;1.536057;1.536057;1.536057;1.536057;1.536057;1.000000;0.000000;0.000000;
11.761150;1.538140;4.191318;0.989315;1.542909;3.613413;0.976100;1.535664;3.141236;0.964611;1.528105;4.315348;0.926203;1.536120;1.536120;1.536120;1.536120;1.536120;1.000000;0.000000;0.000000;
11.773217;1.539175;4.233522;0.992467;1.543258;3.708366;0.978358;1.536109;3.135228;0.969360;1.526210;4.290533;0.933870;1.536158;1.536158;1.536158;1.536158;1.536158;1.000000;0.000000;0.000000;
11.785283;1.540161;4.294087;0.995857;1.543463;3.805745;0.981015;1.536555;3.136933;0.974663;1.524384;4.251548;0.942701;1.536166;1.536166;1.536166;1.536166;1.536166;1.000000;0.000000;0.000000;
11.797350;1.541081;4.372014;0.999139;1.543522;3.903084;0.983740;1.536994;3.146942;0.980159;1.522662;4.192595;0.952231;1.536148;1.536148;1.536148;1.536148;1.536148;1.000000;0.000000;0.000000;
11.809416;1.541920;4.465640;1.001983;1.543437;3.998093;0.986226;1.537415;3.165571;0.985496;1.521089;4.108737;0.961994;1.536106;1.536106;1.536106;1.536106;1.536106;1.000000;0.000000;0.000000;
11.821482;1.542665;4.572480;1.004054;1.543212;4.088245;0.988160;1.537809;3.192594;0.990310;1.519719;3.996162;0.971494;1.536049;1.536049;1.536049;1.536049;1.536049;1.000000;0.000000;0.000000;
11.833549;1.543305;4.689259;1.005029;1.542859;4.170959;0.989240;1.538169;3.227285;0.994244;1.518611;3.852464;0.980232;1.535988;1.535988;1.535988;1.535988;1.535988;1.000000;0.000000;0.000000;
11.845615;1.543834;4.812027;1.004630;1.542391;4.243732;0.989208;1.538486;3.268329;0.996984;1.517825;3.677379;0.987744;1.535936;1.535936;1.535936;1.535936;1.535936;1.000000;0.000000;0.000000;
11.857682;1.544248;4.936421;1.002665;1.541824;4.304342;0.987887;1.538755;3.313859;0.998289;1.517421;3.473224;0.993647;1.535908;1.535908;1.535908;1.535908;1.535908;1.000000;0.000000;0.000000;
11.869748;1.544548;5.058051;0.999056;1.541177;4.351065;0.985208;1.538972;3.361603;0.998030;1.517450;3.245030;0.997684;1.535921;1.535921;1.535921;1.535921;1.535921;1.000000;0.000000;0.000000;
11.881815;1.544739;5.172954;0.993861;1.540474;4.382874;0.981232;1.539137;3.409098;0.996211;1.517951;3.000309;0.999754;1.535989;1.535989;1.535989;1.535989;1.535989;1.000000;0.000000;0.000000;
11.893881;1.544829;5.278103;0.987282;1.539736;4.399555;0.976156;1.539252;3.453910;0.992980;1.518946;2.748453;0.999929;1.536126;1.536126;1.536126;1.536126;1.536126;1.000000;0.000000;0.000000;
11.905948;1.544827;5.371493;0.979658;1.538987;4.401758;0.970302;1.539322;3.494113;0.988621;1.520437;2.499932;0.998453;1.536341;1.536341;1.536341;1.536341;1.536341;1.000000;0.000000;0.000000;
11.918014;1.544745;5.452549;0.971428;1.538245;4.390821;0.964087;1.539351;3.528207;0.983522;1.522406;2.265287;0.995708;1.536638;1.536638;1.536638;1.536638;1.536638;1.000000;0.000000;0.000000;
11.930080;1.544595;5.521916;0.963096;1.537531;4.368607;0.957985;1.539349;3.555340;0.978146;1.524814;2.054337;0.992174;1.537018;1.537018;1.537018;1.537018;1.537018;1.000000;0.000000;0.000000;
11.942147;1.544385;5.581222;0.955181;1.536858;4.337208;0.952476;1.539322;3.575237;0.972973;1.527606;1.875518;0.988373;1.537475;1.537475;1.537475;1.537475;1.537475;1.000000;0.000000;0.000000;
11.954213;1.544125;5.632671;0.948168;1.536241;4.298647;0.948001;1.539279;3.588054;0.968457;1.530709;1.735508;0.984808;1.537999;1.537999;1.537999;1.537999;1.537999;1.000000;0.000000;0.000000;
11.966280;1.543820;5.678598;0.942466;1.535687;4.254612;0.944921;1.539228;3.594168;0.964979;1.534042;1.639110;0.981909;1.538577;1.538577;1.538577;1.538577;1.538577;1.000000;0.000000;0.000000;
11.978346;1.543476;5.721045;0.938377;1.535205;4.206252;0.943483;1.539176;3.593959;0.962814;1.537514;1.589298;0.979990;1.539191;1.539191;1.539191;1.539191;1.539191;1.000000;0.000000;0.000000;
11.990413;1.543095;5.761264;0.936066;1.534801;4.154054;0.943798;1.539129;3.587624;0.962100;1.541032;1.587440;0.979209;1.539824;1.539824;1.539824;1.539824;1.539824;1.000000;0.000000;0.000000;
12.002479;1.542679;5.800198;0.935578;1.534481;4.097944;0.945852;1.539094;3.575150;0.962854;1.544500;1.632944;0.979588;1.540455;1.540455;1.540455;1.540455;1.540455;1.000000;0.000000;0.000000;
12.017260;1.542124;5.845084;0.937290;1.534213;4.023070;0.950468;1.539080;3.551164;0.965559;1.548532;1.750219;0.981389;1.541198;1.541198;1.541198;1.541198;1.541198;1.000000;0.000000;0.000000;
12.032041;1.541526;5.884437;0.941111;1.534095;3.939720;0.956868;1.539109;3.516851;0.969743;1.552191;1.928558;0.984117;1.541881;1.541881;1.541881;1.541881;1.541881;1.000000;0.000000;0.000000;
12.046823;1.540891;5.914373;0.946403;1.534143;3.846397;0.964315;1.539193;3.471657;0.974730;1.555346;2.157505;0.987020;1.542482;1.542482;1.542482;1.542482;1.542482;1.000000;0.000000;0.000000;
12.061604;1.540235;5.930190;0.952413;1.534374;3.742671;0.971970;1.539347;3.415800;0.979743;1.557895;2.423107;0.989260;1.542988;1.542988;1.542988;1.542988;1.542988;1.000000;0.000000;0.000000;
12.074907;1.539639;5.928631;0.957832;1.534752;3.641345;0.978385;1.539555;3.357400;0.983677;1.559615;2.680529;0.990077;1.543359;1.543359;1.543359;1.543359;1.543359;1.000000;0.000000;0.000000;
12.088210;1.539057;5.909067;0.962715;1.535302;3.534590;0.983773;1.539837;3.293214;0.986541;1.560764;2.941581;0.989249;1.543653;1.543653;1.543653;1.543653;1.543653;1.000000;0.000000;0.000000;
12.101513;1.538507;5.870429;0.966770;1.536028;3.426702;0.987838;1.540197;3.226394;0.988093;1.561351;3.193895;0.986608;1.543879;1.543879;1.543879;1.543879;1.543879;1.000000;0.000000;0.000000;
12.114816;1.538008;5.812541;0.969819;1.536928;3.322319;0.990415;1.540636;3.160269;0.988220;1.561405;3.426978;0.982148;1.544049;1.544049;1.544049;1.544049;1.544049;1.000000;0.000000;0.000000;
12.128119;1.537578;5.736576;0.971858;1.537989;3.226608;0.991531;1.541150;3.098375;0.986993;1.560979;3.632936;0.976088;1.544179;1.544179;1.544179;1.544179;1.544179;1.000000;0.000000;0.000000;
12.141422;1.537235;5.644611;0.973024;1.539194;3.144386;0.991361;1.541732;3.043877;0.984633;1.560135;3.807380;0.968815;1.544281;1.544281;1.544281;1.544281;1.544281;1.000000;0.000000;0.000000;
12.154725;1.536993;5.539354;0.973554;1.540517;3.079750;0.990192;1.542371;2.999358;0.981463;1.558945;3.949119;0.960835;1.544370;1.544370;1.544370;1.544370;1.544370;1.000000;0.000000;0.000000;
12.168028;1.536863;5.423767;0.973739;1.541925;3.035718;0.988363;1.543054;2.966630;0.977858;1.557478;4.059748;0.952701;1.544455;1.544455;1.544455;1.544455;1.544455;1.000000;0.000000;0.000000;
12.181331;1.536856;5.300804;0.973877;1.543383;3.014109;0.986223;1.543766;2.946721;0.974199;1.555799;4.142836;0.944957;1.544543;1.544543;1.544543;1.544543;1.544543;1.000000;0.000000;0.000000;
12.194634;1.536976;5.173248;0.974239;1.544855;3.015562;0.984090;1.544492;2.939961;0.970830;1.553963;4.203034;0.938093;1.544637;1.544637;1.544637;1.544637;1.544637;1.000000;0.000000;0.000000;
12.207937;1.537226;5.043666;0.975043;1.546301;3.039681;0.982227;1.545216;2.946133;0.968040;1.552015;4.245242;0.932514;1.544737;1.544737;1.544737;1.544737;1.544737;1.000000;0.000000;0.000000;
12.221241;1.537608;4.914467;0.976438;1.547687;3.085215;0.980828;1.545923;2.964644;0.966044;1.549991;4.273933;0.928524;1.544840;1.544840;1.544840;1.544840;1.544840;1.000000;0.000000;0.000000;
12.234544;1.538120;4.788004;0.978510;1.548978;3.150266;0.980018;1.546599;2.994686;0.964984;1.547917;4.292656;0.926329;1.544940;1.544940;1.544940;1.544940;1.544940;1.000000;0.000000;0.000000;
12.247847;1.538757;4.666707;0.981276;1.550145;3.232472;0.979858;1.547230;3.035370;0.964933;1.545813;4.303719;0.926032;1.545032;1.545032;1.545032;1.545032;1.545032;1.000000;0.000000;0.000000;
12.261150;1.539512;4.553180;0.984700;1.551162;3.329163;0.980351;1.547804;3.085807;0.965895;1.543696;4.308018;0.927651;1.545109;1.545109;1.545109;1.545109;1.545109;1.000000;0.000000;0.000000;
12.274453;1.540375;4.450247;0.988691;1.552007;3.437479;0.981450;1.548311;3.145144;0.967819;1.541582;4.304982;0.931116;1.545165;1.545165;1.545165;1.545165;1.545165;1.000000;0.000000;0.000000;
12.287756;1.541334;4.360928;0.993117;1.552665;3.554443;0.983060;1.548740;3.212552;0.970593;1.539491;4.292637;0.936278;1.545195;1.545195;1.545195;1.545195;1.545195;1.000000;0.000000;0.000000;
12.301059;1.542374;4.288320;0.997799;1.553123;3.676997;0.985045;1.549081;3.287156;0.974054;1.537447;4.267781;0.942910;1.545194;1.545194;1.545194;1.545194;1.545194;1.000000;0.000000;0.000000;
12.314362;1.543474;4.235398;1.002519;1.553376;3.802008;0.987228;1.549328;3.367936;0.977989;1.535483;4.226279;0.950708;1.545163;1.545163;1.545163;1.545163;1.545163;1.000000;0.000000;0.000000;
12.327665;1.544614;4.204744;1.007020;1.553422;3.926265;0.989394;1.549474;3.453600;0.982134;1.533641;4.163530;0.959293;1.545103;1.545103;1.545103;1.545103;1.545103;1.000000;0.000000;0.000000;
12.340968;1.545771;4.198230;1.011014;1.553266;4.046488;0.991298;1.549514;3.542463;0.986191;1.531973;4.075074;0.968225;1.545019;1.545019;1.545019;1.545019;1.545019;1.000000;0.000000;0.000000;
12.354271;1.546918;4.216708;1.014200;1.552919;4.159381;0.992686;1.549447;3.632367;0.989841;1.530539;3.957341;0.977022;1.544920;1.544920;1.544920;1.544920;1.544920;1.000000;0.000000;0.000000;
12.367574;1.548031;4.259763;1.016284;1.552394;4.261746;0.993312;1.549272;3.720675;0.992775;1.529404;3.808456;0.985196;1.544818;1.544818;1.544818;1.544818;1.544818;1.000000;0.000000;0.000000;
12.380877;1.549087;4.325601;1.017016;1.551713;4.350666;0.992977;1.548995;3.804372;0.994724;1.528636;3.628955;0.992294;1.544727;1.544727;1.544727;1.544727;1.544727;1.000000;0.000000;0.000000;
12.394180;1.550063;4.411127;1.016223;1.550900;4.423737;0.991558;1.548623;3.880274;0.995505;1.528295;3.422268;0.997953;1.544663;1.544663;1.544663;1.544663;1.544663;1.000000;0.000000;0.000000;
12.407483;1.550943;4.512243;1.013845;1.549983;4.479291;0.989043;1.548168;3.945331;0.995044;1.528433;3.194809;1.001942;1.544642;1.544642;1.544642;1.544642;1.544642;1.000000;0.000000;0.000000;
12.420786;1.551713;4.624332;1.009958;1.548992;4.516574;0.985545;1.547645;3.996941;0.993406;1.529084;2.955601;1.004196;1.544679;1.544679;1.544679;1.544679;1.544679;1.000000;0.000000;0.000000;
12.434090;1.552365;4.742817;1.004773;1.547956;4.535780;0.981304;1.547072;4.033227;0.990793;1.530258;2.715499;1.004827;1.544784;1.544784;1.544784;1.544784;1.544784;1.000000;0.000000;0.000000;
12.447393;1.552895;4.863689;0.998627;1.546905;4.537953;0.976664;1.546468;4.053168;0.987522;1.531944;2.486140;1.004108;1.544965;1.544965;1.544965;1.544965;1.544965;1.000000;0.000000;0.000000;
12.460696;1.553302;4.983847;0.991937;1.545867;4.524742;0.972034;1.545853;4.056584;0.983987;1.534104;2.278864;1.002430;1.545223;1.545223;1.545223;1.545223;1.545223;1.000000;0.000000;0.000000;
12.473999;1.553588;5.101212;0.985158;1.544863;4.498066;0.967839;1.545246;4.043959;0.980609;1.536677;2.103789;1.000241;1.545554;1.545554;1.545554;1.545554;1.545554;1.000000;0.000000;0.000000;
12.487302;1.553756;5.214581;0.978722;1.543917;4.459759;0.964461;1.544668;4.016167;0.977774;1.539584;1.969157;0.997980;1.545950;1.545950;1.545950;1.545950;1.545950;1.000000;0.000000;0.000000;
12.500605;1.553812;5.323331;0.972992;1.543045;4.411271;0.962197;1.544135;3.974189;0.975784;1.542728;1.880965;0.996007;1.546397;1.546397;1.546397;1.546397;1.546397;1.000000;0.000000;0.000000;
12.513908;1.553760;5.427041;0.968220;1.542265;4.353467;0.961215;1.543664;3.918877;0.974819;1.546003;1.842816;0.994558;1.546880;1.546880;1.546880;1.546880;1.546880;1.000000;0.000000;0.000000;
12.527211;1.553606;5.525152;0.964526;1.541591;4.286575;0.961541;1.543271;3.850842;0.974912;1.549299;1.855878;0.993708;1.547380;1.547380;1.547380;1.547380;1.547380;1.000000;0.000000;0.000000;
12.540514;1.553357;5.616727;0.961893;1.541038;4.210276;0.963050;1.542970;3.770490;0.975950;1.552504;1.918890;0.993364;1.547880;1.547880;1.547880;1.547880;1.547880;1.000000;0.000000;0.000000;
12.553817;1.553020;5.700366;0.960177;1.540624;4.123953;0.965485;1.542776;3.678195;0.977686;1.555514;2.028179;0.993283;1.548364;1.548364;1.548364;1.548364;1.548364;1.000000;0.000000;0.000000;
12.567120;1.552604;5.774265;0.959132;1.540364;4.027048;0.968487;1.542703;3.574576;0.979771;1.558235;2.177727;0.993109;1.548820;1.548820;1.548820;1.548820;1.548820;1.000000;0.000000;0.000000;
12.580423;1.552121;5.836414;0.958457;1.540275;3.919485;0.971642;1.542762;3.460806;0.981809;1.560587;2.359389;0.992436;1.549238;1.549238;1.549238;1.549238;1.549238;1.000000;0.000000;0.000000;
12.593726;1.551584;5.884879;0.957843;1.540375;3.802058;0.974534;1.542965;3.338866;0.983406;1.562513;2.563339;0.990873;1.549615;1.549615;1.549615;1.549615;1.549615;1.000000;0.000000;0.000000;
12.607029;1.551008;5.918113;0.957023;1.540676;3.676698;0.976808;1.543317;3.211654;0.984236;1.563977;2.778802;0.988110;1.549950;1.549950;1.549950;1.549950;1.549950;1.000000;0.000000;0.000000;
12.620332;1.550408;5.935224;0.955821;1.541188;3.546544;0.978211;1.543823;3.082908;0.984081;1.564966;2.995007;0.983982;1.550250;1.550250;1.550250;1.550250;1.550250;1.000000;0.000000;0.000000;
12.633635;1.549800;5.936130;0.954179;1.541915;3.415780;0.978631;1.544481;2.956951;0.982870;1.565491;3.202221;0.978493;1.550520;1.550520;1.550520;1.550520;1.550520;1.000000;0.000000;0.000000;
12.646939;1.549201;5.921580;0.952171;1.542853;3.289279;0.978108;1.545284;2.838309;0.980679;1.565579;3.392656;0.971831;1.550770;1.550770;1.550770;1.550770;1.550770;1.000000;0.000000;0.000000;
12.660242;1.548626;5.893020;0.949984;1.543989;3.172142;0.976813;1.546219;2.731307;0.977724;1.565274;3.561054;0.964341;1.551010;1.551010;1.551010;1.551010;1.551010;1.000000;0.000000;0.000000;
12.673545;1.548087;5.852354;0.947897;1.545304;3.069236;0.975027;1.547271;2.639730;0.974318;1.564626;3.704858;0.956482;1.551245;1.551245;1.551245;1.551245;1.551245;1.000000;0.000000;0.000000;
12.686848;1.547596;5.801646;0.946231;1.546769;2.984810;0.973086;1.548418;2.566600;0.970831;1.563689;3.823966;0.948777;1.551482;1.551482;1.551482;1.551482;1.551482;1.000000;0.000000;0.000000;
12.700151;1.547162;5.742827;0.945312;1.548352;2.922250;0.971340;1.549637;2.514091;0.967643;1.562517;3.920182;0.941748;1.551723;1.551723;1.551723;1.551723;1.551723;1.000000;0.000000;0.000000;
12.713454;1.546793;5.677457;0.945423;1.550015;2.883959;0.970106;1.550902;2.483558;0.965095;1.561155;3.996499;0.935873;1.551965;1.551965;1.551965;1.551965;1.551965;1.000000;0.000000;0.000000;
12.726757;1.546494;5.606587;0.946776;1.551715;2.871344;0.969634;1.552186;2.475634;0.963461;1.559644;4.056369;0.931540;1.552206;1.552206;1.552206;1.552206;1.552206;1.000000;0.000000;0.000000;
12.740060;1.546271;5.530727;0.949489;1.553410;2.884860;0.970083;1.553462;2.490358;0.962922;1.558018;4.103056;0.929025;1.552438;1.552438;1.552438;1.552438;1.552438;1.000000;0.000000;0.000000;
12.753363;1.546128;5.449935;0.953572;1.555058;2.924090;0.971511;1.554704;2.527293;0.963560;1.556302;4.139136;0.928478;1.552653;1.552653;1.552653;1.552653;1.552653;1.000000;0.000000;0.000000;
12.766666;1.546072;5.363996;0.958933;1.556618;2.987813;0.973875;1.555884;2.585609;0.965351;1.554519;4.166157;0.929920;1.552843;1.552843;1.552843;1.552843;1.552843;1.000000;0.000000;0.000000;
12.779969;1.546107;5.272674;0.965380;1.558050;3.074064;0.977039;1.556978;2.664133;0.968177;1.552691;4.184459;0.933255;1.553000;1.553000;1.553000;1.553000;1.553000;1.000000;0.000000;0.000000;
12.793272;1.546238;5.175992;0.972643;1.559320;3.180187;0.980788;1.557964;2.761344;0.971840;1.550836;4.193149;0.938279;1.553116;1.553116;1.553116;1.553116;1.553116;1.000000;0.000000;0.000000;
12.806575;1.546470;5.074497;0.980391;1.560398;3.302885;0.984850;1.558819;2.875350;0.976076;1.548981;4.190202;0.944698;1.553187;1.553187;1.553187;1.553187;1.553187;1.000000;0.000000;0.000000;
12.819878;1.546808;4.969459;0.988252;1.561261;3.438294;0.988918;1.559525;3.003839;0.980578;1.547154;4.172700;0.952152;1.553213;1.553213;1.553213;1.553213;1.553213;1.000000;0.000000;0.000000;
12.833181;1.547252;4.862957;0.995847;1.561892;3.582085;0.992674;1.560068;3.144029;0.985016;1.545391;4.137201;0.960231;1.553193;1.553193;1.553193;1.553193;1.553193;1.000000;0.000000;0.000000;
12.846484;1.547803;4.757838;1.002805;1.562281;3.729612;0.995809;1.560434;3.292646;0.989063;1.543736;4.080211;0.968503;1.553135;1.553135;1.553135;1.553135;1.553135;1.000000;0.000000;0.000000;
12.859788;1.548456;4.657520;1.008793;1.562426;3.876109;0.998054;1.560619;3.445939;0.992414;1.542240;3.998751;0.976537;1.553046;1.553046;1.553046;1.553046;1.553046;1.000000;0.000000;0.000000;
12.873091;1.549206;4.565701;1.013538;1.562334;4.016930;0.999198;1.560618;3.599768;0.994817;1.540957;3.890948;0.983934;1.552938;1.552938;1.552938;1.552938;1.552938;1.000000;0.000000;0.000000;
12.886394;1.550040;4.485980;1.016844;1.562019;4.147821;0.999112;1.560434;3.749767;0.996092;1.539946;3.756577;0.990353;1.552827;1.552827;1.552827;1.552827;1.552827;1.000000;0.000000;0.000000;
12.899697;1.550946;4.421508;1.018616;1.561499;4.265194;0.997763;1.560076;3.891590;0.996154;1.539262;3.597445;0.995543;1.552726;1.552726;1.552726;1.552726;1.552726;1.000000;0.000000;0.000000;
12.913000;1.551906;4.374703;1.018863;1.560800;4.366369;0.995230;1.559557;4.021205;0.995027;1.538952;3.417550;0.999363;1.552651;1.552651;1.552651;1.552651;1.552651;1.000000;0.000000;0.000000;
12.926303;1.552901;4.347097;1.017705;1.559951;4.449737;0.991699;1.558893;4.135192;0.992852;1.539055;3.222935;1.001802;1.552616;1.552616;1.552616;1.552616;1.552616;1.000000;0.000000;0.000000;
12.939606;1.553912;4.339333;1.015366;1.558981;4.514803;0.987462;1.558105;4.230980;0.989880;1.539593;3.021283;1.002978;1.552633;1.552633;1.552633;1.552633;1.552633;1.000000;0.000000;0.000000;
12.952909;1.554918;4.351288;1.012153;1.557919;4.562084;0.982888;1.557218;4.306971;0.986450;1.540570;2.821294;1.003125;1.552710;1.552710;1.552710;1.552710;1.552710;1.000000;0.000000;0.000000;
12.966212;1.555901;4.382259;1.008426;1.556796;4.592876;0.978390;1.556255;4.362497;0.982959;1.541971;2.631981;1.002565;1.552848;1.552848;1.552848;1.552848;1.552848;1.000000;0.000000;0.000000;
12.979515;1.556842;4.431163;1.004564;1.555637;4.608910;0.974389;1.555242;4.397640;0.979814;1.543763;2.462000;1.001664;1.553046;1.553046;1.553046;1.553046;1.553046;1.000000;0.000000;0.000000;
12.992818;1.557723;4.496671;1.000921;1.554464;4.611975;0.971264;1.554203;4.412934;0.977391;1.545893;2.319091;1.000784;1.553299;1.553299;1.553299;1.553299;1.553299;1.000000;0.000000;0.000000;
13.006121;1.558529;4.577259;0.997784;1.553298;4.603550;0.969309;1.553161;4.409042;0.975989;1.548295;2.209688;1.000233;1.553596;1.553596;1.553596;1.553596;1.553596;1.000000;0.000000;0.000000;
13.019424;1.559245;4.671170;0.995347;1.552159;4.584521;0.968707;1.552140;4.386466;0.975788;1.550889;2.138656;1.000218;1.553923;1.553923;1.553923;1.553923;1.553923;1.000000;0.000000;0.000000;
13.032727;1.559859;4.776326;0.993682;1.551063;4.555025;0.969495;1.551162;4.345373;0.976831;1.553587;2.109131;1.000813;1.554266;1.554266;1.554266;1.554266;1.554266;1.000000;0.000000;0.000000;
13.046030;1.560360;4.890219;0.992732;1.550030;4.514439;0.971566;1.550250;4.285573;0.979008;1.556296;2.122389;1.001947;1.554608;1.554608;1.554608;1.554608;1.554608;1.000000;0.000000;0.000000;
13.059333;1.560743;5.009849;0.992318;1.549077;4.461529;0.974667;1.549426;4.206660;0.982067;1.558925;2.177723;1.003398;1.554936;1.554936;1.554936;1.554936;1.554936;1.000000;0.000000;0.000000;
13.072636;1.561003;5.131736;0.992157;1.548228;4.394747;0.978428;1.548714;4.108303;0.985634;1.561383;2.272343;1.004823;1.555238;1.555238;1.555238;1.555238;1.555238;1.000000;0.000000;0.000000;
13.085940;1.561141;5.252032;0.991896;1.547506;4.312642;0.982395;1.548135;3.990629;0.989255;1.563591;2.401346;1.005794;1.555506;1.555506;1.555506;1.555506;1.555506;1.000000;0.000000;0.000000;
13.099243;1.561159;5.366740;0.991158;1.546936;4.214322;0.986081;1.547712;3.854616;0.992445;1.565482;2.557840;1.005856;1.555734;1.555734;1.555734;1.555734;1.555734;1.000000;0.000000;0.000000;
13.112546;1.561066;5.472012;0.989596;1.546546;4.099884;0.989019;1.547465;3.702393;0.994749;1.567005;2.733320;1.004594;1.555926;1.555926;1.555926;1.555926;1.555926;1.000000;0.000000;0.000000;
13.125849;1.560874;5.564493;0.986941;1.546358;3.970729;0.990826;1.547410;3.537368;0.995798;1.568132;2.918313;1.001690;1.556085;1.556085;1.556085;1.556085;1.556085;1.000000;0.000000;0.000000;
13.139152;1.560597;5.641638;0.983046;1.546395;3.829671;0.991244;1.547559;3.364120;0.995360;1.568852;3.103238;0.996984;1.556222;1.556222;1.556222;1.556222;1.556222;1.000000;0.000000;0.000000;
13.152455;1.560250;5.701962;0.977913;1.546671;3.680818;0.990174;1.547917;3.188074;0.993365;1.569175;3.279372;0.990498;1.556348;1.556348;1.556348;1.556348;1.556348;1.000000;0.000000;0.000000;
13.165758;1.559852;5.745158;0.971705;1.547195;3.529237;0.987690;1.548484;3.015031;0.989920;1.569130;3.439700;0.982451;1.556477;1.556477;1.556477;1.556477;1.556477;1.000000;0.000000;0.000000;
13.179061;1.559419;5.772069;0.964726;1.547965;3.380499;0.984024;1.549250;2.850661;0.985288;1.568756;3.579494;0.973230;1.556621;1.556621;1.556621;1.556621;1.556621;1.000000;0.000000;0.000000;
13.192364;1.558966;5.784514;0.957393;1.548971;3.240182;0.979534;1.550203;2.700063;0.979860;1.568101;3.696518;0.963362;1.556789;1.556789;1.556789;1.556789;1.556789;1.000000;0.000000;0.000000;
13.205667;1.558508;5.785006;0.950195;1.550194;3.113450;0.974664;1.551323;2.567478;0.974103;1.567214;3.790834;0.953448;1.556989;1.556989;1.556989;1.556989;1.556989;1.000000;0.000000;0.000000;
13.218970;1.558055;5.776392;0.943640;1.551609;3.004748;0.969893;1.552586;2.456166;0.968515;1.566143;3.864317;0.944117;1.557223;1.557223;1.557223;1.557223;1.557223;1.000000;0.000000;0.000000;
13.232273;1.557614;5.761496;0.938211;1.553182;2.917647;0.965681;1.553964;2.368438;0.963576;1.564931;3.919988;0.935963;1.557491;1.557491;1.557491;1.557491;1.557491;1.000000;0.000000;0.000000;
13.245576;1.557192;5.742780;0.934324;1.554875;2.854802;0.962436;1.555429;2.305792;0.959701;1.563613;3.961313;0.929503;1.557786;1.557786;1.557786;1.557786;1.557786;1.000000;0.000000;0.000000;
13.258879;1.556790;5.722081;0.932299;1.556646;2.817995;0.960473;1.556949;2.269089;0.957216;1.562218;3.991570;0.925142;1.558099;1.558099;1.558099;1.558099;1.558099;1.000000;0.000000;0.000000;
13.272182;1.556412;5.700438;0.932331;1.558452;2.808211;0.959997;1.558493;2.258727;0.956334;1.560767;4.013330;0.923151;1.558420;1.558420;1.558420;1.558420;1.558420;1.000000;0.000000;0.000000;
13.285485;1.556057;5.678009;0.934486;1.560247;2.825711;0.961085;1.560029;2.274769;0.957138;1.559279;4.028105;0.923651;1.558734;1.558734;1.558734;1.558734;1.558734;1.000000;0.000000;0.000000;
13.312092;1.555426;5.628049;0.944570;1.563576;2.938107;0.967503;1.562911;2.383621;0.963390;1.556276;4.035953;0.931694;1.559275;1.559275;1.559275;1.559275;1.559275;1.000000;0.000000;0.000000;
13.336037;1.554967;5.567827;0.958716;1.566118;3.118799;0.976779;1.565172;2.564655;0.972998;1.553634;4.009144;0.945487;1.559626;1.559626;1.559626;1.559626;1.559626;1.000000;0.000000;0.000000;
13.357588;1.554673;5.491203;0.973406;1.567881;3.331810;0.986029;1.566809;2.786680;0.982946;1.551441;3.942718;0.960982;1.559808;1.559808;1.559808;1.559808;1.559808;1.000000;0.000000;0.000000;
13.376984;1.554536;5.398624;0.986343;1.568955;3.549356;0.993414;1.567879;3.023874;0.991253;1.549756;3.836829;0.975377;1.559866;1.559866;1.559866;1.559866;1.559866;1.000000;0.000000;0.000000;
13.394440;1.554544;5.295284;0.996448;1.569469;3.752545;0.998163;1.568473;3.256447;0.997019;1.548597;3.698881;0.987199;1.559852;1.559852;1.559852;1.559852;1.559852;1.000000;0.000000;0.000000;
13.410151;1.554677;5.187629;1.003496;1.569564;3.930748;1.000244;1.568691;3.470980;1.000107;1.547941;3.540306;0.995941;1.559810;1.559810;1.559810;1.559810;1.559810;1.000000;0.000000;0.000000;
13.424290;1.554911;5.082078;1.007850;1.569363;4.080080;1.000129;1.568631;3.660123;1.000922;1.547729;3.373966;1.001818;1.559770;1.559770;1.559770;1.559770;1.559770;1.000000;0.000000;0.000000;
13.438430;1.555260;4.972318;1.010233;1.568916;4.213416;0.998159;1.568338;3.838220;0.999853;1.547923;3.192181;1.005613;1.559748;1.559748;1.559748;1.559748;1.559748;1.000000;0.000000;0.000000;
13.452570;1.555727;4.862760;1.010788;1.568253;4.327364;0.994592;1.567830;3.999485;0.997117;1.548547;3.003734;1.007399;1.559764;1.559764;1.559764;1.559764;1.559764;1.000000;0.000000;0.000000;
13.466709;1.556308;4.757929;1.009847;1.567411;4.420537;0.989869;1.567133;4.139826;0.993123;1.549605;2.818419;1.007460;1.559829;1.559829;1.559829;1.559829;1.559829;1.000000;0.000000;0.000000;
13.480849;1.556995;4.662456;1.007880;1.566425;4.492956;0.984564;1.566275;4.256472;0.988421;1.551074;2.646671;1.006255;1.559953;1.559953;1.559953;1.559953;1.559953;1.000000;0.000000;0.000000;
13.494988;1.557776;4.580334;1.005428;1.565331;4.546310;0.979315;1.565287;4.348658;0.983635;1.552913;2.497748;1.004337;1.560137;1.560137;1.560137;1.560137;1.560137;1.000000;0.000000;0.000000;
13.509128;1.558636;4.514982;1.003035;1.564161;4.582995;0.974745;1.564201;4.416776;0.979388;1.555057;2.379551;1.002278;1.560376;1.560376;1.560376;1.560376;1.560376;1.000000;0.000000;0.000000;
13.523268;1.559554;4.469041;1.001175;1.562940;4.605544;0.971394;1.563048;4.461904;0.976219;1.557427;2.298087;1.000589;1.560657;1.560657;1.560657;1.560657;1.560657;1.000000;0.000000;0.000000;
13.537407;1.560508;4.444306;1.000198;1.561694;4.616023;0.969652;1.561856;4.485204;0.974524;1.559934;2.257294;0.999650;1.560967;1.560967;1.560967;1.560967;1.560967;1.000000;0.000000;0.000000;
13.551547;1.561474;4.441556;1.000229;1.560444;4.615053;0.969664;1.560655;4.486878;0.974448;1.562475;2.258800;0.999593;1.561285;1.561285;1.561285;1.561285;1.561285;1.000000;0.000000;0.000000;
13.565686;1.562429;4.461292;1.001429;1.559208;4.604083;0.971595;1.559470;4.468556;0.976170;1.564955;2.303132;1.000615;1.561593;1.561593;1.561593;1.561593;1.561593;1.000000;0.000000;0.000000;
13.582973;1.563546;4.513633;1.003970;1.557748;4.573924;0.975998;1.558085;4.416838;0.980139;1.567760;2.409983;1.002748;1.561927;1.561927;1.561927;1.561927;1.561927;1.000000;0.000000;0.000000;
13.600260;1.564573;4.594444;1.007138;1.556385;4.521956;0.982010;1.556818;4.331171;0.985527;1.570179;2.568179;1.005269;1.562193;1.562193;1.562193;1.562193;1.562193;1.000000;0.000000;0.000000;
13.617547;1.565476;4.698517;1.010044;1.555168;4.444117;0.988611;1.555719;4.210568;0.991324;1.572087;2.765016;1.007238;1.562374;1.562374;1.562374;1.562374;1.562374;1.000000;0.000000;0.000000;
13.633106;1.566163;4.806739;1.011646;1.554245;4.349072;0.994135;1.554917;4.072360;0.995987;1.573301;2.962634;1.007720;1.562465;1.562465;1.562465;1.562465;1.562465;1.000000;0.000000;0.000000;
13.648664;1.566716;4.922801;1.011580;1.553534;4.229265;0.998410;1.554330;3.908351;0.999302;1.574002;3.165802;1.006278;1.562493;1.562493;1.562493;1.562493;1.562493;1.000000;0.000000;0.000000;
13.662666;1.567094;5.029717;1.009880;1.553109;4.102994;1.000875;1.554010;3.743855;1.000856;1.574194;3.344039;1.003197;1.562477;1.562477;1.562477;1.562477;1.562477;1.000000;0.000000;0.000000;
13.676669;1.567359;5.134046;1.006289;1.552917;3.960981;1.001568;1.553907;3.567344;1.000631;1.573992;3.508089;0.998131;1.562439;1.562439;1.562439;1.562439;1.562439;1.000000;0.000000;0.000000;
13.690671;1.567516;5.232249;1.000902;1.552982;3.808413;1.000486;1.554029;3.385417;0.998665;1.573435;3.651835;0.991276;1.562397;1.562397;1.562397;1.562397;1.562397;1.000000;0.000000;0.000000;
13.704674;1.567572;5.321628;0.993944;1.553315;3.650800;0.997757;1.554380;3.204254;0.995131;1.572576;3.771659;0.982965;1.562368;1.562368;1.562368;1.562368;1.562368;1.000000;0.000000;0.000000;
13.718676;1.567538;5.400109;0.985796;1.553920;3.494703;0.993674;1.554953;3.030456;0.990354;1.571472;3.865671;0.973679;1.562369;1.562369;1.562369;1.562369;1.562369;1.000000;0.000000;0.000000;
13.732678;1.567426;5.467099;0.976960;1.554786;3.346234;0.988656;1.555735;2.869454;0.984783;1.570179;3.934885;0.964016;1.562411;1.562411;1.562411;1.562411;1.562411;1.000000;0.000000;0.000000;
13.746681;1.567249;5.523009;0.968006;1.555895;3.211158;0.983200;1.556705;2.725888;0.978930;1.568754;3.981824;0.954624;1.562502;1.562502;1.562502;1.562502;1.562502;1.000000;0.000000;0.000000;
13.760683;1.567017;5.569146;0.959516;1.557220;3.094442;0.977822;1.557841;2.603369;0.973324;1.567243;4.009972;0.946141;1.562644;1.562644;1.562644;1.562644;1.562644;1.000000;0.000000;0.000000;
13.774686;1.566741;5.607395;0.952035;1.558724;3.000088;0.973012;1.559112;2.504521;0.968451;1.565686;4.023016;0.939143;1.562835;1.562835;1.562835;1.562835;1.562835;1.000000;0.000000;0.000000;
13.788688;1.566427;5.639840;0.946028;1.560366;2.931082;0.969183;1.560488;2.431135;0.964724;1.564115;4.024187;0.934103;1.563067;1.563067;1.563067;1.563067;1.563067;1.000000;0.000000;0.000000;
13.802691;1.566080;5.668179;0.941836;1.562100;2.889612;0.966638;1.561935;2.384553;0.962436;1.562555;4.015514;0.931348;1.563331;1.563331;1.563331;1.563331;1.563331;1.000000;0.000000;0.000000;
13.816693;1.565706;5.694278;0.939683;1.563877;2.876328;0.965570;1.563420;2.364898;0.961770;1.561028;3.998539;0.931069;1.563613;1.563613;1.563613;1.563613;1.563613;1.000000;0.000000;0.000000;
13.830696;1.565305;5.718494;0.939621;1.565649;2.891720;0.966008;1.564908;2.372690;0.962747;1.559555;3.972533;0.933262;1.563900;1.563900;1.563900;1.563900;1.563900;1.000000;0.000000;0.000000;
13.858701;1.564441;5.758816;0.945129;1.568920;3.002872;0.970751;1.567711;2.467943;0.968911;1.556904;3.886904;0.944053;1.564425;1.564425;1.564425;1.564425;1.564425;1.000000;0.000000;0.000000;
13.881300;1.563700;5.776959;0.953726;1.571171;3.162110;0.977024;1.569710;2.617881;0.976632;1.555163;3.771928;0.957284;1.564780;1.564780;1.564780;1.564780;1.564780;1.000000;0.000000;0.000000;
13.903900;1.562955;5.770990;0.963955;1.572913;3.366525;0.983496;1.571341;2.822245;0.984735;1.553970;3.603958;0.971919;1.565064;1.565064;1.565064;1.565064;1.565064;1.000000;0.000000;0.000000;
13.922155;1.562381;5.741626;0.972136;1.573885;3.551881;0.987690;1.572331;3.017494;0.990318;1.553527;3.427447;0.983169;1.565250;1.565250;1.565250;1.565250;1.565250;1.000000;0.000000;0.000000;
13.938584;1.561916;5.692614;0.978586;1.574401;3.722899;0.989941;1.572938;3.206437;0.993808;1.553618;3.241460;0.991774;1.565401;1.565401;1.565401;1.565401;1.565401;1.000000;0.000000;0.000000;
13.953370;1.561562;5.629356;0.983288;1.574573;3.872613;0.990480;1.573245;3.379503;0.995402;1.554146;3.059599;0.997809;1.565538;1.565538;1.565538;1.565538;1.565538;1.000000;0.000000;0.000000;
13.968156;1.561290;5.548778;0.986808;1.574482;4.012203;0.989597;1.573324;3.548246;0.995469;1.555120;2.873863;1.002024;1.565692;1.565692;1.565692;1.565692;1.565692;1.000000;0.000000;0.000000;
13.981464;1.561131;5.463154;0.989023;1.574190;4.125872;0.987749;1.573208;3.691751;0.994356;1.556374;2.711991;1.004315;1.565854;1.565854;1.565854;1.565854;1.565854;1.000000;0.000000;0.000000;
13.994771;1.561064;5.367638;0.990508;1.573724;4.226120;0.985186;1.572928;3.823511;0.992391;1.557965;2.563942;1.005376;1.566045;1.566045;1.566045;1.566045;1.566045;1.000000;0.000000;0.000000;
14.008079;1.561098;5.265288;0.991508;1.573105;4.312043;0.982259;1.572501;3.940844;0.989907;1.559852;2.437549;1.005502;1.566266;1.566266;1.566266;1.566266;1.566266;1.000000;0.000000;0.000000;
14.021386;1.561237;5.159376;0.992302;1.572357;4.383643;0.979348;1.571945;4.042020;0.987275;1.561981;2.339447;1.005030;1.566515;1.566515;1.566515;1.566515;1.566515;1.000000;0.000000;0.000000;
14.034694;1.561485;5.053017;0.993180;1.571503;4.441988;0.976838;1.571279;4.126579;0.984874;1.564283;2.274386;1.004316;1.566787;1.566787;1.566787;1.566787;1.566787;1.000000;0.000000;0.000000;
14.048001;1.561840;4.949358;0.994377;1.570565;4.487949;0.975048;1.570525;4.194114;0.983024;1.566683;2.245703;1.003653;1.567073;1.567073;1.567073;1.567073;1.567073;1.000000;0.000000;0.000000;
14.061309;1.562297;4.851199;0.996058;1.569563;4.522407;0.974214;1.569704;4.244584;0.981961;1.569099;2.254810;1.003253;1.567362;1.567362;1.567362;1.567362;1.567362;1.000000;0.000000;0.000000;
14.074616;1.562849;4.760958;0.998299;1.568516;4.545935;0.974466;1.568836;4.278027;0.981815;1.571448;2.301274;1.003219;1.567642;1.567642;1.567642;1.567642;1.567642;1.000000;0.000000;0.000000;
14.087924;1.563487;4.680711;1.001076;1.567443;4.558686;0.975821;1.567943;4.294451;0.982606;1.573651;2.382912;1.003545;1.567899;1.567899;1.567899;1.567899;1.567899;1.000000;0.000000;0.000000;
14.101232;1.564200;4.612322;1.004255;1.566361;4.559966;0.978159;1.567044;4.293445;0.984215;1.575635;2.495958;1.004096;1.568123;1.568123;1.568123;1.568123;1.568123;1.000000;0.000000;0.000000;
14.114539;1.564975;4.557266;1.007640;1.565290;4.549014;0.981288;1.566162;4.274896;0.986458;1.577338;2.635239;1.004676;1.568304;1.568304;1.568304;1.568304;1.568304;1.000000;0.000000;0.000000;
14.127847;1.565797;4.516867;1.010970;1.564253;4.524686;0.984933;1.565316;4.238681;0.989066;1.578711;2.794409;1.005031;1.568437;1.568437;1.568437;1.568437;1.568437;1.000000;0.000000;0.000000;
14.141154;1.566650;4.492230;1.013958;1.563271;4.485840;0.988778;1.564528;4.184991;0.991739;1.579717;2.966293;1.004888;1.568517;1.568517;1.568517;1.568517;1.568517;1.000000;0.000000;0.000000;
14.154462;1.567518;4.483996;1.016322;1.562370;4.431672;0.992497;1.563817;4.114570;0.994173;1.580339;3.143395;1.004002;1.568547;1.568547;1.568547;1.568547;1.568547;1.000000;0.000000;0.000000;
14.167769;1.568384;4.492869;1.017813;1.561574;4.361755;0.995792;1.563204;4.028594;0.996100;1.580573;3.318247;1.002184;1.568530;1.568530;1.568530;1.568530;1.568530;1.000000;0.000000;0.000000;
14.181077;1.569231;4.518563;1.018241;1.560908;4.276593;0.998414;1.562704;3.929150;0.997308;1.580434;3.484041;0.999330;1.568475;1.568475;1.568475;1.568475;1.568475;1.000000;0.000000;0.000000;
14.194384;1.570042;4.560255;1.017492;1.560397;4.177486;1.000189;1.562331;3.818867;0.997666;1.579946;3.635167;0.995431;1.568392;1.568392;1.568392;1.568392;1.568392;1.000000;0.000000;0.000000;
14.207692;1.570801;4.616479;1.015537;1.560060;4.066566;1.001027;1.562097;3.700818;0.997131;1.579147;3.767535;0.990578;1.568291;1.568291;1.568291;1.568291;1.568291;1.000000;0.000000;0.000000;
14.220999;1.571495;4.685170;1.012429;1.559915;3.946709;1.000920;1.562007;3.578349;0.995744;1.578082;3.878715;0.984953;1.568185;1.568185;1.568185;1.568185;1.568185;1.000000;0.000000;0.000000;
14.234307;1.572112;4.763814;1.008298;1.559973;3.821370;0.999940;1.562065;3.454877;0.993621;1.576797;3.967886;0.978808;1.568085;1.568085;1.568085;1.568085;1.568085;1.000000;0.000000;0.000000;
14.247614;1.572644;4.849676;1.003339;1.560238;3.694382;0.998223;1.562269;3.333712;0.990937;1.575342;4.035602;0.972448;1.568001;1.568001;1.568001;1.568001;1.568001;1.000000;0.000000;0.000000;
14.260922;1.573086;4.939954;0.997801;1.560709;3.569780;0.995963;1.562614;3.217958;0.987917;1.573762;4.083591;0.966212;1.567941;1.567941;1.567941;1.567941;1.567941;1.000000;0.000000;0.000000;
14.274230;1.573434;5.032265;0.991943;1.561380;3.451480;0.993364;1.563091;3.110334;0.984788;1.572098;4.113690;0.960421;1.567909;1.567909;1.567909;1.567909;1.567909;1.000000;0.000000;0.000000;
14.287537;1.573688;5.124489;0.986053;1.562235;3.343249;0.990661;1.563690;3.013268;0.981798;1.570387;4.128329;0.955400;1.567908;1.567908;1.567908;1.567908;1.567908;1.000000;0.000000;0.000000;
14.300845;1.573848;5.214996;0.980408;1.563255;3.248493;0.988077;1.564395;2.928820;0.979172;1.568661;4.129574;0.951429;1.567939;1.567939;1.567939;1.567939;1.567939;1.000000;0.000000;0.000000;
14.314152;1.573917;5.302625;0.975253;1.564416;3.170163;0.985810;1.565191;2.858710;0.977104;1.566949;4.118947;0.948733;1.568000;1.568000;1.568000;1.568000;1.568000;1.000000;0.000000;0.000000;
14.327460;1.573898;5.386591;0.970790;1.565687;3.110648;0.984009;1.566059;2.804328;0.975735;1.565275;4.097146;0.947460;1.568086;1.568086;1.568086;1.568086;1.568086;1.000000;0.000000;0.000000;
14.340767;1.573796;5.466364;0.967170;1.567037;3.071763;0.982783;1.566980;2.766735;0.975158;1.563666;4.064299;0.947691;1.568193;1.568193;1.568193;1.568193;1.568193;1.000000;0.000000;0.000000;
14.354075;1.573616;5.541479;0.964466;1.568430;3.054622;0.982158;1.567932;2.746659;0.975381;1.562147;4.019445;0.949397;1.568316;1.568316;1.568316;1.568316;1.568316;1.000000;0.000000;0.000000;
14.367382;1.573362;5.611405;0.962677;1.569829;3.059613;0.982093;1.568895;2.744448;0.976344;1.560747;3.961035;0.952457;1.568450;1.568450;1.568450;1.568450;1.568450;1.000000;0.000000;0.000000;
14.380690;1.573041;5.675421;0.961728;1.571199;3.086336;0.982477;1.569846;2.760003;0.977916;1.559498;3.887171;0.956660;1.568592;1.568592;1.568592;1.568592;1.568592;1.000000;0.000000;0.000000;
14.393997;1.572658;5.732561;0.961481;1.572504;3.133571;0.983141;1.570766;2.792722;0.979902;1.558436;3.795957;0.961716;1.568738;1.568738;1.568738;1.568738;1.568738;1.000000;0.000000;0.000000;
14.407305;1.572223;5.781628;0.961752;1.573714;3.199281;0.983871;1.571633;2.841435;0.982067;1.557600;3.685984;0.967277;1.568890;1.568890;1.568890;1.568890;1.568890;1.000000;0.000000;0.000000;
14.420612;1.571744;5.821283;0.962335;1.574800;3.280666;0.984441;1.572432;2.904374;0.984156;1.557032;3.556833;0.972967;1.569048;1.569048;1.569048;1.569048;1.569048;1.000000;0.000000;0.000000;
14.433920;1.571232;5.850194;0.963030;1.575739;3.374297;0.984640;1.573145;2.979196;0.985928;1.556771;3.409518;0.978424;1.569218;1.569218;1.569218;1.569218;1.569218;1.000000;0.000000;0.000000;
14.447228;1.570698;5.867210;0.963673;1.576515;3.476333;0.984304;1.573761;3.063084;0.987188;1.556854;3.246790;0.983332;1.569404;1.569404;1.569404;1.569404;1.569404;1.000000;0.000000;0.000000;
14.460535;1.570154;5.871536;0.964164;1.577118;3.582816;0.983346;1.574272;3.152914;0.987812;1.557307;3.073215;0.987461;1.569612;1.569612;1.569612;1.569612;1.569612;1.000000;0.000000;0.000000;
14.473843;1.569615;5.862863;0.964482;1.577544;3.689985;0.981771;1.574673;3.245485;0.987770;1.558147;2.894990;0.990692;1.569848;1.569848;1.569848;1.569848;1.569848;1.000000;0.000000;0.000000;
14.487150;1.569092;5.841423;0.964687;1.577795;3.794573;0.979682;1.574962;3.337761;0.987128;1.559373;2.719516;0.993023;1.570116;1.570116;1.570116;1.570116;1.570116;1.000000;0.000000;0.000000;
14.500458;1.568599;5.807995;0.964917;1.577878;3.894020;0.977274;1.575142;3.427076;0.986046;1.560970;2.554784;0.994568;1.570418;1.570418;1.570418;1.570418;1.570418;1.000000;0.000000;0.000000;
14.513765;1.568148;5.763658;0.965358;1.577803;3.986571;0.974802;1.575219;3.511279;0.984750;1.562903;2.408789;0.995526;1.570752;1.570752;1.570752;1.570752;1.570752;1.000000;0.000000;0.000000;
14.527073;1.567748;5.709787;0.966218;1.577582;4.071213;0.972553;1.575200;3.588774;0.983499;1.565124;2.288739;0.996146;1.571115;1.571115;1.571115;1.571115;1.571115;1.000000;0.000000;0.000000;
14.540380;1.567408;5.647768;0.967694;1.577230;4.147507;0.970808;1.575093;3.658445;0.982549;1.567568;2.200696;0.996682;1.571498;1.571498;1.571498;1.571498;1.571498;1.000000;0.000000;0.000000;
14.553688;1.567137;5.578808;0.969931;1.576759;4.215273;0.969799;1.574910;3.719451;0.982115;1.570160;2.149270;0.997347;1.571892;1.571892;1.571892;1.571892;1.571892;1.000000;0.000000;0.000000;
14.566995;1.566940;5.503974;0.973018;1.576185;4.274701;0.969704;1.574661;3.771408;0.982357;1.572815;2.137062;0.998297;1.572285;1.572285;1.572285;1.572285;1.572285;1.000000;0.000000;0.000000;
14.580303;1.566823;5.423956;0.976942;1.575521;4.325591;0.970589;1.574357;3.813760;0.983329;1.575447;2.165072;0.999572;1.572662;1.572662;1.572662;1.572662;1.572662;1.000000;0.000000;0.000000;
14.593610;1.566791;5.339265;0.981597;1.574784;4.367531;0.972426;1.574011;3.845996;0.984989;1.577969;2.232338;1.001112;1.573011;1.573011;1.573011;1.573011;1.573011;1.000000;0.000000;0.000000;
14.606918;1.566849;5.250365;0.986789;1.573987;4.399804;0.975085;1.573635;3.867620;0.987203;1.580298;2.335973;1.002753;1.573319;1.573319;1.573319;1.573319;1.573319;1.000000;0.000000;0.000000;
14.620226;1.567000;5.157919;0.992254;1.573149;4.421409;0.978358;1.573242;3.878182;0.989760;1.582359;2.471314;1.004259;1.573578;1.573578;1.573578;1.573578;1.573578;1.000000;0.000000;0.000000;
14.633533;1.567246;5.062889;0.997678;1.572288;4.431182;0.981971;1.572845;3.877447;0.992389;1.584090;2.631957;1.005341;1.573780;1.573780;1.573780;1.573780;1.573780;1.000000;0.000000;0.000000;
14.646841;1.567590;4.966817;1.002749;1.571425;4.428039;0.985640;1.572459;3.865478;0.994817;1.585446;2.810524;1.005721;1.573923;1.573923;1.573923;1.573923;1.573923;1.000000;0.000000;0.000000;
14.660148;1.568031;4.871852;1.007174;1.570581;4.411120;0.989085;1.572094;3.842766;0.996787;1.586398;2.998817;1.005160;1.574007;1.574007;1.574007;1.574007;1.574007;1.000000;0.000000;0.000000;
14.673456;1.568565;4.780704;1.010717;1.569780;4.380003;0.992071;1.571765;3.810291;0.998091;1.586933;3.188535;1.003495;1.574037;1.574037;1.574037;1.574037;1.574037;1.000000;0.000000;0.000000;
14.686763;1.569187;4.696433;1.013224;1.569043;4.334815;0.994431;1.571481;3.769475;0.998602;1.587057;3.372021;1.000667;1.574019;1.574019;1.574019;1.574019;1.574019;1.000000;0.000000;0.000000;
14.700071;1.569888;4.622296;1.014628;1.568395;4.276332;0.996075;1.571250;3.722136;0.998274;1.586792;3.542587;0.996729;1.573964;1.573964;1.573964;1.573964;1.573964;1.000000;0.000000;0.000000;
14.713378;1.570656;4.561263;1.014954;1.567854;4.205957;0.997000;1.571079;3.670327;0.997157;1.586173;3.695315;0.991844;1.573882;1.573882;1.573882;1.573882;1.573882;1.000000;0.000000;0.000000;
14.726686;1.571476;4.515825;1.014309;1.567439;4.125593;0.997276;1.570972;3.616131;0.995377;1.585241;3.827140;0.986266;1.573783;1.573783;1.573783;1.573783;1.573783;1.000000;0.000000;0.000000;
14.739993;1.572331;4.487787;1.012854;1.567164;4.037524;0.997029;1.570930;3.561514;0.993113;1.584045;3.936820;0.980310;1.573678;1.573678;1.573678;1.573678;1.573678;1.000000;0.000000;0.000000;
14.753301;1.573203;4.478145;1.010789;1.567039;3.944277;0.996420;1.570952;3.508221;0.990584;1.582632;4.024680;0.974321;1.573574;1.573574;1.573574;1.573574;1.573574;1.000000;0.000000;0.000000;
14.766608;1.574073;4.487092;1.008327;1.567071;3.848503;0.995625;1.571036;3.457711;0.988013;1.581049;4.092199;0.968645;1.573478;1.573478;1.573478;1.573478;1.573478;1.000000;0.000000;0.000000;
14.779916;1.574923;4.514093;1.005675;1.567259;3.752877;0.994813;1.571178;3.411156;0.985619;1.579340;4.141529;0.963603;1.573394;1.573394;1.573394;1.573394;1.573394;1.000000;0.000000;0.000000;
14.793224;1.575736;4.558014;1.003017;1.567603;3.660032;0.994136;1.571372;3.369463;0.983589;1.577541;4.175023;0.959472;1.573323;1.573323;1.573323;1.573323;1.573323;1.000000;0.000000;0.000000;
14.806531;1.576494;4.617268;1.000508;1.568095;3.572517;0.993712;1.571612;3.333335;0.982077;1.575687;4.194813;0.956471;1.573267;1.573267;1.573267;1.573267;1.573267;1.000000;0.000000;0.000000;
14.819839;1.577183;4.689956;0.998262;1.568723;3.492759;0.993625;1.571890;3.303320;0.981188;1.573805;4.202490;0.954750;1.573223;1.573223;1.573223;1.573223;1.573223;1.000000;0.000000;0.000000;
14.833146;1.577791;4.773973;0.996358;1.569472;3.423068;0.993917;1.572200;3.279867;0.980982;1.571922;4.198940;0.954392;1.573189;1.573189;1.573189;1.573189;1.573189;1.000000;0.000000;0.000000;
14.846454;1.578308;4.867081;0.994811;1.570324;3.365452;0.994575;1.572532;3.263325;0.981452;1.570065;4.183962;0.955390;1.573161;1.573161;1.573161;1.573161;1.573161;1.000000;0.000000;0.000000;
14.859761;1.578725;4.966946;0.993604;1.571258;3.321649;0.995548;1.572878;3.253975;0.982550;1.568258;4.156764;0.957676;1.573138;1.573138;1.573138;1.573138;1.573138;1.000000;0.000000;0.000000;
14.873069;1.579038;5.071251;0.992675;1.572249;3.293160;0.996745;1.573230;3.251985;0.984176;1.566532;4.115669;0.961105;1.573117;1.573117;1.573117;1.573117;1.573117;1.000000;0.000000;0.000000;
14.886376;1.579243;5.177470;0.991911;1.573271;3.280896;0.998016;1.573579;3.257350;0.986171;1.564919;4.058488;0.965454;1.573098;1.573098;1.573098;1.573098;1.573098;1.000000;0.000000;0.000000;
14.899684;1.579341;5.283019;0.991164;1.574297;3.285206;0.999183;1.573915;3.269834;0.988338;1.563458;3.982880;0.970437;1.573081;1.573081;1.573081;1.573081;1.573081;1.000000;0.000000;0.000000;
14.912991;1.579332;5.385247;0.990266;1.575300;3.305756;1.000040;1.574232;3.288900;0.990449;1.562192;3.886791;0.975724;1.573069;1.573069;1.573069;1.573069;1.573069;1.000000;0.000000;0.000000;
14.926299;1.579222;5.481498;0.989038;1.576253;3.341472;1.000374;1.574521;3.313660;0.992269;1.561167;3.768940;0.980959;1.573068;1.573068;1.573068;1.573068;1.573068;1.000000;0.000000;0.000000;
14.939606;1.579019;5.569231;0.987322;1.577134;3.390545;0.999991;1.574776;3.342862;0.993572;1.560429;3.629313;0.985791;1.573085;1.573085;1.573085;1.573085;1.573085;1.000000;0.000000;0.000000;
14.952914;1.578733;5.646187;0.985001;1.577924;3.450523;0.998740;1.574995;3.374929;0.994176;1.560024;3.469552;0.989910;1.573128;1.573128;1.573128;1.573128;1.573128;1.000000;0.000000;0.000000;
14.966222;1.578376;5.710576;0.982023;1.578606;3.518500;0.996540;1.575173;3.408057;0.993964;1.559991;3.293165;0.993078;1.573207;1.573207;1.573207;1.573207;1.573207;1.000000;0.000000;0.000000;
14.979529;1.577961;5.761264;0.978422;1.579171;3.591372;0.993400;1.575313;3.440367;0.992907;1.560358;3.105496;0.995161;1.573329;1.573329;1.573329;1.573329;1.573329;1.000000;0.000000;0.000000;
14.992837;1.577503;5.797889;0.974326;1.579614;3.666136;0.989434;1.575415;3.470079;0.991077;1.561143;2.913425;0.996146;1.573503;1.573503;1.573503;1.573503;1.573503;1.000000;0.000000;0.000000;
15.006144;1.577016;5.820917;0.969954;1.579933;3.740145;0.984856;1.575485;3.495688;0.988643;1.562344;2.724873;0.996143;1.573734;1.573734;1.573734;1.573734;1.573734;1.000000;0.000000;0.000000;
15.019452;1.576513;5.831478;0.965593;1.580133;3.811413;0.979960;1.575529;3.516054;0.985856;1.563943;2.548111;0.995370;1.574023;1.574023;1.574023;1.574023;1.574023;1.000000;0.000000;0.000000;
15.032759;1.576006;5.831251;0.961576;1.580218;3.878576;0.975097;1.575552;3.530505;0.983020;1.565905;2.391099;0.994124;1.574369;1.574369;1.574369;1.574369;1.574369;1.000000;0.000000;0.000000;
15.046067;1.575506;5.822152;0.958242;1.580198;3.940910;0.970634;1.575564;3.538778;0.980457;1.568177;2.260967;0.992735;1.574765;1.574765;1.574765;1.574765;1.574765;1.000000;0.000000;0.000000;
15.059374;1.575019;5.806035;0.955900;1.580079;3.998180;0.966917;1.575570;3.540934;0.978470;1.570694;2.163567;0.991525;1.575201;1.575201;1.575201;1.575201;1.575201;1.000000;0.000000;0.000000;
15.072682;1.574553;5.784332;0.954789;1.579870;4.050355;0.964226;1.575579;3.537166;0.977297;1.573378;2.103289;0.990754;1.575665;1.575665;1.575665;1.575665;1.575665;1.000000;0.000000;0.000000;
15.085989;1.574114;5.758140;0.955072;1.579580;4.097659;0.962771;1.575597;3.527966;0.977106;1.576146;2.082595;0.990614;1.576142;1.576142;1.576142;1.576142;1.576142;1.000000;0.000000;0.000000;
15.099297;1.573705;5.727656;0.956785;1.579218;4.139943;0.962637;1.575631;3.513620;0.977945;1.578909;2.102484;0.991162;1.576616;1.576616;1.576616;1.576616;1.576616;1.000000;0.000000;0.000000;
15.112604;1.573332;5.692767;0.959859;1.578794;4.176661;0.963803;1.575688;3.494718;0.979767;1.581569;2.162031;0.992362;1.577067;1.577067;1.577067;1.577067;1.577067;1.000000;0.000000;0.000000;
15.125912;1.572999;5.651692;0.964063;1.578315;4.207466;0.966095;1.575770;3.471024;0.982349;1.584059;2.258453;0.993961;1.577485;1.577485;1.577485;1.577485;1.577485;1.000000;0.000000;0.000000;
15.139220;1.572713;5.603872;0.969170;1.577793;4.230977;0.969317;1.575885;3.443426;0.985499;1.586297;2.388122;0.995772;1.577855;1.577855;1.577855;1.577855;1.577855;1.000000;0.000000;0.000000;
15.152527;1.572482;5.547814;0.974810;1.577242;4.246130;0.973147;1.576036;3.412530;0.988879;1.588217;2.544789;0.997439;1.578169;1.578169;1.578169;1.578169;1.578169;1.000000;0.000000;0.000000;
15.165835;1.572315;5.482574;0.980610;1.576676;4.251712;0.977249;1.576225;3.379309;0.992155;1.589768;2.721479;0.998626;1.578419;1.578419;1.578419;1.578419;1.578419;1.000000;0.000000;0.000000;
15.179142;1.572219;5.407840;0.986200;1.576113;4.246739;0.981286;1.576455;3.345104;0.995009;1.590915;2.910225;0.999026;1.578604;1.578604;1.578604;1.578604;1.578604;1.000000;0.000000;0.000000;
15.192450;1.572206;5.324119;0.991261;1.575568;4.230647;0.984965;1.576725;3.311558;0.997175;1.591642;3.102831;0.998405;1.578727;1.578727;1.578727;1.578727;1.578727;1.000000;0.000000;0.000000;
15.205757;1.572281;5.232901;0.995542;1.575061;4.203301;0.988056;1.577033;3.280521;0.998466;1.591950;3.291277;0.996631;1.578794;1.578794;1.578794;1.578794;1.578794;1.000000;0.000000;0.000000;
15.219065;1.572452;5.136504;0.998894;1.574610;4.165277;0.990423;1.577375;3.253899;0.998794;1.591856;3.468555;0.993697;1.578812;1.578812;1.578812;1.578812;1.578812;1.000000;0.000000;0.000000;
15.232372;1.572721;5.037896;1.001272;1.574231;4.117677;0.992027;1.577743;3.233426;0.998177;1.591390;3.629210;0.989720;1.578793;1.578793;1.578793;1.578793;1.578793;1.000000;0.000000;0.000000;
15.245680;1.573090;4.940424;1.002726;1.573938;4.062064;0.992921;1.578129;3.220508;0.996725;1.590594;3.769618;0.984924;1.578747;1.578747;1.578747;1.578747;1.578747;1.000000;0.000000;0.000000;
15.258987;1.573554;4.847509;1.003388;1.573742;4.000334;0.993229;1.578524;3.216113;0.994621;1.589514;3.888041;0.979613;1.578683;1.578683;1.578683;1.578683;1.578683;1.000000;0.000000;0.000000;
15.272295;1.574107;4.762392;1.003443;1.573651;3.934578;0.993130;1.578917;3.220727;0.992098;1.588199;3.984428;0.974142;1.578611;1.578611;1.578611;1.578611;1.578611;1.000000;0.000000;0.000000;
15.285602;1.574740;4.687928;1.003108;1.573671;3.866942;0.992828;1.579297;3.234375;0.989414;1.586696;4.060042;0.968880;1.578538;1.578538;1.578538;1.578538;1.578538;1.000000;0.000000;0.000000;
15.298910;1.575440;4.626481;1.002603;1.573802;3.799540;0.992528;1.579653;3.256690;0.986824;1.585048;4.116980;0.964181;1.578467;1.578467;1.578467;1.578467;1.578467;1.000000;0.000000;0.000000;
15.312218;1.576194;4.579871;1.002133;1.574041;3.734380;0.992419;1.579977;3.287007;0.984561;1.583295;4.157673;0.960361;1.578402;1.578402;1.578402;1.578402;1.578402;1.000000;0.000000;0.000000;
15.325525;1.576985;4.549384;1.001868;1.574384;3.673329;0.992657;1.580258;3.324462;0.982823;1.581470;4.184438;0.957675;1.578341;1.578341;1.578341;1.578341;1.578341;1.000000;0.000000;0.000000;
15.338833;1.577797;4.535802;1.001933;1.574822;3.618104;0.993351;1.580490;3.368070;0.981755;1.579601;4.199104;0.956310;1.578283;1.578283;1.578283;1.578283;1.578283;1.000000;0.000000;0.000000;
15.352140;1.578611;4.539448;1.002401;1.575343;3.570257;0.994557;1.580665;3.416790;0.981448;1.577716;4.202757;0.956370;1.578226;1.578226;1.578226;1.578226;1.578226;1.000000;0.000000;0.000000;
15.365448;1.579412;4.560213;1.003285;1.575935;3.531161;0.996275;1.580778;3.469543;0.981931;1.575839;4.195594;0.957877;1.578166;1.578166;1.578166;1.578166;1.578166;1.000000;0.000000;0.000000;
15.378755;1.580181;4.597565;1.004539;1.576581;3.501990;0.998445;1.580826;3.525223;0.983168;1.573995;4.176899;0.960767;1.578099;1.578099;1.578099;1.578099;1.578099;1.000000;0.000000;0.000000;
15.392063;1.580902;4.650538;1.006058;1.577265;3.483667;1.000949;1.580805;3.582664;0.985061;1.572212;4.145133;0.964889;1.578023;1.578023;1.578023;1.578023;1.578023;1.000000;0.000000;0.000000;
15.405370;1.581561;4.717705;1.007685;1.577967;3.476805;1.003617;1.580714;3.640613;0.987453;1.570520;4.098149;0.970013;1.577937;1.577937;1.577937;1.577937;1.577937;1.000000;0.000000;0.000000;
15.418678;1.582144;4.797147;1.009217;1.578669;3.481633;1.006234;1.580555;3.697691;0.990136;1.568957;4.033526;0.975840;1.577842;1.577842;1.577842;1.577842;1.577842;1.000000;0.000000;0.000000;
15.431985;1.582639;4.886450;1.010420;1.579352;3.497915;1.008552;1.580328;3.752371;0.992866;1.567564;3.948995;0.982014;1.577741;1.577741;1.577741;1.577741;1.577741;1.000000;0.000000;0.000000;
15.445293;1.583039;4.982732;1.011051;1.579997;3.524905;1.010315;1.580039;3.802980;0.995379;1.566386;3.842948;0.988150;1.577640;1.577640;1.577640;1.577640;1.577640;1.000000;0.000000;0.000000;
15.458600;1.583338;5.082741;1.010884;1.580587;3.561320;1.011277;1.579694;3.847739;0.997422;1.565469;3.714932;0.993862;1.577545;1.577545;1.577545;1.577545;1.577545;1.000000;0.000000;0.000000;
15.471908;1.583535;5.183029;1.009731;1.581110;3.605396;1.011236;1.579300;3.884847;0.998774;1.564861;3.566084;0.998795;1.577468;1.577468;1.577468;1.577468;1.577468;1.000000;0.000000;0.000000;
15.485216;1.583632;5.280182;1.007476;1.581554;3.654994;1.010055;1.578869;3.912588;0.999276;1.564603;3.399385;1.002666;1.577419;1.577419;1.577419;1.577419;1.577419;1.000000;0.000000;0.000000;
15.498523;1.583632;5.371109;1.004093;1.581913;3.707781;1.007688;1.578413;3.929475;0.998852;1.564726;3.219680;1.005289;1.577409;1.577409;1.577409;1.577409;1.577409;1.000000;0.000000;0.000000;
15.511831;1.583545;5.453306;0.999660;1.582183;3.761452;1.004196;1.577946;3.934379;0.997526;1.565252;3.033436;1.006597;1.577447;1.577447;1.577447;1.577447;1.577447;1.000000;0.000000;0.000000;
15.525138;1.583380;5.525075;0.994358;1.582366;3.813943;0.999741;1.577483;3.926621;0.995418;1.566184;2.848254;1.006652;1.577542;1.577542;1.577542;1.577542;1.577542;1.000000;0.000000;0.000000;
15.538446;1.583148;5.585608;0.988459;1.582464;3.863605;0.994581;1.577039;3.906100;0.992740;1.567510;2.672253;1.005630;1.577700;1.577700;1.577700;1.577700;1.577700;1.000000;0.000000;0.000000;
15.551753;1.582861;5.635033;0.982297;1.582484;3.909319;0.989039;1.576630;3.872991;0.989757;1.569200;2.513338;1.003793;1.577920;1.577920;1.577920;1.577920;1.577920;1.000000;0.000000;0.000000;
15.565061;1.582530;5.674134;0.976234;1.582432;3.950462;0.983471;1.576271;3.828028;0.986769;1.571209;2.378611;1.001458;1.578201;1.578201;1.578201;1.578201;1.578201;1.000000;0.000000;0.000000;
15.578368;1.582164;5.704164;0.970629;1.582318;3.986825;0.978231;1.575974;3.772185;0.984066;1.573475;2.273933;0.998949;1.578537;1.578537;1.578537;1.578537;1.578537;1.000000;0.000000;0.000000;
15.591676;1.581772;5.726483;0.965791;1.582148;4.018406;0.973627;1.575753;3.706501;0.981894;1.575929;2.203672;0.996548;1.578917;1.578917;1.578917;1.578917;1.578917;1.000000;0.000000;0.000000;
15.604983;1.581363;5.742468;0.961978;1.581930;4.045469;0.969919;1.575618;3.632365;0.980447;1.578491;2.170328;0.994493;1.579329;1.579329;1.579329;1.579329;1.579329;1.000000;0.000000;0.000000;
15.618291;1.580941;5.753003;0.959342;1.581673;4.068043;0.967263;1.575579;3.550939;0.979815;1.581080;2.174856;0.992911;1.579761;1.579761;1.579761;1.579761;1.579761;1.000000;0.000000;0.000000;
15.631598;1.580513;5.758502;0.957951;1.581385;4.085883;0.965732;1.575643;3.463973;0.980016;1.583604;2.216492;0.991852;1.580195;1.580195;1.580195;1.580195;1.580195;1.000000;0.000000;0.000000;
15.644906;1.580084;5.759016;0.957764;1.581073;4.099091;0.965293;1.575816;3.372457;0.980949;1.585993;2.292480;0.991236;1.580619;1.580619;1.580619;1.580619;1.580619;1.000000;0.000000;0.000000;
15.658214;1.579659;5.753836;0.958646;1.580746;4.106997;0.965816;1.576101;3.278088;0.982446;1.588177;2.399033;0.990905;1.581021;1.581021;1.581021;1.581021;1.581021;1.000000;0.000000;0.000000;
15.671521;1.579245;5.741882;0.960398;1.580413;4.108787;0.967111;1.576500;3.182897;0.984292;1.590097;2.531155;0.990645;1.581390;1.581390;1.581390;1.581390;1.581390;1.000000;0.000000;0.000000;
15.684829;1.578849;5.721588;0.962736;1.580084;4.103386;0.968897;1.577013;3.088910;0.986194;1.591707;2.682618;0.990148;1.581721;1.581721;1.581721;1.581721;1.581721;1.000000;0.000000;0.000000;
15.698136;1.578479;5.693061;0.965560;1.579771;4.091277;0.971090;1.577635;2.999485;0.988067;1.592969;2.847705;0.989398;1.582007;1.582007;1.582007;1.582007;1.582007;1.000000;0.000000;0.000000;
15.711444;1.578144;5.655185;0.968583;1.579486;4.071883;0.973412;1.578358;2.917620;0.989649;1.593860;3.018836;0.988148;1.582246;1.582246;1.582246;1.582246;1.582246;1.000000;0.000000;0.000000;
15.724751;1.577855;5.607715;0.971608;1.579240;4.045313;0.975679;1.579171;2.846589;0.990791;1.594375;3.189179;0.986297;1.582440;1.582440;1.582440;1.582440;1.582440;1.000000;0.000000;0.000000;
15.738059;1.577619;5.551022;0.974503;1.579044;4.012203;0.977772;1.580058;2.789492;0.991420;1.594523;3.352725;0.983837;1.582591;1.582591;1.582591;1.582591;1.582591;1.000000;0.000000;0.000000;
15.751366;1.577446;5.485977;0.977193;1.578909;3.973509;0.979629;1.581000;2.749022;0.991527;1.594325;3.504586;0.980842;1.582705;1.582705;1.582705;1.582705;1.582705;1.000000;0.000000;0.000000;
15.764674;1.577344;5.413917;0.979660;1.578841;3.930488;0.981245;1.581976;2.727251;0.991165;1.593809;3.641224;0.977457;1.582786;1.582786;1.582786;1.582786;1.582786;1.000000;0.000000;0.000000;
15.777981;1.577318;5.336528;0.981935;1.578848;3.884606;0.982665;1.582963;2.725469;0.990433;1.593012;3.760515;0.973885;1.582841;1.582841;1.582841;1.582841;1.582841;1.000000;0.000000;0.000000;
15.791289;1.577372;5.255710;0.984084;1.578931;3.837425;0.983968;1.583936;2.744126;0.989463;1.591974;3.861631;0.970359;1.582875;1.582875;1.582875;1.582875;1.582875;1.000000;0.000000;0.000000;
15.804596;1.577510;5.173461;0.986192;1.579091;3.790512;0.985247;1.584871;2.782848;0.988398;1.590734;3.944797;0.967125;1.582891;1.582891;1.582891;1.582891;1.582891;1.000000;0.000000;0.000000;
15.817904;1.577730;5.091780;0.988345;1.579327;3.745370;0.986603;1.585744;2.840526;0.987378;1.589331;4.010967;0.964414;1.582893;1.582893;1.582893;1.582893;1.582893;1.000000;0.000000;0.000000;
15.831212;1.578032;5.012615;0.990623;1.579634;3.703393;0.988121;1.586535;2.915440;0.986528;1.587802;4.061468;0.962428;1.582882;1.582882;1.582882;1.582882;1.582882;1.000000;0.000000;0.000000;
15.844519;1.578411;4.937833;0.993084;1.580006;3.665845;0.989868;1.587223;3.005413;0.985950;1.586179;4.097663;0.961329;1.582860;1.582860;1.582860;1.582860;1.582860;1.000000;0.000000;0.000000;
15.857827;1.578862;4.869210;0.995761;1.580434;3.633854;0.991886;1.587794;3.107952;0.985718;1.584494;4.120676;0.961227;1.582825;1.582825;1.582825;1.582825;1.582825;1.000000;0.000000;0.000000;
15.871134;1.579379;4.808428;0.998655;1.580908;3.608407;0.994181;1.588233;3.220375;0.985873;1.582775;4.131187;0.962179;1.582778;1.582778;1.582778;1.582778;1.582778;1.000000;0.000000;0.000000;
15.884442;1.579951;4.757065;1.001738;1.581417;3.590339;0.996730;1.588531;3.339908;0.986424;1.581050;4.129319;0.964184;1.582717;1.582717;1.582717;1.582717;1.582717;1.000000;0.000000;0.000000;
15.897749;1.580568;4.716561;1.004948;1.581948;3.580314;0.999476;1.588681;3.463756;0.987346;1.579348;4.114608;0.967185;1.582641;1.582641;1.582641;1.582641;1.582641;1.000000;0.000000;0.000000;
15.911057;1.581218;4.688166;1.008193;1.582486;3.578788;1.002330;1.588681;3.589133;0.988584;1.577697;4.086081;0.971067;1.582551;1.582551;1.582551;1.582551;1.582551;1.000000;0.000000;0.000000;
15.924364;1.581890;4.672866;1.011350;1.583018;3.585967;1.005173;1.588531;3.713287;0.990053;1.576131;4.042407;0.975668;1.582447;1.582447;1.582447;1.582447;1.582447;1.000000;0.000000;0.000000;
15.937672;1.582568;4.671295;1.014275;1.583529;3.601753;1.007864;1.588234;3.833498;0.991642;1.574684;3.982149;0.980775;1.582332;1.582332;1.582332;1.582332;1.582332;1.000000;0.000000;0.000000;
15.950979;1.583239;4.683642;1.016807;1.584006;3.625704;1.010245;1.587798;3.947092;0.993221;1.573393;3.904072;0.986144;1.582209;1.582209;1.582209;1.582209;1.582209;1.000000;0.000000;0.000000;
15.964287;1.583889;4.709581;1.018781;1.584435;3.657008;1.012151;1.587231;4.051463;0.994653;1.572299;3.807495;0.991506;1.582084;1.582084;1.582084;1.582084;1.582084;1.000000;0.000000;0.000000;
15.977594;1.584504;4.748232;1.020041;1.584807;3.694495;1.013430;1.586548;4.144122;0.995808;1.571442;3.692640;0.996595;1.581964;1.581964;1.581964;1.581964;1.581964;1.000000;0.000000;0.000000;
15.990902;1.585073;4.798179;1.020458;1.585111;3.736683;1.013955;1.585765;4.222772;0.996572;1.570859;3.560922;1.001160;1.581855;1.581855;1.581855;1.581855;1.581855;1.000000;0.000000;0.000000;
16.004210;1.585585;4.857551;1.019942;1.585343;3.781872;1.013641;1.584899;4.285396;0.996870;1.570583;3.415119;1.004997;1.581767;1.581767;1.581767;1.581767;1.581767;1.000000;0.000000;0.000000;
16.017517;1.586032;4.924157;1.018464;1.585498;3.828276;1.012461;1.583971;4.330355;0.996674;1.570640;3.259390;1.007962;1.581708;1.581708;1.581708;1.581708;1.581708;1.000000;0.000000;0.000000;
16.030825;1.586408;4.995668;1.016056;1.585577;3.874161;1.010449;1.583004;4.356457;0.996011;1.571044;3.099106;1.009985;1.581685;1.581685;1.581685;1.581685;1.581685;1.000000;0.000000;0.000000;
16.044132;1.586709;5.069777;1.012818;1.585582;3.917975;1.007709;1.582022;4.363055;0.994964;1.571796;2.940570;1.011082;1.581703;1.581703;1.581703;1.581703;1.581703;1.000000;0.000000;0.000000;
16.057440;1.586934;5.144455;1.008904;1.585518;3.958477;1.004393;1.581047;4.349856;0.993653;1.572886;2.790385;1.011333;1.581767;1.581767;1.581767;1.581767;1.581767;1.000000;0.000000;0.000000;
16.070747;1.587083;5.218002;1.004512;1.585391;3.994753;1.000698;1.580105;4.317083;0.992234;1.574286;2.655120;1.010880;1.581878;1.581878;1.581878;1.581878;1.581878;1.000000;0.000000;0.000000;
16.084055;1.587159;5.289072;0.999860;1.585208;4.026207;0.996838;1.579216;4.265283;0.990868;1.575957;2.540767;1.009895;1.582035;1.582035;1.582035;1.582035;1.582035;1.000000;0.000000;0.000000;
16.097362;1.587165;5.356663;0.995160;1.584978;4.052475;0.993017;1.578405;4.195164;0.989695;1.577846;2.452320;1.008549;1.582233;1.582233;1.582233;1.582233;1.582233;1.000000;0.000000;0.000000;
16.110670;1.587104;5.420002;0.990611;1.584710;4.073431;0.989424;1.577693;4.107894;0.988831;1.579893;2.393506;1.007003;1.582466;1.582466;1.582466;1.582466;1.582466;1.000000;0.000000;0.000000;
16.123977;1.586981;5.478475;0.986362;1.584414;4.088936;0.986191;1.577099;4.004575;0.988331;1.582030;2.366551;1.005361;1.582727;1.582727;1.582727;1.582727;1.582727;1.000000;0.000000;0.000000;
16.137285;1.586803;5.531511;0.982510;1.584097;4.098849;0.983400;1.576641;3.886567;0.988192;1.584185;2.372098;1.003672;1.583006;1.583006;1.583006;1.583006;1.583006;1.000000;0.000000;0.000000;
16.150592;1.586575;5.578508;0.979098;1.583771;4.102973;0.981071;1.576335;3.755539;0.988353;1.586289;2.409197;1.001926;1.583295;1.583295;1.583295;1.583295;1.583295;1.000000;0.000000;0.000000;
16.163900;1.586303;5.618813;0.976121;1.583444;4.101046;0.979176;1.576197;3.613561;0.988707;1.588276;2.475398;1.000059;1.583587;1.583587;1.583587;1.583587;1.583587;1.000000;0.000000;0.000000;
16.177208;1.585995;5.651755;0.973534;1.583128;4.092796;0.977646;1.576235;3.463226;0.989115;1.590086;2.566922;0.997976;1.583872;1.583872;1.583872;1.583872;1.583872;1.000000;0.000000;0.000000;
16.190515;1.585658;5.676707;0.971269;1.582832;4.078014;0.976388;1.576458;3.307726;0.989429;1.591669;2.678919;0.995568;1.584147;1.584147;1.584147;1.584147;1.584147;1.000000;0.000000;0.000000;
16.203823;1.585302;5.693180;0.969258;1.582568;4.056652;0.975309;1.576870;3.150854;0.989516;1.592987;2.805809;0.992744;1.584407;1.584407;1.584407;1.584407;1.584407;1.000000;0.000000;0.000000;
16.217130;1.584935;5.700907;0.967447;1.582346;4.028909;0.974332;1.577466;2.996915;0.989279;1.594015;2.941694;0.989452;1.584651;1.584651;1.584651;1.584651;1.584651;1.000000;0.000000;0.000000;
16.230438;1.584565;5.699911;0.965813;1.582175;3.995287;0.973413;1.578242;2.850541;0.988672;1.594739;3.080793;0.985696;1.584878;1.584878;1.584878;1.584878;1.584878;1.000000;0.000000;0.000000;
16.243745;1.584202;5.690529;0.964367;1.582066;3.956612;0.972547;1.579184;2.716431;0.987709;1.595159;3.217855;0.981548;1.585089;1.585089;1.585089;1.585089;1.585089;1.000000;0.000000;0.000000;
16.257053;1.583854;5.673389;0.963164;1.582024;3.914008;0.971774;1.580273;2.599069;0.986461;1.595285;3.348490;0.977147;1.585287;1.585287;1.585287;1.585287;1.585287;1.000000;0.000000;0.000000;
16.270360;1.583528;5.649347;0.962291;1.582056;3.868832;0.971170;1.581488;2.502449;0.985049;1.595133;3.469374;0.972685;1.585471;1.585471;1.585471;1.585471;1.585471;1.000000;0.000000;0.000000;
16.283668;1.583230;5.619391;0.961856;1.582163;3.822582;0.970838;1.582799;2.429860;0.983625;1.594729;3.578306;0.968393;1.585645;1.585645;1.585645;1.585645;1.585645;1.000000;0.000000;0.000000;
16.296975;1.582966;5.584535;0.961977;1.582346;3.776799;0.970891;1.584178;2.383735;0.982352;1.594101;3.674128;0.964515;1.585808;1.585808;1.585808;1.585808;1.585808;1.000000;0.000000;0.000000;
16.310283;1.582740;5.545718;0.962763;1.582603;3.732977;0.971440;1.585590;2.365593;0.981387;1.593277;3.756530;0.961291;1.585960;1.585960;1.585960;1.585960;1.585960;1.000000;0.000000;0.000000;
16.323590;1.582556;5.503731;0.964297;1.582929;3.692482;0.972572;1.587002;2.376038;0.980860;1.592287;3.825791;0.958926;1.586100;1.586100;1.586100;1.586100;1.586100;1.000000;0.000000;0.000000;
16.336898;1.582416;5.459174;0.966628;1.583317;3.656510;0.974342;1.588380;2.414799;0.980859;1.591160;3.882490;0.957581;1.586224;1.586224;1.586224;1.586224;1.586224;1.000000;0.000000;0.000000;
16.350206;1.582324;5.412462;0.969757;1.583760;3.626063;0.976762;1.589690;2.480806;0.981425;1.589923;3.927242;0.957358;1.586329;1.586329;1.586329;1.586329;1.586329;1.000000;0.000000;0.000000;
16.363513;1.582281;5.363865;0.973636;1.584247;3.601941;0.979797;1.590901;2.572260;0.982547;1.588603;3.960478;0.958291;1.586413;1.586413;1.586413;1.586413;1.586413;1.000000;0.000000;0.000000;
16.376821;1.582289;5.313582;0.978170;1.584767;3.584759;0.983367;1.591984;2.686710;0.984161;1.587224;3.982298;0.960349;1.586473;1.586473;1.586473;1.586473;1.586473;1.000000;0.000000;0.000000;
16.390128;1.582349;5.261829;0.983215;1.585308;3.574950;0.987347;1.592914;2.821116;0.986162;1.585814;3.992394;0.963437;1.586505;1.586505;1.586505;1.586505;1.586505;1.000000;0.000000;0.000000;
16.403436;1.582462;5.208936;0.988594;1.585857;3.572781;0.991580;1.593669;2.971925;0.988407;1.584399;3.990067;0.967405;1.586509;1.586509;1.586509;1.586509;1.586509;1.000000;0.000000;0.000000;
16.416743;1.582629;5.155422;0.994102;1.586402;3.578343;0.995881;1.594233;3.135148;0.990735;1.583007;3.974314;0.972058;1.586485;1.586485;1.586485;1.586485;1.586485;1.000000;0.000000;0.000000;
16.430051;1.582850;5.102044;0.999523;1.586930;3.591542;1.000056;1.594594;3.306459;0.992974;1.581670;3.943992;0.977168;1.586434;1.586434;1.586434;1.586434;1.586434;1.000000;0.000000;0.000000;
16.443358;1.583125;5.049805;1.004641;1.587429;3.612077;1.003909;1.594746;3.481321;0.994956;1.580422;3.898036;0.982492;1.586361;1.586361;1.586361;1.586361;1.586361;1.000000;0.000000;0.000000;
16.456666;1.583450;4.999921;1.009254;1.587887;3.639416;1.007260;1.594687;3.655130;0.996535;1.579296;3.835711;0.987786;1.586269;1.586269;1.586269;1.586269;1.586269;1.000000;0.000000;0.000000;
16.469973;1.583824;4.953744;1.013192;1.588293;3.672788;1.009956;1.594423;3.823389;0.997597;1.578328;3.756866;0.992821;1.586166;1.586166;1.586166;1.586166;1.586166;1.000000;0.000000;0.000000;
16.483281;1.584241;4.912667;1.016322;1.588638;3.711190;1.011886;1.593964;3.981889;0.998070;1.577555;3.662163;0.997398;1.586059;1.586059;1.586059;1.586059;1.586059;1.000000;0.000000;0.000000;
16.496588;1.584695;4.878018;1.018563;1.588916;3.753420;1.012985;1.593324;4.126885;0.997934;1.577009;3.553236;1.001364;1.585956;1.585956;1.585956;1.585956;1.585956;1.000000;0.000000;0.000000;
16.509896;1.585179;4.850964;1.019890;1.589121;3.798141;1.013247;1.592521;4.255239;0.997225;1.576716;3.432749;1.004621;1.585867;1.585867;1.585867;1.585867;1.585867;1.000000;0.000000;0.000000;
16.523204;1.585685;4.832436;1.020333;1.589251;3.843970;1.012721;1.591579;4.364525;0.996035;1.576697;3.304352;1.007132;1.585797;1.585797;1.585797;1.585797;1.585797;1.000000;0.000000;0.000000;
16.536511;1.586205;4.823097;1.019978;1.589305;3.889565;1.011512;1.590521;4.453052;0.994502;1.576965;3.172516;1.008923;1.585754;1.585754;1.585754;1.585754;1.585754;1.000000;0.000000;0.000000;
16.549819;1.586727;4.823325;1.018955;1.589284;3.933718;1.009769;1.589373;4.519824;0.992806;1.577519;3.042273;1.010073;1.585743;1.585743;1.585743;1.585743;1.585743;1.000000;0.000000;0.000000;
16.563126;1.587244;4.833230;1.017424;1.589193;3.975411;1.007674;1.588162;4.564427;0.991141;1.578351;2.918904;1.010704;1.585764;1.585764;1.585764;1.585764;1.585764;1.000000;0.000000;0.000000;
16.576434;1.587744;4.852670;1.015558;1.589036;4.013841;1.005417;1.586915;4.586865;0.989705;1.579438;2.807592;1.010960;1.585819;1.585819;1.585819;1.585819;1.585819;1.000000;0.000000;0.000000;
16.589741;1.588219;4.881225;1.013531;1.588819;4.048427;1.003188;1.585660;4.587524;0.988678;1.580748;2.713115;1.010992;1.585905;1.585905;1.585905;1.585905;1.585905;1.000000;0.000000;0.000000;
16.603049;1.588660;4.918380;1.011468;1.588549;4.078632;1.001128;1.584422;4.566315;0.988172;1.582240;2.639518;1.010910;1.586017;1.586017;1.586017;1.586017;1.586017;1.000000;0.000000;0.000000;
16.616356;1.589058;4.963211;1.009484;1.588234;4.104157;0.999360;1.583226;4.523874;0.988274;1.583863;2.589926;1.010811;1.586150;1.586150;1.586150;1.586150;1.586150;1.000000;0.000000;0.000000;
16.629664;1.589407;5.014608;1.007624;1.587882;4.124608;0.997934;1.582100;4.460330;0.988977;1.585563;2.566360;1.010717;1.586297;1.586297;1.586297;1.586297;1.586297;1.000000;0.000000;0.000000;
16.642971;1.589701;5.071206;1.005880;1.587503;4.139554;0.996838;1.581068;4.375838;0.990204;1.587281;2.569631;1.010592;1.586450;1.586450;1.586450;1.586450;1.586450;1.000000;0.000000;0.000000;
16.656279;1.589935;5.131372;1.004189;1.587104;4.148509;0.996004;1.580154;4.270746;0.991808;1.588959;2.599251;1.010339;1.586602;1.586602;1.586602;1.586602;1.586602;1.000000;0.000000;0.000000;
16.669586;1.590107;5.193269;1.002447;1.586699;4.150942;0.995312;1.579383;4.145751;0.993587;1.590542;2.653452;1.009814;1.586748;1.586748;1.586748;1.586748;1.586748;1.000000;0.000000;0.000000;
16.682894;1.590216;5.254935;1.000524;1.586296;4.146329;0.994611;1.578778;4.002148;0.995307;1.591978;2.729261;1.008843;1.586883;1.586883;1.586883;1.586883;1.586883;1.000000;0.000000;0.000000;
16.696202;1.590264;5.314399;0.998284;1.585909;4.134245;0.993741;1.578358;3.842050;0.996726;1.593226;2.822673;1.007252;1.587007;1.587007;1.587007;1.587007;1.587007;1.000000;0.000000;0.000000;
16.709509;1.590254;5.369817;0.995611;1.585550;4.114462;0.992555;1.578140;3.668525;0.997626;1.594253;2.928914;1.004891;1.587117;1.587117;1.587117;1.587117;1.587117;1.000000;0.000000;0.000000;
16.722817;1.590190;5.419616;0.992429;1.585231;4.087036;0.990946;1.578138;3.485608;0.997838;1.595036;3.042799;1.001666;1.587218;1.587218;1.587218;1.587218;1.587218;1.000000;0.000000;0.000000;
16.736124;1.590080;5.462619;0.988721;1.584964;4.052380;0.988859;1.578358;3.298180;0.997266;1.595566;3.159139;0.997559;1.587312;1.587312;1.587312;1.587312;1.587312;1.000000;0.000000;0.000000;
16.749432;1.589930;5.498134;0.984535;1.584762;4.011280;0.986309;1.578802;3.111718;0.995899;1.595842;3.273153;0.992637;1.587404;1.587404;1.587404;1.587404;1.587404;1.000000;0.000000;0.000000;
16.762739;1.589748;5.525986;0.979992;1.584632;3.964890;0.983378;1.579465;2.931952;0.993814;1.595873;3.380813;0.987058;1.587500;1.587500;1.587500;1.587500;1.587500;1.000000;0.000000;0.000000;
16.776047;1.589542;5.546499;0.975273;1.584582;3.914660;0.980211;1.580333;2.764500;0.991164;1.595679;3.479090;0.981057;1.587604;1.587604;1.587604;1.587604;1.587604;1.000000;0.000000;0.000000;
16.789354;1.589319;5.560410;0.970604;1.584618;3.862254;0.977004;1.581389;2.614529;0.988167;1.595281;3.566037;0.974928;1.587721;1.587721;1.587721;1.587721;1.587721;1.000000;0.000000;0.000000;
16.802662;1.589085;5.568750;0.966243;1.584740;3.809438;0.973979;1.582608;2.486496;0.985079;1.594706;3.640746;0.969002;1.587852;1.587852;1.587852;1.587852;1.587852;1.000000;0.000000;0.000000;
16.815969;1.588845;5.572693;0.962447;1.584948;3.757974;0.971368;1.583961;2.383990;0.982166;1.593981;3.703162;0.963614;1.587998;1.587998;1.587998;1.587998;1.587998;1.000000;0.000000;0.000000;
16.829277;1.588603;5.573403;0.959459;1.585239;3.709523;0.969387;1.585416;2.309664;0.979681;1.593132;3.753830;0.959078;1.588158;1.588158;1.588158;1.588158;1.588158;1.000000;0.000000;0.000000;
16.842584;1.588363;5.571890;0.957481;1.585606;3.665571;0.968218;1.586937;2.265260;0.977841;1.592185;3.793603;0.955666;1.588327;1.588327;1.588327;1.588327;1.588327;1.000000;0.000000;0.000000;
16.855892;1.588125;5.568895;0.956665;1.586039;3.627376;0.967994;1.588488;2.251660;0.976806;1.591164;3.823359;0.953581;1.588501;1.588501;1.588501;1.588501;1.588501;1.000000;0.000000;0.000000;
16.869200;1.587892;5.564703;0.957065;1.586528;3.595980;0.968757;1.590028;2.268886;0.976643;1.590092;3.843288;0.952919;1.588674;1.588674;1.588674;1.588674;1.588674;1.000000;0.000000;0.000000;
16.882507;1.587664;5.559621;0.958748;1.587062;3.572145;0.970567;1.591523;2.316301;0.977428;1.588988;3.854733;0.953787;1.588838;1.588838;1.588838;1.588838;1.588838;1.000000;0.000000;0.000000;
16.909122;1.587233;5.544535;0.965445;1.588194;3.548912;0.976811;1.594207;2.492835;0.981365;1.586788;3.849994;0.959622;1.589112;1.589112;1.589112;1.589112;1.589112;1.000000;0.000000;0.000000;
16.931833;1.586901;5.522540;0.973864;1.589181;3.554516;0.984129;1.596071;2.719648;0.986438;1.585002;3.812494;0.968057;1.589273;1.589273;1.589273;1.589273;1.589273;1.000000;0.000000;0.000000;
16.954544;1.586622;5.487312;0.983505;1.590118;3.582195;0.992079;1.597412;2.998331;0.991900;1.583437;3.739035;0.978272;1.589359;1.589359;1.589359;1.589359;1.589359;1.000000;0.000000;0.000000;
16.974641;1.586439;5.442009;0.991984;1.590862;3.622832;0.998639;1.598101;3.271352;0.996079;1.582342;3.640841;0.987563;1.589377;1.589377;1.589377;1.589377;1.589377;1.000000;0.000000;0.000000;
16.992728;1.586343;5.388935;0.998817;1.591433;3.669911;1.003478;1.598296;3.523357;0.998682;1.581677;3.526283;0.995234;1.589361;1.589361;1.589361;1.589361;1.589361;1.000000;0.000000;0.000000;
17.009007;1.586325;5.331725;1.003897;1.591850;3.718519;1.006602;1.598126;3.744061;0.999784;1.581394;3.405072;1.001056;1.589333;1.589333;1.589333;1.589333;1.589333;1.000000;0.000000;0.000000;
17.025285;1.586382;5.267444;1.007755;1.592165;3.770790;1.008412;1.597646;3.949373;0.999644;1.581453;3.272235;1.005568;1.589308;1.589308;1.589308;1.589308;1.589308;1.000000;0.000000;0.000000;
17.041564;1.586522;5.198619;1.010365;1.592372;3.824546;1.008940;1.596885;4.131957;0.998385;1.581873;3.134945;1.008690;1.589300;1.589300;1.589300;1.589300;1.589300;1.000000;0.000000;0.000000;
17.057843;1.586747;5.128455;1.011858;1.592471;3.877820;1.008378;1.595881;4.286499;0.996297;1.582653;3.001559;1.010531;1.589317;1.589317;1.589317;1.589317;1.589317;1.000000;0.000000;0.000000;
17.074121;1.587057;5.060465;1.012488;1.592464;3.928978;1.007042;1.594677;4.409833;0.993788;1.583770;2.880750;1.011341;1.589366;1.589366;1.589366;1.589366;1.589366;1.000000;0.000000;0.000000;
17.090400;1.587447;4.998169;1.012577;1.592358;3.976778;1.005316;1.593322;4.500630;0.991322;1.585177;2.780614;1.011457;1.589449;1.589449;1.589449;1.589449;1.589449;1.000000;0.000000;0.000000;
17.106679;1.587908;4.944786;1.012450;1.592160;4.020317;1.003582;1.591864;4.558845;0.989338;1.586811;2.707903;1.011229;1.589560;1.589560;1.589560;1.589560;1.589560;1.000000;0.000000;0.000000;
17.122957;1.588426;4.902995;1.012376;1.591880;4.058903;1.002164;1.590350;4.585049;0.988187;1.588590;2.667479;1.010952;1.589692;1.589692;1.589692;1.589692;1.589692;1.000000;0.000000;0.000000;
17.139236;1.588987;4.874756;1.012519;1.591529;4.091894;1.001270;1.588828;4.579850;0.988074;1.590424;2.661979;1.010809;1.589831;1.589831;1.589831;1.589831;1.589831;1.000000;0.000000;0.000000;
17.155514;1.589572;4.860961;1.012894;1.591120;4.118411;1.000949;1.587344;4.543596;0.989014;1.592220;2.691625;1.010821;1.589966;1.589966;1.589966;1.589966;1.589966;1.000000;0.000000;0.000000;
17.171793;1.590163;4.862616;1.013453;1.590666;4.137976;1.001177;1.585943;4.476245;0.990892;1.593886;2.754396;1.010922;1.590084;1.590084;1.590084;1.590084;1.590084;1.000000;0.000000;0.000000;
17.188072;1.590743;4.878416;1.013917;1.590182;4.149129;1.001685;1.584671;4.377950;0.993363;1.595342;2.845856;1.010829;1.590174;1.590174;1.590174;1.590174;1.590174;1.000000;0.000000;0.000000;
17.204350;1.591293;4.907275;1.014006;1.589688;4.150955;1.002193;1.583572;4.249377;0.996028;1.596520;2.959756;1.010245;1.590232;1.590232;1.590232;1.590232;1.590232;1.000000;0.000000;0.000000;
17.220629;1.591800;4.947216;1.013402;1.589203;4.142594;1.002367;1.582689;4.092482;0.998434;1.597371;3.088398;1.008845;1.590254;1.590254;1.590254;1.590254;1.590254;1.000000;0.000000;0.000000;
17.236907;1.592250;4.995799;1.011828;1.588747;4.123583;1.001907;1.582058;3.910978;1.000165;1.597868;3.223384;1.006366;1.590247;1.590247;1.590247;1.590247;1.590247;1.000000;0.000000;0.000000;
17.253186;1.592636;5.050341;1.009100;1.588341;4.094048;1.000597;1.581710;3.710567;1.000904;1.598005;3.356454;1.002662;1.590218;1.590218;1.590218;1.590218;1.590218;1.000000;0.000000;0.000000;
17.269465;1.592952;5.108167;1.005174;1.588007;4.054800;0.998350;1.581665;3.498770;1.000485;1.597800;3.480340;0.997749;1.590178;1.590178;1.590178;1.590178;1.590178;1.000000;0.000000;0.000000;
17.285743;1.593194;5.166870;1.000156;1.587761;4.007343;0.995223;1.581932;3.284403;0.998915;1.597283;3.589440;0.991818;1.590141;1.590141;1.590141;1.590141;1.590141;1.000000;0.000000;0.000000;
17.302022;1.593364;5.224535;0.994299;1.587617;3.953775;0.991415;1.582506;3.076825;0.996368;1.596500;3.680193;0.985217;1.590119;1.590119;1.590119;1.590119;1.590119;1.000000;0.000000;0.000000;
17.318301;1.593463;5.279873;0.987971;1.587585;3.896619;0.987234;1.583369;2.885135;0.993152;1.595502;3.751073;0.978412;1.590123;1.590123;1.590123;1.590123;1.590123;1.000000;0.000000;0.000000;
17.334579;1.593495;5.332250;0.981611;1.587669;3.838612;0.983055;1.584490;2.717490;0.989664;1.594341;3.802246;0.971927;1.590159;1.590159;1.590159;1.590159;1.590159;1.000000;0.000000;0.000000;
17.350858;1.593463;5.381592;0.975678;1.587867;3.782490;0.979272;1.585828;2.580632;0.986324;1.593070;3.834987;0.966290;1.590229;1.590229;1.590229;1.590229;1.590229;1.000000;0.000000;0.000000;
17.367136;1.593372;5.428187;0.970596;1.588173;3.730796;0.976244;1.587335;2.479660;0.983528;1.591735;3.851026;0.961966;1.590333;1.590333;1.590333;1.590333;1.590333;1.000000;0.000000;0.000000;
17.383415;1.593224;5.472428;0.966711;1.588576;3.685728;0.974254;1.588954;2.417984;0.981589;1.590380;3.851936;0.959311;1.590464;1.590464;1.590464;1.590464;1.590464;1.000000;0.000000;0.000000;
17.399694;1.593023;5.514547;0.964258;1.589060;3.649031;0.973479;1.590626;2.397385;0.980705;1.589046;3.838698;0.958535;1.590616;1.590616;1.590616;1.590616;1.590616;1.000000;0.000000;0.000000;
17.415972;1.592772;5.554394;0.963346;1.589607;3.621966;0.973973;1.592291;2.418141;0.980944;1.587769;3.811540;0.959692;1.590778;1.590778;1.590778;1.590778;1.590778;1.000000;0.000000;0.000000;
17.432251;1.592473;5.591332;0.963948;1.590196;3.605222;0.975671;1.593889;2.478877;0.982242;1.586590;3.770103;0.962670;1.590942;1.590942;1.590942;1.590942;1.590942;1.000000;0.000000;0.000000;
17.448529;1.592133;5.623793;0.965843;1.590808;3.598807;0.978311;1.595365;2.576860;0.984313;1.585550;3.712209;0.967113;1.591101;1.591101;1.591101;1.591101;1.591101;1.000000;0.000000;0.000000;
17.464808;1.591758;5.650323;0.968833;1.591421;3.602591;0.981672;1.596667;2.707873;0.986937;1.584692;3.638005;0.972709;1.591248;1.591248;1.591248;1.591248;1.591248;1.000000;0.000000;0.000000;
17.481087;1.591356;5.668722;0.972559;1.592016;3.615723;0.985381;1.597752;2.866098;0.989717;1.584061;3.546666;0.978944;1.591384;1.591384;1.591384;1.591384;1.591384;1.000000;0.000000;0.000000;
17.497365;1.590940;5.676879;0.976664;1.592575;3.637068;0.989079;1.598587;3.044446;0.992285;1.583702;3.439079;0.985314;1.591508;1.591508;1.591508;1.591508;1.591508;1.000000;0.000000;0.000000;
17.513644;1.590523;5.672974;0.980816;1.593083;3.665235;0.992445;1.599150;3.234868;0.994326;1.583653;3.317922;0.991352;1.591626;1.591626;1.591626;1.591626;1.591626;1.000000;0.000000;0.000000;
17.529922;1.590121;5.655613;0.984732;1.593528;3.698610;0.995220;1.599430;3.428739;0.995594;1.583942;3.187688;0.996664;1.591744;1.591744;1.591744;1.591744;1.591744;1.000000;0.000000;0.000000;
17.546201;1.589751;5.624482;0.988263;1.593901;3.735733;0.997289;1.599429;3.617881;0.996026;1.584583;3.054916;1.001028;1.591868;1.591868;1.591868;1.591868;1.591868;1.000000;0.000000;0.000000;
17.562480;1.589430;5.580103;0.991375;1.594197;3.775196;0.998665;1.599162;3.795044;0.995702;1.585570;2.927663;1.004381;1.592005;1.592005;1.592005;1.592005;1.592005;1.000000;0.000000;0.000000;
17.578758;1.589172;5.523816;0.994126;1.594411;3.815782;0.999464;1.598650;3.954368;0.994817;1.586875;2.814259;1.006792;1.592157;1.592157;1.592157;1.592157;1.592157;1.000000;0.000000;0.000000;
17.595037;1.588991;5.457649;0.996642;1.594543;3.856475;0.999879;1.597924;4.091564;0.993654;1.588450;2.722599;1.008430;1.592324;1.592324;1.592324;1.592324;1.592324;1.000000;0.000000;0.000000;
17.611316;1.588898;5.384073;0.999078;1.594594;3.896417;1.000134;1.597019;4.203881;0.992526;1.590226;2.659292;1.009513;1.592501;1.592501;1.592501;1.592501;1.592501;1.000000;0.000000;0.000000;
17.627594;1.588900;5.305779;1.001568;1.594566;3.934820;1.000437;1.595974;4.289748;0.991717;1.592120;2.629043;1.010247;1.592682;1.592682;1.592682;1.592682;1.592682;1.000000;0.000000;0.000000;
17.643873;1.589001;5.225491;1.004190;1.594463;3.970878;1.000936;1.594828;4.348370;0.991436;1.594042;2.634259;1.010781;1.592857;1.592857;1.592857;1.592857;1.592857;1.000000;0.000000;0.000000;
17.660151;1.589200;5.145862;1.006940;1.594292;4.003696;1.001695;1.593621;4.379356;0.991783;1.595895;2.674880;1.011173;1.593015;1.593015;1.593015;1.593015;1.593015;1.000000;0.000000;0.000000;
17.676430;1.589497;5.069437;1.009724;1.594060;4.032274;1.002680;1.592396;4.382505;0.992733;1.597591;2.748409;1.011378;1.593145;1.593145;1.593145;1.593145;1.593145;1.000000;0.000000;0.000000;
17.692709;1.589884;4.998664;1.012371;1.593776;4.055556;1.003769;1.591192;4.357791;0.994149;1.599047;2.850131;1.011268;1.593239;1.593239;1.593239;1.593239;1.593239;1.000000;0.000000;0.000000;
17.708987;1.590353;4.935905;1.014657;1.593454;4.072524;1.004780;1.590051;4.305535;0.995810;1.600199;2.973521;1.010662;1.593292;1.593292;1.593292;1.593292;1.593292;1.000000;0.000000;0.000000;
17.725266;1.590893;4.883397;1.016346;1.593105;4.082333;1.005502;1.589011;4.226694;0.997452;1.600999;3.110821;1.009374;1.593302;1.593302;1.593302;1.593302;1.593302;1.000000;0.000000;0.000000;
17.741544;1.591488;4.843157;1.017222;1.592746;4.084429;1.005743;1.588110;4.123162;0.998813;1.601423;3.253770;1.007254;1.593271;1.593271;1.593271;1.593271;1.593271;1.000000;0.000000;0.000000;
17.757823;1.592123;4.816822;1.017133;1.592392;4.078642;1.005356;1.587380;3.997979;0.999678;1.601467;3.394387;1.004235;1.593206;1.593206;1.593206;1.593206;1.593206;1.000000;0.000000;0.000000;
17.774102;1.592779;4.805492;1.016008;1.592058;4.065228;1.004273;1.586850;3.855375;0.999911;1.601148;3.525702;1.000353;1.593115;1.593115;1.593115;1.593115;1.593115;1.000000;0.000000;0.000000;
17.790380;1.593438;4.809599;1.013870;1.591759;4.044858;1.002512;1.586539;3.700630;0.999470;1.600497;3.642300;0.995754;1.593009;1.593009;1.593009;1.593009;1.593009;1.000000;0.000000;0.000000;
17.806659;1.594080;4.828871;1.010835;1.591508;4.018556;1.000175;1.586460;3.539781;0.998409;1.599560;3.740586;0.990682;1.592899;1.592899;1.592899;1.592899;1.592899;1.000000;0.000000;0.000000;
17.822938;1.594687;4.862384;1.007091;1.591314;3.987617;0.997433;1.586616;3.379247;0.996865;1.598387;3.818745;0.985454;1.592795;1.592795;1.592795;1.592795;1.592795;1.000000;0.000000;0.000000;
17.839216;1.595243;4.908688;1.002881;1.591187;3.953518;0.994504;1.587001;3.225436;0.995033;1.597035;3.876442;0.980426;1.592704;1.592704;1.592704;1.592704;1.592704;1.000000;0.000000;0.000000;
17.855495;1.595733;4.965978;0.998471;1.591129;3.917818;0.991623;1.587599;3.084407;0.993136;1.595556;3.914343;0.975953;1.592634;1.592634;1.592634;1.592634;1.592634;1.000000;0.000000;0.000000;
17.871773;1.596146;5.032251;0.994125;1.591143;3.882077;0.989013;1.588386;2.961597;0.991399;1.594003;3.933586;0.972355;1.592587;1.592587;1.592587;1.592587;1.592587;1.000000;0.000000;0.000000;
17.888052;1.596470;5.105423;0.990076;1.591228;3.847774;0.986863;1.589333;2.861618;0.990012;1.592425;3.935290;0.969883;1.592564;1.592564;1.592564;1.592564;1.592564;1.000000;0.000000;0.000000;
17.904331;1.596700;5.183388;0.986510;1.591378;3.816234;0.985307;1.590402;2.788118;0.989115;1.590869;3.920198;0.968699;1.592564;1.592564;1.592564;1.592564;1.592564;1.000000;0.000000;0.000000;
17.920609;1.596831;5.264024;0.983544;1.591587;3.788560;0.984405;1.591552;2.743665;0.988773;1.589380;3.888495;0.968855;1.592584;1.592584;1.592584;1.592584;1.592584;1.000000;0.000000;0.000000;
17.936888;1.596861;5.345163;0.981225;1.591847;3.765580;0.984145;1.592739;2.729647;0.988971;1.588004;3.839833;0.970290;1.592622;1.592622;1.592622;1.592622;1.592622;1.000000;0.000000;0.000000;
17.953166;1.596791;5.424561;0.979526;1.592147;3.747803;0.984440;1.593920;2.746174;0.989615;1.586788;3.773567;0.972834;1.592676;1.592676;1.592676;1.592676;1.592676;1.000000;0.000000;0.000000;
17.969445;1.596626;5.499905;0.978362;1.592477;3.735401;0.985144;1.595050;2.792002;0.990543;1.585780;3.689161;0.976224;1.592745;1.592745;1.592745;1.592745;1.592745;1.000000;0.000000;0.000000;
17.985724;1.596372;5.568868;0.977609;1.592826;3.728221;0.986074;1.596088;2.864499;0.991552;1.585028;3.586718;0.980137;1.592830;1.592830;1.592830;1.592830;1.592830;1.000000;0.000000;0.000000;
18.002002;1.596039;5.629231;0.977130;1.593185;3.725841;0.987042;1.597000;2.959717;0.992430;1.584578;3.467526;0.984227;1.592934;1.592934;1.592934;1.592934;1.592934;1.000000;0.000000;0.000000;
18.018281;1.595638;5.679049;0.976813;1.593543;3.727649;0.987886;1.597757;3.072596;0.992994;1.584470;3.334486;0.988175;1.593060;1.593060;1.593060;1.593060;1.593060;1.000000;0.000000;0.000000;
18.034560;1.595185;5.716831;0.976593;1.593894;3.732962;0.988503;1.598337;3.197316;0.993129;1.584732;3.192318;0.991729;1.593213;1.593213;1.593213;1.593213;1.593213;1.000000;0.000000;0.000000;
18.050838;1.594694;5.741671;0.976476;1.594230;3.741139;0.988870;1.598729;3.327768;0.992811;1.585380;3.047446;0.994739;1.593396;1.593396;1.593396;1.593396;1.593396;1.000000;0.000000;0.000000;
18.067117;1.594182;5.753299;0.976539;1.594548;3.751680;0.989047;1.598931;3.458059;0.992119;1.586406;2.907559;0.997169;1.593611;1.593611;1.593611;1.593611;1.593611;1.000000;0.000000;0.000000;
18.083395;1.593666;5.752013;0.976919;1.594842;3.764268;0.989168;1.598946;3.582944;0.991219;1.587787;2.780925;0.999090;1.593857;1.593857;1.593857;1.593857;1.593857;1.000000;0.000000;0.000000;
18.099674;1.593161;5.738513;0.977785;1.595109;3.778752;0.989412;1.598786;3.698104;0.990338;1.589473;2.675592;1.000649;1.594129;1.594129;1.594129;1.594129;1.594129;1.000000;0.000000;0.000000;
18.115953;1.592682;5.713675;0.979295;1.595344;3.795070;0.989962;1.598470;3.800210;0.989716;1.591397;2.598606;1.002019;1.594418;1.594418;1.594418;1.594418;1.594418;1.000000;0.000000;0.000000;
18.132231;1.592241;5.678329;0.981561;1.595545;3.813134;0.990961;1.598018;3.886827;0.989558;1.593475;2.555360;1.003353;1.594714;1.594714;1.594714;1.594714;1.594714;1.000000;0.000000;0.000000;
18.148510;1.591853;5.633111;0.984608;1.595708;3.832712;0.992483;1.597455;3.956203;0.989995;1.595613;2.549121;1.004735;1.595003;1.595003;1.595003;1.595003;1.595003;1.000000;0.000000;0.000000;
18.164788;1.591529;5.578436;0.988360;1.595831;3.853348;0.994501;1.596807;4.007054;0.991054;1.597710;2.580738;1.006151;1.595271;1.595271;1.595271;1.595271;1.595271;1.000000;0.000000;0.000000;
18.181067;1.591280;5.514618;0.992632;1.595912;3.874341;0.996892;1.596104;4.038438;0.992646;1.599667;2.648532;1.007484;1.595505;1.595505;1.595505;1.595505;1.595505;1.000000;0.000000;0.000000;
18.197346;1.591117;5.442096;0.997152;1.595951;3.894795;0.999443;1.595372;4.049731;0.994585;1.601395;2.748378;1.008530;1.595692;1.595692;1.595692;1.595692;1.595692;1.000000;0.000000;0.000000;
18.213624;1.591051;5.361732;1.001592;1.595952;3.913727;1.001887;1.594644;4.040746;0.996616;1.602817;2.874005;1.009036;1.595827;1.595827;1.595827;1.595827;1.595827;1.000000;0.000000;0.000000;
18.229903;1.591089;5.275073;1.005614;1.595917;3.930211;1.003949;1.593947;4.011898;0.998459;1.603876;3.017526;1.008754;1.595907;1.595907;1.595907;1.595907;1.595907;1.000000;0.000000;0.000000;
18.246182;1.591237;5.184495;1.008922;1.595853;3.943513;1.005385;1.593309;3.964387;0.999861;1.604536;3.170196;1.007494;1.595931;1.595931;1.595931;1.595931;1.595931;1.000000;0.000000;0.000000;
18.262460;1.591498;5.093178;1.011300;1.595766;3.953195;1.006029;1.592755;3.900286;1.000638;1.604786;3.323293;1.005170;1.595908;1.595908;1.595908;1.595908;1.595908;1.000000;0.000000;0.000000;
18.278739;1.591869;5.004895;1.012639;1.595663;3.959151;1.005817;1.592308;3.822511;1.000702;1.604637;3.468989;1.001826;1.595844;1.595844;1.595844;1.595844;1.595844;1.000000;0.000000;0.000000;
18.295017;1.592344;4.923677;1.012950;1.595552;3.961599;1.004794;1.591984;3.734660;1.000077;1.604116;3.601048;0.997636;1.595752;1.595752;1.595752;1.595752;1.595752;1.000000;0.000000;0.000000;
18.311296;1.592911;4.853425;1.012350;1.595438;3.961009;1.003107;1.591793;3.640767;0.998883;1.603266;3.715205;0.992893;1.595642;1.595642;1.595642;1.595642;1.595642;1.000000;0.000000;0.000000;
18.327575;1.593554;4.797565;1.011035;1.595329;3.958022;1.000974;1.591741;3.545012;0.997317;1.602138;3.809187;0.987964;1.595523;1.595523;1.595523;1.595523;1.595523;1.000000;0.000000;0.000000;
18.343853;1.594253;4.758792;1.009247;1.595226;3.953348;0.998654;1.591827;3.451475;0.995618;1.600788;3.882406;0.983250;1.595405;1.595405;1.595405;1.595405;1.595405;1.000000;0.000000;0.000000;
18.360132;1.594986;4.738920;1.007239;1.595134;3.947687;0.996409;1.592044;3.363935;0.994031;1.599270;3.935447;0.979139;1.595292;1.595292;1.595292;1.595292;1.595292;1.000000;0.000000;0.000000;
18.376410;1.595729;4.738844;1.005238;1.595053;3.941662;0.994474;1.592381;3.285748;0.992772;1.597637;3.969458;0.975962;1.595187;1.595187;1.595187;1.595187;1.595187;1.000000;0.000000;0.000000;
18.392689;1.596458;4.758558;1.003420;1.594984;3.935766;0.993023;1.592821;3.219782;0.992003;1.595939;3.985596;0.973967;1.595091;1.595091;1.595091;1.595091;1.595091;1.000000;0.000000;0.000000;
18.408968;1.597148;4.797212;1.001893;1.594926;3.930338;0.992158;1.593345;3.168372;0.991813;1.594225;3.984596;0.973287;1.595004;1.595004;1.595004;1.595004;1.595004;1.000000;0.000000;0.000000;
18.425246;1.597777;4.853185;1.000687;1.594878;3.925541;0.991896;1.593928;3.133291;0.992210;1.592541;3.966540;0.973940;1.594924;1.594924;1.594924;1.594924;1.594924;1.000000;0.000000;0.000000;
18.441525;1.598326;4.924146;0.999756;1.594839;3.921359;0.992169;1.594548;3.115692;0.993114;1.590935;3.930849;0.975819;1.594850;1.594850;1.594850;1.594850;1.594850;1.000000;0.000000;0.000000;
18.457803;1.598778;5.007129;0.998984;1.594809;3.917596;0.992835;1.595177;3.116031;0.994373;1.589454;3.876494;0.978710;1.594782;1.594782;1.594782;1.594782;1.594782;1.000000;0.000000;0.000000;
18.474082;1.599121;5.098633;0.998208;1.594785;3.913904;0.993696;1.595789;3.133973;0.995776;1.588153;3.802416;0.982307;1.594722;1.594722;1.594722;1.594722;1.594722;1.000000;0.000000;0.000000;
18.490361;1.599346;5.194766;0.997243;1.594770;3.909812;0.994525;1.596360;3.168316;0.997080;1.587083;3.708073;0.986248;1.594675;1.594675;1.594675;1.594675;1.594675;1.000000;0.000000;0.000000;
18.506639;1.599452;5.291458;0.995913;1.594765;3.904791;0.995100;1.596868;3.216965;0.998044;1.586298;3.594044;0.990158;1.594646;1.594646;1.594646;1.594646;1.594646;1.000000;0.000000;0.000000;
18.522918;1.599440;5.384747;0.994089;1.594771;3.898330;0.995237;1.597294;3.276999;0.998469;1.585847;3.462529;0.993692;1.594645;1.594645;1.594645;1.594645;1.594645;1.000000;0.000000;0.000000;
18.539197;1.599316;5.471099;0.991722;1.594793;3.890032;0.994829;1.597625;3.344854;0.998232;1.585770;3.317643;0.996583;1.594679;1.594679;1.594679;1.594679;1.594679;1.000000;0.000000;0.000000;
18.555475;1.599093;5.547711;0.988859;1.594833;3.879708;0.993864;1.597853;3.416618;0.997311;1.586091;3.165386;0.998677;1.594758;1.594758;1.594758;1.594758;1.594758;1.000000;0.000000;0.000000;
18.571754;1.598782;5.612732;0.985655;1.594897;3.867443;0.992439;1.597977;3.488376;0.995796;1.586820;3.013266;0.999950;1.594887;1.594887;1.594887;1.594887;1.594887;1.000000;0.000000;0.000000;
18.588032;1.598399;5.665328;0.982356;1.594988;3.853624;0.990740;1.597998;3.556548;0.993882;1.587942;2.869655;1.000506;1.595068;1.595068;1.595068;1.595068;1.595068;1.000000;0.000000;0.000000;
18.604311;1.597960;5.705568;0.979268;1.595107;3.838902;0.989024;1.597926;3.618134;0.991840;1.589423;2.742980;1.000547;1.595301;1.595301;1.595301;1.595301;1.595301;1.000000;0.000000;0.000000;
18.620590;1.597479;5.734158;0.976718;1.595257;3.824102;0.987571;1.597772;3.670826;0.989972;1.591204;2.640934;1.000328;1.595579;1.595579;1.595579;1.595579;1.595579;1.000000;0.000000;0.000000;
18.636868;1.596971;5.752067;0.974998;1.595436;3.810096;0.986639;1.597550;3.712979;0.988564;1.593212;2.569803;1.000105;1.595892;1.595892;1.595892;1.595892;1.595892;1.000000;0.000000;0.000000;
18.653147;1.596448;5.760154;0.974328;1.595641;3.797666;0.986420;1.597278;3.743492;0.987835;1.595356;2.533967;1.000077;1.596227;1.596227;1.596227;1.596227;1.596227;1.000000;0.000000;0.000000;
18.669425;1.595924;5.758875;0.974815;1.595870;3.787401;0.987008;1.596972;3.761668;0.987904;1.597539;2.535607;1.000349;1.596567;1.596567;1.596567;1.596567;1.596567;1.000000;0.000000;0.000000;
18.685704;1.595408;5.748134;0.976438;1.596118;3.779638;0.988378;1.596653;3.767111;0.988769;1.599662;2.574558;1.000910;1.596895;1.596895;1.596895;1.596895;1.596895;1.000000;0.000000;0.000000;
18.705072;1.594826;5.722078;0.979605;1.596428;3.773726;0.990797;1.596282;3.756776;0.990622;1.601967;2.665286;1.001738;1.597248;1.597248;1.597248;1.597248;1.597248;1.000000;0.000000;0.000000;
18.724439;1.594299;5.680257;0.983726;1.596748;3.771324;0.993718;1.595948;3.728951;0.993030;1.603910;2.796599;1.002422;1.597542;1.597542;1.597542;1.597542;1.597542;1.000000;0.000000;0.000000;
18.743806;1.593848;5.621289;0.988251;1.597071;3.772112;0.996649;1.595681;3.685184;0.995508;1.605384;2.956965;1.002519;1.597763;1.597763;1.597763;1.597763;1.597763;1.000000;0.000000;0.000000;
18.763174;1.593501;5.544916;0.992630;1.597387;3.775871;0.999113;1.595503;3.628258;0.997584;1.606323;3.132862;1.001649;1.597908;1.597908;1.597908;1.597908;1.597908;1.000000;0.000000;0.000000;
18.780605;1.593294;5.463728;0.996244;1.597660;3.782293;1.000791;1.595433;3.569560;0.998978;1.606683;3.294944;1.000050;1.597974;1.597974;1.597974;1.597974;1.597974;1.000000;0.000000;0.000000;
18.798035;1.593203;5.370810;0.999044;1.597916;3.790796;1.001534;1.595459;3.506466;0.999496;1.606593;3.448705;0.997338;1.597987;1.597987;1.597987;1.597987;1.597987;1.000000;0.000000;0.000000;
18.815466;1.593241;5.270653;1.001052;1.598150;3.801912;1.001433;1.595583;3.443424;0.999240;1.606084;3.587739;0.993802;1.597958;1.597958;1.597958;1.597958;1.597958;1.000000;0.000000;0.000000;
18.832897;1.593413;5.167913;1.002319;1.598356;3.815812;1.000608;1.595801;3.384514;0.998335;1.605207;3.706766;0.989741;1.597898;1.597898;1.597898;1.597898;1.597898;1.000000;0.000000;0.000000;
18.850327;1.593720;5.067465;1.002996;1.598528;3.832550;0.999275;1.596103;3.333312;0.997005;1.604023;3.803317;0.985555;1.597817;1.597817;1.597817;1.597817;1.597817;1.000000;0.000000;0.000000;
18.867758;1.594153;4.974308;1.003302;1.598659;3.852057;0.997714;1.596474;3.292841;0.995528;1.602596;3.876799;0.981685;1.597725;1.597725;1.597725;1.597725;1.597725;1.000000;0.000000;0.000000;
18.885189;1.594700;4.893093;1.003474;1.598745;3.874105;0.996216;1.596896;3.265379;0.994190;1.600992;3.927942;0.978556;1.597627;1.597627;1.597627;1.597627;1.597627;1.000000;0.000000;0.000000;
18.902619;1.595341;4.827841;1.003722;1.598779;3.898293;0.995038;1.597347;3.252423;0.993241;1.599274;3.958035;0.976520;1.597526;1.597526;1.597526;1.597526;1.597526;1.000000;0.000000;0.000000;
18.920050;1.596054;4.781736;1.004197;1.598760;3.924037;0.994372;1.597803;3.254703;0.992856;1.597502;3.968246;0.975818;1.597423;1.597423;1.597423;1.597423;1.597423;1.000000;0.000000;0.000000;
18.937481;1.596812;4.757018;1.004957;1.598683;3.950548;0.994310;1.598241;3.272237;0.993110;1.595732;3.959018;0.976543;1.597317;1.597317;1.597317;1.597317;1.597317;1.000000;0.000000;0.000000;
18.954911;1.597585;4.754710;1.005978;1.598550;3.976895;0.994853;1.598637;3.304251;0.993986;1.594022;3.930534;0.978653;1.597206;1.597206;1.597206;1.597206;1.597206;1.000000;0.000000;0.000000;
18.972342;1.598343;4.774910;1.007128;1.598361;4.001878;0.995886;1.598971;3.349374;0.995349;1.592429;3.881745;0.981941;1.597091;1.597091;1.597091;1.597091;1.597091;1.000000;0.000000;0.000000;
18.989773;1.599058;4.816436;1.008198;1.598122;4.024154;0.997210;1.599223;3.405484;0.996980;1.591013;3.811643;0.986080;1.596975;1.596975;1.596975;1.596975;1.596975;1.000000;0.000000;0.000000;
19.007203;1.599703;4.877088;1.008939;1.597840;4.042253;0.998573;1.599378;3.469809;0.998613;1.589837;3.719544;0.990658;1.596862;1.596862;1.596862;1.596862;1.596862;1.000000;0.000000;0.000000;
19.024634;1.600255;4.953027;1.009087;1.597526;4.054788;0.999702;1.599429;3.538788;0.999960;1.588961;3.606556;0.995220;1.596760;1.596760;1.596760;1.596760;1.596760;1.000000;0.000000;0.000000;
19.042065;1.600698;5.039966;1.008427;1.597194;4.060521;1.000361;1.599371;3.608576;1.000778;1.588440;3.475272;0.999343;1.596679;1.596679;1.596679;1.596679;1.596679;1.000000;0.000000;0.000000;
19.059496;1.601020;5.133536;1.006833;1.596859;4.058449;1.000389;1.599206;3.675224;1.000904;1.588319;3.330147;1.002689;1.596631;1.596631;1.596631;1.596631;1.596631;1.000000;0.000000;0.000000;
19.076926;1.601217;5.228818;1.004295;1.596539;4.048165;0.999732;1.598944;3.734797;1.000287;1.588625;3.178422;1.005047;1.596627;1.596627;1.596627;1.596627;1.596627;1.000000;0.000000;0.000000;
19.094357;1.601288;5.321574;1.000939;1.596251;4.029809;0.998458;1.598598;3.783903;0.999006;1.589361;3.028828;1.006360;1.596675;1.596675;1.596675;1.596675;1.596675;1.000000;0.000000;0.000000;
19.111788;1.601241;5.408442;0.997012;1.596012;4.004102;0.996744;1.598188;3.819893;0.997254;1.590505;2.890889;1.006722;1.596779;1.596779;1.596779;1.596779;1.596779;1.000000;0.000000;0.000000;
19.129218;1.601084;5.487091;0.992842;1.595837;3.972252;0.994843;1.597737;3.840972;0.995304;1.592010;2.773877;1.006341;1.596941;1.596941;1.596941;1.596941;1.596941;1.000000;0.000000;0.000000;
19.146649;1.600829;5.556156;0.988792;1.595736;3.935794;0.993035;1.597268;3.846160;0.993453;1.593803;2.685784;1.005478;1.597155;1.597155;1.597155;1.597155;1.597155;1.000000;0.000000;0.000000;
19.164080;1.600491;5.614978;0.985199;1.595718;3.896396;0.991571;1.596808;3.835168;0.991968;1.595791;2.632516;1.004391;1.597410;1.597410;1.597410;1.597410;1.597410;1.000000;0.000000;0.000000;
19.181510;1.600083;5.663196;0.982325;1.595787;3.855770;0.990628;1.596382;3.808272;0.991034;1.597864;2.617262;1.003270;1.597693;1.597693;1.597693;1.597693;1.597693;1.000000;0.000000;0.000000;
19.198941;1.599621;5.700546;0.980321;1.595944;3.815375;0.990285;1.596015;3.766274;0.990729;1.599919;2.640465;1.002220;1.597989;1.597989;1.597989;1.597989;1.597989;1.000000;0.000000;0.000000;
19.216372;1.599118;5.726663;0.979215;1.596186;3.776481;0.990501;1.595727;3.710222;0.991005;1.601849;2.699631;1.001219;1.598282;1.598282;1.598282;1.598282;1.598282;1.000000;0.000000;0.000000;
19.233802;1.598591;5.740825;0.978926;1.596510;3.740247;0.991144;1.595540;3.641710;0.991712;1.603561;2.789862;1.000155;1.598559;1.598559;1.598559;1.598559;1.598559;1.000000;0.000000;0.000000;
19.251233;1.598055;5.742144;0.979297;1.596907;3.707816;0.992022;1.595470;3.563066;0.992642;1.604977;2.904342;0.998872;1.598808;1.598808;1.598808;1.598808;1.598808;1.000000;0.000000;0.000000;
19.268664;1.597530;5.729850;0.980141;1.597368;3.680364;0.992927;1.595530;3.477407;0.993574;1.606042;3.034975;0.997222;1.599022;1.599022;1.599022;1.599022;1.599022;1.000000;0.000000;0.000000;
19.286095;1.597031;5.703923;0.981357;1.597881;3.659407;0.993761;1.595727;3.388941;0.994407;1.606720;3.174315;0.995205;1.599198;1.599198;1.599198;1.599198;1.599198;1.000000;0.000000;0.000000;
19.303525;1.596577;5.663826;0.982677;1.598430;3.645577;0.994267;1.596060;3.301380;0.994869;1.607001;3.312835;0.992651;1.599334;1.599334;1.599334;1.599334;1.599334;1.000000;0.000000;0.000000;
19.320956;1.596188;5.610649;0.984061;1.598997;3.640194;0.994443;1.596524;3.219943;0.994970;1.606895;3.443711;0.989712;1.599435;1.599435;1.599435;1.599435;1.599435;1.000000;0.000000;0.000000;
19.338387;1.595878;5.545889;0.985497;1.599565;3.644027;0.994322;1.597105;3.149229;0.994757;1.606435;3.561729;0.986582;1.599503;1.599503;1.599503;1.599503;1.599503;1.000000;0.000000;0.000000;
19.355817;1.595662;5.471737;0.987017;1.600112;3.657520;0.993997;1.597782;3.093655;0.994337;1.605661;3.662832;0.983518;1.599543;1.599543;1.599543;1.599543;1.599543;1.000000;0.000000;0.000000;
19.373248;1.595549;5.390782;0.988692;1.600617;3.680572;0.993604;1.598527;3.056533;0.993864;1.604626;3.745197;0.980813;1.599560;1.599560;1.599560;1.599560;1.599560;1.000000;0.000000;0.000000;
19.390679;1.595547;5.305958;0.990595;1.601061;3.712592;0.993290;1.599310;3.040231;0.993497;1.603383;3.808130;0.978751;1.599557;1.599557;1.599557;1.599557;1.599557;1.000000;0.000000;0.000000;
19.408109;1.595658;5.220442;0.992778;1.601426;3.752519;0.993182;1.600097;3.046097;0.993369;1.601991;3.851441;0.977561;1.599534;1.599534;1.599534;1.599534;1.599534;1.000000;0.000000;0.000000;
19.425540;1.595880;5.137261;0.995266;1.601696;3.798848;0.993380;1.600853;3.074021;0.993579;1.600503;3.876065;0.977412;1.599494;1.599494;1.599494;1.599494;1.599494;1.000000;0.000000;0.000000;
19.442971;1.596208;5.059637;0.998021;1.601860;3.849770;0.993920;1.601544;3.123151;0.994154;1.598975;3.881958;0.978360;1.599435;1.599435;1.599435;1.599435;1.599435;1.000000;0.000000;0.000000;
19.460401;1.596632;4.990611;1.000955;1.601911;3.903223;0.994787;1.602140;3.191531;0.995059;1.597462;3.869043;0.980360;1.599360;1.599360;1.599360;1.599360;1.599360;1.000000;0.000000;0.000000;
19.477832;1.597139;4.932987;1.003931;1.601846;3.956999;0.995909;1.602612;3.276283;0.996203;1.596019;3.837000;0.983275;1.599270;1.599270;1.599270;1.599270;1.599270;1.000000;0.000000;0.000000;
19.495263;1.597711;4.889196;1.006778;1.601668;4.008828;0.997173;1.602939;3.373733;0.997448;1.594701;3.785473;0.986881;1.599167;1.599167;1.599167;1.599167;1.599167;1.000000;0.000000;0.000000;
19.512694;1.598329;4.861128;1.009302;1.601382;4.056468;0.998436;1.603105;3.479545;0.998633;1.593564;3.714485;0.990897;1.599058;1.599058;1.599058;1.599058;1.599058;1.000000;0.000000;0.000000;
19.530124;1.598971;4.849970;1.011315;1.601002;4.097806;0.999553;1.603101;3.588905;0.999596;1.592663;3.624918;0.995013;1.598948;1.598948;1.598948;1.598948;1.598948;1.000000;0.000000;0.000000;
19.547555;1.599614;4.856078;1.012658;1.600543;4.130970;1.000397;1.602927;3.696776;1.000205;1.592046;3.518960;0.998933;1.598846;1.598846;1.598846;1.598846;1.598846;1.000000;0.000000;0.000000;
19.564986;1.600236;4.878930;1.013223;1.600024;4.154438;1.000884;1.602590;3.798189;1.000377;1.591755;3.400390;1.002403;1.598762;1.598762;1.598762;1.598762;1.598762;1.000000;0.000000;0.000000;
19.582416;1.600815;4.917173;1.012975;1.599467;4.167140;1.000986;1.602104;3.888564;1.000102;1.591815;3.274619;1.005246;1.598703;1.598703;1.598703;1.598703;1.598703;1.000000;0.000000;0.000000;
19.599847;1.601333;4.968768;1.011951;1.598898;4.168525;1.000740;1.601491;3.963982;0.999443;1.592236;3.148412;1.007375;1.598678;1.598678;1.598678;1.598678;1.598678;1.000000;0.000000;0.000000;
19.617278;1.601774;5.031195;1.010262;1.598340;4.158571;1.000238;1.600777;4.021369;0.998527;1.593006;3.029346;1.008792;1.598690;1.598690;1.598690;1.598690;1.598690;1.000000;0.000000;0.000000;
19.634708;1.602126;5.101669;1.008072;1.597817;4.137747;0.999610;1.599993;4.058567;0.997521;1.594093;2.925077;1.009572;1.598742;1.598742;1.598742;1.598742;1.598742;1.000000;0.000000;0.000000;
19.652139;1.602380;5.177314;1.005564;1.597352;4.106922;0.998992;1.599172;4.074271;0.996599;1.595443;2.842549;1.009826;1.598831;1.598831;1.598831;1.598831;1.598831;1.000000;0.000000;0.000000;
19.669570;1.602532;5.255286;1.002915;1.596965;4.067260;0.998495;1.598348;4.067909;0.995904;1.596984;2.787284;1.009669;1.598951;1.598951;1.598951;1.598951;1.598951;1.000000;0.000000;0.000000;
19.687000;1.602581;5.332818;1.000266;1.596673;4.020129;0.998180;1.597556;4.039512;0.995520;1.598634;2.762817;1.009178;1.599096;1.599096;1.599096;1.599096;1.599096;1.000000;0.000000;0.000000;
19.704431;1.602529;5.407245;0.997699;1.596491;3.967044;0.998044;1.596830;3.989646;0.995451;1.600303;2.770363;1.008378;1.599256;1.599256;1.599256;1.599256;1.599256;1.000000;0.000000;0.000000;
19.721862;1.602382;5.476035;0.995240;1.596430;3.909667;0.998016;1.596204;3.919437;0.995622;1.601900;2.808715;1.007231;1.599423;1.599423;1.599423;1.599423;1.599423;1.000000;0.000000;0.000000;
19.739292;1.602150;5.536854;0.992865;1.596495;3.849832;0.997979;1.595706;3.830694;0.995898;1.603345;2.874389;1.005656;1.599588;1.599588;1.599588;1.599588;1.599588;1.000000;0.000000;0.000000;
19.756723;1.601846;5.587683;0.990526;1.596691;3.789588;0.997793;1.595363;3.726056;0.996110;1.604566;2.962016;1.003558;1.599745;1.599745;1.599745;1.599745;1.599745;1.000000;0.000000;0.000000;
19.774154;1.601482;5.626954;0.988179;1.597014;3.731208;0.997331;1.595196;3.609114;0.996103;1.605512;3.064932;1.000870;1.599891;1.599891;1.599891;1.599891;1.599891;1.000000;0.000000;0.000000;
19.791585;1.601077;5.653679;0.985814;1.597458;3.677138;0.996514;1.595220;3.484406;0.995762;1.606150;3.175931;0.997589;1.600026;1.600026;1.600026;1.600026;1.600026;1.000000;0.000000;0.000000;
19.809015;1.600646;5.667527;0.983477;1.598009;3.629891;0.995331;1.595441;3.357267;0.995052;1.606468;3.288028;0.993801;1.600150;1.600150;1.600150;1.600150;1.600150;1.000000;0.000000;0.000000;
19.826446;1.600206;5.668820;0.981273;1.598650;3.591874;0.993849;1.595859;3.233531;0.994021;1.606472;3.395140;0.989690;1.600265;1.600265;1.600265;1.600265;1.600265;1.000000;0.000000;0.000000;
19.843877;1.599773;5.658434;0.979363;1.599359;3.565201;0.992207;1.596461;3.119132;0.992796;1.606183;3.492531;0.985526;1.600374;1.600374;1.600374;1.600374;1.600374;1.000000;0.000000;0.000000;
19.861307;1.599362;5.637632;0.977939;1.600109;3.551479;0.990593;1.597227;3.019580;0.991566;1.605635;3.577188;0.981634;1.600477;1.600477;1.600477;1.600477;1.600477;1.000000;0.000000;0.000000;
19.878738;1.598987;5.607875;0.977186;1.600871;3.551798;0.989204;1.598130;2.940051;0.990530;1.604866;3.646849;0.978340;1.600576;1.600576;1.600576;1.600576;1.600576;1.000000;0.000000;0.000000;
19.896169;1.598657;5.570617;0.977265;1.601614;3.566458;0.988227;1.599134;2.884436;0.989882;1.603922;3.700891;0.975948;1.600668;1.600668;1.600668;1.600668;1.600668;1.000000;0.000000;0.000000;
19.913599;1.598381;5.527189;0.978268;1.602308;3.595070;0.987794;1.600199;2.855688;0.989759;1.602847;3.738940;0.974681;1.600750;1.600750;1.600750;1.600750;1.600750;1.000000;0.000000;0.000000;
19.931030;1.598168;5.478717;0.980219;1.602924;3.636479;0.987981;1.601282;2.855229;0.990239;1.601688;3.761445;0.974673;1.600817;1.600817;1.600817;1.600817;1.600817;1.000000;0.000000;0.000000;
19.948461;1.598023;5.426178;0.983038;1.603437;3.688919;0.988771;1.602337;2.883511;0.991300;1.600490;3.768113;0.975929;1.600867;1.600867;1.600867;1.600867;1.600867;1.000000;0.000000;0.000000;
19.965891;1.597950;5.370476;0.986562;1.603826;3.750031;0.990074;1.603322;2.939571;0.992836;1.599300;3.758635;0.978337;1.600895;1.600895;1.600895;1.600895;1.600895;1.000000;0.000000;0.000000;
19.983322;1.597953;5.312565;0.990559;1.604076;3.816996;0.991736;1.604193;3.021117;0.994670;1.598166;3.732585;0.981684;1.600900;1.600900;1.600900;1.600900;1.600900;1.000000;0.000000;0.000000;
20.000753;1.598034;5.253586;0.994751;1.604178;3.886694;0.993560;1.604916;3.124582;0.996579;1.597135;3.689639;0.985677;1.600883;1.600883;1.600883;1.600883;1.600883;1.000000;0.000000;0.000000;
20.018184;1.598193;5.194958;0.998848;1.604130;3.955882;0.995339;1.605459;3.245250;0.998327;1.596256;3.629960;0.989983;1.600848;1.600848;1.600848;1.600848;1.600848;1.000000;0.000000;0.000000;
20.035614;1.598429;5.138401;1.002582;1.603937;4.021403;0.996887;1.605802;3.377475;0.999698;1.595575;3.554595;0.994269;1.600800;1.600800;1.600800;1.600800;1.600800;1.000000;0.000000;0.000000;
20.053045;1.598735;5.085892;1.005741;1.603611;4.080389;0.998066;1.605932;3.515038;1.000538;1.595132;3.465806;0.998240;1.600748;1.600748;1.600748;1.600748;1.600748;1.000000;0.000000;0.000000;
20.070476;1.599107;5.039554;1.008191;1.603169;4.130449;0.998815;1.605847;3.651574;1.000774;1.594960;3.367233;1.001678;1.600699;1.600699;1.600699;1.600699;1.600699;1.000000;0.000000;0.000000;
20.087906;1.599533;5.001495;1.009892;1.602632;4.169791;0.999152;1.605554;3.781044;1.000434;1.595079;3.263822;1.004461;1.600663;1.600663;1.600663;1.600663;1.600663;1.000000;0.000000;0.000000;
20.105337;1.600001;4.973633;1.010891;1.602025;4.197279;0.999175;1.605070;3.898137;0.999639;1.595491;3.161512;1.006566;1.600646;1.600646;1.600646;1.600646;1.600646;1.000000;0.000000;0.000000;
20.122768;1.600498;4.957536;1.011307;1.601373;4.212394;0.999038;1.604417;3.998551;0.998583;1.596184;3.066728;1.008058;1.600652;1.600652;1.600652;1.600652;1.600652;1.000000;0.000000;0.000000;
20.140198;1.601005;4.954274;1.011299;1.600705;4.215130;0.998923;1.603627;4.079079;0.997498;1.597125;2.985761;1.009061;1.600682;1.600682;1.600682;1.600682;1.600682;1.000000;0.000000;0.000000;
20.157629;1.601506;4.964316;1.011030;1.600046;4.205844;0.998996;1.602731;4.137532;0.996610;1.598266;2.924154;1.009714;1.600733;1.600733;1.600733;1.600733;1.600733;1.000000;0.000000;0.000000;
20.175060;1.601984;4.987457;1.010632;1.599421;4.185114;0.999376;1.601767;4.172547;0.996095;1.599545;2.886160;1.010132;1.600800;1.600800;1.600800;1.600800;1.600800;1.000000;0.000000;0.000000;
20.192490;1.602422;5.022782;1.010175;1.598856;4.153646;1.000103;1.600772;4.183373;0.996049;1.600891;2.874343;1.010377;1.600876;1.600876;1.600876;1.600876;1.600876;1.000000;0.000000;0.000000;
20.209921;1.602805;5.068683;1.009657;1.598371;4.112252;1.001129;1.599784;4.169723;0.996466;1.602227;2.889340;1.010431;1.600952;1.600952;1.600952;1.600952;1.600952;1.000000;0.000000;0.000000;
20.227352;1.603121;5.122930;1.009000;1.597988;4.061918;1.002314;1.598843;4.131748;0.997239;1.603480;2.929803;1.010206;1.601022;1.601022;1.601022;1.601022;1.601022;1.000000;0.000000;0.000000;
20.244782;1.603360;5.182808;1.008078;1.597723;4.003916;1.003460;1.597984;4.070151;0.998183;1.604580;2.992515;1.009558;1.601080;1.601080;1.601080;1.601080;1.601080;1.000000;0.000000;0.000000;
20.262213;1.603518;5.245319;1.006740;1.597591;3.939934;1.004335;1.597244;3.986382;0.999069;1.605474;3.072701;1.008322;1.601123;1.601123;1.601123;1.601123;1.601123;1.000000;0.000000;0.000000;
20.279644;1.603593;5.307421;1.004853;1.597601;3.872150;1.004722;1.596656;3.882846;0.999666;1.606119;3.164512;1.006362;1.601152;1.601152;1.601152;1.601152;1.601152;1.000000;0.000000;0.000000;
20.297075;1.603588;5.366300;1.002337;1.597759;3.803234;1.004457;1.596245;3.763041;0.999789;1.606492;3.261631;1.003607;1.601168;1.601168;1.601168;1.601168;1.601168;1.000000;0.000000;0.000000;
20.314505;1.603509;5.419611;0.999197;1.598063;3.736228;1.003464;1.596033;3.631535;0.999333;1.606588;3.357930;1.000084;1.601179;1.601179;1.601179;1.601179;1.601179;1.000000;0.000000;0.000000;
20.331936;1.603364;5.465653;0.995531;1.598505;3.674346;1.001768;1.596034;3.493786;0.998292;1.606418;3.448056;0.995933;1.601190;1.601190;1.601190;1.601190;1.601190;1.000000;0.000000;0.000000;
20.349367;1.603164;5.503459;0.991532;1.599069;3.620721;0.999494;1.596250;3.355817;0.996765;1.606005;3.527843;0.991399;1.601207;1.601207;1.601207;1.601207;1.601207;1.000000;0.000000;0.000000;
20.366797;1.602919;5.532770;0.987464;1.599734;3.578143;0.996850;1.596676;3.223811;0.994932;1.605383;3.594488;0.986808;1.601237;1.601237;1.601237;1.601237;1.601237;1.000000;0.000000;0.000000;
20.384228;1.602642;5.553904;0.983631;1.600475;3.548853;0.994094;1.597297;3.103705;0.993032;1.604592;3.646467;0.982527;1.601283;1.601283;1.601283;1.601283;1.601283;1.000000;0.000000;0.000000;
20.401659;1.602342;5.567563;0.980335;1.601259;3.534389;0.991495;1.598090;3.000852;0.991316;1.603676;3.683267;0.978918;1.601345;1.601345;1.601345;1.601345;1.601345;1.000000;0.000000;0.000000;
20.419089;1.602029;5.574594;0.977842;1.602055;3.535507;0.989297;1.599023;2.919764;0.990016;1.602678;3.704999;0.976294;1.601422;1.601422;1.601422;1.601422;1.601422;1.000000;0.000000;0.000000;
20.436520;1.601711;5.575769;0.976349;1.602830;3.552163;0.987688;1.600059;2.863943;0.989304;1.601641;3.712023;0.974878;1.601510;1.601510;1.601510;1.601510;1.601510;1.000000;0.000000;0.000000;
20.453951;1.601396;5.571616;0.975956;1.603550;3.583529;0.986773;1.601155;2.835774;0.989270;1.600608;3.704662;0.974784;1.601604;1.601604;1.601604;1.601604;1.601604;1.000000;0.000000;0.000000;
20.471381;1.601091;5.562331;0.976661;1.604186;3.628045;0.986572;1.602268;2.836455;0.989913;1.599620;3.683070;0.975997;1.601698;1.601698;1.601698;1.601698;1.601698;1.000000;0.000000;0.000000;
20.488812;1.600803;5.547782;0.978363;1.604713;3.683497;0.987015;1.603352;2.865926;0.991135;1.598719;3.647277;0.978383;1.601787;1.601787;1.601787;1.601787;1.601787;1.000000;0.000000;0.000000;
20.506243;1.600540;5.527595;0.980876;1.605110;3.747129;0.987963;1.604363;2.922825;0.992763;1.597945;3.597409;0.981704;1.601867;1.601867;1.601867;1.601867;1.601867;1.000000;0.000000;0.000000;
20.523674;1.600308;5.501326;0.983957;1.605364;3.815794;0.989229;1.605261;3.004476;0.994573;1.597337;3.534006;0.985648;1.601937;1.601937;1.601937;1.601937;1.601937;1.000000;0.000000;0.000000;
20.541104;1.600117;5.468651;0.987337;1.605468;3.886146;0.990613;1.606011;3.106952;0.996323;1.596933;3.458386;0.989872;1.601998;1.601998;1.601998;1.601998;1.601998;1.000000;0.000000;0.000000;
20.558535;1.599975;5.429574;0.990761;1.605422;3.954865;0.991936;1.606585;3.225262;0.997795;1.596762;3.372938;0.994044;1.602052;1.602052;1.602052;1.602052;1.602052;1.000000;0.000000;0.000000;
20.575966;1.599889;5.384582;0.994018;1.605234;4.018885;0.993066;1.606963;3.353653;0.998827;1.596846;3.281263;0.997883;1.602104;1.602104;1.602104;1.602104;1.602104;1.000000;0.000000;0.000000;
20.593396;1.599867;5.334732;0.996968;1.604916;4.075600;0.993944;1.607137;3.486024;0.999341;1.597195;3.188084;1.001192;1.602158;1.602158;1.602158;1.602158;1.602158;1.000000;0.000000;0.000000;
20.610827;1.599914;5.281654;0.999546;1.604488;4.123000;0.994586;1.607104;3.616390;0.999351;1.597804;3.098941;1.003870;1.602218;1.602218;1.602218;1.602218;1.602218;1.000000;0.000000;0.000000;
20.628258;1.600032;5.227446;1.001764;1.603971;4.159720;0.995078;1.606873;3.739292;0.998961;1.598652;3.019688;1.005915;1.602287;1.602287;1.602287;1.602287;1.602287;1.000000;0.000000;0.000000;
20.645688;1.600221;5.174515;1.003690;1.603389;4.184993;0.995551;1.606462;3.850104;0.998336;1.599701;2.955905;1.007395;1.602364;1.602364;1.602364;1.602364;1.602364;1.000000;0.000000;0.000000;
20.663119;1.600477;5.125359;1.005415;1.602767;4.198534;0.996149;1.605891;3.945171;0.997672;1.600899;2.912310;1.008424;1.602448;1.602448;1.602448;1.602448;1.602448;1.000000;0.000000;0.000000;
20.680550;1.600793;5.082355;1.007027;1.602131;4.200392;0.996999;1.605189;4.021788;0.997157;1.602184;2.892275;1.009118;1.602533;1.602533;1.602533;1.602533;1.602533;1.000000;0.000000;0.000000;
20.697980;1.601160;5.047136;1.008535;1.601507;4.190759;0.998134;1.604389;4.077772;0.996891;1.603481;2.897377;1.009528;1.602614;1.602614;1.602614;1.602614;1.602614;1.000000;0.000000;0.000000;
20.715411;1.601566;5.022298;1.010021;1.600917;4.170257;0.999631;1.603522;4.112521;0.997022;1.604722;2.927452;1.009760;1.602683;1.602683;1.602683;1.602683;1.602683;1.000000;0.000000;0.000000;
20.732842;1.601996;5.008183;1.011388;1.600386;4.139393;1.001381;1.602623;4.125352;0.997505;1.605840;2.980557;1.009756;1.602733;1.602733;1.602733;1.602733;1.602733;1.000000;0.000000;0.000000;
20.750273;1.602436;5.005377;1.012503;1.599934;4.098692;1.003223;1.601725;4.115869;0.998232;1.606775;3.052993;1.009423;1.602761;1.602761;1.602761;1.602761;1.602761;1.000000;0.000000;0.000000;
20.767703;1.602871;5.013807;1.013219;1.599581;4.049247;1.004974;1.600864;4.084453;0.999062;1.607481;3.139914;1.008658;1.602762;1.602762;1.602762;1.602762;1.602762;1.000000;0.000000;0.000000;
20.785134;1.603287;5.033081;1.013411;1.599343;3.992489;1.006456;1.600072;4.031977;0.999853;1.607923;3.236346;1.007394;1.602737;1.602737;1.602737;1.602737;1.602737;1.000000;0.000000;0.000000;
20.802565;1.603671;5.061383;1.012900;1.599233;3.930640;1.007445;1.599380;3.960326;1.000398;1.608086;3.335596;1.005495;1.602688;1.602688;1.602688;1.602688;1.602688;1.000000;0.000000;0.000000;
20.819995;1.604011;5.097576;1.011627;1.599260;3.866189;1.007818;1.598816;3.872072;1.000586;1.607968;3.432101;1.002978;1.602621;1.602621;1.602621;1.602621;1.602621;1.000000;0.000000;0.000000;
20.837426;1.604297;5.139892;1.009584;1.599424;3.802060;1.007507;1.598403;3.770621;1.000348;1.607586;3.520885;0.999912;1.602543;1.602543;1.602543;1.602543;1.602543;1.000000;0.000000;0.000000;
20.854857;1.604524;5.186454;1.006839;1.599722;3.741362;1.006522;1.598158;3.660073;0.999684;1.606967;3.598008;0.996441;1.602462;1.602462;1.602462;1.602462;1.602462;1.000000;0.000000;0.000000;
20.872287;1.604687;5.235357;1.003535;1.600142;3.687139;1.004950;1.598090;3.545015;0.998663;1.606148;3.660904;0.992781;1.602385;1.602385;1.602385;1.602385;1.602385;1.000000;0.000000;0.000000;
20.889718;1.604784;5.285077;0.999861;1.600666;3.642146;1.002926;1.598203;3.430332;0.997399;1.605175;3.707564;0.989176;1.602321;1.602321;1.602321;1.602321;1.602321;1.000000;0.000000;0.000000;
20.907149;1.604814;5.334003;0.996055;1.601273;3.608624;1.000637;1.598489;3.320810;0.996052;1.604093;3.737779;0.985903;1.602273;1.602273;1.602273;1.602273;1.602273;1.000000;0.000000;0.000000;
20.924579;1.604781;5.380991;0.992351;1.601936;3.588183;0.998269;1.598938;3.221046;0.994780;1.602951;3.751407;0.983209;1.602246;1.602246;1.602246;1.602246;1.602246;1.000000;0.000000;0.000000;
20.942010;1.604687;5.425092;0.988965;1.602625;3.581701;0.995996;1.599530;3.135153;0.993727;1.601797;3.748760;0.981295;1.602240;1.602240;1.602240;1.602240;1.602240;1.000000;0.000000;0.000000;
20.959441;1.604538;5.465521;0.986069;1.603310;3.589292;0.993956;1.600239;3.066598;0.992999;1.600676;3.730276;0.980293;1.602255;1.602255;1.602255;1.602255;1.602255;1.000000;0.000000;0.000000;
20.976871;1.604337;5.501573;0.983781;1.603962;3.610324;0.992237;1.601037;3.018053;0.992650;1.599634;3.696391;0.980250;1.602289;1.602289;1.602289;1.602289;1.602289;1.000000;0.000000;0.000000;
20.994302;1.604093;5.532545;0.982156;1.604554;3.643469;0.990876;1.601889;2.991282;0.992676;1.598716;3.647585;0.981122;1.602341;1.602341;1.602341;1.602341;1.602341;1.000000;0.000000;0.000000;
21.011733;1.603812;5.557686;0.981186;1.605062;3.686793;0.989857;1.602763;2.987046;0.993019;1.597962;3.584552;0.982790;1.602410;1.602410;1.602410;1.602410;1.602410;1.000000;0.000000;0.000000;
21.029164;1.603503;5.576199;0.980820;1.605467;3.737886;0.989130;1.603621;3.005042;0.993581;1.597411;3.508465;0.985071;1.602493;1.602493;1.602493;1.602493;1.602493;1.000000;0.000000;0.000000;
21.046594;1.603176;5.587291;0.980973;1.605756;3.794022;0.988628;1.604431;3.043899;0.994242;1.597098;3.421255;0.987747;1.602591;1.602591;1.602591;1.602591;1.602591;1.000000;0.000000;0.000000;
21.064025;1.602841;5.590266;0.981555;1.605921;3.852354;0.988285;1.605163;3.101245;0.994884;1.597050;3.325838;0.990596;1.602703;1.602703;1.602703;1.602703;1.602703;1.000000;0.000000;0.000000;
21.081456;1.602509;5.584633;0.982487;1.605961;3.910114;0.988061;1.605790;3.173857;0.995414;1.597282;3.226195;0.993422;1.602830;1.602830;1.602830;1.602830;1.602830;1.000000;0.000000;0.000000;
21.098886;1.602191;5.570200;0.983714;1.605880;3.964800;0.987949;1.606292;3.257893;0.995782;1.597799;3.127276;0.996075;1.602972;1.602972;1.602972;1.602972;1.602972;1.000000;0.000000;0.000000;
21.116317;1.601900;5.547138;0.985216;1.605688;4.014305;0.987984;1.606656;3.349179;0.995988;1.598588;3.034692;0.998466;1.603128;1.603128;1.603128;1.603128;1.603128;1.000000;0.000000;0.000000;
21.133748;1.601647;5.515993;0.986996;1.605398;4.056989;0.988231;1.606874;3.443493;0.996080;1.599623;2.954258;1.000565;1.603295;1.603295;1.603295;1.603295;1.603295;1.000000;0.000000;0.000000;
21.151178;1.601441;5.477648;0.989074;1.605026;4.091661;0.988774;1.606944;3.536828;0.996138;1.600859;2.891439;1.002382;1.603469;1.603469;1.603469;1.603469;1.603469;1.000000;0.000000;0.000000;
21.168609;1.601290;5.433258;0.991463;1.604590;4.117512;0.989687;1.606873;3.625564;0.996255;1.602239;2.850797;1.003950;1.603645;1.603645;1.603645;1.603645;1.603645;1.000000;0.000000;0.000000;
21.186040;1.601203;5.384169;0.994154;1.604111;4.134015;0.991018;1.606670;3.706577;0.996509;1.603693;2.835517;1.005298;1.603814;1.603814;1.603814;1.603814;1.603814;1.000000;0.000000;0.000000;
21.203470;1.601184;5.331856;0.997095;1.603609;4.140835;0.992766;1.606349;3.777261;0.996947;1.605148;2.847063;1.006427;1.603968;1.603968;1.603968;1.603968;1.603968;1.000000;0.000000;0.000000;
21.220901;1.601236;5.277893;1.000189;1.603105;4.137790;0.994871;1.605930;3.835529;0.997565;1.606526;2.885006;1.007301;1.604098;1.604098;1.604098;1.604098;1.604098;1.000000;0.000000;0.000000;
21.238332;1.601360;5.223943;1.003294;1.602620;4.124863;0.997220;1.605433;3.879801;0.998315;1.607757;2.947046;1.007846;1.604199;1.604199;1.604199;1.604199;1.604199;1.000000;0.000000;0.000000;
21.255763;1.601554;5.171766;1.006239;1.602176;4.102282;0.999656;1.604882;3.909011;0.999108;1.608778;3.029210;1.007967;1.604265;1.604265;1.604265;1.604265;1.604265;1.000000;0.000000;0.000000;
21.273193;1.601815;5.123215;1.008842;1.601792;4.070625;1.002002;1.604299;3.922631;0.999831;1.609539;3.126235;1.007568;1.604293;1.604293;1.604293;1.604293;1.604293;1.000000;0.000000;0.000000;
21.290624;1.602135;5.080187;1.010938;1.601486;4.030920;1.004084;1.603710;3.920705;1.000378;1.610008;3.232082;1.006579;1.604284;1.604284;1.604284;1.604284;1.604284;1.000000;0.000000;0.000000;
21.308055;1.602507;5.044542;1.012400;1.601274;3.984701;1.005760;1.603139;3.903869;1.000665;1.610168;3.340525;1.004982;1.604240;1.604240;1.604240;1.604240;1.604240;1.000000;0.000000;0.000000;
21.325485;1.602919;5.017962;1.013156;1.601167;3.933994;1.006936;1.602607;3.873331;1.000649;1.610023;3.445720;1.002824;1.604167;1.604167;1.604167;1.604167;1.604167;1.000000;0.000000;0.000000;
21.342916;1.603357;5.001819;1.013197;1.601172;3.881223;1.007575;1.602134;3.830817;1.000336;1.609588;3.542665;1.000221;1.604071;1.604071;1.604071;1.604071;1.604071;1.000000;0.000000;0.000000;
21.360347;1.603808;4.996937;1.012575;1.601289;3.829054;1.007701;1.601737;3.778480;0.999782;1.608893;3.627646;0.997353;1.603960;1.603960;1.603960;1.603960;1.603960;1.000000;0.000000;0.000000;
21.377777;1.604256;5.003897;1.011383;1.601513;3.780182;1.007376;1.601429;3.718760;0.999073;1.607978;3.697685;0.994430;1.603842;1.603842;1.603842;1.603842;1.603842;1.000000;0.000000;0.000000;
21.395208;1.604685;5.022422;1.009749;1.601835;3.737157;1.006699;1.601220;3.654296;0.998316;1.606887;3.751329;0.991684;1.603721;1.603721;1.603721;1.603721;1.603721;1.000000;0.000000;0.000000;
21.412639;1.605081;5.051835;1.007807;1.602240;3.702187;1.005772;1.601113;3.587796;0.997615;1.605669;3.787668;0.989325;1.603604;1.603604;1.603604;1.603604;1.603604;1.000000;0.000000;0.000000;
21.430069;1.605430;5.090788;1.005694;1.602707;3.677002;1.004703;1.601110;3.521914;0.997068;1.604374;3.806829;0.987539;1.603495;1.603495;1.603495;1.603495;1.603495;1.000000;0.000000;0.000000;
21.447500;1.605720;5.137729;1.003511;1.603214;3.662758;1.003564;1.601207;3.459215;0.996727;1.603052;3.808675;0.986438;1.603396;1.603396;1.603396;1.603396;1.603396;1.000000;0.000000;0.000000;
21.464931;1.605944;5.190738;1.001332;1.603737;3.659972;1.002397;1.601397;3.402062;0.996610;1.601754;3.793299;0.986069;1.603310;1.603310;1.603310;1.603310;1.603310;1.000000;0.000000;0.000000;
21.482361;1.606093;5.247673;0.999193;1.604253;3.668504;1.001211;1.601669;3.352534;0.996691;1.600528;3.760823;0.986404;1.603240;1.603240;1.603240;1.603240;1.603240;1.000000;0.000000;0.000000;
21.499792;1.606166;5.306277;0.997098;1.604736;3.687572;0.999982;1.602009;3.312344;0.996904;1.599425;3.711471;0.987347;1.603187;1.603187;1.603187;1.603187;1.603187;1.000000;0.000000;0.000000;
21.517223;1.606161;5.364261;0.995030;1.605167;3.715811;0.998666;1.602403;3.282742;0.997159;1.598491;3.645788;0.988748;1.603154;1.603154;1.603154;1.603154;1.603154;1.000000;0.000000;0.000000;
21.534654;1.606081;5.419413;0.992960;1.605528;3.751367;0.997213;1.602832;3.264433;0.997354;1.597772;3.564920;0.990423;1.603145;1.603145;1.603145;1.603145;1.603145;1.000000;0.000000;0.000000;
21.552084;1.605931;5.469713;0.990870;1.605806;3.792046;0.995587;1.603279;3.257529;0.997393;1.597307;3.470899;0.992184;1.603163;1.603163;1.603163;1.603163;1.603163;1.000000;0.000000;0.000000;
21.569515;1.605719;5.513448;0.988770;1.605993;3.835491;0.993785;1.603726;3.261539;0.997211;1.597129;3.366851;0.993865;1.603213;1.603213;1.603213;1.603213;1.603213;1.000000;0.000000;0.000000;
21.586946;1.605455;5.549319;0.986707;1.606086;3.879375;0.991847;1.604158;3.275422;0.996786;1.597260;3.257047;0.995343;1.603297;1.603297;1.603297;1.603297;1.603297;1.000000;0.000000;0.000000;
21.604376;1.605151;5.576502;0.984773;1.606086;3.921589;0.989868;1.604560;3.297703;0.996149;1.597706;3.146765;0.996557;1.603417;1.603417;1.603417;1.603417;1.603417;1.000000;0.000000;0.000000;
21.621807;1.604817;5.594660;0.983100;1.606000;3.960374;0.987988;1.604921;3.326620;0.995384;1.598459;3.041962;0.997514;1.603573;1.603573;1.603573;1.603573;1.603573;1.000000;0.000000;0.000000;
21.639238;1.604466;5.603872;0.981848;1.605836;3.994393;0.986380;1.605232;3.360291;0.994614;1.599493;2.948804;0.998272;1.603763;1.603763;1.603763;1.603763;1.603763;1.000000;0.000000;0.000000;
21.656668;1.604111;5.604513;0.981175;1.605606;4.022709;0.985224;1.605488;3.396854;0.993983;1.600766;2.873116;0.998927;1.603980;1.603980;1.603980;1.603980;1.603980;1.000000;0.000000;0.000000;
21.674099;1.603761;5.597172;0.981221;1.605324;4.044525;0.984680;1.605686;3.434643;0.993636;1.602215;2.820030;0.999583;1.604215;1.604215;1.604215;1.604215;1.604215;1.000000;0.000000;0.000000;
21.691530;1.603428;5.582208;0.982052;1.605004;4.059833;0.984850;1.605825;3.471826;0.993648;1.603772;2.792774;1.000295;1.604458;1.604458;1.604458;1.604458;1.604458;1.000000;0.000000;0.000000;
21.708960;1.603122;5.560090;0.983687;1.604661;4.068240;0.985775;1.605908;3.507262;0.994075;1.605362;2.793352;1.001099;1.604697;1.604697;1.604697;1.604697;1.604697;1.000000;0.000000;0.000000;
21.726391;1.602850;5.531067;0.986052;1.604309;4.069439;0.987408;1.605939;3.539866;0.994894;1.606904;2.821869;1.001958;1.604920;1.604920;1.604920;1.604920;1.604920;1.000000;0.000000;0.000000;
21.743822;1.602624;5.495293;0.988995;1.603964;4.063223;0.989623;1.605922;3.568669;0.996009;1.608323;2.876511;1.002767;1.605115;1.605115;1.605115;1.605115;1.605115;1.000000;0.000000;0.000000;
21.761253;1.602450;5.453014;0.992304;1.603643;4.049499;0.992227;1.605865;3.592943;0.997275;1.609550;2.953758;1.003380;1.605275;1.605275;1.605275;1.605275;1.605275;1.000000;0.000000;0.000000;
21.778683;1.602338;5.404747;0.995735;1.603361;4.028415;0.994998;1.605775;3.612215;0.998520;1.610528;3.048678;1.003638;1.605394;1.605394;1.605394;1.605394;1.605394;1.000000;0.000000;0.000000;
21.796114;1.602294;5.352039;0.999107;1.603133;4.000443;0.997757;1.605658;3.626452;0.999629;1.611217;3.155991;1.003462;1.605467;1.605467;1.605467;1.605467;1.605467;1.000000;0.000000;0.000000;
21.813545;1.602322;5.295197;1.002116;1.602972;3.966680;1.000229;1.605524;3.635471;1.000386;1.611589;3.268712;1.002669;1.605496;1.605496;1.605496;1.605496;1.605496;1.000000;0.000000;0.000000;
21.830975;1.602427;5.236708;1.004635;1.602889;3.928547;1.002287;1.605380;3.639776;1.000737;1.611640;3.380721;1.001280;1.605484;1.605484;1.605484;1.605484;1.605484;1.000000;0.000000;0.000000;
21.848406;1.602609;5.178986;1.006580;1.602891;3.887952;1.003853;1.605233;3.639986;1.000667;1.611378;3.486511;0.999366;1.605438;1.605438;1.605438;1.605438;1.605438;1.000000;0.000000;0.000000;
21.865837;1.602864;5.124596;1.007943;1.602981;3.847106;1.004920;1.605088;3.636861;1.000232;1.610829;3.581788;0.997085;1.605363;1.605363;1.605363;1.605363;1.605363;1.000000;0.000000;0.000000;
21.883267;1.603186;5.076410;1.008776;1.603155;3.808332;1.005542;1.604950;3.631301;0.999541;1.610028;3.663055;0.994647;1.605267;1.605267;1.605267;1.605267;1.605267;1.000000;0.000000;0.000000;
21.900698;1.603565;5.036818;1.009181;1.603406;3.773899;1.005818;1.604822;3.624139;0.998739;1.609018;3.728464;0.992303;1.605157;1.605157;1.605157;1.605157;1.605157;1.000000;0.000000;0.000000;
21.918129;1.603988;5.007890;1.009278;1.603723;3.745829;1.005867;1.604705;3.616162;0.997984;1.607847;3.777019;0.990300;1.605039;1.605039;1.605039;1.605039;1.605039;1.000000;0.000000;0.000000;
21.935559;1.604439;4.991218;1.009178;1.604091;3.725755;1.005797;1.604601;3.608057;0.997408;1.606563;3.808213;0.988848;1.604915;1.604915;1.604915;1.604915;1.604915;1.000000;0.000000;0.000000;
21.952990;1.604902;4.987512;1.008976;1.604489;3.714800;1.005699;1.604510;3.600328;0.997121;1.605217;3.822452;0.988107;1.604789;1.604789;1.604789;1.604789;1.604789;1.000000;0.000000;0.000000;
21.970421;1.605360;4.997061;1.008713;1.604899;3.713543;1.005611;1.604429;3.593369;0.997165;1.603858;3.819610;0.988145;1.604665;1.604665;1.604665;1.604665;1.604665;1.000000;0.000000;0.000000;
22.005282;1.606171;5.051856;1.007963;1.605646;3.738403;1.005393;1.604294;3.582578;0.998103;1.601357;3.764668;0.990331;1.604428;1.604428;1.604428;1.604428;1.604428;1.000000;0.000000;0.000000;
22.036657;1.606732;5.133965;1.006644;1.606169;3.786670;1.004739;1.604197;3.575647;0.999385;1.599542;3.660302;0.993913;1.604244;1.604244;1.604244;1.604244;1.604244;1.000000;0.000000;0.000000;
22.064895;1.607054;5.223663;1.004468;1.606460;3.843226;1.003281;1.604126;3.570077;1.000221;1.598466;3.525825;0.997397;1.604124;1.604124;1.604124;1.604124;1.604124;1.000000;0.000000;0.000000;
22.089959;1.607178;5.306958;1.001533;1.606552;3.896915;1.001053;1.604077;3.563960;1.000298;1.598081;3.381945;0.999962;1.604076;1.604076;1.604076;1.604076;1.604076;1.000000;0.000000;0.000000;
22.112504;1.607159;5.378607;0.998119;1.606499;3.942887;0.998306;1.604049;3.556117;0.999692;1.598254;3.242608;1.001474;1.604093;1.604093;1.604093;1.604093;1.604093;1.000000;0.000000;0.000000;
22.123466;1.607092;5.410947;0.996273;1.606414;3.963114;0.996791;1.604043;3.551025;0.999194;1.598581;3.175512;1.001906;1.604132;1.604132;1.604132;1.604132;1.604132;1.000000;0.000000;0.000000;
22.134428;1.607000;5.440556;0.994364;1.606305;3.981063;0.995211;1.604044;3.544913;0.998581;1.599024;3.111603;1.002114;1.604188;1.604188;1.604188;1.604188;1.604188;1.000000;0.000000;0.000000;
22.145390;1.606886;5.467312;0.992462;1.606175;3.996581;0.993631;1.604053;3.537767;0.997903;1.599574;3.052532;1.002142;1.604261;1.604261;1.604261;1.604261;1.604261;1.000000;0.000000;0.000000;
22.156352;1.606758;5.492035;0.990595;1.606032;4.010386;0.992082;1.604066;3.529925;0.997204;1.600191;2.997525;1.002070;1.604345;1.604345;1.604345;1.604345;1.604345;1.000000;0.000000;0.000000;
22.167315;1.606614;5.514079;0.988790;1.605875;4.021888;0.990588;1.604088;3.521162;0.996488;1.600889;2.948193;1.001870;1.604441;1.604441;1.604441;1.604441;1.604441;1.000000;0.000000;0.000000;
22.178277;1.606454;5.533270;0.987118;1.605706;4.030874;0.989214;1.604118;3.511453;0.995803;1.601665;2.906289;1.001583;1.604552;1.604552;1.604552;1.604552;1.604552;1.000000;0.000000;0.000000;
22.189239;1.606279;5.549623;0.985643;1.605527;4.037308;0.988025;1.604159;3.500856;0.995200;1.602506;2.873083;1.001253;1.604674;1.604674;1.604674;1.604674;1.604674;1.000000;0.000000;0.000000;
22.211163;1.605899;5.573641;0.983474;1.605158;4.042403;0.986367;1.604275;3.477521;0.994366;1.604297;2.836144;1.000591;1.604943;1.604943;1.604943;1.604943;1.604943;1.000000;0.000000;0.000000;
22.233087;1.605490;5.586422;0.982485;1.604790;4.037464;0.985795;1.604441;3.452124;0.994128;1.606147;2.839856;1.000041;1.605231;1.605231;1.605231;1.605231;1.605231;1.000000;0.000000;0.000000;
22.255012;1.605071;5.587859;0.982725;1.604451;4.022776;0.986334;1.604658;3.425987;0.994493;1.607915;2.883301;0.999626;1.605514;1.605514;1.605514;1.605514;1.605514;1.000000;0.000000;0.000000;
22.276936;1.604660;5.577407;0.984085;1.604165;3.998745;0.987850;1.604926;3.400950;0.995338;1.609459;2.962113;0.999262;1.605772;1.605772;1.605772;1.605772;1.605772;1.000000;0.000000;0.000000;
22.298860;1.604283;5.554668;0.986274;1.603962;3.966662;0.990035;1.605239;3.379701;0.996415;1.610650;3.066703;0.998776;1.605983;1.605983;1.605983;1.605983;1.605983;1.000000;0.000000;0.000000;
22.320784;1.603957;5.519593;0.988963;1.603858;3.927904;0.992547;1.605586;3.364137;0.997457;1.611428;3.187237;0.997984;1.606140;1.606140;1.606140;1.606140;1.606140;1.000000;0.000000;0.000000;
22.342709;1.603702;5.472853;0.991840;1.603866;3.884739;0.995076;1.605955;3.356411;0.998252;1.611761;3.313121;0.996785;1.606241;1.606241;1.606241;1.606241;1.606241;1.000000;0.000000;0.000000;
22.362440;1.603546;5.422091;0.994395;1.603974;3.844488;0.997180;1.606290;3.357636;0.998655;1.611679;3.423142;0.995367;1.606285;1.606285;1.606285;1.606285;1.606285;1.000000;0.000000;0.000000;
22.382172;1.603472;5.365223;0.996796;1.604179;3.805691;0.999010;1.606614;3.367618;0.998747;1.611258;3.523385;0.993738;1.606288;1.606288;1.606288;1.606288;1.606288;1.000000;0.000000;0.000000;
22.401904;1.603486;5.304925;0.999006;1.604471;3.771155;1.000549;1.606909;3.386780;0.998592;1.610537;3.609241;0.992089;1.606257;1.606257;1.606257;1.606257;1.606257;1.000000;0.000000;0.000000;
22.421636;1.603590;5.244270;1.001038;1.604836;3.743515;1.001836;1.607160;3.414901;0.998306;1.609568;3.677674;0.990650;1.606198;1.606198;1.606198;1.606198;1.606198;1.000000;0.000000;0.000000;
22.441368;1.603783;5.186488;1.002933;1.605256;3.724976;1.002935;1.607352;3.451131;0.998023;1.608411;3.726978;0.989652;1.606115;1.606115;1.606115;1.606115;1.606115;1.000000;0.000000;0.000000;
22.461100;1.604056;5.134730;1.004727;1.605705;3.717117;1.003912;1.607473;3.494073;0.997869;1.607129;3.756371;0.989285;1.606015;1.606015;1.606015;1.606015;1.606015;1.000000;0.000000;0.000000;
22.480831;1.604399;5.091836;1.006432;1.606156;3.720744;1.004809;1.607511;3.541877;0.997930;1.605788;3.765604;0.989666;1.605900;1.605900;1.605900;1.605900;1.605900;1.000000;0.000000;0.000000;
22.500563;1.604798;5.059774;1.007999;1.606585;3.735820;1.005604;1.607462;3.592491;0.998219;1.604448;3.754512;0.990798;1.605775;1.605775;1.605775;1.605775;1.605775;1.000000;0.000000;0.000000;
22.520295;1.605234;5.041027;1.009410;1.606962;3.761745;1.006304;1.607323;3.643507;0.998764;1.603178;3.723618;0.992665;1.605643;1.605643;1.605643;1.605643;1.605643;1.000000;0.000000;0.000000;
22.540027;1.605684;5.036207;1.010480;1.607261;3.796359;1.006755;1.607095;3.691904;0.999420;1.602051;3.673032;0.995009;1.605510;1.605510;1.605510;1.605510;1.605510;1.000000;0.000000;0.000000;
22.559759;1.606128;5.045089;1.011082;1.607466;3.837472;1.006861;1.606787;3.735130;1.000079;1.601124;3.604416;0.997615;1.605383;1.605383;1.605383;1.605383;1.605383;1.000000;0.000000;0.000000;
22.579491;1.606548;5.066952;1.011091;1.607565;3.882260;1.006519;1.606411;3.770674;1.000609;1.600450;3.519979;1.000210;1.605270;1.605270;1.605270;1.605270;1.605270;1.000000;0.000000;0.000000;
22.599222;1.606924;5.100136;1.010409;1.607554;3.927672;1.005652;1.605983;3.796212;1.000895;1.600073;3.423382;1.002533;1.605178;1.605178;1.605178;1.605178;1.605178;1.000000;0.000000;0.000000;
22.618954;1.607243;5.142391;1.009002;1.607436;3.970739;1.004247;1.605522;3.809805;1.000865;1.600022;3.319756;1.004378;1.605116;1.605116;1.605116;1.605116;1.605116;1.000000;0.000000;0.000000;
22.638686;1.607492;5.191120;1.006914;1.607220;4.008822;1.002361;1.605052;3.810069;1.000513;1.600308;3.215474;1.005618;1.605092;1.605092;1.605092;1.605092;1.605092;1.000000;0.000000;0.000000;
22.658418;1.607665;5.243631;1.004271;1.606921;4.039811;1.000126;1.604597;3.796299;0.999893;1.600920;3.117639;1.006219;1.605109;1.605109;1.605109;1.605109;1.605109;1.000000;0.000000;0.000000;
22.678150;1.607758;5.297372;1.001261;1.606558;4.062229;0.997728;1.604182;3.768525;0.999108;1.601824;3.033363;1.006226;1.605169;1.605169;1.605169;1.605169;1.605169;1.000000;0.000000;0.000000;
22.697882;1.607771;5.350073;0.998108;1.606154;4.075209;0.995378;1.603831;3.727512;0.998289;1.602963;2.968953;1.005740;1.605270;1.605270;1.605270;1.605270;1.605270;1.000000;0.000000;0.000000;
22.717614;1.607708;5.399796;0.995039;1.605732;4.078409;0.993275;1.603565;3.674722;0.997554;1.604267;2.929184;1.004883;1.605406;1.605406;1.605406;1.605406;1.605406;1.000000;0.000000;0.000000;
22.737345;1.607574;5.444905;0.992249;1.605317;4.071885;0.991575;1.603405;3.612244;0.996990;1.605649;2.916766;1.003762;1.605569;1.605569;1.605569;1.605569;1.605569;1.000000;0.000000;0.000000;
22.757077;1.607378;5.484002;0.989876;1.604931;4.055992;0.990371;1.603363;3.542735;0.996630;1.607021;2.932072;1.002450;1.605747;1.605747;1.605747;1.605747;1.605747;1.000000;0.000000;0.000000;
22.776809;1.607129;5.515885;0.988001;1.604598;4.031346;0.989686;1.603449;3.469363;0.996456;1.608298;2.973171;1.000978;1.605931;1.605931;1.605931;1.605931;1.605931;1.000000;0.000000;0.000000;
22.796541;1.606840;5.539538;0.986644;1.604335;3.998855;0.989481;1.603665;3.395729;0.996409;1.609402;3.036112;0.999348;1.606110;1.606110;1.606110;1.606110;1.606110;1.000000;0.000000;0.000000;
22.816273;1.606524;5.554184;0.985788;1.604162;3.959795;0.989678;1.604009;3.325740;0.996412;1.610274;3.115451;0.997558;1.606277;1.606277;1.606277;1.606277;1.606277;1.000000;0.000000;0.000000;
22.836005;1.606194;5.559349;0.985398;1.604092;3.915879;0.990187;1.604468;3.263413;0.996397;1.610870;3.204905;0.995623;1.606425;1.606425;1.606425;1.606425;1.606425;1.000000;0.000000;0.000000;
22.855736;1.605866;5.554931;0.985445;1.604132;3.869274;0.990930;1.605024;3.212613;0.996326;1.611170;3.298056;0.993603;1.606552;1.606552;1.606552;1.606552;1.606552;1.000000;0.000000;0.000000;
22.875468;1.605552;5.541224;0.985914;1.604286;3.822539;0.991855;1.605655;3.176738;0.996200;1.611172;3.388977;0.991607;1.606654;1.606654;1.606654;1.606654;1.606654;1.000000;0.000000;0.000000;
22.895200;1.605267;5.518900;0.986808;1.604551;3.778475;0.992938;1.606329;3.158431;0.996061;1.610892;3.472668;0.989787;1.606732;1.606732;1.606732;1.606732;1.606732;1.000000;0.000000;0.000000;
22.914932;1.605022;5.488952;0.988140;1.604914;3.739911;0.994183;1.607015;3.159334;0.995976;1.610360;3.545276;0.988322;1.606786;1.606786;1.606786;1.606786;1.606786;1.000000;0.000000;0.000000;
22.934664;1.604828;5.452612;0.989914;1.605360;3.709464;0.995596;1.607678;3.179945;0.996019;1.609617;3.604072;0.987384;1.606815;1.606815;1.606815;1.606815;1.606815;1.000000;0.000000;0.000000;
22.954396;1.604693;5.411289;0.992113;1.605865;3.689304;0.997176;1.608284;3.219580;0.996248;1.608710;3.647270;0.987110;1.606821;1.606821;1.606821;1.606821;1.606821;1.000000;0.000000;0.000000;
22.974127;1.604623;5.366516;0.994681;1.606402;3.680963;0.998892;1.608801;3.276422;0.996689;1.607694;3.673776;0.987577;1.606803;1.606803;1.606803;1.606803;1.606803;1.000000;0.000000;0.000000;
22.993859;1.604622;5.319933;0.997515;1.606942;3.685197;1.000679;1.609201;3.347650;0.997328;1.606622;3.682967;0.988784;1.606763;1.606763;1.606763;1.606763;1.606763;1.000000;0.000000;0.000000;
23.013591;1.604690;5.273281;1.000471;1.607453;3.701910;1.002435;1.609463;3.429620;0.998105;1.605553;3.674579;0.990652;1.606703;1.606703;1.606703;1.606703;1.606703;1.000000;0.000000;0.000000;
23.033323;1.604827;5.228388;1.003372;1.607908;3.730150;1.004033;1.609572;3.518081;0.998931;1.604543;3.648744;0.993031;1.606626;1.606626;1.606626;1.606626;1.606626;1.000000;0.000000;0.000000;
23.053055;1.605028;5.187127;1.006029;1.608279;3.768174;1.005336;1.609523;3.608419;0.999700;1.603648;3.606149;0.995717;1.606537;1.606537;1.606537;1.606537;1.606537;1.000000;0.000000;0.000000;
23.072787;1.605286;5.151339;1.008263;1.608547;3.813581;1.006220;1.609316;3.695921;1.000311;1.602920;3.548280;0.998487;1.606442;1.606442;1.606442;1.606442;1.606442;1.000000;0.000000;0.000000;
23.092518;1.605591;5.122722;1.009930;1.608698;3.863516;1.006598;1.608962;3.776045;1.000688;1.602403;3.477654;1.001124;1.606350;1.606350;1.606350;1.606350;1.606350;1.000000;0.000000;0.000000;
23.112250;1.605931;5.102706;1.010940;1.608726;3.914916;1.006435;1.608477;3.844680;1.000798;1.602132;3.397928;1.003448;1.606266;1.606266;1.606266;1.606266;1.606266;1.000000;0.000000;0.000000;
23.131982;1.606292;5.092338;1.011267;1.608629;3.964772;1.005758;1.607888;3.898362;1.000658;1.602127;3.313843;1.005334;1.606200;1.606200;1.606200;1.606200;1.606200;1.000000;0.000000;0.000000;
23.151714;1.606660;5.092189;1.010948;1.608418;4.010352;1.004656;1.607222;3.934430;1.000333;1.602393;3.230939;1.006722;1.606156;1.606156;1.606156;1.606156;1.606156;1.000000;0.000000;0.000000;
23.171446;1.607019;5.102307;1.010072;1.608104;4.049375;1.003261;1.606513;3.951110;0.999918;1.602913;3.155084;1.007608;1.606138;1.606138;1.606138;1.606138;1.606138;1.000000;0.000000;0.000000;
23.191178;1.607354;5.122199;1.008759;1.607707;4.080075;1.001729;1.605797;3.947521;0.999517;1.603656;3.091885;1.008030;1.606146;1.606146;1.606146;1.606146;1.606146;1.000000;0.000000;0.000000;
23.210909;1.607652;5.150852;1.007136;1.607248;4.101201;1.000208;1.605110;3.923645;0.999220;1.604572;3.046081;1.008041;1.606179;1.606179;1.606179;1.606179;1.606179;1.000000;0.000000;0.000000;
23.230641;1.607901;5.187009;1.005305;1.606750;4.111956;0.998806;1.604483;3.880105;0.999071;1.605603;3.020868;1.007681;1.606234;1.606234;1.606234;1.606234;1.606234;1.000000;0.000000;0.000000;
23.250373;1.608091;5.228534;1.003347;1.606241;4.111931;0.997599;1.603953;3.818536;0.999073;1.606679;3.018250;1.006976;1.606303;1.606303;1.606303;1.606303;1.606303;1.000000;0.000000;0.000000;
23.270105;1.608216;5.273073;1.001302;1.605749;4.100944;0.996594;1.603552;3.741605;0.999156;1.607717;3.037778;1.005904;1.606381;1.606381;1.606381;1.606381;1.606381;1.000000;0.000000;0.000000;
23.289837;1.608273;5.318555;0.999189;1.605301;4.079365;0.995760;1.603301;3.652649;0.999235;1.608654;3.077138;1.004449;1.606463;1.606463;1.606463;1.606463;1.606463;1.000000;0.000000;0.000000;
23.309569;1.608263;5.362677;0.997001;1.604919;4.047952;0.995035;1.603217;3.555757;0.999201;1.609435;3.132556;1.002585;1.606544;1.606544;1.606544;1.606544;1.606544;1.000000;0.000000;0.000000;
23.329300;1.608190;5.403415;0.994751;1.604627;4.007943;0.994359;1.603308;3.455766;0.998964;1.610016;3.199199;1.000317;1.606623;1.606623;1.606623;1.606623;1.606623;1.000000;0.000000;0.000000;
23.349032;1.608060;5.439142;0.992481;1.604442;3.961119;0.993697;1.603574;3.358004;0.998480;1.610371;3.271770;0.997706;1.606698;1.606698;1.606698;1.606698;1.606698;1.000000;0.000000;0.000000;
23.368764;1.607881;5.468715;0.990280;1.604377;3.909796;0.993058;1.604005;3.267939;0.997765;1.610489;3.345079;0.994882;1.606770;1.606770;1.606770;1.606770;1.606770;1.000000;0.000000;0.000000;
23.388496;1.607664;5.491502;0.988277;1.604440;3.856728;0.992495;1.604581;3.190778;0.996894;1.610377;3.414522;0.992033;1.606840;1.606840;1.606840;1.606840;1.606840;1.000000;0.000000;0.000000;
23.408228;1.607419;5.507320;0.986630;1.604631;3.804941;0.992097;1.605274;3.131059;0.995993;1.610053;3.476389;0.989397;1.606909;1.606909;1.606909;1.606909;1.606909;1.000000;0.000000;0.000000;
23.427960;1.607156;5.516309;0.985506;1.604941;3.757513;0.991970;1.606051;3.092312;0.995209;1.609546;3.527946;0.987221;1.606975;1.606975;1.606975;1.606975;1.606975;1.000000;0.000000;0.000000;
23.447691;1.606885;5.518778;0.985049;1.605357;3.717337;0.992212;1.606872;3.076823;0.994682;1.608894;3.567353;0.985734;1.607037;1.607037;1.607037;1.607037;1.607037;1.000000;0.000000;0.000000;
23.467423;1.606616;5.515057;0.985353;1.605857;3.686905;0.992886;1.607693;3.085508;0.994517;1.608138;3.593461;0.985102;1.607094;1.607094;1.607094;1.607094;1.607094;1.000000;0.000000;0.000000;
23.487155;1.606358;5.505397;0.986444;1.606414;3.668112;0.994000;1.608474;3.117888;0.994759;1.607322;3.605601;0.985410;1.607141;1.607141;1.607141;1.607141;1.607141;1.000000;0.000000;0.000000;
23.506887;1.606119;5.489862;0.988265;1.607002;3.661990;0.995496;1.609177;3.172382;0.995384;1.606489;3.603315;0.986636;1.607176;1.607176;1.607176;1.607176;1.607176;1.000000;0.000000;0.000000;
23.526619;1.605908;5.468631;0.990714;1.607587;3.669301;0.997289;1.609763;3.245999;0.996333;1.605689;3.586770;0.988703;1.607197;1.607197;1.607197;1.607197;1.607197;1.000000;0.000000;0.000000;
23.546351;1.605735;5.441756;0.993543;1.608134;3.689291;0.999160;1.610201;3.334065;0.997420;1.604972;3.555919;0.991350;1.607203;1.607203;1.607203;1.607203;1.607203;1.000000;0.000000;0.000000;
23.566082;1.605608;5.409641;0.996546;1.608616;3.720589;1.000946;1.610471;3.431892;0.998512;1.604381;3.512072;0.994354;1.607196;1.607196;1.607196;1.607196;1.607196;1.000000;0.000000;0.000000;
23.585814;1.605533;5.372910;0.999490;1.609007;3.761194;1.002465;1.610562;3.534077;0.999449;1.603954;3.456926;0.997440;1.607178;1.607178;1.607178;1.607178;1.607178;1.000000;0.000000;0.000000;
23.605546;1.605516;5.332634;1.002168;1.609291;3.808516;1.003574;1.610473;3.635068;1.000112;1.603722;3.393225;1.000358;1.607155;1.607155;1.607155;1.607155;1.607155;1.000000;0.000000;0.000000;
23.625278;1.605561;5.290351;1.004432;1.609453;3.859667;1.004195;1.610212;3.729545;1.000445;1.603705;3.324718;1.002913;1.607132;1.607132;1.607132;1.607132;1.607132;1.000000;0.000000;0.000000;
23.645010;1.605670;5.247995;1.006204;1.609490;3.911696;1.004322;1.609796;3.812762;1.000458;1.603910;3.255960;1.004982;1.607115;1.607115;1.607115;1.607115;1.607115;1.000000;0.000000;0.000000;
23.664742;1.605840;5.207758;1.007473;1.609402;3.961817;1.004021;1.609248;3.880804;1.000227;1.604328;3.191955;1.006522;1.607106;1.607106;1.607106;1.607106;1.607106;1.000000;0.000000;0.000000;
23.684473;1.606067;5.171901;1.008288;1.609198;4.007580;1.003413;1.608599;3.930733;0.999873;1.604936;3.137658;1.007552;1.607109;1.607109;1.607109;1.607109;1.607109;1.000000;0.000000;0.000000;
23.704205;1.606341;5.142541;1.008726;1.608891;4.046962;1.002645;1.607883;3.960608;0.999531;1.605694;3.097433;1.008133;1.607122;1.607122;1.607122;1.607122;1.607122;1.000000;0.000000;0.000000;
23.723937;1.606652;5.121435;1.008871;1.608499;4.078379;1.001859;1.607137;3.969433;0.999318;1.606549;3.074563;1.008337;1.607144;1.607144;1.607144;1.607144;1.607144;1.000000;0.000000;0.000000;
23.743669;1.606988;5.109711;1.008770;1.608042;4.100670;1.001147;1.606396;3.956930;0.999297;1.607449;3.070838;1.008208;1.607171;1.607171;1.607171;1.607171;1.607171;1.000000;0.000000;0.000000;
23.763401;1.607333;5.108263;1.008475;1.607543;4.113028;1.000595;1.605698;3.923832;0.999506;1.608328;3.086747;1.007791;1.607198;1.607198;1.607198;1.607198;1.607198;1.000000;0.000000;0.000000;
23.783133;1.607672;5.116868;1.007940;1.607029;4.114753;1.000173;1.605079;3.871367;0.999863;1.609122;3.120784;1.007043;1.607221;1.607221;1.607221;1.607221;1.607221;1.000000;0.000000;0.000000;
23.802864;1.607990;5.135000;1.007122;1.606526;4.105660;0.999833;1.604573;3.801851;1.000270;1.609779;3.169998;1.005930;1.607234;1.607234;1.607234;1.607234;1.607234;1.000000;0.000000;0.000000;
23.822596;1.608272;5.161167;1.005952;1.606063;4.086055;0.999482;1.604208;3.718883;1.000582;1.610252;3.229884;1.004409;1.607238;1.607238;1.607238;1.607238;1.607238;1.000000;0.000000;0.000000;
23.842328;1.608509;5.193830;1.004393;1.605662;4.056745;0.999041;1.604001;3.626527;1.000692;1.610519;3.295731;1.002470;1.607233;1.607233;1.607233;1.607233;1.607233;1.000000;0.000000;0.000000;
23.862060;1.608693;5.231141;1.002438;1.605344;4.018987;0.998449;1.603962;3.529440;1.000512;1.610570;3.362729;1.000141;1.607222;1.607222;1.607222;1.607222;1.607222;1.000000;0.000000;0.000000;
23.881792;1.608818;5.271215;1.000134;1.605128;3.974595;0.997689;1.604096;3.432835;1.000014;1.610410;3.426384;0.997520;1.607208;1.607208;1.607208;1.607208;1.607208;1.000000;0.000000;0.000000;
23.901524;1.608882;5.312289;0.997590;1.605027;3.925874;0.996797;1.604393;3.342062;0.999240;1.610056;3.482912;0.994767;1.607197;1.607197;1.607197;1.607197;1.607197;1.000000;0.000000;0.000000;
23.921255;1.608884;5.352817;0.994966;1.605046;3.875489;0.995857;1.604840;3.262201;0.998285;1.609537;3.529438;0.992092;1.607191;1.607191;1.607191;1.607191;1.607191;1.000000;0.000000;0.000000;
23.940987;1.608827;5.391507;0.992455;1.605186;3.826283;0.994982;1.605412;3.197687;0.997282;1.608888;3.564012;0.989726;1.607195;1.607195;1.607195;1.607195;1.607195;1.000000;0.000000;0.000000;
23.960719;1.608714;5.427309;0.990252;1.605440;3.781078;0.994295;1.606077;3.152004;0.996378;1.608151;3.585494;0.987894;1.607209;1.607209;1.607209;1.607209;1.607209;1.000000;0.000000;0.000000;
23.980451;1.608550;5.459347;0.988532;1.605795;3.742463;0.993903;1.606800;3.127471;0.995702;1.607369;3.593361;0.986775;1.607234;1.607234;1.607234;1.607234;1.607234;1.000000;0.000000;0.000000;
24.000183;1.608341;5.486790;0.987401;1.606234;3.712373;0.993852;1.607547;3.125120;0.995320;1.606582;3.587316;0.986457;1.607269;1.607269;1.607269;1.607269;1.607269;1.000000;0.000000;0.000000;
24.019915;1.608096;5.509113;0.986983;1.606732;3.692890;0.994220;1.608275;3.145002;0.995325;1.605838;3.568039;0.987036;1.607311;1.607311;1.607311;1.607311;1.607311;1.000000;0.000000;0.000000;
24.039646;1.607822;5.525216;0.987234;1.607263;3.684752;0.994923;1.608946;3.185428;0.995646;1.605181;3.535677;0.988397;1.607358;1.607358;1.607358;1.607358;1.607358;1.000000;0.000000;0.000000;
24.059378;1.607531;5.534194;0.988089;1.607794;3.688430;0.995874;1.609524;3.243551;0.996205;1.604655;3.491295;0.990393;1.607408;1.607408;1.607408;1.607408;1.607408;1.000000;0.000000;0.000000;
24.079110;1.607235;5.535326;0.989431;1.608301;3.703151;0.996955;1.609982;3.315696;0.996899;1.604294;3.436850;0.992832;1.607459;1.607459;1.607459;1.607459;1.607459;1.000000;0.000000;0.000000;
24.098842;1.606944;5.528048;0.991119;1.608757;3.727806;0.998038;1.610302;3.397494;0.997608;1.604124;3.374694;0.995487;1.607512;1.607512;1.607512;1.607512;1.607512;1.000000;0.000000;0.000000;
24.118574;1.606672;5.512064;0.993009;1.609142;3.760694;0.999008;1.610471;3.484148;0.998226;1.604164;3.308111;0.998138;1.607567;1.607567;1.607567;1.607567;1.607567;1.000000;0.000000;0.000000;
24.138306;1.606432;5.487505;0.994977;1.609438;3.799716;0.999783;1.610487;3.570776;0.998688;1.604421;3.241184;1.000601;1.607625;1.607625;1.607625;1.607625;1.607625;1.000000;0.000000;0.000000;
24.158037;1.606236;5.455015;0.996931;1.609634;3.842562;1.000328;1.610354;3.652743;0.998974;1.604886;3.178521;1.002742;1.607687;1.607687;1.607687;1.607687;1.607687;1.000000;0.000000;0.000000;
24.177769;1.606094;5.415767;0.998816;1.609724;3.886876;1.000655;1.610086;3.725945;0.999112;1.605537;3.124845;1.004486;1.607752;1.607752;1.607752;1.607752;1.607752;1.000000;0.000000;0.000000;
24.197501;1.606017;5.371408;1.000605;1.609706;3.930402;1.000811;1.609700;3.786996;0.999163;1.606338;3.084497;1.005810;1.607819;1.607819;1.607819;1.607819;1.607819;1.000000;0.000000;0.000000;
24.217233;1.606008;5.323957;1.002290;1.609587;3.971082;1.000866;1.609222;3.833338;0.999204;1.607238;3.060936;1.006722;1.607884;1.607884;1.607884;1.607884;1.607884;1.000000;0.000000;0.000000;
24.236965;1.606072;5.275669;1.003859;1.609374;4.007118;1.000887;1.608680;3.863252;0.999301;1.608179;3.056318;1.007247;1.607945;1.607945;1.607945;1.607945;1.607945;1.000000;0.000000;0.000000;
24.256697;1.606207;5.228530;1.005279;1.609082;4.037058;1.000908;1.608101;3.875783;0.999484;1.609105;3.071279;1.007388;1.607996;1.607996;1.607996;1.607996;1.607996;1.000000;0.000000;0.000000;
24.276428;1.606410;5.185315;1.006536;1.608725;4.059655;1.000980;1.607518;3.870810;0.999788;1.609950;3.105023;1.007179;1.608033;1.608033;1.608033;1.608033;1.608033;1.000000;0.000000;0.000000;
24.296160;1.606673;5.147946;1.007536;1.608325;4.073865;1.001068;1.606961;3.848792;1.000151;1.610656;3.154910;1.006587;1.608052;1.608052;1.608052;1.608052;1.608052;1.000000;0.000000;0.000000;
24.315892;1.606986;5.118553;1.008216;1.607903;4.079105;1.001144;1.606461;3.811100;1.000521;1.611178;3.217133;1.005609;1.608050;1.608050;1.608050;1.608050;1.608050;1.000000;0.000000;0.000000;
24.335624;1.607333;5.098749;1.008507;1.607483;4.075271;1.001161;1.606044;3.760195;1.000822;1.611480;3.286739;1.004266;1.608029;1.608029;1.608029;1.608029;1.608029;1.000000;0.000000;0.000000;
24.355356;1.607701;5.089098;1.008333;1.607085;4.062605;1.001053;1.605730;3.698900;1.000967;1.611552;3.358746;1.002557;1.607988;1.607988;1.607988;1.607988;1.607988;1.000000;0.000000;0.000000;
24.375088;1.608074;5.090237;1.007692;1.606729;4.041863;1.000801;1.605532;3.630600;1.000924;1.611393;3.428571;1.000562;1.607933;1.607933;1.607933;1.607933;1.607933;1.000000;0.000000;0.000000;
24.394819;1.608435;5.102127;1.006605;1.606434;4.014184;1.000408;1.605458;3.559113;1.000682;1.611019;3.492076;0.998392;1.607868;1.607868;1.607868;1.607868;1.607868;1.000000;0.000000;0.000000;
24.414551;1.608769;5.124163;1.005134;1.606213;3.981082;0.999897;1.605510;3.488448;1.000268;1.610456;3.545915;0.996191;1.607797;1.607797;1.607797;1.607797;1.607797;1.000000;0.000000;0.000000;
24.434283;1.609063;5.155265;1.003374;1.606078;3.944374;0.999319;1.605682;3.422541;0.999736;1.609740;3.587630;0.994123;1.607727;1.607727;1.607727;1.607727;1.607727;1.000000;0.000000;0.000000;
24.454015;1.609302;5.193939;1.001438;1.606035;3.906066;0.998734;1.605961;3.364996;0.999158;1.608914;3.615604;0.992353;1.607661;1.607661;1.607661;1.607661;1.607661;1.000000;0.000000;0.000000;
24.473747;1.609479;5.238372;0.999448;1.606084;3.868236;0.998203;1.606330;3.318856;0.998609;1.608023;3.628930;0.991026;1.607604;1.607604;1.607604;1.607604;1.607604;1.000000;0.000000;0.000000;
24.493479;1.609585;5.286540;0.997516;1.606221;3.832903;0.997776;1.606766;3.286420;0.998150;1.607116;3.627259;0.990243;1.607559;1.607559;1.607559;1.607559;1.607559;1.000000;0.000000;0.000000;
24.513210;1.609618;5.336467;0.995720;1.606440;3.801699;0.997467;1.607245;3.269038;0.997809;1.606239;3.610538;0.990045;1.607527;1.607527;1.607527;1.607527;1.607527;1.000000;0.000000;0.000000;
24.532942;1.609575;5.385936;0.994154;1.606727;3.776479;0.997309;1.607739;3.267459;0.997623;1.605440;3.579480;0.990456;1.607511;1.607511;1.607511;1.607511;1.607511;1.000000;0.000000;0.000000;
24.552674;1.609461;5.432531;0.992838;1.607064;3.758427;0.997249;1.608218;3.281007;0.997544;1.604772;3.534845;0.991371;1.607511;1.607511;1.607511;1.607511;1.607511;1.000000;0.000000;0.000000;
24.572406;1.609280;5.474395;0.991790;1.607434;3.748102;0.997253;1.608657;3.308248;0.997539;1.604272;3.478441;0.992691;1.607529;1.607529;1.607529;1.607529;1.607529;1.000000;0.000000;0.000000;
24.592138;1.609043;5.509820;0.991009;1.607818;3.745737;0.997276;1.609036;3.346939;0.997560;1.603973;3.412544;0.994276;1.607567;1.607567;1.607567;1.607567;1.607567;1.000000;0.000000;0.000000;
24.611870;1.608759;5.537360;0.990492;1.608197;3.751075;0.997280;1.609337;3.394213;0.997562;1.603900;3.340298;0.995983;1.607624;1.607624;1.607624;1.607624;1.607624;1.000000;0.000000;0.000000;
24.631601;1.608442;5.555920;0.990240;1.608553;3.763465;0.997244;1.609548;3.446818;0.997524;1.604066;3.265668;0.997685;1.607701;1.607701;1.607701;1.607701;1.607701;1.000000;0.000000;0.000000;
24.651333;1.608105;5.564808;0.990271;1.608871;3.781932;0.997176;1.609665;3.501367;0.997451;1.604470;3.193252;0.999286;1.607796;1.607796;1.607796;1.607796;1.607796;1.000000;0.000000;0.000000;
24.671065;1.607764;5.563744;0.990609;1.609137;3.805275;0.997107;1.609686;3.554587;0.997375;1.605096;3.127962;1.000725;1.607908;1.607908;1.607908;1.607908;1.607908;1.000000;0.000000;0.000000;
24.690797;1.607434;5.552834;0.991283;1.609342;3.832148;0.997088;1.609618;3.603521;0.997349;1.605911;3.074576;1.001977;1.608033;1.608033;1.608033;1.608033;1.608033;1.000000;0.000000;0.000000;
24.710529;1.607128;5.532524;0.992311;1.609478;3.861136;0.997170;1.609471;3.645682;0.997429;1.606869;3.037248;1.003032;1.608164;1.608164;1.608164;1.608164;1.608164;1.000000;0.000000;0.000000;
24.730261;1.606860;5.503410;0.993684;1.609543;3.890938;0.997391;1.609257;3.679216;0.997651;1.607918;3.018889;1.003882;1.608296;1.608296;1.608296;1.608296;1.608296;1.000000;0.000000;0.000000;
24.749992;1.606642;5.466517;0.995370;1.609536;3.920030;0.997773;1.608993;3.702693;0.998046;1.608991;3.021523;1.004523;1.608420;1.608420;1.608420;1.608420;1.608420;1.000000;0.000000;0.000000;
24.769724;1.606486;5.423023;0.997279;1.609461;3.947014;0.998294;1.608700;3.715185;0.998581;1.610019;3.045157;1.004906;1.608530;1.608530;1.608530;1.608530;1.608530;1.000000;0.000000;0.000000;
24.789456;1.606401;5.374453;0.999293;1.609325;3.970585;0.998901;1.608396;3.716512;0.999202;1.610934;3.088135;1.004982;1.608617;1.608617;1.608617;1.608617;1.608617;1.000000;0.000000;0.000000;
24.809188;1.606392;5.322968;1.001270;1.609138;3.989612;0.999522;1.608104;3.707196;0.999824;1.611675;3.146840;1.004702;1.608678;1.608678;1.608678;1.608678;1.608678;1.000000;0.000000;0.000000;
24.828920;1.606461;5.270385;1.003066;1.608913;4.003320;1.000070;1.607838;3.688327;1.000355;1.612204;3.216942;1.004018;1.608709;1.608709;1.608709;1.608709;1.608709;1.000000;0.000000;0.000000;
24.848652;1.606608;5.219127;1.004566;1.608662;4.011219;1.000483;1.607615;3.661476;1.000724;1.612494;3.293470;1.002928;1.608711;1.608711;1.608711;1.608711;1.608711;1.000000;0.000000;0.000000;
24.868383;1.606829;5.171750;1.005690;1.608401;4.013148;1.000723;1.607445;3.628668;1.000887;1.612533;3.371314;1.001473;1.608686;1.608686;1.608686;1.608686;1.608686;1.000000;0.000000;0.000000;
24.888115;1.607115;5.130811;1.006403;1.608143;4.009302;1.000786;1.607337;3.592264;1.000838;1.612325;3.445720;0.999749;1.608637;1.608637;1.608637;1.608637;1.608637;1.000000;0.000000;0.000000;
24.907847;1.607454;5.098674;1.006717;1.607901;4.000209;1.000706;1.607295;3.554792;1.000614;1.611889;3.512635;0.997896;1.608570;1.608570;1.608570;1.608570;1.608570;1.000000;0.000000;0.000000;
24.927579;1.607832;5.077300;1.006680;1.607687;3.986670;1.000541;1.607317;3.518768;1.000281;1.611255;3.568899;0.996086;1.608489;1.608489;1.608489;1.608489;1.608489;1.000000;0.000000;0.000000;
24.947311;1.608231;5.068057;1.006364;1.607511;3.969681;1.000363;1.607398;3.486520;0.999918;1.610462;3.612256;0.994499;1.608399;1.608399;1.608399;1.608399;1.608399;1.000000;0.000000;0.000000;
24.967043;1.608633;5.071605;1.005844;1.607379;3.950348;1.000235;1.607530;3.460028;0.999604;1.609553;3.641250;0.993291;1.608305;1.608305;1.608305;1.608305;1.608305;1.000000;0.000000;0.000000;
24.986774;1.609018;5.087829;1.005185;1.607296;3.929802;1.000201;1.607701;3.440814;0.999396;1.608578;3.655051;0.992581;1.608210;1.608210;1.608210;1.608210;1.608210;1.000000;0.000000;0.000000;
25.000000;1.609259;5.105476;1.004682;1.607268;3.915788;1.000237;1.607833;3.432453;0.999329;1.607907;3.655603;0.992408;1.608147;1.608147;1.608147;1.608147;1.608147;1.000000;0.000000;0.000000;
