time;LINE_line_p_v_0_;LINE_line_p_v_1_;LINE_line_p_v_2_;LINE_line_p_i_0_;LINE_line_p_i_1_;LINE_line_p_i_2_;LINE_line_n_v_0_;LINE_line_n_v_1_;LINE_line_n_v_2_;
0.000000;1.414214;-0.707107;-0.707107;0.000000;0.000000;0.000000;0.000000;0.000000;0.000000;
0.000020;1.414207;-0.703256;-0.710951;0.056457;-0.028152;-0.028305;0.002754;-0.001373;-0.001381;
0.000040;1.414151;-0.695533;-0.718618;0.112583;-0.055908;-0.056675;0.010865;-0.005407;-0.005459;
0.000060;1.414039;-0.687782;-0.726257;0.168168;-0.083088;-0.085079;0.024031;-0.011923;-0.012107;
0.000080;1.413872;-0.680004;-0.733867;0.223015;-0.109598;-0.113417;0.041940;-0.020741;-0.021199;
0.000100;1.413648;-0.672200;-0.741448;0.276941;-0.135349;-0.141592;0.064283;-0.031678;-0.032605;
0.000120;1.413369;-0.664369;-0.749000;0.329774;-0.160260;-0.169514;0.090743;-0.044553;-0.046190;
0.000140;1.413034;-0.656512;-0.756523;0.381356;-0.184258;-0.197098;0.121006;-0.059185;-0.061821;
0.000160;1.412644;-0.648628;-0.764015;0.431542;-0.207278;-0.224264;0.154757;-0.075397;-0.079359;
0.000180;1.412197;-0.640720;-0.771478;0.480198;-0.229260;-0.250938;0.191683;-0.093014;-0.098669;
0.000200;1.411695;-0.632786;-0.778909;0.527205;-0.250153;-0.277052;0.231474;-0.111863;-0.119611;
0.000220;1.411137;-0.624826;-0.786311;0.572456;-0.269913;-0.302544;0.273824;-0.131775;-0.142049;
0.000240;1.410523;-0.616843;-0.793681;0.615856;-0.288501;-0.327356;0.318434;-0.152587;-0.165847;
0.000260;1.409854;-0.608835;-0.801019;0.657322;-0.305885;-0.351436;0.365007;-0.174138;-0.190869;
0.000280;1.409129;-0.600803;-0.808327;0.696782;-0.322042;-0.374740;0.413255;-0.196274;-0.216981;
0.000300;1.408348;-0.592747;-0.815602;0.734178;-0.336951;-0.397226;0.462899;-0.218846;-0.244054;
0.000320;1.407512;-0.584667;-0.822845;0.769460;-0.350601;-0.418859;0.513667;-0.241709;-0.271958;
0.000340;1.406620;-0.576565;-0.830055;0.802591;-0.362983;-0.439608;0.565295;-0.264728;-0.300568;
0.000360;1.405673;-0.568440;-0.837233;0.833544;-0.374096;-0.459448;0.617532;-0.287769;-0.329762;
0.000380;1.404670;-0.560292;-0.844378;0.862302;-0.383943;-0.478359;0.670132;-0.310709;-0.359423;
0.000400;1.403612;-0.552123;-0.851489;0.888857;-0.392533;-0.496324;0.722865;-0.333430;-0.389436;
0.000420;1.402498;-0.543931;-0.858567;0.913209;-0.399876;-0.513333;0.775509;-0.355819;-0.419690;
0.000440;1.401329;-0.535718;-0.865611;0.935370;-0.405992;-0.529378;0.827854;-0.377772;-0.450082;
0.000460;1.400105;-0.527484;-0.872621;0.955357;-0.410899;-0.544457;0.879702;-0.399193;-0.480509;
0.000480;1.398825;-0.519229;-0.879596;0.973196;-0.414625;-0.558571;0.930865;-0.419989;-0.510876;
0.000500;1.397490;-0.510954;-0.886536;0.988919;-0.417195;-0.571724;0.981170;-0.440079;-0.541091;
0.000520;1.396100;-0.502659;-0.893442;1.002567;-0.418642;-0.583925;1.030454;-0.459384;-0.571070;
0.000540;1.394655;-0.494343;-0.900312;1.014185;-0.419000;-0.595185;1.078566;-0.477836;-0.600730;
0.000560;1.393155;-0.486008;-0.907147;1.023824;-0.418306;-0.605519;1.125368;-0.495371;-0.629997;
0.000580;1.391600;-0.477654;-0.913946;1.031542;-0.416598;-0.614944;1.170734;-0.511933;-0.658800;
0.000600;1.389990;-0.469281;-0.920708;1.037399;-0.413918;-0.623481;1.214549;-0.527474;-0.687075;
0.000620;1.388325;-0.460890;-0.927435;1.041462;-0.410309;-0.631153;1.256710;-0.541950;-0.714760;
0.000640;1.386605;-0.452480;-0.934125;1.043798;-0.405815;-0.637984;1.297127;-0.555324;-0.741803;
0.000660;1.384830;-0.444052;-0.940778;1.044482;-0.400481;-0.644000;1.335720;-0.567567;-0.768153;
0.000680;1.383001;-0.435607;-0.947394;1.043587;-0.394355;-0.649232;1.372420;-0.578653;-0.793767;
0.000700;1.381117;-0.427145;-0.953972;1.041193;-0.387484;-0.653709;1.407169;-0.588564;-0.818605;
0.000720;1.379179;-0.418666;-0.960513;1.037379;-0.379916;-0.657463;1.439921;-0.597288;-0.842633;
0.000740;1.377186;-0.410170;-0.967016;1.032225;-0.371699;-0.660527;1.470637;-0.604816;-0.865821;
0.000760;1.375139;-0.401658;-0.973480;1.025815;-0.362881;-0.662934;1.499291;-0.611146;-0.888145;
0.000780;1.373037;-0.393131;-0.979907;1.018231;-0.353512;-0.664719;1.525864;-0.616280;-0.909584;
0.000800;1.370882;-0.384587;-0.986294;1.009558;-0.343639;-0.665918;1.550348;-0.620225;-0.930123;
0.000820;1.368672;-0.376029;-0.992643;0.999878;-0.333310;-0.666567;1.572743;-0.622992;-0.949751;
0.000840;1.366408;-0.367456;-0.998952;0.989274;-0.322572;-0.666702;1.593055;-0.624597;-0.968459;
0.000860;1.364090;-0.358868;-1.005222;0.977830;-0.311472;-0.666358;1.611302;-0.625057;-0.986244;
0.000880;1.361719;-0.350266;-1.011453;0.965626;-0.300054;-0.665573;1.627504;-0.624397;-1.003107;
0.000900;1.359293;-0.341650;-1.017643;0.952744;-0.288363;-0.664381;1.641693;-0.622642;-1.019051;
0.000920;1.356814;-0.333021;-1.023793;0.939263;-0.276442;-0.662820;1.653903;-0.619821;-1.034082;
0.000940;1.354282;-0.324379;-1.029903;0.925258;-0.264334;-0.660924;1.664177;-0.615965;-1.048212;
0.000960;1.351695;-0.315723;-1.035972;0.910807;-0.252078;-0.658729;1.672562;-0.611109;-1.061453;
0.000980;1.349056;-0.307056;-1.042000;0.895982;-0.239714;-0.656268;1.679110;-0.605289;-1.073821;
0.001000;1.346363;-0.298376;-1.047987;0.880854;-0.227279;-0.653575;1.683877;-0.598542;-1.085335;
0.001020;1.343617;-0.289684;-1.053933;0.865491;-0.214809;-0.650682;1.686924;-0.590910;-1.096014;
0.001040;1.340819;-0.280981;-1.059837;0.849959;-0.202338;-0.647621;1.688316;-0.582434;-1.105881;
0.001060;1.337967;-0.272267;-1.065700;0.834322;-0.189899;-0.644423;1.688119;-0.573156;-1.114963;
0.001080;1.335062;-0.263542;-1.071520;0.818639;-0.177522;-0.641117;1.686404;-0.563120;-1.123283;
0.001100;1.332105;-0.254807;-1.077298;0.802968;-0.165237;-0.637731;1.683243;-0.552371;-1.130872;
0.001120;1.329095;-0.246062;-1.083033;0.787363;-0.153069;-0.634293;1.678711;-0.540953;-1.137757;
0.001140;1.326032;-0.237307;-1.088726;0.771874;-0.141045;-0.630829;1.672883;-0.528912;-1.143970;
0.001160;1.322918;-0.228542;-1.094375;0.756550;-0.129188;-0.627362;1.665836;-0.516294;-1.149542;
0.001180;1.319751;-0.219769;-1.099982;0.741436;-0.117519;-0.623917;1.657648;-0.503143;-1.154505;
0.001200;1.316532;-0.210987;-1.105545;0.726573;-0.106057;-0.620515;1.648397;-0.489506;-1.158892;
0.001220;1.313260;-0.202196;-1.111064;0.711999;-0.094821;-0.617177;1.638162;-0.475426;-1.162736;
0.001240;1.309938;-0.193398;-1.116540;0.697749;-0.083827;-0.613922;1.627020;-0.460949;-1.166070;
0.001260;1.306563;-0.184592;-1.121971;0.683856;-0.073089;-0.610768;1.615049;-0.446119;-1.168930;
0.001280;1.303137;-0.175779;-1.127358;0.670349;-0.062618;-0.607730;1.602324;-0.430977;-1.171348;
0.001300;1.299659;-0.166958;-1.132701;0.657252;-0.052427;-0.604825;1.588923;-0.415565;-1.173358;
0.001320;1.296130;-0.158131;-1.137999;0.644589;-0.042524;-0.602065;1.574919;-0.399926;-1.174994;
0.001340;1.292550;-0.149298;-1.143252;0.632380;-0.032917;-0.599463;1.560385;-0.384097;-1.176288;
0.001360;1.288919;-0.140459;-1.148460;0.620641;-0.023611;-0.597029;1.545392;-0.368118;-1.177274;
0.001380;1.285237;-0.131615;-1.153622;0.609386;-0.014612;-0.594774;1.530008;-0.352026;-1.177982;
0.001400;1.281504;-0.122765;-1.158739;0.598626;-0.005921;-0.592705;1.514301;-0.335855;-1.178446;
0.001420;1.277721;-0.113910;-1.163810;0.588371;0.002459;-0.590830;1.498335;-0.319641;-1.178694;
0.001440;1.273887;-0.105051;-1.168836;0.578626;0.010528;-0.589154;1.482172;-0.303415;-1.178757;
0.001460;1.270003;-0.096188;-1.173815;0.569395;0.018287;-0.587681;1.465872;-0.287209;-1.178663;
0.001480;1.266069;-0.087321;-1.178747;0.560679;0.025738;-0.586417;1.449492;-0.271051;-1.178440;
0.001500;1.262084;-0.078451;-1.183634;0.552477;0.032884;-0.585361;1.433085;-0.254970;-1.178115;
0.001520;1.258050;-0.069577;-1.188473;0.544787;0.039730;-0.584517;1.416704;-0.238990;-1.177714;
0.001540;1.253967;-0.060701;-1.193266;0.537603;0.046281;-0.583884;1.400396;-0.223136;-1.177259;
0.001560;1.249833;-0.051822;-1.198011;0.530918;0.052543;-0.583461;1.384207;-0.207431;-1.176776;
0.001580;1.245651;-0.042941;-1.202710;0.524725;0.058523;-0.583248;1.368179;-0.191894;-1.176285;
0.001600;1.241419;-0.034059;-1.207360;0.519012;0.064229;-0.583241;1.352353;-0.176546;-1.175807;
0.001620;1.237138;-0.025175;-1.211963;0.513768;0.069670;-0.583437;1.336764;-0.161402;-1.175361;
0.001640;1.232809;-0.016290;-1.216519;0.508980;0.074853;-0.583833;1.321446;-0.146479;-1.174967;
0.001660;1.228430;-0.007405;-1.221026;0.504634;0.079790;-0.584424;1.306430;-0.131790;-1.174639;
0.001680;1.224004;0.001481;-1.225485;0.500713;0.084490;-0.585204;1.291743;-0.117348;-1.174395;
0.001700;1.219529;0.010367;-1.229895;0.497203;0.088964;-0.586167;1.277410;-0.103162;-1.174247;
0.001720;1.215005;0.019252;-1.234257;0.494085;0.093222;-0.587307;1.263453;-0.089243;-1.174210;
0.001740;1.210434;0.028136;-1.238571;0.491342;0.097276;-0.588618;1.249890;-0.075597;-1.174293;
0.001760;1.205815;0.037020;-1.242835;0.488954;0.101137;-0.590091;1.236739;-0.062231;-1.174509;
0.001780;1.201149;0.045902;-1.247050;0.486902;0.104818;-0.591720;1.224013;-0.049148;-1.174865;
0.001800;1.196435;0.054782;-1.251217;0.485167;0.108328;-0.593495;1.211723;-0.036353;-1.175370;
0.001820;1.191673;0.063660;-1.255333;0.483728;0.111681;-0.595409;1.199878;-0.023848;-1.176030;
0.001840;1.186865;0.072535;-1.259400;0.482566;0.114888;-0.597453;1.188484;-0.011633;-1.176851;
0.001860;1.182010;0.081408;-1.263418;0.481658;0.117961;-0.599619;1.177544;0.000293;-1.177838;
0.001880;1.177108;0.090277;-1.267386;0.480986;0.120911;-0.601897;1.167061;0.011931;-1.178993;
0.001900;1.172160;0.099143;-1.271303;0.480528;0.123750;-0.604278;1.157035;0.023284;-1.180319;
0.001920;1.167166;0.108005;-1.275170;0.480264;0.126490;-0.606754;1.147462;0.034355;-1.181817;
0.001940;1.162125;0.116863;-1.278987;0.480173;0.129142;-0.609315;1.138339;0.045149;-1.183488;
0.001960;1.157038;0.125716;-1.282754;0.480236;0.131716;-0.611952;1.129659;0.055672;-1.185331;
0.001980;1.151906;0.134564;-1.286470;0.480433;0.134224;-0.614657;1.121416;0.065929;-1.187344;
0.002000;1.146729;0.143406;-1.290135;0.480744;0.136675;-0.617419;1.113599;0.075927;-1.189526;
0.002020;1.141506;0.152243;-1.293749;0.481151;0.139081;-0.620231;1.106199;0.085675;-1.191874;
0.002040;1.136238;0.161074;-1.297312;0.481635;0.141449;-0.623084;1.099203;0.095180;-1.194383;
0.002060;1.130925;0.169899;-1.300824;0.482178;0.143791;-0.625969;1.092599;0.104451;-1.197050;
0.002080;1.125567;0.178717;-1.304285;0.482764;0.146114;-0.628878;1.086372;0.113498;-1.199869;
0.002100;1.120165;0.187528;-1.307694;0.483375;0.148428;-0.631803;1.080506;0.122329;-1.202836;
0.002120;1.114719;0.196332;-1.311051;0.483995;0.150740;-0.634736;1.074988;0.130955;-1.205943;
0.002140;1.109229;0.205127;-1.314357;0.484610;0.153059;-0.637669;1.069798;0.139387;-1.209185;
0.002160;1.103695;0.213915;-1.317610;0.485204;0.155391;-0.640595;1.064921;0.147634;-1.212555;
0.002180;1.098118;0.222694;-1.320812;0.485764;0.157743;-0.643507;1.060338;0.155707;-1.216045;
0.002200;1.092497;0.231465;-1.323962;0.486277;0.160122;-0.646399;1.056031;0.163617;-1.219648;
0.002220;1.086833;0.240226;-1.327059;0.486730;0.162533;-0.649264;1.051981;0.171375;-1.223356;
0.002240;1.081126;0.248978;-1.330104;0.487113;0.164983;-0.652095;1.048169;0.178992;-1.227161;
0.002260;1.075376;0.257720;-1.333096;0.487413;0.167475;-0.654888;1.044577;0.186478;-1.231055;
0.002280;1.069584;0.266452;-1.336036;0.487622;0.170014;-0.657636;1.041185;0.193844;-1.235029;
0.002300;1.063750;0.275173;-1.338923;0.487730;0.172605;-0.660336;1.037973;0.201102;-1.239075;
0.002320;1.057874;0.283884;-1.341757;0.487729;0.175251;-0.662981;1.034924;0.208260;-1.243184;
0.002340;1.051956;0.292583;-1.344539;0.487612;0.177955;-0.665567;1.032017;0.215331;-1.247348;
0.002360;1.045996;0.301270;-1.347267;0.487371;0.180721;-0.668092;1.029235;0.222323;-1.251559;
0.002380;1.039995;0.309946;-1.349942;0.487001;0.183549;-0.670550;1.026559;0.229248;-1.255807;
0.002400;1.033954;0.318610;-1.352563;0.486495;0.186443;-0.672939;1.023970;0.236113;-1.260084;
0.002420;1.027871;0.327261;-1.355132;0.485851;0.189404;-0.675255;1.021452;0.242930;-1.264382;
0.002440;1.021748;0.335899;-1.357646;0.485064;0.192433;-0.677496;1.018987;0.249706;-1.268693;
0.002460;1.015584;0.344524;-1.360108;0.484130;0.195530;-0.679660;1.016558;0.256450;-1.273008;
0.002480;1.009380;0.353135;-1.362515;0.483048;0.198697;-0.681745;1.014149;0.263171;-1.277320;
0.002500;1.003137;0.361732;-1.364869;0.481816;0.201932;-0.683748;1.011745;0.269876;-1.281621;
0.002520;0.996853;0.370315;-1.367169;0.480432;0.205237;-0.685669;1.009331;0.276573;-1.285904;
0.002540;0.990531;0.378883;-1.369414;0.478896;0.208610;-0.687506;1.006891;0.283269;-1.290161;
0.002560;0.984169;0.387437;-1.371606;0.477208;0.212051;-0.689259;1.004414;0.289972;-1.294386;
0.002580;0.977769;0.395975;-1.373744;0.475368;0.215559;-0.690927;1.001885;0.296686;-1.298571;
0.002600;0.971330;0.404497;-1.375827;0.473377;0.219132;-0.692509;0.999293;0.303418;-1.302711;
0.002620;0.964852;0.413004;-1.377856;0.471238;0.222768;-0.694006;0.996626;0.310173;-1.306799;
0.002640;0.958337;0.421494;-1.379831;0.468952;0.226466;-0.695418;0.993873;0.316956;-1.310829;
0.002660;0.951783;0.429968;-1.381751;0.466521;0.230224;-0.696745;0.991024;0.323773;-1.314797;
0.002680;0.945192;0.438424;-1.383617;0.463948;0.234040;-0.697987;0.988070;0.330626;-1.318696;
0.002700;0.938564;0.446864;-1.385428;0.461236;0.237911;-0.699147;0.985003;0.337520;-1.322522;
0.002720;0.931899;0.455285;-1.387184;0.458390;0.241834;-0.700224;0.981813;0.344457;-1.326271;
0.002740;0.925197;0.463689;-1.388886;0.455412;0.245808;-0.701220;0.978496;0.351442;-1.329938;
0.002760;0.918458;0.472074;-1.390532;0.452306;0.249829;-0.702136;0.975043;0.358476;-1.333519;
0.002780;0.911683;0.480441;-1.392124;0.449078;0.253895;-0.702973;0.971450;0.365561;-1.337011;
0.002800;0.904872;0.488789;-1.393661;0.445731;0.258003;-0.703733;0.967711;0.372700;-1.340411;
0.002820;0.898026;0.497117;-1.395143;0.442270;0.262149;-0.704419;0.963823;0.379892;-1.343716;
0.002840;0.891144;0.505426;-1.396570;0.438700;0.266330;-0.705031;0.959782;0.387141;-1.346922;
0.002860;0.884227;0.513715;-1.397941;0.435027;0.270545;-0.705572;0.955584;0.394445;-1.350028;
0.002880;0.877275;0.521983;-1.399258;0.431254;0.274788;-0.706043;0.951228;0.401805;-1.353033;
0.002900;0.870288;0.530231;-1.400519;0.427388;0.279058;-0.706446;0.946711;0.409222;-1.355933;
0.002920;0.863267;0.538458;-1.401725;0.423434;0.283351;-0.706785;0.942034;0.416694;-1.358728;
0.002940;0.856211;0.546664;-1.402876;0.419396;0.287664;-0.707060;0.937194;0.424222;-1.361417;
0.002960;0.849122;0.554848;-1.403971;0.415280;0.291994;-0.707274;0.932194;0.431804;-1.363998;
0.002980;0.842000;0.563011;-1.405011;0.411092;0.296338;-0.707430;0.927032;0.439440;-1.366472;
0.003000;0.834844;0.571151;-1.405995;0.406836;0.300693;-0.707529;0.921709;0.447127;-1.368837;
0.003020;0.827655;0.579268;-1.406924;0.402518;0.305056;-0.707574;0.916229;0.454865;-1.371094;
0.003040;0.820434;0.587363;-1.407797;0.398142;0.309424;-0.707566;0.910591;0.462651;-1.373242;
0.003060;0.813180;0.595435;-1.408615;0.393715;0.313794;-0.707509;0.904799;0.470484;-1.375283;
0.003080;0.805894;0.603483;-1.409377;0.389240;0.318163;-0.707404;0.898856;0.478360;-1.377216;
0.003100;0.798577;0.611507;-1.410083;0.384723;0.322530;-0.707253;0.892763;0.486279;-1.379042;
0.003120;0.791227;0.619507;-1.410734;0.380169;0.326890;-0.707059;0.886526;0.494237;-1.380763;
0.003140;0.783847;0.627482;-1.411329;0.375581;0.331243;-0.706824;0.880146;0.502232;-1.382378;
0.003160;0.776436;0.635433;-1.411869;0.370965;0.335584;-0.706549;0.873629;0.510261;-1.383890;
0.003180;0.768993;0.643359;-1.412352;0.366324;0.339913;-0.706237;0.866979;0.518321;-1.385300;
0.003200;0.761521;0.651259;-1.412780;0.361663;0.344226;-0.705889;0.860198;0.526410;-1.386608;
0.003220;0.754019;0.659134;-1.413152;0.356985;0.348523;-0.705508;0.853293;0.534524;-1.387818;
0.003240;0.746486;0.666982;-1.413468;0.352295;0.352800;-0.705095;0.846268;0.542661;-1.388929;
0.003260;0.738925;0.674804;-1.413729;0.347595;0.357056;-0.704651;0.839128;0.550817;-1.389945;
0.003280;0.731334;0.682600;-1.413934;0.342889;0.361290;-0.704180;0.831877;0.558989;-1.390866;
0.003300;0.723714;0.690369;-1.414083;0.338181;0.365499;-0.703681;0.824521;0.567174;-1.391695;
0.003320;0.716066;0.698110;-1.414176;0.333474;0.369683;-0.703157;0.817064;0.575370;-1.392434;
0.003340;0.708389;0.705824;-1.414213;0.328769;0.373839;-0.702608;0.809512;0.583572;-1.393084;
0.003360;0.700684;0.713510;-1.414194;0.324070;0.377967;-0.702037;0.801869;0.591779;-1.393648;
0.003380;0.692952;0.721168;-1.414120;0.319379;0.382065;-0.701444;0.794141;0.599986;-1.394128;
0.003400;0.685193;0.728797;-1.413989;0.314698;0.386133;-0.700831;0.786333;0.608192;-1.394525;
0.003420;0.677406;0.736397;-1.413803;0.310030;0.390169;-0.700199;0.778450;0.616392;-1.394842;
0.003440;0.669593;0.743969;-1.413561;0.305376;0.394172;-0.699548;0.770497;0.624585;-1.395082;
0.003460;0.661753;0.751511;-1.413264;0.300737;0.398142;-0.698879;0.762478;0.632767;-1.395245;
0.003480;0.653887;0.759024;-1.412910;0.296115;0.402079;-0.698194;0.754399;0.640935;-1.395334;
0.003500;0.645995;0.766506;-1.412501;0.291512;0.405981;-0.697493;0.746263;0.649088;-1.395351;
0.003520;0.638078;0.773958;-1.412036;0.286928;0.409848;-0.696777;0.738077;0.657221;-1.395298;
0.003540;0.630135;0.781380;-1.411515;0.282365;0.413680;-0.696045;0.729844;0.665334;-1.395178;
0.003560;0.622168;0.788771;-1.410939;0.277823;0.417477;-0.695300;0.721568;0.673423;-1.394991;
0.003580;0.614176;0.796130;-1.410306;0.273302;0.421238;-0.694540;0.713253;0.681486;-1.394739;
0.003600;0.606160;0.803459;-1.409619;0.268803;0.424964;-0.693767;0.704905;0.689521;-1.394426;
0.003620;0.598120;0.810755;-1.408875;0.264327;0.428653;-0.692981;0.696525;0.697526;-1.394051;
0.003640;0.590056;0.818020;-1.408076;0.259874;0.432307;-0.692181;0.688119;0.705498;-1.393617;
0.003660;0.581969;0.825252;-1.407221;0.255443;0.435926;-0.691369;0.679690;0.713436;-1.393126;
0.003680;0.573859;0.832452;-1.406311;0.251034;0.439509;-0.690543;0.671241;0.721339;-1.392579;
0.003700;0.565727;0.839618;-1.405345;0.246648;0.443057;-0.689705;0.662774;0.729203;-1.391978;
0.003720;0.557572;0.846752;-1.404324;0.242283;0.446570;-0.688854;0.654294;0.737029;-1.391323;
0.003740;0.549395;0.853852;-1.403247;0.237941;0.450049;-0.687989;0.645803;0.744814;-1.390617;
0.003760;0.541196;0.860919;-1.402115;0.233619;0.453493;-0.687112;0.637303;0.752557;-1.389860;
0.003780;0.532976;0.867951;-1.400927;0.229317;0.456904;-0.686221;0.628797;0.760256;-1.389054;
0.003800;0.524735;0.874949;-1.399684;0.225035;0.460281;-0.685317;0.620288;0.767911;-1.388199;
0.003820;0.516473;0.881913;-1.398386;0.220772;0.463626;-0.684399;0.611777;0.775521;-1.387298;
0.003840;0.508191;0.888842;-1.397033;0.216528;0.466939;-0.683466;0.603266;0.783084;-1.386350;
0.003860;0.499889;0.895736;-1.395625;0.212300;0.470219;-0.682519;0.594757;0.790600;-1.385356;
0.003880;0.491567;0.902594;-1.394161;0.208089;0.473469;-0.681557;0.586251;0.798068;-1.384318;
0.003900;0.483226;0.909417;-1.392643;0.203892;0.476688;-0.680580;0.577750;0.805487;-1.383236;
0.003920;0.474865;0.916204;-1.391069;0.199711;0.479877;-0.679587;0.569255;0.812856;-1.382111;
0.003940;0.466486;0.922955;-1.389441;0.195542;0.483036;-0.678578;0.560767;0.820176;-1.380943;
0.003960;0.458088;0.929669;-1.387757;0.191385;0.486167;-0.677553;0.552287;0.827446;-1.379733;
0.003980;0.449673;0.936347;-1.386019;0.187240;0.489270;-0.676510;0.543816;0.834665;-1.378480;
0.004000;0.441239;0.942987;-1.384227;0.183104;0.492345;-0.675449;0.535354;0.841833;-1.377187;
0.004020;0.432788;0.949591;-1.382379;0.178978;0.495393;-0.674371;0.526901;0.848950;-1.375852;
0.004040;0.424321;0.956157;-1.380477;0.174859;0.498415;-0.673274;0.518459;0.856017;-1.374476;
0.004060;0.415836;0.962685;-1.378521;0.170747;0.501411;-0.672158;0.510027;0.863032;-1.373059;
0.004080;0.407335;0.969175;-1.376510;0.166640;0.504382;-0.671022;0.501606;0.869996;-1.371602;
0.004100;0.398818;0.975627;-1.374444;0.162538;0.507328;-0.669866;0.493195;0.876909;-1.370103;
0.004120;0.390285;0.982040;-1.372325;0.158439;0.510250;-0.668690;0.484794;0.883771;-1.368564;
0.004140;0.381736;0.988415;-1.370151;0.154343;0.513149;-0.667492;0.476403;0.890582;-1.366985;
0.004160;0.373173;0.994750;-1.367923;0.150248;0.516025;-0.666273;0.468022;0.897342;-1.365364;
0.004180;0.364595;1.001047;-1.365641;0.146154;0.518878;-0.665031;0.459650;0.904053;-1.363703;
0.004200;0.356002;1.007303;-1.363306;0.142058;0.521709;-0.663767;0.451287;0.910713;-1.362000;
0.004220;0.347396;1.013520;-1.360916;0.137962;0.524518;-0.662480;0.442933;0.917323;-1.360256;
0.004240;0.338775;1.019698;-1.358473;0.133863;0.527307;-0.661170;0.434586;0.923884;-1.358470;
0.004260;0.330142;1.025834;-1.355976;0.129761;0.530074;-0.659836;0.426247;0.930396;-1.356643;
0.004280;0.321495;1.031931;-1.353425;0.125655;0.532822;-0.658477;0.417913;0.936860;-1.354773;
0.004300;0.312835;1.037986;-1.350822;0.121545;0.535549;-0.657094;0.409586;0.943275;-1.352861;
0.004320;0.304164;1.044001;-1.348164;0.117429;0.538257;-0.655685;0.401263;0.949642;-1.350906;
0.004340;0.295480;1.049974;-1.345454;0.113307;0.540945;-0.654252;0.392945;0.955962;-1.348907;
0.004360;0.286785;1.055906;-1.342690;0.109178;0.543614;-0.652792;0.384630;0.962235;-1.346865;
0.004380;0.278078;1.061796;-1.339874;0.105042;0.546264;-0.651306;0.376317;0.968462;-1.344779;
0.004400;0.269360;1.067644;-1.337004;0.100899;0.548896;-0.649794;0.368006;0.974642;-1.342648;
0.004420;0.260632;1.073450;-1.334082;0.096747;0.551509;-0.648255;0.359696;0.980777;-1.340473;
0.004440;0.251893;1.079214;-1.331107;0.092586;0.554104;-0.646690;0.351385;0.986866;-1.338252;
0.004460;0.243144;1.084935;-1.328080;0.088417;0.556680;-0.645097;0.343074;0.992911;-1.335985;
0.004480;0.234386;1.090614;-1.325000;0.084238;0.559239;-0.643477;0.334761;0.998911;-1.333672;
0.004500;0.225619;1.096249;-1.321868;0.080050;0.561779;-0.641829;0.326445;1.004868;-1.331313;
0.004520;0.216842;1.101841;-1.318683;0.075852;0.564302;-0.640154;0.318126;1.010781;-1.328907;
0.004540;0.208058;1.107389;-1.315447;0.071644;0.566807;-0.638451;0.309803;1.016650;-1.326453;
0.004560;0.199264;1.112894;-1.312159;0.067425;0.569294;-0.636720;0.301474;1.022477;-1.323951;
0.004580;0.190463;1.118355;-1.308818;0.063197;0.571763;-0.634960;0.293140;1.028262;-1.321402;
0.004600;0.181655;1.123772;-1.305427;0.058959;0.574215;-0.633173;0.284799;1.034004;-1.318803;
0.004620;0.172839;1.129144;-1.301983;0.054710;0.576648;-0.631357;0.276451;1.039704;-1.316156;
0.004640;0.164017;1.134472;-1.298488;0.050451;0.579063;-0.629514;0.268096;1.045363;-1.313459;
0.004660;0.155188;1.139755;-1.294942;0.046182;0.581460;-0.627642;0.259732;1.050981;-1.310712;
0.004680;0.146353;1.144993;-1.291345;0.041903;0.583839;-0.625742;0.251359;1.056557;-1.307916;
0.004700;0.137512;1.150185;-1.287697;0.037614;0.586200;-0.623813;0.242976;1.062093;-1.305069;
0.004720;0.128665;1.155333;-1.283998;0.033315;0.588542;-0.621857;0.234583;1.067588;-1.302171;
0.004740;0.119814;1.160435;-1.280249;0.029007;0.590865;-0.619872;0.226180;1.073043;-1.299223;
0.004760;0.110958;1.165490;-1.276448;0.024690;0.593169;-0.617859;0.217767;1.078457;-1.296223;
0.004780;0.102097;1.170500;-1.272598;0.020364;0.595455;-0.615819;0.209342;1.083831;-1.293172;
0.004800;0.093233;1.175464;-1.268697;0.016029;0.597721;-0.613750;0.200905;1.089165;-1.290070;
0.004820;0.084365;1.180381;-1.264746;0.011686;0.599968;-0.611654;0.192457;1.094459;-1.286915;
0.004840;0.075493;1.185252;-1.260745;0.007335;0.602195;-0.609530;0.183997;1.099712;-1.283709;
0.004860;0.066619;1.190076;-1.256695;0.002977;0.604402;-0.607379;0.175524;1.104926;-1.280450;
0.004880;0.057741;1.194853;-1.252594;-0.001389;0.606589;-0.605200;0.167039;1.110100;-1.277140;
0.004900;0.048862;1.199583;-1.248445;-0.005761;0.608756;-0.602994;0.158542;1.115234;-1.273776;
0.004920;0.039981;1.204265;-1.244246;-0.010140;0.610902;-0.600762;0.150033;1.120328;-1.270361;
0.004940;0.031098;1.208900;-1.239998;-0.014525;0.613027;-0.598502;0.141511;1.125382;-1.266893;
0.004960;0.022214;1.213487;-1.235701;-0.018915;0.615131;-0.596216;0.132977;1.130395;-1.263372;
0.004980;0.013328;1.218026;-1.231355;-0.023310;0.617214;-0.593904;0.124430;1.135368;-1.259799;
0.005000;0.004443;1.222517;-1.226960;-0.027710;0.619275;-0.591565;0.115872;1.140301;-1.256173;
0.005020;-0.004443;1.226960;-1.222517;-0.032113;0.621314;-0.589201;0.107301;1.145193;-1.252494;
0.005040;-0.013328;1.231355;-1.218026;-0.036520;0.623331;-0.586810;0.098719;1.150044;-1.248763;
0.005060;-0.022214;1.235701;-1.213487;-0.040931;0.625325;-0.584394;0.090125;1.154855;-1.244980;
0.005080;-0.031098;1.239998;-1.208900;-0.045344;0.627297;-0.581953;0.081521;1.159624;-1.241144;
0.005100;-0.039981;1.244246;-1.204265;-0.049759;0.629246;-0.579487;0.072905;1.164352;-1.237256;
0.005120;-0.048862;1.248445;-1.199583;-0.054175;0.631171;-0.576996;0.064279;1.169038;-1.233316;
0.005140;-0.057741;1.252594;-1.194853;-0.058593;0.633074;-0.574481;0.055642;1.173682;-1.229324;
0.005160;-0.066619;1.256695;-1.190076;-0.063011;0.634952;-0.571941;0.046996;1.178284;-1.225280;
0.005180;-0.075493;1.260745;-1.185252;-0.067430;0.636806;-0.569377;0.038341;1.182844;-1.221184;
0.005200;-0.084365;1.264746;-1.180381;-0.071848;0.638637;-0.566789;0.029676;1.187361;-1.217037;
0.005220;-0.093233;1.268697;-1.175464;-0.076265;0.640443;-0.564177;0.021004;1.191835;-1.212838;
0.005240;-0.102097;1.272598;-1.170500;-0.080682;0.642224;-0.561542;0.012323;1.196266;-1.208589;
0.005260;-0.110958;1.276448;-1.165490;-0.085096;0.643980;-0.558884;0.003635;1.200653;-1.204288;
0.005280;-0.119814;1.280249;-1.160435;-0.089508;0.645711;-0.556203;-0.005059;1.204996;-1.199937;
0.005300;-0.128665;1.283998;-1.155333;-0.093918;0.647417;-0.553499;-0.013760;1.209295;-1.195535;
0.005320;-0.137512;1.287697;-1.150185;-0.098325;0.649098;-0.550773;-0.022467;1.213550;-1.191083;
0.005340;-0.146353;1.291345;-1.144993;-0.102728;0.650753;-0.548024;-0.031178;1.217760;-1.186582;
0.005360;-0.155188;1.294942;-1.139755;-0.107128;0.652382;-0.545254;-0.039894;1.221924;-1.182030;
0.005380;-0.164017;1.298488;-1.134472;-0.111523;0.653984;-0.542461;-0.048614;1.226044;-1.177429;
0.005400;-0.172839;1.301983;-1.129144;-0.115914;0.655561;-0.539647;-0.057337;1.230117;-1.172780;
0.005420;-0.181655;1.305427;-1.123772;-0.120299;0.657111;-0.536812;-0.066063;1.234144;-1.168081;
0.005440;-0.190463;1.308818;-1.118355;-0.124680;0.658635;-0.533956;-0.074790;1.238125;-1.163334;
0.005460;-0.199264;1.312159;-1.112894;-0.129054;0.660132;-0.531078;-0.083519;1.242058;-1.158539;
0.005480;-0.208058;1.315447;-1.107389;-0.133423;0.661603;-0.528180;-0.092249;1.245945;-1.153696;
0.005500;-0.216842;1.318683;-1.101841;-0.137785;0.663046;-0.525261;-0.100979;1.249784;-1.148805;
0.005520;-0.225619;1.321868;-1.096249;-0.142141;0.664462;-0.522322;-0.109708;1.253576;-1.143868;
0.005540;-0.234386;1.325000;-1.090614;-0.146489;0.665852;-0.519362;-0.118436;1.257319;-1.138883;
0.005560;-0.243144;1.328080;-1.084935;-0.150831;0.667213;-0.516383;-0.127162;1.261014;-1.133852;
0.005580;-0.251893;1.331107;-1.079214;-0.155165;0.668548;-0.513383;-0.135885;1.264660;-1.128775;
0.005600;-0.260632;1.334082;-1.073450;-0.159491;0.669855;-0.510364;-0.144606;1.268257;-1.123651;
0.005620;-0.269360;1.337004;-1.067644;-0.163808;0.671134;-0.507326;-0.153323;1.271805;-1.118483;
0.005640;-0.278078;1.339874;-1.061796;-0.168118;0.672386;-0.504268;-0.162035;1.275304;-1.113268;
0.005660;-0.286785;1.342690;-1.055906;-0.172419;0.673610;-0.501191;-0.170742;1.278752;-1.108010;
0.005680;-0.295480;1.345454;-1.049974;-0.176712;0.674807;-0.498095;-0.179444;1.282150;-1.102706;
0.005700;-0.304164;1.348164;-1.044001;-0.180995;0.675976;-0.494980;-0.188140;1.285498;-1.097358;
0.005720;-0.312835;1.350822;-1.037986;-0.185270;0.677116;-0.491847;-0.196829;1.288795;-1.091966;
0.005740;-0.321495;1.353425;-1.031931;-0.189535;0.678229;-0.488695;-0.205511;1.292042;-1.086531;
0.005760;-0.330142;1.355976;-1.025834;-0.193790;0.679314;-0.485524;-0.214185;1.295237;-1.081052;
0.005780;-0.338775;1.358473;-1.019698;-0.198036;0.680371;-0.482335;-0.222850;1.298381;-1.075531;
0.005800;-0.347396;1.360916;-1.013520;-0.202272;0.681400;-0.479128;-0.231507;1.301473;-1.069966;
0.005820;-0.356002;1.363306;-1.007303;-0.206498;0.682401;-0.475903;-0.240154;1.304513;-1.064360;
0.005840;-0.364595;1.365641;-1.001047;-0.210714;0.683374;-0.472660;-0.248791;1.307502;-1.058711;
0.005860;-0.373173;1.367923;-0.994750;-0.214919;0.684318;-0.469399;-0.257417;1.310438;-1.053021;
0.005880;-0.381736;1.370151;-0.988415;-0.219114;0.685235;-0.466121;-0.266032;1.313322;-1.047289;
0.005900;-0.390285;1.372325;-0.982040;-0.223299;0.686124;-0.462825;-0.274636;1.316153;-1.041516;
0.005920;-0.398818;1.374444;-0.975627;-0.227473;0.686984;-0.459511;-0.283228;1.318931;-1.035703;
0.005940;-0.407335;1.376510;-0.969175;-0.231636;0.687817;-0.456181;-0.291808;1.321656;-1.029848;
0.005960;-0.415836;1.378521;-0.962685;-0.235789;0.688621;-0.452833;-0.300375;1.324329;-1.023954;
0.005980;-0.424321;1.380477;-0.956157;-0.239930;0.689398;-0.449468;-0.308928;1.326948;-1.018020;
0.006000;-0.432788;1.382379;-0.949591;-0.244060;0.690146;-0.446086;-0.317468;1.329513;-1.012046;
0.006020;-0.441239;1.384227;-0.942987;-0.248179;0.690867;-0.442687;-0.325993;1.332026;-1.006033;
0.006040;-0.449673;1.386019;-0.936347;-0.252287;0.691559;-0.439272;-0.334504;1.334484;-0.999980;
0.006060;-0.458088;1.387757;-0.929669;-0.256384;0.692223;-0.435840;-0.343000;1.336889;-0.993889;
0.006080;-0.466486;1.389441;-0.922955;-0.260469;0.692859;-0.432391;-0.351480;1.339240;-0.987759;
0.006100;-0.474865;1.391069;-0.916204;-0.264542;0.693468;-0.428926;-0.359945;1.341537;-0.981591;
0.006120;-0.483226;1.392643;-0.909417;-0.268604;0.694048;-0.425444;-0.368394;1.343780;-0.975385;
0.006140;-0.491567;1.394161;-0.902594;-0.272654;0.694601;-0.421946;-0.376827;1.345968;-0.969142;
0.006160;-0.499889;1.395625;-0.895736;-0.276693;0.695125;-0.418433;-0.385242;1.348103;-0.962861;
0.006180;-0.508191;1.397033;-0.888842;-0.280719;0.695622;-0.414903;-0.393641;1.350183;-0.956542;
0.006200;-0.516473;1.398386;-0.881913;-0.284734;0.696091;-0.411357;-0.402022;1.352209;-0.950187;
0.006220;-0.524735;1.399684;-0.874949;-0.288736;0.696532;-0.407796;-0.410385;1.354180;-0.943795;
0.006240;-0.532976;1.400927;-0.867951;-0.292727;0.696945;-0.404218;-0.418730;1.356097;-0.937367;
0.006260;-0.541196;1.402115;-0.860919;-0.296705;0.697330;-0.400625;-0.427057;1.357960;-0.930902;
0.006280;-0.549395;1.403247;-0.853852;-0.300671;0.697688;-0.397017;-0.435365;1.359767;-0.924402;
0.006300;-0.557572;1.404324;-0.846752;-0.304625;0.698018;-0.393393;-0.443655;1.361520;-0.917866;
0.006320;-0.565727;1.405345;-0.839618;-0.308566;0.698320;-0.389755;-0.451925;1.363219;-0.911294;
0.006340;-0.573859;1.406311;-0.832452;-0.312494;0.698595;-0.386100;-0.460175;1.364863;-0.904687;
0.006360;-0.581969;1.407221;-0.825252;-0.316410;0.698842;-0.382431;-0.468406;1.366452;-0.898046;
0.006380;-0.590056;1.408076;-0.818020;-0.320314;0.699061;-0.378747;-0.476617;1.367986;-0.891369;
0.006400;-0.598120;1.408875;-0.810755;-0.324204;0.699253;-0.375048;-0.484807;1.369465;-0.884658;
0.006420;-0.606160;1.409619;-0.803459;-0.328082;0.699417;-0.371335;-0.492977;1.370890;-0.877913;
0.006440;-0.614176;1.410306;-0.796130;-0.331947;0.699553;-0.367607;-0.501126;1.372260;-0.871134;
0.006460;-0.622168;1.410939;-0.788771;-0.335798;0.699662;-0.363864;-0.509253;1.373574;-0.864321;
0.006480;-0.630135;1.411515;-0.781380;-0.339637;0.699744;-0.360107;-0.517360;1.374835;-0.857475;
0.006500;-0.638078;1.412036;-0.773958;-0.343462;0.699798;-0.356336;-0.525445;1.376040;-0.850595;
0.006520;-0.645995;1.412501;-0.766506;-0.347273;0.699824;-0.352551;-0.533507;1.377190;-0.843683;
0.006540;-0.653887;1.412910;-0.759024;-0.351071;0.699823;-0.348752;-0.541548;1.378286;-0.836737;
0.006560;-0.661753;1.413264;-0.751511;-0.354856;0.699795;-0.344939;-0.549567;1.379326;-0.829759;
0.006580;-0.669593;1.413561;-0.743969;-0.358627;0.699739;-0.341112;-0.557563;1.380312;-0.822749;
0.006600;-0.677406;1.413803;-0.736397;-0.362384;0.699656;-0.337272;-0.565536;1.381243;-0.815707;
0.006620;-0.685193;1.413989;-0.728797;-0.366127;0.699545;-0.333419;-0.573486;1.382119;-0.808633;
0.006640;-0.692952;1.414120;-0.721168;-0.369856;0.699408;-0.329552;-0.581412;1.382940;-0.801528;
0.006660;-0.700684;1.414194;-0.713510;-0.373571;0.699242;-0.325672;-0.589316;1.383706;-0.794391;
0.006680;-0.708389;1.414213;-0.705824;-0.377271;0.699050;-0.321779;-0.597195;1.384418;-0.787223;
0.006700;-0.716066;1.414176;-0.698110;-0.380957;0.698830;-0.317873;-0.605050;1.385075;-0.780024;
0.006720;-0.723714;1.414083;-0.690369;-0.384628;0.698582;-0.313954;-0.612881;1.385676;-0.772795;
0.006740;-0.731334;1.413934;-0.682600;-0.388285;0.698308;-0.310023;-0.620688;1.386223;-0.765536;
0.006760;-0.738925;1.413729;-0.674804;-0.391927;0.698006;-0.306079;-0.628469;1.386716;-0.758246;
0.006780;-0.746486;1.413468;-0.666982;-0.395554;0.697677;-0.302123;-0.636226;1.387153;-0.750927;
0.006800;-0.754019;1.413152;-0.659134;-0.399165;0.697320;-0.298155;-0.643957;1.387536;-0.743578;
0.006820;-0.761521;1.412780;-0.651259;-0.402762;0.696937;-0.294175;-0.651663;1.387864;-0.736200;
0.006840;-0.768993;1.412352;-0.643359;-0.406343;0.696526;-0.290183;-0.659343;1.388137;-0.728794;
0.006860;-0.776436;1.411869;-0.635433;-0.409908;0.696088;-0.286180;-0.666997;1.388355;-0.721358;
0.006880;-0.783847;1.411329;-0.627482;-0.413458;0.695623;-0.282165;-0.674625;1.388519;-0.713894;
0.006900;-0.791227;1.410734;-0.619507;-0.416992;0.695130;-0.278138;-0.682226;1.388628;-0.706402;
0.006920;-0.798577;1.410083;-0.611507;-0.420510;0.694611;-0.274101;-0.689801;1.388682;-0.698881;
0.006940;-0.805894;1.409377;-0.603483;-0.424012;0.694064;-0.270052;-0.697348;1.388682;-0.691334;
0.006960;-0.813180;1.408615;-0.595435;-0.427498;0.693490;-0.265992;-0.704868;1.388627;-0.683759;
0.006980;-0.820434;1.407797;-0.587363;-0.430967;0.692889;-0.261922;-0.712361;1.388517;-0.676156;
0.007000;-0.827655;1.406924;-0.579268;-0.434420;0.692261;-0.257841;-0.719825;1.388353;-0.668527;
0.007020;-0.834844;1.405995;-0.571151;-0.437856;0.691606;-0.253750;-0.727262;1.388134;-0.660872;
0.007040;-0.842000;1.405011;-0.563011;-0.441275;0.690923;-0.249649;-0.734670;1.387861;-0.653190;
0.007060;-0.849122;1.403971;-0.554848;-0.444677;0.690214;-0.245537;-0.742050;1.387533;-0.645483;
0.007080;-0.856211;1.402876;-0.546664;-0.448062;0.689478;-0.241416;-0.749400;1.387150;-0.637750;
0.007100;-0.863267;1.401725;-0.538458;-0.451429;0.688714;-0.237285;-0.756722;1.386713;-0.629991;
0.007120;-0.870288;1.400519;-0.530231;-0.454780;0.687924;-0.233144;-0.764014;1.386222;-0.622208;
0.007140;-0.877275;1.399258;-0.521983;-0.458112;0.687106;-0.228994;-0.771276;1.385676;-0.614399;
0.007160;-0.884227;1.397941;-0.513715;-0.461427;0.686262;-0.224835;-0.778509;1.385075;-0.606567;
0.007180;-0.891144;1.396570;-0.505426;-0.464724;0.685391;-0.220667;-0.785711;1.384421;-0.598710;
0.007200;-0.898026;1.395143;-0.497117;-0.468003;0.684492;-0.216490;-0.792882;1.383711;-0.590829;
0.007220;-0.904872;1.393661;-0.488789;-0.471263;0.683567;-0.212304;-0.800023;1.382948;-0.582925;
0.007240;-0.911683;1.392124;-0.480441;-0.474505;0.682615;-0.208110;-0.807132;1.382130;-0.574998;
0.007260;-0.918458;1.390532;-0.472074;-0.477729;0.681636;-0.203907;-0.814211;1.381258;-0.567047;
0.007280;-0.925197;1.388886;-0.463689;-0.480934;0.680631;-0.199696;-0.821257;1.380332;-0.559074;
0.007300;-0.931899;1.387184;-0.455285;-0.484121;0.679598;-0.195477;-0.828272;1.379351;-0.551079;
0.007320;-0.938564;1.385428;-0.446864;-0.487288;0.678539;-0.191251;-0.835254;1.378316;-0.543062;
0.007340;-0.945192;1.383617;-0.438424;-0.490436;0.677453;-0.187017;-0.842204;1.377227;-0.535023;
0.007360;-0.951783;1.381751;-0.429968;-0.493565;0.676340;-0.182775;-0.849121;1.376084;-0.526963;
0.007380;-0.958337;1.379831;-0.421494;-0.496675;0.675201;-0.178526;-0.856005;1.374887;-0.518882;
0.007400;-0.964852;1.377856;-0.413004;-0.499765;0.674035;-0.174270;-0.862855;1.373636;-0.510780;
0.007420;-0.971330;1.375827;-0.404497;-0.502836;0.672842;-0.170007;-0.869672;1.372330;-0.502658;
0.007440;-0.977769;1.373744;-0.395975;-0.505886;0.671623;-0.165737;-0.876455;1.370971;-0.494516;
0.007460;-0.984169;1.371606;-0.387437;-0.508917;0.670378;-0.161461;-0.883204;1.369558;-0.486354;
0.007480;-0.990531;1.369414;-0.378883;-0.511928;0.669106;-0.157178;-0.889918;1.368091;-0.478173;
0.007500;-0.996853;1.367169;-0.370315;-0.514918;0.667807;-0.152889;-0.896597;1.366570;-0.469973;
0.007520;-1.003137;1.364869;-0.361732;-0.517889;0.666482;-0.148594;-0.903242;1.364995;-0.461754;
0.007540;-1.009380;1.362515;-0.353135;-0.520838;0.665131;-0.144293;-0.909851;1.363367;-0.453516;
0.007560;-1.015584;1.360108;-0.344524;-0.523767;0.663754;-0.139986;-0.916424;1.361685;-0.445261;
0.007580;-1.021748;1.357646;-0.335899;-0.526676;0.662350;-0.135674;-0.922962;1.359949;-0.436988;
0.007600;-1.027871;1.355132;-0.327261;-0.529564;0.660920;-0.131357;-0.929463;1.358160;-0.428697;
0.007620;-1.033954;1.352563;-0.318610;-0.532430;0.659464;-0.127034;-0.935928;1.356317;-0.420389;
0.007640;-1.039995;1.349942;-0.309946;-0.535276;0.657982;-0.122706;-0.942356;1.354421;-0.412065;
0.007660;-1.045996;1.347267;-0.301270;-0.538100;0.656474;-0.118374;-0.948747;1.352472;-0.403724;
0.007680;-1.051956;1.344539;-0.292583;-0.540903;0.654940;-0.114036;-0.955101;1.350469;-0.395367;
0.007700;-1.057874;1.341757;-0.283884;-0.543685;0.653380;-0.109695;-0.961418;1.348413;-0.386995;
0.007720;-1.063750;1.338923;-0.275173;-0.546445;0.651794;-0.105349;-0.967696;1.346303;-0.378607;
0.007740;-1.069584;1.336036;-0.266452;-0.549183;0.650182;-0.100999;-0.973937;1.344141;-0.370204;
0.007760;-1.075376;1.333096;-0.257720;-0.551900;0.648545;-0.096645;-0.980139;1.341926;-0.361787;
0.007780;-1.081126;1.330104;-0.248978;-0.554595;0.646882;-0.092287;-0.986303;1.339658;-0.353355;
0.007800;-1.086833;1.327059;-0.240226;-0.557267;0.645193;-0.087925;-0.992428;1.337336;-0.344909;
0.007820;-1.092497;1.323962;-0.231465;-0.559918;0.643479;-0.083561;-0.998513;1.334963;-0.336449;
0.007840;-1.098118;1.320812;-0.222694;-0.562546;0.641739;-0.079193;-1.004560;1.332536;-0.327976;
0.007860;-1.103695;1.317610;-0.213915;-0.565152;0.639974;-0.074821;-1.010567;1.330057;-0.319490;
0.007880;-1.109229;1.314357;-0.205127;-0.567736;0.638183;-0.070447;-1.016534;1.327525;-0.310992;
0.007900;-1.114719;1.311051;-0.196332;-0.570297;0.636368;-0.066071;-1.022460;1.324941;-0.302481;
0.007920;-1.120165;1.307694;-0.187528;-0.572836;0.634527;-0.061691;-1.028347;1.322305;-0.293958;
0.007940;-1.125567;1.304285;-0.178717;-0.575351;0.632661;-0.057310;-1.034193;1.319616;-0.285423;
0.007960;-1.130925;1.300824;-0.169899;-0.577844;0.630770;-0.052926;-1.039998;1.316875;-0.276878;
0.007980;-1.136238;1.297312;-0.161074;-0.580314;0.628854;-0.048540;-1.045762;1.314082;-0.268321;
0.008000;-1.141506;1.293749;-0.152243;-0.582761;0.626913;-0.044152;-1.051484;1.311238;-0.259754;
0.008020;-1.146729;1.290135;-0.143406;-0.585185;0.624947;-0.039762;-1.057165;1.308341;-0.251176;
0.008040;-1.151906;1.286470;-0.134564;-0.587585;0.622956;-0.035371;-1.062804;1.305393;-0.242589;
0.008060;-1.157038;1.282754;-0.125716;-0.589962;0.620941;-0.030979;-1.068402;1.302393;-0.233992;
0.008080;-1.162125;1.278987;-0.116863;-0.592316;0.618902;-0.026585;-1.073957;1.299342;-0.225385;
0.008100;-1.167166;1.275170;-0.108005;-0.594647;0.616837;-0.022191;-1.079469;1.296239;-0.216770;
0.008120;-1.172160;1.271303;-0.099143;-0.596953;0.614749;-0.017795;-1.084939;1.293086;-0.208147;
0.008140;-1.177108;1.267386;-0.090277;-0.599236;0.612636;-0.013399;-1.090366;1.289881;-0.199515;
0.008160;-1.182010;1.263418;-0.081408;-0.601496;0.610499;-0.009003;-1.095750;1.286625;-0.190875;
0.008180;-1.186865;1.259400;-0.072535;-0.603731;0.608337;-0.004606;-1.101090;1.283318;-0.182228;
0.008200;-1.191673;1.255333;-0.063660;-0.605943;0.606152;-0.000209;-1.106387;1.279961;-0.173574;
0.008220;-1.196435;1.251217;-0.054782;-0.608130;0.603943;0.004188;-1.111640;1.276552;-0.164913;
0.008240;-1.201149;1.247050;-0.045902;-0.610294;0.601709;0.008584;-1.116849;1.273094;-0.156245;
0.008260;-1.205815;1.242835;-0.037020;-0.612433;0.599452;0.012981;-1.122013;1.269585;-0.147572;
0.008280;-1.210434;1.238571;-0.028136;-0.614548;0.597172;0.017377;-1.127134;1.266026;-0.138892;
0.008300;-1.215005;1.234257;-0.019252;-0.616639;0.594867;0.021772;-1.132210;1.262417;-0.130207;
0.008320;-1.219529;1.229895;-0.010367;-0.618705;0.592539;0.026166;-1.137241;1.258758;-0.121517;
0.008340;-1.224004;1.225485;-0.001481;-0.620747;0.590188;0.030559;-1.142226;1.255049;-0.112822;
0.008360;-1.228430;1.221026;0.007405;-0.622764;0.587814;0.034951;-1.147167;1.251291;-0.104123;
0.008380;-1.232809;1.216519;0.016290;-0.624757;0.585416;0.039341;-1.152063;1.247483;-0.095420;
0.008400;-1.237138;1.211963;0.025175;-0.626725;0.582995;0.043730;-1.156912;1.243625;-0.086713;
0.008420;-1.241419;1.207360;0.034059;-0.628668;0.580551;0.048117;-1.161716;1.239719;-0.078003;
0.008440;-1.245651;1.202710;0.042941;-0.630587;0.578084;0.052503;-1.166474;1.235764;-0.069290;
0.008460;-1.249833;1.198011;0.051822;-0.632480;0.575594;0.056886;-1.171186;1.231760;-0.060574;
0.008480;-1.253967;1.193266;0.060701;-0.634348;0.573082;0.061267;-1.175851;1.227707;-0.051855;
0.008500;-1.258050;1.188473;0.069577;-0.636192;0.570547;0.065645;-1.180470;1.223605;-0.043135;
0.008520;-1.262084;1.183634;0.078451;-0.638010;0.567989;0.070021;-1.185043;1.219456;-0.034413;
0.008540;-1.266069;1.178747;0.087321;-0.639803;0.565409;0.074394;-1.189568;1.215258;-0.025690;
0.008560;-1.270003;1.173815;0.096188;-0.641571;0.562807;0.078764;-1.194046;1.211012;-0.016965;
0.008580;-1.273887;1.168836;0.105051;-0.643313;0.560182;0.083131;-1.198477;1.206718;-0.008240;
0.008600;-1.277721;1.163810;0.113910;-0.645030;0.557535;0.087495;-1.202861;1.202376;0.000485;
0.008620;-1.281504;1.158739;0.122765;-0.646722;0.554867;0.091855;-1.207197;1.197987;0.009210;
0.008640;-1.285237;1.153622;0.131615;-0.648388;0.552176;0.096212;-1.211486;1.193551;0.017935;
0.008660;-1.288919;1.148460;0.140459;-0.650028;0.549464;0.100565;-1.215726;1.189068;0.026659;
0.008680;-1.292550;1.143252;0.149298;-0.651643;0.546730;0.104913;-1.219919;1.184537;0.035381;
0.008700;-1.296130;1.137999;0.158131;-0.653232;0.543974;0.109258;-1.224063;1.179960;0.044103;
0.008720;-1.299659;1.132701;0.166958;-0.654796;0.541197;0.113599;-1.228159;1.175336;0.052823;
0.008740;-1.303137;1.127358;0.175779;-0.656333;0.538398;0.117935;-1.232206;1.170666;0.061540;
0.008760;-1.306563;1.121971;0.184592;-0.657845;0.535579;0.122266;-1.236205;1.165949;0.070255;
0.008780;-1.309938;1.116540;0.193398;-0.659330;0.532738;0.126592;-1.240154;1.161187;0.078968;
0.008800;-1.313260;1.111064;0.202196;-0.660790;0.529876;0.130914;-1.244055;1.156378;0.087677;
0.008820;-1.316532;1.105545;0.210987;-0.662223;0.526993;0.135230;-1.247907;1.151524;0.096383;
0.008840;-1.319751;1.099982;0.219769;-0.663631;0.524090;0.139541;-1.251709;1.146625;0.105085;
0.008860;-1.322918;1.094375;0.228542;-0.665012;0.521166;0.143847;-1.255462;1.141680;0.113782;
0.008880;-1.326032;1.088726;0.237307;-0.666367;0.518221;0.148147;-1.259165;1.136690;0.122475;
0.008900;-1.329095;1.083033;0.246062;-0.667696;0.515256;0.152441;-1.262819;1.131655;0.131164;
0.008920;-1.332105;1.077298;0.254807;-0.668999;0.512270;0.156728;-1.266423;1.126576;0.139847;
0.008940;-1.335062;1.071520;0.263542;-0.670275;0.509264;0.161010;-1.269976;1.121452;0.148525;
0.008960;-1.337967;1.065700;0.272267;-0.671524;0.506239;0.165286;-1.273480;1.116283;0.157196;
0.008980;-1.340819;1.059837;0.280981;-0.672748;0.503193;0.169555;-1.276933;1.111071;0.165862;
0.009000;-1.343617;1.053933;0.289684;-0.673944;0.500127;0.173817;-1.280336;1.105815;0.174521;
0.009020;-1.346363;1.047987;0.298376;-0.675114;0.497042;0.178072;-1.283688;1.100515;0.183173;
0.009040;-1.349056;1.042000;0.307056;-0.676258;0.493937;0.182321;-1.286990;1.095172;0.191818;
0.009060;-1.351695;1.035972;0.315723;-0.677374;0.490812;0.186562;-1.290241;1.089785;0.200455;
0.009080;-1.354282;1.029903;0.324379;-0.678465;0.487669;0.190796;-1.293441;1.084356;0.209085;
0.009100;-1.356814;1.023793;0.333021;-0.679528;0.484506;0.195022;-1.296590;1.078884;0.217706;
0.009120;-1.359293;1.017643;0.341650;-0.680564;0.481323;0.199241;-1.299687;1.073369;0.226318;
0.009140;-1.361719;1.011453;0.350266;-0.681574;0.478122;0.203452;-1.302734;1.067812;0.234922;
0.009160;-1.364090;1.005222;0.358868;-0.682557;0.474902;0.207655;-1.305729;1.062212;0.243516;
0.009180;-1.366408;0.998952;0.367456;-0.683513;0.471663;0.211849;-1.308672;1.056571;0.252101;
0.009200;-1.368672;0.992643;0.376029;-0.684442;0.468406;0.216036;-1.311564;1.050888;0.260676;
0.009220;-1.370882;0.986294;0.384587;-0.685344;0.465130;0.220213;-1.314404;1.045163;0.269241;
0.009240;-1.373037;0.979907;0.393131;-0.686218;0.461836;0.224382;-1.317192;1.039398;0.277794;
0.009260;-1.375139;0.973480;0.401658;-0.687066;0.458524;0.228543;-1.319928;1.033591;0.286337;
0.009280;-1.377186;0.967016;0.410170;-0.687887;0.455193;0.232694;-1.322613;1.027744;0.294869;
0.009300;-1.379179;0.960513;0.418666;-0.688681;0.451845;0.236836;-1.325244;1.021855;0.303389;
0.009320;-1.381117;0.953972;0.427145;-0.689447;0.448479;0.240968;-1.327824;1.015927;0.311897;
0.009340;-1.383001;0.947394;0.435607;-0.690186;0.445095;0.245092;-1.330351;1.009959;0.320393;
0.009360;-1.384830;0.940778;0.444052;-0.690898;0.441693;0.249205;-1.332826;1.003950;0.328876;
0.009380;-1.386605;0.934125;0.452480;-0.691583;0.438274;0.253309;-1.335248;0.997902;0.337346;
0.009400;-1.388325;0.927435;0.460890;-0.692240;0.434838;0.257403;-1.337618;0.991815;0.345803;
0.009420;-1.389990;0.920708;0.469281;-0.692871;0.431384;0.261486;-1.339935;0.985688;0.354246;
0.009440;-1.391600;0.913946;0.477654;-0.693473;0.427914;0.265559;-1.342199;0.979523;0.362675;
0.009460;-1.393155;0.907147;0.486008;-0.694049;0.424427;0.269622;-1.344409;0.973319;0.371090;
0.009480;-1.394655;0.900312;0.494343;-0.694597;0.420923;0.273674;-1.346567;0.967077;0.379491;
0.009500;-1.396100;0.893442;0.502659;-0.695117;0.417402;0.277716;-1.348672;0.960796;0.387876;
0.009520;-1.397490;0.886536;0.510954;-0.695611;0.413865;0.281746;-1.350723;0.954478;0.396246;
0.009540;-1.398825;0.879596;0.519229;-0.696076;0.410311;0.285765;-1.352722;0.948121;0.404600;
0.009560;-1.400105;0.872621;0.527484;-0.696514;0.406741;0.289773;-1.354667;0.941728;0.412939;
0.009580;-1.401329;0.865611;0.535718;-0.696925;0.403156;0.293770;-1.356558;0.935297;0.421261;
0.009600;-1.402498;0.858567;0.543931;-0.697308;0.399554;0.297754;-1.358396;0.928829;0.429566;
0.009620;-1.403612;0.851489;0.552123;-0.697664;0.395937;0.301728;-1.360180;0.922325;0.437855;
0.009640;-1.404670;0.844378;0.560292;-0.697992;0.392303;0.305689;-1.361911;0.915784;0.446126;
0.009660;-1.405673;0.837233;0.568440;-0.698293;0.388655;0.309638;-1.363587;0.909207;0.454380;
0.009680;-1.406620;0.830055;0.576565;-0.698566;0.384991;0.313575;-1.365210;0.902595;0.462616;
0.009700;-1.407512;0.822845;0.584667;-0.698812;0.381312;0.317500;-1.366780;0.895946;0.470833;
0.009720;-1.408348;0.815602;0.592747;-0.699029;0.377618;0.321412;-1.368295;0.889262;0.479032;
0.009740;-1.409129;0.808327;0.600803;-0.699220;0.373909;0.325311;-1.369756;0.882544;0.487212;
0.009760;-1.409854;0.801019;0.608835;-0.699382;0.370185;0.329198;-1.371163;0.875790;0.495373;
0.009780;-1.410523;0.793681;0.616843;-0.699517;0.366446;0.333071;-1.372516;0.869002;0.503514;
0.009800;-1.411137;0.786311;0.624826;-0.699625;0.362693;0.336932;-1.373815;0.862179;0.511636;
0.009820;-1.411695;0.778909;0.632786;-0.699705;0.358926;0.340779;-1.375060;0.855323;0.519737;
0.009840;-1.412197;0.771478;0.640720;-0.699757;0.355145;0.344612;-1.376250;0.848432;0.527818;
0.009860;-1.412644;0.764015;0.648628;-0.699781;0.351349;0.348432;-1.377386;0.841508;0.535877;
0.009880;-1.413034;0.756523;0.656512;-0.699778;0.347540;0.352239;-1.378468;0.834551;0.543916;
0.009900;-1.413369;0.749000;0.664369;-0.699748;0.343717;0.356031;-1.379495;0.827561;0.551933;
0.009920;-1.413648;0.741448;0.672200;-0.699689;0.339880;0.359809;-1.380468;0.820539;0.559929;
0.009940;-1.413872;0.733867;0.680004;-0.699603;0.336030;0.363573;-1.381386;0.813484;0.567902;
0.009960;-1.414039;0.726257;0.687782;-0.699490;0.332167;0.367323;-1.382250;0.806397;0.575853;
0.009980;-1.414151;0.718618;0.695533;-0.699349;0.328290;0.371058;-1.383059;0.799278;0.583781;
0.010000;-1.414207;0.710951;0.703256;-0.699180;0.324401;0.374779;-1.383813;0.792127;0.591686;
0.010020;-1.414207;0.703256;0.710951;-0.698983;0.320499;0.378485;-1.384513;0.784945;0.599568;
0.010040;-1.414151;0.695533;0.718618;-0.698759;0.316584;0.382175;-1.385159;0.777732;0.607426;
0.010060;-1.414039;0.687782;0.726257;-0.698508;0.312657;0.385851;-1.385749;0.770489;0.615261;
0.010080;-1.413872;0.680004;0.733867;-0.698228;0.308717;0.389512;-1.386285;0.763215;0.623070;
0.010100;-1.413648;0.672200;0.741448;-0.697922;0.304765;0.393157;-1.386767;0.755911;0.630856;
0.010120;-1.413369;0.664369;0.749000;-0.697587;0.300801;0.396786;-1.387193;0.748577;0.638616;
0.010140;-1.413034;0.656512;0.756523;-0.697225;0.296825;0.400400;-1.387565;0.741214;0.646351;
0.010160;-1.412644;0.648628;0.764015;-0.696836;0.292838;0.403998;-1.387882;0.733821;0.654061;
0.010180;-1.412197;0.640720;0.771478;-0.696419;0.288838;0.407581;-1.388144;0.726399;0.661745;
0.010200;-1.411695;0.632786;0.778909;-0.695975;0.284828;0.411147;-1.388351;0.718949;0.669402;
0.010220;-1.411137;0.624826;0.786311;-0.695503;0.280806;0.414696;-1.388504;0.711470;0.677034;
0.010240;-1.410523;0.616843;0.793681;-0.695003;0.276773;0.418230;-1.388601;0.703963;0.684638;
0.010260;-1.409854;0.608835;0.801019;-0.694476;0.272730;0.421747;-1.388644;0.696428;0.692216;
0.010280;-1.409129;0.600803;0.808327;-0.693922;0.268675;0.425247;-1.388632;0.688866;0.699766;
0.010300;-1.408348;0.592747;0.815602;-0.693340;0.264610;0.428731;-1.388565;0.681277;0.707288;
0.010320;-1.407512;0.584667;0.822845;-0.692731;0.260534;0.432197;-1.388444;0.673661;0.714783;
0.010340;-1.406620;0.576565;0.830055;-0.692095;0.256448;0.435647;-1.388267;0.666018;0.722249;
0.010360;-1.405673;0.568440;0.837233;-0.691431;0.252352;0.439079;-1.388036;0.658349;0.729687;
0.010380;-1.404670;0.560292;0.844378;-0.690740;0.248246;0.442494;-1.387750;0.650654;0.737096;
0.010400;-1.403612;0.552123;0.851489;-0.690022;0.244130;0.445892;-1.387409;0.642933;0.744476;
0.010420;-1.402498;0.543931;0.858567;-0.689276;0.240005;0.449271;-1.387013;0.635187;0.751827;
0.010440;-1.401329;0.535718;0.865611;-0.688504;0.235870;0.452634;-1.386563;0.627415;0.759148;
0.010460;-1.400105;0.527484;0.872621;-0.687704;0.231726;0.455978;-1.386058;0.619619;0.766439;
0.010480;-1.398825;0.519229;0.879596;-0.686877;0.227572;0.459304;-1.385498;0.611799;0.773699;
0.010500;-1.397490;0.510954;0.886536;-0.686022;0.223410;0.462612;-1.384883;0.603954;0.780929;
0.010520;-1.396100;0.502659;0.893442;-0.685141;0.219239;0.465902;-1.384214;0.596085;0.788129;
0.010540;-1.394655;0.494343;0.900312;-0.684233;0.215059;0.469174;-1.383490;0.588193;0.795297;
0.010560;-1.393155;0.486008;0.907147;-0.683297;0.210871;0.472427;-1.382712;0.580278;0.802434;
0.010580;-1.391600;0.477654;0.913946;-0.682335;0.206674;0.475661;-1.381879;0.572340;0.809539;
0.010600;-1.389990;0.469281;0.920708;-0.681346;0.202469;0.478877;-1.380991;0.564379;0.816612;
0.010620;-1.388325;0.460890;0.927435;-0.680330;0.198256;0.482073;-1.380049;0.556396;0.823653;
0.010640;-1.386605;0.452480;0.934125;-0.679287;0.194036;0.485251;-1.379052;0.548391;0.830661;
0.010660;-1.384830;0.444052;0.940778;-0.678217;0.189808;0.488409;-1.378001;0.540364;0.837637;
0.010680;-1.383001;0.435607;0.947394;-0.677120;0.185572;0.491548;-1.376895;0.532316;0.844579;
0.010700;-1.381117;0.427145;0.953972;-0.675997;0.181329;0.494668;-1.375735;0.524247;0.851488;
0.010720;-1.379179;0.418666;0.960513;-0.674847;0.177078;0.497768;-1.374521;0.516157;0.858364;
0.010740;-1.377186;0.410170;0.967016;-0.673670;0.172821;0.500849;-1.373253;0.508047;0.865205;
0.010760;-1.375139;0.401658;0.973480;-0.672467;0.168557;0.503910;-1.371930;0.499917;0.872013;
0.010780;-1.373037;0.393131;0.979907;-0.671237;0.164286;0.506951;-1.370553;0.491767;0.878786;
0.010800;-1.370882;0.384587;0.986294;-0.669981;0.160009;0.509972;-1.369122;0.483598;0.885524;
0.010820;-1.368672;0.376029;0.992643;-0.668698;0.155725;0.512972;-1.367637;0.475409;0.892228;
0.010840;-1.366408;0.367456;0.998952;-0.667389;0.151436;0.515953;-1.366098;0.467202;0.898896;
0.010860;-1.364090;0.358868;1.005222;-0.666053;0.147140;0.518913;-1.364505;0.458976;0.905528;
0.010880;-1.361719;0.350266;1.011453;-0.664691;0.142839;0.521853;-1.362858;0.450733;0.912125;
0.010900;-1.359293;0.341650;1.017643;-0.663303;0.138531;0.524772;-1.361157;0.442471;0.918686;
0.010920;-1.356814;0.333021;1.023793;-0.661889;0.134219;0.527670;-1.359403;0.434192;0.925211;
0.010940;-1.354282;0.324379;1.029903;-0.660448;0.129901;0.530547;-1.357595;0.425896;0.931699;
0.010960;-1.351695;0.315723;1.035972;-0.658982;0.125578;0.533404;-1.355733;0.417583;0.938150;
0.010980;-1.349056;0.307056;1.042000;-0.657490;0.121250;0.536240;-1.353818;0.409253;0.944565;
0.011000;-1.346363;0.298376;1.047987;-0.655971;0.116917;0.539054;-1.351849;0.400908;0.950942;
0.011020;-1.343617;0.289684;1.053933;-0.654427;0.112580;0.541847;-1.349827;0.392546;0.957281;
0.011040;-1.340819;0.280981;1.059837;-0.652857;0.108238;0.544619;-1.347752;0.384169;0.963583;
0.011060;-1.337967;0.272267;1.065700;-0.651261;0.103892;0.547369;-1.345623;0.375777;0.969846;
0.011080;-1.335062;0.263542;1.071520;-0.649639;0.099542;0.550097;-1.343442;0.367370;0.976072;
0.011100;-1.332105;0.254807;1.077298;-0.647992;0.095188;0.552804;-1.341207;0.358949;0.982259;
0.011120;-1.329095;0.246062;1.083033;-0.646319;0.090830;0.555489;-1.338920;0.350513;0.988407;
0.011140;-1.326032;0.237307;1.088726;-0.644621;0.086468;0.558152;-1.336579;0.342063;0.994516;
0.011160;-1.322918;0.228542;1.094375;-0.642897;0.082104;0.560793;-1.334186;0.333600;1.000585;
0.011180;-1.319751;0.219769;1.099982;-0.641148;0.077735;0.563412;-1.331740;0.325124;1.006616;
0.011200;-1.316532;0.210987;1.105545;-0.639373;0.073364;0.566009;-1.329241;0.316635;1.012606;
0.011220;-1.313260;0.202196;1.111064;-0.637573;0.068990;0.568583;-1.326690;0.308134;1.018557;
0.011240;-1.309938;0.193398;1.116540;-0.635748;0.064613;0.571135;-1.324087;0.299620;1.024467;
0.011260;-1.306563;0.184592;1.121971;-0.633898;0.060234;0.573664;-1.321431;0.291095;1.030337;
0.011280;-1.303137;0.175779;1.127358;-0.632023;0.055852;0.576171;-1.318724;0.282558;1.036166;
0.011300;-1.299659;0.166958;1.132701;-0.630123;0.051468;0.578655;-1.315964;0.274009;1.041954;
0.011320;-1.296130;0.158131;1.137999;-0.628199;0.047082;0.581116;-1.313152;0.265450;1.047702;
0.011340;-1.292550;0.149298;1.143252;-0.626249;0.042695;0.583554;-1.310288;0.256881;1.053407;
0.011360;-1.288919;0.140459;1.148460;-0.624275;0.038305;0.585969;-1.307373;0.248301;1.059072;
0.011380;-1.285237;0.131615;1.153622;-0.622276;0.033914;0.588361;-1.304406;0.239712;1.064694;
0.011400;-1.281504;0.122765;1.158739;-0.620252;0.029522;0.590730;-1.301388;0.231113;1.070274;
0.011420;-1.277721;0.113910;1.163810;-0.618204;0.025128;0.593076;-1.298318;0.222505;1.075812;
0.011440;-1.273887;0.105051;1.168836;-0.616131;0.020734;0.595398;-1.295197;0.213889;1.081308;
0.011460;-1.270003;0.096188;1.173815;-0.614035;0.016338;0.597696;-1.292024;0.205263;1.086761;
0.011480;-1.266069;0.087321;1.178747;-0.611914;0.011943;0.599971;-1.288801;0.196630;1.092171;
0.011500;-1.262084;0.078451;1.183634;-0.609768;0.007546;0.602222;-1.285527;0.187989;1.097538;
0.011520;-1.258050;0.069577;1.188473;-0.607599;0.003149;0.604450;-1.282202;0.179341;1.102862;
0.011540;-1.253967;0.060701;1.193266;-0.605406;-0.001248;0.606653;-1.278827;0.170685;1.108142;
0.011560;-1.249833;0.051822;1.198011;-0.603189;-0.005644;0.608833;-1.275401;0.162023;1.113378;
0.011580;-1.245651;0.042941;1.202710;-0.600948;-0.010041;0.610989;-1.271925;0.153354;1.118570;
0.011600;-1.241419;0.034059;1.207360;-0.598683;-0.014437;0.613120;-1.268398;0.144679;1.123719;
0.011620;-1.237138;0.025175;1.211963;-0.596395;-0.018833;0.615228;-1.264821;0.135999;1.128823;
0.011640;-1.232809;0.016290;1.216519;-0.594083;-0.023228;0.617311;-1.261195;0.127313;1.133882;
0.011660;-1.228430;0.007405;1.221026;-0.591748;-0.027622;0.619369;-1.257519;0.118622;1.138896;
0.011680;-1.224004;-0.001481;1.225485;-0.589389;-0.032014;0.621403;-1.253793;0.109927;1.143866;
0.011700;-1.219529;-0.010367;1.229895;-0.587007;-0.036406;0.623413;-1.250017;0.101227;1.148790;
0.011720;-1.215005;-0.019252;1.234257;-0.584602;-0.040796;0.625398;-1.246192;0.092523;1.153669;
0.011740;-1.210434;-0.028136;1.238571;-0.582174;-0.045185;0.627358;-1.242318;0.083815;1.158503;
0.011760;-1.205815;-0.037020;1.242835;-0.579722;-0.049572;0.629294;-1.238395;0.075105;1.163291;
0.011780;-1.201149;-0.045902;1.247050;-0.577248;-0.053956;0.631205;-1.234423;0.066391;1.168033;
0.011800;-1.196435;-0.054782;1.251217;-0.574752;-0.058339;0.633091;-1.230403;0.057674;1.172728;
0.011820;-1.191673;-0.063660;1.255333;-0.572232;-0.062719;0.634951;-1.226334;0.048956;1.177378;
0.011840;-1.186865;-0.072535;1.259400;-0.569690;-0.067097;0.636787;-1.222216;0.040235;1.181981;
0.011860;-1.182010;-0.081408;1.263418;-0.567125;-0.071473;0.638598;-1.218050;0.031513;1.186537;
0.011880;-1.177108;-0.090277;1.267386;-0.564538;-0.075845;0.640383;-1.213836;0.022790;1.191046;
0.011900;-1.172160;-0.099143;1.271303;-0.561929;-0.080214;0.642143;-1.209574;0.014065;1.195509;
0.011920;-1.167166;-0.108005;1.275170;-0.559297;-0.084581;0.643878;-1.205264;0.005340;1.199924;
0.011940;-1.162125;-0.116863;1.278987;-0.556644;-0.088944;0.645588;-1.200907;-0.003385;1.204292;
0.011960;-1.157038;-0.125716;1.282754;-0.553968;-0.093303;0.647271;-1.196503;-0.012110;1.208612;
0.011980;-1.151906;-0.134564;1.286470;-0.551271;-0.097659;0.648930;-1.192051;-0.020834;1.212885;
0.012000;-1.146729;-0.143406;1.290135;-0.548552;-0.102011;0.650562;-1.187552;-0.029558;1.217110;
0.012020;-1.141506;-0.152243;1.293749;-0.545811;-0.106359;0.652169;-1.183006;-0.038280;1.221286;
0.012040;-1.136238;-0.161074;1.297312;-0.543049;-0.110702;0.653751;-1.178413;-0.047001;1.225415;
0.012060;-1.130925;-0.169899;1.300824;-0.540265;-0.115041;0.655306;-1.173774;-0.055721;1.229495;
0.012080;-1.125567;-0.178717;1.304285;-0.537460;-0.119376;0.656836;-1.169089;-0.064437;1.233527;
0.012100;-1.120165;-0.187528;1.307694;-0.534633;-0.123706;0.658339;-1.164358;-0.073152;1.237509;
0.012120;-1.114719;-0.196332;1.311051;-0.531786;-0.128031;0.659817;-1.159580;-0.081863;1.241443;
0.012140;-1.109229;-0.205127;1.314357;-0.528917;-0.132352;0.661269;-1.154757;-0.090572;1.245328;
0.012160;-1.103695;-0.213915;1.317610;-0.526028;-0.136666;0.662694;-1.149888;-0.099276;1.249164;
0.012180;-1.098118;-0.222694;1.320812;-0.523118;-0.140976;0.664094;-1.144974;-0.107977;1.252951;
0.012200;-1.092497;-0.231465;1.323962;-0.520187;-0.145280;0.665467;-1.140014;-0.116674;1.256688;
0.012220;-1.086833;-0.240226;1.327059;-0.517236;-0.149578;0.666814;-1.135010;-0.125366;1.260375;
0.012240;-1.081126;-0.248978;1.330104;-0.514264;-0.153870;0.668134;-1.129960;-0.134052;1.264013;
0.012260;-1.075376;-0.257720;1.333096;-0.511272;-0.158156;0.669428;-1.124867;-0.142734;1.267601;
0.012280;-1.069584;-0.266452;1.336036;-0.508260;-0.162436;0.670696;-1.119728;-0.151410;1.271139;
0.012300;-1.063750;-0.275173;1.338923;-0.505227;-0.166710;0.671937;-1.114546;-0.160080;1.274626;
0.012320;-1.057874;-0.283884;1.341757;-0.502175;-0.170977;0.673152;-1.109319;-0.168744;1.278063;
0.012340;-1.051956;-0.292583;1.344539;-0.499103;-0.175237;0.674340;-1.104049;-0.177401;1.281450;
0.012360;-1.045996;-0.301270;1.347267;-0.496011;-0.179490;0.675502;-1.098735;-0.186051;1.284786;
0.012380;-1.039995;-0.309946;1.349942;-0.492900;-0.183737;0.676637;-1.093378;-0.194694;1.288072;
0.012400;-1.033954;-0.318610;1.352563;-0.489769;-0.187976;0.677745;-1.087978;-0.203329;1.291306;
0.012420;-1.027871;-0.327261;1.355132;-0.486619;-0.192207;0.678826;-1.082534;-0.211956;1.294490;
0.012440;-1.021748;-0.335899;1.357646;-0.483450;-0.196431;0.679881;-1.077048;-0.220575;1.297623;
0.012460;-1.015584;-0.344524;1.360108;-0.480261;-0.200647;0.680909;-1.071519;-0.229184;1.300704;
0.012480;-1.009380;-0.353135;1.362515;-0.477054;-0.204855;0.681909;-1.065948;-0.237785;1.303734;
0.012500;-1.003137;-0.361732;1.364869;-0.473828;-0.209056;0.682883;-1.060335;-0.246377;1.306712;
0.012520;-0.996853;-0.370315;1.367169;-0.470583;-0.213248;0.683830;-1.054681;-0.254959;1.309639;
0.012540;-0.990531;-0.378883;1.369414;-0.467319;-0.217431;0.684750;-1.048984;-0.263530;1.312514;
0.012560;-0.984169;-0.387437;1.371606;-0.464037;-0.221606;0.685643;-1.043246;-0.272092;1.315338;
0.012580;-0.977769;-0.395975;1.373744;-0.460737;-0.225772;0.686509;-1.037467;-0.280642;1.318109;
0.012600;-0.971330;-0.404497;1.375827;-0.457419;-0.229929;0.687348;-1.031647;-0.289182;1.320829;
0.012620;-0.964852;-0.413004;1.377856;-0.454082;-0.234078;0.688160;-1.025786;-0.297710;1.323496;
0.012640;-0.958337;-0.421494;1.379831;-0.450728;-0.238217;0.688944;-1.019885;-0.306226;1.326111;
0.012660;-0.951783;-0.429968;1.381751;-0.447355;-0.242346;0.689702;-1.013943;-0.314730;1.328674;
0.012680;-0.945192;-0.438424;1.383617;-0.443966;-0.246466;0.690432;-1.007962;-0.323222;1.331184;
0.012700;-0.938564;-0.446864;1.385428;-0.440558;-0.250576;0.691134;-1.001940;-0.331701;1.333642;
0.012720;-0.931899;-0.455285;1.387184;-0.437133;-0.254677;0.691810;-0.995879;-0.340167;1.336047;
0.012740;-0.925197;-0.463689;1.388886;-0.433691;-0.258767;0.692458;-0.989779;-0.348620;1.338399;
0.012760;-0.918458;-0.472074;1.390532;-0.430232;-0.262847;0.693079;-0.983640;-0.357058;1.340698;
0.012780;-0.911683;-0.480441;1.392124;-0.426756;-0.266917;0.693673;-0.977462;-0.365483;1.342945;
0.012800;-0.904872;-0.488789;1.393661;-0.423263;-0.270976;0.694239;-0.971245;-0.373893;1.345138;
0.012820;-0.898026;-0.497117;1.395143;-0.419753;-0.275024;0.694777;-0.964990;-0.382289;1.347279;
0.012840;-0.891144;-0.505426;1.396570;-0.416227;-0.279062;0.695289;-0.958697;-0.390669;1.349366;
0.012860;-0.884227;-0.513715;1.397941;-0.412684;-0.283089;0.695773;-0.952366;-0.399034;1.351400;
0.012880;-0.877275;-0.521983;1.399258;-0.409125;-0.287104;0.696229;-0.945997;-0.407383;1.353380;
0.012900;-0.870288;-0.530231;1.400519;-0.405550;-0.291108;0.696658;-0.939591;-0.415716;1.355308;
0.012920;-0.863267;-0.538458;1.401725;-0.401958;-0.295101;0.697059;-0.933148;-0.424033;1.357181;
0.012940;-0.856211;-0.546664;1.402876;-0.398351;-0.299082;0.697433;-0.926668;-0.432333;1.359001;
0.012960;-0.849122;-0.554848;1.403971;-0.394729;-0.303051;0.697780;-0.920152;-0.440616;1.360768;
0.012980;-0.842000;-0.563011;1.405011;-0.391090;-0.307008;0.698098;-0.913599;-0.448882;1.362480;
0.013000;-0.834844;-0.571151;1.405995;-0.387436;-0.310953;0.698390;-0.907010;-0.457129;1.364139;
0.013020;-0.827655;-0.579268;1.406924;-0.383767;-0.314886;0.698653;-0.900385;-0.465359;1.365744;
0.013040;-0.820434;-0.587363;1.407797;-0.380083;-0.318806;0.698889;-0.893725;-0.473570;1.367295;
0.013060;-0.813180;-0.595435;1.408615;-0.376384;-0.322714;0.699098;-0.887029;-0.481763;1.368793;
0.013080;-0.805894;-0.603483;1.409377;-0.372670;-0.326609;0.699279;-0.880299;-0.489937;1.370236;
0.013100;-0.798577;-0.611507;1.410083;-0.368941;-0.330491;0.699432;-0.873534;-0.498091;1.371625;
0.013120;-0.791227;-0.619507;1.410734;-0.365197;-0.334360;0.699558;-0.866734;-0.506226;1.372960;
0.013140;-0.783847;-0.627482;1.411329;-0.361440;-0.338216;0.699656;-0.859900;-0.514340;1.374240;
0.013160;-0.776436;-0.635433;1.411869;-0.357667;-0.342059;0.699726;-0.853032;-0.522435;1.375467;
0.013180;-0.768993;-0.643359;1.412352;-0.353881;-0.345888;0.699769;-0.846130;-0.530508;1.376639;
0.013200;-0.761521;-0.651259;1.412780;-0.350081;-0.349703;0.699784;-0.839195;-0.538561;1.377757;
0.013220;-0.754019;-0.659134;1.413152;-0.346267;-0.353505;0.699772;-0.832227;-0.546593;1.378820;
0.013240;-0.746486;-0.666982;1.413468;-0.342439;-0.357292;0.699732;-0.825226;-0.554603;1.379829;
0.013260;-0.738925;-0.674804;1.413729;-0.338598;-0.361066;0.699664;-0.818193;-0.562591;1.380783;
0.013280;-0.731334;-0.682600;1.413934;-0.334744;-0.364825;0.699569;-0.811127;-0.570557;1.381683;
0.013300;-0.723714;-0.690369;1.414083;-0.330876;-0.368570;0.699446;-0.804029;-0.578500;1.382529;
0.013320;-0.716066;-0.698110;1.414176;-0.326995;-0.372300;0.699295;-0.796899;-0.586420;1.383320;
0.013340;-0.708389;-0.705824;1.414213;-0.323101;-0.376016;0.699117;-0.789738;-0.594318;1.384056;
0.013360;-0.700684;-0.713510;1.414194;-0.319195;-0.379716;0.698911;-0.782546;-0.602192;1.384737;
0.013380;-0.692952;-0.721168;1.414120;-0.315276;-0.383402;0.698678;-0.775322;-0.610042;1.385364;
0.013400;-0.685193;-0.728797;1.413989;-0.311344;-0.387073;0.698417;-0.768069;-0.617868;1.385936;
0.013420;-0.677406;-0.736397;1.413803;-0.307400;-0.390728;0.698128;-0.760785;-0.625669;1.386454;
0.013440;-0.669593;-0.743969;1.413561;-0.303444;-0.394368;0.697812;-0.753470;-0.633446;1.386917;
0.013460;-0.661753;-0.751511;1.413264;-0.299476;-0.397992;0.697469;-0.746127;-0.641198;1.387325;
0.013480;-0.653887;-0.759024;1.412910;-0.295497;-0.401601;0.697098;-0.738753;-0.648925;1.387678;
0.013500;-0.645995;-0.766506;1.412501;-0.291505;-0.405194;0.696699;-0.731351;-0.656626;1.387977;
0.013520;-0.638078;-0.773958;1.412036;-0.287502;-0.408771;0.696273;-0.723919;-0.664301;1.388220;
0.013540;-0.630135;-0.781380;1.411515;-0.283488;-0.412331;0.695819;-0.716459;-0.671950;1.388409;
0.013560;-0.622168;-0.788771;1.410939;-0.279462;-0.415876;0.695338;-0.708971;-0.679572;1.388543;
0.013580;-0.614176;-0.796130;1.410306;-0.275426;-0.419404;0.694829;-0.701455;-0.687167;1.388622;
0.013600;-0.606160;-0.803459;1.409619;-0.271378;-0.422915;0.694293;-0.693911;-0.694736;1.388647;
0.013620;-0.598120;-0.810755;1.408875;-0.267320;-0.426410;0.693730;-0.686340;-0.702277;1.388616;
0.013640;-0.590056;-0.818020;1.408076;-0.263252;-0.429888;0.693139;-0.678741;-0.709790;1.388531;
0.013660;-0.581969;-0.825252;1.407221;-0.259173;-0.433348;0.692521;-0.671116;-0.717275;1.388391;
0.013680;-0.573859;-0.832452;1.406311;-0.255083;-0.436792;0.691876;-0.663464;-0.724732;1.388196;
0.013700;-0.565727;-0.839618;1.405345;-0.250984;-0.440219;0.691203;-0.655786;-0.732160;1.387947;
0.013720;-0.557572;-0.846752;1.404324;-0.246875;-0.443628;0.690503;-0.648083;-0.739560;1.387642;
0.013740;-0.549395;-0.853852;1.403247;-0.242756;-0.447020;0.689775;-0.640353;-0.746930;1.387283;
0.013760;-0.541196;-0.860919;1.402115;-0.238627;-0.450394;0.689021;-0.632599;-0.754270;1.386869;
0.013780;-0.532976;-0.867951;1.400927;-0.234489;-0.453750;0.688239;-0.624819;-0.761581;1.386400;
0.013800;-0.524735;-0.874949;1.399684;-0.230342;-0.457088;0.687430;-0.617015;-0.768862;1.385877;
0.013820;-0.516473;-0.881913;1.398386;-0.226185;-0.460408;0.686594;-0.609186;-0.776113;1.385298;
0.013840;-0.508191;-0.888842;1.397033;-0.222020;-0.463710;0.685731;-0.601333;-0.783332;1.384666;
0.013860;-0.499889;-0.895736;1.395625;-0.217846;-0.466994;0.684840;-0.593457;-0.790521;1.383978;
0.013880;-0.491567;-0.902594;1.394161;-0.213663;-0.470260;0.683923;-0.585557;-0.797679;1.383236;
0.013900;-0.483226;-0.909417;1.392643;-0.209472;-0.473506;0.682979;-0.577634;-0.804805;1.382439;
0.013920;-0.474865;-0.916204;1.391069;-0.205273;-0.476734;0.682007;-0.569688;-0.811900;1.381588;
0.013940;-0.466486;-0.922955;1.389441;-0.201065;-0.479944;0.681009;-0.561720;-0.818962;1.380682;
0.013960;-0.458088;-0.929669;1.387757;-0.196850;-0.483134;0.679984;-0.553729;-0.825992;1.379721;
0.013980;-0.449673;-0.936347;1.386019;-0.192627;-0.486305;0.678932;-0.545717;-0.832989;1.378706;
0.014000;-0.441239;-0.942987;1.384227;-0.188396;-0.489457;0.677853;-0.537683;-0.839954;1.377637;
0.014020;-0.432788;-0.949591;1.382379;-0.184158;-0.492590;0.676748;-0.529628;-0.846885;1.376513;
0.014040;-0.424321;-0.956157;1.380477;-0.179912;-0.495703;0.675616;-0.521552;-0.853783;1.375335;
0.014060;-0.415836;-0.962685;1.378521;-0.175660;-0.498797;0.674457;-0.513456;-0.860648;1.374103;
0.014080;-0.407335;-0.969175;1.376510;-0.171400;-0.501871;0.673271;-0.505339;-0.867478;1.372816;
0.014100;-0.398818;-0.975627;1.374444;-0.167134;-0.504925;0.672059;-0.497202;-0.874274;1.371476;
0.014120;-0.390285;-0.982040;1.372325;-0.162861;-0.507960;0.670821;-0.489045;-0.881035;1.370081;
0.014140;-0.381736;-0.988415;1.370151;-0.158582;-0.510974;0.669555;-0.480870;-0.887762;1.368632;
0.014160;-0.373173;-0.994750;1.367923;-0.154296;-0.513968;0.668264;-0.472675;-0.894454;1.367129;
0.014180;-0.364595;-1.001047;1.365641;-0.150004;-0.516942;0.666946;-0.464462;-0.901110;1.365572;
0.014200;-0.356002;-1.007303;1.363306;-0.145707;-0.519895;0.665602;-0.456230;-0.907731;1.363961;
0.014220;-0.347396;-1.013520;1.360916;-0.141403;-0.522828;0.664231;-0.447980;-0.914316;1.362296;
0.014240;-0.338775;-1.019698;1.358473;-0.137094;-0.525740;0.662834;-0.439713;-0.920865;1.360577;
0.014260;-0.330142;-1.025834;1.355976;-0.132780;-0.528631;0.661411;-0.431428;-0.927377;1.358805;
0.014280;-0.321495;-1.031931;1.353425;-0.128461;-0.531502;0.659962;-0.423126;-0.933853;1.356979;
0.014300;-0.312835;-1.037986;1.350822;-0.124136;-0.534351;0.658487;-0.414808;-0.940292;1.355100;
0.014320;-0.304164;-1.044001;1.348164;-0.119806;-0.537180;0.656986;-0.406473;-0.946694;1.353167;
0.014340;-0.295480;-1.049974;1.345454;-0.115472;-0.539987;0.655459;-0.398122;-0.953059;1.351180;
0.014360;-0.286785;-1.055906;1.342690;-0.111133;-0.542773;0.653906;-0.389755;-0.959386;1.349141;
0.014380;-0.278078;-1.061796;1.339874;-0.106790;-0.545538;0.652328;-0.381373;-0.965675;1.347048;
0.014400;-0.269360;-1.067644;1.337004;-0.102443;-0.548281;0.650723;-0.372976;-0.971926;1.344901;
0.014420;-0.260632;-1.073450;1.334082;-0.098091;-0.551002;0.649093;-0.364564;-0.978138;1.342702;
0.014440;-0.251893;-1.079214;1.331107;-0.093736;-0.553702;0.647437;-0.356138;-0.984312;1.340450;
0.014460;-0.243144;-1.084935;1.328080;-0.089377;-0.556379;0.645756;-0.347698;-0.990447;1.338145;
0.014480;-0.234386;-1.090614;1.325000;-0.085014;-0.559035;0.644049;-0.339244;-0.996543;1.335787;
0.014500;-0.225619;-1.096249;1.321868;-0.080648;-0.561669;0.642317;-0.330776;-1.002600;1.333376;
0.014520;-0.216842;-1.101841;1.318683;-0.076279;-0.564280;0.640559;-0.322296;-1.008617;1.330912;
0.014540;-0.208058;-1.107389;1.315447;-0.071907;-0.566870;0.638776;-0.313803;-1.014594;1.328396;
0.014560;-0.199264;-1.112894;1.312159;-0.067532;-0.569436;0.636968;-0.305297;-1.020531;1.325828;
0.014580;-0.190463;-1.118355;1.308818;-0.063154;-0.571981;0.635135;-0.296779;-1.026428;1.323207;
0.014600;-0.181655;-1.123772;1.305427;-0.058774;-0.574503;0.633277;-0.288250;-1.032284;1.320534;
0.014620;-0.172839;-1.129144;1.301983;-0.054391;-0.577002;0.631393;-0.279709;-1.038100;1.317809;
0.014640;-0.164017;-1.134472;1.298488;-0.050007;-0.579478;0.629485;-0.271158;-1.043875;1.315032;
0.014660;-0.155188;-1.139755;1.294942;-0.045620;-0.581932;0.627552;-0.262595;-1.049608;1.312203;
0.014680;-0.146353;-1.144993;1.291345;-0.041232;-0.584362;0.625594;-0.254022;-1.055300;1.309322;
0.014700;-0.137512;-1.150185;1.287697;-0.036842;-0.586769;0.623611;-0.245439;-1.060950;1.306390;
0.014720;-0.128665;-1.155333;1.283998;-0.032450;-0.589154;0.621604;-0.236847;-1.066559;1.303406;
0.014740;-0.119814;-1.160435;1.280249;-0.028058;-0.591515;0.619572;-0.228245;-1.072125;1.300370;
0.014760;-0.110958;-1.165490;1.276448;-0.023664;-0.593852;0.617516;-0.219634;-1.077649;1.297283;
0.014780;-0.102097;-1.170500;1.272598;-0.019269;-0.596167;0.615436;-0.211014;-1.083130;1.294145;
0.014800;-0.093233;-1.175464;1.268697;-0.014873;-0.598457;0.613331;-0.202387;-1.088569;1.290956;
0.014820;-0.084365;-1.180381;1.264746;-0.010477;-0.600724;0.611202;-0.193751;-1.093965;1.287716;
0.014840;-0.075493;-1.185252;1.260745;-0.006081;-0.602968;0.609048;-0.185107;-1.099317;1.284425;
0.014860;-0.066619;-1.190076;1.256695;-0.001684;-0.605187;0.606871;-0.176456;-1.104627;1.281083;
0.014880;-0.057741;-1.194853;1.252594;0.002713;-0.607383;0.604670;-0.167798;-1.109892;1.277691;
0.014900;-0.048862;-1.199583;1.248445;0.007110;-0.609554;0.602445;-0.159134;-1.115114;1.274248;
0.014920;-0.039981;-1.204265;1.244246;0.011506;-0.611702;0.600196;-0.150463;-1.120292;1.270755;
0.014940;-0.031098;-1.208900;1.239998;0.015902;-0.613825;0.597923;-0.141787;-1.125425;1.267212;
0.014960;-0.022214;-1.213487;1.235701;0.020298;-0.615925;0.595627;-0.133104;-1.130514;1.263618;
0.014980;-0.013328;-1.218026;1.231355;0.024692;-0.618000;0.593307;-0.124417;-1.135558;1.259975;
0.015000;-0.004443;-1.222517;1.226960;0.029086;-0.620050;0.590964;-0.115724;-1.140558;1.256282;
0.015020;0.004443;-1.226960;1.222517;0.033478;-0.622076;0.588598;-0.107027;-1.145513;1.252540;
0.015040;0.013328;-1.231355;1.218026;0.037869;-0.624078;0.586208;-0.098326;-1.150422;1.248748;
0.015060;0.022214;-1.235701;1.213487;0.042259;-0.626054;0.583795;-0.089621;-1.155286;1.244907;
0.015080;0.031098;-1.239998;1.208900;0.046647;-0.628006;0.581359;-0.080912;-1.160104;1.241016;
0.015100;0.039981;-1.244246;1.204265;0.051033;-0.629934;0.578901;-0.072201;-1.164877;1.237077;
0.015120;0.048862;-1.248445;1.199583;0.055417;-0.631836;0.576419;-0.063486;-1.169603;1.233089;
0.015140;0.057741;-1.252594;1.194853;0.059799;-0.633714;0.573914;-0.054769;-1.174283;1.229052;
0.015160;0.066619;-1.256695;1.190076;0.064179;-0.635566;0.571387;-0.046049;-1.178917;1.224967;
0.015180;0.075493;-1.260745;1.185252;0.068556;-0.637394;0.568838;-0.037328;-1.183505;1.220833;
0.015200;0.084365;-1.264746;1.180381;0.072930;-0.639196;0.566266;-0.028605;-1.188046;1.216651;
0.015220;0.093233;-1.268697;1.175464;0.077302;-0.640973;0.563671;-0.019882;-1.192539;1.212421;
0.015240;0.102097;-1.272598;1.170500;0.081670;-0.642724;0.561054;-0.011157;-1.196986;1.208143;
0.015260;0.110958;-1.276448;1.165490;0.086035;-0.644451;0.558415;-0.002432;-1.201386;1.203818;
0.015280;0.119814;-1.280249;1.160435;0.090397;-0.646152;0.555755;0.006293;-1.205738;1.199445;
0.015300;0.128665;-1.283998;1.155333;0.094755;-0.647827;0.553072;0.015018;-1.210042;1.195024;
0.015320;0.137512;-1.287697;1.150185;0.099110;-0.649477;0.550367;0.023742;-1.214299;1.190557;
0.015340;0.146353;-1.291345;1.144993;0.103460;-0.651101;0.547641;0.032465;-1.218507;1.186042;
0.015360;0.155188;-1.294942;1.139755;0.107807;-0.652699;0.544893;0.041187;-1.222668;1.181481;
0.015380;0.164017;-1.298488;1.134472;0.112149;-0.654272;0.542123;0.049908;-1.226780;1.176873;
0.015400;0.172839;-1.301983;1.129144;0.116487;-0.655819;0.539332;0.058626;-1.230844;1.172218;
0.015420;0.181655;-1.305427;1.123772;0.120820;-0.657340;0.536520;0.067342;-1.234860;1.167517;
0.015440;0.190463;-1.308818;1.118355;0.125149;-0.658835;0.533686;0.076056;-1.238826;1.162770;
0.015460;0.199264;-1.312159;1.112894;0.129472;-0.660304;0.530832;0.084766;-1.242744;1.157978;
0.015480;0.208058;-1.315447;1.107389;0.133790;-0.661747;0.527956;0.093474;-1.246613;1.153139;
0.015500;0.216842;-1.318683;1.101841;0.138104;-0.663164;0.525060;0.102177;-1.250432;1.148255;
0.015520;0.225619;-1.321868;1.096249;0.142411;-0.664554;0.522143;0.110876;-1.254202;1.143326;
0.015540;0.234386;-1.325000;1.090614;0.146713;-0.665919;0.519205;0.119571;-1.257923;1.138351;
0.015560;0.243144;-1.328080;1.084935;0.151009;-0.667257;0.516247;0.128262;-1.261593;1.133332;
0.015580;0.251893;-1.331107;1.079214;0.155300;-0.668569;0.513269;0.136947;-1.265215;1.128268;
0.015600;0.260632;-1.334082;1.073450;0.159584;-0.669854;0.510270;0.145627;-1.268786;1.123159;
0.015620;0.269360;-1.337004;1.067644;0.163862;-0.671113;0.507251;0.154301;-1.272307;1.118006;
0.015640;0.278078;-1.339874;1.061796;0.168133;-0.672345;0.504212;0.162969;-1.275777;1.112809;
0.015660;0.286785;-1.342690;1.055906;0.172398;-0.673551;0.501153;0.171630;-1.279198;1.107568;
0.015680;0.295480;-1.345454;1.049974;0.176656;-0.674730;0.498075;0.180285;-1.282568;1.102283;
0.015700;0.304164;-1.348164;1.044001;0.180907;-0.675883;0.494976;0.188933;-1.285887;1.096954;
0.015720;0.312835;-1.350822;1.037986;0.185150;-0.677009;0.491859;0.197573;-1.289156;1.091583;
0.015740;0.321495;-1.353425;1.031931;0.189387;-0.678108;0.488721;0.206205;-1.292373;1.086168;
0.015760;0.330142;-1.355976;1.025834;0.193616;-0.679181;0.485565;0.214830;-1.295540;1.080710;
0.015780;0.338775;-1.358473;1.019698;0.197837;-0.680226;0.482389;0.223446;-1.298655;1.075210;
0.015800;0.347396;-1.360916;1.013520;0.202051;-0.681245;0.479194;0.232052;-1.301720;1.069667;
0.015820;0.356002;-1.363306;1.007303;0.206257;-0.682237;0.475981;0.240650;-1.304732;1.064082;
0.015840;0.364595;-1.365641;1.001047;0.210454;-0.683202;0.472748;0.249239;-1.307694;1.058455;
0.015860;0.373173;-1.367923;0.994750;0.214643;-0.684140;0.469497;0.257817;-1.310603;1.052786;
0.015880;0.381736;-1.370151;0.988415;0.218824;-0.685051;0.466227;0.266385;-1.313461;1.047076;
0.015900;0.390285;-1.372325;0.982040;0.222996;-0.685935;0.462939;0.274943;-1.316267;1.041324;
0.015920;0.398818;-1.374444;0.975627;0.227159;-0.686792;0.459633;0.283490;-1.319022;1.035532;
0.015940;0.407335;-1.376510;0.969175;0.231313;-0.687622;0.456308;0.292026;-1.321724;1.029698;
0.015960;0.415836;-1.378521;0.962685;0.235458;-0.688424;0.452966;0.300550;-1.324373;1.023824;
0.015980;0.424321;-1.380477;0.956157;0.239594;-0.689200;0.449605;0.309062;-1.326971;1.017909;
0.016000;0.432788;-1.382379;0.949591;0.243721;-0.689948;0.446227;0.317562;-1.329516;1.011954;
0.016020;0.441239;-1.384227;0.942987;0.247837;-0.690669;0.442832;0.326050;-1.332009;1.005959;
0.016040;0.449673;-1.386019;0.936347;0.251944;-0.691363;0.439418;0.334525;-1.334449;0.999924;
0.016060;0.458088;-1.387757;0.929669;0.256041;-0.692029;0.435988;0.342986;-1.336837;0.993850;
0.016080;0.466486;-1.389441;0.922955;0.260128;-0.692668;0.432540;0.351434;-1.339171;0.987737;
0.016100;0.474865;-1.391069;0.916204;0.264205;-0.693280;0.429075;0.359868;-1.341453;0.981585;
0.016120;0.483226;-1.392643;0.909417;0.268271;-0.693864;0.425593;0.368288;-1.343682;0.975394;
0.016140;0.491567;-1.394161;0.902594;0.272327;-0.694421;0.422095;0.376694;-1.345858;0.969164;
0.016160;0.499889;-1.395625;0.895736;0.276372;-0.694951;0.418579;0.385084;-1.347980;0.962896;
0.016180;0.508191;-1.397033;0.888842;0.280406;-0.695453;0.415048;0.393459;-1.350050;0.956591;
0.016200;0.516473;-1.398386;0.881913;0.284428;-0.695928;0.411499;0.401819;-1.352066;0.950247;
0.016220;0.524735;-1.399684;0.874949;0.288440;-0.696375;0.407935;0.410163;-1.354029;0.943866;
0.016240;0.532976;-1.400927;0.867951;0.292440;-0.696795;0.404354;0.418491;-1.355938;0.937447;
0.016260;0.541196;-1.402115;0.860919;0.296429;-0.697187;0.400758;0.426802;-1.357794;0.930992;
0.016280;0.549395;-1.403247;0.853852;0.300406;-0.697552;0.397146;0.435096;-1.359596;0.924500;
0.016300;0.557572;-1.404324;0.846752;0.304371;-0.697889;0.393518;0.443373;-1.361345;0.917971;
0.016320;0.565727;-1.405345;0.839618;0.308324;-0.698198;0.389874;0.451633;-1.363039;0.911406;
0.016340;0.573859;-1.406311;0.832452;0.312265;-0.698480;0.386215;0.459875;-1.364680;0.904806;
0.016360;0.581969;-1.407221;0.825252;0.316194;-0.698735;0.382541;0.468098;-1.366267;0.898169;
0.016380;0.590056;-1.408076;0.818020;0.320110;-0.698962;0.378852;0.476303;-1.367800;0.891497;
0.016400;0.598120;-1.408875;0.810755;0.324014;-0.699161;0.375147;0.484490;-1.369280;0.884790;
0.016420;0.606160;-1.409619;0.803459;0.327905;-0.699333;0.371428;0.492657;-1.370705;0.878048;
0.016440;0.614176;-1.410306;0.796130;0.331782;-0.699477;0.367695;0.500805;-1.372076;0.871271;
0.016460;0.622168;-1.410939;0.788771;0.335647;-0.699593;0.363946;0.508933;-1.373392;0.864460;
0.016480;0.630135;-1.411515;0.781380;0.339498;-0.699682;0.360184;0.517041;-1.374655;0.857614;
0.016500;0.638078;-1.412036;0.773958;0.343336;-0.699743;0.356407;0.525128;-1.375863;0.850735;
0.016520;0.645995;-1.412501;0.766506;0.347161;-0.699777;0.352616;0.533195;-1.377017;0.843822;
0.016540;0.653887;-1.412910;0.759024;0.350972;-0.699783;0.348811;0.541241;-1.378117;0.836876;
0.016560;0.661753;-1.413264;0.751511;0.354769;-0.699761;0.344993;0.549265;-1.379162;0.829897;
0.016580;0.669593;-1.413561;0.743969;0.358552;-0.699712;0.341160;0.557268;-1.380153;0.822885;
0.016600;0.677406;-1.413803;0.736397;0.362320;-0.699635;0.337315;0.565249;-1.381089;0.815841;
0.016620;0.685193;-1.413989;0.728797;0.366075;-0.699531;0.333456;0.573207;-1.381971;0.808764;
0.016640;0.692952;-1.414120;0.721168;0.369815;-0.699399;0.329584;0.581143;-1.382798;0.801656;
0.016660;0.700684;-1.414194;0.713510;0.373540;-0.699239;0.325699;0.589056;-1.383571;0.794515;
0.016680;0.708389;-1.414213;0.705824;0.377251;-0.699051;0.321801;0.596945;-1.384289;0.787344;
0.016700;0.716066;-1.414176;0.698110;0.380947;-0.698836;0.317890;0.604811;-1.384952;0.780141;
0.016720;0.723714;-1.414083;0.690369;0.384627;-0.698594;0.313967;0.612653;-1.385561;0.772908;
0.016740;0.731334;-1.413934;0.682600;0.388293;-0.698324;0.310031;0.620471;-1.386115;0.765644;
0.016760;0.738925;-1.413729;0.674804;0.391943;-0.698026;0.306083;0.628264;-1.386614;0.758350;
0.016780;0.746486;-1.413468;0.666982;0.395578;-0.697701;0.302123;0.636033;-1.387059;0.751026;
0.016800;0.754019;-1.413152;0.659134;0.399197;-0.697348;0.298151;0.643777;-1.387449;0.743672;
0.016820;0.761521;-1.412780;0.651259;0.402800;-0.696968;0.294167;0.651495;-1.387784;0.736289;
0.016840;0.768993;-1.412352;0.643359;0.406388;-0.696560;0.290172;0.659187;-1.388064;0.728877;
0.016860;0.776436;-1.411869;0.635433;0.409959;-0.696125;0.286165;0.666853;-1.388289;0.721436;
0.016880;0.783847;-1.411329;0.627482;0.413515;-0.695662;0.282147;0.674493;-1.388460;0.713966;
0.016900;0.791227;-1.410734;0.619507;0.417053;-0.695172;0.278118;0.682107;-1.388576;0.706469;
0.016920;0.798577;-1.410083;0.611507;0.420576;-0.694654;0.274078;0.689693;-1.388637;0.698943;
0.016940;0.805894;-1.409377;0.603483;0.424082;-0.694109;0.270027;0.697253;-1.388643;0.691390;
0.016960;0.813180;-1.408615;0.595435;0.427571;-0.693536;0.265965;0.704784;-1.388594;0.683810;
0.016980;0.820434;-1.407797;0.587363;0.431043;-0.692936;0.261893;0.712288;-1.388491;0.676202;
0.017000;0.827655;-1.406924;0.579268;0.434498;-0.692309;0.257811;0.719764;-1.388332;0.668568;
0.017020;0.834844;-1.405995;0.571151;0.437936;-0.691654;0.253718;0.727211;-1.388119;0.660908;
0.017040;0.842000;-1.405011;0.563011;0.441357;-0.690972;0.249615;0.734630;-1.387851;0.653221;
0.017060;0.849122;-1.403971;0.554848;0.444760;-0.690263;0.245503;0.742020;-1.387528;0.645509;
0.017080;0.856211;-1.402876;0.546664;0.448146;-0.689527;0.241381;0.749380;-1.387151;0.637771;
0.017100;0.863267;-1.401725;0.538458;0.451514;-0.688763;0.237249;0.756711;-1.386719;0.630008;
0.017120;0.870288;-1.400519;0.530231;0.454865;-0.687972;0.233108;0.764012;-1.386232;0.622220;
0.017140;0.877275;-1.399258;0.521983;0.458197;-0.687154;0.228957;0.771282;-1.385690;0.614408;
0.017160;0.884227;-1.397941;0.513715;0.461511;-0.686309;0.224798;0.778523;-1.385094;0.606571;
0.017180;0.891144;-1.396570;0.505426;0.464807;-0.685437;0.220630;0.785732;-1.384442;0.598710;
0.017200;0.898026;-1.395143;0.497117;0.468085;-0.684538;0.216453;0.792911;-1.383737;0.590826;
0.017220;0.904872;-1.393661;0.488789;0.471344;-0.683611;0.212267;0.800058;-1.382976;0.582918;
0.017240;0.911683;-1.392124;0.480441;0.474584;-0.682658;0.208073;0.807173;-1.382161;0.574988;
0.017260;0.918458;-1.390532;0.472074;0.477806;-0.681678;0.203871;0.814257;-1.381292;0.567035;
0.017280;0.925197;-1.388886;0.463689;0.481009;-0.680670;0.199661;0.821309;-1.380368;0.559059;
0.017300;0.931899;-1.387184;0.455285;0.484193;-0.679636;0.195443;0.828328;-1.379389;0.551061;
0.017320;0.938564;-1.385428;0.446864;0.487358;-0.678576;0.191217;0.835315;-1.378356;0.543042;
0.017340;0.945192;-1.383617;0.438424;0.490504;-0.677488;0.186984;0.842268;-1.377269;0.535001;
0.017360;0.951783;-1.381751;0.429968;0.493630;-0.676373;0.182743;0.849188;-1.376127;0.526938;
0.017380;0.958337;-1.379831;0.421494;0.496737;-0.675232;0.178496;0.856075;-1.374931;0.518856;
0.017400;0.964852;-1.377856;0.413004;0.499824;-0.674065;0.174241;0.862928;-1.373680;0.510752;
0.017420;0.971330;-1.375827;0.404497;0.502891;-0.672870;0.169979;0.869747;-1.372376;0.502629;
0.017440;0.977769;-1.373744;0.395975;0.505939;-0.671649;0.165710;0.876532;-1.371017;0.494485;
0.017460;0.984169;-1.371606;0.387437;0.508967;-0.670402;0.161435;0.883281;-1.369604;0.486322;
0.017480;0.990531;-1.369414;0.378883;0.511974;-0.669128;0.157154;0.889997;-1.368137;0.478140;
0.017500;0.996853;-1.367169;0.370315;0.514961;-0.667827;0.152866;0.896676;-1.366616;0.469939;
0.017520;1.003137;-1.364869;0.361732;0.517928;-0.666501;0.148573;0.903321;-1.365041;0.461720;
0.017540;1.009380;-1.362515;0.353135;0.520875;-0.665148;0.144273;0.909930;-1.363412;0.453482;
0.017560;1.015584;-1.360108;0.344524;0.523801;-0.663768;0.139968;0.916503;-1.361729;0.445226;
0.017580;1.021748;-1.357646;0.335899;0.526706;-0.662363;0.135657;0.923040;-1.359993;0.436953;
0.017600;1.027871;-1.355132;0.327261;0.529590;-0.660931;0.131341;0.929540;-1.358202;0.428662;
0.017620;1.033954;-1.352563;0.318610;0.532454;-0.659474;0.127020;0.936004;-1.356359;0.420355;
0.017640;1.039995;-1.349942;0.309946;0.535297;-0.657990;0.122693;0.942430;-1.354461;0.412031;
0.017660;1.045996;-1.347267;0.301270;0.538118;-0.656480;0.118362;0.948820;-1.352511;0.403691;
0.017680;1.051956;-1.344539;0.292583;0.540918;-0.654944;0.114026;0.955172;-1.350506;0.395335;
0.017700;1.057874;-1.341757;0.283884;0.543697;-0.653383;0.109686;0.961486;-1.348449;0.386963;
0.017720;1.063750;-1.338923;0.275173;0.546454;-0.651796;0.105341;0.967762;-1.346338;0.378576;
0.017740;1.069584;-1.336036;0.266452;0.549190;-0.650183;0.100992;0.974001;-1.344174;0.370174;
0.017760;1.075376;-1.333096;0.257720;0.551904;-0.648544;0.096640;0.980200;-1.341957;0.361757;
0.017780;1.081126;-1.330104;0.248978;0.554597;-0.646880;0.092283;0.986361;-1.339687;0.353326;
0.017800;1.086833;-1.327059;0.240226;0.557267;-0.645190;0.087923;0.992483;-1.337364;0.344881;
0.017820;1.092497;-1.323962;0.231465;0.559915;-0.643474;0.083559;0.998566;-1.334989;0.336423;
0.017840;1.098118;-1.320812;0.222694;0.562542;-0.641734;0.079192;1.004610;-1.332561;0.327951;
0.017860;1.103695;-1.317610;0.213915;0.565146;-0.639968;0.074822;1.010614;-1.330080;0.319466;
0.017880;1.109229;-1.314357;0.205127;0.567728;-0.638176;0.070449;1.016577;-1.327546;0.310969;
0.017900;1.114719;-1.311051;0.196332;0.570287;-0.636360;0.066073;1.022501;-1.324960;0.302459;
0.017920;1.120165;-1.307694;0.187528;0.572824;-0.634518;0.061694;1.028385;-1.322322;0.293938;
0.017940;1.125567;-1.304285;0.178717;0.575338;-0.632652;0.057313;1.034227;-1.319632;0.285404;
0.017960;1.130925;-1.300824;0.169899;0.577830;-0.630760;0.052930;1.040029;-1.316889;0.276860;
0.017980;1.136238;-1.297312;0.161074;0.580298;-0.628843;0.048545;1.045790;-1.314095;0.268305;
0.018000;1.141506;-1.293749;0.152243;0.582744;-0.626902;0.044158;1.051510;-1.311249;0.259739;
0.018020;1.146729;-1.290135;0.143406;0.585167;-0.624936;0.039769;1.057188;-1.308350;0.251162;
0.018040;1.151906;-1.286470;0.134564;0.587567;-0.622945;0.035378;1.062824;-1.305401;0.242576;
0.018060;1.157038;-1.282754;0.125716;0.589943;-0.620930;0.030986;1.068419;-1.302399;0.233981;
0.018080;1.162125;-1.278987;0.116863;0.592297;-0.618890;0.026593;1.073971;-1.299347;0.225376;
0.018100;1.167166;-1.275170;0.108005;0.594626;-0.616825;0.022199;1.079481;-1.296243;0.216762;
0.018120;1.172160;-1.271303;0.099143;0.596933;-0.614737;0.017804;1.084948;-1.293088;0.208139;
0.018140;1.177108;-1.267386;0.090277;0.599216;-0.612624;0.013408;1.090373;-1.289881;0.199509;
0.018160;1.182010;-1.263418;0.081408;0.601475;-0.610486;0.009012;1.095754;-1.286624;0.190870;
0.018180;1.186865;-1.259400;0.072535;0.603710;-0.608325;0.004615;1.101092;-1.283316;0.182224;
0.018200;1.191673;-1.255333;0.063660;0.605922;-0.606140;0.000218;1.106387;-1.279958;0.173571;
0.018220;1.196435;-1.251217;0.054782;0.608109;-0.603931;-0.004179;1.111638;-1.276549;0.164911;
0.018240;1.201149;-1.247050;0.045902;0.610273;-0.601698;-0.008575;1.116845;-1.273089;0.156244;
0.018260;1.205815;-1.242835;0.037020;0.612413;-0.599441;-0.012972;1.122008;-1.269579;0.147572;
0.018280;1.210434;-1.238571;0.028136;0.614528;-0.597160;-0.017367;1.127126;-1.266019;0.138893;
0.018300;1.215005;-1.234257;0.019252;0.616619;-0.594856;-0.021763;1.132200;-1.262410;0.130209;
0.018320;1.219529;-1.229895;0.010367;0.618686;-0.592529;-0.026157;1.137230;-1.258750;0.121520;
0.018340;1.224004;-1.225485;0.001481;0.620728;-0.590178;-0.030550;1.142215;-1.255040;0.112826;
0.018360;1.228430;-1.221026;-0.007405;0.622746;-0.587804;-0.034942;1.147154;-1.251281;0.104127;
0.018380;1.232809;-1.216519;-0.016290;0.624739;-0.585406;-0.039333;1.152048;-1.247473;0.095425;
0.018400;1.237138;-1.211963;-0.025175;0.626708;-0.582986;-0.043722;1.156897;-1.243615;0.086719;
0.018420;1.241419;-1.207360;-0.034059;0.628652;-0.580542;-0.048109;1.161700;-1.239709;0.078009;
0.018440;1.245651;-1.202710;-0.042941;0.630571;-0.578076;-0.052495;1.166457;-1.235753;0.069296;
0.018460;1.249833;-1.198011;-0.051822;0.632465;-0.575587;-0.056878;1.171168;-1.231749;0.060580;
0.018480;1.253967;-1.193266;-0.060701;0.634334;-0.573075;-0.061259;1.175833;-1.227696;0.051862;
0.018500;1.258050;-1.188473;-0.069577;0.636178;-0.570540;-0.065638;1.180452;-1.223594;0.043142;
0.018520;1.262084;-1.183634;-0.078451;0.637997;-0.567983;-0.070014;1.185024;-1.219444;0.034421;
0.018540;1.266069;-1.178747;-0.087321;0.639791;-0.565403;-0.074388;1.189549;-1.215246;0.025698;
0.018560;1.270003;-1.173815;-0.096188;0.641560;-0.562801;-0.078758;1.194027;-1.211000;0.016974;
0.018580;1.273887;-1.168836;-0.105051;0.643303;-0.560177;-0.083126;1.198458;-1.206707;0.008249;
0.018600;1.277721;-1.163810;-0.113910;0.645021;-0.557531;-0.087490;1.202841;-1.202365;-0.000476;
0.018620;1.281504;-1.158739;-0.122765;0.646713;-0.554863;-0.091850;1.207178;-1.197976;-0.009201;
0.018640;1.285237;-1.153622;-0.131615;0.648380;-0.552173;-0.096207;1.211466;-1.193540;-0.017926;
0.018660;1.288919;-1.148460;-0.140459;0.650021;-0.549461;-0.100560;1.215707;-1.189057;-0.026650;
0.018680;1.292550;-1.143252;-0.149298;0.651637;-0.546727;-0.104910;1.219900;-1.184527;-0.035373;
0.018700;1.296130;-1.137999;-0.158131;0.653227;-0.543972;-0.109255;1.224044;-1.179950;-0.044094;
0.018720;1.299659;-1.132701;-0.166958;0.654791;-0.541195;-0.113596;1.228140;-1.175326;-0.052814;
0.018740;1.303137;-1.127358;-0.175779;0.656329;-0.538397;-0.117932;1.232188;-1.170656;-0.061532;
0.018760;1.306563;-1.121971;-0.184592;0.657841;-0.535578;-0.122263;1.236187;-1.165940;-0.070247;
0.018780;1.309938;-1.116540;-0.193398;0.659327;-0.532737;-0.126590;1.240138;-1.161178;-0.078960;
0.018800;1.313260;-1.111064;-0.202196;0.660788;-0.529876;-0.130912;1.244039;-1.156370;-0.087669;
0.018820;1.316532;-1.105545;-0.210987;0.662222;-0.526993;-0.135229;1.247891;-1.151516;-0.096375;
0.018840;1.319751;-1.099982;-0.219769;0.663630;-0.524090;-0.139540;1.251694;-1.146617;-0.105077;
0.018860;1.322918;-1.094375;-0.228542;0.665012;-0.521166;-0.143846;1.255448;-1.141673;-0.113775;
0.018880;1.326032;-1.088726;-0.237307;0.666368;-0.518222;-0.148146;1.259152;-1.136683;-0.122469;
0.018900;1.329095;-1.083033;-0.246062;0.667697;-0.515257;-0.152440;1.262806;-1.131649;-0.131157;
0.018920;1.332105;-1.077298;-0.254807;0.669000;-0.512271;-0.156728;1.266410;-1.126570;-0.139841;
0.018940;1.335062;-1.071520;-0.263542;0.670276;-0.509266;-0.161010;1.269965;-1.121446;-0.148519;
0.018960;1.337967;-1.065700;-0.272267;0.671527;-0.506240;-0.165286;1.273469;-1.116278;-0.157191;
0.018980;1.340819;-1.059837;-0.280981;0.672750;-0.503195;-0.169555;1.276923;-1.111066;-0.165857;
0.019000;1.343617;-1.053933;-0.289684;0.673947;-0.500129;-0.173818;1.280327;-1.105811;-0.174516;
0.019020;1.346363;-1.047987;-0.298376;0.675118;-0.497044;-0.178073;1.283680;-1.100511;-0.183169;
0.019040;1.349056;-1.042000;-0.307056;0.676261;-0.493939;-0.182322;1.286982;-1.095169;-0.191814;
0.019060;1.351695;-1.035972;-0.315723;0.677378;-0.490815;-0.186563;1.290234;-1.089782;-0.200451;
0.019080;1.354282;-1.029903;-0.324379;0.678469;-0.487671;-0.190797;1.293435;-1.084353;-0.209081;
0.019100;1.356814;-1.023793;-0.333021;0.679532;-0.484508;-0.195024;1.296584;-1.078881;-0.217703;
0.019120;1.359293;-1.017643;-0.341650;0.680569;-0.481326;-0.199243;1.299682;-1.073367;-0.226315;
0.019140;1.361719;-1.011453;-0.350266;0.681579;-0.478125;-0.203454;1.302730;-1.067810;-0.234919;
0.019160;1.364090;-1.005222;-0.358868;0.682562;-0.474905;-0.207657;1.305725;-1.062211;-0.243514;
0.019180;1.366408;-0.998952;-0.367456;0.683518;-0.471666;-0.211851;1.308669;-1.056570;-0.252099;
0.019200;1.368672;-0.992643;-0.376029;0.684447;-0.468409;-0.216038;1.311562;-1.050888;-0.260674;
0.019220;1.370882;-0.986294;-0.384587;0.685349;-0.465133;-0.220215;1.314402;-1.045163;-0.269239;
0.019240;1.373037;-0.979907;-0.393131;0.686224;-0.461839;-0.224385;1.317191;-1.039398;-0.277793;
0.019260;1.375139;-0.973480;-0.401658;0.687072;-0.458527;-0.228545;1.319928;-1.033592;-0.286337;
0.019280;1.377186;-0.967016;-0.410170;0.687892;-0.455196;-0.232696;1.322613;-1.027744;-0.294868;
0.019300;1.379179;-0.960513;-0.418666;0.688686;-0.451848;-0.236838;1.325245;-1.021856;-0.303389;
0.019320;1.381117;-0.953972;-0.427145;0.689452;-0.448481;-0.240971;1.327825;-1.015928;-0.311897;
0.019340;1.383001;-0.947394;-0.435607;0.690191;-0.445097;-0.245094;1.330353;-1.009960;-0.320393;
0.019360;1.384830;-0.940778;-0.444052;0.690903;-0.441696;-0.249207;1.332828;-1.003952;-0.328876;
0.019380;1.386605;-0.934125;-0.452480;0.691588;-0.438277;-0.253311;1.335251;-0.997904;-0.337347;
0.019400;1.388325;-0.927435;-0.460890;0.692245;-0.434840;-0.257405;1.337621;-0.991817;-0.345804;
0.019420;1.389990;-0.920708;-0.469281;0.692875;-0.431387;-0.261488;1.339938;-0.985691;-0.354247;
0.019440;1.391600;-0.913946;-0.477654;0.693478;-0.427916;-0.265561;1.342202;-0.979525;-0.362676;
0.019460;1.393155;-0.907147;-0.486008;0.694053;-0.424429;-0.269624;1.344413;-0.973321;-0.371092;
0.019480;1.394655;-0.900312;-0.494343;0.694601;-0.420925;-0.273676;1.346571;-0.967079;-0.379492;
0.019500;1.396100;-0.893442;-0.502659;0.695121;-0.417404;-0.277717;1.348676;-0.960799;-0.387877;
0.019520;1.397490;-0.886536;-0.510954;0.695614;-0.413867;-0.281748;1.350728;-0.954480;-0.396248;
0.019540;1.398825;-0.879596;-0.519229;0.696080;-0.410313;-0.285767;1.352726;-0.948124;-0.404602;
0.019560;1.400105;-0.872621;-0.527484;0.696518;-0.406743;-0.289775;1.354671;-0.941731;-0.412941;
0.019580;1.401329;-0.865611;-0.535718;0.696929;-0.403157;-0.293771;1.356563;-0.935300;-0.421263;
0.019600;1.402498;-0.858567;-0.543931;0.697312;-0.399556;-0.297756;1.358401;-0.928832;-0.429568;
0.019620;1.403612;-0.851489;-0.552123;0.697667;-0.395938;-0.301729;1.360185;-0.922328;-0.437857;
0.019640;1.404670;-0.844378;-0.560292;0.697995;-0.392305;-0.305690;1.361915;-0.915787;-0.446128;
0.019660;1.405673;-0.837233;-0.568440;0.698296;-0.388656;-0.309639;1.363592;-0.909210;-0.454382;
0.019680;1.406620;-0.830055;-0.576565;0.698568;-0.384992;-0.313576;1.365215;-0.902597;-0.462618;
0.019700;1.407512;-0.822845;-0.584667;0.698814;-0.381313;-0.317501;1.366784;-0.895949;-0.470835;
0.019720;1.408348;-0.815602;-0.592747;0.699031;-0.377619;-0.321413;1.368300;-0.889265;-0.479034;
0.019740;1.409129;-0.808327;-0.600803;0.699221;-0.373909;-0.325312;1.369761;-0.882546;-0.487214;
0.019760;1.409854;-0.801019;-0.608835;0.699384;-0.370185;-0.329199;1.371168;-0.875793;-0.495375;
0.019780;1.410523;-0.793681;-0.616843;0.699519;-0.366447;-0.333072;1.372521;-0.869004;-0.503516;
0.019800;1.411137;-0.786311;-0.624826;0.699626;-0.362694;-0.336932;1.373819;-0.862182;-0.511638;
0.019820;1.411695;-0.778909;-0.632786;0.699706;-0.358926;-0.340779;1.375064;-0.855325;-0.519739;
0.019840;1.412197;-0.771478;-0.640720;0.699758;-0.355145;-0.344613;1.376254;-0.848435;-0.527820;
0.019860;1.412644;-0.764015;-0.648628;0.699782;-0.351349;-0.348433;1.377390;-0.841511;-0.535879;
0.019880;1.413034;-0.756523;-0.656512;0.699779;-0.347540;-0.352239;1.378472;-0.834553;-0.543918;
0.019900;1.413369;-0.749000;-0.664369;0.699748;-0.343717;-0.356031;1.379499;-0.827563;-0.551935;
0.019920;1.413648;-0.741448;-0.672200;0.699690;-0.339880;-0.359809;1.380471;-0.820541;-0.559931;
0.019940;1.413872;-0.733867;-0.680004;0.699603;-0.336030;-0.363573;1.381389;-0.813485;-0.567904;
0.019960;1.414039;-0.726257;-0.687782;0.699490;-0.332167;-0.367323;1.382253;-0.806398;-0.575855;
0.019980;1.414151;-0.718618;-0.695533;0.699348;-0.328290;-0.371058;1.383062;-0.799279;-0.583783;
0.020000;1.414207;-0.710951;-0.703256;0.699179;-0.324401;-0.374779;1.383816;-0.792128;-0.591688;
0.020020;1.414207;-0.703256;-0.710951;0.698983;-0.320498;-0.378485;1.384516;-0.784947;-0.599570;
0.020040;1.414151;-0.695533;-0.718618;0.698759;-0.316583;-0.382175;1.385161;-0.777734;-0.607428;
0.020060;1.414039;-0.687782;-0.726257;0.698507;-0.312656;-0.385851;1.385752;-0.770490;-0.615262;
0.020080;1.413872;-0.680004;-0.733867;0.698228;-0.308716;-0.389511;1.386288;-0.763216;-0.623072;
0.020100;1.413648;-0.672200;-0.741448;0.697921;-0.304764;-0.393156;1.386769;-0.755912;-0.630857;
0.020120;1.413369;-0.664369;-0.749000;0.697586;-0.300800;-0.396786;1.387195;-0.748578;-0.638617;
0.020140;1.413034;-0.656512;-0.756523;0.697224;-0.296824;-0.400400;1.387566;-0.741214;-0.646352;
0.020160;1.412644;-0.648628;-0.764015;0.696835;-0.292837;-0.403998;1.387883;-0.733821;-0.654062;
0.020180;1.412197;-0.640720;-0.771478;0.696418;-0.288838;-0.407580;1.388145;-0.726400;-0.661745;
0.020200;1.411695;-0.632786;-0.778909;0.695973;-0.284827;-0.411146;1.388352;-0.718949;-0.669403;
0.020220;1.411137;-0.624826;-0.786311;0.695501;-0.280805;-0.414696;1.388504;-0.711470;-0.677034;
0.020240;1.410523;-0.616843;-0.793681;0.695002;-0.276773;-0.418229;1.388602;-0.703963;-0.684639;
0.020260;1.409854;-0.608835;-0.801019;0.694475;-0.272729;-0.421746;1.388645;-0.696429;-0.692216;
0.020280;1.409129;-0.600803;-0.808327;0.693921;-0.268674;-0.425247;1.388633;-0.688866;-0.699766;
0.020300;1.408348;-0.592747;-0.815602;0.693339;-0.264609;-0.428730;1.388566;-0.681277;-0.707289;
0.020320;1.407512;-0.584667;-0.822845;0.692730;-0.260533;-0.432197;1.388444;-0.673661;-0.714783;
0.020340;1.406620;-0.576565;-0.830055;0.692094;-0.256448;-0.435646;1.388267;-0.666018;-0.722250;
0.020360;1.405673;-0.568440;-0.837233;0.691430;-0.252352;-0.439079;1.388036;-0.658349;-0.729687;
0.020380;1.404670;-0.560292;-0.844378;0.690739;-0.248246;-0.442494;1.387750;-0.650653;-0.737096;
0.020400;1.403612;-0.552123;-0.851489;0.690021;-0.244130;-0.445891;1.387409;-0.642932;-0.744476;
0.020420;1.402498;-0.543931;-0.858567;0.689275;-0.240004;-0.449271;1.387013;-0.635186;-0.751827;
0.020440;1.401329;-0.535718;-0.865611;0.688502;-0.235869;-0.452633;1.386562;-0.627415;-0.759148;
0.020460;1.400105;-0.527484;-0.872621;0.687703;-0.231725;-0.455977;1.386057;-0.619619;-0.766438;
0.020480;1.398825;-0.519229;-0.879596;0.686876;-0.227572;-0.459304;1.385497;-0.611798;-0.773699;
0.020500;1.397490;-0.510954;-0.886536;0.686021;-0.223410;-0.462612;1.384883;-0.603953;-0.780929;
0.020520;1.396100;-0.502659;-0.893442;0.685140;-0.219238;-0.465902;1.384213;-0.596085;-0.788128;
0.020540;1.394655;-0.494343;-0.900312;0.684232;-0.215059;-0.469173;1.383489;-0.588193;-0.795297;
0.020560;1.393155;-0.486008;-0.907147;0.683296;-0.210870;-0.472426;1.382711;-0.580277;-0.802433;
0.020580;1.391600;-0.477654;-0.913946;0.682334;-0.206674;-0.475661;1.381878;-0.572339;-0.809538;
0.020600;1.389990;-0.469281;-0.920708;0.681345;-0.202469;-0.478876;1.380990;-0.564378;-0.816611;
0.020620;1.388325;-0.460890;-0.927435;0.680329;-0.198256;-0.482073;1.380048;-0.556395;-0.823652;
0.020640;1.386605;-0.452480;-0.934125;0.679286;-0.194035;-0.485250;1.379051;-0.548390;-0.830661;
0.020660;1.384830;-0.444052;-0.940778;0.678216;-0.189807;-0.488409;1.378000;-0.540364;-0.837636;
0.020680;1.383001;-0.435607;-0.947394;0.677119;-0.185571;-0.491548;1.376894;-0.532315;-0.844579;
0.020700;1.381117;-0.427145;-0.953972;0.675996;-0.181328;-0.494668;1.375734;-0.524246;-0.851488;
0.020720;1.379179;-0.418666;-0.960513;0.674846;-0.177078;-0.497768;1.374520;-0.516157;-0.858363;
0.020740;1.377186;-0.410170;-0.967016;0.673669;-0.172821;-0.500849;1.373251;-0.508047;-0.865205;
0.020760;1.375139;-0.401658;-0.973480;0.672466;-0.168557;-0.503909;1.371929;-0.499916;-0.872012;
0.020780;1.373037;-0.393131;-0.979907;0.671236;-0.164286;-0.506950;1.370552;-0.491766;-0.878785;
0.020800;1.370882;-0.384587;-0.986294;0.669980;-0.160009;-0.509971;1.369121;-0.483597;-0.885524;
0.020820;1.368672;-0.376029;-0.992643;0.668697;-0.155725;-0.512972;1.367636;-0.475409;-0.892227;
0.020840;1.366408;-0.367456;-0.998952;0.667388;-0.151436;-0.515953;1.366097;-0.467201;-0.898895;
0.020860;1.364090;-0.358868;-1.005222;0.666053;-0.147140;-0.518913;1.364504;-0.458976;-0.905528;
0.020880;1.361719;-0.350266;-1.011453;0.664691;-0.142839;-0.521852;1.362857;-0.450732;-0.912125;
0.020900;1.359293;-0.341650;-1.017643;0.663303;-0.138531;-0.524771;1.361156;-0.442470;-0.918686;
0.020920;1.356814;-0.333021;-1.023793;0.661889;-0.134219;-0.527670;1.359402;-0.434191;-0.925210;
0.020940;1.354282;-0.324379;-1.029903;0.660448;-0.129901;-0.530547;1.357594;-0.425895;-0.931699;
0.020960;1.351695;-0.315723;-1.035972;0.658982;-0.125578;-0.533404;1.355732;-0.417582;-0.938150;
0.020980;1.349056;-0.307056;-1.042000;0.657489;-0.121250;-0.536239;1.353817;-0.409253;-0.944564;
0.021000;1.346363;-0.298376;-1.047987;0.655971;-0.116917;-0.539054;1.351848;-0.400907;-0.950941;
0.021020;1.343617;-0.289684;-1.053933;0.654427;-0.112580;-0.541847;1.349826;-0.392546;-0.957281;
0.021040;1.340819;-0.280981;-1.059837;0.652857;-0.108238;-0.544619;1.347751;-0.384169;-0.963582;
0.021060;1.337967;-0.272267;-1.065700;0.651261;-0.103892;-0.547369;1.345623;-0.375777;-0.969846;
0.021080;1.335062;-0.263542;-1.071520;0.649639;-0.099542;-0.550097;1.343441;-0.367370;-0.976071;
0.021100;1.332105;-0.254807;-1.077298;0.647992;-0.095188;-0.552804;1.341206;-0.358948;-0.982258;
0.021120;1.329095;-0.246062;-1.083033;0.646319;-0.090830;-0.555489;1.338919;-0.350513;-0.988406;
0.021140;1.326032;-0.237307;-1.088726;0.644621;-0.086469;-0.558152;1.336578;-0.342063;-0.994515;
0.021160;1.322918;-0.228542;-1.094375;0.642897;-0.082104;-0.560793;1.334185;-0.333600;-1.000585;
0.021180;1.319751;-0.219769;-1.099982;0.641148;-0.077736;-0.563412;1.331739;-0.325124;-1.006615;
0.021200;1.316532;-0.210987;-1.105545;0.639373;-0.073364;-0.566009;1.329241;-0.316635;-1.012606;
0.021220;1.313260;-0.202196;-1.111064;0.637574;-0.068990;-0.568583;1.326690;-0.308134;-1.018556;
0.021240;1.309938;-0.193398;-1.116540;0.635749;-0.064614;-0.571135;1.324087;-0.299620;-1.024467;
0.021260;1.306563;-0.184592;-1.121971;0.633899;-0.060234;-0.573665;1.321431;-0.291094;-1.030337;
0.021280;1.303137;-0.175779;-1.127358;0.632024;-0.055853;-0.576171;1.318723;-0.282557;-1.036166;
0.021300;1.299659;-0.166958;-1.132701;0.630124;-0.051469;-0.578655;1.315964;-0.274009;-1.041954;
0.021320;1.296130;-0.158131;-1.137999;0.628199;-0.047083;-0.581116;1.313152;-0.265450;-1.047701;
0.021340;1.292550;-0.149298;-1.143252;0.626249;-0.042695;-0.583554;1.310288;-0.256881;-1.053407;
0.021360;1.288919;-0.140459;-1.148460;0.624275;-0.038305;-0.585970;1.307373;-0.248301;-1.059071;
0.021380;1.285237;-0.131615;-1.153622;0.622276;-0.033914;-0.588362;1.304406;-0.239712;-1.064694;
0.021400;1.281504;-0.122765;-1.158739;0.620252;-0.029522;-0.590730;1.301388;-0.231113;-1.070274;
0.021420;1.277721;-0.113910;-1.163810;0.618204;-0.025128;-0.593076;1.298318;-0.222505;-1.075812;
0.021440;1.273887;-0.105051;-1.168836;0.616132;-0.020734;-0.595398;1.295197;-0.213889;-1.081308;
0.021460;1.270003;-0.096188;-1.173815;0.614035;-0.016339;-0.597696;1.292025;-0.205263;-1.086761;
0.021480;1.266069;-0.087321;-1.178747;0.611914;-0.011943;-0.599971;1.288801;-0.196630;-1.092171;
0.021500;1.262084;-0.078451;-1.183634;0.609769;-0.007546;-0.602222;1.285527;-0.187989;-1.097538;
0.021520;1.258050;-0.069577;-1.188473;0.607599;-0.003149;-0.604450;1.282202;-0.179341;-1.102862;
0.021540;1.253967;-0.060701;-1.193266;0.605406;0.001247;-0.606654;1.278827;-0.170685;-1.108142;
0.021560;1.249833;-0.051822;-1.198011;0.603189;0.005644;-0.608833;1.275401;-0.162023;-1.113378;
0.021580;1.245651;-0.042941;-1.202710;0.600948;0.010041;-0.610989;1.271925;-0.153354;-1.118571;
0.021600;1.241419;-0.034059;-1.207360;0.598683;0.014437;-0.613120;1.268398;-0.144679;-1.123719;
0.021620;1.237138;-0.025175;-1.211963;0.596395;0.018833;-0.615228;1.264822;-0.135999;-1.128823;
0.021640;1.232809;-0.016290;-1.216519;0.594083;0.023227;-0.617311;1.261195;-0.127313;-1.133882;
0.021660;1.228430;-0.007405;-1.221026;0.591748;0.027621;-0.619369;1.257519;-0.118622;-1.138896;
0.021680;1.224004;0.001481;-1.225485;0.589389;0.032014;-0.621403;1.253793;-0.109927;-1.143866;
0.021700;1.219529;0.010367;-1.229895;0.587007;0.036406;-0.623413;1.250017;-0.101227;-1.148790;
0.021720;1.215005;0.019252;-1.234257;0.584602;0.040796;-0.625398;1.246193;-0.092523;-1.153670;
0.021740;1.210434;0.028136;-1.238571;0.582174;0.045185;-0.627359;1.242319;-0.083816;-1.158503;
0.021760;1.205815;0.037020;-1.242835;0.579723;0.049571;-0.629294;1.238396;-0.075105;-1.163291;
0.021780;1.201149;0.045902;-1.247050;0.577249;0.053956;-0.631205;1.234424;-0.066391;-1.168033;
0.021800;1.196435;0.054782;-1.251217;0.574752;0.058339;-0.633091;1.230403;-0.057675;-1.172728;
0.021820;1.191673;0.063660;-1.255333;0.572232;0.062719;-0.634951;1.226334;-0.048956;-1.177378;
0.021840;1.186865;0.072535;-1.259400;0.569690;0.067097;-0.636787;1.222216;-0.040235;-1.181981;
0.021860;1.182010;0.081408;-1.263418;0.567125;0.071472;-0.638598;1.218050;-0.031513;-1.186537;
0.021880;1.177108;0.090277;-1.267386;0.564538;0.075845;-0.640383;1.213836;-0.022790;-1.191047;
0.021900;1.172160;0.099143;-1.271303;0.561929;0.080214;-0.642143;1.209574;-0.014065;-1.195509;
0.021920;1.167166;0.108005;-1.275170;0.559298;0.084581;-0.643878;1.205265;-0.005340;-1.199924;
0.021940;1.162125;0.116863;-1.278987;0.556644;0.088944;-0.645588;1.200908;0.003385;-1.204292;
0.021960;1.157038;0.125716;-1.282754;0.553968;0.093303;-0.647271;1.196503;0.012110;-1.208613;
0.021980;1.151906;0.134564;-1.286470;0.551271;0.097659;-0.648930;1.192051;0.020834;-1.212885;
0.022000;1.146729;0.143406;-1.290135;0.548552;0.102011;-0.650562;1.187552;0.029558;-1.217110;
0.022020;1.141506;0.152243;-1.293749;0.545811;0.106359;-0.652169;1.183006;0.038280;-1.221287;
0.022040;1.136238;0.161074;-1.297312;0.543049;0.110702;-0.653751;1.178414;0.047001;-1.225415;
0.022060;1.130925;0.169899;-1.300824;0.540265;0.115041;-0.655306;1.173775;0.055720;-1.229495;
0.022080;1.125567;0.178717;-1.304285;0.537460;0.119376;-0.656836;1.169089;0.064437;-1.233527;
0.022100;1.120165;0.187528;-1.307694;0.534633;0.123706;-0.658339;1.164358;0.073152;-1.237510;
0.022120;1.114719;0.196332;-1.311051;0.531786;0.128031;-0.659817;1.159580;0.081863;-1.241444;
0.022140;1.109229;0.205127;-1.314357;0.528917;0.132352;-0.661269;1.154757;0.090572;-1.245329;
0.022160;1.103695;0.213915;-1.317610;0.526028;0.136666;-0.662694;1.149888;0.099276;-1.249164;
0.022180;1.098118;0.222694;-1.320812;0.523118;0.140976;-0.664094;1.144974;0.107977;-1.252951;
0.022200;1.092497;0.231465;-1.323962;0.520187;0.145280;-0.665467;1.140014;0.116674;-1.256688;
0.022220;1.086833;0.240226;-1.327059;0.517236;0.149578;-0.666814;1.135010;0.125365;-1.260375;
0.022240;1.081126;0.248978;-1.330104;0.514264;0.153870;-0.668134;1.129961;0.134052;-1.264013;
0.022260;1.075376;0.257720;-1.333096;0.511272;0.158156;-0.669428;1.124867;0.142734;-1.267601;
0.022280;1.069584;0.266452;-1.336036;0.508260;0.162436;-0.670696;1.119728;0.151410;-1.271139;
0.022300;1.063750;0.275173;-1.338923;0.505227;0.166710;-0.671937;1.114546;0.160080;-1.274626;
0.022320;1.057874;0.283884;-1.341757;0.502175;0.170977;-0.673152;1.109319;0.168744;-1.278063;
0.022340;1.051956;0.292583;-1.344539;0.499103;0.175237;-0.674340;1.104049;0.177401;-1.281450;
0.022360;1.045996;0.301270;-1.347267;0.496011;0.179490;-0.675502;1.098735;0.186051;-1.284786;
0.022380;1.039995;0.309946;-1.349942;0.492900;0.183737;-0.676637;1.093378;0.194694;-1.288072;
0.022400;1.033954;0.318610;-1.352563;0.489769;0.187976;-0.677745;1.087978;0.203329;-1.291306;
0.022420;1.027871;0.327261;-1.355132;0.486619;0.192207;-0.678826;1.082534;0.211956;-1.294490;
0.022440;1.021748;0.335899;-1.357646;0.483450;0.196431;-0.679881;1.077048;0.220575;-1.297623;
0.022460;1.015584;0.344524;-1.360108;0.480261;0.200647;-0.680909;1.071519;0.229184;-1.300704;
0.022480;1.009380;0.353135;-1.362515;0.477054;0.204856;-0.681909;1.065948;0.237785;-1.303734;
0.022500;1.003137;0.361732;-1.364869;0.473828;0.209056;-0.682883;1.060335;0.246377;-1.306712;
0.022520;0.996853;0.370315;-1.367169;0.470583;0.213248;-0.683830;1.054681;0.254959;-1.309639;
0.022540;0.990531;0.378883;-1.369414;0.467319;0.217431;-0.684750;1.048984;0.263530;-1.312514;
0.022560;0.984169;0.387437;-1.371606;0.464037;0.221606;-0.685643;1.043246;0.272092;-1.315338;
0.022580;0.977769;0.395975;-1.373744;0.460737;0.225772;-0.686509;1.037467;0.280642;-1.318109;
0.022600;0.971330;0.404497;-1.375827;0.457419;0.229930;-0.687348;1.031647;0.289182;-1.320829;
0.022620;0.964852;0.413004;-1.377856;0.454082;0.234078;-0.688160;1.025786;0.297710;-1.323496;
0.022640;0.958337;0.421494;-1.379831;0.450728;0.238217;-0.688944;1.019885;0.306226;-1.326111;
0.022660;0.951783;0.429968;-1.381751;0.447355;0.242346;-0.689702;1.013943;0.314730;-1.328674;
0.022680;0.945192;0.438424;-1.383617;0.443965;0.246466;-0.690432;1.007962;0.323222;-1.331184;
0.022700;0.938564;0.446864;-1.385428;0.440558;0.250576;-0.691134;1.001940;0.331701;-1.333642;
0.022720;0.931899;0.455285;-1.387184;0.437133;0.254677;-0.691810;0.995879;0.340167;-1.336047;
0.022740;0.925197;0.463689;-1.388886;0.433691;0.258767;-0.692458;0.989779;0.348620;-1.338399;
0.022760;0.918458;0.472074;-1.390532;0.430232;0.262847;-0.693079;0.983640;0.357058;-1.340698;
0.022780;0.911683;0.480441;-1.392124;0.426756;0.266917;-0.693673;0.977462;0.365483;-1.342945;
0.022800;0.904872;0.488789;-1.393661;0.423263;0.270976;-0.694239;0.971245;0.373893;-1.345138;
0.022820;0.898026;0.497117;-1.395143;0.419753;0.275025;-0.694777;0.964990;0.382289;-1.347279;
0.022840;0.891144;0.505426;-1.396570;0.416227;0.279062;-0.695289;0.958697;0.390669;-1.349366;
0.022860;0.884227;0.513715;-1.397941;0.412684;0.283089;-0.695773;0.952366;0.399034;-1.351400;
0.022880;0.877275;0.521983;-1.399258;0.409125;0.287104;-0.696229;0.945997;0.407383;-1.353380;
0.022900;0.870288;0.530231;-1.400519;0.405550;0.291108;-0.696658;0.939591;0.415716;-1.355308;
0.022920;0.863267;0.538458;-1.401725;0.401958;0.295101;-0.697059;0.933148;0.424033;-1.357181;
0.022940;0.856211;0.546664;-1.402876;0.398351;0.299082;-0.697433;0.926668;0.432333;-1.359001;
0.022960;0.849122;0.554848;-1.403971;0.394729;0.303051;-0.697780;0.920152;0.440616;-1.360768;
0.022980;0.842000;0.563011;-1.405011;0.391090;0.307008;-0.698098;0.913599;0.448882;-1.362480;
0.023000;0.834844;0.571151;-1.405995;0.387436;0.310953;-0.698390;0.907010;0.457129;-1.364139;
0.023020;0.827655;0.579268;-1.406924;0.383767;0.314886;-0.698653;0.900385;0.465359;-1.365744;
0.023040;0.820434;0.587363;-1.407797;0.380083;0.318806;-0.698889;0.893725;0.473570;-1.367295;
0.023060;0.813180;0.595435;-1.408615;0.376384;0.322714;-0.699098;0.887029;0.481763;-1.368793;
0.023080;0.805894;0.603483;-1.409377;0.372670;0.326609;-0.699279;0.880299;0.489937;-1.370236;
0.023100;0.798577;0.611507;-1.410083;0.368941;0.330491;-0.699432;0.873534;0.498091;-1.371625;
0.023120;0.791227;0.619507;-1.410734;0.365197;0.334360;-0.699558;0.866734;0.506226;-1.372960;
0.023140;0.783847;0.627482;-1.411329;0.361440;0.338216;-0.699656;0.859900;0.514340;-1.374240;
0.023160;0.776436;0.635433;-1.411869;0.357667;0.342059;-0.699726;0.853032;0.522435;-1.375467;
0.023180;0.768993;0.643359;-1.412352;0.353881;0.345888;-0.699769;0.846130;0.530509;-1.376639;
0.023200;0.761521;0.651259;-1.412780;0.350081;0.349703;-0.699784;0.839195;0.538561;-1.377757;
0.023220;0.754019;0.659134;-1.413152;0.346267;0.353505;-0.699772;0.832227;0.546593;-1.378820;
0.023240;0.746486;0.666982;-1.413468;0.342439;0.357292;-0.699732;0.825226;0.554603;-1.379829;
0.023260;0.738925;0.674804;-1.413729;0.338598;0.361066;-0.699664;0.818192;0.562591;-1.380783;
0.023280;0.731334;0.682600;-1.413934;0.334744;0.364825;-0.699569;0.811127;0.570557;-1.381683;
0.023300;0.723714;0.690369;-1.414083;0.330876;0.368570;-0.699446;0.804029;0.578500;-1.382529;
0.023320;0.716066;0.698110;-1.414176;0.326995;0.372300;-0.699295;0.796899;0.586420;-1.383320;
0.023340;0.708389;0.705824;-1.414213;0.323101;0.376016;-0.699117;0.789738;0.594318;-1.384056;
0.023360;0.700684;0.713510;-1.414194;0.319195;0.379716;-0.698911;0.782546;0.602192;-1.384737;
0.023380;0.692952;0.721168;-1.414120;0.315276;0.383402;-0.698678;0.775322;0.610042;-1.385364;
0.023400;0.685193;0.728797;-1.413989;0.311344;0.387073;-0.698417;0.768069;0.617868;-1.385936;
0.023420;0.677406;0.736397;-1.413803;0.307400;0.390728;-0.698128;0.760785;0.625669;-1.386454;
0.023440;0.669593;0.743969;-1.413561;0.303444;0.394368;-0.697812;0.753470;0.633446;-1.386917;
0.023460;0.661753;0.751511;-1.413264;0.299476;0.397992;-0.697469;0.746127;0.641198;-1.387325;
0.023480;0.653887;0.759024;-1.412910;0.295497;0.401601;-0.697098;0.738753;0.648925;-1.387678;
0.023500;0.645995;0.766506;-1.412501;0.291505;0.405194;-0.696699;0.731351;0.656626;-1.387976;
0.023520;0.638078;0.773958;-1.412036;0.287502;0.408771;-0.696273;0.723919;0.664301;-1.388220;
0.023540;0.630135;0.781380;-1.411515;0.283488;0.412331;-0.695819;0.716459;0.671950;-1.388409;
0.023560;0.622168;0.788771;-1.410939;0.279462;0.415876;-0.695338;0.708971;0.679572;-1.388543;
0.023580;0.614176;0.796130;-1.410306;0.275426;0.419404;-0.694829;0.701455;0.687167;-1.388622;
0.023600;0.606160;0.803459;-1.409619;0.271378;0.422915;-0.694293;0.693911;0.694736;-1.388647;
0.023620;0.598120;0.810755;-1.408875;0.267320;0.426410;-0.693730;0.686340;0.702277;-1.388616;
0.023640;0.590056;0.818020;-1.408076;0.263252;0.429888;-0.693139;0.678741;0.709790;-1.388531;
0.023660;0.581969;0.825252;-1.407221;0.259173;0.433348;-0.692521;0.671116;0.717275;-1.388391;
0.023680;0.573859;0.832452;-1.406311;0.255083;0.436792;-0.691876;0.663464;0.724732;-1.388196;
0.023700;0.565727;0.839618;-1.405345;0.250984;0.440219;-0.691203;0.655786;0.732160;-1.387947;
0.023720;0.557572;0.846752;-1.404324;0.246875;0.443628;-0.690503;0.648083;0.739560;-1.387642;
0.023740;0.549395;0.853852;-1.403247;0.242756;0.447020;-0.689775;0.640353;0.746930;-1.387283;
0.023760;0.541196;0.860919;-1.402115;0.238627;0.450394;-0.689021;0.632599;0.754270;-1.386869;
0.023780;0.532976;0.867951;-1.400927;0.234489;0.453750;-0.688239;0.624819;0.761581;-1.386400;
0.023800;0.524735;0.874949;-1.399684;0.230342;0.457088;-0.687430;0.617015;0.768862;-1.385877;
0.023820;0.516473;0.881913;-1.398386;0.226185;0.460408;-0.686594;0.609186;0.776113;-1.385298;
0.023840;0.508191;0.888842;-1.397033;0.222020;0.463710;-0.685731;0.601333;0.783332;-1.384666;
0.023860;0.499889;0.895736;-1.395625;0.217846;0.466994;-0.684840;0.593457;0.790521;-1.383978;
0.023880;0.491567;0.902594;-1.394161;0.213663;0.470260;-0.683923;0.585557;0.797679;-1.383236;
0.023900;0.483226;0.909417;-1.392643;0.209472;0.473506;-0.682979;0.577634;0.804805;-1.382439;
0.023920;0.474865;0.916204;-1.391069;0.205273;0.476734;-0.682007;0.569688;0.811900;-1.381588;
0.023940;0.466486;0.922955;-1.389441;0.201065;0.479944;-0.681009;0.561720;0.818962;-1.380682;
0.023960;0.458088;0.929669;-1.387757;0.196850;0.483134;-0.679984;0.553729;0.825992;-1.379721;
0.023980;0.449673;0.936347;-1.386019;0.192627;0.486305;-0.678932;0.545717;0.832989;-1.378706;
0.024000;0.441239;0.942987;-1.384227;0.188396;0.489457;-0.677853;0.537683;0.839954;-1.377637;
0.024020;0.432788;0.949591;-1.382379;0.184158;0.492590;-0.676748;0.529628;0.846885;-1.376513;
0.024040;0.424321;0.956157;-1.380477;0.179912;0.495703;-0.675616;0.521552;0.853783;-1.375335;
0.024060;0.415836;0.962685;-1.378521;0.175660;0.498797;-0.674457;0.513456;0.860648;-1.374103;
0.024080;0.407335;0.969175;-1.376510;0.171400;0.501871;-0.673271;0.505339;0.867478;-1.372816;
0.024100;0.398818;0.975627;-1.374444;0.167134;0.504925;-0.672059;0.497202;0.874274;-1.371476;
0.024120;0.390285;0.982040;-1.372325;0.162861;0.507960;-0.670821;0.489045;0.881035;-1.370081;
0.024140;0.381736;0.988415;-1.370151;0.158582;0.510974;-0.669555;0.480870;0.887762;-1.368632;
0.024160;0.373173;0.994750;-1.367923;0.154296;0.513968;-0.668264;0.472675;0.894454;-1.367129;
0.024180;0.364595;1.001047;-1.365641;0.150004;0.516942;-0.666946;0.464462;0.901110;-1.365572;
0.024200;0.356002;1.007303;-1.363306;0.145707;0.519895;-0.665602;0.456230;0.907731;-1.363961;
0.024220;0.347396;1.013520;-1.360916;0.141403;0.522828;-0.664231;0.447980;0.914316;-1.362296;
0.024240;0.338775;1.019698;-1.358473;0.137094;0.525740;-0.662834;0.439713;0.920865;-1.360577;
0.024260;0.330142;1.025834;-1.355976;0.132780;0.528631;-0.661411;0.431428;0.927377;-1.358805;
0.024280;0.321495;1.031931;-1.353425;0.128461;0.531502;-0.659962;0.423126;0.933853;-1.356979;
0.024300;0.312835;1.037986;-1.350822;0.124136;0.534351;-0.658487;0.414808;0.940292;-1.355100;
0.024320;0.304164;1.044001;-1.348164;0.119806;0.537180;-0.656986;0.406473;0.946694;-1.353167;
0.024340;0.295480;1.049974;-1.345454;0.115472;0.539987;-0.655459;0.398122;0.953059;-1.351180;
0.024360;0.286785;1.055906;-1.342690;0.111133;0.542773;-0.653906;0.389755;0.959386;-1.349141;
0.024380;0.278078;1.061796;-1.339874;0.106790;0.545538;-0.652328;0.381373;0.965675;-1.347048;
0.024400;0.269360;1.067644;-1.337004;0.102442;0.548281;-0.650723;0.372976;0.971925;-1.344901;
0.024420;0.260632;1.073450;-1.334082;0.098091;0.551002;-0.649093;0.364564;0.978138;-1.342702;
0.024440;0.251893;1.079214;-1.331107;0.093736;0.553702;-0.647437;0.356138;0.984312;-1.340450;
0.024460;0.243144;1.084935;-1.328080;0.089377;0.556379;-0.645756;0.347698;0.990447;-1.338145;
0.024480;0.234386;1.090614;-1.325000;0.085014;0.559035;-0.644049;0.339244;0.996543;-1.335787;
0.024500;0.225619;1.096249;-1.321868;0.080648;0.561669;-0.642317;0.330776;1.002600;-1.333376;
0.024520;0.216842;1.101841;-1.318683;0.076279;0.564280;-0.640559;0.322296;1.008617;-1.330912;
0.024540;0.208058;1.107389;-1.315447;0.071907;0.566870;-0.638776;0.313803;1.014594;-1.328396;
0.024560;0.199264;1.112894;-1.312159;0.067532;0.569436;-0.636968;0.305297;1.020531;-1.325828;
0.024580;0.190463;1.118355;-1.308818;0.063154;0.571981;-0.635135;0.296779;1.026428;-1.323207;
0.024600;0.181655;1.123772;-1.305427;0.058774;0.574503;-0.633277;0.288250;1.032284;-1.320534;
0.024620;0.172839;1.129144;-1.301983;0.054391;0.577002;-0.631393;0.279709;1.038100;-1.317809;
0.024640;0.164017;1.134472;-1.298488;0.050007;0.579478;-0.629485;0.271158;1.043875;-1.315032;
0.024660;0.155188;1.139755;-1.294942;0.045620;0.581932;-0.627552;0.262595;1.049608;-1.312203;
0.024680;0.146353;1.144993;-1.291345;0.041232;0.584362;-0.625594;0.254022;1.055300;-1.309322;
0.024700;0.137512;1.150185;-1.287697;0.036842;0.586769;-0.623611;0.245439;1.060950;-1.306390;
0.024720;0.128665;1.155333;-1.283998;0.032450;0.589154;-0.621604;0.236847;1.066559;-1.303406;
0.024740;0.119814;1.160435;-1.280249;0.028058;0.591515;-0.619572;0.228245;1.072125;-1.300370;
0.024760;0.110958;1.165490;-1.276448;0.023664;0.593852;-0.617516;0.219634;1.077649;-1.297283;
0.024780;0.102097;1.170500;-1.272598;0.019269;0.596167;-0.615436;0.211014;1.083131;-1.294145;
0.024800;0.093233;1.175464;-1.268697;0.014873;0.598457;-0.613331;0.202387;1.088569;-1.290956;
0.024820;0.084365;1.180381;-1.264746;0.010477;0.600724;-0.611202;0.193751;1.093965;-1.287716;
0.024840;0.075493;1.185252;-1.260745;0.006081;0.602968;-0.609048;0.185107;1.099317;-1.284425;
0.024860;0.066619;1.190076;-1.256695;0.001684;0.605187;-0.606871;0.176456;1.104627;-1.281083;
0.024880;0.057741;1.194853;-1.252594;-0.002713;0.607383;-0.604670;0.167798;1.109892;-1.277691;
0.024900;0.048862;1.199583;-1.248445;-0.007110;0.609554;-0.602445;0.159134;1.115114;-1.274248;
0.024920;0.039981;1.204265;-1.244246;-0.011506;0.611702;-0.600196;0.150463;1.120292;-1.270755;
0.024940;0.031098;1.208900;-1.239998;-0.015902;0.613825;-0.597923;0.141787;1.125425;-1.267212;
0.024960;0.022214;1.213487;-1.235701;-0.020298;0.615925;-0.595627;0.133104;1.130514;-1.263618;
0.024980;0.013328;1.218026;-1.231355;-0.024692;0.618000;-0.593307;0.124417;1.135558;-1.259975;
0.025000;0.004443;1.222517;-1.226960;-0.029086;0.620050;-0.590964;0.115724;1.140558;-1.256282;
0.025020;-0.004443;1.226960;-1.222517;-0.033478;0.622076;-0.588598;0.107027;1.145513;-1.252540;
0.025040;-0.013328;1.231355;-1.218026;-0.037869;0.624078;-0.586208;0.098326;1.150422;-1.248748;
0.025060;-0.022214;1.235701;-1.213487;-0.042259;0.626054;-0.583795;0.089621;1.155286;-1.244907;
0.025080;-0.031098;1.239998;-1.208900;-0.046647;0.628006;-0.581359;0.080912;1.160104;-1.241016;
0.025100;-0.039981;1.244246;-1.204265;-0.051033;0.629934;-0.578901;0.072201;1.164877;-1.237077;
0.025120;-0.048862;1.248445;-1.199583;-0.055417;0.631836;-0.576419;0.063486;1.169603;-1.233089;
0.025140;-0.057741;1.252594;-1.194853;-0.059799;0.633714;-0.573914;0.054769;1.174283;-1.229052;
0.025160;-0.066619;1.256695;-1.190076;-0.064179;0.635566;-0.571387;0.046049;1.178917;-1.224967;
0.025180;-0.075493;1.260745;-1.185252;-0.068556;0.637394;-0.568838;0.037328;1.183505;-1.220833;
0.025200;-0.084365;1.264746;-1.180381;-0.072930;0.639196;-0.566266;0.028605;1.188046;-1.216651;
0.025220;-0.093233;1.268697;-1.175464;-0.077302;0.640973;-0.563671;0.019882;1.192539;-1.212421;
0.025240;-0.102097;1.272598;-1.170500;-0.081670;0.642724;-0.561054;0.011157;1.196986;-1.208143;
0.025260;-0.110958;1.276448;-1.165490;-0.086035;0.644451;-0.558415;0.002432;1.201386;-1.203818;
0.025280;-0.119814;1.280249;-1.160435;-0.090397;0.646152;-0.555755;-0.006293;1.205738;-1.199445;
0.025300;-0.128665;1.283998;-1.155333;-0.094755;0.647827;-0.553072;-0.015018;1.210042;-1.195024;
0.025320;-0.137512;1.287697;-1.150185;-0.099110;0.649477;-0.550367;-0.023742;1.214299;-1.190557;
0.025340;-0.146353;1.291345;-1.144993;-0.103460;0.651101;-0.547641;-0.032465;1.218507;-1.186042;
0.025360;-0.155188;1.294942;-1.139755;-0.107807;0.652699;-0.544893;-0.041187;1.222668;-1.181481;
0.025380;-0.164017;1.298488;-1.134472;-0.112149;0.654272;-0.542123;-0.049908;1.226780;-1.176873;
0.025400;-0.172839;1.301983;-1.129144;-0.116487;0.655819;-0.539332;-0.058626;1.230844;-1.172218;
0.025420;-0.181655;1.305427;-1.123772;-0.120820;0.657340;-0.536520;-0.067342;1.234860;-1.167517;
0.025440;-0.190463;1.308818;-1.118355;-0.125149;0.658835;-0.533686;-0.076056;1.238826;-1.162770;
0.025460;-0.199264;1.312159;-1.112894;-0.129472;0.660304;-0.530832;-0.084766;1.242744;-1.157978;
0.025480;-0.208058;1.315447;-1.107389;-0.133790;0.661747;-0.527956;-0.093474;1.246613;-1.153139;
0.025500;-0.216842;1.318683;-1.101841;-0.138104;0.663164;-0.525060;-0.102177;1.250432;-1.148255;
0.025520;-0.225619;1.321868;-1.096249;-0.142411;0.664554;-0.522143;-0.110876;1.254202;-1.143326;
0.025540;-0.234386;1.325000;-1.090614;-0.146713;0.665919;-0.519205;-0.119571;1.257923;-1.138351;
0.025560;-0.243144;1.328080;-1.084935;-0.151009;0.667257;-0.516247;-0.128262;1.261593;-1.133332;
0.025580;-0.251893;1.331107;-1.079214;-0.155300;0.668569;-0.513269;-0.136947;1.265215;-1.128268;
0.025600;-0.260632;1.334082;-1.073450;-0.159584;0.669854;-0.510270;-0.145627;1.268786;-1.123159;
0.025620;-0.269360;1.337004;-1.067644;-0.163862;0.671113;-0.507251;-0.154301;1.272307;-1.118006;
0.025640;-0.278078;1.339874;-1.061796;-0.168133;0.672345;-0.504212;-0.162969;1.275777;-1.112809;
0.025660;-0.286785;1.342690;-1.055906;-0.172398;0.673551;-0.501153;-0.171630;1.279198;-1.107568;
0.025680;-0.295480;1.345454;-1.049974;-0.176656;0.674730;-0.498075;-0.180285;1.282568;-1.102283;
0.025700;-0.304164;1.348164;-1.044001;-0.180907;0.675883;-0.494976;-0.188933;1.285887;-1.096954;
0.025720;-0.312835;1.350822;-1.037986;-0.185150;0.677009;-0.491859;-0.197573;1.289156;-1.091583;
0.025740;-0.321495;1.353425;-1.031931;-0.189387;0.678108;-0.488721;-0.206205;1.292373;-1.086168;
0.025760;-0.330142;1.355976;-1.025834;-0.193616;0.679181;-0.485565;-0.214830;1.295540;-1.080710;
0.025780;-0.338775;1.358473;-1.019698;-0.197837;0.680226;-0.482389;-0.223446;1.298655;-1.075210;
0.025800;-0.347396;1.360916;-1.013520;-0.202051;0.681245;-0.479194;-0.232052;1.301720;-1.069667;
0.025820;-0.356002;1.363306;-1.007303;-0.206257;0.682237;-0.475981;-0.240650;1.304732;-1.064082;
0.025840;-0.364595;1.365641;-1.001047;-0.210454;0.683202;-0.472748;-0.249239;1.307694;-1.058455;
0.025860;-0.373173;1.367923;-0.994750;-0.214643;0.684140;-0.469497;-0.257817;1.310603;-1.052786;
0.025880;-0.381736;1.370151;-0.988415;-0.218824;0.685051;-0.466227;-0.266385;1.313461;-1.047076;
0.025900;-0.390285;1.372325;-0.982040;-0.222996;0.685935;-0.462939;-0.274943;1.316267;-1.041324;
0.025920;-0.398818;1.374444;-0.975627;-0.227159;0.686792;-0.459633;-0.283490;1.319022;-1.035532;
0.025940;-0.407335;1.376510;-0.969175;-0.231313;0.687622;-0.456308;-0.292026;1.321724;-1.029698;
0.025960;-0.415836;1.378521;-0.962685;-0.235458;0.688424;-0.452966;-0.300550;1.324373;-1.023824;
0.025980;-0.424321;1.380477;-0.956157;-0.239594;0.689200;-0.449605;-0.309062;1.326971;-1.017909;
0.026000;-0.432788;1.382379;-0.949591;-0.243721;0.689948;-0.446227;-0.317562;1.329516;-1.011954;
0.026020;-0.441239;1.384227;-0.942987;-0.247837;0.690669;-0.442832;-0.326050;1.332009;-1.005959;
0.026040;-0.449673;1.386019;-0.936347;-0.251944;0.691363;-0.439418;-0.334525;1.334449;-0.999924;
0.026060;-0.458088;1.387757;-0.929669;-0.256041;0.692029;-0.435988;-0.342986;1.336837;-0.993850;
0.026080;-0.466486;1.389441;-0.922955;-0.260128;0.692668;-0.432540;-0.351434;1.339171;-0.987737;
0.026100;-0.474865;1.391069;-0.916204;-0.264205;0.693280;-0.429075;-0.359868;1.341453;-0.981585;
0.026120;-0.483226;1.392643;-0.909417;-0.268271;0.693864;-0.425593;-0.368288;1.343682;-0.975394;
0.026140;-0.491567;1.394161;-0.902594;-0.272327;0.694421;-0.422095;-0.376693;1.345858;-0.969164;
0.026160;-0.499889;1.395625;-0.895736;-0.276372;0.694951;-0.418579;-0.385084;1.347980;-0.962896;
0.026180;-0.508191;1.397033;-0.888842;-0.280406;0.695453;-0.415048;-0.393459;1.350050;-0.956591;
0.026200;-0.516473;1.398386;-0.881913;-0.284428;0.695928;-0.411499;-0.401819;1.352066;-0.950247;
0.026220;-0.524735;1.399684;-0.874949;-0.288440;0.696375;-0.407935;-0.410163;1.354029;-0.943866;
0.026240;-0.532976;1.400927;-0.867951;-0.292440;0.696795;-0.404354;-0.418491;1.355938;-0.937447;
0.026260;-0.541196;1.402115;-0.860919;-0.296429;0.697187;-0.400758;-0.426802;1.357794;-0.930992;
0.026280;-0.549395;1.403247;-0.853852;-0.300406;0.697552;-0.397146;-0.435096;1.359596;-0.924500;
0.026300;-0.557572;1.404324;-0.846752;-0.304371;0.697889;-0.393518;-0.443373;1.361345;-0.917971;
0.026320;-0.565727;1.405345;-0.839618;-0.308324;0.698198;-0.389874;-0.451633;1.363039;-0.911406;
0.026340;-0.573859;1.406311;-0.832452;-0.312265;0.698480;-0.386215;-0.459875;1.364680;-0.904806;
0.026360;-0.581969;1.407221;-0.825252;-0.316194;0.698735;-0.382541;-0.468098;1.366267;-0.898169;
0.026380;-0.590056;1.408076;-0.818020;-0.320110;0.698962;-0.378852;-0.476303;1.367800;-0.891497;
0.026400;-0.598120;1.408875;-0.810755;-0.324014;0.699161;-0.375147;-0.484490;1.369280;-0.884790;
0.026420;-0.606160;1.409619;-0.803459;-0.327905;0.699333;-0.371428;-0.492657;1.370705;-0.878048;
0.026440;-0.614176;1.410306;-0.796130;-0.331782;0.699477;-0.367695;-0.500805;1.372076;-0.871271;
0.026460;-0.622168;1.410939;-0.788771;-0.335647;0.699593;-0.363946;-0.508933;1.373392;-0.864460;
0.026480;-0.630135;1.411515;-0.781380;-0.339498;0.699682;-0.360184;-0.517041;1.374655;-0.857614;
0.026500;-0.638078;1.412036;-0.773958;-0.343336;0.699743;-0.356407;-0.525128;1.375863;-0.850735;
0.026520;-0.645995;1.412501;-0.766506;-0.347161;0.699777;-0.352616;-0.533195;1.377017;-0.843822;
0.026540;-0.653887;1.412910;-0.759024;-0.350972;0.699783;-0.348811;-0.541241;1.378117;-0.836876;
0.026560;-0.661753;1.413264;-0.751511;-0.354769;0.699761;-0.344993;-0.549265;1.379162;-0.829897;
0.026580;-0.669593;1.413561;-0.743969;-0.358552;0.699712;-0.341160;-0.557268;1.380153;-0.822885;
0.026600;-0.677406;1.413803;-0.736397;-0.362320;0.699635;-0.337315;-0.565249;1.381089;-0.815841;
0.026620;-0.685193;1.413989;-0.728797;-0.366075;0.699531;-0.333456;-0.573207;1.381971;-0.808764;
0.026640;-0.692952;1.414120;-0.721168;-0.369815;0.699399;-0.329584;-0.581143;1.382798;-0.801656;
0.026660;-0.700684;1.414194;-0.713510;-0.373540;0.699239;-0.325699;-0.589056;1.383571;-0.794515;
0.026680;-0.708389;1.414213;-0.705824;-0.377251;0.699051;-0.321801;-0.596945;1.384289;-0.787344;
0.026700;-0.716066;1.414176;-0.698110;-0.380947;0.698836;-0.317890;-0.604811;1.384952;-0.780141;
0.026720;-0.723714;1.414083;-0.690369;-0.384627;0.698594;-0.313967;-0.612653;1.385561;-0.772908;
0.026740;-0.731334;1.413934;-0.682600;-0.388293;0.698324;-0.310031;-0.620471;1.386115;-0.765644;
0.026760;-0.738925;1.413729;-0.674804;-0.391943;0.698026;-0.306083;-0.628264;1.386614;-0.758350;
0.026780;-0.746486;1.413468;-0.666982;-0.395578;0.697701;-0.302123;-0.636033;1.387059;-0.751026;
0.026800;-0.754019;1.413152;-0.659134;-0.399197;0.697348;-0.298151;-0.643777;1.387449;-0.743672;
0.026820;-0.761521;1.412780;-0.651259;-0.402800;0.696968;-0.294167;-0.651495;1.387784;-0.736289;
0.026840;-0.768993;1.412352;-0.643359;-0.406388;0.696560;-0.290172;-0.659187;1.388064;-0.728877;
0.026860;-0.776436;1.411869;-0.635433;-0.409959;0.696125;-0.286165;-0.666853;1.388289;-0.721436;
0.026880;-0.783847;1.411329;-0.627482;-0.413515;0.695662;-0.282147;-0.674493;1.388460;-0.713966;
0.026900;-0.791227;1.410734;-0.619507;-0.417053;0.695172;-0.278118;-0.682107;1.388576;-0.706469;
0.026920;-0.798577;1.410083;-0.611507;-0.420576;0.694654;-0.274078;-0.689693;1.388637;-0.698943;
0.026940;-0.805894;1.409377;-0.603483;-0.424082;0.694109;-0.270027;-0.697253;1.388643;-0.691390;
0.026960;-0.813180;1.408615;-0.595435;-0.427571;0.693536;-0.265965;-0.704784;1.388594;-0.683810;
0.026980;-0.820434;1.407797;-0.587363;-0.431043;0.692936;-0.261893;-0.712288;1.388491;-0.676202;
0.027000;-0.827655;1.406924;-0.579268;-0.434498;0.692309;-0.257811;-0.719764;1.388332;-0.668568;
0.027020;-0.834844;1.405995;-0.571151;-0.437936;0.691654;-0.253718;-0.727211;1.388119;-0.660908;
0.027040;-0.842000;1.405011;-0.563011;-0.441357;0.690972;-0.249615;-0.734630;1.387851;-0.653221;
0.027060;-0.849122;1.403971;-0.554848;-0.444760;0.690263;-0.245503;-0.742020;1.387528;-0.645509;
0.027080;-0.856211;1.402876;-0.546664;-0.448146;0.689527;-0.241381;-0.749380;1.387151;-0.637771;
0.027100;-0.863267;1.401725;-0.538458;-0.451514;0.688763;-0.237249;-0.756711;1.386719;-0.630008;
0.027120;-0.870288;1.400519;-0.530231;-0.454865;0.687972;-0.233108;-0.764012;1.386232;-0.622220;
0.027140;-0.877275;1.399258;-0.521983;-0.458197;0.687154;-0.228957;-0.771282;1.385690;-0.614408;
0.027160;-0.884227;1.397941;-0.513715;-0.461511;0.686309;-0.224798;-0.778523;1.385094;-0.606571;
0.027180;-0.891144;1.396570;-0.505426;-0.464807;0.685437;-0.220630;-0.785732;1.384442;-0.598710;
0.027200;-0.898026;1.395143;-0.497117;-0.468085;0.684538;-0.216453;-0.792911;1.383737;-0.590826;
0.027220;-0.904872;1.393661;-0.488789;-0.471344;0.683611;-0.212267;-0.800058;1.382976;-0.582918;
0.027240;-0.911683;1.392124;-0.480441;-0.474584;0.682658;-0.208073;-0.807173;1.382161;-0.574988;
0.027260;-0.918458;1.390532;-0.472074;-0.477806;0.681678;-0.203871;-0.814257;1.381292;-0.567035;
0.027280;-0.925197;1.388886;-0.463689;-0.481009;0.680670;-0.199661;-0.821309;1.380368;-0.559059;
0.027300;-0.931899;1.387184;-0.455285;-0.484193;0.679636;-0.195443;-0.828328;1.379389;-0.551061;
0.027320;-0.938564;1.385428;-0.446864;-0.487358;0.678576;-0.191217;-0.835315;1.378356;-0.543041;
0.027340;-0.945192;1.383617;-0.438424;-0.490504;0.677488;-0.186984;-0.842268;1.377269;-0.535001;
0.027360;-0.951783;1.381751;-0.429968;-0.493630;0.676373;-0.182743;-0.849188;1.376127;-0.526938;
0.027380;-0.958337;1.379831;-0.421494;-0.496737;0.675232;-0.178496;-0.856075;1.374931;-0.518856;
0.027400;-0.964852;1.377856;-0.413004;-0.499824;0.674065;-0.174241;-0.862928;1.373680;-0.510752;
0.027420;-0.971330;1.375827;-0.404497;-0.502891;0.672870;-0.169979;-0.869747;1.372376;-0.502629;
0.027440;-0.977769;1.373744;-0.395975;-0.505939;0.671649;-0.165710;-0.876532;1.371017;-0.494485;
0.027460;-0.984169;1.371606;-0.387437;-0.508967;0.670402;-0.161435;-0.883281;1.369604;-0.486322;
0.027480;-0.990531;1.369414;-0.378883;-0.511974;0.669128;-0.157154;-0.889997;1.368137;-0.478140;
0.027500;-0.996853;1.367169;-0.370315;-0.514961;0.667827;-0.152866;-0.896676;1.366616;-0.469939;
0.027520;-1.003137;1.364869;-0.361732;-0.517928;0.666501;-0.148573;-0.903321;1.365041;-0.461720;
0.027540;-1.009380;1.362515;-0.353135;-0.520875;0.665148;-0.144273;-0.909930;1.363412;-0.453482;
0.027560;-1.015584;1.360108;-0.344524;-0.523801;0.663768;-0.139968;-0.916503;1.361729;-0.445226;
0.027580;-1.021748;1.357646;-0.335899;-0.526706;0.662363;-0.135657;-0.923040;1.359993;-0.436953;
0.027600;-1.027871;1.355132;-0.327261;-0.529590;0.660931;-0.131341;-0.929540;1.358202;-0.428662;
0.027620;-1.033954;1.352563;-0.318610;-0.532454;0.659474;-0.127020;-0.936004;1.356359;-0.420355;
0.027640;-1.039995;1.349942;-0.309946;-0.535297;0.657990;-0.122693;-0.942430;1.354461;-0.412031;
0.027660;-1.045996;1.347267;-0.301270;-0.538118;0.656480;-0.118362;-0.948820;1.352511;-0.403691;
0.027680;-1.051956;1.344539;-0.292583;-0.540918;0.654944;-0.114026;-0.955172;1.350506;-0.395335;
0.027700;-1.057874;1.341757;-0.283884;-0.543697;0.653383;-0.109686;-0.961486;1.348449;-0.386963;
0.027720;-1.063750;1.338923;-0.275173;-0.546454;0.651796;-0.105341;-0.967762;1.346338;-0.378576;
0.027740;-1.069584;1.336036;-0.266452;-0.549190;0.650183;-0.100992;-0.974001;1.344174;-0.370174;
0.027760;-1.075376;1.333096;-0.257720;-0.551904;0.648544;-0.096640;-0.980200;1.341957;-0.361757;
0.027780;-1.081126;1.330104;-0.248978;-0.554597;0.646880;-0.092283;-0.986361;1.339687;-0.353326;
0.027800;-1.086833;1.327059;-0.240226;-0.557267;0.645190;-0.087923;-0.992483;1.337364;-0.344881;
0.027820;-1.092497;1.323962;-0.231465;-0.559915;0.643474;-0.083559;-0.998566;1.334989;-0.336423;
0.027840;-1.098118;1.320812;-0.222694;-0.562542;0.641734;-0.079192;-1.004610;1.332561;-0.327951;
0.027860;-1.103695;1.317610;-0.213915;-0.565146;0.639968;-0.074822;-1.010614;1.330080;-0.319466;
0.027880;-1.109229;1.314357;-0.205127;-0.567728;0.638176;-0.070449;-1.016577;1.327546;-0.310969;
0.027900;-1.114719;1.311051;-0.196332;-0.570287;0.636360;-0.066073;-1.022501;1.324960;-0.302459;
0.027920;-1.120165;1.307694;-0.187528;-0.572824;0.634518;-0.061694;-1.028385;1.322322;-0.293938;
0.027940;-1.125567;1.304285;-0.178717;-0.575338;0.632652;-0.057313;-1.034227;1.319632;-0.285404;
0.027960;-1.130925;1.300824;-0.169899;-0.577830;0.630760;-0.052930;-1.040029;1.316889;-0.276860;
0.027980;-1.136238;1.297312;-0.161074;-0.580298;0.628843;-0.048545;-1.045790;1.314095;-0.268305;
0.028000;-1.141506;1.293749;-0.152243;-0.582744;0.626902;-0.044158;-1.051510;1.311249;-0.259739;
0.028020;-1.146729;1.290135;-0.143406;-0.585167;0.624936;-0.039769;-1.057188;1.308350;-0.251162;
0.028040;-1.151906;1.286470;-0.134564;-0.587567;0.622945;-0.035378;-1.062824;1.305401;-0.242576;
0.028060;-1.157038;1.282754;-0.125716;-0.589943;0.620930;-0.030986;-1.068419;1.302399;-0.233981;
0.028080;-1.162125;1.278987;-0.116863;-0.592297;0.618890;-0.026593;-1.073971;1.299347;-0.225376;
0.028100;-1.167166;1.275170;-0.108005;-0.594626;0.616825;-0.022199;-1.079481;1.296243;-0.216762;
0.028120;-1.172160;1.271303;-0.099143;-0.596933;0.614737;-0.017804;-1.084948;1.293088;-0.208139;
0.028140;-1.177108;1.267386;-0.090277;-0.599216;0.612624;-0.013408;-1.090373;1.289881;-0.199509;
0.028160;-1.182010;1.263418;-0.081408;-0.601475;0.610486;-0.009012;-1.095754;1.286624;-0.190870;
0.028180;-1.186865;1.259400;-0.072535;-0.603710;0.608325;-0.004615;-1.101092;1.283316;-0.182224;
0.028200;-1.191673;1.255333;-0.063660;-0.605922;0.606140;-0.000218;-1.106387;1.279958;-0.173571;
0.028220;-1.196435;1.251217;-0.054782;-0.608109;0.603931;0.004179;-1.111638;1.276549;-0.164911;
0.028240;-1.201149;1.247050;-0.045902;-0.610273;0.601698;0.008575;-1.116845;1.273089;-0.156244;
0.028260;-1.205815;1.242835;-0.037020;-0.612413;0.599441;0.012972;-1.122008;1.269579;-0.147572;
0.028280;-1.210434;1.238571;-0.028136;-0.614528;0.597160;0.017367;-1.127126;1.266019;-0.138893;
0.028300;-1.215005;1.234257;-0.019252;-0.616619;0.594856;0.021763;-1.132200;1.262410;-0.130209;
0.028320;-1.219529;1.229895;-0.010367;-0.618686;0.592529;0.026157;-1.137230;1.258750;-0.121520;
0.028340;-1.224004;1.225485;-0.001481;-0.620728;0.590178;0.030550;-1.142215;1.255040;-0.112826;
0.028360;-1.228430;1.221026;0.007405;-0.622746;0.587804;0.034942;-1.147154;1.251281;-0.104127;
0.028380;-1.232809;1.216519;0.016290;-0.624739;0.585406;0.039333;-1.152048;1.247473;-0.095425;
0.028400;-1.237138;1.211963;0.025175;-0.626708;0.582986;0.043722;-1.156897;1.243615;-0.086719;
0.028420;-1.241419;1.207360;0.034059;-0.628652;0.580542;0.048109;-1.161700;1.239709;-0.078009;
0.028440;-1.245651;1.202710;0.042941;-0.630571;0.578076;0.052495;-1.166457;1.235753;-0.069296;
0.028460;-1.249833;1.198011;0.051822;-0.632465;0.575587;0.056878;-1.171168;1.231749;-0.060580;
0.028480;-1.253967;1.193266;0.060701;-0.634334;0.573075;0.061259;-1.175833;1.227696;-0.051862;
0.028500;-1.258050;1.188473;0.069577;-0.636178;0.570540;0.065638;-1.180452;1.223594;-0.043142;
0.028520;-1.262084;1.183634;0.078451;-0.637997;0.567983;0.070014;-1.185024;1.219444;-0.034421;
0.028540;-1.266069;1.178747;0.087321;-0.639791;0.565403;0.074388;-1.189549;1.215246;-0.025698;
0.028560;-1.270003;1.173815;0.096188;-0.641560;0.562801;0.078758;-1.194027;1.211000;-0.016974;
0.028580;-1.273887;1.168836;0.105051;-0.643303;0.560177;0.083126;-1.198458;1.206707;-0.008249;
0.028600;-1.277721;1.163810;0.113910;-0.645021;0.557531;0.087490;-1.202841;1.202365;0.000476;
0.028620;-1.281504;1.158739;0.122765;-0.646713;0.554863;0.091850;-1.207178;1.197976;0.009201;
0.028640;-1.285237;1.153622;0.131615;-0.648380;0.552173;0.096207;-1.211466;1.193540;0.017926;
0.028660;-1.288919;1.148460;0.140459;-0.650021;0.549461;0.100560;-1.215707;1.189057;0.026650;
0.028680;-1.292550;1.143252;0.149298;-0.651637;0.546727;0.104910;-1.219900;1.184527;0.035373;
0.028700;-1.296130;1.137999;0.158131;-0.653227;0.543972;0.109255;-1.224044;1.179950;0.044094;
0.028720;-1.299659;1.132701;0.166958;-0.654791;0.541195;0.113596;-1.228140;1.175326;0.052814;
0.028740;-1.303137;1.127358;0.175779;-0.656329;0.538397;0.117932;-1.232188;1.170656;0.061532;
0.028760;-1.306563;1.121971;0.184592;-0.657841;0.535578;0.122263;-1.236187;1.165940;0.070247;
0.028780;-1.309938;1.116540;0.193398;-0.659327;0.532737;0.126590;-1.240138;1.161178;0.078960;
0.028800;-1.313260;1.111064;0.202196;-0.660788;0.529876;0.130912;-1.244039;1.156370;0.087669;
0.028820;-1.316532;1.105545;0.210987;-0.662222;0.526993;0.135229;-1.247891;1.151516;0.096375;
0.028840;-1.319751;1.099982;0.219769;-0.663630;0.524090;0.139540;-1.251694;1.146617;0.105077;
0.028860;-1.322918;1.094375;0.228542;-0.665012;0.521166;0.143846;-1.255448;1.141673;0.113775;
0.028880;-1.326032;1.088726;0.237307;-0.666368;0.518222;0.148146;-1.259152;1.136683;0.122469;
0.028900;-1.329095;1.083033;0.246062;-0.667697;0.515257;0.152440;-1.262806;1.131649;0.131157;
0.028920;-1.332105;1.077298;0.254807;-0.669000;0.512271;0.156728;-1.266410;1.126570;0.139841;
0.028940;-1.335062;1.071520;0.263542;-0.670276;0.509266;0.161010;-1.269965;1.121446;0.148519;
0.028960;-1.337967;1.065700;0.272267;-0.671527;0.506240;0.165286;-1.273469;1.116278;0.157191;
0.028980;-1.340819;1.059837;0.280981;-0.672750;0.503195;0.169555;-1.276923;1.111066;0.165857;
0.029000;-1.343617;1.053933;0.289684;-0.673947;0.500129;0.173818;-1.280327;1.105811;0.174516;
0.029020;-1.346363;1.047987;0.298376;-0.675118;0.497044;0.178073;-1.283680;1.100511;0.183169;
0.029040;-1.349056;1.042000;0.307056;-0.676261;0.493939;0.182322;-1.286982;1.095169;0.191814;
0.029060;-1.351695;1.035972;0.315723;-0.677378;0.490815;0.186563;-1.290234;1.089782;0.200451;
0.029080;-1.354282;1.029903;0.324379;-0.678469;0.487671;0.190797;-1.293435;1.084353;0.209081;
0.029100;-1.356814;1.023793;0.333021;-0.679532;0.484508;0.195024;-1.296584;1.078881;0.217703;
0.029120;-1.359293;1.017643;0.341650;-0.680569;0.481326;0.199243;-1.299682;1.073367;0.226315;
0.029140;-1.361719;1.011453;0.350266;-0.681579;0.478125;0.203454;-1.302730;1.067810;0.234919;
0.029160;-1.364090;1.005222;0.358868;-0.682562;0.474905;0.207657;-1.305725;1.062211;0.243514;
0.029180;-1.366408;0.998952;0.367456;-0.683518;0.471666;0.211851;-1.308669;1.056570;0.252099;
0.029200;-1.368672;0.992643;0.376029;-0.684447;0.468409;0.216038;-1.311562;1.050888;0.260674;
0.029220;-1.370882;0.986294;0.384587;-0.685349;0.465133;0.220215;-1.314402;1.045163;0.269239;
0.029240;-1.373037;0.979907;0.393131;-0.686224;0.461839;0.224385;-1.317191;1.039398;0.277793;
0.029260;-1.375139;0.973480;0.401658;-0.687072;0.458527;0.228545;-1.319928;1.033592;0.286337;
0.029280;-1.377186;0.967016;0.410170;-0.687892;0.455196;0.232696;-1.322613;1.027744;0.294868;
0.029300;-1.379179;0.960513;0.418666;-0.688686;0.451848;0.236838;-1.325245;1.021856;0.303389;
0.029320;-1.381117;0.953972;0.427145;-0.689452;0.448481;0.240971;-1.327825;1.015928;0.311897;
0.029340;-1.383001;0.947394;0.435607;-0.690191;0.445097;0.245094;-1.330353;1.009960;0.320393;
0.029360;-1.384830;0.940778;0.444052;-0.690903;0.441696;0.249207;-1.332828;1.003952;0.328876;
0.029380;-1.386605;0.934125;0.452480;-0.691588;0.438277;0.253311;-1.335251;0.997904;0.337347;
0.029400;-1.388325;0.927435;0.460890;-0.692245;0.434840;0.257405;-1.337621;0.991817;0.345804;
0.029420;-1.389990;0.920708;0.469281;-0.692875;0.431387;0.261488;-1.339938;0.985691;0.354247;
0.029440;-1.391600;0.913946;0.477654;-0.693478;0.427916;0.265561;-1.342202;0.979525;0.362676;
0.029460;-1.393155;0.907147;0.486008;-0.694053;0.424429;0.269624;-1.344413;0.973321;0.371092;
0.029480;-1.394655;0.900312;0.494343;-0.694601;0.420925;0.273676;-1.346571;0.967079;0.379492;
0.029500;-1.396100;0.893442;0.502659;-0.695121;0.417404;0.277717;-1.348676;0.960799;0.387877;
0.029520;-1.397490;0.886536;0.510954;-0.695614;0.413867;0.281748;-1.350728;0.954480;0.396248;
0.029540;-1.398825;0.879596;0.519229;-0.696080;0.410313;0.285767;-1.352726;0.948124;0.404602;
0.029560;-1.400105;0.872621;0.527484;-0.696518;0.406743;0.289775;-1.354671;0.941731;0.412941;
0.029580;-1.401329;0.865611;0.535718;-0.696929;0.403157;0.293771;-1.356563;0.935300;0.421263;
0.029600;-1.402498;0.858567;0.543931;-0.697312;0.399556;0.297756;-1.358401;0.928832;0.429568;
0.029620;-1.403612;0.851489;0.552123;-0.697667;0.395938;0.301729;-1.360185;0.922328;0.437857;
0.029640;-1.404670;0.844378;0.560292;-0.697995;0.392305;0.305690;-1.361915;0.915787;0.446128;
0.029660;-1.405673;0.837233;0.568440;-0.698296;0.388656;0.309639;-1.363592;0.909210;0.454382;
0.029680;-1.406620;0.830055;0.576565;-0.698568;0.384992;0.313576;-1.365215;0.902597;0.462618;
0.029700;-1.407512;0.822845;0.584667;-0.698814;0.381313;0.317501;-1.366784;0.895949;0.470835;
0.029720;-1.408348;0.815602;0.592747;-0.699031;0.377619;0.321413;-1.368300;0.889265;0.479034;
0.029740;-1.409129;0.808327;0.600803;-0.699221;0.373909;0.325312;-1.369761;0.882546;0.487214;
0.029760;-1.409854;0.801019;0.608835;-0.699384;0.370185;0.329199;-1.371168;0.875793;0.495375;
0.029780;-1.410523;0.793681;0.616843;-0.699519;0.366447;0.333072;-1.372521;0.869004;0.503516;
0.029800;-1.411137;0.786311;0.624826;-0.699626;0.362694;0.336932;-1.373819;0.862182;0.511638;
0.029820;-1.411695;0.778909;0.632786;-0.699706;0.358926;0.340779;-1.375064;0.855325;0.519739;
0.029840;-1.412197;0.771478;0.640720;-0.699758;0.355145;0.344613;-1.376254;0.848435;0.527820;
0.029860;-1.412644;0.764015;0.648628;-0.699782;0.351349;0.348433;-1.377390;0.841511;0.535879;
0.029880;-1.413034;0.756523;0.656512;-0.699779;0.347540;0.352239;-1.378472;0.834553;0.543918;
0.029900;-1.413369;0.749000;0.664369;-0.699748;0.343717;0.356031;-1.379499;0.827563;0.551935;
0.029920;-1.413648;0.741448;0.672200;-0.699690;0.339880;0.359809;-1.380471;0.820541;0.559931;
0.029940;-1.413872;0.733867;0.680004;-0.699603;0.336030;0.363573;-1.381389;0.813485;0.567904;
0.029960;-1.414039;0.726257;0.687782;-0.699490;0.332167;0.367323;-1.382253;0.806398;0.575855;
0.029980;-1.414151;0.718618;0.695533;-0.699348;0.328290;0.371058;-1.383062;0.799279;0.583783;
0.030000;-1.414207;0.710951;0.703256;-0.699179;0.324401;0.374779;-1.383816;0.792128;0.591688;
0.030020;-1.414207;0.703256;0.710951;-0.698983;0.320498;0.378485;-1.384516;0.784947;0.599570;
0.030040;-1.414151;0.695533;0.718618;-0.698759;0.316583;0.382175;-1.385161;0.777734;0.607428;
0.030060;-1.414039;0.687782;0.726257;-0.698507;0.312656;0.385851;-1.385752;0.770490;0.615262;
0.030080;-1.413872;0.680004;0.733867;-0.698228;0.308716;0.389511;-1.386288;0.763216;0.623072;
0.030100;-1.413648;0.672200;0.741448;-0.697921;0.304764;0.393156;-1.386769;0.755912;0.630857;
0.030120;-1.413369;0.664369;0.749000;-0.697586;0.300800;0.396786;-1.387195;0.748578;0.638617;
0.030140;-1.413034;0.656512;0.756523;-0.697224;0.296824;0.400400;-1.387566;0.741214;0.646352;
0.030160;-1.412644;0.648628;0.764015;-0.696835;0.292837;0.403998;-1.387883;0.733821;0.654062;
0.030180;-1.412197;0.640720;0.771478;-0.696418;0.288838;0.407580;-1.388145;0.726400;0.661745;
0.030200;-1.411695;0.632786;0.778909;-0.695973;0.284827;0.411146;-1.388352;0.718949;0.669403;
0.030220;-1.411137;0.624826;0.786311;-0.695501;0.280805;0.414696;-1.388504;0.711470;0.677034;
0.030240;-1.410523;0.616843;0.793681;-0.695002;0.276773;0.418229;-1.388602;0.703963;0.684639;
0.030260;-1.409854;0.608835;0.801019;-0.694475;0.272729;0.421746;-1.388645;0.696429;0.692216;
0.030280;-1.409129;0.600803;0.808327;-0.693921;0.268674;0.425247;-1.388633;0.688866;0.699766;
0.030300;-1.408348;0.592747;0.815602;-0.693339;0.264609;0.428730;-1.388566;0.681277;0.707289;
0.030320;-1.407512;0.584667;0.822845;-0.692730;0.260533;0.432197;-1.388444;0.673661;0.714783;
0.030340;-1.406620;0.576565;0.830055;-0.692094;0.256448;0.435646;-1.388267;0.666018;0.722250;
0.030360;-1.405673;0.568440;0.837233;-0.691430;0.252352;0.439079;-1.388036;0.658349;0.729687;
0.030380;-1.404670;0.560292;0.844378;-0.690739;0.248246;0.442494;-1.387750;0.650653;0.737096;
0.030400;-1.403612;0.552123;0.851489;-0.690021;0.244130;0.445891;-1.387409;0.642932;0.744476;
0.030420;-1.402498;0.543931;0.858567;-0.689275;0.240004;0.449271;-1.387013;0.635186;0.751827;
0.030440;-1.401329;0.535718;0.865611;-0.688502;0.235869;0.452633;-1.386562;0.627415;0.759148;
0.030460;-1.400105;0.527484;0.872621;-0.687703;0.231725;0.455977;-1.386057;0.619619;0.766438;
0.030480;-1.398825;0.519229;0.879596;-0.686876;0.227572;0.459304;-1.385497;0.611798;0.773699;
0.030500;-1.397490;0.510954;0.886536;-0.686021;0.223410;0.462612;-1.384883;0.603953;0.780929;
0.030520;-1.396100;0.502659;0.893442;-0.685140;0.219238;0.465902;-1.384213;0.596085;0.788128;
0.030540;-1.394655;0.494343;0.900312;-0.684232;0.215059;0.469173;-1.383489;0.588193;0.795297;
0.030560;-1.393155;0.486008;0.907147;-0.683296;0.210870;0.472426;-1.382711;0.580277;0.802433;
0.030580;-1.391600;0.477654;0.913946;-0.682334;0.206674;0.475661;-1.381878;0.572339;0.809538;
0.030600;-1.389990;0.469281;0.920708;-0.681345;0.202469;0.478876;-1.380990;0.564378;0.816611;
0.030620;-1.388325;0.460890;0.927435;-0.680329;0.198256;0.482073;-1.380048;0.556395;0.823652;
0.030640;-1.386605;0.452480;0.934125;-0.679286;0.194035;0.485250;-1.379051;0.548390;0.830661;
0.030660;-1.384830;0.444052;0.940778;-0.678216;0.189807;0.488409;-1.378000;0.540364;0.837636;
0.030680;-1.383001;0.435607;0.947394;-0.677119;0.185571;0.491548;-1.376894;0.532315;0.844579;
0.030700;-1.381117;0.427145;0.953972;-0.675996;0.181328;0.494668;-1.375734;0.524246;0.851488;
0.030720;-1.379179;0.418666;0.960513;-0.674846;0.177078;0.497768;-1.374520;0.516157;0.858363;
0.030740;-1.377186;0.410170;0.967016;-0.673669;0.172821;0.500849;-1.373251;0.508047;0.865205;
0.030760;-1.375139;0.401658;0.973480;-0.672466;0.168557;0.503909;-1.371929;0.499916;0.872012;
0.030780;-1.373037;0.393131;0.979907;-0.671236;0.164286;0.506950;-1.370552;0.491766;0.878785;
0.030800;-1.370882;0.384587;0.986294;-0.669980;0.160009;0.509971;-1.369121;0.483597;0.885524;
0.030820;-1.368672;0.376029;0.992643;-0.668697;0.155725;0.512972;-1.367636;0.475409;0.892227;
0.030840;-1.366408;0.367456;0.998952;-0.667388;0.151436;0.515953;-1.366097;0.467201;0.898895;
0.030860;-1.364090;0.358868;1.005222;-0.666053;0.147140;0.518913;-1.364504;0.458976;0.905528;
0.030880;-1.361719;0.350266;1.011453;-0.664691;0.142839;0.521852;-1.362857;0.450732;0.912125;
0.030900;-1.359293;0.341650;1.017643;-0.663303;0.138531;0.524771;-1.361156;0.442470;0.918686;
0.030920;-1.356814;0.333021;1.023793;-0.661889;0.134219;0.527670;-1.359402;0.434191;0.925210;
0.030940;-1.354282;0.324379;1.029903;-0.660448;0.129901;0.530547;-1.357594;0.425895;0.931699;
0.030960;-1.351695;0.315723;1.035972;-0.658982;0.125578;0.533404;-1.355732;0.417582;0.938150;
0.030980;-1.349056;0.307056;1.042000;-0.657489;0.121250;0.536239;-1.353817;0.409253;0.944564;
0.031000;-1.346363;0.298376;1.047987;-0.655971;0.116917;0.539054;-1.351848;0.400907;0.950941;
0.031020;-1.343617;0.289684;1.053933;-0.654427;0.112580;0.541847;-1.349826;0.392546;0.957281;
0.031040;-1.340819;0.280981;1.059837;-0.652857;0.108238;0.544619;-1.347751;0.384169;0.963582;
0.031060;-1.337967;0.272267;1.065700;-0.651261;0.103892;0.547369;-1.345623;0.375777;0.969846;
0.031080;-1.335062;0.263542;1.071520;-0.649639;0.099542;0.550097;-1.343441;0.367370;0.976071;
0.031100;-1.332105;0.254807;1.077298;-0.647992;0.095188;0.552804;-1.341206;0.358948;0.982258;
0.031120;-1.329095;0.246062;1.083033;-0.646319;0.090830;0.555489;-1.338919;0.350513;0.988406;
0.031140;-1.326032;0.237307;1.088726;-0.644621;0.086469;0.558152;-1.336578;0.342063;0.994515;
0.031160;-1.322918;0.228542;1.094375;-0.642897;0.082104;0.560793;-1.334185;0.333600;1.000585;
0.031180;-1.319751;0.219769;1.099982;-0.641148;0.077736;0.563412;-1.331739;0.325124;1.006615;
0.031200;-1.316532;0.210987;1.105545;-0.639373;0.073364;0.566009;-1.329241;0.316635;1.012606;
0.031220;-1.313260;0.202196;1.111064;-0.637574;0.068990;0.568583;-1.326690;0.308134;1.018556;
0.031240;-1.309938;0.193398;1.116540;-0.635749;0.064614;0.571135;-1.324087;0.299620;1.024467;
0.031260;-1.306563;0.184592;1.121971;-0.633899;0.060234;0.573665;-1.321431;0.291094;1.030337;
0.031280;-1.303137;0.175779;1.127358;-0.632024;0.055853;0.576171;-1.318723;0.282557;1.036166;
0.031300;-1.299659;0.166958;1.132701;-0.630124;0.051469;0.578655;-1.315964;0.274009;1.041954;
0.031320;-1.296130;0.158131;1.137999;-0.628199;0.047083;0.581116;-1.313152;0.265450;1.047701;
0.031340;-1.292550;0.149298;1.143252;-0.626249;0.042695;0.583554;-1.310288;0.256881;1.053407;
0.031360;-1.288919;0.140459;1.148460;-0.624275;0.038305;0.585970;-1.307373;0.248301;1.059071;
0.031380;-1.285237;0.131615;1.153622;-0.622276;0.033914;0.588362;-1.304406;0.239712;1.064694;
0.031400;-1.281504;0.122765;1.158739;-0.620252;0.029522;0.590730;-1.301388;0.231113;1.070274;
0.031420;-1.277721;0.113910;1.163810;-0.618204;0.025128;0.593076;-1.298318;0.222505;1.075812;
0.031440;-1.273887;0.105051;1.168836;-0.616132;0.020734;0.595398;-1.295197;0.213889;1.081308;
0.031460;-1.270003;0.096188;1.173815;-0.614035;0.016339;0.597696;-1.292025;0.205263;1.086761;
0.031480;-1.266069;0.087321;1.178747;-0.611914;0.011943;0.599971;-1.288801;0.196630;1.092171;
0.031500;-1.262084;0.078451;1.183634;-0.609769;0.007546;0.602222;-1.285527;0.187989;1.097538;
0.031520;-1.258050;0.069577;1.188473;-0.607599;0.003149;0.604450;-1.282202;0.179341;1.102862;
0.031540;-1.253967;0.060701;1.193266;-0.605406;-0.001247;0.606654;-1.278827;0.170685;1.108142;
0.031560;-1.249833;0.051822;1.198011;-0.603189;-0.005644;0.608833;-1.275401;0.162023;1.113378;
0.031580;-1.245651;0.042941;1.202710;-0.600948;-0.010041;0.610989;-1.271925;0.153354;1.118571;
0.031600;-1.241419;0.034059;1.207360;-0.598683;-0.014437;0.613120;-1.268398;0.144679;1.123719;
0.031620;-1.237138;0.025175;1.211963;-0.596395;-0.018833;0.615228;-1.264822;0.135999;1.128823;
0.031640;-1.232809;0.016290;1.216519;-0.594083;-0.023227;0.617311;-1.261195;0.127313;1.133882;
0.031660;-1.228430;0.007405;1.221026;-0.591748;-0.027621;0.619369;-1.257519;0.118622;1.138896;
0.031680;-1.224004;-0.001481;1.225485;-0.589389;-0.032014;0.621403;-1.253793;0.109927;1.143866;
0.031700;-1.219529;-0.010367;1.229895;-0.587007;-0.036406;0.623413;-1.250017;0.101227;1.148790;
0.031720;-1.215005;-0.019252;1.234257;-0.584602;-0.040796;0.625398;-1.246193;0.092523;1.153670;
0.031740;-1.210434;-0.028136;1.238571;-0.582174;-0.045185;0.627359;-1.242319;0.083816;1.158503;
0.031760;-1.205815;-0.037020;1.242835;-0.579723;-0.049571;0.629294;-1.238396;0.075105;1.163291;
0.031780;-1.201149;-0.045902;1.247050;-0.577249;-0.053956;0.631205;-1.234424;0.066391;1.168033;
0.031800;-1.196435;-0.054782;1.251217;-0.574752;-0.058339;0.633091;-1.230403;0.057675;1.172728;
0.031820;-1.191673;-0.063660;1.255333;-0.572232;-0.062719;0.634951;-1.226334;0.048956;1.177378;
0.031840;-1.186865;-0.072535;1.259400;-0.569690;-0.067097;0.636787;-1.222216;0.040235;1.181981;
0.031860;-1.182010;-0.081408;1.263418;-0.567125;-0.071472;0.638598;-1.218050;0.031513;1.186537;
0.031880;-1.177108;-0.090277;1.267386;-0.564538;-0.075845;0.640383;-1.213836;0.022790;1.191047;
0.031900;-1.172160;-0.099143;1.271303;-0.561929;-0.080214;0.642143;-1.209574;0.014065;1.195509;
0.031920;-1.167166;-0.108005;1.275170;-0.559298;-0.084581;0.643878;-1.205265;0.005340;1.199924;
0.031940;-1.162125;-0.116863;1.278987;-0.556644;-0.088944;0.645588;-1.200908;-0.003385;1.204292;
0.031960;-1.157038;-0.125716;1.282754;-0.553968;-0.093303;0.647271;-1.196503;-0.012110;1.208613;
0.031980;-1.151906;-0.134564;1.286470;-0.551271;-0.097659;0.648930;-1.192051;-0.020834;1.212885;
0.032000;-1.146729;-0.143406;1.290135;-0.548552;-0.102011;0.650562;-1.187552;-0.029558;1.217110;
0.032020;-1.141506;-0.152243;1.293749;-0.545811;-0.106359;0.652169;-1.183006;-0.038280;1.221287;
0.032040;-1.136238;-0.161074;1.297312;-0.543049;-0.110702;0.653751;-1.178414;-0.047001;1.225415;
0.032060;-1.130925;-0.169899;1.300824;-0.540265;-0.115041;0.655306;-1.173775;-0.055720;1.229495;
0.032080;-1.125567;-0.178717;1.304285;-0.537460;-0.119376;0.656836;-1.169089;-0.064437;1.233527;
0.032100;-1.120165;-0.187528;1.307694;-0.534633;-0.123706;0.658339;-1.164358;-0.073152;1.237510;
0.032120;-1.114719;-0.196332;1.311051;-0.531786;-0.128031;0.659817;-1.159580;-0.081863;1.241444;
0.032140;-1.109229;-0.205127;1.314357;-0.528917;-0.132352;0.661269;-1.154757;-0.090572;1.245329;
0.032160;-1.103695;-0.213915;1.317610;-0.526028;-0.136666;0.662694;-1.149888;-0.099276;1.249164;
0.032180;-1.098118;-0.222694;1.320812;-0.523118;-0.140976;0.664094;-1.144974;-0.107977;1.252951;
0.032200;-1.092497;-0.231465;1.323962;-0.520187;-0.145280;0.665467;-1.140014;-0.116674;1.256688;
0.032220;-1.086833;-0.240226;1.327059;-0.517236;-0.149578;0.666814;-1.135010;-0.125365;1.260375;
0.032240;-1.081126;-0.248978;1.330104;-0.514264;-0.153870;0.668134;-1.129961;-0.134052;1.264013;
0.032260;-1.075376;-0.257720;1.333096;-0.511272;-0.158156;0.669428;-1.124867;-0.142734;1.267601;
0.032280;-1.069584;-0.266452;1.336036;-0.508260;-0.162436;0.670696;-1.119728;-0.151410;1.271139;
0.032300;-1.063750;-0.275173;1.338923;-0.505227;-0.166710;0.671937;-1.114546;-0.160080;1.274626;
0.032320;-1.057874;-0.283884;1.341757;-0.502175;-0.170977;0.673152;-1.109319;-0.168744;1.278063;
0.032340;-1.051956;-0.292583;1.344539;-0.499103;-0.175237;0.674340;-1.104049;-0.177401;1.281450;
0.032360;-1.045996;-0.301270;1.347267;-0.496011;-0.179490;0.675502;-1.098735;-0.186051;1.284786;
0.032380;-1.039995;-0.309946;1.349942;-0.492900;-0.183737;0.676637;-1.093378;-0.194694;1.288072;
0.032400;-1.033954;-0.318610;1.352563;-0.489769;-0.187976;0.677745;-1.087978;-0.203329;1.291306;
0.032420;-1.027871;-0.327261;1.355132;-0.486619;-0.192207;0.678826;-1.082534;-0.211956;1.294490;
0.032440;-1.021748;-0.335899;1.357646;-0.483450;-0.196431;0.679881;-1.077048;-0.220575;1.297623;
0.032460;-1.015584;-0.344524;1.360108;-0.480261;-0.200647;0.680909;-1.071519;-0.229184;1.300704;
0.032480;-1.009380;-0.353135;1.362515;-0.477054;-0.204856;0.681909;-1.065948;-0.237785;1.303734;
0.032500;-1.003137;-0.361732;1.364869;-0.473828;-0.209056;0.682883;-1.060335;-0.246377;1.306712;
0.032520;-0.996853;-0.370315;1.367169;-0.470583;-0.213248;0.683830;-1.054681;-0.254959;1.309639;
0.032540;-0.990531;-0.378883;1.369414;-0.467319;-0.217431;0.684750;-1.048984;-0.263530;1.312514;
0.032560;-0.984169;-0.387437;1.371606;-0.464037;-0.221606;0.685643;-1.043246;-0.272092;1.315338;
0.032580;-0.977769;-0.395975;1.373744;-0.460737;-0.225772;0.686509;-1.037467;-0.280642;1.318109;
0.032600;-0.971330;-0.404497;1.375827;-0.457419;-0.229930;0.687348;-1.031647;-0.289182;1.320829;
0.032620;-0.964852;-0.413004;1.377856;-0.454082;-0.234078;0.688160;-1.025786;-0.297710;1.323496;
0.032640;-0.958337;-0.421494;1.379831;-0.450728;-0.238217;0.688944;-1.019885;-0.306226;1.326111;
0.032660;-0.951783;-0.429968;1.381751;-0.447355;-0.242346;0.689702;-1.013943;-0.314730;1.328674;
0.032680;-0.945192;-0.438424;1.383617;-0.443965;-0.246466;0.690432;-1.007962;-0.323222;1.331184;
0.032700;-0.938564;-0.446864;1.385428;-0.440558;-0.250576;0.691134;-1.001940;-0.331701;1.333642;
0.032720;-0.931899;-0.455285;1.387184;-0.437133;-0.254677;0.691810;-0.995879;-0.340167;1.336047;
0.032740;-0.925197;-0.463689;1.388886;-0.433691;-0.258767;0.692458;-0.989779;-0.348620;1.338399;
0.032760;-0.918458;-0.472074;1.390532;-0.430232;-0.262847;0.693079;-0.983640;-0.357058;1.340698;
0.032780;-0.911683;-0.480441;1.392124;-0.426756;-0.266917;0.693673;-0.977462;-0.365483;1.342945;
0.032800;-0.904872;-0.488789;1.393661;-0.423263;-0.270976;0.694239;-0.971245;-0.373893;1.345138;
0.032820;-0.898026;-0.497117;1.395143;-0.419753;-0.275025;0.694777;-0.964990;-0.382289;1.347279;
0.032840;-0.891144;-0.505426;1.396570;-0.416227;-0.279062;0.695289;-0.958697;-0.390669;1.349366;
0.032860;-0.884227;-0.513715;1.397941;-0.412684;-0.283089;0.695773;-0.952366;-0.399034;1.351400;
0.032880;-0.877275;-0.521983;1.399258;-0.409125;-0.287104;0.696229;-0.945997;-0.407383;1.353380;
0.032900;-0.870288;-0.530231;1.400519;-0.405550;-0.291108;0.696658;-0.939591;-0.415716;1.355308;
0.032920;-0.863267;-0.538458;1.401725;-0.401958;-0.295101;0.697059;-0.933148;-0.424033;1.357181;
0.032940;-0.856211;-0.546664;1.402876;-0.398351;-0.299082;0.697433;-0.926668;-0.432333;1.359001;
0.032960;-0.849122;-0.554848;1.403971;-0.394729;-0.303051;0.697780;-0.920152;-0.440616;1.360768;
0.032980;-0.842000;-0.563011;1.405011;-0.391090;-0.307008;0.698098;-0.913599;-0.448882;1.362480;
0.033000;-0.834844;-0.571151;1.405995;-0.387436;-0.310953;0.698390;-0.907010;-0.457129;1.364139;
0.033020;-0.827655;-0.579268;1.406924;-0.383767;-0.314886;0.698653;-0.900385;-0.465359;1.365744;
0.033040;-0.820434;-0.587363;1.407797;-0.380083;-0.318806;0.698889;-0.893725;-0.473570;1.367295;
0.033060;-0.813180;-0.595435;1.408615;-0.376384;-0.322714;0.699098;-0.887029;-0.481763;1.368793;
0.033080;-0.805894;-0.603483;1.409377;-0.372670;-0.326609;0.699279;-0.880299;-0.489937;1.370236;
0.033100;-0.798577;-0.611507;1.410083;-0.368941;-0.330491;0.699432;-0.873534;-0.498091;1.371625;
0.033120;-0.791227;-0.619507;1.410734;-0.365197;-0.334360;0.699558;-0.866734;-0.506226;1.372960;
0.033140;-0.783847;-0.627482;1.411329;-0.361440;-0.338216;0.699656;-0.859900;-0.514340;1.374240;
0.033160;-0.776436;-0.635433;1.411869;-0.357667;-0.342059;0.699726;-0.853032;-0.522435;1.375467;
0.033180;-0.768993;-0.643359;1.412352;-0.353881;-0.345888;0.699769;-0.846130;-0.530509;1.376639;
0.033200;-0.761521;-0.651259;1.412780;-0.350081;-0.349703;0.699784;-0.839195;-0.538561;1.377757;
0.033220;-0.754019;-0.659134;1.413152;-0.346267;-0.353505;0.699772;-0.832227;-0.546593;1.378820;
0.033240;-0.746486;-0.666982;1.413468;-0.342439;-0.357292;0.699732;-0.825226;-0.554603;1.379829;
0.033260;-0.738925;-0.674804;1.413729;-0.338598;-0.361066;0.699664;-0.818192;-0.562591;1.380783;
0.033280;-0.731334;-0.682600;1.413934;-0.334744;-0.364825;0.699569;-0.811127;-0.570557;1.381683;
0.033300;-0.723714;-0.690369;1.414083;-0.330876;-0.368570;0.699446;-0.804029;-0.578500;1.382529;
0.033320;-0.716066;-0.698110;1.414176;-0.326995;-0.372300;0.699295;-0.796899;-0.586420;1.383320;
0.033340;-0.708389;-0.705824;1.414213;-0.323101;-0.376016;0.699117;-0.789738;-0.594318;1.384056;
0.033360;-0.700684;-0.713510;1.414194;-0.319195;-0.379716;0.698911;-0.782546;-0.602192;1.384737;
0.033380;-0.692952;-0.721168;1.414120;-0.315276;-0.383402;0.698678;-0.775322;-0.610042;1.385364;
0.033400;-0.685193;-0.728797;1.413989;-0.311344;-0.387073;0.698417;-0.768069;-0.617868;1.385936;
0.033420;-0.677406;-0.736397;1.413803;-0.307400;-0.390728;0.698128;-0.760785;-0.625669;1.386454;
0.033440;-0.669593;-0.743969;1.413561;-0.303444;-0.394368;0.697812;-0.753470;-0.633446;1.386917;
0.033460;-0.661753;-0.751511;1.413264;-0.299476;-0.397992;0.697469;-0.746127;-0.641198;1.387325;
0.033480;-0.653887;-0.759024;1.412910;-0.295497;-0.401601;0.697098;-0.738753;-0.648925;1.387678;
0.033500;-0.645995;-0.766506;1.412501;-0.291505;-0.405194;0.696699;-0.731351;-0.656626;1.387976;
0.033520;-0.638078;-0.773958;1.412036;-0.287502;-0.408771;0.696273;-0.723919;-0.664301;1.388220;
0.033540;-0.630135;-0.781380;1.411515;-0.283488;-0.412331;0.695819;-0.716459;-0.671950;1.388409;
0.033560;-0.622168;-0.788771;1.410939;-0.279462;-0.415876;0.695338;-0.708971;-0.679572;1.388543;
0.033580;-0.614176;-0.796130;1.410306;-0.275426;-0.419404;0.694829;-0.701455;-0.687167;1.388622;
0.033600;-0.606160;-0.803459;1.409619;-0.271378;-0.422915;0.694293;-0.693911;-0.694736;1.388647;
0.033620;-0.598120;-0.810755;1.408875;-0.267320;-0.426410;0.693730;-0.686340;-0.702277;1.388616;
0.033640;-0.590056;-0.818020;1.408076;-0.263252;-0.429888;0.693139;-0.678741;-0.709790;1.388531;
0.033660;-0.581969;-0.825252;1.407221;-0.259173;-0.433348;0.692521;-0.671116;-0.717275;1.388391;
0.033680;-0.573859;-0.832452;1.406311;-0.255083;-0.436792;0.691876;-0.663464;-0.724732;1.388196;
0.033700;-0.565727;-0.839618;1.405345;-0.250984;-0.440219;0.691203;-0.655786;-0.732160;1.387947;
0.033720;-0.557572;-0.846752;1.404324;-0.246875;-0.443628;0.690503;-0.648083;-0.739560;1.387642;
0.033740;-0.549395;-0.853852;1.403247;-0.242756;-0.447020;0.689775;-0.640353;-0.746930;1.387283;
0.033760;-0.541196;-0.860919;1.402115;-0.238627;-0.450394;0.689021;-0.632599;-0.754270;1.386869;
0.033780;-0.532976;-0.867951;1.400927;-0.234489;-0.453750;0.688239;-0.624819;-0.761581;1.386400;
0.033800;-0.524735;-0.874949;1.399684;-0.230342;-0.457088;0.687430;-0.617015;-0.768862;1.385877;
0.033820;-0.516473;-0.881913;1.398386;-0.226185;-0.460408;0.686594;-0.609186;-0.776113;1.385298;
0.033840;-0.508191;-0.888842;1.397033;-0.222020;-0.463710;0.685731;-0.601333;-0.783332;1.384666;
0.033860;-0.499889;-0.895736;1.395625;-0.217846;-0.466994;0.684840;-0.593457;-0.790521;1.383978;
0.033880;-0.491567;-0.902594;1.394161;-0.213663;-0.470260;0.683923;-0.585557;-0.797679;1.383236;
0.033900;-0.483226;-0.909417;1.392643;-0.209472;-0.473506;0.682979;-0.577634;-0.804805;1.382439;
0.033920;-0.474865;-0.916204;1.391069;-0.205273;-0.476734;0.682007;-0.569688;-0.811900;1.381588;
0.033940;-0.466486;-0.922955;1.389441;-0.201065;-0.479944;0.681009;-0.561720;-0.818962;1.380682;
0.033960;-0.458088;-0.929669;1.387757;-0.196850;-0.483134;0.679984;-0.553729;-0.825992;1.379721;
0.033980;-0.449673;-0.936347;1.386019;-0.192627;-0.486305;0.678932;-0.545717;-0.832989;1.378706;
0.034000;-0.441239;-0.942987;1.384227;-0.188396;-0.489457;0.677853;-0.537683;-0.839954;1.377637;
0.034020;-0.432788;-0.949591;1.382379;-0.184158;-0.492590;0.676748;-0.529628;-0.846885;1.376513;
0.034040;-0.424321;-0.956157;1.380477;-0.179912;-0.495703;0.675616;-0.521552;-0.853783;1.375335;
0.034060;-0.415836;-0.962685;1.378521;-0.175660;-0.498797;0.674457;-0.513456;-0.860648;1.374103;
0.034080;-0.407335;-0.969175;1.376510;-0.171400;-0.501871;0.673271;-0.505339;-0.867478;1.372816;
0.034100;-0.398818;-0.975627;1.374444;-0.167134;-0.504925;0.672059;-0.497202;-0.874274;1.371476;
0.034120;-0.390285;-0.982040;1.372325;-0.162861;-0.507960;0.670821;-0.489045;-0.881035;1.370081;
0.034140;-0.381736;-0.988415;1.370151;-0.158582;-0.510974;0.669555;-0.480870;-0.887762;1.368632;
0.034160;-0.373173;-0.994750;1.367923;-0.154296;-0.513968;0.668264;-0.472675;-0.894454;1.367129;
0.034180;-0.364595;-1.001047;1.365641;-0.150004;-0.516942;0.666946;-0.464462;-0.901110;1.365572;
0.034200;-0.356002;-1.007303;1.363306;-0.145707;-0.519895;0.665602;-0.456230;-0.907731;1.363961;
0.034220;-0.347396;-1.013520;1.360916;-0.141403;-0.522828;0.664231;-0.447980;-0.914316;1.362296;
0.034240;-0.338775;-1.019698;1.358473;-0.137094;-0.525740;0.662834;-0.439713;-0.920865;1.360577;
0.034260;-0.330142;-1.025834;1.355976;-0.132780;-0.528631;0.661411;-0.431428;-0.927377;1.358805;
0.034280;-0.321495;-1.031931;1.353425;-0.128461;-0.531502;0.659962;-0.423126;-0.933853;1.356979;
0.034300;-0.312835;-1.037986;1.350822;-0.124136;-0.534351;0.658487;-0.414808;-0.940292;1.355100;
0.034320;-0.304164;-1.044001;1.348164;-0.119806;-0.537180;0.656986;-0.406473;-0.946694;1.353167;
0.034340;-0.295480;-1.049974;1.345454;-0.115472;-0.539987;0.655459;-0.398122;-0.953059;1.351180;
0.034360;-0.286785;-1.055906;1.342690;-0.111133;-0.542773;0.653906;-0.389755;-0.959386;1.349141;
0.034380;-0.278078;-1.061796;1.339874;-0.106790;-0.545538;0.652328;-0.381373;-0.965675;1.347048;
0.034400;-0.269360;-1.067644;1.337004;-0.102442;-0.548281;0.650723;-0.372976;-0.971925;1.344901;
0.034420;-0.260632;-1.073450;1.334082;-0.098091;-0.551002;0.649093;-0.364564;-0.978138;1.342702;
0.034440;-0.251893;-1.079214;1.331107;-0.093736;-0.553702;0.647437;-0.356138;-0.984312;1.340450;
0.034460;-0.243144;-1.084935;1.328080;-0.089377;-0.556379;0.645756;-0.347698;-0.990447;1.338145;
0.034480;-0.234386;-1.090614;1.325000;-0.085014;-0.559035;0.644049;-0.339244;-0.996543;1.335787;
0.034500;-0.225619;-1.096249;1.321868;-0.080648;-0.561669;0.642317;-0.330776;-1.002600;1.333376;
0.034520;-0.216842;-1.101841;1.318683;-0.076279;-0.564280;0.640559;-0.322296;-1.008617;1.330912;
0.034540;-0.208058;-1.107389;1.315447;-0.071907;-0.566870;0.638776;-0.313803;-1.014594;1.328396;
0.034560;-0.199264;-1.112894;1.312159;-0.067532;-0.569436;0.636968;-0.305297;-1.020531;1.325828;
0.034580;-0.190463;-1.118355;1.308818;-0.063154;-0.571981;0.635135;-0.296779;-1.026428;1.323207;
0.034600;-0.181655;-1.123772;1.305427;-0.058774;-0.574503;0.633277;-0.288250;-1.032284;1.320534;
0.034620;-0.172839;-1.129144;1.301983;-0.054391;-0.577002;0.631393;-0.279709;-1.038100;1.317809;
0.034640;-0.164017;-1.134472;1.298488;-0.050007;-0.579478;0.629485;-0.271158;-1.043875;1.315032;
0.034660;-0.155188;-1.139755;1.294942;-0.045620;-0.581932;0.627552;-0.262595;-1.049608;1.312203;
0.034680;-0.146353;-1.144993;1.291345;-0.041232;-0.584362;0.625594;-0.254022;-1.055300;1.309322;
0.034700;-0.137512;-1.150185;1.287697;-0.036842;-0.586769;0.623611;-0.245439;-1.060950;1.306390;
0.034720;-0.128665;-1.155333;1.283998;-0.032450;-0.589154;0.621604;-0.236847;-1.066559;1.303406;
0.034740;-0.119814;-1.160435;1.280249;-0.028058;-0.591515;0.619572;-0.228245;-1.072125;1.300370;
0.034760;-0.110958;-1.165490;1.276448;-0.023664;-0.593852;0.617516;-0.219634;-1.077649;1.297283;
0.034780;-0.102097;-1.170500;1.272598;-0.019269;-0.596167;0.615436;-0.211014;-1.083131;1.294145;
0.034800;-0.093233;-1.175464;1.268697;-0.014873;-0.598457;0.613331;-0.202387;-1.088569;1.290956;
0.034820;-0.084365;-1.180381;1.264746;-0.010477;-0.600724;0.611202;-0.193751;-1.093965;1.287716;
0.034840;-0.075493;-1.185252;1.260745;-0.006081;-0.602968;0.609048;-0.185107;-1.099317;1.284425;
0.034860;-0.066619;-1.190076;1.256695;-0.001684;-0.605187;0.606871;-0.176456;-1.104627;1.281083;
0.034880;-0.057741;-1.194853;1.252594;0.002713;-0.607383;0.604670;-0.167798;-1.109892;1.277691;
0.034900;-0.048862;-1.199583;1.248445;0.007110;-0.609554;0.602445;-0.159134;-1.115114;1.274248;
0.034920;-0.039981;-1.204265;1.244246;0.011506;-0.611702;0.600196;-0.150463;-1.120292;1.270755;
0.034940;-0.031098;-1.208900;1.239998;0.015902;-0.613825;0.597923;-0.141787;-1.125425;1.267212;
0.034960;-0.022214;-1.213487;1.235701;0.020298;-0.615925;0.595627;-0.133104;-1.130514;1.263618;
0.034980;-0.013328;-1.218026;1.231355;0.024692;-0.618000;0.593307;-0.124417;-1.135558;1.259975;
0.035000;-0.004443;-1.222517;1.226960;0.029086;-0.620050;0.590964;-0.115724;-1.140558;1.256282;
0.035020;0.004443;-1.226960;1.222517;0.033478;-0.622076;0.588598;-0.107027;-1.145513;1.252540;
0.035040;0.013328;-1.231355;1.218026;0.037869;-0.624078;0.586208;-0.098326;-1.150422;1.248748;
0.035060;0.022214;-1.235701;1.213487;0.042259;-0.626054;0.583795;-0.089621;-1.155286;1.244907;
0.035080;0.031098;-1.239998;1.208900;0.046647;-0.628006;0.581359;-0.080912;-1.160104;1.241016;
0.035100;0.039981;-1.244246;1.204265;0.051033;-0.629934;0.578901;-0.072201;-1.164877;1.237077;
0.035120;0.048862;-1.248445;1.199583;0.055417;-0.631836;0.576419;-0.063486;-1.169603;1.233089;
0.035140;0.057741;-1.252594;1.194853;0.059799;-0.633714;0.573914;-0.054769;-1.174283;1.229052;
0.035160;0.066619;-1.256695;1.190076;0.064179;-0.635566;0.571387;-0.046049;-1.178917;1.224967;
0.035180;0.075493;-1.260745;1.185252;0.068556;-0.637394;0.568838;-0.037328;-1.183505;1.220833;
0.035200;0.084365;-1.264746;1.180381;0.072930;-0.639196;0.566266;-0.028605;-1.188046;1.216651;
0.035220;0.093233;-1.268697;1.175464;0.077302;-0.640973;0.563671;-0.019882;-1.192539;1.212421;
0.035240;0.102097;-1.272598;1.170500;0.081670;-0.642724;0.561054;-0.011157;-1.196986;1.208143;
0.035260;0.110958;-1.276448;1.165490;0.086035;-0.644451;0.558415;-0.002432;-1.201386;1.203818;
0.035280;0.119814;-1.280249;1.160435;0.090397;-0.646152;0.555755;0.006293;-1.205738;1.199445;
0.035300;0.128665;-1.283998;1.155333;0.094755;-0.647827;0.553072;0.015018;-1.210042;1.195024;
0.035320;0.137512;-1.287697;1.150185;0.099110;-0.649477;0.550367;0.023742;-1.214299;1.190557;
0.035340;0.146353;-1.291345;1.144993;0.103460;-0.651101;0.547641;0.032465;-1.218507;1.186042;
0.035360;0.155188;-1.294942;1.139755;0.107807;-0.652699;0.544893;0.041187;-1.222668;1.181481;
0.035380;0.164017;-1.298488;1.134472;0.112149;-0.654272;0.542123;0.049908;-1.226780;1.176873;
0.035400;0.172839;-1.301983;1.129144;0.116487;-0.655819;0.539332;0.058626;-1.230844;1.172218;
0.035420;0.181655;-1.305427;1.123772;0.120820;-0.657340;0.536520;0.067342;-1.234860;1.167517;
0.035440;0.190463;-1.308818;1.118355;0.125149;-0.658835;0.533686;0.076056;-1.238826;1.162770;
0.035460;0.199264;-1.312159;1.112894;0.129472;-0.660304;0.530832;0.084766;-1.242744;1.157978;
0.035480;0.208058;-1.315447;1.107389;0.133790;-0.661747;0.527956;0.093474;-1.246613;1.153139;
0.035500;0.216842;-1.318683;1.101841;0.138104;-0.663164;0.525060;0.102177;-1.250432;1.148255;
0.035520;0.225619;-1.321868;1.096249;0.142411;-0.664554;0.522143;0.110876;-1.254202;1.143326;
0.035540;0.234386;-1.325000;1.090614;0.146713;-0.665919;0.519205;0.119571;-1.257923;1.138351;
0.035560;0.243144;-1.328080;1.084935;0.151009;-0.667257;0.516247;0.128262;-1.261593;1.133332;
0.035580;0.251893;-1.331107;1.079214;0.155300;-0.668569;0.513269;0.136947;-1.265215;1.128268;
0.035600;0.260632;-1.334082;1.073450;0.159584;-0.669854;0.510270;0.145627;-1.268786;1.123159;
0.035620;0.269360;-1.337004;1.067644;0.163862;-0.671113;0.507251;0.154301;-1.272307;1.118006;
0.035640;0.278078;-1.339874;1.061796;0.168133;-0.672345;0.504212;0.162969;-1.275777;1.112809;
0.035660;0.286785;-1.342690;1.055906;0.172398;-0.673551;0.501153;0.171630;-1.279198;1.107568;
0.035680;0.295480;-1.345454;1.049974;0.176656;-0.674730;0.498075;0.180285;-1.282568;1.102283;
0.035700;0.304164;-1.348164;1.044001;0.180907;-0.675883;0.494976;0.188933;-1.285887;1.096954;
0.035720;0.312835;-1.350822;1.037986;0.185150;-0.677009;0.491859;0.197573;-1.289156;1.091583;
0.035740;0.321495;-1.353425;1.031931;0.189387;-0.678108;0.488721;0.206205;-1.292373;1.086168;
0.035760;0.330142;-1.355976;1.025834;0.193616;-0.679181;0.485565;0.214830;-1.295540;1.080710;
0.035780;0.338775;-1.358473;1.019698;0.197837;-0.680226;0.482389;0.223446;-1.298655;1.075210;
0.035800;0.347396;-1.360916;1.013520;0.202051;-0.681245;0.479194;0.232052;-1.301720;1.069667;
0.035820;0.356002;-1.363306;1.007303;0.206257;-0.682237;0.475981;0.240650;-1.304732;1.064082;
0.035840;0.364595;-1.365641;1.001047;0.210454;-0.683202;0.472748;0.249239;-1.307694;1.058455;
0.035860;0.373173;-1.367923;0.994750;0.214643;-0.684140;0.469497;0.257817;-1.310603;1.052786;
0.035880;0.381736;-1.370151;0.988415;0.218824;-0.685051;0.466227;0.266385;-1.313461;1.047076;
0.035900;0.390285;-1.372325;0.982040;0.222996;-0.685935;0.462939;0.274943;-1.316267;1.041324;
0.035920;0.398818;-1.374444;0.975627;0.227159;-0.686792;0.459633;0.283490;-1.319022;1.035532;
0.035940;0.407335;-1.376510;0.969175;0.231313;-0.687622;0.456308;0.292026;-1.321724;1.029698;
0.035960;0.415836;-1.378521;0.962685;0.235458;-0.688424;0.452966;0.300550;-1.324373;1.023824;
0.035980;0.424321;-1.380477;0.956157;0.239594;-0.689200;0.449605;0.309062;-1.326971;1.017909;
0.036000;0.432788;-1.382379;0.949591;0.243721;-0.689948;0.446227;0.317562;-1.329516;1.011954;
0.036020;0.441239;-1.384227;0.942987;0.247837;-0.690669;0.442832;0.326050;-1.332009;1.005959;
0.036040;0.449673;-1.386019;0.936347;0.251944;-0.691363;0.439418;0.334525;-1.334449;0.999924;
0.036060;0.458088;-1.387757;0.929669;0.256041;-0.692029;0.435988;0.342986;-1.336837;0.993850;
0.036080;0.466486;-1.389441;0.922955;0.260128;-0.692668;0.432540;0.351434;-1.339171;0.987737;
0.036100;0.474865;-1.391069;0.916204;0.264205;-0.693280;0.429075;0.359868;-1.341453;0.981585;
0.036120;0.483226;-1.392643;0.909417;0.268271;-0.693864;0.425593;0.368288;-1.343682;0.975394;
0.036140;0.491567;-1.394161;0.902594;0.272327;-0.694421;0.422095;0.376693;-1.345858;0.969164;
0.036160;0.499889;-1.395625;0.895736;0.276372;-0.694951;0.418579;0.385084;-1.347980;0.962896;
0.036180;0.508191;-1.397033;0.888842;0.280406;-0.695453;0.415048;0.393459;-1.350050;0.956591;
0.036200;0.516473;-1.398386;0.881913;0.284428;-0.695928;0.411499;0.401819;-1.352066;0.950247;
0.036220;0.524735;-1.399684;0.874949;0.288440;-0.696375;0.407935;0.410163;-1.354029;0.943866;
0.036240;0.532976;-1.400927;0.867951;0.292440;-0.696795;0.404354;0.418491;-1.355938;0.937447;
0.036260;0.541196;-1.402115;0.860919;0.296429;-0.697187;0.400758;0.426802;-1.357794;0.930992;
0.036280;0.549395;-1.403247;0.853852;0.300406;-0.697552;0.397146;0.435096;-1.359596;0.924500;
0.036300;0.557572;-1.404324;0.846752;0.304371;-0.697889;0.393518;0.443373;-1.361345;0.917971;
0.036320;0.565727;-1.405345;0.839618;0.308324;-0.698198;0.389874;0.451633;-1.363039;0.911406;
0.036340;0.573859;-1.406311;0.832452;0.312265;-0.698480;0.386215;0.459875;-1.364680;0.904806;
0.036360;0.581969;-1.407221;0.825252;0.316194;-0.698735;0.382541;0.468098;-1.366267;0.898169;
0.036380;0.590056;-1.408076;0.818020;0.320110;-0.698962;0.378852;0.476303;-1.367800;0.891497;
0.036400;0.598120;-1.408875;0.810755;0.324014;-0.699161;0.375147;0.484490;-1.369280;0.884790;
0.036420;0.606160;-1.409619;0.803459;0.327905;-0.699333;0.371428;0.492657;-1.370705;0.878048;
0.036440;0.614176;-1.410306;0.796130;0.331782;-0.699477;0.367695;0.500805;-1.372076;0.871271;
0.036460;0.622168;-1.410939;0.788771;0.335647;-0.699593;0.363946;0.508933;-1.373392;0.864460;
0.036480;0.630135;-1.411515;0.781380;0.339498;-0.699682;0.360184;0.517041;-1.374655;0.857614;
0.036500;0.638078;-1.412036;0.773958;0.343336;-0.699743;0.356407;0.525128;-1.375863;0.850735;
0.036520;0.645995;-1.412501;0.766506;0.347161;-0.699777;0.352616;0.533195;-1.377017;0.843822;
0.036540;0.653887;-1.412910;0.759024;0.350972;-0.699783;0.348811;0.541241;-1.378117;0.836876;
0.036560;0.661753;-1.413264;0.751511;0.354769;-0.699761;0.344993;0.549265;-1.379162;0.829897;
0.036580;0.669593;-1.413561;0.743969;0.358552;-0.699712;0.341160;0.557268;-1.380153;0.822885;
0.036600;0.677406;-1.413803;0.736397;0.362320;-0.699635;0.337315;0.565249;-1.381089;0.815841;
0.036620;0.685193;-1.413989;0.728797;0.366075;-0.699531;0.333456;0.573207;-1.381971;0.808764;
0.036640;0.692952;-1.414120;0.721168;0.369815;-0.699399;0.329584;0.581143;-1.382798;0.801656;
0.036660;0.700684;-1.414194;0.713510;0.373540;-0.699239;0.325699;0.589056;-1.383571;0.794515;
0.036680;0.708389;-1.414213;0.705824;0.377251;-0.699051;0.321801;0.596945;-1.384289;0.787344;
0.036700;0.716066;-1.414176;0.698110;0.380947;-0.698836;0.317890;0.604811;-1.384952;0.780141;
0.036720;0.723714;-1.414083;0.690369;0.384627;-0.698594;0.313967;0.612653;-1.385561;0.772908;
0.036740;0.731334;-1.413934;0.682600;0.388293;-0.698324;0.310031;0.620471;-1.386115;0.765644;
0.036760;0.738925;-1.413729;0.674804;0.391943;-0.698026;0.306083;0.628264;-1.386614;0.758350;
0.036780;0.746486;-1.413468;0.666982;0.395578;-0.697701;0.302123;0.636033;-1.387059;0.751026;
0.036800;0.754019;-1.413152;0.659134;0.399197;-0.697348;0.298151;0.643777;-1.387449;0.743672;
0.036820;0.761521;-1.412780;0.651259;0.402800;-0.696968;0.294167;0.651495;-1.387784;0.736289;
0.036840;0.768993;-1.412352;0.643359;0.406388;-0.696560;0.290172;0.659187;-1.388064;0.728877;
0.036860;0.776436;-1.411869;0.635433;0.409959;-0.696125;0.286165;0.666853;-1.388289;0.721436;
0.036880;0.783847;-1.411329;0.627482;0.413515;-0.695662;0.282147;0.674493;-1.388460;0.713966;
0.036900;0.791227;-1.410734;0.619507;0.417053;-0.695172;0.278118;0.682107;-1.388576;0.706469;
0.036920;0.798577;-1.410083;0.611507;0.420576;-0.694654;0.274078;0.689693;-1.388637;0.698943;
0.036940;0.805894;-1.409377;0.603483;0.424082;-0.694109;0.270027;0.697253;-1.388643;0.691390;
0.036960;0.813180;-1.408615;0.595435;0.427571;-0.693536;0.265965;0.704784;-1.388594;0.683810;
0.036980;0.820434;-1.407797;0.587363;0.431043;-0.692936;0.261893;0.712288;-1.388491;0.676202;
0.037000;0.827655;-1.406924;0.579268;0.434498;-0.692309;0.257811;0.719764;-1.388332;0.668568;
0.037020;0.834844;-1.405995;0.571151;0.437936;-0.691654;0.253718;0.727211;-1.388119;0.660908;
0.037040;0.842000;-1.405011;0.563011;0.441357;-0.690972;0.249615;0.734630;-1.387851;0.653221;
0.037060;0.849122;-1.403971;0.554848;0.444760;-0.690263;0.245503;0.742020;-1.387528;0.645509;
0.037080;0.856211;-1.402876;0.546664;0.448146;-0.689527;0.241381;0.749380;-1.387151;0.637771;
0.037100;0.863267;-1.401725;0.538458;0.451514;-0.688763;0.237249;0.756711;-1.386719;0.630008;
0.037120;0.870288;-1.400519;0.530231;0.454865;-0.687972;0.233108;0.764012;-1.386232;0.622220;
0.037140;0.877275;-1.399258;0.521983;0.458197;-0.687154;0.228957;0.771282;-1.385690;0.614408;
0.037160;0.884227;-1.397941;0.513715;0.461511;-0.686309;0.224798;0.778523;-1.385094;0.606571;
0.037180;0.891144;-1.396570;0.505426;0.464807;-0.685437;0.220630;0.785732;-1.384442;0.598710;
0.037200;0.898026;-1.395143;0.497117;0.468085;-0.684538;0.216453;0.792911;-1.383737;0.590826;
0.037220;0.904872;-1.393661;0.488789;0.471344;-0.683611;0.212267;0.800058;-1.382976;0.582918;
0.037240;0.911683;-1.392124;0.480441;0.474584;-0.682658;0.208073;0.807173;-1.382161;0.574988;
0.037260;0.918458;-1.390532;0.472074;0.477806;-0.681678;0.203871;0.814257;-1.381292;0.567035;
0.037280;0.925197;-1.388886;0.463689;0.481009;-0.680670;0.199661;0.821309;-1.380368;0.559059;
0.037300;0.931899;-1.387184;0.455285;0.484193;-0.679636;0.195443;0.828328;-1.379389;0.551061;
0.037320;0.938564;-1.385428;0.446864;0.487358;-0.678576;0.191217;0.835315;-1.378356;0.543041;
0.037340;0.945192;-1.383617;0.438424;0.490504;-0.677488;0.186984;0.842268;-1.377269;0.535001;
0.037360;0.951783;-1.381751;0.429968;0.493630;-0.676373;0.182743;0.849188;-1.376127;0.526938;
0.037380;0.958337;-1.379831;0.421494;0.496737;-0.675232;0.178496;0.856075;-1.374931;0.518856;
0.037400;0.964852;-1.377856;0.413004;0.499824;-0.674065;0.174241;0.862928;-1.373680;0.510752;
0.037420;0.971330;-1.375827;0.404497;0.502891;-0.672870;0.169979;0.869747;-1.372376;0.502629;
0.037440;0.977769;-1.373744;0.395975;0.505939;-0.671649;0.165710;0.876532;-1.371017;0.494485;
0.037460;0.984169;-1.371606;0.387437;0.508967;-0.670402;0.161435;0.883281;-1.369604;0.486322;
0.037480;0.990531;-1.369414;0.378883;0.511974;-0.669128;0.157154;0.889997;-1.368137;0.478140;
0.037500;0.996853;-1.367169;0.370315;0.514961;-0.667827;0.152866;0.896676;-1.366616;0.469939;
0.037520;1.003137;-1.364869;0.361732;0.517928;-0.666501;0.148573;0.903321;-1.365041;0.461720;
0.037540;1.009380;-1.362515;0.353135;0.520875;-0.665148;0.144273;0.909930;-1.363412;0.453482;
0.037560;1.015584;-1.360108;0.344524;0.523801;-0.663768;0.139968;0.916503;-1.361729;0.445226;
0.037580;1.021748;-1.357646;0.335899;0.526706;-0.662363;0.135657;0.923040;-1.359993;0.436953;
0.037600;1.027871;-1.355132;0.327261;0.529590;-0.660931;0.131341;0.929540;-1.358202;0.428662;
0.037620;1.033954;-1.352563;0.318610;0.532454;-0.659474;0.127020;0.936004;-1.356359;0.420355;
0.037640;1.039995;-1.349942;0.309946;0.535297;-0.657990;0.122693;0.942430;-1.354461;0.412031;
0.037660;1.045996;-1.347267;0.301270;0.538118;-0.656480;0.118362;0.948820;-1.352511;0.403691;
0.037680;1.051956;-1.344539;0.292583;0.540918;-0.654944;0.114026;0.955172;-1.350506;0.395335;
0.037700;1.057874;-1.341757;0.283884;0.543697;-0.653383;0.109686;0.961486;-1.348449;0.386963;
0.037720;1.063750;-1.338923;0.275173;0.546454;-0.651796;0.105341;0.967762;-1.346338;0.378576;
0.037740;1.069584;-1.336036;0.266452;0.549190;-0.650183;0.100992;0.974001;-1.344174;0.370174;
0.037760;1.075376;-1.333096;0.257720;0.551904;-0.648544;0.096640;0.980200;-1.341957;0.361757;
0.037780;1.081126;-1.330104;0.248978;0.554597;-0.646880;0.092283;0.986361;-1.339687;0.353326;
0.037800;1.086833;-1.327059;0.240226;0.557267;-0.645190;0.087923;0.992483;-1.337364;0.344881;
0.037820;1.092497;-1.323962;0.231465;0.559915;-0.643474;0.083559;0.998566;-1.334989;0.336423;
0.037840;1.098118;-1.320812;0.222694;0.562542;-0.641734;0.079192;1.004610;-1.332561;0.327951;
0.037860;1.103695;-1.317610;0.213915;0.565146;-0.639968;0.074822;1.010614;-1.330080;0.319466;
0.037880;1.109229;-1.314357;0.205127;0.567728;-0.638176;0.070449;1.016577;-1.327546;0.310969;
0.037900;1.114719;-1.311051;0.196332;0.570287;-0.636360;0.066073;1.022501;-1.324960;0.302459;
0.037920;1.120165;-1.307694;0.187528;0.572824;-0.634518;0.061694;1.028385;-1.322322;0.293938;
0.037940;1.125567;-1.304285;0.178717;0.575338;-0.632652;0.057313;1.034227;-1.319632;0.285404;
0.037960;1.130925;-1.300824;0.169899;0.577830;-0.630760;0.052930;1.040029;-1.316889;0.276860;
0.037980;1.136238;-1.297312;0.161074;0.580298;-0.628843;0.048545;1.045790;-1.314095;0.268305;
0.038000;1.141506;-1.293749;0.152243;0.582744;-0.626902;0.044158;1.051510;-1.311249;0.259739;
0.038020;1.146729;-1.290135;0.143406;0.585167;-0.624936;0.039769;1.057188;-1.308350;0.251162;
0.038040;1.151906;-1.286470;0.134564;0.587567;-0.622945;0.035378;1.062824;-1.305401;0.242576;
0.038060;1.157038;-1.282754;0.125716;0.589943;-0.620930;0.030986;1.068419;-1.302399;0.233981;
0.038080;1.162125;-1.278987;0.116863;0.592297;-0.618890;0.026593;1.073971;-1.299347;0.225376;
0.038100;1.167166;-1.275170;0.108005;0.594626;-0.616825;0.022199;1.079481;-1.296243;0.216762;
0.038120;1.172160;-1.271303;0.099143;0.596933;-0.614737;0.017804;1.084948;-1.293088;0.208139;
0.038140;1.177108;-1.267386;0.090277;0.599216;-0.612624;0.013408;1.090373;-1.289881;0.199509;
0.038160;1.182010;-1.263418;0.081408;0.601475;-0.610486;0.009012;1.095754;-1.286624;0.190870;
0.038180;1.186865;-1.259400;0.072535;0.603710;-0.608325;0.004615;1.101092;-1.283316;0.182224;
0.038200;1.191673;-1.255333;0.063660;0.605922;-0.606140;0.000218;1.106387;-1.279958;0.173571;
0.038220;1.196435;-1.251217;0.054782;0.608109;-0.603931;-0.004179;1.111638;-1.276549;0.164911;
0.038240;1.201149;-1.247050;0.045902;0.610273;-0.601698;-0.008575;1.116845;-1.273089;0.156244;
0.038260;1.205815;-1.242835;0.037020;0.612413;-0.599441;-0.012972;1.122008;-1.269579;0.147572;
0.038280;1.210434;-1.238571;0.028136;0.614528;-0.597160;-0.017367;1.127126;-1.266019;0.138893;
0.038300;1.215005;-1.234257;0.019252;0.616619;-0.594856;-0.021763;1.132200;-1.262410;0.130209;
0.038320;1.219529;-1.229895;0.010367;0.618686;-0.592529;-0.026157;1.137230;-1.258750;0.121520;
0.038340;1.224004;-1.225485;0.001481;0.620728;-0.590178;-0.030550;1.142215;-1.255040;0.112826;
0.038360;1.228430;-1.221026;-0.007405;0.622746;-0.587804;-0.034942;1.147154;-1.251281;0.104127;
0.038380;1.232809;-1.216519;-0.016290;0.624739;-0.585406;-0.039333;1.152048;-1.247473;0.095425;
0.038400;1.237138;-1.211963;-0.025175;0.626708;-0.582986;-0.043722;1.156897;-1.243615;0.086719;
0.038420;1.241419;-1.207360;-0.034059;0.628652;-0.580542;-0.048109;1.161700;-1.239709;0.078009;
0.038440;1.245651;-1.202710;-0.042941;0.630571;-0.578076;-0.052495;1.166457;-1.235753;0.069296;
0.038460;1.249833;-1.198011;-0.051822;0.632465;-0.575587;-0.056878;1.171168;-1.231749;0.060580;
0.038480;1.253967;-1.193266;-0.060701;0.634334;-0.573075;-0.061259;1.175833;-1.227696;0.051862;
0.038500;1.258050;-1.188473;-0.069577;0.636178;-0.570540;-0.065638;1.180452;-1.223594;0.043142;
0.038520;1.262084;-1.183634;-0.078451;0.637997;-0.567983;-0.070014;1.185024;-1.219444;0.034421;
0.038540;1.266069;-1.178747;-0.087321;0.639791;-0.565403;-0.074388;1.189549;-1.215246;0.025698;
0.038560;1.270003;-1.173815;-0.096188;0.641560;-0.562801;-0.078758;1.194027;-1.211000;0.016974;
0.038580;1.273887;-1.168836;-0.105051;0.643303;-0.560177;-0.083126;1.198458;-1.206707;0.008249;
0.038600;1.277721;-1.163810;-0.113910;0.645021;-0.557531;-0.087490;1.202841;-1.202365;-0.000476;
0.038620;1.281504;-1.158739;-0.122765;0.646713;-0.554863;-0.091850;1.207178;-1.197976;-0.009201;
0.038640;1.285237;-1.153622;-0.131615;0.648380;-0.552173;-0.096207;1.211466;-1.193540;-0.017926;
0.038660;1.288919;-1.148460;-0.140459;0.650021;-0.549461;-0.100560;1.215707;-1.189057;-0.026650;
0.038680;1.292550;-1.143252;-0.149298;0.651637;-0.546727;-0.104910;1.219900;-1.184527;-0.035373;
0.038700;1.296130;-1.137999;-0.158131;0.653227;-0.543972;-0.109255;1.224044;-1.179950;-0.044094;
0.038720;1.299659;-1.132701;-0.166958;0.654791;-0.541195;-0.113596;1.228140;-1.175326;-0.052814;
0.038740;1.303137;-1.127358;-0.175779;0.656329;-0.538397;-0.117932;1.232188;-1.170656;-0.061532;
0.038760;1.306563;-1.121971;-0.184592;0.657841;-0.535578;-0.122263;1.236187;-1.165940;-0.070247;
0.038780;1.309938;-1.116540;-0.193398;0.659327;-0.532737;-0.126590;1.240138;-1.161178;-0.078960;
0.038800;1.313260;-1.111064;-0.202196;0.660788;-0.529876;-0.130912;1.244039;-1.156370;-0.087669;
0.038820;1.316532;-1.105545;-0.210987;0.662222;-0.526993;-0.135229;1.247891;-1.151516;-0.096375;
0.038840;1.319751;-1.099982;-0.219769;0.663630;-0.524090;-0.139540;1.251694;-1.146617;-0.105077;
0.038860;1.322918;-1.094375;-0.228542;0.665012;-0.521166;-0.143846;1.255448;-1.141673;-0.113775;
0.038880;1.326032;-1.088726;-0.237307;0.666368;-0.518222;-0.148146;1.259152;-1.136683;-0.122469;
0.038900;1.329095;-1.083033;-0.246062;0.667697;-0.515257;-0.152440;1.262806;-1.131649;-0.131157;
0.038920;1.332105;-1.077298;-0.254807;0.669000;-0.512271;-0.156728;1.266410;-1.126570;-0.139841;
0.038940;1.335062;-1.071520;-0.263542;0.670276;-0.509266;-0.161010;1.269965;-1.121446;-0.148519;
0.038960;1.337967;-1.065700;-0.272267;0.671527;-0.506240;-0.165286;1.273469;-1.116278;-0.157191;
0.038980;1.340819;-1.059837;-0.280981;0.672750;-0.503195;-0.169555;1.276923;-1.111066;-0.165857;
0.039000;1.343617;-1.053933;-0.289684;0.673947;-0.500129;-0.173818;1.280327;-1.105811;-0.174516;
0.039020;1.346363;-1.047987;-0.298376;0.675118;-0.497044;-0.178073;1.283680;-1.100511;-0.183169;
0.039040;1.349056;-1.042000;-0.307056;0.676261;-0.493939;-0.182322;1.286982;-1.095169;-0.191814;
0.039060;1.351695;-1.035972;-0.315723;0.677378;-0.490815;-0.186563;1.290234;-1.089782;-0.200451;
0.039080;1.354282;-1.029903;-0.324379;0.678469;-0.487671;-0.190797;1.293435;-1.084353;-0.209081;
0.039100;1.356814;-1.023793;-0.333021;0.679532;-0.484508;-0.195024;1.296584;-1.078881;-0.217703;
0.039120;1.359293;-1.017643;-0.341650;0.680569;-0.481326;-0.199243;1.299682;-1.073367;-0.226315;
0.039140;1.361719;-1.011453;-0.350266;0.681579;-0.478125;-0.203454;1.302730;-1.067810;-0.234919;
0.039160;1.364090;-1.005222;-0.358868;0.682562;-0.474905;-0.207657;1.305725;-1.062211;-0.243514;
0.039180;1.366408;-0.998952;-0.367456;0.683518;-0.471666;-0.211851;1.308669;-1.056570;-0.252099;
0.039200;1.368672;-0.992643;-0.376029;0.684447;-0.468409;-0.216038;1.311562;-1.050888;-0.260674;
0.039220;1.370882;-0.986294;-0.384587;0.685349;-0.465133;-0.220215;1.314402;-1.045163;-0.269239;
0.039240;1.373037;-0.979907;-0.393131;0.686224;-0.461839;-0.224385;1.317191;-1.039398;-0.277793;
0.039260;1.375139;-0.973480;-0.401658;0.687072;-0.458527;-0.228545;1.319928;-1.033592;-0.286337;
0.039280;1.377186;-0.967016;-0.410170;0.687892;-0.455196;-0.232696;1.322613;-1.027744;-0.294868;
0.039300;1.379179;-0.960513;-0.418666;0.688686;-0.451848;-0.236838;1.325245;-1.021856;-0.303389;
0.039320;1.381117;-0.953972;-0.427145;0.689452;-0.448481;-0.240971;1.327825;-1.015928;-0.311897;
0.039340;1.383001;-0.947394;-0.435607;0.690191;-0.445097;-0.245094;1.330353;-1.009960;-0.320393;
0.039360;1.384830;-0.940778;-0.444052;0.690903;-0.441696;-0.249207;1.332828;-1.003952;-0.328876;
0.039380;1.386605;-0.934125;-0.452480;0.691588;-0.438277;-0.253311;1.335251;-0.997904;-0.337347;
0.039400;1.388325;-0.927435;-0.460890;0.692245;-0.434840;-0.257405;1.337621;-0.991817;-0.345804;
0.039420;1.389990;-0.920708;-0.469281;0.692875;-0.431387;-0.261488;1.339938;-0.985691;-0.354247;
0.039440;1.391600;-0.913946;-0.477654;0.693478;-0.427916;-0.265561;1.342202;-0.979525;-0.362676;
0.039460;1.393155;-0.907147;-0.486008;0.694053;-0.424429;-0.269624;1.344413;-0.973321;-0.371092;
0.039480;1.394655;-0.900312;-0.494343;0.694601;-0.420925;-0.273676;1.346571;-0.967079;-0.379492;
0.039500;1.396100;-0.893442;-0.502659;0.695121;-0.417404;-0.277717;1.348676;-0.960799;-0.387877;
0.039520;1.397490;-0.886536;-0.510954;0.695614;-0.413867;-0.281748;1.350728;-0.954480;-0.396248;
0.039540;1.398825;-0.879596;-0.519229;0.696080;-0.410313;-0.285767;1.352726;-0.948124;-0.404602;
0.039560;1.400105;-0.872621;-0.527484;0.696518;-0.406743;-0.289775;1.354671;-0.941731;-0.412941;
0.039580;1.401329;-0.865611;-0.535718;0.696929;-0.403157;-0.293771;1.356563;-0.935300;-0.421263;
0.039600;1.402498;-0.858567;-0.543931;0.697312;-0.399556;-0.297756;1.358401;-0.928832;-0.429568;
0.039620;1.403612;-0.851489;-0.552123;0.697667;-0.395938;-0.301729;1.360185;-0.922328;-0.437857;
0.039640;1.404670;-0.844378;-0.560292;0.697995;-0.392305;-0.305690;1.361915;-0.915787;-0.446128;
0.039660;1.405673;-0.837233;-0.568440;0.698296;-0.388656;-0.309639;1.363592;-0.909210;-0.454382;
0.039680;1.406620;-0.830055;-0.576565;0.698568;-0.384992;-0.313576;1.365215;-0.902597;-0.462618;
0.039700;1.407512;-0.822845;-0.584667;0.698814;-0.381313;-0.317501;1.366784;-0.895949;-0.470835;
0.039720;1.408348;-0.815602;-0.592747;0.699031;-0.377619;-0.321413;1.368300;-0.889265;-0.479034;
0.039740;1.409129;-0.808327;-0.600803;0.699221;-0.373909;-0.325312;1.369761;-0.882546;-0.487214;
0.039760;1.409854;-0.801019;-0.608835;0.699384;-0.370185;-0.329199;1.371168;-0.875793;-0.495375;
0.039780;1.410523;-0.793681;-0.616843;0.699519;-0.366447;-0.333072;1.372521;-0.869004;-0.503516;
0.039800;1.411137;-0.786311;-0.624826;0.699626;-0.362694;-0.336932;1.373819;-0.862182;-0.511638;
0.039820;1.411695;-0.778909;-0.632786;0.699706;-0.358926;-0.340779;1.375064;-0.855325;-0.519739;
0.039840;1.412197;-0.771478;-0.640720;0.699758;-0.355145;-0.344613;1.376254;-0.848435;-0.527820;
0.039860;1.412644;-0.764015;-0.648628;0.699782;-0.351349;-0.348433;1.377390;-0.841511;-0.535879;
0.039880;1.413034;-0.756523;-0.656512;0.699779;-0.347540;-0.352239;1.378472;-0.834553;-0.543918;
0.039900;1.413369;-0.749000;-0.664369;0.699748;-0.343717;-0.356031;1.379499;-0.827563;-0.551935;
0.039920;1.413648;-0.741448;-0.672200;0.699690;-0.339880;-0.359809;1.380471;-0.820541;-0.559931;
0.039940;1.413872;-0.733867;-0.680004;0.699603;-0.336030;-0.363573;1.381389;-0.813485;-0.567904;
0.039960;1.414039;-0.726257;-0.687782;0.699490;-0.332167;-0.367323;1.382253;-0.806398;-0.575855;
0.039980;1.414151;-0.718618;-0.695533;0.699348;-0.328290;-0.371058;1.383062;-0.799279;-0.583783;
0.040000;1.414207;-0.710951;-0.703256;0.699179;-0.324401;-0.374779;1.383816;-0.792128;-0.591688;
0.040020;1.414207;-0.703256;-0.710951;0.698983;-0.320498;-0.378485;1.384516;-0.784947;-0.599570;
0.040040;1.414151;-0.695533;-0.718618;0.698759;-0.316583;-0.382175;1.385161;-0.777734;-0.607428;
0.040060;1.414039;-0.687782;-0.726257;0.698507;-0.312656;-0.385851;1.385752;-0.770490;-0.615262;
0.040080;1.413872;-0.680004;-0.733867;0.698228;-0.308716;-0.389511;1.386288;-0.763216;-0.623072;
0.040100;1.413648;-0.672200;-0.741448;0.697921;-0.304764;-0.393156;1.386769;-0.755912;-0.630857;
0.040120;1.413369;-0.664369;-0.749000;0.697586;-0.300800;-0.396786;1.387195;-0.748578;-0.638617;
0.040140;1.413034;-0.656512;-0.756523;0.697224;-0.296824;-0.400400;1.387566;-0.741214;-0.646352;
0.040160;1.412644;-0.648628;-0.764015;0.696835;-0.292837;-0.403998;1.387883;-0.733821;-0.654062;
0.040180;1.412197;-0.640720;-0.771478;0.696418;-0.288838;-0.407580;1.388145;-0.726400;-0.661745;
0.040200;1.411695;-0.632786;-0.778909;0.695973;-0.284827;-0.411146;1.388352;-0.718949;-0.669403;
0.040220;1.411137;-0.624826;-0.786311;0.695501;-0.280805;-0.414696;1.388504;-0.711470;-0.677034;
0.040240;1.410523;-0.616843;-0.793681;0.695002;-0.276773;-0.418229;1.388602;-0.703963;-0.684639;
0.040260;1.409854;-0.608835;-0.801019;0.694475;-0.272729;-0.421746;1.388645;-0.696429;-0.692216;
0.040280;1.409129;-0.600803;-0.808327;0.693921;-0.268674;-0.425247;1.388633;-0.688866;-0.699766;
0.040300;1.408348;-0.592747;-0.815602;0.693339;-0.264609;-0.428730;1.388566;-0.681277;-0.707289;
0.040320;1.407512;-0.584667;-0.822845;0.692730;-0.260533;-0.432197;1.388444;-0.673661;-0.714783;
0.040340;1.406620;-0.576565;-0.830055;0.692094;-0.256448;-0.435646;1.388267;-0.666018;-0.722250;
0.040360;1.405673;-0.568440;-0.837233;0.691430;-0.252352;-0.439079;1.388036;-0.658349;-0.729687;
0.040380;1.404670;-0.560292;-0.844378;0.690739;-0.248246;-0.442494;1.387750;-0.650653;-0.737096;
0.040400;1.403612;-0.552123;-0.851489;0.690021;-0.244130;-0.445891;1.387409;-0.642932;-0.744476;
0.040420;1.402498;-0.543931;-0.858567;0.689275;-0.240004;-0.449271;1.387013;-0.635186;-0.751827;
0.040440;1.401329;-0.535718;-0.865611;0.688502;-0.235869;-0.452633;1.386562;-0.627415;-0.759148;
0.040460;1.400105;-0.527484;-0.872621;0.687703;-0.231725;-0.455977;1.386057;-0.619619;-0.766438;
0.040480;1.398825;-0.519229;-0.879596;0.686876;-0.227572;-0.459304;1.385497;-0.611798;-0.773699;
0.040500;1.397490;-0.510954;-0.886536;0.686021;-0.223410;-0.462612;1.384883;-0.603953;-0.780929;
0.040520;1.396100;-0.502659;-0.893442;0.685140;-0.219238;-0.465902;1.384213;-0.596085;-0.788128;
0.040540;1.394655;-0.494343;-0.900312;0.684232;-0.215059;-0.469173;1.383489;-0.588193;-0.795297;
0.040560;1.393155;-0.486008;-0.907147;0.683296;-0.210870;-0.472426;1.382711;-0.580277;-0.802433;
0.040580;1.391600;-0.477654;-0.913946;0.682334;-0.206674;-0.475661;1.381878;-0.572339;-0.809538;
0.040600;1.389990;-0.469281;-0.920708;0.681345;-0.202469;-0.478876;1.380990;-0.564378;-0.816611;
0.040620;1.388325;-0.460890;-0.927435;0.680329;-0.198256;-0.482073;1.380048;-0.556395;-0.823652;
0.040640;1.386605;-0.452480;-0.934125;0.679286;-0.194035;-0.485250;1.379051;-0.548390;-0.830661;
0.040660;1.384830;-0.444052;-0.940778;0.678216;-0.189807;-0.488409;1.378000;-0.540364;-0.837636;
0.040680;1.383001;-0.435607;-0.947394;0.677119;-0.185571;-0.491548;1.376894;-0.532315;-0.844579;
0.040700;1.381117;-0.427145;-0.953972;0.675996;-0.181328;-0.494668;1.375734;-0.524246;-0.851488;
0.040720;1.379179;-0.418666;-0.960513;0.674846;-0.177078;-0.497768;1.374520;-0.516157;-0.858363;
0.040740;1.377186;-0.410170;-0.967016;0.673669;-0.172821;-0.500849;1.373251;-0.508047;-0.865205;
0.040760;1.375139;-0.401658;-0.973480;0.672466;-0.168557;-0.503909;1.371929;-0.499916;-0.872012;
0.040780;1.373037;-0.393131;-0.979907;0.671236;-0.164286;-0.506950;1.370552;-0.491766;-0.878785;
0.040800;1.370882;-0.384587;-0.986294;0.669980;-0.160009;-0.509971;1.369121;-0.483597;-0.885524;
0.040820;1.368672;-0.376029;-0.992643;0.668697;-0.155725;-0.512972;1.367636;-0.475409;-0.892227;
0.040840;1.366408;-0.367456;-0.998952;0.667388;-0.151436;-0.515953;1.366097;-0.467201;-0.898895;
0.040860;1.364090;-0.358868;-1.005222;0.666053;-0.147140;-0.518913;1.364504;-0.458976;-0.905528;
0.040880;1.361719;-0.350266;-1.011453;0.664691;-0.142839;-0.521852;1.362857;-0.450732;-0.912125;
0.040900;1.359293;-0.341650;-1.017643;0.663303;-0.138531;-0.524771;1.361156;-0.442470;-0.918686;
0.040920;1.356814;-0.333021;-1.023793;0.661889;-0.134219;-0.527670;1.359402;-0.434191;-0.925210;
0.040940;1.354282;-0.324379;-1.029903;0.660448;-0.129901;-0.530547;1.357594;-0.425895;-0.931699;
0.040960;1.351695;-0.315723;-1.035972;0.658982;-0.125578;-0.533404;1.355732;-0.417582;-0.938150;
0.040980;1.349056;-0.307056;-1.042000;0.657489;-0.121250;-0.536239;1.353817;-0.409253;-0.944564;
0.041000;1.346363;-0.298376;-1.047987;0.655971;-0.116917;-0.539054;1.351848;-0.400907;-0.950941;
0.041020;1.343617;-0.289684;-1.053933;0.654427;-0.112580;-0.541847;1.349826;-0.392546;-0.957281;
0.041040;1.340819;-0.280981;-1.059837;0.652857;-0.108238;-0.544619;1.347751;-0.384169;-0.963582;
0.041060;1.337967;-0.272267;-1.065700;0.651261;-0.103892;-0.547369;1.345623;-0.375777;-0.969846;
0.041080;1.335062;-0.263542;-1.071520;0.649639;-0.099542;-0.550097;1.343441;-0.367370;-0.976071;
0.041100;1.332105;-0.254807;-1.077298;0.647992;-0.095188;-0.552804;1.341206;-0.358948;-0.982258;
0.041120;1.329095;-0.246062;-1.083033;0.646319;-0.090830;-0.555489;1.338919;-0.350513;-0.988406;
0.041140;1.326032;-0.237307;-1.088726;0.644621;-0.086469;-0.558152;1.336578;-0.342063;-0.994515;
0.041160;1.322918;-0.228542;-1.094375;0.642897;-0.082104;-0.560793;1.334185;-0.333600;-1.000585;
0.041180;1.319751;-0.219769;-1.099982;0.641148;-0.077736;-0.563412;1.331739;-0.325124;-1.006615;
0.041200;1.316532;-0.210987;-1.105545;0.639373;-0.073364;-0.566009;1.329241;-0.316635;-1.012606;
0.041220;1.313260;-0.202196;-1.111064;0.637574;-0.068990;-0.568583;1.326690;-0.308134;-1.018556;
0.041240;1.309938;-0.193398;-1.116540;0.635749;-0.064614;-0.571135;1.324087;-0.299620;-1.024467;
0.041260;1.306563;-0.184592;-1.121971;0.633899;-0.060234;-0.573665;1.321431;-0.291094;-1.030337;
0.041280;1.303137;-0.175779;-1.127358;0.632024;-0.055853;-0.576171;1.318723;-0.282557;-1.036166;
0.041300;1.299659;-0.166958;-1.132701;0.630124;-0.051469;-0.578655;1.315964;-0.274009;-1.041954;
0.041320;1.296130;-0.158131;-1.137999;0.628199;-0.047083;-0.581116;1.313152;-0.265450;-1.047701;
0.041340;1.292550;-0.149298;-1.143252;0.626249;-0.042695;-0.583554;1.310288;-0.256881;-1.053407;
0.041360;1.288919;-0.140459;-1.148460;0.624275;-0.038305;-0.585970;1.307373;-0.248301;-1.059071;
0.041380;1.285237;-0.131615;-1.153622;0.622276;-0.033914;-0.588362;1.304406;-0.239712;-1.064694;
0.041400;1.281504;-0.122765;-1.158739;0.620252;-0.029522;-0.590730;1.301388;-0.231113;-1.070274;
0.041420;1.277721;-0.113910;-1.163810;0.618204;-0.025128;-0.593076;1.298318;-0.222505;-1.075812;
0.041440;1.273887;-0.105051;-1.168836;0.616132;-0.020734;-0.595398;1.295197;-0.213889;-1.081308;
0.041460;1.270003;-0.096188;-1.173815;0.614035;-0.016339;-0.597696;1.292025;-0.205263;-1.086761;
0.041480;1.266069;-0.087321;-1.178747;0.611914;-0.011943;-0.599971;1.288801;-0.196630;-1.092171;
0.041500;1.262084;-0.078451;-1.183634;0.609769;-0.007546;-0.602222;1.285527;-0.187989;-1.097538;
0.041520;1.258050;-0.069577;-1.188473;0.607599;-0.003149;-0.604450;1.282202;-0.179341;-1.102862;
0.041540;1.253967;-0.060701;-1.193266;0.605406;0.001247;-0.606654;1.278827;-0.170685;-1.108142;
0.041560;1.249833;-0.051822;-1.198011;0.603189;0.005644;-0.608833;1.275401;-0.162023;-1.113378;
0.041580;1.245651;-0.042941;-1.202710;0.600948;0.010041;-0.610989;1.271925;-0.153354;-1.118571;
0.041600;1.241419;-0.034059;-1.207360;0.598683;0.014437;-0.613120;1.268398;-0.144679;-1.123719;
0.041620;1.237138;-0.025175;-1.211963;0.596395;0.018833;-0.615228;1.264822;-0.135999;-1.128823;
0.041640;1.232809;-0.016290;-1.216519;0.594083;0.023227;-0.617311;1.261195;-0.127313;-1.133882;
0.041660;1.228430;-0.007405;-1.221026;0.591748;0.027621;-0.619369;1.257519;-0.118622;-1.138896;
0.041680;1.224004;0.001481;-1.225485;0.589389;0.032014;-0.621403;1.253793;-0.109927;-1.143866;
0.041700;1.219529;0.010367;-1.229895;0.587007;0.036406;-0.623413;1.250017;-0.101227;-1.148790;
0.041720;1.215005;0.019252;-1.234257;0.584602;0.040796;-0.625398;1.246193;-0.092523;-1.153670;
0.041740;1.210434;0.028136;-1.238571;0.582174;0.045185;-0.627359;1.242319;-0.083816;-1.158503;
0.041760;1.205815;0.037020;-1.242835;0.579723;0.049571;-0.629294;1.238396;-0.075105;-1.163291;
0.041780;1.201149;0.045902;-1.247050;0.577249;0.053956;-0.631205;1.234424;-0.066391;-1.168033;
0.041800;1.196435;0.054782;-1.251217;0.574752;0.058339;-0.633091;1.230403;-0.057675;-1.172728;
0.041820;1.191673;0.063660;-1.255333;0.572232;0.062719;-0.634951;1.226334;-0.048956;-1.177378;
0.041840;1.186865;0.072535;-1.259400;0.569690;0.067097;-0.636787;1.222216;-0.040235;-1.181981;
0.041860;1.182010;0.081408;-1.263418;0.567125;0.071472;-0.638598;1.218050;-0.031513;-1.186537;
0.041880;1.177108;0.090277;-1.267386;0.564538;0.075845;-0.640383;1.213836;-0.022790;-1.191047;
0.041900;1.172160;0.099143;-1.271303;0.561929;0.080214;-0.642143;1.209574;-0.014065;-1.195509;
0.041920;1.167166;0.108005;-1.275170;0.559298;0.084581;-0.643878;1.205265;-0.005340;-1.199924;
0.041940;1.162125;0.116863;-1.278987;0.556644;0.088944;-0.645588;1.200908;0.003385;-1.204292;
0.041960;1.157038;0.125716;-1.282754;0.553968;0.093303;-0.647271;1.196503;0.012110;-1.208613;
0.041980;1.151906;0.134564;-1.286470;0.551271;0.097659;-0.648930;1.192051;0.020834;-1.212885;
0.042000;1.146729;0.143406;-1.290135;0.548552;0.102011;-0.650562;1.187552;0.029558;-1.217110;
0.042020;1.141506;0.152243;-1.293749;0.545811;0.106359;-0.652169;1.183006;0.038280;-1.221287;
0.042040;1.136238;0.161074;-1.297312;0.543049;0.110702;-0.653751;1.178414;0.047001;-1.225415;
0.042060;1.130925;0.169899;-1.300824;0.540265;0.115041;-0.655306;1.173775;0.055720;-1.229495;
0.042080;1.125567;0.178717;-1.304285;0.537460;0.119376;-0.656836;1.169089;0.064437;-1.233527;
0.042100;1.120165;0.187528;-1.307694;0.534633;0.123706;-0.658339;1.164358;0.073152;-1.237510;
0.042120;1.114719;0.196332;-1.311051;0.531786;0.128031;-0.659817;1.159580;0.081863;-1.241444;
0.042140;1.109229;0.205127;-1.314357;0.528917;0.132352;-0.661269;1.154757;0.090572;-1.245329;
0.042160;1.103695;0.213915;-1.317610;0.526028;0.136666;-0.662694;1.149888;0.099276;-1.249164;
0.042180;1.098118;0.222694;-1.320812;0.523118;0.140976;-0.664094;1.144974;0.107977;-1.252951;
0.042200;1.092497;0.231465;-1.323962;0.520187;0.145280;-0.665467;1.140014;0.116674;-1.256688;
0.042220;1.086833;0.240226;-1.327059;0.517236;0.149578;-0.666814;1.135010;0.125365;-1.260375;
0.042240;1.081126;0.248978;-1.330104;0.514264;0.153870;-0.668134;1.129961;0.134052;-1.264013;
0.042260;1.075376;0.257720;-1.333096;0.511272;0.158156;-0.669428;1.124867;0.142734;-1.267601;
0.042280;1.069584;0.266452;-1.336036;0.508260;0.162436;-0.670696;1.119728;0.151410;-1.271139;
0.042300;1.063750;0.275173;-1.338923;0.505227;0.166710;-0.671937;1.114546;0.160080;-1.274626;
0.042320;1.057874;0.283884;-1.341757;0.502175;0.170977;-0.673152;1.109319;0.168744;-1.278063;
0.042340;1.051956;0.292583;-1.344539;0.499103;0.175237;-0.674340;1.104049;0.177401;-1.281450;
0.042360;1.045996;0.301270;-1.347267;0.496011;0.179490;-0.675502;1.098735;0.186051;-1.284786;
0.042380;1.039995;0.309946;-1.349942;0.492900;0.183737;-0.676637;1.093378;0.194694;-1.288072;
0.042400;1.033954;0.318610;-1.352563;0.489769;0.187976;-0.677745;1.087978;0.203329;-1.291306;
0.042420;1.027871;0.327261;-1.355132;0.486619;0.192207;-0.678826;1.082534;0.211956;-1.294490;
0.042440;1.021748;0.335899;-1.357646;0.483450;0.196431;-0.679881;1.077048;0.220575;-1.297623;
0.042460;1.015584;0.344524;-1.360108;0.480261;0.200647;-0.680909;1.071519;0.229184;-1.300704;
0.042480;1.009380;0.353135;-1.362515;0.477054;0.204856;-0.681909;1.065948;0.237785;-1.303734;
0.042500;1.003137;0.361732;-1.364869;0.473828;0.209056;-0.682883;1.060335;0.246377;-1.306712;
0.042520;0.996853;0.370315;-1.367169;0.470583;0.213248;-0.683830;1.054681;0.254959;-1.309639;
0.042540;0.990531;0.378883;-1.369414;0.467319;0.217431;-0.684750;1.048984;0.263530;-1.312514;
0.042560;0.984169;0.387437;-1.371606;0.464037;0.221606;-0.685643;1.043246;0.272092;-1.315338;
0.042580;0.977769;0.395975;-1.373744;0.460737;0.225772;-0.686509;1.037467;0.280642;-1.318109;
0.042600;0.971330;0.404497;-1.375827;0.457419;0.229930;-0.687348;1.031647;0.289182;-1.320829;
0.042620;0.964852;0.413004;-1.377856;0.454082;0.234078;-0.688160;1.025786;0.297710;-1.323496;
0.042640;0.958337;0.421494;-1.379831;0.450728;0.238217;-0.688944;1.019885;0.306226;-1.326111;
0.042660;0.951783;0.429968;-1.381751;0.447355;0.242346;-0.689702;1.013943;0.314730;-1.328674;
0.042680;0.945192;0.438424;-1.383617;0.443965;0.246466;-0.690432;1.007962;0.323222;-1.331184;
0.042700;0.938564;0.446864;-1.385428;0.440558;0.250576;-0.691134;1.001940;0.331701;-1.333642;
0.042720;0.931899;0.455285;-1.387184;0.437133;0.254677;-0.691810;0.995879;0.340167;-1.336047;
0.042740;0.925197;0.463689;-1.388886;0.433691;0.258767;-0.692458;0.989779;0.348620;-1.338399;
0.042760;0.918458;0.472074;-1.390532;0.430232;0.262847;-0.693079;0.983640;0.357058;-1.340698;
0.042780;0.911683;0.480441;-1.392124;0.426756;0.266917;-0.693673;0.977462;0.365483;-1.342945;
0.042800;0.904872;0.488789;-1.393661;0.423263;0.270976;-0.694239;0.971245;0.373893;-1.345138;
0.042820;0.898026;0.497117;-1.395143;0.419753;0.275025;-0.694777;0.964990;0.382289;-1.347279;
0.042840;0.891144;0.505426;-1.396570;0.416227;0.279062;-0.695289;0.958697;0.390669;-1.349366;
0.042860;0.884227;0.513715;-1.397941;0.412684;0.283089;-0.695773;0.952366;0.399034;-1.351400;
0.042880;0.877275;0.521983;-1.399258;0.409125;0.287104;-0.696229;0.945997;0.407383;-1.353380;
0.042900;0.870288;0.530231;-1.400519;0.405550;0.291108;-0.696658;0.939591;0.415716;-1.355308;
0.042920;0.863267;0.538458;-1.401725;0.401958;0.295101;-0.697059;0.933148;0.424033;-1.357181;
0.042940;0.856211;0.546664;-1.402876;0.398351;0.299082;-0.697433;0.926668;0.432333;-1.359001;
0.042960;0.849122;0.554848;-1.403971;0.394729;0.303051;-0.697780;0.920152;0.440616;-1.360768;
0.042980;0.842000;0.563011;-1.405011;0.391090;0.307008;-0.698098;0.913599;0.448882;-1.362480;
0.043000;0.834844;0.571151;-1.405995;0.387436;0.310953;-0.698390;0.907010;0.457129;-1.364139;
0.043020;0.827655;0.579268;-1.406924;0.383767;0.314886;-0.698653;0.900385;0.465359;-1.365744;
0.043040;0.820434;0.587363;-1.407797;0.380083;0.318806;-0.698889;0.893725;0.473570;-1.367295;
0.043060;0.813180;0.595435;-1.408615;0.376384;0.322714;-0.699098;0.887029;0.481763;-1.368793;
0.043080;0.805894;0.603483;-1.409377;0.372670;0.326609;-0.699279;0.880299;0.489937;-1.370236;
0.043100;0.798577;0.611507;-1.410083;0.368941;0.330491;-0.699432;0.873534;0.498091;-1.371625;
0.043120;0.791227;0.619507;-1.410734;0.365197;0.334360;-0.699558;0.866734;0.506226;-1.372960;
0.043140;0.783847;0.627482;-1.411329;0.361440;0.338216;-0.699656;0.859900;0.514340;-1.374240;
0.043160;0.776436;0.635433;-1.411869;0.357667;0.342059;-0.699726;0.853032;0.522435;-1.375467;
0.043180;0.768993;0.643359;-1.412352;0.353881;0.345888;-0.699769;0.846130;0.530509;-1.376639;
0.043200;0.761521;0.651259;-1.412780;0.350081;0.349703;-0.699784;0.839195;0.538561;-1.377757;
0.043220;0.754019;0.659134;-1.413152;0.346267;0.353505;-0.699772;0.832227;0.546593;-1.378820;
0.043240;0.746486;0.666982;-1.413468;0.342439;0.357292;-0.699732;0.825226;0.554603;-1.379829;
0.043260;0.738925;0.674804;-1.413729;0.338598;0.361066;-0.699664;0.818192;0.562591;-1.380783;
0.043280;0.731334;0.682600;-1.413934;0.334744;0.364825;-0.699569;0.811127;0.570557;-1.381683;
0.043300;0.723714;0.690369;-1.414083;0.330876;0.368570;-0.699446;0.804029;0.578500;-1.382529;
0.043320;0.716066;0.698110;-1.414176;0.326995;0.372300;-0.699295;0.796899;0.586420;-1.383320;
0.043340;0.708389;0.705824;-1.414213;0.323101;0.376016;-0.699117;0.789738;0.594318;-1.384056;
0.043360;0.700684;0.713510;-1.414194;0.319195;0.379716;-0.698911;0.782546;0.602192;-1.384737;
0.043380;0.692952;0.721168;-1.414120;0.315276;0.383402;-0.698678;0.775322;0.610042;-1.385364;
0.043400;0.685193;0.728797;-1.413989;0.311344;0.387073;-0.698417;0.768069;0.617868;-1.385936;
0.043420;0.677406;0.736397;-1.413803;0.307400;0.390728;-0.698128;0.760785;0.625669;-1.386454;
0.043440;0.669593;0.743969;-1.413561;0.303444;0.394368;-0.697812;0.753470;0.633446;-1.386917;
0.043460;0.661753;0.751511;-1.413264;0.299476;0.397992;-0.697469;0.746127;0.641198;-1.387325;
0.043480;0.653887;0.759024;-1.412910;0.295497;0.401601;-0.697098;0.738753;0.648925;-1.387678;
0.043500;0.645995;0.766506;-1.412501;0.291505;0.405194;-0.696699;0.731351;0.656626;-1.387976;
0.043520;0.638078;0.773958;-1.412036;0.287502;0.408771;-0.696273;0.723919;0.664301;-1.388220;
0.043540;0.630135;0.781380;-1.411515;0.283488;0.412331;-0.695819;0.716459;0.671950;-1.388409;
0.043560;0.622168;0.788771;-1.410939;0.279462;0.415876;-0.695338;0.708971;0.679572;-1.388543;
0.043580;0.614176;0.796130;-1.410306;0.275426;0.419404;-0.694829;0.701455;0.687167;-1.388622;
0.043600;0.606160;0.803459;-1.409619;0.271378;0.422915;-0.694293;0.693911;0.694736;-1.388647;
0.043620;0.598120;0.810755;-1.408875;0.267320;0.426410;-0.693730;0.686340;0.702277;-1.388616;
0.043640;0.590056;0.818020;-1.408076;0.263252;0.429888;-0.693139;0.678741;0.709790;-1.388531;
0.043660;0.581969;0.825252;-1.407221;0.259173;0.433348;-0.692521;0.671116;0.717275;-1.388391;
0.043680;0.573859;0.832452;-1.406311;0.255083;0.436792;-0.691876;0.663464;0.724732;-1.388196;
0.043700;0.565727;0.839618;-1.405345;0.250984;0.440219;-0.691203;0.655786;0.732160;-1.387947;
0.043720;0.557572;0.846752;-1.404324;0.246875;0.443628;-0.690503;0.648083;0.739560;-1.387642;
0.043740;0.549395;0.853852;-1.403247;0.242756;0.447020;-0.689775;0.640353;0.746930;-1.387283;
0.043760;0.541196;0.860919;-1.402115;0.238627;0.450394;-0.689021;0.632599;0.754270;-1.386869;
0.043780;0.532976;0.867951;-1.400927;0.234489;0.453750;-0.688239;0.624819;0.761581;-1.386400;
0.043800;0.524735;0.874949;-1.399684;0.230342;0.457088;-0.687430;0.617015;0.768862;-1.385877;
0.043820;0.516473;0.881913;-1.398386;0.226185;0.460408;-0.686594;0.609186;0.776113;-1.385298;
0.043840;0.508191;0.888842;-1.397033;0.222020;0.463710;-0.685731;0.601333;0.783332;-1.384666;
0.043860;0.499889;0.895736;-1.395625;0.217846;0.466994;-0.684840;0.593457;0.790521;-1.383978;
0.043880;0.491567;0.902594;-1.394161;0.213663;0.470260;-0.683923;0.585557;0.797679;-1.383236;
0.043900;0.483226;0.909417;-1.392643;0.209472;0.473506;-0.682979;0.577634;0.804805;-1.382439;
0.043920;0.474865;0.916204;-1.391069;0.205273;0.476734;-0.682007;0.569688;0.811900;-1.381588;
0.043940;0.466486;0.922955;-1.389441;0.201065;0.479944;-0.681009;0.561720;0.818962;-1.380682;
0.043960;0.458088;0.929669;-1.387757;0.196850;0.483134;-0.679984;0.553729;0.825992;-1.379721;
0.043980;0.449673;0.936347;-1.386019;0.192627;0.486305;-0.678932;0.545717;0.832989;-1.378706;
0.044000;0.441239;0.942987;-1.384227;0.188396;0.489457;-0.677853;0.537683;0.839954;-1.377637;
0.044020;0.432788;0.949591;-1.382379;0.184158;0.492590;-0.676748;0.529628;0.846885;-1.376513;
0.044040;0.424321;0.956157;-1.380477;0.179912;0.495703;-0.675616;0.521552;0.853783;-1.375335;
0.044060;0.415836;0.962685;-1.378521;0.175660;0.498797;-0.674457;0.513456;0.860648;-1.374103;
0.044080;0.407335;0.969175;-1.376510;0.171400;0.501871;-0.673271;0.505339;0.867478;-1.372816;
0.044100;0.398818;0.975627;-1.374444;0.167134;0.504925;-0.672059;0.497202;0.874274;-1.371476;
0.044120;0.390285;0.982040;-1.372325;0.162861;0.507960;-0.670821;0.489045;0.881035;-1.370081;
0.044140;0.381736;0.988415;-1.370151;0.158582;0.510974;-0.669555;0.480870;0.887762;-1.368632;
0.044160;0.373173;0.994750;-1.367923;0.154296;0.513968;-0.668264;0.472675;0.894454;-1.367129;
0.044180;0.364595;1.001047;-1.365641;0.150004;0.516942;-0.666946;0.464462;0.901110;-1.365572;
0.044200;0.356002;1.007303;-1.363306;0.145707;0.519895;-0.665602;0.456230;0.907731;-1.363961;
0.044220;0.347396;1.013520;-1.360916;0.141403;0.522828;-0.664231;0.447980;0.914316;-1.362296;
0.044240;0.338775;1.019698;-1.358473;0.137094;0.525740;-0.662834;0.439713;0.920865;-1.360577;
0.044260;0.330142;1.025834;-1.355976;0.132780;0.528631;-0.661411;0.431428;0.927377;-1.358805;
0.044280;0.321495;1.031931;-1.353425;0.128461;0.531502;-0.659962;0.423126;0.933853;-1.356979;
0.044300;0.312835;1.037986;-1.350822;0.124136;0.534351;-0.658487;0.414808;0.940292;-1.355100;
0.044320;0.304164;1.044001;-1.348164;0.119806;0.537180;-0.656986;0.406473;0.946694;-1.353167;
0.044340;0.295480;1.049974;-1.345454;0.115472;0.539987;-0.655459;0.398122;0.953059;-1.351180;
0.044360;0.286785;1.055906;-1.342690;0.111133;0.542773;-0.653906;0.389755;0.959386;-1.349141;
0.044380;0.278078;1.061796;-1.339874;0.106790;0.545538;-0.652328;0.381373;0.965675;-1.347048;
0.044400;0.269360;1.067644;-1.337004;0.102442;0.548281;-0.650723;0.372976;0.971925;-1.344901;
0.044420;0.260632;1.073450;-1.334082;0.098091;0.551002;-0.649093;0.364564;0.978138;-1.342702;
0.044440;0.251893;1.079214;-1.331107;0.093736;0.553702;-0.647437;0.356138;0.984312;-1.340450;
0.044460;0.243144;1.084935;-1.328080;0.089377;0.556379;-0.645756;0.347698;0.990447;-1.338145;
0.044480;0.234386;1.090614;-1.325000;0.085014;0.559035;-0.644049;0.339244;0.996543;-1.335787;
0.044500;0.225619;1.096249;-1.321868;0.080648;0.561669;-0.642317;0.330776;1.002600;-1.333376;
0.044520;0.216842;1.101841;-1.318683;0.076279;0.564280;-0.640559;0.322296;1.008617;-1.330912;
0.044540;0.208058;1.107389;-1.315447;0.071907;0.566870;-0.638776;0.313803;1.014594;-1.328396;
0.044560;0.199264;1.112894;-1.312159;0.067532;0.569436;-0.636968;0.305297;1.020531;-1.325828;
0.044580;0.190463;1.118355;-1.308818;0.063154;0.571981;-0.635135;0.296779;1.026428;-1.323207;
0.044600;0.181655;1.123772;-1.305427;0.058774;0.574503;-0.633277;0.288250;1.032284;-1.320534;
0.044620;0.172839;1.129144;-1.301983;0.054391;0.577002;-0.631393;0.279709;1.038100;-1.317809;
0.044640;0.164017;1.134472;-1.298488;0.050007;0.579478;-0.629485;0.271158;1.043875;-1.315032;
0.044660;0.155188;1.139755;-1.294942;0.045620;0.581932;-0.627552;0.262595;1.049608;-1.312203;
0.044680;0.146353;1.144993;-1.291345;0.041232;0.584362;-0.625594;0.254022;1.055300;-1.309322;
0.044700;0.137512;1.150185;-1.287697;0.036842;0.586769;-0.623611;0.245439;1.060950;-1.306390;
0.044720;0.128665;1.155333;-1.283998;0.032450;0.589154;-0.621604;0.236847;1.066559;-1.303406;
0.044740;0.119814;1.160435;-1.280249;0.028058;0.591515;-0.619572;0.228245;1.072125;-1.300370;
0.044760;0.110958;1.165490;-1.276448;0.023664;0.593852;-0.617516;0.219634;1.077649;-1.297283;
0.044780;0.102097;1.170500;-1.272598;0.019269;0.596167;-0.615436;0.211014;1.083131;-1.294145;
0.044800;0.093233;1.175464;-1.268697;0.014873;0.598457;-0.613331;0.202387;1.088569;-1.290956;
0.044820;0.084365;1.180381;-1.264746;0.010477;0.600724;-0.611202;0.193751;1.093965;-1.287716;
0.044840;0.075493;1.185252;-1.260745;0.006081;0.602968;-0.609048;0.185107;1.099317;-1.284425;
0.044860;0.066619;1.190076;-1.256695;0.001684;0.605187;-0.606871;0.176456;1.104627;-1.281083;
0.044880;0.057741;1.194853;-1.252594;-0.002713;0.607383;-0.604670;0.167798;1.109892;-1.277691;
0.044900;0.048862;1.199583;-1.248445;-0.007110;0.609554;-0.602445;0.159134;1.115114;-1.274248;
0.044920;0.039981;1.204265;-1.244246;-0.011506;0.611702;-0.600196;0.150463;1.120292;-1.270755;
0.044940;0.031098;1.208900;-1.239998;-0.015902;0.613825;-0.597923;0.141787;1.125425;-1.267212;
0.044960;0.022214;1.213487;-1.235701;-0.020298;0.615925;-0.595627;0.133104;1.130514;-1.263618;
0.044980;0.013328;1.218026;-1.231355;-0.024692;0.618000;-0.593307;0.124417;1.135558;-1.259975;
0.045000;0.004443;1.222517;-1.226960;-0.029086;0.620050;-0.590964;0.115724;1.140558;-1.256282;
0.045020;-0.004443;1.226960;-1.222517;-0.033478;0.622076;-0.588598;0.107027;1.145513;-1.252540;
0.045040;-0.013328;1.231355;-1.218026;-0.037869;0.624078;-0.586208;0.098326;1.150422;-1.248748;
0.045060;-0.022214;1.235701;-1.213487;-0.042259;0.626054;-0.583795;0.089621;1.155286;-1.244907;
0.045080;-0.031098;1.239998;-1.208900;-0.046647;0.628006;-0.581359;0.080912;1.160104;-1.241016;
0.045100;-0.039981;1.244246;-1.204265;-0.051033;0.629934;-0.578901;0.072201;1.164877;-1.237077;
0.045120;-0.048862;1.248445;-1.199583;-0.055417;0.631836;-0.576419;0.063486;1.169603;-1.233089;
0.045140;-0.057741;1.252594;-1.194853;-0.059799;0.633714;-0.573914;0.054769;1.174283;-1.229052;
0.045160;-0.066619;1.256695;-1.190076;-0.064179;0.635566;-0.571387;0.046049;1.178917;-1.224967;
0.045180;-0.075493;1.260745;-1.185252;-0.068556;0.637394;-0.568838;0.037328;1.183505;-1.220833;
0.045200;-0.084365;1.264746;-1.180381;-0.072930;0.639196;-0.566266;0.028605;1.188046;-1.216651;
0.045220;-0.093233;1.268697;-1.175464;-0.077302;0.640973;-0.563671;0.019882;1.192539;-1.212421;
0.045240;-0.102097;1.272598;-1.170500;-0.081670;0.642724;-0.561054;0.011157;1.196986;-1.208143;
0.045260;-0.110958;1.276448;-1.165490;-0.086035;0.644451;-0.558415;0.002432;1.201386;-1.203818;
0.045280;-0.119814;1.280249;-1.160435;-0.090397;0.646152;-0.555755;-0.006293;1.205738;-1.199445;
0.045300;-0.128665;1.283998;-1.155333;-0.094755;0.647827;-0.553072;-0.015018;1.210042;-1.195024;
0.045320;-0.137512;1.287697;-1.150185;-0.099110;0.649477;-0.550367;-0.023742;1.214299;-1.190557;
0.045340;-0.146353;1.291345;-1.144993;-0.103460;0.651101;-0.547641;-0.032465;1.218507;-1.186042;
0.045360;-0.155188;1.294942;-1.139755;-0.107807;0.652699;-0.544893;-0.041187;1.222668;-1.181481;
0.045380;-0.164017;1.298488;-1.134472;-0.112149;0.654272;-0.542123;-0.049908;1.226780;-1.176873;
0.045400;-0.172839;1.301983;-1.129144;-0.116487;0.655819;-0.539332;-0.058626;1.230844;-1.172218;
0.045420;-0.181655;1.305427;-1.123772;-0.120820;0.657340;-0.536520;-0.067342;1.234860;-1.167517;
0.045440;-0.190463;1.308818;-1.118355;-0.125149;0.658835;-0.533686;-0.076056;1.238826;-1.162770;
0.045460;-0.199264;1.312159;-1.112894;-0.129472;0.660304;-0.530832;-0.084766;1.242744;-1.157978;
0.045480;-0.208058;1.315447;-1.107389;-0.133790;0.661747;-0.527956;-0.093474;1.246613;-1.153139;
0.045500;-0.216842;1.318683;-1.101841;-0.138104;0.663164;-0.525060;-0.102177;1.250432;-1.148255;
0.045520;-0.225619;1.321868;-1.096249;-0.142411;0.664554;-0.522143;-0.110876;1.254202;-1.143326;
0.045540;-0.234386;1.325000;-1.090614;-0.146713;0.665919;-0.519205;-0.119571;1.257923;-1.138351;
0.045560;-0.243144;1.328080;-1.084935;-0.151009;0.667257;-0.516247;-0.128262;1.261593;-1.133332;
0.045580;-0.251893;1.331107;-1.079214;-0.155300;0.668569;-0.513269;-0.136947;1.265215;-1.128268;
0.045600;-0.260632;1.334082;-1.073450;-0.159584;0.669854;-0.510270;-0.145627;1.268786;-1.123159;
0.045620;-0.269360;1.337004;-1.067644;-0.163862;0.671113;-0.507251;-0.154301;1.272307;-1.118006;
0.045640;-0.278078;1.339874;-1.061796;-0.168133;0.672345;-0.504212;-0.162969;1.275777;-1.112809;
0.045660;-0.286785;1.342690;-1.055906;-0.172398;0.673551;-0.501153;-0.171630;1.279198;-1.107568;
0.045680;-0.295480;1.345454;-1.049974;-0.176656;0.674730;-0.498075;-0.180285;1.282568;-1.102283;
0.045700;-0.304164;1.348164;-1.044001;-0.180907;0.675883;-0.494976;-0.188933;1.285887;-1.096954;
0.045720;-0.312835;1.350822;-1.037986;-0.185150;0.677009;-0.491859;-0.197573;1.289156;-1.091583;
0.045740;-0.321495;1.353425;-1.031931;-0.189387;0.678108;-0.488721;-0.206205;1.292373;-1.086168;
0.045760;-0.330142;1.355976;-1.025834;-0.193616;0.679181;-0.485565;-0.214830;1.295540;-1.080710;
0.045780;-0.338775;1.358473;-1.019698;-0.197837;0.680226;-0.482389;-0.223446;1.298655;-1.075210;
0.045800;-0.347396;1.360916;-1.013520;-0.202051;0.681245;-0.479194;-0.232052;1.301720;-1.069667;
0.045820;-0.356002;1.363306;-1.007303;-0.206257;0.682237;-0.475981;-0.240650;1.304732;-1.064082;
0.045840;-0.364595;1.365641;-1.001047;-0.210454;0.683202;-0.472748;-0.249239;1.307694;-1.058455;
0.045860;-0.373173;1.367923;-0.994750;-0.214643;0.684140;-0.469497;-0.257817;1.310603;-1.052786;
0.045880;-0.381736;1.370151;-0.988415;-0.218824;0.685051;-0.466227;-0.266385;1.313461;-1.047076;
0.045900;-0.390285;1.372325;-0.982040;-0.222996;0.685935;-0.462939;-0.274943;1.316267;-1.041324;
0.045920;-0.398818;1.374444;-0.975627;-0.227159;0.686792;-0.459633;-0.283490;1.319022;-1.035532;
0.045940;-0.407335;1.376510;-0.969175;-0.231313;0.687622;-0.456308;-0.292026;1.321724;-1.029698;
0.045960;-0.415836;1.378521;-0.962685;-0.235458;0.688424;-0.452966;-0.300550;1.324373;-1.023824;
0.045980;-0.424321;1.380477;-0.956157;-0.239594;0.689200;-0.449605;-0.309062;1.326971;-1.017909;
0.046000;-0.432788;1.382379;-0.949591;-0.243721;0.689948;-0.446227;-0.317562;1.329516;-1.011954;
0.046020;-0.441239;1.384227;-0.942987;-0.247837;0.690669;-0.442832;-0.326050;1.332009;-1.005959;
0.046040;-0.449673;1.386019;-0.936347;-0.251944;0.691363;-0.439418;-0.334525;1.334449;-0.999924;
0.046060;-0.458088;1.387757;-0.929669;-0.256041;0.692029;-0.435988;-0.342986;1.336837;-0.993850;
0.046080;-0.466486;1.389441;-0.922955;-0.260128;0.692668;-0.432540;-0.351434;1.339171;-0.987737;
0.046100;-0.474865;1.391069;-0.916204;-0.264205;0.693280;-0.429075;-0.359868;1.341453;-0.981585;
0.046120;-0.483226;1.392643;-0.909417;-0.268271;0.693864;-0.425593;-0.368288;1.343682;-0.975394;
0.046140;-0.491567;1.394161;-0.902594;-0.272327;0.694421;-0.422095;-0.376693;1.345858;-0.969164;
0.046160;-0.499889;1.395625;-0.895736;-0.276372;0.694951;-0.418579;-0.385084;1.347980;-0.962896;
0.046180;-0.508191;1.397033;-0.888842;-0.280406;0.695453;-0.415048;-0.393459;1.350050;-0.956591;
0.046200;-0.516473;1.398386;-0.881913;-0.284428;0.695928;-0.411499;-0.401819;1.352066;-0.950247;
0.046220;-0.524735;1.399684;-0.874949;-0.288440;0.696375;-0.407935;-0.410163;1.354029;-0.943866;
0.046240;-0.532976;1.400927;-0.867951;-0.292440;0.696795;-0.404354;-0.418491;1.355938;-0.937447;
0.046260;-0.541196;1.402115;-0.860919;-0.296429;0.697187;-0.400758;-0.426802;1.357794;-0.930992;
0.046280;-0.549395;1.403247;-0.853852;-0.300406;0.697552;-0.397146;-0.435096;1.359596;-0.924500;
0.046300;-0.557572;1.404324;-0.846752;-0.304371;0.697889;-0.393518;-0.443373;1.361345;-0.917971;
0.046320;-0.565727;1.405345;-0.839618;-0.308324;0.698198;-0.389874;-0.451633;1.363039;-0.911406;
0.046340;-0.573859;1.406311;-0.832452;-0.312265;0.698480;-0.386215;-0.459875;1.364680;-0.904806;
0.046360;-0.581969;1.407221;-0.825252;-0.316194;0.698735;-0.382541;-0.468098;1.366267;-0.898169;
0.046380;-0.590056;1.408076;-0.818020;-0.320110;0.698962;-0.378852;-0.476303;1.367800;-0.891497;
0.046400;-0.598120;1.408875;-0.810755;-0.324014;0.699161;-0.375147;-0.484490;1.369280;-0.884790;
0.046420;-0.606160;1.409619;-0.803459;-0.327905;0.699333;-0.371428;-0.492657;1.370705;-0.878048;
0.046440;-0.614176;1.410306;-0.796130;-0.331782;0.699477;-0.367695;-0.500805;1.372076;-0.871271;
0.046460;-0.622168;1.410939;-0.788771;-0.335647;0.699593;-0.363946;-0.508933;1.373392;-0.864460;
0.046480;-0.630135;1.411515;-0.781380;-0.339498;0.699682;-0.360184;-0.517041;1.374655;-0.857614;
0.046500;-0.638078;1.412036;-0.773958;-0.343336;0.699743;-0.356407;-0.525128;1.375863;-0.850735;
0.046520;-0.645995;1.412501;-0.766506;-0.347161;0.699777;-0.352616;-0.533195;1.377017;-0.843822;
0.046540;-0.653887;1.412910;-0.759024;-0.350972;0.699783;-0.348811;-0.541241;1.378117;-0.836876;
0.046560;-0.661753;1.413264;-0.751511;-0.354769;0.699761;-0.344993;-0.549265;1.379162;-0.829897;
0.046580;-0.669593;1.413561;-0.743969;-0.358552;0.699712;-0.341160;-0.557268;1.380153;-0.822885;
0.046600;-0.677406;1.413803;-0.736397;-0.362320;0.699635;-0.337315;-0.565249;1.381089;-0.815841;
0.046620;-0.685193;1.413989;-0.728797;-0.366075;0.699531;-0.333456;-0.573207;1.381971;-0.808764;
0.046640;-0.692952;1.414120;-0.721168;-0.369815;0.699399;-0.329584;-0.581143;1.382798;-0.801656;
0.046660;-0.700684;1.414194;-0.713510;-0.373540;0.699239;-0.325699;-0.589056;1.383571;-0.794515;
0.046680;-0.708389;1.414213;-0.705824;-0.377251;0.699051;-0.321801;-0.596945;1.384289;-0.787344;
0.046700;-0.716066;1.414176;-0.698110;-0.380947;0.698836;-0.317890;-0.604811;1.384952;-0.780141;
0.046720;-0.723714;1.414083;-0.690369;-0.384627;0.698594;-0.313967;-0.612653;1.385561;-0.772908;
0.046740;-0.731334;1.413934;-0.682600;-0.388293;0.698324;-0.310031;-0.620471;1.386115;-0.765644;
0.046760;-0.738925;1.413729;-0.674804;-0.391943;0.698026;-0.306083;-0.628264;1.386614;-0.758350;
0.046780;-0.746486;1.413468;-0.666982;-0.395578;0.697701;-0.302123;-0.636033;1.387059;-0.751026;
0.046800;-0.754019;1.413152;-0.659134;-0.399197;0.697348;-0.298151;-0.643777;1.387449;-0.743672;
0.046820;-0.761521;1.412780;-0.651259;-0.402800;0.696968;-0.294167;-0.651495;1.387784;-0.736289;
0.046840;-0.768993;1.412352;-0.643359;-0.406388;0.696560;-0.290172;-0.659187;1.388064;-0.728877;
0.046860;-0.776436;1.411869;-0.635433;-0.409959;0.696125;-0.286165;-0.666853;1.388289;-0.721436;
0.046880;-0.783847;1.411329;-0.627482;-0.413515;0.695662;-0.282147;-0.674493;1.388460;-0.713966;
0.046900;-0.791227;1.410734;-0.619507;-0.417053;0.695172;-0.278118;-0.682107;1.388576;-0.706469;
0.046920;-0.798577;1.410083;-0.611507;-0.420576;0.694654;-0.274078;-0.689693;1.388637;-0.698943;
0.046940;-0.805894;1.409377;-0.603483;-0.424082;0.694109;-0.270027;-0.697253;1.388643;-0.691390;
0.046960;-0.813180;1.408615;-0.595435;-0.427571;0.693536;-0.265965;-0.704784;1.388594;-0.683810;
0.046980;-0.820434;1.407797;-0.587363;-0.431043;0.692936;-0.261893;-0.712288;1.388491;-0.676202;
0.047000;-0.827655;1.406924;-0.579268;-0.434498;0.692309;-0.257811;-0.719764;1.388332;-0.668568;
0.047020;-0.834844;1.405995;-0.571151;-0.437936;0.691654;-0.253718;-0.727211;1.388119;-0.660908;
0.047040;-0.842000;1.405011;-0.563011;-0.441357;0.690972;-0.249615;-0.734630;1.387851;-0.653221;
0.047060;-0.849122;1.403971;-0.554848;-0.444760;0.690263;-0.245503;-0.742020;1.387528;-0.645509;
0.047080;-0.856211;1.402876;-0.546664;-0.448146;0.689527;-0.241381;-0.749380;1.387151;-0.637771;
0.047100;-0.863267;1.401725;-0.538458;-0.451514;0.688763;-0.237249;-0.756711;1.386719;-0.630008;
0.047120;-0.870288;1.400519;-0.530231;-0.454865;0.687972;-0.233108;-0.764012;1.386232;-0.622220;
0.047140;-0.877275;1.399258;-0.521983;-0.458197;0.687154;-0.228957;-0.771282;1.385690;-0.614408;
0.047160;-0.884227;1.397941;-0.513715;-0.461511;0.686309;-0.224798;-0.778523;1.385094;-0.606571;
0.047180;-0.891144;1.396570;-0.505426;-0.464807;0.685437;-0.220630;-0.785732;1.384442;-0.598710;
0.047200;-0.898026;1.395143;-0.497117;-0.468085;0.684538;-0.216453;-0.792911;1.383737;-0.590826;
0.047220;-0.904872;1.393661;-0.488789;-0.471344;0.683611;-0.212267;-0.800058;1.382976;-0.582918;
0.047240;-0.911683;1.392124;-0.480441;-0.474584;0.682658;-0.208073;-0.807173;1.382161;-0.574988;
0.047260;-0.918458;1.390532;-0.472074;-0.477806;0.681678;-0.203871;-0.814257;1.381292;-0.567035;
0.047280;-0.925197;1.388886;-0.463689;-0.481009;0.680670;-0.199661;-0.821309;1.380368;-0.559059;
0.047300;-0.931899;1.387184;-0.455285;-0.484193;0.679636;-0.195443;-0.828328;1.379389;-0.551061;
0.047320;-0.938564;1.385428;-0.446864;-0.487358;0.678576;-0.191217;-0.835315;1.378356;-0.543041;
0.047340;-0.945192;1.383617;-0.438424;-0.490504;0.677488;-0.186984;-0.842268;1.377269;-0.535001;
0.047360;-0.951783;1.381751;-0.429968;-0.493630;0.676373;-0.182743;-0.849188;1.376127;-0.526938;
0.047380;-0.958337;1.379831;-0.421494;-0.496737;0.675232;-0.178496;-0.856075;1.374931;-0.518856;
0.047400;-0.964852;1.377856;-0.413004;-0.499824;0.674065;-0.174241;-0.862928;1.373680;-0.510752;
0.047420;-0.971330;1.375827;-0.404497;-0.502891;0.672870;-0.169979;-0.869747;1.372376;-0.502629;
0.047440;-0.977769;1.373744;-0.395975;-0.505939;0.671649;-0.165710;-0.876532;1.371017;-0.494485;
0.047460;-0.984169;1.371606;-0.387437;-0.508967;0.670402;-0.161435;-0.883281;1.369604;-0.486322;
0.047480;-0.990531;1.369414;-0.378883;-0.511974;0.669128;-0.157154;-0.889997;1.368137;-0.478140;
0.047500;-0.996853;1.367169;-0.370315;-0.514961;0.667827;-0.152866;-0.896676;1.366616;-0.469939;
0.047520;-1.003137;1.364869;-0.361732;-0.517928;0.666501;-0.148573;-0.903321;1.365041;-0.461720;
0.047540;-1.009380;1.362515;-0.353135;-0.520875;0.665148;-0.144273;-0.909930;1.363412;-0.453482;
0.047560;-1.015584;1.360108;-0.344524;-0.523801;0.663768;-0.139968;-0.916503;1.361729;-0.445226;
0.047580;-1.021748;1.357646;-0.335899;-0.526706;0.662363;-0.135657;-0.923040;1.359993;-0.436953;
0.047600;-1.027871;1.355132;-0.327261;-0.529590;0.660931;-0.131341;-0.929540;1.358202;-0.428662;
0.047620;-1.033954;1.352563;-0.318610;-0.532454;0.659474;-0.127020;-0.936004;1.356359;-0.420355;
0.047640;-1.039995;1.349942;-0.309946;-0.535297;0.657990;-0.122693;-0.942430;1.354461;-0.412031;
0.047660;-1.045996;1.347267;-0.301270;-0.538118;0.656480;-0.118362;-0.948820;1.352511;-0.403691;
0.047680;-1.051956;1.344539;-0.292583;-0.540918;0.654944;-0.114026;-0.955172;1.350506;-0.395335;
0.047700;-1.057874;1.341757;-0.283884;-0.543697;0.653383;-0.109686;-0.961486;1.348449;-0.386963;
0.047720;-1.063750;1.338923;-0.275173;-0.546454;0.651796;-0.105341;-0.967762;1.346338;-0.378576;
0.047740;-1.069584;1.336036;-0.266452;-0.549190;0.650183;-0.100992;-0.974001;1.344174;-0.370174;
0.047760;-1.075376;1.333096;-0.257720;-0.551904;0.648544;-0.096640;-0.980200;1.341957;-0.361757;
0.047780;-1.081126;1.330104;-0.248978;-0.554597;0.646880;-0.092283;-0.986361;1.339687;-0.353326;
0.047800;-1.086833;1.327059;-0.240226;-0.557267;0.645190;-0.087923;-0.992483;1.337364;-0.344881;
0.047820;-1.092497;1.323962;-0.231465;-0.559915;0.643474;-0.083559;-0.998566;1.334989;-0.336423;
0.047840;-1.098118;1.320812;-0.222694;-0.562542;0.641734;-0.079192;-1.004610;1.332561;-0.327951;
0.047860;-1.103695;1.317610;-0.213915;-0.565146;0.639968;-0.074822;-1.010614;1.330080;-0.319466;
0.047880;-1.109229;1.314357;-0.205127;-0.567728;0.638176;-0.070449;-1.016577;1.327546;-0.310969;
0.047900;-1.114719;1.311051;-0.196332;-0.570287;0.636360;-0.066073;-1.022501;1.324960;-0.302459;
0.047920;-1.120165;1.307694;-0.187528;-0.572824;0.634518;-0.061694;-1.028385;1.322322;-0.293938;
0.047940;-1.125567;1.304285;-0.178717;-0.575338;0.632652;-0.057313;-1.034227;1.319632;-0.285404;
0.047960;-1.130925;1.300824;-0.169899;-0.577830;0.630760;-0.052930;-1.040029;1.316889;-0.276860;
0.047980;-1.136238;1.297312;-0.161074;-0.580298;0.628843;-0.048545;-1.045790;1.314095;-0.268305;
0.048000;-1.141506;1.293749;-0.152243;-0.582744;0.626902;-0.044158;-1.051510;1.311249;-0.259739;
0.048020;-1.146729;1.290135;-0.143406;-0.585167;0.624936;-0.039769;-1.057188;1.308350;-0.251162;
0.048040;-1.151906;1.286470;-0.134564;-0.587567;0.622945;-0.035378;-1.062824;1.305401;-0.242576;
0.048060;-1.157038;1.282754;-0.125716;-0.589943;0.620930;-0.030986;-1.068419;1.302399;-0.233981;
0.048080;-1.162125;1.278987;-0.116863;-0.592297;0.618890;-0.026593;-1.073971;1.299347;-0.225376;
0.048100;-1.167166;1.275170;-0.108005;-0.594626;0.616825;-0.022199;-1.079481;1.296243;-0.216762;
0.048120;-1.172160;1.271303;-0.099143;-0.596933;0.614737;-0.017804;-1.084948;1.293088;-0.208139;
0.048140;-1.177108;1.267386;-0.090277;-0.599216;0.612624;-0.013408;-1.090373;1.289881;-0.199509;
0.048160;-1.182010;1.263418;-0.081408;-0.601475;0.610486;-0.009012;-1.095754;1.286624;-0.190870;
0.048180;-1.186865;1.259400;-0.072535;-0.603710;0.608325;-0.004615;-1.101092;1.283316;-0.182224;
0.048200;-1.191673;1.255333;-0.063660;-0.605922;0.606140;-0.000218;-1.106387;1.279958;-0.173571;
0.048220;-1.196435;1.251217;-0.054782;-0.608109;0.603931;0.004179;-1.111638;1.276549;-0.164911;
0.048240;-1.201149;1.247050;-0.045902;-0.610273;0.601698;0.008575;-1.116845;1.273089;-0.156244;
0.048260;-1.205815;1.242835;-0.037020;-0.612413;0.599441;0.012972;-1.122008;1.269579;-0.147572;
0.048280;-1.210434;1.238571;-0.028136;-0.614528;0.597160;0.017367;-1.127126;1.266019;-0.138893;
0.048300;-1.215005;1.234257;-0.019252;-0.616619;0.594856;0.021763;-1.132200;1.262410;-0.130209;
0.048320;-1.219529;1.229895;-0.010367;-0.618686;0.592529;0.026157;-1.137230;1.258750;-0.121520;
0.048340;-1.224004;1.225485;-0.001481;-0.620728;0.590178;0.030550;-1.142215;1.255040;-0.112826;
0.048360;-1.228430;1.221026;0.007405;-0.622746;0.587804;0.034942;-1.147154;1.251281;-0.104127;
0.048380;-1.232809;1.216519;0.016290;-0.624739;0.585406;0.039333;-1.152048;1.247473;-0.095425;
0.048400;-1.237138;1.211963;0.025175;-0.626708;0.582986;0.043722;-1.156897;1.243615;-0.086719;
0.048420;-1.241419;1.207360;0.034059;-0.628652;0.580542;0.048109;-1.161700;1.239709;-0.078009;
0.048440;-1.245651;1.202710;0.042941;-0.630571;0.578076;0.052495;-1.166457;1.235753;-0.069296;
0.048460;-1.249833;1.198011;0.051822;-0.632465;0.575587;0.056878;-1.171168;1.231749;-0.060580;
0.048480;-1.253967;1.193266;0.060701;-0.634334;0.573075;0.061259;-1.175833;1.227696;-0.051862;
0.048500;-1.258050;1.188473;0.069577;-0.636178;0.570540;0.065638;-1.180452;1.223594;-0.043142;
0.048520;-1.262084;1.183634;0.078451;-0.637997;0.567983;0.070014;-1.185024;1.219444;-0.034421;
0.048540;-1.266069;1.178747;0.087321;-0.639791;0.565403;0.074388;-1.189549;1.215246;-0.025698;
0.048560;-1.270003;1.173815;0.096188;-0.641560;0.562801;0.078758;-1.194027;1.211000;-0.016974;
0.048580;-1.273887;1.168836;0.105051;-0.643303;0.560177;0.083126;-1.198458;1.206707;-0.008249;
0.048600;-1.277721;1.163810;0.113910;-0.645021;0.557531;0.087490;-1.202841;1.202365;0.000476;
0.048620;-1.281504;1.158739;0.122765;-0.646713;0.554863;0.091850;-1.207178;1.197976;0.009201;
0.048640;-1.285237;1.153622;0.131615;-0.648380;0.552173;0.096207;-1.211466;1.193540;0.017926;
0.048660;-1.288919;1.148460;0.140459;-0.650021;0.549461;0.100560;-1.215707;1.189057;0.026650;
0.048680;-1.292550;1.143252;0.149298;-0.651637;0.546727;0.104910;-1.219900;1.184527;0.035373;
0.048700;-1.296130;1.137999;0.158131;-0.653227;0.543972;0.109255;-1.224044;1.179950;0.044094;
0.048720;-1.299659;1.132701;0.166958;-0.654791;0.541195;0.113596;-1.228140;1.175326;0.052814;
0.048740;-1.303137;1.127358;0.175779;-0.656329;0.538397;0.117932;-1.232188;1.170656;0.061532;
0.048760;-1.306563;1.121971;0.184592;-0.657841;0.535578;0.122263;-1.236187;1.165940;0.070247;
0.048780;-1.309938;1.116540;0.193398;-0.659327;0.532737;0.126590;-1.240138;1.161178;0.078960;
0.048800;-1.313260;1.111064;0.202196;-0.660788;0.529876;0.130912;-1.244039;1.156370;0.087669;
0.048820;-1.316532;1.105545;0.210987;-0.662222;0.526993;0.135229;-1.247891;1.151516;0.096375;
0.048840;-1.319751;1.099982;0.219769;-0.663630;0.524090;0.139540;-1.251694;1.146617;0.105077;
0.048860;-1.322918;1.094375;0.228542;-0.665012;0.521166;0.143846;-1.255448;1.141673;0.113775;
0.048880;-1.326032;1.088726;0.237307;-0.666368;0.518222;0.148146;-1.259152;1.136683;0.122469;
0.048900;-1.329095;1.083033;0.246062;-0.667697;0.515257;0.152440;-1.262806;1.131649;0.131157;
0.048920;-1.332105;1.077298;0.254807;-0.669000;0.512271;0.156728;-1.266410;1.126570;0.139841;
0.048940;-1.335062;1.071520;0.263542;-0.670276;0.509266;0.161010;-1.269965;1.121446;0.148519;
0.048960;-1.337967;1.065700;0.272267;-0.671527;0.506240;0.165286;-1.273469;1.116278;0.157191;
0.048980;-1.340819;1.059837;0.280981;-0.672750;0.503195;0.169555;-1.276923;1.111066;0.165857;
0.049000;-1.343617;1.053933;0.289684;-0.673947;0.500129;0.173818;-1.280327;1.105811;0.174516;
0.049020;-1.346363;1.047987;0.298376;-0.675118;0.497044;0.178073;-1.283680;1.100511;0.183169;
0.049040;-1.349056;1.042000;0.307056;-0.676261;0.493939;0.182322;-1.286982;1.095169;0.191814;
0.049060;-1.351695;1.035972;0.315723;-0.677378;0.490815;0.186563;-1.290234;1.089782;0.200451;
0.049080;-1.354282;1.029903;0.324379;-0.678469;0.487671;0.190797;-1.293435;1.084353;0.209081;
0.049100;-1.356814;1.023793;0.333021;-0.679532;0.484508;0.195024;-1.296584;1.078881;0.217703;
0.049120;-1.359293;1.017643;0.341650;-0.680569;0.481326;0.199243;-1.299682;1.073367;0.226315;
0.049140;-1.361719;1.011453;0.350266;-0.681579;0.478125;0.203454;-1.302730;1.067810;0.234919;
0.049160;-1.364090;1.005222;0.358868;-0.682562;0.474905;0.207657;-1.305725;1.062211;0.243514;
0.049180;-1.366408;0.998952;0.367456;-0.683518;0.471666;0.211851;-1.308669;1.056570;0.252099;
0.049200;-1.368672;0.992643;0.376029;-0.684447;0.468409;0.216038;-1.311562;1.050888;0.260674;
0.049220;-1.370882;0.986294;0.384587;-0.685349;0.465133;0.220215;-1.314402;1.045163;0.269239;
0.049240;-1.373037;0.979907;0.393131;-0.686224;0.461839;0.224385;-1.317191;1.039398;0.277793;
0.049260;-1.375139;0.973480;0.401658;-0.687072;0.458527;0.228545;-1.319928;1.033592;0.286337;
0.049280;-1.377186;0.967016;0.410170;-0.687892;0.455196;0.232696;-1.322613;1.027744;0.294868;
0.049300;-1.379179;0.960513;0.418666;-0.688686;0.451848;0.236838;-1.325245;1.021856;0.303389;
0.049320;-1.381117;0.953972;0.427145;-0.689452;0.448481;0.240971;-1.327825;1.015928;0.311897;
0.049340;-1.383001;0.947394;0.435607;-0.690191;0.445097;0.245094;-1.330353;1.009960;0.320393;
0.049360;-1.384830;0.940778;0.444052;-0.690903;0.441696;0.249207;-1.332828;1.003952;0.328876;
0.049380;-1.386605;0.934125;0.452480;-0.691588;0.438277;0.253311;-1.335251;0.997904;0.337347;
0.049400;-1.388325;0.927435;0.460890;-0.692245;0.434840;0.257405;-1.337621;0.991817;0.345804;
0.049420;-1.389990;0.920708;0.469281;-0.692875;0.431387;0.261488;-1.339938;0.985691;0.354247;
0.049440;-1.391600;0.913946;0.477654;-0.693478;0.427916;0.265561;-1.342202;0.979525;0.362676;
0.049460;-1.393155;0.907147;0.486008;-0.694053;0.424429;0.269624;-1.344413;0.973321;0.371092;
0.049480;-1.394655;0.900312;0.494343;-0.694601;0.420925;0.273676;-1.346571;0.967079;0.379492;
0.049500;-1.396100;0.893442;0.502659;-0.695121;0.417404;0.277717;-1.348676;0.960799;0.387877;
0.049520;-1.397490;0.886536;0.510954;-0.695614;0.413867;0.281748;-1.350728;0.954480;0.396248;
0.049540;-1.398825;0.879596;0.519229;-0.696080;0.410313;0.285767;-1.352726;0.948124;0.404602;
0.049560;-1.400105;0.872621;0.527484;-0.696518;0.406743;0.289775;-1.354671;0.941731;0.412941;
0.049580;-1.401329;0.865611;0.535718;-0.696929;0.403157;0.293771;-1.356563;0.935300;0.421263;
0.049600;-1.402498;0.858567;0.543931;-0.697312;0.399556;0.297756;-1.358401;0.928832;0.429568;
0.049620;-1.403612;0.851489;0.552123;-0.697667;0.395938;0.301729;-1.360185;0.922328;0.437857;
0.049640;-1.404670;0.844378;0.560292;-0.697995;0.392305;0.305690;-1.361915;0.915787;0.446128;
0.049660;-1.405673;0.837233;0.568440;-0.698296;0.388656;0.309639;-1.363592;0.909210;0.454382;
0.049680;-1.406620;0.830055;0.576565;-0.698568;0.384992;0.313576;-1.365215;0.902597;0.462618;
0.049700;-1.407512;0.822845;0.584667;-0.698814;0.381313;0.317501;-1.366784;0.895949;0.470835;
0.049720;-1.408348;0.815602;0.592747;-0.699031;0.377619;0.321413;-1.368300;0.889265;0.479034;
0.049740;-1.409129;0.808327;0.600803;-0.699221;0.373909;0.325312;-1.369761;0.882546;0.487214;
0.049760;-1.409854;0.801019;0.608835;-0.699384;0.370185;0.329199;-1.371168;0.875793;0.495375;
0.049780;-1.410523;0.793681;0.616843;-0.699519;0.366447;0.333072;-1.372521;0.869004;0.503516;
0.049800;-1.411137;0.786311;0.624826;-0.699626;0.362694;0.336932;-1.373819;0.862182;0.511638;
0.049820;-1.411695;0.778909;0.632786;-0.699706;0.358926;0.340779;-1.375064;0.855325;0.519739;
0.049840;-1.412197;0.771478;0.640720;-0.699758;0.355145;0.344613;-1.376254;0.848435;0.527820;
0.049860;-1.412644;0.764015;0.648628;-0.699782;0.351349;0.348433;-1.377390;0.841511;0.535879;
0.049880;-1.413034;0.756523;0.656512;-0.699779;0.347540;0.352239;-1.378472;0.834553;0.543918;
0.049900;-1.413369;0.749000;0.664369;-0.699748;0.343717;0.356031;-1.379499;0.827563;0.551935;
0.049920;-1.413648;0.741448;0.672200;-0.699690;0.339880;0.359809;-1.380471;0.820541;0.559931;
0.049940;-1.413872;0.733867;0.680004;-0.699603;0.336030;0.363573;-1.381389;0.813485;0.567904;
0.049960;-1.414039;0.726257;0.687782;-0.699490;0.332167;0.367323;-1.382253;0.806398;0.575855;
0.049980;-1.414151;0.718618;0.695533;-0.699348;0.328290;0.371058;-1.383062;0.799279;0.583783;
0.050000;-1.414207;0.710951;0.703256;-0.699179;0.324401;0.374779;-1.383816;0.792128;0.591688;
0.050020;-1.414207;0.703256;0.710951;-0.698983;0.320498;0.378485;-1.384516;0.784947;0.599570;
0.050040;-1.414151;0.695533;0.718618;-0.698759;0.316583;0.382175;-1.385161;0.777734;0.607428;
0.050060;-1.414039;0.687782;0.726257;-0.698507;0.312656;0.385851;-1.385752;0.770490;0.615262;
0.050080;-1.413872;0.680004;0.733867;-0.698228;0.308716;0.389511;-1.386288;0.763216;0.623072;
0.050100;-1.413648;0.672200;0.741448;-0.697921;0.304764;0.393156;-1.386769;0.755912;0.630857;
0.050120;-1.413369;0.664369;0.749000;-0.697586;0.300800;0.396786;-1.387195;0.748578;0.638617;
0.050140;-1.413034;0.656512;0.756523;-0.697224;0.296824;0.400400;-1.387566;0.741214;0.646352;
0.050160;-1.412644;0.648628;0.764015;-0.696835;0.292837;0.403998;-1.387883;0.733821;0.654062;
0.050180;-1.412197;0.640720;0.771478;-0.696418;0.288838;0.407580;-1.388145;0.726400;0.661745;
0.050200;-1.411695;0.632786;0.778909;-0.695973;0.284827;0.411146;-1.388352;0.718949;0.669403;
0.050220;-1.411137;0.624826;0.786311;-0.695501;0.280805;0.414696;-1.388504;0.711470;0.677034;
0.050240;-1.410523;0.616843;0.793681;-0.695002;0.276773;0.418229;-1.388602;0.703963;0.684639;
0.050260;-1.409854;0.608835;0.801019;-0.694475;0.272729;0.421746;-1.388645;0.696429;0.692216;
0.050280;-1.409129;0.600803;0.808327;-0.693921;0.268674;0.425247;-1.388633;0.688866;0.699766;
0.050300;-1.408348;0.592747;0.815602;-0.693339;0.264609;0.428730;-1.388566;0.681277;0.707289;
0.050320;-1.407512;0.584667;0.822845;-0.692730;0.260533;0.432197;-1.388444;0.673661;0.714783;
0.050340;-1.406620;0.576565;0.830055;-0.692094;0.256448;0.435646;-1.388267;0.666018;0.722250;
0.050360;-1.405673;0.568440;0.837233;-0.691430;0.252352;0.439079;-1.388036;0.658349;0.729687;
0.050380;-1.404670;0.560292;0.844378;-0.690739;0.248246;0.442494;-1.387750;0.650653;0.737096;
0.050400;-1.403612;0.552123;0.851489;-0.690021;0.244130;0.445891;-1.387409;0.642932;0.744476;
0.050420;-1.402498;0.543931;0.858567;-0.689275;0.240004;0.449271;-1.387013;0.635186;0.751827;
0.050440;-1.401329;0.535718;0.865611;-0.688502;0.235869;0.452633;-1.386562;0.627415;0.759148;
0.050460;-1.400105;0.527484;0.872621;-0.687703;0.231725;0.455977;-1.386057;0.619619;0.766438;
0.050480;-1.398825;0.519229;0.879596;-0.686876;0.227572;0.459304;-1.385497;0.611798;0.773699;
0.050500;-1.397490;0.510954;0.886536;-0.686021;0.223410;0.462612;-1.384883;0.603953;0.780929;
0.050520;-1.396100;0.502659;0.893442;-0.685140;0.219238;0.465902;-1.384213;0.596085;0.788128;
0.050540;-1.394655;0.494343;0.900312;-0.684232;0.215059;0.469173;-1.383489;0.588193;0.795297;
0.050560;-1.393155;0.486008;0.907147;-0.683296;0.210870;0.472426;-1.382711;0.580277;0.802433;
0.050580;-1.391600;0.477654;0.913946;-0.682334;0.206674;0.475661;-1.381878;0.572339;0.809538;
0.050600;-1.389990;0.469281;0.920708;-0.681345;0.202469;0.478876;-1.380990;0.564378;0.816611;
0.050620;-1.388325;0.460890;0.927435;-0.680329;0.198256;0.482073;-1.380048;0.556395;0.823652;
0.050640;-1.386605;0.452480;0.934125;-0.679286;0.194035;0.485250;-1.379051;0.548390;0.830661;
0.050660;-1.384830;0.444052;0.940778;-0.678216;0.189807;0.488409;-1.378000;0.540364;0.837636;
0.050680;-1.383001;0.435607;0.947394;-0.677119;0.185571;0.491548;-1.376894;0.532315;0.844579;
0.050700;-1.381117;0.427145;0.953972;-0.675996;0.181328;0.494668;-1.375734;0.524246;0.851488;
0.050720;-1.379179;0.418666;0.960513;-0.674846;0.177078;0.497768;-1.374520;0.516157;0.858363;
0.050740;-1.377186;0.410170;0.967016;-0.673669;0.172821;0.500849;-1.373251;0.508047;0.865205;
0.050760;-1.375139;0.401658;0.973480;-0.672466;0.168557;0.503909;-1.371929;0.499916;0.872012;
0.050780;-1.373037;0.393131;0.979907;-0.671236;0.164286;0.506950;-1.370552;0.491766;0.878785;
0.050800;-1.370882;0.384587;0.986294;-0.669980;0.160009;0.509971;-1.369121;0.483597;0.885524;
0.050820;-1.368672;0.376029;0.992643;-0.668697;0.155725;0.512972;-1.367636;0.475409;0.892227;
0.050840;-1.366408;0.367456;0.998952;-0.667388;0.151436;0.515953;-1.366097;0.467201;0.898895;
0.050860;-1.364090;0.358868;1.005222;-0.666053;0.147140;0.518913;-1.364504;0.458976;0.905528;
0.050880;-1.361719;0.350266;1.011453;-0.664691;0.142839;0.521852;-1.362857;0.450732;0.912125;
0.050900;-1.359293;0.341650;1.017643;-0.663303;0.138531;0.524771;-1.361156;0.442470;0.918686;
0.050920;-1.356814;0.333021;1.023793;-0.661889;0.134219;0.527670;-1.359402;0.434191;0.925210;
0.050940;-1.354282;0.324379;1.029903;-0.660448;0.129901;0.530547;-1.357594;0.425895;0.931699;
0.050960;-1.351695;0.315723;1.035972;-0.658982;0.125578;0.533404;-1.355732;0.417582;0.938150;
0.050980;-1.349056;0.307056;1.042000;-0.657489;0.121250;0.536239;-1.353817;0.409253;0.944564;
0.051000;-1.346363;0.298376;1.047987;-0.655971;0.116917;0.539054;-1.351848;0.400907;0.950941;
0.051020;-1.343617;0.289684;1.053933;-0.654427;0.112580;0.541847;-1.349826;0.392546;0.957281;
0.051040;-1.340819;0.280981;1.059837;-0.652857;0.108238;0.544619;-1.347751;0.384169;0.963582;
0.051060;-1.337967;0.272267;1.065700;-0.651261;0.103892;0.547369;-1.345623;0.375777;0.969846;
0.051080;-1.335062;0.263542;1.071520;-0.649639;0.099542;0.550097;-1.343441;0.367370;0.976071;
0.051100;-1.332105;0.254807;1.077298;-0.647992;0.095188;0.552804;-1.341206;0.358948;0.982258;
0.051120;-1.329095;0.246062;1.083033;-0.646319;0.090830;0.555489;-1.338919;0.350513;0.988406;
0.051140;-1.326032;0.237307;1.088726;-0.644621;0.086469;0.558152;-1.336578;0.342063;0.994515;
0.051160;-1.322918;0.228542;1.094375;-0.642897;0.082104;0.560793;-1.334185;0.333600;1.000585;
0.051180;-1.319751;0.219769;1.099982;-0.641148;0.077736;0.563412;-1.331739;0.325124;1.006615;
0.051200;-1.316532;0.210987;1.105545;-0.639373;0.073364;0.566009;-1.329241;0.316635;1.012606;
0.051220;-1.313260;0.202196;1.111064;-0.637574;0.068990;0.568583;-1.326690;0.308134;1.018556;
0.051240;-1.309938;0.193398;1.116540;-0.635749;0.064614;0.571135;-1.324087;0.299620;1.024467;
0.051260;-1.306563;0.184592;1.121971;-0.633899;0.060234;0.573665;-1.321431;0.291094;1.030337;
0.051280;-1.303137;0.175779;1.127358;-0.632024;0.055853;0.576171;-1.318723;0.282557;1.036166;
0.051300;-1.299659;0.166958;1.132701;-0.630124;0.051469;0.578655;-1.315964;0.274009;1.041954;
0.051320;-1.296130;0.158131;1.137999;-0.628199;0.047083;0.581116;-1.313152;0.265450;1.047701;
0.051340;-1.292550;0.149298;1.143252;-0.626249;0.042695;0.583554;-1.310288;0.256881;1.053407;
0.051360;-1.288919;0.140459;1.148460;-0.624275;0.038305;0.585970;-1.307373;0.248301;1.059071;
0.051380;-1.285237;0.131615;1.153622;-0.622276;0.033914;0.588362;-1.304406;0.239712;1.064694;
0.051400;-1.281504;0.122765;1.158739;-0.620252;0.029522;0.590730;-1.301388;0.231113;1.070274;
0.051420;-1.277721;0.113910;1.163810;-0.618204;0.025128;0.593076;-1.298318;0.222505;1.075812;
0.051440;-1.273887;0.105051;1.168836;-0.616132;0.020734;0.595398;-1.295197;0.213889;1.081308;
0.051460;-1.270003;0.096188;1.173815;-0.614035;0.016339;0.597696;-1.292025;0.205263;1.086761;
0.051480;-1.266069;0.087321;1.178747;-0.611914;0.011943;0.599971;-1.288801;0.196630;1.092171;
0.051500;-1.262084;0.078451;1.183634;-0.609769;0.007546;0.602222;-1.285527;0.187989;1.097538;
0.051520;-1.258050;0.069577;1.188473;-0.607599;0.003149;0.604450;-1.282202;0.179341;1.102862;
0.051540;-1.253967;0.060701;1.193266;-0.605406;-0.001247;0.606654;-1.278827;0.170685;1.108142;
0.051560;-1.249833;0.051822;1.198011;-0.603189;-0.005644;0.608833;-1.275401;0.162023;1.113378;
0.051580;-1.245651;0.042941;1.202710;-0.600948;-0.010041;0.610989;-1.271925;0.153354;1.118571;
0.051600;-1.241419;0.034059;1.207360;-0.598683;-0.014437;0.613120;-1.268398;0.144679;1.123719;
0.051620;-1.237138;0.025175;1.211963;-0.596395;-0.018833;0.615228;-1.264822;0.135999;1.128823;
0.051640;-1.232809;0.016290;1.216519;-0.594083;-0.023227;0.617311;-1.261195;0.127313;1.133882;
0.051660;-1.228430;0.007405;1.221026;-0.591748;-0.027621;0.619369;-1.257519;0.118622;1.138896;
0.051680;-1.224004;-0.001481;1.225485;-0.589389;-0.032014;0.621403;-1.253793;0.109927;1.143866;
0.051700;-1.219529;-0.010367;1.229895;-0.587007;-0.036406;0.623413;-1.250017;0.101227;1.148790;
0.051720;-1.215005;-0.019252;1.234257;-0.584602;-0.040796;0.625398;-1.246193;0.092523;1.153670;
0.051740;-1.210434;-0.028136;1.238571;-0.582174;-0.045185;0.627359;-1.242319;0.083816;1.158503;
0.051760;-1.205815;-0.037020;1.242835;-0.579723;-0.049571;0.629294;-1.238396;0.075105;1.163291;
0.051780;-1.201149;-0.045902;1.247050;-0.577249;-0.053956;0.631205;-1.234424;0.066391;1.168033;
0.051800;-1.196435;-0.054782;1.251217;-0.574752;-0.058339;0.633091;-1.230403;0.057675;1.172728;
0.051820;-1.191673;-0.063660;1.255333;-0.572232;-0.062719;0.634951;-1.226334;0.048956;1.177378;
0.051840;-1.186865;-0.072535;1.259400;-0.569690;-0.067097;0.636787;-1.222216;0.040235;1.181981;
0.051860;-1.182010;-0.081408;1.263418;-0.567125;-0.071472;0.638598;-1.218050;0.031513;1.186537;
0.051880;-1.177108;-0.090277;1.267386;-0.564538;-0.075845;0.640383;-1.213836;0.022790;1.191047;
0.051900;-1.172160;-0.099143;1.271303;-0.561929;-0.080214;0.642143;-1.209574;0.014065;1.195509;
0.051920;-1.167166;-0.108005;1.275170;-0.559298;-0.084581;0.643878;-1.205265;0.005340;1.199924;
0.051940;-1.162125;-0.116863;1.278987;-0.556644;-0.088944;0.645588;-1.200908;-0.003385;1.204292;
0.051960;-1.157038;-0.125716;1.282754;-0.553968;-0.093303;0.647271;-1.196503;-0.012110;1.208613;
0.051980;-1.151906;-0.134564;1.286470;-0.551271;-0.097659;0.648930;-1.192051;-0.020834;1.212885;
0.052000;-1.146729;-0.143406;1.290135;-0.548552;-0.102011;0.650562;-1.187552;-0.029558;1.217110;
0.052020;-1.141506;-0.152243;1.293749;-0.545811;-0.106359;0.652169;-1.183006;-0.038280;1.221287;
0.052040;-1.136238;-0.161074;1.297312;-0.543049;-0.110702;0.653751;-1.178414;-0.047001;1.225415;
0.052060;-1.130925;-0.169899;1.300824;-0.540265;-0.115041;0.655306;-1.173775;-0.055720;1.229495;
0.052080;-1.125567;-0.178717;1.304285;-0.537460;-0.119376;0.656836;-1.169089;-0.064437;1.233527;
0.052100;-1.120165;-0.187528;1.307694;-0.534633;-0.123706;0.658339;-1.164358;-0.073152;1.237510;
0.052120;-1.114719;-0.196332;1.311051;-0.531786;-0.128031;0.659817;-1.159580;-0.081863;1.241444;
0.052140;-1.109229;-0.205127;1.314357;-0.528917;-0.132352;0.661269;-1.154757;-0.090572;1.245329;
0.052160;-1.103695;-0.213915;1.317610;-0.526028;-0.136666;0.662694;-1.149888;-0.099276;1.249164;
0.052180;-1.098118;-0.222694;1.320812;-0.523118;-0.140976;0.664094;-1.144974;-0.107977;1.252951;
0.052200;-1.092497;-0.231465;1.323962;-0.520187;-0.145280;0.665467;-1.140014;-0.116674;1.256688;
0.052220;-1.086833;-0.240226;1.327059;-0.517236;-0.149578;0.666814;-1.135010;-0.125365;1.260375;
0.052240;-1.081126;-0.248978;1.330104;-0.514264;-0.153870;0.668134;-1.129961;-0.134052;1.264013;
0.052260;-1.075376;-0.257720;1.333096;-0.511272;-0.158156;0.669428;-1.124867;-0.142734;1.267601;
0.052280;-1.069584;-0.266452;1.336036;-0.508260;-0.162436;0.670696;-1.119728;-0.151410;1.271139;
0.052300;-1.063750;-0.275173;1.338923;-0.505227;-0.166710;0.671937;-1.114546;-0.160080;1.274626;
0.052320;-1.057874;-0.283884;1.341757;-0.502175;-0.170977;0.673152;-1.109319;-0.168744;1.278063;
0.052340;-1.051956;-0.292583;1.344539;-0.499103;-0.175237;0.674340;-1.104049;-0.177401;1.281450;
0.052360;-1.045996;-0.301270;1.347267;-0.496011;-0.179490;0.675502;-1.098735;-0.186051;1.284786;
0.052380;-1.039995;-0.309946;1.349942;-0.492900;-0.183737;0.676637;-1.093378;-0.194694;1.288072;
0.052400;-1.033954;-0.318610;1.352563;-0.489769;-0.187976;0.677745;-1.087978;-0.203329;1.291306;
0.052420;-1.027871;-0.327261;1.355132;-0.486619;-0.192207;0.678826;-1.082534;-0.211956;1.294490;
0.052440;-1.021748;-0.335899;1.357646;-0.483450;-0.196431;0.679881;-1.077048;-0.220575;1.297623;
0.052460;-1.015584;-0.344524;1.360108;-0.480261;-0.200647;0.680909;-1.071519;-0.229184;1.300704;
0.052480;-1.009380;-0.353135;1.362515;-0.477054;-0.204856;0.681909;-1.065948;-0.237785;1.303734;
0.052500;-1.003137;-0.361732;1.364869;-0.473828;-0.209056;0.682883;-1.060335;-0.246377;1.306712;
0.052520;-0.996853;-0.370315;1.367169;-0.470583;-0.213248;0.683830;-1.054681;-0.254959;1.309639;
0.052540;-0.990531;-0.378883;1.369414;-0.467319;-0.217431;0.684750;-1.048984;-0.263530;1.312514;
0.052560;-0.984169;-0.387437;1.371606;-0.464037;-0.221606;0.685643;-1.043246;-0.272092;1.315338;
0.052580;-0.977769;-0.395975;1.373744;-0.460737;-0.225772;0.686509;-1.037467;-0.280642;1.318109;
0.052600;-0.971330;-0.404497;1.375827;-0.457419;-0.229930;0.687348;-1.031647;-0.289182;1.320829;
0.052620;-0.964852;-0.413004;1.377856;-0.454082;-0.234078;0.688160;-1.025786;-0.297710;1.323496;
0.052640;-0.958337;-0.421494;1.379831;-0.450728;-0.238217;0.688944;-1.019885;-0.306226;1.326111;
0.052660;-0.951783;-0.429968;1.381751;-0.447355;-0.242346;0.689702;-1.013943;-0.314730;1.328674;
0.052680;-0.945192;-0.438424;1.383617;-0.443965;-0.246466;0.690432;-1.007962;-0.323222;1.331184;
0.052700;-0.938564;-0.446864;1.385428;-0.440558;-0.250576;0.691134;-1.001940;-0.331701;1.333642;
0.052720;-0.931899;-0.455285;1.387184;-0.437133;-0.254677;0.691810;-0.995879;-0.340167;1.336047;
0.052740;-0.925197;-0.463689;1.388886;-0.433691;-0.258767;0.692458;-0.989779;-0.348620;1.338399;
0.052760;-0.918458;-0.472074;1.390532;-0.430232;-0.262847;0.693079;-0.983640;-0.357058;1.340698;
0.052780;-0.911683;-0.480441;1.392124;-0.426756;-0.266917;0.693673;-0.977462;-0.365483;1.342945;
0.052800;-0.904872;-0.488789;1.393661;-0.423263;-0.270976;0.694239;-0.971245;-0.373893;1.345138;
0.052820;-0.898026;-0.497117;1.395143;-0.419753;-0.275025;0.694777;-0.964990;-0.382289;1.347279;
0.052840;-0.891144;-0.505426;1.396570;-0.416227;-0.279062;0.695289;-0.958697;-0.390669;1.349366;
0.052860;-0.884227;-0.513715;1.397941;-0.412684;-0.283089;0.695773;-0.952366;-0.399034;1.351400;
0.052880;-0.877275;-0.521983;1.399258;-0.409125;-0.287104;0.696229;-0.945997;-0.407383;1.353380;
0.052900;-0.870288;-0.530231;1.400519;-0.405550;-0.291108;0.696658;-0.939591;-0.415716;1.355308;
0.052920;-0.863267;-0.538458;1.401725;-0.401958;-0.295101;0.697059;-0.933148;-0.424033;1.357181;
0.052940;-0.856211;-0.546664;1.402876;-0.398351;-0.299082;0.697433;-0.926668;-0.432333;1.359001;
0.052960;-0.849122;-0.554848;1.403971;-0.394729;-0.303051;0.697780;-0.920152;-0.440616;1.360768;
0.052980;-0.842000;-0.563011;1.405011;-0.391090;-0.307008;0.698098;-0.913599;-0.448882;1.362480;
0.053000;-0.834844;-0.571151;1.405995;-0.387436;-0.310953;0.698390;-0.907010;-0.457129;1.364139;
0.053020;-0.827655;-0.579268;1.406924;-0.383767;-0.314886;0.698653;-0.900385;-0.465359;1.365744;
0.053040;-0.820434;-0.587363;1.407797;-0.380083;-0.318806;0.698889;-0.893725;-0.473570;1.367295;
0.053060;-0.813180;-0.595435;1.408615;-0.376384;-0.322714;0.699098;-0.887029;-0.481763;1.368793;
0.053080;-0.805894;-0.603483;1.409377;-0.372670;-0.326609;0.699279;-0.880299;-0.489937;1.370236;
0.053100;-0.798577;-0.611507;1.410083;-0.368941;-0.330491;0.699432;-0.873534;-0.498091;1.371625;
0.053120;-0.791227;-0.619507;1.410734;-0.365197;-0.334360;0.699558;-0.866734;-0.506226;1.372960;
0.053140;-0.783847;-0.627482;1.411329;-0.361440;-0.338216;0.699656;-0.859900;-0.514340;1.374240;
0.053160;-0.776436;-0.635433;1.411869;-0.357667;-0.342059;0.699726;-0.853032;-0.522435;1.375467;
0.053180;-0.768993;-0.643359;1.412352;-0.353881;-0.345888;0.699769;-0.846130;-0.530509;1.376639;
0.053200;-0.761521;-0.651259;1.412780;-0.350081;-0.349703;0.699784;-0.839195;-0.538561;1.377757;
0.053220;-0.754019;-0.659134;1.413152;-0.346267;-0.353505;0.699772;-0.832227;-0.546593;1.378820;
0.053240;-0.746486;-0.666982;1.413468;-0.342439;-0.357292;0.699732;-0.825226;-0.554603;1.379829;
0.053260;-0.738925;-0.674804;1.413729;-0.338598;-0.361066;0.699664;-0.818192;-0.562591;1.380783;
0.053280;-0.731334;-0.682600;1.413934;-0.334744;-0.364825;0.699569;-0.811127;-0.570557;1.381683;
0.053300;-0.723714;-0.690369;1.414083;-0.330876;-0.368570;0.699446;-0.804029;-0.578500;1.382529;
0.053320;-0.716066;-0.698110;1.414176;-0.326995;-0.372300;0.699295;-0.796899;-0.586420;1.383320;
0.053340;-0.708389;-0.705824;1.414213;-0.323101;-0.376016;0.699117;-0.789738;-0.594318;1.384056;
0.053360;-0.700684;-0.713510;1.414194;-0.319195;-0.379716;0.698911;-0.782546;-0.602192;1.384737;
0.053380;-0.692952;-0.721168;1.414120;-0.315276;-0.383402;0.698678;-0.775322;-0.610042;1.385364;
0.053400;-0.685193;-0.728797;1.413989;-0.311344;-0.387073;0.698417;-0.768069;-0.617868;1.385936;
0.053420;-0.677406;-0.736397;1.413803;-0.307400;-0.390728;0.698128;-0.760785;-0.625669;1.386454;
0.053440;-0.669593;-0.743969;1.413561;-0.303444;-0.394368;0.697812;-0.753470;-0.633446;1.386917;
0.053460;-0.661753;-0.751511;1.413264;-0.299476;-0.397992;0.697469;-0.746127;-0.641198;1.387325;
0.053480;-0.653887;-0.759024;1.412910;-0.295497;-0.401601;0.697098;-0.738753;-0.648925;1.387678;
0.053500;-0.645995;-0.766506;1.412501;-0.291505;-0.405194;0.696699;-0.731351;-0.656626;1.387976;
0.053520;-0.638078;-0.773958;1.412036;-0.287502;-0.408771;0.696273;-0.723919;-0.664301;1.388220;
0.053540;-0.630135;-0.781380;1.411515;-0.283488;-0.412331;0.695819;-0.716459;-0.671950;1.388409;
0.053560;-0.622168;-0.788771;1.410939;-0.279462;-0.415876;0.695338;-0.708971;-0.679572;1.388543;
0.053580;-0.614176;-0.796130;1.410306;-0.275426;-0.419404;0.694829;-0.701455;-0.687167;1.388622;
0.053600;-0.606160;-0.803459;1.409619;-0.271378;-0.422915;0.694293;-0.693911;-0.694736;1.388647;
0.053620;-0.598120;-0.810755;1.408875;-0.267320;-0.426410;0.693730;-0.686340;-0.702277;1.388616;
0.053640;-0.590056;-0.818020;1.408076;-0.263252;-0.429888;0.693139;-0.678741;-0.709790;1.388531;
0.053660;-0.581969;-0.825252;1.407221;-0.259173;-0.433348;0.692521;-0.671116;-0.717275;1.388391;
0.053680;-0.573859;-0.832452;1.406311;-0.255083;-0.436792;0.691876;-0.663464;-0.724732;1.388196;
0.053700;-0.565727;-0.839618;1.405345;-0.250984;-0.440219;0.691203;-0.655786;-0.732160;1.387947;
0.053720;-0.557572;-0.846752;1.404324;-0.246875;-0.443628;0.690503;-0.648083;-0.739560;1.387642;
0.053740;-0.549395;-0.853852;1.403247;-0.242756;-0.447020;0.689775;-0.640353;-0.746930;1.387283;
0.053760;-0.541196;-0.860919;1.402115;-0.238627;-0.450394;0.689021;-0.632599;-0.754270;1.386869;
0.053780;-0.532976;-0.867951;1.400927;-0.234489;-0.453750;0.688239;-0.624819;-0.761581;1.386400;
0.053800;-0.524735;-0.874949;1.399684;-0.230342;-0.457088;0.687430;-0.617015;-0.768862;1.385877;
0.053820;-0.516473;-0.881913;1.398386;-0.226185;-0.460408;0.686594;-0.609186;-0.776113;1.385298;
0.053840;-0.508191;-0.888842;1.397033;-0.222020;-0.463710;0.685731;-0.601333;-0.783332;1.384666;
0.053860;-0.499889;-0.895736;1.395625;-0.217846;-0.466994;0.684840;-0.593457;-0.790521;1.383978;
0.053880;-0.491567;-0.902594;1.394161;-0.213663;-0.470260;0.683923;-0.585557;-0.797679;1.383236;
0.053900;-0.483226;-0.909417;1.392643;-0.209472;-0.473506;0.682979;-0.577634;-0.804805;1.382439;
0.053920;-0.474865;-0.916204;1.391069;-0.205273;-0.476734;0.682007;-0.569688;-0.811900;1.381588;
0.053940;-0.466486;-0.922955;1.389441;-0.201065;-0.479944;0.681009;-0.561720;-0.818962;1.380682;
0.053960;-0.458088;-0.929669;1.387757;-0.196850;-0.483134;0.679984;-0.553729;-0.825992;1.379721;
0.053980;-0.449673;-0.936347;1.386019;-0.192627;-0.486305;0.678932;-0.545717;-0.832989;1.378706;
0.054000;-0.441239;-0.942987;1.384227;-0.188396;-0.489457;0.677853;-0.537683;-0.839954;1.377637;
0.054020;-0.432788;-0.949591;1.382379;-0.184158;-0.492590;0.676748;-0.529628;-0.846885;1.376513;
0.054040;-0.424321;-0.956157;1.380477;-0.179912;-0.495703;0.675616;-0.521552;-0.853783;1.375335;
0.054060;-0.415836;-0.962685;1.378521;-0.175660;-0.498797;0.674457;-0.513456;-0.860648;1.374103;
0.054080;-0.407335;-0.969175;1.376510;-0.171400;-0.501871;0.673271;-0.505339;-0.867478;1.372816;
0.054100;-0.398818;-0.975627;1.374444;-0.167134;-0.504925;0.672059;-0.497202;-0.874274;1.371476;
0.054120;-0.390285;-0.982040;1.372325;-0.162861;-0.507960;0.670821;-0.489045;-0.881035;1.370081;
0.054140;-0.381736;-0.988415;1.370151;-0.158582;-0.510974;0.669555;-0.480870;-0.887762;1.368632;
0.054160;-0.373173;-0.994750;1.367923;-0.154296;-0.513968;0.668264;-0.472675;-0.894454;1.367129;
0.054180;-0.364595;-1.001047;1.365641;-0.150004;-0.516942;0.666946;-0.464462;-0.901110;1.365572;
0.054200;-0.356002;-1.007303;1.363306;-0.145707;-0.519895;0.665602;-0.456230;-0.907731;1.363961;
0.054220;-0.347396;-1.013520;1.360916;-0.141403;-0.522828;0.664231;-0.447980;-0.914316;1.362296;
0.054240;-0.338775;-1.019698;1.358473;-0.137094;-0.525740;0.662834;-0.439713;-0.920865;1.360577;
0.054260;-0.330142;-1.025834;1.355976;-0.132780;-0.528631;0.661411;-0.431428;-0.927377;1.358805;
0.054280;-0.321495;-1.031931;1.353425;-0.128461;-0.531502;0.659962;-0.423126;-0.933853;1.356979;
0.054300;-0.312835;-1.037986;1.350822;-0.124136;-0.534351;0.658487;-0.414808;-0.940292;1.355100;
0.054320;-0.304164;-1.044001;1.348164;-0.119806;-0.537180;0.656986;-0.406473;-0.946694;1.353167;
0.054340;-0.295480;-1.049974;1.345454;-0.115472;-0.539987;0.655459;-0.398122;-0.953059;1.351180;
0.054360;-0.286785;-1.055906;1.342690;-0.111133;-0.542773;0.653906;-0.389755;-0.959386;1.349141;
0.054380;-0.278078;-1.061796;1.339874;-0.106790;-0.545538;0.652328;-0.381373;-0.965675;1.347048;
0.054400;-0.269360;-1.067644;1.337004;-0.102442;-0.548281;0.650723;-0.372976;-0.971925;1.344901;
0.054420;-0.260632;-1.073450;1.334082;-0.098091;-0.551002;0.649093;-0.364564;-0.978138;1.342702;
0.054440;-0.251893;-1.079214;1.331107;-0.093736;-0.553702;0.647437;-0.356138;-0.984312;1.340450;
0.054460;-0.243144;-1.084935;1.328080;-0.089377;-0.556379;0.645756;-0.347698;-0.990447;1.338145;
0.054480;-0.234386;-1.090614;1.325000;-0.085014;-0.559035;0.644049;-0.339244;-0.996543;1.335787;
0.054500;-0.225619;-1.096249;1.321868;-0.080648;-0.561669;0.642317;-0.330776;-1.002600;1.333376;
0.054520;-0.216842;-1.101841;1.318683;-0.076279;-0.564280;0.640559;-0.322296;-1.008617;1.330912;
0.054540;-0.208058;-1.107389;1.315447;-0.071907;-0.566870;0.638776;-0.313803;-1.014594;1.328396;
0.054560;-0.199264;-1.112894;1.312159;-0.067532;-0.569436;0.636968;-0.305297;-1.020531;1.325828;
0.054580;-0.190463;-1.118355;1.308818;-0.063154;-0.571981;0.635135;-0.296779;-1.026428;1.323207;
0.054600;-0.181655;-1.123772;1.305427;-0.058774;-0.574503;0.633277;-0.288250;-1.032284;1.320534;
0.054620;-0.172839;-1.129144;1.301983;-0.054391;-0.577002;0.631393;-0.279709;-1.038100;1.317809;
0.054640;-0.164017;-1.134472;1.298488;-0.050007;-0.579478;0.629485;-0.271158;-1.043875;1.315032;
0.054660;-0.155188;-1.139755;1.294942;-0.045620;-0.581932;0.627552;-0.262595;-1.049608;1.312203;
0.054680;-0.146353;-1.144993;1.291345;-0.041232;-0.584362;0.625594;-0.254022;-1.055300;1.309322;
0.054700;-0.137512;-1.150185;1.287697;-0.036842;-0.586769;0.623611;-0.245439;-1.060950;1.306390;
0.054720;-0.128665;-1.155333;1.283998;-0.032450;-0.589154;0.621604;-0.236847;-1.066559;1.303406;
0.054740;-0.119814;-1.160435;1.280249;-0.028058;-0.591515;0.619572;-0.228245;-1.072125;1.300370;
0.054760;-0.110958;-1.165490;1.276448;-0.023664;-0.593852;0.617516;-0.219634;-1.077649;1.297283;
0.054780;-0.102097;-1.170500;1.272598;-0.019269;-0.596167;0.615436;-0.211014;-1.083131;1.294145;
0.054800;-0.093233;-1.175464;1.268697;-0.014873;-0.598457;0.613331;-0.202387;-1.088569;1.290956;
0.054820;-0.084365;-1.180381;1.264746;-0.010477;-0.600724;0.611202;-0.193751;-1.093965;1.287716;
0.054840;-0.075493;-1.185252;1.260745;-0.006081;-0.602968;0.609048;-0.185107;-1.099317;1.284425;
0.054860;-0.066619;-1.190076;1.256695;-0.001684;-0.605187;0.606871;-0.176456;-1.104627;1.281083;
0.054880;-0.057741;-1.194853;1.252594;0.002713;-0.607383;0.604670;-0.167798;-1.109892;1.277691;
0.054900;-0.048862;-1.199583;1.248445;0.007110;-0.609554;0.602445;-0.159134;-1.115114;1.274248;
0.054920;-0.039981;-1.204265;1.244246;0.011506;-0.611702;0.600196;-0.150463;-1.120292;1.270755;
0.054940;-0.031098;-1.208900;1.239998;0.015902;-0.613825;0.597923;-0.141787;-1.125425;1.267212;
0.054960;-0.022214;-1.213487;1.235701;0.020298;-0.615925;0.595627;-0.133104;-1.130514;1.263618;
0.054980;-0.013328;-1.218026;1.231355;0.024692;-0.618000;0.593307;-0.124417;-1.135558;1.259975;
0.055000;-0.004443;-1.222517;1.226960;0.029086;-0.620050;0.590964;-0.115724;-1.140558;1.256282;
0.055020;0.004443;-1.226960;1.222517;0.033478;-0.622076;0.588598;-0.107027;-1.145513;1.252540;
0.055040;0.013328;-1.231355;1.218026;0.037869;-0.624078;0.586208;-0.098326;-1.150422;1.248748;
0.055060;0.022214;-1.235701;1.213487;0.042259;-0.626054;0.583795;-0.089621;-1.155286;1.244907;
0.055080;0.031098;-1.239998;1.208900;0.046647;-0.628006;0.581359;-0.080912;-1.160104;1.241016;
0.055100;0.039981;-1.244246;1.204265;0.051033;-0.629934;0.578901;-0.072201;-1.164877;1.237077;
0.055120;0.048862;-1.248445;1.199583;0.055417;-0.631836;0.576419;-0.063486;-1.169603;1.233089;
0.055140;0.057741;-1.252594;1.194853;0.059799;-0.633714;0.573914;-0.054769;-1.174283;1.229052;
0.055160;0.066619;-1.256695;1.190076;0.064179;-0.635566;0.571387;-0.046049;-1.178917;1.224967;
0.055180;0.075493;-1.260745;1.185252;0.068556;-0.637394;0.568838;-0.037328;-1.183505;1.220833;
0.055200;0.084365;-1.264746;1.180381;0.072930;-0.639196;0.566266;-0.028605;-1.188046;1.216651;
0.055220;0.093233;-1.268697;1.175464;0.077302;-0.640973;0.563671;-0.019882;-1.192539;1.212421;
0.055240;0.102097;-1.272598;1.170500;0.081670;-0.642724;0.561054;-0.011157;-1.196986;1.208143;
0.055260;0.110958;-1.276448;1.165490;0.086035;-0.644451;0.558415;-0.002432;-1.201386;1.203818;
0.055280;0.119814;-1.280249;1.160435;0.090397;-0.646152;0.555755;0.006293;-1.205738;1.199445;
0.055300;0.128665;-1.283998;1.155333;0.094755;-0.647827;0.553072;0.015018;-1.210042;1.195024;
0.055320;0.137512;-1.287697;1.150185;0.099110;-0.649477;0.550367;0.023742;-1.214299;1.190557;
0.055340;0.146353;-1.291345;1.144993;0.103460;-0.651101;0.547641;0.032465;-1.218507;1.186042;
0.055360;0.155188;-1.294942;1.139755;0.107807;-0.652699;0.544893;0.041187;-1.222668;1.181481;
0.055380;0.164017;-1.298488;1.134472;0.112149;-0.654272;0.542123;0.049908;-1.226780;1.176873;
0.055400;0.172839;-1.301983;1.129144;0.116487;-0.655819;0.539332;0.058626;-1.230844;1.172218;
0.055420;0.181655;-1.305427;1.123772;0.120820;-0.657340;0.536520;0.067342;-1.234860;1.167517;
0.055440;0.190463;-1.308818;1.118355;0.125149;-0.658835;0.533686;0.076056;-1.238826;1.162770;
0.055460;0.199264;-1.312159;1.112894;0.129472;-0.660304;0.530832;0.084766;-1.242744;1.157978;
0.055480;0.208058;-1.315447;1.107389;0.133790;-0.661747;0.527956;0.093474;-1.246613;1.153139;
0.055500;0.216842;-1.318683;1.101841;0.138104;-0.663164;0.525060;0.102177;-1.250432;1.148255;
0.055520;0.225619;-1.321868;1.096249;0.142411;-0.664554;0.522143;0.110876;-1.254202;1.143326;
0.055540;0.234386;-1.325000;1.090614;0.146713;-0.665919;0.519205;0.119571;-1.257923;1.138351;
0.055560;0.243144;-1.328080;1.084935;0.151009;-0.667257;0.516247;0.128262;-1.261593;1.133332;
0.055580;0.251893;-1.331107;1.079214;0.155300;-0.668569;0.513269;0.136947;-1.265215;1.128268;
0.055600;0.260632;-1.334082;1.073450;0.159584;-0.669854;0.510270;0.145627;-1.268786;1.123159;
0.055620;0.269360;-1.337004;1.067644;0.163862;-0.671113;0.507251;0.154301;-1.272307;1.118006;
0.055640;0.278078;-1.339874;1.061796;0.168133;-0.672345;0.504212;0.162969;-1.275777;1.112809;
0.055660;0.286785;-1.342690;1.055906;0.172398;-0.673551;0.501153;0.171630;-1.279198;1.107568;
0.055680;0.295480;-1.345454;1.049974;0.176656;-0.674730;0.498075;0.180285;-1.282568;1.102283;
0.055700;0.304164;-1.348164;1.044001;0.180907;-0.675883;0.494976;0.188933;-1.285887;1.096954;
0.055720;0.312835;-1.350822;1.037986;0.185150;-0.677009;0.491859;0.197573;-1.289156;1.091583;
0.055740;0.321495;-1.353425;1.031931;0.189387;-0.678108;0.488721;0.206205;-1.292373;1.086168;
0.055760;0.330142;-1.355976;1.025834;0.193616;-0.679181;0.485565;0.214830;-1.295540;1.080710;
0.055780;0.338775;-1.358473;1.019698;0.197837;-0.680226;0.482389;0.223446;-1.298655;1.075210;
0.055800;0.347396;-1.360916;1.013520;0.202051;-0.681245;0.479194;0.232052;-1.301720;1.069667;
0.055820;0.356002;-1.363306;1.007303;0.206257;-0.682237;0.475981;0.240650;-1.304732;1.064082;
0.055840;0.364595;-1.365641;1.001047;0.210454;-0.683202;0.472748;0.249239;-1.307694;1.058455;
0.055860;0.373173;-1.367923;0.994750;0.214643;-0.684140;0.469497;0.257817;-1.310603;1.052786;
0.055880;0.381736;-1.370151;0.988415;0.218824;-0.685051;0.466227;0.266385;-1.313461;1.047076;
0.055900;0.390285;-1.372325;0.982040;0.222996;-0.685935;0.462939;0.274943;-1.316267;1.041324;
0.055920;0.398818;-1.374444;0.975627;0.227159;-0.686792;0.459633;0.283490;-1.319022;1.035532;
0.055940;0.407335;-1.376510;0.969175;0.231313;-0.687622;0.456308;0.292026;-1.321724;1.029698;
0.055960;0.415836;-1.378521;0.962685;0.235458;-0.688424;0.452966;0.300550;-1.324373;1.023824;
0.055980;0.424321;-1.380477;0.956157;0.239594;-0.689200;0.449605;0.309062;-1.326971;1.017909;
0.056000;0.432788;-1.382379;0.949591;0.243721;-0.689948;0.446227;0.317562;-1.329516;1.011954;
0.056020;0.441239;-1.384227;0.942987;0.247837;-0.690669;0.442832;0.326050;-1.332009;1.005959;
0.056040;0.449673;-1.386019;0.936347;0.251944;-0.691363;0.439418;0.334525;-1.334449;0.999924;
0.056060;0.458088;-1.387757;0.929669;0.256041;-0.692029;0.435988;0.342986;-1.336837;0.993850;
0.056080;0.466486;-1.389441;0.922955;0.260128;-0.692668;0.432540;0.351434;-1.339171;0.987737;
0.056100;0.474865;-1.391069;0.916204;0.264205;-0.693280;0.429075;0.359868;-1.341453;0.981585;
0.056120;0.483226;-1.392643;0.909417;0.268271;-0.693864;0.425593;0.368288;-1.343682;0.975394;
0.056140;0.491567;-1.394161;0.902594;0.272327;-0.694421;0.422095;0.376693;-1.345858;0.969164;
0.056160;0.499889;-1.395625;0.895736;0.276372;-0.694951;0.418579;0.385084;-1.347980;0.962896;
0.056180;0.508191;-1.397033;0.888842;0.280406;-0.695453;0.415048;0.393459;-1.350050;0.956591;
0.056200;0.516473;-1.398386;0.881913;0.284428;-0.695928;0.411499;0.401819;-1.352066;0.950247;
0.056220;0.524735;-1.399684;0.874949;0.288440;-0.696375;0.407935;0.410163;-1.354029;0.943866;
0.056240;0.532976;-1.400927;0.867951;0.292440;-0.696795;0.404354;0.418491;-1.355938;0.937447;
0.056260;0.541196;-1.402115;0.860919;0.296429;-0.697187;0.400758;0.426802;-1.357794;0.930992;
0.056280;0.549395;-1.403247;0.853852;0.300406;-0.697552;0.397146;0.435096;-1.359596;0.924500;
0.056300;0.557572;-1.404324;0.846752;0.304371;-0.697889;0.393518;0.443373;-1.361345;0.917971;
0.056320;0.565727;-1.405345;0.839618;0.308324;-0.698198;0.389874;0.451633;-1.363039;0.911406;
0.056340;0.573859;-1.406311;0.832452;0.312265;-0.698480;0.386215;0.459875;-1.364680;0.904806;
0.056360;0.581969;-1.407221;0.825252;0.316194;-0.698735;0.382541;0.468098;-1.366267;0.898169;
0.056380;0.590056;-1.408076;0.818020;0.320110;-0.698962;0.378852;0.476303;-1.367800;0.891497;
0.056400;0.598120;-1.408875;0.810755;0.324014;-0.699161;0.375147;0.484490;-1.369280;0.884790;
0.056420;0.606160;-1.409619;0.803459;0.327905;-0.699333;0.371428;0.492657;-1.370705;0.878048;
0.056440;0.614176;-1.410306;0.796130;0.331782;-0.699477;0.367695;0.500805;-1.372076;0.871271;
0.056460;0.622168;-1.410939;0.788771;0.335647;-0.699593;0.363946;0.508933;-1.373392;0.864460;
0.056480;0.630135;-1.411515;0.781380;0.339498;-0.699682;0.360184;0.517041;-1.374655;0.857614;
0.056500;0.638078;-1.412036;0.773958;0.343336;-0.699743;0.356407;0.525128;-1.375863;0.850735;
0.056520;0.645995;-1.412501;0.766506;0.347161;-0.699777;0.352616;0.533195;-1.377017;0.843822;
0.056540;0.653887;-1.412910;0.759024;0.350972;-0.699783;0.348811;0.541241;-1.378117;0.836876;
0.056560;0.661753;-1.413264;0.751511;0.354769;-0.699761;0.344993;0.549265;-1.379162;0.829897;
0.056580;0.669593;-1.413561;0.743969;0.358552;-0.699712;0.341160;0.557268;-1.380153;0.822885;
0.056600;0.677406;-1.413803;0.736397;0.362320;-0.699635;0.337315;0.565249;-1.381089;0.815841;
0.056620;0.685193;-1.413989;0.728797;0.366075;-0.699531;0.333456;0.573207;-1.381971;0.808764;
0.056640;0.692952;-1.414120;0.721168;0.369815;-0.699399;0.329584;0.581143;-1.382798;0.801656;
0.056660;0.700684;-1.414194;0.713510;0.373540;-0.699239;0.325699;0.589056;-1.383571;0.794515;
0.056680;0.708389;-1.414213;0.705824;0.377251;-0.699051;0.321801;0.596945;-1.384289;0.787344;
0.056700;0.716066;-1.414176;0.698110;0.380947;-0.698836;0.317890;0.604811;-1.384952;0.780141;
0.056720;0.723714;-1.414083;0.690369;0.384627;-0.698594;0.313967;0.612653;-1.385561;0.772908;
0.056740;0.731334;-1.413934;0.682600;0.388293;-0.698324;0.310031;0.620471;-1.386115;0.765644;
0.056760;0.738925;-1.413729;0.674804;0.391943;-0.698026;0.306083;0.628264;-1.386614;0.758350;
0.056780;0.746486;-1.413468;0.666982;0.395578;-0.697701;0.302123;0.636033;-1.387059;0.751026;
0.056800;0.754019;-1.413152;0.659134;0.399197;-0.697348;0.298151;0.643777;-1.387449;0.743672;
0.056820;0.761521;-1.412780;0.651259;0.402800;-0.696968;0.294167;0.651495;-1.387784;0.736289;
0.056840;0.768993;-1.412352;0.643359;0.406388;-0.696560;0.290172;0.659187;-1.388064;0.728877;
0.056860;0.776436;-1.411869;0.635433;0.409959;-0.696125;0.286165;0.666853;-1.388289;0.721436;
0.056880;0.783847;-1.411329;0.627482;0.413515;-0.695662;0.282147;0.674493;-1.388460;0.713966;
0.056900;0.791227;-1.410734;0.619507;0.417053;-0.695172;0.278118;0.682107;-1.388576;0.706469;
0.056920;0.798577;-1.410083;0.611507;0.420576;-0.694654;0.274078;0.689693;-1.388637;0.698943;
0.056940;0.805894;-1.409377;0.603483;0.424082;-0.694109;0.270027;0.697253;-1.388643;0.691390;
0.056960;0.813180;-1.408615;0.595435;0.427571;-0.693536;0.265965;0.704784;-1.388594;0.683810;
0.056980;0.820434;-1.407797;0.587363;0.431043;-0.692936;0.261893;0.712288;-1.388491;0.676202;
0.057000;0.827655;-1.406924;0.579268;0.434498;-0.692309;0.257811;0.719764;-1.388332;0.668568;
0.057020;0.834844;-1.405995;0.571151;0.437936;-0.691654;0.253718;0.727211;-1.388119;0.660908;
0.057040;0.842000;-1.405011;0.563011;0.441357;-0.690972;0.249615;0.734630;-1.387851;0.653221;
0.057060;0.849122;-1.403971;0.554848;0.444760;-0.690263;0.245503;0.742020;-1.387528;0.645509;
0.057080;0.856211;-1.402876;0.546664;0.448146;-0.689527;0.241381;0.749380;-1.387151;0.637771;
0.057100;0.863267;-1.401725;0.538458;0.451514;-0.688763;0.237249;0.756711;-1.386719;0.630008;
0.057120;0.870288;-1.400519;0.530231;0.454865;-0.687972;0.233108;0.764012;-1.386232;0.622220;
0.057140;0.877275;-1.399258;0.521983;0.458197;-0.687154;0.228957;0.771282;-1.385690;0.614408;
0.057160;0.884227;-1.397941;0.513715;0.461511;-0.686309;0.224798;0.778523;-1.385094;0.606571;
0.057180;0.891144;-1.396570;0.505426;0.464807;-0.685437;0.220630;0.785732;-1.384442;0.598710;
0.057200;0.898026;-1.395143;0.497117;0.468085;-0.684538;0.216453;0.792911;-1.383737;0.590826;
0.057220;0.904872;-1.393661;0.488789;0.471344;-0.683611;0.212267;0.800058;-1.382976;0.582918;
0.057240;0.911683;-1.392124;0.480441;0.474584;-0.682658;0.208073;0.807173;-1.382161;0.574988;
0.057260;0.918458;-1.390532;0.472074;0.477806;-0.681678;0.203871;0.814257;-1.381292;0.567035;
0.057280;0.925197;-1.388886;0.463689;0.481009;-0.680670;0.199661;0.821309;-1.380368;0.559059;
0.057300;0.931899;-1.387184;0.455285;0.484193;-0.679636;0.195443;0.828328;-1.379389;0.551061;
0.057320;0.938564;-1.385428;0.446864;0.487358;-0.678576;0.191217;0.835315;-1.378356;0.543041;
0.057340;0.945192;-1.383617;0.438424;0.490504;-0.677488;0.186984;0.842268;-1.377269;0.535001;
0.057360;0.951783;-1.381751;0.429968;0.493630;-0.676373;0.182743;0.849188;-1.376127;0.526938;
0.057380;0.958337;-1.379831;0.421494;0.496737;-0.675232;0.178496;0.856075;-1.374931;0.518856;
0.057400;0.964852;-1.377856;0.413004;0.499824;-0.674065;0.174241;0.862928;-1.373680;0.510752;
0.057420;0.971330;-1.375827;0.404497;0.502891;-0.672870;0.169979;0.869747;-1.372376;0.502629;
0.057440;0.977769;-1.373744;0.395975;0.505939;-0.671649;0.165710;0.876532;-1.371017;0.494485;
0.057460;0.984169;-1.371606;0.387437;0.508967;-0.670402;0.161435;0.883281;-1.369604;0.486322;
0.057480;0.990531;-1.369414;0.378883;0.511974;-0.669128;0.157154;0.889997;-1.368137;0.478140;
0.057500;0.996853;-1.367169;0.370315;0.514961;-0.667827;0.152866;0.896676;-1.366616;0.469939;
0.057520;1.003137;-1.364869;0.361732;0.517928;-0.666501;0.148573;0.903321;-1.365041;0.461720;
0.057540;1.009380;-1.362515;0.353135;0.520875;-0.665148;0.144273;0.909930;-1.363412;0.453482;
0.057560;1.015584;-1.360108;0.344524;0.523801;-0.663768;0.139968;0.916503;-1.361729;0.445226;
0.057580;1.021748;-1.357646;0.335899;0.526706;-0.662363;0.135657;0.923040;-1.359993;0.436953;
0.057600;1.027871;-1.355132;0.327261;0.529590;-0.660931;0.131341;0.929540;-1.358202;0.428662;
0.057620;1.033954;-1.352563;0.318610;0.532454;-0.659474;0.127020;0.936004;-1.356359;0.420355;
0.057640;1.039995;-1.349942;0.309946;0.535297;-0.657990;0.122693;0.942430;-1.354461;0.412031;
0.057660;1.045996;-1.347267;0.301270;0.538118;-0.656480;0.118362;0.948820;-1.352511;0.403691;
0.057680;1.051956;-1.344539;0.292583;0.540918;-0.654944;0.114026;0.955172;-1.350506;0.395335;
0.057700;1.057874;-1.341757;0.283884;0.543697;-0.653383;0.109686;0.961486;-1.348449;0.386963;
0.057720;1.063750;-1.338923;0.275173;0.546454;-0.651796;0.105341;0.967762;-1.346338;0.378576;
0.057740;1.069584;-1.336036;0.266452;0.549190;-0.650183;0.100992;0.974001;-1.344174;0.370174;
0.057760;1.075376;-1.333096;0.257720;0.551904;-0.648544;0.096640;0.980200;-1.341957;0.361757;
0.057780;1.081126;-1.330104;0.248978;0.554597;-0.646880;0.092283;0.986361;-1.339687;0.353326;
0.057800;1.086833;-1.327059;0.240226;0.557267;-0.645190;0.087923;0.992483;-1.337364;0.344881;
0.057820;1.092497;-1.323962;0.231465;0.559915;-0.643474;0.083559;0.998566;-1.334989;0.336423;
0.057840;1.098118;-1.320812;0.222694;0.562542;-0.641734;0.079192;1.004610;-1.332561;0.327951;
0.057860;1.103695;-1.317610;0.213915;0.565146;-0.639968;0.074822;1.010614;-1.330080;0.319466;
0.057880;1.109229;-1.314357;0.205127;0.567728;-0.638176;0.070449;1.016577;-1.327546;0.310969;
0.057900;1.114719;-1.311051;0.196332;0.570287;-0.636360;0.066073;1.022501;-1.324960;0.302459;
0.057920;1.120165;-1.307694;0.187528;0.572824;-0.634518;0.061694;1.028385;-1.322322;0.293938;
0.057940;1.125567;-1.304285;0.178717;0.575338;-0.632652;0.057313;1.034227;-1.319632;0.285404;
0.057960;1.130925;-1.300824;0.169899;0.577830;-0.630760;0.052930;1.040029;-1.316889;0.276860;
0.057980;1.136238;-1.297312;0.161074;0.580298;-0.628843;0.048545;1.045790;-1.314095;0.268305;
0.058000;1.141506;-1.293749;0.152243;0.582744;-0.626902;0.044158;1.051510;-1.311249;0.259739;
0.058020;1.146729;-1.290135;0.143406;0.585167;-0.624936;0.039769;1.057188;-1.308350;0.251162;
0.058040;1.151906;-1.286470;0.134564;0.587567;-0.622945;0.035378;1.062824;-1.305401;0.242576;
0.058060;1.157038;-1.282754;0.125716;0.589943;-0.620930;0.030986;1.068419;-1.302399;0.233981;
0.058080;1.162125;-1.278987;0.116863;0.592297;-0.618890;0.026593;1.073971;-1.299347;0.225376;
0.058100;1.167166;-1.275170;0.108005;0.594626;-0.616825;0.022199;1.079481;-1.296243;0.216762;
0.058120;1.172160;-1.271303;0.099143;0.596933;-0.614737;0.017804;1.084948;-1.293088;0.208139;
0.058140;1.177108;-1.267386;0.090277;0.599216;-0.612624;0.013408;1.090373;-1.289881;0.199509;
0.058160;1.182010;-1.263418;0.081408;0.601475;-0.610486;0.009012;1.095754;-1.286624;0.190870;
0.058180;1.186865;-1.259400;0.072535;0.603710;-0.608325;0.004615;1.101092;-1.283316;0.182224;
0.058200;1.191673;-1.255333;0.063660;0.605922;-0.606140;0.000218;1.106387;-1.279958;0.173571;
0.058220;1.196435;-1.251217;0.054782;0.608109;-0.603931;-0.004179;1.111638;-1.276549;0.164911;
0.058240;1.201149;-1.247050;0.045902;0.610273;-0.601698;-0.008575;1.116845;-1.273089;0.156244;
0.058260;1.205815;-1.242835;0.037020;0.612413;-0.599441;-0.012972;1.122008;-1.269579;0.147572;
0.058280;1.210434;-1.238571;0.028136;0.614528;-0.597160;-0.017367;1.127126;-1.266019;0.138893;
0.058300;1.215005;-1.234257;0.019252;0.616619;-0.594856;-0.021763;1.132200;-1.262410;0.130209;
0.058320;1.219529;-1.229895;0.010367;0.618686;-0.592529;-0.026157;1.137230;-1.258750;0.121520;
0.058340;1.224004;-1.225485;0.001481;0.620728;-0.590178;-0.030550;1.142215;-1.255040;0.112826;
0.058360;1.228430;-1.221026;-0.007405;0.622746;-0.587804;-0.034942;1.147154;-1.251281;0.104127;
0.058380;1.232809;-1.216519;-0.016290;0.624739;-0.585406;-0.039333;1.152048;-1.247473;0.095425;
0.058400;1.237138;-1.211963;-0.025175;0.626708;-0.582986;-0.043722;1.156897;-1.243615;0.086719;
0.058420;1.241419;-1.207360;-0.034059;0.628652;-0.580542;-0.048109;1.161700;-1.239709;0.078009;
0.058440;1.245651;-1.202710;-0.042941;0.630571;-0.578076;-0.052495;1.166457;-1.235753;0.069296;
0.058460;1.249833;-1.198011;-0.051822;0.632465;-0.575587;-0.056878;1.171168;-1.231749;0.060580;
0.058480;1.253967;-1.193266;-0.060701;0.634334;-0.573075;-0.061259;1.175833;-1.227696;0.051862;
0.058500;1.258050;-1.188473;-0.069577;0.636178;-0.570540;-0.065638;1.180452;-1.223594;0.043142;
0.058520;1.262084;-1.183634;-0.078451;0.637997;-0.567983;-0.070014;1.185024;-1.219444;0.034421;
0.058540;1.266069;-1.178747;-0.087321;0.639791;-0.565403;-0.074388;1.189549;-1.215246;0.025698;
0.058560;1.270003;-1.173815;-0.096188;0.641560;-0.562801;-0.078758;1.194027;-1.211000;0.016974;
0.058580;1.273887;-1.168836;-0.105051;0.643303;-0.560177;-0.083126;1.198458;-1.206707;0.008249;
0.058600;1.277721;-1.163810;-0.113910;0.645021;-0.557531;-0.087490;1.202841;-1.202365;-0.000476;
0.058620;1.281504;-1.158739;-0.122765;0.646713;-0.554863;-0.091850;1.207178;-1.197976;-0.009201;
0.058640;1.285237;-1.153622;-0.131615;0.648380;-0.552173;-0.096207;1.211466;-1.193540;-0.017926;
0.058660;1.288919;-1.148460;-0.140459;0.650021;-0.549461;-0.100560;1.215707;-1.189057;-0.026650;
0.058680;1.292550;-1.143252;-0.149298;0.651637;-0.546727;-0.104910;1.219900;-1.184527;-0.035373;
0.058700;1.296130;-1.137999;-0.158131;0.653227;-0.543972;-0.109255;1.224044;-1.179950;-0.044094;
0.058720;1.299659;-1.132701;-0.166958;0.654791;-0.541195;-0.113596;1.228140;-1.175326;-0.052814;
0.058740;1.303137;-1.127358;-0.175779;0.656329;-0.538397;-0.117932;1.232188;-1.170656;-0.061532;
0.058760;1.306563;-1.121971;-0.184592;0.657841;-0.535578;-0.122263;1.236187;-1.165940;-0.070247;
0.058780;1.309938;-1.116540;-0.193398;0.659327;-0.532737;-0.126590;1.240138;-1.161178;-0.078960;
0.058800;1.313260;-1.111064;-0.202196;0.660788;-0.529876;-0.130912;1.244039;-1.156370;-0.087669;
0.058820;1.316532;-1.105545;-0.210987;0.662222;-0.526993;-0.135229;1.247891;-1.151516;-0.096375;
0.058840;1.319751;-1.099982;-0.219769;0.663630;-0.524090;-0.139540;1.251694;-1.146617;-0.105077;
0.058860;1.322918;-1.094375;-0.228542;0.665012;-0.521166;-0.143846;1.255448;-1.141673;-0.113775;
0.058880;1.326032;-1.088726;-0.237307;0.666368;-0.518222;-0.148146;1.259152;-1.136683;-0.122469;
0.058900;1.329095;-1.083033;-0.246062;0.667697;-0.515257;-0.152440;1.262806;-1.131649;-0.131157;
0.058920;1.332105;-1.077298;-0.254807;0.669000;-0.512271;-0.156728;1.266410;-1.126570;-0.139841;
0.058940;1.335062;-1.071520;-0.263542;0.670276;-0.509266;-0.161010;1.269965;-1.121446;-0.148519;
0.058960;1.337967;-1.065700;-0.272267;0.671527;-0.506240;-0.165286;1.273469;-1.116278;-0.157191;
0.058980;1.340819;-1.059837;-0.280981;0.672750;-0.503195;-0.169555;1.276923;-1.111066;-0.165857;
0.059000;1.343617;-1.053933;-0.289684;0.673947;-0.500129;-0.173818;1.280327;-1.105811;-0.174516;
0.059020;1.346363;-1.047987;-0.298376;0.675118;-0.497044;-0.178073;1.283680;-1.100511;-0.183169;
0.059040;1.349056;-1.042000;-0.307056;0.676261;-0.493939;-0.182322;1.286982;-1.095169;-0.191814;
0.059060;1.351695;-1.035972;-0.315723;0.677378;-0.490815;-0.186563;1.290234;-1.089782;-0.200451;
0.059080;1.354282;-1.029903;-0.324379;0.678469;-0.487671;-0.190797;1.293435;-1.084353;-0.209081;
0.059100;1.356814;-1.023793;-0.333021;0.679532;-0.484508;-0.195024;1.296584;-1.078881;-0.217703;
0.059120;1.359293;-1.017643;-0.341650;0.680569;-0.481326;-0.199243;1.299682;-1.073367;-0.226315;
0.059140;1.361719;-1.011453;-0.350266;0.681579;-0.478125;-0.203454;1.302730;-1.067810;-0.234919;
0.059160;1.364090;-1.005222;-0.358868;0.682562;-0.474905;-0.207657;1.305725;-1.062211;-0.243514;
0.059180;1.366408;-0.998952;-0.367456;0.683518;-0.471666;-0.211851;1.308669;-1.056570;-0.252099;
0.059200;1.368672;-0.992643;-0.376029;0.684447;-0.468409;-0.216038;1.311562;-1.050888;-0.260674;
0.059220;1.370882;-0.986294;-0.384587;0.685349;-0.465133;-0.220215;1.314402;-1.045163;-0.269239;
0.059240;1.373037;-0.979907;-0.393131;0.686224;-0.461839;-0.224385;1.317191;-1.039398;-0.277793;
0.059260;1.375139;-0.973480;-0.401658;0.687072;-0.458527;-0.228545;1.319928;-1.033592;-0.286337;
0.059280;1.377186;-0.967016;-0.410170;0.687892;-0.455196;-0.232696;1.322613;-1.027744;-0.294868;
0.059300;1.379179;-0.960513;-0.418666;0.688686;-0.451848;-0.236838;1.325245;-1.021856;-0.303389;
0.059320;1.381117;-0.953972;-0.427145;0.689452;-0.448481;-0.240971;1.327825;-1.015928;-0.311897;
0.059340;1.383001;-0.947394;-0.435607;0.690191;-0.445097;-0.245094;1.330353;-1.009960;-0.320393;
0.059360;1.384830;-0.940778;-0.444052;0.690903;-0.441696;-0.249207;1.332828;-1.003952;-0.328876;
0.059380;1.386605;-0.934125;-0.452480;0.691588;-0.438277;-0.253311;1.335251;-0.997904;-0.337347;
0.059400;1.388325;-0.927435;-0.460890;0.692245;-0.434840;-0.257405;1.337621;-0.991817;-0.345804;
0.059420;1.389990;-0.920708;-0.469281;0.692875;-0.431387;-0.261488;1.339938;-0.985691;-0.354247;
0.059440;1.391600;-0.913946;-0.477654;0.693478;-0.427916;-0.265561;1.342202;-0.979525;-0.362676;
0.059460;1.393155;-0.907147;-0.486008;0.694053;-0.424429;-0.269624;1.344413;-0.973321;-0.371092;
0.059480;1.394655;-0.900312;-0.494343;0.694601;-0.420925;-0.273676;1.346571;-0.967079;-0.379492;
0.059500;1.396100;-0.893442;-0.502659;0.695121;-0.417404;-0.277717;1.348676;-0.960799;-0.387877;
0.059520;1.397490;-0.886536;-0.510954;0.695614;-0.413867;-0.281748;1.350728;-0.954480;-0.396248;
0.059540;1.398825;-0.879596;-0.519229;0.696080;-0.410313;-0.285767;1.352726;-0.948124;-0.404602;
0.059560;1.400105;-0.872621;-0.527484;0.696518;-0.406743;-0.289775;1.354671;-0.941731;-0.412941;
0.059580;1.401329;-0.865611;-0.535718;0.696929;-0.403157;-0.293771;1.356563;-0.935300;-0.421263;
0.059600;1.402498;-0.858567;-0.543931;0.697312;-0.399556;-0.297756;1.358401;-0.928832;-0.429568;
0.059620;1.403612;-0.851489;-0.552123;0.697667;-0.395938;-0.301729;1.360185;-0.922328;-0.437857;
0.059640;1.404670;-0.844378;-0.560292;0.697995;-0.392305;-0.305690;1.361915;-0.915787;-0.446128;
0.059660;1.405673;-0.837233;-0.568440;0.698296;-0.388656;-0.309639;1.363592;-0.909210;-0.454382;
0.059680;1.406620;-0.830055;-0.576565;0.698568;-0.384992;-0.313576;1.365215;-0.902597;-0.462618;
0.059700;1.407512;-0.822845;-0.584667;0.698814;-0.381313;-0.317501;1.366784;-0.895949;-0.470835;
0.059720;1.408348;-0.815602;-0.592747;0.699031;-0.377619;-0.321413;1.368300;-0.889265;-0.479034;
0.059740;1.409129;-0.808327;-0.600803;0.699221;-0.373909;-0.325312;1.369761;-0.882546;-0.487214;
0.059760;1.409854;-0.801019;-0.608835;0.699384;-0.370185;-0.329199;1.371168;-0.875793;-0.495375;
0.059780;1.410523;-0.793681;-0.616843;0.699519;-0.366447;-0.333072;1.372521;-0.869004;-0.503516;
0.059800;1.411137;-0.786311;-0.624826;0.699626;-0.362694;-0.336932;1.373819;-0.862182;-0.511638;
0.059820;1.411695;-0.778909;-0.632786;0.699706;-0.358926;-0.340779;1.375064;-0.855325;-0.519739;
0.059840;1.412197;-0.771478;-0.640720;0.699758;-0.355145;-0.344613;1.376254;-0.848435;-0.527820;
0.059860;1.412644;-0.764015;-0.648628;0.699782;-0.351349;-0.348433;1.377390;-0.841511;-0.535879;
0.059880;1.413034;-0.756523;-0.656512;0.699779;-0.347540;-0.352239;1.378472;-0.834553;-0.543918;
0.059900;1.413369;-0.749000;-0.664369;0.699748;-0.343717;-0.356031;1.379499;-0.827563;-0.551935;
0.059920;1.413648;-0.741448;-0.672200;0.699690;-0.339880;-0.359809;1.380471;-0.820541;-0.559931;
0.059940;1.413872;-0.733867;-0.680004;0.699603;-0.336030;-0.363573;1.381389;-0.813485;-0.567904;
0.059960;1.414039;-0.726257;-0.687782;0.699490;-0.332167;-0.367323;1.382253;-0.806398;-0.575855;
0.059980;1.414151;-0.718618;-0.695533;0.699348;-0.328290;-0.371058;1.383062;-0.799279;-0.583783;
0.060000;1.414207;-0.710951;-0.703256;0.699179;-0.324401;-0.374779;1.383816;-0.792128;-0.591688;
0.060020;1.414207;-0.703256;-0.710951;0.698983;-0.320498;-0.378485;1.384516;-0.784947;-0.599570;
0.060040;1.414151;-0.695533;-0.718618;0.698759;-0.316583;-0.382175;1.385161;-0.777734;-0.607428;
0.060060;1.414039;-0.687782;-0.726257;0.698507;-0.312656;-0.385851;1.385752;-0.770490;-0.615262;
0.060080;1.413872;-0.680004;-0.733867;0.698228;-0.308716;-0.389511;1.386288;-0.763216;-0.623072;
0.060100;1.413648;-0.672200;-0.741448;0.697921;-0.304764;-0.393156;1.386769;-0.755912;-0.630857;
0.060120;1.413369;-0.664369;-0.749000;0.697586;-0.300800;-0.396786;1.387195;-0.748578;-0.638617;
0.060140;1.413034;-0.656512;-0.756523;0.697224;-0.296824;-0.400400;1.387566;-0.741214;-0.646352;
0.060160;1.412644;-0.648628;-0.764015;0.696835;-0.292837;-0.403998;1.387883;-0.733821;-0.654062;
0.060180;1.412197;-0.640720;-0.771478;0.696418;-0.288838;-0.407580;1.388145;-0.726400;-0.661745;
0.060200;1.411695;-0.632786;-0.778909;0.695973;-0.284827;-0.411146;1.388352;-0.718949;-0.669403;
0.060220;1.411137;-0.624826;-0.786311;0.695501;-0.280805;-0.414696;1.388504;-0.711470;-0.677034;
0.060240;1.410523;-0.616843;-0.793681;0.695002;-0.276773;-0.418229;1.388602;-0.703963;-0.684639;
0.060260;1.409854;-0.608835;-0.801019;0.694475;-0.272729;-0.421746;1.388645;-0.696429;-0.692216;
0.060280;1.409129;-0.600803;-0.808327;0.693921;-0.268674;-0.425247;1.388633;-0.688866;-0.699766;
0.060300;1.408348;-0.592747;-0.815602;0.693339;-0.264609;-0.428730;1.388566;-0.681277;-0.707289;
0.060320;1.407512;-0.584667;-0.822845;0.692730;-0.260533;-0.432197;1.388444;-0.673661;-0.714783;
0.060340;1.406620;-0.576565;-0.830055;0.692094;-0.256448;-0.435646;1.388267;-0.666018;-0.722250;
0.060360;1.405673;-0.568440;-0.837233;0.691430;-0.252352;-0.439079;1.388036;-0.658349;-0.729687;
0.060380;1.404670;-0.560292;-0.844378;0.690739;-0.248246;-0.442494;1.387750;-0.650653;-0.737096;
0.060400;1.403612;-0.552123;-0.851489;0.690021;-0.244130;-0.445891;1.387409;-0.642932;-0.744476;
0.060420;1.402498;-0.543931;-0.858567;0.689275;-0.240004;-0.449271;1.387013;-0.635186;-0.751827;
0.060440;1.401329;-0.535718;-0.865611;0.688502;-0.235869;-0.452633;1.386562;-0.627415;-0.759148;
0.060460;1.400105;-0.527484;-0.872621;0.687703;-0.231725;-0.455977;1.386057;-0.619619;-0.766438;
0.060480;1.398825;-0.519229;-0.879596;0.686876;-0.227572;-0.459304;1.385497;-0.611798;-0.773699;
0.060500;1.397490;-0.510954;-0.886536;0.686021;-0.223410;-0.462612;1.384883;-0.603953;-0.780929;
0.060520;1.396100;-0.502659;-0.893442;0.685140;-0.219238;-0.465902;1.384213;-0.596085;-0.788128;
0.060540;1.394655;-0.494343;-0.900312;0.684232;-0.215059;-0.469173;1.383489;-0.588193;-0.795297;
0.060560;1.393155;-0.486008;-0.907147;0.683296;-0.210870;-0.472426;1.382711;-0.580277;-0.802433;
0.060580;1.391600;-0.477654;-0.913946;0.682334;-0.206674;-0.475661;1.381878;-0.572339;-0.809538;
0.060600;1.389990;-0.469281;-0.920708;0.681345;-0.202469;-0.478876;1.380990;-0.564378;-0.816611;
0.060620;1.388325;-0.460890;-0.927435;0.680329;-0.198256;-0.482073;1.380048;-0.556395;-0.823652;
0.060640;1.386605;-0.452480;-0.934125;0.679286;-0.194035;-0.485250;1.379051;-0.548390;-0.830661;
0.060660;1.384830;-0.444052;-0.940778;0.678216;-0.189807;-0.488409;1.378000;-0.540364;-0.837636;
0.060680;1.383001;-0.435607;-0.947394;0.677119;-0.185571;-0.491548;1.376894;-0.532315;-0.844579;
0.060700;1.381117;-0.427145;-0.953972;0.675996;-0.181328;-0.494668;1.375734;-0.524246;-0.851488;
0.060720;1.379179;-0.418666;-0.960513;0.674846;-0.177078;-0.497768;1.374520;-0.516157;-0.858363;
0.060740;1.377186;-0.410170;-0.967016;0.673669;-0.172821;-0.500849;1.373251;-0.508047;-0.865205;
0.060760;1.375139;-0.401658;-0.973480;0.672466;-0.168557;-0.503909;1.371929;-0.499916;-0.872012;
0.060780;1.373037;-0.393131;-0.979907;0.671236;-0.164286;-0.506950;1.370552;-0.491766;-0.878785;
0.060800;1.370882;-0.384587;-0.986294;0.669980;-0.160009;-0.509971;1.369121;-0.483597;-0.885524;
0.060820;1.368672;-0.376029;-0.992643;0.668697;-0.155725;-0.512972;1.367636;-0.475409;-0.892227;
0.060840;1.366408;-0.367456;-0.998952;0.667388;-0.151436;-0.515953;1.366097;-0.467201;-0.898895;
0.060860;1.364090;-0.358868;-1.005222;0.666053;-0.147140;-0.518913;1.364504;-0.458976;-0.905528;
0.060880;1.361719;-0.350266;-1.011453;0.664691;-0.142839;-0.521852;1.362857;-0.450732;-0.912125;
0.060900;1.359293;-0.341650;-1.017643;0.663303;-0.138531;-0.524771;1.361156;-0.442470;-0.918686;
0.060920;1.356814;-0.333021;-1.023793;0.661889;-0.134219;-0.527670;1.359402;-0.434191;-0.925210;
0.060940;1.354282;-0.324379;-1.029903;0.660448;-0.129901;-0.530547;1.357594;-0.425895;-0.931699;
0.060960;1.351695;-0.315723;-1.035972;0.658982;-0.125578;-0.533404;1.355732;-0.417582;-0.938150;
0.060980;1.349056;-0.307056;-1.042000;0.657489;-0.121250;-0.536239;1.353817;-0.409253;-0.944564;
0.061000;1.346363;-0.298376;-1.047987;0.655971;-0.116917;-0.539054;1.351848;-0.400907;-0.950941;
0.061020;1.343617;-0.289684;-1.053933;0.654427;-0.112580;-0.541847;1.349826;-0.392546;-0.957281;
0.061040;1.340819;-0.280981;-1.059837;0.652857;-0.108238;-0.544619;1.347751;-0.384169;-0.963582;
0.061060;1.337967;-0.272267;-1.065700;0.651261;-0.103892;-0.547369;1.345623;-0.375777;-0.969846;
0.061080;1.335062;-0.263542;-1.071520;0.649639;-0.099542;-0.550097;1.343441;-0.367370;-0.976071;
0.061100;1.332105;-0.254807;-1.077298;0.647992;-0.095188;-0.552804;1.341206;-0.358948;-0.982258;
0.061120;1.329095;-0.246062;-1.083033;0.646319;-0.090830;-0.555489;1.338919;-0.350513;-0.988406;
0.061140;1.326032;-0.237307;-1.088726;0.644621;-0.086469;-0.558152;1.336578;-0.342063;-0.994515;
0.061160;1.322918;-0.228542;-1.094375;0.642897;-0.082104;-0.560793;1.334185;-0.333600;-1.000585;
0.061180;1.319751;-0.219769;-1.099982;0.641148;-0.077736;-0.563412;1.331739;-0.325124;-1.006615;
0.061200;1.316532;-0.210987;-1.105545;0.639373;-0.073364;-0.566009;1.329241;-0.316635;-1.012606;
0.061220;1.313260;-0.202196;-1.111064;0.637574;-0.068990;-0.568583;1.326690;-0.308134;-1.018556;
0.061240;1.309938;-0.193398;-1.116540;0.635749;-0.064614;-0.571135;1.324087;-0.299620;-1.024467;
0.061260;1.306563;-0.184592;-1.121971;0.633899;-0.060234;-0.573665;1.321431;-0.291094;-1.030337;
0.061280;1.303137;-0.175779;-1.127358;0.632024;-0.055853;-0.576171;1.318723;-0.282557;-1.036166;
0.061300;1.299659;-0.166958;-1.132701;0.630124;-0.051469;-0.578655;1.315964;-0.274009;-1.041954;
0.061320;1.296130;-0.158131;-1.137999;0.628199;-0.047083;-0.581116;1.313152;-0.265450;-1.047701;
0.061340;1.292550;-0.149298;-1.143252;0.626249;-0.042695;-0.583554;1.310288;-0.256881;-1.053407;
0.061360;1.288919;-0.140459;-1.148460;0.624275;-0.038305;-0.585970;1.307373;-0.248301;-1.059071;
0.061380;1.285237;-0.131615;-1.153622;0.622276;-0.033914;-0.588362;1.304406;-0.239712;-1.064694;
0.061400;1.281504;-0.122765;-1.158739;0.620252;-0.029522;-0.590730;1.301388;-0.231113;-1.070274;
0.061420;1.277721;-0.113910;-1.163810;0.618204;-0.025128;-0.593076;1.298318;-0.222505;-1.075812;
0.061440;1.273887;-0.105051;-1.168836;0.616132;-0.020734;-0.595398;1.295197;-0.213889;-1.081308;
0.061460;1.270003;-0.096188;-1.173815;0.614035;-0.016339;-0.597696;1.292025;-0.205263;-1.086761;
0.061480;1.266069;-0.087321;-1.178747;0.611914;-0.011943;-0.599971;1.288801;-0.196630;-1.092171;
0.061500;1.262084;-0.078451;-1.183634;0.609769;-0.007546;-0.602222;1.285527;-0.187989;-1.097538;
0.061520;1.258050;-0.069577;-1.188473;0.607599;-0.003149;-0.604450;1.282202;-0.179341;-1.102862;
0.061540;1.253967;-0.060701;-1.193266;0.605406;0.001247;-0.606654;1.278827;-0.170685;-1.108142;
0.061560;1.249833;-0.051822;-1.198011;0.603189;0.005644;-0.608833;1.275401;-0.162023;-1.113378;
0.061580;1.245651;-0.042941;-1.202710;0.600948;0.010041;-0.610989;1.271925;-0.153354;-1.118571;
0.061600;1.241419;-0.034059;-1.207360;0.598683;0.014437;-0.613120;1.268398;-0.144679;-1.123719;
0.061620;1.237138;-0.025175;-1.211963;0.596395;0.018833;-0.615228;1.264822;-0.135999;-1.128823;
0.061640;1.232809;-0.016290;-1.216519;0.594083;0.023227;-0.617311;1.261195;-0.127313;-1.133882;
0.061660;1.228430;-0.007405;-1.221026;0.591748;0.027621;-0.619369;1.257519;-0.118622;-1.138896;
0.061680;1.224004;0.001481;-1.225485;0.589389;0.032014;-0.621403;1.253793;-0.109927;-1.143866;
0.061700;1.219529;0.010367;-1.229895;0.587007;0.036406;-0.623413;1.250017;-0.101227;-1.148790;
0.061720;1.215005;0.019252;-1.234257;0.584602;0.040796;-0.625398;1.246193;-0.092523;-1.153670;
0.061740;1.210434;0.028136;-1.238571;0.582174;0.045185;-0.627359;1.242319;-0.083816;-1.158503;
0.061760;1.205815;0.037020;-1.242835;0.579723;0.049571;-0.629294;1.238396;-0.075105;-1.163291;
0.061780;1.201149;0.045902;-1.247050;0.577249;0.053956;-0.631205;1.234424;-0.066391;-1.168033;
0.061800;1.196435;0.054782;-1.251217;0.574752;0.058339;-0.633091;1.230403;-0.057675;-1.172728;
0.061820;1.191673;0.063660;-1.255333;0.572232;0.062719;-0.634951;1.226334;-0.048956;-1.177378;
0.061840;1.186865;0.072535;-1.259400;0.569690;0.067097;-0.636787;1.222216;-0.040235;-1.181981;
0.061860;1.182010;0.081408;-1.263418;0.567125;0.071472;-0.638598;1.218050;-0.031513;-1.186537;
0.061880;1.177108;0.090277;-1.267386;0.564538;0.075845;-0.640383;1.213836;-0.022790;-1.191047;
0.061900;1.172160;0.099143;-1.271303;0.561929;0.080214;-0.642143;1.209574;-0.014065;-1.195509;
0.061920;1.167166;0.108005;-1.275170;0.559298;0.084581;-0.643878;1.205265;-0.005340;-1.199924;
0.061940;1.162125;0.116863;-1.278987;0.556644;0.088944;-0.645588;1.200908;0.003385;-1.204292;
0.061960;1.157038;0.125716;-1.282754;0.553968;0.093303;-0.647271;1.196503;0.012110;-1.208613;
0.061980;1.151906;0.134564;-1.286470;0.551271;0.097659;-0.648930;1.192051;0.020834;-1.212885;
0.062000;1.146729;0.143406;-1.290135;0.548552;0.102011;-0.650562;1.187552;0.029558;-1.217110;
0.062020;1.141506;0.152243;-1.293749;0.545811;0.106359;-0.652169;1.183006;0.038280;-1.221287;
0.062040;1.136238;0.161074;-1.297312;0.543049;0.110702;-0.653751;1.178414;0.047001;-1.225415;
0.062060;1.130925;0.169899;-1.300824;0.540265;0.115041;-0.655306;1.173775;0.055720;-1.229495;
0.062080;1.125567;0.178717;-1.304285;0.537460;0.119376;-0.656836;1.169089;0.064437;-1.233527;
0.062100;1.120165;0.187528;-1.307694;0.534633;0.123706;-0.658339;1.164358;0.073152;-1.237510;
0.062120;1.114719;0.196332;-1.311051;0.531786;0.128031;-0.659817;1.159580;0.081863;-1.241444;
0.062140;1.109229;0.205127;-1.314357;0.528917;0.132352;-0.661269;1.154757;0.090572;-1.245329;
0.062160;1.103695;0.213915;-1.317610;0.526028;0.136666;-0.662694;1.149888;0.099276;-1.249164;
0.062180;1.098118;0.222694;-1.320812;0.523118;0.140976;-0.664094;1.144974;0.107977;-1.252951;
0.062200;1.092497;0.231465;-1.323962;0.520187;0.145280;-0.665467;1.140014;0.116674;-1.256688;
0.062220;1.086833;0.240226;-1.327059;0.517236;0.149578;-0.666814;1.135010;0.125365;-1.260375;
0.062240;1.081126;0.248978;-1.330104;0.514264;0.153870;-0.668134;1.129961;0.134052;-1.264013;
0.062260;1.075376;0.257720;-1.333096;0.511272;0.158156;-0.669428;1.124867;0.142734;-1.267601;
0.062280;1.069584;0.266452;-1.336036;0.508260;0.162436;-0.670696;1.119728;0.151410;-1.271139;
0.062300;1.063750;0.275173;-1.338923;0.505227;0.166710;-0.671937;1.114546;0.160080;-1.274626;
0.062320;1.057874;0.283884;-1.341757;0.502175;0.170977;-0.673152;1.109319;0.168744;-1.278063;
0.062340;1.051956;0.292583;-1.344539;0.499103;0.175237;-0.674340;1.104049;0.177401;-1.281450;
0.062360;1.045996;0.301270;-1.347267;0.496011;0.179490;-0.675502;1.098735;0.186051;-1.284786;
0.062380;1.039995;0.309946;-1.349942;0.492900;0.183737;-0.676637;1.093378;0.194694;-1.288072;
0.062400;1.033954;0.318610;-1.352563;0.489769;0.187976;-0.677745;1.087978;0.203329;-1.291306;
0.062420;1.027871;0.327261;-1.355132;0.486619;0.192207;-0.678826;1.082534;0.211956;-1.294490;
0.062440;1.021748;0.335899;-1.357646;0.483450;0.196431;-0.679881;1.077048;0.220575;-1.297623;
0.062460;1.015584;0.344524;-1.360108;0.480261;0.200647;-0.680909;1.071519;0.229184;-1.300704;
0.062480;1.009380;0.353135;-1.362515;0.477054;0.204856;-0.681909;1.065948;0.237785;-1.303734;
0.062500;1.003137;0.361732;-1.364869;0.473828;0.209056;-0.682883;1.060335;0.246377;-1.306712;
0.062520;0.996853;0.370315;-1.367169;0.470583;0.213248;-0.683830;1.054681;0.254959;-1.309639;
0.062540;0.990531;0.378883;-1.369414;0.467319;0.217431;-0.684750;1.048984;0.263530;-1.312514;
0.062560;0.984169;0.387437;-1.371606;0.464037;0.221606;-0.685643;1.043246;0.272092;-1.315338;
0.062580;0.977769;0.395975;-1.373744;0.460737;0.225772;-0.686509;1.037467;0.280642;-1.318109;
0.062600;0.971330;0.404497;-1.375827;0.457419;0.229930;-0.687348;1.031647;0.289182;-1.320829;
0.062620;0.964852;0.413004;-1.377856;0.454082;0.234078;-0.688160;1.025786;0.297710;-1.323496;
0.062640;0.958337;0.421494;-1.379831;0.450728;0.238217;-0.688944;1.019885;0.306226;-1.326111;
0.062660;0.951783;0.429968;-1.381751;0.447355;0.242346;-0.689702;1.013943;0.314730;-1.328674;
0.062680;0.945192;0.438424;-1.383617;0.443965;0.246466;-0.690432;1.007962;0.323222;-1.331184;
0.062700;0.938564;0.446864;-1.385428;0.440558;0.250576;-0.691134;1.001940;0.331701;-1.333642;
0.062720;0.931899;0.455285;-1.387184;0.437133;0.254677;-0.691810;0.995879;0.340167;-1.336047;
0.062740;0.925197;0.463689;-1.388886;0.433691;0.258767;-0.692458;0.989779;0.348620;-1.338399;
0.062760;0.918458;0.472074;-1.390532;0.430232;0.262847;-0.693079;0.983640;0.357058;-1.340698;
0.062780;0.911683;0.480441;-1.392124;0.426756;0.266917;-0.693673;0.977462;0.365483;-1.342945;
0.062800;0.904872;0.488789;-1.393661;0.423263;0.270976;-0.694239;0.971245;0.373893;-1.345138;
0.062820;0.898026;0.497117;-1.395143;0.419753;0.275025;-0.694777;0.964990;0.382289;-1.347279;
0.062840;0.891144;0.505426;-1.396570;0.416227;0.279062;-0.695289;0.958697;0.390669;-1.349366;
0.062860;0.884227;0.513715;-1.397941;0.412684;0.283089;-0.695773;0.952366;0.399034;-1.351400;
0.062880;0.877275;0.521983;-1.399258;0.409125;0.287104;-0.696229;0.945997;0.407383;-1.353380;
0.062900;0.870288;0.530231;-1.400519;0.405550;0.291108;-0.696658;0.939591;0.415716;-1.355308;
0.062920;0.863267;0.538458;-1.401725;0.401958;0.295101;-0.697059;0.933148;0.424033;-1.357181;
0.062940;0.856211;0.546664;-1.402876;0.398351;0.299082;-0.697433;0.926668;0.432333;-1.359001;
0.062960;0.849122;0.554848;-1.403971;0.394729;0.303051;-0.697780;0.920152;0.440616;-1.360768;
0.062980;0.842000;0.563011;-1.405011;0.391090;0.307008;-0.698098;0.913599;0.448882;-1.362480;
0.063000;0.834844;0.571151;-1.405995;0.387436;0.310953;-0.698390;0.907010;0.457129;-1.364139;
0.063020;0.827655;0.579268;-1.406924;0.383767;0.314886;-0.698653;0.900385;0.465359;-1.365744;
0.063040;0.820434;0.587363;-1.407797;0.380083;0.318806;-0.698889;0.893725;0.473570;-1.367295;
0.063060;0.813180;0.595435;-1.408615;0.376384;0.322714;-0.699098;0.887029;0.481763;-1.368793;
0.063080;0.805894;0.603483;-1.409377;0.372670;0.326609;-0.699279;0.880299;0.489937;-1.370236;
0.063100;0.798577;0.611507;-1.410083;0.368941;0.330491;-0.699432;0.873534;0.498091;-1.371625;
0.063120;0.791227;0.619507;-1.410734;0.365197;0.334360;-0.699558;0.866734;0.506226;-1.372960;
0.063140;0.783847;0.627482;-1.411329;0.361440;0.338216;-0.699656;0.859900;0.514340;-1.374240;
0.063160;0.776436;0.635433;-1.411869;0.357667;0.342059;-0.699726;0.853032;0.522435;-1.375467;
0.063180;0.768993;0.643359;-1.412352;0.353881;0.345888;-0.699769;0.846130;0.530509;-1.376639;
0.063200;0.761521;0.651259;-1.412780;0.350081;0.349703;-0.699784;0.839195;0.538561;-1.377757;
0.063220;0.754019;0.659134;-1.413152;0.346267;0.353505;-0.699772;0.832227;0.546593;-1.378820;
0.063240;0.746486;0.666982;-1.413468;0.342439;0.357292;-0.699732;0.825226;0.554603;-1.379829;
0.063260;0.738925;0.674804;-1.413729;0.338598;0.361066;-0.699664;0.818192;0.562591;-1.380783;
0.063280;0.731334;0.682600;-1.413934;0.334744;0.364825;-0.699569;0.811127;0.570557;-1.381683;
0.063300;0.723714;0.690369;-1.414083;0.330876;0.368570;-0.699446;0.804029;0.578500;-1.382529;
0.063320;0.716066;0.698110;-1.414176;0.326995;0.372300;-0.699295;0.796899;0.586420;-1.383320;
0.063340;0.708389;0.705824;-1.414213;0.323101;0.376016;-0.699117;0.789738;0.594318;-1.384056;
0.063360;0.700684;0.713510;-1.414194;0.319195;0.379716;-0.698911;0.782546;0.602192;-1.384737;
0.063380;0.692952;0.721168;-1.414120;0.315276;0.383402;-0.698678;0.775322;0.610042;-1.385364;
0.063400;0.685193;0.728797;-1.413989;0.311344;0.387073;-0.698417;0.768069;0.617868;-1.385936;
0.063420;0.677406;0.736397;-1.413803;0.307400;0.390728;-0.698128;0.760785;0.625669;-1.386454;
0.063440;0.669593;0.743969;-1.413561;0.303444;0.394368;-0.697812;0.753470;0.633446;-1.386917;
0.063460;0.661753;0.751511;-1.413264;0.299476;0.397992;-0.697469;0.746127;0.641198;-1.387325;
0.063480;0.653887;0.759024;-1.412910;0.295497;0.401601;-0.697098;0.738753;0.648925;-1.387678;
0.063500;0.645995;0.766506;-1.412501;0.291505;0.405194;-0.696699;0.731351;0.656626;-1.387976;
0.063520;0.638078;0.773958;-1.412036;0.287502;0.408771;-0.696273;0.723919;0.664301;-1.388220;
0.063540;0.630135;0.781380;-1.411515;0.283488;0.412331;-0.695819;0.716459;0.671950;-1.388409;
0.063560;0.622168;0.788771;-1.410939;0.279462;0.415876;-0.695338;0.708971;0.679572;-1.388543;
0.063580;0.614176;0.796130;-1.410306;0.275426;0.419404;-0.694829;0.701455;0.687167;-1.388622;
0.063600;0.606160;0.803459;-1.409619;0.271378;0.422915;-0.694293;0.693911;0.694736;-1.388647;
0.063620;0.598120;0.810755;-1.408875;0.267320;0.426410;-0.693730;0.686340;0.702277;-1.388616;
0.063640;0.590056;0.818020;-1.408076;0.263252;0.429888;-0.693139;0.678741;0.709790;-1.388531;
0.063660;0.581969;0.825252;-1.407221;0.259173;0.433348;-0.692521;0.671116;0.717275;-1.388391;
0.063680;0.573859;0.832452;-1.406311;0.255083;0.436792;-0.691876;0.663464;0.724732;-1.388196;
0.063700;0.565727;0.839618;-1.405345;0.250984;0.440219;-0.691203;0.655786;0.732160;-1.387947;
0.063720;0.557572;0.846752;-1.404324;0.246875;0.443628;-0.690503;0.648083;0.739560;-1.387642;
0.063740;0.549395;0.853852;-1.403247;0.242756;0.447020;-0.689775;0.640353;0.746930;-1.387283;
0.063760;0.541196;0.860919;-1.402115;0.238627;0.450394;-0.689021;0.632599;0.754270;-1.386869;
0.063780;0.532976;0.867951;-1.400927;0.234489;0.453750;-0.688239;0.624819;0.761581;-1.386400;
0.063800;0.524735;0.874949;-1.399684;0.230342;0.457088;-0.687430;0.617015;0.768862;-1.385877;
0.063820;0.516473;0.881913;-1.398386;0.226185;0.460408;-0.686594;0.609186;0.776113;-1.385298;
0.063840;0.508191;0.888842;-1.397033;0.222020;0.463710;-0.685731;0.601333;0.783332;-1.384666;
0.063860;0.499889;0.895736;-1.395625;0.217846;0.466994;-0.684840;0.593457;0.790521;-1.383978;
0.063880;0.491567;0.902594;-1.394161;0.213663;0.470260;-0.683923;0.585557;0.797679;-1.383236;
0.063900;0.483226;0.909417;-1.392643;0.209472;0.473506;-0.682979;0.577634;0.804805;-1.382439;
0.063920;0.474865;0.916204;-1.391069;0.205273;0.476734;-0.682007;0.569688;0.811900;-1.381588;
0.063940;0.466486;0.922955;-1.389441;0.201065;0.479944;-0.681009;0.561720;0.818962;-1.380682;
0.063960;0.458088;0.929669;-1.387757;0.196850;0.483134;-0.679984;0.553729;0.825992;-1.379721;
0.063980;0.449673;0.936347;-1.386019;0.192627;0.486305;-0.678932;0.545717;0.832989;-1.378706;
0.064000;0.441239;0.942987;-1.384227;0.188396;0.489457;-0.677853;0.537683;0.839954;-1.377637;
0.064020;0.432788;0.949591;-1.382379;0.184158;0.492590;-0.676748;0.529628;0.846885;-1.376513;
0.064040;0.424321;0.956157;-1.380477;0.179912;0.495703;-0.675616;0.521552;0.853783;-1.375335;
0.064060;0.415836;0.962685;-1.378521;0.175660;0.498797;-0.674457;0.513456;0.860648;-1.374103;
0.064080;0.407335;0.969175;-1.376510;0.171400;0.501871;-0.673271;0.505339;0.867478;-1.372816;
0.064100;0.398818;0.975627;-1.374444;0.167134;0.504925;-0.672059;0.497202;0.874274;-1.371476;
0.064120;0.390285;0.982040;-1.372325;0.162861;0.507960;-0.670821;0.489045;0.881035;-1.370081;
0.064140;0.381736;0.988415;-1.370151;0.158582;0.510974;-0.669555;0.480870;0.887762;-1.368632;
0.064160;0.373173;0.994750;-1.367923;0.154296;0.513968;-0.668264;0.472675;0.894454;-1.367129;
0.064180;0.364595;1.001047;-1.365641;0.150004;0.516942;-0.666946;0.464462;0.901110;-1.365572;
0.064200;0.356002;1.007303;-1.363306;0.145707;0.519895;-0.665602;0.456230;0.907731;-1.363961;
0.064220;0.347396;1.013520;-1.360916;0.141403;0.522828;-0.664231;0.447980;0.914316;-1.362296;
0.064240;0.338775;1.019698;-1.358473;0.137094;0.525740;-0.662834;0.439713;0.920865;-1.360577;
0.064260;0.330142;1.025834;-1.355976;0.132780;0.528631;-0.661411;0.431428;0.927377;-1.358805;
0.064280;0.321495;1.031931;-1.353425;0.128461;0.531502;-0.659962;0.423126;0.933853;-1.356979;
0.064300;0.312835;1.037986;-1.350822;0.124136;0.534351;-0.658487;0.414808;0.940292;-1.355100;
0.064320;0.304164;1.044001;-1.348164;0.119806;0.537180;-0.656986;0.406473;0.946694;-1.353167;
0.064340;0.295480;1.049974;-1.345454;0.115472;0.539987;-0.655459;0.398122;0.953059;-1.351180;
0.064360;0.286785;1.055906;-1.342690;0.111133;0.542773;-0.653906;0.389755;0.959386;-1.349141;
0.064380;0.278078;1.061796;-1.339874;0.106790;0.545538;-0.652328;0.381373;0.965675;-1.347048;
0.064400;0.269360;1.067644;-1.337004;0.102442;0.548281;-0.650723;0.372976;0.971925;-1.344901;
0.064420;0.260632;1.073450;-1.334082;0.098091;0.551002;-0.649093;0.364564;0.978138;-1.342702;
0.064440;0.251893;1.079214;-1.331107;0.093736;0.553702;-0.647437;0.356138;0.984312;-1.340450;
0.064460;0.243144;1.084935;-1.328080;0.089377;0.556379;-0.645756;0.347698;0.990447;-1.338145;
0.064480;0.234386;1.090614;-1.325000;0.085014;0.559035;-0.644049;0.339244;0.996543;-1.335787;
0.064500;0.225619;1.096249;-1.321868;0.080648;0.561669;-0.642317;0.330776;1.002600;-1.333376;
0.064520;0.216842;1.101841;-1.318683;0.076279;0.564280;-0.640559;0.322296;1.008617;-1.330912;
0.064540;0.208058;1.107389;-1.315447;0.071907;0.566870;-0.638776;0.313803;1.014594;-1.328396;
0.064560;0.199264;1.112894;-1.312159;0.067532;0.569436;-0.636968;0.305297;1.020531;-1.325828;
0.064580;0.190463;1.118355;-1.308818;0.063154;0.571981;-0.635135;0.296779;1.026428;-1.323207;
0.064600;0.181655;1.123772;-1.305427;0.058774;0.574503;-0.633277;0.288250;1.032284;-1.320534;
0.064620;0.172839;1.129144;-1.301983;0.054391;0.577002;-0.631393;0.279709;1.038100;-1.317809;
0.064640;0.164017;1.134472;-1.298488;0.050007;0.579478;-0.629485;0.271158;1.043875;-1.315032;
0.064660;0.155188;1.139755;-1.294942;0.045620;0.581932;-0.627552;0.262595;1.049608;-1.312203;
0.064680;0.146353;1.144993;-1.291345;0.041232;0.584362;-0.625594;0.254022;1.055300;-1.309322;
0.064700;0.137512;1.150185;-1.287697;0.036842;0.586769;-0.623611;0.245439;1.060950;-1.306390;
0.064720;0.128665;1.155333;-1.283998;0.032450;0.589154;-0.621604;0.236847;1.066559;-1.303406;
0.064740;0.119814;1.160435;-1.280249;0.028058;0.591515;-0.619572;0.228245;1.072125;-1.300370;
0.064760;0.110958;1.165490;-1.276448;0.023664;0.593852;-0.617516;0.219634;1.077649;-1.297283;
0.064780;0.102097;1.170500;-1.272598;0.019269;0.596167;-0.615436;0.211014;1.083131;-1.294145;
0.064800;0.093233;1.175464;-1.268697;0.014873;0.598457;-0.613331;0.202387;1.088569;-1.290956;
0.064820;0.084365;1.180381;-1.264746;0.010477;0.600724;-0.611202;0.193751;1.093965;-1.287716;
0.064840;0.075493;1.185252;-1.260745;0.006081;0.602968;-0.609048;0.185107;1.099317;-1.284425;
0.064860;0.066619;1.190076;-1.256695;0.001684;0.605187;-0.606871;0.176456;1.104627;-1.281083;
0.064880;0.057741;1.194853;-1.252594;-0.002713;0.607383;-0.604670;0.167798;1.109892;-1.277691;
0.064900;0.048862;1.199583;-1.248445;-0.007110;0.609554;-0.602445;0.159134;1.115114;-1.274248;
0.064920;0.039981;1.204265;-1.244246;-0.011506;0.611702;-0.600196;0.150463;1.120292;-1.270755;
0.064940;0.031098;1.208900;-1.239998;-0.015902;0.613825;-0.597923;0.141787;1.125425;-1.267212;
0.064960;0.022214;1.213487;-1.235701;-0.020298;0.615925;-0.595627;0.133104;1.130514;-1.263618;
0.064980;0.013328;1.218026;-1.231355;-0.024692;0.618000;-0.593307;0.124417;1.135558;-1.259975;
0.065000;0.004443;1.222517;-1.226960;-0.029086;0.620050;-0.590964;0.115724;1.140558;-1.256282;
0.065020;-0.004443;1.226960;-1.222517;-0.033478;0.622076;-0.588598;0.107027;1.145513;-1.252540;
0.065040;-0.013328;1.231355;-1.218026;-0.037869;0.624078;-0.586208;0.098326;1.150422;-1.248748;
0.065060;-0.022214;1.235701;-1.213487;-0.042259;0.626054;-0.583795;0.089621;1.155286;-1.244907;
0.065080;-0.031098;1.239998;-1.208900;-0.046647;0.628006;-0.581359;0.080912;1.160104;-1.241016;
0.065100;-0.039981;1.244246;-1.204265;-0.051033;0.629934;-0.578901;0.072201;1.164877;-1.237077;
0.065120;-0.048862;1.248445;-1.199583;-0.055417;0.631836;-0.576419;0.063486;1.169603;-1.233089;
0.065140;-0.057741;1.252594;-1.194853;-0.059799;0.633714;-0.573914;0.054769;1.174283;-1.229052;
0.065160;-0.066619;1.256695;-1.190076;-0.064179;0.635566;-0.571387;0.046049;1.178917;-1.224967;
0.065180;-0.075493;1.260745;-1.185252;-0.068556;0.637394;-0.568838;0.037328;1.183505;-1.220833;
0.065200;-0.084365;1.264746;-1.180381;-0.072930;0.639196;-0.566266;0.028605;1.188046;-1.216651;
0.065220;-0.093233;1.268697;-1.175464;-0.077302;0.640973;-0.563671;0.019882;1.192539;-1.212421;
0.065240;-0.102097;1.272598;-1.170500;-0.081670;0.642724;-0.561054;0.011157;1.196986;-1.208143;
0.065260;-0.110958;1.276448;-1.165490;-0.086035;0.644451;-0.558415;0.002432;1.201386;-1.203818;
0.065280;-0.119814;1.280249;-1.160435;-0.090397;0.646152;-0.555755;-0.006293;1.205738;-1.199445;
0.065300;-0.128665;1.283998;-1.155333;-0.094755;0.647827;-0.553072;-0.015018;1.210042;-1.195024;
0.065320;-0.137512;1.287697;-1.150185;-0.099110;0.649477;-0.550367;-0.023742;1.214299;-1.190557;
0.065340;-0.146353;1.291345;-1.144993;-0.103460;0.651101;-0.547641;-0.032465;1.218507;-1.186042;
0.065360;-0.155188;1.294942;-1.139755;-0.107807;0.652699;-0.544893;-0.041187;1.222668;-1.181481;
0.065380;-0.164017;1.298488;-1.134472;-0.112149;0.654272;-0.542123;-0.049908;1.226780;-1.176873;
0.065400;-0.172839;1.301983;-1.129144;-0.116487;0.655819;-0.539332;-0.058626;1.230844;-1.172218;
0.065420;-0.181655;1.305427;-1.123772;-0.120820;0.657340;-0.536520;-0.067342;1.234860;-1.167517;
0.065440;-0.190463;1.308818;-1.118355;-0.125149;0.658835;-0.533686;-0.076056;1.238826;-1.162770;
0.065460;-0.199264;1.312159;-1.112894;-0.129472;0.660304;-0.530832;-0.084766;1.242744;-1.157978;
0.065480;-0.208058;1.315447;-1.107389;-0.133790;0.661747;-0.527956;-0.093474;1.246613;-1.153139;
0.065500;-0.216842;1.318683;-1.101841;-0.138104;0.663164;-0.525060;-0.102177;1.250432;-1.148255;
0.065520;-0.225619;1.321868;-1.096249;-0.142411;0.664554;-0.522143;-0.110876;1.254202;-1.143326;
0.065540;-0.234386;1.325000;-1.090614;-0.146713;0.665919;-0.519205;-0.119571;1.257923;-1.138351;
0.065560;-0.243144;1.328080;-1.084935;-0.151009;0.667257;-0.516247;-0.128262;1.261593;-1.133332;
0.065580;-0.251893;1.331107;-1.079214;-0.155300;0.668569;-0.513269;-0.136947;1.265215;-1.128268;
0.065600;-0.260632;1.334082;-1.073450;-0.159584;0.669854;-0.510270;-0.145627;1.268786;-1.123159;
0.065620;-0.269360;1.337004;-1.067644;-0.163862;0.671113;-0.507251;-0.154301;1.272307;-1.118006;
0.065640;-0.278078;1.339874;-1.061796;-0.168133;0.672345;-0.504212;-0.162969;1.275777;-1.112809;
0.065660;-0.286785;1.342690;-1.055906;-0.172398;0.673551;-0.501153;-0.171630;1.279198;-1.107568;
0.065680;-0.295480;1.345454;-1.049974;-0.176656;0.674730;-0.498075;-0.180285;1.282568;-1.102283;
0.065700;-0.304164;1.348164;-1.044001;-0.180907;0.675883;-0.494976;-0.188933;1.285887;-1.096954;
0.065720;-0.312835;1.350822;-1.037986;-0.185150;0.677009;-0.491859;-0.197573;1.289156;-1.091583;
0.065740;-0.321495;1.353425;-1.031931;-0.189387;0.678108;-0.488721;-0.206205;1.292373;-1.086168;
0.065760;-0.330142;1.355976;-1.025834;-0.193616;0.679181;-0.485565;-0.214830;1.295540;-1.080710;
0.065780;-0.338775;1.358473;-1.019698;-0.197837;0.680226;-0.482389;-0.223446;1.298655;-1.075210;
0.065800;-0.347396;1.360916;-1.013520;-0.202051;0.681245;-0.479194;-0.232052;1.301720;-1.069667;
0.065820;-0.356002;1.363306;-1.007303;-0.206257;0.682237;-0.475981;-0.240650;1.304732;-1.064082;
0.065840;-0.364595;1.365641;-1.001047;-0.210454;0.683202;-0.472748;-0.249239;1.307694;-1.058455;
0.065860;-0.373173;1.367923;-0.994750;-0.214643;0.684140;-0.469497;-0.257817;1.310603;-1.052786;
0.065880;-0.381736;1.370151;-0.988415;-0.218824;0.685051;-0.466227;-0.266385;1.313461;-1.047076;
0.065900;-0.390285;1.372325;-0.982040;-0.222996;0.685935;-0.462939;-0.274943;1.316267;-1.041324;
0.065920;-0.398818;1.374444;-0.975627;-0.227159;0.686792;-0.459633;-0.283490;1.319022;-1.035532;
0.065940;-0.407335;1.376510;-0.969175;-0.231313;0.687622;-0.456308;-0.292026;1.321724;-1.029698;
0.065960;-0.415836;1.378521;-0.962685;-0.235458;0.688424;-0.452966;-0.300550;1.324373;-1.023824;
0.065980;-0.424321;1.380477;-0.956157;-0.239594;0.689200;-0.449605;-0.309062;1.326971;-1.017909;
0.066000;-0.432788;1.382379;-0.949591;-0.243721;0.689948;-0.446227;-0.317562;1.329516;-1.011954;
0.066020;-0.441239;1.384227;-0.942987;-0.247837;0.690669;-0.442832;-0.326050;1.332009;-1.005959;
0.066040;-0.449673;1.386019;-0.936347;-0.251944;0.691363;-0.439418;-0.334525;1.334449;-0.999924;
0.066060;-0.458088;1.387757;-0.929669;-0.256041;0.692029;-0.435988;-0.342986;1.336837;-0.993850;
0.066080;-0.466486;1.389441;-0.922955;-0.260128;0.692668;-0.432540;-0.351434;1.339171;-0.987737;
0.066100;-0.474865;1.391069;-0.916204;-0.264205;0.693280;-0.429075;-0.359868;1.341453;-0.981585;
0.066120;-0.483226;1.392643;-0.909417;-0.268271;0.693864;-0.425593;-0.368288;1.343682;-0.975394;
0.066140;-0.491567;1.394161;-0.902594;-0.272327;0.694421;-0.422095;-0.376693;1.345858;-0.969164;
0.066160;-0.499889;1.395625;-0.895736;-0.276372;0.694951;-0.418579;-0.385084;1.347980;-0.962896;
0.066180;-0.508191;1.397033;-0.888842;-0.280406;0.695453;-0.415048;-0.393459;1.350050;-0.956591;
0.066200;-0.516473;1.398386;-0.881913;-0.284428;0.695928;-0.411499;-0.401819;1.352066;-0.950247;
0.066220;-0.524735;1.399684;-0.874949;-0.288440;0.696375;-0.407935;-0.410163;1.354029;-0.943866;
0.066240;-0.532976;1.400927;-0.867951;-0.292440;0.696795;-0.404354;-0.418491;1.355938;-0.937447;
0.066260;-0.541196;1.402115;-0.860919;-0.296429;0.697187;-0.400758;-0.426802;1.357794;-0.930992;
0.066280;-0.549395;1.403247;-0.853852;-0.300406;0.697552;-0.397146;-0.435096;1.359596;-0.924500;
0.066300;-0.557572;1.404324;-0.846752;-0.304371;0.697889;-0.393518;-0.443373;1.361345;-0.917971;
0.066320;-0.565727;1.405345;-0.839618;-0.308324;0.698198;-0.389874;-0.451633;1.363039;-0.911406;
0.066340;-0.573859;1.406311;-0.832452;-0.312265;0.698480;-0.386215;-0.459875;1.364680;-0.904806;
0.066360;-0.581969;1.407221;-0.825252;-0.316194;0.698735;-0.382541;-0.468098;1.366267;-0.898169;
0.066380;-0.590056;1.408076;-0.818020;-0.320110;0.698962;-0.378852;-0.476303;1.367800;-0.891497;
0.066400;-0.598120;1.408875;-0.810755;-0.324014;0.699161;-0.375147;-0.484490;1.369280;-0.884790;
0.066420;-0.606160;1.409619;-0.803459;-0.327905;0.699333;-0.371428;-0.492657;1.370705;-0.878048;
0.066440;-0.614176;1.410306;-0.796130;-0.331782;0.699477;-0.367695;-0.500805;1.372076;-0.871271;
0.066460;-0.622168;1.410939;-0.788771;-0.335647;0.699593;-0.363946;-0.508933;1.373392;-0.864460;
0.066480;-0.630135;1.411515;-0.781380;-0.339498;0.699682;-0.360184;-0.517041;1.374655;-0.857614;
0.066500;-0.638078;1.412036;-0.773958;-0.343336;0.699743;-0.356407;-0.525128;1.375863;-0.850735;
0.066520;-0.645995;1.412501;-0.766506;-0.347161;0.699777;-0.352616;-0.533195;1.377017;-0.843822;
0.066540;-0.653887;1.412910;-0.759024;-0.350972;0.699783;-0.348811;-0.541241;1.378117;-0.836876;
0.066560;-0.661753;1.413264;-0.751511;-0.354769;0.699761;-0.344993;-0.549265;1.379162;-0.829897;
0.066580;-0.669593;1.413561;-0.743969;-0.358552;0.699712;-0.341160;-0.557268;1.380153;-0.822885;
0.066600;-0.677406;1.413803;-0.736397;-0.362320;0.699635;-0.337315;-0.565249;1.381089;-0.815841;
0.066620;-0.685193;1.413989;-0.728797;-0.366075;0.699531;-0.333456;-0.573207;1.381971;-0.808764;
0.066640;-0.692952;1.414120;-0.721168;-0.369815;0.699399;-0.329584;-0.581143;1.382798;-0.801656;
0.066660;-0.700684;1.414194;-0.713510;-0.373540;0.699239;-0.325699;-0.589056;1.383571;-0.794515;
0.066680;-0.708389;1.414213;-0.705824;-0.377251;0.699051;-0.321801;-0.596945;1.384289;-0.787344;
0.066700;-0.716066;1.414176;-0.698110;-0.380947;0.698836;-0.317890;-0.604811;1.384952;-0.780141;
0.066720;-0.723714;1.414083;-0.690369;-0.384627;0.698594;-0.313967;-0.612653;1.385561;-0.772908;
0.066740;-0.731334;1.413934;-0.682600;-0.388293;0.698324;-0.310031;-0.620471;1.386115;-0.765644;
0.066760;-0.738925;1.413729;-0.674804;-0.391943;0.698026;-0.306083;-0.628264;1.386614;-0.758350;
0.066780;-0.746486;1.413468;-0.666982;-0.395578;0.697701;-0.302123;-0.636033;1.387059;-0.751026;
0.066800;-0.754019;1.413152;-0.659134;-0.399197;0.697348;-0.298151;-0.643777;1.387449;-0.743672;
0.066820;-0.761521;1.412780;-0.651259;-0.402800;0.696968;-0.294167;-0.651495;1.387784;-0.736289;
0.066840;-0.768993;1.412352;-0.643359;-0.406388;0.696560;-0.290172;-0.659187;1.388064;-0.728877;
0.066860;-0.776436;1.411869;-0.635433;-0.409959;0.696125;-0.286165;-0.666853;1.388289;-0.721436;
0.066880;-0.783847;1.411329;-0.627482;-0.413515;0.695662;-0.282147;-0.674493;1.388460;-0.713966;
0.066900;-0.791227;1.410734;-0.619507;-0.417053;0.695172;-0.278118;-0.682107;1.388576;-0.706469;
0.066920;-0.798577;1.410083;-0.611507;-0.420576;0.694654;-0.274078;-0.689693;1.388637;-0.698943;
0.066940;-0.805894;1.409377;-0.603483;-0.424082;0.694109;-0.270027;-0.697253;1.388643;-0.691390;
0.066960;-0.813180;1.408615;-0.595435;-0.427571;0.693536;-0.265965;-0.704784;1.388594;-0.683810;
0.066980;-0.820434;1.407797;-0.587363;-0.431043;0.692936;-0.261893;-0.712288;1.388491;-0.676202;
0.067000;-0.827655;1.406924;-0.579268;-0.434498;0.692309;-0.257811;-0.719764;1.388332;-0.668568;
0.067020;-0.834844;1.405995;-0.571151;-0.437936;0.691654;-0.253718;-0.727211;1.388119;-0.660908;
0.067040;-0.842000;1.405011;-0.563011;-0.441357;0.690972;-0.249615;-0.734630;1.387851;-0.653221;
0.067060;-0.849122;1.403971;-0.554848;-0.444760;0.690263;-0.245503;-0.742020;1.387528;-0.645509;
0.067080;-0.856211;1.402876;-0.546664;-0.448146;0.689527;-0.241381;-0.749380;1.387151;-0.637771;
0.067100;-0.863267;1.401725;-0.538458;-0.451514;0.688763;-0.237249;-0.756711;1.386719;-0.630008;
0.067120;-0.870288;1.400519;-0.530231;-0.454865;0.687972;-0.233108;-0.764012;1.386232;-0.622220;
0.067140;-0.877275;1.399258;-0.521983;-0.458197;0.687154;-0.228957;-0.771282;1.385690;-0.614408;
0.067160;-0.884227;1.397941;-0.513715;-0.461511;0.686309;-0.224798;-0.778523;1.385094;-0.606571;
0.067180;-0.891144;1.396570;-0.505426;-0.464807;0.685437;-0.220630;-0.785732;1.384442;-0.598710;
0.067200;-0.898026;1.395143;-0.497117;-0.468085;0.684538;-0.216453;-0.792911;1.383737;-0.590826;
0.067220;-0.904872;1.393661;-0.488789;-0.471344;0.683611;-0.212267;-0.800058;1.382976;-0.582918;
0.067240;-0.911683;1.392124;-0.480441;-0.474584;0.682658;-0.208073;-0.807173;1.382161;-0.574988;
0.067260;-0.918458;1.390532;-0.472074;-0.477806;0.681678;-0.203871;-0.814257;1.381292;-0.567035;
0.067280;-0.925197;1.388886;-0.463689;-0.481009;0.680670;-0.199661;-0.821309;1.380368;-0.559059;
0.067300;-0.931899;1.387184;-0.455285;-0.484193;0.679636;-0.195443;-0.828328;1.379389;-0.551061;
0.067320;-0.938564;1.385428;-0.446864;-0.487358;0.678576;-0.191217;-0.835315;1.378356;-0.543041;
0.067340;-0.945192;1.383617;-0.438424;-0.490504;0.677488;-0.186984;-0.842268;1.377269;-0.535001;
0.067360;-0.951783;1.381751;-0.429968;-0.493630;0.676373;-0.182743;-0.849188;1.376127;-0.526938;
0.067380;-0.958337;1.379831;-0.421494;-0.496737;0.675232;-0.178496;-0.856075;1.374931;-0.518856;
0.067400;-0.964852;1.377856;-0.413004;-0.499824;0.674065;-0.174241;-0.862928;1.373680;-0.510752;
0.067420;-0.971330;1.375827;-0.404497;-0.502891;0.672870;-0.169979;-0.869747;1.372376;-0.502629;
0.067440;-0.977769;1.373744;-0.395975;-0.505939;0.671649;-0.165710;-0.876532;1.371017;-0.494485;
0.067460;-0.984169;1.371606;-0.387437;-0.508967;0.670402;-0.161435;-0.883281;1.369604;-0.486322;
0.067480;-0.990531;1.369414;-0.378883;-0.511974;0.669128;-0.157154;-0.889997;1.368137;-0.478140;
0.067500;-0.996853;1.367169;-0.370315;-0.514961;0.667827;-0.152866;-0.896676;1.366616;-0.469939;
0.067520;-1.003137;1.364869;-0.361732;-0.517928;0.666501;-0.148573;-0.903321;1.365041;-0.461720;
0.067540;-1.009380;1.362515;-0.353135;-0.520875;0.665148;-0.144273;-0.909930;1.363412;-0.453482;
0.067560;-1.015584;1.360108;-0.344524;-0.523801;0.663768;-0.139968;-0.916503;1.361729;-0.445226;
0.067580;-1.021748;1.357646;-0.335899;-0.526706;0.662363;-0.135657;-0.923040;1.359993;-0.436953;
0.067600;-1.027871;1.355132;-0.327261;-0.529590;0.660931;-0.131341;-0.929540;1.358202;-0.428662;
0.067620;-1.033954;1.352563;-0.318610;-0.532454;0.659474;-0.127020;-0.936004;1.356359;-0.420355;
0.067640;-1.039995;1.349942;-0.309946;-0.535297;0.657990;-0.122693;-0.942430;1.354461;-0.412031;
0.067660;-1.045996;1.347267;-0.301270;-0.538118;0.656480;-0.118362;-0.948820;1.352511;-0.403691;
0.067680;-1.051956;1.344539;-0.292583;-0.540918;0.654944;-0.114026;-0.955172;1.350506;-0.395335;
0.067700;-1.057874;1.341757;-0.283884;-0.543697;0.653383;-0.109686;-0.961486;1.348449;-0.386963;
0.067720;-1.063750;1.338923;-0.275173;-0.546454;0.651796;-0.105341;-0.967762;1.346338;-0.378576;
0.067740;-1.069584;1.336036;-0.266452;-0.549190;0.650183;-0.100992;-0.974001;1.344174;-0.370174;
0.067760;-1.075376;1.333096;-0.257720;-0.551904;0.648544;-0.096640;-0.980200;1.341957;-0.361757;
0.067780;-1.081126;1.330104;-0.248978;-0.554597;0.646880;-0.092283;-0.986361;1.339687;-0.353326;
0.067800;-1.086833;1.327059;-0.240226;-0.557267;0.645190;-0.087923;-0.992483;1.337364;-0.344881;
0.067820;-1.092497;1.323962;-0.231465;-0.559915;0.643474;-0.083559;-0.998566;1.334989;-0.336423;
0.067840;-1.098118;1.320812;-0.222694;-0.562542;0.641734;-0.079192;-1.004610;1.332561;-0.327951;
0.067860;-1.103695;1.317610;-0.213915;-0.565146;0.639968;-0.074822;-1.010614;1.330080;-0.319466;
0.067880;-1.109229;1.314357;-0.205127;-0.567728;0.638176;-0.070449;-1.016577;1.327546;-0.310969;
0.067900;-1.114719;1.311051;-0.196332;-0.570287;0.636360;-0.066073;-1.022501;1.324960;-0.302459;
0.067920;-1.120165;1.307694;-0.187528;-0.572824;0.634518;-0.061694;-1.028385;1.322322;-0.293938;
0.067940;-1.125567;1.304285;-0.178717;-0.575338;0.632652;-0.057313;-1.034227;1.319632;-0.285404;
0.067960;-1.130925;1.300824;-0.169899;-0.577830;0.630760;-0.052930;-1.040029;1.316889;-0.276860;
0.067980;-1.136238;1.297312;-0.161074;-0.580298;0.628843;-0.048545;-1.045790;1.314095;-0.268305;
0.068000;-1.141506;1.293749;-0.152243;-0.582744;0.626902;-0.044158;-1.051510;1.311249;-0.259739;
0.068020;-1.146729;1.290135;-0.143406;-0.585167;0.624936;-0.039769;-1.057188;1.308350;-0.251162;
0.068040;-1.151906;1.286470;-0.134564;-0.587567;0.622945;-0.035378;-1.062824;1.305401;-0.242576;
0.068060;-1.157038;1.282754;-0.125716;-0.589943;0.620930;-0.030986;-1.068419;1.302399;-0.233981;
0.068080;-1.162125;1.278987;-0.116863;-0.592297;0.618890;-0.026593;-1.073971;1.299347;-0.225376;
0.068100;-1.167166;1.275170;-0.108005;-0.594626;0.616825;-0.022199;-1.079481;1.296243;-0.216762;
0.068120;-1.172160;1.271303;-0.099143;-0.596933;0.614737;-0.017804;-1.084948;1.293088;-0.208139;
0.068140;-1.177108;1.267386;-0.090277;-0.599216;0.612624;-0.013408;-1.090373;1.289881;-0.199509;
0.068160;-1.182010;1.263418;-0.081408;-0.601475;0.610486;-0.009012;-1.095754;1.286624;-0.190870;
0.068180;-1.186865;1.259400;-0.072535;-0.603710;0.608325;-0.004615;-1.101092;1.283316;-0.182224;
0.068200;-1.191673;1.255333;-0.063660;-0.605922;0.606140;-0.000218;-1.106387;1.279958;-0.173571;
0.068220;-1.196435;1.251217;-0.054782;-0.608109;0.603931;0.004179;-1.111638;1.276549;-0.164911;
0.068240;-1.201149;1.247050;-0.045902;-0.610273;0.601698;0.008575;-1.116845;1.273089;-0.156244;
0.068260;-1.205815;1.242835;-0.037020;-0.612413;0.599441;0.012972;-1.122008;1.269579;-0.147572;
0.068280;-1.210434;1.238571;-0.028136;-0.614528;0.597160;0.017367;-1.127126;1.266019;-0.138893;
0.068300;-1.215005;1.234257;-0.019252;-0.616619;0.594856;0.021763;-1.132200;1.262410;-0.130209;
0.068320;-1.219529;1.229895;-0.010367;-0.618686;0.592529;0.026157;-1.137230;1.258750;-0.121520;
0.068340;-1.224004;1.225485;-0.001481;-0.620728;0.590178;0.030550;-1.142215;1.255040;-0.112826;
0.068360;-1.228430;1.221026;0.007405;-0.622746;0.587804;0.034942;-1.147154;1.251281;-0.104127;
0.068380;-1.232809;1.216519;0.016290;-0.624739;0.585406;0.039333;-1.152048;1.247473;-0.095425;
0.068400;-1.237138;1.211963;0.025175;-0.626708;0.582986;0.043722;-1.156897;1.243615;-0.086719;
0.068420;-1.241419;1.207360;0.034059;-0.628652;0.580542;0.048109;-1.161700;1.239709;-0.078009;
0.068440;-1.245651;1.202710;0.042941;-0.630571;0.578076;0.052495;-1.166457;1.235753;-0.069296;
0.068460;-1.249833;1.198011;0.051822;-0.632465;0.575587;0.056878;-1.171168;1.231749;-0.060580;
0.068480;-1.253967;1.193266;0.060701;-0.634334;0.573075;0.061259;-1.175833;1.227696;-0.051862;
0.068500;-1.258050;1.188473;0.069577;-0.636178;0.570540;0.065638;-1.180452;1.223594;-0.043142;
0.068520;-1.262084;1.183634;0.078451;-0.637997;0.567983;0.070014;-1.185024;1.219444;-0.034421;
0.068540;-1.266069;1.178747;0.087321;-0.639791;0.565403;0.074388;-1.189549;1.215246;-0.025698;
0.068560;-1.270003;1.173815;0.096188;-0.641560;0.562801;0.078758;-1.194027;1.211000;-0.016974;
0.068580;-1.273887;1.168836;0.105051;-0.643303;0.560177;0.083126;-1.198458;1.206707;-0.008249;
0.068600;-1.277721;1.163810;0.113910;-0.645021;0.557531;0.087490;-1.202841;1.202365;0.000476;
0.068620;-1.281504;1.158739;0.122765;-0.646713;0.554863;0.091850;-1.207178;1.197976;0.009201;
0.068640;-1.285237;1.153622;0.131615;-0.648380;0.552173;0.096207;-1.211466;1.193540;0.017926;
0.068660;-1.288919;1.148460;0.140459;-0.650021;0.549461;0.100560;-1.215707;1.189057;0.026650;
0.068680;-1.292550;1.143252;0.149298;-0.651637;0.546727;0.104910;-1.219900;1.184527;0.035373;
0.068700;-1.296130;1.137999;0.158131;-0.653227;0.543972;0.109255;-1.224044;1.179950;0.044094;
0.068720;-1.299659;1.132701;0.166958;-0.654791;0.541195;0.113596;-1.228140;1.175326;0.052814;
0.068740;-1.303137;1.127358;0.175779;-0.656329;0.538397;0.117932;-1.232188;1.170656;0.061532;
0.068760;-1.306563;1.121971;0.184592;-0.657841;0.535578;0.122263;-1.236187;1.165940;0.070247;
0.068780;-1.309938;1.116540;0.193398;-0.659327;0.532737;0.126590;-1.240138;1.161178;0.078960;
0.068800;-1.313260;1.111064;0.202196;-0.660788;0.529876;0.130912;-1.244039;1.156370;0.087669;
0.068820;-1.316532;1.105545;0.210987;-0.662222;0.526993;0.135229;-1.247891;1.151516;0.096375;
0.068840;-1.319751;1.099982;0.219769;-0.663630;0.524090;0.139540;-1.251694;1.146617;0.105077;
0.068860;-1.322918;1.094375;0.228542;-0.665012;0.521166;0.143846;-1.255448;1.141673;0.113775;
0.068880;-1.326032;1.088726;0.237307;-0.666368;0.518222;0.148146;-1.259152;1.136683;0.122469;
0.068900;-1.329095;1.083033;0.246062;-0.667697;0.515257;0.152440;-1.262806;1.131649;0.131157;
0.068920;-1.332105;1.077298;0.254807;-0.669000;0.512271;0.156728;-1.266410;1.126570;0.139841;
0.068940;-1.335062;1.071520;0.263542;-0.670276;0.509266;0.161010;-1.269965;1.121446;0.148519;
0.068960;-1.337967;1.065700;0.272267;-0.671527;0.506240;0.165286;-1.273469;1.116278;0.157191;
0.068980;-1.340819;1.059837;0.280981;-0.672750;0.503195;0.169555;-1.276923;1.111066;0.165857;
0.069000;-1.343617;1.053933;0.289684;-0.673947;0.500129;0.173818;-1.280327;1.105811;0.174516;
0.069020;-1.346363;1.047987;0.298376;-0.675118;0.497044;0.178073;-1.283680;1.100511;0.183169;
0.069040;-1.349056;1.042000;0.307056;-0.676261;0.493939;0.182322;-1.286982;1.095169;0.191814;
0.069060;-1.351695;1.035972;0.315723;-0.677378;0.490815;0.186563;-1.290234;1.089782;0.200451;
0.069080;-1.354282;1.029903;0.324379;-0.678469;0.487671;0.190797;-1.293435;1.084353;0.209081;
0.069100;-1.356814;1.023793;0.333021;-0.679532;0.484508;0.195024;-1.296584;1.078881;0.217703;
0.069120;-1.359293;1.017643;0.341650;-0.680569;0.481326;0.199243;-1.299682;1.073367;0.226315;
0.069140;-1.361719;1.011453;0.350266;-0.681579;0.478125;0.203454;-1.302730;1.067810;0.234919;
0.069160;-1.364090;1.005222;0.358868;-0.682562;0.474905;0.207657;-1.305725;1.062211;0.243514;
0.069180;-1.366408;0.998952;0.367456;-0.683518;0.471666;0.211851;-1.308669;1.056570;0.252099;
0.069200;-1.368672;0.992643;0.376029;-0.684447;0.468409;0.216038;-1.311562;1.050888;0.260674;
0.069220;-1.370882;0.986294;0.384587;-0.685349;0.465133;0.220215;-1.314402;1.045163;0.269239;
0.069240;-1.373037;0.979907;0.393131;-0.686224;0.461839;0.224385;-1.317191;1.039398;0.277793;
0.069260;-1.375139;0.973480;0.401658;-0.687072;0.458527;0.228545;-1.319928;1.033592;0.286337;
0.069280;-1.377186;0.967016;0.410170;-0.687892;0.455196;0.232696;-1.322613;1.027744;0.294868;
0.069300;-1.379179;0.960513;0.418666;-0.688686;0.451848;0.236838;-1.325245;1.021856;0.303389;
0.069320;-1.381117;0.953972;0.427145;-0.689452;0.448481;0.240971;-1.327825;1.015928;0.311897;
0.069340;-1.383001;0.947394;0.435607;-0.690191;0.445097;0.245094;-1.330353;1.009960;0.320393;
0.069360;-1.384830;0.940778;0.444052;-0.690903;0.441696;0.249207;-1.332828;1.003952;0.328876;
0.069380;-1.386605;0.934125;0.452480;-0.691588;0.438277;0.253311;-1.335251;0.997904;0.337347;
0.069400;-1.388325;0.927435;0.460890;-0.692245;0.434840;0.257405;-1.337621;0.991817;0.345804;
0.069420;-1.389990;0.920708;0.469281;-0.692875;0.431387;0.261488;-1.339938;0.985691;0.354247;
0.069440;-1.391600;0.913946;0.477654;-0.693478;0.427916;0.265561;-1.342202;0.979525;0.362676;
0.069460;-1.393155;0.907147;0.486008;-0.694053;0.424429;0.269624;-1.344413;0.973321;0.371092;
0.069480;-1.394655;0.900312;0.494343;-0.694601;0.420925;0.273676;-1.346571;0.967079;0.379492;
0.069500;-1.396100;0.893442;0.502659;-0.695121;0.417404;0.277717;-1.348676;0.960799;0.387877;
0.069520;-1.397490;0.886536;0.510954;-0.695614;0.413867;0.281748;-1.350728;0.954480;0.396248;
0.069540;-1.398825;0.879596;0.519229;-0.696080;0.410313;0.285767;-1.352726;0.948124;0.404602;
0.069560;-1.400105;0.872621;0.527484;-0.696518;0.406743;0.289775;-1.354671;0.941731;0.412941;
0.069580;-1.401329;0.865611;0.535718;-0.696929;0.403157;0.293771;-1.356563;0.935300;0.421263;
0.069600;-1.402498;0.858567;0.543931;-0.697312;0.399556;0.297756;-1.358401;0.928832;0.429568;
0.069620;-1.403612;0.851489;0.552123;-0.697667;0.395938;0.301729;-1.360185;0.922328;0.437857;
0.069640;-1.404670;0.844378;0.560292;-0.697995;0.392305;0.305690;-1.361915;0.915787;0.446128;
0.069660;-1.405673;0.837233;0.568440;-0.698296;0.388656;0.309639;-1.363592;0.909210;0.454382;
0.069680;-1.406620;0.830055;0.576565;-0.698568;0.384992;0.313576;-1.365215;0.902597;0.462618;
0.069700;-1.407512;0.822845;0.584667;-0.698814;0.381313;0.317501;-1.366784;0.895949;0.470835;
0.069720;-1.408348;0.815602;0.592747;-0.699031;0.377619;0.321413;-1.368300;0.889265;0.479034;
0.069740;-1.409129;0.808327;0.600803;-0.699221;0.373909;0.325312;-1.369761;0.882546;0.487214;
0.069760;-1.409854;0.801019;0.608835;-0.699384;0.370185;0.329199;-1.371168;0.875793;0.495375;
0.069780;-1.410523;0.793681;0.616843;-0.699519;0.366447;0.333072;-1.372521;0.869004;0.503516;
0.069800;-1.411137;0.786311;0.624826;-0.699626;0.362694;0.336932;-1.373819;0.862182;0.511638;
0.069820;-1.411695;0.778909;0.632786;-0.699706;0.358926;0.340779;-1.375064;0.855325;0.519739;
0.069840;-1.412197;0.771478;0.640720;-0.699758;0.355145;0.344613;-1.376254;0.848435;0.527820;
0.069860;-1.412644;0.764015;0.648628;-0.699782;0.351349;0.348433;-1.377390;0.841511;0.535879;
0.069880;-1.413034;0.756523;0.656512;-0.699779;0.347540;0.352239;-1.378472;0.834553;0.543918;
0.069900;-1.413369;0.749000;0.664369;-0.699748;0.343717;0.356031;-1.379499;0.827563;0.551935;
0.069920;-1.413648;0.741448;0.672200;-0.699690;0.339880;0.359809;-1.380471;0.820541;0.559931;
0.069940;-1.413872;0.733867;0.680004;-0.699603;0.336030;0.363573;-1.381389;0.813485;0.567904;
0.069960;-1.414039;0.726257;0.687782;-0.699490;0.332167;0.367323;-1.382253;0.806398;0.575855;
0.069980;-1.414151;0.718618;0.695533;-0.699348;0.328290;0.371058;-1.383062;0.799279;0.583783;
0.070000;-1.414207;0.710951;0.703256;-0.699179;0.324401;0.374779;-1.383816;0.792128;0.591688;
0.070020;-1.414207;0.703256;0.710951;-0.698983;0.320498;0.378485;-1.384516;0.784947;0.599570;
0.070040;-1.414151;0.695533;0.718618;-0.698759;0.316583;0.382175;-1.385161;0.777734;0.607428;
0.070060;-1.414039;0.687782;0.726257;-0.698507;0.312656;0.385851;-1.385752;0.770490;0.615262;
0.070080;-1.413872;0.680004;0.733867;-0.698228;0.308716;0.389511;-1.386288;0.763216;0.623072;
0.070100;-1.413648;0.672200;0.741448;-0.697921;0.304764;0.393156;-1.386769;0.755912;0.630857;
0.070120;-1.413369;0.664369;0.749000;-0.697586;0.300800;0.396786;-1.387195;0.748578;0.638617;
0.070140;-1.413034;0.656512;0.756523;-0.697224;0.296824;0.400400;-1.387566;0.741214;0.646352;
0.070160;-1.412644;0.648628;0.764015;-0.696835;0.292837;0.403998;-1.387883;0.733821;0.654062;
0.070180;-1.412197;0.640720;0.771478;-0.696418;0.288838;0.407580;-1.388145;0.726400;0.661745;
0.070200;-1.411695;0.632786;0.778909;-0.695973;0.284827;0.411146;-1.388352;0.718949;0.669403;
0.070220;-1.411137;0.624826;0.786311;-0.695501;0.280805;0.414696;-1.388504;0.711470;0.677034;
0.070240;-1.410523;0.616843;0.793681;-0.695002;0.276773;0.418229;-1.388602;0.703963;0.684639;
0.070260;-1.409854;0.608835;0.801019;-0.694475;0.272729;0.421746;-1.388645;0.696429;0.692216;
0.070280;-1.409129;0.600803;0.808327;-0.693921;0.268674;0.425247;-1.388633;0.688866;0.699766;
0.070300;-1.408348;0.592747;0.815602;-0.693339;0.264609;0.428730;-1.388566;0.681277;0.707289;
0.070320;-1.407512;0.584667;0.822845;-0.692730;0.260533;0.432197;-1.388444;0.673661;0.714783;
0.070340;-1.406620;0.576565;0.830055;-0.692094;0.256448;0.435646;-1.388267;0.666018;0.722250;
0.070360;-1.405673;0.568440;0.837233;-0.691430;0.252352;0.439079;-1.388036;0.658349;0.729687;
0.070380;-1.404670;0.560292;0.844378;-0.690739;0.248246;0.442494;-1.387750;0.650653;0.737096;
0.070400;-1.403612;0.552123;0.851489;-0.690021;0.244130;0.445891;-1.387409;0.642932;0.744476;
0.070420;-1.402498;0.543931;0.858567;-0.689275;0.240004;0.449271;-1.387013;0.635186;0.751827;
0.070440;-1.401329;0.535718;0.865611;-0.688502;0.235869;0.452633;-1.386562;0.627415;0.759148;
0.070460;-1.400105;0.527484;0.872621;-0.687703;0.231725;0.455977;-1.386057;0.619619;0.766438;
0.070480;-1.398825;0.519229;0.879596;-0.686876;0.227572;0.459304;-1.385497;0.611798;0.773699;
0.070500;-1.397490;0.510954;0.886536;-0.686021;0.223410;0.462612;-1.384883;0.603953;0.780929;
0.070520;-1.396100;0.502659;0.893442;-0.685140;0.219238;0.465902;-1.384213;0.596085;0.788128;
0.070540;-1.394655;0.494343;0.900312;-0.684232;0.215059;0.469173;-1.383489;0.588193;0.795297;
0.070560;-1.393155;0.486008;0.907147;-0.683296;0.210870;0.472426;-1.382711;0.580277;0.802433;
0.070580;-1.391600;0.477654;0.913946;-0.682334;0.206674;0.475661;-1.381878;0.572339;0.809538;
0.070600;-1.389990;0.469281;0.920708;-0.681345;0.202469;0.478876;-1.380990;0.564378;0.816611;
0.070620;-1.388325;0.460890;0.927435;-0.680329;0.198256;0.482073;-1.380048;0.556395;0.823652;
0.070640;-1.386605;0.452480;0.934125;-0.679286;0.194035;0.485250;-1.379051;0.548390;0.830661;
0.070660;-1.384830;0.444052;0.940778;-0.678216;0.189807;0.488409;-1.378000;0.540364;0.837636;
0.070680;-1.383001;0.435607;0.947394;-0.677119;0.185571;0.491548;-1.376894;0.532315;0.844579;
0.070700;-1.381117;0.427145;0.953972;-0.675996;0.181328;0.494668;-1.375734;0.524246;0.851488;
0.070720;-1.379179;0.418666;0.960513;-0.674846;0.177078;0.497768;-1.374520;0.516157;0.858363;
0.070740;-1.377186;0.410170;0.967016;-0.673669;0.172821;0.500849;-1.373251;0.508047;0.865205;
0.070760;-1.375139;0.401658;0.973480;-0.672466;0.168557;0.503909;-1.371929;0.499916;0.872012;
0.070780;-1.373037;0.393131;0.979907;-0.671236;0.164286;0.506950;-1.370552;0.491766;0.878785;
0.070800;-1.370882;0.384587;0.986294;-0.669980;0.160009;0.509971;-1.369121;0.483597;0.885524;
0.070820;-1.368672;0.376029;0.992643;-0.668697;0.155725;0.512972;-1.367636;0.475409;0.892227;
0.070840;-1.366408;0.367456;0.998952;-0.667388;0.151436;0.515953;-1.366097;0.467201;0.898895;
0.070860;-1.364090;0.358868;1.005222;-0.666053;0.147140;0.518913;-1.364504;0.458976;0.905528;
0.070880;-1.361719;0.350266;1.011453;-0.664691;0.142839;0.521852;-1.362857;0.450732;0.912125;
0.070900;-1.359293;0.341650;1.017643;-0.663303;0.138531;0.524771;-1.361156;0.442470;0.918686;
0.070920;-1.356814;0.333021;1.023793;-0.661889;0.134219;0.527670;-1.359402;0.434191;0.925210;
0.070940;-1.354282;0.324379;1.029903;-0.660448;0.129901;0.530547;-1.357594;0.425895;0.931699;
0.070960;-1.351695;0.315723;1.035972;-0.658982;0.125578;0.533404;-1.355732;0.417582;0.938150;
0.070980;-1.349056;0.307056;1.042000;-0.657489;0.121250;0.536239;-1.353817;0.409253;0.944564;
0.071000;-1.346363;0.298376;1.047987;-0.655971;0.116917;0.539054;-1.351848;0.400907;0.950941;
0.071020;-1.343617;0.289684;1.053933;-0.654427;0.112580;0.541847;-1.349826;0.392546;0.957281;
0.071040;-1.340819;0.280981;1.059837;-0.652857;0.108238;0.544619;-1.347751;0.384169;0.963582;
0.071060;-1.337967;0.272267;1.065700;-0.651261;0.103892;0.547369;-1.345623;0.375777;0.969846;
0.071080;-1.335062;0.263542;1.071520;-0.649639;0.099542;0.550097;-1.343441;0.367370;0.976071;
0.071100;-1.332105;0.254807;1.077298;-0.647992;0.095188;0.552804;-1.341206;0.358948;0.982258;
0.071120;-1.329095;0.246062;1.083033;-0.646319;0.090830;0.555489;-1.338919;0.350513;0.988406;
0.071140;-1.326032;0.237307;1.088726;-0.644621;0.086469;0.558152;-1.336578;0.342063;0.994515;
0.071160;-1.322918;0.228542;1.094375;-0.642897;0.082104;0.560793;-1.334185;0.333600;1.000585;
0.071180;-1.319751;0.219769;1.099982;-0.641148;0.077736;0.563412;-1.331739;0.325124;1.006615;
0.071200;-1.316532;0.210987;1.105545;-0.639373;0.073364;0.566009;-1.329241;0.316635;1.012606;
0.071220;-1.313260;0.202196;1.111064;-0.637574;0.068990;0.568583;-1.326690;0.308134;1.018556;
0.071240;-1.309938;0.193398;1.116540;-0.635749;0.064614;0.571135;-1.324087;0.299620;1.024467;
0.071260;-1.306563;0.184592;1.121971;-0.633899;0.060234;0.573665;-1.321431;0.291094;1.030337;
0.071280;-1.303137;0.175779;1.127358;-0.632024;0.055853;0.576171;-1.318723;0.282557;1.036166;
0.071300;-1.299659;0.166958;1.132701;-0.630124;0.051469;0.578655;-1.315964;0.274009;1.041954;
0.071320;-1.296130;0.158131;1.137999;-0.628199;0.047083;0.581116;-1.313152;0.265450;1.047701;
0.071340;-1.292550;0.149298;1.143252;-0.626249;0.042695;0.583554;-1.310288;0.256881;1.053407;
0.071360;-1.288919;0.140459;1.148460;-0.624275;0.038305;0.585970;-1.307373;0.248301;1.059071;
0.071380;-1.285237;0.131615;1.153622;-0.622276;0.033914;0.588362;-1.304406;0.239712;1.064694;
0.071400;-1.281504;0.122765;1.158739;-0.620252;0.029522;0.590730;-1.301388;0.231113;1.070274;
0.071420;-1.277721;0.113910;1.163810;-0.618204;0.025128;0.593076;-1.298318;0.222505;1.075812;
0.071440;-1.273887;0.105051;1.168836;-0.616132;0.020734;0.595398;-1.295197;0.213889;1.081308;
0.071460;-1.270003;0.096188;1.173815;-0.614035;0.016339;0.597696;-1.292025;0.205263;1.086761;
0.071480;-1.266069;0.087321;1.178747;-0.611914;0.011943;0.599971;-1.288801;0.196630;1.092171;
0.071500;-1.262084;0.078451;1.183634;-0.609769;0.007546;0.602222;-1.285527;0.187989;1.097538;
0.071520;-1.258050;0.069577;1.188473;-0.607599;0.003149;0.604450;-1.282202;0.179341;1.102862;
0.071540;-1.253967;0.060701;1.193266;-0.605406;-0.001247;0.606654;-1.278827;0.170685;1.108142;
0.071560;-1.249833;0.051822;1.198011;-0.603189;-0.005644;0.608833;-1.275401;0.162023;1.113378;
0.071580;-1.245651;0.042941;1.202710;-0.600948;-0.010041;0.610989;-1.271925;0.153354;1.118571;
0.071600;-1.241419;0.034059;1.207360;-0.598683;-0.014437;0.613120;-1.268398;0.144679;1.123719;
0.071620;-1.237138;0.025175;1.211963;-0.596395;-0.018833;0.615228;-1.264822;0.135999;1.128823;
0.071640;-1.232809;0.016290;1.216519;-0.594083;-0.023227;0.617311;-1.261195;0.127313;1.133882;
0.071660;-1.228430;0.007405;1.221026;-0.591748;-0.027621;0.619369;-1.257519;0.118622;1.138896;
0.071680;-1.224004;-0.001481;1.225485;-0.589389;-0.032014;0.621403;-1.253793;0.109927;1.143866;
0.071700;-1.219529;-0.010367;1.229895;-0.587007;-0.036406;0.623413;-1.250017;0.101227;1.148790;
0.071720;-1.215005;-0.019252;1.234257;-0.584602;-0.040796;0.625398;-1.246193;0.092523;1.153670;
0.071740;-1.210434;-0.028136;1.238571;-0.582174;-0.045185;0.627359;-1.242319;0.083816;1.158503;
0.071760;-1.205815;-0.037020;1.242835;-0.579723;-0.049571;0.629294;-1.238396;0.075105;1.163291;
0.071780;-1.201149;-0.045902;1.247050;-0.577249;-0.053956;0.631205;-1.234424;0.066391;1.168033;
0.071800;-1.196435;-0.054782;1.251217;-0.574752;-0.058339;0.633091;-1.230403;0.057675;1.172728;
0.071820;-1.191673;-0.063660;1.255333;-0.572232;-0.062719;0.634951;-1.226334;0.048956;1.177378;
0.071840;-1.186865;-0.072535;1.259400;-0.569690;-0.067097;0.636787;-1.222216;0.040235;1.181981;
0.071860;-1.182010;-0.081408;1.263418;-0.567125;-0.071472;0.638598;-1.218050;0.031513;1.186537;
0.071880;-1.177108;-0.090277;1.267386;-0.564538;-0.075845;0.640383;-1.213836;0.022790;1.191047;
0.071900;-1.172160;-0.099143;1.271303;-0.561929;-0.080214;0.642143;-1.209574;0.014065;1.195509;
0.071920;-1.167166;-0.108005;1.275170;-0.559298;-0.084581;0.643878;-1.205265;0.005340;1.199924;
0.071940;-1.162125;-0.116863;1.278987;-0.556644;-0.088944;0.645588;-1.200908;-0.003385;1.204292;
0.071960;-1.157038;-0.125716;1.282754;-0.553968;-0.093303;0.647271;-1.196503;-0.012110;1.208613;
0.071980;-1.151906;-0.134564;1.286470;-0.551271;-0.097659;0.648930;-1.192051;-0.020834;1.212885;
0.072000;-1.146729;-0.143406;1.290135;-0.548552;-0.102011;0.650562;-1.187552;-0.029558;1.217110;
0.072020;-1.141506;-0.152243;1.293749;-0.545811;-0.106359;0.652169;-1.183006;-0.038280;1.221287;
0.072040;-1.136238;-0.161074;1.297312;-0.543049;-0.110702;0.653751;-1.178414;-0.047001;1.225415;
0.072060;-1.130925;-0.169899;1.300824;-0.540265;-0.115041;0.655306;-1.173775;-0.055720;1.229495;
0.072080;-1.125567;-0.178717;1.304285;-0.537460;-0.119376;0.656836;-1.169089;-0.064437;1.233527;
0.072100;-1.120165;-0.187528;1.307694;-0.534633;-0.123706;0.658339;-1.164358;-0.073152;1.237510;
0.072120;-1.114719;-0.196332;1.311051;-0.531786;-0.128031;0.659817;-1.159580;-0.081863;1.241444;
0.072140;-1.109229;-0.205127;1.314357;-0.528917;-0.132352;0.661269;-1.154757;-0.090572;1.245329;
0.072160;-1.103695;-0.213915;1.317610;-0.526028;-0.136666;0.662694;-1.149888;-0.099276;1.249164;
0.072180;-1.098118;-0.222694;1.320812;-0.523118;-0.140976;0.664094;-1.144974;-0.107977;1.252951;
0.072200;-1.092497;-0.231465;1.323962;-0.520187;-0.145280;0.665467;-1.140014;-0.116674;1.256688;
0.072220;-1.086833;-0.240226;1.327059;-0.517236;-0.149578;0.666814;-1.135010;-0.125365;1.260375;
0.072240;-1.081126;-0.248978;1.330104;-0.514264;-0.153870;0.668134;-1.129961;-0.134052;1.264013;
0.072260;-1.075376;-0.257720;1.333096;-0.511272;-0.158156;0.669428;-1.124867;-0.142734;1.267601;
0.072280;-1.069584;-0.266452;1.336036;-0.508260;-0.162436;0.670696;-1.119728;-0.151410;1.271139;
0.072300;-1.063750;-0.275173;1.338923;-0.505227;-0.166710;0.671937;-1.114546;-0.160080;1.274626;
0.072320;-1.057874;-0.283884;1.341757;-0.502175;-0.170977;0.673152;-1.109319;-0.168744;1.278063;
0.072340;-1.051956;-0.292583;1.344539;-0.499103;-0.175237;0.674340;-1.104049;-0.177401;1.281450;
0.072360;-1.045996;-0.301270;1.347267;-0.496011;-0.179490;0.675502;-1.098735;-0.186051;1.284786;
0.072380;-1.039995;-0.309946;1.349942;-0.492900;-0.183737;0.676637;-1.093378;-0.194694;1.288072;
0.072400;-1.033954;-0.318610;1.352563;-0.489769;-0.187976;0.677745;-1.087978;-0.203329;1.291306;
0.072420;-1.027871;-0.327261;1.355132;-0.486619;-0.192207;0.678826;-1.082534;-0.211956;1.294490;
0.072440;-1.021748;-0.335899;1.357646;-0.483450;-0.196431;0.679881;-1.077048;-0.220575;1.297623;
0.072460;-1.015584;-0.344524;1.360108;-0.480261;-0.200647;0.680909;-1.071519;-0.229184;1.300704;
0.072480;-1.009380;-0.353135;1.362515;-0.477054;-0.204856;0.681909;-1.065948;-0.237785;1.303734;
0.072500;-1.003137;-0.361732;1.364869;-0.473828;-0.209056;0.682883;-1.060335;-0.246377;1.306712;
0.072520;-0.996853;-0.370315;1.367169;-0.470583;-0.213248;0.683830;-1.054681;-0.254959;1.309639;
0.072540;-0.990531;-0.378883;1.369414;-0.467319;-0.217431;0.684750;-1.048984;-0.263530;1.312514;
0.072560;-0.984169;-0.387437;1.371606;-0.464037;-0.221606;0.685643;-1.043246;-0.272092;1.315338;
0.072580;-0.977769;-0.395975;1.373744;-0.460737;-0.225772;0.686509;-1.037467;-0.280642;1.318109;
0.072600;-0.971330;-0.404497;1.375827;-0.457419;-0.229930;0.687348;-1.031647;-0.289182;1.320829;
0.072620;-0.964852;-0.413004;1.377856;-0.454082;-0.234078;0.688160;-1.025786;-0.297710;1.323496;
0.072640;-0.958337;-0.421494;1.379831;-0.450728;-0.238217;0.688944;-1.019885;-0.306226;1.326111;
0.072660;-0.951783;-0.429968;1.381751;-0.447355;-0.242346;0.689702;-1.013943;-0.314730;1.328674;
0.072680;-0.945192;-0.438424;1.383617;-0.443965;-0.246466;0.690432;-1.007962;-0.323222;1.331184;
0.072700;-0.938564;-0.446864;1.385428;-0.440558;-0.250576;0.691134;-1.001940;-0.331701;1.333642;
0.072720;-0.931899;-0.455285;1.387184;-0.437133;-0.254677;0.691810;-0.995879;-0.340167;1.336047;
0.072740;-0.925197;-0.463689;1.388886;-0.433691;-0.258767;0.692458;-0.989779;-0.348620;1.338399;
0.072760;-0.918458;-0.472074;1.390532;-0.430232;-0.262847;0.693079;-0.983640;-0.357058;1.340698;
0.072780;-0.911683;-0.480441;1.392124;-0.426756;-0.266917;0.693673;-0.977462;-0.365483;1.342945;
0.072800;-0.904872;-0.488789;1.393661;-0.423263;-0.270976;0.694239;-0.971245;-0.373893;1.345138;
0.072820;-0.898026;-0.497117;1.395143;-0.419753;-0.275025;0.694777;-0.964990;-0.382289;1.347279;
0.072840;-0.891144;-0.505426;1.396570;-0.416227;-0.279062;0.695289;-0.958697;-0.390669;1.349366;
0.072860;-0.884227;-0.513715;1.397941;-0.412684;-0.283089;0.695773;-0.952366;-0.399034;1.351400;
0.072880;-0.877275;-0.521983;1.399258;-0.409125;-0.287104;0.696229;-0.945997;-0.407383;1.353380;
0.072900;-0.870288;-0.530231;1.400519;-0.405550;-0.291108;0.696658;-0.939591;-0.415716;1.355308;
0.072920;-0.863267;-0.538458;1.401725;-0.401958;-0.295101;0.697059;-0.933148;-0.424033;1.357181;
0.072940;-0.856211;-0.546664;1.402876;-0.398351;-0.299082;0.697433;-0.926668;-0.432333;1.359001;
0.072960;-0.849122;-0.554848;1.403971;-0.394729;-0.303051;0.697780;-0.920152;-0.440616;1.360768;
0.072980;-0.842000;-0.563011;1.405011;-0.391090;-0.307008;0.698098;-0.913599;-0.448882;1.362480;
0.073000;-0.834844;-0.571151;1.405995;-0.387436;-0.310953;0.698390;-0.907010;-0.457129;1.364139;
0.073020;-0.827655;-0.579268;1.406924;-0.383767;-0.314886;0.698653;-0.900385;-0.465359;1.365744;
0.073040;-0.820434;-0.587363;1.407797;-0.380083;-0.318806;0.698889;-0.893725;-0.473570;1.367295;
0.073060;-0.813180;-0.595435;1.408615;-0.376384;-0.322714;0.699098;-0.887029;-0.481763;1.368793;
0.073080;-0.805894;-0.603483;1.409377;-0.372670;-0.326609;0.699279;-0.880299;-0.489937;1.370236;
0.073100;-0.798577;-0.611507;1.410083;-0.368941;-0.330491;0.699432;-0.873534;-0.498091;1.371625;
0.073120;-0.791227;-0.619507;1.410734;-0.365197;-0.334360;0.699558;-0.866734;-0.506226;1.372960;
0.073140;-0.783847;-0.627482;1.411329;-0.361440;-0.338216;0.699656;-0.859900;-0.514340;1.374240;
0.073160;-0.776436;-0.635433;1.411869;-0.357667;-0.342059;0.699726;-0.853032;-0.522435;1.375467;
0.073180;-0.768993;-0.643359;1.412352;-0.353881;-0.345888;0.699769;-0.846130;-0.530509;1.376639;
0.073200;-0.761521;-0.651259;1.412780;-0.350081;-0.349703;0.699784;-0.839195;-0.538561;1.377757;
0.073220;-0.754019;-0.659134;1.413152;-0.346267;-0.353505;0.699772;-0.832227;-0.546593;1.378820;
0.073240;-0.746486;-0.666982;1.413468;-0.342439;-0.357292;0.699732;-0.825226;-0.554603;1.379829;
0.073260;-0.738925;-0.674804;1.413729;-0.338598;-0.361066;0.699664;-0.818192;-0.562591;1.380783;
0.073280;-0.731334;-0.682600;1.413934;-0.334744;-0.364825;0.699569;-0.811127;-0.570557;1.381683;
0.073300;-0.723714;-0.690369;1.414083;-0.330876;-0.368570;0.699446;-0.804029;-0.578500;1.382529;
0.073320;-0.716066;-0.698110;1.414176;-0.326995;-0.372300;0.699295;-0.796899;-0.586420;1.383320;
0.073340;-0.708389;-0.705824;1.414213;-0.323101;-0.376016;0.699117;-0.789738;-0.594318;1.384056;
0.073360;-0.700684;-0.713510;1.414194;-0.319195;-0.379716;0.698911;-0.782546;-0.602192;1.384737;
0.073380;-0.692952;-0.721168;1.414120;-0.315276;-0.383402;0.698678;-0.775322;-0.610042;1.385364;
0.073400;-0.685193;-0.728797;1.413989;-0.311344;-0.387073;0.698417;-0.768069;-0.617868;1.385936;
0.073420;-0.677406;-0.736397;1.413803;-0.307400;-0.390728;0.698128;-0.760785;-0.625669;1.386454;
0.073440;-0.669593;-0.743969;1.413561;-0.303444;-0.394368;0.697812;-0.753470;-0.633446;1.386917;
0.073460;-0.661753;-0.751511;1.413264;-0.299476;-0.397992;0.697469;-0.746127;-0.641198;1.387325;
0.073480;-0.653887;-0.759024;1.412910;-0.295497;-0.401601;0.697098;-0.738753;-0.648925;1.387678;
0.073500;-0.645995;-0.766506;1.412501;-0.291505;-0.405194;0.696699;-0.731351;-0.656626;1.387976;
0.073520;-0.638078;-0.773958;1.412036;-0.287502;-0.408771;0.696273;-0.723919;-0.664301;1.388220;
0.073540;-0.630135;-0.781380;1.411515;-0.283488;-0.412331;0.695819;-0.716459;-0.671950;1.388409;
0.073560;-0.622168;-0.788771;1.410939;-0.279462;-0.415876;0.695338;-0.708971;-0.679572;1.388543;
0.073580;-0.614176;-0.796130;1.410306;-0.275426;-0.419404;0.694829;-0.701455;-0.687167;1.388622;
0.073600;-0.606160;-0.803459;1.409619;-0.271378;-0.422915;0.694293;-0.693911;-0.694736;1.388647;
0.073620;-0.598120;-0.810755;1.408875;-0.267320;-0.426410;0.693730;-0.686340;-0.702277;1.388616;
0.073640;-0.590056;-0.818020;1.408076;-0.263252;-0.429888;0.693139;-0.678741;-0.709790;1.388531;
0.073660;-0.581969;-0.825252;1.407221;-0.259173;-0.433348;0.692521;-0.671116;-0.717275;1.388391;
0.073680;-0.573859;-0.832452;1.406311;-0.255083;-0.436792;0.691876;-0.663464;-0.724732;1.388196;
0.073700;-0.565727;-0.839618;1.405345;-0.250984;-0.440219;0.691203;-0.655786;-0.732160;1.387947;
0.073720;-0.557572;-0.846752;1.404324;-0.246875;-0.443628;0.690503;-0.648083;-0.739560;1.387642;
0.073740;-0.549395;-0.853852;1.403247;-0.242756;-0.447020;0.689775;-0.640353;-0.746930;1.387283;
0.073760;-0.541196;-0.860919;1.402115;-0.238627;-0.450394;0.689021;-0.632599;-0.754270;1.386869;
0.073780;-0.532976;-0.867951;1.400927;-0.234489;-0.453750;0.688239;-0.624819;-0.761581;1.386400;
0.073800;-0.524735;-0.874949;1.399684;-0.230342;-0.457088;0.687430;-0.617015;-0.768862;1.385877;
0.073820;-0.516473;-0.881913;1.398386;-0.226185;-0.460408;0.686594;-0.609186;-0.776113;1.385298;
0.073840;-0.508191;-0.888842;1.397033;-0.222020;-0.463710;0.685731;-0.601333;-0.783332;1.384666;
0.073860;-0.499889;-0.895736;1.395625;-0.217846;-0.466994;0.684840;-0.593457;-0.790521;1.383978;
0.073880;-0.491567;-0.902594;1.394161;-0.213663;-0.470260;0.683923;-0.585557;-0.797679;1.383236;
0.073900;-0.483226;-0.909417;1.392643;-0.209472;-0.473506;0.682979;-0.577634;-0.804805;1.382439;
0.073920;-0.474865;-0.916204;1.391069;-0.205273;-0.476734;0.682007;-0.569688;-0.811900;1.381588;
0.073940;-0.466486;-0.922955;1.389441;-0.201065;-0.479944;0.681009;-0.561720;-0.818962;1.380682;
0.073960;-0.458088;-0.929669;1.387757;-0.196850;-0.483134;0.679984;-0.553729;-0.825992;1.379721;
0.073980;-0.449673;-0.936347;1.386019;-0.192627;-0.486305;0.678932;-0.545717;-0.832989;1.378706;
0.074000;-0.441239;-0.942987;1.384227;-0.188396;-0.489457;0.677853;-0.537683;-0.839954;1.377637;
0.074020;-0.432788;-0.949591;1.382379;-0.184158;-0.492590;0.676748;-0.529628;-0.846885;1.376513;
0.074040;-0.424321;-0.956157;1.380477;-0.179912;-0.495703;0.675616;-0.521552;-0.853783;1.375335;
0.074060;-0.415836;-0.962685;1.378521;-0.175660;-0.498797;0.674457;-0.513456;-0.860648;1.374103;
0.074080;-0.407335;-0.969175;1.376510;-0.171400;-0.501871;0.673271;-0.505339;-0.867478;1.372816;
0.074100;-0.398818;-0.975627;1.374444;-0.167134;-0.504925;0.672059;-0.497202;-0.874274;1.371476;
0.074120;-0.390285;-0.982040;1.372325;-0.162861;-0.507960;0.670821;-0.489045;-0.881035;1.370081;
0.074140;-0.381736;-0.988415;1.370151;-0.158582;-0.510974;0.669555;-0.480870;-0.887762;1.368632;
0.074160;-0.373173;-0.994750;1.367923;-0.154296;-0.513968;0.668264;-0.472675;-0.894454;1.367129;
0.074180;-0.364595;-1.001047;1.365641;-0.150004;-0.516942;0.666946;-0.464462;-0.901110;1.365572;
0.074200;-0.356002;-1.007303;1.363306;-0.145707;-0.519895;0.665602;-0.456230;-0.907731;1.363961;
0.074220;-0.347396;-1.013520;1.360916;-0.141403;-0.522828;0.664231;-0.447980;-0.914316;1.362296;
0.074240;-0.338775;-1.019698;1.358473;-0.137094;-0.525740;0.662834;-0.439713;-0.920865;1.360577;
0.074260;-0.330142;-1.025834;1.355976;-0.132780;-0.528631;0.661411;-0.431428;-0.927377;1.358805;
0.074280;-0.321495;-1.031931;1.353425;-0.128461;-0.531502;0.659962;-0.423126;-0.933853;1.356979;
0.074300;-0.312835;-1.037986;1.350822;-0.124136;-0.534351;0.658487;-0.414808;-0.940292;1.355100;
0.074320;-0.304164;-1.044001;1.348164;-0.119806;-0.537180;0.656986;-0.406473;-0.946694;1.353167;
0.074340;-0.295480;-1.049974;1.345454;-0.115472;-0.539987;0.655459;-0.398122;-0.953059;1.351180;
0.074360;-0.286785;-1.055906;1.342690;-0.111133;-0.542773;0.653906;-0.389755;-0.959386;1.349141;
0.074380;-0.278078;-1.061796;1.339874;-0.106790;-0.545538;0.652328;-0.381373;-0.965675;1.347048;
0.074400;-0.269360;-1.067644;1.337004;-0.102442;-0.548281;0.650723;-0.372976;-0.971925;1.344901;
0.074420;-0.260632;-1.073450;1.334082;-0.098091;-0.551002;0.649093;-0.364564;-0.978138;1.342702;
0.074440;-0.251893;-1.079214;1.331107;-0.093736;-0.553702;0.647437;-0.356138;-0.984312;1.340450;
0.074460;-0.243144;-1.084935;1.328080;-0.089377;-0.556379;0.645756;-0.347698;-0.990447;1.338145;
0.074480;-0.234386;-1.090614;1.325000;-0.085014;-0.559035;0.644049;-0.339244;-0.996543;1.335787;
0.074500;-0.225619;-1.096249;1.321868;-0.080648;-0.561669;0.642317;-0.330776;-1.002600;1.333376;
0.074520;-0.216842;-1.101841;1.318683;-0.076279;-0.564280;0.640559;-0.322296;-1.008617;1.330912;
0.074540;-0.208058;-1.107389;1.315447;-0.071907;-0.566870;0.638776;-0.313803;-1.014594;1.328396;
0.074560;-0.199264;-1.112894;1.312159;-0.067532;-0.569436;0.636968;-0.305297;-1.020531;1.325828;
0.074580;-0.190463;-1.118355;1.308818;-0.063154;-0.571981;0.635135;-0.296779;-1.026428;1.323207;
0.074600;-0.181655;-1.123772;1.305427;-0.058774;-0.574503;0.633277;-0.288250;-1.032284;1.320534;
0.074620;-0.172839;-1.129144;1.301983;-0.054391;-0.577002;0.631393;-0.279709;-1.038100;1.317809;
0.074640;-0.164017;-1.134472;1.298488;-0.050007;-0.579478;0.629485;-0.271158;-1.043875;1.315032;
0.074660;-0.155188;-1.139755;1.294942;-0.045620;-0.581932;0.627552;-0.262595;-1.049608;1.312203;
0.074680;-0.146353;-1.144993;1.291345;-0.041232;-0.584362;0.625594;-0.254022;-1.055300;1.309322;
0.074700;-0.137512;-1.150185;1.287697;-0.036842;-0.586769;0.623611;-0.245439;-1.060950;1.306390;
0.074720;-0.128665;-1.155333;1.283998;-0.032450;-0.589154;0.621604;-0.236847;-1.066559;1.303406;
0.074740;-0.119814;-1.160435;1.280249;-0.028058;-0.591515;0.619572;-0.228245;-1.072125;1.300370;
0.074760;-0.110958;-1.165490;1.276448;-0.023664;-0.593852;0.617516;-0.219634;-1.077649;1.297283;
0.074780;-0.102097;-1.170500;1.272598;-0.019269;-0.596167;0.615436;-0.211014;-1.083131;1.294145;
0.074800;-0.093233;-1.175464;1.268697;-0.014873;-0.598457;0.613331;-0.202387;-1.088569;1.290956;
0.074820;-0.084365;-1.180381;1.264746;-0.010477;-0.600724;0.611202;-0.193751;-1.093965;1.287716;
0.074840;-0.075493;-1.185252;1.260745;-0.006081;-0.602968;0.609048;-0.185107;-1.099317;1.284425;
0.074860;-0.066619;-1.190076;1.256695;-0.001684;-0.605187;0.606871;-0.176456;-1.104627;1.281083;
0.074880;-0.057741;-1.194853;1.252594;0.002713;-0.607383;0.604670;-0.167798;-1.109892;1.277691;
0.074900;-0.048862;-1.199583;1.248445;0.007110;-0.609554;0.602445;-0.159134;-1.115114;1.274248;
0.074920;-0.039981;-1.204265;1.244246;0.011506;-0.611702;0.600196;-0.150463;-1.120292;1.270755;
0.074940;-0.031098;-1.208900;1.239998;0.015902;-0.613825;0.597923;-0.141787;-1.125425;1.267212;
0.074960;-0.022214;-1.213487;1.235701;0.020298;-0.615925;0.595627;-0.133104;-1.130514;1.263618;
0.074980;-0.013328;-1.218026;1.231355;0.024692;-0.618000;0.593307;-0.124417;-1.135558;1.259975;
0.075000;-0.004443;-1.222517;1.226960;0.029086;-0.620050;0.590964;-0.115724;-1.140558;1.256282;
0.075020;0.004443;-1.226960;1.222517;0.033478;-0.622076;0.588598;-0.107027;-1.145513;1.252540;
0.075040;0.013328;-1.231355;1.218026;0.037869;-0.624078;0.586208;-0.098326;-1.150422;1.248748;
0.075060;0.022214;-1.235701;1.213487;0.042259;-0.626054;0.583795;-0.089621;-1.155286;1.244907;
0.075080;0.031098;-1.239998;1.208900;0.046647;-0.628006;0.581359;-0.080912;-1.160104;1.241016;
0.075100;0.039981;-1.244246;1.204265;0.051033;-0.629934;0.578901;-0.072201;-1.164877;1.237077;
0.075120;0.048862;-1.248445;1.199583;0.055417;-0.631836;0.576419;-0.063486;-1.169603;1.233089;
0.075140;0.057741;-1.252594;1.194853;0.059799;-0.633714;0.573914;-0.054769;-1.174283;1.229052;
0.075160;0.066619;-1.256695;1.190076;0.064179;-0.635566;0.571387;-0.046049;-1.178917;1.224967;
0.075180;0.075493;-1.260745;1.185252;0.068556;-0.637394;0.568838;-0.037328;-1.183505;1.220833;
0.075200;0.084365;-1.264746;1.180381;0.072930;-0.639196;0.566266;-0.028605;-1.188046;1.216651;
0.075220;0.093233;-1.268697;1.175464;0.077302;-0.640973;0.563671;-0.019882;-1.192539;1.212421;
0.075240;0.102097;-1.272598;1.170500;0.081670;-0.642724;0.561054;-0.011157;-1.196986;1.208143;
0.075260;0.110958;-1.276448;1.165490;0.086035;-0.644451;0.558415;-0.002432;-1.201386;1.203818;
0.075280;0.119814;-1.280249;1.160435;0.090397;-0.646152;0.555755;0.006293;-1.205738;1.199445;
0.075300;0.128665;-1.283998;1.155333;0.094755;-0.647827;0.553072;0.015018;-1.210042;1.195024;
0.075320;0.137512;-1.287697;1.150185;0.099110;-0.649477;0.550367;0.023742;-1.214299;1.190557;
0.075340;0.146353;-1.291345;1.144993;0.103460;-0.651101;0.547641;0.032465;-1.218507;1.186042;
0.075360;0.155188;-1.294942;1.139755;0.107807;-0.652699;0.544893;0.041187;-1.222668;1.181481;
0.075380;0.164017;-1.298488;1.134472;0.112149;-0.654272;0.542123;0.049908;-1.226780;1.176873;
0.075400;0.172839;-1.301983;1.129144;0.116487;-0.655819;0.539332;0.058626;-1.230844;1.172218;
0.075420;0.181655;-1.305427;1.123772;0.120820;-0.657340;0.536520;0.067342;-1.234860;1.167517;
0.075440;0.190463;-1.308818;1.118355;0.125149;-0.658835;0.533686;0.076056;-1.238826;1.162770;
0.075460;0.199264;-1.312159;1.112894;0.129472;-0.660304;0.530832;0.084766;-1.242744;1.157978;
0.075480;0.208058;-1.315447;1.107389;0.133790;-0.661747;0.527956;0.093474;-1.246613;1.153139;
0.075500;0.216842;-1.318683;1.101841;0.138104;-0.663164;0.525060;0.102177;-1.250432;1.148255;
0.075520;0.225619;-1.321868;1.096249;0.142411;-0.664554;0.522143;0.110876;-1.254202;1.143326;
0.075540;0.234386;-1.325000;1.090614;0.146713;-0.665919;0.519205;0.119571;-1.257923;1.138351;
0.075560;0.243144;-1.328080;1.084935;0.151009;-0.667257;0.516247;0.128262;-1.261593;1.133332;
0.075580;0.251893;-1.331107;1.079214;0.155300;-0.668569;0.513269;0.136947;-1.265215;1.128268;
0.075600;0.260632;-1.334082;1.073450;0.159584;-0.669854;0.510270;0.145627;-1.268786;1.123159;
0.075620;0.269360;-1.337004;1.067644;0.163862;-0.671113;0.507251;0.154301;-1.272307;1.118006;
0.075640;0.278078;-1.339874;1.061796;0.168133;-0.672345;0.504212;0.162969;-1.275777;1.112809;
0.075660;0.286785;-1.342690;1.055906;0.172398;-0.673551;0.501153;0.171630;-1.279198;1.107568;
0.075680;0.295480;-1.345454;1.049974;0.176656;-0.674730;0.498075;0.180285;-1.282568;1.102283;
0.075700;0.304164;-1.348164;1.044001;0.180907;-0.675883;0.494976;0.188933;-1.285887;1.096954;
0.075720;0.312835;-1.350822;1.037986;0.185150;-0.677009;0.491859;0.197573;-1.289156;1.091583;
0.075740;0.321495;-1.353425;1.031931;0.189387;-0.678108;0.488721;0.206205;-1.292373;1.086168;
0.075760;0.330142;-1.355976;1.025834;0.193616;-0.679181;0.485565;0.214830;-1.295540;1.080710;
0.075780;0.338775;-1.358473;1.019698;0.197837;-0.680226;0.482389;0.223446;-1.298655;1.075210;
0.075800;0.347396;-1.360916;1.013520;0.202051;-0.681245;0.479194;0.232052;-1.301720;1.069667;
0.075820;0.356002;-1.363306;1.007303;0.206257;-0.682237;0.475981;0.240650;-1.304732;1.064082;
0.075840;0.364595;-1.365641;1.001047;0.210454;-0.683202;0.472748;0.249239;-1.307694;1.058455;
0.075860;0.373173;-1.367923;0.994750;0.214643;-0.684140;0.469497;0.257817;-1.310603;1.052786;
0.075880;0.381736;-1.370151;0.988415;0.218824;-0.685051;0.466227;0.266385;-1.313461;1.047076;
0.075900;0.390285;-1.372325;0.982040;0.222996;-0.685935;0.462939;0.274943;-1.316267;1.041324;
0.075920;0.398818;-1.374444;0.975627;0.227159;-0.686792;0.459633;0.283490;-1.319022;1.035532;
0.075940;0.407335;-1.376510;0.969175;0.231313;-0.687622;0.456308;0.292026;-1.321724;1.029698;
0.075960;0.415836;-1.378521;0.962685;0.235458;-0.688424;0.452966;0.300550;-1.324373;1.023824;
0.075980;0.424321;-1.380477;0.956157;0.239594;-0.689200;0.449605;0.309062;-1.326971;1.017909;
0.076000;0.432788;-1.382379;0.949591;0.243721;-0.689948;0.446227;0.317562;-1.329516;1.011954;
0.076020;0.441239;-1.384227;0.942987;0.247837;-0.690669;0.442832;0.326050;-1.332009;1.005959;
0.076040;0.449673;-1.386019;0.936347;0.251944;-0.691363;0.439418;0.334525;-1.334449;0.999924;
0.076060;0.458088;-1.387757;0.929669;0.256041;-0.692029;0.435988;0.342986;-1.336837;0.993850;
0.076080;0.466486;-1.389441;0.922955;0.260128;-0.692668;0.432540;0.351434;-1.339171;0.987737;
0.076100;0.474865;-1.391069;0.916204;0.264205;-0.693280;0.429075;0.359868;-1.341453;0.981585;
0.076120;0.483226;-1.392643;0.909417;0.268271;-0.693864;0.425593;0.368288;-1.343682;0.975394;
0.076140;0.491567;-1.394161;0.902594;0.272327;-0.694421;0.422095;0.376693;-1.345858;0.969164;
0.076160;0.499889;-1.395625;0.895736;0.276372;-0.694951;0.418579;0.385084;-1.347980;0.962896;
0.076180;0.508191;-1.397033;0.888842;0.280406;-0.695453;0.415048;0.393459;-1.350050;0.956591;
0.076200;0.516473;-1.398386;0.881913;0.284428;-0.695928;0.411499;0.401819;-1.352066;0.950247;
0.076220;0.524735;-1.399684;0.874949;0.288440;-0.696375;0.407935;0.410163;-1.354029;0.943866;
0.076240;0.532976;-1.400927;0.867951;0.292440;-0.696795;0.404354;0.418491;-1.355938;0.937447;
0.076260;0.541196;-1.402115;0.860919;0.296429;-0.697187;0.400758;0.426802;-1.357794;0.930992;
0.076280;0.549395;-1.403247;0.853852;0.300406;-0.697552;0.397146;0.435096;-1.359596;0.924500;
0.076300;0.557572;-1.404324;0.846752;0.304371;-0.697889;0.393518;0.443373;-1.361345;0.917971;
0.076320;0.565727;-1.405345;0.839618;0.308324;-0.698198;0.389874;0.451633;-1.363039;0.911406;
0.076340;0.573859;-1.406311;0.832452;0.312265;-0.698480;0.386215;0.459875;-1.364680;0.904806;
0.076360;0.581969;-1.407221;0.825252;0.316194;-0.698735;0.382541;0.468098;-1.366267;0.898169;
0.076380;0.590056;-1.408076;0.818020;0.320110;-0.698962;0.378852;0.476303;-1.367800;0.891497;
0.076400;0.598120;-1.408875;0.810755;0.324014;-0.699161;0.375147;0.484490;-1.369280;0.884790;
0.076420;0.606160;-1.409619;0.803459;0.327905;-0.699333;0.371428;0.492657;-1.370705;0.878048;
0.076440;0.614176;-1.410306;0.796130;0.331782;-0.699477;0.367695;0.500805;-1.372076;0.871271;
0.076460;0.622168;-1.410939;0.788771;0.335647;-0.699593;0.363946;0.508933;-1.373392;0.864460;
0.076480;0.630135;-1.411515;0.781380;0.339498;-0.699682;0.360184;0.517041;-1.374655;0.857614;
0.076500;0.638078;-1.412036;0.773958;0.343336;-0.699743;0.356407;0.525128;-1.375863;0.850735;
0.076520;0.645995;-1.412501;0.766506;0.347161;-0.699777;0.352616;0.533195;-1.377017;0.843822;
0.076540;0.653887;-1.412910;0.759024;0.350972;-0.699783;0.348811;0.541241;-1.378117;0.836876;
0.076560;0.661753;-1.413264;0.751511;0.354769;-0.699761;0.344993;0.549265;-1.379162;0.829897;
0.076580;0.669593;-1.413561;0.743969;0.358552;-0.699712;0.341160;0.557268;-1.380153;0.822885;
0.076600;0.677406;-1.413803;0.736397;0.362320;-0.699635;0.337315;0.565249;-1.381089;0.815841;
0.076620;0.685193;-1.413989;0.728797;0.366075;-0.699531;0.333456;0.573207;-1.381971;0.808764;
0.076640;0.692952;-1.414120;0.721168;0.369815;-0.699399;0.329584;0.581143;-1.382798;0.801656;
0.076660;0.700684;-1.414194;0.713510;0.373540;-0.699239;0.325699;0.589056;-1.383571;0.794515;
0.076680;0.708389;-1.414213;0.705824;0.377251;-0.699051;0.321801;0.596945;-1.384289;0.787344;
0.076700;0.716066;-1.414176;0.698110;0.380947;-0.698836;0.317890;0.604811;-1.384952;0.780141;
0.076720;0.723714;-1.414083;0.690369;0.384627;-0.698594;0.313967;0.612653;-1.385561;0.772908;
0.076740;0.731334;-1.413934;0.682600;0.388293;-0.698324;0.310031;0.620471;-1.386115;0.765644;
0.076760;0.738925;-1.413729;0.674804;0.391943;-0.698026;0.306083;0.628264;-1.386614;0.758350;
0.076780;0.746486;-1.413468;0.666982;0.395578;-0.697701;0.302123;0.636033;-1.387059;0.751026;
0.076800;0.754019;-1.413152;0.659134;0.399197;-0.697348;0.298151;0.643777;-1.387449;0.743672;
0.076820;0.761521;-1.412780;0.651259;0.402800;-0.696968;0.294167;0.651495;-1.387784;0.736289;
0.076840;0.768993;-1.412352;0.643359;0.406388;-0.696560;0.290172;0.659187;-1.388064;0.728877;
0.076860;0.776436;-1.411869;0.635433;0.409959;-0.696125;0.286165;0.666853;-1.388289;0.721436;
0.076880;0.783847;-1.411329;0.627482;0.413515;-0.695662;0.282147;0.674493;-1.388460;0.713966;
0.076900;0.791227;-1.410734;0.619507;0.417053;-0.695172;0.278118;0.682107;-1.388576;0.706469;
0.076920;0.798577;-1.410083;0.611507;0.420576;-0.694654;0.274078;0.689693;-1.388637;0.698943;
0.076940;0.805894;-1.409377;0.603483;0.424082;-0.694109;0.270027;0.697253;-1.388643;0.691390;
0.076960;0.813180;-1.408615;0.595435;0.427571;-0.693536;0.265965;0.704784;-1.388594;0.683810;
0.076980;0.820434;-1.407797;0.587363;0.431043;-0.692936;0.261893;0.712288;-1.388491;0.676202;
0.077000;0.827655;-1.406924;0.579268;0.434498;-0.692309;0.257811;0.719764;-1.388332;0.668568;
0.077020;0.834844;-1.405995;0.571151;0.437936;-0.691654;0.253718;0.727211;-1.388119;0.660908;
0.077040;0.842000;-1.405011;0.563011;0.441357;-0.690972;0.249615;0.734630;-1.387851;0.653221;
0.077060;0.849122;-1.403971;0.554848;0.444760;-0.690263;0.245503;0.742020;-1.387528;0.645509;
0.077080;0.856211;-1.402876;0.546664;0.448146;-0.689527;0.241381;0.749380;-1.387151;0.637771;
0.077100;0.863267;-1.401725;0.538458;0.451514;-0.688763;0.237249;0.756711;-1.386719;0.630008;
0.077120;0.870288;-1.400519;0.530231;0.454865;-0.687972;0.233108;0.764012;-1.386232;0.622220;
0.077140;0.877275;-1.399258;0.521983;0.458197;-0.687154;0.228957;0.771282;-1.385690;0.614408;
0.077160;0.884227;-1.397941;0.513715;0.461511;-0.686309;0.224798;0.778523;-1.385094;0.606571;
0.077180;0.891144;-1.396570;0.505426;0.464807;-0.685437;0.220630;0.785732;-1.384442;0.598710;
0.077200;0.898026;-1.395143;0.497117;0.468085;-0.684538;0.216453;0.792911;-1.383737;0.590826;
0.077220;0.904872;-1.393661;0.488789;0.471344;-0.683611;0.212267;0.800058;-1.382976;0.582918;
0.077240;0.911683;-1.392124;0.480441;0.474584;-0.682658;0.208073;0.807173;-1.382161;0.574988;
0.077260;0.918458;-1.390532;0.472074;0.477806;-0.681678;0.203871;0.814257;-1.381292;0.567035;
0.077280;0.925197;-1.388886;0.463689;0.481009;-0.680670;0.199661;0.821309;-1.380368;0.559059;
0.077300;0.931899;-1.387184;0.455285;0.484193;-0.679636;0.195443;0.828328;-1.379389;0.551061;
0.077320;0.938564;-1.385428;0.446864;0.487358;-0.678576;0.191217;0.835315;-1.378356;0.543041;
0.077340;0.945192;-1.383617;0.438424;0.490504;-0.677488;0.186984;0.842268;-1.377269;0.535001;
0.077360;0.951783;-1.381751;0.429968;0.493630;-0.676373;0.182743;0.849188;-1.376127;0.526938;
0.077380;0.958337;-1.379831;0.421494;0.496737;-0.675232;0.178496;0.856075;-1.374931;0.518856;
0.077400;0.964852;-1.377856;0.413004;0.499824;-0.674065;0.174241;0.862928;-1.373680;0.510752;
0.077420;0.971330;-1.375827;0.404497;0.502891;-0.672870;0.169979;0.869747;-1.372376;0.502629;
0.077440;0.977769;-1.373744;0.395975;0.505939;-0.671649;0.165710;0.876532;-1.371017;0.494485;
0.077460;0.984169;-1.371606;0.387437;0.508967;-0.670402;0.161435;0.883281;-1.369604;0.486322;
0.077480;0.990531;-1.369414;0.378883;0.511974;-0.669128;0.157154;0.889997;-1.368137;0.478140;
0.077500;0.996853;-1.367169;0.370315;0.514961;-0.667827;0.152866;0.896676;-1.366616;0.469939;
0.077520;1.003137;-1.364869;0.361732;0.517928;-0.666501;0.148573;0.903321;-1.365041;0.461720;
0.077540;1.009380;-1.362515;0.353135;0.520875;-0.665148;0.144273;0.909930;-1.363412;0.453482;
0.077560;1.015584;-1.360108;0.344524;0.523801;-0.663768;0.139968;0.916503;-1.361729;0.445226;
0.077580;1.021748;-1.357646;0.335899;0.526706;-0.662363;0.135657;0.923040;-1.359993;0.436953;
0.077600;1.027871;-1.355132;0.327261;0.529590;-0.660931;0.131341;0.929540;-1.358202;0.428662;
0.077620;1.033954;-1.352563;0.318610;0.532454;-0.659474;0.127020;0.936004;-1.356359;0.420355;
0.077640;1.039995;-1.349942;0.309946;0.535297;-0.657990;0.122693;0.942430;-1.354461;0.412031;
0.077660;1.045996;-1.347267;0.301270;0.538118;-0.656480;0.118362;0.948820;-1.352511;0.403691;
0.077680;1.051956;-1.344539;0.292583;0.540918;-0.654944;0.114026;0.955172;-1.350506;0.395335;
0.077700;1.057874;-1.341757;0.283884;0.543697;-0.653383;0.109686;0.961486;-1.348449;0.386963;
0.077720;1.063750;-1.338923;0.275173;0.546454;-0.651796;0.105341;0.967762;-1.346338;0.378576;
0.077740;1.069584;-1.336036;0.266452;0.549190;-0.650183;0.100992;0.974001;-1.344174;0.370174;
0.077760;1.075376;-1.333096;0.257720;0.551904;-0.648544;0.096640;0.980200;-1.341957;0.361757;
0.077780;1.081126;-1.330104;0.248978;0.554597;-0.646880;0.092283;0.986361;-1.339687;0.353326;
0.077800;1.086833;-1.327059;0.240226;0.557267;-0.645190;0.087923;0.992483;-1.337364;0.344881;
0.077820;1.092497;-1.323962;0.231465;0.559915;-0.643474;0.083559;0.998566;-1.334989;0.336423;
0.077840;1.098118;-1.320812;0.222694;0.562542;-0.641734;0.079192;1.004610;-1.332561;0.327951;
0.077860;1.103695;-1.317610;0.213915;0.565146;-0.639968;0.074822;1.010614;-1.330080;0.319466;
0.077880;1.109229;-1.314357;0.205127;0.567728;-0.638176;0.070449;1.016577;-1.327546;0.310969;
0.077900;1.114719;-1.311051;0.196332;0.570287;-0.636360;0.066073;1.022501;-1.324960;0.302459;
0.077920;1.120165;-1.307694;0.187528;0.572824;-0.634518;0.061694;1.028385;-1.322322;0.293938;
0.077940;1.125567;-1.304285;0.178717;0.575338;-0.632652;0.057313;1.034227;-1.319632;0.285404;
0.077960;1.130925;-1.300824;0.169899;0.577830;-0.630760;0.052930;1.040029;-1.316889;0.276860;
0.077980;1.136238;-1.297312;0.161074;0.580298;-0.628843;0.048545;1.045790;-1.314095;0.268305;
0.078000;1.141506;-1.293749;0.152243;0.582744;-0.626902;0.044158;1.051510;-1.311249;0.259739;
0.078020;1.146729;-1.290135;0.143406;0.585167;-0.624936;0.039769;1.057188;-1.308350;0.251162;
0.078040;1.151906;-1.286470;0.134564;0.587567;-0.622945;0.035378;1.062824;-1.305401;0.242576;
0.078060;1.157038;-1.282754;0.125716;0.589943;-0.620930;0.030986;1.068419;-1.302399;0.233981;
0.078080;1.162125;-1.278987;0.116863;0.592297;-0.618890;0.026593;1.073971;-1.299347;0.225376;
0.078100;1.167166;-1.275170;0.108005;0.594626;-0.616825;0.022199;1.079481;-1.296243;0.216762;
0.078120;1.172160;-1.271303;0.099143;0.596933;-0.614737;0.017804;1.084948;-1.293088;0.208139;
0.078140;1.177108;-1.267386;0.090277;0.599216;-0.612624;0.013408;1.090373;-1.289881;0.199509;
0.078160;1.182010;-1.263418;0.081408;0.601475;-0.610486;0.009012;1.095754;-1.286624;0.190870;
0.078180;1.186865;-1.259400;0.072535;0.603710;-0.608325;0.004615;1.101092;-1.283316;0.182224;
0.078200;1.191673;-1.255333;0.063660;0.605922;-0.606140;0.000218;1.106387;-1.279958;0.173571;
0.078220;1.196435;-1.251217;0.054782;0.608109;-0.603931;-0.004179;1.111638;-1.276549;0.164911;
0.078240;1.201149;-1.247050;0.045902;0.610273;-0.601698;-0.008575;1.116845;-1.273089;0.156244;
0.078260;1.205815;-1.242835;0.037020;0.612413;-0.599441;-0.012972;1.122008;-1.269579;0.147572;
0.078280;1.210434;-1.238571;0.028136;0.614528;-0.597160;-0.017367;1.127126;-1.266019;0.138893;
0.078300;1.215005;-1.234257;0.019252;0.616619;-0.594856;-0.021763;1.132200;-1.262410;0.130209;
0.078320;1.219529;-1.229895;0.010367;0.618686;-0.592529;-0.026157;1.137230;-1.258750;0.121520;
0.078340;1.224004;-1.225485;0.001481;0.620728;-0.590178;-0.030550;1.142215;-1.255040;0.112826;
0.078360;1.228430;-1.221026;-0.007405;0.622746;-0.587804;-0.034942;1.147154;-1.251281;0.104127;
0.078380;1.232809;-1.216519;-0.016290;0.624739;-0.585406;-0.039333;1.152048;-1.247473;0.095425;
0.078400;1.237138;-1.211963;-0.025175;0.626708;-0.582986;-0.043722;1.156897;-1.243615;0.086719;
0.078420;1.241419;-1.207360;-0.034059;0.628652;-0.580542;-0.048109;1.161700;-1.239709;0.078009;
0.078440;1.245651;-1.202710;-0.042941;0.630571;-0.578076;-0.052495;1.166457;-1.235753;0.069296;
0.078460;1.249833;-1.198011;-0.051822;0.632465;-0.575587;-0.056878;1.171168;-1.231749;0.060580;
0.078480;1.253967;-1.193266;-0.060701;0.634334;-0.573075;-0.061259;1.175833;-1.227696;0.051862;
0.078500;1.258050;-1.188473;-0.069577;0.636178;-0.570540;-0.065638;1.180452;-1.223594;0.043142;
0.078520;1.262084;-1.183634;-0.078451;0.637997;-0.567983;-0.070014;1.185024;-1.219444;0.034421;
0.078540;1.266069;-1.178747;-0.087321;0.639791;-0.565403;-0.074388;1.189549;-1.215246;0.025698;
0.078560;1.270003;-1.173815;-0.096188;0.641560;-0.562801;-0.078758;1.194027;-1.211000;0.016974;
0.078580;1.273887;-1.168836;-0.105051;0.643303;-0.560177;-0.083126;1.198458;-1.206707;0.008249;
0.078600;1.277721;-1.163810;-0.113910;0.645021;-0.557531;-0.087490;1.202841;-1.202365;-0.000476;
0.078620;1.281504;-1.158739;-0.122765;0.646713;-0.554863;-0.091850;1.207178;-1.197976;-0.009201;
0.078640;1.285237;-1.153622;-0.131615;0.648380;-0.552173;-0.096207;1.211466;-1.193540;-0.017926;
0.078660;1.288919;-1.148460;-0.140459;0.650021;-0.549461;-0.100560;1.215707;-1.189057;-0.026650;
0.078680;1.292550;-1.143252;-0.149298;0.651637;-0.546727;-0.104910;1.219900;-1.184527;-0.035373;
0.078700;1.296130;-1.137999;-0.158131;0.653227;-0.543972;-0.109255;1.224044;-1.179950;-0.044094;
0.078720;1.299659;-1.132701;-0.166958;0.654791;-0.541195;-0.113596;1.228140;-1.175326;-0.052814;
0.078740;1.303137;-1.127358;-0.175779;0.656329;-0.538397;-0.117932;1.232188;-1.170656;-0.061532;
0.078760;1.306563;-1.121971;-0.184592;0.657841;-0.535578;-0.122263;1.236187;-1.165940;-0.070247;
0.078780;1.309938;-1.116540;-0.193398;0.659327;-0.532737;-0.126590;1.240138;-1.161178;-0.078960;
0.078800;1.313260;-1.111064;-0.202196;0.660788;-0.529876;-0.130912;1.244039;-1.156370;-0.087669;
0.078820;1.316532;-1.105545;-0.210987;0.662222;-0.526993;-0.135229;1.247891;-1.151516;-0.096375;
0.078840;1.319751;-1.099982;-0.219769;0.663630;-0.524090;-0.139540;1.251694;-1.146617;-0.105077;
0.078860;1.322918;-1.094375;-0.228542;0.665012;-0.521166;-0.143846;1.255448;-1.141673;-0.113775;
0.078880;1.326032;-1.088726;-0.237307;0.666368;-0.518222;-0.148146;1.259152;-1.136683;-0.122469;
0.078900;1.329095;-1.083033;-0.246062;0.667697;-0.515257;-0.152440;1.262806;-1.131649;-0.131157;
0.078920;1.332105;-1.077298;-0.254807;0.669000;-0.512271;-0.156728;1.266410;-1.126570;-0.139841;
0.078940;1.335062;-1.071520;-0.263542;0.670276;-0.509266;-0.161010;1.269965;-1.121446;-0.148519;
0.078960;1.337967;-1.065700;-0.272267;0.671527;-0.506240;-0.165286;1.273469;-1.116278;-0.157191;
0.078980;1.340819;-1.059837;-0.280981;0.672750;-0.503195;-0.169555;1.276923;-1.111066;-0.165857;
0.079000;1.343617;-1.053933;-0.289684;0.673947;-0.500129;-0.173818;1.280327;-1.105811;-0.174516;
0.079020;1.346363;-1.047987;-0.298376;0.675118;-0.497044;-0.178073;1.283680;-1.100511;-0.183169;
0.079040;1.349056;-1.042000;-0.307056;0.676261;-0.493939;-0.182322;1.286982;-1.095169;-0.191814;
0.079060;1.351695;-1.035972;-0.315723;0.677378;-0.490815;-0.186563;1.290234;-1.089782;-0.200451;
0.079080;1.354282;-1.029903;-0.324379;0.678469;-0.487671;-0.190797;1.293435;-1.084353;-0.209081;
0.079100;1.356814;-1.023793;-0.333021;0.679532;-0.484508;-0.195024;1.296584;-1.078881;-0.217703;
0.079120;1.359293;-1.017643;-0.341650;0.680569;-0.481326;-0.199243;1.299682;-1.073367;-0.226315;
0.079140;1.361719;-1.011453;-0.350266;0.681579;-0.478125;-0.203454;1.302730;-1.067810;-0.234919;
0.079160;1.364090;-1.005222;-0.358868;0.682562;-0.474905;-0.207657;1.305725;-1.062211;-0.243514;
0.079180;1.366408;-0.998952;-0.367456;0.683518;-0.471666;-0.211851;1.308669;-1.056570;-0.252099;
0.079200;1.368672;-0.992643;-0.376029;0.684447;-0.468409;-0.216038;1.311562;-1.050888;-0.260674;
0.079220;1.370882;-0.986294;-0.384587;0.685349;-0.465133;-0.220215;1.314402;-1.045163;-0.269239;
0.079240;1.373037;-0.979907;-0.393131;0.686224;-0.461839;-0.224385;1.317191;-1.039398;-0.277793;
0.079260;1.375139;-0.973480;-0.401658;0.687072;-0.458527;-0.228545;1.319928;-1.033592;-0.286337;
0.079280;1.377186;-0.967016;-0.410170;0.687892;-0.455196;-0.232696;1.322613;-1.027744;-0.294868;
0.079300;1.379179;-0.960513;-0.418666;0.688686;-0.451848;-0.236838;1.325245;-1.021856;-0.303389;
0.079320;1.381117;-0.953972;-0.427145;0.689452;-0.448481;-0.240971;1.327825;-1.015928;-0.311897;
0.079340;1.383001;-0.947394;-0.435607;0.690191;-0.445097;-0.245094;1.330353;-1.009960;-0.320393;
0.079360;1.384830;-0.940778;-0.444052;0.690903;-0.441696;-0.249207;1.332828;-1.003952;-0.328876;
0.079380;1.386605;-0.934125;-0.452480;0.691588;-0.438277;-0.253311;1.335251;-0.997904;-0.337347;
0.079400;1.388325;-0.927435;-0.460890;0.692245;-0.434840;-0.257405;1.337621;-0.991817;-0.345804;
0.079420;1.389990;-0.920708;-0.469281;0.692875;-0.431387;-0.261488;1.339938;-0.985691;-0.354247;
0.079440;1.391600;-0.913946;-0.477654;0.693478;-0.427916;-0.265561;1.342202;-0.979525;-0.362676;
0.079460;1.393155;-0.907147;-0.486008;0.694053;-0.424429;-0.269624;1.344413;-0.973321;-0.371092;
0.079480;1.394655;-0.900312;-0.494343;0.694601;-0.420925;-0.273676;1.346571;-0.967079;-0.379492;
0.079500;1.396100;-0.893442;-0.502659;0.695121;-0.417404;-0.277717;1.348676;-0.960799;-0.387877;
0.079520;1.397490;-0.886536;-0.510954;0.695614;-0.413867;-0.281748;1.350728;-0.954480;-0.396248;
0.079540;1.398825;-0.879596;-0.519229;0.696080;-0.410313;-0.285767;1.352726;-0.948124;-0.404602;
0.079560;1.400105;-0.872621;-0.527484;0.696518;-0.406743;-0.289775;1.354671;-0.941731;-0.412941;
0.079580;1.401329;-0.865611;-0.535718;0.696929;-0.403157;-0.293771;1.356563;-0.935300;-0.421263;
0.079600;1.402498;-0.858567;-0.543931;0.697312;-0.399556;-0.297756;1.358401;-0.928832;-0.429568;
0.079620;1.403612;-0.851489;-0.552123;0.697667;-0.395938;-0.301729;1.360185;-0.922328;-0.437857;
0.079640;1.404670;-0.844378;-0.560292;0.697995;-0.392305;-0.305690;1.361915;-0.915787;-0.446128;
0.079660;1.405673;-0.837233;-0.568440;0.698296;-0.388656;-0.309639;1.363592;-0.909210;-0.454382;
0.079680;1.406620;-0.830055;-0.576565;0.698568;-0.384992;-0.313576;1.365215;-0.902597;-0.462618;
0.079700;1.407512;-0.822845;-0.584667;0.698814;-0.381313;-0.317501;1.366784;-0.895949;-0.470835;
0.079720;1.408348;-0.815602;-0.592747;0.699031;-0.377619;-0.321413;1.368300;-0.889265;-0.479034;
0.079740;1.409129;-0.808327;-0.600803;0.699221;-0.373909;-0.325312;1.369761;-0.882546;-0.487214;
0.079760;1.409854;-0.801019;-0.608835;0.699384;-0.370185;-0.329199;1.371168;-0.875793;-0.495375;
0.079780;1.410523;-0.793681;-0.616843;0.699519;-0.366447;-0.333072;1.372521;-0.869004;-0.503516;
0.079800;1.411137;-0.786311;-0.624826;0.699626;-0.362694;-0.336932;1.373819;-0.862182;-0.511638;
0.079820;1.411695;-0.778909;-0.632786;0.699706;-0.358926;-0.340779;1.375064;-0.855325;-0.519739;
0.079840;1.412197;-0.771478;-0.640720;0.699758;-0.355145;-0.344613;1.376254;-0.848435;-0.527820;
0.079860;1.412644;-0.764015;-0.648628;0.699782;-0.351349;-0.348433;1.377390;-0.841511;-0.535879;
0.079880;1.413034;-0.756523;-0.656512;0.699779;-0.347540;-0.352239;1.378472;-0.834553;-0.543918;
0.079900;1.413369;-0.749000;-0.664369;0.699748;-0.343717;-0.356031;1.379499;-0.827563;-0.551935;
0.079920;1.413648;-0.741448;-0.672200;0.699690;-0.339880;-0.359809;1.380471;-0.820541;-0.559931;
0.079940;1.413872;-0.733867;-0.680004;0.699603;-0.336030;-0.363573;1.381389;-0.813485;-0.567904;
0.079960;1.414039;-0.726257;-0.687782;0.699490;-0.332167;-0.367323;1.382253;-0.806398;-0.575855;
0.079980;1.414151;-0.718618;-0.695533;0.699348;-0.328290;-0.371058;1.383062;-0.799279;-0.583783;
0.080000;1.414207;-0.710951;-0.703256;0.699179;-0.324401;-0.374779;1.383816;-0.792128;-0.591688;
0.080020;1.414207;-0.703256;-0.710951;0.698983;-0.320498;-0.378485;1.384516;-0.784947;-0.599570;
0.080040;1.414151;-0.695533;-0.718618;0.698759;-0.316583;-0.382175;1.385161;-0.777734;-0.607428;
0.080060;1.414039;-0.687782;-0.726257;0.698507;-0.312656;-0.385851;1.385752;-0.770490;-0.615262;
0.080080;1.413872;-0.680004;-0.733867;0.698228;-0.308716;-0.389511;1.386288;-0.763216;-0.623072;
0.080100;1.413648;-0.672200;-0.741448;0.697921;-0.304764;-0.393156;1.386769;-0.755912;-0.630857;
0.080120;1.413369;-0.664369;-0.749000;0.697586;-0.300800;-0.396786;1.387195;-0.748578;-0.638617;
0.080140;1.413034;-0.656512;-0.756523;0.697224;-0.296824;-0.400400;1.387566;-0.741214;-0.646352;
0.080160;1.412644;-0.648628;-0.764015;0.696835;-0.292837;-0.403998;1.387883;-0.733821;-0.654062;
0.080180;1.412197;-0.640720;-0.771478;0.696418;-0.288838;-0.407580;1.388145;-0.726400;-0.661745;
0.080200;1.411695;-0.632786;-0.778909;0.695973;-0.284827;-0.411146;1.388352;-0.718949;-0.669403;
0.080220;1.411137;-0.624826;-0.786311;0.695501;-0.280805;-0.414696;1.388504;-0.711470;-0.677034;
0.080240;1.410523;-0.616843;-0.793681;0.695002;-0.276773;-0.418229;1.388602;-0.703963;-0.684639;
0.080260;1.409854;-0.608835;-0.801019;0.694475;-0.272729;-0.421746;1.388645;-0.696429;-0.692216;
0.080280;1.409129;-0.600803;-0.808327;0.693921;-0.268674;-0.425247;1.388633;-0.688866;-0.699766;
0.080300;1.408348;-0.592747;-0.815602;0.693339;-0.264609;-0.428730;1.388566;-0.681277;-0.707289;
0.080320;1.407512;-0.584667;-0.822845;0.692730;-0.260533;-0.432197;1.388444;-0.673661;-0.714783;
0.080340;1.406620;-0.576565;-0.830055;0.692094;-0.256448;-0.435646;1.388267;-0.666018;-0.722250;
0.080360;1.405673;-0.568440;-0.837233;0.691430;-0.252352;-0.439079;1.388036;-0.658349;-0.729687;
0.080380;1.404670;-0.560292;-0.844378;0.690739;-0.248246;-0.442494;1.387750;-0.650653;-0.737096;
0.080400;1.403612;-0.552123;-0.851489;0.690021;-0.244130;-0.445891;1.387409;-0.642932;-0.744476;
0.080420;1.402498;-0.543931;-0.858567;0.689275;-0.240004;-0.449271;1.387013;-0.635186;-0.751827;
0.080440;1.401329;-0.535718;-0.865611;0.688502;-0.235869;-0.452633;1.386562;-0.627415;-0.759148;
0.080460;1.400105;-0.527484;-0.872621;0.687703;-0.231725;-0.455977;1.386057;-0.619619;-0.766438;
0.080480;1.398825;-0.519229;-0.879596;0.686876;-0.227572;-0.459304;1.385497;-0.611798;-0.773699;
0.080500;1.397490;-0.510954;-0.886536;0.686021;-0.223410;-0.462612;1.384883;-0.603953;-0.780929;
0.080520;1.396100;-0.502659;-0.893442;0.685140;-0.219238;-0.465902;1.384213;-0.596085;-0.788128;
0.080540;1.394655;-0.494343;-0.900312;0.684232;-0.215059;-0.469173;1.383489;-0.588193;-0.795297;
0.080560;1.393155;-0.486008;-0.907147;0.683296;-0.210870;-0.472426;1.382711;-0.580277;-0.802433;
0.080580;1.391600;-0.477654;-0.913946;0.682334;-0.206674;-0.475661;1.381878;-0.572339;-0.809538;
0.080600;1.389990;-0.469281;-0.920708;0.681345;-0.202469;-0.478876;1.380990;-0.564378;-0.816611;
0.080620;1.388325;-0.460890;-0.927435;0.680329;-0.198256;-0.482073;1.380048;-0.556395;-0.823652;
0.080640;1.386605;-0.452480;-0.934125;0.679286;-0.194035;-0.485250;1.379051;-0.548390;-0.830661;
0.080660;1.384830;-0.444052;-0.940778;0.678216;-0.189807;-0.488409;1.378000;-0.540364;-0.837636;
0.080680;1.383001;-0.435607;-0.947394;0.677119;-0.185571;-0.491548;1.376894;-0.532315;-0.844579;
0.080700;1.381117;-0.427145;-0.953972;0.675996;-0.181328;-0.494668;1.375734;-0.524246;-0.851488;
0.080720;1.379179;-0.418666;-0.960513;0.674846;-0.177078;-0.497768;1.374520;-0.516157;-0.858363;
0.080740;1.377186;-0.410170;-0.967016;0.673669;-0.172821;-0.500849;1.373251;-0.508047;-0.865205;
0.080760;1.375139;-0.401658;-0.973480;0.672466;-0.168557;-0.503909;1.371929;-0.499916;-0.872012;
0.080780;1.373037;-0.393131;-0.979907;0.671236;-0.164286;-0.506950;1.370552;-0.491766;-0.878785;
0.080800;1.370882;-0.384587;-0.986294;0.669980;-0.160009;-0.509971;1.369121;-0.483597;-0.885524;
0.080820;1.368672;-0.376029;-0.992643;0.668697;-0.155725;-0.512972;1.367636;-0.475409;-0.892227;
0.080840;1.366408;-0.367456;-0.998952;0.667388;-0.151436;-0.515953;1.366097;-0.467201;-0.898895;
0.080860;1.364090;-0.358868;-1.005222;0.666053;-0.147140;-0.518913;1.364504;-0.458976;-0.905528;
0.080880;1.361719;-0.350266;-1.011453;0.664691;-0.142839;-0.521852;1.362857;-0.450732;-0.912125;
0.080900;1.359293;-0.341650;-1.017643;0.663303;-0.138531;-0.524771;1.361156;-0.442470;-0.918686;
0.080920;1.356814;-0.333021;-1.023793;0.661889;-0.134219;-0.527670;1.359402;-0.434191;-0.925210;
0.080940;1.354282;-0.324379;-1.029903;0.660448;-0.129901;-0.530547;1.357594;-0.425895;-0.931699;
0.080960;1.351695;-0.315723;-1.035972;0.658982;-0.125578;-0.533404;1.355732;-0.417582;-0.938150;
0.080980;1.349056;-0.307056;-1.042000;0.657489;-0.121250;-0.536239;1.353817;-0.409253;-0.944564;
0.081000;1.346363;-0.298376;-1.047987;0.655971;-0.116917;-0.539054;1.351848;-0.400907;-0.950941;
0.081020;1.343617;-0.289684;-1.053933;0.654427;-0.112580;-0.541847;1.349826;-0.392546;-0.957281;
0.081040;1.340819;-0.280981;-1.059837;0.652857;-0.108238;-0.544619;1.347751;-0.384169;-0.963582;
0.081060;1.337967;-0.272267;-1.065700;0.651261;-0.103892;-0.547369;1.345623;-0.375777;-0.969846;
0.081080;1.335062;-0.263542;-1.071520;0.649639;-0.099542;-0.550097;1.343441;-0.367370;-0.976071;
0.081100;1.332105;-0.254807;-1.077298;0.647992;-0.095188;-0.552804;1.341206;-0.358948;-0.982258;
0.081120;1.329095;-0.246062;-1.083033;0.646319;-0.090830;-0.555489;1.338919;-0.350513;-0.988406;
0.081140;1.326032;-0.237307;-1.088726;0.644621;-0.086469;-0.558152;1.336578;-0.342063;-0.994515;
0.081160;1.322918;-0.228542;-1.094375;0.642897;-0.082104;-0.560793;1.334185;-0.333600;-1.000585;
0.081180;1.319751;-0.219769;-1.099982;0.641148;-0.077736;-0.563412;1.331739;-0.325124;-1.006615;
0.081200;1.316532;-0.210987;-1.105545;0.639373;-0.073364;-0.566009;1.329241;-0.316635;-1.012606;
0.081220;1.313260;-0.202196;-1.111064;0.637574;-0.068990;-0.568583;1.326690;-0.308134;-1.018556;
0.081240;1.309938;-0.193398;-1.116540;0.635749;-0.064614;-0.571135;1.324087;-0.299620;-1.024467;
0.081260;1.306563;-0.184592;-1.121971;0.633899;-0.060234;-0.573665;1.321431;-0.291094;-1.030337;
0.081280;1.303137;-0.175779;-1.127358;0.632024;-0.055853;-0.576171;1.318723;-0.282557;-1.036166;
0.081300;1.299659;-0.166958;-1.132701;0.630124;-0.051469;-0.578655;1.315964;-0.274009;-1.041954;
0.081320;1.296130;-0.158131;-1.137999;0.628199;-0.047083;-0.581116;1.313152;-0.265450;-1.047701;
0.081340;1.292550;-0.149298;-1.143252;0.626249;-0.042695;-0.583554;1.310288;-0.256881;-1.053407;
0.081360;1.288919;-0.140459;-1.148460;0.624275;-0.038305;-0.585970;1.307373;-0.248301;-1.059071;
0.081380;1.285237;-0.131615;-1.153622;0.622276;-0.033914;-0.588362;1.304406;-0.239712;-1.064694;
0.081400;1.281504;-0.122765;-1.158739;0.620252;-0.029522;-0.590730;1.301388;-0.231113;-1.070274;
0.081420;1.277721;-0.113910;-1.163810;0.618204;-0.025128;-0.593076;1.298318;-0.222505;-1.075812;
0.081440;1.273887;-0.105051;-1.168836;0.616132;-0.020734;-0.595398;1.295197;-0.213889;-1.081308;
0.081460;1.270003;-0.096188;-1.173815;0.614035;-0.016339;-0.597696;1.292025;-0.205263;-1.086761;
0.081480;1.266069;-0.087321;-1.178747;0.611914;-0.011943;-0.599971;1.288801;-0.196630;-1.092171;
0.081500;1.262084;-0.078451;-1.183634;0.609769;-0.007546;-0.602222;1.285527;-0.187989;-1.097538;
0.081520;1.258050;-0.069577;-1.188473;0.607599;-0.003149;-0.604450;1.282202;-0.179341;-1.102862;
0.081540;1.253967;-0.060701;-1.193266;0.605406;0.001247;-0.606654;1.278827;-0.170685;-1.108142;
0.081560;1.249833;-0.051822;-1.198011;0.603189;0.005644;-0.608833;1.275401;-0.162023;-1.113378;
0.081580;1.245651;-0.042941;-1.202710;0.600948;0.010041;-0.610989;1.271925;-0.153354;-1.118571;
0.081600;1.241419;-0.034059;-1.207360;0.598683;0.014437;-0.613120;1.268398;-0.144679;-1.123719;
0.081620;1.237138;-0.025175;-1.211963;0.596395;0.018833;-0.615228;1.264822;-0.135999;-1.128823;
0.081640;1.232809;-0.016290;-1.216519;0.594083;0.023227;-0.617311;1.261195;-0.127313;-1.133882;
0.081660;1.228430;-0.007405;-1.221026;0.591748;0.027621;-0.619369;1.257519;-0.118622;-1.138896;
0.081680;1.224004;0.001481;-1.225485;0.589389;0.032014;-0.621403;1.253793;-0.109927;-1.143866;
0.081700;1.219529;0.010367;-1.229895;0.587007;0.036406;-0.623413;1.250017;-0.101227;-1.148790;
0.081720;1.215005;0.019252;-1.234257;0.584602;0.040796;-0.625398;1.246193;-0.092523;-1.153670;
0.081740;1.210434;0.028136;-1.238571;0.582174;0.045185;-0.627359;1.242319;-0.083816;-1.158503;
0.081760;1.205815;0.037020;-1.242835;0.579723;0.049571;-0.629294;1.238396;-0.075105;-1.163291;
0.081780;1.201149;0.045902;-1.247050;0.577249;0.053956;-0.631205;1.234424;-0.066391;-1.168033;
0.081800;1.196435;0.054782;-1.251217;0.574752;0.058339;-0.633091;1.230403;-0.057675;-1.172728;
0.081820;1.191673;0.063660;-1.255333;0.572232;0.062719;-0.634951;1.226334;-0.048956;-1.177378;
0.081840;1.186865;0.072535;-1.259400;0.569690;0.067097;-0.636787;1.222216;-0.040235;-1.181981;
0.081860;1.182010;0.081408;-1.263418;0.567125;0.071472;-0.638598;1.218050;-0.031513;-1.186537;
0.081880;1.177108;0.090277;-1.267386;0.564538;0.075845;-0.640383;1.213836;-0.022790;-1.191047;
0.081900;1.172160;0.099143;-1.271303;0.561929;0.080214;-0.642143;1.209574;-0.014065;-1.195509;
0.081920;1.167166;0.108005;-1.275170;0.559298;0.084581;-0.643878;1.205265;-0.005340;-1.199924;
0.081940;1.162125;0.116863;-1.278987;0.556644;0.088944;-0.645588;1.200908;0.003385;-1.204292;
0.081960;1.157038;0.125716;-1.282754;0.553968;0.093303;-0.647271;1.196503;0.012110;-1.208613;
0.081980;1.151906;0.134564;-1.286470;0.551271;0.097659;-0.648930;1.192051;0.020834;-1.212885;
0.082000;1.146729;0.143406;-1.290135;0.548552;0.102011;-0.650562;1.187552;0.029558;-1.217110;
0.082020;1.141506;0.152243;-1.293749;0.545811;0.106359;-0.652169;1.183006;0.038280;-1.221287;
0.082040;1.136238;0.161074;-1.297312;0.543049;0.110702;-0.653751;1.178414;0.047001;-1.225415;
0.082060;1.130925;0.169899;-1.300824;0.540265;0.115041;-0.655306;1.173775;0.055720;-1.229495;
0.082080;1.125567;0.178717;-1.304285;0.537460;0.119376;-0.656836;1.169089;0.064437;-1.233527;
0.082100;1.120165;0.187528;-1.307694;0.534633;0.123706;-0.658339;1.164358;0.073152;-1.237510;
0.082120;1.114719;0.196332;-1.311051;0.531786;0.128031;-0.659817;1.159580;0.081863;-1.241444;
0.082140;1.109229;0.205127;-1.314357;0.528917;0.132352;-0.661269;1.154757;0.090572;-1.245329;
0.082160;1.103695;0.213915;-1.317610;0.526028;0.136666;-0.662694;1.149888;0.099276;-1.249164;
0.082180;1.098118;0.222694;-1.320812;0.523118;0.140976;-0.664094;1.144974;0.107977;-1.252951;
0.082200;1.092497;0.231465;-1.323962;0.520187;0.145280;-0.665467;1.140014;0.116674;-1.256688;
0.082220;1.086833;0.240226;-1.327059;0.517236;0.149578;-0.666814;1.135010;0.125365;-1.260375;
0.082240;1.081126;0.248978;-1.330104;0.514264;0.153870;-0.668134;1.129961;0.134052;-1.264013;
0.082260;1.075376;0.257720;-1.333096;0.511272;0.158156;-0.669428;1.124867;0.142734;-1.267601;
0.082280;1.069584;0.266452;-1.336036;0.508260;0.162436;-0.670696;1.119728;0.151410;-1.271139;
0.082300;1.063750;0.275173;-1.338923;0.505227;0.166710;-0.671937;1.114546;0.160080;-1.274626;
0.082320;1.057874;0.283884;-1.341757;0.502175;0.170977;-0.673152;1.109319;0.168744;-1.278063;
0.082340;1.051956;0.292583;-1.344539;0.499103;0.175237;-0.674340;1.104049;0.177401;-1.281450;
0.082360;1.045996;0.301270;-1.347267;0.496011;0.179490;-0.675502;1.098735;0.186051;-1.284786;
0.082380;1.039995;0.309946;-1.349942;0.492900;0.183737;-0.676637;1.093378;0.194694;-1.288072;
0.082400;1.033954;0.318610;-1.352563;0.489769;0.187976;-0.677745;1.087978;0.203329;-1.291306;
0.082420;1.027871;0.327261;-1.355132;0.486619;0.192207;-0.678826;1.082534;0.211956;-1.294490;
0.082440;1.021748;0.335899;-1.357646;0.483450;0.196431;-0.679881;1.077048;0.220575;-1.297623;
0.082460;1.015584;0.344524;-1.360108;0.480261;0.200647;-0.680909;1.071519;0.229184;-1.300704;
0.082480;1.009380;0.353135;-1.362515;0.477054;0.204856;-0.681909;1.065948;0.237785;-1.303734;
0.082500;1.003137;0.361732;-1.364869;0.473828;0.209056;-0.682883;1.060335;0.246377;-1.306712;
0.082520;0.996853;0.370315;-1.367169;0.470583;0.213248;-0.683830;1.054681;0.254959;-1.309639;
0.082540;0.990531;0.378883;-1.369414;0.467319;0.217431;-0.684750;1.048984;0.263530;-1.312514;
0.082560;0.984169;0.387437;-1.371606;0.464037;0.221606;-0.685643;1.043246;0.272092;-1.315338;
0.082580;0.977769;0.395975;-1.373744;0.460737;0.225772;-0.686509;1.037467;0.280642;-1.318109;
0.082600;0.971330;0.404497;-1.375827;0.457419;0.229930;-0.687348;1.031647;0.289182;-1.320829;
0.082620;0.964852;0.413004;-1.377856;0.454082;0.234078;-0.688160;1.025786;0.297710;-1.323496;
0.082640;0.958337;0.421494;-1.379831;0.450728;0.238217;-0.688944;1.019885;0.306226;-1.326111;
0.082660;0.951783;0.429968;-1.381751;0.447355;0.242346;-0.689702;1.013943;0.314730;-1.328674;
0.082680;0.945192;0.438424;-1.383617;0.443965;0.246466;-0.690432;1.007962;0.323222;-1.331184;
0.082700;0.938564;0.446864;-1.385428;0.440558;0.250576;-0.691134;1.001940;0.331701;-1.333642;
0.082720;0.931899;0.455285;-1.387184;0.437133;0.254677;-0.691810;0.995879;0.340167;-1.336047;
0.082740;0.925197;0.463689;-1.388886;0.433691;0.258767;-0.692458;0.989779;0.348620;-1.338399;
0.082760;0.918458;0.472074;-1.390532;0.430232;0.262847;-0.693079;0.983640;0.357058;-1.340698;
0.082780;0.911683;0.480441;-1.392124;0.426756;0.266917;-0.693673;0.977462;0.365483;-1.342945;
0.082800;0.904872;0.488789;-1.393661;0.423263;0.270976;-0.694239;0.971245;0.373893;-1.345138;
0.082820;0.898026;0.497117;-1.395143;0.419753;0.275025;-0.694777;0.964990;0.382289;-1.347279;
0.082840;0.891144;0.505426;-1.396570;0.416227;0.279062;-0.695289;0.958697;0.390669;-1.349366;
0.082860;0.884227;0.513715;-1.397941;0.412684;0.283089;-0.695773;0.952366;0.399034;-1.351400;
0.082880;0.877275;0.521983;-1.399258;0.409125;0.287104;-0.696229;0.945997;0.407383;-1.353380;
0.082900;0.870288;0.530231;-1.400519;0.405550;0.291108;-0.696658;0.939591;0.415716;-1.355308;
0.082920;0.863267;0.538458;-1.401725;0.401958;0.295101;-0.697059;0.933148;0.424033;-1.357181;
0.082940;0.856211;0.546664;-1.402876;0.398351;0.299082;-0.697433;0.926668;0.432333;-1.359001;
0.082960;0.849122;0.554848;-1.403971;0.394729;0.303051;-0.697780;0.920152;0.440616;-1.360768;
0.082980;0.842000;0.563011;-1.405011;0.391090;0.307008;-0.698098;0.913599;0.448882;-1.362480;
0.083000;0.834844;0.571151;-1.405995;0.387436;0.310953;-0.698390;0.907010;0.457129;-1.364139;
0.083020;0.827655;0.579268;-1.406924;0.383767;0.314886;-0.698653;0.900385;0.465359;-1.365744;
0.083040;0.820434;0.587363;-1.407797;0.380083;0.318806;-0.698889;0.893725;0.473570;-1.367295;
0.083060;0.813180;0.595435;-1.408615;0.376384;0.322714;-0.699098;0.887029;0.481763;-1.368793;
0.083080;0.805894;0.603483;-1.409377;0.372670;0.326609;-0.699279;0.880299;0.489937;-1.370236;
0.083100;0.798577;0.611507;-1.410083;0.368941;0.330491;-0.699432;0.873534;0.498091;-1.371625;
0.083120;0.791227;0.619507;-1.410734;0.365197;0.334360;-0.699558;0.866734;0.506226;-1.372960;
0.083140;0.783847;0.627482;-1.411329;0.361440;0.338216;-0.699656;0.859900;0.514340;-1.374240;
0.083160;0.776436;0.635433;-1.411869;0.357667;0.342059;-0.699726;0.853032;0.522435;-1.375467;
0.083180;0.768993;0.643359;-1.412352;0.353881;0.345888;-0.699769;0.846130;0.530509;-1.376639;
0.083200;0.761521;0.651259;-1.412780;0.350081;0.349703;-0.699784;0.839195;0.538561;-1.377757;
0.083220;0.754019;0.659134;-1.413152;0.346267;0.353505;-0.699772;0.832227;0.546593;-1.378820;
0.083240;0.746486;0.666982;-1.413468;0.342439;0.357292;-0.699732;0.825226;0.554603;-1.379829;
0.083260;0.738925;0.674804;-1.413729;0.338598;0.361066;-0.699664;0.818192;0.562591;-1.380783;
0.083280;0.731334;0.682600;-1.413934;0.334744;0.364825;-0.699569;0.811127;0.570557;-1.381683;
0.083300;0.723714;0.690369;-1.414083;0.330876;0.368570;-0.699446;0.804029;0.578500;-1.382529;
0.083320;0.716066;0.698110;-1.414176;0.326995;0.372300;-0.699295;0.796899;0.586420;-1.383320;
0.083340;0.708389;0.705824;-1.414213;0.323101;0.376016;-0.699117;0.789738;0.594318;-1.384056;
0.083360;0.700684;0.713510;-1.414194;0.319195;0.379716;-0.698911;0.782546;0.602192;-1.384737;
0.083380;0.692952;0.721168;-1.414120;0.315276;0.383402;-0.698678;0.775322;0.610042;-1.385364;
0.083400;0.685193;0.728797;-1.413989;0.311344;0.387073;-0.698417;0.768069;0.617868;-1.385936;
0.083420;0.677406;0.736397;-1.413803;0.307400;0.390728;-0.698128;0.760785;0.625669;-1.386454;
0.083440;0.669593;0.743969;-1.413561;0.303444;0.394368;-0.697812;0.753470;0.633446;-1.386917;
0.083460;0.661753;0.751511;-1.413264;0.299476;0.397992;-0.697469;0.746127;0.641198;-1.387325;
0.083480;0.653887;0.759024;-1.412910;0.295497;0.401601;-0.697098;0.738753;0.648925;-1.387678;
0.083500;0.645995;0.766506;-1.412501;0.291505;0.405194;-0.696699;0.731351;0.656626;-1.387976;
0.083520;0.638078;0.773958;-1.412036;0.287502;0.408771;-0.696273;0.723919;0.664301;-1.388220;
0.083540;0.630135;0.781380;-1.411515;0.283488;0.412331;-0.695819;0.716459;0.671950;-1.388409;
0.083560;0.622168;0.788771;-1.410939;0.279462;0.415876;-0.695338;0.708971;0.679572;-1.388543;
0.083580;0.614176;0.796130;-1.410306;0.275426;0.419404;-0.694829;0.701455;0.687167;-1.388622;
0.083600;0.606160;0.803459;-1.409619;0.271378;0.422915;-0.694293;0.693911;0.694736;-1.388647;
0.083620;0.598120;0.810755;-1.408875;0.267320;0.426410;-0.693730;0.686340;0.702277;-1.388616;
0.083640;0.590056;0.818020;-1.408076;0.263252;0.429888;-0.693139;0.678741;0.709790;-1.388531;
0.083660;0.581969;0.825252;-1.407221;0.259173;0.433348;-0.692521;0.671116;0.717275;-1.388391;
0.083680;0.573859;0.832452;-1.406311;0.255083;0.436792;-0.691876;0.663464;0.724732;-1.388196;
0.083700;0.565727;0.839618;-1.405345;0.250984;0.440219;-0.691203;0.655786;0.732160;-1.387947;
0.083720;0.557572;0.846752;-1.404324;0.246875;0.443628;-0.690503;0.648083;0.739560;-1.387642;
0.083740;0.549395;0.853852;-1.403247;0.242756;0.447020;-0.689775;0.640353;0.746930;-1.387283;
0.083760;0.541196;0.860919;-1.402115;0.238627;0.450394;-0.689021;0.632599;0.754270;-1.386869;
0.083780;0.532976;0.867951;-1.400927;0.234489;0.453750;-0.688239;0.624819;0.761581;-1.386400;
0.083800;0.524735;0.874949;-1.399684;0.230342;0.457088;-0.687430;0.617015;0.768862;-1.385877;
0.083820;0.516473;0.881913;-1.398386;0.226185;0.460408;-0.686594;0.609186;0.776113;-1.385298;
0.083840;0.508191;0.888842;-1.397033;0.222020;0.463710;-0.685731;0.601333;0.783332;-1.384666;
0.083860;0.499889;0.895736;-1.395625;0.217846;0.466994;-0.684840;0.593457;0.790521;-1.383978;
0.083880;0.491567;0.902594;-1.394161;0.213663;0.470260;-0.683923;0.585557;0.797679;-1.383236;
0.083900;0.483226;0.909417;-1.392643;0.209472;0.473506;-0.682979;0.577634;0.804805;-1.382439;
0.083920;0.474865;0.916204;-1.391069;0.205273;0.476734;-0.682007;0.569688;0.811900;-1.381588;
0.083940;0.466486;0.922955;-1.389441;0.201065;0.479944;-0.681009;0.561720;0.818962;-1.380682;
0.083960;0.458088;0.929669;-1.387757;0.196850;0.483134;-0.679984;0.553729;0.825992;-1.379721;
0.083980;0.449673;0.936347;-1.386019;0.192627;0.486305;-0.678932;0.545717;0.832989;-1.378706;
0.084000;0.441239;0.942987;-1.384227;0.188396;0.489457;-0.677853;0.537683;0.839954;-1.377637;
0.084020;0.432788;0.949591;-1.382379;0.184158;0.492590;-0.676748;0.529628;0.846885;-1.376513;
0.084040;0.424321;0.956157;-1.380477;0.179912;0.495703;-0.675616;0.521552;0.853783;-1.375335;
0.084060;0.415836;0.962685;-1.378521;0.175660;0.498797;-0.674457;0.513456;0.860648;-1.374103;
0.084080;0.407335;0.969175;-1.376510;0.171400;0.501871;-0.673271;0.505339;0.867478;-1.372816;
0.084100;0.398818;0.975627;-1.374444;0.167134;0.504925;-0.672059;0.497202;0.874274;-1.371476;
0.084120;0.390285;0.982040;-1.372325;0.162861;0.507960;-0.670821;0.489045;0.881035;-1.370081;
0.084140;0.381736;0.988415;-1.370151;0.158582;0.510974;-0.669555;0.480870;0.887762;-1.368632;
0.084160;0.373173;0.994750;-1.367923;0.154296;0.513968;-0.668264;0.472675;0.894454;-1.367129;
0.084180;0.364595;1.001047;-1.365641;0.150004;0.516942;-0.666946;0.464462;0.901110;-1.365572;
0.084200;0.356002;1.007303;-1.363306;0.145707;0.519895;-0.665602;0.456230;0.907731;-1.363961;
0.084220;0.347396;1.013520;-1.360916;0.141403;0.522828;-0.664231;0.447980;0.914316;-1.362296;
0.084240;0.338775;1.019698;-1.358473;0.137094;0.525740;-0.662834;0.439713;0.920865;-1.360577;
0.084260;0.330142;1.025834;-1.355976;0.132780;0.528631;-0.661411;0.431428;0.927377;-1.358805;
0.084280;0.321495;1.031931;-1.353425;0.128461;0.531502;-0.659962;0.423126;0.933853;-1.356979;
0.084300;0.312835;1.037986;-1.350822;0.124136;0.534351;-0.658487;0.414808;0.940292;-1.355100;
0.084320;0.304164;1.044001;-1.348164;0.119806;0.537180;-0.656986;0.406473;0.946694;-1.353167;
0.084340;0.295480;1.049974;-1.345454;0.115472;0.539987;-0.655459;0.398122;0.953059;-1.351180;
0.084360;0.286785;1.055906;-1.342690;0.111133;0.542773;-0.653906;0.389755;0.959386;-1.349141;
0.084380;0.278078;1.061796;-1.339874;0.106790;0.545538;-0.652328;0.381373;0.965675;-1.347048;
0.084400;0.269360;1.067644;-1.337004;0.102442;0.548281;-0.650723;0.372976;0.971925;-1.344901;
0.084420;0.260632;1.073450;-1.334082;0.098091;0.551002;-0.649093;0.364564;0.978138;-1.342702;
0.084440;0.251893;1.079214;-1.331107;0.093736;0.553702;-0.647437;0.356138;0.984312;-1.340450;
0.084460;0.243144;1.084935;-1.328080;0.089377;0.556379;-0.645756;0.347698;0.990447;-1.338145;
0.084480;0.234386;1.090614;-1.325000;0.085014;0.559035;-0.644049;0.339244;0.996543;-1.335787;
0.084500;0.225619;1.096249;-1.321868;0.080648;0.561669;-0.642317;0.330776;1.002600;-1.333376;
0.084520;0.216842;1.101841;-1.318683;0.076279;0.564280;-0.640559;0.322296;1.008617;-1.330912;
0.084540;0.208058;1.107389;-1.315447;0.071907;0.566870;-0.638776;0.313803;1.014594;-1.328396;
0.084560;0.199264;1.112894;-1.312159;0.067532;0.569436;-0.636968;0.305297;1.020531;-1.325828;
0.084580;0.190463;1.118355;-1.308818;0.063154;0.571981;-0.635135;0.296779;1.026428;-1.323207;
0.084600;0.181655;1.123772;-1.305427;0.058774;0.574503;-0.633277;0.288250;1.032284;-1.320534;
0.084620;0.172839;1.129144;-1.301983;0.054391;0.577002;-0.631393;0.279709;1.038100;-1.317809;
0.084640;0.164017;1.134472;-1.298488;0.050007;0.579478;-0.629485;0.271158;1.043875;-1.315032;
0.084660;0.155188;1.139755;-1.294942;0.045620;0.581932;-0.627552;0.262595;1.049608;-1.312203;
0.084680;0.146353;1.144993;-1.291345;0.041232;0.584362;-0.625594;0.254022;1.055300;-1.309322;
0.084700;0.137512;1.150185;-1.287697;0.036842;0.586769;-0.623611;0.245439;1.060950;-1.306390;
0.084720;0.128665;1.155333;-1.283998;0.032450;0.589154;-0.621604;0.236847;1.066559;-1.303406;
0.084740;0.119814;1.160435;-1.280249;0.028058;0.591515;-0.619572;0.228245;1.072125;-1.300370;
0.084760;0.110958;1.165490;-1.276448;0.023664;0.593852;-0.617516;0.219634;1.077649;-1.297283;
0.084780;0.102097;1.170500;-1.272598;0.019269;0.596167;-0.615436;0.211014;1.083131;-1.294145;
0.084800;0.093233;1.175464;-1.268697;0.014873;0.598457;-0.613331;0.202387;1.088569;-1.290956;
0.084820;0.084365;1.180381;-1.264746;0.010477;0.600724;-0.611202;0.193751;1.093965;-1.287716;
0.084840;0.075493;1.185252;-1.260745;0.006081;0.602968;-0.609048;0.185107;1.099317;-1.284425;
0.084860;0.066619;1.190076;-1.256695;0.001684;0.605187;-0.606871;0.176456;1.104627;-1.281083;
0.084880;0.057741;1.194853;-1.252594;-0.002713;0.607383;-0.604670;0.167798;1.109892;-1.277691;
0.084900;0.048862;1.199583;-1.248445;-0.007110;0.609554;-0.602445;0.159134;1.115114;-1.274248;
0.084920;0.039981;1.204265;-1.244246;-0.011506;0.611702;-0.600196;0.150463;1.120292;-1.270755;
0.084940;0.031098;1.208900;-1.239998;-0.015902;0.613825;-0.597923;0.141787;1.125425;-1.267212;
0.084960;0.022214;1.213487;-1.235701;-0.020298;0.615925;-0.595627;0.133104;1.130514;-1.263618;
0.084980;0.013328;1.218026;-1.231355;-0.024692;0.618000;-0.593307;0.124417;1.135558;-1.259975;
0.085000;0.004443;1.222517;-1.226960;-0.029086;0.620050;-0.590964;0.115724;1.140558;-1.256282;
0.085020;-0.004443;1.226960;-1.222517;-0.033478;0.622076;-0.588598;0.107027;1.145513;-1.252540;
0.085040;-0.013328;1.231355;-1.218026;-0.037869;0.624078;-0.586208;0.098326;1.150422;-1.248748;
0.085060;-0.022214;1.235701;-1.213487;-0.042259;0.626054;-0.583795;0.089621;1.155286;-1.244907;
0.085080;-0.031098;1.239998;-1.208900;-0.046647;0.628006;-0.581359;0.080912;1.160104;-1.241016;
0.085100;-0.039981;1.244246;-1.204265;-0.051033;0.629934;-0.578901;0.072201;1.164877;-1.237077;
0.085120;-0.048862;1.248445;-1.199583;-0.055417;0.631836;-0.576419;0.063486;1.169603;-1.233089;
0.085140;-0.057741;1.252594;-1.194853;-0.059799;0.633714;-0.573914;0.054769;1.174283;-1.229052;
0.085160;-0.066619;1.256695;-1.190076;-0.064179;0.635566;-0.571387;0.046049;1.178917;-1.224967;
0.085180;-0.075493;1.260745;-1.185252;-0.068556;0.637394;-0.568838;0.037328;1.183505;-1.220833;
0.085200;-0.084365;1.264746;-1.180381;-0.072930;0.639196;-0.566266;0.028605;1.188046;-1.216651;
0.085220;-0.093233;1.268697;-1.175464;-0.077302;0.640973;-0.563671;0.019882;1.192539;-1.212421;
0.085240;-0.102097;1.272598;-1.170500;-0.081670;0.642724;-0.561054;0.011157;1.196986;-1.208143;
0.085260;-0.110958;1.276448;-1.165490;-0.086035;0.644451;-0.558415;0.002432;1.201386;-1.203818;
0.085280;-0.119814;1.280249;-1.160435;-0.090397;0.646152;-0.555755;-0.006293;1.205738;-1.199445;
0.085300;-0.128665;1.283998;-1.155333;-0.094755;0.647827;-0.553072;-0.015018;1.210042;-1.195024;
0.085320;-0.137512;1.287697;-1.150185;-0.099110;0.649477;-0.550367;-0.023742;1.214299;-1.190557;
0.085340;-0.146353;1.291345;-1.144993;-0.103460;0.651101;-0.547641;-0.032465;1.218507;-1.186042;
0.085360;-0.155188;1.294942;-1.139755;-0.107807;0.652699;-0.544893;-0.041187;1.222668;-1.181481;
0.085380;-0.164017;1.298488;-1.134472;-0.112149;0.654272;-0.542123;-0.049908;1.226780;-1.176873;
0.085400;-0.172839;1.301983;-1.129144;-0.116487;0.655819;-0.539332;-0.058626;1.230844;-1.172218;
0.085420;-0.181655;1.305427;-1.123772;-0.120820;0.657340;-0.536520;-0.067342;1.234860;-1.167517;
0.085440;-0.190463;1.308818;-1.118355;-0.125149;0.658835;-0.533686;-0.076056;1.238826;-1.162770;
0.085460;-0.199264;1.312159;-1.112894;-0.129472;0.660304;-0.530832;-0.084766;1.242744;-1.157978;
0.085480;-0.208058;1.315447;-1.107389;-0.133790;0.661747;-0.527956;-0.093474;1.246613;-1.153139;
0.085500;-0.216842;1.318683;-1.101841;-0.138104;0.663164;-0.525060;-0.102177;1.250432;-1.148255;
0.085520;-0.225619;1.321868;-1.096249;-0.142411;0.664554;-0.522143;-0.110876;1.254202;-1.143326;
0.085540;-0.234386;1.325000;-1.090614;-0.146713;0.665919;-0.519205;-0.119571;1.257923;-1.138351;
0.085560;-0.243144;1.328080;-1.084935;-0.151009;0.667257;-0.516247;-0.128262;1.261593;-1.133332;
0.085580;-0.251893;1.331107;-1.079214;-0.155300;0.668569;-0.513269;-0.136947;1.265215;-1.128268;
0.085600;-0.260632;1.334082;-1.073450;-0.159584;0.669854;-0.510270;-0.145627;1.268786;-1.123159;
0.085620;-0.269360;1.337004;-1.067644;-0.163862;0.671113;-0.507251;-0.154301;1.272307;-1.118006;
0.085640;-0.278078;1.339874;-1.061796;-0.168133;0.672345;-0.504212;-0.162969;1.275777;-1.112809;
0.085660;-0.286785;1.342690;-1.055906;-0.172398;0.673551;-0.501153;-0.171630;1.279198;-1.107568;
0.085680;-0.295480;1.345454;-1.049974;-0.176656;0.674730;-0.498075;-0.180285;1.282568;-1.102283;
0.085700;-0.304164;1.348164;-1.044001;-0.180907;0.675883;-0.494976;-0.188933;1.285887;-1.096954;
0.085720;-0.312835;1.350822;-1.037986;-0.185150;0.677009;-0.491859;-0.197573;1.289156;-1.091583;
0.085740;-0.321495;1.353425;-1.031931;-0.189387;0.678108;-0.488721;-0.206205;1.292373;-1.086168;
0.085760;-0.330142;1.355976;-1.025834;-0.193616;0.679181;-0.485565;-0.214830;1.295540;-1.080710;
0.085780;-0.338775;1.358473;-1.019698;-0.197837;0.680226;-0.482389;-0.223446;1.298655;-1.075210;
0.085800;-0.347396;1.360916;-1.013520;-0.202051;0.681245;-0.479194;-0.232052;1.301720;-1.069667;
0.085820;-0.356002;1.363306;-1.007303;-0.206257;0.682237;-0.475981;-0.240650;1.304732;-1.064082;
0.085840;-0.364595;1.365641;-1.001047;-0.210454;0.683202;-0.472748;-0.249239;1.307694;-1.058455;
0.085860;-0.373173;1.367923;-0.994750;-0.214643;0.684140;-0.469497;-0.257817;1.310603;-1.052786;
0.085880;-0.381736;1.370151;-0.988415;-0.218824;0.685051;-0.466227;-0.266385;1.313461;-1.047076;
0.085900;-0.390285;1.372325;-0.982040;-0.222996;0.685935;-0.462939;-0.274943;1.316267;-1.041324;
0.085920;-0.398818;1.374444;-0.975627;-0.227159;0.686792;-0.459633;-0.283490;1.319022;-1.035532;
0.085940;-0.407335;1.376510;-0.969175;-0.231313;0.687622;-0.456308;-0.292026;1.321724;-1.029698;
0.085960;-0.415836;1.378521;-0.962685;-0.235458;0.688424;-0.452966;-0.300550;1.324373;-1.023824;
0.085980;-0.424321;1.380477;-0.956157;-0.239594;0.689200;-0.449605;-0.309062;1.326971;-1.017909;
0.086000;-0.432788;1.382379;-0.949591;-0.243721;0.689948;-0.446227;-0.317562;1.329516;-1.011954;
0.086020;-0.441239;1.384227;-0.942987;-0.247837;0.690669;-0.442832;-0.326050;1.332009;-1.005959;
0.086040;-0.449673;1.386019;-0.936347;-0.251944;0.691363;-0.439418;-0.334525;1.334449;-0.999924;
0.086060;-0.458088;1.387757;-0.929669;-0.256041;0.692029;-0.435988;-0.342986;1.336837;-0.993850;
0.086080;-0.466486;1.389441;-0.922955;-0.260128;0.692668;-0.432540;-0.351434;1.339171;-0.987737;
0.086100;-0.474865;1.391069;-0.916204;-0.264205;0.693280;-0.429075;-0.359868;1.341453;-0.981585;
0.086120;-0.483226;1.392643;-0.909417;-0.268271;0.693864;-0.425593;-0.368288;1.343682;-0.975394;
0.086140;-0.491567;1.394161;-0.902594;-0.272327;0.694421;-0.422095;-0.376693;1.345858;-0.969164;
0.086160;-0.499889;1.395625;-0.895736;-0.276372;0.694951;-0.418579;-0.385084;1.347980;-0.962896;
0.086180;-0.508191;1.397033;-0.888842;-0.280406;0.695453;-0.415048;-0.393459;1.350050;-0.956591;
0.086200;-0.516473;1.398386;-0.881913;-0.284428;0.695928;-0.411499;-0.401819;1.352066;-0.950247;
0.086220;-0.524735;1.399684;-0.874949;-0.288440;0.696375;-0.407935;-0.410163;1.354029;-0.943866;
0.086240;-0.532976;1.400927;-0.867951;-0.292440;0.696795;-0.404354;-0.418491;1.355938;-0.937447;
0.086260;-0.541196;1.402115;-0.860919;-0.296429;0.697187;-0.400758;-0.426802;1.357794;-0.930992;
0.086280;-0.549395;1.403247;-0.853852;-0.300406;0.697552;-0.397146;-0.435096;1.359596;-0.924500;
0.086300;-0.557572;1.404324;-0.846752;-0.304371;0.697889;-0.393518;-0.443373;1.361345;-0.917971;
0.086320;-0.565727;1.405345;-0.839618;-0.308324;0.698198;-0.389874;-0.451633;1.363039;-0.911406;
0.086340;-0.573859;1.406311;-0.832452;-0.312265;0.698480;-0.386215;-0.459875;1.364680;-0.904806;
0.086360;-0.581969;1.407221;-0.825252;-0.316194;0.698735;-0.382541;-0.468098;1.366267;-0.898169;
0.086380;-0.590056;1.408076;-0.818020;-0.320110;0.698962;-0.378852;-0.476303;1.367800;-0.891497;
0.086400;-0.598120;1.408875;-0.810755;-0.324014;0.699161;-0.375147;-0.484490;1.369280;-0.884790;
0.086420;-0.606160;1.409619;-0.803459;-0.327905;0.699333;-0.371428;-0.492657;1.370705;-0.878048;
0.086440;-0.614176;1.410306;-0.796130;-0.331782;0.699477;-0.367695;-0.500805;1.372076;-0.871271;
0.086460;-0.622168;1.410939;-0.788771;-0.335647;0.699593;-0.363946;-0.508933;1.373392;-0.864460;
0.086480;-0.630135;1.411515;-0.781380;-0.339498;0.699682;-0.360184;-0.517041;1.374655;-0.857614;
0.086500;-0.638078;1.412036;-0.773958;-0.343336;0.699743;-0.356407;-0.525128;1.375863;-0.850735;
0.086520;-0.645995;1.412501;-0.766506;-0.347161;0.699777;-0.352616;-0.533195;1.377017;-0.843822;
0.086540;-0.653887;1.412910;-0.759024;-0.350972;0.699783;-0.348811;-0.541241;1.378117;-0.836876;
0.086560;-0.661753;1.413264;-0.751511;-0.354769;0.699761;-0.344993;-0.549265;1.379162;-0.829897;
0.086580;-0.669593;1.413561;-0.743969;-0.358552;0.699712;-0.341160;-0.557268;1.380153;-0.822885;
0.086600;-0.677406;1.413803;-0.736397;-0.362320;0.699635;-0.337315;-0.565249;1.381089;-0.815841;
0.086620;-0.685193;1.413989;-0.728797;-0.366075;0.699531;-0.333456;-0.573207;1.381971;-0.808764;
0.086640;-0.692952;1.414120;-0.721168;-0.369815;0.699399;-0.329584;-0.581143;1.382798;-0.801656;
0.086660;-0.700684;1.414194;-0.713510;-0.373540;0.699239;-0.325699;-0.589056;1.383571;-0.794515;
0.086680;-0.708389;1.414213;-0.705824;-0.377251;0.699051;-0.321801;-0.596945;1.384289;-0.787344;
0.086700;-0.716066;1.414176;-0.698110;-0.380947;0.698836;-0.317890;-0.604811;1.384952;-0.780141;
0.086720;-0.723714;1.414083;-0.690369;-0.384627;0.698594;-0.313967;-0.612653;1.385561;-0.772908;
0.086740;-0.731334;1.413934;-0.682600;-0.388293;0.698324;-0.310031;-0.620471;1.386115;-0.765644;
0.086760;-0.738925;1.413729;-0.674804;-0.391943;0.698026;-0.306083;-0.628264;1.386614;-0.758350;
0.086780;-0.746486;1.413468;-0.666982;-0.395578;0.697701;-0.302123;-0.636033;1.387059;-0.751026;
0.086800;-0.754019;1.413152;-0.659134;-0.399197;0.697348;-0.298151;-0.643777;1.387449;-0.743672;
0.086820;-0.761521;1.412780;-0.651259;-0.402800;0.696968;-0.294167;-0.651495;1.387784;-0.736289;
0.086840;-0.768993;1.412352;-0.643359;-0.406388;0.696560;-0.290172;-0.659187;1.388064;-0.728877;
0.086860;-0.776436;1.411869;-0.635433;-0.409959;0.696125;-0.286165;-0.666853;1.388289;-0.721436;
0.086880;-0.783847;1.411329;-0.627482;-0.413515;0.695662;-0.282147;-0.674493;1.388460;-0.713966;
0.086900;-0.791227;1.410734;-0.619507;-0.417053;0.695172;-0.278118;-0.682107;1.388576;-0.706469;
0.086920;-0.798577;1.410083;-0.611507;-0.420576;0.694654;-0.274078;-0.689693;1.388637;-0.698943;
0.086940;-0.805894;1.409377;-0.603483;-0.424082;0.694109;-0.270027;-0.697253;1.388643;-0.691390;
0.086960;-0.813180;1.408615;-0.595435;-0.427571;0.693536;-0.265965;-0.704784;1.388594;-0.683810;
0.086980;-0.820434;1.407797;-0.587363;-0.431043;0.692936;-0.261893;-0.712288;1.388491;-0.676202;
0.087000;-0.827655;1.406924;-0.579268;-0.434498;0.692309;-0.257811;-0.719764;1.388332;-0.668568;
0.087020;-0.834844;1.405995;-0.571151;-0.437936;0.691654;-0.253718;-0.727211;1.388119;-0.660908;
0.087040;-0.842000;1.405011;-0.563011;-0.441357;0.690972;-0.249615;-0.734630;1.387851;-0.653221;
0.087060;-0.849122;1.403971;-0.554848;-0.444760;0.690263;-0.245503;-0.742020;1.387528;-0.645509;
0.087080;-0.856211;1.402876;-0.546664;-0.448146;0.689527;-0.241381;-0.749380;1.387151;-0.637771;
0.087100;-0.863267;1.401725;-0.538458;-0.451514;0.688763;-0.237249;-0.756711;1.386719;-0.630008;
0.087120;-0.870288;1.400519;-0.530231;-0.454865;0.687972;-0.233108;-0.764012;1.386232;-0.622220;
0.087140;-0.877275;1.399258;-0.521983;-0.458197;0.687154;-0.228957;-0.771282;1.385690;-0.614408;
0.087160;-0.884227;1.397941;-0.513715;-0.461511;0.686309;-0.224798;-0.778523;1.385094;-0.606571;
0.087180;-0.891144;1.396570;-0.505426;-0.464807;0.685437;-0.220630;-0.785732;1.384442;-0.598710;
0.087200;-0.898026;1.395143;-0.497117;-0.468085;0.684538;-0.216453;-0.792911;1.383737;-0.590826;
0.087220;-0.904872;1.393661;-0.488789;-0.471344;0.683611;-0.212267;-0.800058;1.382976;-0.582918;
0.087240;-0.911683;1.392124;-0.480441;-0.474584;0.682658;-0.208073;-0.807173;1.382161;-0.574988;
0.087260;-0.918458;1.390532;-0.472074;-0.477806;0.681678;-0.203871;-0.814257;1.381292;-0.567035;
0.087280;-0.925197;1.388886;-0.463689;-0.481009;0.680670;-0.199661;-0.821309;1.380368;-0.559059;
0.087300;-0.931899;1.387184;-0.455285;-0.484193;0.679636;-0.195443;-0.828328;1.379389;-0.551061;
0.087320;-0.938564;1.385428;-0.446864;-0.487358;0.678576;-0.191217;-0.835315;1.378356;-0.543041;
0.087340;-0.945192;1.383617;-0.438424;-0.490504;0.677488;-0.186984;-0.842268;1.377269;-0.535001;
0.087360;-0.951783;1.381751;-0.429968;-0.493630;0.676373;-0.182743;-0.849188;1.376127;-0.526938;
0.087380;-0.958337;1.379831;-0.421494;-0.496737;0.675232;-0.178496;-0.856075;1.374931;-0.518856;
0.087400;-0.964852;1.377856;-0.413004;-0.499824;0.674065;-0.174241;-0.862928;1.373680;-0.510752;
0.087420;-0.971330;1.375827;-0.404497;-0.502891;0.672870;-0.169979;-0.869747;1.372376;-0.502629;
0.087440;-0.977769;1.373744;-0.395975;-0.505939;0.671649;-0.165710;-0.876532;1.371017;-0.494485;
0.087460;-0.984169;1.371606;-0.387437;-0.508967;0.670402;-0.161435;-0.883281;1.369604;-0.486322;
0.087480;-0.990531;1.369414;-0.378883;-0.511974;0.669128;-0.157154;-0.889997;1.368137;-0.478140;
0.087500;-0.996853;1.367169;-0.370315;-0.514961;0.667827;-0.152866;-0.896676;1.366616;-0.469939;
0.087520;-1.003137;1.364869;-0.361732;-0.517928;0.666501;-0.148573;-0.903321;1.365041;-0.461720;
0.087540;-1.009380;1.362515;-0.353135;-0.520875;0.665148;-0.144273;-0.909930;1.363412;-0.453482;
0.087560;-1.015584;1.360108;-0.344524;-0.523801;0.663768;-0.139968;-0.916503;1.361729;-0.445226;
0.087580;-1.021748;1.357646;-0.335899;-0.526706;0.662363;-0.135657;-0.923040;1.359993;-0.436953;
0.087600;-1.027871;1.355132;-0.327261;-0.529590;0.660931;-0.131341;-0.929540;1.358202;-0.428662;
0.087620;-1.033954;1.352563;-0.318610;-0.532454;0.659474;-0.127020;-0.936004;1.356359;-0.420355;
0.087640;-1.039995;1.349942;-0.309946;-0.535297;0.657990;-0.122693;-0.942430;1.354461;-0.412031;
0.087660;-1.045996;1.347267;-0.301270;-0.538118;0.656480;-0.118362;-0.948820;1.352511;-0.403691;
0.087680;-1.051956;1.344539;-0.292583;-0.540918;0.654944;-0.114026;-0.955172;1.350506;-0.395335;
0.087700;-1.057874;1.341757;-0.283884;-0.543697;0.653383;-0.109686;-0.961486;1.348449;-0.386963;
0.087720;-1.063750;1.338923;-0.275173;-0.546454;0.651796;-0.105341;-0.967762;1.346338;-0.378576;
0.087740;-1.069584;1.336036;-0.266452;-0.549190;0.650183;-0.100992;-0.974001;1.344174;-0.370174;
0.087760;-1.075376;1.333096;-0.257720;-0.551904;0.648544;-0.096640;-0.980200;1.341957;-0.361757;
0.087780;-1.081126;1.330104;-0.248978;-0.554597;0.646880;-0.092283;-0.986361;1.339687;-0.353326;
0.087800;-1.086833;1.327059;-0.240226;-0.557267;0.645190;-0.087923;-0.992483;1.337364;-0.344881;
0.087820;-1.092497;1.323962;-0.231465;-0.559915;0.643474;-0.083559;-0.998566;1.334989;-0.336423;
0.087840;-1.098118;1.320812;-0.222694;-0.562542;0.641734;-0.079192;-1.004610;1.332561;-0.327951;
0.087860;-1.103695;1.317610;-0.213915;-0.565146;0.639968;-0.074822;-1.010614;1.330080;-0.319466;
0.087880;-1.109229;1.314357;-0.205127;-0.567728;0.638176;-0.070449;-1.016577;1.327546;-0.310969;
0.087900;-1.114719;1.311051;-0.196332;-0.570287;0.636360;-0.066073;-1.022501;1.324960;-0.302459;
0.087920;-1.120165;1.307694;-0.187528;-0.572824;0.634518;-0.061694;-1.028385;1.322322;-0.293938;
0.087940;-1.125567;1.304285;-0.178717;-0.575338;0.632652;-0.057313;-1.034227;1.319632;-0.285404;
0.087960;-1.130925;1.300824;-0.169899;-0.577830;0.630760;-0.052930;-1.040029;1.316889;-0.276860;
0.087980;-1.136238;1.297312;-0.161074;-0.580298;0.628843;-0.048545;-1.045790;1.314095;-0.268305;
0.088000;-1.141506;1.293749;-0.152243;-0.582744;0.626902;-0.044158;-1.051510;1.311249;-0.259739;
0.088020;-1.146729;1.290135;-0.143406;-0.585167;0.624936;-0.039769;-1.057188;1.308350;-0.251162;
0.088040;-1.151906;1.286470;-0.134564;-0.587567;0.622945;-0.035378;-1.062824;1.305401;-0.242576;
0.088060;-1.157038;1.282754;-0.125716;-0.589943;0.620930;-0.030986;-1.068419;1.302399;-0.233981;
0.088080;-1.162125;1.278987;-0.116863;-0.592297;0.618890;-0.026593;-1.073971;1.299347;-0.225376;
0.088100;-1.167166;1.275170;-0.108005;-0.594626;0.616825;-0.022199;-1.079481;1.296243;-0.216762;
0.088120;-1.172160;1.271303;-0.099143;-0.596933;0.614737;-0.017804;-1.084948;1.293088;-0.208139;
0.088140;-1.177108;1.267386;-0.090277;-0.599216;0.612624;-0.013408;-1.090373;1.289881;-0.199509;
0.088160;-1.182010;1.263418;-0.081408;-0.601475;0.610486;-0.009012;-1.095754;1.286624;-0.190870;
0.088180;-1.186865;1.259400;-0.072535;-0.603710;0.608325;-0.004615;-1.101092;1.283316;-0.182224;
0.088200;-1.191673;1.255333;-0.063660;-0.605922;0.606140;-0.000218;-1.106387;1.279958;-0.173571;
0.088220;-1.196435;1.251217;-0.054782;-0.608109;0.603931;0.004179;-1.111638;1.276549;-0.164911;
0.088240;-1.201149;1.247050;-0.045902;-0.610273;0.601698;0.008575;-1.116845;1.273089;-0.156244;
0.088260;-1.205815;1.242835;-0.037020;-0.612413;0.599441;0.012972;-1.122008;1.269579;-0.147572;
0.088280;-1.210434;1.238571;-0.028136;-0.614528;0.597160;0.017367;-1.127126;1.266019;-0.138893;
0.088300;-1.215005;1.234257;-0.019252;-0.616619;0.594856;0.021763;-1.132200;1.262410;-0.130209;
0.088320;-1.219529;1.229895;-0.010367;-0.618686;0.592529;0.026157;-1.137230;1.258750;-0.121520;
0.088340;-1.224004;1.225485;-0.001481;-0.620728;0.590178;0.030550;-1.142215;1.255040;-0.112826;
0.088360;-1.228430;1.221026;0.007405;-0.622746;0.587804;0.034942;-1.147154;1.251281;-0.104127;
0.088380;-1.232809;1.216519;0.016290;-0.624739;0.585406;0.039333;-1.152048;1.247473;-0.095425;
0.088400;-1.237138;1.211963;0.025175;-0.626708;0.582986;0.043722;-1.156897;1.243615;-0.086719;
0.088420;-1.241419;1.207360;0.034059;-0.628652;0.580542;0.048109;-1.161700;1.239709;-0.078009;
0.088440;-1.245651;1.202710;0.042941;-0.630571;0.578076;0.052495;-1.166457;1.235753;-0.069296;
0.088460;-1.249833;1.198011;0.051822;-0.632465;0.575587;0.056878;-1.171168;1.231749;-0.060580;
0.088480;-1.253967;1.193266;0.060701;-0.634334;0.573075;0.061259;-1.175833;1.227696;-0.051862;
0.088500;-1.258050;1.188473;0.069577;-0.636178;0.570540;0.065638;-1.180452;1.223594;-0.043142;
0.088520;-1.262084;1.183634;0.078451;-0.637997;0.567983;0.070014;-1.185024;1.219444;-0.034421;
0.088540;-1.266069;1.178747;0.087321;-0.639791;0.565403;0.074388;-1.189549;1.215246;-0.025698;
0.088560;-1.270003;1.173815;0.096188;-0.641560;0.562801;0.078758;-1.194027;1.211000;-0.016974;
0.088580;-1.273887;1.168836;0.105051;-0.643303;0.560177;0.083126;-1.198458;1.206707;-0.008249;
0.088600;-1.277721;1.163810;0.113910;-0.645021;0.557531;0.087490;-1.202841;1.202365;0.000476;
0.088620;-1.281504;1.158739;0.122765;-0.646713;0.554863;0.091850;-1.207178;1.197976;0.009201;
0.088640;-1.285237;1.153622;0.131615;-0.648380;0.552173;0.096207;-1.211466;1.193540;0.017926;
0.088660;-1.288919;1.148460;0.140459;-0.650021;0.549461;0.100560;-1.215707;1.189057;0.026650;
0.088680;-1.292550;1.143252;0.149298;-0.651637;0.546727;0.104910;-1.219900;1.184527;0.035373;
0.088700;-1.296130;1.137999;0.158131;-0.653227;0.543972;0.109255;-1.224044;1.179950;0.044094;
0.088720;-1.299659;1.132701;0.166958;-0.654791;0.541195;0.113596;-1.228140;1.175326;0.052814;
0.088740;-1.303137;1.127358;0.175779;-0.656329;0.538397;0.117932;-1.232188;1.170656;0.061532;
0.088760;-1.306563;1.121971;0.184592;-0.657841;0.535578;0.122263;-1.236187;1.165940;0.070247;
0.088780;-1.309938;1.116540;0.193398;-0.659327;0.532737;0.126590;-1.240138;1.161178;0.078960;
0.088800;-1.313260;1.111064;0.202196;-0.660788;0.529876;0.130912;-1.244039;1.156370;0.087669;
0.088820;-1.316532;1.105545;0.210987;-0.662222;0.526993;0.135229;-1.247891;1.151516;0.096375;
0.088840;-1.319751;1.099982;0.219769;-0.663630;0.524090;0.139540;-1.251694;1.146617;0.105077;
0.088860;-1.322918;1.094375;0.228542;-0.665012;0.521166;0.143846;-1.255448;1.141673;0.113775;
0.088880;-1.326032;1.088726;0.237307;-0.666368;0.518222;0.148146;-1.259152;1.136683;0.122469;
0.088900;-1.329095;1.083033;0.246062;-0.667697;0.515257;0.152440;-1.262806;1.131649;0.131157;
0.088920;-1.332105;1.077298;0.254807;-0.669000;0.512271;0.156728;-1.266410;1.126570;0.139841;
0.088940;-1.335062;1.071520;0.263542;-0.670276;0.509266;0.161010;-1.269965;1.121446;0.148519;
0.088960;-1.337967;1.065700;0.272267;-0.671527;0.506240;0.165286;-1.273469;1.116278;0.157191;
0.088980;-1.340819;1.059837;0.280981;-0.672750;0.503195;0.169555;-1.276923;1.111066;0.165857;
0.089000;-1.343617;1.053933;0.289684;-0.673947;0.500129;0.173818;-1.280327;1.105811;0.174516;
0.089020;-1.346363;1.047987;0.298376;-0.675118;0.497044;0.178073;-1.283680;1.100511;0.183169;
0.089040;-1.349056;1.042000;0.307056;-0.676261;0.493939;0.182322;-1.286982;1.095169;0.191814;
0.089060;-1.351695;1.035972;0.315723;-0.677378;0.490815;0.186563;-1.290234;1.089782;0.200451;
0.089080;-1.354282;1.029903;0.324379;-0.678469;0.487671;0.190797;-1.293435;1.084353;0.209081;
0.089100;-1.356814;1.023793;0.333021;-0.679532;0.484508;0.195024;-1.296584;1.078881;0.217703;
0.089120;-1.359293;1.017643;0.341650;-0.680569;0.481326;0.199243;-1.299682;1.073367;0.226315;
0.089140;-1.361719;1.011453;0.350266;-0.681579;0.478125;0.203454;-1.302730;1.067810;0.234919;
0.089160;-1.364090;1.005222;0.358868;-0.682562;0.474905;0.207657;-1.305725;1.062211;0.243514;
0.089180;-1.366408;0.998952;0.367456;-0.683518;0.471666;0.211851;-1.308669;1.056570;0.252099;
0.089200;-1.368672;0.992643;0.376029;-0.684447;0.468409;0.216038;-1.311562;1.050888;0.260674;
0.089220;-1.370882;0.986294;0.384587;-0.685349;0.465133;0.220215;-1.314402;1.045163;0.269239;
0.089240;-1.373037;0.979907;0.393131;-0.686224;0.461839;0.224385;-1.317191;1.039398;0.277793;
0.089260;-1.375139;0.973480;0.401658;-0.687072;0.458527;0.228545;-1.319928;1.033592;0.286337;
0.089280;-1.377186;0.967016;0.410170;-0.687892;0.455196;0.232696;-1.322613;1.027744;0.294868;
0.089300;-1.379179;0.960513;0.418666;-0.688686;0.451848;0.236838;-1.325245;1.021856;0.303389;
0.089320;-1.381117;0.953972;0.427145;-0.689452;0.448481;0.240971;-1.327825;1.015928;0.311897;
0.089340;-1.383001;0.947394;0.435607;-0.690191;0.445097;0.245094;-1.330353;1.009960;0.320393;
0.089360;-1.384830;0.940778;0.444052;-0.690903;0.441696;0.249207;-1.332828;1.003952;0.328876;
0.089380;-1.386605;0.934125;0.452480;-0.691588;0.438277;0.253311;-1.335251;0.997904;0.337347;
0.089400;-1.388325;0.927435;0.460890;-0.692245;0.434840;0.257405;-1.337621;0.991817;0.345804;
0.089420;-1.389990;0.920708;0.469281;-0.692875;0.431387;0.261488;-1.339938;0.985691;0.354247;
0.089440;-1.391600;0.913946;0.477654;-0.693478;0.427916;0.265561;-1.342202;0.979525;0.362676;
0.089460;-1.393155;0.907147;0.486008;-0.694053;0.424429;0.269624;-1.344413;0.973321;0.371092;
0.089480;-1.394655;0.900312;0.494343;-0.694601;0.420925;0.273676;-1.346571;0.967079;0.379492;
0.089500;-1.396100;0.893442;0.502659;-0.695121;0.417404;0.277717;-1.348676;0.960799;0.387877;
0.089520;-1.397490;0.886536;0.510954;-0.695614;0.413867;0.281748;-1.350728;0.954480;0.396248;
0.089540;-1.398825;0.879596;0.519229;-0.696080;0.410313;0.285767;-1.352726;0.948124;0.404602;
0.089560;-1.400105;0.872621;0.527484;-0.696518;0.406743;0.289775;-1.354671;0.941731;0.412941;
0.089580;-1.401329;0.865611;0.535718;-0.696929;0.403157;0.293771;-1.356563;0.935300;0.421263;
0.089600;-1.402498;0.858567;0.543931;-0.697312;0.399556;0.297756;-1.358401;0.928832;0.429568;
0.089620;-1.403612;0.851489;0.552123;-0.697667;0.395938;0.301729;-1.360185;0.922328;0.437857;
0.089640;-1.404670;0.844378;0.560292;-0.697995;0.392305;0.305690;-1.361915;0.915787;0.446128;
0.089660;-1.405673;0.837233;0.568440;-0.698296;0.388656;0.309639;-1.363592;0.909210;0.454382;
0.089680;-1.406620;0.830055;0.576565;-0.698568;0.384992;0.313576;-1.365215;0.902597;0.462618;
0.089700;-1.407512;0.822845;0.584667;-0.698814;0.381313;0.317501;-1.366784;0.895949;0.470835;
0.089720;-1.408348;0.815602;0.592747;-0.699031;0.377619;0.321413;-1.368300;0.889265;0.479034;
0.089740;-1.409129;0.808327;0.600803;-0.699221;0.373909;0.325312;-1.369761;0.882546;0.487214;
0.089760;-1.409854;0.801019;0.608835;-0.699384;0.370185;0.329199;-1.371168;0.875793;0.495375;
0.089780;-1.410523;0.793681;0.616843;-0.699519;0.366447;0.333072;-1.372521;0.869004;0.503516;
0.089800;-1.411137;0.786311;0.624826;-0.699626;0.362694;0.336932;-1.373819;0.862182;0.511638;
0.089820;-1.411695;0.778909;0.632786;-0.699706;0.358926;0.340779;-1.375064;0.855325;0.519739;
0.089840;-1.412197;0.771478;0.640720;-0.699758;0.355145;0.344613;-1.376254;0.848435;0.527820;
0.089860;-1.412644;0.764015;0.648628;-0.699782;0.351349;0.348433;-1.377390;0.841511;0.535879;
0.089880;-1.413034;0.756523;0.656512;-0.699779;0.347540;0.352239;-1.378472;0.834553;0.543918;
0.089900;-1.413369;0.749000;0.664369;-0.699748;0.343717;0.356031;-1.379499;0.827563;0.551935;
0.089920;-1.413648;0.741448;0.672200;-0.699690;0.339880;0.359809;-1.380471;0.820541;0.559931;
0.089940;-1.413872;0.733867;0.680004;-0.699603;0.336030;0.363573;-1.381389;0.813485;0.567904;
0.089960;-1.414039;0.726257;0.687782;-0.699490;0.332167;0.367323;-1.382253;0.806398;0.575855;
0.089980;-1.414151;0.718618;0.695533;-0.699348;0.328290;0.371058;-1.383062;0.799279;0.583783;
0.090000;-1.414207;0.710951;0.703256;-0.699179;0.324401;0.374779;-1.383816;0.792128;0.591688;
0.090020;-1.414207;0.703256;0.710951;-0.698983;0.320498;0.378485;-1.384516;0.784947;0.599570;
0.090040;-1.414151;0.695533;0.718618;-0.698759;0.316583;0.382175;-1.385161;0.777734;0.607428;
0.090060;-1.414039;0.687782;0.726257;-0.698507;0.312656;0.385851;-1.385752;0.770490;0.615262;
0.090080;-1.413872;0.680004;0.733867;-0.698228;0.308716;0.389511;-1.386288;0.763216;0.623072;
0.090100;-1.413648;0.672200;0.741448;-0.697921;0.304764;0.393156;-1.386769;0.755912;0.630857;
0.090120;-1.413369;0.664369;0.749000;-0.697586;0.300800;0.396786;-1.387195;0.748578;0.638617;
0.090140;-1.413034;0.656512;0.756523;-0.697224;0.296824;0.400400;-1.387566;0.741214;0.646352;
0.090160;-1.412644;0.648628;0.764015;-0.696835;0.292837;0.403998;-1.387883;0.733821;0.654062;
0.090180;-1.412197;0.640720;0.771478;-0.696418;0.288838;0.407580;-1.388145;0.726400;0.661745;
0.090200;-1.411695;0.632786;0.778909;-0.695973;0.284827;0.411146;-1.388352;0.718949;0.669403;
0.090220;-1.411137;0.624826;0.786311;-0.695501;0.280805;0.414696;-1.388504;0.711470;0.677034;
0.090240;-1.410523;0.616843;0.793681;-0.695002;0.276773;0.418229;-1.388602;0.703963;0.684639;
0.090260;-1.409854;0.608835;0.801019;-0.694475;0.272729;0.421746;-1.388645;0.696429;0.692216;
0.090280;-1.409129;0.600803;0.808327;-0.693921;0.268674;0.425247;-1.388633;0.688866;0.699766;
0.090300;-1.408348;0.592747;0.815602;-0.693339;0.264609;0.428730;-1.388566;0.681277;0.707289;
0.090320;-1.407512;0.584667;0.822845;-0.692730;0.260533;0.432197;-1.388444;0.673661;0.714783;
0.090340;-1.406620;0.576565;0.830055;-0.692094;0.256448;0.435646;-1.388267;0.666018;0.722250;
0.090360;-1.405673;0.568440;0.837233;-0.691430;0.252352;0.439079;-1.388036;0.658349;0.729687;
0.090380;-1.404670;0.560292;0.844378;-0.690739;0.248246;0.442494;-1.387750;0.650653;0.737096;
0.090400;-1.403612;0.552123;0.851489;-0.690021;0.244130;0.445891;-1.387409;0.642932;0.744476;
0.090420;-1.402498;0.543931;0.858567;-0.689275;0.240004;0.449271;-1.387013;0.635186;0.751827;
0.090440;-1.401329;0.535718;0.865611;-0.688502;0.235869;0.452633;-1.386562;0.627415;0.759148;
0.090460;-1.400105;0.527484;0.872621;-0.687703;0.231725;0.455977;-1.386057;0.619619;0.766438;
0.090480;-1.398825;0.519229;0.879596;-0.686876;0.227572;0.459304;-1.385497;0.611798;0.773699;
0.090500;-1.397490;0.510954;0.886536;-0.686021;0.223410;0.462612;-1.384883;0.603953;0.780929;
0.090520;-1.396100;0.502659;0.893442;-0.685140;0.219238;0.465902;-1.384213;0.596085;0.788128;
0.090540;-1.394655;0.494343;0.900312;-0.684232;0.215059;0.469173;-1.383489;0.588193;0.795297;
0.090560;-1.393155;0.486008;0.907147;-0.683296;0.210870;0.472426;-1.382711;0.580277;0.802433;
0.090580;-1.391600;0.477654;0.913946;-0.682334;0.206674;0.475661;-1.381878;0.572339;0.809538;
0.090600;-1.389990;0.469281;0.920708;-0.681345;0.202469;0.478876;-1.380990;0.564378;0.816611;
0.090620;-1.388325;0.460890;0.927435;-0.680329;0.198256;0.482073;-1.380048;0.556395;0.823652;
0.090640;-1.386605;0.452480;0.934125;-0.679286;0.194035;0.485250;-1.379051;0.548390;0.830661;
0.090660;-1.384830;0.444052;0.940778;-0.678216;0.189807;0.488409;-1.378000;0.540364;0.837636;
0.090680;-1.383001;0.435607;0.947394;-0.677119;0.185571;0.491548;-1.376894;0.532315;0.844579;
0.090700;-1.381117;0.427145;0.953972;-0.675996;0.181328;0.494668;-1.375734;0.524246;0.851488;
0.090720;-1.379179;0.418666;0.960513;-0.674846;0.177078;0.497768;-1.374520;0.516157;0.858363;
0.090740;-1.377186;0.410170;0.967016;-0.673669;0.172821;0.500849;-1.373251;0.508047;0.865205;
0.090760;-1.375139;0.401658;0.973480;-0.672466;0.168557;0.503909;-1.371929;0.499916;0.872012;
0.090780;-1.373037;0.393131;0.979907;-0.671236;0.164286;0.506950;-1.370552;0.491766;0.878785;
0.090800;-1.370882;0.384587;0.986294;-0.669980;0.160009;0.509971;-1.369121;0.483597;0.885524;
0.090820;-1.368672;0.376029;0.992643;-0.668697;0.155725;0.512972;-1.367636;0.475409;0.892227;
0.090840;-1.366408;0.367456;0.998952;-0.667388;0.151436;0.515953;-1.366097;0.467201;0.898895;
0.090860;-1.364090;0.358868;1.005222;-0.666053;0.147140;0.518913;-1.364504;0.458976;0.905528;
0.090880;-1.361719;0.350266;1.011453;-0.664691;0.142839;0.521852;-1.362857;0.450732;0.912125;
0.090900;-1.359293;0.341650;1.017643;-0.663303;0.138531;0.524771;-1.361156;0.442470;0.918686;
0.090920;-1.356814;0.333021;1.023793;-0.661889;0.134219;0.527670;-1.359402;0.434191;0.925210;
0.090940;-1.354282;0.324379;1.029903;-0.660448;0.129901;0.530547;-1.357594;0.425895;0.931699;
0.090960;-1.351695;0.315723;1.035972;-0.658982;0.125578;0.533404;-1.355732;0.417582;0.938150;
0.090980;-1.349056;0.307056;1.042000;-0.657489;0.121250;0.536239;-1.353817;0.409253;0.944564;
0.091000;-1.346363;0.298376;1.047987;-0.655971;0.116917;0.539054;-1.351848;0.400907;0.950941;
0.091020;-1.343617;0.289684;1.053933;-0.654427;0.112580;0.541847;-1.349826;0.392546;0.957281;
0.091040;-1.340819;0.280981;1.059837;-0.652857;0.108238;0.544619;-1.347751;0.384169;0.963582;
0.091060;-1.337967;0.272267;1.065700;-0.651261;0.103892;0.547369;-1.345623;0.375777;0.969846;
0.091080;-1.335062;0.263542;1.071520;-0.649639;0.099542;0.550097;-1.343441;0.367370;0.976071;
0.091100;-1.332105;0.254807;1.077298;-0.647992;0.095188;0.552804;-1.341206;0.358948;0.982258;
0.091120;-1.329095;0.246062;1.083033;-0.646319;0.090830;0.555489;-1.338919;0.350513;0.988406;
0.091140;-1.326032;0.237307;1.088726;-0.644621;0.086469;0.558152;-1.336578;0.342063;0.994515;
0.091160;-1.322918;0.228542;1.094375;-0.642897;0.082104;0.560793;-1.334185;0.333600;1.000585;
0.091180;-1.319751;0.219769;1.099982;-0.641148;0.077736;0.563412;-1.331739;0.325124;1.006615;
0.091200;-1.316532;0.210987;1.105545;-0.639373;0.073364;0.566009;-1.329241;0.316635;1.012606;
0.091220;-1.313260;0.202196;1.111064;-0.637574;0.068990;0.568583;-1.326690;0.308134;1.018556;
0.091240;-1.309938;0.193398;1.116540;-0.635749;0.064614;0.571135;-1.324087;0.299620;1.024467;
0.091260;-1.306563;0.184592;1.121971;-0.633899;0.060234;0.573665;-1.321431;0.291094;1.030337;
0.091280;-1.303137;0.175779;1.127358;-0.632024;0.055853;0.576171;-1.318723;0.282557;1.036166;
0.091300;-1.299659;0.166958;1.132701;-0.630124;0.051469;0.578655;-1.315964;0.274009;1.041954;
0.091320;-1.296130;0.158131;1.137999;-0.628199;0.047083;0.581116;-1.313152;0.265450;1.047701;
0.091340;-1.292550;0.149298;1.143252;-0.626249;0.042695;0.583554;-1.310288;0.256881;1.053407;
0.091360;-1.288919;0.140459;1.148460;-0.624275;0.038305;0.585970;-1.307373;0.248301;1.059071;
0.091380;-1.285237;0.131615;1.153622;-0.622276;0.033914;0.588362;-1.304406;0.239712;1.064694;
0.091400;-1.281504;0.122765;1.158739;-0.620252;0.029522;0.590730;-1.301388;0.231113;1.070274;
0.091420;-1.277721;0.113910;1.163810;-0.618204;0.025128;0.593076;-1.298318;0.222505;1.075812;
0.091440;-1.273887;0.105051;1.168836;-0.616132;0.020734;0.595398;-1.295197;0.213889;1.081308;
0.091460;-1.270003;0.096188;1.173815;-0.614035;0.016339;0.597696;-1.292025;0.205263;1.086761;
0.091480;-1.266069;0.087321;1.178747;-0.611914;0.011943;0.599971;-1.288801;0.196630;1.092171;
0.091500;-1.262084;0.078451;1.183634;-0.609769;0.007546;0.602222;-1.285527;0.187989;1.097538;
0.091520;-1.258050;0.069577;1.188473;-0.607599;0.003149;0.604450;-1.282202;0.179341;1.102862;
0.091540;-1.253967;0.060701;1.193266;-0.605406;-0.001247;0.606654;-1.278827;0.170685;1.108142;
0.091560;-1.249833;0.051822;1.198011;-0.603189;-0.005644;0.608833;-1.275401;0.162023;1.113378;
0.091580;-1.245651;0.042941;1.202710;-0.600948;-0.010041;0.610989;-1.271925;0.153354;1.118571;
0.091600;-1.241419;0.034059;1.207360;-0.598683;-0.014437;0.613120;-1.268398;0.144679;1.123719;
0.091620;-1.237138;0.025175;1.211963;-0.596395;-0.018833;0.615228;-1.264822;0.135999;1.128823;
0.091640;-1.232809;0.016290;1.216519;-0.594083;-0.023227;0.617311;-1.261195;0.127313;1.133882;
0.091660;-1.228430;0.007405;1.221026;-0.591748;-0.027621;0.619369;-1.257519;0.118622;1.138896;
0.091680;-1.224004;-0.001481;1.225485;-0.589389;-0.032014;0.621403;-1.253793;0.109927;1.143866;
0.091700;-1.219529;-0.010367;1.229895;-0.587007;-0.036406;0.623413;-1.250017;0.101227;1.148790;
0.091720;-1.215005;-0.019252;1.234257;-0.584602;-0.040796;0.625398;-1.246193;0.092523;1.153670;
0.091740;-1.210434;-0.028136;1.238571;-0.582174;-0.045185;0.627359;-1.242319;0.083816;1.158503;
0.091760;-1.205815;-0.037020;1.242835;-0.579723;-0.049571;0.629294;-1.238396;0.075105;1.163291;
0.091780;-1.201149;-0.045902;1.247050;-0.577249;-0.053956;0.631205;-1.234424;0.066391;1.168033;
0.091800;-1.196435;-0.054782;1.251217;-0.574752;-0.058339;0.633091;-1.230403;0.057675;1.172728;
0.091820;-1.191673;-0.063660;1.255333;-0.572232;-0.062719;0.634951;-1.226334;0.048956;1.177378;
0.091840;-1.186865;-0.072535;1.259400;-0.569690;-0.067097;0.636787;-1.222216;0.040235;1.181981;
0.091860;-1.182010;-0.081408;1.263418;-0.567125;-0.071472;0.638598;-1.218050;0.031513;1.186537;
0.091880;-1.177108;-0.090277;1.267386;-0.564538;-0.075845;0.640383;-1.213836;0.022790;1.191047;
0.091900;-1.172160;-0.099143;1.271303;-0.561929;-0.080214;0.642143;-1.209574;0.014065;1.195509;
0.091920;-1.167166;-0.108005;1.275170;-0.559298;-0.084581;0.643878;-1.205265;0.005340;1.199924;
0.091940;-1.162125;-0.116863;1.278987;-0.556644;-0.088944;0.645588;-1.200908;-0.003385;1.204292;
0.091960;-1.157038;-0.125716;1.282754;-0.553968;-0.093303;0.647271;-1.196503;-0.012110;1.208613;
0.091980;-1.151906;-0.134564;1.286470;-0.551271;-0.097659;0.648930;-1.192051;-0.020834;1.212885;
0.092000;-1.146729;-0.143406;1.290135;-0.548552;-0.102011;0.650562;-1.187552;-0.029558;1.217110;
0.092020;-1.141506;-0.152243;1.293749;-0.545811;-0.106359;0.652169;-1.183006;-0.038280;1.221287;
0.092040;-1.136238;-0.161074;1.297312;-0.543049;-0.110702;0.653751;-1.178414;-0.047001;1.225415;
0.092060;-1.130925;-0.169899;1.300824;-0.540265;-0.115041;0.655306;-1.173775;-0.055720;1.229495;
0.092080;-1.125567;-0.178717;1.304285;-0.537460;-0.119376;0.656836;-1.169089;-0.064437;1.233527;
0.092100;-1.120165;-0.187528;1.307694;-0.534633;-0.123706;0.658339;-1.164358;-0.073152;1.237510;
0.092120;-1.114719;-0.196332;1.311051;-0.531786;-0.128031;0.659817;-1.159580;-0.081863;1.241444;
0.092140;-1.109229;-0.205127;1.314357;-0.528917;-0.132352;0.661269;-1.154757;-0.090572;1.245329;
0.092160;-1.103695;-0.213915;1.317610;-0.526028;-0.136666;0.662694;-1.149888;-0.099276;1.249164;
0.092180;-1.098118;-0.222694;1.320812;-0.523118;-0.140976;0.664094;-1.144974;-0.107977;1.252951;
0.092200;-1.092497;-0.231465;1.323962;-0.520187;-0.145280;0.665467;-1.140014;-0.116674;1.256688;
0.092220;-1.086833;-0.240226;1.327059;-0.517236;-0.149578;0.666814;-1.135010;-0.125365;1.260375;
0.092240;-1.081126;-0.248978;1.330104;-0.514264;-0.153870;0.668134;-1.129961;-0.134052;1.264013;
0.092260;-1.075376;-0.257720;1.333096;-0.511272;-0.158156;0.669428;-1.124867;-0.142734;1.267601;
0.092280;-1.069584;-0.266452;1.336036;-0.508260;-0.162436;0.670696;-1.119728;-0.151410;1.271139;
0.092300;-1.063750;-0.275173;1.338923;-0.505227;-0.166710;0.671937;-1.114546;-0.160080;1.274626;
0.092320;-1.057874;-0.283884;1.341757;-0.502175;-0.170977;0.673152;-1.109319;-0.168744;1.278063;
0.092340;-1.051956;-0.292583;1.344539;-0.499103;-0.175237;0.674340;-1.104049;-0.177401;1.281450;
0.092360;-1.045996;-0.301270;1.347267;-0.496011;-0.179490;0.675502;-1.098735;-0.186051;1.284786;
0.092380;-1.039995;-0.309946;1.349942;-0.492900;-0.183737;0.676637;-1.093378;-0.194694;1.288072;
0.092400;-1.033954;-0.318610;1.352563;-0.489769;-0.187976;0.677745;-1.087978;-0.203329;1.291306;
0.092420;-1.027871;-0.327261;1.355132;-0.486619;-0.192207;0.678826;-1.082534;-0.211956;1.294490;
0.092440;-1.021748;-0.335899;1.357646;-0.483450;-0.196431;0.679881;-1.077048;-0.220575;1.297623;
0.092460;-1.015584;-0.344524;1.360108;-0.480261;-0.200647;0.680909;-1.071519;-0.229184;1.300704;
0.092480;-1.009380;-0.353135;1.362515;-0.477054;-0.204856;0.681909;-1.065948;-0.237785;1.303734;
0.092500;-1.003137;-0.361732;1.364869;-0.473828;-0.209056;0.682883;-1.060335;-0.246377;1.306712;
0.092520;-0.996853;-0.370315;1.367169;-0.470583;-0.213248;0.683830;-1.054681;-0.254959;1.309639;
0.092540;-0.990531;-0.378883;1.369414;-0.467319;-0.217431;0.684750;-1.048984;-0.263530;1.312514;
0.092560;-0.984169;-0.387437;1.371606;-0.464037;-0.221606;0.685643;-1.043246;-0.272092;1.315338;
0.092580;-0.977769;-0.395975;1.373744;-0.460737;-0.225772;0.686509;-1.037467;-0.280642;1.318109;
0.092600;-0.971330;-0.404497;1.375827;-0.457419;-0.229930;0.687348;-1.031647;-0.289182;1.320829;
0.092620;-0.964852;-0.413004;1.377856;-0.454082;-0.234078;0.688160;-1.025786;-0.297710;1.323496;
0.092640;-0.958337;-0.421494;1.379831;-0.450728;-0.238217;0.688944;-1.019885;-0.306226;1.326111;
0.092660;-0.951783;-0.429968;1.381751;-0.447355;-0.242346;0.689702;-1.013943;-0.314730;1.328674;
0.092680;-0.945192;-0.438424;1.383617;-0.443965;-0.246466;0.690432;-1.007962;-0.323222;1.331184;
0.092700;-0.938564;-0.446864;1.385428;-0.440558;-0.250576;0.691134;-1.001940;-0.331701;1.333642;
0.092720;-0.931899;-0.455285;1.387184;-0.437133;-0.254677;0.691810;-0.995879;-0.340167;1.336047;
0.092740;-0.925197;-0.463689;1.388886;-0.433691;-0.258767;0.692458;-0.989779;-0.348620;1.338399;
0.092760;-0.918458;-0.472074;1.390532;-0.430232;-0.262847;0.693079;-0.983640;-0.357058;1.340698;
0.092780;-0.911683;-0.480441;1.392124;-0.426756;-0.266917;0.693673;-0.977462;-0.365483;1.342945;
0.092800;-0.904872;-0.488789;1.393661;-0.423263;-0.270976;0.694239;-0.971245;-0.373893;1.345138;
0.092820;-0.898026;-0.497117;1.395143;-0.419753;-0.275025;0.694777;-0.964990;-0.382289;1.347279;
0.092840;-0.891144;-0.505426;1.396570;-0.416227;-0.279062;0.695289;-0.958697;-0.390669;1.349366;
0.092860;-0.884227;-0.513715;1.397941;-0.412684;-0.283089;0.695773;-0.952366;-0.399034;1.351400;
0.092880;-0.877275;-0.521983;1.399258;-0.409125;-0.287104;0.696229;-0.945997;-0.407383;1.353380;
0.092900;-0.870288;-0.530231;1.400519;-0.405550;-0.291108;0.696658;-0.939591;-0.415716;1.355308;
0.092920;-0.863267;-0.538458;1.401725;-0.401958;-0.295101;0.697059;-0.933148;-0.424033;1.357181;
0.092940;-0.856211;-0.546664;1.402876;-0.398351;-0.299082;0.697433;-0.926668;-0.432333;1.359001;
0.092960;-0.849122;-0.554848;1.403971;-0.394729;-0.303051;0.697780;-0.920152;-0.440616;1.360768;
0.092980;-0.842000;-0.563011;1.405011;-0.391090;-0.307008;0.698098;-0.913599;-0.448882;1.362480;
0.093000;-0.834844;-0.571151;1.405995;-0.387436;-0.310953;0.698390;-0.907010;-0.457129;1.364139;
0.093020;-0.827655;-0.579268;1.406924;-0.383767;-0.314886;0.698653;-0.900385;-0.465359;1.365744;
0.093040;-0.820434;-0.587363;1.407797;-0.380083;-0.318806;0.698889;-0.893725;-0.473570;1.367295;
0.093060;-0.813180;-0.595435;1.408615;-0.376384;-0.322714;0.699098;-0.887029;-0.481763;1.368793;
0.093080;-0.805894;-0.603483;1.409377;-0.372670;-0.326609;0.699279;-0.880299;-0.489937;1.370236;
0.093100;-0.798577;-0.611507;1.410083;-0.368941;-0.330491;0.699432;-0.873534;-0.498091;1.371625;
0.093120;-0.791227;-0.619507;1.410734;-0.365197;-0.334360;0.699558;-0.866734;-0.506226;1.372960;
0.093140;-0.783847;-0.627482;1.411329;-0.361440;-0.338216;0.699656;-0.859900;-0.514340;1.374240;
0.093160;-0.776436;-0.635433;1.411869;-0.357667;-0.342059;0.699726;-0.853032;-0.522435;1.375467;
0.093180;-0.768993;-0.643359;1.412352;-0.353881;-0.345888;0.699769;-0.846130;-0.530509;1.376639;
0.093200;-0.761521;-0.651259;1.412780;-0.350081;-0.349703;0.699784;-0.839195;-0.538561;1.377757;
0.093220;-0.754019;-0.659134;1.413152;-0.346267;-0.353505;0.699772;-0.832227;-0.546593;1.378820;
0.093240;-0.746486;-0.666982;1.413468;-0.342439;-0.357292;0.699732;-0.825226;-0.554603;1.379829;
0.093260;-0.738925;-0.674804;1.413729;-0.338598;-0.361066;0.699664;-0.818192;-0.562591;1.380783;
0.093280;-0.731334;-0.682600;1.413934;-0.334744;-0.364825;0.699569;-0.811127;-0.570557;1.381683;
0.093300;-0.723714;-0.690369;1.414083;-0.330876;-0.368570;0.699446;-0.804029;-0.578500;1.382529;
0.093320;-0.716066;-0.698110;1.414176;-0.326995;-0.372300;0.699295;-0.796899;-0.586420;1.383320;
0.093340;-0.708389;-0.705824;1.414213;-0.323101;-0.376016;0.699117;-0.789738;-0.594318;1.384056;
0.093360;-0.700684;-0.713510;1.414194;-0.319195;-0.379716;0.698911;-0.782546;-0.602192;1.384737;
0.093380;-0.692952;-0.721168;1.414120;-0.315276;-0.383402;0.698678;-0.775322;-0.610042;1.385364;
0.093400;-0.685193;-0.728797;1.413989;-0.311344;-0.387073;0.698417;-0.768069;-0.617868;1.385936;
0.093420;-0.677406;-0.736397;1.413803;-0.307400;-0.390728;0.698128;-0.760785;-0.625669;1.386454;
0.093440;-0.669593;-0.743969;1.413561;-0.303444;-0.394368;0.697812;-0.753470;-0.633446;1.386917;
0.093460;-0.661753;-0.751511;1.413264;-0.299476;-0.397992;0.697469;-0.746127;-0.641198;1.387325;
0.093480;-0.653887;-0.759024;1.412910;-0.295497;-0.401601;0.697098;-0.738753;-0.648925;1.387678;
0.093500;-0.645995;-0.766506;1.412501;-0.291505;-0.405194;0.696699;-0.731351;-0.656626;1.387976;
0.093520;-0.638078;-0.773958;1.412036;-0.287502;-0.408771;0.696273;-0.723919;-0.664301;1.388220;
0.093540;-0.630135;-0.781380;1.411515;-0.283488;-0.412331;0.695819;-0.716459;-0.671950;1.388409;
0.093560;-0.622168;-0.788771;1.410939;-0.279462;-0.415876;0.695338;-0.708971;-0.679572;1.388543;
0.093580;-0.614176;-0.796130;1.410306;-0.275426;-0.419404;0.694829;-0.701455;-0.687167;1.388622;
0.093600;-0.606160;-0.803459;1.409619;-0.271378;-0.422915;0.694293;-0.693911;-0.694736;1.388647;
0.093620;-0.598120;-0.810755;1.408875;-0.267320;-0.426410;0.693730;-0.686340;-0.702277;1.388616;
0.093640;-0.590056;-0.818020;1.408076;-0.263252;-0.429888;0.693139;-0.678741;-0.709790;1.388531;
0.093660;-0.581969;-0.825252;1.407221;-0.259173;-0.433348;0.692521;-0.671116;-0.717275;1.388391;
0.093680;-0.573859;-0.832452;1.406311;-0.255083;-0.436792;0.691876;-0.663464;-0.724732;1.388196;
0.093700;-0.565727;-0.839618;1.405345;-0.250984;-0.440219;0.691203;-0.655786;-0.732160;1.387947;
0.093720;-0.557572;-0.846752;1.404324;-0.246875;-0.443628;0.690503;-0.648083;-0.739560;1.387642;
0.093740;-0.549395;-0.853852;1.403247;-0.242756;-0.447020;0.689775;-0.640353;-0.746930;1.387283;
0.093760;-0.541196;-0.860919;1.402115;-0.238627;-0.450394;0.689021;-0.632599;-0.754270;1.386869;
0.093780;-0.532976;-0.867951;1.400927;-0.234489;-0.453750;0.688239;-0.624819;-0.761581;1.386400;
0.093800;-0.524735;-0.874949;1.399684;-0.230342;-0.457088;0.687430;-0.617015;-0.768862;1.385877;
0.093820;-0.516473;-0.881913;1.398386;-0.226185;-0.460408;0.686594;-0.609186;-0.776113;1.385298;
0.093840;-0.508191;-0.888842;1.397033;-0.222020;-0.463710;0.685731;-0.601333;-0.783332;1.384666;
0.093860;-0.499889;-0.895736;1.395625;-0.217846;-0.466994;0.684840;-0.593457;-0.790521;1.383978;
0.093880;-0.491567;-0.902594;1.394161;-0.213663;-0.470260;0.683923;-0.585557;-0.797679;1.383236;
0.093900;-0.483226;-0.909417;1.392643;-0.209472;-0.473506;0.682979;-0.577634;-0.804805;1.382439;
0.093920;-0.474865;-0.916204;1.391069;-0.205273;-0.476734;0.682007;-0.569688;-0.811900;1.381588;
0.093940;-0.466486;-0.922955;1.389441;-0.201065;-0.479944;0.681009;-0.561720;-0.818962;1.380682;
0.093960;-0.458088;-0.929669;1.387757;-0.196850;-0.483134;0.679984;-0.553729;-0.825992;1.379721;
0.093980;-0.449673;-0.936347;1.386019;-0.192627;-0.486305;0.678932;-0.545717;-0.832989;1.378706;
0.094000;-0.441239;-0.942987;1.384227;-0.188396;-0.489457;0.677853;-0.537683;-0.839954;1.377637;
0.094020;-0.432788;-0.949591;1.382379;-0.184158;-0.492590;0.676748;-0.529628;-0.846885;1.376513;
0.094040;-0.424321;-0.956157;1.380477;-0.179912;-0.495703;0.675616;-0.521552;-0.853783;1.375335;
0.094060;-0.415836;-0.962685;1.378521;-0.175660;-0.498797;0.674457;-0.513456;-0.860648;1.374103;
0.094080;-0.407335;-0.969175;1.376510;-0.171400;-0.501871;0.673271;-0.505339;-0.867478;1.372816;
0.094100;-0.398818;-0.975627;1.374444;-0.167134;-0.504925;0.672059;-0.497202;-0.874274;1.371476;
0.094120;-0.390285;-0.982040;1.372325;-0.162861;-0.507960;0.670821;-0.489045;-0.881035;1.370081;
0.094140;-0.381736;-0.988415;1.370151;-0.158582;-0.510974;0.669555;-0.480870;-0.887762;1.368632;
0.094160;-0.373173;-0.994750;1.367923;-0.154296;-0.513968;0.668264;-0.472675;-0.894454;1.367129;
0.094180;-0.364595;-1.001047;1.365641;-0.150004;-0.516942;0.666946;-0.464462;-0.901110;1.365572;
0.094200;-0.356002;-1.007303;1.363306;-0.145707;-0.519895;0.665602;-0.456230;-0.907731;1.363961;
0.094220;-0.347396;-1.013520;1.360916;-0.141403;-0.522828;0.664231;-0.447980;-0.914316;1.362296;
0.094240;-0.338775;-1.019698;1.358473;-0.137094;-0.525740;0.662834;-0.439713;-0.920865;1.360577;
0.094260;-0.330142;-1.025834;1.355976;-0.132780;-0.528631;0.661411;-0.431428;-0.927377;1.358805;
0.094280;-0.321495;-1.031931;1.353425;-0.128461;-0.531502;0.659962;-0.423126;-0.933853;1.356979;
0.094300;-0.312835;-1.037986;1.350822;-0.124136;-0.534351;0.658487;-0.414808;-0.940292;1.355100;
0.094320;-0.304164;-1.044001;1.348164;-0.119806;-0.537180;0.656986;-0.406473;-0.946694;1.353167;
0.094340;-0.295480;-1.049974;1.345454;-0.115472;-0.539987;0.655459;-0.398122;-0.953059;1.351180;
0.094360;-0.286785;-1.055906;1.342690;-0.111133;-0.542773;0.653906;-0.389755;-0.959386;1.349141;
0.094380;-0.278078;-1.061796;1.339874;-0.106790;-0.545538;0.652328;-0.381373;-0.965675;1.347048;
0.094400;-0.269360;-1.067644;1.337004;-0.102442;-0.548281;0.650723;-0.372976;-0.971925;1.344901;
0.094420;-0.260632;-1.073450;1.334082;-0.098091;-0.551002;0.649093;-0.364564;-0.978138;1.342702;
0.094440;-0.251893;-1.079214;1.331107;-0.093736;-0.553702;0.647437;-0.356138;-0.984312;1.340450;
0.094460;-0.243144;-1.084935;1.328080;-0.089377;-0.556379;0.645756;-0.347698;-0.990447;1.338145;
0.094480;-0.234386;-1.090614;1.325000;-0.085014;-0.559035;0.644049;-0.339244;-0.996543;1.335787;
0.094500;-0.225619;-1.096249;1.321868;-0.080648;-0.561669;0.642317;-0.330776;-1.002600;1.333376;
0.094520;-0.216842;-1.101841;1.318683;-0.076279;-0.564280;0.640559;-0.322296;-1.008617;1.330912;
0.094540;-0.208058;-1.107389;1.315447;-0.071907;-0.566870;0.638776;-0.313803;-1.014594;1.328396;
0.094560;-0.199264;-1.112894;1.312159;-0.067532;-0.569436;0.636968;-0.305297;-1.020531;1.325828;
0.094580;-0.190463;-1.118355;1.308818;-0.063154;-0.571981;0.635135;-0.296779;-1.026428;1.323207;
0.094600;-0.181655;-1.123772;1.305427;-0.058774;-0.574503;0.633277;-0.288250;-1.032284;1.320534;
0.094620;-0.172839;-1.129144;1.301983;-0.054391;-0.577002;0.631393;-0.279709;-1.038100;1.317809;
0.094640;-0.164017;-1.134472;1.298488;-0.050007;-0.579478;0.629485;-0.271158;-1.043875;1.315032;
0.094660;-0.155188;-1.139755;1.294942;-0.045620;-0.581932;0.627552;-0.262595;-1.049608;1.312203;
0.094680;-0.146353;-1.144993;1.291345;-0.041232;-0.584362;0.625594;-0.254022;-1.055300;1.309322;
0.094700;-0.137512;-1.150185;1.287697;-0.036842;-0.586769;0.623611;-0.245439;-1.060950;1.306390;
0.094720;-0.128665;-1.155333;1.283998;-0.032450;-0.589154;0.621604;-0.236847;-1.066559;1.303406;
0.094740;-0.119814;-1.160435;1.280249;-0.028058;-0.591515;0.619572;-0.228245;-1.072125;1.300370;
0.094760;-0.110958;-1.165490;1.276448;-0.023664;-0.593852;0.617516;-0.219634;-1.077649;1.297283;
0.094780;-0.102097;-1.170500;1.272598;-0.019269;-0.596167;0.615436;-0.211014;-1.083131;1.294145;
0.094800;-0.093233;-1.175464;1.268697;-0.014873;-0.598457;0.613331;-0.202387;-1.088569;1.290956;
0.094820;-0.084365;-1.180381;1.264746;-0.010477;-0.600724;0.611202;-0.193751;-1.093965;1.287716;
0.094840;-0.075493;-1.185252;1.260745;-0.006081;-0.602968;0.609048;-0.185107;-1.099317;1.284425;
0.094860;-0.066619;-1.190076;1.256695;-0.001684;-0.605187;0.606871;-0.176456;-1.104627;1.281083;
0.094880;-0.057741;-1.194853;1.252594;0.002713;-0.607383;0.604670;-0.167798;-1.109892;1.277691;
0.094900;-0.048862;-1.199583;1.248445;0.007110;-0.609554;0.602445;-0.159134;-1.115114;1.274248;
0.094920;-0.039981;-1.204265;1.244246;0.011506;-0.611702;0.600196;-0.150463;-1.120292;1.270755;
0.094940;-0.031098;-1.208900;1.239998;0.015902;-0.613825;0.597923;-0.141787;-1.125425;1.267212;
0.094960;-0.022214;-1.213487;1.235701;0.020298;-0.615925;0.595627;-0.133104;-1.130514;1.263618;
0.094980;-0.013328;-1.218026;1.231355;0.024692;-0.618000;0.593307;-0.124417;-1.135558;1.259975;
0.095000;-0.004443;-1.222517;1.226960;0.029086;-0.620050;0.590964;-0.115724;-1.140558;1.256282;
0.095020;0.004443;-1.226960;1.222517;0.033478;-0.622076;0.588598;-0.107027;-1.145513;1.252540;
0.095040;0.013328;-1.231355;1.218026;0.037869;-0.624078;0.586208;-0.098326;-1.150422;1.248748;
0.095060;0.022214;-1.235701;1.213487;0.042259;-0.626054;0.583795;-0.089621;-1.155286;1.244907;
0.095080;0.031098;-1.239998;1.208900;0.046647;-0.628006;0.581359;-0.080912;-1.160104;1.241016;
0.095100;0.039981;-1.244246;1.204265;0.051033;-0.629934;0.578901;-0.072201;-1.164877;1.237077;
0.095120;0.048862;-1.248445;1.199583;0.055417;-0.631836;0.576419;-0.063486;-1.169603;1.233089;
0.095140;0.057741;-1.252594;1.194853;0.059799;-0.633714;0.573914;-0.054769;-1.174283;1.229052;
0.095160;0.066619;-1.256695;1.190076;0.064179;-0.635566;0.571387;-0.046049;-1.178917;1.224967;
0.095180;0.075493;-1.260745;1.185252;0.068556;-0.637394;0.568838;-0.037328;-1.183505;1.220833;
0.095200;0.084365;-1.264746;1.180381;0.072930;-0.639196;0.566266;-0.028605;-1.188046;1.216651;
0.095220;0.093233;-1.268697;1.175464;0.077302;-0.640973;0.563671;-0.019882;-1.192539;1.212421;
0.095240;0.102097;-1.272598;1.170500;0.081670;-0.642724;0.561054;-0.011157;-1.196986;1.208143;
0.095260;0.110958;-1.276448;1.165490;0.086035;-0.644451;0.558415;-0.002432;-1.201386;1.203818;
0.095280;0.119814;-1.280249;1.160435;0.090397;-0.646152;0.555755;0.006293;-1.205738;1.199445;
0.095300;0.128665;-1.283998;1.155333;0.094755;-0.647827;0.553072;0.015018;-1.210042;1.195024;
0.095320;0.137512;-1.287697;1.150185;0.099110;-0.649477;0.550367;0.023742;-1.214299;1.190557;
0.095340;0.146353;-1.291345;1.144993;0.103460;-0.651101;0.547641;0.032465;-1.218507;1.186042;
0.095360;0.155188;-1.294942;1.139755;0.107807;-0.652699;0.544893;0.041187;-1.222668;1.181481;
0.095380;0.164017;-1.298488;1.134472;0.112149;-0.654272;0.542123;0.049908;-1.226780;1.176873;
0.095400;0.172839;-1.301983;1.129144;0.116487;-0.655819;0.539332;0.058626;-1.230844;1.172218;
0.095420;0.181655;-1.305427;1.123772;0.120820;-0.657340;0.536520;0.067342;-1.234860;1.167517;
0.095440;0.190463;-1.308818;1.118355;0.125149;-0.658835;0.533686;0.076056;-1.238826;1.162770;
0.095460;0.199264;-1.312159;1.112894;0.129472;-0.660304;0.530832;0.084766;-1.242744;1.157978;
0.095480;0.208058;-1.315447;1.107389;0.133790;-0.661747;0.527956;0.093474;-1.246613;1.153139;
0.095500;0.216842;-1.318683;1.101841;0.138104;-0.663164;0.525060;0.102177;-1.250432;1.148255;
0.095520;0.225619;-1.321868;1.096249;0.142411;-0.664554;0.522143;0.110876;-1.254202;1.143326;
0.095540;0.234386;-1.325000;1.090614;0.146713;-0.665919;0.519205;0.119571;-1.257923;1.138351;
0.095560;0.243144;-1.328080;1.084935;0.151009;-0.667257;0.516247;0.128262;-1.261593;1.133332;
0.095580;0.251893;-1.331107;1.079214;0.155300;-0.668569;0.513269;0.136947;-1.265215;1.128268;
0.095600;0.260632;-1.334082;1.073450;0.159584;-0.669854;0.510270;0.145627;-1.268786;1.123159;
0.095620;0.269360;-1.337004;1.067644;0.163862;-0.671113;0.507251;0.154301;-1.272307;1.118006;
0.095640;0.278078;-1.339874;1.061796;0.168133;-0.672345;0.504212;0.162969;-1.275777;1.112809;
0.095660;0.286785;-1.342690;1.055906;0.172398;-0.673551;0.501153;0.171630;-1.279198;1.107568;
0.095680;0.295480;-1.345454;1.049974;0.176656;-0.674730;0.498075;0.180285;-1.282568;1.102283;
0.095700;0.304164;-1.348164;1.044001;0.180907;-0.675883;0.494976;0.188933;-1.285887;1.096954;
0.095720;0.312835;-1.350822;1.037986;0.185150;-0.677009;0.491859;0.197573;-1.289156;1.091583;
0.095740;0.321495;-1.353425;1.031931;0.189387;-0.678108;0.488721;0.206205;-1.292373;1.086168;
0.095760;0.330142;-1.355976;1.025834;0.193616;-0.679181;0.485565;0.214830;-1.295540;1.080710;
0.095780;0.338775;-1.358473;1.019698;0.197837;-0.680226;0.482389;0.223446;-1.298655;1.075210;
0.095800;0.347396;-1.360916;1.013520;0.202051;-0.681245;0.479194;0.232052;-1.301720;1.069667;
0.095820;0.356002;-1.363306;1.007303;0.206257;-0.682237;0.475981;0.240650;-1.304732;1.064082;
0.095840;0.364595;-1.365641;1.001047;0.210454;-0.683202;0.472748;0.249239;-1.307694;1.058455;
0.095860;0.373173;-1.367923;0.994750;0.214643;-0.684140;0.469497;0.257817;-1.310603;1.052786;
0.095880;0.381736;-1.370151;0.988415;0.218824;-0.685051;0.466227;0.266385;-1.313461;1.047076;
0.095900;0.390285;-1.372325;0.982040;0.222996;-0.685935;0.462939;0.274943;-1.316267;1.041324;
0.095920;0.398818;-1.374444;0.975627;0.227159;-0.686792;0.459633;0.283490;-1.319022;1.035532;
0.095940;0.407335;-1.376510;0.969175;0.231313;-0.687622;0.456308;0.292026;-1.321724;1.029698;
0.095960;0.415836;-1.378521;0.962685;0.235458;-0.688424;0.452966;0.300550;-1.324373;1.023824;
0.095980;0.424321;-1.380477;0.956157;0.239594;-0.689200;0.449605;0.309062;-1.326971;1.017909;
0.096000;0.432788;-1.382379;0.949591;0.243721;-0.689948;0.446227;0.317562;-1.329516;1.011954;
0.096020;0.441239;-1.384227;0.942987;0.247837;-0.690669;0.442832;0.326050;-1.332009;1.005959;
0.096040;0.449673;-1.386019;0.936347;0.251944;-0.691363;0.439418;0.334525;-1.334449;0.999924;
0.096060;0.458088;-1.387757;0.929669;0.256041;-0.692029;0.435988;0.342986;-1.336837;0.993850;
0.096080;0.466486;-1.389441;0.922955;0.260128;-0.692668;0.432540;0.351434;-1.339171;0.987737;
0.096100;0.474865;-1.391069;0.916204;0.264205;-0.693280;0.429075;0.359868;-1.341453;0.981585;
0.096120;0.483226;-1.392643;0.909417;0.268271;-0.693864;0.425593;0.368288;-1.343682;0.975394;
0.096140;0.491567;-1.394161;0.902594;0.272327;-0.694421;0.422095;0.376693;-1.345858;0.969164;
0.096160;0.499889;-1.395625;0.895736;0.276372;-0.694951;0.418579;0.385084;-1.347980;0.962896;
0.096180;0.508191;-1.397033;0.888842;0.280406;-0.695453;0.415048;0.393459;-1.350050;0.956591;
0.096200;0.516473;-1.398386;0.881913;0.284428;-0.695928;0.411499;0.401819;-1.352066;0.950247;
0.096220;0.524735;-1.399684;0.874949;0.288440;-0.696375;0.407935;0.410163;-1.354029;0.943866;
0.096240;0.532976;-1.400927;0.867951;0.292440;-0.696795;0.404354;0.418491;-1.355938;0.937447;
0.096260;0.541196;-1.402115;0.860919;0.296429;-0.697187;0.400758;0.426802;-1.357794;0.930992;
0.096280;0.549395;-1.403247;0.853852;0.300406;-0.697552;0.397146;0.435096;-1.359596;0.924500;
0.096300;0.557572;-1.404324;0.846752;0.304371;-0.697889;0.393518;0.443373;-1.361345;0.917971;
0.096320;0.565727;-1.405345;0.839618;0.308324;-0.698198;0.389874;0.451633;-1.363039;0.911406;
0.096340;0.573859;-1.406311;0.832452;0.312265;-0.698480;0.386215;0.459875;-1.364680;0.904806;
0.096360;0.581969;-1.407221;0.825252;0.316194;-0.698735;0.382541;0.468098;-1.366267;0.898169;
0.096380;0.590056;-1.408076;0.818020;0.320110;-0.698962;0.378852;0.476303;-1.367800;0.891497;
0.096400;0.598120;-1.408875;0.810755;0.324014;-0.699161;0.375147;0.484490;-1.369280;0.884790;
0.096420;0.606160;-1.409619;0.803459;0.327905;-0.699333;0.371428;0.492657;-1.370705;0.878048;
0.096440;0.614176;-1.410306;0.796130;0.331782;-0.699477;0.367695;0.500805;-1.372076;0.871271;
0.096460;0.622168;-1.410939;0.788771;0.335647;-0.699593;0.363946;0.508933;-1.373392;0.864460;
0.096480;0.630135;-1.411515;0.781380;0.339498;-0.699682;0.360184;0.517041;-1.374655;0.857614;
0.096500;0.638078;-1.412036;0.773958;0.343336;-0.699743;0.356407;0.525128;-1.375863;0.850735;
0.096520;0.645995;-1.412501;0.766506;0.347161;-0.699777;0.352616;0.533195;-1.377017;0.843822;
0.096540;0.653887;-1.412910;0.759024;0.350972;-0.699783;0.348811;0.541241;-1.378117;0.836876;
0.096560;0.661753;-1.413264;0.751511;0.354769;-0.699761;0.344993;0.549265;-1.379162;0.829897;
0.096580;0.669593;-1.413561;0.743969;0.358552;-0.699712;0.341160;0.557268;-1.380153;0.822885;
0.096600;0.677406;-1.413803;0.736397;0.362320;-0.699635;0.337315;0.565249;-1.381089;0.815841;
0.096620;0.685193;-1.413989;0.728797;0.366075;-0.699531;0.333456;0.573207;-1.381971;0.808764;
0.096640;0.692952;-1.414120;0.721168;0.369815;-0.699399;0.329584;0.581143;-1.382798;0.801656;
0.096660;0.700684;-1.414194;0.713510;0.373540;-0.699239;0.325699;0.589056;-1.383571;0.794515;
0.096680;0.708389;-1.414213;0.705824;0.377251;-0.699051;0.321801;0.596945;-1.384289;0.787344;
0.096700;0.716066;-1.414176;0.698110;0.380947;-0.698836;0.317890;0.604811;-1.384952;0.780141;
0.096720;0.723714;-1.414083;0.690369;0.384627;-0.698594;0.313967;0.612653;-1.385561;0.772908;
0.096740;0.731334;-1.413934;0.682600;0.388293;-0.698324;0.310031;0.620471;-1.386115;0.765644;
0.096760;0.738925;-1.413729;0.674804;0.391943;-0.698026;0.306083;0.628264;-1.386614;0.758350;
0.096780;0.746486;-1.413468;0.666982;0.395578;-0.697701;0.302123;0.636033;-1.387059;0.751026;
0.096800;0.754019;-1.413152;0.659134;0.399197;-0.697348;0.298151;0.643777;-1.387449;0.743672;
0.096820;0.761521;-1.412780;0.651259;0.402800;-0.696968;0.294167;0.651495;-1.387784;0.736289;
0.096840;0.768993;-1.412352;0.643359;0.406388;-0.696560;0.290172;0.659187;-1.388064;0.728877;
0.096860;0.776436;-1.411869;0.635433;0.409959;-0.696125;0.286165;0.666853;-1.388289;0.721436;
0.096880;0.783847;-1.411329;0.627482;0.413515;-0.695662;0.282147;0.674493;-1.388460;0.713966;
0.096900;0.791227;-1.410734;0.619507;0.417053;-0.695172;0.278118;0.682107;-1.388576;0.706469;
0.096920;0.798577;-1.410083;0.611507;0.420576;-0.694654;0.274078;0.689693;-1.388637;0.698943;
0.096940;0.805894;-1.409377;0.603483;0.424082;-0.694109;0.270027;0.697253;-1.388643;0.691390;
0.096960;0.813180;-1.408615;0.595435;0.427571;-0.693536;0.265965;0.704784;-1.388594;0.683810;
0.096980;0.820434;-1.407797;0.587363;0.431043;-0.692936;0.261893;0.712288;-1.388491;0.676202;
0.097000;0.827655;-1.406924;0.579268;0.434498;-0.692309;0.257811;0.719764;-1.388332;0.668568;
0.097020;0.834844;-1.405995;0.571151;0.437936;-0.691654;0.253718;0.727211;-1.388119;0.660908;
0.097040;0.842000;-1.405011;0.563011;0.441357;-0.690972;0.249615;0.734630;-1.387851;0.653221;
0.097060;0.849122;-1.403971;0.554848;0.444760;-0.690263;0.245503;0.742020;-1.387528;0.645509;
0.097080;0.856211;-1.402876;0.546664;0.448146;-0.689527;0.241381;0.749380;-1.387151;0.637771;
0.097100;0.863267;-1.401725;0.538458;0.451514;-0.688763;0.237249;0.756711;-1.386719;0.630008;
0.097120;0.870288;-1.400519;0.530231;0.454865;-0.687972;0.233108;0.764012;-1.386232;0.622220;
0.097140;0.877275;-1.399258;0.521983;0.458197;-0.687154;0.228957;0.771282;-1.385690;0.614408;
0.097160;0.884227;-1.397941;0.513715;0.461511;-0.686309;0.224798;0.778523;-1.385094;0.606571;
0.097180;0.891144;-1.396570;0.505426;0.464807;-0.685437;0.220630;0.785732;-1.384442;0.598710;
0.097200;0.898026;-1.395143;0.497117;0.468085;-0.684538;0.216453;0.792911;-1.383737;0.590826;
0.097220;0.904872;-1.393661;0.488789;0.471344;-0.683611;0.212267;0.800058;-1.382976;0.582918;
0.097240;0.911683;-1.392124;0.480441;0.474584;-0.682658;0.208073;0.807173;-1.382161;0.574988;
0.097260;0.918458;-1.390532;0.472074;0.477806;-0.681678;0.203871;0.814257;-1.381292;0.567035;
0.097280;0.925197;-1.388886;0.463689;0.481009;-0.680670;0.199661;0.821309;-1.380368;0.559059;
0.097300;0.931899;-1.387184;0.455285;0.484193;-0.679636;0.195443;0.828328;-1.379389;0.551061;
0.097320;0.938564;-1.385428;0.446864;0.487358;-0.678576;0.191217;0.835315;-1.378356;0.543041;
0.097340;0.945192;-1.383617;0.438424;0.490504;-0.677488;0.186984;0.842268;-1.377269;0.535001;
0.097360;0.951783;-1.381751;0.429968;0.493630;-0.676373;0.182743;0.849188;-1.376127;0.526938;
0.097380;0.958337;-1.379831;0.421494;0.496737;-0.675232;0.178496;0.856075;-1.374931;0.518856;
0.097400;0.964852;-1.377856;0.413004;0.499824;-0.674065;0.174241;0.862928;-1.373680;0.510752;
0.097420;0.971330;-1.375827;0.404497;0.502891;-0.672870;0.169979;0.869747;-1.372376;0.502629;
0.097440;0.977769;-1.373744;0.395975;0.505939;-0.671649;0.165710;0.876532;-1.371017;0.494485;
0.097460;0.984169;-1.371606;0.387437;0.508967;-0.670402;0.161435;0.883281;-1.369604;0.486322;
0.097480;0.990531;-1.369414;0.378883;0.511974;-0.669128;0.157154;0.889997;-1.368137;0.478140;
0.097500;0.996853;-1.367169;0.370315;0.514961;-0.667827;0.152866;0.896676;-1.366616;0.469939;
0.097520;1.003137;-1.364869;0.361732;0.517928;-0.666501;0.148573;0.903321;-1.365041;0.461720;
0.097540;1.009380;-1.362515;0.353135;0.520875;-0.665148;0.144273;0.909930;-1.363412;0.453482;
0.097560;1.015584;-1.360108;0.344524;0.523801;-0.663768;0.139968;0.916503;-1.361729;0.445226;
0.097580;1.021748;-1.357646;0.335899;0.526706;-0.662363;0.135657;0.923040;-1.359993;0.436953;
0.097600;1.027871;-1.355132;0.327261;0.529590;-0.660931;0.131341;0.929540;-1.358202;0.428662;
0.097620;1.033954;-1.352563;0.318610;0.532454;-0.659474;0.127020;0.936004;-1.356359;0.420355;
0.097640;1.039995;-1.349942;0.309946;0.535297;-0.657990;0.122693;0.942430;-1.354461;0.412031;
0.097660;1.045996;-1.347267;0.301270;0.538118;-0.656480;0.118362;0.948820;-1.352511;0.403691;
0.097680;1.051956;-1.344539;0.292583;0.540918;-0.654944;0.114026;0.955172;-1.350506;0.395335;
0.097700;1.057874;-1.341757;0.283884;0.543697;-0.653383;0.109686;0.961486;-1.348449;0.386963;
0.097720;1.063750;-1.338923;0.275173;0.546454;-0.651796;0.105341;0.967762;-1.346338;0.378576;
0.097740;1.069584;-1.336036;0.266452;0.549190;-0.650183;0.100992;0.974001;-1.344174;0.370174;
0.097760;1.075376;-1.333096;0.257720;0.551904;-0.648544;0.096640;0.980200;-1.341957;0.361757;
0.097780;1.081126;-1.330104;0.248978;0.554597;-0.646880;0.092283;0.986361;-1.339687;0.353326;
0.097800;1.086833;-1.327059;0.240226;0.557267;-0.645190;0.087923;0.992483;-1.337364;0.344881;
0.097820;1.092497;-1.323962;0.231465;0.559915;-0.643474;0.083559;0.998566;-1.334989;0.336423;
0.097840;1.098118;-1.320812;0.222694;0.562542;-0.641734;0.079192;1.004610;-1.332561;0.327951;
0.097860;1.103695;-1.317610;0.213915;0.565146;-0.639968;0.074822;1.010614;-1.330080;0.319466;
0.097880;1.109229;-1.314357;0.205127;0.567728;-0.638176;0.070449;1.016577;-1.327546;0.310969;
0.097900;1.114719;-1.311051;0.196332;0.570287;-0.636360;0.066073;1.022501;-1.324960;0.302459;
0.097920;1.120165;-1.307694;0.187528;0.572824;-0.634518;0.061694;1.028385;-1.322322;0.293938;
0.097940;1.125567;-1.304285;0.178717;0.575338;-0.632652;0.057313;1.034227;-1.319632;0.285404;
0.097960;1.130925;-1.300824;0.169899;0.577830;-0.630760;0.052930;1.040029;-1.316889;0.276860;
0.097980;1.136238;-1.297312;0.161074;0.580298;-0.628843;0.048545;1.045790;-1.314095;0.268305;
0.098000;1.141506;-1.293749;0.152243;0.582744;-0.626902;0.044158;1.051510;-1.311249;0.259739;
0.098020;1.146729;-1.290135;0.143406;0.585167;-0.624936;0.039769;1.057188;-1.308350;0.251162;
0.098040;1.151906;-1.286470;0.134564;0.587567;-0.622945;0.035378;1.062824;-1.305401;0.242576;
0.098060;1.157038;-1.282754;0.125716;0.589943;-0.620930;0.030986;1.068419;-1.302399;0.233981;
0.098080;1.162125;-1.278987;0.116863;0.592297;-0.618890;0.026593;1.073971;-1.299347;0.225376;
0.098100;1.167166;-1.275170;0.108005;0.594626;-0.616825;0.022199;1.079481;-1.296243;0.216762;
0.098120;1.172160;-1.271303;0.099143;0.596933;-0.614737;0.017804;1.084948;-1.293088;0.208139;
0.098140;1.177108;-1.267386;0.090277;0.599216;-0.612624;0.013408;1.090373;-1.289881;0.199509;
0.098160;1.182010;-1.263418;0.081408;0.601475;-0.610486;0.009012;1.095754;-1.286624;0.190870;
0.098180;1.186865;-1.259400;0.072535;0.603710;-0.608325;0.004615;1.101092;-1.283316;0.182224;
0.098200;1.191673;-1.255333;0.063660;0.605922;-0.606140;0.000218;1.106387;-1.279958;0.173571;
0.098220;1.196435;-1.251217;0.054782;0.608109;-0.603931;-0.004179;1.111638;-1.276549;0.164911;
0.098240;1.201149;-1.247050;0.045902;0.610273;-0.601698;-0.008575;1.116845;-1.273089;0.156244;
0.098260;1.205815;-1.242835;0.037020;0.612413;-0.599441;-0.012972;1.122008;-1.269579;0.147572;
0.098280;1.210434;-1.238571;0.028136;0.614528;-0.597160;-0.017367;1.127126;-1.266019;0.138893;
0.098300;1.215005;-1.234257;0.019252;0.616619;-0.594856;-0.021763;1.132200;-1.262410;0.130209;
0.098320;1.219529;-1.229895;0.010367;0.618686;-0.592529;-0.026157;1.137230;-1.258750;0.121520;
0.098340;1.224004;-1.225485;0.001481;0.620728;-0.590178;-0.030550;1.142215;-1.255040;0.112826;
0.098360;1.228430;-1.221026;-0.007405;0.622746;-0.587804;-0.034942;1.147154;-1.251281;0.104127;
0.098380;1.232809;-1.216519;-0.016290;0.624739;-0.585406;-0.039333;1.152048;-1.247473;0.095425;
0.098400;1.237138;-1.211963;-0.025175;0.626708;-0.582986;-0.043722;1.156897;-1.243615;0.086719;
0.098420;1.241419;-1.207360;-0.034059;0.628652;-0.580542;-0.048109;1.161700;-1.239709;0.078009;
0.098440;1.245651;-1.202710;-0.042941;0.630571;-0.578076;-0.052495;1.166457;-1.235753;0.069296;
0.098460;1.249833;-1.198011;-0.051822;0.632465;-0.575587;-0.056878;1.171168;-1.231749;0.060580;
0.098480;1.253967;-1.193266;-0.060701;0.634334;-0.573075;-0.061259;1.175833;-1.227696;0.051862;
0.098500;1.258050;-1.188473;-0.069577;0.636178;-0.570540;-0.065638;1.180452;-1.223594;0.043142;
0.098520;1.262084;-1.183634;-0.078451;0.637997;-0.567983;-0.070014;1.185024;-1.219444;0.034421;
0.098540;1.266069;-1.178747;-0.087321;0.639791;-0.565403;-0.074388;1.189549;-1.215246;0.025698;
0.098560;1.270003;-1.173815;-0.096188;0.641560;-0.562801;-0.078758;1.194027;-1.211000;0.016974;
0.098580;1.273887;-1.168836;-0.105051;0.643303;-0.560177;-0.083126;1.198458;-1.206707;0.008249;
0.098600;1.277721;-1.163810;-0.113910;0.645021;-0.557531;-0.087490;1.202841;-1.202365;-0.000476;
0.098620;1.281504;-1.158739;-0.122765;0.646713;-0.554863;-0.091850;1.207178;-1.197976;-0.009201;
0.098640;1.285237;-1.153622;-0.131615;0.648380;-0.552173;-0.096207;1.211466;-1.193540;-0.017926;
0.098660;1.288919;-1.148460;-0.140459;0.650021;-0.549461;-0.100560;1.215707;-1.189057;-0.026650;
0.098680;1.292550;-1.143252;-0.149298;0.651637;-0.546727;-0.104910;1.219900;-1.184527;-0.035373;
0.098700;1.296130;-1.137999;-0.158131;0.653227;-0.543972;-0.109255;1.224044;-1.179950;-0.044094;
0.098720;1.299659;-1.132701;-0.166958;0.654791;-0.541195;-0.113596;1.228140;-1.175326;-0.052814;
0.098740;1.303137;-1.127358;-0.175779;0.656329;-0.538397;-0.117932;1.232188;-1.170656;-0.061532;
0.098760;1.306563;-1.121971;-0.184592;0.657841;-0.535578;-0.122263;1.236187;-1.165940;-0.070247;
0.098780;1.309938;-1.116540;-0.193398;0.659327;-0.532737;-0.126590;1.240138;-1.161178;-0.078960;
0.098800;1.313260;-1.111064;-0.202196;0.660788;-0.529876;-0.130912;1.244039;-1.156370;-0.087669;
0.098820;1.316532;-1.105545;-0.210987;0.662222;-0.526993;-0.135229;1.247891;-1.151516;-0.096375;
0.098840;1.319751;-1.099982;-0.219769;0.663630;-0.524090;-0.139540;1.251694;-1.146617;-0.105077;
0.098860;1.322918;-1.094375;-0.228542;0.665012;-0.521166;-0.143846;1.255448;-1.141673;-0.113775;
0.098880;1.326032;-1.088726;-0.237307;0.666368;-0.518222;-0.148146;1.259152;-1.136683;-0.122469;
0.098900;1.329095;-1.083033;-0.246062;0.667697;-0.515257;-0.152440;1.262806;-1.131649;-0.131157;
0.098920;1.332105;-1.077298;-0.254807;0.669000;-0.512271;-0.156728;1.266410;-1.126570;-0.139841;
0.098940;1.335062;-1.071520;-0.263542;0.670276;-0.509266;-0.161010;1.269965;-1.121446;-0.148519;
0.098960;1.337967;-1.065700;-0.272267;0.671527;-0.506240;-0.165286;1.273469;-1.116278;-0.157191;
0.098980;1.340819;-1.059837;-0.280981;0.672750;-0.503195;-0.169555;1.276923;-1.111066;-0.165857;
0.099000;1.343617;-1.053933;-0.289684;0.673947;-0.500129;-0.173818;1.280327;-1.105811;-0.174516;
0.099020;1.346363;-1.047987;-0.298376;0.675118;-0.497044;-0.178073;1.283680;-1.100511;-0.183169;
0.099040;1.349056;-1.042000;-0.307056;0.676261;-0.493939;-0.182322;1.286982;-1.095169;-0.191814;
0.099060;1.351695;-1.035972;-0.315723;0.677378;-0.490815;-0.186563;1.290234;-1.089782;-0.200451;
0.099080;1.354282;-1.029903;-0.324379;0.678469;-0.487671;-0.190797;1.293435;-1.084353;-0.209081;
0.099100;1.356814;-1.023793;-0.333021;0.679532;-0.484508;-0.195024;1.296584;-1.078881;-0.217703;
0.099120;1.359293;-1.017643;-0.341650;0.680569;-0.481326;-0.199243;1.299682;-1.073367;-0.226315;
0.099140;1.361719;-1.011453;-0.350266;0.681579;-0.478125;-0.203454;1.302730;-1.067810;-0.234919;
0.099160;1.364090;-1.005222;-0.358868;0.682562;-0.474905;-0.207657;1.305725;-1.062211;-0.243514;
0.099180;1.366408;-0.998952;-0.367456;0.683518;-0.471666;-0.211851;1.308669;-1.056570;-0.252099;
0.099200;1.368672;-0.992643;-0.376029;0.684447;-0.468409;-0.216038;1.311562;-1.050888;-0.260674;
0.099220;1.370882;-0.986294;-0.384587;0.685349;-0.465133;-0.220215;1.314402;-1.045163;-0.269239;
0.099240;1.373037;-0.979907;-0.393131;0.686224;-0.461839;-0.224385;1.317191;-1.039398;-0.277793;
0.099260;1.375139;-0.973480;-0.401658;0.687072;-0.458527;-0.228545;1.319928;-1.033592;-0.286337;
0.099280;1.377186;-0.967016;-0.410170;0.687892;-0.455196;-0.232696;1.322613;-1.027744;-0.294868;
0.099300;1.379179;-0.960513;-0.418666;0.688686;-0.451848;-0.236838;1.325245;-1.021856;-0.303389;
0.099320;1.381117;-0.953972;-0.427145;0.689452;-0.448481;-0.240971;1.327825;-1.015928;-0.311897;
0.099340;1.383001;-0.947394;-0.435607;0.690191;-0.445097;-0.245094;1.330353;-1.009960;-0.320393;
0.099360;1.384830;-0.940778;-0.444052;0.690903;-0.441696;-0.249207;1.332828;-1.003952;-0.328876;
0.099380;1.386605;-0.934125;-0.452480;0.691588;-0.438277;-0.253311;1.335251;-0.997904;-0.337347;
0.099400;1.388325;-0.927435;-0.460890;0.692245;-0.434840;-0.257405;1.337621;-0.991817;-0.345804;
0.099420;1.389990;-0.920708;-0.469281;0.692875;-0.431387;-0.261488;1.339938;-0.985691;-0.354247;
0.099440;1.391600;-0.913946;-0.477654;0.693478;-0.427916;-0.265561;1.342202;-0.979525;-0.362676;
0.099460;1.393155;-0.907147;-0.486008;0.694053;-0.424429;-0.269624;1.344413;-0.973321;-0.371092;
0.099480;1.394655;-0.900312;-0.494343;0.694601;-0.420925;-0.273676;1.346571;-0.967079;-0.379492;
0.099500;1.396100;-0.893442;-0.502659;0.695121;-0.417404;-0.277717;1.348676;-0.960799;-0.387877;
0.099520;1.397490;-0.886536;-0.510954;0.695614;-0.413867;-0.281748;1.350728;-0.954480;-0.396248;
0.099540;1.398825;-0.879596;-0.519229;0.696080;-0.410313;-0.285767;1.352726;-0.948124;-0.404602;
0.099560;1.400105;-0.872621;-0.527484;0.696518;-0.406743;-0.289775;1.354671;-0.941731;-0.412941;
0.099580;1.401329;-0.865611;-0.535718;0.696929;-0.403157;-0.293771;1.356563;-0.935300;-0.421263;
0.099600;1.402498;-0.858567;-0.543931;0.697312;-0.399556;-0.297756;1.358401;-0.928832;-0.429568;
0.099620;1.403612;-0.851489;-0.552123;0.697667;-0.395938;-0.301729;1.360185;-0.922328;-0.437857;
0.099640;1.404670;-0.844378;-0.560292;0.697995;-0.392305;-0.305690;1.361915;-0.915787;-0.446128;
0.099660;1.405673;-0.837233;-0.568440;0.698296;-0.388656;-0.309639;1.363592;-0.909210;-0.454382;
0.099680;1.406620;-0.830055;-0.576565;0.698568;-0.384992;-0.313576;1.365215;-0.902597;-0.462618;
0.099700;1.407512;-0.822845;-0.584667;0.698814;-0.381313;-0.317501;1.366784;-0.895949;-0.470835;
0.099720;1.408348;-0.815602;-0.592747;0.699031;-0.377619;-0.321413;1.368300;-0.889265;-0.479034;
0.099740;1.409129;-0.808327;-0.600803;0.699221;-0.373909;-0.325312;1.369761;-0.882546;-0.487214;
0.099760;1.409854;-0.801019;-0.608835;0.699384;-0.370185;-0.329199;1.371168;-0.875793;-0.495375;
0.099780;1.410523;-0.793681;-0.616843;0.699519;-0.366447;-0.333072;1.372521;-0.869004;-0.503516;
0.099800;1.411137;-0.786311;-0.624826;0.699626;-0.362694;-0.336932;1.373819;-0.862182;-0.511638;
0.099820;1.411695;-0.778909;-0.632786;0.699706;-0.358926;-0.340779;1.375064;-0.855325;-0.519739;
0.099840;1.412197;-0.771478;-0.640720;0.699758;-0.355145;-0.344613;1.376254;-0.848435;-0.527820;
0.099860;1.412644;-0.764015;-0.648628;0.699782;-0.351349;-0.348433;1.377390;-0.841511;-0.535879;
0.099880;1.413034;-0.756523;-0.656512;0.699779;-0.347540;-0.352239;1.378472;-0.834553;-0.543918;
0.099900;1.413369;-0.749000;-0.664369;0.699748;-0.343717;-0.356031;1.379499;-0.827563;-0.551935;
0.099920;1.413648;-0.741448;-0.672200;0.699690;-0.339880;-0.359809;1.380471;-0.820541;-0.559931;
0.099940;1.413872;-0.733867;-0.680004;0.699603;-0.336030;-0.363573;1.381389;-0.813485;-0.567904;
0.099960;1.414039;-0.726257;-0.687782;0.699490;-0.332167;-0.367323;1.382253;-0.806398;-0.575855;
0.099980;1.414151;-0.718618;-0.695533;0.699348;-0.328290;-0.371058;1.383062;-0.799279;-0.583783;
0.100000;1.414207;-0.710951;-0.703256;0.699179;-0.324401;-0.374779;1.383816;-0.792128;-0.591688;
