time;NETWORK_B1_Urms;
0.000000;1.000000;
0.000010;0.995680;
0.000020;0.991380;
0.000030;0.987100;
0.000040;0.982840;
0.000050;0.978602;
0.000060;0.974386;
0.000070;0.970192;
0.000080;0.966022;
0.000090;0.961875;
0.000100;0.957753;
0.000110;0.953656;
0.000120;0.949584;
0.000130;0.945538;
0.000140;0.941520;
0.000150;0.937528;
0.000160;0.933564;
0.000170;0.929629;
0.000180;0.925722;
0.000190;0.921845;
0.000200;0.917997;
0.000210;0.914180;
0.000220;0.910394;
0.000230;0.906639;
0.000240;0.902915;
0.000250;0.899224;
0.000260;0.895566;
0.000270;0.891941;
0.000280;0.888349;
0.000290;0.884791;
0.000300;0.881268;
0.000310;0.877779;
0.000320;0.874326;
0.000330;0.870908;
0.000340;0.867526;
0.000350;0.864180;
0.000360;0.860871;
0.000370;0.857599;
0.000380;0.854365;
0.000390;0.851168;
0.000400;0.848009;
0.000410;0.844889;
0.000420;0.841807;
0.000430;0.838764;
0.000440;0.835761;
0.000450;0.832797;
0.000460;0.829873;
0.000470;0.826989;
0.000480;0.824145;
0.000490;0.821342;
0.000500;0.818580;
0.000510;0.815859;
0.000520;0.813180;
0.000530;0.810542;
0.000540;0.807946;
0.000550;0.805392;
0.000560;0.802881;
0.000570;0.800412;
0.000580;0.797985;
0.000590;0.795602;
0.000600;0.793262;
0.000610;0.790965;
0.000620;0.788711;
0.000630;0.786501;
0.000640;0.784335;
0.000650;0.782213;
0.000660;0.780136;
0.000670;0.778102;
0.000680;0.776113;
0.000690;0.774168;
0.000700;0.772268;
0.000710;0.770413;
0.000720;0.768603;
0.000730;0.766838;
0.000740;0.765118;
0.000750;0.763444;
0.000760;0.761815;
0.000770;0.760232;
0.000780;0.758694;
0.000790;0.757202;
0.000800;0.755756;
0.000810;0.754355;
0.000820;0.753001;
0.000830;0.751692;
0.000840;0.750430;
0.000850;0.749214;
0.000860;0.748044;
0.000870;0.746921;
0.000880;0.745844;
0.000890;0.744813;
0.000900;0.743829;
0.000910;0.742891;
0.000920;0.741999;
0.000930;0.741154;
0.000940;0.740356;
0.000950;0.739604;
0.000960;0.738899;
0.000970;0.738240;
0.000980;0.737628;
0.000990;0.737063;
0.001000;0.736544;
0.001010;0.736071;
0.001020;0.735645;
0.001030;0.735265;
0.001040;0.734932;
0.001050;0.734645;
0.001060;0.734405;
0.001070;0.734211;
0.001080;0.734063;
0.001090;0.733961;
0.001100;0.733905;
0.001110;0.733896;
0.001120;0.733932;
0.001130;0.734014;
0.001140;0.734141;
0.001150;0.734315;
0.001160;0.734533;
0.001170;0.734797;
0.001180;0.735107;
0.001190;0.735461;
0.001200;0.735860;
0.001210;0.736304;
0.001220;0.736793;
0.001230;0.737326;
0.001240;0.737904;
0.001250;0.738525;
0.001260;0.739191;
0.001270;0.739900;
0.001280;0.740652;
0.001290;0.741448;
0.001300;0.742287;
0.001310;0.743169;
0.001320;0.744093;
0.001330;0.745060;
0.001340;0.746068;
0.001350;0.747119;
0.001360;0.748211;
0.001370;0.749344;
0.001380;0.750518;
0.001390;0.751733;
0.001400;0.752988;
0.001410;0.754283;
0.001420;0.755618;
0.001430;0.756992;
0.001440;0.758406;
0.001450;0.759858;
0.001460;0.761348;
0.001470;0.762876;
0.001480;0.764442;
0.001490;0.766045;
0.001500;0.767685;
0.001510;0.769362;
0.001520;0.771074;
0.001530;0.772822;
0.001540;0.774605;
0.001550;0.776423;
0.001560;0.778276;
0.001570;0.780162;
0.001580;0.782082;
0.001590;0.784034;
0.001600;0.786020;
0.001610;0.788037;
0.001620;0.790086;
0.001630;0.792166;
0.001640;0.794277;
0.001650;0.796418;
0.001660;0.798589;
0.001670;0.800789;
0.001680;0.803018;
0.001690;0.805275;
0.001700;0.807559;
0.001710;0.809871;
0.001720;0.812209;
0.001730;0.814573;
0.001740;0.816963;
0.001750;0.819378;
0.001760;0.821817;
0.001770;0.824281;
0.001780;0.826767;
0.001790;0.829277;
0.001800;0.831808;
0.001810;0.834362;
0.001820;0.836936;
0.001830;0.839532;
0.001840;0.842147;
0.001850;0.844782;
0.001860;0.847435;
0.001870;0.850107;
0.001880;0.852796;
0.001890;0.855503;
0.001900;0.858226;
0.001910;0.860966;
0.001920;0.863720;
0.001930;0.866490;
0.001940;0.869273;
0.001950;0.872071;
0.001960;0.874881;
0.001970;0.877704;
0.001980;0.880539;
0.001990;0.883385;
0.002000;0.886241;
0.002010;0.889108;
0.002020;0.891985;
0.002030;0.894870;
0.002040;0.897764;
0.002050;0.900665;
0.002060;0.903574;
0.002070;0.906489;
0.002080;0.909411;
0.002090;0.912337;
0.002100;0.915269;
0.002110;0.918205;
0.002120;0.921145;
0.002130;0.924088;
0.002140;0.927033;
0.002150;0.929981;
0.002160;0.932930;
0.002170;0.935880;
0.002180;0.938830;
0.002190;0.941780;
0.002200;0.944730;
0.002210;0.947678;
0.002220;0.950624;
0.002230;0.953567;
0.002240;0.956508;
0.002250;0.959445;
0.002260;0.962378;
0.002270;0.965307;
0.002280;0.968230;
0.002290;0.971148;
0.002300;0.974060;
0.002310;0.976965;
0.002320;0.979863;
0.002330;0.982753;
0.002340;0.985636;
0.002350;0.988509;
0.002360;0.991373;
0.002370;0.994228;
0.002380;0.997072;
0.002390;0.999906;
0.002400;1.002729;
0.002410;1.005540;
0.002420;1.008339;
0.002430;1.011126;
0.002440;1.013900;
0.002450;1.016660;
0.002460;1.019406;
0.002470;1.022139;
0.002480;1.024856;
0.002490;1.027558;
0.002500;1.030245;
0.002510;1.032916;
0.002520;1.035570;
0.002530;1.038208;
0.002540;1.040828;
0.002550;1.043431;
0.002560;1.046016;
0.002570;1.048582;
0.002580;1.051130;
0.002590;1.053658;
0.002600;1.056167;
0.002610;1.058656;
0.002620;1.061125;
0.002630;1.063574;
0.002640;1.066001;
0.002650;1.068408;
0.002660;1.070792;
0.002670;1.073155;
0.002680;1.075496;
0.002690;1.077814;
0.002700;1.080109;
0.002710;1.082381;
0.002720;1.084630;
0.002730;1.086855;
0.002740;1.089057;
0.002750;1.091233;
0.002760;1.093386;
0.002770;1.095513;
0.002780;1.097616;
0.002790;1.099693;
0.002800;1.101745;
0.002810;1.103771;
0.002820;1.105772;
0.002830;1.107746;
0.002840;1.109693;
0.002850;1.111614;
0.002860;1.113508;
0.002870;1.115376;
0.002880;1.117216;
0.002890;1.119028;
0.002900;1.120813;
0.002910;1.122571;
0.002920;1.124300;
0.002930;1.126002;
0.002940;1.127675;
0.002950;1.129320;
0.002960;1.130937;
0.002970;1.132525;
0.002980;1.134084;
0.002990;1.135615;
0.003000;1.137116;
0.003010;1.138589;
0.003020;1.140032;
0.003030;1.141447;
0.003040;1.142832;
0.003050;1.144187;
0.003060;1.145514;
0.003070;1.146810;
0.003080;1.148077;
0.003090;1.149315;
0.003100;1.150523;
0.003110;1.151701;
0.003120;1.152849;
0.003130;1.153968;
0.003140;1.155057;
0.003150;1.156116;
0.003160;1.157146;
0.003170;1.158145;
0.003180;1.159115;
0.003190;1.160055;
0.003200;1.160966;
0.003210;1.161846;
0.003220;1.162697;
0.003230;1.163519;
0.003240;1.164310;
0.003250;1.165072;
0.003260;1.165805;
0.003270;1.166508;
0.003280;1.167182;
0.003290;1.167826;
0.003300;1.168441;
0.003310;1.169027;
0.003320;1.169584;
0.003330;1.170112;
0.003340;1.170611;
0.003350;1.171081;
0.003360;1.171523;
0.003370;1.171936;
0.003380;1.172320;
0.003390;1.172676;
0.003400;1.173004;
0.003410;1.173304;
0.003420;1.173577;
0.003430;1.173821;
0.003440;1.174038;
0.003450;1.174227;
0.003460;1.174389;
0.003470;1.174524;
0.003480;1.174631;
0.003490;1.174712;
0.003500;1.174767;
0.003510;1.174795;
0.003520;1.174797;
0.003530;1.174772;
0.003540;1.174722;
0.003550;1.174646;
0.003560;1.174545;
0.003570;1.174419;
0.003580;1.174267;
0.003590;1.174091;
0.003600;1.173890;
0.003610;1.173665;
0.003620;1.173416;
0.003630;1.173142;
0.003640;1.172846;
0.003650;1.172525;
0.003660;1.172182;
0.003670;1.171816;
0.003680;1.171426;
0.003690;1.171015;
0.003700;1.170581;
0.003710;1.170126;
0.003720;1.169649;
0.003730;1.169150;
0.003740;1.168631;
0.003750;1.168090;
0.003760;1.167529;
0.003770;1.166948;
0.003780;1.166347;
0.003790;1.165726;
0.003800;1.165086;
0.003810;1.164427;
0.003820;1.163748;
0.003830;1.163052;
0.003840;1.162337;
0.003850;1.161604;
0.003860;1.160853;
0.003870;1.160085;
0.003880;1.159300;
0.003890;1.158499;
0.003900;1.157681;
0.003910;1.156847;
0.003920;1.155997;
0.003930;1.155131;
0.003940;1.154251;
0.003950;1.153355;
0.003960;1.152446;
0.003970;1.151521;
0.003980;1.150583;
0.003990;1.149632;
0.004000;1.148667;
0.004010;1.147689;
0.004020;1.146699;
0.004030;1.145696;
0.004040;1.144681;
0.004050;1.143655;
0.004060;1.142617;
0.004070;1.141569;
0.004080;1.140510;
0.004090;1.139440;
0.004100;1.138361;
0.004110;1.137271;
0.004120;1.136173;
0.004130;1.135065;
0.004140;1.133949;
0.004150;1.132824;
0.004160;1.131691;
0.004170;1.130551;
0.004180;1.129403;
0.004190;1.128248;
0.004200;1.127086;
0.004210;1.125918;
0.004220;1.124744;
0.004230;1.123564;
0.004240;1.122378;
0.004250;1.121187;
0.004260;1.119992;
0.004270;1.118791;
0.004280;1.117587;
0.004290;1.116379;
0.004300;1.115167;
0.004310;1.113952;
0.004320;1.112734;
0.004330;1.111513;
0.004340;1.110290;
0.004350;1.109064;
0.004360;1.107837;
0.004370;1.106609;
0.004380;1.105379;
0.004390;1.104148;
0.004400;1.102917;
0.004410;1.101685;
0.004420;1.100454;
0.004430;1.099222;
0.004440;1.097991;
0.004450;1.096761;
0.004460;1.095533;
0.004470;1.094305;
0.004480;1.093079;
0.004490;1.091855;
0.004500;1.090633;
0.004510;1.089414;
0.004520;1.088197;
0.004530;1.086983;
0.004540;1.085772;
0.004550;1.084565;
0.004560;1.083361;
0.004570;1.082161;
0.004580;1.080966;
0.004590;1.079775;
0.004600;1.078588;
0.004610;1.077406;
0.004620;1.076230;
0.004630;1.075058;
0.004640;1.073892;
0.004650;1.072732;
0.004660;1.071578;
0.004670;1.070430;
0.004680;1.069288;
0.004690;1.068153;
0.004700;1.067024;
0.004710;1.065903;
0.004720;1.064788;
0.004730;1.063681;
0.004740;1.062581;
0.004750;1.061489;
0.004760;1.060404;
0.004770;1.059328;
0.004780;1.058259;
0.004790;1.057199;
0.004800;1.056148;
0.004810;1.055104;
0.004820;1.054070;
0.004830;1.053045;
0.004840;1.052028;
0.004850;1.051021;
0.004860;1.050023;
0.004870;1.049034;
0.004880;1.048055;
0.004890;1.047085;
0.004900;1.046125;
0.004910;1.045175;
0.004920;1.044235;
0.004930;1.043305;
0.004940;1.042385;
0.004950;1.041475;
0.004960;1.040576;
0.004970;1.039687;
0.004980;1.038808;
0.004990;1.037940;
0.005000;1.037083;
0.005010;1.036236;
0.005020;1.035400;
0.005030;1.034575;
0.005040;1.033760;
0.005050;1.032957;
0.005060;1.032164;
0.005070;1.031382;
0.005080;1.030612;
0.005090;1.029852;
0.005100;1.029104;
0.005110;1.028366;
0.005120;1.027640;
0.005130;1.026925;
0.005140;1.026221;
0.005150;1.025528;
0.005160;1.024847;
0.005170;1.024176;
0.005180;1.023517;
0.005190;1.022869;
0.005200;1.022232;
0.005210;1.021607;
0.005220;1.020992;
0.005230;1.020389;
0.005240;1.019796;
0.005250;1.019215;
0.005260;1.018645;
0.005270;1.018086;
0.005280;1.017538;
0.005290;1.017000;
0.005300;1.016474;
0.005310;1.015959;
0.005320;1.015454;
0.005330;1.014961;
0.005340;1.014478;
0.005350;1.014005;
0.005360;1.013544;
0.005370;1.013093;
0.005380;1.012652;
0.005390;1.012222;
0.005400;1.011803;
0.005410;1.011393;
0.005420;1.010994;
0.005430;1.010605;
0.005440;1.010227;
0.005450;1.009858;
0.005460;1.009499;
0.005470;1.009150;
0.005480;1.008811;
0.005490;1.008482;
0.005500;1.008162;
0.005510;1.007852;
0.005520;1.007552;
0.005530;1.007260;
0.005540;1.006978;
0.005550;1.006706;
0.005560;1.006442;
0.005570;1.006187;
0.005580;1.005942;
0.005590;1.005705;
0.005600;1.005476;
0.005610;1.005257;
0.005620;1.005045;
0.005630;1.004843;
0.005640;1.004648;
0.005650;1.004462;
0.005660;1.004284;
0.005670;1.004114;
0.005680;1.003951;
0.005690;1.003797;
0.005700;1.003650;
0.005710;1.003511;
0.005720;1.003379;
0.005730;1.003254;
0.005740;1.003137;
0.005750;1.003027;
0.005760;1.002924;
0.005770;1.002827;
0.005780;1.002738;
0.005790;1.002655;
0.005800;1.002578;
0.005810;1.002509;
0.005820;1.002445;
0.005830;1.002388;
0.005840;1.002336;
0.005850;1.002291;
0.005860;1.002252;
0.005870;1.002218;
0.005880;1.002190;
0.005890;1.002168;
0.005900;1.002151;
0.005910;1.002139;
0.005920;1.002132;
0.005930;1.002131;
0.005940;1.002135;
0.005950;1.002143;
0.005960;1.002156;
0.005970;1.002174;
0.005980;1.002196;
0.005990;1.002223;
0.006000;1.002254;
0.006010;1.002289;
0.006020;1.002329;
0.006030;1.002372;
0.006040;1.002420;
0.006050;1.002471;
0.006060;1.002525;
0.006070;1.002584;
0.006080;1.002645;
0.006090;1.002711;
0.006100;1.002779;
0.006110;1.002851;
0.006120;1.002925;
0.006130;1.003003;
0.006140;1.003083;
0.006150;1.003166;
0.006160;1.003252;
0.006170;1.003341;
0.006180;1.003432;
0.006190;1.003525;
0.006200;1.003620;
0.006210;1.003718;
0.006220;1.003818;
0.006230;1.003920;
0.006240;1.004024;
0.006250;1.004129;
0.006260;1.004236;
0.006270;1.004345;
0.006280;1.004456;
0.006290;1.004568;
0.006300;1.004681;
0.006310;1.004796;
0.006320;1.004912;
0.006330;1.005029;
0.006340;1.005147;
0.006350;1.005266;
0.006360;1.005386;
0.006370;1.005507;
0.006380;1.005629;
0.006390;1.005751;
0.006400;1.005874;
0.006410;1.005997;
0.006420;1.006121;
0.006430;1.006245;
0.006440;1.006370;
0.006450;1.006494;
0.006460;1.006619;
0.006470;1.006744;
0.006480;1.006870;
0.006490;1.006995;
0.006500;1.007120;
0.006510;1.007245;
0.006520;1.007369;
0.006530;1.007494;
0.006540;1.007618;
0.006550;1.007741;
0.006560;1.007865;
0.006570;1.007987;
0.006580;1.008110;
0.006590;1.008231;
0.006600;1.008352;
0.006610;1.008472;
0.006620;1.008592;
0.006630;1.008710;
0.006640;1.008828;
0.006650;1.008945;
0.006660;1.009061;
0.006670;1.009176;
0.006680;1.009290;
0.006690;1.009403;
0.006700;1.009514;
0.006710;1.009625;
0.006720;1.009734;
0.006730;1.009842;
0.006740;1.009949;
0.006750;1.010055;
0.006760;1.010159;
0.006770;1.010262;
0.006780;1.010363;
0.006790;1.010463;
0.006800;1.010561;
0.006810;1.010658;
0.006820;1.010753;
0.006830;1.010847;
0.006840;1.010939;
0.006850;1.011030;
0.006860;1.011119;
0.006870;1.011206;
0.006880;1.011292;
0.006890;1.011375;
0.006900;1.011458;
0.006910;1.011538;
0.006920;1.011616;
0.006930;1.011693;
0.006940;1.011768;
0.006950;1.011841;
0.006960;1.011912;
0.006970;1.011982;
0.006980;1.012049;
0.006990;1.012115;
0.007000;1.012179;
0.007010;1.012241;
0.007020;1.012301;
0.007030;1.012359;
0.007040;1.012415;
0.007050;1.012469;
0.007060;1.012521;
0.007070;1.012571;
0.007080;1.012620;
0.007090;1.012666;
0.007100;1.012711;
0.007110;1.012753;
0.007120;1.012794;
0.007130;1.012832;
0.007140;1.012869;
0.007150;1.012903;
0.007160;1.012936;
0.007170;1.012967;
0.007180;1.012996;
0.007190;1.013023;
0.007200;1.013048;
0.007210;1.013071;
0.007220;1.013092;
0.007230;1.013111;
0.007240;1.013128;
0.007250;1.013144;
0.007260;1.013158;
0.007270;1.013169;
0.007280;1.013179;
0.007290;1.013187;
0.007300;1.013194;
0.007310;1.013198;
0.007320;1.013201;
0.007330;1.013202;
0.007340;1.013201;
0.007350;1.013199;
0.007360;1.013195;
0.007370;1.013189;
0.007380;1.013181;
0.007390;1.013172;
0.007400;1.013161;
0.007410;1.013149;
0.007420;1.013135;
0.007430;1.013120;
0.007440;1.013103;
0.007450;1.013084;
0.007460;1.013064;
0.007470;1.013043;
0.007480;1.013020;
0.007490;1.012996;
0.007500;1.012971;
0.007510;1.012944;
0.007520;1.012916;
0.007530;1.012887;
0.007540;1.012856;
0.007550;1.012824;
0.007560;1.012791;
0.007570;1.012757;
0.007580;1.012722;
0.007590;1.012686;
0.007600;1.012649;
0.007610;1.012610;
0.007620;1.012571;
0.007630;1.012531;
0.007640;1.012490;
0.007650;1.012448;
0.007660;1.012406;
0.007670;1.012362;
0.007680;1.012318;
0.007690;1.012274;
0.007700;1.012228;
0.007710;1.012182;
0.007720;1.012136;
0.007730;1.012088;
0.007740;1.012041;
0.007750;1.011993;
0.007760;1.011944;
0.007770;1.011895;
0.007780;1.011846;
0.007790;1.011797;
0.007800;1.011747;
0.007810;1.011698;
0.007820;1.011648;
0.007830;1.011598;
0.007840;1.011547;
0.007850;1.011497;
0.007860;1.011447;
0.007870;1.011397;
0.007880;1.011347;
0.007890;1.011298;
0.007900;1.011248;
0.007910;1.011199;
0.007920;1.011150;
0.007930;1.011101;
0.007940;1.011053;
0.007950;1.011005;
0.007960;1.010958;
0.007970;1.010911;
0.007980;1.010865;
0.007990;1.010819;
0.008000;1.010774;
0.008010;1.010730;
0.008020;1.010687;
0.008030;1.010644;
0.008040;1.010602;
0.008050;1.010561;
0.008060;1.010521;
0.008070;1.010482;
0.008080;1.010444;
0.008090;1.010407;
0.008100;1.010372;
0.008110;1.010337;
0.008120;1.010303;
0.008130;1.010271;
0.008140;1.010240;
0.008150;1.010211;
0.008160;1.010182;
0.008170;1.010156;
0.008180;1.010130;
0.008190;1.010106;
0.008200;1.010084;
0.008210;1.010063;
0.008220;1.010044;
0.008230;1.010027;
0.008240;1.010011;
0.008250;1.009997;
0.008260;1.009984;
0.008270;1.009974;
0.008280;1.009965;
0.008290;1.009959;
0.008300;1.009954;
0.008310;1.009951;
0.008320;1.009950;
0.008330;1.009951;
0.008340;1.009955;
0.008350;1.009960;
0.008360;1.009967;
0.008370;1.009977;
0.008380;1.009989;
0.008390;1.010003;
0.008400;1.010019;
0.008410;1.010038;
0.008420;1.010059;
0.008430;1.010082;
0.008440;1.010108;
0.008450;1.010136;
0.008460;1.010167;
0.008470;1.010200;
0.008480;1.010235;
0.008490;1.010273;
0.008500;1.010314;
0.008510;1.010357;
0.008520;1.010402;
0.008530;1.010451;
0.008540;1.010502;
0.008550;1.010555;
0.008560;1.010611;
0.008570;1.010670;
0.008580;1.010732;
0.008590;1.010796;
0.008600;1.010863;
0.008610;1.010933;
0.008620;1.011005;
0.008630;1.011081;
0.008640;1.011159;
0.008650;1.011240;
0.008660;1.011323;
0.008670;1.011410;
0.008680;1.011499;
0.008690;1.011591;
0.008700;1.011686;
0.008710;1.011784;
0.008720;1.011885;
0.008730;1.011988;
0.008740;1.012095;
0.008750;1.012204;
0.008760;1.012316;
0.008770;1.012431;
0.008780;1.012549;
0.008790;1.012670;
0.008800;1.012793;
0.008810;1.012919;
0.008820;1.013049;
0.008830;1.013181;
0.008840;1.013316;
0.008850;1.013453;
0.008860;1.013594;
0.008870;1.013737;
0.008880;1.013883;
0.008890;1.014032;
0.008900;1.014184;
0.008910;1.014338;
0.008920;1.014496;
0.008930;1.014655;
0.008940;1.014818;
0.008950;1.014983;
0.008960;1.015152;
0.008970;1.015322;
0.008980;1.015496;
0.008990;1.015672;
0.009000;1.015850;
0.009010;1.016031;
0.009020;1.016215;
0.009030;1.016401;
0.009040;1.016590;
0.009050;1.016781;
0.009060;1.016975;
0.009070;1.017171;
0.009080;1.017370;
0.009090;1.017570;
0.009100;1.017774;
0.009110;1.017979;
0.009120;1.018187;
0.009130;1.018397;
0.009140;1.018609;
0.009150;1.018824;
0.009160;1.019040;
0.009170;1.019259;
0.009180;1.019480;
0.009190;1.019703;
0.009200;1.019928;
0.009210;1.020155;
0.009220;1.020383;
0.009230;1.020614;
0.009240;1.020846;
0.009250;1.021081;
0.009260;1.021317;
0.009270;1.021555;
0.009280;1.021794;
0.009290;1.022035;
0.009300;1.022278;
0.009310;1.022522;
0.009320;1.022768;
0.009330;1.023015;
0.009340;1.023263;
0.009350;1.023513;
0.009360;1.023765;
0.009370;1.024017;
0.009380;1.024271;
0.009390;1.024526;
0.009400;1.024782;
0.009410;1.025039;
0.009420;1.025297;
0.009430;1.025557;
0.009440;1.025817;
0.009450;1.026078;
0.009460;1.026339;
0.009470;1.026602;
0.009480;1.026865;
0.009490;1.027129;
0.009500;1.027394;
0.009510;1.027659;
0.009520;1.027925;
0.009530;1.028191;
0.009540;1.028457;
0.009550;1.028724;
0.009560;1.028991;
0.009570;1.029259;
0.009580;1.029526;
0.009590;1.029794;
0.009600;1.030062;
0.009610;1.030330;
0.009620;1.030598;
0.009630;1.030866;
0.009640;1.031133;
0.009650;1.031401;
0.009660;1.031668;
0.009670;1.031935;
0.009680;1.032202;
0.009690;1.032468;
0.009700;1.032734;
0.009710;1.032999;
0.009720;1.033263;
0.009730;1.033528;
0.009740;1.033791;
0.009750;1.034054;
0.009760;1.034315;
0.009770;1.034577;
0.009780;1.034837;
0.009790;1.035096;
0.009800;1.035354;
0.009810;1.035611;
0.009820;1.035868;
0.009830;1.036123;
0.009840;1.036376;
0.009850;1.036629;
0.009860;1.036880;
0.009870;1.037130;
0.009880;1.037378;
0.009890;1.037625;
0.009900;1.037871;
0.009910;1.038115;
0.009920;1.038357;
0.009930;1.038598;
0.009940;1.038837;
0.009950;1.039074;
0.009960;1.039310;
0.009970;1.039543;
0.009980;1.039775;
0.009990;1.040005;
0.010000;1.040233;
0.010010;1.040459;
0.010020;1.040682;
0.010030;1.040904;
0.010040;1.041124;
0.010050;1.041341;
0.010060;1.041556;
0.010070;1.041769;
0.010080;1.041979;
0.010090;1.042187;
0.010100;1.042393;
0.010110;1.042596;
0.010120;1.042797;
0.010130;1.042995;
0.010140;1.043191;
0.010150;1.043384;
0.010160;1.043574;
0.010170;1.043762;
0.010180;1.043947;
0.010190;1.044129;
0.010200;1.044309;
0.010210;1.044485;
0.010220;1.044659;
0.010230;1.044830;
0.010240;1.044998;
0.010250;1.045164;
0.010260;1.045326;
0.010270;1.045485;
0.010280;1.045641;
0.010290;1.045794;
0.010300;1.045944;
0.010310;1.046091;
0.010320;1.046235;
0.010330;1.046376;
0.010340;1.046513;
0.010350;1.046648;
0.010360;1.046779;
0.010370;1.046907;
0.010380;1.047031;
0.010390;1.047152;
0.010400;1.047270;
0.010410;1.047385;
0.010420;1.047496;
0.010430;1.047604;
0.010440;1.047709;
0.010450;1.047810;
0.010460;1.047908;
0.010470;1.048002;
0.010480;1.048093;
0.010490;1.048180;
0.010500;1.048264;
0.010510;1.048345;
0.010520;1.048422;
0.010530;1.048495;
0.010540;1.048565;
0.010550;1.048632;
0.010560;1.048695;
0.010570;1.048754;
0.010580;1.048810;
0.010590;1.048862;
0.010600;1.048911;
0.010610;1.048956;
0.010620;1.048998;
0.010630;1.049036;
0.010640;1.049071;
0.010650;1.049102;
0.010660;1.049130;
0.010670;1.049154;
0.010680;1.049174;
0.010690;1.049191;
0.010700;1.049205;
0.010710;1.049214;
0.010720;1.049221;
0.010730;1.049224;
0.010740;1.049223;
0.010750;1.049219;
0.010760;1.049211;
0.010770;1.049200;
0.010780;1.049185;
0.010790;1.049167;
0.010800;1.049145;
0.010810;1.049120;
0.010820;1.049092;
0.010830;1.049060;
0.010840;1.049024;
0.010850;1.048986;
0.010860;1.048943;
0.010870;1.048898;
0.010880;1.048849;
0.010890;1.048797;
0.010900;1.048741;
0.010910;1.048682;
0.010920;1.048620;
0.010930;1.048555;
0.010940;1.048486;
0.010950;1.048415;
0.010960;1.048339;
0.010970;1.048261;
0.010980;1.048180;
0.010990;1.048095;
0.011000;1.048008;
0.011010;1.047917;
0.011020;1.047823;
0.011030;1.047727;
0.011040;1.047627;
0.011050;1.047524;
0.011060;1.047418;
0.011070;1.047310;
0.011080;1.047198;
0.011090;1.047084;
0.011100;1.046967;
0.011110;1.046846;
0.011120;1.046724;
0.011130;1.046598;
0.011140;1.046470;
0.011150;1.046339;
0.011160;1.046205;
0.011170;1.046069;
0.011180;1.045930;
0.011190;1.045789;
0.011200;1.045645;
0.011210;1.045498;
0.011220;1.045349;
0.011230;1.045198;
0.011240;1.045044;
0.011250;1.044888;
0.011260;1.044730;
0.011270;1.044569;
0.011280;1.044407;
0.011290;1.044242;
0.011300;1.044074;
0.011310;1.043905;
0.011320;1.043734;
0.011330;1.043560;
0.011340;1.043385;
0.011350;1.043207;
0.011360;1.043028;
0.011370;1.042847;
0.011380;1.042664;
0.011390;1.042479;
0.011400;1.042292;
0.011410;1.042104;
0.011420;1.041913;
0.011430;1.041722;
0.011440;1.041528;
0.011450;1.041333;
0.011460;1.041137;
0.011470;1.040939;
0.011480;1.040740;
0.011490;1.040539;
0.011500;1.040337;
0.011510;1.040133;
0.011520;1.039928;
0.011530;1.039722;
0.011540;1.039515;
0.011550;1.039307;
0.011560;1.039098;
0.011570;1.038887;
0.011580;1.038676;
0.011590;1.038463;
0.011600;1.038250;
0.011610;1.038035;
0.011620;1.037820;
0.011630;1.037604;
0.011640;1.037388;
0.011650;1.037170;
0.011660;1.036952;
0.011670;1.036734;
0.011680;1.036514;
0.011690;1.036294;
0.011700;1.036074;
0.011710;1.035853;
0.011720;1.035632;
0.011730;1.035410;
0.011740;1.035188;
0.011750;1.034966;
0.011760;1.034744;
0.011770;1.034521;
0.011780;1.034298;
0.011790;1.034075;
0.011800;1.033852;
0.011810;1.033629;
0.011820;1.033406;
0.011830;1.033183;
0.011840;1.032960;
0.011850;1.032737;
0.011860;1.032514;
0.011870;1.032292;
0.011880;1.032069;
0.011890;1.031847;
0.011900;1.031626;
0.011910;1.031404;
0.011920;1.031184;
0.011930;1.030963;
0.011940;1.030743;
0.011950;1.030524;
0.011960;1.030305;
0.011970;1.030087;
0.011980;1.029869;
0.011990;1.029652;
0.012000;1.029436;
0.012010;1.029220;
0.012020;1.029005;
0.012030;1.028791;
0.012040;1.028578;
0.012050;1.028366;
0.012060;1.028155;
0.012070;1.027945;
0.012080;1.027735;
0.012090;1.027527;
0.012100;1.027320;
0.012110;1.027114;
0.012120;1.026909;
0.012130;1.026705;
0.012140;1.026502;
0.012150;1.026300;
0.012160;1.026100;
0.012170;1.025901;
0.012180;1.025704;
0.012190;1.025507;
0.012200;1.025313;
0.012210;1.025119;
0.012220;1.024927;
0.012230;1.024736;
0.012240;1.024547;
0.012250;1.024360;
0.012260;1.024174;
0.012270;1.023989;
0.012280;1.023806;
0.012290;1.023625;
0.012300;1.023445;
0.012310;1.023267;
0.012320;1.023091;
0.012330;1.022917;
0.012340;1.022744;
0.012350;1.022573;
0.012360;1.022404;
0.012370;1.022236;
0.012380;1.022071;
0.012390;1.021907;
0.012400;1.021745;
0.012410;1.021585;
0.012420;1.021427;
0.012430;1.021271;
0.012440;1.021117;
0.012450;1.020964;
0.012460;1.020814;
0.012470;1.020666;
0.012480;1.020520;
0.012490;1.020375;
0.012500;1.020233;
0.012510;1.020093;
0.012520;1.019955;
0.012530;1.019819;
0.012540;1.019686;
0.012550;1.019554;
0.012560;1.019424;
0.012570;1.019297;
0.012580;1.019172;
0.012590;1.019049;
0.012600;1.018928;
0.012610;1.018809;
0.012620;1.018693;
0.012630;1.018578;
0.012640;1.018466;
0.012650;1.018356;
0.012660;1.018249;
0.012670;1.018143;
0.012680;1.018040;
0.012690;1.017939;
0.012700;1.017841;
0.012710;1.017744;
0.012720;1.017650;
0.012730;1.017558;
0.012740;1.017469;
0.012750;1.017381;
0.012760;1.017296;
0.012770;1.017213;
0.012780;1.017133;
0.012790;1.017055;
0.012800;1.016979;
0.012810;1.016905;
0.012820;1.016834;
0.012830;1.016765;
0.012840;1.016698;
0.012850;1.016633;
0.012860;1.016571;
0.012870;1.016511;
0.012880;1.016453;
0.012890;1.016398;
0.012900;1.016345;
0.012910;1.016294;
0.012920;1.016245;
0.012930;1.016199;
0.012940;1.016154;
0.012950;1.016113;
0.012960;1.016073;
0.012970;1.016035;
0.012980;1.016000;
0.012990;1.015967;
0.013000;1.015936;
0.013010;1.015907;
0.013020;1.015881;
0.013030;1.015856;
0.013040;1.015834;
0.013050;1.015814;
0.013060;1.015796;
0.013070;1.015780;
0.013080;1.015766;
0.013090;1.015755;
0.013100;1.015745;
0.013110;1.015738;
0.013120;1.015732;
0.013130;1.015729;
0.013140;1.015728;
0.013150;1.015729;
0.013160;1.015731;
0.013170;1.015736;
0.013180;1.015743;
0.013190;1.015751;
0.013200;1.015762;
0.013210;1.015775;
0.013220;1.015789;
0.013230;1.015805;
0.013240;1.015824;
0.013250;1.015844;
0.013260;1.015866;
0.013270;1.015890;
0.013280;1.015915;
0.013290;1.015943;
0.013300;1.015972;
0.013310;1.016003;
0.013320;1.016035;
0.013330;1.016070;
0.013340;1.016106;
0.013350;1.016144;
0.013360;1.016183;
0.013370;1.016224;
0.013380;1.016267;
0.013390;1.016311;
0.013400;1.016357;
0.013410;1.016404;
0.013420;1.016453;
0.013430;1.016504;
0.013440;1.016556;
0.013450;1.016609;
0.013460;1.016664;
0.013470;1.016720;
0.013480;1.016778;
0.013490;1.016837;
0.013500;1.016898;
0.013510;1.016960;
0.013520;1.017023;
0.013530;1.017087;
0.013540;1.017153;
0.013550;1.017220;
0.013560;1.017288;
0.013570;1.017357;
0.013580;1.017428;
0.013590;1.017500;
0.013600;1.017572;
0.013610;1.017646;
0.013620;1.017721;
0.013630;1.017798;
0.013640;1.017875;
0.013650;1.017953;
0.013660;1.018032;
0.013670;1.018112;
0.013680;1.018193;
0.013690;1.018275;
0.013700;1.018358;
0.013710;1.018442;
0.013720;1.018527;
0.013730;1.018612;
0.013740;1.018698;
0.013750;1.018785;
0.013760;1.018873;
0.013770;1.018962;
0.013780;1.019051;
0.013790;1.019141;
0.013800;1.019231;
0.013810;1.019323;
0.013820;1.019414;
0.013830;1.019507;
0.013840;1.019600;
0.013850;1.019693;
0.013860;1.019787;
0.013870;1.019882;
0.013880;1.019977;
0.013890;1.020072;
0.013900;1.020168;
0.013910;1.020265;
0.013920;1.020361;
0.013930;1.020458;
0.013940;1.020556;
0.013950;1.020653;
0.013960;1.020751;
0.013970;1.020850;
0.013980;1.020948;
0.013990;1.021047;
0.014000;1.021146;
0.014010;1.021245;
0.014020;1.021344;
0.014030;1.021444;
0.014040;1.021543;
0.014050;1.021643;
0.014060;1.021742;
0.014070;1.021842;
0.014080;1.021942;
0.014090;1.022042;
0.014100;1.022141;
0.014110;1.022241;
0.014120;1.022341;
0.014130;1.022441;
0.014140;1.022540;
0.014150;1.022640;
0.014160;1.022739;
0.014170;1.022838;
0.014180;1.022937;
0.014190;1.023036;
0.014200;1.023135;
0.014210;1.023233;
0.014220;1.023331;
0.014230;1.023429;
0.014240;1.023527;
0.014250;1.023624;
0.014260;1.023721;
0.014270;1.023818;
0.014280;1.023914;
0.014290;1.024010;
0.014300;1.024106;
0.014310;1.024201;
0.014320;1.024296;
0.014330;1.024390;
0.014340;1.024484;
0.014350;1.024578;
0.014360;1.024671;
0.014370;1.024764;
0.014380;1.024856;
0.014390;1.024947;
0.014400;1.025038;
0.014410;1.025129;
0.014420;1.025219;
0.014430;1.025308;
0.014440;1.025397;
0.014450;1.025485;
0.014460;1.025573;
0.014470;1.025660;
0.014480;1.025746;
0.014490;1.025832;
0.014500;1.025917;
0.014510;1.026001;
0.014520;1.026085;
0.014530;1.026168;
0.014540;1.026250;
0.014550;1.026332;
0.014560;1.026413;
0.014570;1.026493;
0.014580;1.026573;
0.014590;1.026651;
0.014600;1.026729;
0.014610;1.026806;
0.014620;1.026883;
0.014630;1.026958;
0.014640;1.027033;
0.014650;1.027107;
0.014660;1.027181;
0.014670;1.027253;
0.014680;1.027325;
0.014690;1.027396;
0.014700;1.027466;
0.014710;1.027535;
0.014720;1.027603;
0.014730;1.027670;
0.014740;1.027737;
0.014750;1.027803;
0.014760;1.027868;
0.014770;1.027932;
0.014780;1.027995;
0.014790;1.028057;
0.014800;1.028119;
0.014810;1.028179;
0.014820;1.028239;
0.014830;1.028297;
0.014840;1.028355;
0.014850;1.028412;
0.014860;1.028468;
0.014870;1.028523;
0.014880;1.028578;
0.014890;1.028631;
0.014900;1.028684;
0.014910;1.028735;
0.014920;1.028786;
0.014930;1.028836;
0.014940;1.028884;
0.014950;1.028932;
0.014960;1.028979;
0.014970;1.029025;
0.014980;1.029071;
0.014990;1.029115;
0.015000;1.029158;
0.015010;1.029201;
0.015020;1.029242;
0.015030;1.029283;
0.015040;1.029323;
0.015050;1.029362;
0.015060;1.029400;
0.015070;1.029437;
0.015080;1.029473;
0.015090;1.029508;
0.015100;1.029543;
0.015110;1.029577;
0.015120;1.029609;
0.015130;1.029641;
0.015140;1.029672;
0.015150;1.029702;
0.015160;1.029731;
0.015170;1.029760;
0.015180;1.029787;
0.015190;1.029814;
0.015200;1.029840;
0.015210;1.029865;
0.015220;1.029889;
0.015230;1.029912;
0.015240;1.029934;
0.015250;1.029956;
0.015260;1.029977;
0.015270;1.029997;
0.015280;1.030016;
0.015290;1.030035;
0.015300;1.030052;
0.015310;1.030069;
0.015320;1.030085;
0.015330;1.030101;
0.015340;1.030115;
0.015350;1.030129;
0.015360;1.030142;
0.015370;1.030155;
0.015380;1.030166;
0.015390;1.030177;
0.015400;1.030187;
0.015410;1.030197;
0.015420;1.030205;
0.015430;1.030213;
0.015440;1.030221;
0.015450;1.030227;
0.015460;1.030233;
0.015470;1.030239;
0.015480;1.030243;
0.015490;1.030247;
0.015500;1.030251;
0.015510;1.030254;
0.015520;1.030256;
0.015530;1.030257;
0.015540;1.030258;
0.015550;1.030259;
0.015560;1.030258;
0.015570;1.030258;
0.015580;1.030256;
0.015590;1.030254;
0.015600;1.030252;
0.015610;1.030249;
0.015620;1.030245;
0.015630;1.030241;
0.015640;1.030237;
0.015650;1.030232;
0.015660;1.030226;
0.015670;1.030220;
0.015680;1.030213;
0.015690;1.030206;
0.015700;1.030199;
0.015710;1.030191;
0.015720;1.030183;
0.015730;1.030174;
0.015740;1.030165;
0.015750;1.030155;
0.015760;1.030145;
0.015770;1.030135;
0.015780;1.030124;
0.015790;1.030113;
0.015800;1.030102;
0.015810;1.030090;
0.015820;1.030078;
0.015830;1.030065;
0.015840;1.030052;
0.015850;1.030039;
0.015860;1.030026;
0.015870;1.030012;
0.015880;1.029998;
0.015890;1.029984;
0.015900;1.029969;
0.015910;1.029954;
0.015920;1.029939;
0.015930;1.029924;
0.015940;1.029909;
0.015950;1.029893;
0.015960;1.029877;
0.015970;1.029861;
0.015980;1.029844;
0.015990;1.029828;
0.016000;1.029811;
0.016010;1.029794;
0.016020;1.029777;
0.016030;1.029760;
0.016040;1.029743;
0.016050;1.029726;
0.016060;1.029708;
0.016070;1.029690;
0.016080;1.029673;
0.016090;1.029655;
0.016100;1.029637;
0.016110;1.029619;
0.016120;1.029601;
0.016130;1.029582;
0.016140;1.029564;
0.016150;1.029546;
0.016160;1.029528;
0.016170;1.029509;
0.016180;1.029491;
0.016190;1.029472;
0.016200;1.029454;
0.016210;1.029436;
0.016220;1.029417;
0.016230;1.029399;
0.016240;1.029380;
0.016250;1.029362;
0.016260;1.029344;
0.016270;1.029325;
0.016280;1.029307;
0.016290;1.029289;
0.016300;1.029271;
0.016310;1.029253;
0.016320;1.029235;
0.016330;1.029217;
0.016340;1.029199;
0.016350;1.029181;
0.016360;1.029163;
0.016370;1.029146;
0.016380;1.029128;
0.016390;1.029111;
0.016400;1.029093;
0.016410;1.029076;
0.016420;1.029059;
0.016430;1.029042;
0.016440;1.029026;
0.016450;1.029009;
0.016460;1.028992;
0.016470;1.028976;
0.016480;1.028960;
0.016490;1.028944;
0.016500;1.028928;
0.016510;1.028912;
0.016520;1.028896;
0.016530;1.028881;
0.016540;1.028866;
0.016550;1.028851;
0.016560;1.028836;
0.016570;1.028821;
0.016580;1.028807;
0.016590;1.028792;
0.016600;1.028778;
0.016610;1.028764;
0.016620;1.028750;
0.016630;1.028737;
0.016640;1.028723;
0.016650;1.028710;
0.016660;1.028697;
0.016670;1.028685;
0.016680;1.028672;
0.016690;1.028660;
0.016700;1.028648;
0.016710;1.028636;
0.016720;1.028624;
0.016730;1.028613;
0.016740;1.028601;
0.016750;1.028590;
0.016760;1.028579;
0.016770;1.028569;
0.016780;1.028558;
0.016790;1.028548;
0.016800;1.028538;
0.016810;1.028529;
0.016820;1.028519;
0.016830;1.028510;
0.016840;1.028501;
0.016850;1.028492;
0.016860;1.028483;
0.016870;1.028475;
0.016880;1.028467;
0.016890;1.028459;
0.016900;1.028451;
0.016910;1.028444;
0.016920;1.028436;
0.016930;1.028429;
0.016940;1.028422;
0.016950;1.028416;
0.016960;1.028409;
0.016970;1.028403;
0.016980;1.028397;
0.016990;1.028391;
0.017000;1.028386;
0.017010;1.028381;
0.017020;1.028375;
0.017030;1.028370;
0.017040;1.028366;
0.017050;1.028361;
0.017060;1.028357;
0.017070;1.028353;
0.017080;1.028349;
0.017090;1.028345;
0.017100;1.028341;
0.017110;1.028338;
0.017120;1.028335;
0.017130;1.028332;
0.017140;1.028329;
0.017150;1.028326;
0.017160;1.028324;
0.017170;1.028322;
0.017180;1.028319;
0.017190;1.028317;
0.017200;1.028316;
0.017210;1.028314;
0.017220;1.028313;
0.017230;1.028311;
0.017240;1.028310;
0.017250;1.028309;
0.017260;1.028308;
0.017270;1.028307;
0.017280;1.028307;
0.017290;1.028306;
0.017300;1.028306;
0.017310;1.028306;
0.017320;1.028306;
0.017330;1.028306;
0.017340;1.028306;
0.017350;1.028306;
0.017360;1.028306;
0.017370;1.028307;
0.017380;1.028307;
0.017390;1.028308;
0.017400;1.028309;
0.017410;1.028310;
0.017420;1.028311;
0.017430;1.028312;
0.017440;1.028313;
0.017450;1.028314;
0.017460;1.028315;
0.017470;1.028317;
0.017480;1.028318;
0.017490;1.028319;
0.017500;1.028321;
0.017510;1.028322;
0.017520;1.028324;
0.017530;1.028326;
0.017540;1.028327;
0.017550;1.028329;
0.017560;1.028331;
0.017570;1.028333;
0.017580;1.028334;
0.017590;1.028336;
0.017600;1.028338;
0.017610;1.028340;
0.017620;1.028342;
0.017630;1.028343;
0.017640;1.028345;
0.017650;1.028347;
0.017660;1.028349;
0.017670;1.028351;
0.017680;1.028353;
0.017690;1.028354;
0.017700;1.028356;
0.017710;1.028358;
0.017720;1.028360;
0.017730;1.028361;
0.017740;1.028363;
0.017750;1.028364;
0.017760;1.028366;
0.017770;1.028367;
0.017780;1.028369;
0.017790;1.028370;
0.017800;1.028372;
0.017810;1.028373;
0.017820;1.028374;
0.017830;1.028375;
0.017840;1.028376;
0.017850;1.028377;
0.017860;1.028378;
0.017870;1.028379;
0.017880;1.028379;
0.017890;1.028380;
0.017900;1.028380;
0.017910;1.028381;
0.017920;1.028381;
0.017930;1.028381;
0.017940;1.028381;
0.017950;1.028381;
0.017960;1.028381;
0.017970;1.028381;
0.017980;1.028380;
0.017990;1.028380;
0.018000;1.028379;
0.018010;1.028379;
0.018020;1.028378;
0.018030;1.028377;
0.018040;1.028375;
0.018050;1.028374;
0.018060;1.028373;
0.018070;1.028371;
0.018080;1.028369;
0.018090;1.028367;
0.018100;1.028365;
0.018110;1.028363;
0.018120;1.028361;
0.018130;1.028358;
0.018140;1.028356;
0.018150;1.028353;
0.018160;1.028350;
0.018170;1.028347;
0.018180;1.028343;
0.018190;1.028340;
0.018200;1.028336;
0.018210;1.028332;
0.018220;1.028328;
0.018230;1.028324;
0.018240;1.028320;
0.018250;1.028315;
0.018260;1.028311;
0.018270;1.028306;
0.018280;1.028301;
0.018290;1.028296;
0.018300;1.028290;
0.018310;1.028285;
0.018320;1.028279;
0.018330;1.028273;
0.018340;1.028267;
0.018350;1.028260;
0.018360;1.028254;
0.018370;1.028247;
0.018380;1.028240;
0.018390;1.028233;
0.018400;1.028226;
0.018410;1.028219;
0.018420;1.028211;
0.018430;1.028203;
0.018440;1.028195;
0.018450;1.028187;
0.018460;1.028179;
0.018470;1.028170;
0.018480;1.028161;
0.018490;1.028152;
0.018500;1.028143;
0.018510;1.028134;
0.018520;1.028124;
0.018530;1.028115;
0.018540;1.028105;
0.018550;1.028095;
0.018560;1.028085;
0.018570;1.028074;
0.018580;1.028064;
0.018590;1.028053;
0.018600;1.028042;
0.018610;1.028031;
0.018620;1.028019;
0.018630;1.028008;
0.018640;1.027996;
0.018650;1.027985;
0.018660;1.027973;
0.018670;1.027960;
0.018680;1.027948;
0.018690;1.027936;
0.018700;1.027923;
0.018710;1.027910;
0.018720;1.027897;
0.018730;1.027884;
0.018740;1.027871;
0.018750;1.027857;
0.018760;1.027844;
0.018770;1.027830;
0.018780;1.027816;
0.018790;1.027802;
0.018800;1.027788;
0.018810;1.027774;
0.018820;1.027759;
0.018830;1.027745;
0.018840;1.027730;
0.018850;1.027715;
0.018860;1.027700;
0.018870;1.027685;
0.018880;1.027670;
0.018890;1.027654;
0.018900;1.027639;
0.018910;1.027623;
0.018920;1.027608;
0.018930;1.027592;
0.018940;1.027576;
0.018950;1.027560;
0.018960;1.027544;
0.018970;1.027528;
0.018980;1.027511;
0.018990;1.027495;
0.019000;1.027478;
0.019010;1.027462;
0.019020;1.027445;
0.019030;1.027428;
0.019040;1.027411;
0.019050;1.027394;
0.019060;1.027377;
0.019070;1.027360;
0.019080;1.027343;
0.019090;1.027326;
0.019100;1.027309;
0.019110;1.027292;
0.019120;1.027274;
0.019130;1.027257;
0.019140;1.027239;
0.019150;1.027222;
0.019160;1.027204;
0.019170;1.027187;
0.019180;1.027169;
0.019190;1.027152;
0.019200;1.027134;
0.019210;1.027116;
0.019220;1.027099;
0.019230;1.027081;
0.019240;1.027063;
0.019250;1.027045;
0.019260;1.027028;
0.019270;1.027010;
0.019280;1.026992;
0.019290;1.026975;
0.019300;1.026957;
0.019310;1.026939;
0.019320;1.026922;
0.019330;1.026904;
0.019340;1.026886;
0.019350;1.026869;
0.019360;1.026851;
0.019370;1.026834;
0.019380;1.026816;
0.019390;1.026799;
0.019400;1.026781;
0.019410;1.026764;
0.019420;1.026747;
0.019430;1.026730;
0.019440;1.026712;
0.019450;1.026695;
0.019460;1.026678;
0.019470;1.026661;
0.019480;1.026645;
0.019490;1.026628;
0.019500;1.026611;
0.019510;1.026594;
0.019520;1.026578;
0.019530;1.026561;
0.019540;1.026545;
0.019550;1.026529;
0.019560;1.026513;
0.019570;1.026497;
0.019580;1.026481;
0.019590;1.026465;
0.019600;1.026449;
0.019610;1.026434;
0.019620;1.026418;
0.019630;1.026403;
0.019640;1.026388;
0.019650;1.026373;
0.019660;1.026358;
0.019670;1.026343;
0.019680;1.026328;
0.019690;1.026314;
0.019700;1.026299;
0.019710;1.026285;
0.019720;1.026271;
0.019730;1.026257;
0.019740;1.026244;
0.019750;1.026230;
0.019760;1.026217;
0.019770;1.026203;
0.019780;1.026190;
0.019790;1.026177;
0.019800;1.026165;
0.019810;1.026152;
0.019820;1.026140;
0.019830;1.026128;
0.019840;1.026116;
0.019850;1.026104;
0.019860;1.026092;
0.019870;1.026081;
0.019880;1.026070;
0.019890;1.026059;
0.019900;1.026048;
0.019910;1.026037;
0.019920;1.026027;
0.019930;1.026016;
0.019940;1.026006;
0.019950;1.025997;
0.019960;1.025987;
0.019970;1.025978;
0.019980;1.025969;
0.019990;1.025960;
0.020000;1.025951;
0.020010;1.025942;
0.020020;1.025934;
0.020030;1.025926;
0.020040;1.025918;
0.020050;1.025911;
0.020060;1.025903;
0.020070;1.025896;
0.020080;1.025889;
0.020090;1.025883;
0.020100;1.025876;
0.020110;1.025870;
0.020120;1.025864;
0.020130;1.025858;
0.020140;1.025853;
0.020150;1.025848;
0.020160;1.025843;
0.020170;1.025838;
0.020180;1.025833;
0.020190;1.025829;
0.020200;1.025825;
0.020210;1.025821;
0.020220;1.025818;
0.020230;1.025814;
0.020240;1.025811;
0.020250;1.025809;
0.020260;1.025806;
0.020270;1.025804;
0.020280;1.025802;
0.020290;1.025800;
0.020300;1.025798;
0.020310;1.025797;
0.020320;1.025796;
0.020330;1.025795;
0.020340;1.025794;
0.020350;1.025794;
0.020360;1.025794;
0.020370;1.025794;
0.020380;1.025795;
0.020390;1.025795;
0.020400;1.025796;
0.020410;1.025797;
0.020420;1.025799;
0.020430;1.025800;
0.020440;1.025802;
0.020450;1.025804;
0.020460;1.025807;
0.020470;1.025809;
0.020480;1.025812;
0.020490;1.025815;
0.020500;1.025819;
0.020510;1.025822;
0.020520;1.025826;
0.020530;1.025830;
0.020540;1.025834;
0.020550;1.025839;
0.020560;1.025844;
0.020570;1.025849;
0.020580;1.025854;
0.020590;1.025859;
0.020600;1.025865;
0.020610;1.025871;
0.020620;1.025877;
0.020630;1.025883;
0.020640;1.025890;
0.020650;1.025897;
0.020660;1.025904;
0.020670;1.025911;
0.020680;1.025918;
0.020690;1.025926;
0.020700;1.025934;
0.020710;1.025942;
0.020720;1.025950;
0.020730;1.025959;
0.020740;1.025968;
0.020750;1.025977;
0.020760;1.025986;
0.020770;1.025995;
0.020780;1.026005;
0.020790;1.026014;
0.020800;1.026024;
0.020810;1.026034;
0.020820;1.026045;
0.020830;1.026055;
0.020840;1.026066;
0.020850;1.026076;
0.020860;1.026087;
0.020870;1.026099;
0.020880;1.026110;
0.020890;1.026122;
0.020900;1.026133;
0.020910;1.026145;
0.020920;1.026157;
0.020930;1.026169;
0.020940;1.026182;
0.020950;1.026194;
0.020960;1.026207;
0.020970;1.026220;
0.020980;1.026233;
0.020990;1.026246;
0.021000;1.026259;
0.021010;1.026272;
0.021020;1.026286;
0.021030;1.026300;
0.021040;1.026313;
0.021050;1.026327;
0.021060;1.026341;
0.021070;1.026356;
0.021080;1.026370;
0.021090;1.026384;
0.021100;1.026399;
0.021110;1.026413;
0.021120;1.026428;
0.021130;1.026443;
0.021140;1.026458;
0.021150;1.026473;
0.021160;1.026488;
0.021170;1.026503;
0.021180;1.026519;
0.021190;1.026534;
0.021200;1.026549;
0.021210;1.026565;
0.021220;1.026581;
0.021230;1.026596;
0.021240;1.026612;
0.021250;1.026628;
0.021260;1.026644;
0.021270;1.026660;
0.021280;1.026676;
0.021290;1.026692;
0.021300;1.026708;
0.021310;1.026724;
0.021320;1.026741;
0.021330;1.026757;
0.021340;1.026773;
0.021350;1.026790;
0.021360;1.026806;
0.021370;1.026822;
0.021380;1.026839;
0.021390;1.026855;
0.021400;1.026872;
0.021410;1.026888;
0.021420;1.026905;
0.021430;1.026921;
0.021440;1.026938;
0.021450;1.026955;
0.021460;1.026971;
0.021470;1.026988;
0.021480;1.027004;
0.021490;1.027021;
0.021500;1.027037;
0.021510;1.027054;
0.021520;1.027070;
0.021530;1.027087;
0.021540;1.027103;
0.021550;1.027120;
0.021560;1.027136;
0.021570;1.027153;
0.021580;1.027169;
0.021590;1.027185;
0.021600;1.027201;
0.021610;1.027218;
0.021620;1.027234;
0.021630;1.027250;
0.021640;1.027266;
0.021650;1.027282;
0.021660;1.027298;
0.021670;1.027314;
0.021680;1.027330;
0.021690;1.027346;
0.021700;1.027361;
0.021710;1.027377;
0.021720;1.027393;
0.021730;1.027408;
0.021740;1.027424;
0.021750;1.027439;
0.021760;1.027454;
0.021770;1.027469;
0.021780;1.027485;
0.021790;1.027500;
0.021800;1.027514;
0.021810;1.027529;
0.021820;1.027544;
0.021830;1.027559;
0.021840;1.027573;
0.021850;1.027588;
0.021860;1.027602;
0.021870;1.027616;
0.021880;1.027630;
0.021890;1.027644;
0.021900;1.027658;
0.021910;1.027672;
0.021920;1.027686;
0.021930;1.027699;
0.021940;1.027713;
0.021950;1.027726;
0.021960;1.027739;
0.021970;1.027752;
0.021980;1.027765;
0.021990;1.027778;
0.022000;1.027790;
0.022010;1.027803;
0.022020;1.027815;
0.022030;1.027827;
0.022040;1.027839;
0.022050;1.027851;
0.022060;1.027863;
0.022070;1.027875;
0.022080;1.027886;
0.022090;1.027898;
0.022100;1.027909;
0.022110;1.027920;
0.022120;1.027931;
0.022130;1.027942;
0.022140;1.027952;
0.022150;1.027963;
0.022160;1.027973;
0.022170;1.027983;
0.022180;1.027993;
0.022190;1.028003;
0.022200;1.028013;
0.022210;1.028022;
0.022220;1.028031;
0.022230;1.028041;
0.022240;1.028050;
0.022250;1.028058;
0.022260;1.028067;
0.022270;1.028076;
0.022280;1.028084;
0.022290;1.028092;
0.022300;1.028100;
0.022310;1.028108;
0.022320;1.028116;
0.022330;1.028123;
0.022340;1.028130;
0.022350;1.028138;
0.022360;1.028145;
0.022370;1.028151;
0.022380;1.028158;
0.022390;1.028165;
0.022400;1.028171;
0.022410;1.028177;
0.022420;1.028183;
0.022430;1.028189;
0.022440;1.028194;
0.022450;1.028200;
0.022460;1.028205;
0.022470;1.028210;
0.022480;1.028215;
0.022490;1.028220;
0.022500;1.028224;
0.022510;1.028229;
0.022520;1.028233;
0.022530;1.028237;
0.022540;1.028241;
0.022550;1.028244;
0.022560;1.028248;
0.022570;1.028251;
0.022580;1.028254;
0.022590;1.028257;
0.022600;1.028260;
0.022610;1.028263;
0.022620;1.028265;
0.022630;1.028268;
0.022640;1.028270;
0.022650;1.028272;
0.022660;1.028274;
0.022670;1.028275;
0.022680;1.028277;
0.022690;1.028278;
0.022700;1.028279;
0.022710;1.028280;
0.022720;1.028281;
0.022730;1.028282;
0.022740;1.028282;
0.022750;1.028283;
0.022760;1.028283;
0.022770;1.028283;
0.022780;1.028283;
0.022790;1.028283;
0.022800;1.028282;
0.022810;1.028282;
0.022820;1.028281;
0.022830;1.028280;
0.022840;1.028279;
0.022850;1.028278;
0.022860;1.028276;
0.022870;1.028275;
0.022880;1.028273;
0.022890;1.028271;
0.022900;1.028269;
0.022910;1.028267;
0.022920;1.028265;
0.022930;1.028263;
0.022940;1.028260;
0.022950;1.028258;
0.022960;1.028255;
0.022970;1.028252;
0.022980;1.028249;
0.022990;1.028246;
0.023000;1.028242;
0.023010;1.028239;
0.023020;1.028236;
0.023030;1.028232;
0.023040;1.028228;
0.023050;1.028224;
0.023060;1.028220;
0.023070;1.028216;
0.023080;1.028212;
0.023090;1.028207;
0.023100;1.028203;
0.023110;1.028198;
0.023120;1.028193;
0.023130;1.028189;
0.023140;1.028184;
0.023150;1.028179;
0.023160;1.028173;
0.023170;1.028168;
0.023180;1.028163;
0.023190;1.028157;
0.023200;1.028152;
0.023210;1.028146;
0.023220;1.028140;
0.023230;1.028134;
0.023240;1.028129;
0.023250;1.028123;
0.023260;1.028116;
0.023270;1.028110;
0.023280;1.028104;
0.023290;1.028098;
0.023300;1.028091;
0.023310;1.028085;
0.023320;1.028078;
0.023330;1.028071;
0.023340;1.028065;
0.023350;1.028058;
0.023360;1.028051;
0.023370;1.028044;
0.023380;1.028037;
0.023390;1.028030;
0.023400;1.028023;
0.023410;1.028016;
0.023420;1.028008;
0.023430;1.028001;
0.023440;1.027994;
0.023450;1.027986;
0.023460;1.027979;
0.023470;1.027971;
0.023480;1.027964;
0.023490;1.027956;
0.023500;1.027949;
0.023510;1.027941;
0.023520;1.027933;
0.023530;1.027926;
0.023540;1.027918;
0.023550;1.027910;
0.023560;1.027902;
0.023570;1.027894;
0.023580;1.027886;
0.023590;1.027878;
0.023600;1.027870;
0.023610;1.027863;
0.023620;1.027855;
0.023630;1.027847;
0.023640;1.027838;
0.023650;1.027830;
0.023660;1.027822;
0.023670;1.027814;
0.023680;1.027806;
0.023690;1.027798;
0.023700;1.027790;
0.023710;1.027782;
0.023720;1.027774;
0.023730;1.027766;
0.023740;1.027758;
0.023750;1.027749;
0.023760;1.027741;
0.023770;1.027733;
0.023780;1.027725;
0.023790;1.027717;
0.023800;1.027709;
0.023810;1.027701;
0.023820;1.027693;
0.023830;1.027685;
0.023840;1.027677;
0.023850;1.027669;
0.023860;1.027661;
0.023870;1.027653;
0.023880;1.027645;
0.023890;1.027637;
0.023900;1.027629;
0.023910;1.027621;
0.023920;1.027613;
0.023930;1.027605;
0.023940;1.027597;
0.023950;1.027590;
0.023960;1.027582;
0.023970;1.027574;
0.023980;1.027567;
0.023990;1.027559;
0.024000;1.027551;
0.024010;1.027544;
0.024020;1.027536;
0.024030;1.027529;
0.024040;1.027521;
0.024050;1.027514;
0.024060;1.027507;
0.024070;1.027499;
0.024080;1.027492;
0.024090;1.027485;
0.024100;1.027478;
0.024110;1.027470;
0.024120;1.027463;
0.024130;1.027456;
0.024140;1.027449;
0.024150;1.027442;
0.024160;1.027436;
0.024170;1.027429;
0.024180;1.027422;
0.024190;1.027415;
0.024200;1.027409;
0.024210;1.027402;
0.024220;1.027396;
0.024230;1.027389;
0.024240;1.027383;
0.024250;1.027376;
0.024260;1.027370;
0.024270;1.027364;
0.024280;1.027358;
0.024290;1.027352;
0.024300;1.027346;
0.024310;1.027340;
0.024320;1.027334;
0.024330;1.027328;
0.024340;1.027322;
0.024350;1.027316;
0.024360;1.027311;
0.024370;1.027305;
0.024380;1.027300;
0.024390;1.027294;
0.024400;1.027289;
0.024410;1.027284;
0.024420;1.027278;
0.024430;1.027273;
0.024440;1.027268;
0.024450;1.027263;
0.024460;1.027258;
0.024470;1.027254;
0.024480;1.027249;
0.024490;1.027244;
0.024500;1.027239;
0.024510;1.027235;
0.024520;1.027230;
0.024530;1.027226;
0.024540;1.027222;
0.024550;1.027217;
0.024560;1.027213;
0.024570;1.027209;
0.024580;1.027205;
0.024590;1.027201;
0.024600;1.027197;
0.024610;1.027193;
0.024620;1.027190;
0.024630;1.027186;
0.024640;1.027182;
0.024650;1.027179;
0.024660;1.027175;
0.024670;1.027172;
0.024680;1.027169;
0.024690;1.027166;
0.024700;1.027162;
0.024710;1.027159;
0.024720;1.027156;
0.024730;1.027153;
0.024740;1.027151;
0.024750;1.027148;
0.024760;1.027145;
0.024770;1.027142;
0.024780;1.027140;
0.024790;1.027137;
0.024800;1.027135;
0.024810;1.027133;
0.024820;1.027130;
0.024830;1.027128;
0.024840;1.027126;
0.024850;1.027124;
0.024860;1.027122;
0.024870;1.027120;
0.024880;1.027118;
0.024890;1.027116;
0.024900;1.027115;
0.024910;1.027113;
0.024920;1.027112;
0.024930;1.027110;
0.024940;1.027109;
0.024950;1.027107;
0.024960;1.027106;
0.024970;1.027105;
0.024980;1.027104;
0.024990;1.027102;
0.025000;1.027101;
0.025010;1.027100;
0.025020;1.027099;
0.025030;1.027099;
0.025040;1.027098;
0.025050;1.027097;
0.025060;1.027096;
0.025070;1.027096;
0.025080;1.027095;
0.025090;1.027095;
0.025100;1.027094;
0.025110;1.027094;
0.025120;1.027094;
0.025130;1.027093;
0.025140;1.027093;
0.025150;1.027093;
0.025160;1.027093;
0.025170;1.027093;
0.025180;1.027093;
0.025190;1.027093;
0.025200;1.027093;
0.025210;1.027093;
0.025220;1.027093;
0.025230;1.027093;
0.025240;1.027094;
0.025250;1.027094;
0.025260;1.027094;
0.025270;1.027095;
0.025280;1.027095;
0.025290;1.027096;
0.025300;1.027096;
0.025310;1.027097;
0.025320;1.027098;
0.025330;1.027098;
0.025340;1.027099;
0.025350;1.027100;
0.025360;1.027101;
0.025370;1.027102;
0.025380;1.027103;
0.025390;1.027103;
0.025400;1.027104;
0.025410;1.027105;
0.025420;1.027106;
0.025430;1.027108;
0.025440;1.027109;
0.025450;1.027110;
0.025460;1.027111;
0.025470;1.027112;
0.025480;1.027113;
0.025490;1.027115;
0.025500;1.027116;
0.025510;1.027117;
0.025520;1.027119;
0.025530;1.027120;
0.025540;1.027121;
0.025550;1.027123;
0.025560;1.027124;
0.025570;1.027126;
0.025580;1.027127;
0.025590;1.027129;
0.025600;1.027130;
0.025610;1.027132;
0.025620;1.027133;
0.025630;1.027135;
0.025640;1.027137;
0.025650;1.027138;
0.025660;1.027140;
0.025670;1.027141;
0.025680;1.027143;
0.025690;1.027145;
0.025700;1.027147;
0.025710;1.027148;
0.025720;1.027150;
0.025730;1.027152;
0.025740;1.027154;
0.025750;1.027155;
0.025760;1.027157;
0.025770;1.027159;
0.025780;1.027161;
0.025790;1.027162;
0.025800;1.027164;
0.025810;1.027166;
0.025820;1.027168;
0.025830;1.027170;
0.025840;1.027172;
0.025850;1.027173;
0.025860;1.027175;
0.025870;1.027177;
0.025880;1.027179;
0.025890;1.027181;
0.025900;1.027183;
0.025910;1.027184;
0.025920;1.027186;
0.025930;1.027188;
0.025940;1.027190;
0.025950;1.027192;
0.025960;1.027194;
0.025970;1.027195;
0.025980;1.027197;
0.025990;1.027199;
0.026000;1.027201;
0.026010;1.027203;
0.026020;1.027205;
0.026030;1.027206;
0.026040;1.027208;
0.026050;1.027210;
0.026060;1.027212;
0.026070;1.027214;
0.026080;1.027215;
0.026090;1.027217;
0.026100;1.027219;
0.026110;1.027221;
0.026120;1.027222;
0.026130;1.027224;
0.026140;1.027226;
0.026150;1.027227;
0.026160;1.027229;
0.026170;1.027231;
0.026180;1.027232;
0.026190;1.027234;
0.026200;1.027236;
0.026210;1.027237;
0.026220;1.027239;
0.026230;1.027241;
0.026240;1.027242;
0.026250;1.027244;
0.026260;1.027245;
0.026270;1.027247;
0.026280;1.027248;
0.026290;1.027250;
0.026300;1.027251;
0.026310;1.027253;
0.026320;1.027254;
0.026330;1.027256;
0.026340;1.027257;
0.026350;1.027259;
0.026360;1.027260;
0.026370;1.027261;
0.026380;1.027263;
0.026390;1.027264;
0.026400;1.027265;
0.026410;1.027267;
0.026420;1.027268;
0.026430;1.027269;
0.026440;1.027271;
0.026450;1.027272;
0.026460;1.027273;
0.026470;1.027274;
0.026480;1.027275;
0.026490;1.027277;
0.026500;1.027278;
0.026510;1.027279;
0.026520;1.027280;
0.026530;1.027281;
0.026540;1.027282;
0.026550;1.027283;
0.026560;1.027284;
0.026570;1.027285;
0.026580;1.027286;
0.026590;1.027287;
0.026600;1.027288;
0.026610;1.027289;
0.026620;1.027290;
0.026630;1.027291;
0.026640;1.027292;
0.026650;1.027293;
0.026660;1.027293;
0.026670;1.027294;
0.026680;1.027295;
0.026690;1.027296;
0.026700;1.027297;
0.026710;1.027297;
0.026720;1.027298;
0.026730;1.027299;
0.026740;1.027299;
0.026750;1.027300;
0.026760;1.027301;
0.026770;1.027301;
0.026780;1.027302;
0.026790;1.027303;
0.026800;1.027303;
0.026810;1.027304;
0.026820;1.027304;
0.026830;1.027305;
0.026840;1.027305;
0.026850;1.027306;
0.026860;1.027306;
0.026870;1.027307;
0.026880;1.027307;
0.026890;1.027308;
0.026900;1.027308;
0.026910;1.027309;
0.026920;1.027309;
0.026930;1.027309;
0.026940;1.027310;
0.026950;1.027310;
0.026960;1.027311;
0.026970;1.027311;
0.026980;1.027311;
0.026990;1.027311;
0.027000;1.027312;
0.027010;1.027312;
0.027020;1.027312;
0.027030;1.027313;
0.027040;1.027313;
0.027050;1.027313;
0.027060;1.027313;
0.027070;1.027313;
0.027080;1.027314;
0.027090;1.027314;
0.027100;1.027314;
0.027110;1.027314;
0.027120;1.027314;
0.027130;1.027314;
0.027140;1.027315;
0.027150;1.027315;
0.027160;1.027315;
0.027170;1.027315;
0.027180;1.027315;
0.027190;1.027315;
0.027200;1.027315;
0.027210;1.027315;
0.027220;1.027315;
0.027230;1.027315;
0.027240;1.027315;
0.027250;1.027315;
0.027260;1.027316;
0.027270;1.027316;
0.027280;1.027316;
0.027290;1.027316;
0.027300;1.027316;
0.027310;1.027316;
0.027320;1.027316;
0.027330;1.027316;
0.027340;1.027316;
0.027350;1.027316;
0.027360;1.027316;
0.027370;1.027316;
0.027380;1.027316;
0.027390;1.027316;
0.027400;1.027316;
0.027410;1.027316;
0.027420;1.027316;
0.027430;1.027316;
0.027440;1.027316;
0.027450;1.027316;
0.027460;1.027316;
0.027470;1.027316;
0.027480;1.027316;
0.027490;1.027316;
0.027500;1.027316;
0.027510;1.027316;
0.027520;1.027316;
0.027530;1.027316;
0.027540;1.027316;
0.027550;1.027316;
0.027560;1.027316;
0.027570;1.027316;
0.027580;1.027316;
0.027590;1.027316;
0.027600;1.027316;
0.027610;1.027316;
0.027620;1.027316;
0.027630;1.027316;
0.027640;1.027316;
0.027650;1.027316;
0.027660;1.027316;
0.027670;1.027316;
0.027680;1.027316;
0.027690;1.027316;
0.027700;1.027316;
0.027710;1.027316;
0.027720;1.027316;
0.027730;1.027316;
0.027740;1.027316;
0.027750;1.027316;
0.027760;1.027317;
0.027770;1.027317;
0.027780;1.027317;
0.027790;1.027317;
0.027800;1.027317;
0.027810;1.027317;
0.027820;1.027317;
0.027830;1.027318;
0.027840;1.027318;
0.027850;1.027318;
0.027860;1.027318;
0.027870;1.027318;
0.027880;1.027318;
0.027890;1.027319;
0.027900;1.027319;
0.027910;1.027319;
0.027920;1.027319;
0.027930;1.027320;
0.027940;1.027320;
0.027950;1.027320;
0.027960;1.027321;
0.027970;1.027321;
0.027980;1.027321;
0.027990;1.027321;
0.028000;1.027322;
0.028010;1.027322;
0.028020;1.027323;
0.028030;1.027323;
0.028040;1.027323;
0.028050;1.027324;
0.028060;1.027324;
0.028070;1.027324;
0.028080;1.027325;
0.028090;1.027325;
0.028100;1.027326;
0.028110;1.027326;
0.028120;1.027327;
0.028130;1.027327;
0.028140;1.027328;
0.028150;1.027328;
0.028160;1.027329;
0.028170;1.027329;
0.028180;1.027330;
0.028190;1.027330;
0.028200;1.027331;
0.028210;1.027332;
0.028220;1.027332;
0.028230;1.027333;
0.028240;1.027333;
0.028250;1.027334;
0.028260;1.027335;
0.028270;1.027335;
0.028280;1.027336;
0.028290;1.027337;
0.028300;1.027337;
0.028310;1.027338;
0.028320;1.027339;
0.028330;1.027339;
0.028340;1.027340;
0.028350;1.027341;
0.028360;1.027342;
0.028370;1.027342;
0.028380;1.027343;
0.028390;1.027344;
0.028400;1.027345;
0.028410;1.027345;
0.028420;1.027346;
0.028430;1.027347;
0.028440;1.027348;
0.028450;1.027349;
0.028460;1.027350;
0.028470;1.027350;
0.028480;1.027351;
0.028490;1.027352;
0.028500;1.027353;
0.028510;1.027354;
0.028520;1.027355;
0.028530;1.027356;
0.028540;1.027357;
0.028550;1.027358;
0.028560;1.027359;
0.028570;1.027360;
0.028580;1.027361;
0.028590;1.027361;
0.028600;1.027362;
0.028610;1.027363;
0.028620;1.027364;
0.028630;1.027365;
0.028640;1.027366;
0.028650;1.027367;
0.028660;1.027368;
0.028670;1.027369;
0.028680;1.027371;
0.028690;1.027372;
0.028700;1.027373;
0.028710;1.027374;
0.028720;1.027375;
0.028730;1.027376;
0.028740;1.027377;
0.028750;1.027378;
0.028760;1.027379;
0.028770;1.027380;
0.028780;1.027381;
0.028790;1.027382;
0.028800;1.027383;
0.028810;1.027384;
0.028820;1.027385;
0.028830;1.027387;
0.028840;1.027388;
0.028850;1.027389;
0.028860;1.027390;
0.028870;1.027391;
0.028880;1.027392;
0.028890;1.027393;
0.028900;1.027394;
0.028910;1.027395;
0.028920;1.027397;
0.028930;1.027398;
0.028940;1.027399;
0.028950;1.027400;
0.028960;1.027401;
0.028970;1.027402;
0.028980;1.027403;
0.028990;1.027404;
0.029000;1.027405;
0.029010;1.027407;
0.029020;1.027408;
0.029030;1.027409;
0.029040;1.027410;
0.029050;1.027411;
0.029060;1.027412;
0.029070;1.027413;
0.029080;1.027414;
0.029090;1.027415;
0.029100;1.027417;
0.029110;1.027418;
0.029120;1.027419;
0.029130;1.027420;
0.029140;1.027421;
0.029150;1.027422;
0.029160;1.027423;
0.029170;1.027424;
0.029180;1.027425;
0.029190;1.027426;
0.029200;1.027427;
0.029210;1.027428;
0.029220;1.027429;
0.029230;1.027430;
0.029240;1.027431;
0.029250;1.027432;
0.029260;1.027433;
0.029270;1.027434;
0.029280;1.027435;
0.029290;1.027436;
0.029300;1.027437;
0.029310;1.027438;
0.029320;1.027439;
0.029330;1.027440;
0.029340;1.027441;
0.029350;1.027442;
0.029360;1.027443;
0.029370;1.027444;
0.029380;1.027445;
0.029390;1.027446;
0.029400;1.027446;
0.029410;1.027447;
0.029420;1.027448;
0.029430;1.027449;
0.029440;1.027450;
0.029450;1.027451;
0.029460;1.027451;
0.029470;1.027452;
0.029480;1.027453;
0.029490;1.027454;
0.029500;1.027455;
0.029510;1.027455;
0.029520;1.027456;
0.029530;1.027457;
0.029540;1.027457;
0.029550;1.027458;
0.029560;1.027459;
0.029570;1.027460;
0.029580;1.027460;
0.029590;1.027461;
0.029600;1.027461;
0.029610;1.027462;
0.029620;1.027463;
0.029630;1.027463;
0.029640;1.027464;
0.029650;1.027464;
0.029660;1.027465;
0.029670;1.027465;
0.029680;1.027466;
0.029690;1.027466;
0.029700;1.027467;
0.029710;1.027467;
0.029720;1.027468;
0.029730;1.027468;
0.029740;1.027469;
0.029750;1.027469;
0.029760;1.027469;
0.029770;1.027470;
0.029780;1.027470;
0.029790;1.027470;
0.029800;1.027471;
0.029810;1.027471;
0.029820;1.027471;
0.029830;1.027472;
0.029840;1.027472;
0.029850;1.027472;
0.029860;1.027472;
0.029870;1.027473;
0.029880;1.027473;
0.029890;1.027473;
0.029900;1.027473;
0.029910;1.027473;
0.029920;1.027473;
0.029930;1.027473;
0.029940;1.027474;
0.029950;1.027474;
0.029960;1.027474;
0.029970;1.027474;
0.029980;1.027474;
0.029990;1.027474;
0.030000;1.027474;
0.030010;1.027474;
0.030020;1.027474;
0.030030;1.027473;
0.030040;1.027473;
0.030050;1.027473;
0.030060;1.027473;
0.030070;1.027473;
0.030080;1.027473;
0.030090;1.027473;
0.030100;1.027473;
0.030110;1.027472;
0.030120;1.027472;
0.030130;1.027472;
0.030140;1.027472;
0.030150;1.027471;
0.030160;1.027471;
0.030170;1.027471;
0.030180;1.027470;
0.030190;1.027470;
0.030200;1.027470;
0.030210;1.027469;
0.030220;1.027469;
0.030230;1.027469;
0.030240;1.027468;
0.030250;1.027468;
0.030260;1.027467;
0.030270;1.027467;
0.030280;1.027466;
0.030290;1.027466;
0.030300;1.027465;
0.030310;1.027465;
0.030320;1.027464;
0.030330;1.027464;
0.030340;1.027463;
0.030350;1.027462;
0.030360;1.027462;
0.030370;1.027461;
0.030380;1.027461;
0.030390;1.027460;
0.030400;1.027459;
0.030410;1.027459;
0.030420;1.027458;
0.030430;1.027457;
0.030440;1.027456;
0.030450;1.027456;
0.030460;1.027455;
0.030470;1.027454;
0.030480;1.027453;
0.030490;1.027453;
0.030500;1.027452;
0.030510;1.027451;
0.030520;1.027450;
0.030530;1.027449;
0.030540;1.027448;
0.030550;1.027448;
0.030560;1.027447;
0.030570;1.027446;
0.030580;1.027445;
0.030590;1.027444;
0.030600;1.027443;
0.030610;1.027442;
0.030620;1.027441;
0.030630;1.027440;
0.030640;1.027439;
0.030650;1.027438;
0.030660;1.027437;
0.030670;1.027436;
0.030680;1.027435;
0.030690;1.027434;
0.030700;1.027433;
0.030710;1.027432;
0.030720;1.027431;
0.030730;1.027430;
0.030740;1.027429;
0.030750;1.027428;
0.030760;1.027427;
0.030770;1.027426;
0.030780;1.027425;
0.030790;1.027424;
0.030800;1.027423;
0.030810;1.027421;
0.030820;1.027420;
0.030830;1.027419;
0.030840;1.027418;
0.030850;1.027417;
0.030860;1.027416;
0.030870;1.027415;
0.030880;1.027413;
0.030890;1.027412;
0.030900;1.027411;
0.030910;1.027410;
0.030920;1.027409;
0.030930;1.027408;
0.030940;1.027406;
0.030950;1.027405;
0.030960;1.027404;
0.030970;1.027403;
0.030980;1.027402;
0.030990;1.027401;
0.031000;1.027399;
0.031010;1.027398;
0.031020;1.027397;
0.031030;1.027396;
0.031040;1.027395;
0.031050;1.027393;
0.031060;1.027392;
0.031070;1.027391;
0.031080;1.027390;
0.031090;1.027388;
0.031100;1.027387;
0.031110;1.027386;
0.031120;1.027385;
0.031130;1.027384;
0.031140;1.027382;
0.031150;1.027381;
0.031160;1.027380;
0.031170;1.027379;
0.031180;1.027378;
0.031190;1.027376;
0.031200;1.027375;
0.031210;1.027374;
0.031220;1.027373;
0.031230;1.027372;
0.031240;1.027370;
0.031250;1.027369;
0.031260;1.027368;
0.031270;1.027367;
0.031280;1.027366;
0.031290;1.027364;
0.031300;1.027363;
0.031310;1.027362;
0.031320;1.027361;
0.031330;1.027360;
0.031340;1.027359;
0.031350;1.027357;
0.031360;1.027356;
0.031370;1.027355;
0.031380;1.027354;
0.031390;1.027353;
0.031400;1.027352;
0.031410;1.027351;
0.031420;1.027350;
0.031430;1.027348;
0.031440;1.027347;
0.031450;1.027346;
0.031460;1.027345;
0.031470;1.027344;
0.031480;1.027343;
0.031490;1.027342;
0.031500;1.027341;
0.031510;1.027340;
0.031520;1.027339;
0.031530;1.027338;
0.031540;1.027337;
0.031550;1.027336;
0.031560;1.027335;
0.031570;1.027334;
0.031580;1.027333;
0.031590;1.027332;
0.031600;1.027331;
0.031610;1.027330;
0.031620;1.027329;
0.031630;1.027328;
0.031640;1.027327;
0.031650;1.027326;
0.031660;1.027325;
0.031670;1.027324;
0.031680;1.027323;
0.031690;1.027323;
0.031700;1.027322;
0.031710;1.027321;
0.031720;1.027320;
0.031730;1.027319;
0.031740;1.027318;
0.031750;1.027318;
0.031760;1.027317;
0.031770;1.027316;
0.031780;1.027315;
0.031790;1.027314;
0.031800;1.027314;
0.031810;1.027313;
0.031820;1.027312;
0.031830;1.027311;
0.031840;1.027311;
0.031850;1.027310;
0.031860;1.027309;
0.031870;1.027309;
0.031880;1.027308;
0.031890;1.027307;
0.031900;1.027307;
0.031910;1.027306;
0.031920;1.027305;
0.031930;1.027305;
0.031940;1.027304;
0.031950;1.027304;
0.031960;1.027303;
0.031970;1.027303;
0.031980;1.027302;
0.031990;1.027302;
0.032000;1.027301;
0.032010;1.027301;
0.032020;1.027300;
0.032030;1.027300;
0.032040;1.027299;
0.032050;1.027299;
0.032060;1.027298;
0.032070;1.027298;
0.032080;1.027297;
0.032090;1.027297;
0.032100;1.027297;
0.032110;1.027296;
0.032120;1.027296;
0.032130;1.027296;
0.032140;1.027295;
0.032150;1.027295;
0.032160;1.027295;
0.032170;1.027294;
0.032180;1.027294;
0.032190;1.027294;
0.032200;1.027294;
0.032210;1.027293;
0.032220;1.027293;
0.032230;1.027293;
0.032240;1.027293;
0.032250;1.027292;
0.032260;1.027292;
0.032270;1.027292;
0.032280;1.027292;
0.032290;1.027292;
0.032300;1.027292;
0.032310;1.027292;
0.032320;1.027292;
0.032330;1.027291;
0.032340;1.027291;
0.032350;1.027291;
0.032360;1.027291;
0.032370;1.027291;
0.032380;1.027291;
0.032390;1.027291;
0.032400;1.027291;
0.032410;1.027291;
0.032420;1.027291;
0.032430;1.027291;
0.032440;1.027291;
0.032450;1.027291;
0.032460;1.027291;
0.032470;1.027292;
0.032480;1.027292;
0.032490;1.027292;
0.032500;1.027292;
0.032510;1.027292;
0.032520;1.027292;
0.032530;1.027292;
0.032540;1.027292;
0.032550;1.027293;
0.032560;1.027293;
0.032570;1.027293;
0.032580;1.027293;
0.032590;1.027293;
0.032600;1.027294;
0.032610;1.027294;
0.032620;1.027294;
0.032630;1.027294;
0.032640;1.027295;
0.032650;1.027295;
0.032660;1.027295;
0.032670;1.027296;
0.032680;1.027296;
0.032690;1.027296;
0.032700;1.027297;
0.032710;1.027297;
0.032720;1.027297;
0.032730;1.027298;
0.032740;1.027298;
0.032750;1.027298;
0.032760;1.027299;
0.032770;1.027299;
0.032780;1.027300;
0.032790;1.027300;
0.032800;1.027300;
0.032810;1.027301;
0.032820;1.027301;
0.032830;1.027302;
0.032840;1.027302;
0.032850;1.027303;
0.032860;1.027303;
0.032870;1.027303;
0.032880;1.027304;
0.032890;1.027304;
0.032900;1.027305;
0.032910;1.027305;
0.032920;1.027306;
0.032930;1.027306;
0.032940;1.027307;
0.032950;1.027307;
0.032960;1.027308;
0.032970;1.027308;
0.032980;1.027309;
0.032990;1.027310;
0.033000;1.027310;
0.033010;1.027311;
0.033020;1.027311;
0.033030;1.027312;
0.033040;1.027312;
0.033050;1.027313;
0.033060;1.027314;
0.033070;1.027314;
0.033080;1.027315;
0.033090;1.027315;
0.033100;1.027316;
0.033110;1.027316;
0.033120;1.027317;
0.033130;1.027318;
0.033140;1.027318;
0.033150;1.027319;
0.033160;1.027320;
0.033170;1.027320;
0.033180;1.027321;
0.033190;1.027321;
0.033200;1.027322;
0.033210;1.027323;
0.033220;1.027323;
0.033230;1.027324;
0.033240;1.027325;
0.033250;1.027325;
0.033260;1.027326;
0.033270;1.027326;
0.033280;1.027327;
0.033290;1.027328;
0.033300;1.027328;
0.033310;1.027329;
0.033320;1.027330;
0.033330;1.027330;
0.033340;1.027331;
0.033350;1.027332;
0.033360;1.027332;
0.033370;1.027333;
0.033380;1.027334;
0.033390;1.027334;
0.033400;1.027335;
0.033410;1.027335;
0.033420;1.027336;
0.033430;1.027337;
0.033440;1.027337;
0.033450;1.027338;
0.033460;1.027339;
0.033470;1.027339;
0.033480;1.027340;
0.033490;1.027341;
0.033500;1.027341;
0.033510;1.027342;
0.033520;1.027343;
0.033530;1.027343;
0.033540;1.027344;
0.033550;1.027344;
0.033560;1.027345;
0.033570;1.027346;
0.033580;1.027346;
0.033590;1.027347;
0.033600;1.027348;
0.033610;1.027348;
0.033620;1.027349;
0.033630;1.027349;
0.033640;1.027350;
0.033650;1.027351;
0.033660;1.027351;
0.033670;1.027352;
0.033680;1.027352;
0.033690;1.027353;
0.033700;1.027354;
0.033710;1.027354;
0.033720;1.027355;
0.033730;1.027355;
0.033740;1.027356;
0.033750;1.027357;
0.033760;1.027357;
0.033770;1.027358;
0.033780;1.027358;
0.033790;1.027359;
0.033800;1.027359;
0.033810;1.027360;
0.033820;1.027360;
0.033830;1.027361;
0.033840;1.027362;
0.033850;1.027362;
0.033860;1.027363;
0.033870;1.027363;
0.033880;1.027364;
0.033890;1.027364;
0.033900;1.027365;
0.033910;1.027365;
0.033920;1.027366;
0.033930;1.027366;
0.033940;1.027367;
0.033950;1.027367;
0.033960;1.027368;
0.033970;1.027368;
0.033980;1.027369;
0.033990;1.027369;
0.034000;1.027369;
0.034010;1.027370;
0.034020;1.027370;
0.034030;1.027371;
0.034040;1.027371;
0.034050;1.027372;
0.034060;1.027372;
0.034070;1.027373;
0.034080;1.027373;
0.034090;1.027373;
0.034100;1.027374;
0.034110;1.027374;
0.034120;1.027374;
0.034130;1.027375;
0.034140;1.027375;
0.034150;1.027376;
0.034160;1.027376;
0.034170;1.027376;
0.034180;1.027377;
0.034190;1.027377;
0.034200;1.027377;
0.034210;1.027378;
0.034220;1.027378;
0.034230;1.027378;
0.034240;1.027379;
0.034250;1.027379;
0.034260;1.027379;
0.034270;1.027380;
0.034280;1.027380;
0.034290;1.027380;
0.034300;1.027380;
0.034310;1.027381;
0.034320;1.027381;
0.034330;1.027381;
0.034340;1.027382;
0.034350;1.027382;
0.034360;1.027382;
0.034370;1.027382;
0.034380;1.027382;
0.034390;1.027383;
0.034400;1.027383;
0.034410;1.027383;
0.034420;1.027383;
0.034430;1.027384;
0.034440;1.027384;
0.034450;1.027384;
0.034460;1.027384;
0.034470;1.027384;
0.034480;1.027384;
0.034490;1.027385;
0.034500;1.027385;
0.034510;1.027385;
0.034520;1.027385;
0.034530;1.027385;
0.034540;1.027385;
0.034550;1.027385;
0.034560;1.027386;
0.034570;1.027386;
0.034580;1.027386;
0.034590;1.027386;
0.034600;1.027386;
0.034610;1.027386;
0.034620;1.027386;
0.034630;1.027386;
0.034640;1.027386;
0.034650;1.027386;
0.034660;1.027387;
0.034670;1.027387;
0.034680;1.027387;
0.034690;1.027387;
0.034700;1.027387;
0.034710;1.027387;
0.034720;1.027387;
0.034730;1.027387;
0.034740;1.027387;
0.034750;1.027387;
0.034760;1.027387;
0.034770;1.027387;
0.034780;1.027387;
0.034790;1.027387;
0.034800;1.027387;
0.034810;1.027387;
0.034820;1.027387;
0.034830;1.027387;
0.034840;1.027387;
0.034850;1.027387;
0.034860;1.027387;
0.034870;1.027387;
0.034880;1.027387;
0.034890;1.027387;
0.034900;1.027387;
0.034910;1.027387;
0.034920;1.027387;
0.034930;1.027387;
0.034940;1.027387;
0.034950;1.027387;
0.034960;1.027387;
0.034970;1.027386;
0.034980;1.027386;
0.034990;1.027386;
0.035000;1.027386;
0.035010;1.027386;
0.035020;1.027386;
0.035030;1.027386;
0.035040;1.027386;
0.035050;1.027386;
0.035060;1.027386;
0.035070;1.027386;
0.035080;1.027385;
0.035090;1.027385;
0.035100;1.027385;
0.035110;1.027385;
0.035120;1.027385;
0.035130;1.027385;
0.035140;1.027385;
0.035150;1.027385;
0.035160;1.027385;
0.035170;1.027384;
0.035180;1.027384;
0.035190;1.027384;
0.035200;1.027384;
0.035210;1.027384;
0.035220;1.027384;
0.035230;1.027384;
0.035240;1.027383;
0.035250;1.027383;
0.035260;1.027383;
0.035270;1.027383;
0.035280;1.027383;
0.035290;1.027383;
0.035300;1.027383;
0.035310;1.027382;
0.035320;1.027382;
0.035330;1.027382;
0.035340;1.027382;
0.035350;1.027382;
0.035360;1.027382;
0.035370;1.027381;
0.035380;1.027381;
0.035390;1.027381;
0.035400;1.027381;
0.035410;1.027381;
0.035420;1.027381;
0.035430;1.027380;
0.035440;1.027380;
0.035450;1.027380;
0.035460;1.027380;
0.035470;1.027380;
0.035480;1.027380;
0.035490;1.027379;
0.035500;1.027379;
0.035510;1.027379;
0.035520;1.027379;
0.035530;1.027379;
0.035540;1.027379;
0.035550;1.027378;
0.035560;1.027378;
0.035570;1.027378;
0.035580;1.027378;
0.035590;1.027378;
0.035600;1.027378;
0.035610;1.027377;
0.035620;1.027377;
0.035630;1.027377;
0.035640;1.027377;
0.035650;1.027377;
0.035660;1.027376;
0.035670;1.027376;
0.035680;1.027376;
0.035690;1.027376;
0.035700;1.027376;
0.035710;1.027376;
0.035720;1.027375;
0.035730;1.027375;
0.035740;1.027375;
0.035750;1.027375;
0.035760;1.027375;
0.035770;1.027375;
0.035780;1.027374;
0.035790;1.027374;
0.035800;1.027374;
0.035810;1.027374;
0.035820;1.027374;
0.035830;1.027374;
0.035840;1.027373;
0.035850;1.027373;
0.035860;1.027373;
0.035870;1.027373;
0.035880;1.027373;
0.035890;1.027373;
0.035900;1.027372;
0.035910;1.027372;
0.035920;1.027372;
0.035930;1.027372;
0.035940;1.027372;
0.035950;1.027372;
0.035960;1.027372;
0.035970;1.027371;
0.035980;1.027371;
0.035990;1.027371;
0.036000;1.027371;
0.036010;1.027371;
0.036020;1.027371;
0.036030;1.027371;
0.036040;1.027370;
0.036050;1.027370;
0.036060;1.027370;
0.036070;1.027370;
0.036080;1.027370;
0.036090;1.027370;
0.036100;1.027370;
0.036110;1.027370;
0.036120;1.027369;
0.036130;1.027369;
0.036140;1.027369;
0.036150;1.027369;
0.036160;1.027369;
0.036170;1.027369;
0.036180;1.027369;
0.036190;1.027369;
0.036200;1.027368;
0.036210;1.027368;
0.036220;1.027368;
0.036230;1.027368;
0.036240;1.027368;
0.036250;1.027368;
0.036260;1.027368;
0.036270;1.027368;
0.036280;1.027368;
0.036290;1.027367;
0.036300;1.027367;
0.036310;1.027367;
0.036320;1.027367;
0.036330;1.027367;
0.036340;1.027367;
0.036350;1.027367;
0.036360;1.027367;
0.036370;1.027367;
0.036380;1.027367;
0.036390;1.027367;
0.036400;1.027367;
0.036410;1.027366;
0.036420;1.027366;
0.036430;1.027366;
0.036440;1.027366;
0.036450;1.027366;
0.036460;1.027366;
0.036470;1.027366;
0.036480;1.027366;
0.036490;1.027366;
0.036500;1.027366;
0.036510;1.027366;
0.036520;1.027366;
0.036530;1.027366;
0.036540;1.027366;
0.036550;1.027366;
0.036560;1.027365;
0.036570;1.027365;
0.036580;1.027365;
0.036590;1.027365;
0.036600;1.027365;
0.036610;1.027365;
0.036620;1.027365;
0.036630;1.027365;
0.036640;1.027365;
0.036650;1.027365;
0.036660;1.027365;
0.036670;1.027365;
0.036680;1.027365;
0.036690;1.027365;
0.036700;1.027365;
0.036710;1.027365;
0.036720;1.027365;
0.036730;1.027365;
0.036740;1.027365;
0.036750;1.027365;
0.036760;1.027365;
0.036770;1.027365;
0.036780;1.027365;
0.036790;1.027365;
0.036800;1.027365;
0.036810;1.027365;
0.036820;1.027364;
0.036830;1.027364;
0.036840;1.027364;
0.036850;1.027364;
0.036860;1.027364;
0.036870;1.027364;
0.036880;1.027364;
0.036890;1.027364;
0.036900;1.027364;
0.036910;1.027364;
0.036920;1.027364;
0.036930;1.027364;
0.036940;1.027364;
0.036950;1.027364;
0.036960;1.027364;
0.036970;1.027364;
0.036980;1.027364;
0.036990;1.027364;
0.037000;1.027364;
0.037010;1.027364;
0.037020;1.027364;
0.037030;1.027364;
0.037040;1.027364;
0.037050;1.027364;
0.037060;1.027364;
0.037070;1.027364;
0.037080;1.027364;
0.037090;1.027364;
0.037100;1.027364;
0.037110;1.027364;
0.037120;1.027364;
0.037130;1.027364;
0.037140;1.027364;
0.037150;1.027364;
0.037160;1.027364;
0.037170;1.027364;
0.037180;1.027364;
0.037190;1.027364;
0.037200;1.027364;
0.037210;1.027364;
0.037220;1.027364;
0.037230;1.027364;
0.037240;1.027364;
0.037250;1.027364;
0.037260;1.027364;
0.037270;1.027364;
0.037280;1.027364;
0.037290;1.027364;
0.037300;1.027364;
0.037310;1.027364;
0.037320;1.027364;
0.037330;1.027364;
0.037340;1.027364;
0.037350;1.027364;
0.037360;1.027364;
0.037370;1.027364;
0.037380;1.027364;
0.037390;1.027364;
0.037400;1.027364;
0.037410;1.027364;
0.037420;1.027364;
0.037430;1.027364;
0.037440;1.027364;
0.037450;1.027364;
0.037460;1.027364;
0.037470;1.027364;
0.037480;1.027364;
0.037490;1.027364;
0.037500;1.027364;
0.037510;1.027364;
0.037520;1.027364;
0.037530;1.027364;
0.037540;1.027364;
0.037550;1.027364;
0.037560;1.027364;
0.037570;1.027364;
0.037580;1.027364;
0.037590;1.027364;
0.037600;1.027364;
0.037610;1.027364;
0.037620;1.027364;
0.037630;1.027364;
0.037640;1.027364;
0.037650;1.027364;
0.037660;1.027364;
0.037670;1.027364;
0.037680;1.027364;
0.037690;1.027364;
0.037700;1.027364;
0.037710;1.027364;
0.037720;1.027364;
0.037730;1.027364;
0.037740;1.027364;
0.037750;1.027364;
0.037760;1.027364;
0.037770;1.027364;
0.037780;1.027364;
0.037790;1.027364;
0.037800;1.027364;
0.037810;1.027364;
0.037820;1.027364;
0.037830;1.027364;
0.037840;1.027364;
0.037850;1.027364;
0.037860;1.027364;
0.037870;1.027363;
0.037880;1.027363;
0.037890;1.027363;
0.037900;1.027363;
0.037910;1.027363;
0.037920;1.027363;
0.037930;1.027363;
0.037940;1.027363;
0.037950;1.027363;
0.037960;1.027363;
0.037970;1.027363;
0.037980;1.027363;
0.037990;1.027363;
0.038000;1.027363;
0.038010;1.027363;
0.038020;1.027363;
0.038030;1.027363;
0.038040;1.027363;
0.038050;1.027363;
0.038060;1.027363;
0.038070;1.027363;
0.038080;1.027363;
0.038090;1.027363;
0.038100;1.027363;
0.038110;1.027363;
0.038120;1.027363;
0.038130;1.027362;
0.038140;1.027362;
0.038150;1.027362;
0.038160;1.027362;
0.038170;1.027362;
0.038180;1.027362;
0.038190;1.027362;
0.038200;1.027362;
0.038210;1.027362;
0.038220;1.027362;
0.038230;1.027362;
0.038240;1.027362;
0.038250;1.027362;
0.038260;1.027362;
0.038270;1.027362;
0.038280;1.027362;
0.038290;1.027362;
0.038300;1.027362;
0.038310;1.027362;
0.038320;1.027361;
0.038330;1.027361;
0.038340;1.027361;
0.038350;1.027361;
0.038360;1.027361;
0.038370;1.027361;
0.038380;1.027361;
0.038390;1.027361;
0.038400;1.027361;
0.038410;1.027361;
0.038420;1.027361;
0.038430;1.027361;
0.038440;1.027361;
0.038450;1.027361;
0.038460;1.027361;
0.038470;1.027361;
0.038480;1.027360;
0.038490;1.027360;
0.038500;1.027360;
0.038510;1.027360;
0.038520;1.027360;
0.038530;1.027360;
0.038540;1.027360;
0.038550;1.027360;
0.038560;1.027360;
0.038570;1.027360;
0.038580;1.027360;
0.038590;1.027360;
0.038600;1.027360;
0.038610;1.027360;
0.038620;1.027360;
0.038630;1.027359;
0.038640;1.027359;
0.038650;1.027359;
0.038660;1.027359;
0.038670;1.027359;
0.038680;1.027359;
0.038690;1.027359;
0.038700;1.027359;
0.038710;1.027359;
0.038720;1.027359;
0.038730;1.027359;
0.038740;1.027359;
0.038750;1.027359;
0.038760;1.027359;
0.038770;1.027359;
0.038780;1.027358;
0.038790;1.027358;
0.038800;1.027358;
0.038810;1.027358;
0.038820;1.027358;
0.038830;1.027358;
0.038840;1.027358;
0.038850;1.027358;
0.038860;1.027358;
0.038870;1.027358;
0.038880;1.027358;
0.038890;1.027358;
0.038900;1.027358;
0.038910;1.027358;
0.038920;1.027358;
0.038930;1.027358;
0.038940;1.027357;
0.038950;1.027357;
0.038960;1.027357;
0.038970;1.027357;
0.038980;1.027357;
0.038990;1.027357;
0.039000;1.027357;
0.039010;1.027357;
0.039020;1.027357;
0.039030;1.027357;
0.039040;1.027357;
0.039050;1.027357;
0.039060;1.027357;
0.039070;1.027357;
0.039080;1.027357;
0.039090;1.027357;
0.039100;1.027357;
0.039110;1.027357;
0.039120;1.027356;
0.039130;1.027356;
0.039140;1.027356;
0.039150;1.027356;
0.039160;1.027356;
0.039170;1.027356;
0.039180;1.027356;
0.039190;1.027356;
0.039200;1.027356;
0.039210;1.027356;
0.039220;1.027356;
0.039230;1.027356;
0.039240;1.027356;
0.039250;1.027356;
0.039260;1.027356;
0.039270;1.027356;
0.039280;1.027356;
0.039290;1.027356;
0.039300;1.027356;
0.039310;1.027356;
0.039320;1.027356;
0.039330;1.027356;
0.039340;1.027356;
0.039350;1.027356;
0.039360;1.027356;
0.039370;1.027356;
0.039380;1.027355;
0.039390;1.027355;
0.039400;1.027355;
0.039410;1.027355;
0.039420;1.027355;
0.039430;1.027355;
0.039440;1.027355;
0.039450;1.027355;
0.039460;1.027355;
0.039470;1.027355;
0.039480;1.027355;
0.039490;1.027355;
0.039500;1.027355;
0.039510;1.027355;
0.039520;1.027355;
0.039530;1.027355;
0.039540;1.027355;
0.039550;1.027355;
0.039560;1.027355;
0.039570;1.027355;
0.039580;1.027355;
0.039590;1.027355;
0.039600;1.027355;
0.039610;1.027355;
0.039620;1.027355;
0.039630;1.027355;
0.039640;1.027355;
0.039650;1.027355;
0.039660;1.027355;
0.039670;1.027355;
0.039680;1.027355;
0.039690;1.027355;
0.039700;1.027355;
0.039710;1.027355;
0.039720;1.027355;
0.039730;1.027355;
0.039740;1.027355;
0.039750;1.027355;
0.039760;1.027355;
0.039770;1.027355;
0.039780;1.027355;
0.039790;1.027355;
0.039800;1.027355;
0.039810;1.027355;
0.039820;1.027355;
0.039830;1.027355;
0.039840;1.027356;
0.039850;1.027356;
0.039860;1.027356;
0.039870;1.027356;
0.039880;1.027356;
0.039890;1.027356;
0.039900;1.027356;
0.039910;1.027356;
0.039920;1.027356;
0.039930;1.027356;
0.039940;1.027356;
0.039950;1.027356;
0.039960;1.027356;
0.039970;1.027356;
0.039980;1.027356;
0.039990;1.027356;
0.040000;1.027356;
0.040010;1.027356;
0.040020;1.027356;
0.040030;1.027356;
0.040040;1.027356;
0.040050;1.027356;
0.040060;1.027356;
0.040070;1.027356;
0.040080;1.027356;
0.040090;1.027357;
0.040100;1.027357;
0.040110;1.027357;
0.040120;1.027357;
0.040130;1.027357;
0.040140;1.027357;
0.040150;1.027357;
0.040160;1.027357;
0.040170;1.027357;
0.040180;1.027357;
0.040190;1.027357;
0.040200;1.027357;
0.040210;1.027357;
0.040220;1.027357;
0.040230;1.027357;
0.040240;1.027357;
0.040250;1.027357;
0.040260;1.027358;
0.040270;1.027358;
0.040280;1.027358;
0.040290;1.027358;
0.040300;1.027358;
0.040310;1.027358;
0.040320;1.027358;
0.040330;1.027358;
0.040340;1.027358;
0.040350;1.027358;
0.040360;1.027358;
0.040370;1.027358;
0.040380;1.027358;
0.040390;1.027358;
0.040400;1.027359;
0.040410;1.027359;
0.040420;1.027359;
0.040430;1.027359;
0.040440;1.027359;
0.040450;1.027359;
0.040460;1.027359;
0.040470;1.027359;
0.040480;1.027359;
0.040490;1.027359;
0.040500;1.027359;
0.040510;1.027359;
0.040520;1.027360;
0.040530;1.027360;
0.040540;1.027360;
0.040550;1.027360;
0.040560;1.027360;
0.040570;1.027360;
0.040580;1.027360;
0.040590;1.027360;
0.040600;1.027360;
0.040610;1.027360;
0.040620;1.027360;
0.040630;1.027360;
0.040640;1.027361;
0.040650;1.027361;
0.040660;1.027361;
0.040670;1.027361;
0.040680;1.027361;
0.040690;1.027361;
0.040700;1.027361;
0.040710;1.027361;
0.040720;1.027361;
0.040730;1.027361;
0.040740;1.027361;
0.040750;1.027362;
0.040760;1.027362;
0.040770;1.027362;
0.040780;1.027362;
0.040790;1.027362;
0.040800;1.027362;
0.040810;1.027362;
0.040820;1.027362;
0.040830;1.027362;
0.040840;1.027362;
0.040850;1.027362;
0.040860;1.027362;
0.040870;1.027363;
0.040880;1.027363;
0.040890;1.027363;
0.040900;1.027363;
0.040910;1.027363;
0.040920;1.027363;
0.040930;1.027363;
0.040940;1.027363;
0.040950;1.027363;
0.040960;1.027363;
0.040970;1.027363;
0.040980;1.027363;
0.040990;1.027364;
0.041000;1.027364;
0.041010;1.027364;
0.041020;1.027364;
0.041030;1.027364;
0.041040;1.027364;
0.041050;1.027364;
0.041060;1.027364;
0.041070;1.027364;
0.041080;1.027364;
0.041090;1.027364;
0.041100;1.027364;
0.041110;1.027365;
0.041120;1.027365;
0.041130;1.027365;
0.041140;1.027365;
0.041150;1.027365;
0.041160;1.027365;
0.041170;1.027365;
0.041180;1.027365;
0.041190;1.027365;
0.041200;1.027365;
0.041210;1.027365;
0.041220;1.027365;
0.041230;1.027365;
0.041240;1.027366;
0.041250;1.027366;
0.041260;1.027366;
0.041270;1.027366;
0.041280;1.027366;
0.041290;1.027366;
0.041300;1.027366;
0.041310;1.027366;
0.041320;1.027366;
0.041330;1.027366;
0.041340;1.027366;
0.041350;1.027366;
0.041360;1.027366;
0.041370;1.027366;
0.041380;1.027366;
0.041390;1.027366;
0.041400;1.027367;
0.041410;1.027367;
0.041420;1.027367;
0.041430;1.027367;
0.041440;1.027367;
0.041450;1.027367;
0.041460;1.027367;
0.041470;1.027367;
0.041480;1.027367;
0.041490;1.027367;
0.041500;1.027367;
0.041510;1.027367;
0.041520;1.027367;
0.041530;1.027367;
0.041540;1.027367;
0.041550;1.027367;
0.041560;1.027367;
0.041570;1.027367;
0.041580;1.027367;
0.041590;1.027367;
0.041600;1.027368;
0.041610;1.027368;
0.041620;1.027368;
0.041630;1.027368;
0.041640;1.027368;
0.041650;1.027368;
0.041660;1.027368;
0.041670;1.027368;
0.041680;1.027368;
0.041690;1.027368;
0.041700;1.027368;
0.041710;1.027368;
0.041720;1.027368;
0.041730;1.027368;
0.041740;1.027368;
0.041750;1.027368;
0.041760;1.027368;
0.041770;1.027368;
0.041780;1.027368;
0.041790;1.027368;
0.041800;1.027368;
0.041810;1.027368;
0.041820;1.027368;
0.041830;1.027368;
0.041840;1.027368;
0.041850;1.027368;
0.041860;1.027368;
0.041870;1.027368;
0.041880;1.027368;
0.041890;1.027368;
0.041900;1.027368;
0.041910;1.027368;
0.041920;1.027368;
0.041930;1.027368;
0.041940;1.027368;
0.041950;1.027368;
0.041960;1.027368;
0.041970;1.027368;
0.041980;1.027368;
0.041990;1.027368;
0.042000;1.027368;
0.042010;1.027368;
0.042020;1.027368;
0.042030;1.027368;
0.042040;1.027368;
0.042050;1.027368;
0.042060;1.027368;
0.042070;1.027368;
0.042080;1.027368;
0.042090;1.027368;
0.042100;1.027368;
0.042110;1.027368;
0.042120;1.027368;
0.042130;1.027368;
0.042140;1.027368;
0.042150;1.027368;
0.042160;1.027368;
0.042170;1.027368;
0.042180;1.027368;
0.042190;1.027368;
0.042200;1.027368;
0.042210;1.027368;
0.042220;1.027368;
0.042230;1.027368;
0.042240;1.027368;
0.042250;1.027368;
0.042260;1.027368;
0.042270;1.027368;
0.042280;1.027368;
0.042290;1.027368;
0.042300;1.027368;
0.042310;1.027368;
0.042320;1.027368;
0.042330;1.027368;
0.042340;1.027368;
0.042350;1.027368;
0.042360;1.027368;
0.042370;1.027368;
0.042380;1.027368;
0.042390;1.027368;
0.042400;1.027368;
0.042410;1.027368;
0.042420;1.027368;
0.042430;1.027368;
0.042440;1.027368;
0.042450;1.027368;
0.042460;1.027368;
0.042470;1.027368;
0.042480;1.027367;
0.042490;1.027367;
0.042500;1.027367;
0.042510;1.027367;
0.042520;1.027367;
0.042530;1.027367;
0.042540;1.027367;
0.042550;1.027367;
0.042560;1.027367;
0.042570;1.027367;
0.042580;1.027367;
0.042590;1.027367;
0.042600;1.027367;
0.042610;1.027367;
0.042620;1.027367;
0.042630;1.027367;
0.042640;1.027367;
0.042650;1.027367;
0.042660;1.027367;
0.042670;1.027367;
0.042680;1.027367;
0.042690;1.027367;
0.042700;1.027367;
0.042710;1.027367;
0.042720;1.027366;
0.042730;1.027366;
0.042740;1.027366;
0.042750;1.027366;
0.042760;1.027366;
0.042770;1.027366;
0.042780;1.027366;
0.042790;1.027366;
0.042800;1.027366;
0.042810;1.027366;
0.042820;1.027366;
0.042830;1.027366;
0.042840;1.027366;
0.042850;1.027366;
0.042860;1.027366;
0.042870;1.027366;
0.042880;1.027366;
0.042890;1.027366;
0.042900;1.027366;
0.042910;1.027366;
0.042920;1.027366;
0.042930;1.027365;
0.042940;1.027365;
0.042950;1.027365;
0.042960;1.027365;
0.042970;1.027365;
0.042980;1.027365;
0.042990;1.027365;
0.043000;1.027365;
0.043010;1.027365;
0.043020;1.027365;
0.043030;1.027365;
0.043040;1.027365;
0.043050;1.027365;
0.043060;1.027365;
0.043070;1.027365;
0.043080;1.027365;
0.043090;1.027365;
0.043100;1.027365;
0.043110;1.027365;
0.043120;1.027364;
0.043130;1.027364;
0.043140;1.027364;
0.043150;1.027364;
0.043160;1.027364;
0.043170;1.027364;
0.043180;1.027364;
0.043190;1.027364;
0.043200;1.027364;
0.043210;1.027364;
0.043220;1.027364;
0.043230;1.027364;
0.043240;1.027364;
0.043250;1.027364;
0.043260;1.027364;
0.043270;1.027364;
0.043280;1.027364;
0.043290;1.027364;
0.043300;1.027364;
0.043310;1.027364;
0.043320;1.027364;
0.043330;1.027363;
0.043340;1.027363;
0.043350;1.027363;
0.043360;1.027363;
0.043370;1.027363;
0.043380;1.027363;
0.043390;1.027363;
0.043400;1.027363;
0.043410;1.027363;
0.043420;1.027363;
0.043430;1.027363;
0.043440;1.027363;
0.043450;1.027363;
0.043460;1.027363;
0.043470;1.027363;
0.043480;1.027363;
0.043490;1.027363;
0.043500;1.027363;
0.043510;1.027363;
0.043520;1.027363;
0.043530;1.027363;
0.043540;1.027363;
0.043550;1.027362;
0.043560;1.027362;
0.043570;1.027362;
0.043580;1.027362;
0.043590;1.027362;
0.043600;1.027362;
0.043610;1.027362;
0.043620;1.027362;
0.043630;1.027362;
0.043640;1.027362;
0.043650;1.027362;
0.043660;1.027362;
0.043670;1.027362;
0.043680;1.027362;
0.043690;1.027362;
0.043700;1.027362;
0.043710;1.027362;
0.043720;1.027362;
0.043730;1.027362;
0.043740;1.027362;
0.043750;1.027362;
0.043760;1.027362;
0.043770;1.027362;
0.043780;1.027362;
0.043790;1.027362;
0.043800;1.027362;
0.043810;1.027362;
0.043820;1.027362;
0.043830;1.027362;
0.043840;1.027362;
0.043850;1.027361;
0.043860;1.027361;
0.043870;1.027361;
0.043880;1.027361;
0.043890;1.027361;
0.043900;1.027361;
0.043910;1.027361;
0.043920;1.027361;
0.043930;1.027361;
0.043940;1.027361;
0.043950;1.027361;
0.043960;1.027361;
0.043970;1.027361;
0.043980;1.027361;
0.043990;1.027361;
0.044000;1.027361;
0.044010;1.027361;
0.044020;1.027361;
0.044030;1.027361;
0.044040;1.027361;
0.044050;1.027361;
0.044060;1.027361;
0.044070;1.027361;
0.044080;1.027361;
0.044090;1.027361;
0.044100;1.027361;
0.044110;1.027361;
0.044120;1.027361;
0.044130;1.027361;
0.044140;1.027361;
0.044150;1.027361;
0.044160;1.027361;
0.044170;1.027361;
0.044180;1.027361;
0.044190;1.027361;
0.044200;1.027361;
0.044210;1.027361;
0.044220;1.027361;
0.044230;1.027361;
0.044240;1.027361;
0.044250;1.027361;
0.044260;1.027361;
0.044270;1.027361;
0.044280;1.027361;
0.044290;1.027361;
0.044300;1.027361;
0.044310;1.027361;
0.044320;1.027361;
0.044330;1.027361;
0.044340;1.027361;
0.044350;1.027361;
0.044360;1.027361;
0.044370;1.027361;
0.044380;1.027361;
0.044390;1.027361;
0.044400;1.027361;
0.044410;1.027361;
0.044420;1.027361;
0.044430;1.027361;
0.044440;1.027361;
0.044450;1.027361;
0.044460;1.027361;
0.044470;1.027361;
0.044480;1.027361;
0.044490;1.027361;
0.044500;1.027361;
0.044510;1.027361;
0.044520;1.027361;
0.044530;1.027361;
0.044540;1.027361;
0.044550;1.027361;
0.044560;1.027361;
0.044570;1.027361;
0.044580;1.027361;
0.044590;1.027361;
0.044600;1.027361;
0.044610;1.027361;
0.044620;1.027361;
0.044630;1.027361;
0.044640;1.027361;
0.044650;1.027361;
0.044660;1.027361;
0.044670;1.027361;
0.044680;1.027361;
0.044690;1.027361;
0.044700;1.027361;
0.044710;1.027361;
0.044720;1.027361;
0.044730;1.027361;
0.044740;1.027361;
0.044750;1.027361;
0.044760;1.027361;
0.044770;1.027361;
0.044780;1.027361;
0.044790;1.027361;
0.044800;1.027361;
0.044810;1.027361;
0.044820;1.027361;
0.044830;1.027361;
0.044840;1.027361;
0.044850;1.027361;
0.044860;1.027361;
0.044870;1.027361;
0.044880;1.027361;
0.044890;1.027361;
0.044900;1.027361;
0.044910;1.027361;
0.044920;1.027361;
0.044930;1.027361;
0.044940;1.027361;
0.044950;1.027361;
0.044960;1.027361;
0.044970;1.027361;
0.044980;1.027361;
0.044990;1.027361;
0.045000;1.027361;
0.045010;1.027361;
0.045020;1.027361;
0.045030;1.027361;
0.045040;1.027361;
0.045050;1.027361;
0.045060;1.027361;
0.045070;1.027361;
0.045080;1.027361;
0.045090;1.027361;
0.045100;1.027361;
0.045110;1.027361;
0.045120;1.027361;
0.045130;1.027361;
0.045140;1.027361;
0.045150;1.027361;
0.045160;1.027361;
0.045170;1.027362;
0.045180;1.027362;
0.045190;1.027362;
0.045200;1.027362;
0.045210;1.027362;
0.045220;1.027362;
0.045230;1.027362;
0.045240;1.027362;
0.045250;1.027362;
0.045260;1.027362;
0.045270;1.027362;
0.045280;1.027362;
0.045290;1.027362;
0.045300;1.027362;
0.045310;1.027362;
0.045320;1.027362;
0.045330;1.027362;
0.045340;1.027362;
0.045350;1.027362;
0.045360;1.027362;
0.045370;1.027362;
0.045380;1.027362;
0.045390;1.027362;
0.045400;1.027362;
0.045410;1.027362;
0.045420;1.027362;
0.045430;1.027362;
0.045440;1.027362;
0.045450;1.027362;
0.045460;1.027362;
0.045470;1.027362;
0.045480;1.027362;
0.045490;1.027362;
0.045500;1.027362;
0.045510;1.027362;
0.045520;1.027362;
0.045530;1.027362;
0.045540;1.027362;
0.045550;1.027362;
0.045560;1.027362;
0.045570;1.027362;
0.045580;1.027362;
0.045590;1.027362;
0.045600;1.027362;
0.045610;1.027362;
0.045620;1.027362;
0.045630;1.027362;
0.045640;1.027362;
0.045650;1.027362;
0.045660;1.027362;
0.045670;1.027362;
0.045680;1.027362;
0.045690;1.027362;
0.045700;1.027362;
0.045710;1.027362;
0.045720;1.027362;
0.045730;1.027362;
0.045740;1.027362;
0.045750;1.027362;
0.045760;1.027362;
0.045770;1.027362;
0.045780;1.027362;
0.045790;1.027362;
0.045800;1.027362;
0.045810;1.027362;
0.045820;1.027362;
0.045830;1.027362;
0.045840;1.027362;
0.045850;1.027362;
0.045860;1.027362;
0.045870;1.027363;
0.045880;1.027363;
0.045890;1.027363;
0.045900;1.027363;
0.045910;1.027363;
0.045920;1.027363;
0.045930;1.027363;
0.045940;1.027363;
0.045950;1.027363;
0.045960;1.027363;
0.045970;1.027363;
0.045980;1.027363;
0.045990;1.027363;
0.046000;1.027363;
0.046010;1.027363;
0.046020;1.027363;
0.046030;1.027363;
0.046040;1.027363;
0.046050;1.027363;
0.046060;1.027363;
0.046070;1.027363;
0.046080;1.027363;
0.046090;1.027363;
0.046100;1.027363;
0.046110;1.027363;
0.046120;1.027363;
0.046130;1.027363;
0.046140;1.027363;
0.046150;1.027363;
0.046160;1.027363;
0.046170;1.027363;
0.046180;1.027363;
0.046190;1.027363;
0.046200;1.027363;
0.046210;1.027363;
0.046220;1.027363;
0.046230;1.027363;
0.046240;1.027363;
0.046250;1.027363;
0.046260;1.027363;
0.046270;1.027363;
0.046280;1.027363;
0.046290;1.027363;
0.046300;1.027363;
0.046310;1.027363;
0.046320;1.027363;
0.046330;1.027363;
0.046340;1.027363;
0.046350;1.027363;
0.046360;1.027363;
0.046370;1.027363;
0.046380;1.027363;
0.046390;1.027363;
0.046400;1.027363;
0.046410;1.027363;
0.046420;1.027363;
0.046430;1.027363;
0.046440;1.027363;
0.046450;1.027363;
0.046460;1.027363;
0.046470;1.027363;
0.046480;1.027363;
0.046490;1.027363;
0.046500;1.027363;
0.046510;1.027363;
0.046520;1.027363;
0.046530;1.027363;
0.046540;1.027363;
0.046550;1.027363;
0.046560;1.027363;
0.046570;1.027363;
0.046580;1.027363;
0.046590;1.027363;
0.046600;1.027363;
0.046610;1.027363;
0.046620;1.027363;
0.046630;1.027363;
0.046640;1.027363;
0.046650;1.027363;
0.046660;1.027363;
0.046670;1.027363;
0.046680;1.027363;
0.046690;1.027363;
0.046700;1.027363;
0.046710;1.027363;
0.046720;1.027363;
0.046730;1.027363;
0.046740;1.027363;
0.046750;1.027363;
0.046760;1.027363;
0.046770;1.027363;
0.046780;1.027363;
0.046790;1.027363;
0.046800;1.027363;
0.046810;1.027363;
0.046820;1.027363;
0.046830;1.027363;
0.046840;1.027363;
0.046850;1.027363;
0.046860;1.027363;
0.046870;1.027363;
0.046880;1.027363;
0.046890;1.027363;
0.046900;1.027363;
0.046910;1.027363;
0.046920;1.027363;
0.046930;1.027363;
0.046940;1.027363;
0.046950;1.027363;
0.046960;1.027363;
0.046970;1.027363;
0.046980;1.027363;
0.046990;1.027363;
0.047000;1.027363;
0.047010;1.027363;
0.047020;1.027363;
0.047030;1.027363;
0.047040;1.027363;
0.047050;1.027363;
0.047060;1.027363;
0.047070;1.027363;
0.047080;1.027363;
0.047090;1.027363;
0.047100;1.027363;
0.047110;1.027363;
0.047120;1.027363;
0.047130;1.027363;
0.047140;1.027363;
0.047150;1.027363;
0.047160;1.027363;
0.047170;1.027363;
0.047180;1.027363;
0.047190;1.027363;
0.047200;1.027363;
0.047210;1.027363;
0.047220;1.027363;
0.047230;1.027363;
0.047240;1.027363;
0.047250;1.027363;
0.047260;1.027363;
0.047270;1.027363;
0.047280;1.027363;
0.047290;1.027363;
0.047300;1.027363;
0.047310;1.027363;
0.047320;1.027363;
0.047330;1.027363;
0.047340;1.027363;
0.047350;1.027363;
0.047360;1.027363;
0.047370;1.027363;
0.047380;1.027363;
0.047390;1.027363;
0.047400;1.027363;
0.047410;1.027363;
0.047420;1.027363;
0.047430;1.027363;
0.047440;1.027363;
0.047450;1.027363;
0.047460;1.027363;
0.047470;1.027363;
0.047480;1.027363;
0.047490;1.027363;
0.047500;1.027363;
0.047510;1.027363;
0.047520;1.027363;
0.047530;1.027363;
0.047540;1.027363;
0.047550;1.027363;
0.047560;1.027363;
0.047570;1.027363;
0.047580;1.027363;
0.047590;1.027363;
0.047600;1.027363;
0.047610;1.027363;
0.047620;1.027363;
0.047630;1.027363;
0.047640;1.027363;
0.047650;1.027363;
0.047660;1.027363;
0.047670;1.027363;
0.047680;1.027363;
0.047690;1.027363;
0.047700;1.027363;
0.047710;1.027363;
0.047720;1.027363;
0.047730;1.027363;
0.047740;1.027363;
0.047750;1.027363;
0.047760;1.027363;
0.047770;1.027363;
0.047780;1.027363;
0.047790;1.027363;
0.047800;1.027363;
0.047810;1.027363;
0.047820;1.027363;
0.047830;1.027363;
0.047840;1.027363;
0.047850;1.027363;
0.047860;1.027363;
0.047870;1.027363;
0.047880;1.027363;
0.047890;1.027363;
0.047900;1.027363;
0.047910;1.027363;
0.047920;1.027363;
0.047930;1.027363;
0.047940;1.027363;
0.047950;1.027363;
0.047960;1.027363;
0.047970;1.027363;
0.047980;1.027363;
0.047990;1.027363;
0.048000;1.027363;
0.048010;1.027363;
0.048020;1.027363;
0.048030;1.027363;
0.048040;1.027363;
0.048050;1.027363;
0.048060;1.027363;
0.048070;1.027363;
0.048080;1.027363;
0.048090;1.027363;
0.048100;1.027363;
0.048110;1.027363;
0.048120;1.027363;
0.048130;1.027363;
0.048140;1.027363;
0.048150;1.027363;
0.048160;1.027363;
0.048170;1.027363;
0.048180;1.027363;
0.048190;1.027363;
0.048200;1.027363;
0.048210;1.027363;
0.048220;1.027363;
0.048230;1.027363;
0.048240;1.027363;
0.048250;1.027363;
0.048260;1.027363;
0.048270;1.027363;
0.048280;1.027363;
0.048290;1.027363;
0.048300;1.027363;
0.048310;1.027363;
0.048320;1.027363;
0.048330;1.027363;
0.048340;1.027363;
0.048350;1.027363;
0.048360;1.027363;
0.048370;1.027363;
0.048380;1.027363;
0.048390;1.027363;
0.048400;1.027363;
0.048410;1.027363;
0.048420;1.027363;
0.048430;1.027363;
0.048440;1.027363;
0.048450;1.027363;
0.048460;1.027363;
0.048470;1.027363;
0.048480;1.027363;
0.048490;1.027363;
0.048500;1.027363;
0.048510;1.027363;
0.048520;1.027363;
0.048530;1.027363;
0.048540;1.027363;
0.048550;1.027363;
0.048560;1.027363;
0.048570;1.027363;
0.048580;1.027363;
0.048590;1.027363;
0.048600;1.027363;
0.048610;1.027363;
0.048620;1.027363;
0.048630;1.027363;
0.048640;1.027363;
0.048650;1.027363;
0.048660;1.027363;
0.048670;1.027363;
0.048680;1.027363;
0.048690;1.027363;
0.048700;1.027363;
0.048710;1.027363;
0.048720;1.027363;
0.048730;1.027363;
0.048740;1.027363;
0.048750;1.027363;
0.048760;1.027363;
0.048770;1.027363;
0.048780;1.027363;
0.048790;1.027363;
0.048800;1.027363;
0.048810;1.027363;
0.048820;1.027363;
0.048830;1.027363;
0.048840;1.027363;
0.048850;1.027363;
0.048860;1.027363;
0.048870;1.027363;
0.048880;1.027363;
0.048890;1.027363;
0.048900;1.027363;
0.048910;1.027363;
0.048920;1.027363;
0.048930;1.027363;
0.048940;1.027363;
0.048950;1.027363;
0.048960;1.027363;
0.048970;1.027363;
0.048980;1.027363;
0.048990;1.027363;
0.049000;1.027363;
0.049010;1.027363;
0.049020;1.027363;
0.049030;1.027363;
0.049040;1.027363;
0.049050;1.027363;
0.049060;1.027363;
0.049070;1.027363;
0.049080;1.027363;
0.049090;1.027363;
0.049100;1.027363;
0.049110;1.027363;
0.049120;1.027363;
0.049130;1.027363;
0.049140;1.027363;
0.049150;1.027363;
0.049160;1.027363;
0.049170;1.027363;
0.049180;1.027363;
0.049190;1.027363;
0.049200;1.027363;
0.049210;1.027363;
0.049220;1.027363;
0.049230;1.027363;
0.049240;1.027363;
0.049250;1.027363;
0.049260;1.027363;
0.049270;1.027363;
0.049280;1.027363;
0.049290;1.027363;
0.049300;1.027363;
0.049310;1.027363;
0.049320;1.027363;
0.049330;1.027363;
0.049340;1.027363;
0.049350;1.027363;
0.049360;1.027363;
0.049370;1.027363;
0.049380;1.027363;
0.049390;1.027363;
0.049400;1.027363;
0.049410;1.027363;
0.049420;1.027363;
0.049430;1.027363;
0.049440;1.027363;
0.049450;1.027363;
0.049460;1.027363;
0.049470;1.027363;
0.049480;1.027363;
0.049490;1.027363;
0.049500;1.027363;
0.049510;1.027363;
0.049520;1.027363;
0.049530;1.027363;
0.049540;1.027363;
0.049550;1.027363;
0.049560;1.027363;
0.049570;1.027363;
0.049580;1.027363;
0.049590;1.027363;
0.049600;1.027363;
0.049610;1.027363;
0.049620;1.027363;
0.049630;1.027363;
0.049640;1.027363;
0.049650;1.027363;
0.049660;1.027363;
0.049670;1.027363;
0.049680;1.027363;
0.049690;1.027363;
0.049700;1.027363;
0.049710;1.027363;
0.049720;1.027363;
0.049730;1.027363;
0.049740;1.027363;
0.049750;1.027363;
0.049760;1.027363;
0.049770;1.027363;
0.049780;1.027363;
0.049790;1.027363;
0.049800;1.027363;
0.049810;1.027363;
0.049820;1.027363;
0.049830;1.027363;
0.049840;1.027363;
0.049850;1.027363;
0.049860;1.027363;
0.049870;1.027363;
0.049880;1.027363;
0.049890;1.027363;
0.049900;1.027363;
0.049910;1.027363;
0.049920;1.027363;
0.049930;1.027363;
0.049940;1.027363;
0.049950;1.027363;
0.049960;1.027363;
0.049970;1.027363;
0.049980;1.027363;
0.049990;1.027363;
0.050000;1.027363;
0.050010;1.027363;
0.050020;1.027363;
0.050030;1.027363;
0.050040;1.027363;
0.050050;1.027363;
0.050060;1.027363;
0.050070;1.027363;
0.050080;1.027363;
0.050090;1.027363;
0.050100;1.027363;
0.050110;1.027363;
0.050120;1.027363;
0.050130;1.027363;
0.050140;1.027363;
0.050150;1.027363;
0.050160;1.027363;
0.050170;1.027363;
0.050180;1.027363;
0.050190;1.027363;
0.050200;1.027363;
0.050210;1.027363;
0.050220;1.027363;
0.050230;1.027363;
0.050240;1.027363;
0.050250;1.027363;
0.050260;1.027363;
0.050270;1.027363;
0.050280;1.027363;
0.050290;1.027363;
0.050300;1.027363;
0.050310;1.027363;
0.050320;1.027363;
0.050330;1.027363;
0.050340;1.027363;
0.050350;1.027363;
0.050360;1.027363;
0.050370;1.027363;
0.050380;1.027363;
0.050390;1.027363;
0.050400;1.027363;
0.050410;1.027363;
0.050420;1.027363;
0.050430;1.027363;
0.050440;1.027363;
0.050450;1.027363;
0.050460;1.027363;
0.050470;1.027363;
0.050480;1.027363;
0.050490;1.027363;
0.050500;1.027363;
0.050510;1.027363;
0.050520;1.027363;
0.050530;1.027363;
0.050540;1.027363;
0.050550;1.027363;
0.050560;1.027363;
0.050570;1.027363;
0.050580;1.027363;
0.050590;1.027363;
0.050600;1.027363;
0.050610;1.027363;
0.050620;1.027363;
0.050630;1.027363;
0.050640;1.027363;
0.050650;1.027363;
0.050660;1.027363;
0.050670;1.027363;
0.050680;1.027363;
0.050690;1.027363;
0.050700;1.027363;
0.050710;1.027363;
0.050720;1.027363;
0.050730;1.027363;
0.050740;1.027363;
0.050750;1.027363;
0.050760;1.027363;
0.050770;1.027363;
0.050780;1.027363;
0.050790;1.027363;
0.050800;1.027363;
0.050810;1.027363;
0.050820;1.027363;
0.050830;1.027363;
0.050840;1.027363;
0.050850;1.027363;
0.050860;1.027363;
0.050870;1.027363;
0.050880;1.027363;
0.050890;1.027363;
0.050900;1.027363;
0.050910;1.027363;
0.050920;1.027363;
0.050930;1.027363;
0.050940;1.027363;
0.050950;1.027363;
0.050960;1.027363;
0.050970;1.027363;
0.050980;1.027363;
0.050990;1.027363;
0.051000;1.027363;
0.051010;1.027363;
0.051020;1.027363;
0.051030;1.027363;
0.051040;1.027363;
0.051050;1.027363;
0.051060;1.027363;
0.051070;1.027363;
0.051080;1.027363;
0.051090;1.027363;
0.051100;1.027363;
0.051110;1.027363;
0.051120;1.027363;
0.051130;1.027363;
0.051140;1.027363;
0.051150;1.027363;
0.051160;1.027363;
0.051170;1.027363;
0.051180;1.027363;
0.051190;1.027363;
0.051200;1.027363;
0.051210;1.027363;
0.051220;1.027363;
0.051230;1.027363;
0.051240;1.027362;
0.051250;1.027362;
0.051260;1.027362;
0.051270;1.027362;
0.051280;1.027362;
0.051290;1.027362;
0.051300;1.027362;
0.051310;1.027362;
0.051320;1.027362;
0.051330;1.027362;
0.051340;1.027362;
0.051350;1.027362;
0.051360;1.027362;
0.051370;1.027362;
0.051380;1.027362;
0.051390;1.027362;
0.051400;1.027362;
0.051410;1.027362;
0.051420;1.027362;
0.051430;1.027362;
0.051440;1.027362;
0.051450;1.027362;
0.051460;1.027362;
0.051470;1.027362;
0.051480;1.027362;
0.051490;1.027362;
0.051500;1.027362;
0.051510;1.027362;
0.051520;1.027362;
0.051530;1.027362;
0.051540;1.027362;
0.051550;1.027362;
0.051560;1.027362;
0.051570;1.027362;
0.051580;1.027362;
0.051590;1.027362;
0.051600;1.027362;
0.051610;1.027362;
0.051620;1.027362;
0.051630;1.027362;
0.051640;1.027362;
0.051650;1.027362;
0.051660;1.027362;
0.051670;1.027362;
0.051680;1.027362;
0.051690;1.027362;
0.051700;1.027362;
0.051710;1.027362;
0.051720;1.027362;
0.051730;1.027362;
0.051740;1.027362;
0.051750;1.027362;
0.051760;1.027362;
0.051770;1.027362;
0.051780;1.027362;
0.051790;1.027362;
0.051800;1.027362;
0.051810;1.027362;
0.051820;1.027362;
0.051830;1.027362;
0.051840;1.027362;
0.051850;1.027362;
0.051860;1.027362;
0.051870;1.027362;
0.051880;1.027362;
0.051890;1.027362;
0.051900;1.027362;
0.051910;1.027362;
0.051920;1.027362;
0.051930;1.027362;
0.051940;1.027362;
0.051950;1.027362;
0.051960;1.027362;
0.051970;1.027362;
0.051980;1.027362;
0.051990;1.027362;
0.052000;1.027362;
0.052010;1.027362;
0.052020;1.027362;
0.052030;1.027362;
0.052040;1.027362;
0.052050;1.027362;
0.052060;1.027362;
0.052070;1.027362;
0.052080;1.027363;
0.052090;1.027363;
0.052100;1.027363;
0.052110;1.027363;
0.052120;1.027363;
0.052130;1.027363;
0.052140;1.027363;
0.052150;1.027363;
0.052160;1.027363;
0.052170;1.027363;
0.052180;1.027363;
0.052190;1.027363;
0.052200;1.027363;
0.052210;1.027363;
0.052220;1.027363;
0.052230;1.027363;
0.052240;1.027363;
0.052250;1.027363;
0.052260;1.027363;
0.052270;1.027363;
0.052280;1.027363;
0.052290;1.027363;
0.052300;1.027363;
0.052310;1.027363;
0.052320;1.027363;
0.052330;1.027363;
0.052340;1.027363;
0.052350;1.027363;
0.052360;1.027363;
0.052370;1.027363;
0.052380;1.027363;
0.052390;1.027363;
0.052400;1.027363;
0.052410;1.027363;
0.052420;1.027363;
0.052430;1.027363;
0.052440;1.027363;
0.052450;1.027363;
0.052460;1.027363;
0.052470;1.027363;
0.052480;1.027363;
0.052490;1.027363;
0.052500;1.027363;
0.052510;1.027363;
0.052520;1.027363;
0.052530;1.027363;
0.052540;1.027363;
0.052550;1.027363;
0.052560;1.027363;
0.052570;1.027363;
0.052580;1.027363;
0.052590;1.027363;
0.052600;1.027363;
0.052610;1.027363;
0.052620;1.027363;
0.052630;1.027363;
0.052640;1.027363;
0.052650;1.027363;
0.052660;1.027363;
0.052670;1.027363;
0.052680;1.027363;
0.052690;1.027363;
0.052700;1.027363;
0.052710;1.027363;
0.052720;1.027363;
0.052730;1.027363;
0.052740;1.027363;
0.052750;1.027363;
0.052760;1.027363;
0.052770;1.027363;
0.052780;1.027363;
0.052790;1.027363;
0.052800;1.027363;
0.052810;1.027363;
0.052820;1.027363;
0.052830;1.027363;
0.052840;1.027363;
0.052850;1.027363;
0.052860;1.027363;
0.052870;1.027363;
0.052880;1.027363;
0.052890;1.027363;
0.052900;1.027363;
0.052910;1.027363;
0.052920;1.027363;
0.052930;1.027363;
0.052940;1.027363;
0.052950;1.027363;
0.052960;1.027363;
0.052970;1.027363;
0.052980;1.027363;
0.052990;1.027363;
0.053000;1.027363;
0.053010;1.027363;
0.053020;1.027363;
0.053030;1.027363;
0.053040;1.027363;
0.053050;1.027363;
0.053060;1.027363;
0.053070;1.027363;
0.053080;1.027363;
0.053090;1.027363;
0.053100;1.027363;
0.053110;1.027363;
0.053120;1.027363;
0.053130;1.027363;
0.053140;1.027363;
0.053150;1.027363;
0.053160;1.027363;
0.053170;1.027363;
0.053180;1.027363;
0.053190;1.027363;
0.053200;1.027363;
0.053210;1.027363;
0.053220;1.027363;
0.053230;1.027363;
0.053240;1.027363;
0.053250;1.027363;
0.053260;1.027363;
0.053270;1.027363;
0.053280;1.027363;
0.053290;1.027363;
0.053300;1.027363;
0.053310;1.027363;
0.053320;1.027363;
0.053330;1.027363;
0.053340;1.027363;
0.053350;1.027363;
0.053360;1.027363;
0.053370;1.027363;
0.053380;1.027363;
0.053390;1.027363;
0.053400;1.027363;
0.053410;1.027363;
0.053420;1.027363;
0.053430;1.027363;
0.053440;1.027363;
0.053450;1.027363;
0.053460;1.027363;
0.053470;1.027363;
0.053480;1.027363;
0.053490;1.027363;
0.053500;1.027363;
0.053510;1.027363;
0.053520;1.027363;
0.053530;1.027363;
0.053540;1.027363;
0.053550;1.027363;
0.053560;1.027363;
0.053570;1.027363;
0.053580;1.027363;
0.053590;1.027363;
0.053600;1.027363;
0.053610;1.027363;
0.053620;1.027363;
0.053630;1.027363;
0.053640;1.027363;
0.053650;1.027363;
0.053660;1.027363;
0.053670;1.027363;
0.053680;1.027363;
0.053690;1.027363;
0.053700;1.027363;
0.053710;1.027363;
0.053720;1.027363;
0.053730;1.027363;
0.053740;1.027363;
0.053750;1.027363;
0.053760;1.027363;
0.053770;1.027363;
0.053780;1.027363;
0.053790;1.027363;
0.053800;1.027363;
0.053810;1.027363;
0.053820;1.027363;
0.053830;1.027363;
0.053840;1.027363;
0.053850;1.027363;
0.053860;1.027363;
0.053870;1.027363;
0.053880;1.027363;
0.053890;1.027363;
0.053900;1.027363;
0.053910;1.027363;
0.053920;1.027363;
0.053930;1.027363;
0.053940;1.027363;
0.053950;1.027363;
0.053960;1.027363;
0.053970;1.027363;
0.053980;1.027363;
0.053990;1.027363;
0.054000;1.027363;
0.054010;1.027363;
0.054020;1.027363;
0.054030;1.027363;
0.054040;1.027363;
0.054050;1.027363;
0.054060;1.027363;
0.054070;1.027363;
0.054080;1.027363;
0.054090;1.027363;
0.054100;1.027363;
0.054110;1.027363;
0.054120;1.027363;
0.054130;1.027363;
0.054140;1.027363;
0.054150;1.027363;
0.054160;1.027363;
0.054170;1.027363;
0.054180;1.027363;
0.054190;1.027363;
0.054200;1.027363;
0.054210;1.027363;
0.054220;1.027363;
0.054230;1.027363;
0.054240;1.027363;
0.054250;1.027363;
0.054260;1.027363;
0.054270;1.027363;
0.054280;1.027363;
0.054290;1.027363;
0.054300;1.027363;
0.054310;1.027363;
0.054320;1.027363;
0.054330;1.027363;
0.054340;1.027363;
0.054350;1.027363;
0.054360;1.027363;
0.054370;1.027363;
0.054380;1.027363;
0.054390;1.027363;
0.054400;1.027363;
0.054410;1.027363;
0.054420;1.027363;
0.054430;1.027363;
0.054440;1.027363;
0.054450;1.027363;
0.054460;1.027363;
0.054470;1.027363;
0.054480;1.027363;
0.054490;1.027363;
0.054500;1.027363;
0.054510;1.027363;
0.054520;1.027363;
0.054530;1.027363;
0.054540;1.027363;
0.054550;1.027363;
0.054560;1.027363;
0.054570;1.027363;
0.054580;1.027363;
0.054590;1.027363;
0.054600;1.027363;
0.054610;1.027363;
0.054620;1.027363;
0.054630;1.027363;
0.054640;1.027363;
0.054650;1.027363;
0.054660;1.027363;
0.054670;1.027363;
0.054680;1.027363;
0.054690;1.027363;
0.054700;1.027363;
0.054710;1.027363;
0.054720;1.027363;
0.054730;1.027363;
0.054740;1.027363;
0.054750;1.027363;
0.054760;1.027363;
0.054770;1.027363;
0.054780;1.027363;
0.054790;1.027363;
0.054800;1.027363;
0.054810;1.027363;
0.054820;1.027363;
0.054830;1.027363;
0.054840;1.027363;
0.054850;1.027363;
0.054860;1.027363;
0.054870;1.027363;
0.054880;1.027363;
0.054890;1.027363;
0.054900;1.027363;
0.054910;1.027363;
0.054920;1.027363;
0.054930;1.027363;
0.054940;1.027363;
0.054950;1.027363;
0.054960;1.027363;
0.054970;1.027363;
0.054980;1.027363;
0.054990;1.027363;
0.055000;1.027363;
0.055010;1.027363;
0.055020;1.027363;
0.055030;1.027363;
0.055040;1.027363;
0.055050;1.027363;
0.055060;1.027363;
0.055070;1.027363;
0.055080;1.027363;
0.055090;1.027363;
0.055100;1.027363;
0.055110;1.027363;
0.055120;1.027363;
0.055130;1.027363;
0.055140;1.027363;
0.055150;1.027363;
0.055160;1.027363;
0.055170;1.027363;
0.055180;1.027363;
0.055190;1.027363;
0.055200;1.027363;
0.055210;1.027363;
0.055220;1.027363;
0.055230;1.027363;
0.055240;1.027363;
0.055250;1.027363;
0.055260;1.027363;
0.055270;1.027363;
0.055280;1.027363;
0.055290;1.027363;
0.055300;1.027363;
0.055310;1.027363;
0.055320;1.027363;
0.055330;1.027363;
0.055340;1.027363;
0.055350;1.027363;
0.055360;1.027363;
0.055370;1.027363;
0.055380;1.027363;
0.055390;1.027363;
0.055400;1.027363;
0.055410;1.027363;
0.055420;1.027363;
0.055430;1.027363;
0.055440;1.027363;
0.055450;1.027363;
0.055460;1.027363;
0.055470;1.027363;
0.055480;1.027363;
0.055490;1.027363;
0.055500;1.027363;
0.055510;1.027363;
0.055520;1.027363;
0.055530;1.027363;
0.055540;1.027363;
0.055550;1.027363;
0.055560;1.027363;
0.055570;1.027363;
0.055580;1.027363;
0.055590;1.027363;
0.055600;1.027363;
0.055610;1.027363;
0.055620;1.027363;
0.055630;1.027363;
0.055640;1.027363;
0.055650;1.027363;
0.055660;1.027363;
0.055670;1.027363;
0.055680;1.027363;
0.055690;1.027363;
0.055700;1.027363;
0.055710;1.027363;
0.055720;1.027363;
0.055730;1.027363;
0.055740;1.027363;
0.055750;1.027363;
0.055760;1.027363;
0.055770;1.027363;
0.055780;1.027363;
0.055790;1.027363;
0.055800;1.027363;
0.055810;1.027363;
0.055820;1.027363;
0.055830;1.027363;
0.055840;1.027363;
0.055850;1.027363;
0.055860;1.027363;
0.055870;1.027363;
0.055880;1.027363;
0.055890;1.027363;
0.055900;1.027363;
0.055910;1.027363;
0.055920;1.027363;
0.055930;1.027363;
0.055940;1.027363;
0.055950;1.027363;
0.055960;1.027363;
0.055970;1.027363;
0.055980;1.027363;
0.055990;1.027363;
0.056000;1.027363;
0.056010;1.027363;
0.056020;1.027363;
0.056030;1.027363;
0.056040;1.027363;
0.056050;1.027363;
0.056060;1.027363;
0.056070;1.027363;
0.056080;1.027363;
0.056090;1.027363;
0.056100;1.027363;
0.056110;1.027363;
0.056120;1.027363;
0.056130;1.027363;
0.056140;1.027363;
0.056150;1.027363;
0.056160;1.027363;
0.056170;1.027363;
0.056180;1.027363;
0.056190;1.027363;
0.056200;1.027363;
0.056210;1.027363;
0.056220;1.027363;
0.056230;1.027363;
0.056240;1.027363;
0.056250;1.027363;
0.056260;1.027363;
0.056270;1.027363;
0.056280;1.027363;
0.056290;1.027363;
0.056300;1.027363;
0.056310;1.027363;
0.056320;1.027363;
0.056330;1.027363;
0.056340;1.027363;
0.056350;1.027363;
0.056360;1.027363;
0.056370;1.027363;
0.056380;1.027363;
0.056390;1.027363;
0.056400;1.027363;
0.056410;1.027363;
0.056420;1.027363;
0.056430;1.027363;
0.056440;1.027363;
0.056450;1.027363;
0.056460;1.027363;
0.056470;1.027363;
0.056480;1.027363;
0.056490;1.027363;
0.056500;1.027363;
0.056510;1.027363;
0.056520;1.027363;
0.056530;1.027363;
0.056540;1.027363;
0.056550;1.027363;
0.056560;1.027363;
0.056570;1.027363;
0.056580;1.027363;
0.056590;1.027363;
0.056600;1.027363;
0.056610;1.027363;
0.056620;1.027363;
0.056630;1.027363;
0.056640;1.027363;
0.056650;1.027363;
0.056660;1.027363;
0.056670;1.027363;
0.056680;1.027363;
0.056690;1.027363;
0.056700;1.027363;
0.056710;1.027363;
0.056720;1.027363;
0.056730;1.027363;
0.056740;1.027363;
0.056750;1.027363;
0.056760;1.027363;
0.056770;1.027363;
0.056780;1.027363;
0.056790;1.027363;
0.056800;1.027363;
0.056810;1.027363;
0.056820;1.027363;
0.056830;1.027363;
0.056840;1.027363;
0.056850;1.027363;
0.056860;1.027363;
0.056870;1.027363;
0.056880;1.027363;
0.056890;1.027363;
0.056900;1.027363;
0.056910;1.027363;
0.056920;1.027363;
0.056930;1.027363;
0.056940;1.027363;
0.056950;1.027363;
0.056960;1.027363;
0.056970;1.027363;
0.056980;1.027363;
0.056990;1.027363;
0.057000;1.027363;
0.057010;1.027363;
0.057020;1.027363;
0.057030;1.027363;
0.057040;1.027363;
0.057050;1.027363;
0.057060;1.027363;
0.057070;1.027363;
0.057080;1.027363;
0.057090;1.027363;
0.057100;1.027363;
0.057110;1.027363;
0.057120;1.027363;
0.057130;1.027363;
0.057140;1.027363;
0.057150;1.027363;
0.057160;1.027363;
0.057170;1.027363;
0.057180;1.027363;
0.057190;1.027363;
0.057200;1.027363;
0.057210;1.027363;
0.057220;1.027363;
0.057230;1.027363;
0.057240;1.027363;
0.057250;1.027363;
0.057260;1.027363;
0.057270;1.027363;
0.057280;1.027363;
0.057290;1.027363;
0.057300;1.027363;
0.057310;1.027363;
0.057320;1.027363;
0.057330;1.027363;
0.057340;1.027363;
0.057350;1.027363;
0.057360;1.027363;
0.057370;1.027363;
0.057380;1.027363;
0.057390;1.027363;
0.057400;1.027363;
0.057410;1.027363;
0.057420;1.027363;
0.057430;1.027363;
0.057440;1.027363;
0.057450;1.027363;
0.057460;1.027363;
0.057470;1.027363;
0.057480;1.027363;
0.057490;1.027363;
0.057500;1.027363;
0.057510;1.027363;
0.057520;1.027363;
0.057530;1.027363;
0.057540;1.027363;
0.057550;1.027363;
0.057560;1.027363;
0.057570;1.027363;
0.057580;1.027363;
0.057590;1.027363;
0.057600;1.027363;
0.057610;1.027363;
0.057620;1.027363;
0.057630;1.027363;
0.057640;1.027363;
0.057650;1.027363;
0.057660;1.027363;
0.057670;1.027363;
0.057680;1.027363;
0.057690;1.027363;
0.057700;1.027363;
0.057710;1.027363;
0.057720;1.027363;
0.057730;1.027363;
0.057740;1.027363;
0.057750;1.027363;
0.057760;1.027363;
0.057770;1.027363;
0.057780;1.027363;
0.057790;1.027363;
0.057800;1.027363;
0.057810;1.027363;
0.057820;1.027363;
0.057830;1.027363;
0.057840;1.027363;
0.057850;1.027363;
0.057860;1.027363;
0.057870;1.027363;
0.057880;1.027363;
0.057890;1.027363;
0.057900;1.027363;
0.057910;1.027363;
0.057920;1.027363;
0.057930;1.027363;
0.057940;1.027363;
0.057950;1.027363;
0.057960;1.027363;
0.057970;1.027363;
0.057980;1.027363;
0.057990;1.027363;
0.058000;1.027363;
0.058010;1.027363;
0.058020;1.027363;
0.058030;1.027363;
0.058040;1.027363;
0.058050;1.027363;
0.058060;1.027363;
0.058070;1.027363;
0.058080;1.027363;
0.058090;1.027363;
0.058100;1.027363;
0.058110;1.027363;
0.058120;1.027363;
0.058130;1.027363;
0.058140;1.027363;
0.058150;1.027363;
0.058160;1.027363;
0.058170;1.027363;
0.058180;1.027363;
0.058190;1.027363;
0.058200;1.027363;
0.058210;1.027363;
0.058220;1.027363;
0.058230;1.027363;
0.058240;1.027363;
0.058250;1.027363;
0.058260;1.027363;
0.058270;1.027363;
0.058280;1.027363;
0.058290;1.027363;
0.058300;1.027363;
0.058310;1.027363;
0.058320;1.027363;
0.058330;1.027363;
0.058340;1.027363;
0.058350;1.027363;
0.058360;1.027363;
0.058370;1.027363;
0.058380;1.027363;
0.058390;1.027363;
0.058400;1.027363;
0.058410;1.027363;
0.058420;1.027363;
0.058430;1.027363;
0.058440;1.027363;
0.058450;1.027363;
0.058460;1.027363;
0.058470;1.027363;
0.058480;1.027363;
0.058490;1.027363;
0.058500;1.027363;
0.058510;1.027363;
0.058520;1.027363;
0.058530;1.027363;
0.058540;1.027363;
0.058550;1.027363;
0.058560;1.027363;
0.058570;1.027363;
0.058580;1.027363;
0.058590;1.027363;
0.058600;1.027363;
0.058610;1.027363;
0.058620;1.027363;
0.058630;1.027363;
0.058640;1.027363;
0.058650;1.027363;
0.058660;1.027363;
0.058670;1.027363;
0.058680;1.027363;
0.058690;1.027363;
0.058700;1.027363;
0.058710;1.027363;
0.058720;1.027363;
0.058730;1.027363;
0.058740;1.027363;
0.058750;1.027363;
0.058760;1.027363;
0.058770;1.027363;
0.058780;1.027363;
0.058790;1.027363;
0.058800;1.027363;
0.058810;1.027363;
0.058820;1.027363;
0.058830;1.027363;
0.058840;1.027363;
0.058850;1.027363;
0.058860;1.027363;
0.058870;1.027363;
0.058880;1.027363;
0.058890;1.027363;
0.058900;1.027363;
0.058910;1.027363;
0.058920;1.027363;
0.058930;1.027363;
0.058940;1.027363;
0.058950;1.027363;
0.058960;1.027363;
0.058970;1.027363;
0.058980;1.027363;
0.058990;1.027363;
0.059000;1.027363;
0.059010;1.027363;
0.059020;1.027363;
0.059030;1.027363;
0.059040;1.027363;
0.059050;1.027363;
0.059060;1.027363;
0.059070;1.027363;
0.059080;1.027363;
0.059090;1.027363;
0.059100;1.027363;
0.059110;1.027363;
0.059120;1.027363;
0.059130;1.027363;
0.059140;1.027363;
0.059150;1.027363;
0.059160;1.027363;
0.059170;1.027363;
0.059180;1.027363;
0.059190;1.027363;
0.059200;1.027363;
0.059210;1.027363;
0.059220;1.027363;
0.059230;1.027363;
0.059240;1.027363;
0.059250;1.027363;
0.059260;1.027363;
0.059270;1.027363;
0.059280;1.027363;
0.059290;1.027363;
0.059300;1.027363;
0.059310;1.027363;
0.059320;1.027363;
0.059330;1.027363;
0.059340;1.027363;
0.059350;1.027363;
0.059360;1.027363;
0.059370;1.027363;
0.059380;1.027363;
0.059390;1.027363;
0.059400;1.027363;
0.059410;1.027363;
0.059420;1.027363;
0.059430;1.027363;
0.059440;1.027363;
0.059450;1.027363;
0.059460;1.027363;
0.059470;1.027363;
0.059480;1.027363;
0.059490;1.027363;
0.059500;1.027363;
0.059510;1.027363;
0.059520;1.027363;
0.059530;1.027363;
0.059540;1.027363;
0.059550;1.027363;
0.059560;1.027363;
0.059570;1.027363;
0.059580;1.027363;
0.059590;1.027363;
0.059600;1.027363;
0.059610;1.027363;
0.059620;1.027363;
0.059630;1.027363;
0.059640;1.027363;
0.059650;1.027363;
0.059660;1.027363;
0.059670;1.027363;
0.059680;1.027363;
0.059690;1.027363;
0.059700;1.027363;
0.059710;1.027363;
0.059720;1.027363;
0.059730;1.027363;
0.059740;1.027363;
0.059750;1.027363;
0.059760;1.027363;
0.059770;1.027363;
0.059780;1.027363;
0.059790;1.027363;
0.059800;1.027363;
0.059810;1.027363;
0.059820;1.027363;
0.059830;1.027363;
0.059840;1.027363;
0.059850;1.027363;
0.059860;1.027363;
0.059870;1.027363;
0.059880;1.027363;
0.059890;1.027363;
0.059900;1.027363;
0.059910;1.027363;
0.059920;1.027363;
0.059930;1.027363;
0.059940;1.027363;
0.059950;1.027363;
0.059960;1.027363;
0.059970;1.027363;
0.059980;1.027363;
0.059990;1.027363;
0.060000;1.027363;
