time;NETWORK_LINE_i_a;NETWORK_LINE_i_b;NETWORK_LINE_i_c;NETWORK_B1_v_a;
0.000000;0.000000;0.000000;0.000000;0.000000;
0.000010;0.028263;-0.014112;-0.014150;0.000698;
0.000020;0.056468;-0.028139;-0.028329;0.002773;
0.000030;0.084590;-0.042047;-0.042543;0.006187;
0.000040;0.112602;-0.055824;-0.056778;0.010903;
0.000050;0.140476;-0.069456;-0.071021;0.016883;
0.000060;0.168190;-0.082931;-0.085259;0.024088;
0.000070;0.195717;-0.096238;-0.099479;0.032478;
0.000080;0.223036;-0.109366;-0.113670;0.042016;
0.000090;0.250123;-0.122303;-0.127820;0.052661;
0.000100;0.276957;-0.135041;-0.141916;0.064375;
0.000110;0.303516;-0.147568;-0.155948;0.077118;
0.000120;0.329780;-0.159875;-0.169905;0.090851;
0.000130;0.355730;-0.171954;-0.183777;0.105534;
0.000140;0.381348;-0.183796;-0.197552;0.121128;
0.000150;0.406616;-0.195393;-0.211223;0.137593;
0.000160;0.431516;-0.206738;-0.224778;0.154890;
0.000170;0.456033;-0.217823;-0.238210;0.172981;
0.000180;0.480151;-0.228643;-0.251509;0.191825;
0.000190;0.503856;-0.239190;-0.264666;0.211385;
0.000200;0.527134;-0.249459;-0.277675;0.231622;
0.000210;0.549972;-0.259444;-0.290527;0.252498;
0.000220;0.572357;-0.269142;-0.303215;0.273976;
0.000230;0.594279;-0.278546;-0.315732;0.296017;
0.000240;0.615726;-0.287654;-0.328072;0.318584;
0.000250;0.636688;-0.296461;-0.340227;0.341642;
0.000260;0.657157;-0.304965;-0.352193;0.365153;
0.000270;0.677124;-0.313161;-0.363963;0.389082;
0.000280;0.696581;-0.321048;-0.375533;0.413394;
0.000290;0.715521;-0.328624;-0.386897;0.438053;
0.000300;0.733938;-0.335887;-0.398051;0.463026;
0.000310;0.751826;-0.342835;-0.408991;0.488279;
0.000320;0.769179;-0.349467;-0.419712;0.513778;
0.000330;0.785995;-0.355783;-0.430212;0.539492;
0.000340;0.802268;-0.361783;-0.440486;0.565388;
0.000350;0.817997;-0.367465;-0.450532;0.591434;
0.000360;0.833177;-0.372831;-0.460347;0.617600;
0.000370;0.847809;-0.377881;-0.469928;0.643857;
0.000380;0.861890;-0.382616;-0.479274;0.670174;
0.000390;0.875420;-0.387036;-0.488383;0.696523;
0.000400;0.888398;-0.391145;-0.497253;0.722876;
0.000410;0.900826;-0.394943;-0.505883;0.749205;
0.000420;0.912704;-0.398432;-0.514272;0.775485;
0.000430;0.924033;-0.401615;-0.522419;0.801689;
0.000440;0.934817;-0.404493;-0.530324;0.827792;
0.000450;0.945057;-0.407071;-0.537986;0.853769;
0.000460;0.954756;-0.409350;-0.545406;0.879597;
0.000470;0.963919;-0.411335;-0.552584;0.905253;
0.000480;0.972548;-0.413028;-0.559520;0.930715;
0.000490;0.980648;-0.414433;-0.566215;0.955962;
0.000500;0.988224;-0.415554;-0.572670;0.980972;
0.000510;0.995281;-0.416395;-0.578887;1.005726;
0.000520;1.001825;-0.416960;-0.584866;1.030204;
0.000530;1.007862;-0.417253;-0.590609;1.054389;
0.000540;1.013398;-0.417280;-0.596118;1.078263;
0.000550;1.018439;-0.417044;-0.601394;1.101808;
0.000560;1.022992;-0.416551;-0.606441;1.125008;
0.000570;1.027066;-0.415806;-0.611260;1.147849;
0.000580;1.030666;-0.414813;-0.615854;1.170315;
0.000590;1.033802;-0.413577;-0.620225;1.192393;
0.000600;1.036482;-0.412105;-0.624376;1.214069;
0.000610;1.038712;-0.410401;-0.628311;1.235332;
0.000620;1.040503;-0.408472;-0.632032;1.256168;
0.000630;1.041863;-0.406322;-0.635541;1.276568;
0.000640;1.042801;-0.403957;-0.638844;1.296521;
0.000650;1.043326;-0.401383;-0.641943;1.316018;
0.000660;1.043448;-0.398606;-0.644841;1.335049;
0.000670;1.043175;-0.395632;-0.647543;1.353606;
0.000680;1.042519;-0.392466;-0.650052;1.371682;
0.000690;1.041487;-0.389115;-0.652372;1.389271;
0.000700;1.040092;-0.385585;-0.654507;1.406365;
0.000710;1.038341;-0.381881;-0.656461;1.422959;
0.000720;1.036247;-0.378009;-0.658237;1.439049;
0.000730;1.033818;-0.373976;-0.659841;1.454629;
0.000740;1.031065;-0.369788;-0.661277;1.469697;
0.000750;1.027999;-0.365451;-0.662548;1.484249;
0.000760;1.024629;-0.360970;-0.663659;1.498283;
0.000770;1.020967;-0.356352;-0.664615;1.511797;
0.000780;1.017023;-0.351603;-0.665420;1.524790;
0.000790;1.012806;-0.346728;-0.666078;1.537260;
0.000800;1.008328;-0.341735;-0.666593;1.549207;
0.000810;1.003599;-0.336628;-0.666971;1.560633;
0.000820;0.998630;-0.331413;-0.667216;1.571536;
0.000830;0.993430;-0.326098;-0.667333;1.581919;
0.000840;0.988011;-0.320686;-0.667325;1.591784;
0.000850;0.982382;-0.315184;-0.667197;1.601133;
0.000860;0.976553;-0.309598;-0.666955;1.609967;
0.000870;0.970536;-0.303933;-0.666603;1.618291;
0.000880;0.964339;-0.298195;-0.666144;1.626108;
0.000890;0.957974;-0.292390;-0.665584;1.633422;
0.000900;0.951449;-0.286522;-0.664927;1.640237;
0.000910;0.944775;-0.280597;-0.664178;1.646557;
0.000920;0.937962;-0.274621;-0.663341;1.652389;
0.000930;0.931019;-0.268598;-0.662420;1.657737;
0.000940;0.923955;-0.262534;-0.661420;1.662607;
0.000950;0.916780;-0.256434;-0.660346;1.667005;
0.000960;0.909503;-0.250302;-0.659201;1.670938;
0.000970;0.902133;-0.244143;-0.657989;1.674412;
0.000980;0.894679;-0.237963;-0.656716;1.677434;
0.000990;0.887150;-0.231765;-0.655385;1.680012;
0.001000;0.879555;-0.225555;-0.654000;1.682152;
0.001010;0.871901;-0.219336;-0.652565;1.683864;
0.001020;0.864198;-0.213113;-0.651085;1.685153;
0.001030;0.856453;-0.206890;-0.649563;1.686030;
0.001040;0.848675;-0.200672;-0.648003;1.686501;
0.001050;0.840870;-0.194462;-0.646409;1.686577;
0.001060;0.833047;-0.188263;-0.644784;1.686264;
0.001070;0.825214;-0.182081;-0.643133;1.685573;
0.001080;0.817376;-0.175918;-0.641458;1.684511;
0.001090;0.809542;-0.169778;-0.639764;1.683089;
0.001100;0.801719;-0.163665;-0.638054;1.681316;
0.001110;0.793912;-0.157581;-0.636331;1.679200;
0.001120;0.786128;-0.151530;-0.634598;1.676752;
0.001130;0.778375;-0.145516;-0.632859;1.673980;
0.001140;0.770657;-0.139540;-0.631117;1.670895;
0.001150;0.762980;-0.133606;-0.629374;1.667506;
0.001160;0.755351;-0.127716;-0.627634;1.663822;
0.001170;0.747774;-0.121874;-0.625900;1.659855;
0.001180;0.740256;-0.116081;-0.624174;1.655612;
0.001190;0.732800;-0.110341;-0.622460;1.651104;
0.001200;0.725413;-0.104654;-0.620758;1.646342;
0.001210;0.718098;-0.099024;-0.619074;1.641334;
0.001220;0.710860;-0.093453;-0.617407;1.636090;
0.001230;0.703704;-0.087942;-0.615762;1.630620;
0.001240;0.696633;-0.082493;-0.614140;1.624934;
0.001250;0.689651;-0.077108;-0.612544;1.619041;
0.001260;0.682763;-0.071788;-0.610975;1.612952;
0.001270;0.675971;-0.066536;-0.609435;1.606675;
0.001280;0.669278;-0.061351;-0.607927;1.600220;
0.001290;0.662689;-0.056237;-0.606452;1.593596;
0.001300;0.656206;-0.051193;-0.605012;1.586814;
0.001310;0.649831;-0.046222;-0.603609;1.579881;
0.001320;0.643567;-0.041323;-0.602244;1.572807;
0.001330;0.637416;-0.036498;-0.600918;1.565602;
0.001340;0.631382;-0.031748;-0.599634;1.558273;
0.001350;0.625465;-0.027072;-0.598392;1.550830;
0.001360;0.619667;-0.022473;-0.597194;1.543282;
0.001370;0.613990;-0.017950;-0.596040;1.535637;
0.001380;0.608436;-0.013504;-0.594932;1.527904;
0.001390;0.603006;-0.009135;-0.593872;1.520090;
0.001400;0.597701;-0.004843;-0.592858;1.512204;
0.001410;0.592522;-0.000628;-0.591894;1.504254;
0.001420;0.587470;0.003509;-0.590978;1.496247;
0.001430;0.582545;0.007568;-0.590113;1.488192;
0.001440;0.577748;0.011550;-0.589298;1.480096;
0.001450;0.573080;0.015455;-0.588535;1.471966;
0.001460;0.568540;0.019283;-0.587823;1.463809;
0.001470;0.564129;0.023034;-0.587163;1.455633;
0.001480;0.559846;0.026709;-0.586555;1.447444;
0.001490;0.555692;0.030308;-0.586000;1.439248;
0.001500;0.551666;0.033831;-0.585497;1.431054;
0.001510;0.547768;0.037280;-0.585048;1.422865;
0.001520;0.543996;0.040654;-0.584651;1.414690;
0.001530;0.540352;0.043955;-0.584307;1.406533;
0.001540;0.536832;0.047184;-0.584016;1.398401;
0.001550;0.533438;0.050340;-0.583778;1.390299;
0.001560;0.530167;0.053426;-0.583592;1.382233;
0.001570;0.527018;0.056441;-0.583459;1.374207;
0.001580;0.523991;0.059387;-0.583378;1.366227;
0.001590;0.521084;0.062265;-0.583349;1.358297;
0.001600;0.518295;0.065075;-0.583370;1.350423;
0.001610;0.515623;0.067820;-0.583443;1.342608;
0.001620;0.513067;0.070499;-0.583566;1.334857;
0.001630;0.510624;0.073115;-0.583740;1.327174;
0.001640;0.508294;0.075668;-0.583962;1.319562;
0.001650;0.506073;0.078160;-0.584233;1.312027;
0.001660;0.503961;0.080591;-0.584552;1.304570;
0.001670;0.501955;0.082964;-0.584919;1.297196;
0.001680;0.500053;0.085279;-0.585332;1.289907;
0.001690;0.498253;0.087538;-0.585791;1.282707;
0.001700;0.496554;0.089742;-0.586295;1.275599;
0.001710;0.494952;0.091892;-0.586844;1.268584;
0.001720;0.493446;0.093990;-0.587436;1.261666;
0.001730;0.492033;0.096037;-0.588070;1.254846;
0.001740;0.490710;0.098036;-0.588746;1.248128;
0.001750;0.489477;0.099986;-0.589463;1.241512;
0.001760;0.488330;0.101889;-0.590219;1.235001;
0.001770;0.487266;0.103748;-0.591014;1.228596;
0.001780;0.486284;0.105563;-0.591847;1.222298;
0.001790;0.485380;0.107336;-0.592717;1.216110;
0.001800;0.484553;0.109069;-0.593622;1.210031;
0.001810;0.483800;0.110762;-0.594562;1.204064;
0.001820;0.483118;0.112418;-0.595536;1.198208;
0.001830;0.482504;0.114037;-0.596541;1.192466;
0.001840;0.481957;0.115622;-0.597579;1.186836;
0.001850;0.481473;0.117173;-0.598646;1.181320;
0.001860;0.481050;0.118693;-0.599743;1.175917;
0.001870;0.480686;0.120182;-0.600868;1.170629;
0.001880;0.480377;0.121643;-0.602020;1.165454;
0.001890;0.480122;0.123076;-0.603197;1.160394;
0.001900;0.479917;0.124482;-0.604400;1.155447;
0.001910;0.479761;0.125864;-0.605625;1.150613;
0.001920;0.479650;0.127223;-0.606873;1.145892;
0.001930;0.479582;0.128560;-0.608143;1.141283;
0.001940;0.479555;0.129877;-0.609432;1.136786;
0.001950;0.479566;0.131174;-0.610740;1.132399;
0.001960;0.479613;0.132454;-0.612067;1.128122;
0.001970;0.479693;0.133717;-0.613410;1.123953;
0.001980;0.479803;0.134965;-0.614768;1.119893;
0.001990;0.479942;0.136199;-0.616141;1.115939;
0.002000;0.480107;0.137420;-0.617528;1.112089;
0.002010;0.480296;0.138630;-0.618926;1.108344;
0.002020;0.480506;0.139830;-0.620336;1.104701;
0.002030;0.480735;0.141021;-0.621756;1.101159;
0.002040;0.480980;0.142204;-0.623185;1.097716;
0.002050;0.481241;0.143381;-0.624622;1.094370;
0.002060;0.481514;0.144552;-0.626065;1.091120;
0.002070;0.481797;0.145718;-0.627515;1.087965;
0.002080;0.482088;0.146881;-0.628970;1.084901;
0.002090;0.482386;0.148042;-0.630428;1.081927;
0.002100;0.482688;0.149202;-0.631890;1.079042;
0.002110;0.482991;0.150361;-0.633353;1.076243;
0.002120;0.483296;0.151521;-0.634817;1.073528;
0.002130;0.483598;0.152683;-0.636281;1.070895;
0.002140;0.483897;0.153847;-0.637744;1.068342;
0.002150;0.484191;0.155015;-0.639206;1.065867;
0.002160;0.484478;0.156187;-0.640665;1.063467;
0.002170;0.484756;0.157364;-0.642120;1.061140;
0.002180;0.485024;0.158547;-0.643571;1.058884;
0.002190;0.485280;0.159736;-0.645016;1.056697;
0.002200;0.485522;0.160933;-0.646456;1.054576;
0.002210;0.485750;0.162138;-0.647888;1.052519;
0.002220;0.485961;0.163352;-0.649313;1.050524;
0.002230;0.486154;0.164576;-0.650730;1.048588;
0.002240;0.486328;0.165810;-0.652137;1.046709;
0.002250;0.486481;0.167054;-0.653535;1.044884;
0.002260;0.486613;0.168310;-0.654922;1.043111;
0.002270;0.486721;0.169577;-0.656299;1.041389;
0.002280;0.486806;0.170857;-0.657663;1.039713;
0.002290;0.486865;0.172150;-0.659015;1.038082;
0.002300;0.486898;0.173456;-0.660354;1.036494;
0.002310;0.486904;0.174776;-0.661679;1.034946;
0.002320;0.486881;0.176109;-0.662991;1.033436;
0.002330;0.486829;0.177458;-0.664287;1.031961;
0.002340;0.486748;0.178821;-0.665569;1.030520;
0.002350;0.486635;0.180200;-0.666835;1.029109;
0.002360;0.486490;0.181594;-0.668084;1.027727;
0.002370;0.486314;0.183004;-0.669317;1.026371;
0.002380;0.486104;0.184429;-0.670533;1.025038;
0.002390;0.485861;0.185871;-0.671732;1.023728;
0.002400;0.485583;0.187330;-0.672913;1.022437;
0.002410;0.485271;0.188805;-0.674076;1.021163;
0.002420;0.484923;0.190297;-0.675220;1.019905;
0.002430;0.484539;0.191806;-0.676345;1.018659;
0.002440;0.484120;0.193332;-0.677452;1.017425;
0.002450;0.483664;0.194875;-0.678539;1.016199;
0.002460;0.483171;0.196435;-0.679606;1.014980;
0.002470;0.482641;0.198012;-0.680653;1.013766;
0.002480;0.482074;0.199607;-0.681681;1.012555;
0.002490;0.481469;0.201218;-0.682688;1.011345;
0.002500;0.480827;0.202847;-0.683674;1.010134;
0.002510;0.480147;0.204493;-0.684640;1.008920;
0.002520;0.479428;0.206156;-0.685585;1.007702;
0.002530;0.478672;0.207837;-0.686509;1.006477;
0.002540;0.477878;0.209534;-0.687412;1.005244;
0.002550;0.477046;0.211248;-0.688294;1.004002;
0.002560;0.476177;0.212978;-0.689155;1.002748;
0.002570;0.475269;0.214725;-0.689994;1.001481;
0.002580;0.474324;0.216489;-0.690812;1.000200;
0.002590;0.473341;0.218268;-0.691609;0.998903;
0.002600;0.472321;0.220064;-0.692385;0.997588;
0.002610;0.471263;0.221875;-0.693139;0.996255;
0.002620;0.470169;0.223702;-0.693871;0.994901;
0.002630;0.469038;0.225545;-0.694583;0.993526;
0.002640;0.467871;0.227402;-0.695273;0.992128;
0.002650;0.466668;0.229274;-0.695942;0.990706;
0.002660;0.465429;0.231161;-0.696590;0.989259;
0.002670;0.464155;0.233062;-0.697217;0.987785;
0.002680;0.462846;0.234977;-0.697823;0.986285;
0.002690;0.461502;0.236906;-0.698408;0.984755;
0.002700;0.460124;0.238848;-0.698972;0.983197;
0.002710;0.458713;0.240803;-0.699516;0.981607;
0.002720;0.457268;0.242771;-0.700039;0.979987;
0.002730;0.455791;0.244752;-0.700542;0.978334;
0.002740;0.454281;0.246744;-0.701025;0.976649;
0.002750;0.452740;0.248749;-0.701488;0.974930;
0.002760;0.451167;0.250764;-0.701931;0.973176;
0.002770;0.449564;0.252791;-0.702355;0.971387;
0.002780;0.447931;0.254828;-0.702759;0.969563;
0.002790;0.446269;0.256876;-0.703144;0.967702;
0.002800;0.444577;0.258933;-0.703510;0.965804;
0.002810;0.442857;0.261000;-0.703858;0.963869;
0.002820;0.441110;0.263076;-0.704186;0.961896;
0.002830;0.439335;0.265161;-0.704497;0.959885;
0.002840;0.437534;0.267255;-0.704789;0.957835;
0.002850;0.435707;0.269356;-0.705064;0.955747;
0.002860;0.433855;0.271465;-0.705321;0.953619;
0.002870;0.431979;0.273582;-0.705560;0.951451;
0.002880;0.430078;0.275705;-0.705783;0.949244;
0.002890;0.428154;0.277834;-0.705989;0.946997;
0.002900;0.426208;0.279970;-0.706178;0.944709;
0.002910;0.424239;0.282112;-0.706351;0.942382;
0.002920;0.422249;0.284258;-0.706508;0.940014;
0.002930;0.420239;0.286410;-0.706649;0.937606;
0.002940;0.418208;0.288566;-0.706774;0.935158;
0.002950;0.416158;0.290726;-0.706885;0.932669;
0.002960;0.414090;0.292890;-0.706980;0.930140;
0.002970;0.412003;0.295058;-0.707061;0.927571;
0.002980;0.409899;0.297228;-0.707128;0.924962;
0.002990;0.407779;0.299401;-0.707180;0.922313;
0.003000;0.405642;0.301577;-0.707218;0.919624;
0.003010;0.403490;0.303754;-0.707243;0.916896;
0.003020;0.401322;0.305933;-0.707255;0.914129;
0.003030;0.399141;0.308113;-0.707254;0.911322;
0.003040;0.396946;0.310294;-0.707240;0.908477;
0.003050;0.394739;0.312475;-0.707214;0.905593;
0.003060;0.392519;0.314656;-0.707175;0.902671;
0.003070;0.390287;0.316838;-0.707125;0.899712;
0.003080;0.388044;0.319018;-0.707063;0.896715;
0.003090;0.385791;0.321198;-0.706989;0.893680;
0.003100;0.383528;0.323377;-0.706905;0.890610;
0.003110;0.381255;0.325554;-0.706809;0.887503;
0.003120;0.378974;0.327729;-0.706703;0.884360;
0.003130;0.376685;0.329903;-0.706587;0.881183;
0.003140;0.374388;0.332073;-0.706461;0.877970;
0.003150;0.372083;0.334242;-0.706325;0.874723;
0.003160;0.369773;0.336407;-0.706179;0.871442;
0.003170;0.367456;0.338569;-0.706025;0.868129;
0.003180;0.365134;0.340727;-0.705861;0.864782;
0.003190;0.362806;0.342881;-0.705688;0.861403;
0.003200;0.360475;0.345032;-0.705506;0.857993;
0.003210;0.358139;0.347178;-0.705317;0.854551;
0.003220;0.355799;0.349319;-0.705119;0.851079;
0.003230;0.353457;0.351456;-0.704913;0.847577;
0.003240;0.351111;0.353588;-0.704699;0.844046;
0.003250;0.348764;0.355714;-0.704478;0.840487;
0.003260;0.346415;0.357835;-0.704250;0.836899;
0.003270;0.344064;0.359950;-0.704014;0.833283;
0.003280;0.341712;0.362060;-0.703772;0.829641;
0.003290;0.339360;0.364163;-0.703523;0.825973;
0.003300;0.337007;0.366260;-0.703267;0.822279;
0.003310;0.334655;0.368350;-0.703005;0.818560;
0.003320;0.332303;0.370434;-0.702737;0.814817;
0.003330;0.329952;0.372511;-0.702463;0.811050;
0.003340;0.327601;0.374581;-0.702183;0.807260;
0.003350;0.325253;0.376644;-0.701897;0.803447;
0.003360;0.322906;0.378700;-0.701606;0.799613;
0.003370;0.320561;0.380748;-0.701310;0.795757;
0.003380;0.318219;0.382789;-0.701008;0.791881;
0.003390;0.315879;0.384822;-0.700701;0.787986;
0.003400;0.313542;0.386848;-0.700389;0.784070;
0.003410;0.311208;0.388865;-0.700073;0.780137;
0.003420;0.308877;0.390874;-0.699751;0.776185;
0.003430;0.306550;0.392876;-0.699425;0.772215;
0.003440;0.304226;0.394869;-0.699095;0.768229;
0.003450;0.301907;0.396853;-0.698760;0.764227;
0.003460;0.299591;0.398830;-0.698421;0.760209;
0.003470;0.297280;0.400798;-0.698078;0.756176;
0.003480;0.294973;0.402757;-0.697731;0.752128;
0.003490;0.292671;0.404708;-0.697380;0.748067;
0.003500;0.290374;0.406650;-0.697024;0.743992;
0.003510;0.288081;0.408584;-0.696665;0.739905;
0.003520;0.285794;0.410509;-0.696303;0.735806;
0.003530;0.283511;0.412425;-0.695936;0.731694;
0.003540;0.281234;0.414332;-0.695566;0.727572;
0.003550;0.278962;0.416231;-0.695193;0.723439;
0.003560;0.276695;0.418120;-0.694816;0.719297;
0.003570;0.274434;0.420001;-0.694435;0.715144;
0.003580;0.272178;0.421873;-0.694051;0.710983;
0.003590;0.269928;0.423736;-0.693664;0.706813;
0.003600;0.267683;0.425590;-0.693273;0.702635;
0.003610;0.265444;0.427435;-0.692879;0.698450;
0.003620;0.263210;0.429271;-0.692481;0.694258;
0.003630;0.260982;0.431099;-0.692081;0.690058;
0.003640;0.258760;0.432917;-0.691677;0.685853;
0.003650;0.256543;0.434727;-0.691270;0.681642;
0.003660;0.254332;0.436528;-0.690859;0.677425;
0.003670;0.252126;0.438320;-0.690446;0.673204;
0.003680;0.249926;0.440103;-0.690029;0.668978;
0.003690;0.247732;0.441877;-0.689609;0.664748;
0.003700;0.245543;0.443643;-0.689186;0.660514;
0.003710;0.243359;0.445400;-0.688759;0.656277;
0.003720;0.241181;0.447148;-0.688329;0.652036;
0.003730;0.239008;0.448888;-0.687896;0.647793;
0.003740;0.236841;0.450619;-0.687460;0.643548;
0.003750;0.234678;0.452342;-0.687020;0.639300;
0.003760;0.232521;0.454056;-0.686578;0.635051;
0.003770;0.230369;0.455762;-0.686131;0.630800;
0.003780;0.228222;0.457460;-0.685682;0.626548;
0.003790;0.226080;0.459149;-0.685229;0.622295;
0.003800;0.223942;0.460830;-0.684772;0.618041;
0.003810;0.221810;0.462503;-0.684312;0.613787;
0.003820;0.219681;0.464167;-0.683849;0.609533;
0.003830;0.217558;0.465824;-0.683382;0.605279;
0.003840;0.215438;0.467473;-0.682911;0.601025;
0.003850;0.213323;0.469114;-0.682437;0.596771;
0.003860;0.211212;0.470747;-0.681959;0.592519;
0.003870;0.209106;0.472372;-0.681478;0.588267;
0.003880;0.207003;0.473990;-0.680992;0.584016;
0.003890;0.204903;0.475599;-0.680503;0.579766;
0.003900;0.202808;0.477202;-0.680010;0.575518;
0.003910;0.200716;0.478797;-0.679513;0.571271;
0.003920;0.198627;0.480384;-0.679012;0.567026;
0.003930;0.196542;0.481965;-0.678506;0.562783;
0.003940;0.194460;0.483538;-0.677997;0.558541;
0.003950;0.192380;0.485103;-0.677484;0.554302;
0.003960;0.190304;0.486662;-0.676966;0.550064;
0.003970;0.188231;0.488214;-0.676444;0.545829;
0.003980;0.186160;0.489758;-0.675918;0.541596;
0.003990;0.184091;0.491296;-0.675387;0.537365;
0.004000;0.182025;0.492827;-0.674852;0.533137;
0.004010;0.179961;0.494352;-0.674313;0.528911;
0.004020;0.177899;0.495869;-0.673768;0.524687;
0.004030;0.175839;0.497381;-0.673219;0.520466;
0.004040;0.173781;0.498885;-0.672666;0.516248;
0.004050;0.171724;0.500384;-0.672107;0.512032;
0.004060;0.169669;0.501875;-0.671544;0.507819;
0.004070;0.167615;0.503361;-0.670976;0.503608;
0.004080;0.165562;0.504840;-0.670403;0.499400;
0.004090;0.163511;0.506314;-0.669825;0.495194;
0.004100;0.161460;0.507781;-0.669241;0.490991;
0.004110;0.159411;0.509242;-0.668653;0.486791;
0.004120;0.157362;0.510697;-0.668059;0.482593;
0.004130;0.155314;0.512147;-0.667460;0.478397;
0.004140;0.153266;0.513590;-0.666856;0.474204;
0.004150;0.151218;0.515028;-0.666246;0.470014;
0.004160;0.149171;0.516460;-0.665631;0.465825;
0.004170;0.147123;0.517887;-0.665010;0.461639;
0.004180;0.145076;0.519308;-0.664384;0.457456;
0.004190;0.143029;0.520723;-0.663752;0.453274;
0.004200;0.140981;0.522134;-0.663115;0.449095;
0.004210;0.138933;0.523538;-0.662471;0.444917;
0.004220;0.136884;0.524938;-0.661822;0.440742;
0.004230;0.134835;0.526332;-0.661167;0.436569;
0.004240;0.132785;0.527720;-0.660506;0.432397;
0.004250;0.130735;0.529104;-0.659839;0.428227;
0.004260;0.128683;0.530483;-0.659166;0.424059;
0.004270;0.126631;0.531856;-0.658487;0.419893;
0.004280;0.124577;0.533225;-0.657802;0.415728;
0.004290;0.122522;0.534588;-0.657110;0.411564;
0.004300;0.120466;0.535946;-0.656412;0.407402;
0.004310;0.118409;0.537300;-0.655709;0.403240;
0.004320;0.116350;0.538649;-0.654998;0.399080;
0.004330;0.114289;0.539992;-0.654282;0.394921;
0.004340;0.112227;0.541331;-0.653559;0.390763;
0.004350;0.110164;0.542665;-0.652829;0.386606;
0.004360;0.108098;0.543995;-0.652093;0.382449;
0.004370;0.106031;0.545320;-0.651351;0.378293;
0.004380;0.103962;0.546640;-0.650602;0.374138;
0.004390;0.101891;0.547955;-0.649846;0.369983;
0.004400;0.099818;0.549266;-0.649084;0.365828;
0.004410;0.097743;0.550572;-0.648315;0.361673;
0.004420;0.095666;0.551873;-0.647540;0.357518;
0.004430;0.093587;0.553170;-0.646757;0.353364;
0.004440;0.091506;0.554463;-0.645968;0.349209;
0.004450;0.089422;0.555751;-0.645172;0.345054;
0.004460;0.087336;0.557034;-0.644370;0.340898;
0.004470;0.085248;0.558313;-0.643560;0.336742;
0.004480;0.083157;0.559587;-0.642744;0.332586;
0.004490;0.081064;0.560857;-0.641921;0.328429;
0.004500;0.078969;0.562122;-0.641091;0.324271;
0.004510;0.076871;0.563383;-0.640254;0.320112;
0.004520;0.074770;0.564639;-0.639410;0.315952;
0.004530;0.072668;0.565891;-0.638559;0.311791;
0.004540;0.070562;0.567138;-0.637701;0.307629;
0.004550;0.068455;0.568381;-0.636836;0.303466;
0.004560;0.066344;0.569620;-0.635964;0.299301;
0.004570;0.064232;0.570854;-0.635085;0.295135;
0.004580;0.062116;0.572083;-0.634199;0.290968;
0.004590;0.059998;0.573308;-0.633306;0.286799;
0.004600;0.057878;0.574529;-0.632406;0.282628;
0.004610;0.055755;0.575744;-0.631499;0.278455;
0.004620;0.053629;0.576956;-0.630585;0.274280;
0.004630;0.051501;0.578163;-0.629664;0.270104;
0.004640;0.049371;0.579365;-0.628736;0.265925;
0.004650;0.047238;0.580563;-0.627801;0.261745;
0.004660;0.045102;0.581756;-0.626859;0.257562;
0.004670;0.042964;0.582945;-0.625909;0.253377;
0.004680;0.040824;0.584129;-0.624953;0.249189;
0.004690;0.038681;0.585309;-0.623990;0.245000;
0.004700;0.036535;0.586484;-0.623019;0.240807;
0.004710;0.034388;0.587654;-0.622042;0.236613;
0.004720;0.032238;0.588820;-0.621057;0.232415;
0.004730;0.030085;0.589981;-0.620066;0.228216;
0.004740;0.027930;0.591137;-0.619067;0.224013;
0.004750;0.025773;0.592288;-0.618062;0.219808;
0.004760;0.023614;0.593435;-0.617049;0.215600;
0.004770;0.021453;0.594577;-0.616030;0.211389;
0.004780;0.019289;0.595714;-0.615003;0.207176;
0.004790;0.017123;0.596847;-0.613970;0.202959;
0.004800;0.014955;0.597974;-0.612930;0.198740;
0.004810;0.012786;0.599097;-0.611882;0.194518;
0.004820;0.010614;0.600215;-0.610828;0.190293;
0.004830;0.008440;0.601327;-0.609767;0.186065;
0.004840;0.006264;0.602435;-0.608699;0.181834;
0.004850;0.004086;0.603538;-0.607625;0.177599;
0.004860;0.001907;0.604636;-0.606543;0.173362;
0.004870;-0.000274;0.605729;-0.605455;0.169122;
0.004880;-0.002457;0.606816;-0.604359;0.164879;
0.004890;-0.004642;0.607899;-0.603257;0.160632;
0.004900;-0.006828;0.608977;-0.602149;0.156383;
0.004910;-0.009016;0.610049;-0.601033;0.152130;
0.004920;-0.011205;0.611116;-0.599911;0.147875;
0.004930;-0.013396;0.612178;-0.598782;0.143616;
0.004940;-0.015588;0.613234;-0.597647;0.139354;
0.004950;-0.017781;0.614286;-0.596505;0.135090;
0.004960;-0.019976;0.615332;-0.595356;0.130822;
0.004970;-0.022172;0.616372;-0.594201;0.126551;
0.004980;-0.024369;0.617408;-0.593039;0.122277;
0.004990;-0.026567;0.618437;-0.591870;0.118000;
0.005000;-0.028766;0.619462;-0.590696;0.113720;
0.005010;-0.030966;0.620481;-0.589514;0.109438;
0.005020;-0.033168;0.621494;-0.588326;0.105152;
0.005030;-0.035370;0.622502;-0.587132;0.100863;
0.005040;-0.037572;0.623504;-0.585932;0.096572;
0.005050;-0.039776;0.624501;-0.584725;0.092278;
0.005060;-0.041980;0.625491;-0.583511;0.087980;
0.005070;-0.044185;0.626477;-0.582292;0.083681;
0.005080;-0.046391;0.627456;-0.581066;0.079378;
0.005090;-0.048597;0.628430;-0.579833;0.075073;
0.005100;-0.050803;0.629398;-0.578595;0.070765;
0.005110;-0.053010;0.630360;-0.577350;0.066454;
0.005120;-0.055217;0.631317;-0.576100;0.062141;
0.005130;-0.057424;0.632267;-0.574843;0.057825;
0.005140;-0.059632;0.633212;-0.573580;0.053507;
0.005150;-0.061839;0.634150;-0.572311;0.049187;
0.005160;-0.064047;0.635083;-0.571036;0.044864;
0.005170;-0.066255;0.636010;-0.569755;0.040539;
0.005180;-0.068463;0.636930;-0.568467;0.036212;
0.005190;-0.070670;0.637845;-0.567174;0.031882;
0.005200;-0.072878;0.638753;-0.565875;0.027551;
0.005210;-0.075085;0.639656;-0.564570;0.023217;
0.005220;-0.077292;0.640552;-0.563260;0.018881;
0.005230;-0.079499;0.641442;-0.561943;0.014544;
0.005240;-0.081705;0.642326;-0.560621;0.010204;
0.005250;-0.083911;0.643204;-0.559293;0.005863;
0.005260;-0.086116;0.644075;-0.557959;0.001520;
0.005270;-0.088321;0.644940;-0.556619;-0.002825;
0.005280;-0.090525;0.645799;-0.555274;-0.007171;
0.005290;-0.092729;0.646652;-0.553923;-0.011519;
0.005300;-0.094932;0.647498;-0.552566;-0.015868;
0.005310;-0.097134;0.648337;-0.551204;-0.020218;
0.005320;-0.099335;0.649171;-0.549836;-0.024570;
0.005330;-0.101535;0.649998;-0.548462;-0.028923;
0.005340;-0.103735;0.650818;-0.547083;-0.033278;
0.005350;-0.105933;0.651632;-0.545699;-0.037633;
0.005360;-0.108131;0.652440;-0.544309;-0.041989;
0.005370;-0.110327;0.653241;-0.542914;-0.046347;
0.005380;-0.112522;0.654035;-0.541513;-0.050705;
0.005390;-0.114717;0.654823;-0.540107;-0.055064;
0.005400;-0.116909;0.655605;-0.538695;-0.059423;
0.005410;-0.119101;0.656380;-0.537279;-0.063783;
0.005420;-0.121291;0.657148;-0.535856;-0.068144;
0.005430;-0.123480;0.657909;-0.534429;-0.072505;
0.005440;-0.125668;0.658664;-0.532996;-0.076867;
0.005450;-0.127854;0.659412;-0.531558;-0.081229;
0.005460;-0.130039;0.660154;-0.530115;-0.085591;
0.005470;-0.132222;0.660889;-0.528667;-0.089953;
0.005480;-0.134403;0.661617;-0.527214;-0.094315;
0.005490;-0.136583;0.662338;-0.525755;-0.098677;
0.005500;-0.138762;0.663053;-0.524291;-0.103040;
0.005510;-0.140938;0.663761;-0.522823;-0.107402;
0.005520;-0.143113;0.664462;-0.521349;-0.111763;
0.005530;-0.145286;0.665156;-0.519870;-0.116125;
0.005540;-0.147458;0.665844;-0.518386;-0.120486;
0.005550;-0.149627;0.666524;-0.516897;-0.124846;
0.005560;-0.151795;0.667198;-0.515403;-0.129206;
0.005570;-0.153961;0.667865;-0.513904;-0.133565;
0.005580;-0.156125;0.668525;-0.512401;-0.137924;
0.005590;-0.158287;0.669179;-0.510892;-0.142282;
0.005600;-0.160447;0.669825;-0.509378;-0.146638;
0.005610;-0.162605;0.670465;-0.507860;-0.150994;
0.005620;-0.164760;0.671097;-0.506337;-0.155349;
0.005630;-0.166914;0.671723;-0.504809;-0.159703;
0.005640;-0.169066;0.672342;-0.503276;-0.164055;
0.005650;-0.171216;0.672954;-0.501738;-0.168407;
0.005660;-0.173363;0.673559;-0.500196;-0.172756;
0.005670;-0.175508;0.674157;-0.498649;-0.177105;
0.005680;-0.177651;0.674748;-0.497097;-0.181452;
0.005690;-0.179792;0.675332;-0.495540;-0.185797;
0.005700;-0.181930;0.675909;-0.493979;-0.190141;
0.005710;-0.184066;0.676479;-0.492413;-0.194483;
0.005720;-0.186200;0.677043;-0.490842;-0.198824;
0.005730;-0.188332;0.677599;-0.489267;-0.203162;
0.005740;-0.190461;0.678148;-0.487687;-0.207499;
0.005750;-0.192588;0.678691;-0.486103;-0.211833;
0.005760;-0.194712;0.679226;-0.484514;-0.216166;
0.005770;-0.196834;0.679754;-0.482920;-0.220496;
0.005780;-0.198954;0.680276;-0.481322;-0.224824;
0.005790;-0.201071;0.680790;-0.479719;-0.229150;
0.005800;-0.203185;0.681297;-0.478112;-0.233474;
0.005810;-0.205297;0.681798;-0.476500;-0.237795;
0.005820;-0.207407;0.682291;-0.474884;-0.242114;
0.005830;-0.209514;0.682777;-0.473264;-0.246430;
0.005840;-0.211618;0.683257;-0.471638;-0.250744;
0.005850;-0.213720;0.683729;-0.470009;-0.255055;
0.005860;-0.215819;0.684194;-0.468375;-0.259363;
0.005870;-0.217916;0.684653;-0.466737;-0.263668;
0.005880;-0.220010;0.685104;-0.465094;-0.267971;
0.005890;-0.222102;0.685548;-0.463447;-0.272271;
0.005900;-0.224190;0.685986;-0.461795;-0.276568;
0.005910;-0.226276;0.686416;-0.460139;-0.280862;
0.005920;-0.228360;0.686839;-0.458479;-0.285152;
0.005930;-0.230441;0.687255;-0.456815;-0.289440;
0.005940;-0.232519;0.687665;-0.455146;-0.293724;
0.005950;-0.234594;0.688067;-0.453473;-0.298005;
0.005960;-0.236666;0.688462;-0.451796;-0.302283;
0.005970;-0.238736;0.688850;-0.450114;-0.306558;
0.005980;-0.240803;0.689231;-0.448428;-0.310829;
0.005990;-0.242867;0.689605;-0.446738;-0.315097;
0.006000;-0.244929;0.689973;-0.445044;-0.319361;
0.006010;-0.246988;0.690333;-0.443345;-0.323622;
0.006020;-0.249043;0.690686;-0.441643;-0.327879;
0.006030;-0.251096;0.691032;-0.439936;-0.332132;
0.006040;-0.253147;0.691371;-0.438225;-0.336382;
0.006050;-0.255194;0.691703;-0.436509;-0.340628;
0.006060;-0.257239;0.692029;-0.434790;-0.344870;
0.006070;-0.259280;0.692347;-0.433067;-0.349108;
0.006080;-0.261319;0.692658;-0.431339;-0.353342;
0.006090;-0.263355;0.692962;-0.429607;-0.357573;
0.006100;-0.265388;0.693259;-0.427872;-0.361799;
0.006110;-0.267418;0.693550;-0.426132;-0.366021;
0.006120;-0.269445;0.693833;-0.424388;-0.370240;
0.006130;-0.271469;0.694109;-0.422640;-0.374454;
0.006140;-0.273491;0.694378;-0.420888;-0.378664;
0.006150;-0.275509;0.694641;-0.419132;-0.382870;
0.006160;-0.277524;0.694896;-0.417372;-0.387071;
0.006170;-0.279537;0.695145;-0.415608;-0.391269;
0.006180;-0.281546;0.695386;-0.413840;-0.395462;
0.006190;-0.283553;0.695620;-0.412068;-0.399650;
0.006200;-0.285556;0.695848;-0.410292;-0.403834;
0.006210;-0.287556;0.696069;-0.408512;-0.408014;
0.006220;-0.289554;0.696282;-0.406728;-0.412189;
0.006230;-0.291548;0.696489;-0.404941;-0.416360;
0.006240;-0.293540;0.696689;-0.403149;-0.420526;
0.006250;-0.295528;0.696881;-0.401354;-0.424688;
0.006260;-0.297513;0.697067;-0.399554;-0.428844;
0.006270;-0.299495;0.697246;-0.397751;-0.432997;
0.006280;-0.301474;0.697418;-0.395944;-0.437144;
0.006290;-0.303450;0.697583;-0.394133;-0.441287;
0.006300;-0.305423;0.697741;-0.392318;-0.445425;
0.006310;-0.307393;0.697893;-0.390500;-0.449558;
0.006320;-0.309359;0.698037;-0.388677;-0.453686;
0.006330;-0.311323;0.698174;-0.386851;-0.457809;
0.006340;-0.313283;0.698305;-0.385022;-0.461928;
0.006350;-0.315240;0.698428;-0.383188;-0.466041;
0.006360;-0.317194;0.698545;-0.381351;-0.470150;
0.006370;-0.319145;0.698655;-0.379510;-0.474253;
0.006380;-0.321093;0.698757;-0.377665;-0.478352;
0.006390;-0.323037;0.698853;-0.375816;-0.482445;
0.006400;-0.324978;0.698943;-0.373964;-0.486533;
0.006410;-0.326916;0.699025;-0.372108;-0.490616;
0.006420;-0.328851;0.699100;-0.370249;-0.494694;
0.006430;-0.330782;0.699168;-0.368386;-0.498767;
0.006440;-0.332711;0.699230;-0.366519;-0.502834;
0.006450;-0.334636;0.699284;-0.364649;-0.506896;
0.006460;-0.336557;0.699332;-0.362775;-0.510953;
0.006470;-0.338476;0.699373;-0.360898;-0.515004;
0.006480;-0.340391;0.699407;-0.359017;-0.519050;
0.006490;-0.342302;0.699434;-0.357132;-0.523090;
0.006500;-0.344211;0.699454;-0.355244;-0.527126;
0.006510;-0.346116;0.699468;-0.353352;-0.531155;
0.006520;-0.348017;0.699474;-0.351457;-0.535179;
0.006530;-0.349915;0.699474;-0.349559;-0.539198;
0.006540;-0.351810;0.699467;-0.347657;-0.543211;
0.006550;-0.353702;0.699453;-0.345751;-0.547218;
0.006560;-0.355590;0.699432;-0.343842;-0.551220;
0.006570;-0.357474;0.699404;-0.341930;-0.555216;
0.006580;-0.359355;0.699370;-0.340014;-0.559207;
0.006590;-0.361233;0.699328;-0.338095;-0.563192;
0.006600;-0.363107;0.699280;-0.336173;-0.567171;
0.006610;-0.364978;0.699225;-0.334247;-0.571144;
0.006620;-0.366845;0.699163;-0.332318;-0.575111;
0.006630;-0.368708;0.699094;-0.330385;-0.579073;
0.006640;-0.370569;0.699018;-0.328450;-0.583028;
0.006650;-0.372425;0.698936;-0.326511;-0.586978;
0.006660;-0.374278;0.698847;-0.324569;-0.590922;
0.006670;-0.376127;0.698750;-0.322623;-0.594860;
0.006680;-0.377973;0.698647;-0.320674;-0.598792;
0.006690;-0.379815;0.698538;-0.318722;-0.602717;
0.006700;-0.381654;0.698421;-0.316767;-0.606637;
0.006710;-0.383489;0.698298;-0.314809;-0.610551;
0.006720;-0.385320;0.698167;-0.312848;-0.614459;
0.006730;-0.387147;0.698030;-0.310883;-0.618360;
0.006740;-0.388971;0.697886;-0.308915;-0.622255;
0.006750;-0.390791;0.697736;-0.306944;-0.626144;
0.006760;-0.392607;0.697578;-0.304971;-0.630027;
0.006770;-0.394420;0.697414;-0.302994;-0.633904;
0.006780;-0.396229;0.697242;-0.301014;-0.637774;
0.006790;-0.398034;0.697064;-0.299031;-0.641638;
0.006800;-0.399835;0.696880;-0.297045;-0.645495;
0.006810;-0.401632;0.696688;-0.295056;-0.649347;
0.006820;-0.403426;0.696490;-0.293064;-0.653191;
0.006830;-0.405216;0.696285;-0.291069;-0.657030;
0.006840;-0.407001;0.696073;-0.289071;-0.660861;
0.006850;-0.408783;0.695854;-0.287070;-0.664687;
0.006860;-0.410561;0.695628;-0.285067;-0.668505;
0.006870;-0.412335;0.695396;-0.283060;-0.672317;
0.006880;-0.414105;0.695157;-0.281051;-0.676123;
0.006890;-0.415872;0.694911;-0.279039;-0.679922;
0.006900;-0.417634;0.694658;-0.277024;-0.683714;
0.006910;-0.419392;0.694398;-0.275006;-0.687499;
0.006920;-0.421146;0.694132;-0.272986;-0.691278;
0.006930;-0.422896;0.693859;-0.270962;-0.695050;
0.006940;-0.424642;0.693579;-0.268936;-0.698815;
0.006950;-0.426384;0.693292;-0.266908;-0.702574;
0.006960;-0.428122;0.692999;-0.264876;-0.706325;
0.006970;-0.429856;0.692698;-0.262842;-0.710070;
0.006980;-0.431586;0.692391;-0.260806;-0.713807;
0.006990;-0.433311;0.692078;-0.258766;-0.717538;
0.007000;-0.435033;0.691757;-0.256724;-0.721261;
0.007010;-0.436750;0.691430;-0.254680;-0.724978;
0.007020;-0.438463;0.691096;-0.252633;-0.728687;
0.007030;-0.440172;0.690755;-0.250583;-0.732390;
0.007040;-0.441876;0.690407;-0.248531;-0.736085;
0.007050;-0.443576;0.690053;-0.246476;-0.739773;
0.007060;-0.445272;0.689691;-0.244419;-0.743454;
0.007070;-0.446964;0.689324;-0.242360;-0.747128;
0.007080;-0.448651;0.688949;-0.240298;-0.750794;
0.007090;-0.450334;0.688567;-0.238233;-0.754453;
0.007100;-0.452013;0.688179;-0.236166;-0.758105;
0.007110;-0.453687;0.687784;-0.234097;-0.761749;
0.007120;-0.455357;0.687383;-0.232026;-0.765386;
0.007130;-0.457023;0.686974;-0.229952;-0.769016;
0.007140;-0.458684;0.686559;-0.227875;-0.772638;
0.007150;-0.460340;0.686137;-0.225797;-0.776252;
0.007160;-0.461992;0.685709;-0.223716;-0.779859;
0.007170;-0.463640;0.685273;-0.221633;-0.783458;
0.007180;-0.465283;0.684831;-0.219548;-0.787050;
0.007190;-0.466922;0.684382;-0.217460;-0.790634;
0.007200;-0.468556;0.683927;-0.215371;-0.794210;
0.007210;-0.470185;0.683465;-0.213279;-0.797779;
0.007220;-0.471810;0.682996;-0.211185;-0.801340;
0.007230;-0.473431;0.682520;-0.209089;-0.804893;
0.007240;-0.475047;0.682037;-0.206991;-0.808438;
0.007250;-0.476658;0.681548;-0.204891;-0.811976;
0.007260;-0.478264;0.681053;-0.202789;-0.815505;
0.007270;-0.479866;0.680550;-0.200684;-0.819027;
0.007280;-0.481463;0.680041;-0.198578;-0.822541;
0.007290;-0.483055;0.679525;-0.196470;-0.826046;
0.007300;-0.484643;0.679002;-0.194359;-0.829544;
0.007310;-0.486226;0.678473;-0.192247;-0.833033;
0.007320;-0.487804;0.677937;-0.190133;-0.836515;
0.007330;-0.489378;0.677395;-0.188017;-0.839988;
0.007340;-0.490946;0.676845;-0.185899;-0.843453;
0.007350;-0.492510;0.676289;-0.183779;-0.846910;
0.007360;-0.494069;0.675727;-0.181658;-0.850359;
0.007370;-0.495623;0.675158;-0.179535;-0.853799;
0.007380;-0.497172;0.674582;-0.177409;-0.857231;
0.007390;-0.498717;0.673999;-0.175282;-0.860655;
0.007400;-0.500256;0.673410;-0.173154;-0.864070;
0.007410;-0.501791;0.672814;-0.171023;-0.867477;
0.007420;-0.503320;0.672211;-0.168891;-0.870875;
0.007430;-0.504845;0.671602;-0.166757;-0.874265;
0.007440;-0.506365;0.670987;-0.164622;-0.877646;
0.007450;-0.507879;0.670364;-0.162485;-0.881019;
0.007460;-0.509389;0.669735;-0.160346;-0.884383;
0.007470;-0.510894;0.669100;-0.158206;-0.887739;
0.007480;-0.512393;0.668457;-0.156064;-0.891086;
0.007490;-0.513888;0.667809;-0.153921;-0.894424;
0.007500;-0.515377;0.667153;-0.151776;-0.897753;
0.007510;-0.516862;0.666491;-0.149629;-0.901074;
0.007520;-0.518341;0.665823;-0.147481;-0.904386;
0.007530;-0.519815;0.665148;-0.145332;-0.907689;
0.007540;-0.521284;0.664466;-0.143181;-0.910983;
0.007550;-0.522748;0.663778;-0.141029;-0.914268;
0.007560;-0.524207;0.663083;-0.138875;-0.917544;
0.007570;-0.525661;0.662381;-0.136721;-0.920811;
0.007580;-0.527109;0.661673;-0.134564;-0.924070;
0.007590;-0.528552;0.660959;-0.132407;-0.927319;
0.007600;-0.529990;0.660238;-0.130248;-0.930559;
0.007610;-0.531423;0.659510;-0.128087;-0.933790;
0.007620;-0.532850;0.658776;-0.125926;-0.937012;
0.007630;-0.534273;0.658036;-0.123763;-0.940224;
0.007640;-0.535689;0.657289;-0.121599;-0.943428;
0.007650;-0.537101;0.656535;-0.119434;-0.946622;
0.007660;-0.538507;0.655775;-0.117268;-0.949807;
0.007670;-0.539908;0.655008;-0.115100;-0.952982;
0.007680;-0.541304;0.654235;-0.112932;-0.956148;
0.007690;-0.542694;0.653456;-0.110762;-0.959305;
0.007700;-0.544079;0.652670;-0.108591;-0.962453;
0.007710;-0.545458;0.651877;-0.106419;-0.965590;
0.007720;-0.546832;0.651078;-0.104246;-0.968719;
0.007730;-0.548201;0.650273;-0.102072;-0.971838;
0.007740;-0.549564;0.649461;-0.099897;-0.974947;
0.007750;-0.550922;0.648643;-0.097722;-0.978047;
0.007760;-0.552274;0.647819;-0.095545;-0.981137;
0.007770;-0.553621;0.646988;-0.093367;-0.984217;
0.007780;-0.554962;0.646150;-0.091188;-0.987288;
0.007790;-0.556298;0.645306;-0.089009;-0.990349;
0.007800;-0.557628;0.644456;-0.086828;-0.993400;
0.007810;-0.558953;0.643600;-0.084647;-0.996442;
0.007820;-0.560272;0.642737;-0.082465;-0.999473;
0.007830;-0.561585;0.641867;-0.080282;-1.002495;
0.007840;-0.562893;0.640992;-0.078098;-1.005507;
0.007850;-0.564196;0.640110;-0.075914;-1.008509;
0.007860;-0.565493;0.639221;-0.073728;-1.011501;
0.007870;-0.566784;0.638327;-0.071543;-1.014483;
0.007880;-0.568070;0.637426;-0.069356;-1.017456;
0.007890;-0.569350;0.636518;-0.067169;-1.020418;
0.007900;-0.570624;0.635605;-0.064981;-1.023370;
0.007910;-0.571893;0.634685;-0.062792;-1.026312;
0.007920;-0.573156;0.633759;-0.060603;-1.029243;
0.007930;-0.574413;0.632826;-0.058413;-1.032165;
0.007940;-0.575665;0.631887;-0.056223;-1.035076;
0.007950;-0.576910;0.630943;-0.054032;-1.037978;
0.007960;-0.578151;0.629991;-0.051841;-1.040868;
0.007970;-0.579385;0.629034;-0.049649;-1.043749;
0.007980;-0.580614;0.628070;-0.047457;-1.046620;
0.007990;-0.581837;0.627100;-0.045264;-1.049480;
0.008000;-0.583054;0.626124;-0.043070;-1.052329;
0.008010;-0.584265;0.625142;-0.040877;-1.055168;
0.008020;-0.585471;0.624154;-0.038683;-1.057997;
0.008030;-0.586671;0.623159;-0.036488;-1.060816;
0.008040;-0.587864;0.622158;-0.034294;-1.063624;
0.008050;-0.589053;0.621151;-0.032099;-1.066421;
0.008060;-0.590235;0.620138;-0.029903;-1.069208;
0.008070;-0.591411;0.619119;-0.027708;-1.071984;
0.008080;-0.592582;0.618093;-0.025512;-1.074750;
0.008090;-0.593747;0.617062;-0.023315;-1.077505;
0.008100;-0.594905;0.616024;-0.021119;-1.080249;
0.008110;-0.596058;0.614981;-0.018922;-1.082983;
0.008120;-0.597205;0.613931;-0.016726;-1.085706;
0.008130;-0.598346;0.612875;-0.014529;-1.088418;
0.008140;-0.599481;0.611813;-0.012332;-1.091119;
0.008150;-0.600611;0.610745;-0.010135;-1.093810;
0.008160;-0.601734;0.609671;-0.007937;-1.096490;
0.008170;-0.602851;0.608591;-0.005740;-1.099159;
0.008180;-0.603962;0.607505;-0.003543;-1.101817;
0.008190;-0.605068;0.606413;-0.001345;-1.104464;
0.008200;-0.606167;0.605315;0.000852;-1.107101;
0.008210;-0.607261;0.604211;0.003049;-1.109726;
0.008220;-0.608348;0.603101;0.005247;-1.112340;
0.008230;-0.609429;0.601985;0.007444;-1.114944;
0.008240;-0.610504;0.600863;0.009641;-1.117536;
0.008250;-0.611574;0.599735;0.011838;-1.120117;
0.008260;-0.612637;0.598602;0.014035;-1.122688;
0.008270;-0.613694;0.597462;0.016232;-1.125247;
0.008280;-0.614745;0.596316;0.018429;-1.127795;
0.008290;-0.615790;0.595165;0.020625;-1.130331;
0.008300;-0.616829;0.594008;0.022821;-1.132857;
0.008310;-0.617862;0.592844;0.025017;-1.135371;
0.008320;-0.618888;0.591675;0.027213;-1.137875;
0.008330;-0.619909;0.590500;0.029408;-1.140367;
0.008340;-0.620923;0.589320;0.031604;-1.142847;
0.008350;-0.621931;0.588133;0.033798;-1.145316;
0.008360;-0.622933;0.586941;0.035993;-1.147774;
0.008370;-0.623929;0.585742;0.038187;-1.150221;
0.008380;-0.624919;0.584538;0.040381;-1.152656;
0.008390;-0.625903;0.583329;0.042574;-1.155080;
0.008400;-0.626880;0.582113;0.044767;-1.157493;
0.008410;-0.627851;0.580892;0.046960;-1.159894;
0.008420;-0.628816;0.579665;0.049152;-1.162283;
0.008430;-0.629775;0.578432;0.051343;-1.164661;
0.008440;-0.630728;0.577194;0.053534;-1.167027;
0.008450;-0.631674;0.575950;0.055725;-1.169382;
0.008460;-0.632614;0.574700;0.057915;-1.171726;
0.008470;-0.633548;0.573444;0.060104;-1.174058;
0.008480;-0.634476;0.572183;0.062293;-1.176378;
0.008490;-0.635397;0.570916;0.064481;-1.178686;
0.008500;-0.636312;0.569644;0.066668;-1.180983;
0.008510;-0.637221;0.568366;0.068855;-1.183268;
0.008520;-0.638123;0.567082;0.071041;-1.185542;
0.008530;-0.639019;0.565793;0.073227;-1.187803;
0.008540;-0.639909;0.564498;0.075411;-1.190053;
0.008550;-0.640793;0.563197;0.077595;-1.192292;
0.008560;-0.641670;0.561891;0.079779;-1.194518;
0.008570;-0.642541;0.560580;0.081961;-1.196733;
0.008580;-0.643406;0.559263;0.084143;-1.198936;
0.008590;-0.644264;0.557940;0.086323;-1.201127;
0.008600;-0.645116;0.556612;0.088503;-1.203306;
0.008610;-0.645961;0.555279;0.090682;-1.205473;
0.008620;-0.646800;0.553940;0.092861;-1.207628;
0.008630;-0.647633;0.552595;0.095038;-1.209771;
0.008640;-0.648459;0.551245;0.097214;-1.211903;
0.008650;-0.649279;0.549890;0.099389;-1.214022;
0.008660;-0.650093;0.548529;0.101564;-1.216130;
0.008670;-0.650900;0.547163;0.103737;-1.218225;
0.008680;-0.651700;0.545791;0.105910;-1.220308;
0.008690;-0.652495;0.544414;0.108081;-1.222380;
0.008700;-0.653283;0.543031;0.110251;-1.224439;
0.008710;-0.654064;0.541644;0.112420;-1.226486;
0.008720;-0.654839;0.540251;0.114588;-1.228521;
0.008730;-0.655607;0.538852;0.116755;-1.230544;
0.008740;-0.656369;0.537448;0.118921;-1.232554;
0.008750;-0.657125;0.536039;0.121085;-1.234553;
0.008760;-0.657874;0.534625;0.123249;-1.236539;
0.008770;-0.658617;0.533205;0.125411;-1.238513;
0.008780;-0.659353;0.531781;0.127572;-1.240475;
0.008790;-0.660082;0.530350;0.129732;-1.242425;
0.008800;-0.660805;0.528915;0.131890;-1.244362;
0.008810;-0.661522;0.527475;0.134047;-1.246287;
0.008820;-0.662232;0.526029;0.136203;-1.248200;
0.008830;-0.662935;0.524578;0.138357;-1.250100;
0.008840;-0.663632;0.523122;0.140510;-1.251989;
0.008850;-0.664323;0.521660;0.142662;-1.253864;
0.008860;-0.665007;0.520194;0.144812;-1.255728;
0.008870;-0.665684;0.518723;0.146961;-1.257578;
0.008880;-0.666355;0.517246;0.149109;-1.259417;
0.008890;-0.667019;0.515764;0.151255;-1.261243;
0.008900;-0.667676;0.514277;0.153399;-1.263057;
0.008910;-0.668327;0.512785;0.155542;-1.264858;
0.008920;-0.668972;0.511288;0.157683;-1.266647;
0.008930;-0.669610;0.509786;0.159823;-1.268423;
0.008940;-0.670241;0.508279;0.161962;-1.270186;
0.008950;-0.670866;0.506767;0.164098;-1.271937;
0.008960;-0.671484;0.505250;0.166233;-1.273676;
0.008970;-0.672095;0.503728;0.168367;-1.275402;
0.008980;-0.672700;0.502201;0.170499;-1.277115;
0.008990;-0.673298;0.500669;0.172629;-1.278816;
0.009000;-0.673889;0.499132;0.174757;-1.280504;
0.009010;-0.674474;0.497590;0.176884;-1.282180;
0.009020;-0.675052;0.496044;0.179009;-1.283843;
0.009030;-0.675624;0.494492;0.181132;-1.285493;
0.009040;-0.676189;0.492936;0.183253;-1.287131;
0.009050;-0.676747;0.491374;0.185373;-1.288755;
0.009060;-0.677299;0.489808;0.187491;-1.290367;
0.009070;-0.677843;0.488237;0.189606;-1.291967;
0.009080;-0.678382;0.486661;0.191721;-1.293553;
0.009090;-0.678913;0.485080;0.193833;-1.295127;
0.009100;-0.679438;0.483495;0.195943;-1.296688;
0.009110;-0.679956;0.481905;0.198051;-1.298237;
0.009120;-0.680468;0.480310;0.200158;-1.299772;
0.009130;-0.680972;0.478710;0.202262;-1.301295;
0.009140;-0.681470;0.477106;0.204364;-1.302805;
0.009150;-0.681961;0.475497;0.206465;-1.304302;
0.009160;-0.682446;0.473883;0.208563;-1.305786;
0.009170;-0.682924;0.472264;0.210659;-1.307257;
0.009180;-0.683395;0.470641;0.212754;-1.308715;
0.009190;-0.683859;0.469014;0.214846;-1.310161;
0.009200;-0.684317;0.467381;0.216936;-1.311593;
0.009210;-0.684768;0.465744;0.219024;-1.313013;
0.009220;-0.685212;0.464103;0.221109;-1.314419;
0.009230;-0.685649;0.462456;0.223193;-1.315813;
0.009240;-0.686080;0.460806;0.225274;-1.317193;
0.009250;-0.686504;0.459150;0.227353;-1.318561;
0.009260;-0.686921;0.457490;0.229430;-1.319916;
0.009270;-0.687331;0.455826;0.231505;-1.321257;
0.009280;-0.687734;0.454157;0.233577;-1.322586;
0.009290;-0.688131;0.452484;0.235647;-1.323902;
0.009300;-0.688521;0.450806;0.237715;-1.325204;
0.009310;-0.688904;0.449124;0.239780;-1.326493;
0.009320;-0.689280;0.447437;0.241843;-1.327770;
0.009330;-0.689650;0.445746;0.243904;-1.329033;
0.009340;-0.690013;0.444051;0.245962;-1.330283;
0.009350;-0.690369;0.442351;0.248018;-1.331520;
0.009360;-0.690718;0.440647;0.250071;-1.332744;
0.009370;-0.691060;0.438938;0.252122;-1.333955;
0.009380;-0.691396;0.437225;0.254170;-1.335152;
0.009390;-0.691724;0.435508;0.256216;-1.336337;
0.009400;-0.692046;0.433787;0.258259;-1.337508;
0.009410;-0.692361;0.432061;0.260300;-1.338666;
0.009420;-0.692669;0.430331;0.262338;-1.339811;
0.009430;-0.692971;0.428597;0.264374;-1.340942;
0.009440;-0.693265;0.426858;0.266407;-1.342061;
0.009450;-0.693553;0.425115;0.268437;-1.343166;
0.009460;-0.693834;0.423368;0.270465;-1.344258;
0.009470;-0.694108;0.421617;0.272490;-1.345336;
0.009480;-0.694375;0.419862;0.274513;-1.346401;
0.009490;-0.694635;0.418103;0.276532;-1.347454;
0.009500;-0.694888;0.416339;0.278549;-1.348492;
0.009510;-0.695135;0.414572;0.280563;-1.349518;
0.009520;-0.695375;0.412800;0.282575;-1.350530;
0.009530;-0.695608;0.411024;0.284584;-1.351529;
0.009540;-0.695834;0.409244;0.286589;-1.352514;
0.009550;-0.696053;0.407460;0.288592;-1.353486;
0.009560;-0.696265;0.405672;0.290593;-1.354445;
0.009570;-0.696470;0.403881;0.292590;-1.355391;
0.009580;-0.696669;0.402085;0.294584;-1.356323;
0.009590;-0.696861;0.400285;0.296576;-1.357241;
0.009600;-0.697045;0.398481;0.298564;-1.358147;
0.009610;-0.697223;0.396673;0.300550;-1.359039;
0.009620;-0.697394;0.394862;0.302533;-1.359917;
0.009630;-0.697558;0.393046;0.304512;-1.360782;
0.009640;-0.697716;0.391227;0.306489;-1.361634;
0.009650;-0.697866;0.389403;0.308463;-1.362472;
0.009660;-0.698009;0.387576;0.310433;-1.363297;
0.009670;-0.698146;0.385745;0.312401;-1.364108;
0.009680;-0.698276;0.383910;0.314365;-1.364906;
0.009690;-0.698398;0.382072;0.316327;-1.365690;
0.009700;-0.698514;0.380229;0.318285;-1.366461;
0.009710;-0.698623;0.378383;0.320240;-1.367219;
0.009720;-0.698725;0.376533;0.322192;-1.367963;
0.009730;-0.698821;0.374680;0.324141;-1.368693;
0.009740;-0.698909;0.372823;0.326086;-1.369410;
0.009750;-0.698990;0.370962;0.328029;-1.370114;
0.009760;-0.699065;0.369097;0.329968;-1.370803;
0.009770;-0.699133;0.367229;0.331904;-1.371480;
0.009780;-0.699193;0.365357;0.333836;-1.372143;
0.009790;-0.699247;0.363482;0.335765;-1.372792;
0.009800;-0.699294;0.361603;0.337691;-1.373428;
0.009810;-0.699334;0.359720;0.339614;-1.374050;
0.009820;-0.699367;0.357834;0.341533;-1.374659;
0.009830;-0.699393;0.355944;0.343449;-1.375254;
0.009840;-0.699413;0.354051;0.345362;-1.375835;
0.009850;-0.699425;0.352154;0.347271;-1.376403;
0.009860;-0.699430;0.350254;0.349177;-1.376958;
0.009870;-0.699429;0.348350;0.351079;-1.377498;
0.009880;-0.699421;0.346443;0.352977;-1.378026;
0.009890;-0.699405;0.344533;0.354873;-1.378539;
0.009900;-0.699383;0.342619;0.356765;-1.379039;
0.009910;-0.699354;0.340702;0.358653;-1.379526;
0.009920;-0.699318;0.338781;0.360538;-1.379998;
0.009930;-0.699276;0.336857;0.362419;-1.380458;
0.009940;-0.699226;0.334930;0.364296;-1.380903;
0.009950;-0.699169;0.332999;0.366170;-1.381335;
0.009960;-0.699106;0.331065;0.368041;-1.381753;
0.009970;-0.699035;0.329128;0.369907;-1.382158;
0.009980;-0.698958;0.327187;0.371770;-1.382549;
0.009990;-0.698874;0.325244;0.373630;-1.382926;
0.010000;-0.698782;0.323297;0.375486;-1.383290;
0.010010;-0.698684;0.321347;0.377338;-1.383640;
0.010020;-0.698579;0.319393;0.379186;-1.383976;
0.010030;-0.698468;0.317437;0.381030;-1.384299;
0.010040;-0.698349;0.315478;0.382871;-1.384608;
0.010050;-0.698223;0.313515;0.384708;-1.384904;
0.010060;-0.698091;0.311549;0.386541;-1.385185;
0.010070;-0.697951;0.309580;0.388371;-1.385453;
0.010080;-0.697805;0.307608;0.390196;-1.385708;
0.010090;-0.697652;0.305634;0.392018;-1.385948;
0.010100;-0.697492;0.303656;0.393836;-1.386175;
0.010110;-0.697325;0.301675;0.395650;-1.386389;
0.010120;-0.697151;0.299691;0.397460;-1.386588;
0.010130;-0.696970;0.297704;0.399266;-1.386774;
0.010140;-0.696782;0.295714;0.401068;-1.386947;
0.010150;-0.696588;0.293721;0.402866;-1.387105;
0.010160;-0.696387;0.291726;0.404661;-1.387250;
0.010170;-0.696178;0.289727;0.406451;-1.387381;
0.010180;-0.695963;0.287726;0.408237;-1.387499;
0.010190;-0.695741;0.285722;0.410019;-1.387603;
0.010200;-0.695512;0.283715;0.411798;-1.387693;
0.010210;-0.695277;0.281705;0.413572;-1.387769;
0.010220;-0.695034;0.279692;0.415342;-1.387832;
0.010230;-0.694785;0.277677;0.417108;-1.387881;
0.010240;-0.694528;0.275659;0.418869;-1.387917;
0.010250;-0.694265;0.273638;0.420627;-1.387938;
0.010260;-0.693995;0.271614;0.422381;-1.387946;
0.010270;-0.693718;0.269588;0.424130;-1.387940;
0.010280;-0.693434;0.267559;0.425875;-1.387921;
0.010290;-0.693144;0.265528;0.427616;-1.387888;
0.010300;-0.692846;0.263494;0.429353;-1.387841;
0.010310;-0.692542;0.261457;0.431085;-1.387780;
0.010320;-0.692231;0.259418;0.432813;-1.387706;
0.010330;-0.691913;0.257376;0.434537;-1.387618;
0.010340;-0.691588;0.255331;0.436257;-1.387517;
0.010350;-0.691257;0.253284;0.437972;-1.387401;
0.010360;-0.690918;0.251235;0.439684;-1.387272;
0.010370;-0.690573;0.249183;0.441390;-1.387129;
0.010380;-0.690221;0.247129;0.443093;-1.386973;
0.010390;-0.689862;0.245072;0.444791;-1.386803;
0.010400;-0.689497;0.243013;0.446484;-1.386619;
0.010410;-0.689124;0.240951;0.448173;-1.386422;
0.010420;-0.688745;0.238887;0.449858;-1.386210;
0.010430;-0.688359;0.236821;0.451538;-1.385986;
0.010440;-0.687966;0.234752;0.453214;-1.385747;
0.010450;-0.687566;0.232681;0.454886;-1.385495;
0.010460;-0.687160;0.230607;0.456552;-1.385229;
0.010470;-0.686747;0.228532;0.458215;-1.384949;
0.010480;-0.686327;0.226454;0.459873;-1.384656;
0.010490;-0.685900;0.224374;0.461526;-1.384349;
0.010500;-0.685466;0.222292;0.463175;-1.384029;
0.010510;-0.685026;0.220207;0.464819;-1.383694;
0.010520;-0.684579;0.218120;0.466459;-1.383347;
0.010530;-0.684125;0.216032;0.468094;-1.382985;
0.010540;-0.683665;0.213941;0.469724;-1.382610;
0.010550;-0.683197;0.211848;0.471350;-1.382221;
0.010560;-0.682723;0.209752;0.472971;-1.381819;
0.010570;-0.682242;0.207655;0.474587;-1.381402;
0.010580;-0.681755;0.205556;0.476199;-1.380973;
0.010590;-0.681261;0.203455;0.477806;-1.380529;
0.010600;-0.680760;0.201351;0.479408;-1.380072;
0.010610;-0.680252;0.199246;0.481006;-1.379602;
0.010620;-0.679737;0.197139;0.482599;-1.379117;
0.010630;-0.679216;0.195029;0.484187;-1.378619;
0.010640;-0.678688;0.192918;0.485770;-1.378108;
0.010650;-0.678154;0.190805;0.487349;-1.377583;
0.010660;-0.677613;0.188690;0.488922;-1.377044;
0.010670;-0.677065;0.186573;0.490491;-1.376492;
0.010680;-0.676510;0.184455;0.492055;-1.375926;
0.010690;-0.675949;0.182334;0.493614;-1.375347;
0.010700;-0.675381;0.180212;0.495169;-1.374754;
0.010710;-0.674806;0.178088;0.496718;-1.374147;
0.010720;-0.674225;0.175962;0.498263;-1.373527;
0.010730;-0.673637;0.173835;0.499802;-1.372893;
0.010740;-0.673042;0.171705;0.501337;-1.372246;
0.010750;-0.672441;0.169574;0.502867;-1.371585;
0.010760;-0.671833;0.167442;0.504391;-1.370911;
0.010770;-0.671219;0.165308;0.505911;-1.370223;
0.010780;-0.670598;0.163172;0.507426;-1.369522;
0.010790;-0.669970;0.161034;0.508936;-1.368807;
0.010800;-0.669336;0.158895;0.510440;-1.368078;
0.010810;-0.668695;0.156754;0.511940;-1.367336;
0.010820;-0.668047;0.154612;0.513435;-1.366581;
0.010830;-0.667393;0.152468;0.514924;-1.365812;
0.010840;-0.666732;0.150323;0.516409;-1.365030;
0.010850;-0.666065;0.148176;0.517888;-1.364234;
0.010860;-0.665391;0.146028;0.519363;-1.363424;
0.010870;-0.664710;0.143879;0.520832;-1.362602;
0.010880;-0.664023;0.141728;0.522296;-1.361765;
0.010890;-0.663330;0.139575;0.523755;-1.360916;
0.010900;-0.662630;0.137421;0.525208;-1.360053;
0.010910;-0.661923;0.135266;0.526657;-1.359176;
0.010920;-0.661210;0.133110;0.528100;-1.358286;
0.010930;-0.660490;0.130952;0.529538;-1.357383;
0.010940;-0.659764;0.128793;0.530971;-1.356466;
0.010950;-0.659031;0.126632;0.532399;-1.355536;
0.010960;-0.658292;0.124471;0.533821;-1.354592;
0.010970;-0.657546;0.122308;0.535239;-1.353635;
0.010980;-0.656794;0.120144;0.536650;-1.352665;
0.010990;-0.656035;0.117978;0.538057;-1.351682;
0.011000;-0.655270;0.115812;0.539458;-1.350685;
0.011010;-0.654498;0.113644;0.540854;-1.349674;
0.011020;-0.653720;0.111476;0.542245;-1.348651;
0.011030;-0.652936;0.109306;0.543630;-1.347614;
0.011040;-0.652145;0.107135;0.545010;-1.346564;
0.011050;-0.651347;0.104963;0.546384;-1.345500;
0.011060;-0.650543;0.102790;0.547753;-1.344423;
0.011070;-0.649733;0.100616;0.549117;-1.343333;
0.011080;-0.648916;0.098441;0.550475;-1.342230;
0.011090;-0.648093;0.096265;0.551828;-1.341113;
0.011100;-0.647264;0.094088;0.553175;-1.339984;
0.011110;-0.646428;0.091911;0.554517;-1.338841;
0.011120;-0.645586;0.089732;0.555854;-1.337684;
0.011130;-0.644737;0.087552;0.557185;-1.336515;
0.011140;-0.643882;0.085372;0.558510;-1.335332;
0.011150;-0.643021;0.083190;0.559830;-1.334137;
0.011160;-0.642153;0.081008;0.561145;-1.332928;
0.011170;-0.641279;0.078825;0.562454;-1.331706;
0.011180;-0.640398;0.076642;0.563757;-1.330470;
0.011190;-0.639512;0.074457;0.565055;-1.329222;
0.011200;-0.638619;0.072272;0.566347;-1.327960;
0.011210;-0.637719;0.070086;0.567633;-1.326686;
0.011220;-0.636814;0.067899;0.568914;-1.325398;
0.011230;-0.635902;0.065712;0.570190;-1.324097;
0.011240;-0.634984;0.063524;0.571460;-1.322783;
0.011250;-0.634059;0.061336;0.572724;-1.321456;
0.011260;-0.633129;0.059146;0.573982;-1.320116;
0.011270;-0.632192;0.056957;0.575235;-1.318763;
0.011280;-0.631249;0.054766;0.576482;-1.317397;
0.011290;-0.630299;0.052575;0.577724;-1.316018;
0.011300;-0.629344;0.050384;0.578959;-1.314626;
0.011310;-0.628382;0.048192;0.580189;-1.313221;
0.011320;-0.627414;0.046000;0.581414;-1.311804;
0.011330;-0.626439;0.043807;0.582632;-1.310373;
0.011340;-0.625459;0.041614;0.583845;-1.308929;
0.011350;-0.624472;0.039420;0.585052;-1.307472;
0.011360;-0.623480;0.037226;0.586253;-1.306003;
0.011370;-0.622481;0.035032;0.587449;-1.304520;
0.011380;-0.621476;0.032837;0.588639;-1.303025;
0.011390;-0.620465;0.030642;0.589822;-1.301516;
0.011400;-0.619447;0.028447;0.591001;-1.299995;
0.011410;-0.618424;0.026251;0.592173;-1.298461;
0.011420;-0.617394;0.024055;0.593339;-1.296915;
0.011430;-0.616359;0.021859;0.594500;-1.295355;
0.011440;-0.615317;0.019663;0.595654;-1.293783;
0.011450;-0.614269;0.017466;0.596803;-1.292198;
0.011460;-0.613215;0.015269;0.597946;-1.290600;
0.011470;-0.612156;0.013072;0.599083;-1.288989;
0.011480;-0.611090;0.010875;0.600214;-1.287366;
0.011490;-0.610018;0.008678;0.601339;-1.285730;
0.011500;-0.608940;0.006481;0.602459;-1.284081;
0.011510;-0.607856;0.004284;0.603572;-1.282420;
0.011520;-0.606766;0.002087;0.604679;-1.280746;
0.011530;-0.605670;-0.000111;0.605780;-1.279059;
0.011540;-0.604568;-0.002308;0.606876;-1.277360;
0.011550;-0.603460;-0.004505;0.607965;-1.275648;
0.011560;-0.602346;-0.006703;0.609049;-1.273923;
0.011570;-0.601226;-0.008900;0.610126;-1.272186;
0.011580;-0.600100;-0.011097;0.611197;-1.270437;
0.011590;-0.598969;-0.013294;0.612263;-1.268674;
0.011600;-0.597831;-0.015491;0.613322;-1.266900;
0.011610;-0.596688;-0.017687;0.614375;-1.265113;
0.011620;-0.595538;-0.019884;0.615422;-1.263313;
0.011630;-0.594383;-0.022080;0.616463;-1.261501;
0.011640;-0.593222;-0.024276;0.617498;-1.259676;
0.011650;-0.592055;-0.026472;0.618527;-1.257839;
0.011660;-0.590882;-0.028668;0.619550;-1.255990;
0.011670;-0.589704;-0.030863;0.620567;-1.254128;
0.011680;-0.588519;-0.033058;0.621577;-1.252254;
0.011690;-0.587329;-0.035253;0.622582;-1.250367;
0.011700;-0.586133;-0.037447;0.623580;-1.248468;
0.011710;-0.584931;-0.039641;0.624572;-1.246557;
0.011720;-0.583723;-0.041835;0.625558;-1.244634;
0.011730;-0.582510;-0.044028;0.626538;-1.242698;
0.011740;-0.581291;-0.046221;0.627512;-1.240750;
0.011750;-0.580066;-0.048413;0.628479;-1.238789;
0.011760;-0.578835;-0.050605;0.629440;-1.236817;
0.011770;-0.577599;-0.052796;0.630395;-1.234832;
0.011780;-0.576357;-0.054987;0.631344;-1.232835;
0.011790;-0.575109;-0.057177;0.632286;-1.230826;
0.011800;-0.573856;-0.059367;0.633223;-1.228805;
0.011810;-0.572597;-0.061556;0.634153;-1.226771;
0.011820;-0.571332;-0.063745;0.635077;-1.224726;
0.011830;-0.570062;-0.065932;0.635994;-1.222668;
0.011840;-0.568786;-0.068120;0.636905;-1.220599;
0.011850;-0.567504;-0.070306;0.637810;-1.218517;
0.011860;-0.566217;-0.072492;0.638709;-1.216423;
0.011870;-0.564924;-0.074677;0.639601;-1.214317;
0.011880;-0.563626;-0.076862;0.640487;-1.212200;
0.011890;-0.562322;-0.079045;0.641367;-1.210070;
0.011900;-0.561013;-0.081228;0.642241;-1.207928;
0.011910;-0.559698;-0.083410;0.643108;-1.205775;
0.011920;-0.558377;-0.085591;0.643968;-1.203609;
0.011930;-0.557051;-0.087772;0.644823;-1.201432;
0.011940;-0.555720;-0.089951;0.645671;-1.199243;
0.011950;-0.554383;-0.092130;0.646512;-1.197042;
0.011960;-0.553040;-0.094308;0.647348;-1.194829;
0.011970;-0.551692;-0.096484;0.648176;-1.192605;
0.011980;-0.550339;-0.098660;0.648999;-1.190368;
0.011990;-0.548980;-0.100835;0.649815;-1.188120;
0.012000;-0.547616;-0.103009;0.650625;-1.185860;
0.012010;-0.546246;-0.105182;0.651428;-1.183589;
0.012020;-0.544871;-0.107354;0.652225;-1.181305;
0.012030;-0.543491;-0.109524;0.653015;-1.179010;
0.012040;-0.542105;-0.111694;0.653799;-1.176704;
0.012050;-0.540714;-0.113863;0.654576;-1.174386;
0.012060;-0.539317;-0.116030;0.655347;-1.172056;
0.012070;-0.537916;-0.118196;0.656112;-1.169715;
0.012080;-0.536508;-0.120362;0.656870;-1.167362;
0.012090;-0.535096;-0.122525;0.657621;-1.164997;
0.012100;-0.533678;-0.124688;0.658367;-1.162622;
0.012110;-0.532255;-0.126850;0.659105;-1.160234;
0.012120;-0.530827;-0.129010;0.659837;-1.157835;
0.012130;-0.529394;-0.131169;0.660563;-1.155425;
0.012140;-0.527955;-0.133327;0.661282;-1.153004;
0.012150;-0.526511;-0.135483;0.661994;-1.150571;
0.012160;-0.525062;-0.137638;0.662700;-1.148126;
0.012170;-0.523608;-0.139792;0.663400;-1.145670;
0.012180;-0.522149;-0.141944;0.664093;-1.143203;
0.012190;-0.520684;-0.144095;0.664779;-1.140725;
0.012200;-0.519214;-0.146244;0.665459;-1.138236;
0.012210;-0.517740;-0.148392;0.666132;-1.135735;
0.012220;-0.516260;-0.150539;0.666799;-1.133223;
0.012230;-0.514775;-0.152684;0.667459;-1.130700;
0.012240;-0.513284;-0.154828;0.668112;-1.128165;
0.012250;-0.511789;-0.156970;0.668759;-1.125620;
0.012260;-0.510289;-0.159110;0.669399;-1.123063;
0.012270;-0.508784;-0.161249;0.670033;-1.120496;
0.012280;-0.507274;-0.163386;0.670660;-1.117917;
0.012290;-0.505758;-0.165522;0.671280;-1.115327;
0.012300;-0.504238;-0.167656;0.671894;-1.112726;
0.012310;-0.502713;-0.169789;0.672501;-1.110115;
0.012320;-0.501182;-0.171919;0.673102;-1.107492;
0.012330;-0.499647;-0.174049;0.673696;-1.104858;
0.012340;-0.498107;-0.176176;0.674283;-1.102214;
0.012350;-0.496562;-0.178302;0.674864;-1.099558;
0.012360;-0.495012;-0.180425;0.675438;-1.096892;
0.012370;-0.493457;-0.182547;0.676005;-1.094215;
0.012380;-0.491898;-0.184668;0.676565;-1.091527;
0.012390;-0.490333;-0.186786;0.677119;-1.088828;
0.012400;-0.488764;-0.188903;0.677667;-1.086119;
0.012410;-0.487190;-0.191017;0.678207;-1.083399;
0.012420;-0.485611;-0.193130;0.678741;-1.080668;
0.012430;-0.484027;-0.195241;0.679268;-1.077927;
0.012440;-0.482438;-0.197350;0.679789;-1.075174;
0.012450;-0.480845;-0.199457;0.680302;-1.072412;
0.012460;-0.479247;-0.201562;0.680809;-1.069638;
0.012470;-0.477644;-0.203666;0.681310;-1.066854;
0.012480;-0.476037;-0.205767;0.681803;-1.064060;
0.012490;-0.474424;-0.207866;0.682290;-1.061255;
0.012500;-0.472807;-0.209963;0.682770;-1.058440;
0.012510;-0.471186;-0.212058;0.683244;-1.055614;
0.012520;-0.469560;-0.214151;0.683710;-1.052778;
0.012530;-0.467929;-0.216241;0.684170;-1.049931;
0.012540;-0.466293;-0.218330;0.684623;-1.047074;
0.012550;-0.464653;-0.220416;0.685070;-1.044207;
0.012560;-0.463009;-0.222501;0.685509;-1.041329;
0.012570;-0.461359;-0.224583;0.685942;-1.038441;
0.012580;-0.459706;-0.226663;0.686368;-1.035543;
0.012590;-0.458047;-0.228740;0.686787;-1.032634;
0.012600;-0.456384;-0.230816;0.687200;-1.029716;
0.012610;-0.454717;-0.232889;0.687606;-1.026787;
0.012620;-0.453045;-0.234959;0.688005;-1.023848;
0.012630;-0.451369;-0.237028;0.688397;-1.020899;
0.012640;-0.449688;-0.239094;0.688782;-1.017940;
0.012650;-0.448003;-0.241158;0.689161;-1.014971;
0.012660;-0.446313;-0.243219;0.689533;-1.011992;
0.012670;-0.444619;-0.245278;0.689898;-1.009003;
0.012680;-0.442921;-0.247335;0.690256;-1.006004;
0.012690;-0.441218;-0.249389;0.690607;-1.002995;
0.012700;-0.439511;-0.251441;0.690952;-0.999976;
0.012710;-0.437800;-0.253490;0.691289;-0.996947;
0.012720;-0.436084;-0.255536;0.691620;-0.993908;
0.012730;-0.434364;-0.257581;0.691944;-0.990860;
0.012740;-0.432639;-0.259622;0.692261;-0.987802;
0.012750;-0.430911;-0.261661;0.692572;-0.984734;
0.012760;-0.429178;-0.263698;0.692875;-0.981656;
0.012770;-0.427441;-0.265732;0.693172;-0.978569;
0.012780;-0.425699;-0.267763;0.693462;-0.975472;
0.012790;-0.423954;-0.269792;0.693745;-0.972365;
0.012800;-0.422204;-0.271817;0.694021;-0.969249;
0.012810;-0.420450;-0.273841;0.694291;-0.966123;
0.012820;-0.418692;-0.275861;0.694553;-0.962988;
0.012830;-0.416930;-0.277879;0.694809;-0.959843;
0.012840;-0.415163;-0.279894;0.695058;-0.956689;
0.012850;-0.413393;-0.281907;0.695299;-0.953525;
0.012860;-0.411618;-0.283916;0.695535;-0.950352;
0.012870;-0.409840;-0.285923;0.695763;-0.947169;
0.012880;-0.408057;-0.287927;0.695984;-0.943977;
0.012890;-0.406271;-0.289928;0.696199;-0.940776;
0.012900;-0.404480;-0.291926;0.696406;-0.937566;
0.012910;-0.402685;-0.293921;0.696607;-0.934346;
0.012920;-0.400887;-0.295914;0.696801;-0.931117;
0.012930;-0.399084;-0.297903;0.696988;-0.927879;
0.012940;-0.397278;-0.299890;0.697168;-0.924631;
0.012950;-0.395467;-0.301874;0.697341;-0.921375;
0.012960;-0.393653;-0.303854;0.697507;-0.918109;
0.012970;-0.391835;-0.305832;0.697667;-0.914835;
0.012980;-0.390013;-0.307807;0.697819;-0.911551;
0.012990;-0.388187;-0.309778;0.697965;-0.908258;
0.013000;-0.386357;-0.311747;0.698104;-0.904957;
0.013010;-0.384523;-0.313712;0.698235;-0.901646;
0.013020;-0.382686;-0.315674;0.698360;-0.898327;
0.013030;-0.380845;-0.317634;0.698479;-0.894999;
0.013040;-0.379000;-0.319590;0.698590;-0.891661;
0.013050;-0.377151;-0.321543;0.698694;-0.888316;
0.013060;-0.375299;-0.323493;0.698792;-0.884961;
0.013070;-0.373443;-0.325439;0.698882;-0.881597;
0.013080;-0.371583;-0.327382;0.698966;-0.878225;
0.013090;-0.369720;-0.329323;0.699042;-0.874844;
0.013100;-0.367853;-0.331260;0.699112;-0.871455;
0.013110;-0.365982;-0.333193;0.699175;-0.868057;
0.013120;-0.364108;-0.335123;0.699231;-0.864650;
0.013130;-0.362230;-0.337051;0.699280;-0.861235;
0.013140;-0.360348;-0.338974;0.699322;-0.857812;
0.013150;-0.358463;-0.340895;0.699358;-0.854380;
0.013160;-0.356575;-0.342812;0.699386;-0.850939;
0.013170;-0.354683;-0.344725;0.699408;-0.847490;
0.013180;-0.352787;-0.346635;0.699422;-0.844033;
0.013190;-0.350888;-0.348542;0.699430;-0.840567;
0.013200;-0.348985;-0.350445;0.699431;-0.837093;
0.013210;-0.347079;-0.352345;0.699425;-0.833611;
0.013220;-0.345170;-0.354242;0.699412;-0.830121;
0.013230;-0.343257;-0.356135;0.699392;-0.826622;
0.013240;-0.341341;-0.358024;0.699365;-0.823115;
0.013250;-0.339421;-0.359910;0.699331;-0.819600;
0.013260;-0.337498;-0.361792;0.699291;-0.816077;
0.013270;-0.335572;-0.363671;0.699243;-0.812546;
0.013280;-0.333643;-0.365546;0.699189;-0.809007;
0.013290;-0.331710;-0.367418;0.699127;-0.805460;
0.013300;-0.329774;-0.369286;0.699059;-0.801905;
0.013310;-0.327834;-0.371150;0.698984;-0.798342;
0.013320;-0.325892;-0.373010;0.698902;-0.794772;
0.013330;-0.323946;-0.374867;0.698813;-0.791193;
0.013340;-0.321997;-0.376721;0.698717;-0.787607;
0.013350;-0.320045;-0.378570;0.698615;-0.784012;
0.013360;-0.318089;-0.380416;0.698505;-0.780410;
0.013370;-0.316131;-0.382258;0.698389;-0.776801;
0.013380;-0.314169;-0.384096;0.698265;-0.773183;
0.013390;-0.312204;-0.385931;0.698135;-0.769558;
0.013400;-0.310236;-0.387761;0.697998;-0.765926;
0.013410;-0.308266;-0.389588;0.697854;-0.762286;
0.013420;-0.306292;-0.391411;0.697703;-0.758638;
0.013430;-0.304315;-0.393230;0.697545;-0.754983;
0.013440;-0.302335;-0.395045;0.697380;-0.751321;
0.013450;-0.300352;-0.396857;0.697209;-0.747651;
0.013460;-0.298366;-0.398664;0.697030;-0.743973;
0.013470;-0.296377;-0.400468;0.696845;-0.740289;
0.013480;-0.294385;-0.402267;0.696652;-0.736597;
0.013490;-0.292391;-0.404063;0.696453;-0.732897;
0.013500;-0.290393;-0.405854;0.696247;-0.729191;
0.013510;-0.288393;-0.407642;0.696035;-0.725477;
0.013520;-0.286389;-0.409425;0.695815;-0.721756;
0.013530;-0.284383;-0.411205;0.695588;-0.718028;
0.013540;-0.282374;-0.412980;0.695355;-0.714293;
0.013550;-0.280363;-0.414752;0.695114;-0.710551;
0.013560;-0.278348;-0.416519;0.694867;-0.706802;
0.013570;-0.276331;-0.418282;0.694613;-0.703046;
0.013580;-0.274311;-0.420041;0.694352;-0.699283;
0.013590;-0.272289;-0.421796;0.694085;-0.695513;
0.013600;-0.270263;-0.423547;0.693810;-0.691736;
0.013610;-0.268235;-0.425293;0.693528;-0.687952;
0.013620;-0.266205;-0.427036;0.693240;-0.684162;
0.013630;-0.264171;-0.428774;0.692945;-0.680365;
0.013640;-0.262135;-0.430508;0.692643;-0.676561;
0.013650;-0.260097;-0.432237;0.692334;-0.672750;
0.013660;-0.258056;-0.433963;0.692019;-0.668933;
0.013670;-0.256012;-0.435684;0.691696;-0.665109;
0.013680;-0.253966;-0.437401;0.691367;-0.661279;
0.013690;-0.251918;-0.439113;0.691031;-0.657442;
0.013700;-0.249867;-0.440821;0.690688;-0.653598;
0.013710;-0.247813;-0.442525;0.690338;-0.649749;
0.013720;-0.245757;-0.444224;0.689981;-0.645892;
0.013730;-0.243699;-0.445920;0.689618;-0.642030;
0.013740;-0.241638;-0.447610;0.689248;-0.638161;
0.013750;-0.239574;-0.449296;0.688871;-0.634285;
0.013760;-0.237509;-0.450978;0.688487;-0.630404;
0.013770;-0.235441;-0.452656;0.688097;-0.626516;
0.013780;-0.233371;-0.454328;0.687699;-0.622622;
0.013790;-0.231298;-0.455997;0.687295;-0.618722;
0.013800;-0.229223;-0.457661;0.686884;-0.614816;
0.013810;-0.227146;-0.459320;0.686466;-0.610904;
0.013820;-0.225067;-0.460975;0.686042;-0.606985;
0.013830;-0.222985;-0.462625;0.685611;-0.603061;
0.013840;-0.220902;-0.464271;0.685172;-0.599131;
0.013850;-0.218816;-0.465912;0.684728;-0.595195;
0.013860;-0.216728;-0.467549;0.684276;-0.591253;
0.013870;-0.214637;-0.469181;0.683818;-0.587305;
0.013880;-0.212545;-0.470808;0.683353;-0.583351;
0.013890;-0.210450;-0.472430;0.682881;-0.579392;
0.013900;-0.208354;-0.474048;0.682402;-0.575427;
0.013910;-0.206255;-0.475662;0.681917;-0.571456;
0.013920;-0.204155;-0.477270;0.681425;-0.567479;
0.013930;-0.202052;-0.478874;0.680926;-0.563497;
0.013940;-0.199947;-0.480473;0.680421;-0.559510;
0.013950;-0.197841;-0.482068;0.679909;-0.555517;
0.013960;-0.195732;-0.483658;0.679390;-0.551518;
0.013970;-0.193622;-0.485243;0.678864;-0.547514;
0.013980;-0.191509;-0.486823;0.678332;-0.543505;
0.013990;-0.189395;-0.488398;0.677793;-0.539490;
0.014000;-0.187279;-0.489968;0.677247;-0.535470;
0.014010;-0.185161;-0.491534;0.676695;-0.531444;
0.014020;-0.183041;-0.493095;0.676136;-0.527414;
0.014030;-0.180919;-0.494651;0.675570;-0.523378;
0.014040;-0.178796;-0.496202;0.674998;-0.519337;
0.014050;-0.176671;-0.497748;0.674419;-0.515290;
0.014060;-0.174544;-0.499289;0.673833;-0.511239;
0.014070;-0.172415;-0.500826;0.673241;-0.507183;
0.014080;-0.170285;-0.502357;0.672642;-0.503122;
0.014090;-0.168153;-0.503883;0.672036;-0.499055;
0.014100;-0.166019;-0.505405;0.671424;-0.494984;
0.014110;-0.163884;-0.506921;0.670805;-0.490908;
0.014120;-0.161747;-0.508433;0.670179;-0.486827;
0.014130;-0.159608;-0.509939;0.669547;-0.482741;
0.014140;-0.157468;-0.511441;0.668909;-0.478651;
0.014150;-0.155326;-0.512937;0.668263;-0.474556;
0.014160;-0.153183;-0.514428;0.667611;-0.470456;
0.014170;-0.151038;-0.515914;0.666953;-0.466351;
0.014180;-0.148892;-0.517396;0.666288;-0.462242;
0.014190;-0.146744;-0.518872;0.665616;-0.458128;
0.014200;-0.144595;-0.520342;0.664938;-0.454010;
0.014210;-0.142445;-0.521808;0.664253;-0.449887;
0.014220;-0.140293;-0.523269;0.663562;-0.445760;
0.014230;-0.138139;-0.524724;0.662864;-0.441629;
0.014240;-0.135985;-0.526175;0.662159;-0.437493;
0.014250;-0.133829;-0.527620;0.661448;-0.433352;
0.014260;-0.131671;-0.529060;0.660731;-0.429208;
0.014270;-0.129512;-0.530494;0.660007;-0.425059;
0.014280;-0.127353;-0.531924;0.659276;-0.420906;
0.014290;-0.125191;-0.533348;0.658539;-0.416749;
0.014300;-0.123029;-0.534767;0.657795;-0.412588;
0.014310;-0.120865;-0.536180;0.657045;-0.408423;
0.014320;-0.118700;-0.537589;0.656289;-0.404253;
0.014330;-0.116534;-0.538992;0.655526;-0.400080;
0.014340;-0.114367;-0.540389;0.654756;-0.395903;
0.014350;-0.112199;-0.541782;0.653980;-0.391722;
0.014360;-0.110029;-0.543169;0.653198;-0.387537;
0.014370;-0.107859;-0.544550;0.652409;-0.383348;
0.014380;-0.105687;-0.545927;0.651614;-0.379155;
0.014390;-0.103515;-0.547298;0.650812;-0.374959;
0.014400;-0.101341;-0.548663;0.650004;-0.370759;
0.014410;-0.099166;-0.550023;0.649189;-0.366555;
0.014420;-0.096991;-0.551378;0.648368;-0.362348;
0.014430;-0.094814;-0.552727;0.647541;-0.358137;
0.014440;-0.092637;-0.554071;0.646707;-0.353922;
0.014450;-0.090458;-0.555409;0.645867;-0.349704;
0.014460;-0.088279;-0.556742;0.645021;-0.345483;
0.014470;-0.086099;-0.558069;0.644168;-0.341258;
0.014480;-0.083918;-0.559391;0.643309;-0.337030;
0.014490;-0.081736;-0.560707;0.642443;-0.332798;
0.014500;-0.079553;-0.562018;0.641571;-0.328563;
0.014510;-0.077370;-0.563323;0.640693;-0.324325;
0.014520;-0.075185;-0.564623;0.639808;-0.320084;
0.014530;-0.073001;-0.565917;0.638917;-0.315840;
0.014540;-0.070815;-0.567205;0.638020;-0.311592;
0.014550;-0.068628;-0.568488;0.637117;-0.307342;
0.014560;-0.066441;-0.569765;0.636207;-0.303088;
0.014570;-0.064254;-0.571037;0.635291;-0.298831;
0.014580;-0.062065;-0.572303;0.634368;-0.294572;
0.014590;-0.059876;-0.573563;0.633440;-0.290309;
0.014600;-0.057687;-0.574818;0.632505;-0.286044;
0.014610;-0.055497;-0.576067;0.631564;-0.281776;
0.014620;-0.053306;-0.577311;0.630617;-0.277505;
0.014630;-0.051115;-0.578548;0.629663;-0.273231;
0.014640;-0.048923;-0.579780;0.628703;-0.268955;
0.014650;-0.046731;-0.581006;0.627737;-0.264676;
0.014660;-0.044538;-0.582227;0.626765;-0.260394;
0.014670;-0.042345;-0.583442;0.625787;-0.256110;
0.014680;-0.040152;-0.584651;0.624802;-0.251823;
0.014690;-0.037958;-0.585854;0.623812;-0.247534;
0.014700;-0.035764;-0.587051;0.622815;-0.243242;
0.014710;-0.033569;-0.588243;0.621812;-0.238948;
0.014720;-0.031374;-0.589429;0.620803;-0.234652;
0.014730;-0.029179;-0.590609;0.619787;-0.230353;
0.014740;-0.026983;-0.591783;0.618766;-0.226052;
0.014750;-0.024787;-0.592951;0.617738;-0.221749;
0.014760;-0.022591;-0.594114;0.616705;-0.217443;
0.014770;-0.020395;-0.595270;0.615665;-0.213136;
0.014780;-0.018198;-0.596421;0.614619;-0.208826;
0.014790;-0.016002;-0.597566;0.613568;-0.204514;
0.014800;-0.013805;-0.598705;0.612510;-0.200201;
0.014810;-0.011608;-0.599838;0.611446;-0.195885;
0.014820;-0.009411;-0.600965;0.610376;-0.191567;
0.014830;-0.007214;-0.602086;0.609300;-0.187248;
0.014840;-0.005016;-0.603201;0.608218;-0.182926;
0.014850;-0.002819;-0.604311;0.607130;-0.178603;
0.014860;-0.000622;-0.605414;0.606036;-0.174278;
0.014870;0.001575;-0.606512;0.604936;-0.169951;
0.014880;0.003773;-0.607603;0.603830;-0.165623;
0.014890;0.005970;-0.608688;0.602718;-0.161293;
0.014900;0.008167;-0.609768;0.601600;-0.156961;
0.014910;0.010364;-0.610841;0.600477;-0.152628;
0.014920;0.012561;-0.611908;0.599347;-0.148293;
0.014930;0.014758;-0.612970;0.598211;-0.143957;
0.014940;0.016955;-0.614025;0.597070;-0.139620;
0.014950;0.019152;-0.615074;0.595922;-0.135281;
0.014960;0.021348;-0.616117;0.594769;-0.130941;
0.014970;0.023544;-0.617154;0.593610;-0.126599;
0.014980;0.025740;-0.618185;0.592445;-0.122256;
0.014990;0.027936;-0.619210;0.591274;-0.117912;
0.015000;0.030131;-0.620229;0.590097;-0.113567;
0.015010;0.032327;-0.621241;0.588915;-0.109221;
0.015020;0.034521;-0.622248;0.587726;-0.104873;
0.015030;0.036716;-0.623248;0.586532;-0.100525;
0.015040;0.038910;-0.624242;0.585332;-0.096176;
0.015050;0.041104;-0.625230;0.584127;-0.091825;
0.015060;0.043297;-0.626212;0.582915;-0.087474;
0.015070;0.045490;-0.627188;0.581698;-0.083122;
0.015080;0.047682;-0.628157;0.580475;-0.078769;
0.015090;0.049874;-0.629121;0.579246;-0.074415;
0.015100;0.052066;-0.630078;0.578012;-0.070061;
0.015110;0.054257;-0.631028;0.576772;-0.065706;
0.015120;0.056447;-0.631973;0.575526;-0.061350;
0.015130;0.058637;-0.632911;0.574274;-0.056993;
0.015140;0.060826;-0.633844;0.573017;-0.052636;
0.015150;0.063015;-0.634769;0.571754;-0.048279;
0.015160;0.065203;-0.635689;0.570486;-0.043921;
0.015170;0.067391;-0.636602;0.569212;-0.039563;
0.015180;0.069577;-0.637510;0.567932;-0.035204;
0.015190;0.071763;-0.638410;0.566647;-0.030845;
0.015200;0.073949;-0.639305;0.565356;-0.026485;
0.015210;0.076133;-0.640193;0.564059;-0.022126;
0.015220;0.078317;-0.641075;0.562757;-0.017766;
0.015230;0.080500;-0.641950;0.561450;-0.013406;
0.015240;0.082683;-0.642819;0.560137;-0.009045;
0.015250;0.084864;-0.643682;0.558818;-0.004685;
0.015260;0.087045;-0.644539;0.557494;-0.000325;
0.015270;0.089225;-0.645389;0.556164;0.004036;
0.015280;0.091404;-0.646233;0.554829;0.008396;
0.015290;0.093582;-0.647070;0.553488;0.012756;
0.015300;0.095759;-0.647901;0.552142;0.017116;
0.015310;0.097935;-0.648726;0.550791;0.021476;
0.015320;0.100110;-0.649544;0.549434;0.025836;
0.015330;0.102284;-0.650356;0.548071;0.030195;
0.015340;0.104458;-0.651161;0.546703;0.034555;
0.015350;0.106630;-0.651960;0.545330;0.038913;
0.015360;0.108801;-0.652752;0.543951;0.043272;
0.015370;0.110971;-0.653538;0.542567;0.047630;
0.015380;0.113140;-0.654318;0.541178;0.051988;
0.015390;0.115308;-0.655091;0.539783;0.056345;
0.015400;0.117474;-0.655858;0.538383;0.060701;
0.015410;0.119640;-0.656618;0.536978;0.065057;
0.015420;0.121804;-0.657372;0.535567;0.069412;
0.015430;0.123967;-0.658119;0.534152;0.073767;
0.015440;0.126129;-0.658860;0.532730;0.078121;
0.015450;0.128290;-0.659594;0.531304;0.082474;
0.015460;0.130449;-0.660322;0.529872;0.086826;
0.015470;0.132608;-0.661043;0.528435;0.091177;
0.015480;0.134764;-0.661758;0.526993;0.095528;
0.015490;0.136920;-0.662466;0.525546;0.099877;
0.015500;0.139074;-0.663167;0.524093;0.104226;
0.015510;0.141227;-0.663862;0.522636;0.108573;
0.015520;0.143378;-0.664551;0.521173;0.112920;
0.015530;0.145528;-0.665233;0.519705;0.117265;
0.015540;0.147677;-0.665908;0.518232;0.121609;
0.015550;0.149824;-0.666577;0.516753;0.125952;
0.015560;0.151969;-0.667239;0.515270;0.130294;
0.015570;0.154113;-0.667895;0.513782;0.134635;
0.015580;0.156256;-0.668544;0.512288;0.138974;
0.015590;0.158397;-0.669187;0.510790;0.143311;
0.015600;0.160536;-0.669822;0.509286;0.147648;
0.015610;0.162674;-0.670452;0.507777;0.151983;
0.015620;0.164811;-0.671074;0.506264;0.156316;
0.015630;0.166945;-0.671690;0.504745;0.160648;
0.015640;0.169078;-0.672300;0.503222;0.164978;
0.015650;0.171209;-0.672902;0.501693;0.169307;
0.015660;0.173339;-0.673499;0.500159;0.173634;
0.015670;0.175467;-0.674088;0.498621;0.177959;
0.015680;0.177593;-0.674671;0.497078;0.182282;
0.015690;0.179718;-0.675247;0.495529;0.186604;
0.015700;0.181840;-0.675816;0.493976;0.190924;
0.015710;0.183961;-0.676379;0.492418;0.195242;
0.015720;0.186080;-0.676935;0.490855;0.199558;
0.015730;0.188197;-0.677485;0.489287;0.203872;
0.015740;0.190313;-0.678028;0.487715;0.208184;
0.015750;0.192426;-0.678564;0.486137;0.212494;
0.015760;0.194538;-0.679093;0.484555;0.216802;
0.015770;0.196648;-0.679616;0.482968;0.221108;
0.015780;0.198755;-0.680132;0.481377;0.225411;
0.015790;0.200861;-0.680641;0.479780;0.229713;
0.015800;0.202965;-0.681144;0.478179;0.234012;
0.015810;0.205067;-0.681639;0.476573;0.238309;
0.015820;0.207166;-0.682129;0.474962;0.242603;
0.015830;0.209264;-0.682611;0.473347;0.246895;
0.015840;0.211360;-0.683087;0.471727;0.251185;
0.015850;0.213453;-0.683555;0.470102;0.255472;
0.015860;0.215545;-0.684018;0.468473;0.259756;
0.015870;0.217634;-0.684473;0.466839;0.264038;
0.015880;0.219721;-0.684922;0.465200;0.268318;
0.015890;0.221806;-0.685363;0.463557;0.272595;
0.015900;0.223889;-0.685799;0.461910;0.276869;
0.015910;0.225970;-0.686227;0.460257;0.281140;
0.015920;0.228048;-0.686648;0.458600;0.285409;
0.015930;0.230124;-0.687063;0.456939;0.289674;
0.015940;0.232198;-0.687471;0.455273;0.293937;
0.015950;0.234269;-0.687872;0.453603;0.298197;
0.015960;0.236339;-0.688267;0.451928;0.302454;
0.015970;0.238406;-0.688654;0.450249;0.306708;
0.015980;0.240470;-0.689035;0.448565;0.310959;
0.015990;0.242532;-0.689409;0.446877;0.315207;
0.016000;0.244592;-0.689777;0.445184;0.319452;
0.016010;0.246650;-0.690137;0.443487;0.323694;
0.016020;0.248705;-0.690491;0.441786;0.327933;
0.016030;0.250757;-0.690837;0.440080;0.332168;
0.016040;0.252807;-0.691177;0.438370;0.336400;
0.016050;0.254855;-0.691511;0.436656;0.340629;
0.016060;0.256900;-0.691837;0.434937;0.344854;
0.016070;0.258942;-0.692156;0.433214;0.349076;
0.016080;0.260982;-0.692469;0.431487;0.353294;
0.016090;0.263019;-0.692775;0.429756;0.357509;
0.016100;0.265054;-0.693074;0.428020;0.361721;
0.016110;0.267086;-0.693366;0.426280;0.365929;
0.016120;0.269116;-0.693651;0.424536;0.370133;
0.016130;0.271142;-0.693930;0.422787;0.374333;
0.016140;0.273167;-0.694202;0.421035;0.378530;
0.016150;0.275188;-0.694466;0.419278;0.382724;
0.016160;0.277207;-0.694724;0.417517;0.386913;
0.016170;0.279223;-0.694975;0.415753;0.391099;
0.016180;0.281236;-0.695220;0.413983;0.395280;
0.016190;0.283247;-0.695457;0.412210;0.399458;
0.016200;0.285254;-0.695687;0.410433;0.403632;
0.016210;0.287259;-0.695911;0.408652;0.407802;
0.016220;0.289261;-0.696128;0.406867;0.411968;
0.016230;0.291260;-0.696338;0.405077;0.416130;
0.016240;0.293257;-0.696541;0.403284;0.420287;
0.016250;0.295250;-0.696737;0.401487;0.424441;
0.016260;0.297241;-0.696926;0.399685;0.428590;
0.016270;0.299228;-0.697108;0.397880;0.432735;
0.016280;0.301213;-0.697284;0.396071;0.436876;
0.016290;0.303194;-0.697453;0.394258;0.441013;
0.016300;0.305173;-0.697614;0.392441;0.445145;
0.016310;0.307149;-0.697769;0.390620;0.449273;
0.016320;0.309121;-0.697917;0.388796;0.453396;
0.016330;0.311091;-0.698058;0.386967;0.457515;
0.016340;0.313057;-0.698192;0.385135;0.461630;
0.016350;0.315021;-0.698320;0.383299;0.465739;
0.016360;0.316981;-0.698440;0.381459;0.469845;
0.016370;0.318938;-0.698553;0.379615;0.473945;
0.016380;0.320892;-0.698660;0.377768;0.478041;
0.016390;0.322843;-0.698760;0.375917;0.482132;
0.016400;0.324791;-0.698853;0.374062;0.486219;
0.016410;0.326735;-0.698939;0.372203;0.490301;
0.016420;0.328676;-0.699018;0.370341;0.494377;
0.016430;0.330614;-0.699090;0.368475;0.498449;
0.016440;0.332549;-0.699155;0.366606;0.502516;
0.016450;0.334480;-0.699213;0.364733;0.506578;
0.016460;0.336409;-0.699265;0.362856;0.510635;
0.016470;0.338333;-0.699309;0.360976;0.514687;
0.016480;0.340255;-0.699347;0.359092;0.518734;
0.016490;0.342173;-0.699377;0.357205;0.522776;
0.016500;0.344088;-0.699401;0.355314;0.526813;
0.016510;0.345999;-0.699418;0.353419;0.530844;
0.016520;0.347907;-0.699428;0.351521;0.534870;
0.016530;0.349811;-0.699431;0.349620;0.538891;
0.016540;0.351712;-0.699428;0.347715;0.542907;
0.016550;0.353610;-0.699417;0.345807;0.546917;
0.016560;0.355504;-0.699399;0.343895;0.550922;
0.016570;0.357395;-0.699375;0.341980;0.554922;
0.016580;0.359282;-0.699343;0.340062;0.558916;
0.016590;0.361165;-0.699305;0.338140;0.562904;
0.016600;0.363045;-0.699260;0.336215;0.566887;
0.016610;0.364921;-0.699208;0.334286;0.570864;
0.016620;0.366794;-0.699149;0.332354;0.574836;
0.016630;0.368663;-0.699083;0.330419;0.578802;
0.016640;0.370529;-0.699010;0.328481;0.582762;
0.016650;0.372391;-0.698930;0.326540;0.586716;
0.016660;0.374249;-0.698844;0.324595;0.590665;
0.016670;0.376103;-0.698750;0.322647;0.594608;
0.016680;0.377954;-0.698650;0.320696;0.598545;
0.016690;0.379801;-0.698542;0.318741;0.602476;
0.016700;0.381644;-0.698428;0.316784;0.606401;
0.016710;0.383484;-0.698307;0.314823;0.610321;
0.016720;0.385320;-0.698179;0.312860;0.614234;
0.016730;0.387151;-0.698044;0.310893;0.618141;
0.016740;0.388980;-0.697902;0.308923;0.622042;
0.016750;0.390804;-0.697754;0.306950;0.625937;
0.016760;0.392624;-0.697598;0.304974;0.629825;
0.016770;0.394441;-0.697436;0.302995;0.633708;
0.016780;0.396253;-0.697267;0.301013;0.637584;
0.016790;0.398062;-0.697090;0.299028;0.641454;
0.016800;0.399867;-0.696907;0.297040;0.645318;
0.016810;0.401668;-0.696717;0.295050;0.649175;
0.016820;0.403465;-0.696521;0.293056;0.653026;
0.016830;0.405258;-0.696317;0.291059;0.656870;
0.016840;0.407046;-0.696106;0.289060;0.660708;
0.016850;0.408831;-0.695889;0.287058;0.664539;
0.016860;0.410612;-0.695665;0.285052;0.668364;
0.016870;0.412389;-0.695433;0.283044;0.672182;
0.016880;0.414162;-0.695195;0.281034;0.675994;
0.016890;0.415930;-0.694950;0.279020;0.679799;
0.016900;0.417695;-0.694699;0.277004;0.683597;
0.016910;0.419455;-0.694440;0.274985;0.687388;
0.016920;0.421212;-0.694175;0.272963;0.691173;
0.016930;0.422964;-0.693902;0.270939;0.694951;
0.016940;0.424712;-0.693623;0.268912;0.698722;
0.016950;0.426455;-0.693337;0.266882;0.702486;
0.016960;0.428195;-0.693044;0.264849;0.706243;
0.016970;0.429930;-0.692745;0.262814;0.709993;
0.016980;0.431661;-0.692438;0.260777;0.713736;
0.016990;0.433388;-0.692125;0.258737;0.717472;
0.017000;0.435111;-0.691804;0.256694;0.721201;
0.017010;0.436829;-0.691477;0.254649;0.724923;
0.017020;0.438543;-0.691144;0.252601;0.728638;
0.017030;0.440252;-0.690803;0.250551;0.732346;
0.017040;0.441958;-0.690455;0.248498;0.736046;
0.017050;0.443658;-0.690101;0.246443;0.739739;
0.017060;0.445355;-0.689740;0.244385;0.743425;
0.017070;0.447047;-0.689372;0.242325;0.747103;
0.017080;0.448735;-0.688997;0.240263;0.750774;
0.017090;0.450418;-0.688616;0.238198;0.754438;
0.017100;0.452097;-0.688227;0.236131;0.758094;
0.017110;0.453771;-0.687832;0.234061;0.761743;
0.017120;0.455441;-0.687430;0.231989;0.765384;
0.017130;0.457107;-0.687022;0.229915;0.769018;
0.017140;0.458767;-0.686606;0.227839;0.772644;
0.017150;0.460424;-0.686184;0.225760;0.776262;
0.017160;0.462076;-0.685755;0.223679;0.779873;
0.017170;0.463723;-0.685319;0.221596;0.783476;
0.017180;0.465366;-0.684877;0.219511;0.787072;
0.017190;0.467004;-0.684427;0.217424;0.790659;
0.017200;0.468637;-0.683971;0.215334;0.794239;
0.017210;0.470266;-0.683509;0.213243;0.797811;
0.017220;0.471890;-0.683039;0.211149;0.801375;
0.017230;0.473510;-0.682563;0.209053;0.804931;
0.017240;0.475125;-0.682080;0.206955;0.808479;
0.017250;0.476735;-0.681590;0.204855;0.812020;
0.017260;0.478340;-0.681093;0.202753;0.815552;
0.017270;0.479941;-0.680590;0.200649;0.819076;
0.017280;0.481537;-0.680080;0.198543;0.822592;
0.017290;0.483128;-0.679564;0.196435;0.826100;
0.017300;0.484715;-0.679040;0.194325;0.829600;
0.017310;0.486296;-0.678510;0.192214;0.833092;
0.017320;0.487873;-0.677973;0.190100;0.836575;
0.017330;0.489445;-0.677430;0.187984;0.840050;
0.017340;0.491013;-0.676880;0.185867;0.843517;
0.017350;0.492575;-0.676323;0.183748;0.846976;
0.017360;0.494133;-0.675759;0.181627;0.850426;
0.017370;0.495685;-0.675189;0.179504;0.853868;
0.017380;0.497233;-0.674613;0.177379;0.857301;
0.017390;0.498776;-0.674029;0.175253;0.860726;
0.017400;0.500314;-0.673439;0.173125;0.864142;
0.017410;0.501847;-0.672842;0.170995;0.867550;
0.017420;0.503375;-0.672239;0.168864;0.870949;
0.017430;0.504898;-0.671629;0.166730;0.874340;
0.017440;0.506416;-0.671012;0.164596;0.877722;
0.017450;0.507929;-0.670389;0.162459;0.881096;
0.017460;0.509438;-0.669759;0.160321;0.884460;
0.017470;0.510941;-0.669122;0.158182;0.887816;
0.017480;0.512439;-0.668479;0.156040;0.891164;
0.017490;0.513932;-0.667829;0.153898;0.894502;
0.017500;0.515420;-0.667173;0.151753;0.897832;
0.017510;0.516902;-0.666510;0.149608;0.901152;
0.017520;0.518380;-0.665841;0.147460;0.904464;
0.017530;0.519853;-0.665165;0.145312;0.907767;
0.017540;0.521320;-0.664482;0.143162;0.911061;
0.017550;0.522783;-0.663793;0.141010;0.914346;
0.017560;0.524240;-0.663097;0.138857;0.917622;
0.017570;0.525692;-0.662395;0.136703;0.920889;
0.017580;0.527139;-0.661686;0.134547;0.924147;
0.017590;0.528580;-0.660971;0.132390;0.927396;
0.017600;0.530017;-0.660249;0.130232;0.930635;
0.017610;0.531448;-0.659520;0.128073;0.933865;
0.017620;0.532874;-0.658785;0.125912;0.937087;
0.017630;0.534294;-0.658044;0.123750;0.940298;
0.017640;0.535710;-0.657296;0.121587;0.943501;
0.017650;0.537120;-0.656542;0.119422;0.946694;
0.017660;0.538525;-0.655781;0.117256;0.949878;
0.017670;0.539924;-0.655014;0.115090;0.953053;
0.017680;0.541318;-0.654240;0.112922;0.956218;
0.017690;0.542707;-0.653460;0.110753;0.959374;
0.017700;0.544090;-0.652673;0.108582;0.962520;
0.017710;0.545468;-0.651880;0.106411;0.965657;
0.017720;0.546841;-0.651080;0.104239;0.968784;
0.017730;0.548208;-0.650274;0.102066;0.971902;
0.017740;0.549570;-0.649462;0.099891;0.975010;
0.017750;0.550927;-0.648643;0.097716;0.978108;
0.017760;0.552278;-0.647818;0.095540;0.981197;
0.017770;0.553623;-0.646986;0.093363;0.984276;
0.017780;0.554963;-0.646148;0.091184;0.987345;
0.017790;0.556298;-0.645304;0.089005;0.990405;
0.017800;0.557627;-0.644453;0.086826;0.993455;
0.017810;0.558951;-0.643596;0.084645;0.996495;
0.017820;0.560269;-0.642732;0.082463;0.999525;
0.017830;0.561582;-0.641862;0.080281;1.002546;
0.017840;0.562889;-0.640986;0.078098;1.005556;
0.017850;0.564190;-0.640104;0.075914;1.008557;
0.017860;0.565486;-0.639215;0.073729;1.011547;
0.017870;0.566776;-0.638320;0.071543;1.014528;
0.017880;0.568061;-0.637419;0.069357;1.017499;
0.017890;0.569340;-0.636511;0.067170;1.020459;
0.017900;0.570614;-0.635597;0.064983;1.023410;
0.017910;0.571882;-0.634677;0.062795;1.026350;
0.017920;0.573144;-0.633750;0.060606;1.029280;
0.017930;0.574401;-0.632817;0.058417;1.032200;
0.017940;0.575652;-0.631878;0.056227;1.035110;
0.017950;0.576897;-0.630933;0.054036;1.038010;
0.017960;0.578136;-0.629982;0.051845;1.040900;
0.017970;0.579370;-0.629024;0.049654;1.043779;
0.017980;0.580598;-0.628060;0.047462;1.046648;
0.017990;0.581821;-0.627090;0.045269;1.049506;
0.018000;0.583037;-0.626114;0.043076;1.052354;
0.018010;0.584248;-0.625131;0.040883;1.055192;
0.018020;0.585453;-0.624142;0.038689;1.058020;
0.018030;0.586653;-0.623148;0.036495;1.060836;
0.018040;0.587846;-0.622147;0.034300;1.063643;
0.018050;0.589034;-0.621140;0.032106;1.066439;
0.018060;0.590216;-0.620126;0.029910;1.069224;
0.018070;0.591392;-0.619107;0.027715;1.071999;
0.018080;0.592562;-0.618082;0.025519;1.074764;
0.018090;0.593727;-0.617050;0.023323;1.077517;
0.018100;0.594885;-0.616012;0.021127;1.080260;
0.018110;0.596038;-0.614969;0.018931;1.082993;
0.018120;0.597185;-0.613919;0.016734;1.085715;
0.018130;0.598326;-0.612863;0.014537;1.088426;
0.018140;0.599461;-0.611801;0.012340;1.091126;
0.018150;0.600590;-0.610733;0.010143;1.093815;
0.018160;0.601713;-0.609659;0.007946;1.096494;
0.018170;0.602830;-0.608579;0.005749;1.099162;
0.018180;0.603942;-0.607493;0.003552;1.101819;
0.018190;0.605047;-0.606401;0.001354;1.104465;
0.018200;0.606146;-0.605303;-0.000843;1.107100;
0.018210;0.607240;-0.604199;-0.003040;1.109725;
0.018220;0.608327;-0.603090;-0.005238;1.112338;
0.018230;0.609409;-0.601974;-0.007435;1.114941;
0.018240;0.610484;-0.600852;-0.009632;1.117532;
0.018250;0.611553;-0.599724;-0.011829;1.120112;
0.018260;0.612617;-0.598590;-0.014026;1.122682;
0.018270;0.613674;-0.597451;-0.016223;1.125240;
0.018280;0.614725;-0.596305;-0.018420;1.127787;
0.018290;0.615770;-0.595154;-0.020616;1.130323;
0.018300;0.616809;-0.593997;-0.022812;1.132848;
0.018310;0.617842;-0.592834;-0.025008;1.135362;
0.018320;0.618869;-0.591665;-0.027204;1.137864;
0.018330;0.619890;-0.590490;-0.029400;1.140355;
0.018340;0.620904;-0.589310;-0.031595;1.142835;
0.018350;0.621913;-0.588123;-0.033790;1.145304;
0.018360;0.622915;-0.586931;-0.035984;1.147761;
0.018370;0.623912;-0.585733;-0.038179;1.150207;
0.018380;0.624902;-0.584529;-0.040372;1.152642;
0.018390;0.625886;-0.583320;-0.042566;1.155065;
0.018400;0.626863;-0.582104;-0.044759;1.157477;
0.018410;0.627835;-0.580883;-0.046952;1.159878;
0.018420;0.628800;-0.579656;-0.049144;1.162267;
0.018430;0.629759;-0.578424;-0.051335;1.164645;
0.018440;0.630712;-0.577186;-0.053527;1.167011;
0.018450;0.631659;-0.575942;-0.055717;1.169365;
0.018460;0.632599;-0.574692;-0.057907;1.171708;
0.018470;0.633534;-0.573437;-0.060097;1.174040;
0.018480;0.634462;-0.572176;-0.062286;1.176360;
0.018490;0.635383;-0.570909;-0.064474;1.178668;
0.018500;0.636299;-0.569637;-0.066662;1.180965;
0.018510;0.637208;-0.568359;-0.068849;1.183250;
0.018520;0.638111;-0.567076;-0.071035;1.185523;
0.018530;0.639007;-0.565787;-0.073220;1.187784;
0.018540;0.639898;-0.564492;-0.075405;1.190034;
0.018550;0.640782;-0.563192;-0.077589;1.192272;
0.018560;0.641659;-0.561886;-0.079773;1.194499;
0.018570;0.642530;-0.560575;-0.081955;1.196713;
0.018580;0.643395;-0.559258;-0.084137;1.198916;
0.018590;0.644254;-0.557936;-0.086318;1.201107;
0.018600;0.645106;-0.556608;-0.088498;1.203286;
0.018610;0.645952;-0.555275;-0.090678;1.205453;
0.018620;0.646792;-0.553936;-0.092856;1.207609;
0.018630;0.647625;-0.552591;-0.095033;1.209752;
0.018640;0.648451;-0.551242;-0.097210;1.211884;
0.018650;0.649272;-0.549886;-0.099385;1.214003;
0.018660;0.650086;-0.548526;-0.101560;1.216111;
0.018670;0.650893;-0.547160;-0.103733;1.218206;
0.018680;0.651694;-0.545788;-0.105906;1.220290;
0.018690;0.652489;-0.544412;-0.108077;1.222361;
0.018700;0.653277;-0.543029;-0.110248;1.224420;
0.018710;0.654059;-0.541642;-0.112417;1.226468;
0.018720;0.654834;-0.540249;-0.114585;1.228503;
0.018730;0.655603;-0.538851;-0.116752;1.230526;
0.018740;0.656365;-0.537447;-0.118918;1.232537;
0.018750;0.657121;-0.536038;-0.121083;1.234536;
0.018760;0.657871;-0.534624;-0.123247;1.236522;
0.018770;0.658613;-0.533205;-0.125409;1.238497;
0.018780;0.659350;-0.531780;-0.127570;1.240459;
0.018790;0.660080;-0.530350;-0.129730;1.242409;
0.018800;0.660803;-0.528915;-0.131888;1.244346;
0.018810;0.661520;-0.527474;-0.134046;1.246272;
0.018820;0.662230;-0.526029;-0.136202;1.248185;
0.018830;0.662934;-0.524578;-0.138356;1.250085;
0.018840;0.663631;-0.523122;-0.140509;1.251974;
0.018850;0.664322;-0.521661;-0.142661;1.253850;
0.018860;0.665006;-0.520195;-0.144812;1.255714;
0.018870;0.665684;-0.518723;-0.146961;1.257565;
0.018880;0.666355;-0.517247;-0.149108;1.259404;
0.018890;0.667019;-0.515765;-0.151254;1.261230;
0.018900;0.667677;-0.514278;-0.153399;1.263044;
0.018910;0.668328;-0.512787;-0.155542;1.264846;
0.018920;0.668973;-0.511290;-0.157683;1.266635;
0.018930;0.669611;-0.509788;-0.159823;1.268411;
0.018940;0.670243;-0.508281;-0.161962;1.270175;
0.018950;0.670868;-0.506769;-0.164099;1.271927;
0.018960;0.671486;-0.505252;-0.166234;1.273666;
0.018970;0.672097;-0.503730;-0.168367;1.275392;
0.018980;0.672702;-0.502203;-0.170499;1.277106;
0.018990;0.673301;-0.500671;-0.172629;1.278807;
0.019000;0.673892;-0.499134;-0.174758;1.280495;
0.019010;0.674477;-0.497593;-0.176885;1.282171;
0.019020;0.675056;-0.496046;-0.179010;1.283835;
0.019030;0.675627;-0.494494;-0.181133;1.285485;
0.019040;0.676192;-0.492938;-0.183254;1.287123;
0.019050;0.676751;-0.491377;-0.185374;1.288748;
0.019060;0.677303;-0.489811;-0.187492;1.290361;
0.019070;0.677848;-0.488240;-0.189608;1.291960;
0.019080;0.678386;-0.486664;-0.191722;1.293547;
0.019090;0.678917;-0.485083;-0.193834;1.295122;
0.019100;0.679442;-0.483498;-0.195945;1.296683;
0.019110;0.679961;-0.481908;-0.198053;1.298232;
0.019120;0.680472;-0.480313;-0.200159;1.299768;
0.019130;0.680977;-0.478713;-0.202264;1.301291;
0.019140;0.681475;-0.477109;-0.204366;1.302801;
0.019150;0.681966;-0.475500;-0.206467;1.304298;
0.019160;0.682451;-0.473886;-0.208565;1.305782;
0.019170;0.682929;-0.472267;-0.210661;1.307254;
0.019180;0.683400;-0.470644;-0.212756;1.308713;
0.019190;0.683864;-0.469016;-0.214848;1.310158;
0.019200;0.684322;-0.467384;-0.216938;1.311591;
0.019210;0.684773;-0.465747;-0.219026;1.313011;
0.019220;0.685217;-0.464105;-0.221111;1.314418;
0.019230;0.685654;-0.462459;-0.223195;1.315812;
0.019240;0.686085;-0.460809;-0.225276;1.317193;
0.019250;0.686509;-0.459153;-0.227355;1.318561;
0.019260;0.686926;-0.457493;-0.229432;1.319915;
0.019270;0.687336;-0.455829;-0.231507;1.321257;
0.019280;0.687739;-0.454160;-0.233579;1.322586;
0.019290;0.688136;-0.452487;-0.235649;1.323902;
0.019300;0.688526;-0.450809;-0.237717;1.325205;
0.019310;0.688909;-0.449127;-0.239782;1.326494;
0.019320;0.689285;-0.447440;-0.241845;1.327771;
0.019330;0.689655;-0.445749;-0.243906;1.329034;
0.019340;0.690018;-0.444054;-0.245964;1.330285;
0.019350;0.690374;-0.442354;-0.248020;1.331522;
0.019360;0.690723;-0.440650;-0.250073;1.332746;
0.019370;0.691065;-0.438941;-0.252124;1.333957;
0.019380;0.691400;-0.437228;-0.254172;1.335155;
0.019390;0.691729;-0.435511;-0.256218;1.336339;
0.019400;0.692051;-0.433789;-0.258261;1.337511;
0.019410;0.692366;-0.432063;-0.260302;1.338669;
0.019420;0.692674;-0.430333;-0.262340;1.339814;
0.019430;0.692975;-0.428599;-0.264376;1.340945;
0.019440;0.693270;-0.426860;-0.266409;1.342064;
0.019450;0.693557;-0.425118;-0.268439;1.343169;
0.019460;0.693838;-0.423371;-0.270467;1.344261;
0.019470;0.694112;-0.421620;-0.272492;1.345340;
0.019480;0.694379;-0.419864;-0.274515;1.346405;
0.019490;0.694639;-0.418105;-0.276534;1.347457;
0.019500;0.694892;-0.416341;-0.278551;1.348496;
0.019510;0.695139;-0.414574;-0.280565;1.349522;
0.019520;0.695379;-0.412802;-0.282577;1.350534;
0.019530;0.695611;-0.411026;-0.284585;1.351533;
0.019540;0.695837;-0.409246;-0.286591;1.352519;
0.019550;0.696056;-0.407462;-0.288594;1.353491;
0.019560;0.696268;-0.405674;-0.290594;1.354450;
0.019570;0.696474;-0.403882;-0.292592;1.355395;
0.019580;0.696672;-0.402086;-0.294586;1.356327;
0.019590;0.696864;-0.400286;-0.296577;1.357246;
0.019600;0.697048;-0.398482;-0.298566;1.358151;
0.019610;0.697226;-0.396675;-0.300552;1.359043;
0.019620;0.697397;-0.394863;-0.302534;1.359922;
0.019630;0.697561;-0.393047;-0.304514;1.360787;
0.019640;0.697718;-0.391228;-0.306490;1.361639;
0.019650;0.697868;-0.389404;-0.308464;1.362477;
0.019660;0.698012;-0.387577;-0.310435;1.363302;
0.019670;0.698148;-0.385746;-0.312402;1.364113;
0.019680;0.698278;-0.383911;-0.314367;1.364911;
0.019690;0.698401;-0.382073;-0.316328;1.365695;
0.019700;0.698516;-0.380230;-0.318286;1.366466;
0.019710;0.698625;-0.378384;-0.320241;1.367223;
0.019720;0.698727;-0.376534;-0.322193;1.367967;
0.019730;0.698822;-0.374681;-0.324142;1.368698;
0.019740;0.698911;-0.372823;-0.326087;1.369415;
0.019750;0.698992;-0.370962;-0.328030;1.370118;
0.019760;0.699066;-0.369098;-0.329969;1.370808;
0.019770;0.699134;-0.367229;-0.331904;1.371484;
0.019780;0.699195;-0.365358;-0.333837;1.372147;
0.019790;0.699248;-0.363482;-0.335766;1.372796;
0.019800;0.699295;-0.361603;-0.337692;1.373432;
0.019810;0.699335;-0.359720;-0.339615;1.374054;
0.019820;0.699368;-0.357834;-0.341534;1.374663;
0.019830;0.699394;-0.355944;-0.343450;1.375258;
0.019840;0.699413;-0.354051;-0.345362;1.375840;
0.019850;0.699426;-0.352154;-0.347271;1.376407;
0.019860;0.699431;-0.350254;-0.349177;1.376962;
0.019870;0.699430;-0.348350;-0.351079;1.377502;
0.019880;0.699421;-0.346443;-0.352978;1.378030;
0.019890;0.699406;-0.344533;-0.354873;1.378543;
0.019900;0.699384;-0.342619;-0.356765;1.379043;
0.019910;0.699355;-0.340701;-0.358653;1.379529;
0.019920;0.699319;-0.338781;-0.360538;1.380002;
0.019930;0.699276;-0.336857;-0.362419;1.380461;
0.019940;0.699226;-0.334929;-0.364296;1.380906;
0.019950;0.699169;-0.332999;-0.366170;1.381338;
0.019960;0.699105;-0.331065;-0.368041;1.381756;
0.019970;0.699035;-0.329128;-0.369907;1.382161;
0.019980;0.698958;-0.327187;-0.371770;1.382552;
0.019990;0.698873;-0.325243;-0.373630;1.382929;
0.020000;0.698782;-0.323296;-0.375486;1.383293;
0.020010;0.698684;-0.321346;-0.377338;1.383643;
0.020020;0.698579;-0.319393;-0.379186;1.383979;
0.020030;0.698467;-0.317437;-0.381030;1.384302;
0.020040;0.698348;-0.315477;-0.382871;1.384611;
0.020050;0.698223;-0.313514;-0.384708;1.384906;
0.020060;0.698090;-0.311549;-0.386541;1.385188;
0.020070;0.697950;-0.309580;-0.388371;1.385456;
0.020080;0.697804;-0.307608;-0.390196;1.385710;
0.020090;0.697651;-0.305633;-0.392018;1.385950;
0.020100;0.697491;-0.303655;-0.393836;1.386177;
0.020110;0.697324;-0.301674;-0.395650;1.386391;
0.020120;0.697150;-0.299690;-0.397460;1.386590;
0.020130;0.696969;-0.297703;-0.399266;1.386776;
0.020140;0.696781;-0.295714;-0.401068;1.386948;
0.020150;0.696587;-0.293721;-0.402866;1.387107;
0.020160;0.696385;-0.291725;-0.404660;1.387252;
0.020170;0.696177;-0.289727;-0.406451;1.387383;
0.020180;0.695962;-0.287725;-0.408237;1.387500;
0.020190;0.695740;-0.285721;-0.410019;1.387604;
0.020200;0.695511;-0.283714;-0.411797;1.387694;
0.020210;0.695275;-0.281704;-0.413571;1.387770;
0.020220;0.695033;-0.279692;-0.415341;1.387833;
0.020230;0.694783;-0.277676;-0.417107;1.387882;
0.020240;0.694527;-0.275658;-0.418869;1.387917;
0.020250;0.694264;-0.273637;-0.420627;1.387939;
0.020260;0.693994;-0.271614;-0.422380;1.387947;
0.020270;0.693717;-0.269588;-0.424129;1.387941;
0.020280;0.693433;-0.267559;-0.425875;1.387921;
0.020290;0.693143;-0.265527;-0.427615;1.387888;
0.020300;0.692845;-0.263493;-0.429352;1.387841;
0.020310;0.692541;-0.261456;-0.431085;1.387781;
0.020320;0.692230;-0.259417;-0.432813;1.387706;
0.020330;0.691912;-0.257375;-0.434537;1.387618;
0.020340;0.691587;-0.255331;-0.436257;1.387517;
0.020350;0.691256;-0.253284;-0.437972;1.387401;
0.020360;0.690917;-0.251234;-0.439683;1.387272;
0.020370;0.690572;-0.249182;-0.441390;1.387129;
0.020380;0.690220;-0.247128;-0.443092;1.386973;
0.020390;0.689861;-0.245071;-0.444790;1.386803;
0.020400;0.689495;-0.243012;-0.446484;1.386619;
0.020410;0.689123;-0.240950;-0.448173;1.386421;
0.020420;0.688744;-0.238886;-0.449857;1.386210;
0.020430;0.688358;-0.236820;-0.451538;1.385985;
0.020440;0.687965;-0.234751;-0.453214;1.385747;
0.020450;0.687565;-0.232680;-0.454885;1.385494;
0.020460;0.687159;-0.230607;-0.456552;1.385228;
0.020470;0.686746;-0.228531;-0.458214;1.384949;
0.020480;0.686326;-0.226453;-0.459872;1.384655;
0.020490;0.685899;-0.224373;-0.461525;1.384349;
0.020500;0.685465;-0.222291;-0.463174;1.384028;
0.020510;0.685025;-0.220206;-0.464818;1.383694;
0.020520;0.684578;-0.218120;-0.466458;1.383346;
0.020530;0.684124;-0.216031;-0.468093;1.382984;
0.020540;0.683664;-0.213940;-0.469723;1.382609;
0.020550;0.683196;-0.211847;-0.471349;1.382220;
0.020560;0.682722;-0.209752;-0.472970;1.381818;
0.020570;0.682241;-0.207655;-0.474587;1.381401;
0.020580;0.681754;-0.205555;-0.476199;1.380972;
0.020590;0.681260;-0.203454;-0.477806;1.380528;
0.020600;0.680759;-0.201351;-0.479408;1.380071;
0.020610;0.680251;-0.199245;-0.481005;1.379601;
0.020620;0.679736;-0.197138;-0.482598;1.379116;
0.020630;0.679215;-0.195029;-0.484186;1.378618;
0.020640;0.678688;-0.192918;-0.485770;1.378107;
0.020650;0.678153;-0.190805;-0.487348;1.377582;
0.020660;0.677612;-0.188690;-0.488922;1.377043;
0.020670;0.677064;-0.186573;-0.490491;1.376491;
0.020680;0.676509;-0.184454;-0.492055;1.375925;
0.020690;0.675948;-0.182334;-0.493614;1.375345;
0.020700;0.675380;-0.180212;-0.495168;1.374752;
0.020710;0.674806;-0.178088;-0.496718;1.374146;
0.020720;0.674224;-0.175962;-0.498262;1.373526;
0.020730;0.673636;-0.173834;-0.499802;1.372892;
0.020740;0.673042;-0.171705;-0.501337;1.372245;
0.020750;0.672441;-0.169574;-0.502866;1.371584;
0.020760;0.671833;-0.167442;-0.504391;1.370910;
0.020770;0.671218;-0.165307;-0.505911;1.370222;
0.020780;0.670597;-0.163171;-0.507426;1.369520;
0.020790;0.669969;-0.161034;-0.508935;1.368805;
0.020800;0.669335;-0.158895;-0.510440;1.368077;
0.020810;0.668694;-0.156754;-0.511940;1.367335;
0.020820;0.668047;-0.154612;-0.513435;1.366580;
0.020830;0.667393;-0.152468;-0.514924;1.365811;
0.020840;0.666732;-0.150323;-0.516409;1.365028;
0.020850;0.666065;-0.148176;-0.517888;1.364233;
0.020860;0.665391;-0.146028;-0.519362;1.363423;
0.020870;0.664710;-0.143879;-0.520832;1.362600;
0.020880;0.664023;-0.141728;-0.522296;1.361764;
0.020890;0.663330;-0.139575;-0.523755;1.360915;
0.020900;0.662630;-0.137421;-0.525208;1.360051;
0.020910;0.661923;-0.135266;-0.526657;1.359175;
0.020920;0.661210;-0.133110;-0.528100;1.358285;
0.020930;0.660490;-0.130952;-0.529538;1.357382;
0.020940;0.659764;-0.128793;-0.530971;1.356465;
0.020950;0.659031;-0.126632;-0.532399;1.355535;
0.020960;0.658292;-0.124471;-0.533821;1.354591;
0.020970;0.657546;-0.122308;-0.535238;1.353634;
0.020980;0.656794;-0.120144;-0.536650;1.352664;
0.020990;0.656035;-0.117978;-0.538057;1.351681;
0.021000;0.655270;-0.115812;-0.539458;1.350684;
0.021010;0.654498;-0.113644;-0.540854;1.349673;
0.021020;0.653720;-0.111476;-0.542245;1.348650;
0.021030;0.652936;-0.109306;-0.543630;1.347613;
0.021040;0.652145;-0.107135;-0.545010;1.346563;
0.021050;0.651347;-0.104963;-0.546384;1.345499;
0.021060;0.650543;-0.102790;-0.547753;1.344423;
0.021070;0.649733;-0.100616;-0.549117;1.343333;
0.021080;0.648917;-0.098441;-0.550475;1.342229;
0.021090;0.648093;-0.096265;-0.551828;1.341113;
0.021100;0.647264;-0.094088;-0.553175;1.339983;
0.021110;0.646428;-0.091911;-0.554517;1.338840;
0.021120;0.645586;-0.089732;-0.555854;1.337684;
0.021130;0.644737;-0.087552;-0.557185;1.336514;
0.021140;0.643882;-0.085372;-0.558510;1.335332;
0.021150;0.643021;-0.083190;-0.559830;1.334136;
0.021160;0.642153;-0.081008;-0.561145;1.332927;
0.021170;0.641279;-0.078825;-0.562454;1.331705;
0.021180;0.640399;-0.076642;-0.563757;1.330470;
0.021190;0.639512;-0.074457;-0.565055;1.329221;
0.021200;0.638619;-0.072272;-0.566347;1.327960;
0.021210;0.637720;-0.070086;-0.567634;1.326685;
0.021220;0.636814;-0.067900;-0.568915;1.325398;
0.021230;0.635902;-0.065712;-0.570190;1.324097;
0.021240;0.634984;-0.063524;-0.571460;1.322783;
0.021250;0.634060;-0.061336;-0.572724;1.321456;
0.021260;0.633129;-0.059147;-0.573982;1.320116;
0.021270;0.632192;-0.056957;-0.575235;1.318763;
0.021280;0.631249;-0.054767;-0.576482;1.317397;
0.021290;0.630299;-0.052576;-0.577724;1.316018;
0.021300;0.629344;-0.050384;-0.578960;1.314626;
0.021310;0.628382;-0.048192;-0.580190;1.313221;
0.021320;0.627414;-0.046000;-0.581414;1.311803;
0.021330;0.626440;-0.043807;-0.582632;1.310373;
0.021340;0.625459;-0.041614;-0.583845;1.308929;
0.021350;0.624473;-0.039420;-0.585052;1.307472;
0.021360;0.623480;-0.037226;-0.586254;1.306002;
0.021370;0.622481;-0.035032;-0.587449;1.304520;
0.021380;0.621476;-0.032837;-0.588639;1.303025;
0.021390;0.620465;-0.030642;-0.589823;1.301516;
0.021400;0.619448;-0.028447;-0.591001;1.299995;
0.021410;0.618424;-0.026251;-0.592173;1.298461;
0.021420;0.617395;-0.024055;-0.593339;1.296915;
0.021430;0.616359;-0.021859;-0.594500;1.295355;
0.021440;0.615317;-0.019663;-0.595655;1.293783;
0.021450;0.614270;-0.017466;-0.596803;1.292198;
0.021460;0.613216;-0.015270;-0.597946;1.290600;
0.021470;0.612156;-0.013073;-0.599083;1.288989;
0.021480;0.611090;-0.010876;-0.600214;1.287366;
0.021490;0.610018;-0.008679;-0.601339;1.285730;
0.021500;0.608940;-0.006481;-0.602459;1.284081;
0.021510;0.607856;-0.004284;-0.603572;1.282420;
0.021520;0.606766;-0.002087;-0.604679;1.280746;
0.021530;0.605670;0.000111;-0.605781;1.279059;
0.021540;0.604568;0.002308;-0.606876;1.277360;
0.021550;0.603460;0.004505;-0.607965;1.275648;
0.021560;0.602346;0.006702;-0.609049;1.273924;
0.021570;0.601226;0.008900;-0.610126;1.272186;
0.021580;0.600101;0.011097;-0.611197;1.270437;
0.021590;0.598969;0.013294;-0.612263;1.268675;
0.021600;0.597831;0.015491;-0.613322;1.266900;
0.021610;0.596688;0.017687;-0.614375;1.265113;
0.021620;0.595539;0.019884;-0.615422;1.263313;
0.021630;0.594383;0.022080;-0.616464;1.261501;
0.021640;0.593222;0.024276;-0.617499;1.259676;
0.021650;0.592055;0.026472;-0.618527;1.257839;
0.021660;0.590882;0.028668;-0.619550;1.255990;
0.021670;0.589704;0.030863;-0.620567;1.254128;
0.021680;0.588519;0.033058;-0.621577;1.252254;
0.021690;0.587329;0.035253;-0.622582;1.250367;
0.021700;0.586133;0.037447;-0.623580;1.248469;
0.021710;0.584931;0.039641;-0.624572;1.246557;
0.021720;0.583723;0.041835;-0.625558;1.244634;
0.021730;0.582510;0.044028;-0.626538;1.242698;
0.021740;0.581291;0.046221;-0.627512;1.240750;
0.021750;0.580066;0.048413;-0.628479;1.238790;
0.021760;0.578835;0.050605;-0.629440;1.236817;
0.021770;0.577599;0.052796;-0.630395;1.234832;
0.021780;0.576357;0.054987;-0.631344;1.232835;
0.021790;0.575109;0.057177;-0.632287;1.230826;
0.021800;0.573856;0.059367;-0.633223;1.228805;
0.021810;0.572597;0.061556;-0.634153;1.226772;
0.021820;0.571332;0.063745;-0.635077;1.224726;
0.021830;0.570062;0.065932;-0.635994;1.222669;
0.021840;0.568786;0.068120;-0.636906;1.220599;
0.021850;0.567504;0.070306;-0.637810;1.218517;
0.021860;0.566217;0.072492;-0.638709;1.216423;
0.021870;0.564924;0.074677;-0.639602;1.214318;
0.021880;0.563626;0.076862;-0.640488;1.212200;
0.021890;0.562322;0.079045;-0.641367;1.210070;
0.021900;0.561013;0.081228;-0.642241;1.207929;
0.021910;0.559698;0.083410;-0.643108;1.205775;
0.021920;0.558377;0.085591;-0.643968;1.203610;
0.021930;0.557051;0.087772;-0.644823;1.201432;
0.021940;0.555720;0.089951;-0.645671;1.199243;
0.021950;0.554383;0.092130;-0.646512;1.197042;
0.021960;0.553040;0.094308;-0.647348;1.194829;
0.021970;0.551692;0.096484;-0.648177;1.192605;
0.021980;0.550339;0.098660;-0.648999;1.190368;
0.021990;0.548980;0.100835;-0.649815;1.188120;
0.022000;0.547616;0.103009;-0.650625;1.185860;
0.022010;0.546246;0.105182;-0.651428;1.183589;
0.022020;0.544871;0.107354;-0.652225;1.181306;
0.022030;0.543491;0.109524;-0.653015;1.179011;
0.022040;0.542105;0.111694;-0.653799;1.176704;
0.022050;0.540714;0.113863;-0.654576;1.174386;
0.022060;0.539317;0.116030;-0.655347;1.172056;
0.022070;0.537916;0.118196;-0.656112;1.169715;
0.022080;0.536508;0.120362;-0.656870;1.167362;
0.022090;0.535096;0.122525;-0.657622;1.164998;
0.022100;0.533678;0.124688;-0.658367;1.162622;
0.022110;0.532255;0.126850;-0.659105;1.160234;
0.022120;0.530827;0.129010;-0.659837;1.157836;
0.022130;0.529394;0.131169;-0.660563;1.155425;
0.022140;0.527955;0.133327;-0.661282;1.153004;
0.022150;0.526511;0.135483;-0.661994;1.150571;
0.022160;0.525062;0.137638;-0.662700;1.148126;
0.022170;0.523608;0.139792;-0.663400;1.145671;
0.022180;0.522149;0.141944;-0.664093;1.143204;
0.022190;0.520684;0.144095;-0.664779;1.140725;
0.022200;0.519214;0.146244;-0.665459;1.138236;
0.022210;0.517739;0.148392;-0.666132;1.135735;
0.022220;0.516260;0.150539;-0.666799;1.133223;
0.022230;0.514775;0.152684;-0.667459;1.130700;
0.022240;0.513284;0.154828;-0.668112;1.128165;
0.022250;0.511789;0.156970;-0.668759;1.125620;
0.022260;0.510289;0.159110;-0.669399;1.123063;
0.022270;0.508784;0.161249;-0.670033;1.120496;
0.022280;0.507273;0.163387;-0.670660;1.117917;
0.022290;0.505758;0.165522;-0.671280;1.115327;
0.022300;0.504238;0.167656;-0.671894;1.112726;
0.022310;0.502713;0.169789;-0.672501;1.110115;
0.022320;0.501182;0.171920;-0.673102;1.107492;
0.022330;0.499647;0.174049;-0.673696;1.104858;
0.022340;0.498107;0.176176;-0.674283;1.102214;
0.022350;0.496562;0.178302;-0.674864;1.099558;
0.022360;0.495012;0.180425;-0.675438;1.096892;
0.022370;0.493457;0.182547;-0.676005;1.094215;
0.022380;0.491898;0.184668;-0.676565;1.091527;
0.022390;0.490333;0.186786;-0.677119;1.088828;
0.022400;0.488764;0.188903;-0.677667;1.086119;
0.022410;0.487190;0.191018;-0.678207;1.083399;
0.022420;0.485611;0.193130;-0.678741;1.080668;
0.022430;0.484027;0.195241;-0.679268;1.077927;
0.022440;0.482438;0.197350;-0.679789;1.075174;
0.022450;0.480845;0.199457;-0.680302;1.072412;
0.022460;0.479247;0.201562;-0.680809;1.069638;
0.022470;0.477644;0.203666;-0.681310;1.066854;
0.022480;0.476037;0.205767;-0.681803;1.064060;
0.022490;0.474424;0.207866;-0.682290;1.061255;
0.022500;0.472807;0.209963;-0.682770;1.058440;
0.022510;0.471186;0.212058;-0.683244;1.055614;
0.022520;0.469560;0.214151;-0.683710;1.052778;
0.022530;0.467929;0.216241;-0.684170;1.049931;
0.022540;0.466293;0.218330;-0.684623;1.047074;
0.022550;0.464653;0.220416;-0.685070;1.044207;
0.022560;0.463009;0.222501;-0.685509;1.041329;
0.022570;0.461359;0.224583;-0.685942;1.038441;
0.022580;0.459706;0.226663;-0.686368;1.035543;
0.022590;0.458047;0.228740;-0.686787;1.032634;
0.022600;0.456384;0.230816;-0.687200;1.029716;
0.022610;0.454717;0.232889;-0.687606;1.026787;
0.022620;0.453045;0.234959;-0.688005;1.023848;
0.022630;0.451369;0.237028;-0.688397;1.020899;
0.022640;0.449688;0.239094;-0.688782;1.017940;
0.022650;0.448003;0.241158;-0.689161;1.014971;
0.022660;0.446313;0.243219;-0.689533;1.011992;
0.022670;0.444619;0.245278;-0.689898;1.009003;
0.022680;0.442921;0.247335;-0.690256;1.006004;
0.022690;0.441218;0.249389;-0.690607;1.002995;
0.022700;0.439511;0.251441;-0.690952;0.999976;
0.022710;0.437799;0.253490;-0.691289;0.996947;
0.022720;0.436084;0.255536;-0.691620;0.993908;
0.022730;0.434364;0.257581;-0.691944;0.990860;
0.022740;0.432639;0.259622;-0.692261;0.987802;
0.022750;0.430911;0.261661;-0.692572;0.984734;
0.022760;0.429178;0.263698;-0.692875;0.981656;
0.022770;0.427440;0.265732;-0.693172;0.978569;
0.022780;0.425699;0.267763;-0.693462;0.975472;
0.022790;0.423954;0.269792;-0.693745;0.972365;
0.022800;0.422204;0.271817;-0.694021;0.969249;
0.022810;0.420450;0.273841;-0.694291;0.966123;
0.022820;0.418692;0.275861;-0.694553;0.962988;
0.022830;0.416930;0.277879;-0.694809;0.959843;
0.022840;0.415163;0.279894;-0.695058;0.956689;
0.022850;0.413393;0.281907;-0.695299;0.953525;
0.022860;0.411618;0.283916;-0.695535;0.950352;
0.022870;0.409840;0.285923;-0.695763;0.947169;
0.022880;0.408057;0.287927;-0.695984;0.943977;
0.022890;0.406271;0.289928;-0.696198;0.940776;
0.022900;0.404480;0.291926;-0.696406;0.937565;
0.022910;0.402685;0.293921;-0.696607;0.934346;
0.022920;0.400887;0.295914;-0.696801;0.931117;
0.022930;0.399084;0.297903;-0.696988;0.927879;
0.022940;0.397278;0.299890;-0.697168;0.924631;
0.022950;0.395467;0.301874;-0.697341;0.921375;
0.022960;0.393653;0.303854;-0.697507;0.918109;
0.022970;0.391835;0.305832;-0.697667;0.914835;
0.022980;0.390013;0.307807;-0.697819;0.911551;
0.022990;0.388187;0.309778;-0.697965;0.908258;
0.023000;0.386357;0.311747;-0.698104;0.904957;
0.023010;0.384523;0.313712;-0.698235;0.901646;
0.023020;0.382686;0.315674;-0.698360;0.898327;
0.023030;0.380845;0.317634;-0.698479;0.894998;
0.023040;0.379000;0.319590;-0.698590;0.891661;
0.023050;0.377151;0.321543;-0.698694;0.888315;
0.023060;0.375299;0.323493;-0.698792;0.884961;
0.023070;0.373443;0.325439;-0.698882;0.881597;
0.023080;0.371583;0.327382;-0.698966;0.878225;
0.023090;0.369720;0.329323;-0.699042;0.874844;
0.023100;0.367853;0.331260;-0.699112;0.871455;
0.023110;0.365982;0.333193;-0.699175;0.868057;
0.023120;0.364108;0.335123;-0.699231;0.864650;
0.023130;0.362230;0.337051;-0.699280;0.861235;
0.023140;0.360348;0.338974;-0.699322;0.857812;
0.023150;0.358463;0.340895;-0.699358;0.854379;
0.023160;0.356575;0.342812;-0.699386;0.850939;
0.023170;0.354683;0.344725;-0.699408;0.847490;
0.023180;0.352787;0.346635;-0.699422;0.844033;
0.023190;0.350888;0.348542;-0.699430;0.840567;
0.023200;0.348985;0.350445;-0.699431;0.837093;
0.023210;0.347079;0.352345;-0.699425;0.833611;
0.023220;0.345170;0.354242;-0.699412;0.830121;
0.023230;0.343257;0.356135;-0.699392;0.826622;
0.023240;0.341341;0.358024;-0.699365;0.823115;
0.023250;0.339421;0.359910;-0.699331;0.819600;
0.023260;0.337498;0.361792;-0.699291;0.816077;
0.023270;0.335572;0.363671;-0.699243;0.812546;
0.023280;0.333643;0.365546;-0.699189;0.809007;
0.023290;0.331710;0.367418;-0.699127;0.805460;
0.023300;0.329774;0.369286;-0.699059;0.801905;
0.023310;0.327834;0.371150;-0.698984;0.798342;
0.023320;0.325892;0.373010;-0.698902;0.794772;
0.023330;0.323946;0.374867;-0.698813;0.791193;
0.023340;0.321997;0.376721;-0.698717;0.787607;
0.023350;0.320045;0.378570;-0.698615;0.784012;
0.023360;0.318089;0.380416;-0.698505;0.780410;
0.023370;0.316131;0.382258;-0.698389;0.776801;
0.023380;0.314169;0.384096;-0.698265;0.773183;
0.023390;0.312204;0.385931;-0.698135;0.769558;
0.023400;0.310236;0.387761;-0.697998;0.765926;
0.023410;0.308266;0.389588;-0.697854;0.762286;
0.023420;0.306292;0.391411;-0.697703;0.758638;
0.023430;0.304315;0.393230;-0.697545;0.754983;
0.023440;0.302335;0.395045;-0.697380;0.751321;
0.023450;0.300352;0.396857;-0.697209;0.747651;
0.023460;0.298366;0.398664;-0.697030;0.743973;
0.023470;0.296377;0.400468;-0.696845;0.740289;
0.023480;0.294385;0.402267;-0.696653;0.736597;
0.023490;0.292391;0.404063;-0.696453;0.732897;
0.023500;0.290393;0.405854;-0.696247;0.729191;
0.023510;0.288393;0.407642;-0.696035;0.725477;
0.023520;0.286389;0.409425;-0.695815;0.721756;
0.023530;0.284383;0.411205;-0.695588;0.718028;
0.023540;0.282374;0.412980;-0.695355;0.714293;
0.023550;0.280363;0.414752;-0.695114;0.710551;
0.023560;0.278348;0.416519;-0.694867;0.706802;
0.023570;0.276331;0.418282;-0.694613;0.703046;
0.023580;0.274311;0.420041;-0.694352;0.699283;
0.023590;0.272289;0.421796;-0.694085;0.695513;
0.023600;0.270263;0.423547;-0.693810;0.691736;
0.023610;0.268235;0.425293;-0.693529;0.687952;
0.023620;0.266205;0.427036;-0.693240;0.684162;
0.023630;0.264171;0.428774;-0.692945;0.680365;
0.023640;0.262135;0.430508;-0.692643;0.676561;
0.023650;0.260097;0.432237;-0.692334;0.672750;
0.023660;0.258056;0.433963;-0.692019;0.668933;
0.023670;0.256012;0.435684;-0.691696;0.665109;
0.023680;0.253966;0.437401;-0.691367;0.661279;
0.023690;0.251918;0.439113;-0.691031;0.657442;
0.023700;0.249867;0.440821;-0.690688;0.653598;
0.023710;0.247813;0.442525;-0.690338;0.649749;
0.023720;0.245757;0.444224;-0.689981;0.645892;
0.023730;0.243699;0.445920;-0.689618;0.642030;
0.023740;0.241638;0.447610;-0.689248;0.638161;
0.023750;0.239575;0.449296;-0.688871;0.634285;
0.023760;0.237509;0.450978;-0.688487;0.630404;
0.023770;0.235441;0.452656;-0.688097;0.626516;
0.023780;0.233371;0.454328;-0.687699;0.622622;
0.023790;0.231298;0.455997;-0.687295;0.618722;
0.023800;0.229223;0.457661;-0.686884;0.614816;
0.023810;0.227146;0.459320;-0.686466;0.610904;
0.023820;0.225067;0.460975;-0.686042;0.606985;
0.023830;0.222985;0.462625;-0.685611;0.603061;
0.023840;0.220902;0.464271;-0.685172;0.599131;
0.023850;0.218816;0.465912;-0.684728;0.595195;
0.023860;0.216728;0.467549;-0.684276;0.591253;
0.023870;0.214637;0.469181;-0.683818;0.587305;
0.023880;0.212545;0.470808;-0.683353;0.583351;
0.023890;0.210450;0.472430;-0.682881;0.579392;
0.023900;0.208354;0.474048;-0.682402;0.575427;
0.023910;0.206255;0.475662;-0.681917;0.571456;
0.023920;0.204155;0.477270;-0.681425;0.567480;
0.023930;0.202052;0.478874;-0.680926;0.563497;
0.023940;0.199947;0.480473;-0.680421;0.559510;
0.023950;0.197841;0.482068;-0.679909;0.555517;
0.023960;0.195732;0.483658;-0.679390;0.551518;
0.023970;0.193622;0.485243;-0.678864;0.547514;
0.023980;0.191509;0.486823;-0.678332;0.543505;
0.023990;0.189395;0.488398;-0.677793;0.539490;
0.024000;0.187279;0.489968;-0.677247;0.535470;
0.024010;0.185161;0.491534;-0.676695;0.531444;
0.024020;0.183041;0.493095;-0.676136;0.527414;
0.024030;0.180919;0.494651;-0.675570;0.523378;
0.024040;0.178796;0.496202;-0.674998;0.519337;
0.024050;0.176671;0.497748;-0.674419;0.515290;
0.024060;0.174544;0.499289;-0.673833;0.511239;
0.024070;0.172415;0.500826;-0.673241;0.507183;
0.024080;0.170285;0.502357;-0.672642;0.503122;
0.024090;0.168153;0.503883;-0.672036;0.499055;
0.024100;0.166019;0.505405;-0.671424;0.494984;
0.024110;0.163884;0.506921;-0.670805;0.490908;
0.024120;0.161747;0.508433;-0.670179;0.486827;
0.024130;0.159608;0.509939;-0.669547;0.482741;
0.024140;0.157468;0.511441;-0.668909;0.478651;
0.024150;0.155326;0.512937;-0.668263;0.474556;
0.024160;0.153183;0.514428;-0.667611;0.470456;
0.024170;0.151038;0.515914;-0.666953;0.466351;
0.024180;0.148892;0.517396;-0.666288;0.462242;
0.024190;0.146744;0.518872;-0.665616;0.458128;
0.024200;0.144595;0.520342;-0.664938;0.454010;
0.024210;0.142445;0.521808;-0.664253;0.449887;
0.024220;0.140293;0.523269;-0.663562;0.445760;
0.024230;0.138139;0.524724;-0.662864;0.441629;
0.024240;0.135985;0.526175;-0.662159;0.437493;
0.024250;0.133829;0.527620;-0.661448;0.433352;
0.024260;0.131671;0.529060;-0.660731;0.429208;
0.024270;0.129512;0.530494;-0.660007;0.425059;
0.024280;0.127353;0.531924;-0.659276;0.420906;
0.024290;0.125191;0.533348;-0.658539;0.416749;
0.024300;0.123029;0.534767;-0.657795;0.412588;
0.024310;0.120865;0.536180;-0.657045;0.408423;
0.024320;0.118700;0.537589;-0.656289;0.404253;
0.024330;0.116534;0.538992;-0.655526;0.400080;
0.024340;0.114367;0.540389;-0.654756;0.395903;
0.024350;0.112199;0.541782;-0.653980;0.391722;
0.024360;0.110029;0.543169;-0.653198;0.387537;
0.024370;0.107859;0.544550;-0.652409;0.383348;
0.024380;0.105687;0.545927;-0.651614;0.379155;
0.024390;0.103515;0.547298;-0.650812;0.374959;
0.024400;0.101341;0.548663;-0.650004;0.370759;
0.024410;0.099166;0.550023;-0.649189;0.366555;
0.024420;0.096991;0.551378;-0.648368;0.362348;
0.024430;0.094814;0.552727;-0.647541;0.358137;
0.024440;0.092637;0.554071;-0.646707;0.353922;
0.024450;0.090458;0.555409;-0.645867;0.349704;
0.024460;0.088279;0.556742;-0.645021;0.345483;
0.024470;0.086099;0.558069;-0.644168;0.341258;
0.024480;0.083918;0.559391;-0.643309;0.337030;
0.024490;0.081736;0.560707;-0.642443;0.332798;
0.024500;0.079553;0.562018;-0.641571;0.328564;
0.024510;0.077370;0.563323;-0.640693;0.324325;
0.024520;0.075185;0.564623;-0.639808;0.320084;
0.024530;0.073001;0.565917;-0.638917;0.315840;
0.024540;0.070815;0.567205;-0.638020;0.311592;
0.024550;0.068628;0.568488;-0.637117;0.307342;
0.024560;0.066441;0.569765;-0.636207;0.303088;
0.024570;0.064254;0.571037;-0.635291;0.298831;
0.024580;0.062065;0.572303;-0.634368;0.294572;
0.024590;0.059876;0.573563;-0.633440;0.290309;
0.024600;0.057687;0.574818;-0.632505;0.286044;
0.024610;0.055497;0.576067;-0.631564;0.281776;
0.024620;0.053306;0.577311;-0.630617;0.277505;
0.024630;0.051115;0.578548;-0.629663;0.273231;
0.024640;0.048923;0.579780;-0.628703;0.268955;
0.024650;0.046731;0.581006;-0.627737;0.264676;
0.024660;0.044538;0.582227;-0.626765;0.260394;
0.024670;0.042345;0.583442;-0.625787;0.256110;
0.024680;0.040152;0.584651;-0.624802;0.251823;
0.024690;0.037958;0.585854;-0.623812;0.247534;
0.024700;0.035764;0.587051;-0.622815;0.243242;
0.024710;0.033569;0.588243;-0.621812;0.238948;
0.024720;0.031374;0.589429;-0.620803;0.234652;
0.024730;0.029179;0.590609;-0.619787;0.230353;
0.024740;0.026983;0.591783;-0.618766;0.226052;
0.024750;0.024787;0.592951;-0.617738;0.221749;
0.024760;0.022591;0.594114;-0.616705;0.217443;
0.024770;0.020395;0.595270;-0.615665;0.213136;
0.024780;0.018198;0.596421;-0.614619;0.208826;
0.024790;0.016002;0.597566;-0.613568;0.204514;
0.024800;0.013805;0.598705;-0.612510;0.200201;
0.024810;0.011608;0.599838;-0.611446;0.195885;
0.024820;0.009411;0.600965;-0.610376;0.191567;
0.024830;0.007214;0.602086;-0.609300;0.187248;
0.024840;0.005016;0.603201;-0.608218;0.182926;
0.024850;0.002819;0.604311;-0.607130;0.178603;
0.024860;0.000622;0.605414;-0.606036;0.174278;
0.024870;-0.001575;0.606512;-0.604936;0.169951;
0.024880;-0.003773;0.607603;-0.603830;0.165623;
0.024890;-0.005970;0.608688;-0.602718;0.161293;
0.024900;-0.008167;0.609768;-0.601600;0.156961;
0.024910;-0.010364;0.610841;-0.600477;0.152628;
0.024920;-0.012561;0.611908;-0.599347;0.148293;
0.024930;-0.014758;0.612970;-0.598211;0.143957;
0.024940;-0.016955;0.614025;-0.597070;0.139620;
0.024950;-0.019152;0.615074;-0.595922;0.135281;
0.024960;-0.021348;0.616117;-0.594769;0.130941;
0.024970;-0.023544;0.617154;-0.593610;0.126599;
0.024980;-0.025740;0.618185;-0.592445;0.122256;
0.024990;-0.027936;0.619210;-0.591274;0.117912;
0.025000;-0.030131;0.620229;-0.590097;0.113567;
0.025010;-0.032327;0.621241;-0.588915;0.109221;
0.025020;-0.034521;0.622248;-0.587726;0.104873;
0.025030;-0.036716;0.623248;-0.586532;0.100525;
0.025040;-0.038910;0.624242;-0.585332;0.096176;
0.025050;-0.041104;0.625230;-0.584127;0.091825;
0.025060;-0.043297;0.626212;-0.582915;0.087474;
0.025070;-0.045490;0.627188;-0.581698;0.083122;
0.025080;-0.047682;0.628157;-0.580475;0.078769;
0.025090;-0.049874;0.629121;-0.579246;0.074415;
0.025100;-0.052066;0.630078;-0.578012;0.070061;
0.025110;-0.054257;0.631028;-0.576772;0.065706;
0.025120;-0.056447;0.631973;-0.575526;0.061350;
0.025130;-0.058637;0.632911;-0.574274;0.056993;
0.025140;-0.060826;0.633844;-0.573017;0.052636;
0.025150;-0.063015;0.634769;-0.571754;0.048279;
0.025160;-0.065203;0.635689;-0.570486;0.043921;
0.025170;-0.067391;0.636602;-0.569212;0.039563;
0.025180;-0.069577;0.637510;-0.567932;0.035204;
0.025190;-0.071763;0.638410;-0.566647;0.030845;
0.025200;-0.073949;0.639305;-0.565356;0.026485;
0.025210;-0.076133;0.640193;-0.564059;0.022126;
0.025220;-0.078317;0.641075;-0.562757;0.017766;
0.025230;-0.080500;0.641950;-0.561450;0.013406;
0.025240;-0.082683;0.642819;-0.560137;0.009045;
0.025250;-0.084864;0.643682;-0.558818;0.004685;
0.025260;-0.087045;0.644539;-0.557494;0.000325;
0.025270;-0.089225;0.645389;-0.556164;-0.004036;
0.025280;-0.091404;0.646233;-0.554829;-0.008396;
0.025290;-0.093582;0.647070;-0.553488;-0.012756;
0.025300;-0.095759;0.647901;-0.552142;-0.017116;
0.025310;-0.097935;0.648726;-0.550791;-0.021476;
0.025320;-0.100110;0.649544;-0.549434;-0.025836;
0.025330;-0.102284;0.650356;-0.548071;-0.030195;
0.025340;-0.104458;0.651161;-0.546703;-0.034555;
0.025350;-0.106630;0.651960;-0.545330;-0.038913;
0.025360;-0.108801;0.652752;-0.543951;-0.043272;
0.025370;-0.110971;0.653538;-0.542567;-0.047630;
0.025380;-0.113140;0.654318;-0.541178;-0.051988;
0.025390;-0.115308;0.655091;-0.539783;-0.056345;
0.025400;-0.117474;0.655858;-0.538383;-0.060701;
0.025410;-0.119640;0.656618;-0.536978;-0.065057;
0.025420;-0.121804;0.657372;-0.535567;-0.069412;
0.025430;-0.123967;0.658119;-0.534152;-0.073767;
0.025440;-0.126129;0.658860;-0.532730;-0.078121;
0.025450;-0.128290;0.659594;-0.531304;-0.082474;
0.025460;-0.130449;0.660322;-0.529872;-0.086826;
0.025470;-0.132608;0.661043;-0.528435;-0.091177;
0.025480;-0.134764;0.661758;-0.526993;-0.095528;
0.025490;-0.136920;0.662466;-0.525546;-0.099877;
0.025500;-0.139074;0.663167;-0.524093;-0.104226;
0.025510;-0.141227;0.663862;-0.522636;-0.108573;
0.025520;-0.143378;0.664551;-0.521173;-0.112920;
0.025530;-0.145528;0.665233;-0.519705;-0.117265;
0.025540;-0.147677;0.665908;-0.518232;-0.121609;
0.025550;-0.149824;0.666577;-0.516753;-0.125952;
0.025560;-0.151969;0.667239;-0.515270;-0.130294;
0.025570;-0.154113;0.667895;-0.513782;-0.134635;
0.025580;-0.156256;0.668544;-0.512288;-0.138974;
0.025590;-0.158397;0.669187;-0.510790;-0.143311;
0.025600;-0.160536;0.669822;-0.509286;-0.147648;
0.025610;-0.162674;0.670452;-0.507777;-0.151983;
0.025620;-0.164811;0.671074;-0.506264;-0.156316;
0.025630;-0.166945;0.671690;-0.504745;-0.160648;
0.025640;-0.169078;0.672300;-0.503222;-0.164978;
0.025650;-0.171209;0.672902;-0.501693;-0.169307;
0.025660;-0.173339;0.673499;-0.500159;-0.173634;
0.025670;-0.175467;0.674088;-0.498621;-0.177959;
0.025680;-0.177593;0.674671;-0.497078;-0.182282;
0.025690;-0.179718;0.675247;-0.495529;-0.186604;
0.025700;-0.181840;0.675816;-0.493976;-0.190924;
0.025710;-0.183961;0.676379;-0.492418;-0.195242;
0.025720;-0.186080;0.676935;-0.490855;-0.199558;
0.025730;-0.188197;0.677485;-0.489287;-0.203872;
0.025740;-0.190313;0.678028;-0.487715;-0.208184;
0.025750;-0.192426;0.678564;-0.486137;-0.212494;
0.025760;-0.194538;0.679093;-0.484555;-0.216802;
0.025770;-0.196648;0.679616;-0.482968;-0.221108;
0.025780;-0.198755;0.680132;-0.481377;-0.225411;
0.025790;-0.200861;0.680641;-0.479780;-0.229713;
0.025800;-0.202965;0.681144;-0.478179;-0.234012;
0.025810;-0.205067;0.681639;-0.476573;-0.238309;
0.025820;-0.207166;0.682129;-0.474962;-0.242603;
0.025830;-0.209264;0.682611;-0.473347;-0.246895;
0.025840;-0.211360;0.683087;-0.471727;-0.251185;
0.025850;-0.213453;0.683555;-0.470102;-0.255472;
0.025860;-0.215545;0.684018;-0.468473;-0.259756;
0.025870;-0.217634;0.684473;-0.466839;-0.264038;
0.025880;-0.219721;0.684922;-0.465200;-0.268318;
0.025890;-0.221806;0.685363;-0.463557;-0.272595;
0.025900;-0.223889;0.685799;-0.461910;-0.276869;
0.025910;-0.225970;0.686227;-0.460257;-0.281140;
0.025920;-0.228048;0.686648;-0.458600;-0.285409;
0.025930;-0.230124;0.687063;-0.456939;-0.289674;
0.025940;-0.232198;0.687471;-0.455273;-0.293937;
0.025950;-0.234269;0.687872;-0.453603;-0.298197;
0.025960;-0.236339;0.688267;-0.451928;-0.302454;
0.025970;-0.238406;0.688654;-0.450249;-0.306708;
0.025980;-0.240470;0.689035;-0.448565;-0.310959;
0.025990;-0.242532;0.689409;-0.446877;-0.315207;
0.026000;-0.244592;0.689777;-0.445184;-0.319452;
0.026010;-0.246650;0.690137;-0.443487;-0.323694;
0.026020;-0.248705;0.690491;-0.441786;-0.327933;
0.026030;-0.250757;0.690837;-0.440080;-0.332168;
0.026040;-0.252807;0.691177;-0.438370;-0.336400;
0.026050;-0.254855;0.691511;-0.436656;-0.340629;
0.026060;-0.256900;0.691837;-0.434937;-0.344854;
0.026070;-0.258942;0.692156;-0.433214;-0.349076;
0.026080;-0.260982;0.692469;-0.431487;-0.353294;
0.026090;-0.263019;0.692775;-0.429756;-0.357509;
0.026100;-0.265054;0.693074;-0.428020;-0.361721;
0.026110;-0.267086;0.693366;-0.426280;-0.365929;
0.026120;-0.269116;0.693651;-0.424536;-0.370133;
0.026130;-0.271142;0.693930;-0.422787;-0.374333;
0.026140;-0.273167;0.694202;-0.421035;-0.378530;
0.026150;-0.275188;0.694466;-0.419278;-0.382724;
0.026160;-0.277207;0.694724;-0.417517;-0.386913;
0.026170;-0.279223;0.694975;-0.415753;-0.391099;
0.026180;-0.281236;0.695220;-0.413983;-0.395280;
0.026190;-0.283247;0.695457;-0.412210;-0.399458;
0.026200;-0.285254;0.695687;-0.410433;-0.403632;
0.026210;-0.287259;0.695911;-0.408652;-0.407802;
0.026220;-0.289261;0.696128;-0.406867;-0.411968;
0.026230;-0.291260;0.696338;-0.405077;-0.416130;
0.026240;-0.293257;0.696541;-0.403284;-0.420287;
0.026250;-0.295250;0.696737;-0.401487;-0.424441;
0.026260;-0.297241;0.696926;-0.399685;-0.428590;
0.026270;-0.299228;0.697108;-0.397880;-0.432735;
0.026280;-0.301213;0.697284;-0.396071;-0.436876;
0.026290;-0.303194;0.697453;-0.394258;-0.441013;
0.026300;-0.305173;0.697614;-0.392441;-0.445145;
0.026310;-0.307149;0.697769;-0.390620;-0.449273;
0.026320;-0.309121;0.697917;-0.388796;-0.453396;
0.026330;-0.311091;0.698058;-0.386967;-0.457515;
0.026340;-0.313057;0.698192;-0.385135;-0.461630;
0.026350;-0.315021;0.698320;-0.383299;-0.465739;
0.026360;-0.316981;0.698440;-0.381459;-0.469845;
0.026370;-0.318938;0.698553;-0.379615;-0.473945;
0.026380;-0.320892;0.698660;-0.377768;-0.478041;
0.026390;-0.322843;0.698760;-0.375917;-0.482132;
0.026400;-0.324791;0.698853;-0.374062;-0.486219;
0.026410;-0.326735;0.698939;-0.372203;-0.490301;
0.026420;-0.328676;0.699018;-0.370341;-0.494377;
0.026430;-0.330614;0.699090;-0.368475;-0.498449;
0.026440;-0.332549;0.699155;-0.366606;-0.502516;
0.026450;-0.334480;0.699213;-0.364733;-0.506578;
0.026460;-0.336409;0.699265;-0.362856;-0.510635;
0.026470;-0.338333;0.699309;-0.360976;-0.514687;
0.026480;-0.340255;0.699347;-0.359092;-0.518734;
0.026490;-0.342173;0.699377;-0.357205;-0.522776;
0.026500;-0.344088;0.699401;-0.355314;-0.526813;
0.026510;-0.345999;0.699418;-0.353419;-0.530844;
0.026520;-0.347907;0.699428;-0.351521;-0.534870;
0.026530;-0.349811;0.699431;-0.349620;-0.538891;
0.026540;-0.351712;0.699428;-0.347715;-0.542907;
0.026550;-0.353610;0.699417;-0.345807;-0.546917;
0.026560;-0.355504;0.699399;-0.343895;-0.550922;
0.026570;-0.357395;0.699375;-0.341980;-0.554922;
0.026580;-0.359282;0.699343;-0.340062;-0.558916;
0.026590;-0.361165;0.699305;-0.338140;-0.562904;
0.026600;-0.363045;0.699260;-0.336215;-0.566887;
0.026610;-0.364921;0.699208;-0.334286;-0.570864;
0.026620;-0.366794;0.699149;-0.332354;-0.574836;
0.026630;-0.368663;0.699083;-0.330419;-0.578802;
0.026640;-0.370529;0.699010;-0.328481;-0.582762;
0.026650;-0.372391;0.698930;-0.326540;-0.586716;
0.026660;-0.374249;0.698844;-0.324595;-0.590665;
0.026670;-0.376103;0.698750;-0.322647;-0.594608;
0.026680;-0.377954;0.698650;-0.320696;-0.598545;
0.026690;-0.379801;0.698542;-0.318741;-0.602476;
0.026700;-0.381644;0.698428;-0.316784;-0.606401;
0.026710;-0.383484;0.698307;-0.314823;-0.610321;
0.026720;-0.385320;0.698179;-0.312860;-0.614234;
0.026730;-0.387151;0.698044;-0.310893;-0.618141;
0.026740;-0.388980;0.697902;-0.308923;-0.622042;
0.026750;-0.390804;0.697754;-0.306950;-0.625937;
0.026760;-0.392624;0.697598;-0.304974;-0.629825;
0.026770;-0.394441;0.697436;-0.302995;-0.633708;
0.026780;-0.396253;0.697267;-0.301013;-0.637584;
0.026790;-0.398062;0.697090;-0.299028;-0.641454;
0.026800;-0.399867;0.696907;-0.297040;-0.645318;
0.026810;-0.401668;0.696717;-0.295050;-0.649175;
0.026820;-0.403465;0.696521;-0.293056;-0.653026;
0.026830;-0.405258;0.696317;-0.291059;-0.656870;
0.026840;-0.407046;0.696106;-0.289060;-0.660708;
0.026850;-0.408831;0.695889;-0.287058;-0.664539;
0.026860;-0.410612;0.695665;-0.285052;-0.668364;
0.026870;-0.412389;0.695433;-0.283044;-0.672182;
0.026880;-0.414162;0.695195;-0.281034;-0.675994;
0.026890;-0.415930;0.694950;-0.279020;-0.679799;
0.026900;-0.417695;0.694699;-0.277004;-0.683597;
0.026910;-0.419455;0.694440;-0.274985;-0.687388;
0.026920;-0.421212;0.694175;-0.272963;-0.691173;
0.026930;-0.422964;0.693902;-0.270939;-0.694951;
0.026940;-0.424712;0.693623;-0.268912;-0.698722;
0.026950;-0.426455;0.693337;-0.266882;-0.702486;
0.026960;-0.428195;0.693044;-0.264849;-0.706243;
0.026970;-0.429930;0.692745;-0.262814;-0.709993;
0.026980;-0.431661;0.692438;-0.260777;-0.713736;
0.026990;-0.433388;0.692125;-0.258737;-0.717472;
0.027000;-0.435111;0.691804;-0.256694;-0.721201;
0.027010;-0.436829;0.691477;-0.254649;-0.724923;
0.027020;-0.438543;0.691144;-0.252601;-0.728638;
0.027030;-0.440252;0.690803;-0.250551;-0.732346;
0.027040;-0.441958;0.690455;-0.248498;-0.736046;
0.027050;-0.443658;0.690101;-0.246443;-0.739739;
0.027060;-0.445355;0.689740;-0.244385;-0.743425;
0.027070;-0.447047;0.689372;-0.242325;-0.747103;
0.027080;-0.448735;0.688997;-0.240263;-0.750774;
0.027090;-0.450418;0.688616;-0.238198;-0.754438;
0.027100;-0.452097;0.688227;-0.236131;-0.758094;
0.027110;-0.453771;0.687832;-0.234061;-0.761743;
0.027120;-0.455441;0.687430;-0.231989;-0.765384;
0.027130;-0.457107;0.687022;-0.229915;-0.769018;
0.027140;-0.458767;0.686606;-0.227839;-0.772644;
0.027150;-0.460424;0.686184;-0.225760;-0.776262;
0.027160;-0.462076;0.685755;-0.223679;-0.779873;
0.027170;-0.463723;0.685319;-0.221596;-0.783476;
0.027180;-0.465366;0.684877;-0.219511;-0.787072;
0.027190;-0.467004;0.684427;-0.217424;-0.790659;
0.027200;-0.468637;0.683971;-0.215334;-0.794239;
0.027210;-0.470266;0.683509;-0.213243;-0.797811;
0.027220;-0.471890;0.683039;-0.211149;-0.801375;
0.027230;-0.473510;0.682563;-0.209053;-0.804931;
0.027240;-0.475125;0.682080;-0.206955;-0.808479;
0.027250;-0.476735;0.681590;-0.204855;-0.812020;
0.027260;-0.478340;0.681093;-0.202753;-0.815552;
0.027270;-0.479941;0.680590;-0.200649;-0.819076;
0.027280;-0.481537;0.680080;-0.198543;-0.822592;
0.027290;-0.483128;0.679564;-0.196435;-0.826100;
0.027300;-0.484715;0.679040;-0.194325;-0.829600;
0.027310;-0.486296;0.678510;-0.192214;-0.833092;
0.027320;-0.487873;0.677973;-0.190100;-0.836575;
0.027330;-0.489445;0.677430;-0.187984;-0.840050;
0.027340;-0.491013;0.676880;-0.185867;-0.843517;
0.027350;-0.492575;0.676323;-0.183748;-0.846976;
0.027360;-0.494133;0.675759;-0.181627;-0.850426;
0.027370;-0.495685;0.675189;-0.179504;-0.853868;
0.027380;-0.497233;0.674613;-0.177379;-0.857301;
0.027390;-0.498776;0.674029;-0.175253;-0.860726;
0.027400;-0.500314;0.673439;-0.173125;-0.864142;
0.027410;-0.501847;0.672842;-0.170995;-0.867550;
0.027420;-0.503375;0.672239;-0.168864;-0.870949;
0.027430;-0.504898;0.671629;-0.166730;-0.874340;
0.027440;-0.506416;0.671012;-0.164596;-0.877722;
0.027450;-0.507929;0.670389;-0.162459;-0.881096;
0.027460;-0.509438;0.669759;-0.160321;-0.884460;
0.027470;-0.510941;0.669122;-0.158182;-0.887816;
0.027480;-0.512439;0.668479;-0.156040;-0.891164;
0.027490;-0.513932;0.667829;-0.153898;-0.894502;
0.027500;-0.515420;0.667173;-0.151753;-0.897832;
0.027510;-0.516902;0.666510;-0.149608;-0.901152;
0.027520;-0.518380;0.665841;-0.147460;-0.904464;
0.027530;-0.519853;0.665165;-0.145312;-0.907767;
0.027540;-0.521320;0.664482;-0.143162;-0.911061;
0.027550;-0.522783;0.663793;-0.141010;-0.914346;
0.027560;-0.524240;0.663097;-0.138857;-0.917622;
0.027570;-0.525692;0.662395;-0.136703;-0.920889;
0.027580;-0.527139;0.661686;-0.134547;-0.924147;
0.027590;-0.528580;0.660971;-0.132390;-0.927396;
0.027600;-0.530017;0.660249;-0.130232;-0.930635;
0.027610;-0.531448;0.659520;-0.128073;-0.933865;
0.027620;-0.532874;0.658785;-0.125912;-0.937087;
0.027630;-0.534294;0.658044;-0.123750;-0.940298;
0.027640;-0.535710;0.657296;-0.121587;-0.943501;
0.027650;-0.537120;0.656542;-0.119422;-0.946694;
0.027660;-0.538525;0.655781;-0.117256;-0.949878;
0.027670;-0.539924;0.655014;-0.115090;-0.953053;
0.027680;-0.541318;0.654240;-0.112922;-0.956218;
0.027690;-0.542707;0.653460;-0.110753;-0.959374;
0.027700;-0.544090;0.652673;-0.108582;-0.962520;
0.027710;-0.545468;0.651880;-0.106411;-0.965657;
0.027720;-0.546841;0.651080;-0.104239;-0.968784;
0.027730;-0.548208;0.650274;-0.102066;-0.971902;
0.027740;-0.549570;0.649462;-0.099891;-0.975010;
0.027750;-0.550927;0.648643;-0.097716;-0.978108;
0.027760;-0.552278;0.647818;-0.095540;-0.981197;
0.027770;-0.553623;0.646986;-0.093363;-0.984276;
0.027780;-0.554963;0.646148;-0.091184;-0.987345;
0.027790;-0.556298;0.645304;-0.089005;-0.990405;
0.027800;-0.557627;0.644453;-0.086826;-0.993455;
0.027810;-0.558951;0.643596;-0.084645;-0.996495;
0.027820;-0.560269;0.642732;-0.082463;-0.999525;
0.027830;-0.561582;0.641862;-0.080281;-1.002546;
0.027840;-0.562889;0.640986;-0.078098;-1.005556;
0.027850;-0.564190;0.640104;-0.075914;-1.008557;
0.027860;-0.565486;0.639215;-0.073729;-1.011547;
0.027870;-0.566776;0.638320;-0.071543;-1.014528;
0.027880;-0.568061;0.637419;-0.069357;-1.017499;
0.027890;-0.569340;0.636511;-0.067170;-1.020459;
0.027900;-0.570614;0.635597;-0.064983;-1.023410;
0.027910;-0.571882;0.634677;-0.062795;-1.026350;
0.027920;-0.573144;0.633750;-0.060606;-1.029280;
0.027930;-0.574401;0.632817;-0.058417;-1.032200;
0.027940;-0.575652;0.631878;-0.056227;-1.035110;
0.027950;-0.576897;0.630933;-0.054036;-1.038010;
0.027960;-0.578136;0.629982;-0.051845;-1.040900;
0.027970;-0.579370;0.629024;-0.049654;-1.043779;
0.027980;-0.580598;0.628060;-0.047462;-1.046648;
0.027990;-0.581821;0.627090;-0.045269;-1.049506;
0.028000;-0.583037;0.626114;-0.043076;-1.052354;
0.028010;-0.584248;0.625131;-0.040883;-1.055192;
0.028020;-0.585453;0.624142;-0.038689;-1.058020;
0.028030;-0.586653;0.623148;-0.036495;-1.060836;
0.028040;-0.587846;0.622147;-0.034300;-1.063643;
0.028050;-0.589034;0.621140;-0.032106;-1.066439;
0.028060;-0.590216;0.620126;-0.029910;-1.069224;
0.028070;-0.591392;0.619107;-0.027715;-1.071999;
0.028080;-0.592562;0.618082;-0.025519;-1.074764;
0.028090;-0.593727;0.617050;-0.023323;-1.077517;
0.028100;-0.594885;0.616012;-0.021127;-1.080260;
0.028110;-0.596038;0.614969;-0.018931;-1.082993;
0.028120;-0.597185;0.613919;-0.016734;-1.085715;
0.028130;-0.598326;0.612863;-0.014537;-1.088426;
0.028140;-0.599461;0.611801;-0.012340;-1.091126;
0.028150;-0.600590;0.610733;-0.010143;-1.093815;
0.028160;-0.601713;0.609659;-0.007946;-1.096494;
0.028170;-0.602830;0.608579;-0.005749;-1.099162;
0.028180;-0.603942;0.607493;-0.003552;-1.101819;
0.028190;-0.605047;0.606401;-0.001354;-1.104465;
0.028200;-0.606146;0.605303;0.000843;-1.107100;
0.028210;-0.607240;0.604199;0.003040;-1.109725;
0.028220;-0.608327;0.603090;0.005238;-1.112338;
0.028230;-0.609409;0.601974;0.007435;-1.114941;
0.028240;-0.610484;0.600852;0.009632;-1.117532;
0.028250;-0.611553;0.599724;0.011829;-1.120112;
0.028260;-0.612617;0.598590;0.014026;-1.122682;
0.028270;-0.613674;0.597451;0.016223;-1.125240;
0.028280;-0.614725;0.596305;0.018420;-1.127787;
0.028290;-0.615770;0.595154;0.020616;-1.130323;
0.028300;-0.616809;0.593997;0.022812;-1.132848;
0.028310;-0.617842;0.592834;0.025008;-1.135362;
0.028320;-0.618869;0.591665;0.027204;-1.137864;
0.028330;-0.619890;0.590490;0.029400;-1.140355;
0.028340;-0.620904;0.589310;0.031595;-1.142835;
0.028350;-0.621913;0.588123;0.033790;-1.145304;
0.028360;-0.622915;0.586931;0.035984;-1.147761;
0.028370;-0.623912;0.585733;0.038179;-1.150207;
0.028380;-0.624902;0.584529;0.040372;-1.152642;
0.028390;-0.625886;0.583320;0.042566;-1.155065;
0.028400;-0.626863;0.582104;0.044759;-1.157477;
0.028410;-0.627835;0.580883;0.046952;-1.159878;
0.028420;-0.628800;0.579656;0.049144;-1.162267;
0.028430;-0.629759;0.578424;0.051335;-1.164645;
0.028440;-0.630712;0.577186;0.053527;-1.167011;
0.028450;-0.631659;0.575942;0.055717;-1.169365;
0.028460;-0.632599;0.574692;0.057907;-1.171708;
0.028470;-0.633534;0.573437;0.060097;-1.174040;
0.028480;-0.634462;0.572176;0.062286;-1.176360;
0.028490;-0.635383;0.570909;0.064474;-1.178668;
0.028500;-0.636299;0.569637;0.066662;-1.180965;
0.028510;-0.637208;0.568359;0.068849;-1.183250;
0.028520;-0.638111;0.567076;0.071035;-1.185523;
0.028530;-0.639007;0.565787;0.073220;-1.187784;
0.028540;-0.639898;0.564492;0.075405;-1.190034;
0.028550;-0.640782;0.563192;0.077589;-1.192272;
0.028560;-0.641659;0.561886;0.079773;-1.194499;
0.028570;-0.642530;0.560575;0.081955;-1.196713;
0.028580;-0.643395;0.559258;0.084137;-1.198916;
0.028590;-0.644254;0.557936;0.086318;-1.201107;
0.028600;-0.645106;0.556608;0.088498;-1.203286;
0.028610;-0.645952;0.555275;0.090678;-1.205453;
0.028620;-0.646792;0.553936;0.092856;-1.207609;
0.028630;-0.647625;0.552591;0.095033;-1.209752;
0.028640;-0.648451;0.551242;0.097210;-1.211884;
0.028650;-0.649272;0.549886;0.099385;-1.214003;
0.028660;-0.650086;0.548526;0.101560;-1.216111;
0.028670;-0.650893;0.547160;0.103733;-1.218206;
0.028680;-0.651694;0.545788;0.105906;-1.220290;
0.028690;-0.652489;0.544412;0.108077;-1.222361;
0.028700;-0.653277;0.543029;0.110248;-1.224420;
0.028710;-0.654059;0.541642;0.112417;-1.226468;
0.028720;-0.654834;0.540249;0.114585;-1.228503;
0.028730;-0.655603;0.538851;0.116752;-1.230526;
0.028740;-0.656365;0.537447;0.118918;-1.232537;
0.028750;-0.657121;0.536038;0.121083;-1.234536;
0.028760;-0.657871;0.534624;0.123247;-1.236522;
0.028770;-0.658613;0.533205;0.125409;-1.238497;
0.028780;-0.659350;0.531780;0.127570;-1.240459;
0.028790;-0.660080;0.530350;0.129730;-1.242409;
0.028800;-0.660803;0.528915;0.131888;-1.244346;
0.028810;-0.661520;0.527474;0.134046;-1.246272;
0.028820;-0.662230;0.526029;0.136202;-1.248185;
0.028830;-0.662934;0.524578;0.138356;-1.250085;
0.028840;-0.663631;0.523122;0.140509;-1.251974;
0.028850;-0.664322;0.521661;0.142661;-1.253850;
0.028860;-0.665006;0.520195;0.144812;-1.255714;
0.028870;-0.665684;0.518723;0.146961;-1.257565;
0.028880;-0.666355;0.517247;0.149108;-1.259404;
0.028890;-0.667019;0.515765;0.151254;-1.261230;
0.028900;-0.667677;0.514278;0.153399;-1.263044;
0.028910;-0.668328;0.512787;0.155542;-1.264846;
0.028920;-0.668973;0.511290;0.157683;-1.266635;
0.028930;-0.669611;0.509788;0.159823;-1.268411;
0.028940;-0.670243;0.508281;0.161962;-1.270175;
0.028950;-0.670868;0.506769;0.164099;-1.271927;
0.028960;-0.671486;0.505252;0.166234;-1.273666;
0.028970;-0.672097;0.503730;0.168367;-1.275392;
0.028980;-0.672702;0.502203;0.170499;-1.277106;
0.028990;-0.673301;0.500671;0.172629;-1.278807;
0.029000;-0.673892;0.499134;0.174758;-1.280495;
0.029010;-0.674477;0.497593;0.176885;-1.282171;
0.029020;-0.675056;0.496046;0.179010;-1.283835;
0.029030;-0.675627;0.494494;0.181133;-1.285485;
0.029040;-0.676192;0.492938;0.183254;-1.287123;
0.029050;-0.676751;0.491377;0.185374;-1.288748;
0.029060;-0.677303;0.489811;0.187492;-1.290361;
0.029070;-0.677848;0.488240;0.189608;-1.291960;
0.029080;-0.678386;0.486664;0.191722;-1.293547;
0.029090;-0.678917;0.485083;0.193834;-1.295122;
0.029100;-0.679442;0.483498;0.195945;-1.296683;
0.029110;-0.679961;0.481908;0.198053;-1.298232;
0.029120;-0.680472;0.480313;0.200159;-1.299768;
0.029130;-0.680977;0.478713;0.202264;-1.301291;
0.029140;-0.681475;0.477109;0.204366;-1.302801;
0.029150;-0.681966;0.475500;0.206467;-1.304298;
0.029160;-0.682451;0.473886;0.208565;-1.305782;
0.029170;-0.682929;0.472267;0.210661;-1.307254;
0.029180;-0.683400;0.470644;0.212756;-1.308713;
0.029190;-0.683864;0.469016;0.214848;-1.310158;
0.029200;-0.684322;0.467384;0.216938;-1.311591;
0.029210;-0.684773;0.465747;0.219026;-1.313011;
0.029220;-0.685217;0.464105;0.221111;-1.314418;
0.029230;-0.685654;0.462459;0.223195;-1.315812;
0.029240;-0.686085;0.460809;0.225276;-1.317193;
0.029250;-0.686509;0.459153;0.227355;-1.318561;
0.029260;-0.686926;0.457493;0.229432;-1.319915;
0.029270;-0.687336;0.455829;0.231507;-1.321257;
0.029280;-0.687739;0.454160;0.233579;-1.322586;
0.029290;-0.688136;0.452487;0.235649;-1.323902;
0.029300;-0.688526;0.450809;0.237717;-1.325205;
0.029310;-0.688909;0.449127;0.239782;-1.326494;
0.029320;-0.689285;0.447440;0.241845;-1.327771;
0.029330;-0.689655;0.445749;0.243906;-1.329034;
0.029340;-0.690018;0.444054;0.245964;-1.330285;
0.029350;-0.690374;0.442354;0.248020;-1.331522;
0.029360;-0.690723;0.440650;0.250073;-1.332746;
0.029370;-0.691065;0.438941;0.252124;-1.333957;
0.029380;-0.691400;0.437228;0.254172;-1.335155;
0.029390;-0.691729;0.435511;0.256218;-1.336339;
0.029400;-0.692051;0.433789;0.258261;-1.337511;
0.029410;-0.692366;0.432063;0.260302;-1.338669;
0.029420;-0.692674;0.430333;0.262340;-1.339814;
0.029430;-0.692975;0.428599;0.264376;-1.340945;
0.029440;-0.693270;0.426860;0.266409;-1.342064;
0.029450;-0.693557;0.425118;0.268439;-1.343169;
0.029460;-0.693838;0.423371;0.270467;-1.344261;
0.029470;-0.694112;0.421620;0.272492;-1.345340;
0.029480;-0.694379;0.419864;0.274515;-1.346405;
0.029490;-0.694639;0.418105;0.276534;-1.347457;
0.029500;-0.694892;0.416341;0.278551;-1.348496;
0.029510;-0.695139;0.414574;0.280565;-1.349522;
0.029520;-0.695379;0.412802;0.282577;-1.350534;
0.029530;-0.695611;0.411026;0.284585;-1.351533;
0.029540;-0.695837;0.409246;0.286591;-1.352519;
0.029550;-0.696056;0.407462;0.288594;-1.353491;
0.029560;-0.696268;0.405674;0.290594;-1.354450;
0.029570;-0.696474;0.403882;0.292592;-1.355395;
0.029580;-0.696672;0.402086;0.294586;-1.356327;
0.029590;-0.696864;0.400286;0.296577;-1.357246;
0.029600;-0.697048;0.398482;0.298566;-1.358151;
0.029610;-0.697226;0.396675;0.300552;-1.359043;
0.029620;-0.697397;0.394863;0.302534;-1.359922;
0.029630;-0.697561;0.393047;0.304514;-1.360787;
0.029640;-0.697718;0.391228;0.306490;-1.361639;
0.029650;-0.697868;0.389404;0.308464;-1.362477;
0.029660;-0.698012;0.387577;0.310435;-1.363302;
0.029670;-0.698148;0.385746;0.312402;-1.364113;
0.029680;-0.698278;0.383911;0.314367;-1.364911;
0.029690;-0.698401;0.382073;0.316328;-1.365695;
0.029700;-0.698516;0.380230;0.318286;-1.366466;
0.029710;-0.698625;0.378384;0.320241;-1.367223;
0.029720;-0.698727;0.376534;0.322193;-1.367967;
0.029730;-0.698822;0.374681;0.324142;-1.368698;
0.029740;-0.698911;0.372823;0.326087;-1.369415;
0.029750;-0.698992;0.370962;0.328030;-1.370118;
0.029760;-0.699066;0.369098;0.329969;-1.370808;
0.029770;-0.699134;0.367229;0.331904;-1.371484;
0.029780;-0.699195;0.365358;0.333837;-1.372147;
0.029790;-0.699248;0.363482;0.335766;-1.372796;
0.029800;-0.699295;0.361603;0.337692;-1.373432;
0.029810;-0.699335;0.359720;0.339615;-1.374054;
0.029820;-0.699368;0.357834;0.341534;-1.374663;
0.029830;-0.699394;0.355944;0.343450;-1.375258;
0.029840;-0.699413;0.354051;0.345362;-1.375840;
0.029850;-0.699426;0.352154;0.347271;-1.376407;
0.029860;-0.699431;0.350254;0.349177;-1.376962;
0.029870;-0.699430;0.348350;0.351079;-1.377502;
0.029880;-0.699421;0.346443;0.352978;-1.378030;
0.029890;-0.699406;0.344533;0.354873;-1.378543;
0.029900;-0.699384;0.342619;0.356765;-1.379043;
0.029910;-0.699355;0.340701;0.358653;-1.379529;
0.029920;-0.699319;0.338781;0.360538;-1.380002;
0.029930;-0.699276;0.336857;0.362419;-1.380461;
0.029940;-0.699226;0.334929;0.364296;-1.380906;
0.029950;-0.699169;0.332999;0.366170;-1.381338;
0.029960;-0.699105;0.331065;0.368041;-1.381756;
0.029970;-0.699035;0.329128;0.369907;-1.382161;
0.029980;-0.698958;0.327187;0.371770;-1.382552;
0.029990;-0.698873;0.325243;0.373630;-1.382929;
0.030000;-0.698782;0.323296;0.375486;-1.383293;
0.030010;-0.698684;0.321346;0.377338;-1.383643;
0.030020;-0.698579;0.319393;0.379186;-1.383979;
0.030030;-0.698467;0.317437;0.381030;-1.384302;
0.030040;-0.698348;0.315477;0.382871;-1.384611;
0.030050;-0.698223;0.313514;0.384708;-1.384906;
0.030060;-0.698090;0.311549;0.386541;-1.385188;
0.030070;-0.697950;0.309580;0.388371;-1.385456;
0.030080;-0.697804;0.307608;0.390196;-1.385710;
0.030090;-0.697651;0.305633;0.392018;-1.385950;
0.030100;-0.697491;0.303655;0.393836;-1.386177;
0.030110;-0.697324;0.301674;0.395650;-1.386391;
0.030120;-0.697150;0.299690;0.397460;-1.386590;
0.030130;-0.696969;0.297703;0.399266;-1.386776;
0.030140;-0.696781;0.295714;0.401068;-1.386948;
0.030150;-0.696587;0.293721;0.402866;-1.387107;
0.030160;-0.696385;0.291725;0.404660;-1.387252;
0.030170;-0.696177;0.289727;0.406451;-1.387383;
0.030180;-0.695962;0.287725;0.408237;-1.387500;
0.030190;-0.695740;0.285721;0.410019;-1.387604;
0.030200;-0.695511;0.283714;0.411797;-1.387694;
0.030210;-0.695275;0.281704;0.413571;-1.387770;
0.030220;-0.695033;0.279692;0.415341;-1.387833;
0.030230;-0.694783;0.277676;0.417107;-1.387882;
0.030240;-0.694527;0.275658;0.418869;-1.387917;
0.030250;-0.694264;0.273637;0.420627;-1.387939;
0.030260;-0.693994;0.271614;0.422380;-1.387947;
0.030270;-0.693717;0.269588;0.424129;-1.387941;
0.030280;-0.693433;0.267559;0.425875;-1.387921;
0.030290;-0.693143;0.265527;0.427615;-1.387888;
0.030300;-0.692845;0.263493;0.429352;-1.387841;
0.030310;-0.692541;0.261456;0.431085;-1.387781;
0.030320;-0.692230;0.259417;0.432813;-1.387706;
0.030330;-0.691912;0.257375;0.434537;-1.387618;
0.030340;-0.691587;0.255331;0.436257;-1.387517;
0.030350;-0.691256;0.253284;0.437972;-1.387401;
0.030360;-0.690917;0.251234;0.439683;-1.387272;
0.030370;-0.690572;0.249182;0.441390;-1.387129;
0.030380;-0.690220;0.247128;0.443092;-1.386973;
0.030390;-0.689861;0.245071;0.444790;-1.386803;
0.030400;-0.689495;0.243012;0.446484;-1.386619;
0.030410;-0.689123;0.240950;0.448173;-1.386421;
0.030420;-0.688744;0.238886;0.449857;-1.386210;
0.030430;-0.688358;0.236820;0.451538;-1.385985;
0.030440;-0.687965;0.234751;0.453214;-1.385747;
0.030450;-0.687565;0.232680;0.454885;-1.385494;
0.030460;-0.687159;0.230607;0.456552;-1.385228;
0.030470;-0.686746;0.228531;0.458214;-1.384949;
0.030480;-0.686326;0.226453;0.459872;-1.384655;
0.030490;-0.685899;0.224373;0.461525;-1.384349;
0.030500;-0.685465;0.222291;0.463174;-1.384028;
0.030510;-0.685025;0.220206;0.464818;-1.383694;
0.030520;-0.684578;0.218120;0.466458;-1.383346;
0.030530;-0.684124;0.216031;0.468093;-1.382984;
0.030540;-0.683664;0.213940;0.469723;-1.382609;
0.030550;-0.683196;0.211847;0.471349;-1.382220;
0.030560;-0.682722;0.209752;0.472970;-1.381818;
0.030570;-0.682241;0.207655;0.474587;-1.381401;
0.030580;-0.681754;0.205555;0.476199;-1.380972;
0.030590;-0.681260;0.203454;0.477806;-1.380528;
0.030600;-0.680759;0.201351;0.479408;-1.380071;
0.030610;-0.680251;0.199245;0.481005;-1.379601;
0.030620;-0.679736;0.197138;0.482598;-1.379116;
0.030630;-0.679215;0.195029;0.484186;-1.378618;
0.030640;-0.678688;0.192918;0.485770;-1.378107;
0.030650;-0.678153;0.190805;0.487348;-1.377582;
0.030660;-0.677612;0.188690;0.488922;-1.377043;
0.030670;-0.677064;0.186573;0.490491;-1.376491;
0.030680;-0.676509;0.184454;0.492055;-1.375925;
0.030690;-0.675948;0.182334;0.493614;-1.375345;
0.030700;-0.675380;0.180212;0.495168;-1.374752;
0.030710;-0.674806;0.178088;0.496718;-1.374146;
0.030720;-0.674224;0.175962;0.498262;-1.373526;
0.030730;-0.673636;0.173834;0.499802;-1.372892;
0.030740;-0.673042;0.171705;0.501337;-1.372245;
0.030750;-0.672441;0.169574;0.502866;-1.371584;
0.030760;-0.671833;0.167442;0.504391;-1.370910;
0.030770;-0.671218;0.165307;0.505911;-1.370222;
0.030780;-0.670597;0.163171;0.507426;-1.369520;
0.030790;-0.669969;0.161034;0.508935;-1.368805;
0.030800;-0.669335;0.158895;0.510440;-1.368077;
0.030810;-0.668694;0.156754;0.511940;-1.367335;
0.030820;-0.668047;0.154612;0.513435;-1.366580;
0.030830;-0.667393;0.152468;0.514924;-1.365811;
0.030840;-0.666732;0.150323;0.516409;-1.365028;
0.030850;-0.666065;0.148176;0.517888;-1.364233;
0.030860;-0.665391;0.146028;0.519362;-1.363423;
0.030870;-0.664710;0.143879;0.520832;-1.362600;
0.030880;-0.664023;0.141728;0.522296;-1.361764;
0.030890;-0.663330;0.139575;0.523755;-1.360915;
0.030900;-0.662630;0.137421;0.525208;-1.360051;
0.030910;-0.661923;0.135266;0.526657;-1.359175;
0.030920;-0.661210;0.133110;0.528100;-1.358285;
0.030930;-0.660490;0.130952;0.529538;-1.357382;
0.030940;-0.659764;0.128793;0.530971;-1.356465;
0.030950;-0.659031;0.126632;0.532399;-1.355535;
0.030960;-0.658292;0.124471;0.533821;-1.354591;
0.030970;-0.657546;0.122308;0.535238;-1.353634;
0.030980;-0.656794;0.120144;0.536650;-1.352664;
0.030990;-0.656035;0.117978;0.538057;-1.351681;
0.031000;-0.655270;0.115812;0.539458;-1.350684;
0.031010;-0.654498;0.113644;0.540854;-1.349673;
0.031020;-0.653720;0.111476;0.542245;-1.348650;
0.031030;-0.652936;0.109306;0.543630;-1.347613;
0.031040;-0.652145;0.107135;0.545010;-1.346563;
0.031050;-0.651347;0.104963;0.546384;-1.345499;
0.031060;-0.650543;0.102790;0.547753;-1.344423;
0.031070;-0.649733;0.100616;0.549117;-1.343333;
0.031080;-0.648917;0.098441;0.550475;-1.342229;
0.031090;-0.648093;0.096265;0.551828;-1.341113;
0.031100;-0.647264;0.094088;0.553175;-1.339983;
0.031110;-0.646428;0.091911;0.554517;-1.338840;
0.031120;-0.645586;0.089732;0.555854;-1.337684;
0.031130;-0.644737;0.087552;0.557185;-1.336514;
0.031140;-0.643882;0.085372;0.558510;-1.335332;
0.031150;-0.643021;0.083190;0.559830;-1.334136;
0.031160;-0.642153;0.081008;0.561145;-1.332927;
0.031170;-0.641279;0.078825;0.562454;-1.331705;
0.031180;-0.640399;0.076642;0.563757;-1.330470;
0.031190;-0.639512;0.074457;0.565055;-1.329221;
0.031200;-0.638619;0.072272;0.566347;-1.327960;
0.031210;-0.637720;0.070086;0.567634;-1.326685;
0.031220;-0.636814;0.067900;0.568915;-1.325398;
0.031230;-0.635902;0.065712;0.570190;-1.324097;
0.031240;-0.634984;0.063524;0.571460;-1.322783;
0.031250;-0.634060;0.061336;0.572724;-1.321456;
0.031260;-0.633129;0.059147;0.573982;-1.320116;
0.031270;-0.632192;0.056957;0.575235;-1.318763;
0.031280;-0.631249;0.054767;0.576482;-1.317397;
0.031290;-0.630299;0.052576;0.577724;-1.316018;
0.031300;-0.629344;0.050384;0.578960;-1.314626;
0.031310;-0.628382;0.048192;0.580190;-1.313221;
0.031320;-0.627414;0.046000;0.581414;-1.311803;
0.031330;-0.626440;0.043807;0.582632;-1.310373;
0.031340;-0.625459;0.041614;0.583845;-1.308929;
0.031350;-0.624473;0.039420;0.585052;-1.307472;
0.031360;-0.623480;0.037226;0.586254;-1.306002;
0.031370;-0.622481;0.035032;0.587449;-1.304520;
0.031380;-0.621476;0.032837;0.588639;-1.303025;
0.031390;-0.620465;0.030642;0.589823;-1.301516;
0.031400;-0.619448;0.028447;0.591001;-1.299995;
0.031410;-0.618424;0.026251;0.592173;-1.298461;
0.031420;-0.617395;0.024055;0.593339;-1.296915;
0.031430;-0.616359;0.021859;0.594500;-1.295355;
0.031440;-0.615317;0.019663;0.595655;-1.293783;
0.031450;-0.614270;0.017466;0.596803;-1.292198;
0.031460;-0.613216;0.015270;0.597946;-1.290600;
0.031470;-0.612156;0.013073;0.599083;-1.288989;
0.031480;-0.611090;0.010876;0.600214;-1.287366;
0.031490;-0.610018;0.008679;0.601339;-1.285730;
0.031500;-0.608940;0.006481;0.602459;-1.284081;
0.031510;-0.607856;0.004284;0.603572;-1.282420;
0.031520;-0.606766;0.002087;0.604679;-1.280746;
0.031530;-0.605670;-0.000111;0.605781;-1.279059;
0.031540;-0.604568;-0.002308;0.606876;-1.277360;
0.031550;-0.603460;-0.004505;0.607965;-1.275648;
0.031560;-0.602346;-0.006702;0.609049;-1.273924;
0.031570;-0.601226;-0.008900;0.610126;-1.272186;
0.031580;-0.600101;-0.011097;0.611197;-1.270437;
0.031590;-0.598969;-0.013294;0.612263;-1.268675;
0.031600;-0.597831;-0.015491;0.613322;-1.266900;
0.031610;-0.596688;-0.017687;0.614375;-1.265113;
0.031620;-0.595539;-0.019884;0.615422;-1.263313;
0.031630;-0.594383;-0.022080;0.616464;-1.261501;
0.031640;-0.593222;-0.024276;0.617499;-1.259676;
0.031650;-0.592055;-0.026472;0.618527;-1.257839;
0.031660;-0.590882;-0.028668;0.619550;-1.255990;
0.031670;-0.589704;-0.030863;0.620567;-1.254128;
0.031680;-0.588519;-0.033058;0.621577;-1.252254;
0.031690;-0.587329;-0.035253;0.622582;-1.250367;
0.031700;-0.586133;-0.037447;0.623580;-1.248469;
0.031710;-0.584931;-0.039641;0.624572;-1.246557;
0.031720;-0.583723;-0.041835;0.625558;-1.244634;
0.031730;-0.582510;-0.044028;0.626538;-1.242698;
0.031740;-0.581291;-0.046221;0.627512;-1.240750;
0.031750;-0.580066;-0.048413;0.628479;-1.238790;
0.031760;-0.578835;-0.050605;0.629440;-1.236817;
0.031770;-0.577599;-0.052796;0.630395;-1.234832;
0.031780;-0.576357;-0.054987;0.631344;-1.232835;
0.031790;-0.575109;-0.057177;0.632287;-1.230826;
0.031800;-0.573856;-0.059367;0.633223;-1.228805;
0.031810;-0.572597;-0.061556;0.634153;-1.226772;
0.031820;-0.571332;-0.063745;0.635077;-1.224726;
0.031830;-0.570062;-0.065932;0.635994;-1.222669;
0.031840;-0.568786;-0.068120;0.636906;-1.220599;
0.031850;-0.567504;-0.070306;0.637810;-1.218517;
0.031860;-0.566217;-0.072492;0.638709;-1.216423;
0.031870;-0.564924;-0.074677;0.639602;-1.214318;
0.031880;-0.563626;-0.076862;0.640488;-1.212200;
0.031890;-0.562322;-0.079045;0.641367;-1.210070;
0.031900;-0.561013;-0.081228;0.642241;-1.207929;
0.031910;-0.559698;-0.083410;0.643108;-1.205775;
0.031920;-0.558377;-0.085591;0.643968;-1.203610;
0.031930;-0.557051;-0.087772;0.644823;-1.201432;
0.031940;-0.555720;-0.089951;0.645671;-1.199243;
0.031950;-0.554383;-0.092130;0.646512;-1.197042;
0.031960;-0.553040;-0.094308;0.647348;-1.194829;
0.031970;-0.551692;-0.096484;0.648177;-1.192605;
0.031980;-0.550339;-0.098660;0.648999;-1.190368;
0.031990;-0.548980;-0.100835;0.649815;-1.188120;
0.032000;-0.547616;-0.103009;0.650625;-1.185860;
0.032010;-0.546246;-0.105182;0.651428;-1.183589;
0.032020;-0.544871;-0.107354;0.652225;-1.181306;
0.032030;-0.543491;-0.109524;0.653015;-1.179011;
0.032040;-0.542105;-0.111694;0.653799;-1.176704;
0.032050;-0.540714;-0.113863;0.654576;-1.174386;
0.032060;-0.539317;-0.116030;0.655347;-1.172056;
0.032070;-0.537916;-0.118196;0.656112;-1.169715;
0.032080;-0.536508;-0.120362;0.656870;-1.167362;
0.032090;-0.535096;-0.122525;0.657622;-1.164998;
0.032100;-0.533678;-0.124688;0.658367;-1.162622;
0.032110;-0.532255;-0.126850;0.659105;-1.160234;
0.032120;-0.530827;-0.129010;0.659837;-1.157836;
0.032130;-0.529394;-0.131169;0.660563;-1.155425;
0.032140;-0.527955;-0.133327;0.661282;-1.153004;
0.032150;-0.526511;-0.135483;0.661994;-1.150571;
0.032160;-0.525062;-0.137638;0.662700;-1.148126;
0.032170;-0.523608;-0.139792;0.663400;-1.145671;
0.032180;-0.522149;-0.141944;0.664093;-1.143204;
0.032190;-0.520684;-0.144095;0.664779;-1.140725;
0.032200;-0.519214;-0.146244;0.665459;-1.138236;
0.032210;-0.517739;-0.148392;0.666132;-1.135735;
0.032220;-0.516260;-0.150539;0.666799;-1.133223;
0.032230;-0.514775;-0.152684;0.667459;-1.130700;
0.032240;-0.513284;-0.154828;0.668112;-1.128165;
0.032250;-0.511789;-0.156970;0.668759;-1.125620;
0.032260;-0.510289;-0.159110;0.669399;-1.123063;
0.032270;-0.508784;-0.161249;0.670033;-1.120496;
0.032280;-0.507273;-0.163387;0.670660;-1.117917;
0.032290;-0.505758;-0.165522;0.671280;-1.115327;
0.032300;-0.504238;-0.167656;0.671894;-1.112726;
0.032310;-0.502713;-0.169789;0.672501;-1.110115;
0.032320;-0.501182;-0.171920;0.673102;-1.107492;
0.032330;-0.499647;-0.174049;0.673696;-1.104858;
0.032340;-0.498107;-0.176176;0.674283;-1.102214;
0.032350;-0.496562;-0.178302;0.674864;-1.099558;
0.032360;-0.495012;-0.180425;0.675438;-1.096892;
0.032370;-0.493457;-0.182547;0.676005;-1.094215;
0.032380;-0.491898;-0.184668;0.676565;-1.091527;
0.032390;-0.490333;-0.186786;0.677119;-1.088828;
0.032400;-0.488764;-0.188903;0.677667;-1.086119;
0.032410;-0.487190;-0.191018;0.678207;-1.083399;
0.032420;-0.485611;-0.193130;0.678741;-1.080668;
0.032430;-0.484027;-0.195241;0.679268;-1.077927;
0.032440;-0.482438;-0.197350;0.679789;-1.075174;
0.032450;-0.480845;-0.199457;0.680302;-1.072412;
0.032460;-0.479247;-0.201562;0.680809;-1.069638;
0.032470;-0.477644;-0.203666;0.681310;-1.066854;
0.032480;-0.476037;-0.205767;0.681803;-1.064060;
0.032490;-0.474424;-0.207866;0.682290;-1.061255;
0.032500;-0.472807;-0.209963;0.682770;-1.058440;
0.032510;-0.471186;-0.212058;0.683244;-1.055614;
0.032520;-0.469560;-0.214151;0.683710;-1.052778;
0.032530;-0.467929;-0.216241;0.684170;-1.049931;
0.032540;-0.466293;-0.218330;0.684623;-1.047074;
0.032550;-0.464653;-0.220416;0.685070;-1.044207;
0.032560;-0.463009;-0.222501;0.685509;-1.041329;
0.032570;-0.461359;-0.224583;0.685942;-1.038441;
0.032580;-0.459706;-0.226663;0.686368;-1.035543;
0.032590;-0.458047;-0.228740;0.686787;-1.032634;
0.032600;-0.456384;-0.230816;0.687200;-1.029716;
0.032610;-0.454717;-0.232889;0.687606;-1.026787;
0.032620;-0.453045;-0.234959;0.688005;-1.023848;
0.032630;-0.451369;-0.237028;0.688397;-1.020899;
0.032640;-0.449688;-0.239094;0.688782;-1.017940;
0.032650;-0.448003;-0.241158;0.689161;-1.014971;
0.032660;-0.446313;-0.243219;0.689533;-1.011992;
0.032670;-0.444619;-0.245278;0.689898;-1.009003;
0.032680;-0.442921;-0.247335;0.690256;-1.006004;
0.032690;-0.441218;-0.249389;0.690607;-1.002995;
0.032700;-0.439511;-0.251441;0.690952;-0.999976;
0.032710;-0.437799;-0.253490;0.691289;-0.996947;
0.032720;-0.436084;-0.255536;0.691620;-0.993908;
0.032730;-0.434364;-0.257581;0.691944;-0.990860;
0.032740;-0.432639;-0.259622;0.692261;-0.987802;
0.032750;-0.430911;-0.261661;0.692572;-0.984734;
0.032760;-0.429178;-0.263698;0.692875;-0.981656;
0.032770;-0.427440;-0.265732;0.693172;-0.978569;
0.032780;-0.425699;-0.267763;0.693462;-0.975472;
0.032790;-0.423954;-0.269792;0.693745;-0.972365;
0.032800;-0.422204;-0.271817;0.694021;-0.969249;
0.032810;-0.420450;-0.273841;0.694291;-0.966123;
0.032820;-0.418692;-0.275861;0.694553;-0.962988;
0.032830;-0.416930;-0.277879;0.694809;-0.959843;
0.032840;-0.415163;-0.279894;0.695058;-0.956689;
0.032850;-0.413393;-0.281907;0.695299;-0.953525;
0.032860;-0.411618;-0.283916;0.695535;-0.950352;
0.032870;-0.409840;-0.285923;0.695763;-0.947169;
0.032880;-0.408057;-0.287927;0.695984;-0.943977;
0.032890;-0.406271;-0.289928;0.696198;-0.940776;
0.032900;-0.404480;-0.291926;0.696406;-0.937565;
0.032910;-0.402685;-0.293921;0.696607;-0.934346;
0.032920;-0.400887;-0.295914;0.696801;-0.931117;
0.032930;-0.399084;-0.297903;0.696988;-0.927879;
0.032940;-0.397278;-0.299890;0.697168;-0.924631;
0.032950;-0.395467;-0.301874;0.697341;-0.921375;
0.032960;-0.393653;-0.303854;0.697507;-0.918109;
0.032970;-0.391835;-0.305832;0.697667;-0.914835;
0.032980;-0.390013;-0.307807;0.697819;-0.911551;
0.032990;-0.388187;-0.309778;0.697965;-0.908258;
0.033000;-0.386357;-0.311747;0.698104;-0.904957;
0.033010;-0.384523;-0.313712;0.698235;-0.901646;
0.033020;-0.382686;-0.315674;0.698360;-0.898327;
0.033030;-0.380845;-0.317634;0.698479;-0.894998;
0.033040;-0.379000;-0.319590;0.698590;-0.891661;
0.033050;-0.377151;-0.321543;0.698694;-0.888315;
0.033060;-0.375299;-0.323493;0.698792;-0.884961;
0.033070;-0.373443;-0.325439;0.698882;-0.881597;
0.033080;-0.371583;-0.327382;0.698966;-0.878225;
0.033090;-0.369720;-0.329323;0.699042;-0.874844;
0.033100;-0.367853;-0.331260;0.699112;-0.871455;
0.033110;-0.365982;-0.333193;0.699175;-0.868057;
0.033120;-0.364108;-0.335123;0.699231;-0.864650;
0.033130;-0.362230;-0.337051;0.699280;-0.861235;
0.033140;-0.360348;-0.338974;0.699322;-0.857812;
0.033150;-0.358463;-0.340895;0.699358;-0.854379;
0.033160;-0.356575;-0.342812;0.699386;-0.850939;
0.033170;-0.354683;-0.344725;0.699408;-0.847490;
0.033180;-0.352787;-0.346635;0.699422;-0.844033;
0.033190;-0.350888;-0.348542;0.699430;-0.840567;
0.033200;-0.348985;-0.350445;0.699431;-0.837093;
0.033210;-0.347079;-0.352345;0.699425;-0.833611;
0.033220;-0.345170;-0.354242;0.699412;-0.830121;
0.033230;-0.343257;-0.356135;0.699392;-0.826622;
0.033240;-0.341341;-0.358024;0.699365;-0.823115;
0.033250;-0.339421;-0.359910;0.699331;-0.819600;
0.033260;-0.337498;-0.361792;0.699291;-0.816077;
0.033270;-0.335572;-0.363671;0.699243;-0.812546;
0.033280;-0.333643;-0.365546;0.699189;-0.809007;
0.033290;-0.331710;-0.367418;0.699127;-0.805460;
0.033300;-0.329774;-0.369286;0.699059;-0.801905;
0.033310;-0.327834;-0.371150;0.698984;-0.798342;
0.033320;-0.325892;-0.373010;0.698902;-0.794772;
0.033330;-0.323946;-0.374867;0.698813;-0.791193;
0.033340;-0.321997;-0.376721;0.698717;-0.787607;
0.033350;-0.320045;-0.378570;0.698615;-0.784012;
0.033360;-0.318089;-0.380416;0.698505;-0.780410;
0.033370;-0.316131;-0.382258;0.698389;-0.776801;
0.033380;-0.314169;-0.384096;0.698265;-0.773183;
0.033390;-0.312204;-0.385931;0.698135;-0.769558;
0.033400;-0.310236;-0.387761;0.697998;-0.765926;
0.033410;-0.308266;-0.389588;0.697854;-0.762286;
0.033420;-0.306292;-0.391411;0.697703;-0.758638;
0.033430;-0.304315;-0.393230;0.697545;-0.754983;
0.033440;-0.302335;-0.395045;0.697380;-0.751321;
0.033450;-0.300352;-0.396857;0.697209;-0.747651;
0.033460;-0.298366;-0.398664;0.697030;-0.743973;
0.033470;-0.296377;-0.400468;0.696845;-0.740289;
0.033480;-0.294385;-0.402267;0.696653;-0.736597;
0.033490;-0.292391;-0.404063;0.696453;-0.732897;
0.033500;-0.290393;-0.405854;0.696247;-0.729191;
0.033510;-0.288393;-0.407642;0.696035;-0.725477;
0.033520;-0.286389;-0.409425;0.695815;-0.721756;
0.033530;-0.284383;-0.411205;0.695588;-0.718028;
0.033540;-0.282374;-0.412980;0.695355;-0.714293;
0.033550;-0.280363;-0.414752;0.695114;-0.710551;
0.033560;-0.278348;-0.416519;0.694867;-0.706802;
0.033570;-0.276331;-0.418282;0.694613;-0.703046;
0.033580;-0.274311;-0.420041;0.694352;-0.699283;
0.033590;-0.272289;-0.421796;0.694085;-0.695513;
0.033600;-0.270263;-0.423547;0.693810;-0.691736;
0.033610;-0.268235;-0.425293;0.693529;-0.687952;
0.033620;-0.266205;-0.427036;0.693240;-0.684162;
0.033630;-0.264171;-0.428774;0.692945;-0.680365;
0.033640;-0.262135;-0.430508;0.692643;-0.676561;
0.033650;-0.260097;-0.432237;0.692334;-0.672750;
0.033660;-0.258056;-0.433963;0.692019;-0.668933;
0.033670;-0.256012;-0.435684;0.691696;-0.665109;
0.033680;-0.253966;-0.437401;0.691367;-0.661279;
0.033690;-0.251918;-0.439113;0.691031;-0.657442;
0.033700;-0.249867;-0.440821;0.690688;-0.653598;
0.033710;-0.247813;-0.442525;0.690338;-0.649749;
0.033720;-0.245757;-0.444224;0.689981;-0.645892;
0.033730;-0.243699;-0.445920;0.689618;-0.642030;
0.033740;-0.241638;-0.447610;0.689248;-0.638161;
0.033750;-0.239575;-0.449296;0.688871;-0.634285;
0.033760;-0.237509;-0.450978;0.688487;-0.630404;
0.033770;-0.235441;-0.452656;0.688097;-0.626516;
0.033780;-0.233371;-0.454328;0.687699;-0.622622;
0.033790;-0.231298;-0.455997;0.687295;-0.618722;
0.033800;-0.229223;-0.457661;0.686884;-0.614816;
0.033810;-0.227146;-0.459320;0.686466;-0.610904;
0.033820;-0.225067;-0.460975;0.686042;-0.606985;
0.033830;-0.222985;-0.462625;0.685611;-0.603061;
0.033840;-0.220902;-0.464271;0.685172;-0.599131;
0.033850;-0.218816;-0.465912;0.684728;-0.595195;
0.033860;-0.216728;-0.467549;0.684276;-0.591253;
0.033870;-0.214637;-0.469181;0.683818;-0.587305;
0.033880;-0.212545;-0.470808;0.683353;-0.583351;
0.033890;-0.210450;-0.472430;0.682881;-0.579392;
0.033900;-0.208354;-0.474048;0.682402;-0.575427;
0.033910;-0.206255;-0.475662;0.681917;-0.571456;
0.033920;-0.204155;-0.477270;0.681425;-0.567480;
0.033930;-0.202052;-0.478874;0.680926;-0.563497;
0.033940;-0.199947;-0.480473;0.680421;-0.559510;
0.033950;-0.197841;-0.482068;0.679909;-0.555517;
0.033960;-0.195732;-0.483658;0.679390;-0.551518;
0.033970;-0.193622;-0.485243;0.678864;-0.547514;
0.033980;-0.191509;-0.486823;0.678332;-0.543505;
0.033990;-0.189395;-0.488398;0.677793;-0.539490;
0.034000;-0.187279;-0.489968;0.677247;-0.535470;
0.034010;-0.185161;-0.491534;0.676695;-0.531444;
0.034020;-0.183041;-0.493095;0.676136;-0.527414;
0.034030;-0.180919;-0.494651;0.675570;-0.523378;
0.034040;-0.178796;-0.496202;0.674998;-0.519337;
0.034050;-0.176671;-0.497748;0.674419;-0.515290;
0.034060;-0.174544;-0.499289;0.673833;-0.511239;
0.034070;-0.172415;-0.500826;0.673241;-0.507183;
0.034080;-0.170285;-0.502357;0.672642;-0.503122;
0.034090;-0.168153;-0.503883;0.672036;-0.499055;
0.034100;-0.166019;-0.505405;0.671424;-0.494984;
0.034110;-0.163884;-0.506921;0.670805;-0.490908;
0.034120;-0.161747;-0.508433;0.670179;-0.486827;
0.034130;-0.159608;-0.509939;0.669547;-0.482741;
0.034140;-0.157468;-0.511441;0.668909;-0.478651;
0.034150;-0.155326;-0.512937;0.668263;-0.474556;
0.034160;-0.153183;-0.514428;0.667611;-0.470456;
0.034170;-0.151038;-0.515914;0.666953;-0.466351;
0.034180;-0.148892;-0.517396;0.666288;-0.462242;
0.034190;-0.146744;-0.518872;0.665616;-0.458128;
0.034200;-0.144595;-0.520342;0.664938;-0.454010;
0.034210;-0.142445;-0.521808;0.664253;-0.449887;
0.034220;-0.140293;-0.523269;0.663562;-0.445760;
0.034230;-0.138139;-0.524724;0.662864;-0.441629;
0.034240;-0.135985;-0.526175;0.662159;-0.437493;
0.034250;-0.133829;-0.527620;0.661448;-0.433352;
0.034260;-0.131671;-0.529060;0.660731;-0.429208;
0.034270;-0.129512;-0.530494;0.660007;-0.425059;
0.034280;-0.127353;-0.531924;0.659276;-0.420906;
0.034290;-0.125191;-0.533348;0.658539;-0.416749;
0.034300;-0.123029;-0.534767;0.657795;-0.412588;
0.034310;-0.120865;-0.536180;0.657045;-0.408423;
0.034320;-0.118700;-0.537589;0.656289;-0.404253;
0.034330;-0.116534;-0.538992;0.655526;-0.400080;
0.034340;-0.114367;-0.540389;0.654756;-0.395903;
0.034350;-0.112199;-0.541782;0.653980;-0.391722;
0.034360;-0.110029;-0.543169;0.653198;-0.387537;
0.034370;-0.107859;-0.544550;0.652409;-0.383348;
0.034380;-0.105687;-0.545927;0.651614;-0.379155;
0.034390;-0.103515;-0.547298;0.650812;-0.374959;
0.034400;-0.101341;-0.548663;0.650004;-0.370759;
0.034410;-0.099166;-0.550023;0.649189;-0.366555;
0.034420;-0.096991;-0.551378;0.648368;-0.362348;
0.034430;-0.094814;-0.552727;0.647541;-0.358137;
0.034440;-0.092637;-0.554071;0.646707;-0.353922;
0.034450;-0.090458;-0.555409;0.645867;-0.349704;
0.034460;-0.088279;-0.556742;0.645021;-0.345483;
0.034470;-0.086099;-0.558069;0.644168;-0.341258;
0.034480;-0.083918;-0.559391;0.643309;-0.337030;
0.034490;-0.081736;-0.560707;0.642443;-0.332798;
0.034500;-0.079553;-0.562018;0.641571;-0.328564;
0.034510;-0.077370;-0.563323;0.640693;-0.324325;
0.034520;-0.075185;-0.564623;0.639808;-0.320084;
0.034530;-0.073001;-0.565917;0.638917;-0.315840;
0.034540;-0.070815;-0.567205;0.638020;-0.311592;
0.034550;-0.068628;-0.568488;0.637117;-0.307342;
0.034560;-0.066441;-0.569765;0.636207;-0.303088;
0.034570;-0.064254;-0.571037;0.635291;-0.298831;
0.034580;-0.062065;-0.572303;0.634368;-0.294572;
0.034590;-0.059876;-0.573563;0.633440;-0.290309;
0.034600;-0.057687;-0.574818;0.632505;-0.286044;
0.034610;-0.055497;-0.576067;0.631564;-0.281776;
0.034620;-0.053306;-0.577311;0.630617;-0.277505;
0.034630;-0.051115;-0.578548;0.629663;-0.273231;
0.034640;-0.048923;-0.579780;0.628703;-0.268955;
0.034650;-0.046731;-0.581006;0.627737;-0.264676;
0.034660;-0.044538;-0.582227;0.626765;-0.260394;
0.034670;-0.042345;-0.583442;0.625787;-0.256110;
0.034680;-0.040152;-0.584651;0.624802;-0.251823;
0.034690;-0.037958;-0.585854;0.623812;-0.247534;
0.034700;-0.035764;-0.587051;0.622815;-0.243242;
0.034710;-0.033569;-0.588243;0.621812;-0.238948;
0.034720;-0.031374;-0.589429;0.620803;-0.234652;
0.034730;-0.029179;-0.590609;0.619787;-0.230353;
0.034740;-0.026983;-0.591783;0.618766;-0.226052;
0.034750;-0.024787;-0.592951;0.617738;-0.221749;
0.034760;-0.022591;-0.594114;0.616705;-0.217443;
0.034770;-0.020395;-0.595270;0.615665;-0.213136;
0.034780;-0.018198;-0.596421;0.614619;-0.208826;
0.034790;-0.016002;-0.597566;0.613568;-0.204514;
0.034800;-0.013805;-0.598705;0.612510;-0.200201;
0.034810;-0.011608;-0.599838;0.611446;-0.195885;
0.034820;-0.009411;-0.600965;0.610376;-0.191567;
0.034830;-0.007214;-0.602086;0.609300;-0.187248;
0.034840;-0.005016;-0.603201;0.608218;-0.182926;
0.034850;-0.002819;-0.604311;0.607130;-0.178603;
0.034860;-0.000622;-0.605414;0.606036;-0.174278;
0.034870;0.001575;-0.606512;0.604936;-0.169951;
0.034880;0.003773;-0.607603;0.603830;-0.165623;
0.034890;0.005970;-0.608688;0.602718;-0.161293;
0.034900;0.008167;-0.609768;0.601600;-0.156961;
0.034910;0.010364;-0.610841;0.600477;-0.152628;
0.034920;0.012561;-0.611908;0.599347;-0.148293;
0.034930;0.014758;-0.612970;0.598211;-0.143957;
0.034940;0.016955;-0.614025;0.597070;-0.139620;
0.034950;0.019152;-0.615074;0.595922;-0.135281;
0.034960;0.021348;-0.616117;0.594769;-0.130941;
0.034970;0.023544;-0.617154;0.593610;-0.126599;
0.034980;0.025740;-0.618185;0.592445;-0.122256;
0.034990;0.027936;-0.619210;0.591274;-0.117912;
0.035000;0.030131;-0.620229;0.590097;-0.113567;
0.035010;0.032327;-0.621241;0.588915;-0.109221;
0.035020;0.034521;-0.622248;0.587726;-0.104873;
0.035030;0.036716;-0.623248;0.586532;-0.100525;
0.035040;0.038910;-0.624242;0.585332;-0.096176;
0.035050;0.041104;-0.625230;0.584127;-0.091825;
0.035060;0.043297;-0.626212;0.582915;-0.087474;
0.035070;0.045490;-0.627188;0.581698;-0.083122;
0.035080;0.047682;-0.628157;0.580475;-0.078769;
0.035090;0.049874;-0.629121;0.579246;-0.074415;
0.035100;0.052066;-0.630078;0.578012;-0.070061;
0.035110;0.054257;-0.631028;0.576772;-0.065706;
0.035120;0.056447;-0.631973;0.575526;-0.061350;
0.035130;0.058637;-0.632911;0.574274;-0.056993;
0.035140;0.060826;-0.633844;0.573017;-0.052636;
0.035150;0.063015;-0.634769;0.571754;-0.048279;
0.035160;0.065203;-0.635689;0.570486;-0.043921;
0.035170;0.067391;-0.636602;0.569212;-0.039563;
0.035180;0.069577;-0.637510;0.567932;-0.035204;
0.035190;0.071763;-0.638410;0.566647;-0.030845;
0.035200;0.073949;-0.639305;0.565356;-0.026485;
0.035210;0.076133;-0.640193;0.564059;-0.022126;
0.035220;0.078317;-0.641075;0.562757;-0.017766;
0.035230;0.080500;-0.641950;0.561450;-0.013406;
0.035240;0.082683;-0.642819;0.560137;-0.009045;
0.035250;0.084864;-0.643682;0.558818;-0.004685;
0.035260;0.087045;-0.644539;0.557494;-0.000325;
0.035270;0.089225;-0.645389;0.556164;0.004036;
0.035280;0.091404;-0.646233;0.554829;0.008396;
0.035290;0.093582;-0.647070;0.553488;0.012756;
0.035300;0.095759;-0.647901;0.552142;0.017116;
0.035310;0.097935;-0.648726;0.550791;0.021476;
0.035320;0.100110;-0.649544;0.549434;0.025836;
0.035330;0.102284;-0.650356;0.548071;0.030195;
0.035340;0.104458;-0.651161;0.546703;0.034555;
0.035350;0.106630;-0.651960;0.545330;0.038913;
0.035360;0.108801;-0.652752;0.543951;0.043272;
0.035370;0.110971;-0.653538;0.542567;0.047630;
0.035380;0.113140;-0.654318;0.541178;0.051988;
0.035390;0.115308;-0.655091;0.539783;0.056345;
0.035400;0.117474;-0.655858;0.538383;0.060701;
0.035410;0.119640;-0.656618;0.536978;0.065057;
0.035420;0.121804;-0.657372;0.535567;0.069412;
0.035430;0.123967;-0.658119;0.534152;0.073767;
0.035440;0.126129;-0.658860;0.532730;0.078121;
0.035450;0.128290;-0.659594;0.531304;0.082474;
0.035460;0.130449;-0.660322;0.529872;0.086826;
0.035470;0.132608;-0.661043;0.528435;0.091177;
0.035480;0.134764;-0.661758;0.526993;0.095528;
0.035490;0.136920;-0.662466;0.525546;0.099877;
0.035500;0.139074;-0.663167;0.524093;0.104226;
0.035510;0.141227;-0.663862;0.522636;0.108573;
0.035520;0.143378;-0.664551;0.521173;0.112920;
0.035530;0.145528;-0.665233;0.519705;0.117265;
0.035540;0.147677;-0.665908;0.518232;0.121609;
0.035550;0.149824;-0.666577;0.516753;0.125952;
0.035560;0.151969;-0.667239;0.515270;0.130294;
0.035570;0.154113;-0.667895;0.513782;0.134635;
0.035580;0.156256;-0.668544;0.512288;0.138974;
0.035590;0.158397;-0.669187;0.510790;0.143311;
0.035600;0.160536;-0.669822;0.509286;0.147648;
0.035610;0.162674;-0.670452;0.507777;0.151983;
0.035620;0.164811;-0.671074;0.506264;0.156316;
0.035630;0.166945;-0.671690;0.504745;0.160648;
0.035640;0.169078;-0.672300;0.503222;0.164978;
0.035650;0.171209;-0.672902;0.501693;0.169307;
0.035660;0.173339;-0.673499;0.500159;0.173634;
0.035670;0.175467;-0.674088;0.498621;0.177959;
0.035680;0.177593;-0.674671;0.497078;0.182282;
0.035690;0.179718;-0.675247;0.495529;0.186604;
0.035700;0.181840;-0.675816;0.493976;0.190924;
0.035710;0.183961;-0.676379;0.492418;0.195242;
0.035720;0.186080;-0.676935;0.490855;0.199558;
0.035730;0.188197;-0.677485;0.489287;0.203872;
0.035740;0.190313;-0.678028;0.487715;0.208184;
0.035750;0.192426;-0.678564;0.486137;0.212494;
0.035760;0.194538;-0.679093;0.484555;0.216802;
0.035770;0.196648;-0.679616;0.482968;0.221108;
0.035780;0.198755;-0.680132;0.481377;0.225411;
0.035790;0.200861;-0.680641;0.479780;0.229713;
0.035800;0.202965;-0.681144;0.478179;0.234012;
0.035810;0.205067;-0.681639;0.476573;0.238309;
0.035820;0.207166;-0.682129;0.474962;0.242603;
0.035830;0.209264;-0.682611;0.473347;0.246895;
0.035840;0.211360;-0.683087;0.471727;0.251185;
0.035850;0.213453;-0.683555;0.470102;0.255472;
0.035860;0.215545;-0.684018;0.468473;0.259756;
0.035870;0.217634;-0.684473;0.466839;0.264038;
0.035880;0.219721;-0.684922;0.465200;0.268318;
0.035890;0.221806;-0.685363;0.463557;0.272595;
0.035900;0.223889;-0.685799;0.461910;0.276869;
0.035910;0.225970;-0.686227;0.460257;0.281140;
0.035920;0.228048;-0.686648;0.458600;0.285409;
0.035930;0.230124;-0.687063;0.456939;0.289674;
0.035940;0.232198;-0.687471;0.455273;0.293937;
0.035950;0.234269;-0.687872;0.453603;0.298197;
0.035960;0.236339;-0.688267;0.451928;0.302454;
0.035970;0.238406;-0.688654;0.450249;0.306708;
0.035980;0.240470;-0.689035;0.448565;0.310959;
0.035990;0.242532;-0.689409;0.446877;0.315207;
0.036000;0.244592;-0.689777;0.445184;0.319452;
0.036010;0.246650;-0.690137;0.443487;0.323694;
0.036020;0.248705;-0.690491;0.441786;0.327933;
0.036030;0.250757;-0.690837;0.440080;0.332168;
0.036040;0.252807;-0.691177;0.438370;0.336400;
0.036050;0.254855;-0.691511;0.436656;0.340629;
0.036060;0.256900;-0.691837;0.434937;0.344854;
0.036070;0.258942;-0.692156;0.433214;0.349076;
0.036080;0.260982;-0.692469;0.431487;0.353294;
0.036090;0.263019;-0.692775;0.429756;0.357509;
0.036100;0.265054;-0.693074;0.428020;0.361721;
0.036110;0.267086;-0.693366;0.426280;0.365929;
0.036120;0.269116;-0.693651;0.424536;0.370133;
0.036130;0.271142;-0.693930;0.422787;0.374333;
0.036140;0.273167;-0.694202;0.421035;0.378530;
0.036150;0.275188;-0.694466;0.419278;0.382724;
0.036160;0.277207;-0.694724;0.417517;0.386913;
0.036170;0.279223;-0.694975;0.415753;0.391099;
0.036180;0.281236;-0.695220;0.413983;0.395280;
0.036190;0.283247;-0.695457;0.412210;0.399458;
0.036200;0.285254;-0.695687;0.410433;0.403632;
0.036210;0.287259;-0.695911;0.408652;0.407802;
0.036220;0.289261;-0.696128;0.406867;0.411968;
0.036230;0.291260;-0.696338;0.405077;0.416130;
0.036240;0.293257;-0.696541;0.403284;0.420287;
0.036250;0.295250;-0.696737;0.401487;0.424441;
0.036260;0.297241;-0.696926;0.399685;0.428590;
0.036270;0.299228;-0.697108;0.397880;0.432735;
0.036280;0.301213;-0.697284;0.396071;0.436876;
0.036290;0.303194;-0.697453;0.394258;0.441013;
0.036300;0.305173;-0.697614;0.392441;0.445145;
0.036310;0.307149;-0.697769;0.390620;0.449273;
0.036320;0.309121;-0.697917;0.388796;0.453396;
0.036330;0.311091;-0.698058;0.386967;0.457515;
0.036340;0.313057;-0.698192;0.385135;0.461630;
0.036350;0.315021;-0.698320;0.383299;0.465739;
0.036360;0.316981;-0.698440;0.381459;0.469845;
0.036370;0.318938;-0.698553;0.379615;0.473945;
0.036380;0.320892;-0.698660;0.377768;0.478041;
0.036390;0.322843;-0.698760;0.375917;0.482132;
0.036400;0.324791;-0.698853;0.374062;0.486219;
0.036410;0.326735;-0.698939;0.372203;0.490301;
0.036420;0.328676;-0.699018;0.370341;0.494377;
0.036430;0.330614;-0.699090;0.368475;0.498449;
0.036440;0.332549;-0.699155;0.366606;0.502516;
0.036450;0.334480;-0.699213;0.364733;0.506578;
0.036460;0.336409;-0.699265;0.362856;0.510635;
0.036470;0.338333;-0.699309;0.360976;0.514687;
0.036480;0.340255;-0.699347;0.359092;0.518734;
0.036490;0.342173;-0.699377;0.357205;0.522776;
0.036500;0.344088;-0.699401;0.355314;0.526813;
0.036510;0.345999;-0.699418;0.353419;0.530844;
0.036520;0.347907;-0.699428;0.351521;0.534870;
0.036530;0.349811;-0.699431;0.349620;0.538891;
0.036540;0.351712;-0.699428;0.347715;0.542907;
0.036550;0.353610;-0.699417;0.345807;0.546917;
0.036560;0.355504;-0.699399;0.343895;0.550922;
0.036570;0.357395;-0.699375;0.341980;0.554922;
0.036580;0.359282;-0.699343;0.340062;0.558916;
0.036590;0.361165;-0.699305;0.338140;0.562904;
0.036600;0.363045;-0.699260;0.336215;0.566887;
0.036610;0.364921;-0.699208;0.334286;0.570864;
0.036620;0.366794;-0.699149;0.332354;0.574836;
0.036630;0.368663;-0.699083;0.330419;0.578802;
0.036640;0.370529;-0.699010;0.328481;0.582762;
0.036650;0.372391;-0.698930;0.326540;0.586716;
0.036660;0.374249;-0.698844;0.324595;0.590665;
0.036670;0.376103;-0.698750;0.322647;0.594608;
0.036680;0.377954;-0.698650;0.320696;0.598545;
0.036690;0.379801;-0.698542;0.318741;0.602476;
0.036700;0.381644;-0.698428;0.316784;0.606401;
0.036710;0.383484;-0.698307;0.314823;0.610321;
0.036720;0.385320;-0.698179;0.312860;0.614234;
0.036730;0.387151;-0.698044;0.310893;0.618141;
0.036740;0.388980;-0.697902;0.308923;0.622042;
0.036750;0.390804;-0.697754;0.306950;0.625937;
0.036760;0.392624;-0.697598;0.304974;0.629825;
0.036770;0.394441;-0.697436;0.302995;0.633708;
0.036780;0.396253;-0.697267;0.301013;0.637584;
0.036790;0.398062;-0.697090;0.299028;0.641454;
0.036800;0.399867;-0.696907;0.297040;0.645318;
0.036810;0.401668;-0.696717;0.295050;0.649175;
0.036820;0.403465;-0.696521;0.293056;0.653026;
0.036830;0.405258;-0.696317;0.291059;0.656870;
0.036840;0.407046;-0.696106;0.289060;0.660708;
0.036850;0.408831;-0.695889;0.287058;0.664539;
0.036860;0.410612;-0.695665;0.285052;0.668364;
0.036870;0.412389;-0.695433;0.283044;0.672182;
0.036880;0.414162;-0.695195;0.281034;0.675994;
0.036890;0.415930;-0.694950;0.279020;0.679799;
0.036900;0.417695;-0.694699;0.277004;0.683597;
0.036910;0.419455;-0.694440;0.274985;0.687388;
0.036920;0.421212;-0.694175;0.272963;0.691173;
0.036930;0.422964;-0.693902;0.270939;0.694951;
0.036940;0.424712;-0.693623;0.268912;0.698722;
0.036950;0.426455;-0.693337;0.266882;0.702486;
0.036960;0.428195;-0.693044;0.264849;0.706243;
0.036970;0.429930;-0.692745;0.262814;0.709993;
0.036980;0.431661;-0.692438;0.260777;0.713736;
0.036990;0.433388;-0.692125;0.258737;0.717472;
0.037000;0.435111;-0.691804;0.256694;0.721201;
0.037010;0.436829;-0.691477;0.254649;0.724923;
0.037020;0.438543;-0.691144;0.252601;0.728638;
0.037030;0.440252;-0.690803;0.250551;0.732346;
0.037040;0.441958;-0.690455;0.248498;0.736046;
0.037050;0.443658;-0.690101;0.246443;0.739739;
0.037060;0.445355;-0.689740;0.244385;0.743425;
0.037070;0.447047;-0.689372;0.242325;0.747103;
0.037080;0.448735;-0.688997;0.240263;0.750774;
0.037090;0.450418;-0.688616;0.238198;0.754438;
0.037100;0.452097;-0.688227;0.236131;0.758094;
0.037110;0.453771;-0.687832;0.234061;0.761743;
0.037120;0.455441;-0.687430;0.231989;0.765384;
0.037130;0.457107;-0.687022;0.229915;0.769018;
0.037140;0.458767;-0.686606;0.227839;0.772644;
0.037150;0.460424;-0.686184;0.225760;0.776262;
0.037160;0.462076;-0.685755;0.223679;0.779873;
0.037170;0.463723;-0.685319;0.221596;0.783476;
0.037180;0.465366;-0.684877;0.219511;0.787072;
0.037190;0.467004;-0.684427;0.217424;0.790659;
0.037200;0.468637;-0.683971;0.215334;0.794239;
0.037210;0.470266;-0.683509;0.213243;0.797811;
0.037220;0.471890;-0.683039;0.211149;0.801375;
0.037230;0.473510;-0.682563;0.209053;0.804931;
0.037240;0.475125;-0.682080;0.206955;0.808479;
0.037250;0.476735;-0.681590;0.204855;0.812020;
0.037260;0.478340;-0.681093;0.202753;0.815552;
0.037270;0.479941;-0.680590;0.200649;0.819076;
0.037280;0.481537;-0.680080;0.198543;0.822592;
0.037290;0.483128;-0.679564;0.196435;0.826100;
0.037300;0.484715;-0.679040;0.194325;0.829600;
0.037310;0.486296;-0.678510;0.192214;0.833092;
0.037320;0.487873;-0.677973;0.190100;0.836575;
0.037330;0.489445;-0.677430;0.187984;0.840050;
0.037340;0.491013;-0.676880;0.185867;0.843517;
0.037350;0.492575;-0.676323;0.183748;0.846976;
0.037360;0.494133;-0.675759;0.181627;0.850426;
0.037370;0.495685;-0.675189;0.179504;0.853868;
0.037380;0.497233;-0.674613;0.177379;0.857301;
0.037390;0.498776;-0.674029;0.175253;0.860726;
0.037400;0.500314;-0.673439;0.173125;0.864142;
0.037410;0.501847;-0.672842;0.170995;0.867550;
0.037420;0.503375;-0.672239;0.168864;0.870949;
0.037430;0.504898;-0.671629;0.166730;0.874340;
0.037440;0.506416;-0.671012;0.164596;0.877722;
0.037450;0.507929;-0.670389;0.162459;0.881096;
0.037460;0.509438;-0.669759;0.160321;0.884460;
0.037470;0.510941;-0.669122;0.158182;0.887816;
0.037480;0.512439;-0.668479;0.156040;0.891164;
0.037490;0.513932;-0.667829;0.153898;0.894502;
0.037500;0.515420;-0.667173;0.151753;0.897832;
0.037510;0.516902;-0.666510;0.149608;0.901152;
0.037520;0.518380;-0.665841;0.147460;0.904464;
0.037530;0.519853;-0.665165;0.145312;0.907767;
0.037540;0.521320;-0.664482;0.143162;0.911061;
0.037550;0.522783;-0.663793;0.141010;0.914346;
0.037560;0.524240;-0.663097;0.138857;0.917622;
0.037570;0.525692;-0.662395;0.136703;0.920889;
0.037580;0.527139;-0.661686;0.134547;0.924147;
0.037590;0.528580;-0.660971;0.132390;0.927396;
0.037600;0.530017;-0.660249;0.130232;0.930635;
0.037610;0.531448;-0.659520;0.128073;0.933865;
0.037620;0.532874;-0.658785;0.125912;0.937087;
0.037630;0.534294;-0.658044;0.123750;0.940298;
0.037640;0.535710;-0.657296;0.121587;0.943501;
0.037650;0.537120;-0.656542;0.119422;0.946694;
0.037660;0.538525;-0.655781;0.117256;0.949878;
0.037670;0.539924;-0.655014;0.115090;0.953053;
0.037680;0.541318;-0.654240;0.112922;0.956218;
0.037690;0.542707;-0.653460;0.110753;0.959374;
0.037700;0.544090;-0.652673;0.108582;0.962520;
0.037710;0.545468;-0.651880;0.106411;0.965657;
0.037720;0.546841;-0.651080;0.104239;0.968784;
0.037730;0.548208;-0.650274;0.102066;0.971902;
0.037740;0.549570;-0.649462;0.099891;0.975010;
0.037750;0.550927;-0.648643;0.097716;0.978108;
0.037760;0.552278;-0.647818;0.095540;0.981197;
0.037770;0.553623;-0.646986;0.093363;0.984276;
0.037780;0.554963;-0.646148;0.091184;0.987345;
0.037790;0.556298;-0.645304;0.089005;0.990405;
0.037800;0.557627;-0.644453;0.086826;0.993455;
0.037810;0.558951;-0.643596;0.084645;0.996495;
0.037820;0.560269;-0.642732;0.082463;0.999525;
0.037830;0.561582;-0.641862;0.080281;1.002546;
0.037840;0.562889;-0.640986;0.078098;1.005556;
0.037850;0.564190;-0.640104;0.075914;1.008557;
0.037860;0.565486;-0.639215;0.073729;1.011547;
0.037870;0.566776;-0.638320;0.071543;1.014528;
0.037880;0.568061;-0.637419;0.069357;1.017499;
0.037890;0.569340;-0.636511;0.067170;1.020459;
0.037900;0.570614;-0.635597;0.064983;1.023410;
0.037910;0.571882;-0.634677;0.062795;1.026350;
0.037920;0.573144;-0.633750;0.060606;1.029280;
0.037930;0.574401;-0.632817;0.058417;1.032200;
0.037940;0.575652;-0.631878;0.056227;1.035110;
0.037950;0.576897;-0.630933;0.054036;1.038010;
0.037960;0.578136;-0.629982;0.051845;1.040900;
0.037970;0.579370;-0.629024;0.049654;1.043779;
0.037980;0.580598;-0.628060;0.047462;1.046648;
0.037990;0.581821;-0.627090;0.045269;1.049506;
0.038000;0.583037;-0.626114;0.043076;1.052354;
0.038010;0.584248;-0.625131;0.040883;1.055192;
0.038020;0.585453;-0.624142;0.038689;1.058020;
0.038030;0.586653;-0.623148;0.036495;1.060836;
0.038040;0.587846;-0.622147;0.034300;1.063643;
0.038050;0.589034;-0.621140;0.032106;1.066439;
0.038060;0.590216;-0.620126;0.029910;1.069224;
0.038070;0.591392;-0.619107;0.027715;1.071999;
0.038080;0.592562;-0.618082;0.025519;1.074764;
0.038090;0.593727;-0.617050;0.023323;1.077517;
0.038100;0.594885;-0.616012;0.021127;1.080260;
0.038110;0.596038;-0.614969;0.018931;1.082993;
0.038120;0.597185;-0.613919;0.016734;1.085715;
0.038130;0.598326;-0.612863;0.014537;1.088426;
0.038140;0.599461;-0.611801;0.012340;1.091126;
0.038150;0.600590;-0.610733;0.010143;1.093815;
0.038160;0.601713;-0.609659;0.007946;1.096494;
0.038170;0.602830;-0.608579;0.005749;1.099162;
0.038180;0.603942;-0.607493;0.003552;1.101819;
0.038190;0.605047;-0.606401;0.001354;1.104465;
0.038200;0.606146;-0.605303;-0.000843;1.107100;
0.038210;0.607240;-0.604199;-0.003040;1.109725;
0.038220;0.608327;-0.603090;-0.005238;1.112338;
0.038230;0.609409;-0.601974;-0.007435;1.114941;
0.038240;0.610484;-0.600852;-0.009632;1.117532;
0.038250;0.611553;-0.599724;-0.011829;1.120112;
0.038260;0.612617;-0.598590;-0.014026;1.122682;
0.038270;0.613674;-0.597451;-0.016223;1.125240;
0.038280;0.614725;-0.596305;-0.018420;1.127787;
0.038290;0.615770;-0.595154;-0.020616;1.130323;
0.038300;0.616809;-0.593997;-0.022812;1.132848;
0.038310;0.617842;-0.592834;-0.025008;1.135362;
0.038320;0.618869;-0.591665;-0.027204;1.137864;
0.038330;0.619890;-0.590490;-0.029400;1.140355;
0.038340;0.620904;-0.589310;-0.031595;1.142835;
0.038350;0.621913;-0.588123;-0.033790;1.145304;
0.038360;0.622915;-0.586931;-0.035984;1.147761;
0.038370;0.623912;-0.585733;-0.038179;1.150207;
0.038380;0.624902;-0.584529;-0.040372;1.152642;
0.038390;0.625886;-0.583320;-0.042566;1.155065;
0.038400;0.626863;-0.582104;-0.044759;1.157477;
0.038410;0.627835;-0.580883;-0.046952;1.159878;
0.038420;0.628800;-0.579656;-0.049144;1.162267;
0.038430;0.629759;-0.578424;-0.051335;1.164645;
0.038440;0.630712;-0.577186;-0.053527;1.167011;
0.038450;0.631659;-0.575942;-0.055717;1.169365;
0.038460;0.632599;-0.574692;-0.057907;1.171708;
0.038470;0.633534;-0.573437;-0.060097;1.174040;
0.038480;0.634462;-0.572176;-0.062286;1.176360;
0.038490;0.635383;-0.570909;-0.064474;1.178668;
0.038500;0.636299;-0.569637;-0.066662;1.180965;
0.038510;0.637208;-0.568359;-0.068849;1.183250;
0.038520;0.638111;-0.567076;-0.071035;1.185523;
0.038530;0.639007;-0.565787;-0.073220;1.187784;
0.038540;0.639898;-0.564492;-0.075405;1.190034;
0.038550;0.640782;-0.563192;-0.077589;1.192272;
0.038560;0.641659;-0.561886;-0.079773;1.194499;
0.038570;0.642530;-0.560575;-0.081955;1.196713;
0.038580;0.643395;-0.559258;-0.084137;1.198916;
0.038590;0.644254;-0.557936;-0.086318;1.201107;
0.038600;0.645106;-0.556608;-0.088498;1.203286;
0.038610;0.645952;-0.555275;-0.090678;1.205453;
0.038620;0.646792;-0.553936;-0.092856;1.207609;
0.038630;0.647625;-0.552591;-0.095033;1.209752;
0.038640;0.648451;-0.551242;-0.097210;1.211884;
0.038650;0.649272;-0.549886;-0.099385;1.214003;
0.038660;0.650086;-0.548526;-0.101560;1.216111;
0.038670;0.650893;-0.547160;-0.103733;1.218206;
0.038680;0.651694;-0.545788;-0.105906;1.220290;
0.038690;0.652489;-0.544412;-0.108077;1.222361;
0.038700;0.653277;-0.543029;-0.110248;1.224420;
0.038710;0.654059;-0.541642;-0.112417;1.226468;
0.038720;0.654834;-0.540249;-0.114585;1.228503;
0.038730;0.655603;-0.538851;-0.116752;1.230526;
0.038740;0.656365;-0.537447;-0.118918;1.232537;
0.038750;0.657121;-0.536038;-0.121083;1.234536;
0.038760;0.657871;-0.534624;-0.123247;1.236522;
0.038770;0.658613;-0.533205;-0.125409;1.238497;
0.038780;0.659350;-0.531780;-0.127570;1.240459;
0.038790;0.660080;-0.530350;-0.129730;1.242409;
0.038800;0.660803;-0.528915;-0.131888;1.244346;
0.038810;0.661520;-0.527474;-0.134046;1.246272;
0.038820;0.662230;-0.526029;-0.136202;1.248185;
0.038830;0.662934;-0.524578;-0.138356;1.250085;
0.038840;0.663631;-0.523122;-0.140509;1.251974;
0.038850;0.664322;-0.521661;-0.142661;1.253850;
0.038860;0.665006;-0.520195;-0.144812;1.255714;
0.038870;0.665684;-0.518723;-0.146961;1.257565;
0.038880;0.666355;-0.517247;-0.149108;1.259404;
0.038890;0.667019;-0.515765;-0.151254;1.261230;
0.038900;0.667677;-0.514278;-0.153399;1.263044;
0.038910;0.668328;-0.512787;-0.155542;1.264846;
0.038920;0.668973;-0.511290;-0.157683;1.266635;
0.038930;0.669611;-0.509788;-0.159823;1.268411;
0.038940;0.670243;-0.508281;-0.161962;1.270175;
0.038950;0.670868;-0.506769;-0.164099;1.271927;
0.038960;0.671486;-0.505252;-0.166234;1.273666;
0.038970;0.672097;-0.503730;-0.168367;1.275392;
0.038980;0.672702;-0.502203;-0.170499;1.277106;
0.038990;0.673301;-0.500671;-0.172629;1.278807;
0.039000;0.673892;-0.499134;-0.174758;1.280495;
0.039010;0.674477;-0.497593;-0.176885;1.282171;
0.039020;0.675056;-0.496046;-0.179010;1.283835;
0.039030;0.675627;-0.494494;-0.181133;1.285485;
0.039040;0.676192;-0.492938;-0.183254;1.287123;
0.039050;0.676751;-0.491377;-0.185374;1.288748;
0.039060;0.677303;-0.489811;-0.187492;1.290361;
0.039070;0.677848;-0.488240;-0.189608;1.291960;
0.039080;0.678386;-0.486664;-0.191722;1.293547;
0.039090;0.678917;-0.485083;-0.193834;1.295122;
0.039100;0.679442;-0.483498;-0.195945;1.296683;
0.039110;0.679961;-0.481908;-0.198053;1.298232;
0.039120;0.680472;-0.480313;-0.200159;1.299768;
0.039130;0.680977;-0.478713;-0.202264;1.301291;
0.039140;0.681475;-0.477109;-0.204366;1.302801;
0.039150;0.681966;-0.475500;-0.206467;1.304298;
0.039160;0.682451;-0.473886;-0.208565;1.305782;
0.039170;0.682929;-0.472267;-0.210661;1.307254;
0.039180;0.683400;-0.470644;-0.212756;1.308713;
0.039190;0.683864;-0.469016;-0.214848;1.310158;
0.039200;0.684322;-0.467384;-0.216938;1.311591;
0.039210;0.684773;-0.465747;-0.219026;1.313011;
0.039220;0.685217;-0.464105;-0.221111;1.314418;
0.039230;0.685654;-0.462459;-0.223195;1.315812;
0.039240;0.686085;-0.460809;-0.225276;1.317193;
0.039250;0.686509;-0.459153;-0.227355;1.318561;
0.039260;0.686926;-0.457493;-0.229432;1.319915;
0.039270;0.687336;-0.455829;-0.231507;1.321257;
0.039280;0.687739;-0.454160;-0.233579;1.322586;
0.039290;0.688136;-0.452487;-0.235649;1.323902;
0.039300;0.688526;-0.450809;-0.237717;1.325205;
0.039310;0.688909;-0.449127;-0.239782;1.326494;
0.039320;0.689285;-0.447440;-0.241845;1.327771;
0.039330;0.689655;-0.445749;-0.243906;1.329034;
0.039340;0.690018;-0.444054;-0.245964;1.330285;
0.039350;0.690374;-0.442354;-0.248020;1.331522;
0.039360;0.690723;-0.440650;-0.250073;1.332746;
0.039370;0.691065;-0.438941;-0.252124;1.333957;
0.039380;0.691400;-0.437228;-0.254172;1.335155;
0.039390;0.691729;-0.435511;-0.256218;1.336339;
0.039400;0.692051;-0.433789;-0.258261;1.337511;
0.039410;0.692366;-0.432063;-0.260302;1.338669;
0.039420;0.692674;-0.430333;-0.262340;1.339814;
0.039430;0.692975;-0.428599;-0.264376;1.340945;
0.039440;0.693270;-0.426860;-0.266409;1.342064;
0.039450;0.693557;-0.425118;-0.268439;1.343169;
0.039460;0.693838;-0.423371;-0.270467;1.344261;
0.039470;0.694112;-0.421620;-0.272492;1.345340;
0.039480;0.694379;-0.419864;-0.274515;1.346405;
0.039490;0.694639;-0.418105;-0.276534;1.347457;
0.039500;0.694892;-0.416341;-0.278551;1.348496;
0.039510;0.695139;-0.414574;-0.280565;1.349522;
0.039520;0.695379;-0.412802;-0.282577;1.350534;
0.039530;0.695611;-0.411026;-0.284585;1.351533;
0.039540;0.695837;-0.409246;-0.286591;1.352519;
0.039550;0.696056;-0.407462;-0.288594;1.353491;
0.039560;0.696268;-0.405674;-0.290594;1.354450;
0.039570;0.696474;-0.403882;-0.292592;1.355395;
0.039580;0.696672;-0.402086;-0.294586;1.356327;
0.039590;0.696864;-0.400286;-0.296577;1.357246;
0.039600;0.697048;-0.398482;-0.298566;1.358151;
0.039610;0.697226;-0.396675;-0.300552;1.359043;
0.039620;0.697397;-0.394863;-0.302534;1.359922;
0.039630;0.697561;-0.393047;-0.304514;1.360787;
0.039640;0.697718;-0.391228;-0.306490;1.361639;
0.039650;0.697868;-0.389404;-0.308464;1.362477;
0.039660;0.698012;-0.387577;-0.310435;1.363302;
0.039670;0.698148;-0.385746;-0.312402;1.364113;
0.039680;0.698278;-0.383911;-0.314367;1.364911;
0.039690;0.698401;-0.382073;-0.316328;1.365695;
0.039700;0.698516;-0.380230;-0.318286;1.366466;
0.039710;0.698625;-0.378384;-0.320241;1.367223;
0.039720;0.698727;-0.376534;-0.322193;1.367967;
0.039730;0.698822;-0.374681;-0.324142;1.368698;
0.039740;0.698911;-0.372823;-0.326087;1.369415;
0.039750;0.698992;-0.370962;-0.328030;1.370118;
0.039760;0.699066;-0.369098;-0.329969;1.370808;
0.039770;0.699134;-0.367229;-0.331904;1.371484;
0.039780;0.699195;-0.365358;-0.333837;1.372147;
0.039790;0.699248;-0.363482;-0.335766;1.372796;
0.039800;0.699295;-0.361603;-0.337692;1.373432;
0.039810;0.699335;-0.359720;-0.339615;1.374054;
0.039820;0.699368;-0.357834;-0.341534;1.374663;
0.039830;0.699394;-0.355944;-0.343450;1.375258;
0.039840;0.699413;-0.354051;-0.345362;1.375840;
0.039850;0.699426;-0.352154;-0.347271;1.376407;
0.039860;0.699431;-0.350254;-0.349177;1.376962;
0.039870;0.699430;-0.348350;-0.351079;1.377502;
0.039880;0.699421;-0.346443;-0.352978;1.378030;
0.039890;0.699406;-0.344533;-0.354873;1.378543;
0.039900;0.699384;-0.342619;-0.356765;1.379043;
0.039910;0.699355;-0.340701;-0.358653;1.379529;
0.039920;0.699319;-0.338781;-0.360538;1.380002;
0.039930;0.699276;-0.336857;-0.362419;1.380461;
0.039940;0.699226;-0.334929;-0.364296;1.380906;
0.039950;0.699169;-0.332999;-0.366170;1.381338;
0.039960;0.699105;-0.331065;-0.368041;1.381756;
0.039970;0.699035;-0.329128;-0.369907;1.382161;
0.039980;0.698958;-0.327187;-0.371770;1.382552;
0.039990;0.698873;-0.325243;-0.373630;1.382929;
0.040000;0.698782;-0.323296;-0.375486;1.383293;
0.040010;0.698684;-0.321346;-0.377338;1.383643;
0.040020;0.698579;-0.319393;-0.379186;1.383979;
0.040030;0.698467;-0.317437;-0.381030;1.384302;
0.040040;0.698348;-0.315477;-0.382871;1.384611;
0.040050;0.698223;-0.313514;-0.384708;1.384906;
0.040060;0.698090;-0.311549;-0.386541;1.385188;
0.040070;0.697950;-0.309580;-0.388371;1.385456;
0.040080;0.697804;-0.307608;-0.390196;1.385710;
0.040090;0.697651;-0.305633;-0.392018;1.385950;
0.040100;0.697491;-0.303655;-0.393836;1.386177;
0.040110;0.697324;-0.301674;-0.395650;1.386391;
0.040120;0.697150;-0.299690;-0.397460;1.386590;
0.040130;0.696969;-0.297703;-0.399266;1.386776;
0.040140;0.696781;-0.295714;-0.401068;1.386948;
0.040150;0.696587;-0.293721;-0.402866;1.387107;
0.040160;0.696385;-0.291725;-0.404660;1.387252;
0.040170;0.696177;-0.289727;-0.406451;1.387383;
0.040180;0.695962;-0.287725;-0.408237;1.387500;
0.040190;0.695740;-0.285721;-0.410019;1.387604;
0.040200;0.695511;-0.283714;-0.411797;1.387694;
0.040210;0.695275;-0.281704;-0.413571;1.387770;
0.040220;0.695033;-0.279692;-0.415341;1.387833;
0.040230;0.694783;-0.277676;-0.417107;1.387882;
0.040240;0.694527;-0.275658;-0.418869;1.387917;
0.040250;0.694264;-0.273637;-0.420627;1.387939;
0.040260;0.693994;-0.271614;-0.422380;1.387947;
0.040270;0.693717;-0.269588;-0.424129;1.387941;
0.040280;0.693433;-0.267559;-0.425875;1.387921;
0.040290;0.693143;-0.265527;-0.427615;1.387888;
0.040300;0.692845;-0.263493;-0.429352;1.387841;
0.040310;0.692541;-0.261456;-0.431085;1.387781;
0.040320;0.692230;-0.259417;-0.432813;1.387706;
0.040330;0.691912;-0.257375;-0.434537;1.387618;
0.040340;0.691587;-0.255331;-0.436257;1.387517;
0.040350;0.691256;-0.253284;-0.437972;1.387401;
0.040360;0.690917;-0.251234;-0.439683;1.387272;
0.040370;0.690572;-0.249182;-0.441390;1.387129;
0.040380;0.690220;-0.247128;-0.443092;1.386973;
0.040390;0.689861;-0.245071;-0.444790;1.386803;
0.040400;0.689495;-0.243012;-0.446484;1.386619;
0.040410;0.689123;-0.240950;-0.448173;1.386421;
0.040420;0.688744;-0.238886;-0.449857;1.386210;
0.040430;0.688358;-0.236820;-0.451538;1.385985;
0.040440;0.687965;-0.234751;-0.453214;1.385747;
0.040450;0.687565;-0.232680;-0.454885;1.385494;
0.040460;0.687159;-0.230607;-0.456552;1.385228;
0.040470;0.686746;-0.228531;-0.458214;1.384949;
0.040480;0.686326;-0.226453;-0.459872;1.384655;
0.040490;0.685899;-0.224373;-0.461525;1.384349;
0.040500;0.685465;-0.222291;-0.463174;1.384028;
0.040510;0.685025;-0.220206;-0.464818;1.383694;
0.040520;0.684578;-0.218120;-0.466458;1.383346;
0.040530;0.684124;-0.216031;-0.468093;1.382984;
0.040540;0.683664;-0.213940;-0.469723;1.382609;
0.040550;0.683196;-0.211847;-0.471349;1.382220;
0.040560;0.682722;-0.209752;-0.472970;1.381818;
0.040570;0.682241;-0.207655;-0.474587;1.381401;
0.040580;0.681754;-0.205555;-0.476199;1.380972;
0.040590;0.681260;-0.203454;-0.477806;1.380528;
0.040600;0.680759;-0.201351;-0.479408;1.380071;
0.040610;0.680251;-0.199245;-0.481005;1.379601;
0.040620;0.679736;-0.197138;-0.482598;1.379116;
0.040630;0.679215;-0.195029;-0.484186;1.378618;
0.040640;0.678688;-0.192918;-0.485770;1.378107;
0.040650;0.678153;-0.190805;-0.487348;1.377582;
0.040660;0.677612;-0.188690;-0.488922;1.377043;
0.040670;0.677064;-0.186573;-0.490491;1.376491;
0.040680;0.676509;-0.184454;-0.492055;1.375925;
0.040690;0.675948;-0.182334;-0.493614;1.375345;
0.040700;0.675380;-0.180212;-0.495168;1.374752;
0.040710;0.674806;-0.178088;-0.496718;1.374146;
0.040720;0.674224;-0.175962;-0.498262;1.373526;
0.040730;0.673636;-0.173834;-0.499802;1.372892;
0.040740;0.673042;-0.171705;-0.501337;1.372245;
0.040750;0.672441;-0.169574;-0.502866;1.371584;
0.040760;0.671833;-0.167442;-0.504391;1.370910;
0.040770;0.671218;-0.165307;-0.505911;1.370222;
0.040780;0.670597;-0.163171;-0.507426;1.369520;
0.040790;0.669969;-0.161034;-0.508935;1.368805;
0.040800;0.669335;-0.158895;-0.510440;1.368077;
0.040810;0.668694;-0.156754;-0.511940;1.367335;
0.040820;0.668047;-0.154612;-0.513435;1.366580;
0.040830;0.667393;-0.152468;-0.514924;1.365811;
0.040840;0.666732;-0.150323;-0.516409;1.365028;
0.040850;0.666065;-0.148176;-0.517888;1.364233;
0.040860;0.665391;-0.146028;-0.519362;1.363423;
0.040870;0.664710;-0.143879;-0.520832;1.362600;
0.040880;0.664023;-0.141728;-0.522296;1.361764;
0.040890;0.663330;-0.139575;-0.523755;1.360915;
0.040900;0.662630;-0.137421;-0.525208;1.360051;
0.040910;0.661923;-0.135266;-0.526657;1.359175;
0.040920;0.661210;-0.133110;-0.528100;1.358285;
0.040930;0.660490;-0.130952;-0.529538;1.357382;
0.040940;0.659764;-0.128793;-0.530971;1.356465;
0.040950;0.659031;-0.126632;-0.532399;1.355535;
0.040960;0.658292;-0.124471;-0.533821;1.354591;
0.040970;0.657546;-0.122308;-0.535238;1.353634;
0.040980;0.656794;-0.120144;-0.536650;1.352664;
0.040990;0.656035;-0.117978;-0.538057;1.351681;
0.041000;0.655270;-0.115812;-0.539458;1.350684;
0.041010;0.654498;-0.113644;-0.540854;1.349673;
0.041020;0.653720;-0.111476;-0.542245;1.348650;
0.041030;0.652936;-0.109306;-0.543630;1.347613;
0.041040;0.652145;-0.107135;-0.545010;1.346563;
0.041050;0.651347;-0.104963;-0.546384;1.345499;
0.041060;0.650543;-0.102790;-0.547753;1.344423;
0.041070;0.649733;-0.100616;-0.549117;1.343333;
0.041080;0.648917;-0.098441;-0.550475;1.342229;
0.041090;0.648093;-0.096265;-0.551828;1.341113;
0.041100;0.647264;-0.094088;-0.553175;1.339983;
0.041110;0.646428;-0.091911;-0.554517;1.338840;
0.041120;0.645586;-0.089732;-0.555854;1.337684;
0.041130;0.644737;-0.087552;-0.557185;1.336514;
0.041140;0.643882;-0.085372;-0.558510;1.335332;
0.041150;0.643021;-0.083190;-0.559830;1.334136;
0.041160;0.642153;-0.081008;-0.561145;1.332927;
0.041170;0.641279;-0.078825;-0.562454;1.331705;
0.041180;0.640399;-0.076642;-0.563757;1.330470;
0.041190;0.639512;-0.074457;-0.565055;1.329221;
0.041200;0.638619;-0.072272;-0.566347;1.327960;
0.041210;0.637720;-0.070086;-0.567634;1.326685;
0.041220;0.636814;-0.067900;-0.568915;1.325398;
0.041230;0.635902;-0.065712;-0.570190;1.324097;
0.041240;0.634984;-0.063524;-0.571460;1.322783;
0.041250;0.634060;-0.061336;-0.572724;1.321456;
0.041260;0.633129;-0.059147;-0.573982;1.320116;
0.041270;0.632192;-0.056957;-0.575235;1.318763;
0.041280;0.631249;-0.054767;-0.576482;1.317397;
0.041290;0.630299;-0.052576;-0.577724;1.316018;
0.041300;0.629344;-0.050384;-0.578960;1.314626;
0.041310;0.628382;-0.048192;-0.580190;1.313221;
0.041320;0.627414;-0.046000;-0.581414;1.311803;
0.041330;0.626440;-0.043807;-0.582632;1.310373;
0.041340;0.625459;-0.041614;-0.583845;1.308929;
0.041350;0.624473;-0.039420;-0.585052;1.307472;
0.041360;0.623480;-0.037226;-0.586254;1.306002;
0.041370;0.622481;-0.035032;-0.587449;1.304520;
0.041380;0.621476;-0.032837;-0.588639;1.303025;
0.041390;0.620465;-0.030642;-0.589823;1.301516;
0.041400;0.619448;-0.028447;-0.591001;1.299995;
0.041410;0.618424;-0.026251;-0.592173;1.298461;
0.041420;0.617395;-0.024055;-0.593339;1.296915;
0.041430;0.616359;-0.021859;-0.594500;1.295355;
0.041440;0.615317;-0.019663;-0.595655;1.293783;
0.041450;0.614270;-0.017466;-0.596803;1.292198;
0.041460;0.613216;-0.015270;-0.597946;1.290600;
0.041470;0.612156;-0.013073;-0.599083;1.288989;
0.041480;0.611090;-0.010876;-0.600214;1.287366;
0.041490;0.610018;-0.008679;-0.601339;1.285730;
0.041500;0.608940;-0.006481;-0.602459;1.284081;
0.041510;0.607856;-0.004284;-0.603572;1.282420;
0.041520;0.606766;-0.002087;-0.604679;1.280746;
0.041530;0.605670;0.000111;-0.605781;1.279059;
0.041540;0.604568;0.002308;-0.606876;1.277360;
0.041550;0.603460;0.004505;-0.607965;1.275648;
0.041560;0.602346;0.006702;-0.609049;1.273924;
0.041570;0.601226;0.008900;-0.610126;1.272186;
0.041580;0.600101;0.011097;-0.611197;1.270437;
0.041590;0.598969;0.013294;-0.612263;1.268675;
0.041600;0.597831;0.015491;-0.613322;1.266900;
0.041610;0.596688;0.017687;-0.614375;1.265113;
0.041620;0.595539;0.019884;-0.615422;1.263313;
0.041630;0.594383;0.022080;-0.616464;1.261501;
0.041640;0.593222;0.024276;-0.617499;1.259676;
0.041650;0.592055;0.026472;-0.618527;1.257839;
0.041660;0.590882;0.028668;-0.619550;1.255990;
0.041670;0.589704;0.030863;-0.620567;1.254128;
0.041680;0.588519;0.033058;-0.621577;1.252254;
0.041690;0.587329;0.035253;-0.622582;1.250367;
0.041700;0.586133;0.037447;-0.623580;1.248469;
0.041710;0.584931;0.039641;-0.624572;1.246557;
0.041720;0.583723;0.041835;-0.625558;1.244634;
0.041730;0.582510;0.044028;-0.626538;1.242698;
0.041740;0.581291;0.046221;-0.627512;1.240750;
0.041750;0.580066;0.048413;-0.628479;1.238790;
0.041760;0.578835;0.050605;-0.629440;1.236817;
0.041770;0.577599;0.052796;-0.630395;1.234832;
0.041780;0.576357;0.054987;-0.631344;1.232835;
0.041790;0.575109;0.057177;-0.632287;1.230826;
0.041800;0.573856;0.059367;-0.633223;1.228805;
0.041810;0.572597;0.061556;-0.634153;1.226772;
0.041820;0.571332;0.063745;-0.635077;1.224726;
0.041830;0.570062;0.065932;-0.635994;1.222669;
0.041840;0.568786;0.068120;-0.636906;1.220599;
0.041850;0.567504;0.070306;-0.637810;1.218517;
0.041860;0.566217;0.072492;-0.638709;1.216423;
0.041870;0.564924;0.074677;-0.639602;1.214318;
0.041880;0.563626;0.076862;-0.640488;1.212200;
0.041890;0.562322;0.079045;-0.641367;1.210070;
0.041900;0.561013;0.081228;-0.642241;1.207929;
0.041910;0.559698;0.083410;-0.643108;1.205775;
0.041920;0.558377;0.085591;-0.643968;1.203610;
0.041930;0.557051;0.087772;-0.644823;1.201432;
0.041940;0.555720;0.089951;-0.645671;1.199243;
0.041950;0.554383;0.092130;-0.646512;1.197042;
0.041960;0.553040;0.094308;-0.647348;1.194829;
0.041970;0.551692;0.096484;-0.648177;1.192605;
0.041980;0.550339;0.098660;-0.648999;1.190368;
0.041990;0.548980;0.100835;-0.649815;1.188120;
0.042000;0.547616;0.103009;-0.650625;1.185860;
0.042010;0.546246;0.105182;-0.651428;1.183589;
0.042020;0.544871;0.107354;-0.652225;1.181306;
0.042030;0.543491;0.109524;-0.653015;1.179011;
0.042040;0.542105;0.111694;-0.653799;1.176704;
0.042050;0.540714;0.113863;-0.654576;1.174386;
0.042060;0.539317;0.116030;-0.655347;1.172056;
0.042070;0.537916;0.118196;-0.656112;1.169715;
0.042080;0.536508;0.120362;-0.656870;1.167362;
0.042090;0.535096;0.122525;-0.657622;1.164998;
0.042100;0.533678;0.124688;-0.658367;1.162622;
0.042110;0.532255;0.126850;-0.659105;1.160234;
0.042120;0.530827;0.129010;-0.659837;1.157836;
0.042130;0.529394;0.131169;-0.660563;1.155425;
0.042140;0.527955;0.133327;-0.661282;1.153004;
0.042150;0.526511;0.135483;-0.661994;1.150571;
0.042160;0.525062;0.137638;-0.662700;1.148126;
0.042170;0.523608;0.139792;-0.663400;1.145671;
0.042180;0.522149;0.141944;-0.664093;1.143204;
0.042190;0.520684;0.144095;-0.664779;1.140725;
0.042200;0.519214;0.146244;-0.665459;1.138236;
0.042210;0.517739;0.148392;-0.666132;1.135735;
0.042220;0.516260;0.150539;-0.666799;1.133223;
0.042230;0.514775;0.152684;-0.667459;1.130700;
0.042240;0.513284;0.154828;-0.668112;1.128165;
0.042250;0.511789;0.156970;-0.668759;1.125620;
0.042260;0.510289;0.159110;-0.669399;1.123063;
0.042270;0.508784;0.161249;-0.670033;1.120496;
0.042280;0.507273;0.163387;-0.670660;1.117917;
0.042290;0.505758;0.165522;-0.671280;1.115327;
0.042300;0.504238;0.167656;-0.671894;1.112726;
0.042310;0.502713;0.169789;-0.672501;1.110115;
0.042320;0.501182;0.171920;-0.673102;1.107492;
0.042330;0.499647;0.174049;-0.673696;1.104858;
0.042340;0.498107;0.176176;-0.674283;1.102214;
0.042350;0.496562;0.178302;-0.674864;1.099558;
0.042360;0.495012;0.180425;-0.675438;1.096892;
0.042370;0.493457;0.182547;-0.676005;1.094215;
0.042380;0.491898;0.184668;-0.676565;1.091527;
0.042390;0.490333;0.186786;-0.677119;1.088828;
0.042400;0.488764;0.188903;-0.677667;1.086119;
0.042410;0.487190;0.191018;-0.678207;1.083399;
0.042420;0.485611;0.193130;-0.678741;1.080668;
0.042430;0.484027;0.195241;-0.679268;1.077927;
0.042440;0.482438;0.197350;-0.679789;1.075174;
0.042450;0.480845;0.199457;-0.680302;1.072412;
0.042460;0.479247;0.201562;-0.680809;1.069638;
0.042470;0.477644;0.203666;-0.681310;1.066854;
0.042480;0.476037;0.205767;-0.681803;1.064060;
0.042490;0.474424;0.207866;-0.682290;1.061255;
0.042500;0.472807;0.209963;-0.682770;1.058440;
0.042510;0.471186;0.212058;-0.683244;1.055614;
0.042520;0.469560;0.214151;-0.683710;1.052778;
0.042530;0.467929;0.216241;-0.684170;1.049931;
0.042540;0.466293;0.218330;-0.684623;1.047074;
0.042550;0.464653;0.220416;-0.685070;1.044207;
0.042560;0.463009;0.222501;-0.685509;1.041329;
0.042570;0.461359;0.224583;-0.685942;1.038441;
0.042580;0.459706;0.226663;-0.686368;1.035543;
0.042590;0.458047;0.228740;-0.686787;1.032634;
0.042600;0.456384;0.230816;-0.687200;1.029716;
0.042610;0.454717;0.232889;-0.687606;1.026787;
0.042620;0.453045;0.234959;-0.688005;1.023848;
0.042630;0.451369;0.237028;-0.688397;1.020899;
0.042640;0.449688;0.239094;-0.688782;1.017940;
0.042650;0.448003;0.241158;-0.689161;1.014971;
0.042660;0.446313;0.243219;-0.689533;1.011992;
0.042670;0.444619;0.245278;-0.689898;1.009003;
0.042680;0.442921;0.247335;-0.690256;1.006004;
0.042690;0.441218;0.249389;-0.690607;1.002995;
0.042700;0.439511;0.251441;-0.690952;0.999976;
0.042710;0.437799;0.253490;-0.691289;0.996947;
0.042720;0.436084;0.255536;-0.691620;0.993908;
0.042730;0.434364;0.257581;-0.691944;0.990860;
0.042740;0.432639;0.259622;-0.692261;0.987802;
0.042750;0.430911;0.261661;-0.692572;0.984734;
0.042760;0.429178;0.263698;-0.692875;0.981656;
0.042770;0.427440;0.265732;-0.693172;0.978569;
0.042780;0.425699;0.267763;-0.693462;0.975472;
0.042790;0.423954;0.269792;-0.693745;0.972365;
0.042800;0.422204;0.271817;-0.694021;0.969249;
0.042810;0.420450;0.273841;-0.694291;0.966123;
0.042820;0.418692;0.275861;-0.694553;0.962988;
0.042830;0.416930;0.277879;-0.694809;0.959843;
0.042840;0.415163;0.279894;-0.695058;0.956689;
0.042850;0.413393;0.281907;-0.695299;0.953525;
0.042860;0.411618;0.283916;-0.695535;0.950352;
0.042870;0.409840;0.285923;-0.695763;0.947169;
0.042880;0.408057;0.287927;-0.695984;0.943977;
0.042890;0.406271;0.289928;-0.696198;0.940776;
0.042900;0.404480;0.291926;-0.696406;0.937565;
0.042910;0.402685;0.293921;-0.696607;0.934346;
0.042920;0.400887;0.295914;-0.696801;0.931117;
0.042930;0.399084;0.297903;-0.696988;0.927879;
0.042940;0.397278;0.299890;-0.697168;0.924631;
0.042950;0.395467;0.301874;-0.697341;0.921375;
0.042960;0.393653;0.303854;-0.697507;0.918109;
0.042970;0.391835;0.305832;-0.697667;0.914835;
0.042980;0.390013;0.307807;-0.697819;0.911551;
0.042990;0.388187;0.309778;-0.697965;0.908258;
0.043000;0.386357;0.311747;-0.698104;0.904957;
0.043010;0.384523;0.313712;-0.698235;0.901646;
0.043020;0.382686;0.315674;-0.698360;0.898327;
0.043030;0.380845;0.317634;-0.698479;0.894998;
0.043040;0.379000;0.319590;-0.698590;0.891661;
0.043050;0.377151;0.321543;-0.698694;0.888315;
0.043060;0.375299;0.323493;-0.698792;0.884961;
0.043070;0.373443;0.325439;-0.698882;0.881597;
0.043080;0.371583;0.327382;-0.698966;0.878225;
0.043090;0.369720;0.329323;-0.699042;0.874844;
0.043100;0.367853;0.331260;-0.699112;0.871455;
0.043110;0.365982;0.333193;-0.699175;0.868057;
0.043120;0.364108;0.335123;-0.699231;0.864650;
0.043130;0.362230;0.337051;-0.699280;0.861235;
0.043140;0.360348;0.338974;-0.699322;0.857812;
0.043150;0.358463;0.340895;-0.699358;0.854379;
0.043160;0.356575;0.342812;-0.699386;0.850939;
0.043170;0.354683;0.344725;-0.699408;0.847490;
0.043180;0.352787;0.346635;-0.699422;0.844033;
0.043190;0.350888;0.348542;-0.699430;0.840567;
0.043200;0.348985;0.350445;-0.699431;0.837093;
0.043210;0.347079;0.352345;-0.699425;0.833611;
0.043220;0.345170;0.354242;-0.699412;0.830121;
0.043230;0.343257;0.356135;-0.699392;0.826622;
0.043240;0.341341;0.358024;-0.699365;0.823115;
0.043250;0.339421;0.359910;-0.699331;0.819600;
0.043260;0.337498;0.361792;-0.699291;0.816077;
0.043270;0.335572;0.363671;-0.699243;0.812546;
0.043280;0.333643;0.365546;-0.699189;0.809007;
0.043290;0.331710;0.367418;-0.699127;0.805460;
0.043300;0.329774;0.369286;-0.699059;0.801905;
0.043310;0.327834;0.371150;-0.698984;0.798342;
0.043320;0.325892;0.373010;-0.698902;0.794772;
0.043330;0.323946;0.374867;-0.698813;0.791193;
0.043340;0.321997;0.376721;-0.698717;0.787607;
0.043350;0.320045;0.378570;-0.698615;0.784012;
0.043360;0.318089;0.380416;-0.698505;0.780410;
0.043370;0.316131;0.382258;-0.698389;0.776801;
0.043380;0.314169;0.384096;-0.698265;0.773183;
0.043390;0.312204;0.385931;-0.698135;0.769558;
0.043400;0.310236;0.387761;-0.697998;0.765926;
0.043410;0.308266;0.389588;-0.697854;0.762286;
0.043420;0.306292;0.391411;-0.697703;0.758638;
0.043430;0.304315;0.393230;-0.697545;0.754983;
0.043440;0.302335;0.395045;-0.697380;0.751321;
0.043450;0.300352;0.396857;-0.697209;0.747651;
0.043460;0.298366;0.398664;-0.697030;0.743973;
0.043470;0.296377;0.400468;-0.696845;0.740289;
0.043480;0.294385;0.402267;-0.696653;0.736597;
0.043490;0.292391;0.404063;-0.696453;0.732897;
0.043500;0.290393;0.405854;-0.696247;0.729191;
0.043510;0.288393;0.407642;-0.696035;0.725477;
0.043520;0.286389;0.409425;-0.695815;0.721756;
0.043530;0.284383;0.411205;-0.695588;0.718028;
0.043540;0.282374;0.412980;-0.695355;0.714293;
0.043550;0.280363;0.414752;-0.695114;0.710551;
0.043560;0.278348;0.416519;-0.694867;0.706802;
0.043570;0.276331;0.418282;-0.694613;0.703046;
0.043580;0.274311;0.420041;-0.694352;0.699283;
0.043590;0.272289;0.421796;-0.694085;0.695513;
0.043600;0.270263;0.423547;-0.693810;0.691736;
0.043610;0.268235;0.425293;-0.693529;0.687952;
0.043620;0.266205;0.427036;-0.693240;0.684162;
0.043630;0.264171;0.428774;-0.692945;0.680365;
0.043640;0.262135;0.430508;-0.692643;0.676561;
0.043650;0.260097;0.432237;-0.692334;0.672750;
0.043660;0.258056;0.433963;-0.692019;0.668933;
0.043670;0.256012;0.435684;-0.691696;0.665109;
0.043680;0.253966;0.437401;-0.691367;0.661279;
0.043690;0.251918;0.439113;-0.691031;0.657442;
0.043700;0.249867;0.440821;-0.690688;0.653598;
0.043710;0.247813;0.442525;-0.690338;0.649749;
0.043720;0.245757;0.444224;-0.689981;0.645892;
0.043730;0.243699;0.445920;-0.689618;0.642030;
0.043740;0.241638;0.447610;-0.689248;0.638161;
0.043750;0.239575;0.449296;-0.688871;0.634285;
0.043760;0.237509;0.450978;-0.688487;0.630404;
0.043770;0.235441;0.452656;-0.688097;0.626516;
0.043780;0.233371;0.454328;-0.687699;0.622622;
0.043790;0.231298;0.455997;-0.687295;0.618722;
0.043800;0.229223;0.457661;-0.686884;0.614816;
0.043810;0.227146;0.459320;-0.686466;0.610904;
0.043820;0.225067;0.460975;-0.686042;0.606985;
0.043830;0.222985;0.462625;-0.685611;0.603061;
0.043840;0.220902;0.464271;-0.685172;0.599131;
0.043850;0.218816;0.465912;-0.684728;0.595195;
0.043860;0.216728;0.467549;-0.684276;0.591253;
0.043870;0.214637;0.469181;-0.683818;0.587305;
0.043880;0.212545;0.470808;-0.683353;0.583351;
0.043890;0.210450;0.472430;-0.682881;0.579392;
0.043900;0.208354;0.474048;-0.682402;0.575427;
0.043910;0.206255;0.475662;-0.681917;0.571456;
0.043920;0.204155;0.477270;-0.681425;0.567480;
0.043930;0.202052;0.478874;-0.680926;0.563497;
0.043940;0.199947;0.480473;-0.680421;0.559510;
0.043950;0.197841;0.482068;-0.679909;0.555517;
0.043960;0.195732;0.483658;-0.679390;0.551518;
0.043970;0.193622;0.485243;-0.678864;0.547514;
0.043980;0.191509;0.486823;-0.678332;0.543505;
0.043990;0.189395;0.488398;-0.677793;0.539490;
0.044000;0.187279;0.489968;-0.677247;0.535470;
0.044010;0.185161;0.491534;-0.676695;0.531444;
0.044020;0.183041;0.493095;-0.676136;0.527414;
0.044030;0.180919;0.494651;-0.675570;0.523378;
0.044040;0.178796;0.496202;-0.674998;0.519337;
0.044050;0.176671;0.497748;-0.674419;0.515290;
0.044060;0.174544;0.499289;-0.673833;0.511239;
0.044070;0.172415;0.500826;-0.673241;0.507183;
0.044080;0.170285;0.502357;-0.672642;0.503122;
0.044090;0.168153;0.503883;-0.672036;0.499055;
0.044100;0.166019;0.505405;-0.671424;0.494984;
0.044110;0.163884;0.506921;-0.670805;0.490908;
0.044120;0.161747;0.508433;-0.670179;0.486827;
0.044130;0.159608;0.509939;-0.669547;0.482741;
0.044140;0.157468;0.511441;-0.668909;0.478651;
0.044150;0.155326;0.512937;-0.668263;0.474556;
0.044160;0.153183;0.514428;-0.667611;0.470456;
0.044170;0.151038;0.515914;-0.666953;0.466351;
0.044180;0.148892;0.517396;-0.666288;0.462242;
0.044190;0.146744;0.518872;-0.665616;0.458128;
0.044200;0.144595;0.520342;-0.664938;0.454010;
0.044210;0.142445;0.521808;-0.664253;0.449887;
0.044220;0.140293;0.523269;-0.663562;0.445760;
0.044230;0.138139;0.524724;-0.662864;0.441629;
0.044240;0.135985;0.526175;-0.662159;0.437493;
0.044250;0.133829;0.527620;-0.661448;0.433352;
0.044260;0.131671;0.529060;-0.660731;0.429208;
0.044270;0.129512;0.530494;-0.660007;0.425059;
0.044280;0.127353;0.531924;-0.659276;0.420906;
0.044290;0.125191;0.533348;-0.658539;0.416749;
0.044300;0.123029;0.534767;-0.657795;0.412588;
0.044310;0.120865;0.536180;-0.657045;0.408423;
0.044320;0.118700;0.537589;-0.656289;0.404253;
0.044330;0.116534;0.538992;-0.655526;0.400080;
0.044340;0.114367;0.540389;-0.654756;0.395903;
0.044350;0.112199;0.541782;-0.653980;0.391722;
0.044360;0.110029;0.543169;-0.653198;0.387537;
0.044370;0.107859;0.544550;-0.652409;0.383348;
0.044380;0.105687;0.545927;-0.651614;0.379155;
0.044390;0.103515;0.547298;-0.650812;0.374959;
0.044400;0.101341;0.548663;-0.650004;0.370759;
0.044410;0.099166;0.550023;-0.649189;0.366555;
0.044420;0.096991;0.551378;-0.648368;0.362348;
0.044430;0.094814;0.552727;-0.647541;0.358137;
0.044440;0.092637;0.554071;-0.646707;0.353922;
0.044450;0.090458;0.555409;-0.645867;0.349704;
0.044460;0.088279;0.556742;-0.645021;0.345483;
0.044470;0.086099;0.558069;-0.644168;0.341258;
0.044480;0.083918;0.559391;-0.643309;0.337030;
0.044490;0.081736;0.560707;-0.642443;0.332798;
0.044500;0.079553;0.562018;-0.641571;0.328564;
0.044510;0.077370;0.563323;-0.640693;0.324325;
0.044520;0.075185;0.564623;-0.639808;0.320084;
0.044530;0.073001;0.565917;-0.638917;0.315840;
0.044540;0.070815;0.567205;-0.638020;0.311592;
0.044550;0.068628;0.568488;-0.637117;0.307342;
0.044560;0.066441;0.569765;-0.636207;0.303088;
0.044570;0.064254;0.571037;-0.635291;0.298831;
0.044580;0.062065;0.572303;-0.634368;0.294572;
0.044590;0.059876;0.573563;-0.633440;0.290309;
0.044600;0.057687;0.574818;-0.632505;0.286044;
0.044610;0.055497;0.576067;-0.631564;0.281776;
0.044620;0.053306;0.577311;-0.630617;0.277505;
0.044630;0.051115;0.578548;-0.629663;0.273231;
0.044640;0.048923;0.579780;-0.628703;0.268955;
0.044650;0.046731;0.581006;-0.627737;0.264676;
0.044660;0.044538;0.582227;-0.626765;0.260394;
0.044670;0.042345;0.583442;-0.625787;0.256110;
0.044680;0.040152;0.584651;-0.624802;0.251823;
0.044690;0.037958;0.585854;-0.623812;0.247534;
0.044700;0.035764;0.587051;-0.622815;0.243242;
0.044710;0.033569;0.588243;-0.621812;0.238948;
0.044720;0.031374;0.589429;-0.620803;0.234652;
0.044730;0.029179;0.590609;-0.619787;0.230353;
0.044740;0.026983;0.591783;-0.618766;0.226052;
0.044750;0.024787;0.592951;-0.617738;0.221749;
0.044760;0.022591;0.594114;-0.616705;0.217443;
0.044770;0.020395;0.595270;-0.615665;0.213136;
0.044780;0.018198;0.596421;-0.614619;0.208826;
0.044790;0.016002;0.597566;-0.613568;0.204514;
0.044800;0.013805;0.598705;-0.612510;0.200201;
0.044810;0.011608;0.599838;-0.611446;0.195885;
0.044820;0.009411;0.600965;-0.610376;0.191567;
0.044830;0.007214;0.602086;-0.609300;0.187248;
0.044840;0.005016;0.603201;-0.608218;0.182926;
0.044850;0.002819;0.604311;-0.607130;0.178603;
0.044860;0.000622;0.605414;-0.606036;0.174278;
0.044870;-0.001575;0.606512;-0.604936;0.169951;
0.044880;-0.003773;0.607603;-0.603830;0.165623;
0.044890;-0.005970;0.608688;-0.602718;0.161293;
0.044900;-0.008167;0.609768;-0.601600;0.156961;
0.044910;-0.010364;0.610841;-0.600477;0.152628;
0.044920;-0.012561;0.611908;-0.599347;0.148293;
0.044930;-0.014758;0.612970;-0.598211;0.143957;
0.044940;-0.016955;0.614025;-0.597070;0.139620;
0.044950;-0.019152;0.615074;-0.595922;0.135281;
0.044960;-0.021348;0.616117;-0.594769;0.130941;
0.044970;-0.023544;0.617154;-0.593610;0.126599;
0.044980;-0.025740;0.618185;-0.592445;0.122256;
0.044990;-0.027936;0.619210;-0.591274;0.117912;
0.045000;-0.030131;0.620229;-0.590097;0.113567;
0.045010;-0.032327;0.621241;-0.588915;0.109221;
0.045020;-0.034521;0.622248;-0.587726;0.104873;
0.045030;-0.036716;0.623248;-0.586532;0.100525;
0.045040;-0.038910;0.624242;-0.585332;0.096176;
0.045050;-0.041104;0.625230;-0.584127;0.091825;
0.045060;-0.043297;0.626212;-0.582915;0.087474;
0.045070;-0.045490;0.627188;-0.581698;0.083122;
0.045080;-0.047682;0.628157;-0.580475;0.078769;
0.045090;-0.049874;0.629121;-0.579246;0.074415;
0.045100;-0.052066;0.630078;-0.578012;0.070061;
0.045110;-0.054257;0.631028;-0.576772;0.065706;
0.045120;-0.056447;0.631973;-0.575526;0.061350;
0.045130;-0.058637;0.632911;-0.574274;0.056993;
0.045140;-0.060826;0.633844;-0.573017;0.052636;
0.045150;-0.063015;0.634769;-0.571754;0.048279;
0.045160;-0.065203;0.635689;-0.570486;0.043921;
0.045170;-0.067391;0.636602;-0.569212;0.039563;
0.045180;-0.069577;0.637510;-0.567932;0.035204;
0.045190;-0.071763;0.638410;-0.566647;0.030845;
0.045200;-0.073949;0.639305;-0.565356;0.026485;
0.045210;-0.076133;0.640193;-0.564059;0.022126;
0.045220;-0.078317;0.641075;-0.562757;0.017766;
0.045230;-0.080500;0.641950;-0.561450;0.013406;
0.045240;-0.082683;0.642819;-0.560137;0.009045;
0.045250;-0.084864;0.643682;-0.558818;0.004685;
0.045260;-0.087045;0.644539;-0.557494;0.000325;
0.045270;-0.089225;0.645389;-0.556164;-0.004036;
0.045280;-0.091404;0.646233;-0.554829;-0.008396;
0.045290;-0.093582;0.647070;-0.553488;-0.012756;
0.045300;-0.095759;0.647901;-0.552142;-0.017116;
0.045310;-0.097935;0.648726;-0.550791;-0.021476;
0.045320;-0.100110;0.649544;-0.549434;-0.025836;
0.045330;-0.102284;0.650356;-0.548071;-0.030195;
0.045340;-0.104458;0.651161;-0.546703;-0.034555;
0.045350;-0.106630;0.651960;-0.545330;-0.038913;
0.045360;-0.108801;0.652752;-0.543951;-0.043272;
0.045370;-0.110971;0.653538;-0.542567;-0.047630;
0.045380;-0.113140;0.654318;-0.541178;-0.051988;
0.045390;-0.115308;0.655091;-0.539783;-0.056345;
0.045400;-0.117474;0.655858;-0.538383;-0.060701;
0.045410;-0.119640;0.656618;-0.536978;-0.065057;
0.045420;-0.121804;0.657372;-0.535567;-0.069412;
0.045430;-0.123967;0.658119;-0.534152;-0.073767;
0.045440;-0.126129;0.658860;-0.532730;-0.078121;
0.045450;-0.128290;0.659594;-0.531304;-0.082474;
0.045460;-0.130449;0.660322;-0.529872;-0.086826;
0.045470;-0.132608;0.661043;-0.528435;-0.091177;
0.045480;-0.134764;0.661758;-0.526993;-0.095528;
0.045490;-0.136920;0.662466;-0.525546;-0.099877;
0.045500;-0.139074;0.663167;-0.524093;-0.104226;
0.045510;-0.141227;0.663862;-0.522636;-0.108573;
0.045520;-0.143378;0.664551;-0.521173;-0.112920;
0.045530;-0.145528;0.665233;-0.519705;-0.117265;
0.045540;-0.147677;0.665908;-0.518232;-0.121609;
0.045550;-0.149824;0.666577;-0.516753;-0.125952;
0.045560;-0.151969;0.667239;-0.515270;-0.130294;
0.045570;-0.154113;0.667895;-0.513782;-0.134635;
0.045580;-0.156256;0.668544;-0.512288;-0.138974;
0.045590;-0.158397;0.669187;-0.510790;-0.143311;
0.045600;-0.160536;0.669822;-0.509286;-0.147648;
0.045610;-0.162674;0.670452;-0.507777;-0.151983;
0.045620;-0.164811;0.671074;-0.506264;-0.156316;
0.045630;-0.166945;0.671690;-0.504745;-0.160648;
0.045640;-0.169078;0.672300;-0.503222;-0.164978;
0.045650;-0.171209;0.672902;-0.501693;-0.169307;
0.045660;-0.173339;0.673499;-0.500159;-0.173634;
0.045670;-0.175467;0.674088;-0.498621;-0.177959;
0.045680;-0.177593;0.674671;-0.497078;-0.182282;
0.045690;-0.179718;0.675247;-0.495529;-0.186604;
0.045700;-0.181840;0.675816;-0.493976;-0.190924;
0.045710;-0.183961;0.676379;-0.492418;-0.195242;
0.045720;-0.186080;0.676935;-0.490855;-0.199558;
0.045730;-0.188197;0.677485;-0.489287;-0.203872;
0.045740;-0.190313;0.678028;-0.487715;-0.208184;
0.045750;-0.192426;0.678564;-0.486137;-0.212494;
0.045760;-0.194538;0.679093;-0.484555;-0.216802;
0.045770;-0.196648;0.679616;-0.482968;-0.221108;
0.045780;-0.198755;0.680132;-0.481377;-0.225411;
0.045790;-0.200861;0.680641;-0.479780;-0.229713;
0.045800;-0.202965;0.681144;-0.478179;-0.234012;
0.045810;-0.205067;0.681639;-0.476573;-0.238309;
0.045820;-0.207166;0.682129;-0.474962;-0.242603;
0.045830;-0.209264;0.682611;-0.473347;-0.246895;
0.045840;-0.211360;0.683087;-0.471727;-0.251185;
0.045850;-0.213453;0.683555;-0.470102;-0.255472;
0.045860;-0.215545;0.684018;-0.468473;-0.259756;
0.045870;-0.217634;0.684473;-0.466839;-0.264038;
0.045880;-0.219721;0.684922;-0.465200;-0.268318;
0.045890;-0.221806;0.685363;-0.463557;-0.272595;
0.045900;-0.223889;0.685799;-0.461910;-0.276869;
0.045910;-0.225970;0.686227;-0.460257;-0.281140;
0.045920;-0.228048;0.686648;-0.458600;-0.285409;
0.045930;-0.230124;0.687063;-0.456939;-0.289674;
0.045940;-0.232198;0.687471;-0.455273;-0.293937;
0.045950;-0.234269;0.687872;-0.453603;-0.298197;
0.045960;-0.236339;0.688267;-0.451928;-0.302454;
0.045970;-0.238406;0.688654;-0.450249;-0.306708;
0.045980;-0.240470;0.689035;-0.448565;-0.310959;
0.045990;-0.242532;0.689409;-0.446877;-0.315207;
0.046000;-0.244592;0.689777;-0.445184;-0.319452;
0.046010;-0.246650;0.690137;-0.443487;-0.323694;
0.046020;-0.248705;0.690491;-0.441786;-0.327933;
0.046030;-0.250757;0.690837;-0.440080;-0.332168;
0.046040;-0.252807;0.691177;-0.438370;-0.336400;
0.046050;-0.254855;0.691511;-0.436656;-0.340629;
0.046060;-0.256900;0.691837;-0.434937;-0.344854;
0.046070;-0.258942;0.692156;-0.433214;-0.349076;
0.046080;-0.260982;0.692469;-0.431487;-0.353294;
0.046090;-0.263019;0.692775;-0.429756;-0.357509;
0.046100;-0.265054;0.693074;-0.428020;-0.361721;
0.046110;-0.267086;0.693366;-0.426280;-0.365929;
0.046120;-0.269116;0.693651;-0.424536;-0.370133;
0.046130;-0.271142;0.693930;-0.422787;-0.374333;
0.046140;-0.273167;0.694202;-0.421035;-0.378530;
0.046150;-0.275188;0.694466;-0.419278;-0.382724;
0.046160;-0.277207;0.694724;-0.417517;-0.386913;
0.046170;-0.279223;0.694975;-0.415753;-0.391099;
0.046180;-0.281236;0.695220;-0.413983;-0.395280;
0.046190;-0.283247;0.695457;-0.412210;-0.399458;
0.046200;-0.285254;0.695687;-0.410433;-0.403632;
0.046210;-0.287259;0.695911;-0.408652;-0.407802;
0.046220;-0.289261;0.696128;-0.406867;-0.411968;
0.046230;-0.291260;0.696338;-0.405077;-0.416130;
0.046240;-0.293257;0.696541;-0.403284;-0.420287;
0.046250;-0.295250;0.696737;-0.401487;-0.424441;
0.046260;-0.297241;0.696926;-0.399685;-0.428590;
0.046270;-0.299228;0.697108;-0.397880;-0.432735;
0.046280;-0.301213;0.697284;-0.396071;-0.436876;
0.046290;-0.303194;0.697453;-0.394258;-0.441013;
0.046300;-0.305173;0.697614;-0.392441;-0.445145;
0.046310;-0.307149;0.697769;-0.390620;-0.449273;
0.046320;-0.309121;0.697917;-0.388796;-0.453396;
0.046330;-0.311091;0.698058;-0.386967;-0.457515;
0.046340;-0.313057;0.698192;-0.385135;-0.461630;
0.046350;-0.315021;0.698320;-0.383299;-0.465739;
0.046360;-0.316981;0.698440;-0.381459;-0.469845;
0.046370;-0.318938;0.698553;-0.379615;-0.473945;
0.046380;-0.320892;0.698660;-0.377768;-0.478041;
0.046390;-0.322843;0.698760;-0.375917;-0.482132;
0.046400;-0.324791;0.698853;-0.374062;-0.486219;
0.046410;-0.326735;0.698939;-0.372203;-0.490301;
0.046420;-0.328676;0.699018;-0.370341;-0.494377;
0.046430;-0.330614;0.699090;-0.368475;-0.498449;
0.046440;-0.332549;0.699155;-0.366606;-0.502516;
0.046450;-0.334480;0.699213;-0.364733;-0.506578;
0.046460;-0.336409;0.699265;-0.362856;-0.510635;
0.046470;-0.338333;0.699309;-0.360976;-0.514687;
0.046480;-0.340255;0.699347;-0.359092;-0.518734;
0.046490;-0.342173;0.699377;-0.357205;-0.522776;
0.046500;-0.344088;0.699401;-0.355314;-0.526813;
0.046510;-0.345999;0.699418;-0.353419;-0.530844;
0.046520;-0.347907;0.699428;-0.351521;-0.534870;
0.046530;-0.349811;0.699431;-0.349620;-0.538891;
0.046540;-0.351712;0.699428;-0.347715;-0.542907;
0.046550;-0.353610;0.699417;-0.345807;-0.546917;
0.046560;-0.355504;0.699399;-0.343895;-0.550922;
0.046570;-0.357395;0.699375;-0.341980;-0.554922;
0.046580;-0.359282;0.699343;-0.340062;-0.558916;
0.046590;-0.361165;0.699305;-0.338140;-0.562904;
0.046600;-0.363045;0.699260;-0.336215;-0.566887;
0.046610;-0.364921;0.699208;-0.334286;-0.570864;
0.046620;-0.366794;0.699149;-0.332354;-0.574836;
0.046630;-0.368663;0.699083;-0.330419;-0.578802;
0.046640;-0.370529;0.699010;-0.328481;-0.582762;
0.046650;-0.372391;0.698930;-0.326540;-0.586716;
0.046660;-0.374249;0.698844;-0.324595;-0.590665;
0.046670;-0.376103;0.698750;-0.322647;-0.594608;
0.046680;-0.377954;0.698650;-0.320696;-0.598545;
0.046690;-0.379801;0.698542;-0.318741;-0.602476;
0.046700;-0.381644;0.698428;-0.316784;-0.606401;
0.046710;-0.383484;0.698307;-0.314823;-0.610321;
0.046720;-0.385320;0.698179;-0.312860;-0.614234;
0.046730;-0.387151;0.698044;-0.310893;-0.618141;
0.046740;-0.388980;0.697902;-0.308923;-0.622042;
0.046750;-0.390804;0.697754;-0.306950;-0.625937;
0.046760;-0.392624;0.697598;-0.304974;-0.629825;
0.046770;-0.394441;0.697436;-0.302995;-0.633708;
0.046780;-0.396253;0.697267;-0.301013;-0.637584;
0.046790;-0.398062;0.697090;-0.299028;-0.641454;
0.046800;-0.399867;0.696907;-0.297040;-0.645318;
0.046810;-0.401668;0.696717;-0.295050;-0.649175;
0.046820;-0.403465;0.696521;-0.293056;-0.653026;
0.046830;-0.405258;0.696317;-0.291059;-0.656870;
0.046840;-0.407046;0.696106;-0.289060;-0.660708;
0.046850;-0.408831;0.695889;-0.287058;-0.664539;
0.046860;-0.410612;0.695665;-0.285052;-0.668364;
0.046870;-0.412389;0.695433;-0.283044;-0.672182;
0.046880;-0.414162;0.695195;-0.281034;-0.675994;
0.046890;-0.415930;0.694950;-0.279020;-0.679799;
0.046900;-0.417695;0.694699;-0.277004;-0.683597;
0.046910;-0.419455;0.694440;-0.274985;-0.687388;
0.046920;-0.421212;0.694175;-0.272963;-0.691173;
0.046930;-0.422964;0.693902;-0.270939;-0.694951;
0.046940;-0.424712;0.693623;-0.268912;-0.698722;
0.046950;-0.426455;0.693337;-0.266882;-0.702486;
0.046960;-0.428195;0.693044;-0.264849;-0.706243;
0.046970;-0.429930;0.692745;-0.262814;-0.709993;
0.046980;-0.431661;0.692438;-0.260777;-0.713736;
0.046990;-0.433388;0.692125;-0.258737;-0.717472;
0.047000;-0.435111;0.691804;-0.256694;-0.721201;
0.047010;-0.436829;0.691477;-0.254649;-0.724923;
0.047020;-0.438543;0.691144;-0.252601;-0.728638;
0.047030;-0.440252;0.690803;-0.250551;-0.732346;
0.047040;-0.441958;0.690455;-0.248498;-0.736046;
0.047050;-0.443658;0.690101;-0.246443;-0.739739;
0.047060;-0.445355;0.689740;-0.244385;-0.743425;
0.047070;-0.447047;0.689372;-0.242325;-0.747103;
0.047080;-0.448735;0.688997;-0.240263;-0.750774;
0.047090;-0.450418;0.688616;-0.238198;-0.754438;
0.047100;-0.452097;0.688227;-0.236131;-0.758094;
0.047110;-0.453771;0.687832;-0.234061;-0.761743;
0.047120;-0.455441;0.687430;-0.231989;-0.765384;
0.047130;-0.457107;0.687022;-0.229915;-0.769018;
0.047140;-0.458767;0.686606;-0.227839;-0.772644;
0.047150;-0.460424;0.686184;-0.225760;-0.776262;
0.047160;-0.462076;0.685755;-0.223679;-0.779873;
0.047170;-0.463723;0.685319;-0.221596;-0.783476;
0.047180;-0.465366;0.684877;-0.219511;-0.787072;
0.047190;-0.467004;0.684427;-0.217424;-0.790659;
0.047200;-0.468637;0.683971;-0.215334;-0.794239;
0.047210;-0.470266;0.683509;-0.213243;-0.797811;
0.047220;-0.471890;0.683039;-0.211149;-0.801375;
0.047230;-0.473510;0.682563;-0.209053;-0.804931;
0.047240;-0.475125;0.682080;-0.206955;-0.808479;
0.047250;-0.476735;0.681590;-0.204855;-0.812020;
0.047260;-0.478340;0.681093;-0.202753;-0.815552;
0.047270;-0.479941;0.680590;-0.200649;-0.819076;
0.047280;-0.481537;0.680080;-0.198543;-0.822592;
0.047290;-0.483128;0.679564;-0.196435;-0.826100;
0.047300;-0.484715;0.679040;-0.194325;-0.829600;
0.047310;-0.486296;0.678510;-0.192214;-0.833092;
0.047320;-0.487873;0.677973;-0.190100;-0.836575;
0.047330;-0.489445;0.677430;-0.187984;-0.840050;
0.047340;-0.491013;0.676880;-0.185867;-0.843517;
0.047350;-0.492575;0.676323;-0.183748;-0.846976;
0.047360;-0.494133;0.675759;-0.181627;-0.850426;
0.047370;-0.495685;0.675189;-0.179504;-0.853868;
0.047380;-0.497233;0.674613;-0.177379;-0.857301;
0.047390;-0.498776;0.674029;-0.175253;-0.860726;
0.047400;-0.500314;0.673439;-0.173125;-0.864142;
0.047410;-0.501847;0.672842;-0.170995;-0.867550;
0.047420;-0.503375;0.672239;-0.168864;-0.870949;
0.047430;-0.504898;0.671629;-0.166730;-0.874340;
0.047440;-0.506416;0.671012;-0.164596;-0.877722;
0.047450;-0.507929;0.670389;-0.162459;-0.881096;
0.047460;-0.509438;0.669759;-0.160321;-0.884460;
0.047470;-0.510941;0.669122;-0.158182;-0.887816;
0.047480;-0.512439;0.668479;-0.156040;-0.891164;
0.047490;-0.513932;0.667829;-0.153898;-0.894502;
0.047500;-0.515420;0.667173;-0.151753;-0.897832;
0.047510;-0.516902;0.666510;-0.149608;-0.901152;
0.047520;-0.518380;0.665841;-0.147460;-0.904464;
0.047530;-0.519853;0.665165;-0.145312;-0.907767;
0.047540;-0.521320;0.664482;-0.143162;-0.911061;
0.047550;-0.522783;0.663793;-0.141010;-0.914346;
0.047560;-0.524240;0.663097;-0.138857;-0.917622;
0.047570;-0.525692;0.662395;-0.136703;-0.920889;
0.047580;-0.527139;0.661686;-0.134547;-0.924147;
0.047590;-0.528580;0.660971;-0.132390;-0.927396;
0.047600;-0.530017;0.660249;-0.130232;-0.930635;
0.047610;-0.531448;0.659520;-0.128073;-0.933865;
0.047620;-0.532874;0.658785;-0.125912;-0.937087;
0.047630;-0.534294;0.658044;-0.123750;-0.940298;
0.047640;-0.535710;0.657296;-0.121587;-0.943501;
0.047650;-0.537120;0.656542;-0.119422;-0.946694;
0.047660;-0.538525;0.655781;-0.117256;-0.949878;
0.047670;-0.539924;0.655014;-0.115090;-0.953053;
0.047680;-0.541318;0.654240;-0.112922;-0.956218;
0.047690;-0.542707;0.653460;-0.110753;-0.959374;
0.047700;-0.544090;0.652673;-0.108582;-0.962520;
0.047710;-0.545468;0.651880;-0.106411;-0.965657;
0.047720;-0.546841;0.651080;-0.104239;-0.968784;
0.047730;-0.548208;0.650274;-0.102066;-0.971902;
0.047740;-0.549570;0.649462;-0.099891;-0.975010;
0.047750;-0.550927;0.648643;-0.097716;-0.978108;
0.047760;-0.552278;0.647818;-0.095540;-0.981197;
0.047770;-0.553623;0.646986;-0.093363;-0.984276;
0.047780;-0.554963;0.646148;-0.091184;-0.987345;
0.047790;-0.556298;0.645304;-0.089005;-0.990405;
0.047800;-0.557627;0.644453;-0.086826;-0.993455;
0.047810;-0.558951;0.643596;-0.084645;-0.996495;
0.047820;-0.560269;0.642732;-0.082463;-0.999525;
0.047830;-0.561582;0.641862;-0.080281;-1.002546;
0.047840;-0.562889;0.640986;-0.078098;-1.005556;
0.047850;-0.564190;0.640104;-0.075914;-1.008557;
0.047860;-0.565486;0.639215;-0.073729;-1.011547;
0.047870;-0.566776;0.638320;-0.071543;-1.014528;
0.047880;-0.568061;0.637419;-0.069357;-1.017499;
0.047890;-0.569340;0.636511;-0.067170;-1.020459;
0.047900;-0.570614;0.635597;-0.064983;-1.023410;
0.047910;-0.571882;0.634677;-0.062795;-1.026350;
0.047920;-0.573144;0.633750;-0.060606;-1.029280;
0.047930;-0.574401;0.632817;-0.058417;-1.032200;
0.047940;-0.575652;0.631878;-0.056227;-1.035110;
0.047950;-0.576897;0.630933;-0.054036;-1.038010;
0.047960;-0.578136;0.629982;-0.051845;-1.040900;
0.047970;-0.579370;0.629024;-0.049654;-1.043779;
0.047980;-0.580598;0.628060;-0.047462;-1.046648;
0.047990;-0.581821;0.627090;-0.045269;-1.049506;
0.048000;-0.583037;0.626114;-0.043076;-1.052354;
0.048010;-0.584248;0.625131;-0.040883;-1.055192;
0.048020;-0.585453;0.624142;-0.038689;-1.058020;
0.048030;-0.586653;0.623148;-0.036495;-1.060836;
0.048040;-0.587846;0.622147;-0.034300;-1.063643;
0.048050;-0.589034;0.621140;-0.032106;-1.066439;
0.048060;-0.590216;0.620126;-0.029910;-1.069224;
0.048070;-0.591392;0.619107;-0.027715;-1.071999;
0.048080;-0.592562;0.618082;-0.025519;-1.074764;
0.048090;-0.593727;0.617050;-0.023323;-1.077517;
0.048100;-0.594885;0.616012;-0.021127;-1.080260;
0.048110;-0.596038;0.614969;-0.018931;-1.082993;
0.048120;-0.597185;0.613919;-0.016734;-1.085715;
0.048130;-0.598326;0.612863;-0.014537;-1.088426;
0.048140;-0.599461;0.611801;-0.012340;-1.091126;
0.048150;-0.600590;0.610733;-0.010143;-1.093815;
0.048160;-0.601713;0.609659;-0.007946;-1.096494;
0.048170;-0.602830;0.608579;-0.005749;-1.099162;
0.048180;-0.603942;0.607493;-0.003552;-1.101819;
0.048190;-0.605047;0.606401;-0.001354;-1.104465;
0.048200;-0.606146;0.605303;0.000843;-1.107100;
0.048210;-0.607240;0.604199;0.003040;-1.109725;
0.048220;-0.608327;0.603090;0.005238;-1.112338;
0.048230;-0.609409;0.601974;0.007435;-1.114941;
0.048240;-0.610484;0.600852;0.009632;-1.117532;
0.048250;-0.611553;0.599724;0.011829;-1.120112;
0.048260;-0.612617;0.598590;0.014026;-1.122682;
0.048270;-0.613674;0.597451;0.016223;-1.125240;
0.048280;-0.614725;0.596305;0.018420;-1.127787;
0.048290;-0.615770;0.595154;0.020616;-1.130323;
0.048300;-0.616809;0.593997;0.022812;-1.132848;
0.048310;-0.617842;0.592834;0.025008;-1.135362;
0.048320;-0.618869;0.591665;0.027204;-1.137864;
0.048330;-0.619890;0.590490;0.029400;-1.140355;
0.048340;-0.620904;0.589310;0.031595;-1.142835;
0.048350;-0.621913;0.588123;0.033790;-1.145304;
0.048360;-0.622915;0.586931;0.035984;-1.147761;
0.048370;-0.623912;0.585733;0.038179;-1.150207;
0.048380;-0.624902;0.584529;0.040372;-1.152642;
0.048390;-0.625886;0.583320;0.042566;-1.155065;
0.048400;-0.626863;0.582104;0.044759;-1.157477;
0.048410;-0.627835;0.580883;0.046952;-1.159878;
0.048420;-0.628800;0.579656;0.049144;-1.162267;
0.048430;-0.629759;0.578424;0.051335;-1.164645;
0.048440;-0.630712;0.577186;0.053527;-1.167011;
0.048450;-0.631659;0.575942;0.055717;-1.169365;
0.048460;-0.632599;0.574692;0.057907;-1.171708;
0.048470;-0.633534;0.573437;0.060097;-1.174040;
0.048480;-0.634462;0.572176;0.062286;-1.176360;
0.048490;-0.635383;0.570909;0.064474;-1.178668;
0.048500;-0.636299;0.569637;0.066662;-1.180965;
0.048510;-0.637208;0.568359;0.068849;-1.183250;
0.048520;-0.638111;0.567076;0.071035;-1.185523;
0.048530;-0.639007;0.565787;0.073220;-1.187784;
0.048540;-0.639898;0.564492;0.075405;-1.190034;
0.048550;-0.640782;0.563192;0.077589;-1.192272;
0.048560;-0.641659;0.561886;0.079773;-1.194499;
0.048570;-0.642530;0.560575;0.081955;-1.196713;
0.048580;-0.643395;0.559258;0.084137;-1.198916;
0.048590;-0.644254;0.557936;0.086318;-1.201107;
0.048600;-0.645106;0.556608;0.088498;-1.203286;
0.048610;-0.645952;0.555275;0.090678;-1.205453;
0.048620;-0.646792;0.553936;0.092856;-1.207609;
0.048630;-0.647625;0.552591;0.095033;-1.209752;
0.048640;-0.648451;0.551242;0.097210;-1.211884;
0.048650;-0.649272;0.549886;0.099385;-1.214003;
0.048660;-0.650086;0.548526;0.101560;-1.216111;
0.048670;-0.650893;0.547160;0.103733;-1.218206;
0.048680;-0.651694;0.545788;0.105906;-1.220290;
0.048690;-0.652489;0.544412;0.108077;-1.222361;
0.048700;-0.653277;0.543029;0.110248;-1.224420;
0.048710;-0.654059;0.541642;0.112417;-1.226468;
0.048720;-0.654834;0.540249;0.114585;-1.228503;
0.048730;-0.655603;0.538851;0.116752;-1.230526;
0.048740;-0.656365;0.537447;0.118918;-1.232537;
0.048750;-0.657121;0.536038;0.121083;-1.234536;
0.048760;-0.657871;0.534624;0.123247;-1.236522;
0.048770;-0.658613;0.533205;0.125409;-1.238497;
0.048780;-0.659350;0.531780;0.127570;-1.240459;
0.048790;-0.660080;0.530350;0.129730;-1.242409;
0.048800;-0.660803;0.528915;0.131888;-1.244346;
0.048810;-0.661520;0.527474;0.134046;-1.246272;
0.048820;-0.662230;0.526029;0.136202;-1.248185;
0.048830;-0.662934;0.524578;0.138356;-1.250085;
0.048840;-0.663631;0.523122;0.140509;-1.251974;
0.048850;-0.664322;0.521661;0.142661;-1.253850;
0.048860;-0.665006;0.520195;0.144812;-1.255714;
0.048870;-0.665684;0.518723;0.146961;-1.257565;
0.048880;-0.666355;0.517247;0.149108;-1.259404;
0.048890;-0.667019;0.515765;0.151254;-1.261230;
0.048900;-0.667677;0.514278;0.153399;-1.263044;
0.048910;-0.668328;0.512787;0.155542;-1.264846;
0.048920;-0.668973;0.511290;0.157683;-1.266635;
0.048930;-0.669611;0.509788;0.159823;-1.268411;
0.048940;-0.670243;0.508281;0.161962;-1.270175;
0.048950;-0.670868;0.506769;0.164099;-1.271927;
0.048960;-0.671486;0.505252;0.166234;-1.273666;
0.048970;-0.672097;0.503730;0.168367;-1.275392;
0.048980;-0.672702;0.502203;0.170499;-1.277106;
0.048990;-0.673301;0.500671;0.172629;-1.278807;
0.049000;-0.673892;0.499134;0.174758;-1.280495;
0.049010;-0.674477;0.497593;0.176885;-1.282171;
0.049020;-0.675056;0.496046;0.179010;-1.283835;
0.049030;-0.675627;0.494494;0.181133;-1.285485;
0.049040;-0.676192;0.492938;0.183254;-1.287123;
0.049050;-0.676751;0.491377;0.185374;-1.288748;
0.049060;-0.677303;0.489811;0.187492;-1.290361;
0.049070;-0.677848;0.488240;0.189608;-1.291960;
0.049080;-0.678386;0.486664;0.191722;-1.293547;
0.049090;-0.678917;0.485083;0.193834;-1.295122;
0.049100;-0.679442;0.483498;0.195945;-1.296683;
0.049110;-0.679961;0.481908;0.198053;-1.298232;
0.049120;-0.680472;0.480313;0.200159;-1.299768;
0.049130;-0.680977;0.478713;0.202264;-1.301291;
0.049140;-0.681475;0.477109;0.204366;-1.302801;
0.049150;-0.681966;0.475500;0.206467;-1.304298;
0.049160;-0.682451;0.473886;0.208565;-1.305782;
0.049170;-0.682929;0.472267;0.210661;-1.307254;
0.049180;-0.683400;0.470644;0.212756;-1.308713;
0.049190;-0.683864;0.469016;0.214848;-1.310158;
0.049200;-0.684322;0.467384;0.216938;-1.311591;
0.049210;-0.684773;0.465747;0.219026;-1.313011;
0.049220;-0.685217;0.464105;0.221111;-1.314418;
0.049230;-0.685654;0.462459;0.223195;-1.315812;
0.049240;-0.686085;0.460809;0.225276;-1.317193;
0.049250;-0.686509;0.459153;0.227355;-1.318561;
0.049260;-0.686926;0.457493;0.229432;-1.319915;
0.049270;-0.687336;0.455829;0.231507;-1.321257;
0.049280;-0.687739;0.454160;0.233579;-1.322586;
0.049290;-0.688136;0.452487;0.235649;-1.323902;
0.049300;-0.688526;0.450809;0.237717;-1.325205;
0.049310;-0.688909;0.449127;0.239782;-1.326494;
0.049320;-0.689285;0.447440;0.241845;-1.327771;
0.049330;-0.689655;0.445749;0.243906;-1.329034;
0.049340;-0.690018;0.444054;0.245964;-1.330285;
0.049350;-0.690374;0.442354;0.248020;-1.331522;
0.049360;-0.690723;0.440650;0.250073;-1.332746;
0.049370;-0.691065;0.438941;0.252124;-1.333957;
0.049380;-0.691400;0.437228;0.254172;-1.335155;
0.049390;-0.691729;0.435511;0.256218;-1.336339;
0.049400;-0.692051;0.433789;0.258261;-1.337511;
0.049410;-0.692366;0.432063;0.260302;-1.338669;
0.049420;-0.692674;0.430333;0.262340;-1.339814;
0.049430;-0.692975;0.428599;0.264376;-1.340945;
0.049440;-0.693270;0.426860;0.266409;-1.342064;
0.049450;-0.693557;0.425118;0.268439;-1.343169;
0.049460;-0.693838;0.423371;0.270467;-1.344261;
0.049470;-0.694112;0.421620;0.272492;-1.345340;
0.049480;-0.694379;0.419864;0.274515;-1.346405;
0.049490;-0.694639;0.418105;0.276534;-1.347457;
0.049500;-0.694892;0.416341;0.278551;-1.348496;
0.049510;-0.695139;0.414574;0.280565;-1.349522;
0.049520;-0.695379;0.412802;0.282577;-1.350534;
0.049530;-0.695611;0.411026;0.284585;-1.351533;
0.049540;-0.695837;0.409246;0.286591;-1.352519;
0.049550;-0.696056;0.407462;0.288594;-1.353491;
0.049560;-0.696268;0.405674;0.290594;-1.354450;
0.049570;-0.696474;0.403882;0.292592;-1.355395;
0.049580;-0.696672;0.402086;0.294586;-1.356327;
0.049590;-0.696864;0.400286;0.296577;-1.357246;
0.049600;-0.697048;0.398482;0.298566;-1.358151;
0.049610;-0.697226;0.396675;0.300552;-1.359043;
0.049620;-0.697397;0.394863;0.302534;-1.359922;
0.049630;-0.697561;0.393047;0.304514;-1.360787;
0.049640;-0.697718;0.391228;0.306490;-1.361639;
0.049650;-0.697868;0.389404;0.308464;-1.362477;
0.049660;-0.698012;0.387577;0.310435;-1.363302;
0.049670;-0.698148;0.385746;0.312402;-1.364113;
0.049680;-0.698278;0.383911;0.314367;-1.364911;
0.049690;-0.698401;0.382073;0.316328;-1.365695;
0.049700;-0.698516;0.380230;0.318286;-1.366466;
0.049710;-0.698625;0.378384;0.320241;-1.367223;
0.049720;-0.698727;0.376534;0.322193;-1.367967;
0.049730;-0.698822;0.374681;0.324142;-1.368698;
0.049740;-0.698911;0.372823;0.326087;-1.369415;
0.049750;-0.698992;0.370962;0.328030;-1.370118;
0.049760;-0.699066;0.369098;0.329969;-1.370808;
0.049770;-0.699134;0.367229;0.331904;-1.371484;
0.049780;-0.699195;0.365358;0.333837;-1.372147;
0.049790;-0.699248;0.363482;0.335766;-1.372796;
0.049800;-0.699295;0.361603;0.337692;-1.373432;
0.049810;-0.699335;0.359720;0.339615;-1.374054;
0.049820;-0.699368;0.357834;0.341534;-1.374663;
0.049830;-0.699394;0.355944;0.343450;-1.375258;
0.049840;-0.699413;0.354051;0.345362;-1.375840;
0.049850;-0.699426;0.352154;0.347271;-1.376407;
0.049860;-0.699431;0.350254;0.349177;-1.376962;
0.049870;-0.699430;0.348350;0.351079;-1.377502;
0.049880;-0.699421;0.346443;0.352978;-1.378030;
0.049890;-0.699406;0.344533;0.354873;-1.378543;
0.049900;-0.699384;0.342619;0.356765;-1.379043;
0.049910;-0.699355;0.340701;0.358653;-1.379529;
0.049920;-0.699319;0.338781;0.360538;-1.380002;
0.049930;-0.699276;0.336857;0.362419;-1.380461;
0.049940;-0.699226;0.334929;0.364296;-1.380906;
0.049950;-0.699169;0.332999;0.366170;-1.381338;
0.049960;-0.699105;0.331065;0.368041;-1.381756;
0.049970;-0.699035;0.329128;0.369907;-1.382161;
0.049980;-0.698958;0.327187;0.371770;-1.382552;
0.049990;-0.698873;0.325243;0.373630;-1.382929;
0.050000;-0.698782;0.323296;0.375486;-1.383293;
0.050010;-0.698684;0.321346;0.377338;-1.383643;
0.050020;-0.698579;0.319393;0.379186;-1.383979;
0.050030;-0.698467;0.317437;0.381030;-1.384302;
0.050040;-0.698348;0.315477;0.382871;-1.384611;
0.050050;-0.698223;0.313514;0.384708;-1.384906;
0.050060;-0.698090;0.311549;0.386541;-1.385188;
0.050070;-0.697950;0.309580;0.388371;-1.385456;
0.050080;-0.697804;0.307608;0.390196;-1.385710;
0.050090;-0.697651;0.305633;0.392018;-1.385950;
0.050100;-0.697491;0.303655;0.393836;-1.386177;
0.050110;-0.697324;0.301674;0.395650;-1.386391;
0.050120;-0.697150;0.299690;0.397460;-1.386590;
0.050130;-0.696969;0.297703;0.399266;-1.386776;
0.050140;-0.696781;0.295714;0.401068;-1.386948;
0.050150;-0.696587;0.293721;0.402866;-1.387107;
0.050160;-0.696385;0.291725;0.404660;-1.387252;
0.050170;-0.696177;0.289727;0.406451;-1.387383;
0.050180;-0.695962;0.287725;0.408237;-1.387500;
0.050190;-0.695740;0.285721;0.410019;-1.387604;
0.050200;-0.695511;0.283714;0.411797;-1.387694;
0.050210;-0.695275;0.281704;0.413571;-1.387770;
0.050220;-0.695033;0.279692;0.415341;-1.387833;
0.050230;-0.694783;0.277676;0.417107;-1.387882;
0.050240;-0.694527;0.275658;0.418869;-1.387917;
0.050250;-0.694264;0.273637;0.420627;-1.387939;
0.050260;-0.693994;0.271614;0.422380;-1.387947;
0.050270;-0.693717;0.269588;0.424129;-1.387941;
0.050280;-0.693433;0.267559;0.425875;-1.387921;
0.050290;-0.693143;0.265527;0.427615;-1.387888;
0.050300;-0.692845;0.263493;0.429352;-1.387841;
0.050310;-0.692541;0.261456;0.431085;-1.387781;
0.050320;-0.692230;0.259417;0.432813;-1.387706;
0.050330;-0.691912;0.257375;0.434537;-1.387618;
0.050340;-0.691587;0.255331;0.436257;-1.387517;
0.050350;-0.691256;0.253284;0.437972;-1.387401;
0.050360;-0.690917;0.251234;0.439683;-1.387272;
0.050370;-0.690572;0.249182;0.441390;-1.387129;
0.050380;-0.690220;0.247128;0.443092;-1.386973;
0.050390;-0.689861;0.245071;0.444790;-1.386803;
0.050400;-0.689495;0.243012;0.446484;-1.386619;
0.050410;-0.689123;0.240950;0.448173;-1.386421;
0.050420;-0.688744;0.238886;0.449857;-1.386210;
0.050430;-0.688358;0.236820;0.451538;-1.385985;
0.050440;-0.687965;0.234751;0.453214;-1.385747;
0.050450;-0.687565;0.232680;0.454885;-1.385494;
0.050460;-0.687159;0.230607;0.456552;-1.385228;
0.050470;-0.686746;0.228531;0.458214;-1.384949;
0.050480;-0.686326;0.226453;0.459872;-1.384655;
0.050490;-0.685899;0.224373;0.461525;-1.384349;
0.050500;-0.685465;0.222291;0.463174;-1.384028;
0.050510;-0.685025;0.220206;0.464818;-1.383694;
0.050520;-0.684578;0.218120;0.466458;-1.383346;
0.050530;-0.684124;0.216031;0.468093;-1.382984;
0.050540;-0.683664;0.213940;0.469723;-1.382609;
0.050550;-0.683196;0.211847;0.471349;-1.382220;
0.050560;-0.682722;0.209752;0.472970;-1.381818;
0.050570;-0.682241;0.207655;0.474587;-1.381401;
0.050580;-0.681754;0.205555;0.476199;-1.380972;
0.050590;-0.681260;0.203454;0.477806;-1.380528;
0.050600;-0.680759;0.201351;0.479408;-1.380071;
0.050610;-0.680251;0.199245;0.481005;-1.379601;
0.050620;-0.679736;0.197138;0.482598;-1.379116;
0.050630;-0.679215;0.195029;0.484186;-1.378618;
0.050640;-0.678688;0.192918;0.485770;-1.378107;
0.050650;-0.678153;0.190805;0.487348;-1.377582;
0.050660;-0.677612;0.188690;0.488922;-1.377043;
0.050670;-0.677064;0.186573;0.490491;-1.376491;
0.050680;-0.676509;0.184454;0.492055;-1.375925;
0.050690;-0.675948;0.182334;0.493614;-1.375345;
0.050700;-0.675380;0.180212;0.495168;-1.374752;
0.050710;-0.674806;0.178088;0.496718;-1.374146;
0.050720;-0.674224;0.175962;0.498262;-1.373526;
0.050730;-0.673636;0.173834;0.499802;-1.372892;
0.050740;-0.673042;0.171705;0.501337;-1.372245;
0.050750;-0.672441;0.169574;0.502866;-1.371584;
0.050760;-0.671833;0.167442;0.504391;-1.370910;
0.050770;-0.671218;0.165307;0.505911;-1.370222;
0.050780;-0.670597;0.163171;0.507426;-1.369520;
0.050790;-0.669969;0.161034;0.508935;-1.368805;
0.050800;-0.669335;0.158895;0.510440;-1.368077;
0.050810;-0.668694;0.156754;0.511940;-1.367335;
0.050820;-0.668047;0.154612;0.513435;-1.366580;
0.050830;-0.667393;0.152468;0.514924;-1.365811;
0.050840;-0.666732;0.150323;0.516409;-1.365028;
0.050850;-0.666065;0.148176;0.517888;-1.364233;
0.050860;-0.665391;0.146028;0.519362;-1.363423;
0.050870;-0.664710;0.143879;0.520832;-1.362600;
0.050880;-0.664023;0.141728;0.522296;-1.361764;
0.050890;-0.663330;0.139575;0.523755;-1.360915;
0.050900;-0.662630;0.137421;0.525208;-1.360051;
0.050910;-0.661923;0.135266;0.526657;-1.359175;
0.050920;-0.661210;0.133110;0.528100;-1.358285;
0.050930;-0.660490;0.130952;0.529538;-1.357382;
0.050940;-0.659764;0.128793;0.530971;-1.356465;
0.050950;-0.659031;0.126632;0.532399;-1.355535;
0.050960;-0.658292;0.124471;0.533821;-1.354591;
0.050970;-0.657546;0.122308;0.535238;-1.353634;
0.050980;-0.656794;0.120144;0.536650;-1.352664;
0.050990;-0.656035;0.117978;0.538057;-1.351681;
0.051000;-0.655270;0.115812;0.539458;-1.350684;
0.051010;-0.654498;0.113644;0.540854;-1.349673;
0.051020;-0.653720;0.111476;0.542245;-1.348650;
0.051030;-0.652936;0.109306;0.543630;-1.347613;
0.051040;-0.652145;0.107135;0.545010;-1.346563;
0.051050;-0.651347;0.104963;0.546384;-1.345499;
0.051060;-0.650543;0.102790;0.547753;-1.344423;
0.051070;-0.649733;0.100616;0.549117;-1.343333;
0.051080;-0.648917;0.098441;0.550475;-1.342229;
0.051090;-0.648093;0.096265;0.551828;-1.341113;
0.051100;-0.647264;0.094088;0.553175;-1.339983;
0.051110;-0.646428;0.091911;0.554517;-1.338840;
0.051120;-0.645586;0.089732;0.555854;-1.337684;
0.051130;-0.644737;0.087552;0.557185;-1.336514;
0.051140;-0.643882;0.085372;0.558510;-1.335332;
0.051150;-0.643021;0.083190;0.559830;-1.334136;
0.051160;-0.642153;0.081008;0.561145;-1.332927;
0.051170;-0.641279;0.078825;0.562454;-1.331705;
0.051180;-0.640399;0.076642;0.563757;-1.330470;
0.051190;-0.639512;0.074457;0.565055;-1.329221;
0.051200;-0.638619;0.072272;0.566347;-1.327960;
0.051210;-0.637720;0.070086;0.567634;-1.326685;
0.051220;-0.636814;0.067900;0.568915;-1.325398;
0.051230;-0.635902;0.065712;0.570190;-1.324097;
0.051240;-0.634984;0.063524;0.571460;-1.322783;
0.051250;-0.634060;0.061336;0.572724;-1.321456;
0.051260;-0.633129;0.059147;0.573982;-1.320116;
0.051270;-0.632192;0.056957;0.575235;-1.318763;
0.051280;-0.631249;0.054767;0.576482;-1.317397;
0.051290;-0.630299;0.052576;0.577724;-1.316018;
0.051300;-0.629344;0.050384;0.578960;-1.314626;
0.051310;-0.628382;0.048192;0.580190;-1.313221;
0.051320;-0.627414;0.046000;0.581414;-1.311803;
0.051330;-0.626440;0.043807;0.582632;-1.310373;
0.051340;-0.625459;0.041614;0.583845;-1.308929;
0.051350;-0.624473;0.039420;0.585052;-1.307472;
0.051360;-0.623480;0.037226;0.586254;-1.306002;
0.051370;-0.622481;0.035032;0.587449;-1.304520;
0.051380;-0.621476;0.032837;0.588639;-1.303025;
0.051390;-0.620465;0.030642;0.589823;-1.301516;
0.051400;-0.619448;0.028447;0.591001;-1.299995;
0.051410;-0.618424;0.026251;0.592173;-1.298461;
0.051420;-0.617395;0.024055;0.593339;-1.296915;
0.051430;-0.616359;0.021859;0.594500;-1.295355;
0.051440;-0.615317;0.019663;0.595655;-1.293783;
0.051450;-0.614270;0.017466;0.596803;-1.292198;
0.051460;-0.613216;0.015270;0.597946;-1.290600;
0.051470;-0.612156;0.013073;0.599083;-1.288989;
0.051480;-0.611090;0.010876;0.600214;-1.287366;
0.051490;-0.610018;0.008679;0.601339;-1.285730;
0.051500;-0.608940;0.006481;0.602459;-1.284081;
0.051510;-0.607856;0.004284;0.603572;-1.282420;
0.051520;-0.606766;0.002087;0.604679;-1.280746;
0.051530;-0.605670;-0.000111;0.605781;-1.279059;
0.051540;-0.604568;-0.002308;0.606876;-1.277360;
0.051550;-0.603460;-0.004505;0.607965;-1.275648;
0.051560;-0.602346;-0.006702;0.609049;-1.273924;
0.051570;-0.601226;-0.008900;0.610126;-1.272186;
0.051580;-0.600101;-0.011097;0.611197;-1.270437;
0.051590;-0.598969;-0.013294;0.612263;-1.268675;
0.051600;-0.597831;-0.015491;0.613322;-1.266900;
0.051610;-0.596688;-0.017687;0.614375;-1.265113;
0.051620;-0.595539;-0.019884;0.615422;-1.263313;
0.051630;-0.594383;-0.022080;0.616464;-1.261501;
0.051640;-0.593222;-0.024276;0.617499;-1.259676;
0.051650;-0.592055;-0.026472;0.618527;-1.257839;
0.051660;-0.590882;-0.028668;0.619550;-1.255990;
0.051670;-0.589704;-0.030863;0.620567;-1.254128;
0.051680;-0.588519;-0.033058;0.621577;-1.252254;
0.051690;-0.587329;-0.035253;0.622582;-1.250367;
0.051700;-0.586133;-0.037447;0.623580;-1.248469;
0.051710;-0.584931;-0.039641;0.624572;-1.246557;
0.051720;-0.583723;-0.041835;0.625558;-1.244634;
0.051730;-0.582510;-0.044028;0.626538;-1.242698;
0.051740;-0.581291;-0.046221;0.627512;-1.240750;
0.051750;-0.580066;-0.048413;0.628479;-1.238790;
0.051760;-0.578835;-0.050605;0.629440;-1.236817;
0.051770;-0.577599;-0.052796;0.630395;-1.234832;
0.051780;-0.576357;-0.054987;0.631344;-1.232835;
0.051790;-0.575109;-0.057177;0.632287;-1.230826;
0.051800;-0.573856;-0.059367;0.633223;-1.228805;
0.051810;-0.572597;-0.061556;0.634153;-1.226772;
0.051820;-0.571332;-0.063745;0.635077;-1.224726;
0.051830;-0.570062;-0.065932;0.635994;-1.222669;
0.051840;-0.568786;-0.068120;0.636906;-1.220599;
0.051850;-0.567504;-0.070306;0.637810;-1.218517;
0.051860;-0.566217;-0.072492;0.638709;-1.216423;
0.051870;-0.564924;-0.074677;0.639602;-1.214318;
0.051880;-0.563626;-0.076862;0.640488;-1.212200;
0.051890;-0.562322;-0.079045;0.641367;-1.210070;
0.051900;-0.561013;-0.081228;0.642241;-1.207929;
0.051910;-0.559698;-0.083410;0.643108;-1.205775;
0.051920;-0.558377;-0.085591;0.643968;-1.203610;
0.051930;-0.557051;-0.087772;0.644823;-1.201432;
0.051940;-0.555720;-0.089951;0.645671;-1.199243;
0.051950;-0.554383;-0.092130;0.646512;-1.197042;
0.051960;-0.553040;-0.094308;0.647348;-1.194829;
0.051970;-0.551692;-0.096484;0.648177;-1.192605;
0.051980;-0.550339;-0.098660;0.648999;-1.190368;
0.051990;-0.548980;-0.100835;0.649815;-1.188120;
0.052000;-0.547616;-0.103009;0.650625;-1.185860;
0.052010;-0.546246;-0.105182;0.651428;-1.183589;
0.052020;-0.544871;-0.107354;0.652225;-1.181306;
0.052030;-0.543491;-0.109524;0.653015;-1.179011;
0.052040;-0.542105;-0.111694;0.653799;-1.176704;
0.052050;-0.540714;-0.113863;0.654576;-1.174386;
0.052060;-0.539317;-0.116030;0.655347;-1.172056;
0.052070;-0.537916;-0.118196;0.656112;-1.169715;
0.052080;-0.536508;-0.120362;0.656870;-1.167362;
0.052090;-0.535096;-0.122525;0.657622;-1.164998;
0.052100;-0.533678;-0.124688;0.658367;-1.162622;
0.052110;-0.532255;-0.126850;0.659105;-1.160234;
0.052120;-0.530827;-0.129010;0.659837;-1.157836;
0.052130;-0.529394;-0.131169;0.660563;-1.155425;
0.052140;-0.527955;-0.133327;0.661282;-1.153004;
0.052150;-0.526511;-0.135483;0.661994;-1.150571;
0.052160;-0.525062;-0.137638;0.662700;-1.148126;
0.052170;-0.523608;-0.139792;0.663400;-1.145671;
0.052180;-0.522149;-0.141944;0.664093;-1.143204;
0.052190;-0.520684;-0.144095;0.664779;-1.140725;
0.052200;-0.519214;-0.146244;0.665459;-1.138236;
0.052210;-0.517739;-0.148392;0.666132;-1.135735;
0.052220;-0.516260;-0.150539;0.666799;-1.133223;
0.052230;-0.514775;-0.152684;0.667459;-1.130700;
0.052240;-0.513284;-0.154828;0.668112;-1.128165;
0.052250;-0.511789;-0.156970;0.668759;-1.125620;
0.052260;-0.510289;-0.159110;0.669399;-1.123063;
0.052270;-0.508784;-0.161249;0.670033;-1.120496;
0.052280;-0.507273;-0.163387;0.670660;-1.117917;
0.052290;-0.505758;-0.165522;0.671280;-1.115327;
0.052300;-0.504238;-0.167656;0.671894;-1.112726;
0.052310;-0.502713;-0.169789;0.672501;-1.110115;
0.052320;-0.501182;-0.171920;0.673102;-1.107492;
0.052330;-0.499647;-0.174049;0.673696;-1.104858;
0.052340;-0.498107;-0.176176;0.674283;-1.102214;
0.052350;-0.496562;-0.178302;0.674864;-1.099558;
0.052360;-0.495012;-0.180425;0.675438;-1.096892;
0.052370;-0.493457;-0.182547;0.676005;-1.094215;
0.052380;-0.491898;-0.184668;0.676565;-1.091527;
0.052390;-0.490333;-0.186786;0.677119;-1.088828;
0.052400;-0.488764;-0.188903;0.677667;-1.086119;
0.052410;-0.487190;-0.191018;0.678207;-1.083399;
0.052420;-0.485611;-0.193130;0.678741;-1.080668;
0.052430;-0.484027;-0.195241;0.679268;-1.077927;
0.052440;-0.482438;-0.197350;0.679789;-1.075174;
0.052450;-0.480845;-0.199457;0.680302;-1.072412;
0.052460;-0.479247;-0.201562;0.680809;-1.069638;
0.052470;-0.477644;-0.203666;0.681310;-1.066854;
0.052480;-0.476037;-0.205767;0.681803;-1.064060;
0.052490;-0.474424;-0.207866;0.682290;-1.061255;
0.052500;-0.472807;-0.209963;0.682770;-1.058440;
0.052510;-0.471186;-0.212058;0.683244;-1.055614;
0.052520;-0.469560;-0.214151;0.683710;-1.052778;
0.052530;-0.467929;-0.216241;0.684170;-1.049931;
0.052540;-0.466293;-0.218330;0.684623;-1.047074;
0.052550;-0.464653;-0.220416;0.685070;-1.044207;
0.052560;-0.463009;-0.222501;0.685509;-1.041329;
0.052570;-0.461359;-0.224583;0.685942;-1.038441;
0.052580;-0.459706;-0.226663;0.686368;-1.035543;
0.052590;-0.458047;-0.228740;0.686787;-1.032634;
0.052600;-0.456384;-0.230816;0.687200;-1.029716;
0.052610;-0.454717;-0.232889;0.687606;-1.026787;
0.052620;-0.453045;-0.234959;0.688005;-1.023848;
0.052630;-0.451369;-0.237028;0.688397;-1.020899;
0.052640;-0.449688;-0.239094;0.688782;-1.017940;
0.052650;-0.448003;-0.241158;0.689161;-1.014971;
0.052660;-0.446313;-0.243219;0.689533;-1.011992;
0.052670;-0.444619;-0.245278;0.689898;-1.009003;
0.052680;-0.442921;-0.247335;0.690256;-1.006004;
0.052690;-0.441218;-0.249389;0.690607;-1.002995;
0.052700;-0.439511;-0.251441;0.690952;-0.999976;
0.052710;-0.437799;-0.253490;0.691289;-0.996947;
0.052720;-0.436084;-0.255536;0.691620;-0.993908;
0.052730;-0.434364;-0.257581;0.691944;-0.990860;
0.052740;-0.432639;-0.259622;0.692261;-0.987802;
0.052750;-0.430911;-0.261661;0.692572;-0.984734;
0.052760;-0.429178;-0.263698;0.692875;-0.981656;
0.052770;-0.427440;-0.265732;0.693172;-0.978569;
0.052780;-0.425699;-0.267763;0.693462;-0.975472;
0.052790;-0.423954;-0.269792;0.693745;-0.972365;
0.052800;-0.422204;-0.271817;0.694021;-0.969249;
0.052810;-0.420450;-0.273841;0.694291;-0.966123;
0.052820;-0.418692;-0.275861;0.694553;-0.962988;
0.052830;-0.416930;-0.277879;0.694809;-0.959843;
0.052840;-0.415163;-0.279894;0.695058;-0.956689;
0.052850;-0.413393;-0.281907;0.695299;-0.953525;
0.052860;-0.411618;-0.283916;0.695535;-0.950352;
0.052870;-0.409840;-0.285923;0.695763;-0.947169;
0.052880;-0.408057;-0.287927;0.695984;-0.943977;
0.052890;-0.406271;-0.289928;0.696198;-0.940776;
0.052900;-0.404480;-0.291926;0.696406;-0.937565;
0.052910;-0.402685;-0.293921;0.696607;-0.934346;
0.052920;-0.400887;-0.295914;0.696801;-0.931117;
0.052930;-0.399084;-0.297903;0.696988;-0.927879;
0.052940;-0.397278;-0.299890;0.697168;-0.924631;
0.052950;-0.395467;-0.301874;0.697341;-0.921375;
0.052960;-0.393653;-0.303854;0.697507;-0.918109;
0.052970;-0.391835;-0.305832;0.697667;-0.914835;
0.052980;-0.390013;-0.307807;0.697819;-0.911551;
0.052990;-0.388187;-0.309778;0.697965;-0.908258;
0.053000;-0.386357;-0.311747;0.698104;-0.904957;
0.053010;-0.384523;-0.313712;0.698235;-0.901646;
0.053020;-0.382686;-0.315674;0.698360;-0.898327;
0.053030;-0.380845;-0.317634;0.698479;-0.894998;
0.053040;-0.379000;-0.319590;0.698590;-0.891661;
0.053050;-0.377151;-0.321543;0.698694;-0.888315;
0.053060;-0.375299;-0.323493;0.698792;-0.884961;
0.053070;-0.373443;-0.325439;0.698882;-0.881597;
0.053080;-0.371583;-0.327382;0.698966;-0.878225;
0.053090;-0.369720;-0.329323;0.699042;-0.874844;
0.053100;-0.367853;-0.331260;0.699112;-0.871455;
0.053110;-0.365982;-0.333193;0.699175;-0.868057;
0.053120;-0.364108;-0.335123;0.699231;-0.864650;
0.053130;-0.362230;-0.337051;0.699280;-0.861235;
0.053140;-0.360348;-0.338974;0.699322;-0.857812;
0.053150;-0.358463;-0.340895;0.699358;-0.854379;
0.053160;-0.356575;-0.342812;0.699386;-0.850939;
0.053170;-0.354683;-0.344725;0.699408;-0.847490;
0.053180;-0.352787;-0.346635;0.699422;-0.844033;
0.053190;-0.350888;-0.348542;0.699430;-0.840567;
0.053200;-0.348985;-0.350445;0.699431;-0.837093;
0.053210;-0.347079;-0.352345;0.699425;-0.833611;
0.053220;-0.345170;-0.354242;0.699412;-0.830121;
0.053230;-0.343257;-0.356135;0.699392;-0.826622;
0.053240;-0.341341;-0.358024;0.699365;-0.823115;
0.053250;-0.339421;-0.359910;0.699331;-0.819600;
0.053260;-0.337498;-0.361792;0.699291;-0.816077;
0.053270;-0.335572;-0.363671;0.699243;-0.812546;
0.053280;-0.333643;-0.365546;0.699189;-0.809007;
0.053290;-0.331710;-0.367418;0.699127;-0.805460;
0.053300;-0.329774;-0.369286;0.699059;-0.801905;
0.053310;-0.327834;-0.371150;0.698984;-0.798342;
0.053320;-0.325892;-0.373010;0.698902;-0.794772;
0.053330;-0.323946;-0.374867;0.698813;-0.791193;
0.053340;-0.321997;-0.376721;0.698717;-0.787607;
0.053350;-0.320045;-0.378570;0.698615;-0.784012;
0.053360;-0.318089;-0.380416;0.698505;-0.780410;
0.053370;-0.316131;-0.382258;0.698389;-0.776801;
0.053380;-0.314169;-0.384096;0.698265;-0.773183;
0.053390;-0.312204;-0.385931;0.698135;-0.769558;
0.053400;-0.310236;-0.387761;0.697998;-0.765926;
0.053410;-0.308266;-0.389588;0.697854;-0.762286;
0.053420;-0.306292;-0.391411;0.697703;-0.758638;
0.053430;-0.304315;-0.393230;0.697545;-0.754983;
0.053440;-0.302335;-0.395045;0.697380;-0.751321;
0.053450;-0.300352;-0.396857;0.697209;-0.747651;
0.053460;-0.298366;-0.398664;0.697030;-0.743973;
0.053470;-0.296377;-0.400468;0.696845;-0.740289;
0.053480;-0.294385;-0.402267;0.696653;-0.736597;
0.053490;-0.292391;-0.404063;0.696453;-0.732897;
0.053500;-0.290393;-0.405854;0.696247;-0.729191;
0.053510;-0.288393;-0.407642;0.696035;-0.725477;
0.053520;-0.286389;-0.409425;0.695815;-0.721756;
0.053530;-0.284383;-0.411205;0.695588;-0.718028;
0.053540;-0.282374;-0.412980;0.695355;-0.714293;
0.053550;-0.280363;-0.414752;0.695114;-0.710551;
0.053560;-0.278348;-0.416519;0.694867;-0.706802;
0.053570;-0.276331;-0.418282;0.694613;-0.703046;
0.053580;-0.274311;-0.420041;0.694352;-0.699283;
0.053590;-0.272289;-0.421796;0.694085;-0.695513;
0.053600;-0.270263;-0.423547;0.693810;-0.691736;
0.053610;-0.268235;-0.425293;0.693529;-0.687952;
0.053620;-0.266205;-0.427036;0.693240;-0.684162;
0.053630;-0.264171;-0.428774;0.692945;-0.680365;
0.053640;-0.262135;-0.430508;0.692643;-0.676561;
0.053650;-0.260097;-0.432237;0.692334;-0.672750;
0.053660;-0.258056;-0.433963;0.692019;-0.668933;
0.053670;-0.256012;-0.435684;0.691696;-0.665109;
0.053680;-0.253966;-0.437401;0.691367;-0.661279;
0.053690;-0.251918;-0.439113;0.691031;-0.657442;
0.053700;-0.249867;-0.440821;0.690688;-0.653598;
0.053710;-0.247813;-0.442525;0.690338;-0.649749;
0.053720;-0.245757;-0.444224;0.689981;-0.645892;
0.053730;-0.243699;-0.445920;0.689618;-0.642030;
0.053740;-0.241638;-0.447610;0.689248;-0.638161;
0.053750;-0.239575;-0.449296;0.688871;-0.634285;
0.053760;-0.237509;-0.450978;0.688487;-0.630404;
0.053770;-0.235441;-0.452656;0.688097;-0.626516;
0.053780;-0.233371;-0.454328;0.687699;-0.622622;
0.053790;-0.231298;-0.455997;0.687295;-0.618722;
0.053800;-0.229223;-0.457661;0.686884;-0.614816;
0.053810;-0.227146;-0.459320;0.686466;-0.610904;
0.053820;-0.225067;-0.460975;0.686042;-0.606985;
0.053830;-0.222985;-0.462625;0.685611;-0.603061;
0.053840;-0.220902;-0.464271;0.685172;-0.599131;
0.053850;-0.218816;-0.465912;0.684728;-0.595195;
0.053860;-0.216728;-0.467549;0.684276;-0.591253;
0.053870;-0.214637;-0.469181;0.683818;-0.587305;
0.053880;-0.212545;-0.470808;0.683353;-0.583351;
0.053890;-0.210450;-0.472430;0.682881;-0.579392;
0.053900;-0.208354;-0.474048;0.682402;-0.575427;
0.053910;-0.206255;-0.475662;0.681917;-0.571456;
0.053920;-0.204155;-0.477270;0.681425;-0.567480;
0.053930;-0.202052;-0.478874;0.680926;-0.563497;
0.053940;-0.199947;-0.480473;0.680421;-0.559510;
0.053950;-0.197841;-0.482068;0.679909;-0.555517;
0.053960;-0.195732;-0.483658;0.679390;-0.551518;
0.053970;-0.193622;-0.485243;0.678864;-0.547514;
0.053980;-0.191509;-0.486823;0.678332;-0.543505;
0.053990;-0.189395;-0.488398;0.677793;-0.539490;
0.054000;-0.187279;-0.489968;0.677247;-0.535470;
0.054010;-0.185161;-0.491534;0.676695;-0.531444;
0.054020;-0.183041;-0.493095;0.676136;-0.527414;
0.054030;-0.180919;-0.494651;0.675570;-0.523378;
0.054040;-0.178796;-0.496202;0.674998;-0.519337;
0.054050;-0.176671;-0.497748;0.674419;-0.515290;
0.054060;-0.174544;-0.499289;0.673833;-0.511239;
0.054070;-0.172415;-0.500826;0.673241;-0.507183;
0.054080;-0.170285;-0.502357;0.672642;-0.503122;
0.054090;-0.168153;-0.503883;0.672036;-0.499055;
0.054100;-0.166019;-0.505405;0.671424;-0.494984;
0.054110;-0.163884;-0.506921;0.670805;-0.490908;
0.054120;-0.161747;-0.508433;0.670179;-0.486827;
0.054130;-0.159608;-0.509939;0.669547;-0.482741;
0.054140;-0.157468;-0.511441;0.668909;-0.478651;
0.054150;-0.155326;-0.512937;0.668263;-0.474556;
0.054160;-0.153183;-0.514428;0.667611;-0.470456;
0.054170;-0.151038;-0.515914;0.666953;-0.466351;
0.054180;-0.148892;-0.517396;0.666288;-0.462242;
0.054190;-0.146744;-0.518872;0.665616;-0.458128;
0.054200;-0.144595;-0.520342;0.664938;-0.454010;
0.054210;-0.142445;-0.521808;0.664253;-0.449887;
0.054220;-0.140293;-0.523269;0.663562;-0.445760;
0.054230;-0.138139;-0.524724;0.662864;-0.441629;
0.054240;-0.135985;-0.526175;0.662159;-0.437493;
0.054250;-0.133829;-0.527620;0.661448;-0.433352;
0.054260;-0.131671;-0.529060;0.660731;-0.429208;
0.054270;-0.129512;-0.530494;0.660007;-0.425059;
0.054280;-0.127353;-0.531924;0.659276;-0.420906;
0.054290;-0.125191;-0.533348;0.658539;-0.416749;
0.054300;-0.123029;-0.534767;0.657795;-0.412588;
0.054310;-0.120865;-0.536180;0.657045;-0.408423;
0.054320;-0.118700;-0.537589;0.656289;-0.404253;
0.054330;-0.116534;-0.538992;0.655526;-0.400080;
0.054340;-0.114367;-0.540389;0.654756;-0.395903;
0.054350;-0.112199;-0.541782;0.653980;-0.391722;
0.054360;-0.110029;-0.543169;0.653198;-0.387537;
0.054370;-0.107859;-0.544550;0.652409;-0.383348;
0.054380;-0.105687;-0.545927;0.651614;-0.379155;
0.054390;-0.103515;-0.547298;0.650812;-0.374959;
0.054400;-0.101341;-0.548663;0.650004;-0.370759;
0.054410;-0.099166;-0.550023;0.649189;-0.366555;
0.054420;-0.096991;-0.551378;0.648368;-0.362348;
0.054430;-0.094814;-0.552727;0.647541;-0.358137;
0.054440;-0.092637;-0.554071;0.646707;-0.353922;
0.054450;-0.090458;-0.555409;0.645867;-0.349704;
0.054460;-0.088279;-0.556742;0.645021;-0.345483;
0.054470;-0.086099;-0.558069;0.644168;-0.341258;
0.054480;-0.083918;-0.559391;0.643309;-0.337030;
0.054490;-0.081736;-0.560707;0.642443;-0.332798;
0.054500;-0.079553;-0.562018;0.641571;-0.328564;
0.054510;-0.077370;-0.563323;0.640693;-0.324325;
0.054520;-0.075185;-0.564623;0.639808;-0.320084;
0.054530;-0.073001;-0.565917;0.638917;-0.315840;
0.054540;-0.070815;-0.567205;0.638020;-0.311592;
0.054550;-0.068628;-0.568488;0.637117;-0.307342;
0.054560;-0.066441;-0.569765;0.636207;-0.303088;
0.054570;-0.064254;-0.571037;0.635291;-0.298831;
0.054580;-0.062065;-0.572303;0.634368;-0.294572;
0.054590;-0.059876;-0.573563;0.633440;-0.290309;
0.054600;-0.057687;-0.574818;0.632505;-0.286044;
0.054610;-0.055497;-0.576067;0.631564;-0.281776;
0.054620;-0.053306;-0.577311;0.630617;-0.277505;
0.054630;-0.051115;-0.578548;0.629663;-0.273231;
0.054640;-0.048923;-0.579780;0.628703;-0.268955;
0.054650;-0.046731;-0.581006;0.627737;-0.264676;
0.054660;-0.044538;-0.582227;0.626765;-0.260394;
0.054670;-0.042345;-0.583442;0.625787;-0.256110;
0.054680;-0.040152;-0.584651;0.624802;-0.251823;
0.054690;-0.037958;-0.585854;0.623812;-0.247534;
0.054700;-0.035764;-0.587051;0.622815;-0.243242;
0.054710;-0.033569;-0.588243;0.621812;-0.238948;
0.054720;-0.031374;-0.589429;0.620803;-0.234652;
0.054730;-0.029179;-0.590609;0.619787;-0.230353;
0.054740;-0.026983;-0.591783;0.618766;-0.226052;
0.054750;-0.024787;-0.592951;0.617738;-0.221749;
0.054760;-0.022591;-0.594114;0.616705;-0.217443;
0.054770;-0.020395;-0.595270;0.615665;-0.213136;
0.054780;-0.018198;-0.596421;0.614619;-0.208826;
0.054790;-0.016002;-0.597566;0.613568;-0.204514;
0.054800;-0.013805;-0.598705;0.612510;-0.200201;
0.054810;-0.011608;-0.599838;0.611446;-0.195885;
0.054820;-0.009411;-0.600965;0.610376;-0.191567;
0.054830;-0.007214;-0.602086;0.609300;-0.187248;
0.054840;-0.005016;-0.603201;0.608218;-0.182926;
0.054850;-0.002819;-0.604311;0.607130;-0.178603;
0.054860;-0.000622;-0.605414;0.606036;-0.174278;
0.054870;0.001575;-0.606512;0.604936;-0.169951;
0.054880;0.003773;-0.607603;0.603830;-0.165623;
0.054890;0.005970;-0.608688;0.602718;-0.161293;
0.054900;0.008167;-0.609768;0.601600;-0.156961;
0.054910;0.010364;-0.610841;0.600477;-0.152628;
0.054920;0.012561;-0.611908;0.599347;-0.148293;
0.054930;0.014758;-0.612970;0.598211;-0.143957;
0.054940;0.016955;-0.614025;0.597070;-0.139620;
0.054950;0.019152;-0.615074;0.595922;-0.135281;
0.054960;0.021348;-0.616117;0.594769;-0.130941;
0.054970;0.023544;-0.617154;0.593610;-0.126599;
0.054980;0.025740;-0.618185;0.592445;-0.122256;
0.054990;0.027936;-0.619210;0.591274;-0.117912;
0.055000;0.030131;-0.620229;0.590097;-0.113567;
0.055010;0.032327;-0.621241;0.588915;-0.109221;
0.055020;0.034521;-0.622248;0.587726;-0.104873;
0.055030;0.036716;-0.623248;0.586532;-0.100525;
0.055040;0.038910;-0.624242;0.585332;-0.096176;
0.055050;0.041104;-0.625230;0.584127;-0.091825;
0.055060;0.043297;-0.626212;0.582915;-0.087474;
0.055070;0.045490;-0.627188;0.581698;-0.083122;
0.055080;0.047682;-0.628157;0.580475;-0.078769;
0.055090;0.049874;-0.629121;0.579246;-0.074415;
0.055100;0.052066;-0.630078;0.578012;-0.070061;
0.055110;0.054257;-0.631028;0.576772;-0.065706;
0.055120;0.056447;-0.631973;0.575526;-0.061350;
0.055130;0.058637;-0.632911;0.574274;-0.056993;
0.055140;0.060826;-0.633844;0.573017;-0.052636;
0.055150;0.063015;-0.634769;0.571754;-0.048279;
0.055160;0.065203;-0.635689;0.570486;-0.043921;
0.055170;0.067391;-0.636602;0.569212;-0.039563;
0.055180;0.069577;-0.637510;0.567932;-0.035204;
0.055190;0.071763;-0.638410;0.566647;-0.030845;
0.055200;0.073949;-0.639305;0.565356;-0.026485;
0.055210;0.076133;-0.640193;0.564059;-0.022126;
0.055220;0.078317;-0.641075;0.562757;-0.017766;
0.055230;0.080500;-0.641950;0.561450;-0.013406;
0.055240;0.082683;-0.642819;0.560137;-0.009045;
0.055250;0.084864;-0.643682;0.558818;-0.004685;
0.055260;0.087045;-0.644539;0.557494;-0.000325;
0.055270;0.089225;-0.645389;0.556164;0.004036;
0.055280;0.091404;-0.646233;0.554829;0.008396;
0.055290;0.093582;-0.647070;0.553488;0.012756;
0.055300;0.095759;-0.647901;0.552142;0.017116;
0.055310;0.097935;-0.648726;0.550791;0.021476;
0.055320;0.100110;-0.649544;0.549434;0.025836;
0.055330;0.102284;-0.650356;0.548071;0.030195;
0.055340;0.104458;-0.651161;0.546703;0.034555;
0.055350;0.106630;-0.651960;0.545330;0.038913;
0.055360;0.108801;-0.652752;0.543951;0.043272;
0.055370;0.110971;-0.653538;0.542567;0.047630;
0.055380;0.113140;-0.654318;0.541178;0.051988;
0.055390;0.115308;-0.655091;0.539783;0.056345;
0.055400;0.117474;-0.655858;0.538383;0.060701;
0.055410;0.119640;-0.656618;0.536978;0.065057;
0.055420;0.121804;-0.657372;0.535567;0.069412;
0.055430;0.123967;-0.658119;0.534152;0.073767;
0.055440;0.126129;-0.658860;0.532730;0.078121;
0.055450;0.128290;-0.659594;0.531304;0.082474;
0.055460;0.130449;-0.660322;0.529872;0.086826;
0.055470;0.132608;-0.661043;0.528435;0.091177;
0.055480;0.134764;-0.661758;0.526993;0.095528;
0.055490;0.136920;-0.662466;0.525546;0.099877;
0.055500;0.139074;-0.663167;0.524093;0.104226;
0.055510;0.141227;-0.663862;0.522636;0.108573;
0.055520;0.143378;-0.664551;0.521173;0.112920;
0.055530;0.145528;-0.665233;0.519705;0.117265;
0.055540;0.147677;-0.665908;0.518232;0.121609;
0.055550;0.149824;-0.666577;0.516753;0.125952;
0.055560;0.151969;-0.667239;0.515270;0.130294;
0.055570;0.154113;-0.667895;0.513782;0.134635;
0.055580;0.156256;-0.668544;0.512288;0.138974;
0.055590;0.158397;-0.669187;0.510790;0.143311;
0.055600;0.160536;-0.669822;0.509286;0.147648;
0.055610;0.162674;-0.670452;0.507777;0.151983;
0.055620;0.164811;-0.671074;0.506264;0.156316;
0.055630;0.166945;-0.671690;0.504745;0.160648;
0.055640;0.169078;-0.672300;0.503222;0.164978;
0.055650;0.171209;-0.672902;0.501693;0.169307;
0.055660;0.173339;-0.673499;0.500159;0.173634;
0.055670;0.175467;-0.674088;0.498621;0.177959;
0.055680;0.177593;-0.674671;0.497078;0.182282;
0.055690;0.179718;-0.675247;0.495529;0.186604;
0.055700;0.181840;-0.675816;0.493976;0.190924;
0.055710;0.183961;-0.676379;0.492418;0.195242;
0.055720;0.186080;-0.676935;0.490855;0.199558;
0.055730;0.188197;-0.677485;0.489287;0.203872;
0.055740;0.190313;-0.678028;0.487715;0.208184;
0.055750;0.192426;-0.678564;0.486137;0.212494;
0.055760;0.194538;-0.679093;0.484555;0.216802;
0.055770;0.196648;-0.679616;0.482968;0.221108;
0.055780;0.198755;-0.680132;0.481377;0.225411;
0.055790;0.200861;-0.680641;0.479780;0.229713;
0.055800;0.202965;-0.681144;0.478179;0.234012;
0.055810;0.205067;-0.681639;0.476573;0.238309;
0.055820;0.207166;-0.682129;0.474962;0.242603;
0.055830;0.209264;-0.682611;0.473347;0.246895;
0.055840;0.211360;-0.683087;0.471727;0.251185;
0.055850;0.213453;-0.683555;0.470102;0.255472;
0.055860;0.215545;-0.684018;0.468473;0.259756;
0.055870;0.217634;-0.684473;0.466839;0.264038;
0.055880;0.219721;-0.684922;0.465200;0.268318;
0.055890;0.221806;-0.685363;0.463557;0.272595;
0.055900;0.223889;-0.685799;0.461910;0.276869;
0.055910;0.225970;-0.686227;0.460257;0.281140;
0.055920;0.228048;-0.686648;0.458600;0.285409;
0.055930;0.230124;-0.687063;0.456939;0.289674;
0.055940;0.232198;-0.687471;0.455273;0.293937;
0.055950;0.234269;-0.687872;0.453603;0.298197;
0.055960;0.236339;-0.688267;0.451928;0.302454;
0.055970;0.238406;-0.688654;0.450249;0.306708;
0.055980;0.240470;-0.689035;0.448565;0.310959;
0.055990;0.242532;-0.689409;0.446877;0.315207;
0.056000;0.244592;-0.689777;0.445184;0.319452;
0.056010;0.246650;-0.690137;0.443487;0.323694;
0.056020;0.248705;-0.690491;0.441786;0.327933;
0.056030;0.250757;-0.690837;0.440080;0.332168;
0.056040;0.252807;-0.691177;0.438370;0.336400;
0.056050;0.254855;-0.691511;0.436656;0.340629;
0.056060;0.256900;-0.691837;0.434937;0.344854;
0.056070;0.258942;-0.692156;0.433214;0.349076;
0.056080;0.260982;-0.692469;0.431487;0.353294;
0.056090;0.263019;-0.692775;0.429756;0.357509;
0.056100;0.265054;-0.693074;0.428020;0.361721;
0.056110;0.267086;-0.693366;0.426280;0.365929;
0.056120;0.269116;-0.693651;0.424536;0.370133;
0.056130;0.271142;-0.693930;0.422787;0.374333;
0.056140;0.273167;-0.694202;0.421035;0.378530;
0.056150;0.275188;-0.694466;0.419278;0.382724;
0.056160;0.277207;-0.694724;0.417517;0.386913;
0.056170;0.279223;-0.694975;0.415753;0.391099;
0.056180;0.281236;-0.695220;0.413983;0.395280;
0.056190;0.283247;-0.695457;0.412210;0.399458;
0.056200;0.285254;-0.695687;0.410433;0.403632;
0.056210;0.287259;-0.695911;0.408652;0.407802;
0.056220;0.289261;-0.696128;0.406867;0.411968;
0.056230;0.291260;-0.696338;0.405077;0.416130;
0.056240;0.293257;-0.696541;0.403284;0.420287;
0.056250;0.295250;-0.696737;0.401487;0.424441;
0.056260;0.297241;-0.696926;0.399685;0.428590;
0.056270;0.299228;-0.697108;0.397880;0.432735;
0.056280;0.301213;-0.697284;0.396071;0.436876;
0.056290;0.303194;-0.697453;0.394258;0.441013;
0.056300;0.305173;-0.697614;0.392441;0.445145;
0.056310;0.307149;-0.697769;0.390620;0.449273;
0.056320;0.309121;-0.697917;0.388796;0.453396;
0.056330;0.311091;-0.698058;0.386967;0.457515;
0.056340;0.313057;-0.698192;0.385135;0.461630;
0.056350;0.315021;-0.698320;0.383299;0.465739;
0.056360;0.316981;-0.698440;0.381459;0.469845;
0.056370;0.318938;-0.698553;0.379615;0.473945;
0.056380;0.320892;-0.698660;0.377768;0.478041;
0.056390;0.322843;-0.698760;0.375917;0.482132;
0.056400;0.324791;-0.698853;0.374062;0.486219;
0.056410;0.326735;-0.698939;0.372203;0.490301;
0.056420;0.328676;-0.699018;0.370341;0.494377;
0.056430;0.330614;-0.699090;0.368475;0.498449;
0.056440;0.332549;-0.699155;0.366606;0.502516;
0.056450;0.334480;-0.699213;0.364733;0.506578;
0.056460;0.336409;-0.699265;0.362856;0.510635;
0.056470;0.338333;-0.699309;0.360976;0.514687;
0.056480;0.340255;-0.699347;0.359092;0.518734;
0.056490;0.342173;-0.699377;0.357205;0.522776;
0.056500;0.344088;-0.699401;0.355314;0.526813;
0.056510;0.345999;-0.699418;0.353419;0.530844;
0.056520;0.347907;-0.699428;0.351521;0.534870;
0.056530;0.349811;-0.699431;0.349620;0.538891;
0.056540;0.351712;-0.699428;0.347715;0.542907;
0.056550;0.353610;-0.699417;0.345807;0.546917;
0.056560;0.355504;-0.699399;0.343895;0.550922;
0.056570;0.357395;-0.699375;0.341980;0.554922;
0.056580;0.359282;-0.699343;0.340062;0.558916;
0.056590;0.361165;-0.699305;0.338140;0.562904;
0.056600;0.363045;-0.699260;0.336215;0.566887;
0.056610;0.364921;-0.699208;0.334286;0.570864;
0.056620;0.366794;-0.699149;0.332354;0.574836;
0.056630;0.368663;-0.699083;0.330419;0.578802;
0.056640;0.370529;-0.699010;0.328481;0.582762;
0.056650;0.372391;-0.698930;0.326540;0.586716;
0.056660;0.374249;-0.698844;0.324595;0.590665;
0.056670;0.376103;-0.698750;0.322647;0.594608;
0.056680;0.377954;-0.698650;0.320696;0.598545;
0.056690;0.379801;-0.698542;0.318741;0.602476;
0.056700;0.381644;-0.698428;0.316784;0.606401;
0.056710;0.383484;-0.698307;0.314823;0.610321;
0.056720;0.385320;-0.698179;0.312860;0.614234;
0.056730;0.387151;-0.698044;0.310893;0.618141;
0.056740;0.388980;-0.697902;0.308923;0.622042;
0.056750;0.390804;-0.697754;0.306950;0.625937;
0.056760;0.392624;-0.697598;0.304974;0.629825;
0.056770;0.394441;-0.697436;0.302995;0.633708;
0.056780;0.396253;-0.697267;0.301013;0.637584;
0.056790;0.398062;-0.697090;0.299028;0.641454;
0.056800;0.399867;-0.696907;0.297040;0.645318;
0.056810;0.401668;-0.696717;0.295050;0.649175;
0.056820;0.403465;-0.696521;0.293056;0.653026;
0.056830;0.405258;-0.696317;0.291059;0.656870;
0.056840;0.407046;-0.696106;0.289060;0.660708;
0.056850;0.408831;-0.695889;0.287058;0.664539;
0.056860;0.410612;-0.695665;0.285052;0.668364;
0.056870;0.412389;-0.695433;0.283044;0.672182;
0.056880;0.414162;-0.695195;0.281034;0.675994;
0.056890;0.415930;-0.694950;0.279020;0.679799;
0.056900;0.417695;-0.694699;0.277004;0.683597;
0.056910;0.419455;-0.694440;0.274985;0.687388;
0.056920;0.421212;-0.694175;0.272963;0.691173;
0.056930;0.422964;-0.693902;0.270939;0.694951;
0.056940;0.424712;-0.693623;0.268912;0.698722;
0.056950;0.426455;-0.693337;0.266882;0.702486;
0.056960;0.428195;-0.693044;0.264849;0.706243;
0.056970;0.429930;-0.692745;0.262814;0.709993;
0.056980;0.431661;-0.692438;0.260777;0.713736;
0.056990;0.433388;-0.692125;0.258737;0.717472;
0.057000;0.435111;-0.691804;0.256694;0.721201;
0.057010;0.436829;-0.691477;0.254649;0.724923;
0.057020;0.438543;-0.691144;0.252601;0.728638;
0.057030;0.440252;-0.690803;0.250551;0.732346;
0.057040;0.441958;-0.690455;0.248498;0.736046;
0.057050;0.443658;-0.690101;0.246443;0.739739;
0.057060;0.445355;-0.689740;0.244385;0.743425;
0.057070;0.447047;-0.689372;0.242325;0.747103;
0.057080;0.448735;-0.688997;0.240263;0.750774;
0.057090;0.450418;-0.688616;0.238198;0.754438;
0.057100;0.452097;-0.688227;0.236131;0.758094;
0.057110;0.453771;-0.687832;0.234061;0.761743;
0.057120;0.455441;-0.687430;0.231989;0.765384;
0.057130;0.457107;-0.687022;0.229915;0.769018;
0.057140;0.458767;-0.686606;0.227839;0.772644;
0.057150;0.460424;-0.686184;0.225760;0.776262;
0.057160;0.462076;-0.685755;0.223679;0.779873;
0.057170;0.463723;-0.685319;0.221596;0.783476;
0.057180;0.465366;-0.684877;0.219511;0.787072;
0.057190;0.467004;-0.684427;0.217424;0.790659;
0.057200;0.468637;-0.683971;0.215334;0.794239;
0.057210;0.470266;-0.683509;0.213243;0.797811;
0.057220;0.471890;-0.683039;0.211149;0.801375;
0.057230;0.473510;-0.682563;0.209053;0.804931;
0.057240;0.475125;-0.682080;0.206955;0.808479;
0.057250;0.476735;-0.681590;0.204855;0.812020;
0.057260;0.478340;-0.681093;0.202753;0.815552;
0.057270;0.479941;-0.680590;0.200649;0.819076;
0.057280;0.481537;-0.680080;0.198543;0.822592;
0.057290;0.483128;-0.679564;0.196435;0.826100;
0.057300;0.484715;-0.679040;0.194325;0.829600;
0.057310;0.486296;-0.678510;0.192214;0.833092;
0.057320;0.487873;-0.677973;0.190100;0.836575;
0.057330;0.489445;-0.677430;0.187984;0.840050;
0.057340;0.491013;-0.676880;0.185867;0.843517;
0.057350;0.492575;-0.676323;0.183748;0.846976;
0.057360;0.494133;-0.675759;0.181627;0.850426;
0.057370;0.495685;-0.675189;0.179504;0.853868;
0.057380;0.497233;-0.674613;0.177379;0.857301;
0.057390;0.498776;-0.674029;0.175253;0.860726;
0.057400;0.500314;-0.673439;0.173125;0.864142;
0.057410;0.501847;-0.672842;0.170995;0.867550;
0.057420;0.503375;-0.672239;0.168864;0.870949;
0.057430;0.504898;-0.671629;0.166730;0.874340;
0.057440;0.506416;-0.671012;0.164596;0.877722;
0.057450;0.507929;-0.670389;0.162459;0.881096;
0.057460;0.509438;-0.669759;0.160321;0.884460;
0.057470;0.510941;-0.669122;0.158182;0.887816;
0.057480;0.512439;-0.668479;0.156040;0.891164;
0.057490;0.513932;-0.667829;0.153898;0.894502;
0.057500;0.515420;-0.667173;0.151753;0.897832;
0.057510;0.516902;-0.666510;0.149608;0.901152;
0.057520;0.518380;-0.665841;0.147460;0.904464;
0.057530;0.519853;-0.665165;0.145312;0.907767;
0.057540;0.521320;-0.664482;0.143162;0.911061;
0.057550;0.522783;-0.663793;0.141010;0.914346;
0.057560;0.524240;-0.663097;0.138857;0.917622;
0.057570;0.525692;-0.662395;0.136703;0.920889;
0.057580;0.527139;-0.661686;0.134547;0.924147;
0.057590;0.528580;-0.660971;0.132390;0.927396;
0.057600;0.530017;-0.660249;0.130232;0.930635;
0.057610;0.531448;-0.659520;0.128073;0.933865;
0.057620;0.532874;-0.658785;0.125912;0.937087;
0.057630;0.534294;-0.658044;0.123750;0.940298;
0.057640;0.535710;-0.657296;0.121587;0.943501;
0.057650;0.537120;-0.656542;0.119422;0.946694;
0.057660;0.538525;-0.655781;0.117256;0.949878;
0.057670;0.539924;-0.655014;0.115090;0.953053;
0.057680;0.541318;-0.654240;0.112922;0.956218;
0.057690;0.542707;-0.653460;0.110753;0.959374;
0.057700;0.544090;-0.652673;0.108582;0.962520;
0.057710;0.545468;-0.651880;0.106411;0.965657;
0.057720;0.546841;-0.651080;0.104239;0.968784;
0.057730;0.548208;-0.650274;0.102066;0.971902;
0.057740;0.549570;-0.649462;0.099891;0.975010;
0.057750;0.550927;-0.648643;0.097716;0.978108;
0.057760;0.552278;-0.647818;0.095540;0.981197;
0.057770;0.553623;-0.646986;0.093363;0.984276;
0.057780;0.554963;-0.646148;0.091184;0.987345;
0.057790;0.556298;-0.645304;0.089005;0.990405;
0.057800;0.557627;-0.644453;0.086826;0.993455;
0.057810;0.558951;-0.643596;0.084645;0.996495;
0.057820;0.560269;-0.642732;0.082463;0.999525;
0.057830;0.561582;-0.641862;0.080281;1.002546;
0.057840;0.562889;-0.640986;0.078098;1.005556;
0.057850;0.564190;-0.640104;0.075914;1.008557;
0.057860;0.565486;-0.639215;0.073729;1.011547;
0.057870;0.566776;-0.638320;0.071543;1.014528;
0.057880;0.568061;-0.637419;0.069357;1.017499;
0.057890;0.569340;-0.636511;0.067170;1.020459;
0.057900;0.570614;-0.635597;0.064983;1.023410;
0.057910;0.571882;-0.634677;0.062795;1.026350;
0.057920;0.573144;-0.633750;0.060606;1.029280;
0.057930;0.574401;-0.632817;0.058417;1.032200;
0.057940;0.575652;-0.631878;0.056227;1.035110;
0.057950;0.576897;-0.630933;0.054036;1.038010;
0.057960;0.578136;-0.629982;0.051845;1.040900;
0.057970;0.579370;-0.629024;0.049654;1.043779;
0.057980;0.580598;-0.628060;0.047462;1.046648;
0.057990;0.581821;-0.627090;0.045269;1.049506;
0.058000;0.583037;-0.626114;0.043076;1.052354;
0.058010;0.584248;-0.625131;0.040883;1.055192;
0.058020;0.585453;-0.624142;0.038689;1.058020;
0.058030;0.586653;-0.623148;0.036495;1.060836;
0.058040;0.587846;-0.622147;0.034300;1.063643;
0.058050;0.589034;-0.621140;0.032106;1.066439;
0.058060;0.590216;-0.620126;0.029910;1.069224;
0.058070;0.591392;-0.619107;0.027715;1.071999;
0.058080;0.592562;-0.618082;0.025519;1.074764;
0.058090;0.593727;-0.617050;0.023323;1.077517;
0.058100;0.594885;-0.616012;0.021127;1.080260;
0.058110;0.596038;-0.614969;0.018931;1.082993;
0.058120;0.597185;-0.613919;0.016734;1.085715;
0.058130;0.598326;-0.612863;0.014537;1.088426;
0.058140;0.599461;-0.611801;0.012340;1.091126;
0.058150;0.600590;-0.610733;0.010143;1.093815;
0.058160;0.601713;-0.609659;0.007946;1.096494;
0.058170;0.602830;-0.608579;0.005749;1.099162;
0.058180;0.603942;-0.607493;0.003552;1.101819;
0.058190;0.605047;-0.606401;0.001354;1.104465;
0.058200;0.606146;-0.605303;-0.000843;1.107100;
0.058210;0.607240;-0.604199;-0.003040;1.109725;
0.058220;0.608327;-0.603090;-0.005238;1.112338;
0.058230;0.609409;-0.601974;-0.007435;1.114941;
0.058240;0.610484;-0.600852;-0.009632;1.117532;
0.058250;0.611553;-0.599724;-0.011829;1.120112;
0.058260;0.612617;-0.598590;-0.014026;1.122682;
0.058270;0.613674;-0.597451;-0.016223;1.125240;
0.058280;0.614725;-0.596305;-0.018420;1.127787;
0.058290;0.615770;-0.595154;-0.020616;1.130323;
0.058300;0.616809;-0.593997;-0.022812;1.132848;
0.058310;0.617842;-0.592834;-0.025008;1.135362;
0.058320;0.618869;-0.591665;-0.027204;1.137864;
0.058330;0.619890;-0.590490;-0.029400;1.140355;
0.058340;0.620904;-0.589310;-0.031595;1.142835;
0.058350;0.621913;-0.588123;-0.033790;1.145304;
0.058360;0.622915;-0.586931;-0.035984;1.147761;
0.058370;0.623912;-0.585733;-0.038179;1.150207;
0.058380;0.624902;-0.584529;-0.040372;1.152642;
0.058390;0.625886;-0.583320;-0.042566;1.155065;
0.058400;0.626863;-0.582104;-0.044759;1.157477;
0.058410;0.627835;-0.580883;-0.046952;1.159878;
0.058420;0.628800;-0.579656;-0.049144;1.162267;
0.058430;0.629759;-0.578424;-0.051335;1.164645;
0.058440;0.630712;-0.577186;-0.053527;1.167011;
0.058450;0.631659;-0.575942;-0.055717;1.169365;
0.058460;0.632599;-0.574692;-0.057907;1.171708;
0.058470;0.633534;-0.573437;-0.060097;1.174040;
0.058480;0.634462;-0.572176;-0.062286;1.176360;
0.058490;0.635383;-0.570909;-0.064474;1.178668;
0.058500;0.636299;-0.569637;-0.066662;1.180965;
0.058510;0.637208;-0.568359;-0.068849;1.183250;
0.058520;0.638111;-0.567076;-0.071035;1.185523;
0.058530;0.639007;-0.565787;-0.073220;1.187784;
0.058540;0.639898;-0.564492;-0.075405;1.190034;
0.058550;0.640782;-0.563192;-0.077589;1.192272;
0.058560;0.641659;-0.561886;-0.079773;1.194499;
0.058570;0.642530;-0.560575;-0.081955;1.196713;
0.058580;0.643395;-0.559258;-0.084137;1.198916;
0.058590;0.644254;-0.557936;-0.086318;1.201107;
0.058600;0.645106;-0.556608;-0.088498;1.203286;
0.058610;0.645952;-0.555275;-0.090678;1.205453;
0.058620;0.646792;-0.553936;-0.092856;1.207609;
0.058630;0.647625;-0.552591;-0.095033;1.209752;
0.058640;0.648451;-0.551242;-0.097210;1.211884;
0.058650;0.649272;-0.549886;-0.099385;1.214003;
0.058660;0.650086;-0.548526;-0.101560;1.216111;
0.058670;0.650893;-0.547160;-0.103733;1.218206;
0.058680;0.651694;-0.545788;-0.105906;1.220290;
0.058690;0.652489;-0.544412;-0.108077;1.222361;
0.058700;0.653277;-0.543029;-0.110248;1.224420;
0.058710;0.654059;-0.541642;-0.112417;1.226468;
0.058720;0.654834;-0.540249;-0.114585;1.228503;
0.058730;0.655603;-0.538851;-0.116752;1.230526;
0.058740;0.656365;-0.537447;-0.118918;1.232537;
0.058750;0.657121;-0.536038;-0.121083;1.234536;
0.058760;0.657871;-0.534624;-0.123247;1.236522;
0.058770;0.658613;-0.533205;-0.125409;1.238497;
0.058780;0.659350;-0.531780;-0.127570;1.240459;
0.058790;0.660080;-0.530350;-0.129730;1.242409;
0.058800;0.660803;-0.528915;-0.131888;1.244346;
0.058810;0.661520;-0.527474;-0.134046;1.246272;
0.058820;0.662230;-0.526029;-0.136202;1.248185;
0.058830;0.662934;-0.524578;-0.138356;1.250085;
0.058840;0.663631;-0.523122;-0.140509;1.251974;
0.058850;0.664322;-0.521661;-0.142661;1.253850;
0.058860;0.665006;-0.520195;-0.144812;1.255714;
0.058870;0.665684;-0.518723;-0.146961;1.257565;
0.058880;0.666355;-0.517247;-0.149108;1.259404;
0.058890;0.667019;-0.515765;-0.151254;1.261230;
0.058900;0.667677;-0.514278;-0.153399;1.263044;
0.058910;0.668328;-0.512787;-0.155542;1.264846;
0.058920;0.668973;-0.511290;-0.157683;1.266635;
0.058930;0.669611;-0.509788;-0.159823;1.268411;
0.058940;0.670243;-0.508281;-0.161962;1.270175;
0.058950;0.670868;-0.506769;-0.164099;1.271927;
0.058960;0.671486;-0.505252;-0.166234;1.273666;
0.058970;0.672097;-0.503730;-0.168367;1.275392;
0.058980;0.672702;-0.502203;-0.170499;1.277106;
0.058990;0.673301;-0.500671;-0.172629;1.278807;
0.059000;0.673892;-0.499134;-0.174758;1.280495;
0.059010;0.674477;-0.497593;-0.176885;1.282171;
0.059020;0.675056;-0.496046;-0.179010;1.283835;
0.059030;0.675627;-0.494494;-0.181133;1.285485;
0.059040;0.676192;-0.492938;-0.183254;1.287123;
0.059050;0.676751;-0.491377;-0.185374;1.288748;
0.059060;0.677303;-0.489811;-0.187492;1.290361;
0.059070;0.677848;-0.488240;-0.189608;1.291960;
0.059080;0.678386;-0.486664;-0.191722;1.293547;
0.059090;0.678917;-0.485083;-0.193834;1.295122;
0.059100;0.679442;-0.483498;-0.195945;1.296683;
0.059110;0.679961;-0.481908;-0.198053;1.298232;
0.059120;0.680472;-0.480313;-0.200159;1.299768;
0.059130;0.680977;-0.478713;-0.202264;1.301291;
0.059140;0.681475;-0.477109;-0.204366;1.302801;
0.059150;0.681966;-0.475500;-0.206467;1.304298;
0.059160;0.682451;-0.473886;-0.208565;1.305782;
0.059170;0.682929;-0.472267;-0.210661;1.307254;
0.059180;0.683400;-0.470644;-0.212756;1.308713;
0.059190;0.683864;-0.469016;-0.214848;1.310158;
0.059200;0.684322;-0.467384;-0.216938;1.311591;
0.059210;0.684773;-0.465747;-0.219026;1.313011;
0.059220;0.685217;-0.464105;-0.221111;1.314418;
0.059230;0.685654;-0.462459;-0.223195;1.315812;
0.059240;0.686085;-0.460809;-0.225276;1.317193;
0.059250;0.686509;-0.459153;-0.227355;1.318561;
0.059260;0.686926;-0.457493;-0.229432;1.319915;
0.059270;0.687336;-0.455829;-0.231507;1.321257;
0.059280;0.687739;-0.454160;-0.233579;1.322586;
0.059290;0.688136;-0.452487;-0.235649;1.323902;
0.059300;0.688526;-0.450809;-0.237717;1.325205;
0.059310;0.688909;-0.449127;-0.239782;1.326494;
0.059320;0.689285;-0.447440;-0.241845;1.327771;
0.059330;0.689655;-0.445749;-0.243906;1.329034;
0.059340;0.690018;-0.444054;-0.245964;1.330285;
0.059350;0.690374;-0.442354;-0.248020;1.331522;
0.059360;0.690723;-0.440650;-0.250073;1.332746;
0.059370;0.691065;-0.438941;-0.252124;1.333957;
0.059380;0.691400;-0.437228;-0.254172;1.335155;
0.059390;0.691729;-0.435511;-0.256218;1.336339;
0.059400;0.692051;-0.433789;-0.258261;1.337511;
0.059410;0.692366;-0.432063;-0.260302;1.338669;
0.059420;0.692674;-0.430333;-0.262340;1.339814;
0.059430;0.692975;-0.428599;-0.264376;1.340945;
0.059440;0.693270;-0.426860;-0.266409;1.342064;
0.059450;0.693557;-0.425118;-0.268439;1.343169;
0.059460;0.693838;-0.423371;-0.270467;1.344261;
0.059470;0.694112;-0.421620;-0.272492;1.345340;
0.059480;0.694379;-0.419864;-0.274515;1.346405;
0.059490;0.694639;-0.418105;-0.276534;1.347457;
0.059500;0.694892;-0.416341;-0.278551;1.348496;
0.059510;0.695139;-0.414574;-0.280565;1.349522;
0.059520;0.695379;-0.412802;-0.282577;1.350534;
0.059530;0.695611;-0.411026;-0.284585;1.351533;
0.059540;0.695837;-0.409246;-0.286591;1.352519;
0.059550;0.696056;-0.407462;-0.288594;1.353491;
0.059560;0.696268;-0.405674;-0.290594;1.354450;
0.059570;0.696474;-0.403882;-0.292592;1.355395;
0.059580;0.696672;-0.402086;-0.294586;1.356327;
0.059590;0.696864;-0.400286;-0.296577;1.357246;
0.059600;0.697048;-0.398482;-0.298566;1.358151;
0.059610;0.697226;-0.396675;-0.300552;1.359043;
0.059620;0.697397;-0.394863;-0.302534;1.359922;
0.059630;0.697561;-0.393047;-0.304514;1.360787;
0.059640;0.697718;-0.391228;-0.306490;1.361639;
0.059650;0.697868;-0.389404;-0.308464;1.362477;
0.059660;0.698012;-0.387577;-0.310435;1.363302;
0.059670;0.698148;-0.385746;-0.312402;1.364113;
0.059680;0.698278;-0.383911;-0.314367;1.364911;
0.059690;0.698401;-0.382073;-0.316328;1.365695;
0.059700;0.698516;-0.380230;-0.318286;1.366466;
0.059710;0.698625;-0.378384;-0.320241;1.367223;
0.059720;0.698727;-0.376534;-0.322193;1.367967;
0.059730;0.698822;-0.374681;-0.324142;1.368698;
0.059740;0.698911;-0.372823;-0.326087;1.369415;
0.059750;0.698992;-0.370962;-0.328030;1.370118;
0.059760;0.699066;-0.369098;-0.329969;1.370808;
0.059770;0.699134;-0.367229;-0.331904;1.371484;
0.059780;0.699195;-0.365358;-0.333837;1.372147;
0.059790;0.699248;-0.363482;-0.335766;1.372796;
0.059800;0.699295;-0.361603;-0.337692;1.373432;
0.059810;0.699335;-0.359720;-0.339615;1.374054;
0.059820;0.699368;-0.357834;-0.341534;1.374663;
0.059830;0.699394;-0.355944;-0.343450;1.375258;
0.059840;0.699413;-0.354051;-0.345362;1.375840;
0.059850;0.699426;-0.352154;-0.347271;1.376407;
0.059860;0.699431;-0.350254;-0.349177;1.376962;
0.059870;0.699430;-0.348350;-0.351079;1.377502;
0.059880;0.699421;-0.346443;-0.352978;1.378030;
0.059890;0.699406;-0.344533;-0.354873;1.378543;
0.059900;0.699384;-0.342619;-0.356765;1.379043;
0.059910;0.699355;-0.340701;-0.358653;1.379529;
0.059920;0.699319;-0.338781;-0.360538;1.380002;
0.059930;0.699276;-0.336857;-0.362419;1.380461;
0.059940;0.699226;-0.334929;-0.364296;1.380906;
0.059950;0.699169;-0.332999;-0.366170;1.381338;
0.059960;0.699105;-0.331065;-0.368041;1.381756;
0.059970;0.699035;-0.329128;-0.369907;1.382161;
0.059980;0.698958;-0.327187;-0.371770;1.382552;
0.059990;0.698873;-0.325243;-0.373630;1.382929;
0.060000;0.698782;-0.323296;-0.375486;1.383293;
