time;EmtTfoYY_circuit_vPrimA;EmtTfoYY_circuit_vSecA;EmtTfoYY_circuit_iPrimA;EmtTfoYY_circuit_iSecA;
0.000000;1.414214;0.000000;0.000000;-0.000000;
0.000010;1.414212;0.083183;0.041591;-0.083183;
0.000020;1.414198;0.156568;0.078284;-0.156568;
0.000030;1.414170;0.221307;0.110654;-0.221307;
0.000040;1.414128;0.278420;0.139210;-0.278420;
0.000050;1.414072;0.328802;0.164401;-0.328802;
0.000060;1.414002;0.373247;0.186623;-0.373247;
0.000070;1.413919;0.412452;0.206226;-0.412452;
0.000080;1.413821;0.447033;0.223517;-0.447033;
0.000090;1.413709;0.477536;0.238768;-0.477536;
0.000100;1.413584;0.504439;0.252219;-0.504439;
0.000110;1.413444;0.528165;0.264082;-0.528165;
0.000120;1.413291;0.549088;0.274544;-0.549088;
0.000130;1.413123;0.567537;0.283769;-0.567537;
0.000140;1.412942;0.583803;0.291901;-0.583803;
0.000150;1.412747;0.598142;0.299071;-0.598142;
0.000160;1.412537;0.610780;0.305390;-0.610780;
0.000170;1.412314;0.621917;0.310958;-0.621917;
0.000180;1.412077;0.631728;0.315864;-0.631728;
0.000190;1.411826;0.640370;0.320185;-0.640370;
0.000200;1.411561;0.647978;0.323989;-0.647978;
0.000210;1.411282;0.654674;0.327337;-0.654674;
0.000220;1.410989;0.660565;0.330283;-0.660565;
0.000230;1.410682;0.665744;0.332872;-0.665744;
0.000240;1.410361;0.670295;0.335148;-0.670295;
0.000250;1.410027;0.674291;0.337145;-0.674291;
0.000260;1.409678;0.677795;0.338898;-0.677795;
0.000270;1.409315;0.680866;0.340433;-0.680866;
0.000280;1.408939;0.683554;0.341777;-0.683554;
0.000290;1.408549;0.685902;0.342951;-0.685902;
0.000300;1.408145;0.687951;0.343975;-0.687951;
0.000310;1.407726;0.689734;0.344867;-0.689734;
0.000320;1.407294;0.691282;0.345641;-0.691282;
0.000330;1.406849;0.692622;0.346311;-0.692622;
0.000340;1.406389;0.693777;0.346889;-0.693777;
0.000350;1.405915;0.694769;0.347385;-0.694769;
0.000360;1.405428;0.695616;0.347808;-0.695616;
0.000370;1.404926;0.696334;0.348167;-0.696334;
0.000380;1.404411;0.696937;0.348469;-0.696937;
0.000390;1.403882;0.697439;0.348720;-0.697439;
0.000400;1.403339;0.697850;0.348925;-0.697850;
0.000410;1.402782;0.698180;0.349090;-0.698180;
0.000420;1.402211;0.698439;0.349219;-0.698439;
0.000430;1.401627;0.698632;0.349316;-0.698632;
0.000440;1.401028;0.698769;0.349384;-0.698769;
0.000450;1.400416;0.698853;0.349427;-0.698853;
0.000460;1.399790;0.698891;0.349446;-0.698891;
0.000470;1.399150;0.698888;0.349444;-0.698888;
0.000480;1.398497;0.698847;0.349423;-0.698847;
0.000490;1.397829;0.698772;0.349386;-0.698772;
0.000500;1.397148;0.698666;0.349333;-0.698666;
0.000510;1.396453;0.698532;0.349266;-0.698532;
0.000520;1.395744;0.698372;0.349186;-0.698372;
0.000530;1.395022;0.698189;0.349095;-0.698189;
0.000540;1.394285;0.697985;0.348993;-0.697985;
0.000550;1.393535;0.697761;0.348881;-0.697761;
0.000560;1.392771;0.697519;0.348760;-0.697519;
0.000570;1.391994;0.697261;0.348630;-0.697261;
0.000580;1.391202;0.696986;0.348493;-0.696986;
0.000590;1.390397;0.696697;0.348349;-0.696697;
0.000600;1.389578;0.696394;0.348197;-0.696394;
0.000610;1.388746;0.696079;0.348039;-0.696079;
0.000620;1.387900;0.695751;0.347875;-0.695751;
0.000630;1.387040;0.695411;0.347706;-0.695411;
0.000640;1.386166;0.695061;0.347530;-0.695061;
0.000650;1.385279;0.694700;0.347350;-0.694700;
0.000660;1.384378;0.694329;0.347164;-0.694329;
0.000670;1.383463;0.693948;0.346974;-0.693948;
0.000680;1.382535;0.693558;0.346779;-0.693558;
0.000690;1.381593;0.693159;0.346579;-0.693159;
0.000700;1.380638;0.692751;0.346375;-0.692751;
0.000710;1.379668;0.692334;0.346167;-0.692334;
0.000720;1.378686;0.691910;0.345955;-0.691910;
0.000730;1.377689;0.691477;0.345738;-0.691477;
0.000740;1.376679;0.691036;0.345518;-0.691036;
0.000750;1.375656;0.690587;0.345293;-0.690587;
0.000760;1.374618;0.690130;0.345065;-0.690130;
0.000770;1.373568;0.689666;0.344833;-0.689666;
0.000780;1.372503;0.689194;0.344597;-0.689194;
0.000790;1.371426;0.688715;0.344357;-0.688715;
0.000800;1.370334;0.688228;0.344114;-0.688228;
0.000810;1.369229;0.687735;0.343867;-0.687735;
0.000820;1.368111;0.687234;0.343617;-0.687234;
0.000830;1.366979;0.686725;0.343363;-0.686725;
0.000840;1.365834;0.686210;0.343105;-0.686210;
0.000850;1.364675;0.685688;0.342844;-0.685688;
0.000860;1.363502;0.685158;0.342579;-0.685158;
0.000870;1.362317;0.684622;0.342311;-0.684622;
0.000880;1.361117;0.684078;0.342039;-0.684078;
0.000890;1.359905;0.683528;0.341764;-0.683528;
0.000900;1.358678;0.682971;0.341485;-0.682971;
0.000910;1.357439;0.682407;0.341203;-0.682407;
0.000920;1.356186;0.681836;0.340918;-0.681836;
0.000930;1.354920;0.681258;0.340629;-0.681258;
0.000940;1.353640;0.680673;0.340337;-0.680673;
0.000950;1.352347;0.680082;0.340041;-0.680082;
0.000960;1.351041;0.679484;0.339742;-0.679484;
0.000970;1.349721;0.678879;0.339439;-0.678879;
0.000980;1.348388;0.678267;0.339134;-0.678267;
0.000990;1.347041;0.677649;0.338824;-0.677649;
0.001000;1.345682;0.677023;0.338512;-0.677023;
0.001010;1.344309;0.676391;0.338196;-0.676391;
0.001020;1.342923;0.675753;0.337876;-0.675753;
0.001030;1.341523;0.675107;0.337554;-0.675107;
0.001040;1.340111;0.674455;0.337228;-0.674455;
0.001050;1.338685;0.673797;0.336898;-0.673797;
0.001060;1.337246;0.673131;0.336566;-0.673131;
0.001070;1.335793;0.672459;0.336230;-0.672459;
0.001080;1.334328;0.671780;0.335890;-0.671780;
0.001090;1.332849;0.671095;0.335548;-0.671095;
0.001100;1.331357;0.670403;0.335202;-0.670403;
0.001110;1.329852;0.669704;0.334852;-0.669704;
0.001120;1.328334;0.668999;0.334500;-0.668999;
0.001130;1.326803;0.668287;0.334144;-0.668287;
0.001140;1.325259;0.667569;0.333784;-0.667569;
0.001150;1.323701;0.666844;0.333422;-0.666844;
0.001160;1.322131;0.666112;0.333056;-0.666112;
0.001170;1.320547;0.665374;0.332687;-0.665374;
0.001180;1.318951;0.664629;0.332315;-0.664629;
0.001190;1.317341;0.663878;0.331939;-0.663878;
0.001200;1.315719;0.663120;0.331560;-0.663120;
0.001210;1.314083;0.662355;0.331178;-0.662355;
0.001220;1.312435;0.661584;0.330792;-0.661584;
0.001230;1.310773;0.660807;0.330403;-0.660807;
0.001240;1.309099;0.660023;0.330011;-0.660023;
0.001250;1.307411;0.659232;0.329616;-0.659232;
0.001260;1.305711;0.658435;0.329218;-0.658435;
0.001270;1.303998;0.657632;0.328816;-0.657632;
0.001280;1.302272;0.656822;0.328411;-0.656822;
0.001290;1.300533;0.656005;0.328003;-0.656005;
0.001300;1.298782;0.655182;0.327591;-0.655182;
0.001310;1.297017;0.654352;0.327176;-0.654352;
0.001320;1.295240;0.653517;0.326758;-0.653517;
0.001330;1.293450;0.652674;0.326337;-0.652674;
0.001340;1.291647;0.651825;0.325913;-0.651825;
0.001350;1.289831;0.650970;0.325485;-0.650970;
0.001360;1.288003;0.650108;0.325054;-0.650108;
0.001370;1.286162;0.649240;0.324620;-0.649240;
0.001380;1.284308;0.648366;0.324183;-0.648366;
0.001390;1.282442;0.647485;0.323742;-0.647485;
0.001400;1.280563;0.646597;0.323299;-0.646597;
0.001410;1.278671;0.645704;0.322852;-0.645704;
0.001420;1.276767;0.644804;0.322402;-0.644804;
0.001430;1.274850;0.643897;0.321949;-0.643897;
0.001440;1.272921;0.642984;0.321492;-0.642984;
0.001450;1.270979;0.642065;0.321033;-0.642065;
0.001460;1.269024;0.641140;0.320570;-0.641140;
0.001470;1.267057;0.640208;0.320104;-0.640208;
0.001480;1.265077;0.639270;0.319635;-0.639270;
0.001490;1.263085;0.638325;0.319163;-0.638325;
0.001500;1.261080;0.637375;0.318687;-0.637375;
0.001510;1.259063;0.636418;0.318209;-0.636418;
0.001520;1.257034;0.635454;0.317727;-0.635454;
0.001530;1.254992;0.634485;0.317242;-0.634485;
0.001540;1.252938;0.633509;0.316754;-0.633509;
0.001550;1.250871;0.632527;0.316263;-0.632527;
0.001560;1.248792;0.631538;0.315769;-0.631538;
0.001570;1.246701;0.630544;0.315272;-0.630544;
0.001580;1.244597;0.629543;0.314772;-0.629543;
0.001590;1.242482;0.628536;0.314268;-0.628536;
0.001600;1.240353;0.627523;0.313761;-0.627523;
0.001610;1.238213;0.626503;0.313252;-0.626503;
0.001620;1.236060;0.625478;0.312739;-0.625478;
0.001630;1.233896;0.624446;0.312223;-0.624446;
0.001640;1.231719;0.623408;0.311704;-0.623408;
0.001650;1.229530;0.622364;0.311182;-0.622364;
0.001660;1.227328;0.621314;0.310657;-0.621314;
0.001670;1.225115;0.620257;0.310129;-0.620257;
0.001680;1.222889;0.619195;0.309598;-0.619195;
0.001690;1.220652;0.618126;0.309063;-0.618126;
0.001700;1.218402;0.617052;0.308526;-0.617052;
0.001710;1.216141;0.615971;0.307985;-0.615971;
0.001720;1.213867;0.614884;0.307442;-0.614884;
0.001730;1.211582;0.613791;0.306896;-0.613791;
0.001740;1.209284;0.612692;0.306346;-0.612692;
0.001750;1.206974;0.611587;0.305794;-0.611587;
0.001760;1.204653;0.610476;0.305238;-0.610476;
0.001770;1.202320;0.609359;0.304680;-0.609359;
0.001780;1.199975;0.608236;0.304118;-0.608236;
0.001790;1.197618;0.607107;0.303553;-0.607107;
0.001800;1.195249;0.605972;0.302986;-0.605972;
0.001810;1.192868;0.604831;0.302415;-0.604831;
0.001820;1.190476;0.603684;0.301842;-0.603684;
0.001830;1.188072;0.602531;0.301265;-0.602531;
0.001840;1.185656;0.601372;0.300686;-0.601372;
0.001850;1.183228;0.600207;0.300103;-0.600207;
0.001860;1.180789;0.599036;0.299518;-0.599036;
0.001870;1.178338;0.597859;0.298930;-0.597859;
0.001880;1.175876;0.596677;0.298338;-0.596677;
0.001890;1.173401;0.595488;0.297744;-0.595488;
0.001900;1.170916;0.594294;0.297147;-0.594294;
0.001910;1.168418;0.593093;0.296547;-0.593093;
0.001920;1.165910;0.591887;0.295944;-0.591887;
0.001930;1.163389;0.590675;0.295338;-0.590675;
0.001940;1.160858;0.589458;0.294729;-0.589458;
0.001950;1.158314;0.588234;0.294117;-0.588234;
0.001960;1.155760;0.587005;0.293502;-0.587005;
0.001970;1.153194;0.585769;0.292885;-0.585769;
0.001980;1.150616;0.584528;0.292264;-0.584528;
0.001990;1.148027;0.583282;0.291641;-0.583282;
0.002000;1.145427;0.582029;0.291015;-0.582029;
0.002010;1.142816;0.580771;0.290385;-0.580771;
0.002020;1.140193;0.579507;0.289753;-0.579507;
0.002030;1.137559;0.578237;0.289119;-0.578237;
0.002040;1.134914;0.576962;0.288481;-0.576962;
0.002050;1.132257;0.575681;0.287840;-0.575681;
0.002060;1.129590;0.574394;0.287197;-0.574394;
0.002070;1.126911;0.573101;0.286551;-0.573101;
0.002080;1.124221;0.571803;0.285902;-0.571803;
0.002090;1.121520;0.570500;0.285250;-0.570500;
0.002100;1.118808;0.569190;0.284595;-0.569190;
0.002110;1.116085;0.567875;0.283938;-0.567875;
0.002120;1.113351;0.566555;0.283277;-0.566555;
0.002130;1.110606;0.565228;0.282614;-0.565228;
0.002140;1.107850;0.563897;0.281948;-0.563897;
0.002150;1.105083;0.562559;0.281280;-0.562559;
0.002160;1.102305;0.561216;0.280608;-0.561216;
0.002170;1.099516;0.559868;0.279934;-0.559868;
0.002180;1.096717;0.558514;0.279257;-0.558514;
0.002190;1.093906;0.557154;0.278577;-0.557154;
0.002200;1.091085;0.555789;0.277895;-0.555789;
0.002210;1.088253;0.554419;0.277210;-0.554419;
0.002220;1.085410;0.553043;0.276522;-0.553043;
0.002230;1.082557;0.551662;0.275831;-0.551662;
0.002240;1.079693;0.550275;0.275137;-0.550275;
0.002250;1.076818;0.548883;0.274441;-0.548883;
0.002260;1.073932;0.547485;0.273742;-0.547485;
0.002270;1.071036;0.546082;0.273041;-0.546082;
0.002280;1.068130;0.544673;0.272337;-0.544673;
0.002290;1.065213;0.543260;0.271630;-0.543260;
0.002300;1.062285;0.541840;0.270920;-0.541840;
0.002310;1.059347;0.540416;0.270208;-0.540416;
0.002320;1.056398;0.538986;0.269493;-0.538986;
0.002330;1.053439;0.537551;0.268775;-0.537551;
0.002340;1.050470;0.536110;0.268055;-0.536110;
0.002350;1.047490;0.534664;0.267332;-0.534664;
0.002360;1.044500;0.533213;0.266607;-0.533213;
0.002370;1.041500;0.531757;0.265878;-0.531757;
0.002380;1.038489;0.530295;0.265148;-0.530295;
0.002390;1.035468;0.528828;0.264414;-0.528828;
0.002400;1.032437;0.527356;0.263678;-0.527356;
0.002410;1.029395;0.525879;0.262940;-0.525879;
0.002420;1.026344;0.524397;0.262198;-0.524397;
0.002430;1.023282;0.522909;0.261455;-0.522909;
0.002440;1.020210;0.521416;0.260708;-0.521416;
0.002450;1.017129;0.519918;0.259959;-0.519918;
0.002460;1.014037;0.518415;0.259208;-0.518415;
0.002470;1.010935;0.516907;0.258454;-0.516907;
0.002480;1.007823;0.515394;0.257697;-0.515394;
0.002490;1.004701;0.513876;0.256938;-0.513876;
0.002500;1.001570;0.512352;0.256176;-0.512352;
0.002510;0.998428;0.510824;0.255412;-0.510824;
0.002520;0.995277;0.509290;0.254645;-0.509290;
0.002530;0.992115;0.507751;0.253876;-0.507751;
0.002540;0.988944;0.506208;0.253104;-0.506208;
0.002550;0.985763;0.504659;0.252330;-0.504659;
0.002560;0.982573;0.503106;0.251553;-0.503106;
0.002570;0.979373;0.501547;0.250774;-0.501547;
0.002580;0.976163;0.499984;0.249992;-0.499984;
0.002590;0.972943;0.498415;0.249208;-0.498415;
0.002600;0.969714;0.496842;0.248421;-0.496842;
0.002610;0.966475;0.495264;0.247632;-0.495264;
0.002620;0.963227;0.493681;0.246840;-0.493681;
0.002630;0.959969;0.492093;0.246046;-0.492093;
0.002640;0.956702;0.490500;0.245250;-0.490500;
0.002650;0.953425;0.488902;0.244451;-0.488902;
0.002660;0.950139;0.487300;0.243650;-0.487300;
0.002670;0.946844;0.485692;0.242846;-0.485692;
0.002680;0.943539;0.484080;0.242040;-0.484080;
0.002690;0.940225;0.482463;0.241232;-0.482463;
0.002700;0.936901;0.480842;0.240421;-0.480842;
0.002710;0.933569;0.479215;0.239608;-0.479215;
0.002720;0.930227;0.477584;0.238792;-0.477584;
0.002730;0.926876;0.475948;0.237974;-0.475948;
0.002740;0.923516;0.474308;0.237154;-0.474308;
0.002750;0.920146;0.472663;0.236331;-0.472663;
0.002760;0.916768;0.471013;0.235506;-0.471013;
0.002770;0.913380;0.469358;0.234679;-0.469358;
0.002780;0.909984;0.467699;0.233850;-0.467699;
0.002790;0.906579;0.466035;0.233018;-0.466035;
0.002800;0.903164;0.464367;0.232184;-0.464367;
0.002810;0.899741;0.462694;0.231347;-0.462694;
0.002820;0.896309;0.461017;0.230508;-0.461017;
0.002830;0.892868;0.459334;0.229667;-0.459334;
0.002840;0.889418;0.457648;0.228824;-0.457648;
0.002850;0.885959;0.455957;0.227978;-0.455957;
0.002860;0.882492;0.454261;0.227131;-0.454261;
0.002870;0.879016;0.452561;0.226280;-0.452561;
0.002880;0.875531;0.450856;0.225428;-0.450856;
0.002890;0.872038;0.449147;0.224574;-0.449147;
0.002900;0.868536;0.447434;0.223717;-0.447434;
0.002910;0.865025;0.445716;0.222858;-0.445716;
0.002920;0.861506;0.443994;0.221997;-0.443994;
0.002930;0.857978;0.442267;0.221134;-0.442267;
0.002940;0.854442;0.440536;0.220268;-0.440536;
0.002950;0.850898;0.438801;0.219400;-0.438801;
0.002960;0.847345;0.437061;0.218531;-0.437061;
0.002970;0.843784;0.435317;0.217659;-0.435317;
0.002980;0.840214;0.433569;0.216784;-0.433569;
0.002990;0.836636;0.431816;0.215908;-0.431816;
0.003000;0.833050;0.430059;0.215030;-0.430059;
0.003010;0.829456;0.428298;0.214149;-0.428298;
0.003020;0.825853;0.426533;0.213266;-0.426533;
0.003030;0.822242;0.424763;0.212382;-0.424763;
0.003040;0.818624;0.422990;0.211495;-0.422990;
0.003050;0.814997;0.421212;0.210606;-0.421212;
0.003060;0.811362;0.419430;0.209715;-0.419430;
0.003070;0.807719;0.417643;0.208822;-0.417643;
0.003080;0.804068;0.415853;0.207927;-0.415853;
0.003090;0.800409;0.414059;0.207029;-0.414059;
0.003100;0.796742;0.412260;0.206130;-0.412260;
0.003110;0.793068;0.410458;0.205229;-0.410458;
0.003120;0.789385;0.408651;0.204325;-0.408651;
0.003130;0.785695;0.406840;0.203420;-0.406840;
0.003140;0.781997;0.405026;0.202513;-0.405026;
0.003150;0.778291;0.403207;0.201603;-0.403207;
0.003160;0.774578;0.401384;0.200692;-0.401384;
0.003170;0.770857;0.399558;0.199779;-0.399558;
0.003180;0.767128;0.397727;0.198864;-0.397727;
0.003190;0.763392;0.395893;0.197946;-0.395893;
0.003200;0.759648;0.394054;0.197027;-0.394054;
0.003210;0.755897;0.392212;0.196106;-0.392212;
0.003220;0.752138;0.390366;0.195183;-0.390366;
0.003230;0.748372;0.388516;0.194258;-0.388516;
0.003240;0.744599;0.386662;0.193331;-0.386662;
0.003250;0.740818;0.384804;0.192402;-0.384804;
0.003260;0.737030;0.382943;0.191471;-0.382943;
0.003270;0.733234;0.381078;0.190539;-0.381078;
0.003280;0.729431;0.379209;0.189604;-0.379209;
0.003290;0.725622;0.377336;0.188668;-0.377336;
0.003300;0.721804;0.375459;0.187730;-0.375459;
0.003310;0.717980;0.373579;0.186790;-0.373579;
0.003320;0.714149;0.371695;0.185848;-0.371695;
0.003330;0.710311;0.369808;0.184904;-0.369808;
0.003340;0.706465;0.367917;0.183958;-0.367917;
0.003350;0.702613;0.366022;0.183011;-0.366022;
0.003360;0.698754;0.364124;0.182062;-0.364124;
0.003370;0.694888;0.362222;0.181111;-0.362222;
0.003380;0.691015;0.360316;0.180158;-0.360316;
0.003390;0.687135;0.358407;0.179203;-0.358407;
0.003400;0.683248;0.356494;0.178247;-0.356494;
0.003410;0.679355;0.354578;0.177289;-0.354578;
0.003420;0.675455;0.352658;0.176329;-0.352658;
0.003430;0.671548;0.350735;0.175368;-0.350735;
0.003440;0.667635;0.348808;0.174404;-0.348808;
0.003450;0.663715;0.346878;0.173439;-0.346878;
0.003460;0.659789;0.344945;0.172472;-0.344945;
0.003470;0.655856;0.343008;0.171504;-0.343008;
0.003480;0.651916;0.341068;0.170534;-0.341068;
0.003490;0.647970;0.339124;0.169562;-0.339124;
0.003500;0.644018;0.337177;0.168588;-0.337177;
0.003510;0.640059;0.335227;0.167613;-0.335227;
0.003520;0.636094;0.333273;0.166636;-0.333273;
0.003530;0.632123;0.331316;0.165658;-0.331316;
0.003540;0.628146;0.329356;0.164678;-0.329356;
0.003550;0.624162;0.327392;0.163696;-0.327392;
0.003560;0.620172;0.325426;0.162713;-0.325426;
0.003570;0.616176;0.323456;0.161728;-0.323456;
0.003580;0.612174;0.321483;0.160741;-0.321483;
0.003590;0.608166;0.319506;0.159753;-0.319506;
0.003600;0.604152;0.317527;0.158764;-0.317527;
0.003610;0.600132;0.315544;0.157772;-0.315544;
0.003620;0.596106;0.313559;0.156779;-0.313559;
0.003630;0.592074;0.311570;0.155785;-0.311570;
0.003640;0.588037;0.309578;0.154789;-0.309578;
0.003650;0.583993;0.307583;0.153792;-0.307583;
0.003660;0.579944;0.305585;0.152793;-0.305585;
0.003670;0.575889;0.303584;0.151792;-0.303584;
0.003680;0.571828;0.301581;0.150790;-0.301581;
0.003690;0.567762;0.299574;0.149787;-0.299574;
0.003700;0.563690;0.297564;0.148782;-0.297564;
0.003710;0.559613;0.295551;0.147775;-0.295551;
0.003720;0.555530;0.293535;0.146768;-0.293535;
0.003730;0.551441;0.291517;0.145758;-0.291517;
0.003740;0.547347;0.289495;0.144748;-0.289495;
0.003750;0.543248;0.287471;0.143735;-0.287471;
0.003760;0.539143;0.285444;0.142722;-0.285444;
0.003770;0.535033;0.283414;0.141707;-0.283414;
0.003780;0.530918;0.281381;0.140690;-0.281381;
0.003790;0.526797;0.279345;0.139673;-0.279345;
0.003800;0.522672;0.277307;0.138653;-0.277307;
0.003810;0.518541;0.275266;0.137633;-0.275266;
0.003820;0.514405;0.273222;0.136611;-0.273222;
0.003830;0.510264;0.271175;0.135588;-0.271175;
0.003840;0.506117;0.269126;0.134563;-0.269126;
0.003850;0.501966;0.267074;0.133537;-0.267074;
0.003860;0.497810;0.265020;0.132510;-0.265020;
0.003870;0.493649;0.262963;0.131481;-0.262963;
0.003880;0.489483;0.260903;0.130452;-0.260903;
0.003890;0.485313;0.258841;0.129421;-0.258841;
0.003900;0.481137;0.256776;0.128388;-0.256776;
0.003910;0.476957;0.254709;0.127354;-0.254709;
0.003920;0.472772;0.252639;0.126320;-0.252639;
0.003930;0.468583;0.250567;0.125283;-0.250567;
0.003940;0.464388;0.248492;0.124246;-0.248492;
0.003950;0.460190;0.246415;0.123207;-0.246415;
0.003960;0.455986;0.244335;0.122167;-0.244335;
0.003970;0.451778;0.242253;0.121126;-0.242253;
0.003980;0.447566;0.240168;0.120084;-0.240168;
0.003990;0.443349;0.238081;0.119041;-0.238081;
0.004000;0.439128;0.235992;0.117996;-0.235992;
0.004010;0.434903;0.233901;0.116950;-0.233901;
0.004020;0.430673;0.231807;0.115903;-0.231807;
0.004030;0.426439;0.229711;0.114855;-0.229711;
0.004040;0.422201;0.227612;0.113806;-0.227612;
0.004050;0.417959;0.225512;0.112756;-0.225512;
0.004060;0.413712;0.223409;0.111704;-0.223409;
0.004070;0.409462;0.221304;0.110652;-0.221304;
0.004080;0.405207;0.219196;0.109598;-0.219196;
0.004090;0.400948;0.217087;0.108543;-0.217087;
0.004100;0.396686;0.214975;0.107488;-0.214975;
0.004110;0.392419;0.212862;0.106431;-0.212862;
0.004120;0.388149;0.210746;0.105373;-0.210746;
0.004130;0.383875;0.208628;0.104314;-0.208628;
0.004140;0.379597;0.206508;0.103254;-0.206508;
0.004150;0.375315;0.204386;0.102193;-0.204386;
0.004160;0.371030;0.202262;0.101131;-0.202262;
0.004170;0.366741;0.200136;0.100068;-0.200136;
0.004180;0.362448;0.198008;0.099004;-0.198008;
0.004190;0.358152;0.195878;0.097939;-0.195878;
0.004200;0.353852;0.193746;0.096873;-0.193746;
0.004210;0.349549;0.191613;0.095806;-0.191613;
0.004220;0.345242;0.189477;0.094738;-0.189477;
0.004230;0.340932;0.187339;0.093670;-0.187339;
0.004240;0.336618;0.185200;0.092600;-0.185200;
0.004250;0.332301;0.183059;0.091529;-0.183059;
0.004260;0.327981;0.180916;0.090458;-0.180916;
0.004270;0.323658;0.178771;0.089385;-0.178771;
0.004280;0.319331;0.176624;0.088312;-0.176624;
0.004290;0.315002;0.174476;0.087238;-0.174476;
0.004300;0.310669;0.172326;0.086163;-0.172326;
0.004310;0.306333;0.170174;0.085087;-0.170174;
0.004320;0.301994;0.168021;0.084010;-0.168021;
0.004330;0.297652;0.165866;0.082933;-0.165866;
0.004340;0.293307;0.163709;0.081855;-0.163709;
0.004350;0.288959;0.161551;0.080775;-0.161551;
0.004360;0.284609;0.159391;0.079695;-0.159391;
0.004370;0.280256;0.157229;0.078615;-0.157229;
0.004380;0.275899;0.155066;0.077533;-0.155066;
0.004390;0.271541;0.152902;0.076451;-0.152902;
0.004400;0.267179;0.150736;0.075368;-0.150736;
0.004410;0.262815;0.148568;0.074284;-0.148568;
0.004420;0.258448;0.146399;0.073200;-0.146399;
0.004430;0.254079;0.144229;0.072114;-0.144229;
0.004440;0.249707;0.142057;0.071028;-0.142057;
0.004450;0.245333;0.139883;0.069942;-0.139883;
0.004460;0.240956;0.137709;0.068854;-0.137709;
0.004470;0.236577;0.135533;0.067766;-0.135533;
0.004480;0.232195;0.133355;0.066678;-0.133355;
0.004490;0.227812;0.131177;0.065588;-0.131177;
0.004500;0.223426;0.128997;0.064498;-0.128997;
0.004510;0.219037;0.126815;0.063408;-0.126815;
0.004520;0.214647;0.124633;0.062316;-0.124633;
0.004530;0.210255;0.122449;0.061225;-0.122449;
0.004540;0.205860;0.120264;0.060132;-0.120264;
0.004550;0.201463;0.118078;0.059039;-0.118078;
0.004560;0.197065;0.115891;0.057945;-0.115891;
0.004570;0.192664;0.113702;0.056851;-0.113702;
0.004580;0.188262;0.111513;0.055756;-0.111513;
0.004590;0.183858;0.109322;0.054661;-0.109322;
0.004600;0.179452;0.107130;0.053565;-0.107130;
0.004610;0.175044;0.104937;0.052469;-0.104937;
0.004620;0.170634;0.102744;0.051372;-0.102744;
0.004630;0.166223;0.100549;0.050274;-0.100549;
0.004640;0.161810;0.098353;0.049176;-0.098353;
0.004650;0.157396;0.096156;0.048078;-0.096156;
0.004660;0.152980;0.093958;0.046979;-0.093958;
0.004670;0.148562;0.091760;0.045880;-0.091760;
0.004680;0.144143;0.089560;0.044780;-0.089560;
0.004690;0.139722;0.087359;0.043680;-0.087359;
0.004700;0.135301;0.085158;0.042579;-0.085158;
0.004710;0.130878;0.082956;0.041478;-0.082956;
0.004720;0.126453;0.080753;0.040376;-0.080753;
0.004730;0.122027;0.078549;0.039275;-0.078549;
0.004740;0.117600;0.076345;0.038172;-0.076345;
0.004750;0.113172;0.074139;0.037070;-0.074139;
0.004760;0.108743;0.071933;0.035967;-0.071933;
0.004770;0.104313;0.069726;0.034863;-0.069726;
0.004780;0.099882;0.067519;0.033759;-0.067519;
0.004790;0.095449;0.065311;0.032655;-0.065311;
0.004800;0.091016;0.063102;0.031551;-0.063102;
0.004810;0.086582;0.060893;0.030446;-0.060893;
0.004820;0.082147;0.058683;0.029341;-0.058683;
0.004830;0.077711;0.056472;0.028236;-0.056472;
0.004840;0.073275;0.054261;0.027130;-0.054261;
0.004850;0.068837;0.052049;0.026025;-0.052049;
0.004860;0.064400;0.049837;0.024918;-0.049837;
0.004870;0.059961;0.047624;0.023812;-0.047624;
0.004880;0.055522;0.045411;0.022706;-0.045411;
0.004890;0.051082;0.043198;0.021599;-0.043198;
0.004900;0.046642;0.040984;0.020492;-0.040984;
0.004910;0.042201;0.038769;0.019385;-0.038769;
0.004920;0.037760;0.036554;0.018277;-0.036554;
0.004930;0.033319;0.034339;0.017170;-0.034339;
0.004940;0.028877;0.032124;0.016062;-0.032124;
0.004950;0.024435;0.029908;0.014954;-0.029908;
0.004960;0.019992;0.027692;0.013846;-0.027692;
0.004970;0.015550;0.025475;0.012738;-0.025475;
0.004980;0.011107;0.023259;0.011629;-0.023259;
0.004990;0.006664;0.021042;0.010521;-0.021042;
0.005000;0.002221;0.018825;0.009412;-0.018825;
0.005010;-0.002221;0.016607;0.008304;-0.016607;
0.005020;-0.006664;0.014390;0.007195;-0.014390;
0.005030;-0.011107;0.012172;0.006086;-0.012172;
0.005040;-0.015550;0.009955;0.004977;-0.009955;
0.005050;-0.019992;0.007737;0.003868;-0.007737;
0.005060;-0.024435;0.005519;0.002760;-0.005519;
0.005070;-0.028877;0.003301;0.001651;-0.003301;
0.005080;-0.033319;0.001083;0.000542;-0.001083;
0.005090;-0.037760;-0.001135;-0.000567;0.001135;
0.005100;-0.042201;-0.003353;-0.001676;0.003353;
0.005110;-0.046642;-0.005571;-0.002785;0.005571;
0.005120;-0.051082;-0.007789;-0.003894;0.007789;
0.005130;-0.055522;-0.010006;-0.005003;0.010006;
0.005140;-0.059961;-0.012224;-0.006112;0.012224;
0.005150;-0.064400;-0.014442;-0.007221;0.014442;
0.005160;-0.068837;-0.016659;-0.008330;0.016659;
0.005170;-0.073275;-0.018876;-0.009438;0.018876;
0.005180;-0.077711;-0.021093;-0.010547;0.021093;
0.005190;-0.082147;-0.023310;-0.011655;0.023310;
0.005200;-0.086582;-0.025527;-0.012763;0.025527;
0.005210;-0.091016;-0.027743;-0.013872;0.027743;
0.005220;-0.095449;-0.029959;-0.014980;0.029959;
0.005230;-0.099882;-0.032175;-0.016088;0.032175;
0.005240;-0.104313;-0.034391;-0.017195;0.034391;
0.005250;-0.108743;-0.036606;-0.018303;0.036606;
0.005260;-0.113172;-0.038821;-0.019410;0.038821;
0.005270;-0.117600;-0.041035;-0.020518;0.041035;
0.005280;-0.122027;-0.043249;-0.021625;0.043249;
0.005290;-0.126453;-0.045463;-0.022731;0.045463;
0.005300;-0.130878;-0.047676;-0.023838;0.047676;
0.005310;-0.135301;-0.049889;-0.024944;0.049889;
0.005320;-0.139722;-0.052101;-0.026050;0.052101;
0.005330;-0.144143;-0.054312;-0.027156;0.054312;
0.005340;-0.148562;-0.056524;-0.028262;0.056524;
0.005350;-0.152980;-0.058734;-0.029367;0.058734;
0.005360;-0.157396;-0.060944;-0.030472;0.060944;
0.005370;-0.161810;-0.063153;-0.031577;0.063153;
0.005380;-0.166223;-0.065362;-0.032681;0.065362;
0.005390;-0.170634;-0.067570;-0.033785;0.067570;
0.005400;-0.175044;-0.069778;-0.034889;0.069778;
0.005410;-0.179452;-0.071985;-0.035992;0.071985;
0.005420;-0.183858;-0.074191;-0.037095;0.074191;
0.005430;-0.188262;-0.076396;-0.038198;0.076396;
0.005440;-0.192664;-0.078600;-0.039300;0.078600;
0.005450;-0.197065;-0.080804;-0.040402;0.080804;
0.005460;-0.201463;-0.083007;-0.041504;0.083007;
0.005470;-0.205860;-0.085209;-0.042605;0.085209;
0.005480;-0.210255;-0.087411;-0.043705;0.087411;
0.005490;-0.214647;-0.089611;-0.044806;0.089611;
0.005500;-0.219037;-0.091811;-0.045905;0.091811;
0.005510;-0.223426;-0.094010;-0.047005;0.094010;
0.005520;-0.227812;-0.096207;-0.048104;0.096207;
0.005530;-0.232195;-0.098404;-0.049202;0.098404;
0.005540;-0.236577;-0.100600;-0.050300;0.100600;
0.005550;-0.240956;-0.102795;-0.051397;0.102795;
0.005560;-0.245333;-0.104989;-0.052494;0.104989;
0.005570;-0.249707;-0.107181;-0.053591;0.107181;
0.005580;-0.254079;-0.109373;-0.054687;0.109373;
0.005590;-0.258448;-0.111564;-0.055782;0.111564;
0.005600;-0.262815;-0.113753;-0.056877;0.113753;
0.005610;-0.267179;-0.115942;-0.057971;0.115942;
0.005620;-0.271541;-0.118129;-0.059064;0.118129;
0.005630;-0.275899;-0.120315;-0.060158;0.120315;
0.005640;-0.280256;-0.122500;-0.061250;0.122500;
0.005650;-0.284609;-0.124684;-0.062342;0.124684;
0.005660;-0.288959;-0.126866;-0.063433;0.126866;
0.005670;-0.293307;-0.129047;-0.064524;0.129047;
0.005680;-0.297652;-0.131227;-0.065614;0.131227;
0.005690;-0.301994;-0.133406;-0.066703;0.133406;
0.005700;-0.306333;-0.135583;-0.067792;0.135583;
0.005710;-0.310669;-0.137759;-0.068880;0.137759;
0.005720;-0.315002;-0.139934;-0.069967;0.139934;
0.005730;-0.319331;-0.142107;-0.071054;0.142107;
0.005740;-0.323658;-0.144279;-0.072140;0.144279;
0.005750;-0.327981;-0.146450;-0.073225;0.146450;
0.005760;-0.332301;-0.148619;-0.074309;0.148619;
0.005770;-0.336618;-0.150786;-0.075393;0.150786;
0.005780;-0.340932;-0.152952;-0.076476;0.152952;
0.005790;-0.345242;-0.155117;-0.077558;0.155117;
0.005800;-0.349549;-0.157280;-0.078640;0.157280;
0.005810;-0.353852;-0.159441;-0.079721;0.159441;
0.005820;-0.358152;-0.161601;-0.080801;0.161601;
0.005830;-0.362448;-0.163759;-0.081880;0.163759;
0.005840;-0.366741;-0.165916;-0.082958;0.165916;
0.005850;-0.371030;-0.168071;-0.084036;0.168071;
0.005860;-0.375315;-0.170224;-0.085112;0.170224;
0.005870;-0.379597;-0.172376;-0.086188;0.172376;
0.005880;-0.383875;-0.174526;-0.087263;0.174526;
0.005890;-0.388149;-0.176674;-0.088337;0.176674;
0.005900;-0.392419;-0.178821;-0.089410;0.178821;
0.005910;-0.396686;-0.180966;-0.090483;0.180966;
0.005920;-0.400948;-0.183109;-0.091554;0.183109;
0.005930;-0.405207;-0.185250;-0.092625;0.185250;
0.005940;-0.409462;-0.187389;-0.093695;0.187389;
0.005950;-0.413712;-0.189527;-0.094763;0.189527;
0.005960;-0.417959;-0.191662;-0.095831;0.191662;
0.005970;-0.422201;-0.193796;-0.096898;0.193796;
0.005980;-0.426439;-0.195928;-0.097964;0.195928;
0.005990;-0.430673;-0.198058;-0.099029;0.198058;
0.006000;-0.434903;-0.200186;-0.100093;0.200186;
0.006010;-0.439128;-0.202312;-0.101156;0.202312;
0.006020;-0.443349;-0.204436;-0.102218;0.204436;
0.006030;-0.447566;-0.206557;-0.103279;0.206557;
0.006040;-0.451778;-0.208677;-0.104339;0.208677;
0.006050;-0.455986;-0.210795;-0.105398;0.210795;
0.006060;-0.460190;-0.212911;-0.106455;0.212911;
0.006070;-0.464388;-0.215025;-0.107512;0.215025;
0.006080;-0.468583;-0.217136;-0.108568;0.217136;
0.006090;-0.472772;-0.219246;-0.109623;0.219246;
0.006100;-0.476957;-0.221353;-0.110676;0.221353;
0.006110;-0.481137;-0.223458;-0.111729;0.223458;
0.006120;-0.485313;-0.225561;-0.112780;0.225561;
0.006130;-0.489483;-0.227661;-0.113831;0.227661;
0.006140;-0.493649;-0.229760;-0.114880;0.229760;
0.006150;-0.497810;-0.231856;-0.115928;0.231856;
0.006160;-0.501966;-0.233949;-0.116975;0.233949;
0.006170;-0.506117;-0.236041;-0.118020;0.236041;
0.006180;-0.510264;-0.238130;-0.119065;0.238130;
0.006190;-0.514405;-0.240217;-0.120108;0.240217;
0.006200;-0.518541;-0.242301;-0.121151;0.242301;
0.006210;-0.522672;-0.244383;-0.122192;0.244383;
0.006220;-0.526797;-0.246463;-0.123232;0.246463;
0.006230;-0.530918;-0.248540;-0.124270;0.248540;
0.006240;-0.535033;-0.250615;-0.125308;0.250615;
0.006250;-0.539143;-0.252687;-0.126344;0.252687;
0.006260;-0.543248;-0.254757;-0.127379;0.254757;
0.006270;-0.547347;-0.256824;-0.128412;0.256824;
0.006280;-0.551441;-0.258889;-0.129445;0.258889;
0.006290;-0.555530;-0.260951;-0.130476;0.260951;
0.006300;-0.559613;-0.263011;-0.131505;0.263011;
0.006310;-0.563690;-0.265068;-0.132534;0.265068;
0.006320;-0.567762;-0.267122;-0.133561;0.267122;
0.006330;-0.571828;-0.269174;-0.134587;0.269174;
0.006340;-0.575889;-0.271223;-0.135612;0.271223;
0.006350;-0.579944;-0.273270;-0.136635;0.273270;
0.006360;-0.583993;-0.275313;-0.137657;0.275313;
0.006370;-0.588037;-0.277354;-0.138677;0.277354;
0.006380;-0.592074;-0.279393;-0.139696;0.279393;
0.006390;-0.596106;-0.281428;-0.140714;0.281428;
0.006400;-0.600132;-0.283461;-0.141730;0.283461;
0.006410;-0.604152;-0.285491;-0.142745;0.285491;
0.006420;-0.608166;-0.287518;-0.143759;0.287518;
0.006430;-0.612174;-0.289542;-0.144771;0.289542;
0.006440;-0.616176;-0.291564;-0.145782;0.291564;
0.006450;-0.620172;-0.293582;-0.146791;0.293582;
0.006460;-0.624162;-0.295598;-0.147799;0.295598;
0.006470;-0.628146;-0.297611;-0.148805;0.297611;
0.006480;-0.632123;-0.299620;-0.149810;0.299620;
0.006490;-0.636094;-0.301627;-0.150814;0.301627;
0.006500;-0.640059;-0.303631;-0.151816;0.303631;
0.006510;-0.644018;-0.305632;-0.152816;0.305632;
0.006520;-0.647970;-0.307630;-0.153815;0.307630;
0.006530;-0.651916;-0.309625;-0.154812;0.309625;
0.006540;-0.655856;-0.311616;-0.155808;0.311616;
0.006550;-0.659789;-0.313605;-0.156803;0.313605;
0.006560;-0.663715;-0.315591;-0.157795;0.315591;
0.006570;-0.667635;-0.317573;-0.158787;0.317573;
0.006580;-0.671548;-0.319553;-0.159776;0.319553;
0.006590;-0.675455;-0.321529;-0.160764;0.321529;
0.006600;-0.679355;-0.323502;-0.161751;0.323502;
0.006610;-0.683248;-0.325472;-0.162736;0.325472;
0.006620;-0.687135;-0.327438;-0.163719;0.327438;
0.006630;-0.691015;-0.329402;-0.164701;0.329402;
0.006640;-0.694888;-0.331362;-0.165681;0.331362;
0.006650;-0.698754;-0.333319;-0.166659;0.333319;
0.006660;-0.702613;-0.335272;-0.167636;0.335272;
0.006670;-0.706465;-0.337222;-0.168611;0.337222;
0.006680;-0.710311;-0.339169;-0.169585;0.339169;
0.006690;-0.714149;-0.341113;-0.170556;0.341113;
0.006700;-0.717980;-0.343053;-0.171527;0.343053;
0.006710;-0.721804;-0.344990;-0.172495;0.344990;
0.006720;-0.725622;-0.346923;-0.173462;0.346923;
0.006730;-0.729431;-0.348853;-0.174427;0.348853;
0.006740;-0.733234;-0.350780;-0.175390;0.350780;
0.006750;-0.737030;-0.352703;-0.176352;0.352703;
0.006760;-0.740818;-0.354623;-0.177311;0.354623;
0.006770;-0.744599;-0.356539;-0.178269;0.356539;
0.006780;-0.748372;-0.358451;-0.179226;0.358451;
0.006790;-0.752138;-0.360360;-0.180180;0.360360;
0.006800;-0.755897;-0.362266;-0.181133;0.362266;
0.006810;-0.759648;-0.364168;-0.182084;0.364168;
0.006820;-0.763392;-0.366066;-0.183033;0.366066;
0.006830;-0.767128;-0.367961;-0.183980;0.367961;
0.006840;-0.770857;-0.369852;-0.184926;0.369852;
0.006850;-0.774578;-0.371739;-0.185870;0.371739;
0.006860;-0.778291;-0.373623;-0.186812;0.373623;
0.006870;-0.781997;-0.375503;-0.187752;0.375503;
0.006880;-0.785695;-0.377380;-0.188690;0.377380;
0.006890;-0.789385;-0.379252;-0.189626;0.379252;
0.006900;-0.793068;-0.381121;-0.190561;0.381121;
0.006910;-0.796742;-0.382986;-0.191493;0.382986;
0.006920;-0.800409;-0.384848;-0.192424;0.384848;
0.006930;-0.804068;-0.386705;-0.193353;0.386705;
0.006940;-0.807719;-0.388559;-0.194280;0.388559;
0.006950;-0.811362;-0.390409;-0.195204;0.390409;
0.006960;-0.814997;-0.392255;-0.196127;0.392255;
0.006970;-0.818624;-0.394097;-0.197049;0.394097;
0.006980;-0.822242;-0.395935;-0.197968;0.395935;
0.006990;-0.825853;-0.397770;-0.198885;0.397770;
0.007000;-0.829456;-0.399600;-0.199800;0.399600;
0.007010;-0.833050;-0.401427;-0.200713;0.401427;
0.007020;-0.836636;-0.403249;-0.201625;0.403249;
0.007030;-0.840214;-0.405068;-0.202534;0.405068;
0.007040;-0.843784;-0.406883;-0.203441;0.406883;
0.007050;-0.847345;-0.408693;-0.204347;0.408693;
0.007060;-0.850898;-0.410500;-0.205250;0.410500;
0.007070;-0.854442;-0.412302;-0.206151;0.412302;
0.007080;-0.857978;-0.414101;-0.207050;0.414101;
0.007090;-0.861506;-0.415895;-0.207947;0.415895;
0.007100;-0.865025;-0.417685;-0.208843;0.417685;
0.007110;-0.868536;-0.419471;-0.209736;0.419471;
0.007120;-0.872038;-0.421253;-0.210627;0.421253;
0.007130;-0.875531;-0.423031;-0.211515;0.423031;
0.007140;-0.879016;-0.424805;-0.212402;0.424805;
0.007150;-0.882492;-0.426574;-0.213287;0.426574;
0.007160;-0.885959;-0.428339;-0.214170;0.428339;
0.007170;-0.889418;-0.430100;-0.215050;0.430100;
0.007180;-0.892868;-0.431857;-0.215929;0.431857;
0.007190;-0.896309;-0.433610;-0.216805;0.433610;
0.007200;-0.899741;-0.435358;-0.217679;0.435358;
0.007210;-0.903164;-0.437102;-0.218551;0.437102;
0.007220;-0.906579;-0.438841;-0.219421;0.438841;
0.007230;-0.909984;-0.440577;-0.220288;0.440577;
0.007240;-0.913380;-0.442307;-0.221154;0.442307;
0.007250;-0.916768;-0.444034;-0.222017;0.444034;
0.007260;-0.920146;-0.445756;-0.222878;0.445756;
0.007270;-0.923516;-0.447474;-0.223737;0.447474;
0.007280;-0.926876;-0.449187;-0.224594;0.449187;
0.007290;-0.930227;-0.450896;-0.225448;0.450896;
0.007300;-0.933569;-0.452601;-0.226300;0.452601;
0.007310;-0.936901;-0.454301;-0.227150;0.454301;
0.007320;-0.940225;-0.455996;-0.227998;0.455996;
0.007330;-0.943539;-0.457687;-0.228844;0.457687;
0.007340;-0.946844;-0.459374;-0.229687;0.459374;
0.007350;-0.950139;-0.461056;-0.230528;0.461056;
0.007360;-0.953425;-0.462733;-0.231367;0.462733;
0.007370;-0.956702;-0.464406;-0.232203;0.464406;
0.007380;-0.959969;-0.466074;-0.233037;0.466074;
0.007390;-0.963227;-0.467738;-0.233869;0.467738;
0.007400;-0.966475;-0.469397;-0.234698;0.469397;
0.007410;-0.969714;-0.471051;-0.235526;0.471051;
0.007420;-0.972943;-0.472701;-0.236351;0.472701;
0.007430;-0.976163;-0.474346;-0.237173;0.474346;
0.007440;-0.979373;-0.475987;-0.237993;0.475987;
0.007450;-0.982573;-0.477622;-0.238811;0.477622;
0.007460;-0.985763;-0.479253;-0.239627;0.479253;
0.007470;-0.988944;-0.480880;-0.240440;0.480880;
0.007480;-0.992115;-0.482501;-0.241251;0.482501;
0.007490;-0.995277;-0.484118;-0.242059;0.484118;
0.007500;-0.998428;-0.485730;-0.242865;0.485730;
0.007510;-1.001570;-0.487337;-0.243669;0.487337;
0.007520;-1.004701;-0.488940;-0.244470;0.488940;
0.007530;-1.007823;-0.490537;-0.245269;0.490537;
0.007540;-1.010935;-0.492130;-0.246065;0.492130;
0.007550;-1.014037;-0.493718;-0.246859;0.493718;
0.007560;-1.017129;-0.495301;-0.247650;0.495301;
0.007570;-1.020210;-0.496879;-0.248439;0.496879;
0.007580;-1.023282;-0.498452;-0.249226;0.498452;
0.007590;-1.026344;-0.500020;-0.250010;0.500020;
0.007600;-1.029395;-0.501584;-0.250792;0.501584;
0.007610;-1.032437;-0.503142;-0.251571;0.503142;
0.007620;-1.035468;-0.504696;-0.252348;0.504696;
0.007630;-1.038489;-0.506244;-0.253122;0.506244;
0.007640;-1.041500;-0.507787;-0.253894;0.507787;
0.007650;-1.044500;-0.509326;-0.254663;0.509326;
0.007660;-1.047490;-0.510859;-0.255430;0.510859;
0.007670;-1.050470;-0.512388;-0.256194;0.512388;
0.007680;-1.053439;-0.513911;-0.256955;0.513911;
0.007690;-1.056398;-0.515429;-0.257715;0.515429;
0.007700;-1.059347;-0.516942;-0.258471;0.516942;
0.007710;-1.062285;-0.518450;-0.259225;0.518450;
0.007720;-1.065213;-0.519953;-0.259977;0.519953;
0.007730;-1.068130;-0.521451;-0.260726;0.521451;
0.007740;-1.071036;-0.522944;-0.261472;0.522944;
0.007750;-1.073932;-0.524431;-0.262216;0.524431;
0.007760;-1.076818;-0.525914;-0.262957;0.525914;
0.007770;-1.079693;-0.527391;-0.263695;0.527391;
0.007780;-1.082557;-0.528863;-0.264431;0.528863;
0.007790;-1.085410;-0.530329;-0.265165;0.530329;
0.007800;-1.088253;-0.531791;-0.265895;0.531791;
0.007810;-1.091085;-0.533247;-0.266624;0.533247;
0.007820;-1.093906;-0.534698;-0.267349;0.534698;
0.007830;-1.096717;-0.536144;-0.268072;0.536144;
0.007840;-1.099516;-0.537584;-0.268792;0.537584;
0.007850;-1.102305;-0.539019;-0.269510;0.539019;
0.007860;-1.105083;-0.540449;-0.270225;0.540449;
0.007870;-1.107850;-0.541873;-0.270937;0.541873;
0.007880;-1.110606;-0.543293;-0.271646;0.543293;
0.007890;-1.113351;-0.544706;-0.272353;0.544706;
0.007900;-1.116085;-0.546115;-0.273057;0.546115;
0.007910;-1.118808;-0.547518;-0.273759;0.547518;
0.007920;-1.121520;-0.548915;-0.274458;0.548915;
0.007930;-1.124221;-0.550307;-0.275154;0.550307;
0.007940;-1.126911;-0.551694;-0.275847;0.551694;
0.007950;-1.129590;-0.553075;-0.276538;0.553075;
0.007960;-1.132257;-0.554451;-0.277226;0.554451;
0.007970;-1.134914;-0.555821;-0.277911;0.555821;
0.007980;-1.137559;-0.557186;-0.278593;0.557186;
0.007990;-1.140193;-0.558546;-0.279273;0.558546;
0.008000;-1.142816;-0.559899;-0.279950;0.559899;
0.008010;-1.145427;-0.561248;-0.280624;0.561248;
0.008020;-1.148027;-0.562590;-0.281295;0.562590;
0.008030;-1.150616;-0.563928;-0.281964;0.563928;
0.008040;-1.153194;-0.565259;-0.282630;0.565259;
0.008050;-1.155760;-0.566585;-0.283293;0.566585;
0.008060;-1.158314;-0.567906;-0.283953;0.567906;
0.008070;-1.160858;-0.569221;-0.284610;0.569221;
0.008080;-1.163389;-0.570530;-0.285265;0.570530;
0.008090;-1.165910;-0.571834;-0.285917;0.571834;
0.008100;-1.168418;-0.573132;-0.286566;0.573132;
0.008110;-1.170916;-0.574424;-0.287212;0.574424;
0.008120;-1.173401;-0.575711;-0.287855;0.575711;
0.008130;-1.175876;-0.576992;-0.288496;0.576992;
0.008140;-1.178338;-0.578267;-0.289133;0.578267;
0.008150;-1.180789;-0.579536;-0.289768;0.579536;
0.008160;-1.183228;-0.580800;-0.290400;0.580800;
0.008170;-1.185656;-0.582058;-0.291029;0.582058;
0.008180;-1.188072;-0.583311;-0.291655;0.583311;
0.008190;-1.190476;-0.584557;-0.292279;0.584557;
0.008200;-1.192868;-0.585798;-0.292899;0.585798;
0.008210;-1.195249;-0.587033;-0.293517;0.587033;
0.008220;-1.197618;-0.588263;-0.294131;0.588263;
0.008230;-1.199975;-0.589486;-0.294743;0.589486;
0.008240;-1.202320;-0.590704;-0.295352;0.590704;
0.008250;-1.204653;-0.591915;-0.295958;0.591915;
0.008260;-1.206974;-0.593121;-0.296561;0.593121;
0.008270;-1.209284;-0.594322;-0.297161;0.594322;
0.008280;-1.211582;-0.595516;-0.297758;0.595516;
0.008290;-1.213867;-0.596704;-0.298352;0.596704;
0.008300;-1.216141;-0.597887;-0.298943;0.597887;
0.008310;-1.218402;-0.599063;-0.299532;0.599063;
0.008320;-1.220652;-0.600234;-0.300117;0.600234;
0.008330;-1.222889;-0.601399;-0.300699;0.601399;
0.008340;-1.225115;-0.602558;-0.301279;0.602558;
0.008350;-1.227328;-0.603710;-0.301855;0.603710;
0.008360;-1.229530;-0.604857;-0.302429;0.604857;
0.008370;-1.231719;-0.605998;-0.302999;0.605998;
0.008380;-1.233896;-0.607133;-0.303567;0.607133;
0.008390;-1.236060;-0.608262;-0.304131;0.608262;
0.008400;-1.238213;-0.609385;-0.304693;0.609385;
0.008410;-1.240353;-0.610502;-0.305251;0.610502;
0.008420;-1.242482;-0.611613;-0.305806;0.611613;
0.008430;-1.244597;-0.612718;-0.306359;0.612718;
0.008440;-1.246701;-0.613817;-0.306908;0.613817;
0.008450;-1.248792;-0.614910;-0.307455;0.614910;
0.008460;-1.250871;-0.615996;-0.307998;0.615996;
0.008470;-1.252938;-0.617077;-0.308538;0.617077;
0.008480;-1.254992;-0.618151;-0.309076;0.618151;
0.008490;-1.257034;-0.619220;-0.309610;0.619220;
0.008500;-1.259063;-0.620282;-0.310141;0.620282;
0.008510;-1.261080;-0.621338;-0.310669;0.621338;
0.008520;-1.263085;-0.622388;-0.311194;0.622388;
0.008530;-1.265077;-0.623432;-0.311716;0.623432;
0.008540;-1.267057;-0.624470;-0.312235;0.624470;
0.008550;-1.269024;-0.625502;-0.312751;0.625502;
0.008560;-1.270979;-0.626527;-0.313264;0.626527;
0.008570;-1.272921;-0.627547;-0.313773;0.627547;
0.008580;-1.274850;-0.628560;-0.314280;0.628560;
0.008590;-1.276767;-0.629566;-0.314783;0.629566;
0.008600;-1.278671;-0.630567;-0.315284;0.630567;
0.008610;-1.280563;-0.631562;-0.315781;0.631562;
0.008620;-1.282442;-0.632550;-0.316275;0.632550;
0.008630;-1.284308;-0.633532;-0.316766;0.633532;
0.008640;-1.286162;-0.634507;-0.317254;0.634507;
0.008650;-1.288003;-0.635477;-0.317738;0.635477;
0.008660;-1.289831;-0.636440;-0.318220;0.636440;
0.008670;-1.291647;-0.637397;-0.318698;0.637397;
0.008680;-1.293450;-0.638347;-0.319174;0.638347;
0.008690;-1.295240;-0.639292;-0.319646;0.639292;
0.008700;-1.297017;-0.640230;-0.320115;0.640230;
0.008710;-1.298782;-0.641161;-0.320581;0.641161;
0.008720;-1.300533;-0.642087;-0.321043;0.642087;
0.008730;-1.302272;-0.643006;-0.321503;0.643006;
0.008740;-1.303998;-0.643918;-0.321959;0.643918;
0.008750;-1.305711;-0.644825;-0.322412;0.644825;
0.008760;-1.307411;-0.645725;-0.322862;0.645725;
0.008770;-1.309099;-0.646618;-0.323309;0.646618;
0.008780;-1.310773;-0.647505;-0.323753;0.647505;
0.008790;-1.312435;-0.648386;-0.324193;0.648386;
0.008800;-1.314083;-0.649261;-0.324630;0.649261;
0.008810;-1.315719;-0.650128;-0.325064;0.650128;
0.008820;-1.317341;-0.650990;-0.325495;0.650990;
0.008830;-1.318951;-0.651845;-0.325923;0.651845;
0.008840;-1.320547;-0.652694;-0.326347;0.652694;
0.008850;-1.322131;-0.653536;-0.326768;0.653536;
0.008860;-1.323701;-0.654372;-0.327186;0.654372;
0.008870;-1.325259;-0.655201;-0.327601;0.655201;
0.008880;-1.326803;-0.656024;-0.328012;0.656024;
0.008890;-1.328334;-0.656841;-0.328420;0.656841;
0.008900;-1.329852;-0.657651;-0.328825;0.657651;
0.008910;-1.331357;-0.658454;-0.329227;0.658454;
0.008920;-1.332849;-0.659251;-0.329625;0.659251;
0.008930;-1.334328;-0.660041;-0.330021;0.660041;
0.008940;-1.335793;-0.660825;-0.330413;0.660825;
0.008950;-1.337246;-0.661603;-0.330801;0.661603;
0.008960;-1.338685;-0.662374;-0.331187;0.662374;
0.008970;-1.340111;-0.663138;-0.331569;0.663138;
0.008980;-1.341523;-0.663896;-0.331948;0.663896;
0.008990;-1.342923;-0.664647;-0.332323;0.664647;
0.009000;-1.344309;-0.665392;-0.332696;0.665392;
0.009010;-1.345682;-0.666130;-0.333065;0.666130;
0.009020;-1.347041;-0.666861;-0.333431;0.666861;
0.009030;-1.348388;-0.667586;-0.333793;0.667586;
0.009040;-1.349721;-0.668305;-0.334152;0.668305;
0.009050;-1.351041;-0.669016;-0.334508;0.669016;
0.009060;-1.352347;-0.669721;-0.334861;0.669721;
0.009070;-1.353640;-0.670420;-0.335210;0.670420;
0.009080;-1.354920;-0.671112;-0.335556;0.671112;
0.009090;-1.356186;-0.671797;-0.335899;0.671797;
0.009100;-1.357439;-0.672476;-0.336238;0.672476;
0.009110;-1.358678;-0.673148;-0.336574;0.673148;
0.009120;-1.359905;-0.673813;-0.336907;0.673813;
0.009130;-1.361117;-0.674472;-0.337236;0.674472;
0.009140;-1.362317;-0.675124;-0.337562;0.675124;
0.009150;-1.363502;-0.675770;-0.337885;0.675770;
0.009160;-1.364675;-0.676408;-0.338204;0.676408;
0.009170;-1.365834;-0.677041;-0.338520;0.677041;
0.009180;-1.366979;-0.677666;-0.338833;0.677666;
0.009190;-1.368111;-0.678285;-0.339142;0.678285;
0.009200;-1.369229;-0.678897;-0.339448;0.678897;
0.009210;-1.370334;-0.679502;-0.339751;0.679502;
0.009220;-1.371426;-0.680101;-0.340050;0.680101;
0.009230;-1.372503;-0.680692;-0.340346;0.680692;
0.009240;-1.373568;-0.681278;-0.340639;0.681278;
0.009250;-1.374618;-0.681856;-0.340928;0.681856;
0.009260;-1.375656;-0.682428;-0.341214;0.682428;
0.009270;-1.376679;-0.682993;-0.341496;0.682993;
0.009280;-1.377689;-0.683551;-0.341776;0.683551;
0.009290;-1.378686;-0.684103;-0.342051;0.684103;
0.009300;-1.379668;-0.684647;-0.342324;0.684647;
0.009310;-1.380638;-0.685185;-0.342593;0.685185;
0.009320;-1.381593;-0.685717;-0.342858;0.685717;
0.009330;-1.382535;-0.686241;-0.343121;0.686241;
0.009340;-1.383463;-0.686759;-0.343379;0.686759;
0.009350;-1.384378;-0.687270;-0.343635;0.687270;
0.009360;-1.385279;-0.687774;-0.343887;0.687774;
0.009370;-1.386166;-0.688271;-0.344136;0.688271;
0.009380;-1.387040;-0.688762;-0.344381;0.688762;
0.009390;-1.387900;-0.689245;-0.344623;0.689245;
0.009400;-1.388746;-0.689722;-0.344861;0.689722;
0.009410;-1.389578;-0.690193;-0.345096;0.690193;
0.009420;-1.390397;-0.690656;-0.345328;0.690656;
0.009430;-1.391202;-0.691112;-0.345556;0.691112;
0.009440;-1.391994;-0.691562;-0.345781;0.691562;
0.009450;-1.392771;-0.692005;-0.346002;0.692005;
0.009460;-1.393535;-0.692441;-0.346221;0.692441;
0.009470;-1.394285;-0.692870;-0.346435;0.692870;
0.009480;-1.395022;-0.693293;-0.346646;0.693293;
0.009490;-1.395744;-0.693708;-0.346854;0.693708;
0.009500;-1.396453;-0.694117;-0.347058;0.694117;
0.009510;-1.397148;-0.694519;-0.347259;0.694519;
0.009520;-1.397829;-0.694914;-0.347457;0.694914;
0.009530;-1.398497;-0.695302;-0.347651;0.695302;
0.009540;-1.399150;-0.695683;-0.347841;0.695683;
0.009550;-1.399790;-0.696057;-0.348029;0.696057;
0.009560;-1.400416;-0.696425;-0.348212;0.696425;
0.009570;-1.401028;-0.696786;-0.348393;0.696786;
0.009580;-1.401627;-0.697139;-0.348570;0.697139;
0.009590;-1.402211;-0.697486;-0.348743;0.697486;
0.009600;-1.402782;-0.697826;-0.348913;0.697826;
0.009610;-1.403339;-0.698159;-0.349080;0.698159;
0.009620;-1.403882;-0.698486;-0.349243;0.698486;
0.009630;-1.404411;-0.698805;-0.349402;0.698805;
0.009640;-1.404926;-0.699117;-0.349559;0.699117;
0.009650;-1.405428;-0.699423;-0.349711;0.699423;
0.009660;-1.405915;-0.699721;-0.349861;0.699721;
0.009670;-1.406389;-0.700013;-0.350007;0.700013;
0.009680;-1.406849;-0.700298;-0.350149;0.700298;
0.009690;-1.407294;-0.700576;-0.350288;0.700576;
0.009700;-1.407726;-0.700847;-0.350423;0.700847;
0.009710;-1.408145;-0.701111;-0.350555;0.701111;
0.009720;-1.408549;-0.701368;-0.350684;0.701368;
0.009730;-1.408939;-0.701618;-0.350809;0.701618;
0.009740;-1.409315;-0.701862;-0.350931;0.701862;
0.009750;-1.409678;-0.702098;-0.351049;0.702098;
0.009760;-1.410027;-0.702327;-0.351164;0.702327;
0.009770;-1.410361;-0.702550;-0.351275;0.702550;
0.009780;-1.410682;-0.702766;-0.351383;0.702766;
0.009790;-1.410989;-0.702974;-0.351487;0.702974;
0.009800;-1.411282;-0.703176;-0.351588;0.703176;
0.009810;-1.411561;-0.703371;-0.351685;0.703371;
0.009820;-1.411826;-0.703559;-0.351779;0.703559;
0.009830;-1.412077;-0.703739;-0.351870;0.703739;
0.009840;-1.412314;-0.703913;-0.351957;0.703913;
0.009850;-1.412537;-0.704080;-0.352040;0.704080;
0.009860;-1.412747;-0.704240;-0.352120;0.704240;
0.009870;-1.412942;-0.704394;-0.352197;0.704394;
0.009880;-1.413123;-0.704540;-0.352270;0.704540;
0.009890;-1.413291;-0.704679;-0.352339;0.704679;
0.009900;-1.413444;-0.704811;-0.352406;0.704811;
0.009910;-1.413584;-0.704936;-0.352468;0.704936;
0.009920;-1.413709;-0.705055;-0.352527;0.705055;
0.009930;-1.413821;-0.705166;-0.352583;0.705166;
0.009940;-1.413919;-0.705270;-0.352635;0.705270;
0.009950;-1.414002;-0.705368;-0.352684;0.705368;
0.009960;-1.414072;-0.705458;-0.352729;0.705458;
0.009970;-1.414128;-0.705542;-0.352771;0.705542;
0.009980;-1.414170;-0.705618;-0.352809;0.705618;
0.009990;-1.414198;-0.705688;-0.352844;0.705688;
0.010000;-1.414212;-0.705751;-0.352875;0.705751;
0.010010;-1.414212;-0.705806;-0.352903;0.705806;
0.010020;-1.414198;-0.705855;-0.352927;0.705855;
0.010030;-1.414170;-0.705897;-0.352948;0.705897;
0.010040;-1.414128;-0.705931;-0.352966;0.705931;
0.010050;-1.414072;-0.705959;-0.352980;0.705959;
0.010060;-1.414002;-0.705980;-0.352990;0.705980;
0.010070;-1.413919;-0.705994;-0.352997;0.705994;
0.010080;-1.413821;-0.706001;-0.353000;0.706001;
0.010090;-1.413709;-0.706001;-0.353000;0.706001;
0.010100;-1.413584;-0.705994;-0.352997;0.705994;
0.010110;-1.413444;-0.705980;-0.352990;0.705980;
0.010120;-1.413291;-0.705959;-0.352979;0.705959;
0.010130;-1.413123;-0.705931;-0.352965;0.705931;
0.010140;-1.412942;-0.705896;-0.352948;0.705896;
0.010150;-1.412747;-0.705854;-0.352927;0.705854;
0.010160;-1.412537;-0.705805;-0.352903;0.705805;
0.010170;-1.412314;-0.705749;-0.352875;0.705749;
0.010180;-1.412077;-0.705686;-0.352843;0.705686;
0.010190;-1.411826;-0.705617;-0.352808;0.705617;
0.010200;-1.411561;-0.705540;-0.352770;0.705540;
0.010210;-1.411282;-0.705456;-0.352728;0.705456;
0.010220;-1.410989;-0.705366;-0.352683;0.705366;
0.010230;-1.410682;-0.705268;-0.352634;0.705268;
0.010240;-1.410361;-0.705163;-0.352582;0.705163;
0.010250;-1.410027;-0.705052;-0.352526;0.705052;
0.010260;-1.409678;-0.704933;-0.352467;0.704933;
0.010270;-1.409315;-0.704808;-0.352404;0.704808;
0.010280;-1.408939;-0.704676;-0.352338;0.704676;
0.010290;-1.408549;-0.704536;-0.352268;0.704536;
0.010300;-1.408145;-0.704390;-0.352195;0.704390;
0.010310;-1.407726;-0.704237;-0.352118;0.704237;
0.010320;-1.407294;-0.704077;-0.352038;0.704077;
0.010330;-1.406849;-0.703909;-0.351955;0.703909;
0.010340;-1.406389;-0.703735;-0.351868;0.703735;
0.010350;-1.405915;-0.703554;-0.351777;0.703554;
0.010360;-1.405428;-0.703366;-0.351683;0.703366;
0.010370;-1.404926;-0.703171;-0.351586;0.703171;
0.010380;-1.404411;-0.702969;-0.351485;0.702969;
0.010390;-1.403882;-0.702761;-0.351380;0.702761;
0.010400;-1.403339;-0.702545;-0.351272;0.702545;
0.010410;-1.402782;-0.702322;-0.351161;0.702322;
0.010420;-1.402211;-0.702093;-0.351046;0.702093;
0.010430;-1.401627;-0.701856;-0.350928;0.701856;
0.010440;-1.401028;-0.701613;-0.350806;0.701613;
0.010450;-1.400416;-0.701362;-0.350681;0.701362;
0.010460;-1.399790;-0.701105;-0.350552;0.701105;
0.010470;-1.399150;-0.700841;-0.350420;0.700841;
0.010480;-1.398497;-0.700570;-0.350285;0.700570;
0.010490;-1.397829;-0.700291;-0.350146;0.700291;
0.010500;-1.397148;-0.700006;-0.350003;0.700006;
0.010510;-1.396453;-0.699715;-0.349857;0.699715;
0.010520;-1.395744;-0.699416;-0.349708;0.699416;
0.010530;-1.395022;-0.699110;-0.349555;0.699110;
0.010540;-1.394285;-0.698798;-0.349399;0.698798;
0.010550;-1.393535;-0.698478;-0.349239;0.698478;
0.010560;-1.392771;-0.698152;-0.349076;0.698152;
0.010570;-1.391994;-0.697818;-0.348909;0.697818;
0.010580;-1.391202;-0.697478;-0.348739;0.697478;
0.010590;-1.390397;-0.697131;-0.348566;0.697131;
0.010600;-1.389578;-0.696777;-0.348389;0.696777;
0.010610;-1.388746;-0.696416;-0.348208;0.696416;
0.010620;-1.387900;-0.696049;-0.348024;0.696049;
0.010630;-1.387040;-0.695674;-0.347837;0.695674;
0.010640;-1.386166;-0.695293;-0.347646;0.695293;
0.010650;-1.385279;-0.694904;-0.347452;0.694904;
0.010660;-1.384378;-0.694509;-0.347255;0.694509;
0.010670;-1.383463;-0.694107;-0.347054;0.694107;
0.010680;-1.382535;-0.693699;-0.346849;0.693699;
0.010690;-1.381593;-0.693283;-0.346641;0.693283;
0.010700;-1.380638;-0.692860;-0.346430;0.692860;
0.010710;-1.379668;-0.692431;-0.346215;0.692431;
0.010720;-1.378686;-0.691995;-0.345997;0.691995;
0.010730;-1.377689;-0.691552;-0.345776;0.691552;
0.010740;-1.376679;-0.691102;-0.345551;0.691102;
0.010750;-1.375656;-0.690645;-0.345323;0.690645;
0.010760;-1.374618;-0.690182;-0.345091;0.690182;
0.010770;-1.373568;-0.689711;-0.344856;0.689711;
0.010780;-1.372503;-0.689234;-0.344617;0.689234;
0.010790;-1.371426;-0.688750;-0.344375;0.688750;
0.010800;-1.370334;-0.688260;-0.344130;0.688260;
0.010810;-1.369229;-0.687762;-0.343881;0.687762;
0.010820;-1.368111;-0.687258;-0.343629;0.687258;
0.010830;-1.366979;-0.686747;-0.343373;0.686747;
0.010840;-1.365834;-0.686229;-0.343114;0.686229;
0.010850;-1.364675;-0.685704;-0.342852;0.685704;
0.010860;-1.363502;-0.685173;-0.342586;0.685173;
0.010870;-1.362317;-0.684635;-0.342317;0.684635;
0.010880;-1.361117;-0.684090;-0.342045;0.684090;
0.010890;-1.359905;-0.683538;-0.341769;0.683538;
0.010900;-1.358678;-0.682980;-0.341490;0.682980;
0.010910;-1.357439;-0.682415;-0.341207;0.682415;
0.010920;-1.356186;-0.681843;-0.340921;0.681843;
0.010930;-1.354920;-0.681264;-0.340632;0.681264;
0.010940;-1.353640;-0.680679;-0.340339;0.680679;
0.010950;-1.352347;-0.680087;-0.340043;0.680087;
0.010960;-1.351041;-0.679488;-0.339744;0.679488;
0.010970;-1.349721;-0.678882;-0.339441;0.678882;
0.010980;-1.348388;-0.678270;-0.339135;0.678270;
0.010990;-1.347041;-0.677651;-0.338826;0.677651;
0.011000;-1.345682;-0.677026;-0.338513;0.677026;
0.011010;-1.344309;-0.676394;-0.338197;0.676394;
0.011020;-1.342923;-0.675755;-0.337877;0.675755;
0.011030;-1.341523;-0.675109;-0.337555;0.675109;
0.011040;-1.340111;-0.674457;-0.337228;0.674457;
0.011050;-1.338685;-0.673798;-0.336899;0.673798;
0.011060;-1.337246;-0.673132;-0.336566;0.673132;
0.011070;-1.335793;-0.672460;-0.336230;0.672460;
0.011080;-1.334328;-0.671781;-0.335891;0.671781;
0.011090;-1.332849;-0.671096;-0.335548;0.671096;
0.011100;-1.331357;-0.670404;-0.335202;0.670404;
0.011110;-1.329852;-0.669705;-0.334853;0.669705;
0.011120;-1.328334;-0.669000;-0.334500;0.669000;
0.011130;-1.326803;-0.668288;-0.334144;0.668288;
0.011140;-1.325259;-0.667569;-0.333785;0.667569;
0.011150;-1.323701;-0.666844;-0.333422;0.666844;
0.011160;-1.322131;-0.666113;-0.333056;0.666113;
0.011170;-1.320547;-0.665374;-0.332687;0.665374;
0.011180;-1.318951;-0.664629;-0.332315;0.664629;
0.011190;-1.317341;-0.663878;-0.331939;0.663878;
0.011200;-1.315719;-0.663120;-0.331560;0.663120;
0.011210;-1.314083;-0.662356;-0.331178;0.662356;
0.011220;-1.312435;-0.661585;-0.330792;0.661585;
0.011230;-1.310773;-0.660807;-0.330404;0.660807;
0.011240;-1.309099;-0.660023;-0.330012;0.660023;
0.011250;-1.307411;-0.659232;-0.329616;0.659232;
0.011260;-1.305711;-0.658435;-0.329218;0.658435;
0.011270;-1.303998;-0.657632;-0.328816;0.657632;
0.011280;-1.302272;-0.656822;-0.328411;0.656822;
0.011290;-1.300533;-0.656005;-0.328003;0.656005;
0.011300;-1.298782;-0.655182;-0.327591;0.655182;
0.011310;-1.297017;-0.654353;-0.327176;0.654353;
0.011320;-1.295240;-0.653517;-0.326758;0.653517;
0.011330;-1.293450;-0.652674;-0.326337;0.652674;
0.011340;-1.291647;-0.651825;-0.325913;0.651825;
0.011350;-1.289831;-0.650970;-0.325485;0.650970;
0.011360;-1.288003;-0.650108;-0.325054;0.650108;
0.011370;-1.286162;-0.649240;-0.324620;0.649240;
0.011380;-1.284308;-0.648366;-0.324183;0.648366;
0.011390;-1.282442;-0.647485;-0.323742;0.647485;
0.011400;-1.280563;-0.646597;-0.323299;0.646597;
0.011410;-1.278671;-0.645704;-0.322852;0.645704;
0.011420;-1.276767;-0.644804;-0.322402;0.644804;
0.011430;-1.274850;-0.643897;-0.321949;0.643897;
0.011440;-1.272921;-0.642984;-0.321492;0.642984;
0.011450;-1.270979;-0.642065;-0.321033;0.642065;
0.011460;-1.269024;-0.641140;-0.320570;0.641140;
0.011470;-1.267057;-0.640208;-0.320104;0.640208;
0.011480;-1.265077;-0.639270;-0.319635;0.639270;
0.011490;-1.263085;-0.638325;-0.319163;0.638325;
0.011500;-1.261080;-0.637375;-0.318687;0.637375;
0.011510;-1.259063;-0.636418;-0.318209;0.636418;
0.011520;-1.257034;-0.635454;-0.317727;0.635454;
0.011530;-1.254992;-0.634485;-0.317242;0.634485;
0.011540;-1.252938;-0.633509;-0.316754;0.633509;
0.011550;-1.250871;-0.632527;-0.316263;0.632527;
0.011560;-1.248792;-0.631538;-0.315769;0.631538;
0.011570;-1.246701;-0.630544;-0.315272;0.630544;
0.011580;-1.244597;-0.629543;-0.314772;0.629543;
0.011590;-1.242482;-0.628536;-0.314268;0.628536;
0.011600;-1.240353;-0.627523;-0.313761;0.627523;
0.011610;-1.238213;-0.626503;-0.313252;0.626503;
0.011620;-1.236060;-0.625478;-0.312739;0.625478;
0.011630;-1.233896;-0.624446;-0.312223;0.624446;
0.011640;-1.231719;-0.623408;-0.311704;0.623408;
0.011650;-1.229530;-0.622364;-0.311182;0.622364;
0.011660;-1.227328;-0.621314;-0.310657;0.621314;
0.011670;-1.225115;-0.620257;-0.310129;0.620257;
0.011680;-1.222889;-0.619195;-0.309598;0.619195;
0.011690;-1.220652;-0.618126;-0.309063;0.618126;
0.011700;-1.218402;-0.617052;-0.308526;0.617052;
0.011710;-1.216141;-0.615971;-0.307985;0.615971;
0.011720;-1.213867;-0.614884;-0.307442;0.614884;
0.011730;-1.211582;-0.613791;-0.306896;0.613791;
0.011740;-1.209284;-0.612692;-0.306346;0.612692;
0.011750;-1.206974;-0.611587;-0.305794;0.611587;
0.011760;-1.204653;-0.610476;-0.305238;0.610476;
0.011770;-1.202320;-0.609359;-0.304680;0.609359;
0.011780;-1.199975;-0.608236;-0.304118;0.608236;
0.011790;-1.197618;-0.607107;-0.303553;0.607107;
0.011800;-1.195249;-0.605972;-0.302986;0.605972;
0.011810;-1.192868;-0.604831;-0.302415;0.604831;
0.011820;-1.190476;-0.603684;-0.301842;0.603684;
0.011830;-1.188072;-0.602531;-0.301265;0.602531;
0.011840;-1.185656;-0.601372;-0.300686;0.601372;
0.011850;-1.183228;-0.600207;-0.300103;0.600207;
0.011860;-1.180789;-0.599036;-0.299518;0.599036;
0.011870;-1.178338;-0.597859;-0.298930;0.597859;
0.011880;-1.175876;-0.596677;-0.298338;0.596677;
0.011890;-1.173401;-0.595488;-0.297744;0.595488;
0.011900;-1.170916;-0.594294;-0.297147;0.594294;
0.011910;-1.168418;-0.593093;-0.296547;0.593093;
0.011920;-1.165910;-0.591887;-0.295944;0.591887;
0.011930;-1.163389;-0.590675;-0.295338;0.590675;
0.011940;-1.160858;-0.589458;-0.294729;0.589458;
0.011950;-1.158314;-0.588234;-0.294117;0.588234;
0.011960;-1.155760;-0.587005;-0.293502;0.587005;
0.011970;-1.153194;-0.585769;-0.292885;0.585769;
0.011980;-1.150616;-0.584528;-0.292264;0.584528;
0.011990;-1.148027;-0.583282;-0.291641;0.583282;
0.012000;-1.145427;-0.582029;-0.291015;0.582029;
0.012010;-1.142816;-0.580771;-0.290385;0.580771;
0.012020;-1.140193;-0.579507;-0.289753;0.579507;
0.012030;-1.137559;-0.578237;-0.289119;0.578237;
0.012040;-1.134914;-0.576962;-0.288481;0.576962;
0.012050;-1.132257;-0.575681;-0.287840;0.575681;
0.012060;-1.129590;-0.574394;-0.287197;0.574394;
0.012070;-1.126911;-0.573101;-0.286551;0.573101;
0.012080;-1.124221;-0.571803;-0.285902;0.571803;
0.012090;-1.121520;-0.570500;-0.285250;0.570500;
0.012100;-1.118808;-0.569190;-0.284595;0.569190;
0.012110;-1.116085;-0.567875;-0.283938;0.567875;
0.012120;-1.113351;-0.566555;-0.283277;0.566555;
0.012130;-1.110606;-0.565228;-0.282614;0.565228;
0.012140;-1.107850;-0.563897;-0.281948;0.563897;
0.012150;-1.105083;-0.562559;-0.281280;0.562559;
0.012160;-1.102305;-0.561216;-0.280608;0.561216;
0.012170;-1.099516;-0.559868;-0.279934;0.559868;
0.012180;-1.096717;-0.558514;-0.279257;0.558514;
0.012190;-1.093906;-0.557154;-0.278577;0.557154;
0.012200;-1.091085;-0.555789;-0.277895;0.555789;
0.012210;-1.088253;-0.554419;-0.277210;0.554419;
0.012220;-1.085410;-0.553043;-0.276522;0.553043;
0.012230;-1.082557;-0.551662;-0.275831;0.551662;
0.012240;-1.079693;-0.550275;-0.275137;0.550275;
0.012250;-1.076818;-0.548883;-0.274441;0.548883;
0.012260;-1.073932;-0.547485;-0.273742;0.547485;
0.012270;-1.071036;-0.546082;-0.273041;0.546082;
0.012280;-1.068130;-0.544673;-0.272337;0.544673;
0.012290;-1.065213;-0.543260;-0.271630;0.543260;
0.012300;-1.062285;-0.541840;-0.270920;0.541840;
0.012310;-1.059347;-0.540416;-0.270208;0.540416;
0.012320;-1.056398;-0.538986;-0.269493;0.538986;
0.012330;-1.053439;-0.537551;-0.268775;0.537551;
0.012340;-1.050470;-0.536110;-0.268055;0.536110;
0.012350;-1.047490;-0.534664;-0.267332;0.534664;
0.012360;-1.044500;-0.533213;-0.266607;0.533213;
0.012370;-1.041500;-0.531757;-0.265878;0.531757;
0.012380;-1.038489;-0.530295;-0.265148;0.530295;
0.012390;-1.035468;-0.528828;-0.264414;0.528828;
0.012400;-1.032437;-0.527356;-0.263678;0.527356;
0.012410;-1.029395;-0.525879;-0.262940;0.525879;
0.012420;-1.026344;-0.524397;-0.262198;0.524397;
0.012430;-1.023282;-0.522909;-0.261455;0.522909;
0.012440;-1.020210;-0.521416;-0.260708;0.521416;
0.012450;-1.017129;-0.519918;-0.259959;0.519918;
0.012460;-1.014037;-0.518415;-0.259208;0.518415;
0.012470;-1.010935;-0.516907;-0.258454;0.516907;
0.012480;-1.007823;-0.515394;-0.257697;0.515394;
0.012490;-1.004701;-0.513876;-0.256938;0.513876;
0.012500;-1.001570;-0.512352;-0.256176;0.512352;
0.012510;-0.998428;-0.510824;-0.255412;0.510824;
0.012520;-0.995277;-0.509290;-0.254645;0.509290;
0.012530;-0.992115;-0.507751;-0.253876;0.507751;
0.012540;-0.988944;-0.506208;-0.253104;0.506208;
0.012550;-0.985763;-0.504659;-0.252330;0.504659;
0.012560;-0.982573;-0.503106;-0.251553;0.503106;
0.012570;-0.979373;-0.501547;-0.250774;0.501547;
0.012580;-0.976163;-0.499984;-0.249992;0.499984;
0.012590;-0.972943;-0.498415;-0.249208;0.498415;
0.012600;-0.969714;-0.496842;-0.248421;0.496842;
0.012610;-0.966475;-0.495264;-0.247632;0.495264;
0.012620;-0.963227;-0.493681;-0.246840;0.493681;
0.012630;-0.959969;-0.492093;-0.246046;0.492093;
0.012640;-0.956702;-0.490500;-0.245250;0.490500;
0.012650;-0.953425;-0.488902;-0.244451;0.488902;
0.012660;-0.950139;-0.487300;-0.243650;0.487300;
0.012670;-0.946844;-0.485692;-0.242846;0.485692;
0.012680;-0.943539;-0.484080;-0.242040;0.484080;
0.012690;-0.940225;-0.482463;-0.241232;0.482463;
0.012700;-0.936901;-0.480842;-0.240421;0.480842;
0.012710;-0.933569;-0.479215;-0.239608;0.479215;
0.012720;-0.930227;-0.477584;-0.238792;0.477584;
0.012730;-0.926876;-0.475948;-0.237974;0.475948;
0.012740;-0.923516;-0.474308;-0.237154;0.474308;
0.012750;-0.920146;-0.472663;-0.236331;0.472663;
0.012760;-0.916768;-0.471013;-0.235506;0.471013;
0.012770;-0.913380;-0.469358;-0.234679;0.469358;
0.012780;-0.909984;-0.467699;-0.233850;0.467699;
0.012790;-0.906579;-0.466035;-0.233018;0.466035;
0.012800;-0.903164;-0.464367;-0.232184;0.464367;
0.012810;-0.899741;-0.462694;-0.231347;0.462694;
0.012820;-0.896309;-0.461017;-0.230508;0.461017;
0.012830;-0.892868;-0.459334;-0.229667;0.459334;
0.012840;-0.889418;-0.457648;-0.228824;0.457648;
0.012850;-0.885959;-0.455957;-0.227978;0.455957;
0.012860;-0.882492;-0.454261;-0.227131;0.454261;
0.012870;-0.879016;-0.452561;-0.226280;0.452561;
0.012880;-0.875531;-0.450856;-0.225428;0.450856;
0.012890;-0.872038;-0.449147;-0.224574;0.449147;
0.012900;-0.868536;-0.447434;-0.223717;0.447434;
0.012910;-0.865025;-0.445716;-0.222858;0.445716;
0.012920;-0.861506;-0.443994;-0.221997;0.443994;
0.012930;-0.857978;-0.442267;-0.221134;0.442267;
0.012940;-0.854442;-0.440536;-0.220268;0.440536;
0.012950;-0.850898;-0.438801;-0.219400;0.438801;
0.012960;-0.847345;-0.437061;-0.218531;0.437061;
0.012970;-0.843784;-0.435317;-0.217659;0.435317;
0.012980;-0.840214;-0.433569;-0.216784;0.433569;
0.012990;-0.836636;-0.431816;-0.215908;0.431816;
0.013000;-0.833050;-0.430059;-0.215030;0.430059;
0.013010;-0.829456;-0.428298;-0.214149;0.428298;
0.013020;-0.825853;-0.426533;-0.213266;0.426533;
0.013030;-0.822242;-0.424763;-0.212382;0.424763;
0.013040;-0.818624;-0.422990;-0.211495;0.422990;
0.013050;-0.814997;-0.421212;-0.210606;0.421212;
0.013060;-0.811362;-0.419430;-0.209715;0.419430;
0.013070;-0.807719;-0.417643;-0.208822;0.417643;
0.013080;-0.804068;-0.415853;-0.207927;0.415853;
0.013090;-0.800409;-0.414059;-0.207029;0.414059;
0.013100;-0.796742;-0.412260;-0.206130;0.412260;
0.013110;-0.793068;-0.410458;-0.205229;0.410458;
0.013120;-0.789385;-0.408651;-0.204325;0.408651;
0.013130;-0.785695;-0.406840;-0.203420;0.406840;
0.013140;-0.781997;-0.405026;-0.202513;0.405026;
0.013150;-0.778291;-0.403207;-0.201603;0.403207;
0.013160;-0.774578;-0.401384;-0.200692;0.401384;
0.013170;-0.770857;-0.399558;-0.199779;0.399558;
0.013180;-0.767128;-0.397727;-0.198864;0.397727;
0.013190;-0.763392;-0.395893;-0.197946;0.395893;
0.013200;-0.759648;-0.394054;-0.197027;0.394054;
0.013210;-0.755897;-0.392212;-0.196106;0.392212;
0.013220;-0.752138;-0.390366;-0.195183;0.390366;
0.013230;-0.748372;-0.388516;-0.194258;0.388516;
0.013240;-0.744599;-0.386662;-0.193331;0.386662;
0.013250;-0.740818;-0.384804;-0.192402;0.384804;
0.013260;-0.737030;-0.382943;-0.191471;0.382943;
0.013270;-0.733234;-0.381078;-0.190539;0.381078;
0.013280;-0.729431;-0.379209;-0.189604;0.379209;
0.013290;-0.725622;-0.377336;-0.188668;0.377336;
0.013300;-0.721804;-0.375459;-0.187730;0.375459;
0.013310;-0.717980;-0.373579;-0.186790;0.373579;
0.013320;-0.714149;-0.371695;-0.185848;0.371695;
0.013330;-0.710311;-0.369808;-0.184904;0.369808;
0.013340;-0.706465;-0.367917;-0.183958;0.367917;
0.013350;-0.702613;-0.366022;-0.183011;0.366022;
0.013360;-0.698754;-0.364124;-0.182062;0.364124;
0.013370;-0.694888;-0.362222;-0.181111;0.362222;
0.013380;-0.691015;-0.360316;-0.180158;0.360316;
0.013390;-0.687135;-0.358407;-0.179203;0.358407;
0.013400;-0.683248;-0.356494;-0.178247;0.356494;
0.013410;-0.679355;-0.354578;-0.177289;0.354578;
0.013420;-0.675455;-0.352658;-0.176329;0.352658;
0.013430;-0.671548;-0.350735;-0.175368;0.350735;
0.013440;-0.667635;-0.348808;-0.174404;0.348808;
0.013450;-0.663715;-0.346878;-0.173439;0.346878;
0.013460;-0.659789;-0.344945;-0.172472;0.344945;
0.013470;-0.655856;-0.343008;-0.171504;0.343008;
0.013480;-0.651916;-0.341068;-0.170534;0.341068;
0.013490;-0.647970;-0.339124;-0.169562;0.339124;
0.013500;-0.644018;-0.337177;-0.168588;0.337177;
0.013510;-0.640059;-0.335227;-0.167613;0.335227;
0.013520;-0.636094;-0.333273;-0.166636;0.333273;
0.013530;-0.632123;-0.331316;-0.165658;0.331316;
0.013540;-0.628146;-0.329356;-0.164678;0.329356;
0.013550;-0.624162;-0.327392;-0.163696;0.327392;
0.013560;-0.620172;-0.325426;-0.162713;0.325426;
0.013570;-0.616176;-0.323456;-0.161728;0.323456;
0.013580;-0.612174;-0.321483;-0.160741;0.321483;
0.013590;-0.608166;-0.319506;-0.159753;0.319506;
0.013600;-0.604152;-0.317527;-0.158764;0.317527;
0.013610;-0.600132;-0.315544;-0.157772;0.315544;
0.013620;-0.596106;-0.313559;-0.156779;0.313559;
0.013630;-0.592074;-0.311570;-0.155785;0.311570;
0.013640;-0.588037;-0.309578;-0.154789;0.309578;
0.013650;-0.583993;-0.307583;-0.153792;0.307583;
0.013660;-0.579944;-0.305585;-0.152793;0.305585;
0.013670;-0.575889;-0.303584;-0.151792;0.303584;
0.013680;-0.571828;-0.301581;-0.150790;0.301581;
0.013690;-0.567762;-0.299574;-0.149787;0.299574;
0.013700;-0.563690;-0.297564;-0.148782;0.297564;
0.013710;-0.559613;-0.295551;-0.147775;0.295551;
0.013720;-0.555530;-0.293535;-0.146768;0.293535;
0.013730;-0.551441;-0.291517;-0.145758;0.291517;
0.013740;-0.547347;-0.289495;-0.144748;0.289495;
0.013750;-0.543248;-0.287471;-0.143735;0.287471;
0.013760;-0.539143;-0.285444;-0.142722;0.285444;
0.013770;-0.535033;-0.283414;-0.141707;0.283414;
0.013780;-0.530918;-0.281381;-0.140690;0.281381;
0.013790;-0.526797;-0.279345;-0.139673;0.279345;
0.013800;-0.522672;-0.277307;-0.138653;0.277307;
0.013810;-0.518541;-0.275266;-0.137633;0.275266;
0.013820;-0.514405;-0.273222;-0.136611;0.273222;
0.013830;-0.510264;-0.271175;-0.135588;0.271175;
0.013840;-0.506117;-0.269126;-0.134563;0.269126;
0.013850;-0.501966;-0.267074;-0.133537;0.267074;
0.013860;-0.497810;-0.265020;-0.132510;0.265020;
0.013870;-0.493649;-0.262963;-0.131481;0.262963;
0.013880;-0.489483;-0.260903;-0.130452;0.260903;
0.013890;-0.485313;-0.258841;-0.129421;0.258841;
0.013900;-0.481137;-0.256776;-0.128388;0.256776;
0.013910;-0.476957;-0.254709;-0.127354;0.254709;
0.013920;-0.472772;-0.252639;-0.126320;0.252639;
0.013930;-0.468583;-0.250567;-0.125283;0.250567;
0.013940;-0.464388;-0.248492;-0.124246;0.248492;
0.013950;-0.460190;-0.246415;-0.123207;0.246415;
0.013960;-0.455986;-0.244335;-0.122167;0.244335;
0.013970;-0.451778;-0.242253;-0.121126;0.242253;
0.013980;-0.447566;-0.240168;-0.120084;0.240168;
0.013990;-0.443349;-0.238081;-0.119041;0.238081;
0.014000;-0.439128;-0.235992;-0.117996;0.235992;
0.014010;-0.434903;-0.233901;-0.116950;0.233901;
0.014020;-0.430673;-0.231807;-0.115903;0.231807;
0.014030;-0.426439;-0.229711;-0.114855;0.229711;
0.014040;-0.422201;-0.227612;-0.113806;0.227612;
0.014050;-0.417959;-0.225512;-0.112756;0.225512;
0.014060;-0.413712;-0.223409;-0.111704;0.223409;
0.014070;-0.409462;-0.221304;-0.110652;0.221304;
0.014080;-0.405207;-0.219196;-0.109598;0.219196;
0.014090;-0.400948;-0.217087;-0.108543;0.217087;
0.014100;-0.396686;-0.214975;-0.107488;0.214975;
0.014110;-0.392419;-0.212862;-0.106431;0.212862;
0.014120;-0.388149;-0.210746;-0.105373;0.210746;
0.014130;-0.383875;-0.208628;-0.104314;0.208628;
0.014140;-0.379597;-0.206508;-0.103254;0.206508;
0.014150;-0.375315;-0.204386;-0.102193;0.204386;
0.014160;-0.371030;-0.202262;-0.101131;0.202262;
0.014170;-0.366741;-0.200136;-0.100068;0.200136;
0.014180;-0.362448;-0.198008;-0.099004;0.198008;
0.014190;-0.358152;-0.195878;-0.097939;0.195878;
0.014200;-0.353852;-0.193746;-0.096873;0.193746;
0.014210;-0.349549;-0.191613;-0.095806;0.191613;
0.014220;-0.345242;-0.189477;-0.094738;0.189477;
0.014230;-0.340932;-0.187339;-0.093670;0.187339;
0.014240;-0.336618;-0.185200;-0.092600;0.185200;
0.014250;-0.332301;-0.183059;-0.091529;0.183059;
0.014260;-0.327981;-0.180916;-0.090458;0.180916;
0.014270;-0.323658;-0.178771;-0.089385;0.178771;
0.014280;-0.319331;-0.176624;-0.088312;0.176624;
0.014290;-0.315002;-0.174476;-0.087238;0.174476;
0.014300;-0.310669;-0.172326;-0.086163;0.172326;
0.014310;-0.306333;-0.170174;-0.085087;0.170174;
0.014320;-0.301994;-0.168021;-0.084010;0.168021;
0.014330;-0.297652;-0.165866;-0.082933;0.165866;
0.014340;-0.293307;-0.163709;-0.081855;0.163709;
0.014350;-0.288959;-0.161551;-0.080775;0.161551;
0.014360;-0.284609;-0.159391;-0.079695;0.159391;
0.014370;-0.280256;-0.157229;-0.078615;0.157229;
0.014380;-0.275899;-0.155066;-0.077533;0.155066;
0.014390;-0.271541;-0.152902;-0.076451;0.152902;
0.014400;-0.267179;-0.150736;-0.075368;0.150736;
0.014410;-0.262815;-0.148568;-0.074284;0.148568;
0.014420;-0.258448;-0.146399;-0.073200;0.146399;
0.014430;-0.254079;-0.144229;-0.072114;0.144229;
0.014440;-0.249707;-0.142057;-0.071028;0.142057;
0.014450;-0.245333;-0.139883;-0.069942;0.139883;
0.014460;-0.240956;-0.137709;-0.068854;0.137709;
0.014470;-0.236577;-0.135533;-0.067766;0.135533;
0.014480;-0.232195;-0.133355;-0.066678;0.133355;
0.014490;-0.227812;-0.131177;-0.065588;0.131177;
0.014500;-0.223426;-0.128997;-0.064498;0.128997;
0.014510;-0.219037;-0.126815;-0.063408;0.126815;
0.014520;-0.214647;-0.124633;-0.062316;0.124633;
0.014530;-0.210255;-0.122449;-0.061225;0.122449;
0.014540;-0.205860;-0.120264;-0.060132;0.120264;
0.014550;-0.201463;-0.118078;-0.059039;0.118078;
0.014560;-0.197065;-0.115891;-0.057945;0.115891;
0.014570;-0.192664;-0.113702;-0.056851;0.113702;
0.014580;-0.188262;-0.111513;-0.055756;0.111513;
0.014590;-0.183858;-0.109322;-0.054661;0.109322;
0.014600;-0.179452;-0.107130;-0.053565;0.107130;
0.014610;-0.175044;-0.104937;-0.052469;0.104937;
0.014620;-0.170634;-0.102744;-0.051372;0.102744;
0.014630;-0.166223;-0.100549;-0.050274;0.100549;
0.014640;-0.161810;-0.098353;-0.049176;0.098353;
0.014650;-0.157396;-0.096156;-0.048078;0.096156;
0.014660;-0.152980;-0.093958;-0.046979;0.093958;
0.014670;-0.148562;-0.091760;-0.045880;0.091760;
0.014680;-0.144143;-0.089560;-0.044780;0.089560;
0.014690;-0.139722;-0.087359;-0.043680;0.087359;
0.014700;-0.135301;-0.085158;-0.042579;0.085158;
0.014710;-0.130878;-0.082956;-0.041478;0.082956;
0.014720;-0.126453;-0.080753;-0.040376;0.080753;
0.014730;-0.122027;-0.078549;-0.039275;0.078549;
0.014740;-0.117600;-0.076345;-0.038172;0.076345;
0.014750;-0.113172;-0.074139;-0.037070;0.074139;
0.014760;-0.108743;-0.071933;-0.035967;0.071933;
0.014770;-0.104313;-0.069726;-0.034863;0.069726;
0.014780;-0.099882;-0.067519;-0.033759;0.067519;
0.014790;-0.095449;-0.065311;-0.032655;0.065311;
0.014800;-0.091016;-0.063102;-0.031551;0.063102;
0.014810;-0.086582;-0.060893;-0.030446;0.060893;
0.014820;-0.082147;-0.058683;-0.029341;0.058683;
0.014830;-0.077711;-0.056472;-0.028236;0.056472;
0.014840;-0.073275;-0.054261;-0.027130;0.054261;
0.014850;-0.068837;-0.052049;-0.026025;0.052049;
0.014860;-0.064400;-0.049837;-0.024918;0.049837;
0.014870;-0.059961;-0.047624;-0.023812;0.047624;
0.014880;-0.055522;-0.045411;-0.022706;0.045411;
0.014890;-0.051082;-0.043198;-0.021599;0.043198;
0.014900;-0.046642;-0.040984;-0.020492;0.040984;
0.014910;-0.042201;-0.038769;-0.019385;0.038769;
0.014920;-0.037760;-0.036554;-0.018277;0.036554;
0.014930;-0.033319;-0.034339;-0.017170;0.034339;
0.014940;-0.028877;-0.032124;-0.016062;0.032124;
0.014950;-0.024435;-0.029908;-0.014954;0.029908;
0.014960;-0.019992;-0.027692;-0.013846;0.027692;
0.014970;-0.015550;-0.025475;-0.012738;0.025475;
0.014980;-0.011107;-0.023259;-0.011629;0.023259;
0.014990;-0.006664;-0.021042;-0.010521;0.021042;
0.015000;-0.002221;-0.018825;-0.009412;0.018825;
0.015010;0.002221;-0.016607;-0.008304;0.016607;
0.015020;0.006664;-0.014390;-0.007195;0.014390;
0.015030;0.011107;-0.012172;-0.006086;0.012172;
0.015040;0.015550;-0.009955;-0.004977;0.009955;
0.015050;0.019992;-0.007737;-0.003868;0.007737;
0.015060;0.024435;-0.005519;-0.002760;0.005519;
0.015070;0.028877;-0.003301;-0.001651;0.003301;
0.015080;0.033319;-0.001083;-0.000542;0.001083;
0.015090;0.037760;0.001135;0.000567;-0.001135;
0.015100;0.042201;0.003353;0.001676;-0.003353;
0.015110;0.046642;0.005571;0.002785;-0.005571;
0.015120;0.051082;0.007789;0.003894;-0.007789;
0.015130;0.055522;0.010006;0.005003;-0.010006;
0.015140;0.059961;0.012224;0.006112;-0.012224;
0.015150;0.064400;0.014442;0.007221;-0.014442;
0.015160;0.068837;0.016659;0.008330;-0.016659;
0.015170;0.073275;0.018876;0.009438;-0.018876;
0.015180;0.077711;0.021093;0.010547;-0.021093;
0.015190;0.082147;0.023310;0.011655;-0.023310;
0.015200;0.086582;0.025527;0.012763;-0.025527;
0.015210;0.091016;0.027743;0.013872;-0.027743;
0.015220;0.095449;0.029959;0.014980;-0.029959;
0.015230;0.099882;0.032175;0.016088;-0.032175;
0.015240;0.104313;0.034391;0.017195;-0.034391;
0.015250;0.108743;0.036606;0.018303;-0.036606;
0.015260;0.113172;0.038821;0.019410;-0.038821;
0.015270;0.117600;0.041035;0.020518;-0.041035;
0.015280;0.122027;0.043249;0.021625;-0.043249;
0.015290;0.126453;0.045463;0.022731;-0.045463;
0.015300;0.130878;0.047676;0.023838;-0.047676;
0.015310;0.135301;0.049889;0.024944;-0.049889;
0.015320;0.139722;0.052101;0.026050;-0.052101;
0.015330;0.144143;0.054312;0.027156;-0.054312;
0.015340;0.148562;0.056524;0.028262;-0.056524;
0.015350;0.152980;0.058734;0.029367;-0.058734;
0.015360;0.157396;0.060944;0.030472;-0.060944;
0.015370;0.161810;0.063153;0.031577;-0.063153;
0.015380;0.166223;0.065362;0.032681;-0.065362;
0.015390;0.170634;0.067570;0.033785;-0.067570;
0.015400;0.175044;0.069778;0.034889;-0.069778;
0.015410;0.179452;0.071985;0.035992;-0.071985;
0.015420;0.183858;0.074191;0.037095;-0.074191;
0.015430;0.188262;0.076396;0.038198;-0.076396;
0.015440;0.192664;0.078600;0.039300;-0.078600;
0.015450;0.197065;0.080804;0.040402;-0.080804;
0.015460;0.201463;0.083007;0.041504;-0.083007;
0.015470;0.205860;0.085209;0.042605;-0.085209;
0.015480;0.210255;0.087411;0.043705;-0.087411;
0.015490;0.214647;0.089611;0.044806;-0.089611;
0.015500;0.219037;0.091811;0.045905;-0.091811;
0.015510;0.223426;0.094010;0.047005;-0.094010;
0.015520;0.227812;0.096207;0.048104;-0.096207;
0.015530;0.232195;0.098404;0.049202;-0.098404;
0.015540;0.236577;0.100600;0.050300;-0.100600;
0.015550;0.240956;0.102795;0.051397;-0.102795;
0.015560;0.245333;0.104989;0.052494;-0.104989;
0.015570;0.249707;0.107181;0.053591;-0.107181;
0.015580;0.254079;0.109373;0.054687;-0.109373;
0.015590;0.258448;0.111564;0.055782;-0.111564;
0.015600;0.262815;0.113753;0.056877;-0.113753;
0.015610;0.267179;0.115942;0.057971;-0.115942;
0.015620;0.271541;0.118129;0.059064;-0.118129;
0.015630;0.275899;0.120315;0.060158;-0.120315;
0.015640;0.280256;0.122500;0.061250;-0.122500;
0.015650;0.284609;0.124684;0.062342;-0.124684;
0.015660;0.288959;0.126866;0.063433;-0.126866;
0.015670;0.293307;0.129047;0.064524;-0.129047;
0.015680;0.297652;0.131227;0.065614;-0.131227;
0.015690;0.301994;0.133406;0.066703;-0.133406;
0.015700;0.306333;0.135583;0.067792;-0.135583;
0.015710;0.310669;0.137759;0.068880;-0.137759;
0.015720;0.315002;0.139934;0.069967;-0.139934;
0.015730;0.319331;0.142107;0.071054;-0.142107;
0.015740;0.323658;0.144279;0.072140;-0.144279;
0.015750;0.327981;0.146450;0.073225;-0.146450;
0.015760;0.332301;0.148619;0.074309;-0.148619;
0.015770;0.336618;0.150786;0.075393;-0.150786;
0.015780;0.340932;0.152952;0.076476;-0.152952;
0.015790;0.345242;0.155117;0.077558;-0.155117;
0.015800;0.349549;0.157280;0.078640;-0.157280;
0.015810;0.353852;0.159441;0.079721;-0.159441;
0.015820;0.358152;0.161601;0.080801;-0.161601;
0.015830;0.362448;0.163759;0.081880;-0.163759;
0.015840;0.366741;0.165916;0.082958;-0.165916;
0.015850;0.371030;0.168071;0.084036;-0.168071;
0.015860;0.375315;0.170224;0.085112;-0.170224;
0.015870;0.379597;0.172376;0.086188;-0.172376;
0.015880;0.383875;0.174526;0.087263;-0.174526;
0.015890;0.388149;0.176674;0.088337;-0.176674;
0.015900;0.392419;0.178821;0.089410;-0.178821;
0.015910;0.396686;0.180966;0.090483;-0.180966;
0.015920;0.400948;0.183109;0.091554;-0.183109;
0.015930;0.405207;0.185250;0.092625;-0.185250;
0.015940;0.409462;0.187389;0.093695;-0.187389;
0.015950;0.413712;0.189527;0.094763;-0.189527;
0.015960;0.417959;0.191662;0.095831;-0.191662;
0.015970;0.422201;0.193796;0.096898;-0.193796;
0.015980;0.426439;0.195928;0.097964;-0.195928;
0.015990;0.430673;0.198058;0.099029;-0.198058;
0.016000;0.434903;0.200186;0.100093;-0.200186;
0.016010;0.439128;0.202312;0.101156;-0.202312;
0.016020;0.443349;0.204436;0.102218;-0.204436;
0.016030;0.447566;0.206557;0.103279;-0.206557;
0.016040;0.451778;0.208677;0.104339;-0.208677;
0.016050;0.455986;0.210795;0.105398;-0.210795;
0.016060;0.460190;0.212911;0.106455;-0.212911;
0.016070;0.464388;0.215025;0.107512;-0.215025;
0.016080;0.468583;0.217136;0.108568;-0.217136;
0.016090;0.472772;0.219246;0.109623;-0.219246;
0.016100;0.476957;0.221353;0.110676;-0.221353;
0.016110;0.481137;0.223458;0.111729;-0.223458;
0.016120;0.485313;0.225561;0.112780;-0.225561;
0.016130;0.489483;0.227661;0.113831;-0.227661;
0.016140;0.493649;0.229760;0.114880;-0.229760;
0.016150;0.497810;0.231856;0.115928;-0.231856;
0.016160;0.501966;0.233949;0.116975;-0.233949;
0.016170;0.506117;0.236041;0.118020;-0.236041;
0.016180;0.510264;0.238130;0.119065;-0.238130;
0.016190;0.514405;0.240217;0.120108;-0.240217;
0.016200;0.518541;0.242301;0.121151;-0.242301;
0.016210;0.522672;0.244383;0.122192;-0.244383;
0.016220;0.526797;0.246463;0.123232;-0.246463;
0.016230;0.530918;0.248540;0.124270;-0.248540;
0.016240;0.535033;0.250615;0.125308;-0.250615;
0.016250;0.539143;0.252687;0.126344;-0.252687;
0.016260;0.543248;0.254757;0.127379;-0.254757;
0.016270;0.547347;0.256824;0.128412;-0.256824;
0.016280;0.551441;0.258889;0.129445;-0.258889;
0.016290;0.555530;0.260951;0.130476;-0.260951;
0.016300;0.559613;0.263011;0.131505;-0.263011;
0.016310;0.563690;0.265068;0.132534;-0.265068;
0.016320;0.567762;0.267122;0.133561;-0.267122;
0.016330;0.571828;0.269174;0.134587;-0.269174;
0.016340;0.575889;0.271223;0.135612;-0.271223;
0.016350;0.579944;0.273270;0.136635;-0.273270;
0.016360;0.583993;0.275313;0.137657;-0.275313;
0.016370;0.588037;0.277354;0.138677;-0.277354;
0.016380;0.592074;0.279393;0.139696;-0.279393;
0.016390;0.596106;0.281428;0.140714;-0.281428;
0.016400;0.600132;0.283461;0.141730;-0.283461;
0.016410;0.604152;0.285491;0.142745;-0.285491;
0.016420;0.608166;0.287518;0.143759;-0.287518;
0.016430;0.612174;0.289542;0.144771;-0.289542;
0.016440;0.616176;0.291564;0.145782;-0.291564;
0.016450;0.620172;0.293582;0.146791;-0.293582;
0.016460;0.624162;0.295598;0.147799;-0.295598;
0.016470;0.628146;0.297611;0.148805;-0.297611;
0.016480;0.632123;0.299620;0.149810;-0.299620;
0.016490;0.636094;0.301627;0.150814;-0.301627;
0.016500;0.640059;0.303631;0.151816;-0.303631;
0.016510;0.644018;0.305632;0.152816;-0.305632;
0.016520;0.647970;0.307630;0.153815;-0.307630;
0.016530;0.651916;0.309625;0.154812;-0.309625;
0.016540;0.655856;0.311616;0.155808;-0.311616;
0.016550;0.659789;0.313605;0.156803;-0.313605;
0.016560;0.663715;0.315591;0.157795;-0.315591;
0.016570;0.667635;0.317573;0.158787;-0.317573;
0.016580;0.671548;0.319553;0.159776;-0.319553;
0.016590;0.675455;0.321529;0.160764;-0.321529;
0.016600;0.679355;0.323502;0.161751;-0.323502;
0.016610;0.683248;0.325472;0.162736;-0.325472;
0.016620;0.687135;0.327438;0.163719;-0.327438;
0.016630;0.691015;0.329402;0.164701;-0.329402;
0.016640;0.694888;0.331362;0.165681;-0.331362;
0.016650;0.698754;0.333319;0.166659;-0.333319;
0.016660;0.702613;0.335272;0.167636;-0.335272;
0.016670;0.706465;0.337222;0.168611;-0.337222;
0.016680;0.710311;0.339169;0.169585;-0.339169;
0.016690;0.714149;0.341113;0.170556;-0.341113;
0.016700;0.717980;0.343053;0.171527;-0.343053;
0.016710;0.721804;0.344990;0.172495;-0.344990;
0.016720;0.725622;0.346923;0.173462;-0.346923;
0.016730;0.729431;0.348853;0.174427;-0.348853;
0.016740;0.733234;0.350780;0.175390;-0.350780;
0.016750;0.737030;0.352703;0.176352;-0.352703;
0.016760;0.740818;0.354623;0.177311;-0.354623;
0.016770;0.744599;0.356539;0.178269;-0.356539;
0.016780;0.748372;0.358451;0.179226;-0.358451;
0.016790;0.752138;0.360360;0.180180;-0.360360;
0.016800;0.755897;0.362266;0.181133;-0.362266;
0.016810;0.759648;0.364168;0.182084;-0.364168;
0.016820;0.763392;0.366066;0.183033;-0.366066;
0.016830;0.767128;0.367961;0.183980;-0.367961;
0.016840;0.770857;0.369852;0.184926;-0.369852;
0.016850;0.774578;0.371739;0.185870;-0.371739;
0.016860;0.778291;0.373623;0.186812;-0.373623;
0.016870;0.781997;0.375503;0.187752;-0.375503;
0.016880;0.785695;0.377380;0.188690;-0.377380;
0.016890;0.789385;0.379252;0.189626;-0.379252;
0.016900;0.793068;0.381121;0.190561;-0.381121;
0.016910;0.796742;0.382986;0.191493;-0.382986;
0.016920;0.800409;0.384848;0.192424;-0.384848;
0.016930;0.804068;0.386705;0.193353;-0.386705;
0.016940;0.807719;0.388559;0.194280;-0.388559;
0.016950;0.811362;0.390409;0.195204;-0.390409;
0.016960;0.814997;0.392255;0.196127;-0.392255;
0.016970;0.818624;0.394097;0.197049;-0.394097;
0.016980;0.822242;0.395935;0.197968;-0.395935;
0.016990;0.825853;0.397770;0.198885;-0.397770;
0.017000;0.829456;0.399600;0.199800;-0.399600;
0.017010;0.833050;0.401427;0.200713;-0.401427;
0.017020;0.836636;0.403249;0.201625;-0.403249;
0.017030;0.840214;0.405068;0.202534;-0.405068;
0.017040;0.843784;0.406883;0.203441;-0.406883;
0.017050;0.847345;0.408693;0.204347;-0.408693;
0.017060;0.850898;0.410500;0.205250;-0.410500;
0.017070;0.854442;0.412302;0.206151;-0.412302;
0.017080;0.857978;0.414101;0.207050;-0.414101;
0.017090;0.861506;0.415895;0.207947;-0.415895;
0.017100;0.865025;0.417685;0.208843;-0.417685;
0.017110;0.868536;0.419471;0.209736;-0.419471;
0.017120;0.872038;0.421253;0.210627;-0.421253;
0.017130;0.875531;0.423031;0.211515;-0.423031;
0.017140;0.879016;0.424805;0.212402;-0.424805;
0.017150;0.882492;0.426574;0.213287;-0.426574;
0.017160;0.885959;0.428339;0.214170;-0.428339;
0.017170;0.889418;0.430100;0.215050;-0.430100;
0.017180;0.892868;0.431857;0.215929;-0.431857;
0.017190;0.896309;0.433610;0.216805;-0.433610;
0.017200;0.899741;0.435358;0.217679;-0.435358;
0.017210;0.903164;0.437102;0.218551;-0.437102;
0.017220;0.906579;0.438841;0.219421;-0.438841;
0.017230;0.909984;0.440577;0.220288;-0.440577;
0.017240;0.913380;0.442307;0.221154;-0.442307;
0.017250;0.916768;0.444034;0.222017;-0.444034;
0.017260;0.920146;0.445756;0.222878;-0.445756;
0.017270;0.923516;0.447474;0.223737;-0.447474;
0.017280;0.926876;0.449187;0.224594;-0.449187;
0.017290;0.930227;0.450896;0.225448;-0.450896;
0.017300;0.933569;0.452601;0.226300;-0.452601;
0.017310;0.936901;0.454301;0.227150;-0.454301;
0.017320;0.940225;0.455996;0.227998;-0.455996;
0.017330;0.943539;0.457687;0.228844;-0.457687;
0.017340;0.946844;0.459374;0.229687;-0.459374;
0.017350;0.950139;0.461056;0.230528;-0.461056;
0.017360;0.953425;0.462733;0.231367;-0.462733;
0.017370;0.956702;0.464406;0.232203;-0.464406;
0.017380;0.959969;0.466074;0.233037;-0.466074;
0.017390;0.963227;0.467738;0.233869;-0.467738;
0.017400;0.966475;0.469397;0.234698;-0.469397;
0.017410;0.969714;0.471051;0.235526;-0.471051;
0.017420;0.972943;0.472701;0.236351;-0.472701;
0.017430;0.976163;0.474346;0.237173;-0.474346;
0.017440;0.979373;0.475987;0.237993;-0.475987;
0.017450;0.982573;0.477622;0.238811;-0.477622;
0.017460;0.985763;0.479253;0.239627;-0.479253;
0.017470;0.988944;0.480880;0.240440;-0.480880;
0.017480;0.992115;0.482501;0.241251;-0.482501;
0.017490;0.995277;0.484118;0.242059;-0.484118;
0.017500;0.998428;0.485730;0.242865;-0.485730;
0.017510;1.001570;0.487337;0.243669;-0.487337;
0.017520;1.004701;0.488940;0.244470;-0.488940;
0.017530;1.007823;0.490537;0.245269;-0.490537;
0.017540;1.010935;0.492130;0.246065;-0.492130;
0.017550;1.014037;0.493718;0.246859;-0.493718;
0.017560;1.017129;0.495301;0.247650;-0.495301;
0.017570;1.020210;0.496879;0.248439;-0.496879;
0.017580;1.023282;0.498452;0.249226;-0.498452;
0.017590;1.026344;0.500020;0.250010;-0.500020;
0.017600;1.029395;0.501584;0.250792;-0.501584;
0.017610;1.032437;0.503142;0.251571;-0.503142;
0.017620;1.035468;0.504696;0.252348;-0.504696;
0.017630;1.038489;0.506244;0.253122;-0.506244;
0.017640;1.041500;0.507787;0.253894;-0.507787;
0.017650;1.044500;0.509326;0.254663;-0.509326;
0.017660;1.047490;0.510859;0.255430;-0.510859;
0.017670;1.050470;0.512388;0.256194;-0.512388;
0.017680;1.053439;0.513911;0.256955;-0.513911;
0.017690;1.056398;0.515429;0.257715;-0.515429;
0.017700;1.059347;0.516942;0.258471;-0.516942;
0.017710;1.062285;0.518450;0.259225;-0.518450;
0.017720;1.065213;0.519953;0.259977;-0.519953;
0.017730;1.068130;0.521451;0.260726;-0.521451;
0.017740;1.071036;0.522944;0.261472;-0.522944;
0.017750;1.073932;0.524431;0.262216;-0.524431;
0.017760;1.076818;0.525914;0.262957;-0.525914;
0.017770;1.079693;0.527391;0.263695;-0.527391;
0.017780;1.082557;0.528863;0.264431;-0.528863;
0.017790;1.085410;0.530329;0.265165;-0.530329;
0.017800;1.088253;0.531791;0.265895;-0.531791;
0.017810;1.091085;0.533247;0.266624;-0.533247;
0.017820;1.093906;0.534698;0.267349;-0.534698;
0.017830;1.096717;0.536144;0.268072;-0.536144;
0.017840;1.099516;0.537584;0.268792;-0.537584;
0.017850;1.102305;0.539019;0.269510;-0.539019;
0.017860;1.105083;0.540449;0.270225;-0.540449;
0.017870;1.107850;0.541873;0.270937;-0.541873;
0.017880;1.110606;0.543293;0.271646;-0.543293;
0.017890;1.113351;0.544706;0.272353;-0.544706;
0.017900;1.116085;0.546115;0.273057;-0.546115;
0.017910;1.118808;0.547518;0.273759;-0.547518;
0.017920;1.121520;0.548915;0.274458;-0.548915;
0.017930;1.124221;0.550307;0.275154;-0.550307;
0.017940;1.126911;0.551694;0.275847;-0.551694;
0.017950;1.129590;0.553075;0.276538;-0.553075;
0.017960;1.132257;0.554451;0.277226;-0.554451;
0.017970;1.134914;0.555821;0.277911;-0.555821;
0.017980;1.137559;0.557186;0.278593;-0.557186;
0.017990;1.140193;0.558546;0.279273;-0.558546;
0.018000;1.142816;0.559899;0.279950;-0.559899;
0.018010;1.145427;0.561248;0.280624;-0.561248;
0.018020;1.148027;0.562590;0.281295;-0.562590;
0.018030;1.150616;0.563928;0.281964;-0.563928;
0.018040;1.153194;0.565259;0.282630;-0.565259;
0.018050;1.155760;0.566585;0.283293;-0.566585;
0.018060;1.158314;0.567906;0.283953;-0.567906;
0.018070;1.160858;0.569221;0.284610;-0.569221;
0.018080;1.163389;0.570530;0.285265;-0.570530;
0.018090;1.165910;0.571834;0.285917;-0.571834;
0.018100;1.168418;0.573132;0.286566;-0.573132;
0.018110;1.170916;0.574424;0.287212;-0.574424;
0.018120;1.173401;0.575711;0.287855;-0.575711;
0.018130;1.175876;0.576992;0.288496;-0.576992;
0.018140;1.178338;0.578267;0.289133;-0.578267;
0.018150;1.180789;0.579536;0.289768;-0.579536;
0.018160;1.183228;0.580800;0.290400;-0.580800;
0.018170;1.185656;0.582058;0.291029;-0.582058;
0.018180;1.188072;0.583311;0.291655;-0.583311;
0.018190;1.190476;0.584557;0.292279;-0.584557;
0.018200;1.192868;0.585798;0.292899;-0.585798;
0.018210;1.195249;0.587033;0.293517;-0.587033;
0.018220;1.197618;0.588263;0.294131;-0.588263;
0.018230;1.199975;0.589486;0.294743;-0.589486;
0.018240;1.202320;0.590704;0.295352;-0.590704;
0.018250;1.204653;0.591915;0.295958;-0.591915;
0.018260;1.206974;0.593121;0.296561;-0.593121;
0.018270;1.209284;0.594322;0.297161;-0.594322;
0.018280;1.211582;0.595516;0.297758;-0.595516;
0.018290;1.213867;0.596704;0.298352;-0.596704;
0.018300;1.216141;0.597887;0.298943;-0.597887;
0.018310;1.218402;0.599063;0.299532;-0.599063;
0.018320;1.220652;0.600234;0.300117;-0.600234;
0.018330;1.222889;0.601399;0.300699;-0.601399;
0.018340;1.225115;0.602558;0.301279;-0.602558;
0.018350;1.227328;0.603710;0.301855;-0.603710;
0.018360;1.229530;0.604857;0.302429;-0.604857;
0.018370;1.231719;0.605998;0.302999;-0.605998;
0.018380;1.233896;0.607133;0.303567;-0.607133;
0.018390;1.236060;0.608262;0.304131;-0.608262;
0.018400;1.238213;0.609385;0.304693;-0.609385;
0.018410;1.240353;0.610502;0.305251;-0.610502;
0.018420;1.242482;0.611613;0.305806;-0.611613;
0.018430;1.244597;0.612718;0.306359;-0.612718;
0.018440;1.246701;0.613817;0.306908;-0.613817;
0.018450;1.248792;0.614910;0.307455;-0.614910;
0.018460;1.250871;0.615996;0.307998;-0.615996;
0.018470;1.252938;0.617077;0.308538;-0.617077;
0.018480;1.254992;0.618151;0.309076;-0.618151;
0.018490;1.257034;0.619220;0.309610;-0.619220;
0.018500;1.259063;0.620282;0.310141;-0.620282;
0.018510;1.261080;0.621338;0.310669;-0.621338;
0.018520;1.263085;0.622388;0.311194;-0.622388;
0.018530;1.265077;0.623432;0.311716;-0.623432;
0.018540;1.267057;0.624470;0.312235;-0.624470;
0.018550;1.269024;0.625502;0.312751;-0.625502;
0.018560;1.270979;0.626527;0.313264;-0.626527;
0.018570;1.272921;0.627547;0.313773;-0.627547;
0.018580;1.274850;0.628560;0.314280;-0.628560;
0.018590;1.276767;0.629566;0.314783;-0.629566;
0.018600;1.278671;0.630567;0.315284;-0.630567;
0.018610;1.280563;0.631562;0.315781;-0.631562;
0.018620;1.282442;0.632550;0.316275;-0.632550;
0.018630;1.284308;0.633532;0.316766;-0.633532;
0.018640;1.286162;0.634507;0.317254;-0.634507;
0.018650;1.288003;0.635477;0.317738;-0.635477;
0.018660;1.289831;0.636440;0.318220;-0.636440;
0.018670;1.291647;0.637397;0.318698;-0.637397;
0.018680;1.293450;0.638347;0.319174;-0.638347;
0.018690;1.295240;0.639292;0.319646;-0.639292;
0.018700;1.297017;0.640230;0.320115;-0.640230;
0.018710;1.298782;0.641161;0.320581;-0.641161;
0.018720;1.300533;0.642087;0.321043;-0.642087;
0.018730;1.302272;0.643006;0.321503;-0.643006;
0.018740;1.303998;0.643918;0.321959;-0.643918;
0.018750;1.305711;0.644825;0.322412;-0.644825;
0.018760;1.307411;0.645725;0.322862;-0.645725;
0.018770;1.309099;0.646618;0.323309;-0.646618;
0.018780;1.310773;0.647505;0.323753;-0.647505;
0.018790;1.312435;0.648386;0.324193;-0.648386;
0.018800;1.314083;0.649261;0.324630;-0.649261;
0.018810;1.315719;0.650128;0.325064;-0.650128;
0.018820;1.317341;0.650990;0.325495;-0.650990;
0.018830;1.318951;0.651845;0.325923;-0.651845;
0.018840;1.320547;0.652694;0.326347;-0.652694;
0.018850;1.322131;0.653536;0.326768;-0.653536;
0.018860;1.323701;0.654372;0.327186;-0.654372;
0.018870;1.325259;0.655201;0.327601;-0.655201;
0.018880;1.326803;0.656024;0.328012;-0.656024;
0.018890;1.328334;0.656841;0.328420;-0.656841;
0.018900;1.329852;0.657651;0.328825;-0.657651;
0.018910;1.331357;0.658454;0.329227;-0.658454;
0.018920;1.332849;0.659251;0.329625;-0.659251;
0.018930;1.334328;0.660041;0.330021;-0.660041;
0.018940;1.335793;0.660825;0.330413;-0.660825;
0.018950;1.337246;0.661603;0.330801;-0.661603;
0.018960;1.338685;0.662374;0.331187;-0.662374;
0.018970;1.340111;0.663138;0.331569;-0.663138;
0.018980;1.341523;0.663896;0.331948;-0.663896;
0.018990;1.342923;0.664647;0.332323;-0.664647;
0.019000;1.344309;0.665392;0.332696;-0.665392;
0.019010;1.345682;0.666130;0.333065;-0.666130;
0.019020;1.347041;0.666861;0.333431;-0.666861;
0.019030;1.348388;0.667586;0.333793;-0.667586;
0.019040;1.349721;0.668305;0.334152;-0.668305;
0.019050;1.351041;0.669016;0.334508;-0.669016;
0.019060;1.352347;0.669721;0.334861;-0.669721;
0.019070;1.353640;0.670420;0.335210;-0.670420;
0.019080;1.354920;0.671112;0.335556;-0.671112;
0.019090;1.356186;0.671797;0.335899;-0.671797;
0.019100;1.357439;0.672476;0.336238;-0.672476;
0.019110;1.358678;0.673148;0.336574;-0.673148;
0.019120;1.359905;0.673813;0.336907;-0.673813;
0.019130;1.361117;0.674472;0.337236;-0.674472;
0.019140;1.362317;0.675124;0.337562;-0.675124;
0.019150;1.363502;0.675770;0.337885;-0.675770;
0.019160;1.364675;0.676408;0.338204;-0.676408;
0.019170;1.365834;0.677041;0.338520;-0.677041;
0.019180;1.366979;0.677666;0.338833;-0.677666;
0.019190;1.368111;0.678285;0.339142;-0.678285;
0.019200;1.369229;0.678897;0.339448;-0.678897;
0.019210;1.370334;0.679502;0.339751;-0.679502;
0.019220;1.371426;0.680101;0.340050;-0.680101;
0.019230;1.372503;0.680692;0.340346;-0.680692;
0.019240;1.373568;0.681278;0.340639;-0.681278;
0.019250;1.374618;0.681856;0.340928;-0.681856;
0.019260;1.375656;0.682428;0.341214;-0.682428;
0.019270;1.376679;0.682993;0.341496;-0.682993;
0.019280;1.377689;0.683551;0.341776;-0.683551;
0.019290;1.378686;0.684103;0.342051;-0.684103;
0.019300;1.379668;0.684647;0.342324;-0.684647;
0.019310;1.380638;0.685185;0.342593;-0.685185;
0.019320;1.381593;0.685717;0.342858;-0.685717;
0.019330;1.382535;0.686241;0.343121;-0.686241;
0.019340;1.383463;0.686759;0.343379;-0.686759;
0.019350;1.384378;0.687270;0.343635;-0.687270;
0.019360;1.385279;0.687774;0.343887;-0.687774;
0.019370;1.386166;0.688271;0.344136;-0.688271;
0.019380;1.387040;0.688762;0.344381;-0.688762;
0.019390;1.387900;0.689245;0.344623;-0.689245;
0.019400;1.388746;0.689722;0.344861;-0.689722;
0.019410;1.389578;0.690193;0.345096;-0.690193;
0.019420;1.390397;0.690656;0.345328;-0.690656;
0.019430;1.391202;0.691112;0.345556;-0.691112;
0.019440;1.391994;0.691562;0.345781;-0.691562;
0.019450;1.392771;0.692005;0.346002;-0.692005;
0.019460;1.393535;0.692441;0.346221;-0.692441;
0.019470;1.394285;0.692870;0.346435;-0.692870;
0.019480;1.395022;0.693293;0.346646;-0.693293;
0.019490;1.395744;0.693708;0.346854;-0.693708;
0.019500;1.396453;0.694117;0.347058;-0.694117;
0.019510;1.397148;0.694519;0.347259;-0.694519;
0.019520;1.397829;0.694914;0.347457;-0.694914;
0.019530;1.398497;0.695302;0.347651;-0.695302;
0.019540;1.399150;0.695683;0.347841;-0.695683;
0.019550;1.399790;0.696057;0.348029;-0.696057;
0.019560;1.400416;0.696425;0.348212;-0.696425;
0.019570;1.401028;0.696786;0.348393;-0.696786;
0.019580;1.401627;0.697139;0.348570;-0.697139;
0.019590;1.402211;0.697486;0.348743;-0.697486;
0.019600;1.402782;0.697826;0.348913;-0.697826;
0.019610;1.403339;0.698159;0.349080;-0.698159;
0.019620;1.403882;0.698486;0.349243;-0.698486;
0.019630;1.404411;0.698805;0.349402;-0.698805;
0.019640;1.404926;0.699117;0.349559;-0.699117;
0.019650;1.405428;0.699423;0.349711;-0.699423;
0.019660;1.405915;0.699721;0.349861;-0.699721;
0.019670;1.406389;0.700013;0.350007;-0.700013;
0.019680;1.406849;0.700298;0.350149;-0.700298;
0.019690;1.407294;0.700576;0.350288;-0.700576;
0.019700;1.407726;0.700847;0.350423;-0.700847;
0.019710;1.408145;0.701111;0.350555;-0.701111;
0.019720;1.408549;0.701368;0.350684;-0.701368;
0.019730;1.408939;0.701618;0.350809;-0.701618;
0.019740;1.409315;0.701862;0.350931;-0.701862;
0.019750;1.409678;0.702098;0.351049;-0.702098;
0.019760;1.410027;0.702327;0.351164;-0.702327;
0.019770;1.410361;0.702550;0.351275;-0.702550;
0.019780;1.410682;0.702766;0.351383;-0.702766;
0.019790;1.410989;0.702974;0.351487;-0.702974;
0.019800;1.411282;0.703176;0.351588;-0.703176;
0.019810;1.411561;0.703371;0.351685;-0.703371;
0.019820;1.411826;0.703559;0.351779;-0.703559;
0.019830;1.412077;0.703739;0.351870;-0.703739;
0.019840;1.412314;0.703913;0.351957;-0.703913;
0.019850;1.412537;0.704080;0.352040;-0.704080;
0.019860;1.412747;0.704240;0.352120;-0.704240;
0.019870;1.412942;0.704394;0.352197;-0.704394;
0.019880;1.413123;0.704540;0.352270;-0.704540;
0.019890;1.413291;0.704679;0.352339;-0.704679;
0.019900;1.413444;0.704811;0.352406;-0.704811;
0.019910;1.413584;0.704936;0.352468;-0.704936;
0.019920;1.413709;0.705055;0.352527;-0.705055;
0.019930;1.413821;0.705166;0.352583;-0.705166;
0.019940;1.413919;0.705270;0.352635;-0.705270;
0.019950;1.414002;0.705368;0.352684;-0.705368;
0.019960;1.414072;0.705458;0.352729;-0.705458;
0.019970;1.414128;0.705542;0.352771;-0.705542;
0.019980;1.414170;0.705618;0.352809;-0.705618;
0.019990;1.414198;0.705688;0.352844;-0.705688;
0.020000;1.414212;0.705751;0.352875;-0.705751;
0.020010;1.414212;0.705806;0.352903;-0.705806;
0.020020;1.414198;0.705855;0.352927;-0.705855;
0.020030;1.414170;0.705897;0.352948;-0.705897;
0.020040;1.414128;0.705931;0.352966;-0.705931;
0.020050;1.414072;0.705959;0.352980;-0.705959;
0.020060;1.414002;0.705980;0.352990;-0.705980;
0.020070;1.413919;0.705994;0.352997;-0.705994;
0.020080;1.413821;0.706001;0.353000;-0.706001;
0.020090;1.413709;0.706001;0.353000;-0.706001;
0.020100;1.413584;0.705994;0.352997;-0.705994;
0.020110;1.413444;0.705980;0.352990;-0.705980;
0.020120;1.413291;0.705959;0.352979;-0.705959;
0.020130;1.413123;0.705931;0.352965;-0.705931;
0.020140;1.412942;0.705896;0.352948;-0.705896;
0.020150;1.412747;0.705854;0.352927;-0.705854;
0.020160;1.412537;0.705805;0.352903;-0.705805;
0.020170;1.412314;0.705749;0.352875;-0.705749;
0.020180;1.412077;0.705686;0.352843;-0.705686;
0.020190;1.411826;0.705617;0.352808;-0.705617;
0.020200;1.411561;0.705540;0.352770;-0.705540;
0.020210;1.411282;0.705456;0.352728;-0.705456;
0.020220;1.410989;0.705366;0.352683;-0.705366;
0.020230;1.410682;0.705268;0.352634;-0.705268;
0.020240;1.410361;0.705163;0.352582;-0.705163;
0.020250;1.410027;0.705052;0.352526;-0.705052;
0.020260;1.409678;0.704933;0.352467;-0.704933;
0.020270;1.409315;0.704808;0.352404;-0.704808;
0.020280;1.408939;0.704676;0.352338;-0.704676;
0.020290;1.408549;0.704536;0.352268;-0.704536;
0.020300;1.408145;0.704390;0.352195;-0.704390;
0.020310;1.407726;0.704237;0.352118;-0.704237;
0.020320;1.407294;0.704077;0.352038;-0.704077;
0.020330;1.406849;0.703909;0.351955;-0.703909;
0.020340;1.406389;0.703735;0.351868;-0.703735;
0.020350;1.405915;0.703554;0.351777;-0.703554;
0.020360;1.405428;0.703366;0.351683;-0.703366;
0.020370;1.404926;0.703171;0.351586;-0.703171;
0.020380;1.404411;0.702969;0.351485;-0.702969;
0.020390;1.403882;0.702761;0.351380;-0.702761;
0.020400;1.403339;0.702545;0.351272;-0.702545;
0.020410;1.402782;0.702322;0.351161;-0.702322;
0.020420;1.402211;0.702093;0.351046;-0.702093;
0.020430;1.401627;0.701856;0.350928;-0.701856;
0.020440;1.401028;0.701613;0.350806;-0.701613;
0.020450;1.400416;0.701362;0.350681;-0.701362;
0.020460;1.399790;0.701105;0.350552;-0.701105;
0.020470;1.399150;0.700841;0.350420;-0.700841;
0.020480;1.398497;0.700570;0.350285;-0.700570;
0.020490;1.397829;0.700291;0.350146;-0.700291;
0.020500;1.397148;0.700006;0.350003;-0.700006;
0.020510;1.396453;0.699715;0.349857;-0.699715;
0.020520;1.395744;0.699416;0.349708;-0.699416;
0.020530;1.395022;0.699110;0.349555;-0.699110;
0.020540;1.394285;0.698798;0.349399;-0.698798;
0.020550;1.393535;0.698478;0.349239;-0.698478;
0.020560;1.392771;0.698152;0.349076;-0.698152;
0.020570;1.391994;0.697818;0.348909;-0.697818;
0.020580;1.391202;0.697478;0.348739;-0.697478;
0.020590;1.390397;0.697131;0.348566;-0.697131;
0.020600;1.389578;0.696777;0.348389;-0.696777;
0.020610;1.388746;0.696416;0.348208;-0.696416;
0.020620;1.387900;0.696049;0.348024;-0.696049;
0.020630;1.387040;0.695674;0.347837;-0.695674;
0.020640;1.386166;0.695293;0.347646;-0.695293;
0.020650;1.385279;0.694904;0.347452;-0.694904;
0.020660;1.384378;0.694509;0.347255;-0.694509;
0.020670;1.383463;0.694107;0.347054;-0.694107;
0.020680;1.382535;0.693699;0.346849;-0.693699;
0.020690;1.381593;0.693283;0.346641;-0.693283;
0.020700;1.380638;0.692860;0.346430;-0.692860;
0.020710;1.379668;0.692431;0.346215;-0.692431;
0.020720;1.378686;0.691995;0.345997;-0.691995;
0.020730;1.377689;0.691552;0.345776;-0.691552;
0.020740;1.376679;0.691102;0.345551;-0.691102;
0.020750;1.375656;0.690645;0.345323;-0.690645;
0.020760;1.374618;0.690182;0.345091;-0.690182;
0.020770;1.373568;0.689711;0.344856;-0.689711;
0.020780;1.372503;0.689234;0.344617;-0.689234;
0.020790;1.371426;0.688750;0.344375;-0.688750;
0.020800;1.370334;0.688260;0.344130;-0.688260;
0.020810;1.369229;0.687762;0.343881;-0.687762;
0.020820;1.368111;0.687258;0.343629;-0.687258;
0.020830;1.366979;0.686747;0.343373;-0.686747;
0.020840;1.365834;0.686229;0.343114;-0.686229;
0.020850;1.364675;0.685704;0.342852;-0.685704;
0.020860;1.363502;0.685173;0.342586;-0.685173;
0.020870;1.362317;0.684635;0.342317;-0.684635;
0.020880;1.361117;0.684090;0.342045;-0.684090;
0.020890;1.359905;0.683538;0.341769;-0.683538;
0.020900;1.358678;0.682980;0.341490;-0.682980;
0.020910;1.357439;0.682415;0.341207;-0.682415;
0.020920;1.356186;0.681843;0.340921;-0.681843;
0.020930;1.354920;0.681264;0.340632;-0.681264;
0.020940;1.353640;0.680679;0.340339;-0.680679;
0.020950;1.352347;0.680087;0.340043;-0.680087;
0.020960;1.351041;0.679488;0.339744;-0.679488;
0.020970;1.349721;0.678882;0.339441;-0.678882;
0.020980;1.348388;0.678270;0.339135;-0.678270;
0.020990;1.347041;0.677651;0.338826;-0.677651;
0.021000;1.345682;0.677026;0.338513;-0.677026;
0.021010;1.344309;0.676394;0.338197;-0.676394;
0.021020;1.342923;0.675755;0.337877;-0.675755;
0.021030;1.341523;0.675109;0.337555;-0.675109;
0.021040;1.340111;0.674457;0.337228;-0.674457;
0.021050;1.338685;0.673798;0.336899;-0.673798;
0.021060;1.337246;0.673132;0.336566;-0.673132;
0.021070;1.335793;0.672460;0.336230;-0.672460;
0.021080;1.334328;0.671781;0.335891;-0.671781;
0.021090;1.332849;0.671096;0.335548;-0.671096;
0.021100;1.331357;0.670404;0.335202;-0.670404;
0.021110;1.329852;0.669705;0.334853;-0.669705;
0.021120;1.328334;0.669000;0.334500;-0.669000;
0.021130;1.326803;0.668288;0.334144;-0.668288;
0.021140;1.325259;0.667569;0.333785;-0.667569;
0.021150;1.323701;0.666844;0.333422;-0.666844;
0.021160;1.322131;0.666113;0.333056;-0.666113;
0.021170;1.320547;0.665374;0.332687;-0.665374;
0.021180;1.318951;0.664629;0.332315;-0.664629;
0.021190;1.317341;0.663878;0.331939;-0.663878;
0.021200;1.315719;0.663120;0.331560;-0.663120;
0.021210;1.314083;0.662356;0.331178;-0.662356;
0.021220;1.312435;0.661585;0.330792;-0.661585;
0.021230;1.310773;0.660807;0.330404;-0.660807;
0.021240;1.309099;0.660023;0.330012;-0.660023;
0.021250;1.307411;0.659232;0.329616;-0.659232;
0.021260;1.305711;0.658435;0.329218;-0.658435;
0.021270;1.303998;0.657632;0.328816;-0.657632;
0.021280;1.302272;0.656822;0.328411;-0.656822;
0.021290;1.300533;0.656005;0.328003;-0.656005;
0.021300;1.298782;0.655182;0.327591;-0.655182;
0.021310;1.297017;0.654353;0.327176;-0.654353;
0.021320;1.295240;0.653517;0.326758;-0.653517;
0.021330;1.293450;0.652674;0.326337;-0.652674;
0.021340;1.291647;0.651825;0.325913;-0.651825;
0.021350;1.289831;0.650970;0.325485;-0.650970;
0.021360;1.288003;0.650108;0.325054;-0.650108;
0.021370;1.286162;0.649240;0.324620;-0.649240;
0.021380;1.284308;0.648366;0.324183;-0.648366;
0.021390;1.282442;0.647485;0.323742;-0.647485;
0.021400;1.280563;0.646597;0.323299;-0.646597;
0.021410;1.278671;0.645704;0.322852;-0.645704;
0.021420;1.276767;0.644804;0.322402;-0.644804;
0.021430;1.274850;0.643897;0.321949;-0.643897;
0.021440;1.272921;0.642984;0.321492;-0.642984;
0.021450;1.270979;0.642065;0.321033;-0.642065;
0.021460;1.269024;0.641140;0.320570;-0.641140;
0.021470;1.267057;0.640208;0.320104;-0.640208;
0.021480;1.265077;0.639270;0.319635;-0.639270;
0.021490;1.263085;0.638325;0.319163;-0.638325;
0.021500;1.261080;0.637375;0.318687;-0.637375;
0.021510;1.259063;0.636418;0.318209;-0.636418;
0.021520;1.257034;0.635454;0.317727;-0.635454;
0.021530;1.254992;0.634485;0.317242;-0.634485;
0.021540;1.252938;0.633509;0.316754;-0.633509;
0.021550;1.250871;0.632527;0.316263;-0.632527;
0.021560;1.248792;0.631538;0.315769;-0.631538;
0.021570;1.246701;0.630544;0.315272;-0.630544;
0.021580;1.244597;0.629543;0.314772;-0.629543;
0.021590;1.242482;0.628536;0.314268;-0.628536;
0.021600;1.240353;0.627523;0.313761;-0.627523;
0.021610;1.238213;0.626503;0.313252;-0.626503;
0.021620;1.236060;0.625478;0.312739;-0.625478;
0.021630;1.233896;0.624446;0.312223;-0.624446;
0.021640;1.231719;0.623408;0.311704;-0.623408;
0.021650;1.229530;0.622364;0.311182;-0.622364;
0.021660;1.227328;0.621314;0.310657;-0.621314;
0.021670;1.225115;0.620257;0.310129;-0.620257;
0.021680;1.222889;0.619195;0.309598;-0.619195;
0.021690;1.220652;0.618126;0.309063;-0.618126;
0.021700;1.218402;0.617052;0.308526;-0.617052;
0.021710;1.216141;0.615971;0.307985;-0.615971;
0.021720;1.213867;0.614884;0.307442;-0.614884;
0.021730;1.211582;0.613791;0.306896;-0.613791;
0.021740;1.209284;0.612692;0.306346;-0.612692;
0.021750;1.206974;0.611587;0.305794;-0.611587;
0.021760;1.204653;0.610476;0.305238;-0.610476;
0.021770;1.202320;0.609359;0.304680;-0.609359;
0.021780;1.199975;0.608236;0.304118;-0.608236;
0.021790;1.197618;0.607107;0.303553;-0.607107;
0.021800;1.195249;0.605972;0.302986;-0.605972;
0.021810;1.192868;0.604831;0.302415;-0.604831;
0.021820;1.190476;0.603684;0.301842;-0.603684;
0.021830;1.188072;0.602531;0.301265;-0.602531;
0.021840;1.185656;0.601372;0.300686;-0.601372;
0.021850;1.183228;0.600207;0.300103;-0.600207;
0.021860;1.180789;0.599036;0.299518;-0.599036;
0.021870;1.178338;0.597859;0.298930;-0.597859;
0.021880;1.175876;0.596677;0.298338;-0.596677;
0.021890;1.173401;0.595488;0.297744;-0.595488;
0.021900;1.170916;0.594294;0.297147;-0.594294;
0.021910;1.168418;0.593093;0.296547;-0.593093;
0.021920;1.165910;0.591887;0.295944;-0.591887;
0.021930;1.163389;0.590675;0.295338;-0.590675;
0.021940;1.160858;0.589458;0.294729;-0.589458;
0.021950;1.158314;0.588234;0.294117;-0.588234;
0.021960;1.155760;0.587005;0.293502;-0.587005;
0.021970;1.153194;0.585769;0.292885;-0.585769;
0.021980;1.150616;0.584528;0.292264;-0.584528;
0.021990;1.148027;0.583282;0.291641;-0.583282;
0.022000;1.145427;0.582029;0.291015;-0.582029;
0.022010;1.142816;0.580771;0.290385;-0.580771;
0.022020;1.140193;0.579507;0.289753;-0.579507;
0.022030;1.137559;0.578237;0.289119;-0.578237;
0.022040;1.134914;0.576962;0.288481;-0.576962;
0.022050;1.132257;0.575681;0.287840;-0.575681;
0.022060;1.129590;0.574394;0.287197;-0.574394;
0.022070;1.126911;0.573101;0.286551;-0.573101;
0.022080;1.124221;0.571803;0.285902;-0.571803;
0.022090;1.121520;0.570500;0.285250;-0.570500;
0.022100;1.118808;0.569190;0.284595;-0.569190;
0.022110;1.116085;0.567875;0.283938;-0.567875;
0.022120;1.113351;0.566555;0.283277;-0.566555;
0.022130;1.110606;0.565228;0.282614;-0.565228;
0.022140;1.107850;0.563897;0.281948;-0.563897;
0.022150;1.105083;0.562559;0.281280;-0.562559;
0.022160;1.102305;0.561216;0.280608;-0.561216;
0.022170;1.099516;0.559868;0.279934;-0.559868;
0.022180;1.096717;0.558514;0.279257;-0.558514;
0.022190;1.093906;0.557154;0.278577;-0.557154;
0.022200;1.091085;0.555789;0.277895;-0.555789;
0.022210;1.088253;0.554419;0.277210;-0.554419;
0.022220;1.085410;0.553043;0.276522;-0.553043;
0.022230;1.082557;0.551662;0.275831;-0.551662;
0.022240;1.079693;0.550275;0.275137;-0.550275;
0.022250;1.076818;0.548883;0.274441;-0.548883;
0.022260;1.073932;0.547485;0.273742;-0.547485;
0.022270;1.071036;0.546082;0.273041;-0.546082;
0.022280;1.068130;0.544673;0.272337;-0.544673;
0.022290;1.065213;0.543260;0.271630;-0.543260;
0.022300;1.062285;0.541840;0.270920;-0.541840;
0.022310;1.059347;0.540416;0.270208;-0.540416;
0.022320;1.056398;0.538986;0.269493;-0.538986;
0.022330;1.053439;0.537551;0.268775;-0.537551;
0.022340;1.050470;0.536110;0.268055;-0.536110;
0.022350;1.047490;0.534664;0.267332;-0.534664;
0.022360;1.044500;0.533213;0.266607;-0.533213;
0.022370;1.041500;0.531757;0.265878;-0.531757;
0.022380;1.038489;0.530295;0.265148;-0.530295;
0.022390;1.035468;0.528828;0.264414;-0.528828;
0.022400;1.032437;0.527356;0.263678;-0.527356;
0.022410;1.029395;0.525879;0.262940;-0.525879;
0.022420;1.026344;0.524397;0.262198;-0.524397;
0.022430;1.023282;0.522909;0.261455;-0.522909;
0.022440;1.020210;0.521416;0.260708;-0.521416;
0.022450;1.017129;0.519918;0.259959;-0.519918;
0.022460;1.014037;0.518415;0.259208;-0.518415;
0.022470;1.010935;0.516907;0.258454;-0.516907;
0.022480;1.007823;0.515394;0.257697;-0.515394;
0.022490;1.004701;0.513876;0.256938;-0.513876;
0.022500;1.001570;0.512352;0.256176;-0.512352;
0.022510;0.998428;0.510824;0.255412;-0.510824;
0.022520;0.995277;0.509290;0.254645;-0.509290;
0.022530;0.992115;0.507751;0.253876;-0.507751;
0.022540;0.988944;0.506208;0.253104;-0.506208;
0.022550;0.985763;0.504659;0.252330;-0.504659;
0.022560;0.982573;0.503106;0.251553;-0.503106;
0.022570;0.979373;0.501547;0.250774;-0.501547;
0.022580;0.976163;0.499984;0.249992;-0.499984;
0.022590;0.972943;0.498415;0.249208;-0.498415;
0.022600;0.969714;0.496842;0.248421;-0.496842;
0.022610;0.966475;0.495264;0.247632;-0.495264;
0.022620;0.963227;0.493681;0.246840;-0.493681;
0.022630;0.959969;0.492093;0.246046;-0.492093;
0.022640;0.956702;0.490500;0.245250;-0.490500;
0.022650;0.953425;0.488902;0.244451;-0.488902;
0.022660;0.950139;0.487300;0.243650;-0.487300;
0.022670;0.946844;0.485692;0.242846;-0.485692;
0.022680;0.943539;0.484080;0.242040;-0.484080;
0.022690;0.940225;0.482463;0.241232;-0.482463;
0.022700;0.936901;0.480842;0.240421;-0.480842;
0.022710;0.933569;0.479215;0.239608;-0.479215;
0.022720;0.930227;0.477584;0.238792;-0.477584;
0.022730;0.926876;0.475948;0.237974;-0.475948;
0.022740;0.923516;0.474308;0.237154;-0.474308;
0.022750;0.920146;0.472663;0.236331;-0.472663;
0.022760;0.916768;0.471013;0.235506;-0.471013;
0.022770;0.913380;0.469358;0.234679;-0.469358;
0.022780;0.909984;0.467699;0.233850;-0.467699;
0.022790;0.906579;0.466035;0.233018;-0.466035;
0.022800;0.903164;0.464367;0.232184;-0.464367;
0.022810;0.899741;0.462694;0.231347;-0.462694;
0.022820;0.896309;0.461017;0.230508;-0.461017;
0.022830;0.892868;0.459334;0.229667;-0.459334;
0.022840;0.889418;0.457648;0.228824;-0.457648;
0.022850;0.885959;0.455957;0.227978;-0.455957;
0.022860;0.882492;0.454261;0.227131;-0.454261;
0.022870;0.879016;0.452561;0.226280;-0.452561;
0.022880;0.875531;0.450856;0.225428;-0.450856;
0.022890;0.872038;0.449147;0.224574;-0.449147;
0.022900;0.868536;0.447434;0.223717;-0.447434;
0.022910;0.865025;0.445716;0.222858;-0.445716;
0.022920;0.861506;0.443994;0.221997;-0.443994;
0.022930;0.857978;0.442267;0.221134;-0.442267;
0.022940;0.854442;0.440536;0.220268;-0.440536;
0.022950;0.850898;0.438801;0.219400;-0.438801;
0.022960;0.847345;0.437061;0.218531;-0.437061;
0.022970;0.843784;0.435317;0.217659;-0.435317;
0.022980;0.840214;0.433569;0.216784;-0.433569;
0.022990;0.836636;0.431816;0.215908;-0.431816;
0.023000;0.833050;0.430059;0.215030;-0.430059;
0.023010;0.829456;0.428298;0.214149;-0.428298;
0.023020;0.825853;0.426533;0.213266;-0.426533;
0.023030;0.822242;0.424763;0.212382;-0.424763;
0.023040;0.818624;0.422990;0.211495;-0.422990;
0.023050;0.814997;0.421212;0.210606;-0.421212;
0.023060;0.811362;0.419430;0.209715;-0.419430;
0.023070;0.807719;0.417643;0.208822;-0.417643;
0.023080;0.804068;0.415853;0.207927;-0.415853;
0.023090;0.800409;0.414059;0.207029;-0.414059;
0.023100;0.796742;0.412260;0.206130;-0.412260;
0.023110;0.793068;0.410458;0.205229;-0.410458;
0.023120;0.789385;0.408651;0.204325;-0.408651;
0.023130;0.785695;0.406840;0.203420;-0.406840;
0.023140;0.781997;0.405026;0.202513;-0.405026;
0.023150;0.778291;0.403207;0.201603;-0.403207;
0.023160;0.774578;0.401384;0.200692;-0.401384;
0.023170;0.770857;0.399558;0.199779;-0.399558;
0.023180;0.767128;0.397727;0.198864;-0.397727;
0.023190;0.763392;0.395893;0.197946;-0.395893;
0.023200;0.759648;0.394054;0.197027;-0.394054;
0.023210;0.755897;0.392212;0.196106;-0.392212;
0.023220;0.752138;0.390366;0.195183;-0.390366;
0.023230;0.748372;0.388516;0.194258;-0.388516;
0.023240;0.744599;0.386662;0.193331;-0.386662;
0.023250;0.740818;0.384804;0.192402;-0.384804;
0.023260;0.737030;0.382943;0.191471;-0.382943;
0.023270;0.733234;0.381078;0.190539;-0.381078;
0.023280;0.729431;0.379209;0.189604;-0.379209;
0.023290;0.725622;0.377336;0.188668;-0.377336;
0.023300;0.721804;0.375459;0.187730;-0.375459;
0.023310;0.717980;0.373579;0.186790;-0.373579;
0.023320;0.714149;0.371695;0.185848;-0.371695;
0.023330;0.710311;0.369808;0.184904;-0.369808;
0.023340;0.706465;0.367917;0.183958;-0.367917;
0.023350;0.702613;0.366022;0.183011;-0.366022;
0.023360;0.698754;0.364124;0.182062;-0.364124;
0.023370;0.694888;0.362222;0.181111;-0.362222;
0.023380;0.691015;0.360316;0.180158;-0.360316;
0.023390;0.687135;0.358407;0.179203;-0.358407;
0.023400;0.683248;0.356494;0.178247;-0.356494;
0.023410;0.679355;0.354578;0.177289;-0.354578;
0.023420;0.675455;0.352658;0.176329;-0.352658;
0.023430;0.671548;0.350735;0.175368;-0.350735;
0.023440;0.667635;0.348808;0.174404;-0.348808;
0.023450;0.663715;0.346878;0.173439;-0.346878;
0.023460;0.659789;0.344945;0.172472;-0.344945;
0.023470;0.655856;0.343008;0.171504;-0.343008;
0.023480;0.651916;0.341068;0.170534;-0.341068;
0.023490;0.647970;0.339124;0.169562;-0.339124;
0.023500;0.644018;0.337177;0.168588;-0.337177;
0.023510;0.640059;0.335227;0.167613;-0.335227;
0.023520;0.636094;0.333273;0.166636;-0.333273;
0.023530;0.632123;0.331316;0.165658;-0.331316;
0.023540;0.628146;0.329356;0.164678;-0.329356;
0.023550;0.624162;0.327392;0.163696;-0.327392;
0.023560;0.620172;0.325426;0.162713;-0.325426;
0.023570;0.616176;0.323456;0.161728;-0.323456;
0.023580;0.612174;0.321483;0.160741;-0.321483;
0.023590;0.608166;0.319506;0.159753;-0.319506;
0.023600;0.604152;0.317527;0.158764;-0.317527;
0.023610;0.600132;0.315544;0.157772;-0.315544;
0.023620;0.596106;0.313559;0.156779;-0.313559;
0.023630;0.592074;0.311570;0.155785;-0.311570;
0.023640;0.588037;0.309578;0.154789;-0.309578;
0.023650;0.583993;0.307583;0.153792;-0.307583;
0.023660;0.579944;0.305585;0.152793;-0.305585;
0.023670;0.575889;0.303584;0.151792;-0.303584;
0.023680;0.571828;0.301581;0.150790;-0.301581;
0.023690;0.567762;0.299574;0.149787;-0.299574;
0.023700;0.563690;0.297564;0.148782;-0.297564;
0.023710;0.559613;0.295551;0.147775;-0.295551;
0.023720;0.555530;0.293535;0.146768;-0.293535;
0.023730;0.551441;0.291517;0.145758;-0.291517;
0.023740;0.547347;0.289495;0.144748;-0.289495;
0.023750;0.543248;0.287471;0.143735;-0.287471;
0.023760;0.539143;0.285444;0.142722;-0.285444;
0.023770;0.535033;0.283414;0.141707;-0.283414;
0.023780;0.530918;0.281381;0.140690;-0.281381;
0.023790;0.526797;0.279345;0.139673;-0.279345;
0.023800;0.522672;0.277307;0.138653;-0.277307;
0.023810;0.518541;0.275266;0.137633;-0.275266;
0.023820;0.514405;0.273222;0.136611;-0.273222;
0.023830;0.510264;0.271175;0.135588;-0.271175;
0.023840;0.506117;0.269126;0.134563;-0.269126;
0.023850;0.501966;0.267074;0.133537;-0.267074;
0.023860;0.497810;0.265020;0.132510;-0.265020;
0.023870;0.493649;0.262963;0.131481;-0.262963;
0.023880;0.489483;0.260903;0.130452;-0.260903;
0.023890;0.485313;0.258841;0.129421;-0.258841;
0.023900;0.481137;0.256776;0.128388;-0.256776;
0.023910;0.476957;0.254709;0.127354;-0.254709;
0.023920;0.472772;0.252639;0.126320;-0.252639;
0.023930;0.468583;0.250567;0.125283;-0.250567;
0.023940;0.464388;0.248492;0.124246;-0.248492;
0.023950;0.460190;0.246415;0.123207;-0.246415;
0.023960;0.455986;0.244335;0.122167;-0.244335;
0.023970;0.451778;0.242253;0.121126;-0.242253;
0.023980;0.447566;0.240168;0.120084;-0.240168;
0.023990;0.443349;0.238081;0.119041;-0.238081;
0.024000;0.439128;0.235992;0.117996;-0.235992;
0.024010;0.434903;0.233901;0.116950;-0.233901;
0.024020;0.430673;0.231807;0.115903;-0.231807;
0.024030;0.426439;0.229711;0.114855;-0.229711;
0.024040;0.422201;0.227612;0.113806;-0.227612;
0.024050;0.417959;0.225512;0.112756;-0.225512;
0.024060;0.413712;0.223409;0.111704;-0.223409;
0.024070;0.409462;0.221304;0.110652;-0.221304;
0.024080;0.405207;0.219196;0.109598;-0.219196;
0.024090;0.400948;0.217087;0.108543;-0.217087;
0.024100;0.396686;0.214975;0.107488;-0.214975;
0.024110;0.392419;0.212862;0.106431;-0.212862;
0.024120;0.388149;0.210746;0.105373;-0.210746;
0.024130;0.383875;0.208628;0.104314;-0.208628;
0.024140;0.379597;0.206508;0.103254;-0.206508;
0.024150;0.375315;0.204386;0.102193;-0.204386;
0.024160;0.371030;0.202262;0.101131;-0.202262;
0.024170;0.366741;0.200136;0.100068;-0.200136;
0.024180;0.362448;0.198008;0.099004;-0.198008;
0.024190;0.358152;0.195878;0.097939;-0.195878;
0.024200;0.353852;0.193746;0.096873;-0.193746;
0.024210;0.349549;0.191613;0.095806;-0.191613;
0.024220;0.345242;0.189477;0.094738;-0.189477;
0.024230;0.340932;0.187339;0.093670;-0.187339;
0.024240;0.336618;0.185200;0.092600;-0.185200;
0.024250;0.332301;0.183059;0.091529;-0.183059;
0.024260;0.327981;0.180916;0.090458;-0.180916;
0.024270;0.323658;0.178771;0.089385;-0.178771;
0.024280;0.319331;0.176624;0.088312;-0.176624;
0.024290;0.315002;0.174476;0.087238;-0.174476;
0.024300;0.310669;0.172326;0.086163;-0.172326;
0.024310;0.306333;0.170174;0.085087;-0.170174;
0.024320;0.301994;0.168021;0.084010;-0.168021;
0.024330;0.297652;0.165866;0.082933;-0.165866;
0.024340;0.293307;0.163709;0.081855;-0.163709;
0.024350;0.288959;0.161551;0.080775;-0.161551;
0.024360;0.284609;0.159391;0.079695;-0.159391;
0.024370;0.280256;0.157229;0.078615;-0.157229;
0.024380;0.275899;0.155066;0.077533;-0.155066;
0.024390;0.271541;0.152902;0.076451;-0.152902;
0.024400;0.267179;0.150736;0.075368;-0.150736;
0.024410;0.262815;0.148568;0.074284;-0.148568;
0.024420;0.258448;0.146399;0.073200;-0.146399;
0.024430;0.254079;0.144229;0.072114;-0.144229;
0.024440;0.249707;0.142057;0.071028;-0.142057;
0.024450;0.245333;0.139883;0.069942;-0.139883;
0.024460;0.240956;0.137709;0.068854;-0.137709;
0.024470;0.236577;0.135533;0.067766;-0.135533;
0.024480;0.232195;0.133355;0.066678;-0.133355;
0.024490;0.227812;0.131177;0.065588;-0.131177;
0.024500;0.223426;0.128997;0.064498;-0.128997;
0.024510;0.219037;0.126815;0.063408;-0.126815;
0.024520;0.214647;0.124633;0.062316;-0.124633;
0.024530;0.210255;0.122449;0.061225;-0.122449;
0.024540;0.205860;0.120264;0.060132;-0.120264;
0.024550;0.201463;0.118078;0.059039;-0.118078;
0.024560;0.197065;0.115891;0.057945;-0.115891;
0.024570;0.192664;0.113702;0.056851;-0.113702;
0.024580;0.188262;0.111513;0.055756;-0.111513;
0.024590;0.183858;0.109322;0.054661;-0.109322;
0.024600;0.179452;0.107130;0.053565;-0.107130;
0.024610;0.175044;0.104937;0.052469;-0.104937;
0.024620;0.170634;0.102744;0.051372;-0.102744;
0.024630;0.166223;0.100549;0.050274;-0.100549;
0.024640;0.161810;0.098353;0.049176;-0.098353;
0.024650;0.157396;0.096156;0.048078;-0.096156;
0.024660;0.152980;0.093958;0.046979;-0.093958;
0.024670;0.148562;0.091760;0.045880;-0.091760;
0.024680;0.144143;0.089560;0.044780;-0.089560;
0.024690;0.139722;0.087359;0.043680;-0.087359;
0.024700;0.135301;0.085158;0.042579;-0.085158;
0.024710;0.130878;0.082956;0.041478;-0.082956;
0.024720;0.126453;0.080753;0.040376;-0.080753;
0.024730;0.122027;0.078549;0.039275;-0.078549;
0.024740;0.117600;0.076345;0.038172;-0.076345;
0.024750;0.113172;0.074139;0.037070;-0.074139;
0.024760;0.108743;0.071933;0.035967;-0.071933;
0.024770;0.104313;0.069726;0.034863;-0.069726;
0.024780;0.099882;0.067519;0.033759;-0.067519;
0.024790;0.095449;0.065311;0.032655;-0.065311;
0.024800;0.091016;0.063102;0.031551;-0.063102;
0.024810;0.086582;0.060893;0.030446;-0.060893;
0.024820;0.082147;0.058683;0.029341;-0.058683;
0.024830;0.077711;0.056472;0.028236;-0.056472;
0.024840;0.073275;0.054261;0.027130;-0.054261;
0.024850;0.068837;0.052049;0.026025;-0.052049;
0.024860;0.064400;0.049837;0.024918;-0.049837;
0.024870;0.059961;0.047624;0.023812;-0.047624;
0.024880;0.055522;0.045411;0.022706;-0.045411;
0.024890;0.051082;0.043198;0.021599;-0.043198;
0.024900;0.046642;0.040984;0.020492;-0.040984;
0.024910;0.042201;0.038769;0.019385;-0.038769;
0.024920;0.037760;0.036554;0.018277;-0.036554;
0.024930;0.033319;0.034339;0.017170;-0.034339;
0.024940;0.028877;0.032124;0.016062;-0.032124;
0.024950;0.024435;0.029908;0.014954;-0.029908;
0.024960;0.019992;0.027692;0.013846;-0.027692;
0.024970;0.015550;0.025475;0.012738;-0.025475;
0.024980;0.011107;0.023259;0.011629;-0.023259;
0.024990;0.006664;0.021042;0.010521;-0.021042;
0.025000;0.002221;0.018825;0.009412;-0.018825;
0.025010;-0.002221;0.016607;0.008304;-0.016607;
0.025020;-0.006664;0.014390;0.007195;-0.014390;
0.025030;-0.011107;0.012172;0.006086;-0.012172;
0.025040;-0.015550;0.009955;0.004977;-0.009955;
0.025050;-0.019992;0.007737;0.003868;-0.007737;
0.025060;-0.024435;0.005519;0.002760;-0.005519;
0.025070;-0.028877;0.003301;0.001651;-0.003301;
0.025080;-0.033319;0.001083;0.000542;-0.001083;
0.025090;-0.037760;-0.001135;-0.000567;0.001135;
0.025100;-0.042201;-0.003353;-0.001676;0.003353;
0.025110;-0.046642;-0.005571;-0.002785;0.005571;
0.025120;-0.051082;-0.007789;-0.003894;0.007789;
0.025130;-0.055522;-0.010006;-0.005003;0.010006;
0.025140;-0.059961;-0.012224;-0.006112;0.012224;
0.025150;-0.064400;-0.014442;-0.007221;0.014442;
0.025160;-0.068837;-0.016659;-0.008330;0.016659;
0.025170;-0.073275;-0.018876;-0.009438;0.018876;
0.025180;-0.077711;-0.021093;-0.010547;0.021093;
0.025190;-0.082147;-0.023310;-0.011655;0.023310;
0.025200;-0.086582;-0.025527;-0.012763;0.025527;
0.025210;-0.091016;-0.027743;-0.013872;0.027743;
0.025220;-0.095449;-0.029959;-0.014980;0.029959;
0.025230;-0.099882;-0.032175;-0.016088;0.032175;
0.025240;-0.104313;-0.034391;-0.017195;0.034391;
0.025250;-0.108743;-0.036606;-0.018303;0.036606;
0.025260;-0.113172;-0.038821;-0.019410;0.038821;
0.025270;-0.117600;-0.041035;-0.020518;0.041035;
0.025280;-0.122027;-0.043249;-0.021625;0.043249;
0.025290;-0.126453;-0.045463;-0.022731;0.045463;
0.025300;-0.130878;-0.047676;-0.023838;0.047676;
0.025310;-0.135301;-0.049889;-0.024944;0.049889;
0.025320;-0.139722;-0.052101;-0.026050;0.052101;
0.025330;-0.144143;-0.054312;-0.027156;0.054312;
0.025340;-0.148562;-0.056524;-0.028262;0.056524;
0.025350;-0.152980;-0.058734;-0.029367;0.058734;
0.025360;-0.157396;-0.060944;-0.030472;0.060944;
0.025370;-0.161810;-0.063153;-0.031577;0.063153;
0.025380;-0.166223;-0.065362;-0.032681;0.065362;
0.025390;-0.170634;-0.067570;-0.033785;0.067570;
0.025400;-0.175044;-0.069778;-0.034889;0.069778;
0.025410;-0.179452;-0.071985;-0.035992;0.071985;
0.025420;-0.183858;-0.074191;-0.037095;0.074191;
0.025430;-0.188262;-0.076396;-0.038198;0.076396;
0.025440;-0.192664;-0.078600;-0.039300;0.078600;
0.025450;-0.197065;-0.080804;-0.040402;0.080804;
0.025460;-0.201463;-0.083007;-0.041504;0.083007;
0.025470;-0.205860;-0.085209;-0.042605;0.085209;
0.025480;-0.210255;-0.087411;-0.043705;0.087411;
0.025490;-0.214647;-0.089611;-0.044806;0.089611;
0.025500;-0.219037;-0.091811;-0.045905;0.091811;
0.025510;-0.223426;-0.094010;-0.047005;0.094010;
0.025520;-0.227812;-0.096207;-0.048104;0.096207;
0.025530;-0.232195;-0.098404;-0.049202;0.098404;
0.025540;-0.236577;-0.100600;-0.050300;0.100600;
0.025550;-0.240956;-0.102795;-0.051397;0.102795;
0.025560;-0.245333;-0.104989;-0.052494;0.104989;
0.025570;-0.249707;-0.107181;-0.053591;0.107181;
0.025580;-0.254079;-0.109373;-0.054687;0.109373;
0.025590;-0.258448;-0.111564;-0.055782;0.111564;
0.025600;-0.262815;-0.113753;-0.056877;0.113753;
0.025610;-0.267179;-0.115942;-0.057971;0.115942;
0.025620;-0.271541;-0.118129;-0.059064;0.118129;
0.025630;-0.275899;-0.120315;-0.060158;0.120315;
0.025640;-0.280256;-0.122500;-0.061250;0.122500;
0.025650;-0.284609;-0.124684;-0.062342;0.124684;
0.025660;-0.288959;-0.126866;-0.063433;0.126866;
0.025670;-0.293307;-0.129047;-0.064524;0.129047;
0.025680;-0.297652;-0.131227;-0.065614;0.131227;
0.025690;-0.301994;-0.133406;-0.066703;0.133406;
0.025700;-0.306333;-0.135583;-0.067792;0.135583;
0.025710;-0.310669;-0.137759;-0.068880;0.137759;
0.025720;-0.315002;-0.139934;-0.069967;0.139934;
0.025730;-0.319331;-0.142107;-0.071054;0.142107;
0.025740;-0.323658;-0.144279;-0.072140;0.144279;
0.025750;-0.327981;-0.146450;-0.073225;0.146450;
0.025760;-0.332301;-0.148619;-0.074309;0.148619;
0.025770;-0.336618;-0.150786;-0.075393;0.150786;
0.025780;-0.340932;-0.152952;-0.076476;0.152952;
0.025790;-0.345242;-0.155117;-0.077558;0.155117;
0.025800;-0.349549;-0.157280;-0.078640;0.157280;
0.025810;-0.353852;-0.159441;-0.079721;0.159441;
0.025820;-0.358152;-0.161601;-0.080801;0.161601;
0.025830;-0.362448;-0.163759;-0.081880;0.163759;
0.025840;-0.366741;-0.165916;-0.082958;0.165916;
0.025850;-0.371030;-0.168071;-0.084036;0.168071;
0.025860;-0.375315;-0.170224;-0.085112;0.170224;
0.025870;-0.379597;-0.172376;-0.086188;0.172376;
0.025880;-0.383875;-0.174526;-0.087263;0.174526;
0.025890;-0.388149;-0.176674;-0.088337;0.176674;
0.025900;-0.392419;-0.178821;-0.089410;0.178821;
0.025910;-0.396686;-0.180966;-0.090483;0.180966;
0.025920;-0.400948;-0.183109;-0.091554;0.183109;
0.025930;-0.405207;-0.185250;-0.092625;0.185250;
0.025940;-0.409462;-0.187389;-0.093695;0.187389;
0.025950;-0.413712;-0.189527;-0.094763;0.189527;
0.025960;-0.417959;-0.191662;-0.095831;0.191662;
0.025970;-0.422201;-0.193796;-0.096898;0.193796;
0.025980;-0.426439;-0.195928;-0.097964;0.195928;
0.025990;-0.430673;-0.198058;-0.099029;0.198058;
0.026000;-0.434903;-0.200186;-0.100093;0.200186;
0.026010;-0.439128;-0.202312;-0.101156;0.202312;
0.026020;-0.443349;-0.204436;-0.102218;0.204436;
0.026030;-0.447566;-0.206557;-0.103279;0.206557;
0.026040;-0.451778;-0.208677;-0.104339;0.208677;
0.026050;-0.455986;-0.210795;-0.105398;0.210795;
0.026060;-0.460190;-0.212911;-0.106455;0.212911;
0.026070;-0.464388;-0.215025;-0.107512;0.215025;
0.026080;-0.468583;-0.217136;-0.108568;0.217136;
0.026090;-0.472772;-0.219246;-0.109623;0.219246;
0.026100;-0.476957;-0.221353;-0.110676;0.221353;
0.026110;-0.481137;-0.223458;-0.111729;0.223458;
0.026120;-0.485313;-0.225561;-0.112780;0.225561;
0.026130;-0.489483;-0.227661;-0.113831;0.227661;
0.026140;-0.493649;-0.229760;-0.114880;0.229760;
0.026150;-0.497810;-0.231856;-0.115928;0.231856;
0.026160;-0.501966;-0.233949;-0.116975;0.233949;
0.026170;-0.506117;-0.236041;-0.118020;0.236041;
0.026180;-0.510264;-0.238130;-0.119065;0.238130;
0.026190;-0.514405;-0.240217;-0.120108;0.240217;
0.026200;-0.518541;-0.242301;-0.121151;0.242301;
0.026210;-0.522672;-0.244383;-0.122192;0.244383;
0.026220;-0.526797;-0.246463;-0.123232;0.246463;
0.026230;-0.530918;-0.248540;-0.124270;0.248540;
0.026240;-0.535033;-0.250615;-0.125308;0.250615;
0.026250;-0.539143;-0.252687;-0.126344;0.252687;
0.026260;-0.543248;-0.254757;-0.127379;0.254757;
0.026270;-0.547347;-0.256824;-0.128412;0.256824;
0.026280;-0.551441;-0.258889;-0.129445;0.258889;
0.026290;-0.555530;-0.260951;-0.130476;0.260951;
0.026300;-0.559613;-0.263011;-0.131505;0.263011;
0.026310;-0.563690;-0.265068;-0.132534;0.265068;
0.026320;-0.567762;-0.267122;-0.133561;0.267122;
0.026330;-0.571828;-0.269174;-0.134587;0.269174;
0.026340;-0.575889;-0.271223;-0.135612;0.271223;
0.026350;-0.579944;-0.273270;-0.136635;0.273270;
0.026360;-0.583993;-0.275313;-0.137657;0.275313;
0.026370;-0.588037;-0.277354;-0.138677;0.277354;
0.026380;-0.592074;-0.279393;-0.139696;0.279393;
0.026390;-0.596106;-0.281428;-0.140714;0.281428;
0.026400;-0.600132;-0.283461;-0.141730;0.283461;
0.026410;-0.604152;-0.285491;-0.142745;0.285491;
0.026420;-0.608166;-0.287518;-0.143759;0.287518;
0.026430;-0.612174;-0.289542;-0.144771;0.289542;
0.026440;-0.616176;-0.291564;-0.145782;0.291564;
0.026450;-0.620172;-0.293582;-0.146791;0.293582;
0.026460;-0.624162;-0.295598;-0.147799;0.295598;
0.026470;-0.628146;-0.297611;-0.148805;0.297611;
0.026480;-0.632123;-0.299620;-0.149810;0.299620;
0.026490;-0.636094;-0.301627;-0.150814;0.301627;
0.026500;-0.640059;-0.303631;-0.151816;0.303631;
0.026510;-0.644018;-0.305632;-0.152816;0.305632;
0.026520;-0.647970;-0.307630;-0.153815;0.307630;
0.026530;-0.651916;-0.309625;-0.154812;0.309625;
0.026540;-0.655856;-0.311616;-0.155808;0.311616;
0.026550;-0.659789;-0.313605;-0.156803;0.313605;
0.026560;-0.663715;-0.315591;-0.157795;0.315591;
0.026570;-0.667635;-0.317573;-0.158787;0.317573;
0.026580;-0.671548;-0.319553;-0.159776;0.319553;
0.026590;-0.675455;-0.321529;-0.160764;0.321529;
0.026600;-0.679355;-0.323502;-0.161751;0.323502;
0.026610;-0.683248;-0.325472;-0.162736;0.325472;
0.026620;-0.687135;-0.327438;-0.163719;0.327438;
0.026630;-0.691015;-0.329402;-0.164701;0.329402;
0.026640;-0.694888;-0.331362;-0.165681;0.331362;
0.026650;-0.698754;-0.333319;-0.166659;0.333319;
0.026660;-0.702613;-0.335272;-0.167636;0.335272;
0.026670;-0.706465;-0.337222;-0.168611;0.337222;
0.026680;-0.710311;-0.339169;-0.169585;0.339169;
0.026690;-0.714149;-0.341113;-0.170556;0.341113;
0.026700;-0.717980;-0.343053;-0.171527;0.343053;
0.026710;-0.721804;-0.344990;-0.172495;0.344990;
0.026720;-0.725622;-0.346923;-0.173462;0.346923;
0.026730;-0.729431;-0.348853;-0.174427;0.348853;
0.026740;-0.733234;-0.350780;-0.175390;0.350780;
0.026750;-0.737030;-0.352703;-0.176352;0.352703;
0.026760;-0.740818;-0.354623;-0.177311;0.354623;
0.026770;-0.744599;-0.356539;-0.178269;0.356539;
0.026780;-0.748372;-0.358451;-0.179226;0.358451;
0.026790;-0.752138;-0.360360;-0.180180;0.360360;
0.026800;-0.755897;-0.362266;-0.181133;0.362266;
0.026810;-0.759648;-0.364168;-0.182084;0.364168;
0.026820;-0.763392;-0.366066;-0.183033;0.366066;
0.026830;-0.767128;-0.367961;-0.183980;0.367961;
0.026840;-0.770857;-0.369852;-0.184926;0.369852;
0.026850;-0.774578;-0.371739;-0.185870;0.371739;
0.026860;-0.778291;-0.373623;-0.186812;0.373623;
0.026870;-0.781997;-0.375503;-0.187752;0.375503;
0.026880;-0.785695;-0.377380;-0.188690;0.377380;
0.026890;-0.789385;-0.379252;-0.189626;0.379252;
0.026900;-0.793068;-0.381121;-0.190561;0.381121;
0.026910;-0.796742;-0.382986;-0.191493;0.382986;
0.026920;-0.800409;-0.384848;-0.192424;0.384848;
0.026930;-0.804068;-0.386705;-0.193353;0.386705;
0.026940;-0.807719;-0.388559;-0.194280;0.388559;
0.026950;-0.811362;-0.390409;-0.195204;0.390409;
0.026960;-0.814997;-0.392255;-0.196127;0.392255;
0.026970;-0.818624;-0.394097;-0.197049;0.394097;
0.026980;-0.822242;-0.395935;-0.197968;0.395935;
0.026990;-0.825853;-0.397770;-0.198885;0.397770;
0.027000;-0.829456;-0.399600;-0.199800;0.399600;
0.027010;-0.833050;-0.401427;-0.200713;0.401427;
0.027020;-0.836636;-0.403249;-0.201625;0.403249;
0.027030;-0.840214;-0.405068;-0.202534;0.405068;
0.027040;-0.843784;-0.406883;-0.203441;0.406883;
0.027050;-0.847345;-0.408693;-0.204347;0.408693;
0.027060;-0.850898;-0.410500;-0.205250;0.410500;
0.027070;-0.854442;-0.412302;-0.206151;0.412302;
0.027080;-0.857978;-0.414101;-0.207050;0.414101;
0.027090;-0.861506;-0.415895;-0.207947;0.415895;
0.027100;-0.865025;-0.417685;-0.208843;0.417685;
0.027110;-0.868536;-0.419471;-0.209736;0.419471;
0.027120;-0.872038;-0.421253;-0.210627;0.421253;
0.027130;-0.875531;-0.423031;-0.211515;0.423031;
0.027140;-0.879016;-0.424805;-0.212402;0.424805;
0.027150;-0.882492;-0.426574;-0.213287;0.426574;
0.027160;-0.885959;-0.428339;-0.214170;0.428339;
0.027170;-0.889418;-0.430100;-0.215050;0.430100;
0.027180;-0.892868;-0.431857;-0.215929;0.431857;
0.027190;-0.896309;-0.433610;-0.216805;0.433610;
0.027200;-0.899741;-0.435358;-0.217679;0.435358;
0.027210;-0.903164;-0.437102;-0.218551;0.437102;
0.027220;-0.906579;-0.438841;-0.219421;0.438841;
0.027230;-0.909984;-0.440577;-0.220288;0.440577;
0.027240;-0.913380;-0.442307;-0.221154;0.442307;
0.027250;-0.916768;-0.444034;-0.222017;0.444034;
0.027260;-0.920146;-0.445756;-0.222878;0.445756;
0.027270;-0.923516;-0.447474;-0.223737;0.447474;
0.027280;-0.926876;-0.449187;-0.224594;0.449187;
0.027290;-0.930227;-0.450896;-0.225448;0.450896;
0.027300;-0.933569;-0.452601;-0.226300;0.452601;
0.027310;-0.936901;-0.454301;-0.227150;0.454301;
0.027320;-0.940225;-0.455996;-0.227998;0.455996;
0.027330;-0.943539;-0.457687;-0.228844;0.457687;
0.027340;-0.946844;-0.459374;-0.229687;0.459374;
0.027350;-0.950139;-0.461056;-0.230528;0.461056;
0.027360;-0.953425;-0.462733;-0.231367;0.462733;
0.027370;-0.956702;-0.464406;-0.232203;0.464406;
0.027380;-0.959969;-0.466074;-0.233037;0.466074;
0.027390;-0.963227;-0.467738;-0.233869;0.467738;
0.027400;-0.966475;-0.469397;-0.234698;0.469397;
0.027410;-0.969714;-0.471051;-0.235526;0.471051;
0.027420;-0.972943;-0.472701;-0.236351;0.472701;
0.027430;-0.976163;-0.474346;-0.237173;0.474346;
0.027440;-0.979373;-0.475987;-0.237993;0.475987;
0.027450;-0.982573;-0.477622;-0.238811;0.477622;
0.027460;-0.985763;-0.479253;-0.239627;0.479253;
0.027470;-0.988944;-0.480880;-0.240440;0.480880;
0.027480;-0.992115;-0.482501;-0.241251;0.482501;
0.027490;-0.995277;-0.484118;-0.242059;0.484118;
0.027500;-0.998428;-0.485730;-0.242865;0.485730;
0.027510;-1.001570;-0.487337;-0.243669;0.487337;
0.027520;-1.004701;-0.488940;-0.244470;0.488940;
0.027530;-1.007823;-0.490537;-0.245269;0.490537;
0.027540;-1.010935;-0.492130;-0.246065;0.492130;
0.027550;-1.014037;-0.493718;-0.246859;0.493718;
0.027560;-1.017129;-0.495301;-0.247650;0.495301;
0.027570;-1.020210;-0.496879;-0.248439;0.496879;
0.027580;-1.023282;-0.498452;-0.249226;0.498452;
0.027590;-1.026344;-0.500020;-0.250010;0.500020;
0.027600;-1.029395;-0.501584;-0.250792;0.501584;
0.027610;-1.032437;-0.503142;-0.251571;0.503142;
0.027620;-1.035468;-0.504696;-0.252348;0.504696;
0.027630;-1.038489;-0.506244;-0.253122;0.506244;
0.027640;-1.041500;-0.507787;-0.253894;0.507787;
0.027650;-1.044500;-0.509326;-0.254663;0.509326;
0.027660;-1.047490;-0.510859;-0.255430;0.510859;
0.027670;-1.050470;-0.512388;-0.256194;0.512388;
0.027680;-1.053439;-0.513911;-0.256955;0.513911;
0.027690;-1.056398;-0.515429;-0.257715;0.515429;
0.027700;-1.059347;-0.516942;-0.258471;0.516942;
0.027710;-1.062285;-0.518450;-0.259225;0.518450;
0.027720;-1.065213;-0.519953;-0.259977;0.519953;
0.027730;-1.068130;-0.521451;-0.260726;0.521451;
0.027740;-1.071036;-0.522944;-0.261472;0.522944;
0.027750;-1.073932;-0.524431;-0.262216;0.524431;
0.027760;-1.076818;-0.525914;-0.262957;0.525914;
0.027770;-1.079693;-0.527391;-0.263695;0.527391;
0.027780;-1.082557;-0.528863;-0.264431;0.528863;
0.027790;-1.085410;-0.530329;-0.265165;0.530329;
0.027800;-1.088253;-0.531791;-0.265895;0.531791;
0.027810;-1.091085;-0.533247;-0.266624;0.533247;
0.027820;-1.093906;-0.534698;-0.267349;0.534698;
0.027830;-1.096717;-0.536144;-0.268072;0.536144;
0.027840;-1.099516;-0.537584;-0.268792;0.537584;
0.027850;-1.102305;-0.539019;-0.269510;0.539019;
0.027860;-1.105083;-0.540449;-0.270225;0.540449;
0.027870;-1.107850;-0.541873;-0.270937;0.541873;
0.027880;-1.110606;-0.543293;-0.271646;0.543293;
0.027890;-1.113351;-0.544706;-0.272353;0.544706;
0.027900;-1.116085;-0.546115;-0.273057;0.546115;
0.027910;-1.118808;-0.547518;-0.273759;0.547518;
0.027920;-1.121520;-0.548915;-0.274458;0.548915;
0.027930;-1.124221;-0.550307;-0.275154;0.550307;
0.027940;-1.126911;-0.551694;-0.275847;0.551694;
0.027950;-1.129590;-0.553075;-0.276538;0.553075;
0.027960;-1.132257;-0.554451;-0.277226;0.554451;
0.027970;-1.134914;-0.555821;-0.277911;0.555821;
0.027980;-1.137559;-0.557186;-0.278593;0.557186;
0.027990;-1.140193;-0.558546;-0.279273;0.558546;
0.028000;-1.142816;-0.559899;-0.279950;0.559899;
0.028010;-1.145427;-0.561248;-0.280624;0.561248;
0.028020;-1.148027;-0.562590;-0.281295;0.562590;
0.028030;-1.150616;-0.563928;-0.281964;0.563928;
0.028040;-1.153194;-0.565259;-0.282630;0.565259;
0.028050;-1.155760;-0.566585;-0.283293;0.566585;
0.028060;-1.158314;-0.567906;-0.283953;0.567906;
0.028070;-1.160858;-0.569221;-0.284610;0.569221;
0.028080;-1.163389;-0.570530;-0.285265;0.570530;
0.028090;-1.165910;-0.571834;-0.285917;0.571834;
0.028100;-1.168418;-0.573132;-0.286566;0.573132;
0.028110;-1.170916;-0.574424;-0.287212;0.574424;
0.028120;-1.173401;-0.575711;-0.287855;0.575711;
0.028130;-1.175876;-0.576992;-0.288496;0.576992;
0.028140;-1.178338;-0.578267;-0.289133;0.578267;
0.028150;-1.180789;-0.579536;-0.289768;0.579536;
0.028160;-1.183228;-0.580800;-0.290400;0.580800;
0.028170;-1.185656;-0.582058;-0.291029;0.582058;
0.028180;-1.188072;-0.583311;-0.291655;0.583311;
0.028190;-1.190476;-0.584557;-0.292279;0.584557;
0.028200;-1.192868;-0.585798;-0.292899;0.585798;
0.028210;-1.195249;-0.587033;-0.293517;0.587033;
0.028220;-1.197618;-0.588263;-0.294131;0.588263;
0.028230;-1.199975;-0.589486;-0.294743;0.589486;
0.028240;-1.202320;-0.590704;-0.295352;0.590704;
0.028250;-1.204653;-0.591915;-0.295958;0.591915;
0.028260;-1.206974;-0.593121;-0.296561;0.593121;
0.028270;-1.209284;-0.594322;-0.297161;0.594322;
0.028280;-1.211582;-0.595516;-0.297758;0.595516;
0.028290;-1.213867;-0.596704;-0.298352;0.596704;
0.028300;-1.216141;-0.597887;-0.298943;0.597887;
0.028310;-1.218402;-0.599063;-0.299532;0.599063;
0.028320;-1.220652;-0.600234;-0.300117;0.600234;
0.028330;-1.222889;-0.601399;-0.300699;0.601399;
0.028340;-1.225115;-0.602558;-0.301279;0.602558;
0.028350;-1.227328;-0.603710;-0.301855;0.603710;
0.028360;-1.229530;-0.604857;-0.302429;0.604857;
0.028370;-1.231719;-0.605998;-0.302999;0.605998;
0.028380;-1.233896;-0.607133;-0.303567;0.607133;
0.028390;-1.236060;-0.608262;-0.304131;0.608262;
0.028400;-1.238213;-0.609385;-0.304693;0.609385;
0.028410;-1.240353;-0.610502;-0.305251;0.610502;
0.028420;-1.242482;-0.611613;-0.305806;0.611613;
0.028430;-1.244597;-0.612718;-0.306359;0.612718;
0.028440;-1.246701;-0.613817;-0.306908;0.613817;
0.028450;-1.248792;-0.614910;-0.307455;0.614910;
0.028460;-1.250871;-0.615996;-0.307998;0.615996;
0.028470;-1.252938;-0.617077;-0.308538;0.617077;
0.028480;-1.254992;-0.618151;-0.309076;0.618151;
0.028490;-1.257034;-0.619220;-0.309610;0.619220;
0.028500;-1.259063;-0.620282;-0.310141;0.620282;
0.028510;-1.261080;-0.621338;-0.310669;0.621338;
0.028520;-1.263085;-0.622388;-0.311194;0.622388;
0.028530;-1.265077;-0.623432;-0.311716;0.623432;
0.028540;-1.267057;-0.624470;-0.312235;0.624470;
0.028550;-1.269024;-0.625502;-0.312751;0.625502;
0.028560;-1.270979;-0.626527;-0.313264;0.626527;
0.028570;-1.272921;-0.627547;-0.313773;0.627547;
0.028580;-1.274850;-0.628560;-0.314280;0.628560;
0.028590;-1.276767;-0.629566;-0.314783;0.629566;
0.028600;-1.278671;-0.630567;-0.315284;0.630567;
0.028610;-1.280563;-0.631562;-0.315781;0.631562;
0.028620;-1.282442;-0.632550;-0.316275;0.632550;
0.028630;-1.284308;-0.633532;-0.316766;0.633532;
0.028640;-1.286162;-0.634507;-0.317254;0.634507;
0.028650;-1.288003;-0.635477;-0.317738;0.635477;
0.028660;-1.289831;-0.636440;-0.318220;0.636440;
0.028670;-1.291647;-0.637397;-0.318698;0.637397;
0.028680;-1.293450;-0.638347;-0.319174;0.638347;
0.028690;-1.295240;-0.639292;-0.319646;0.639292;
0.028700;-1.297017;-0.640230;-0.320115;0.640230;
0.028710;-1.298782;-0.641161;-0.320581;0.641161;
0.028720;-1.300533;-0.642087;-0.321043;0.642087;
0.028730;-1.302272;-0.643006;-0.321503;0.643006;
0.028740;-1.303998;-0.643918;-0.321959;0.643918;
0.028750;-1.305711;-0.644825;-0.322412;0.644825;
0.028760;-1.307411;-0.645725;-0.322862;0.645725;
0.028770;-1.309099;-0.646618;-0.323309;0.646618;
0.028780;-1.310773;-0.647505;-0.323753;0.647505;
0.028790;-1.312435;-0.648386;-0.324193;0.648386;
0.028800;-1.314083;-0.649261;-0.324630;0.649261;
0.028810;-1.315719;-0.650128;-0.325064;0.650128;
0.028820;-1.317341;-0.650990;-0.325495;0.650990;
0.028830;-1.318951;-0.651845;-0.325923;0.651845;
0.028840;-1.320547;-0.652694;-0.326347;0.652694;
0.028850;-1.322131;-0.653536;-0.326768;0.653536;
0.028860;-1.323701;-0.654372;-0.327186;0.654372;
0.028870;-1.325259;-0.655201;-0.327601;0.655201;
0.028880;-1.326803;-0.656024;-0.328012;0.656024;
0.028890;-1.328334;-0.656841;-0.328420;0.656841;
0.028900;-1.329852;-0.657651;-0.328825;0.657651;
0.028910;-1.331357;-0.658454;-0.329227;0.658454;
0.028920;-1.332849;-0.659251;-0.329625;0.659251;
0.028930;-1.334328;-0.660041;-0.330021;0.660041;
0.028940;-1.335793;-0.660825;-0.330413;0.660825;
0.028950;-1.337246;-0.661603;-0.330801;0.661603;
0.028960;-1.338685;-0.662374;-0.331187;0.662374;
0.028970;-1.340111;-0.663138;-0.331569;0.663138;
0.028980;-1.341523;-0.663896;-0.331948;0.663896;
0.028990;-1.342923;-0.664647;-0.332323;0.664647;
0.029000;-1.344309;-0.665392;-0.332696;0.665392;
0.029010;-1.345682;-0.666130;-0.333065;0.666130;
0.029020;-1.347041;-0.666861;-0.333431;0.666861;
0.029030;-1.348388;-0.667586;-0.333793;0.667586;
0.029040;-1.349721;-0.668305;-0.334152;0.668305;
0.029050;-1.351041;-0.669016;-0.334508;0.669016;
0.029060;-1.352347;-0.669721;-0.334861;0.669721;
0.029070;-1.353640;-0.670420;-0.335210;0.670420;
0.029080;-1.354920;-0.671112;-0.335556;0.671112;
0.029090;-1.356186;-0.671797;-0.335899;0.671797;
0.029100;-1.357439;-0.672476;-0.336238;0.672476;
0.029110;-1.358678;-0.673148;-0.336574;0.673148;
0.029120;-1.359905;-0.673813;-0.336907;0.673813;
0.029130;-1.361117;-0.674472;-0.337236;0.674472;
0.029140;-1.362317;-0.675124;-0.337562;0.675124;
0.029150;-1.363502;-0.675770;-0.337885;0.675770;
0.029160;-1.364675;-0.676408;-0.338204;0.676408;
0.029170;-1.365834;-0.677041;-0.338520;0.677041;
0.029180;-1.366979;-0.677666;-0.338833;0.677666;
0.029190;-1.368111;-0.678285;-0.339142;0.678285;
0.029200;-1.369229;-0.678897;-0.339448;0.678897;
0.029210;-1.370334;-0.679502;-0.339751;0.679502;
0.029220;-1.371426;-0.680101;-0.340050;0.680101;
0.029230;-1.372503;-0.680692;-0.340346;0.680692;
0.029240;-1.373568;-0.681278;-0.340639;0.681278;
0.029250;-1.374618;-0.681856;-0.340928;0.681856;
0.029260;-1.375656;-0.682428;-0.341214;0.682428;
0.029270;-1.376679;-0.682993;-0.341496;0.682993;
0.029280;-1.377689;-0.683551;-0.341776;0.683551;
0.029290;-1.378686;-0.684103;-0.342051;0.684103;
0.029300;-1.379668;-0.684647;-0.342324;0.684647;
0.029310;-1.380638;-0.685185;-0.342593;0.685185;
0.029320;-1.381593;-0.685717;-0.342858;0.685717;
0.029330;-1.382535;-0.686241;-0.343121;0.686241;
0.029340;-1.383463;-0.686759;-0.343379;0.686759;
0.029350;-1.384378;-0.687270;-0.343635;0.687270;
0.029360;-1.385279;-0.687774;-0.343887;0.687774;
0.029370;-1.386166;-0.688271;-0.344136;0.688271;
0.029380;-1.387040;-0.688762;-0.344381;0.688762;
0.029390;-1.387900;-0.689245;-0.344623;0.689245;
0.029400;-1.388746;-0.689722;-0.344861;0.689722;
0.029410;-1.389578;-0.690193;-0.345096;0.690193;
0.029420;-1.390397;-0.690656;-0.345328;0.690656;
0.029430;-1.391202;-0.691112;-0.345556;0.691112;
0.029440;-1.391994;-0.691562;-0.345781;0.691562;
0.029450;-1.392771;-0.692005;-0.346002;0.692005;
0.029460;-1.393535;-0.692441;-0.346221;0.692441;
0.029470;-1.394285;-0.692870;-0.346435;0.692870;
0.029480;-1.395022;-0.693293;-0.346646;0.693293;
0.029490;-1.395744;-0.693708;-0.346854;0.693708;
0.029500;-1.396453;-0.694117;-0.347058;0.694117;
0.029510;-1.397148;-0.694519;-0.347259;0.694519;
0.029520;-1.397829;-0.694914;-0.347457;0.694914;
0.029530;-1.398497;-0.695302;-0.347651;0.695302;
0.029540;-1.399150;-0.695683;-0.347841;0.695683;
0.029550;-1.399790;-0.696057;-0.348029;0.696057;
0.029560;-1.400416;-0.696425;-0.348212;0.696425;
0.029570;-1.401028;-0.696786;-0.348393;0.696786;
0.029580;-1.401627;-0.697139;-0.348570;0.697139;
0.029590;-1.402211;-0.697486;-0.348743;0.697486;
0.029600;-1.402782;-0.697826;-0.348913;0.697826;
0.029610;-1.403339;-0.698159;-0.349080;0.698159;
0.029620;-1.403882;-0.698486;-0.349243;0.698486;
0.029630;-1.404411;-0.698805;-0.349402;0.698805;
0.029640;-1.404926;-0.699117;-0.349559;0.699117;
0.029650;-1.405428;-0.699423;-0.349711;0.699423;
0.029660;-1.405915;-0.699721;-0.349861;0.699721;
0.029670;-1.406389;-0.700013;-0.350007;0.700013;
0.029680;-1.406849;-0.700298;-0.350149;0.700298;
0.029690;-1.407294;-0.700576;-0.350288;0.700576;
0.029700;-1.407726;-0.700847;-0.350423;0.700847;
0.029710;-1.408145;-0.701111;-0.350555;0.701111;
0.029720;-1.408549;-0.701368;-0.350684;0.701368;
0.029730;-1.408939;-0.701618;-0.350809;0.701618;
0.029740;-1.409315;-0.701862;-0.350931;0.701862;
0.029750;-1.409678;-0.702098;-0.351049;0.702098;
0.029760;-1.410027;-0.702327;-0.351164;0.702327;
0.029770;-1.410361;-0.702550;-0.351275;0.702550;
0.029780;-1.410682;-0.702766;-0.351383;0.702766;
0.029790;-1.410989;-0.702974;-0.351487;0.702974;
0.029800;-1.411282;-0.703176;-0.351588;0.703176;
0.029810;-1.411561;-0.703371;-0.351685;0.703371;
0.029820;-1.411826;-0.703559;-0.351779;0.703559;
0.029830;-1.412077;-0.703739;-0.351870;0.703739;
0.029840;-1.412314;-0.703913;-0.351957;0.703913;
0.029850;-1.412537;-0.704080;-0.352040;0.704080;
0.029860;-1.412747;-0.704240;-0.352120;0.704240;
0.029870;-1.412942;-0.704394;-0.352197;0.704394;
0.029880;-1.413123;-0.704540;-0.352270;0.704540;
0.029890;-1.413291;-0.704679;-0.352339;0.704679;
0.029900;-1.413444;-0.704811;-0.352406;0.704811;
0.029910;-1.413584;-0.704936;-0.352468;0.704936;
0.029920;-1.413709;-0.705055;-0.352527;0.705055;
0.029930;-1.413821;-0.705166;-0.352583;0.705166;
0.029940;-1.413919;-0.705270;-0.352635;0.705270;
0.029950;-1.414002;-0.705368;-0.352684;0.705368;
0.029960;-1.414072;-0.705458;-0.352729;0.705458;
0.029970;-1.414128;-0.705542;-0.352771;0.705542;
0.029980;-1.414170;-0.705618;-0.352809;0.705618;
0.029990;-1.414198;-0.705688;-0.352844;0.705688;
0.030000;-1.414212;-0.705751;-0.352875;0.705751;
0.030010;-1.414212;-0.705806;-0.352903;0.705806;
0.030020;-1.414198;-0.705855;-0.352927;0.705855;
0.030030;-1.414170;-0.705897;-0.352948;0.705897;
0.030040;-1.414128;-0.705931;-0.352966;0.705931;
0.030050;-1.414072;-0.705959;-0.352980;0.705959;
0.030060;-1.414002;-0.705980;-0.352990;0.705980;
0.030070;-1.413919;-0.705994;-0.352997;0.705994;
0.030080;-1.413821;-0.706001;-0.353000;0.706001;
0.030090;-1.413709;-0.706001;-0.353000;0.706001;
0.030100;-1.413584;-0.705994;-0.352997;0.705994;
0.030110;-1.413444;-0.705980;-0.352990;0.705980;
0.030120;-1.413291;-0.705959;-0.352979;0.705959;
0.030130;-1.413123;-0.705931;-0.352965;0.705931;
0.030140;-1.412942;-0.705896;-0.352948;0.705896;
0.030150;-1.412747;-0.705854;-0.352927;0.705854;
0.030160;-1.412537;-0.705805;-0.352903;0.705805;
0.030170;-1.412314;-0.705749;-0.352875;0.705749;
0.030180;-1.412077;-0.705686;-0.352843;0.705686;
0.030190;-1.411826;-0.705617;-0.352808;0.705617;
0.030200;-1.411561;-0.705540;-0.352770;0.705540;
0.030210;-1.411282;-0.705456;-0.352728;0.705456;
0.030220;-1.410989;-0.705366;-0.352683;0.705366;
0.030230;-1.410682;-0.705268;-0.352634;0.705268;
0.030240;-1.410361;-0.705163;-0.352582;0.705163;
0.030250;-1.410027;-0.705052;-0.352526;0.705052;
0.030260;-1.409678;-0.704933;-0.352467;0.704933;
0.030270;-1.409315;-0.704808;-0.352404;0.704808;
0.030280;-1.408939;-0.704676;-0.352338;0.704676;
0.030290;-1.408549;-0.704536;-0.352268;0.704536;
0.030300;-1.408145;-0.704390;-0.352195;0.704390;
0.030310;-1.407726;-0.704237;-0.352118;0.704237;
0.030320;-1.407294;-0.704077;-0.352038;0.704077;
0.030330;-1.406849;-0.703909;-0.351955;0.703909;
0.030340;-1.406389;-0.703735;-0.351868;0.703735;
0.030350;-1.405915;-0.703554;-0.351777;0.703554;
0.030360;-1.405428;-0.703366;-0.351683;0.703366;
0.030370;-1.404926;-0.703171;-0.351586;0.703171;
0.030380;-1.404411;-0.702969;-0.351485;0.702969;
0.030390;-1.403882;-0.702761;-0.351380;0.702761;
0.030400;-1.403339;-0.702545;-0.351272;0.702545;
0.030410;-1.402782;-0.702322;-0.351161;0.702322;
0.030420;-1.402211;-0.702093;-0.351046;0.702093;
0.030430;-1.401627;-0.701856;-0.350928;0.701856;
0.030440;-1.401028;-0.701613;-0.350806;0.701613;
0.030450;-1.400416;-0.701362;-0.350681;0.701362;
0.030460;-1.399790;-0.701105;-0.350552;0.701105;
0.030470;-1.399150;-0.700841;-0.350420;0.700841;
0.030480;-1.398497;-0.700570;-0.350285;0.700570;
0.030490;-1.397829;-0.700291;-0.350146;0.700291;
0.030500;-1.397148;-0.700006;-0.350003;0.700006;
0.030510;-1.396453;-0.699715;-0.349857;0.699715;
0.030520;-1.395744;-0.699416;-0.349708;0.699416;
0.030530;-1.395022;-0.699110;-0.349555;0.699110;
0.030540;-1.394285;-0.698798;-0.349399;0.698798;
0.030550;-1.393535;-0.698478;-0.349239;0.698478;
0.030560;-1.392771;-0.698152;-0.349076;0.698152;
0.030570;-1.391994;-0.697818;-0.348909;0.697818;
0.030580;-1.391202;-0.697478;-0.348739;0.697478;
0.030590;-1.390397;-0.697131;-0.348566;0.697131;
0.030600;-1.389578;-0.696777;-0.348389;0.696777;
0.030610;-1.388746;-0.696416;-0.348208;0.696416;
0.030620;-1.387900;-0.696049;-0.348024;0.696049;
0.030630;-1.387040;-0.695674;-0.347837;0.695674;
0.030640;-1.386166;-0.695293;-0.347646;0.695293;
0.030650;-1.385279;-0.694904;-0.347452;0.694904;
0.030660;-1.384378;-0.694509;-0.347255;0.694509;
0.030670;-1.383463;-0.694107;-0.347054;0.694107;
0.030680;-1.382535;-0.693699;-0.346849;0.693699;
0.030690;-1.381593;-0.693283;-0.346641;0.693283;
0.030700;-1.380638;-0.692860;-0.346430;0.692860;
0.030710;-1.379668;-0.692431;-0.346215;0.692431;
0.030720;-1.378686;-0.691995;-0.345997;0.691995;
0.030730;-1.377689;-0.691552;-0.345776;0.691552;
0.030740;-1.376679;-0.691102;-0.345551;0.691102;
0.030750;-1.375656;-0.690645;-0.345323;0.690645;
0.030760;-1.374618;-0.690182;-0.345091;0.690182;
0.030770;-1.373568;-0.689711;-0.344856;0.689711;
0.030780;-1.372503;-0.689234;-0.344617;0.689234;
0.030790;-1.371426;-0.688750;-0.344375;0.688750;
0.030800;-1.370334;-0.688260;-0.344130;0.688260;
0.030810;-1.369229;-0.687762;-0.343881;0.687762;
0.030820;-1.368111;-0.687258;-0.343629;0.687258;
0.030830;-1.366979;-0.686747;-0.343373;0.686747;
0.030840;-1.365834;-0.686229;-0.343114;0.686229;
0.030850;-1.364675;-0.685704;-0.342852;0.685704;
0.030860;-1.363502;-0.685173;-0.342586;0.685173;
0.030870;-1.362317;-0.684635;-0.342317;0.684635;
0.030880;-1.361117;-0.684090;-0.342045;0.684090;
0.030890;-1.359905;-0.683538;-0.341769;0.683538;
0.030900;-1.358678;-0.682980;-0.341490;0.682980;
0.030910;-1.357439;-0.682415;-0.341207;0.682415;
0.030920;-1.356186;-0.681843;-0.340921;0.681843;
0.030930;-1.354920;-0.681264;-0.340632;0.681264;
0.030940;-1.353640;-0.680679;-0.340339;0.680679;
0.030950;-1.352347;-0.680087;-0.340043;0.680087;
0.030960;-1.351041;-0.679488;-0.339744;0.679488;
0.030970;-1.349721;-0.678882;-0.339441;0.678882;
0.030980;-1.348388;-0.678270;-0.339135;0.678270;
0.030990;-1.347041;-0.677651;-0.338826;0.677651;
0.031000;-1.345682;-0.677026;-0.338513;0.677026;
0.031010;-1.344309;-0.676394;-0.338197;0.676394;
0.031020;-1.342923;-0.675755;-0.337877;0.675755;
0.031030;-1.341523;-0.675109;-0.337555;0.675109;
0.031040;-1.340111;-0.674457;-0.337228;0.674457;
0.031050;-1.338685;-0.673798;-0.336899;0.673798;
0.031060;-1.337246;-0.673132;-0.336566;0.673132;
0.031070;-1.335793;-0.672460;-0.336230;0.672460;
0.031080;-1.334328;-0.671781;-0.335891;0.671781;
0.031090;-1.332849;-0.671096;-0.335548;0.671096;
0.031100;-1.331357;-0.670404;-0.335202;0.670404;
0.031110;-1.329852;-0.669705;-0.334853;0.669705;
0.031120;-1.328334;-0.669000;-0.334500;0.669000;
0.031130;-1.326803;-0.668288;-0.334144;0.668288;
0.031140;-1.325259;-0.667569;-0.333785;0.667569;
0.031150;-1.323701;-0.666844;-0.333422;0.666844;
0.031160;-1.322131;-0.666113;-0.333056;0.666113;
0.031170;-1.320547;-0.665374;-0.332687;0.665374;
0.031180;-1.318951;-0.664629;-0.332315;0.664629;
0.031190;-1.317341;-0.663878;-0.331939;0.663878;
0.031200;-1.315719;-0.663120;-0.331560;0.663120;
0.031210;-1.314083;-0.662356;-0.331178;0.662356;
0.031220;-1.312435;-0.661585;-0.330792;0.661585;
0.031230;-1.310773;-0.660807;-0.330404;0.660807;
0.031240;-1.309099;-0.660023;-0.330012;0.660023;
0.031250;-1.307411;-0.659232;-0.329616;0.659232;
0.031260;-1.305711;-0.658435;-0.329218;0.658435;
0.031270;-1.303998;-0.657632;-0.328816;0.657632;
0.031280;-1.302272;-0.656822;-0.328411;0.656822;
0.031290;-1.300533;-0.656005;-0.328003;0.656005;
0.031300;-1.298782;-0.655182;-0.327591;0.655182;
0.031310;-1.297017;-0.654353;-0.327176;0.654353;
0.031320;-1.295240;-0.653517;-0.326758;0.653517;
0.031330;-1.293450;-0.652674;-0.326337;0.652674;
0.031340;-1.291647;-0.651825;-0.325913;0.651825;
0.031350;-1.289831;-0.650970;-0.325485;0.650970;
0.031360;-1.288003;-0.650108;-0.325054;0.650108;
0.031370;-1.286162;-0.649240;-0.324620;0.649240;
0.031380;-1.284308;-0.648366;-0.324183;0.648366;
0.031390;-1.282442;-0.647485;-0.323742;0.647485;
0.031400;-1.280563;-0.646597;-0.323299;0.646597;
0.031410;-1.278671;-0.645704;-0.322852;0.645704;
0.031420;-1.276767;-0.644804;-0.322402;0.644804;
0.031430;-1.274850;-0.643897;-0.321949;0.643897;
0.031440;-1.272921;-0.642984;-0.321492;0.642984;
0.031450;-1.270979;-0.642065;-0.321033;0.642065;
0.031460;-1.269024;-0.641140;-0.320570;0.641140;
0.031470;-1.267057;-0.640208;-0.320104;0.640208;
0.031480;-1.265077;-0.639270;-0.319635;0.639270;
0.031490;-1.263085;-0.638325;-0.319163;0.638325;
0.031500;-1.261080;-0.637375;-0.318687;0.637375;
0.031510;-1.259063;-0.636418;-0.318209;0.636418;
0.031520;-1.257034;-0.635454;-0.317727;0.635454;
0.031530;-1.254992;-0.634485;-0.317242;0.634485;
0.031540;-1.252938;-0.633509;-0.316754;0.633509;
0.031550;-1.250871;-0.632527;-0.316263;0.632527;
0.031560;-1.248792;-0.631538;-0.315769;0.631538;
0.031570;-1.246701;-0.630544;-0.315272;0.630544;
0.031580;-1.244597;-0.629543;-0.314772;0.629543;
0.031590;-1.242482;-0.628536;-0.314268;0.628536;
0.031600;-1.240353;-0.627523;-0.313761;0.627523;
0.031610;-1.238213;-0.626503;-0.313252;0.626503;
0.031620;-1.236060;-0.625478;-0.312739;0.625478;
0.031630;-1.233896;-0.624446;-0.312223;0.624446;
0.031640;-1.231719;-0.623408;-0.311704;0.623408;
0.031650;-1.229530;-0.622364;-0.311182;0.622364;
0.031660;-1.227328;-0.621314;-0.310657;0.621314;
0.031670;-1.225115;-0.620257;-0.310129;0.620257;
0.031680;-1.222889;-0.619195;-0.309598;0.619195;
0.031690;-1.220652;-0.618126;-0.309063;0.618126;
0.031700;-1.218402;-0.617052;-0.308526;0.617052;
0.031710;-1.216141;-0.615971;-0.307985;0.615971;
0.031720;-1.213867;-0.614884;-0.307442;0.614884;
0.031730;-1.211582;-0.613791;-0.306896;0.613791;
0.031740;-1.209284;-0.612692;-0.306346;0.612692;
0.031750;-1.206974;-0.611587;-0.305794;0.611587;
0.031760;-1.204653;-0.610476;-0.305238;0.610476;
0.031770;-1.202320;-0.609359;-0.304680;0.609359;
0.031780;-1.199975;-0.608236;-0.304118;0.608236;
0.031790;-1.197618;-0.607107;-0.303553;0.607107;
0.031800;-1.195249;-0.605972;-0.302986;0.605972;
0.031810;-1.192868;-0.604831;-0.302415;0.604831;
0.031820;-1.190476;-0.603684;-0.301842;0.603684;
0.031830;-1.188072;-0.602531;-0.301265;0.602531;
0.031840;-1.185656;-0.601372;-0.300686;0.601372;
0.031850;-1.183228;-0.600207;-0.300103;0.600207;
0.031860;-1.180789;-0.599036;-0.299518;0.599036;
0.031870;-1.178338;-0.597859;-0.298930;0.597859;
0.031880;-1.175876;-0.596677;-0.298338;0.596677;
0.031890;-1.173401;-0.595488;-0.297744;0.595488;
0.031900;-1.170916;-0.594294;-0.297147;0.594294;
0.031910;-1.168418;-0.593093;-0.296547;0.593093;
0.031920;-1.165910;-0.591887;-0.295944;0.591887;
0.031930;-1.163389;-0.590675;-0.295338;0.590675;
0.031940;-1.160858;-0.589458;-0.294729;0.589458;
0.031950;-1.158314;-0.588234;-0.294117;0.588234;
0.031960;-1.155760;-0.587005;-0.293502;0.587005;
0.031970;-1.153194;-0.585769;-0.292885;0.585769;
0.031980;-1.150616;-0.584528;-0.292264;0.584528;
0.031990;-1.148027;-0.583282;-0.291641;0.583282;
0.032000;-1.145427;-0.582029;-0.291015;0.582029;
0.032010;-1.142816;-0.580771;-0.290385;0.580771;
0.032020;-1.140193;-0.579507;-0.289753;0.579507;
0.032030;-1.137559;-0.578237;-0.289119;0.578237;
0.032040;-1.134914;-0.576962;-0.288481;0.576962;
0.032050;-1.132257;-0.575681;-0.287840;0.575681;
0.032060;-1.129590;-0.574394;-0.287197;0.574394;
0.032070;-1.126911;-0.573101;-0.286551;0.573101;
0.032080;-1.124221;-0.571803;-0.285902;0.571803;
0.032090;-1.121520;-0.570500;-0.285250;0.570500;
0.032100;-1.118808;-0.569190;-0.284595;0.569190;
0.032110;-1.116085;-0.567875;-0.283938;0.567875;
0.032120;-1.113351;-0.566555;-0.283277;0.566555;
0.032130;-1.110606;-0.565228;-0.282614;0.565228;
0.032140;-1.107850;-0.563897;-0.281948;0.563897;
0.032150;-1.105083;-0.562559;-0.281280;0.562559;
0.032160;-1.102305;-0.561216;-0.280608;0.561216;
0.032170;-1.099516;-0.559868;-0.279934;0.559868;
0.032180;-1.096717;-0.558514;-0.279257;0.558514;
0.032190;-1.093906;-0.557154;-0.278577;0.557154;
0.032200;-1.091085;-0.555789;-0.277895;0.555789;
0.032210;-1.088253;-0.554419;-0.277210;0.554419;
0.032220;-1.085410;-0.553043;-0.276522;0.553043;
0.032230;-1.082557;-0.551662;-0.275831;0.551662;
0.032240;-1.079693;-0.550275;-0.275137;0.550275;
0.032250;-1.076818;-0.548883;-0.274441;0.548883;
0.032260;-1.073932;-0.547485;-0.273742;0.547485;
0.032270;-1.071036;-0.546082;-0.273041;0.546082;
0.032280;-1.068130;-0.544673;-0.272337;0.544673;
0.032290;-1.065213;-0.543260;-0.271630;0.543260;
0.032300;-1.062285;-0.541840;-0.270920;0.541840;
0.032310;-1.059347;-0.540416;-0.270208;0.540416;
0.032320;-1.056398;-0.538986;-0.269493;0.538986;
0.032330;-1.053439;-0.537551;-0.268775;0.537551;
0.032340;-1.050470;-0.536110;-0.268055;0.536110;
0.032350;-1.047490;-0.534664;-0.267332;0.534664;
0.032360;-1.044500;-0.533213;-0.266607;0.533213;
0.032370;-1.041500;-0.531757;-0.265878;0.531757;
0.032380;-1.038489;-0.530295;-0.265148;0.530295;
0.032390;-1.035468;-0.528828;-0.264414;0.528828;
0.032400;-1.032437;-0.527356;-0.263678;0.527356;
0.032410;-1.029395;-0.525879;-0.262940;0.525879;
0.032420;-1.026344;-0.524397;-0.262198;0.524397;
0.032430;-1.023282;-0.522909;-0.261455;0.522909;
0.032440;-1.020210;-0.521416;-0.260708;0.521416;
0.032450;-1.017129;-0.519918;-0.259959;0.519918;
0.032460;-1.014037;-0.518415;-0.259208;0.518415;
0.032470;-1.010935;-0.516907;-0.258454;0.516907;
0.032480;-1.007823;-0.515394;-0.257697;0.515394;
0.032490;-1.004701;-0.513876;-0.256938;0.513876;
0.032500;-1.001570;-0.512352;-0.256176;0.512352;
0.032510;-0.998428;-0.510824;-0.255412;0.510824;
0.032520;-0.995277;-0.509290;-0.254645;0.509290;
0.032530;-0.992115;-0.507751;-0.253876;0.507751;
0.032540;-0.988944;-0.506208;-0.253104;0.506208;
0.032550;-0.985763;-0.504659;-0.252330;0.504659;
0.032560;-0.982573;-0.503106;-0.251553;0.503106;
0.032570;-0.979373;-0.501547;-0.250774;0.501547;
0.032580;-0.976163;-0.499984;-0.249992;0.499984;
0.032590;-0.972943;-0.498415;-0.249208;0.498415;
0.032600;-0.969714;-0.496842;-0.248421;0.496842;
0.032610;-0.966475;-0.495264;-0.247632;0.495264;
0.032620;-0.963227;-0.493681;-0.246840;0.493681;
0.032630;-0.959969;-0.492093;-0.246046;0.492093;
0.032640;-0.956702;-0.490500;-0.245250;0.490500;
0.032650;-0.953425;-0.488902;-0.244451;0.488902;
0.032660;-0.950139;-0.487300;-0.243650;0.487300;
0.032670;-0.946844;-0.485692;-0.242846;0.485692;
0.032680;-0.943539;-0.484080;-0.242040;0.484080;
0.032690;-0.940225;-0.482463;-0.241232;0.482463;
0.032700;-0.936901;-0.480842;-0.240421;0.480842;
0.032710;-0.933569;-0.479215;-0.239608;0.479215;
0.032720;-0.930227;-0.477584;-0.238792;0.477584;
0.032730;-0.926876;-0.475948;-0.237974;0.475948;
0.032740;-0.923516;-0.474308;-0.237154;0.474308;
0.032750;-0.920146;-0.472663;-0.236331;0.472663;
0.032760;-0.916768;-0.471013;-0.235506;0.471013;
0.032770;-0.913380;-0.469358;-0.234679;0.469358;
0.032780;-0.909984;-0.467699;-0.233850;0.467699;
0.032790;-0.906579;-0.466035;-0.233018;0.466035;
0.032800;-0.903164;-0.464367;-0.232184;0.464367;
0.032810;-0.899741;-0.462694;-0.231347;0.462694;
0.032820;-0.896309;-0.461017;-0.230508;0.461017;
0.032830;-0.892868;-0.459334;-0.229667;0.459334;
0.032840;-0.889418;-0.457648;-0.228824;0.457648;
0.032850;-0.885959;-0.455957;-0.227978;0.455957;
0.032860;-0.882492;-0.454261;-0.227131;0.454261;
0.032870;-0.879016;-0.452561;-0.226280;0.452561;
0.032880;-0.875531;-0.450856;-0.225428;0.450856;
0.032890;-0.872038;-0.449147;-0.224574;0.449147;
0.032900;-0.868536;-0.447434;-0.223717;0.447434;
0.032910;-0.865025;-0.445716;-0.222858;0.445716;
0.032920;-0.861506;-0.443994;-0.221997;0.443994;
0.032930;-0.857978;-0.442267;-0.221134;0.442267;
0.032940;-0.854442;-0.440536;-0.220268;0.440536;
0.032950;-0.850898;-0.438801;-0.219400;0.438801;
0.032960;-0.847345;-0.437061;-0.218531;0.437061;
0.032970;-0.843784;-0.435317;-0.217659;0.435317;
0.032980;-0.840214;-0.433569;-0.216784;0.433569;
0.032990;-0.836636;-0.431816;-0.215908;0.431816;
0.033000;-0.833050;-0.430059;-0.215030;0.430059;
0.033010;-0.829456;-0.428298;-0.214149;0.428298;
0.033020;-0.825853;-0.426533;-0.213266;0.426533;
0.033030;-0.822242;-0.424763;-0.212382;0.424763;
0.033040;-0.818624;-0.422990;-0.211495;0.422990;
0.033050;-0.814997;-0.421212;-0.210606;0.421212;
0.033060;-0.811362;-0.419430;-0.209715;0.419430;
0.033070;-0.807719;-0.417643;-0.208822;0.417643;
0.033080;-0.804068;-0.415853;-0.207927;0.415853;
0.033090;-0.800409;-0.414059;-0.207029;0.414059;
0.033100;-0.796742;-0.412260;-0.206130;0.412260;
0.033110;-0.793068;-0.410458;-0.205229;0.410458;
0.033120;-0.789385;-0.408651;-0.204325;0.408651;
0.033130;-0.785695;-0.406840;-0.203420;0.406840;
0.033140;-0.781997;-0.405026;-0.202513;0.405026;
0.033150;-0.778291;-0.403207;-0.201603;0.403207;
0.033160;-0.774578;-0.401384;-0.200692;0.401384;
0.033170;-0.770857;-0.399558;-0.199779;0.399558;
0.033180;-0.767128;-0.397727;-0.198864;0.397727;
0.033190;-0.763392;-0.395893;-0.197946;0.395893;
0.033200;-0.759648;-0.394054;-0.197027;0.394054;
0.033210;-0.755897;-0.392212;-0.196106;0.392212;
0.033220;-0.752138;-0.390366;-0.195183;0.390366;
0.033230;-0.748372;-0.388516;-0.194258;0.388516;
0.033240;-0.744599;-0.386662;-0.193331;0.386662;
0.033250;-0.740818;-0.384804;-0.192402;0.384804;
0.033260;-0.737030;-0.382943;-0.191471;0.382943;
0.033270;-0.733234;-0.381078;-0.190539;0.381078;
0.033280;-0.729431;-0.379209;-0.189604;0.379209;
0.033290;-0.725622;-0.377336;-0.188668;0.377336;
0.033300;-0.721804;-0.375459;-0.187730;0.375459;
0.033310;-0.717980;-0.373579;-0.186790;0.373579;
0.033320;-0.714149;-0.371695;-0.185848;0.371695;
0.033330;-0.710311;-0.369808;-0.184904;0.369808;
0.033340;-0.706465;-0.367917;-0.183958;0.367917;
0.033350;-0.702613;-0.366022;-0.183011;0.366022;
0.033360;-0.698754;-0.364124;-0.182062;0.364124;
0.033370;-0.694888;-0.362222;-0.181111;0.362222;
0.033380;-0.691015;-0.360316;-0.180158;0.360316;
0.033390;-0.687135;-0.358407;-0.179203;0.358407;
0.033400;-0.683248;-0.356494;-0.178247;0.356494;
0.033410;-0.679355;-0.354578;-0.177289;0.354578;
0.033420;-0.675455;-0.352658;-0.176329;0.352658;
0.033430;-0.671548;-0.350735;-0.175368;0.350735;
0.033440;-0.667635;-0.348808;-0.174404;0.348808;
0.033450;-0.663715;-0.346878;-0.173439;0.346878;
0.033460;-0.659789;-0.344945;-0.172472;0.344945;
0.033470;-0.655856;-0.343008;-0.171504;0.343008;
0.033480;-0.651916;-0.341068;-0.170534;0.341068;
0.033490;-0.647970;-0.339124;-0.169562;0.339124;
0.033500;-0.644018;-0.337177;-0.168588;0.337177;
0.033510;-0.640059;-0.335227;-0.167613;0.335227;
0.033520;-0.636094;-0.333273;-0.166636;0.333273;
0.033530;-0.632123;-0.331316;-0.165658;0.331316;
0.033540;-0.628146;-0.329356;-0.164678;0.329356;
0.033550;-0.624162;-0.327392;-0.163696;0.327392;
0.033560;-0.620172;-0.325426;-0.162713;0.325426;
0.033570;-0.616176;-0.323456;-0.161728;0.323456;
0.033580;-0.612174;-0.321483;-0.160741;0.321483;
0.033590;-0.608166;-0.319506;-0.159753;0.319506;
0.033600;-0.604152;-0.317527;-0.158764;0.317527;
0.033610;-0.600132;-0.315544;-0.157772;0.315544;
0.033620;-0.596106;-0.313559;-0.156779;0.313559;
0.033630;-0.592074;-0.311570;-0.155785;0.311570;
0.033640;-0.588037;-0.309578;-0.154789;0.309578;
0.033650;-0.583993;-0.307583;-0.153792;0.307583;
0.033660;-0.579944;-0.305585;-0.152793;0.305585;
0.033670;-0.575889;-0.303584;-0.151792;0.303584;
0.033680;-0.571828;-0.301581;-0.150790;0.301581;
0.033690;-0.567762;-0.299574;-0.149787;0.299574;
0.033700;-0.563690;-0.297564;-0.148782;0.297564;
0.033710;-0.559613;-0.295551;-0.147775;0.295551;
0.033720;-0.555530;-0.293535;-0.146768;0.293535;
0.033730;-0.551441;-0.291517;-0.145758;0.291517;
0.033740;-0.547347;-0.289495;-0.144748;0.289495;
0.033750;-0.543248;-0.287471;-0.143735;0.287471;
0.033760;-0.539143;-0.285444;-0.142722;0.285444;
0.033770;-0.535033;-0.283414;-0.141707;0.283414;
0.033780;-0.530918;-0.281381;-0.140690;0.281381;
0.033790;-0.526797;-0.279345;-0.139673;0.279345;
0.033800;-0.522672;-0.277307;-0.138653;0.277307;
0.033810;-0.518541;-0.275266;-0.137633;0.275266;
0.033820;-0.514405;-0.273222;-0.136611;0.273222;
0.033830;-0.510264;-0.271175;-0.135588;0.271175;
0.033840;-0.506117;-0.269126;-0.134563;0.269126;
0.033850;-0.501966;-0.267074;-0.133537;0.267074;
0.033860;-0.497810;-0.265020;-0.132510;0.265020;
0.033870;-0.493649;-0.262963;-0.131481;0.262963;
0.033880;-0.489483;-0.260903;-0.130452;0.260903;
0.033890;-0.485313;-0.258841;-0.129421;0.258841;
0.033900;-0.481137;-0.256776;-0.128388;0.256776;
0.033910;-0.476957;-0.254709;-0.127354;0.254709;
0.033920;-0.472772;-0.252639;-0.126320;0.252639;
0.033930;-0.468583;-0.250567;-0.125283;0.250567;
0.033940;-0.464388;-0.248492;-0.124246;0.248492;
0.033950;-0.460190;-0.246415;-0.123207;0.246415;
0.033960;-0.455986;-0.244335;-0.122167;0.244335;
0.033970;-0.451778;-0.242253;-0.121126;0.242253;
0.033980;-0.447566;-0.240168;-0.120084;0.240168;
0.033990;-0.443349;-0.238081;-0.119041;0.238081;
0.034000;-0.439128;-0.235992;-0.117996;0.235992;
0.034010;-0.434903;-0.233901;-0.116950;0.233901;
0.034020;-0.430673;-0.231807;-0.115903;0.231807;
0.034030;-0.426439;-0.229711;-0.114855;0.229711;
0.034040;-0.422201;-0.227612;-0.113806;0.227612;
0.034050;-0.417959;-0.225512;-0.112756;0.225512;
0.034060;-0.413712;-0.223409;-0.111704;0.223409;
0.034070;-0.409462;-0.221304;-0.110652;0.221304;
0.034080;-0.405207;-0.219196;-0.109598;0.219196;
0.034090;-0.400948;-0.217087;-0.108543;0.217087;
0.034100;-0.396686;-0.214975;-0.107488;0.214975;
0.034110;-0.392419;-0.212862;-0.106431;0.212862;
0.034120;-0.388149;-0.210746;-0.105373;0.210746;
0.034130;-0.383875;-0.208628;-0.104314;0.208628;
0.034140;-0.379597;-0.206508;-0.103254;0.206508;
0.034150;-0.375315;-0.204386;-0.102193;0.204386;
0.034160;-0.371030;-0.202262;-0.101131;0.202262;
0.034170;-0.366741;-0.200136;-0.100068;0.200136;
0.034180;-0.362448;-0.198008;-0.099004;0.198008;
0.034190;-0.358152;-0.195878;-0.097939;0.195878;
0.034200;-0.353852;-0.193746;-0.096873;0.193746;
0.034210;-0.349549;-0.191613;-0.095806;0.191613;
0.034220;-0.345242;-0.189477;-0.094738;0.189477;
0.034230;-0.340932;-0.187339;-0.093670;0.187339;
0.034240;-0.336618;-0.185200;-0.092600;0.185200;
0.034250;-0.332301;-0.183059;-0.091529;0.183059;
0.034260;-0.327981;-0.180916;-0.090458;0.180916;
0.034270;-0.323658;-0.178771;-0.089385;0.178771;
0.034280;-0.319331;-0.176624;-0.088312;0.176624;
0.034290;-0.315002;-0.174476;-0.087238;0.174476;
0.034300;-0.310669;-0.172326;-0.086163;0.172326;
0.034310;-0.306333;-0.170174;-0.085087;0.170174;
0.034320;-0.301994;-0.168021;-0.084010;0.168021;
0.034330;-0.297652;-0.165866;-0.082933;0.165866;
0.034340;-0.293307;-0.163709;-0.081855;0.163709;
0.034350;-0.288959;-0.161551;-0.080775;0.161551;
0.034360;-0.284609;-0.159391;-0.079695;0.159391;
0.034370;-0.280256;-0.157229;-0.078615;0.157229;
0.034380;-0.275899;-0.155066;-0.077533;0.155066;
0.034390;-0.271541;-0.152902;-0.076451;0.152902;
0.034400;-0.267179;-0.150736;-0.075368;0.150736;
0.034410;-0.262815;-0.148568;-0.074284;0.148568;
0.034420;-0.258448;-0.146399;-0.073200;0.146399;
0.034430;-0.254079;-0.144229;-0.072114;0.144229;
0.034440;-0.249707;-0.142057;-0.071028;0.142057;
0.034450;-0.245333;-0.139883;-0.069942;0.139883;
0.034460;-0.240956;-0.137709;-0.068854;0.137709;
0.034470;-0.236577;-0.135533;-0.067766;0.135533;
0.034480;-0.232195;-0.133355;-0.066678;0.133355;
0.034490;-0.227812;-0.131177;-0.065588;0.131177;
0.034500;-0.223426;-0.128997;-0.064498;0.128997;
0.034510;-0.219037;-0.126815;-0.063408;0.126815;
0.034520;-0.214647;-0.124633;-0.062316;0.124633;
0.034530;-0.210255;-0.122449;-0.061225;0.122449;
0.034540;-0.205860;-0.120264;-0.060132;0.120264;
0.034550;-0.201463;-0.118078;-0.059039;0.118078;
0.034560;-0.197065;-0.115891;-0.057945;0.115891;
0.034570;-0.192664;-0.113702;-0.056851;0.113702;
0.034580;-0.188262;-0.111513;-0.055756;0.111513;
0.034590;-0.183858;-0.109322;-0.054661;0.109322;
0.034600;-0.179452;-0.107130;-0.053565;0.107130;
0.034610;-0.175044;-0.104937;-0.052469;0.104937;
0.034620;-0.170634;-0.102744;-0.051372;0.102744;
0.034630;-0.166223;-0.100549;-0.050274;0.100549;
0.034640;-0.161810;-0.098353;-0.049176;0.098353;
0.034650;-0.157396;-0.096156;-0.048078;0.096156;
0.034660;-0.152980;-0.093958;-0.046979;0.093958;
0.034670;-0.148562;-0.091760;-0.045880;0.091760;
0.034680;-0.144143;-0.089560;-0.044780;0.089560;
0.034690;-0.139722;-0.087359;-0.043680;0.087359;
0.034700;-0.135301;-0.085158;-0.042579;0.085158;
0.034710;-0.130878;-0.082956;-0.041478;0.082956;
0.034720;-0.126453;-0.080753;-0.040376;0.080753;
0.034730;-0.122027;-0.078549;-0.039275;0.078549;
0.034740;-0.117600;-0.076345;-0.038172;0.076345;
0.034750;-0.113172;-0.074139;-0.037070;0.074139;
0.034760;-0.108743;-0.071933;-0.035967;0.071933;
0.034770;-0.104313;-0.069726;-0.034863;0.069726;
0.034780;-0.099882;-0.067519;-0.033759;0.067519;
0.034790;-0.095449;-0.065311;-0.032655;0.065311;
0.034800;-0.091016;-0.063102;-0.031551;0.063102;
0.034810;-0.086582;-0.060893;-0.030446;0.060893;
0.034820;-0.082147;-0.058683;-0.029341;0.058683;
0.034830;-0.077711;-0.056472;-0.028236;0.056472;
0.034840;-0.073275;-0.054261;-0.027130;0.054261;
0.034850;-0.068837;-0.052049;-0.026025;0.052049;
0.034860;-0.064400;-0.049837;-0.024918;0.049837;
0.034870;-0.059961;-0.047624;-0.023812;0.047624;
0.034880;-0.055522;-0.045411;-0.022706;0.045411;
0.034890;-0.051082;-0.043198;-0.021599;0.043198;
0.034900;-0.046642;-0.040984;-0.020492;0.040984;
0.034910;-0.042201;-0.038769;-0.019385;0.038769;
0.034920;-0.037760;-0.036554;-0.018277;0.036554;
0.034930;-0.033319;-0.034339;-0.017170;0.034339;
0.034940;-0.028877;-0.032124;-0.016062;0.032124;
0.034950;-0.024435;-0.029908;-0.014954;0.029908;
0.034960;-0.019992;-0.027692;-0.013846;0.027692;
0.034970;-0.015550;-0.025475;-0.012738;0.025475;
0.034980;-0.011107;-0.023259;-0.011629;0.023259;
0.034990;-0.006664;-0.021042;-0.010521;0.021042;
0.035000;-0.002221;-0.018825;-0.009412;0.018825;
0.035010;0.002221;-0.016607;-0.008304;0.016607;
0.035020;0.006664;-0.014390;-0.007195;0.014390;
0.035030;0.011107;-0.012172;-0.006086;0.012172;
0.035040;0.015550;-0.009955;-0.004977;0.009955;
0.035050;0.019992;-0.007737;-0.003868;0.007737;
0.035060;0.024435;-0.005519;-0.002760;0.005519;
0.035070;0.028877;-0.003301;-0.001651;0.003301;
0.035080;0.033319;-0.001083;-0.000542;0.001083;
0.035090;0.037760;0.001135;0.000567;-0.001135;
0.035100;0.042201;0.003353;0.001676;-0.003353;
0.035110;0.046642;0.005571;0.002785;-0.005571;
0.035120;0.051082;0.007789;0.003894;-0.007789;
0.035130;0.055522;0.010006;0.005003;-0.010006;
0.035140;0.059961;0.012224;0.006112;-0.012224;
0.035150;0.064400;0.014442;0.007221;-0.014442;
0.035160;0.068837;0.016659;0.008330;-0.016659;
0.035170;0.073275;0.018876;0.009438;-0.018876;
0.035180;0.077711;0.021093;0.010547;-0.021093;
0.035190;0.082147;0.023310;0.011655;-0.023310;
0.035200;0.086582;0.025527;0.012763;-0.025527;
0.035210;0.091016;0.027743;0.013872;-0.027743;
0.035220;0.095449;0.029959;0.014980;-0.029959;
0.035230;0.099882;0.032175;0.016088;-0.032175;
0.035240;0.104313;0.034391;0.017195;-0.034391;
0.035250;0.108743;0.036606;0.018303;-0.036606;
0.035260;0.113172;0.038821;0.019410;-0.038821;
0.035270;0.117600;0.041035;0.020518;-0.041035;
0.035280;0.122027;0.043249;0.021625;-0.043249;
0.035290;0.126453;0.045463;0.022731;-0.045463;
0.035300;0.130878;0.047676;0.023838;-0.047676;
0.035310;0.135301;0.049889;0.024944;-0.049889;
0.035320;0.139722;0.052101;0.026050;-0.052101;
0.035330;0.144143;0.054312;0.027156;-0.054312;
0.035340;0.148562;0.056524;0.028262;-0.056524;
0.035350;0.152980;0.058734;0.029367;-0.058734;
0.035360;0.157396;0.060944;0.030472;-0.060944;
0.035370;0.161810;0.063153;0.031577;-0.063153;
0.035380;0.166223;0.065362;0.032681;-0.065362;
0.035390;0.170634;0.067570;0.033785;-0.067570;
0.035400;0.175044;0.069778;0.034889;-0.069778;
0.035410;0.179452;0.071985;0.035992;-0.071985;
0.035420;0.183858;0.074191;0.037095;-0.074191;
0.035430;0.188262;0.076396;0.038198;-0.076396;
0.035440;0.192664;0.078600;0.039300;-0.078600;
0.035450;0.197065;0.080804;0.040402;-0.080804;
0.035460;0.201463;0.083007;0.041504;-0.083007;
0.035470;0.205860;0.085209;0.042605;-0.085209;
0.035480;0.210255;0.087411;0.043705;-0.087411;
0.035490;0.214647;0.089611;0.044806;-0.089611;
0.035500;0.219037;0.091811;0.045905;-0.091811;
0.035510;0.223426;0.094010;0.047005;-0.094010;
0.035520;0.227812;0.096207;0.048104;-0.096207;
0.035530;0.232195;0.098404;0.049202;-0.098404;
0.035540;0.236577;0.100600;0.050300;-0.100600;
0.035550;0.240956;0.102795;0.051397;-0.102795;
0.035560;0.245333;0.104989;0.052494;-0.104989;
0.035570;0.249707;0.107181;0.053591;-0.107181;
0.035580;0.254079;0.109373;0.054687;-0.109373;
0.035590;0.258448;0.111564;0.055782;-0.111564;
0.035600;0.262815;0.113753;0.056877;-0.113753;
0.035610;0.267179;0.115942;0.057971;-0.115942;
0.035620;0.271541;0.118129;0.059064;-0.118129;
0.035630;0.275899;0.120315;0.060158;-0.120315;
0.035640;0.280256;0.122500;0.061250;-0.122500;
0.035650;0.284609;0.124684;0.062342;-0.124684;
0.035660;0.288959;0.126866;0.063433;-0.126866;
0.035670;0.293307;0.129047;0.064524;-0.129047;
0.035680;0.297652;0.131227;0.065614;-0.131227;
0.035690;0.301994;0.133406;0.066703;-0.133406;
0.035700;0.306333;0.135583;0.067792;-0.135583;
0.035710;0.310669;0.137759;0.068880;-0.137759;
0.035720;0.315002;0.139934;0.069967;-0.139934;
0.035730;0.319331;0.142107;0.071054;-0.142107;
0.035740;0.323658;0.144279;0.072140;-0.144279;
0.035750;0.327981;0.146450;0.073225;-0.146450;
0.035760;0.332301;0.148619;0.074309;-0.148619;
0.035770;0.336618;0.150786;0.075393;-0.150786;
0.035780;0.340932;0.152952;0.076476;-0.152952;
0.035790;0.345242;0.155117;0.077558;-0.155117;
0.035800;0.349549;0.157280;0.078640;-0.157280;
0.035810;0.353852;0.159441;0.079721;-0.159441;
0.035820;0.358152;0.161601;0.080801;-0.161601;
0.035830;0.362448;0.163759;0.081880;-0.163759;
0.035840;0.366741;0.165916;0.082958;-0.165916;
0.035850;0.371030;0.168071;0.084036;-0.168071;
0.035860;0.375315;0.170224;0.085112;-0.170224;
0.035870;0.379597;0.172376;0.086188;-0.172376;
0.035880;0.383875;0.174526;0.087263;-0.174526;
0.035890;0.388149;0.176674;0.088337;-0.176674;
0.035900;0.392419;0.178821;0.089410;-0.178821;
0.035910;0.396686;0.180966;0.090483;-0.180966;
0.035920;0.400948;0.183109;0.091554;-0.183109;
0.035930;0.405207;0.185250;0.092625;-0.185250;
0.035940;0.409462;0.187389;0.093695;-0.187389;
0.035950;0.413712;0.189527;0.094763;-0.189527;
0.035960;0.417959;0.191662;0.095831;-0.191662;
0.035970;0.422201;0.193796;0.096898;-0.193796;
0.035980;0.426439;0.195928;0.097964;-0.195928;
0.035990;0.430673;0.198058;0.099029;-0.198058;
0.036000;0.434903;0.200186;0.100093;-0.200186;
0.036010;0.439128;0.202312;0.101156;-0.202312;
0.036020;0.443349;0.204436;0.102218;-0.204436;
0.036030;0.447566;0.206557;0.103279;-0.206557;
0.036040;0.451778;0.208677;0.104339;-0.208677;
0.036050;0.455986;0.210795;0.105398;-0.210795;
0.036060;0.460190;0.212911;0.106455;-0.212911;
0.036070;0.464388;0.215025;0.107512;-0.215025;
0.036080;0.468583;0.217136;0.108568;-0.217136;
0.036090;0.472772;0.219246;0.109623;-0.219246;
0.036100;0.476957;0.221353;0.110676;-0.221353;
0.036110;0.481137;0.223458;0.111729;-0.223458;
0.036120;0.485313;0.225561;0.112780;-0.225561;
0.036130;0.489483;0.227661;0.113831;-0.227661;
0.036140;0.493649;0.229760;0.114880;-0.229760;
0.036150;0.497810;0.231856;0.115928;-0.231856;
0.036160;0.501966;0.233949;0.116975;-0.233949;
0.036170;0.506117;0.236041;0.118020;-0.236041;
0.036180;0.510264;0.238130;0.119065;-0.238130;
0.036190;0.514405;0.240217;0.120108;-0.240217;
0.036200;0.518541;0.242301;0.121151;-0.242301;
0.036210;0.522672;0.244383;0.122192;-0.244383;
0.036220;0.526797;0.246463;0.123232;-0.246463;
0.036230;0.530918;0.248540;0.124270;-0.248540;
0.036240;0.535033;0.250615;0.125308;-0.250615;
0.036250;0.539143;0.252687;0.126344;-0.252687;
0.036260;0.543248;0.254757;0.127379;-0.254757;
0.036270;0.547347;0.256824;0.128412;-0.256824;
0.036280;0.551441;0.258889;0.129445;-0.258889;
0.036290;0.555530;0.260951;0.130476;-0.260951;
0.036300;0.559613;0.263011;0.131505;-0.263011;
0.036310;0.563690;0.265068;0.132534;-0.265068;
0.036320;0.567762;0.267122;0.133561;-0.267122;
0.036330;0.571828;0.269174;0.134587;-0.269174;
0.036340;0.575889;0.271223;0.135612;-0.271223;
0.036350;0.579944;0.273270;0.136635;-0.273270;
0.036360;0.583993;0.275313;0.137657;-0.275313;
0.036370;0.588037;0.277354;0.138677;-0.277354;
0.036380;0.592074;0.279393;0.139696;-0.279393;
0.036390;0.596106;0.281428;0.140714;-0.281428;
0.036400;0.600132;0.283461;0.141730;-0.283461;
0.036410;0.604152;0.285491;0.142745;-0.285491;
0.036420;0.608166;0.287518;0.143759;-0.287518;
0.036430;0.612174;0.289542;0.144771;-0.289542;
0.036440;0.616176;0.291564;0.145782;-0.291564;
0.036450;0.620172;0.293582;0.146791;-0.293582;
0.036460;0.624162;0.295598;0.147799;-0.295598;
0.036470;0.628146;0.297611;0.148805;-0.297611;
0.036480;0.632123;0.299620;0.149810;-0.299620;
0.036490;0.636094;0.301627;0.150814;-0.301627;
0.036500;0.640059;0.303631;0.151816;-0.303631;
0.036510;0.644018;0.305632;0.152816;-0.305632;
0.036520;0.647970;0.307630;0.153815;-0.307630;
0.036530;0.651916;0.309625;0.154812;-0.309625;
0.036540;0.655856;0.311616;0.155808;-0.311616;
0.036550;0.659789;0.313605;0.156803;-0.313605;
0.036560;0.663715;0.315591;0.157795;-0.315591;
0.036570;0.667635;0.317573;0.158787;-0.317573;
0.036580;0.671548;0.319553;0.159776;-0.319553;
0.036590;0.675455;0.321529;0.160764;-0.321529;
0.036600;0.679355;0.323502;0.161751;-0.323502;
0.036610;0.683248;0.325472;0.162736;-0.325472;
0.036620;0.687135;0.327438;0.163719;-0.327438;
0.036630;0.691015;0.329402;0.164701;-0.329402;
0.036640;0.694888;0.331362;0.165681;-0.331362;
0.036650;0.698754;0.333319;0.166659;-0.333319;
0.036660;0.702613;0.335272;0.167636;-0.335272;
0.036670;0.706465;0.337222;0.168611;-0.337222;
0.036680;0.710311;0.339169;0.169585;-0.339169;
0.036690;0.714149;0.341113;0.170556;-0.341113;
0.036700;0.717980;0.343053;0.171527;-0.343053;
0.036710;0.721804;0.344990;0.172495;-0.344990;
0.036720;0.725622;0.346923;0.173462;-0.346923;
0.036730;0.729431;0.348853;0.174427;-0.348853;
0.036740;0.733234;0.350780;0.175390;-0.350780;
0.036750;0.737030;0.352703;0.176352;-0.352703;
0.036760;0.740818;0.354623;0.177311;-0.354623;
0.036770;0.744599;0.356539;0.178269;-0.356539;
0.036780;0.748372;0.358451;0.179226;-0.358451;
0.036790;0.752138;0.360360;0.180180;-0.360360;
0.036800;0.755897;0.362266;0.181133;-0.362266;
0.036810;0.759648;0.364168;0.182084;-0.364168;
0.036820;0.763392;0.366066;0.183033;-0.366066;
0.036830;0.767128;0.367961;0.183980;-0.367961;
0.036840;0.770857;0.369852;0.184926;-0.369852;
0.036850;0.774578;0.371739;0.185870;-0.371739;
0.036860;0.778291;0.373623;0.186812;-0.373623;
0.036870;0.781997;0.375503;0.187752;-0.375503;
0.036880;0.785695;0.377380;0.188690;-0.377380;
0.036890;0.789385;0.379252;0.189626;-0.379252;
0.036900;0.793068;0.381121;0.190561;-0.381121;
0.036910;0.796742;0.382986;0.191493;-0.382986;
0.036920;0.800409;0.384848;0.192424;-0.384848;
0.036930;0.804068;0.386705;0.193353;-0.386705;
0.036940;0.807719;0.388559;0.194280;-0.388559;
0.036950;0.811362;0.390409;0.195204;-0.390409;
0.036960;0.814997;0.392255;0.196127;-0.392255;
0.036970;0.818624;0.394097;0.197049;-0.394097;
0.036980;0.822242;0.395935;0.197968;-0.395935;
0.036990;0.825853;0.397770;0.198885;-0.397770;
0.037000;0.829456;0.399600;0.199800;-0.399600;
0.037010;0.833050;0.401427;0.200713;-0.401427;
0.037020;0.836636;0.403249;0.201625;-0.403249;
0.037030;0.840214;0.405068;0.202534;-0.405068;
0.037040;0.843784;0.406883;0.203441;-0.406883;
0.037050;0.847345;0.408693;0.204347;-0.408693;
0.037060;0.850898;0.410500;0.205250;-0.410500;
0.037070;0.854442;0.412302;0.206151;-0.412302;
0.037080;0.857978;0.414101;0.207050;-0.414101;
0.037090;0.861506;0.415895;0.207947;-0.415895;
0.037100;0.865025;0.417685;0.208843;-0.417685;
0.037110;0.868536;0.419471;0.209736;-0.419471;
0.037120;0.872038;0.421253;0.210627;-0.421253;
0.037130;0.875531;0.423031;0.211515;-0.423031;
0.037140;0.879016;0.424805;0.212402;-0.424805;
0.037150;0.882492;0.426574;0.213287;-0.426574;
0.037160;0.885959;0.428339;0.214170;-0.428339;
0.037170;0.889418;0.430100;0.215050;-0.430100;
0.037180;0.892868;0.431857;0.215929;-0.431857;
0.037190;0.896309;0.433610;0.216805;-0.433610;
0.037200;0.899741;0.435358;0.217679;-0.435358;
0.037210;0.903164;0.437102;0.218551;-0.437102;
0.037220;0.906579;0.438841;0.219421;-0.438841;
0.037230;0.909984;0.440577;0.220288;-0.440577;
0.037240;0.913380;0.442307;0.221154;-0.442307;
0.037250;0.916768;0.444034;0.222017;-0.444034;
0.037260;0.920146;0.445756;0.222878;-0.445756;
0.037270;0.923516;0.447474;0.223737;-0.447474;
0.037280;0.926876;0.449187;0.224594;-0.449187;
0.037290;0.930227;0.450896;0.225448;-0.450896;
0.037300;0.933569;0.452601;0.226300;-0.452601;
0.037310;0.936901;0.454301;0.227150;-0.454301;
0.037320;0.940225;0.455996;0.227998;-0.455996;
0.037330;0.943539;0.457687;0.228844;-0.457687;
0.037340;0.946844;0.459374;0.229687;-0.459374;
0.037350;0.950139;0.461056;0.230528;-0.461056;
0.037360;0.953425;0.462733;0.231367;-0.462733;
0.037370;0.956702;0.464406;0.232203;-0.464406;
0.037380;0.959969;0.466074;0.233037;-0.466074;
0.037390;0.963227;0.467738;0.233869;-0.467738;
0.037400;0.966475;0.469397;0.234698;-0.469397;
0.037410;0.969714;0.471051;0.235526;-0.471051;
0.037420;0.972943;0.472701;0.236351;-0.472701;
0.037430;0.976163;0.474346;0.237173;-0.474346;
0.037440;0.979373;0.475987;0.237993;-0.475987;
0.037450;0.982573;0.477622;0.238811;-0.477622;
0.037460;0.985763;0.479253;0.239627;-0.479253;
0.037470;0.988944;0.480880;0.240440;-0.480880;
0.037480;0.992115;0.482501;0.241251;-0.482501;
0.037490;0.995277;0.484118;0.242059;-0.484118;
0.037500;0.998428;0.485730;0.242865;-0.485730;
0.037510;1.001570;0.487337;0.243669;-0.487337;
0.037520;1.004701;0.488940;0.244470;-0.488940;
0.037530;1.007823;0.490537;0.245269;-0.490537;
0.037540;1.010935;0.492130;0.246065;-0.492130;
0.037550;1.014037;0.493718;0.246859;-0.493718;
0.037560;1.017129;0.495301;0.247650;-0.495301;
0.037570;1.020210;0.496879;0.248439;-0.496879;
0.037580;1.023282;0.498452;0.249226;-0.498452;
0.037590;1.026344;0.500020;0.250010;-0.500020;
0.037600;1.029395;0.501584;0.250792;-0.501584;
0.037610;1.032437;0.503142;0.251571;-0.503142;
0.037620;1.035468;0.504696;0.252348;-0.504696;
0.037630;1.038489;0.506244;0.253122;-0.506244;
0.037640;1.041500;0.507787;0.253894;-0.507787;
0.037650;1.044500;0.509326;0.254663;-0.509326;
0.037660;1.047490;0.510859;0.255430;-0.510859;
0.037670;1.050470;0.512388;0.256194;-0.512388;
0.037680;1.053439;0.513911;0.256955;-0.513911;
0.037690;1.056398;0.515429;0.257715;-0.515429;
0.037700;1.059347;0.516942;0.258471;-0.516942;
0.037710;1.062285;0.518450;0.259225;-0.518450;
0.037720;1.065213;0.519953;0.259977;-0.519953;
0.037730;1.068130;0.521451;0.260726;-0.521451;
0.037740;1.071036;0.522944;0.261472;-0.522944;
0.037750;1.073932;0.524431;0.262216;-0.524431;
0.037760;1.076818;0.525914;0.262957;-0.525914;
0.037770;1.079693;0.527391;0.263695;-0.527391;
0.037780;1.082557;0.528863;0.264431;-0.528863;
0.037790;1.085410;0.530329;0.265165;-0.530329;
0.037800;1.088253;0.531791;0.265895;-0.531791;
0.037810;1.091085;0.533247;0.266624;-0.533247;
0.037820;1.093906;0.534698;0.267349;-0.534698;
0.037830;1.096717;0.536144;0.268072;-0.536144;
0.037840;1.099516;0.537584;0.268792;-0.537584;
0.037850;1.102305;0.539019;0.269510;-0.539019;
0.037860;1.105083;0.540449;0.270225;-0.540449;
0.037870;1.107850;0.541873;0.270937;-0.541873;
0.037880;1.110606;0.543293;0.271646;-0.543293;
0.037890;1.113351;0.544706;0.272353;-0.544706;
0.037900;1.116085;0.546115;0.273057;-0.546115;
0.037910;1.118808;0.547518;0.273759;-0.547518;
0.037920;1.121520;0.548915;0.274458;-0.548915;
0.037930;1.124221;0.550307;0.275154;-0.550307;
0.037940;1.126911;0.551694;0.275847;-0.551694;
0.037950;1.129590;0.553075;0.276538;-0.553075;
0.037960;1.132257;0.554451;0.277226;-0.554451;
0.037970;1.134914;0.555821;0.277911;-0.555821;
0.037980;1.137559;0.557186;0.278593;-0.557186;
0.037990;1.140193;0.558546;0.279273;-0.558546;
0.038000;1.142816;0.559899;0.279950;-0.559899;
0.038010;1.145427;0.561248;0.280624;-0.561248;
0.038020;1.148027;0.562590;0.281295;-0.562590;
0.038030;1.150616;0.563928;0.281964;-0.563928;
0.038040;1.153194;0.565259;0.282630;-0.565259;
0.038050;1.155760;0.566585;0.283293;-0.566585;
0.038060;1.158314;0.567906;0.283953;-0.567906;
0.038070;1.160858;0.569221;0.284610;-0.569221;
0.038080;1.163389;0.570530;0.285265;-0.570530;
0.038090;1.165910;0.571834;0.285917;-0.571834;
0.038100;1.168418;0.573132;0.286566;-0.573132;
0.038110;1.170916;0.574424;0.287212;-0.574424;
0.038120;1.173401;0.575711;0.287855;-0.575711;
0.038130;1.175876;0.576992;0.288496;-0.576992;
0.038140;1.178338;0.578267;0.289133;-0.578267;
0.038150;1.180789;0.579536;0.289768;-0.579536;
0.038160;1.183228;0.580800;0.290400;-0.580800;
0.038170;1.185656;0.582058;0.291029;-0.582058;
0.038180;1.188072;0.583311;0.291655;-0.583311;
0.038190;1.190476;0.584557;0.292279;-0.584557;
0.038200;1.192868;0.585798;0.292899;-0.585798;
0.038210;1.195249;0.587033;0.293517;-0.587033;
0.038220;1.197618;0.588263;0.294131;-0.588263;
0.038230;1.199975;0.589486;0.294743;-0.589486;
0.038240;1.202320;0.590704;0.295352;-0.590704;
0.038250;1.204653;0.591915;0.295958;-0.591915;
0.038260;1.206974;0.593121;0.296561;-0.593121;
0.038270;1.209284;0.594322;0.297161;-0.594322;
0.038280;1.211582;0.595516;0.297758;-0.595516;
0.038290;1.213867;0.596704;0.298352;-0.596704;
0.038300;1.216141;0.597887;0.298943;-0.597887;
0.038310;1.218402;0.599063;0.299532;-0.599063;
0.038320;1.220652;0.600234;0.300117;-0.600234;
0.038330;1.222889;0.601399;0.300699;-0.601399;
0.038340;1.225115;0.602558;0.301279;-0.602558;
0.038350;1.227328;0.603710;0.301855;-0.603710;
0.038360;1.229530;0.604857;0.302429;-0.604857;
0.038370;1.231719;0.605998;0.302999;-0.605998;
0.038380;1.233896;0.607133;0.303567;-0.607133;
0.038390;1.236060;0.608262;0.304131;-0.608262;
0.038400;1.238213;0.609385;0.304693;-0.609385;
0.038410;1.240353;0.610502;0.305251;-0.610502;
0.038420;1.242482;0.611613;0.305806;-0.611613;
0.038430;1.244597;0.612718;0.306359;-0.612718;
0.038440;1.246701;0.613817;0.306908;-0.613817;
0.038450;1.248792;0.614910;0.307455;-0.614910;
0.038460;1.250871;0.615996;0.307998;-0.615996;
0.038470;1.252938;0.617077;0.308538;-0.617077;
0.038480;1.254992;0.618151;0.309076;-0.618151;
0.038490;1.257034;0.619220;0.309610;-0.619220;
0.038500;1.259063;0.620282;0.310141;-0.620282;
0.038510;1.261080;0.621338;0.310669;-0.621338;
0.038520;1.263085;0.622388;0.311194;-0.622388;
0.038530;1.265077;0.623432;0.311716;-0.623432;
0.038540;1.267057;0.624470;0.312235;-0.624470;
0.038550;1.269024;0.625502;0.312751;-0.625502;
0.038560;1.270979;0.626527;0.313264;-0.626527;
0.038570;1.272921;0.627547;0.313773;-0.627547;
0.038580;1.274850;0.628560;0.314280;-0.628560;
0.038590;1.276767;0.629566;0.314783;-0.629566;
0.038600;1.278671;0.630567;0.315284;-0.630567;
0.038610;1.280563;0.631562;0.315781;-0.631562;
0.038620;1.282442;0.632550;0.316275;-0.632550;
0.038630;1.284308;0.633532;0.316766;-0.633532;
0.038640;1.286162;0.634507;0.317254;-0.634507;
0.038650;1.288003;0.635477;0.317738;-0.635477;
0.038660;1.289831;0.636440;0.318220;-0.636440;
0.038670;1.291647;0.637397;0.318698;-0.637397;
0.038680;1.293450;0.638347;0.319174;-0.638347;
0.038690;1.295240;0.639292;0.319646;-0.639292;
0.038700;1.297017;0.640230;0.320115;-0.640230;
0.038710;1.298782;0.641161;0.320581;-0.641161;
0.038720;1.300533;0.642087;0.321043;-0.642087;
0.038730;1.302272;0.643006;0.321503;-0.643006;
0.038740;1.303998;0.643918;0.321959;-0.643918;
0.038750;1.305711;0.644825;0.322412;-0.644825;
0.038760;1.307411;0.645725;0.322862;-0.645725;
0.038770;1.309099;0.646618;0.323309;-0.646618;
0.038780;1.310773;0.647505;0.323753;-0.647505;
0.038790;1.312435;0.648386;0.324193;-0.648386;
0.038800;1.314083;0.649261;0.324630;-0.649261;
0.038810;1.315719;0.650128;0.325064;-0.650128;
0.038820;1.317341;0.650990;0.325495;-0.650990;
0.038830;1.318951;0.651845;0.325923;-0.651845;
0.038840;1.320547;0.652694;0.326347;-0.652694;
0.038850;1.322131;0.653536;0.326768;-0.653536;
0.038860;1.323701;0.654372;0.327186;-0.654372;
0.038870;1.325259;0.655201;0.327601;-0.655201;
0.038880;1.326803;0.656024;0.328012;-0.656024;
0.038890;1.328334;0.656841;0.328420;-0.656841;
0.038900;1.329852;0.657651;0.328825;-0.657651;
0.038910;1.331357;0.658454;0.329227;-0.658454;
0.038920;1.332849;0.659251;0.329625;-0.659251;
0.038930;1.334328;0.660041;0.330021;-0.660041;
0.038940;1.335793;0.660825;0.330413;-0.660825;
0.038950;1.337246;0.661603;0.330801;-0.661603;
0.038960;1.338685;0.662374;0.331187;-0.662374;
0.038970;1.340111;0.663138;0.331569;-0.663138;
0.038980;1.341523;0.663896;0.331948;-0.663896;
0.038990;1.342923;0.664647;0.332323;-0.664647;
0.039000;1.344309;0.665392;0.332696;-0.665392;
0.039010;1.345682;0.666130;0.333065;-0.666130;
0.039020;1.347041;0.666861;0.333431;-0.666861;
0.039030;1.348388;0.667586;0.333793;-0.667586;
0.039040;1.349721;0.668305;0.334152;-0.668305;
0.039050;1.351041;0.669016;0.334508;-0.669016;
0.039060;1.352347;0.669721;0.334861;-0.669721;
0.039070;1.353640;0.670420;0.335210;-0.670420;
0.039080;1.354920;0.671112;0.335556;-0.671112;
0.039090;1.356186;0.671797;0.335899;-0.671797;
0.039100;1.357439;0.672476;0.336238;-0.672476;
0.039110;1.358678;0.673148;0.336574;-0.673148;
0.039120;1.359905;0.673813;0.336907;-0.673813;
0.039130;1.361117;0.674472;0.337236;-0.674472;
0.039140;1.362317;0.675124;0.337562;-0.675124;
0.039150;1.363502;0.675770;0.337885;-0.675770;
0.039160;1.364675;0.676408;0.338204;-0.676408;
0.039170;1.365834;0.677041;0.338520;-0.677041;
0.039180;1.366979;0.677666;0.338833;-0.677666;
0.039190;1.368111;0.678285;0.339142;-0.678285;
0.039200;1.369229;0.678897;0.339448;-0.678897;
0.039210;1.370334;0.679502;0.339751;-0.679502;
0.039220;1.371426;0.680101;0.340050;-0.680101;
0.039230;1.372503;0.680692;0.340346;-0.680692;
0.039240;1.373568;0.681278;0.340639;-0.681278;
0.039250;1.374618;0.681856;0.340928;-0.681856;
0.039260;1.375656;0.682428;0.341214;-0.682428;
0.039270;1.376679;0.682993;0.341496;-0.682993;
0.039280;1.377689;0.683551;0.341776;-0.683551;
0.039290;1.378686;0.684103;0.342051;-0.684103;
0.039300;1.379668;0.684647;0.342324;-0.684647;
0.039310;1.380638;0.685185;0.342593;-0.685185;
0.039320;1.381593;0.685717;0.342858;-0.685717;
0.039330;1.382535;0.686241;0.343121;-0.686241;
0.039340;1.383463;0.686759;0.343379;-0.686759;
0.039350;1.384378;0.687270;0.343635;-0.687270;
0.039360;1.385279;0.687774;0.343887;-0.687774;
0.039370;1.386166;0.688271;0.344136;-0.688271;
0.039380;1.387040;0.688762;0.344381;-0.688762;
0.039390;1.387900;0.689245;0.344623;-0.689245;
0.039400;1.388746;0.689722;0.344861;-0.689722;
0.039410;1.389578;0.690193;0.345096;-0.690193;
0.039420;1.390397;0.690656;0.345328;-0.690656;
0.039430;1.391202;0.691112;0.345556;-0.691112;
0.039440;1.391994;0.691562;0.345781;-0.691562;
0.039450;1.392771;0.692005;0.346002;-0.692005;
0.039460;1.393535;0.692441;0.346221;-0.692441;
0.039470;1.394285;0.692870;0.346435;-0.692870;
0.039480;1.395022;0.693293;0.346646;-0.693293;
0.039490;1.395744;0.693708;0.346854;-0.693708;
0.039500;1.396453;0.694117;0.347058;-0.694117;
0.039510;1.397148;0.694519;0.347259;-0.694519;
0.039520;1.397829;0.694914;0.347457;-0.694914;
0.039530;1.398497;0.695302;0.347651;-0.695302;
0.039540;1.399150;0.695683;0.347841;-0.695683;
0.039550;1.399790;0.696057;0.348029;-0.696057;
0.039560;1.400416;0.696425;0.348212;-0.696425;
0.039570;1.401028;0.696786;0.348393;-0.696786;
0.039580;1.401627;0.697139;0.348570;-0.697139;
0.039590;1.402211;0.697486;0.348743;-0.697486;
0.039600;1.402782;0.697826;0.348913;-0.697826;
0.039610;1.403339;0.698159;0.349080;-0.698159;
0.039620;1.403882;0.698486;0.349243;-0.698486;
0.039630;1.404411;0.698805;0.349402;-0.698805;
0.039640;1.404926;0.699117;0.349559;-0.699117;
0.039650;1.405428;0.699423;0.349711;-0.699423;
0.039660;1.405915;0.699721;0.349861;-0.699721;
0.039670;1.406389;0.700013;0.350007;-0.700013;
0.039680;1.406849;0.700298;0.350149;-0.700298;
0.039690;1.407294;0.700576;0.350288;-0.700576;
0.039700;1.407726;0.700847;0.350423;-0.700847;
0.039710;1.408145;0.701111;0.350555;-0.701111;
0.039720;1.408549;0.701368;0.350684;-0.701368;
0.039730;1.408939;0.701618;0.350809;-0.701618;
0.039740;1.409315;0.701862;0.350931;-0.701862;
0.039750;1.409678;0.702098;0.351049;-0.702098;
0.039760;1.410027;0.702327;0.351164;-0.702327;
0.039770;1.410361;0.702550;0.351275;-0.702550;
0.039780;1.410682;0.702766;0.351383;-0.702766;
0.039790;1.410989;0.702974;0.351487;-0.702974;
0.039800;1.411282;0.703176;0.351588;-0.703176;
0.039810;1.411561;0.703371;0.351685;-0.703371;
0.039820;1.411826;0.703559;0.351779;-0.703559;
0.039830;1.412077;0.703739;0.351870;-0.703739;
0.039840;1.412314;0.703913;0.351957;-0.703913;
0.039850;1.412537;0.704080;0.352040;-0.704080;
0.039860;1.412747;0.704240;0.352120;-0.704240;
0.039870;1.412942;0.704394;0.352197;-0.704394;
0.039880;1.413123;0.704540;0.352270;-0.704540;
0.039890;1.413291;0.704679;0.352339;-0.704679;
0.039900;1.413444;0.704811;0.352406;-0.704811;
0.039910;1.413584;0.704936;0.352468;-0.704936;
0.039920;1.413709;0.705055;0.352527;-0.705055;
0.039930;1.413821;0.705166;0.352583;-0.705166;
0.039940;1.413919;0.705270;0.352635;-0.705270;
0.039950;1.414002;0.705368;0.352684;-0.705368;
0.039960;1.414072;0.705458;0.352729;-0.705458;
0.039970;1.414128;0.705542;0.352771;-0.705542;
0.039980;1.414170;0.705618;0.352809;-0.705618;
0.039990;1.414198;0.705688;0.352844;-0.705688;
0.040000;1.414212;0.705751;0.352875;-0.705751;
0.040010;1.414212;0.705806;0.352903;-0.705806;
0.040020;1.414198;0.705855;0.352927;-0.705855;
0.040030;1.414170;0.705897;0.352948;-0.705897;
0.040040;1.414128;0.705931;0.352966;-0.705931;
0.040050;1.414072;0.705959;0.352980;-0.705959;
0.040060;1.414002;0.705980;0.352990;-0.705980;
0.040070;1.413919;0.705994;0.352997;-0.705994;
0.040080;1.413821;0.706001;0.353000;-0.706001;
0.040090;1.413709;0.706001;0.353000;-0.706001;
0.040100;1.413584;0.705994;0.352997;-0.705994;
0.040110;1.413444;0.705980;0.352990;-0.705980;
0.040120;1.413291;0.705959;0.352979;-0.705959;
0.040130;1.413123;0.705931;0.352965;-0.705931;
0.040140;1.412942;0.705896;0.352948;-0.705896;
0.040150;1.412747;0.705854;0.352927;-0.705854;
0.040160;1.412537;0.705805;0.352903;-0.705805;
0.040170;1.412314;0.705749;0.352875;-0.705749;
0.040180;1.412077;0.705686;0.352843;-0.705686;
0.040190;1.411826;0.705617;0.352808;-0.705617;
0.040200;1.411561;0.705540;0.352770;-0.705540;
0.040210;1.411282;0.705456;0.352728;-0.705456;
0.040220;1.410989;0.705366;0.352683;-0.705366;
0.040230;1.410682;0.705268;0.352634;-0.705268;
0.040240;1.410361;0.705163;0.352582;-0.705163;
0.040250;1.410027;0.705052;0.352526;-0.705052;
0.040260;1.409678;0.704933;0.352467;-0.704933;
0.040270;1.409315;0.704808;0.352404;-0.704808;
0.040280;1.408939;0.704676;0.352338;-0.704676;
0.040290;1.408549;0.704536;0.352268;-0.704536;
0.040300;1.408145;0.704390;0.352195;-0.704390;
0.040310;1.407726;0.704237;0.352118;-0.704237;
0.040320;1.407294;0.704077;0.352038;-0.704077;
0.040330;1.406849;0.703909;0.351955;-0.703909;
0.040340;1.406389;0.703735;0.351868;-0.703735;
0.040350;1.405915;0.703554;0.351777;-0.703554;
0.040360;1.405428;0.703366;0.351683;-0.703366;
0.040370;1.404926;0.703171;0.351586;-0.703171;
0.040380;1.404411;0.702969;0.351485;-0.702969;
0.040390;1.403882;0.702761;0.351380;-0.702761;
0.040400;1.403339;0.702545;0.351272;-0.702545;
0.040410;1.402782;0.702322;0.351161;-0.702322;
0.040420;1.402211;0.702093;0.351046;-0.702093;
0.040430;1.401627;0.701856;0.350928;-0.701856;
0.040440;1.401028;0.701613;0.350806;-0.701613;
0.040450;1.400416;0.701362;0.350681;-0.701362;
0.040460;1.399790;0.701105;0.350552;-0.701105;
0.040470;1.399150;0.700841;0.350420;-0.700841;
0.040480;1.398497;0.700570;0.350285;-0.700570;
0.040490;1.397829;0.700291;0.350146;-0.700291;
0.040500;1.397148;0.700006;0.350003;-0.700006;
0.040510;1.396453;0.699715;0.349857;-0.699715;
0.040520;1.395744;0.699416;0.349708;-0.699416;
0.040530;1.395022;0.699110;0.349555;-0.699110;
0.040540;1.394285;0.698798;0.349399;-0.698798;
0.040550;1.393535;0.698478;0.349239;-0.698478;
0.040560;1.392771;0.698152;0.349076;-0.698152;
0.040570;1.391994;0.697818;0.348909;-0.697818;
0.040580;1.391202;0.697478;0.348739;-0.697478;
0.040590;1.390397;0.697131;0.348566;-0.697131;
0.040600;1.389578;0.696777;0.348389;-0.696777;
0.040610;1.388746;0.696416;0.348208;-0.696416;
0.040620;1.387900;0.696049;0.348024;-0.696049;
0.040630;1.387040;0.695674;0.347837;-0.695674;
0.040640;1.386166;0.695293;0.347646;-0.695293;
0.040650;1.385279;0.694904;0.347452;-0.694904;
0.040660;1.384378;0.694509;0.347255;-0.694509;
0.040670;1.383463;0.694107;0.347054;-0.694107;
0.040680;1.382535;0.693699;0.346849;-0.693699;
0.040690;1.381593;0.693283;0.346641;-0.693283;
0.040700;1.380638;0.692860;0.346430;-0.692860;
0.040710;1.379668;0.692431;0.346215;-0.692431;
0.040720;1.378686;0.691995;0.345997;-0.691995;
0.040730;1.377689;0.691552;0.345776;-0.691552;
0.040740;1.376679;0.691102;0.345551;-0.691102;
0.040750;1.375656;0.690645;0.345323;-0.690645;
0.040760;1.374618;0.690182;0.345091;-0.690182;
0.040770;1.373568;0.689711;0.344856;-0.689711;
0.040780;1.372503;0.689234;0.344617;-0.689234;
0.040790;1.371426;0.688750;0.344375;-0.688750;
0.040800;1.370334;0.688260;0.344130;-0.688260;
0.040810;1.369229;0.687762;0.343881;-0.687762;
0.040820;1.368111;0.687258;0.343629;-0.687258;
0.040830;1.366979;0.686747;0.343373;-0.686747;
0.040840;1.365834;0.686229;0.343114;-0.686229;
0.040850;1.364675;0.685704;0.342852;-0.685704;
0.040860;1.363502;0.685173;0.342586;-0.685173;
0.040870;1.362317;0.684635;0.342317;-0.684635;
0.040880;1.361117;0.684090;0.342045;-0.684090;
0.040890;1.359905;0.683538;0.341769;-0.683538;
0.040900;1.358678;0.682980;0.341490;-0.682980;
0.040910;1.357439;0.682415;0.341207;-0.682415;
0.040920;1.356186;0.681843;0.340921;-0.681843;
0.040930;1.354920;0.681264;0.340632;-0.681264;
0.040940;1.353640;0.680679;0.340339;-0.680679;
0.040950;1.352347;0.680087;0.340043;-0.680087;
0.040960;1.351041;0.679488;0.339744;-0.679488;
0.040970;1.349721;0.678882;0.339441;-0.678882;
0.040980;1.348388;0.678270;0.339135;-0.678270;
0.040990;1.347041;0.677651;0.338826;-0.677651;
0.041000;1.345682;0.677026;0.338513;-0.677026;
0.041010;1.344309;0.676394;0.338197;-0.676394;
0.041020;1.342923;0.675755;0.337877;-0.675755;
0.041030;1.341523;0.675109;0.337555;-0.675109;
0.041040;1.340111;0.674457;0.337228;-0.674457;
0.041050;1.338685;0.673798;0.336899;-0.673798;
0.041060;1.337246;0.673132;0.336566;-0.673132;
0.041070;1.335793;0.672460;0.336230;-0.672460;
0.041080;1.334328;0.671781;0.335891;-0.671781;
0.041090;1.332849;0.671096;0.335548;-0.671096;
0.041100;1.331357;0.670404;0.335202;-0.670404;
0.041110;1.329852;0.669705;0.334853;-0.669705;
0.041120;1.328334;0.669000;0.334500;-0.669000;
0.041130;1.326803;0.668288;0.334144;-0.668288;
0.041140;1.325259;0.667569;0.333785;-0.667569;
0.041150;1.323701;0.666844;0.333422;-0.666844;
0.041160;1.322131;0.666113;0.333056;-0.666113;
0.041170;1.320547;0.665374;0.332687;-0.665374;
0.041180;1.318951;0.664629;0.332315;-0.664629;
0.041190;1.317341;0.663878;0.331939;-0.663878;
0.041200;1.315719;0.663120;0.331560;-0.663120;
0.041210;1.314083;0.662356;0.331178;-0.662356;
0.041220;1.312435;0.661585;0.330792;-0.661585;
0.041230;1.310773;0.660807;0.330404;-0.660807;
0.041240;1.309099;0.660023;0.330012;-0.660023;
0.041250;1.307411;0.659232;0.329616;-0.659232;
0.041260;1.305711;0.658435;0.329218;-0.658435;
0.041270;1.303998;0.657632;0.328816;-0.657632;
0.041280;1.302272;0.656822;0.328411;-0.656822;
0.041290;1.300533;0.656005;0.328003;-0.656005;
0.041300;1.298782;0.655182;0.327591;-0.655182;
0.041310;1.297017;0.654353;0.327176;-0.654353;
0.041320;1.295240;0.653517;0.326758;-0.653517;
0.041330;1.293450;0.652674;0.326337;-0.652674;
0.041340;1.291647;0.651825;0.325913;-0.651825;
0.041350;1.289831;0.650970;0.325485;-0.650970;
0.041360;1.288003;0.650108;0.325054;-0.650108;
0.041370;1.286162;0.649240;0.324620;-0.649240;
0.041380;1.284308;0.648366;0.324183;-0.648366;
0.041390;1.282442;0.647485;0.323742;-0.647485;
0.041400;1.280563;0.646597;0.323299;-0.646597;
0.041410;1.278671;0.645704;0.322852;-0.645704;
0.041420;1.276767;0.644804;0.322402;-0.644804;
0.041430;1.274850;0.643897;0.321949;-0.643897;
0.041440;1.272921;0.642984;0.321492;-0.642984;
0.041450;1.270979;0.642065;0.321033;-0.642065;
0.041460;1.269024;0.641140;0.320570;-0.641140;
0.041470;1.267057;0.640208;0.320104;-0.640208;
0.041480;1.265077;0.639270;0.319635;-0.639270;
0.041490;1.263085;0.638325;0.319163;-0.638325;
0.041500;1.261080;0.637375;0.318687;-0.637375;
0.041510;1.259063;0.636418;0.318209;-0.636418;
0.041520;1.257034;0.635454;0.317727;-0.635454;
0.041530;1.254992;0.634485;0.317242;-0.634485;
0.041540;1.252938;0.633509;0.316754;-0.633509;
0.041550;1.250871;0.632527;0.316263;-0.632527;
0.041560;1.248792;0.631538;0.315769;-0.631538;
0.041570;1.246701;0.630544;0.315272;-0.630544;
0.041580;1.244597;0.629543;0.314772;-0.629543;
0.041590;1.242482;0.628536;0.314268;-0.628536;
0.041600;1.240353;0.627523;0.313761;-0.627523;
0.041610;1.238213;0.626503;0.313252;-0.626503;
0.041620;1.236060;0.625478;0.312739;-0.625478;
0.041630;1.233896;0.624446;0.312223;-0.624446;
0.041640;1.231719;0.623408;0.311704;-0.623408;
0.041650;1.229530;0.622364;0.311182;-0.622364;
0.041660;1.227328;0.621314;0.310657;-0.621314;
0.041670;1.225115;0.620257;0.310129;-0.620257;
0.041680;1.222889;0.619195;0.309598;-0.619195;
0.041690;1.220652;0.618126;0.309063;-0.618126;
0.041700;1.218402;0.617052;0.308526;-0.617052;
0.041710;1.216141;0.615971;0.307985;-0.615971;
0.041720;1.213867;0.614884;0.307442;-0.614884;
0.041730;1.211582;0.613791;0.306896;-0.613791;
0.041740;1.209284;0.612692;0.306346;-0.612692;
0.041750;1.206974;0.611587;0.305794;-0.611587;
0.041760;1.204653;0.610476;0.305238;-0.610476;
0.041770;1.202320;0.609359;0.304680;-0.609359;
0.041780;1.199975;0.608236;0.304118;-0.608236;
0.041790;1.197618;0.607107;0.303553;-0.607107;
0.041800;1.195249;0.605972;0.302986;-0.605972;
0.041810;1.192868;0.604831;0.302415;-0.604831;
0.041820;1.190476;0.603684;0.301842;-0.603684;
0.041830;1.188072;0.602531;0.301265;-0.602531;
0.041840;1.185656;0.601372;0.300686;-0.601372;
0.041850;1.183228;0.600207;0.300103;-0.600207;
0.041860;1.180789;0.599036;0.299518;-0.599036;
0.041870;1.178338;0.597859;0.298930;-0.597859;
0.041880;1.175876;0.596677;0.298338;-0.596677;
0.041890;1.173401;0.595488;0.297744;-0.595488;
0.041900;1.170916;0.594294;0.297147;-0.594294;
0.041910;1.168418;0.593093;0.296547;-0.593093;
0.041920;1.165910;0.591887;0.295944;-0.591887;
0.041930;1.163389;0.590675;0.295338;-0.590675;
0.041940;1.160858;0.589458;0.294729;-0.589458;
0.041950;1.158314;0.588234;0.294117;-0.588234;
0.041960;1.155760;0.587005;0.293502;-0.587005;
0.041970;1.153194;0.585769;0.292885;-0.585769;
0.041980;1.150616;0.584528;0.292264;-0.584528;
0.041990;1.148027;0.583282;0.291641;-0.583282;
0.042000;1.145427;0.582029;0.291015;-0.582029;
0.042010;1.142816;0.580771;0.290385;-0.580771;
0.042020;1.140193;0.579507;0.289753;-0.579507;
0.042030;1.137559;0.578237;0.289119;-0.578237;
0.042040;1.134914;0.576962;0.288481;-0.576962;
0.042050;1.132257;0.575681;0.287840;-0.575681;
0.042060;1.129590;0.574394;0.287197;-0.574394;
0.042070;1.126911;0.573101;0.286551;-0.573101;
0.042080;1.124221;0.571803;0.285902;-0.571803;
0.042090;1.121520;0.570500;0.285250;-0.570500;
0.042100;1.118808;0.569190;0.284595;-0.569190;
0.042110;1.116085;0.567875;0.283938;-0.567875;
0.042120;1.113351;0.566555;0.283277;-0.566555;
0.042130;1.110606;0.565228;0.282614;-0.565228;
0.042140;1.107850;0.563897;0.281948;-0.563897;
0.042150;1.105083;0.562559;0.281280;-0.562559;
0.042160;1.102305;0.561216;0.280608;-0.561216;
0.042170;1.099516;0.559868;0.279934;-0.559868;
0.042180;1.096717;0.558514;0.279257;-0.558514;
0.042190;1.093906;0.557154;0.278577;-0.557154;
0.042200;1.091085;0.555789;0.277895;-0.555789;
0.042210;1.088253;0.554419;0.277210;-0.554419;
0.042220;1.085410;0.553043;0.276522;-0.553043;
0.042230;1.082557;0.551662;0.275831;-0.551662;
0.042240;1.079693;0.550275;0.275137;-0.550275;
0.042250;1.076818;0.548883;0.274441;-0.548883;
0.042260;1.073932;0.547485;0.273742;-0.547485;
0.042270;1.071036;0.546082;0.273041;-0.546082;
0.042280;1.068130;0.544673;0.272337;-0.544673;
0.042290;1.065213;0.543260;0.271630;-0.543260;
0.042300;1.062285;0.541840;0.270920;-0.541840;
0.042310;1.059347;0.540416;0.270208;-0.540416;
0.042320;1.056398;0.538986;0.269493;-0.538986;
0.042330;1.053439;0.537551;0.268775;-0.537551;
0.042340;1.050470;0.536110;0.268055;-0.536110;
0.042350;1.047490;0.534664;0.267332;-0.534664;
0.042360;1.044500;0.533213;0.266607;-0.533213;
0.042370;1.041500;0.531757;0.265878;-0.531757;
0.042380;1.038489;0.530295;0.265148;-0.530295;
0.042390;1.035468;0.528828;0.264414;-0.528828;
0.042400;1.032437;0.527356;0.263678;-0.527356;
0.042410;1.029395;0.525879;0.262940;-0.525879;
0.042420;1.026344;0.524397;0.262198;-0.524397;
0.042430;1.023282;0.522909;0.261455;-0.522909;
0.042440;1.020210;0.521416;0.260708;-0.521416;
0.042450;1.017129;0.519918;0.259959;-0.519918;
0.042460;1.014037;0.518415;0.259208;-0.518415;
0.042470;1.010935;0.516907;0.258454;-0.516907;
0.042480;1.007823;0.515394;0.257697;-0.515394;
0.042490;1.004701;0.513876;0.256938;-0.513876;
0.042500;1.001570;0.512352;0.256176;-0.512352;
0.042510;0.998428;0.510824;0.255412;-0.510824;
0.042520;0.995277;0.509290;0.254645;-0.509290;
0.042530;0.992115;0.507751;0.253876;-0.507751;
0.042540;0.988944;0.506208;0.253104;-0.506208;
0.042550;0.985763;0.504659;0.252330;-0.504659;
0.042560;0.982573;0.503106;0.251553;-0.503106;
0.042570;0.979373;0.501547;0.250774;-0.501547;
0.042580;0.976163;0.499984;0.249992;-0.499984;
0.042590;0.972943;0.498415;0.249208;-0.498415;
0.042600;0.969714;0.496842;0.248421;-0.496842;
0.042610;0.966475;0.495264;0.247632;-0.495264;
0.042620;0.963227;0.493681;0.246840;-0.493681;
0.042630;0.959969;0.492093;0.246046;-0.492093;
0.042640;0.956702;0.490500;0.245250;-0.490500;
0.042650;0.953425;0.488902;0.244451;-0.488902;
0.042660;0.950139;0.487300;0.243650;-0.487300;
0.042670;0.946844;0.485692;0.242846;-0.485692;
0.042680;0.943539;0.484080;0.242040;-0.484080;
0.042690;0.940225;0.482463;0.241232;-0.482463;
0.042700;0.936901;0.480842;0.240421;-0.480842;
0.042710;0.933569;0.479215;0.239608;-0.479215;
0.042720;0.930227;0.477584;0.238792;-0.477584;
0.042730;0.926876;0.475948;0.237974;-0.475948;
0.042740;0.923516;0.474308;0.237154;-0.474308;
0.042750;0.920146;0.472663;0.236331;-0.472663;
0.042760;0.916768;0.471013;0.235506;-0.471013;
0.042770;0.913380;0.469358;0.234679;-0.469358;
0.042780;0.909984;0.467699;0.233850;-0.467699;
0.042790;0.906579;0.466035;0.233018;-0.466035;
0.042800;0.903164;0.464367;0.232184;-0.464367;
0.042810;0.899741;0.462694;0.231347;-0.462694;
0.042820;0.896309;0.461017;0.230508;-0.461017;
0.042830;0.892868;0.459334;0.229667;-0.459334;
0.042840;0.889418;0.457648;0.228824;-0.457648;
0.042850;0.885959;0.455957;0.227978;-0.455957;
0.042860;0.882492;0.454261;0.227131;-0.454261;
0.042870;0.879016;0.452561;0.226280;-0.452561;
0.042880;0.875531;0.450856;0.225428;-0.450856;
0.042890;0.872038;0.449147;0.224574;-0.449147;
0.042900;0.868536;0.447434;0.223717;-0.447434;
0.042910;0.865025;0.445716;0.222858;-0.445716;
0.042920;0.861506;0.443994;0.221997;-0.443994;
0.042930;0.857978;0.442267;0.221134;-0.442267;
0.042940;0.854442;0.440536;0.220268;-0.440536;
0.042950;0.850898;0.438801;0.219400;-0.438801;
0.042960;0.847345;0.437061;0.218531;-0.437061;
0.042970;0.843784;0.435317;0.217659;-0.435317;
0.042980;0.840214;0.433569;0.216784;-0.433569;
0.042990;0.836636;0.431816;0.215908;-0.431816;
0.043000;0.833050;0.430059;0.215030;-0.430059;
0.043010;0.829456;0.428298;0.214149;-0.428298;
0.043020;0.825853;0.426533;0.213266;-0.426533;
0.043030;0.822242;0.424763;0.212382;-0.424763;
0.043040;0.818624;0.422990;0.211495;-0.422990;
0.043050;0.814997;0.421212;0.210606;-0.421212;
0.043060;0.811362;0.419430;0.209715;-0.419430;
0.043070;0.807719;0.417643;0.208822;-0.417643;
0.043080;0.804068;0.415853;0.207927;-0.415853;
0.043090;0.800409;0.414059;0.207029;-0.414059;
0.043100;0.796742;0.412260;0.206130;-0.412260;
0.043110;0.793068;0.410458;0.205229;-0.410458;
0.043120;0.789385;0.408651;0.204325;-0.408651;
0.043130;0.785695;0.406840;0.203420;-0.406840;
0.043140;0.781997;0.405026;0.202513;-0.405026;
0.043150;0.778291;0.403207;0.201603;-0.403207;
0.043160;0.774578;0.401384;0.200692;-0.401384;
0.043170;0.770857;0.399558;0.199779;-0.399558;
0.043180;0.767128;0.397727;0.198864;-0.397727;
0.043190;0.763392;0.395893;0.197946;-0.395893;
0.043200;0.759648;0.394054;0.197027;-0.394054;
0.043210;0.755897;0.392212;0.196106;-0.392212;
0.043220;0.752138;0.390366;0.195183;-0.390366;
0.043230;0.748372;0.388516;0.194258;-0.388516;
0.043240;0.744599;0.386662;0.193331;-0.386662;
0.043250;0.740818;0.384804;0.192402;-0.384804;
0.043260;0.737030;0.382943;0.191471;-0.382943;
0.043270;0.733234;0.381078;0.190539;-0.381078;
0.043280;0.729431;0.379209;0.189604;-0.379209;
0.043290;0.725622;0.377336;0.188668;-0.377336;
0.043300;0.721804;0.375459;0.187730;-0.375459;
0.043310;0.717980;0.373579;0.186790;-0.373579;
0.043320;0.714149;0.371695;0.185848;-0.371695;
0.043330;0.710311;0.369808;0.184904;-0.369808;
0.043340;0.706465;0.367917;0.183958;-0.367917;
0.043350;0.702613;0.366022;0.183011;-0.366022;
0.043360;0.698754;0.364124;0.182062;-0.364124;
0.043370;0.694888;0.362222;0.181111;-0.362222;
0.043380;0.691015;0.360316;0.180158;-0.360316;
0.043390;0.687135;0.358407;0.179203;-0.358407;
0.043400;0.683248;0.356494;0.178247;-0.356494;
0.043410;0.679355;0.354578;0.177289;-0.354578;
0.043420;0.675455;0.352658;0.176329;-0.352658;
0.043430;0.671548;0.350735;0.175368;-0.350735;
0.043440;0.667635;0.348808;0.174404;-0.348808;
0.043450;0.663715;0.346878;0.173439;-0.346878;
0.043460;0.659789;0.344945;0.172472;-0.344945;
0.043470;0.655856;0.343008;0.171504;-0.343008;
0.043480;0.651916;0.341068;0.170534;-0.341068;
0.043490;0.647970;0.339124;0.169562;-0.339124;
0.043500;0.644018;0.337177;0.168588;-0.337177;
0.043510;0.640059;0.335227;0.167613;-0.335227;
0.043520;0.636094;0.333273;0.166636;-0.333273;
0.043530;0.632123;0.331316;0.165658;-0.331316;
0.043540;0.628146;0.329356;0.164678;-0.329356;
0.043550;0.624162;0.327392;0.163696;-0.327392;
0.043560;0.620172;0.325426;0.162713;-0.325426;
0.043570;0.616176;0.323456;0.161728;-0.323456;
0.043580;0.612174;0.321483;0.160741;-0.321483;
0.043590;0.608166;0.319506;0.159753;-0.319506;
0.043600;0.604152;0.317527;0.158764;-0.317527;
0.043610;0.600132;0.315544;0.157772;-0.315544;
0.043620;0.596106;0.313559;0.156779;-0.313559;
0.043630;0.592074;0.311570;0.155785;-0.311570;
0.043640;0.588037;0.309578;0.154789;-0.309578;
0.043650;0.583993;0.307583;0.153792;-0.307583;
0.043660;0.579944;0.305585;0.152793;-0.305585;
0.043670;0.575889;0.303584;0.151792;-0.303584;
0.043680;0.571828;0.301581;0.150790;-0.301581;
0.043690;0.567762;0.299574;0.149787;-0.299574;
0.043700;0.563690;0.297564;0.148782;-0.297564;
0.043710;0.559613;0.295551;0.147775;-0.295551;
0.043720;0.555530;0.293535;0.146768;-0.293535;
0.043730;0.551441;0.291517;0.145758;-0.291517;
0.043740;0.547347;0.289495;0.144748;-0.289495;
0.043750;0.543248;0.287471;0.143735;-0.287471;
0.043760;0.539143;0.285444;0.142722;-0.285444;
0.043770;0.535033;0.283414;0.141707;-0.283414;
0.043780;0.530918;0.281381;0.140690;-0.281381;
0.043790;0.526797;0.279345;0.139673;-0.279345;
0.043800;0.522672;0.277307;0.138653;-0.277307;
0.043810;0.518541;0.275266;0.137633;-0.275266;
0.043820;0.514405;0.273222;0.136611;-0.273222;
0.043830;0.510264;0.271175;0.135588;-0.271175;
0.043840;0.506117;0.269126;0.134563;-0.269126;
0.043850;0.501966;0.267074;0.133537;-0.267074;
0.043860;0.497810;0.265020;0.132510;-0.265020;
0.043870;0.493649;0.262963;0.131481;-0.262963;
0.043880;0.489483;0.260903;0.130452;-0.260903;
0.043890;0.485313;0.258841;0.129421;-0.258841;
0.043900;0.481137;0.256776;0.128388;-0.256776;
0.043910;0.476957;0.254709;0.127354;-0.254709;
0.043920;0.472772;0.252639;0.126320;-0.252639;
0.043930;0.468583;0.250567;0.125283;-0.250567;
0.043940;0.464388;0.248492;0.124246;-0.248492;
0.043950;0.460190;0.246415;0.123207;-0.246415;
0.043960;0.455986;0.244335;0.122167;-0.244335;
0.043970;0.451778;0.242253;0.121126;-0.242253;
0.043980;0.447566;0.240168;0.120084;-0.240168;
0.043990;0.443349;0.238081;0.119041;-0.238081;
0.044000;0.439128;0.235992;0.117996;-0.235992;
0.044010;0.434903;0.233901;0.116950;-0.233901;
0.044020;0.430673;0.231807;0.115903;-0.231807;
0.044030;0.426439;0.229711;0.114855;-0.229711;
0.044040;0.422201;0.227612;0.113806;-0.227612;
0.044050;0.417959;0.225512;0.112756;-0.225512;
0.044060;0.413712;0.223409;0.111704;-0.223409;
0.044070;0.409462;0.221304;0.110652;-0.221304;
0.044080;0.405207;0.219196;0.109598;-0.219196;
0.044090;0.400948;0.217087;0.108543;-0.217087;
0.044100;0.396686;0.214975;0.107488;-0.214975;
0.044110;0.392419;0.212862;0.106431;-0.212862;
0.044120;0.388149;0.210746;0.105373;-0.210746;
0.044130;0.383875;0.208628;0.104314;-0.208628;
0.044140;0.379597;0.206508;0.103254;-0.206508;
0.044150;0.375315;0.204386;0.102193;-0.204386;
0.044160;0.371030;0.202262;0.101131;-0.202262;
0.044170;0.366741;0.200136;0.100068;-0.200136;
0.044180;0.362448;0.198008;0.099004;-0.198008;
0.044190;0.358152;0.195878;0.097939;-0.195878;
0.044200;0.353852;0.193746;0.096873;-0.193746;
0.044210;0.349549;0.191613;0.095806;-0.191613;
0.044220;0.345242;0.189477;0.094738;-0.189477;
0.044230;0.340932;0.187339;0.093670;-0.187339;
0.044240;0.336618;0.185200;0.092600;-0.185200;
0.044250;0.332301;0.183059;0.091529;-0.183059;
0.044260;0.327981;0.180916;0.090458;-0.180916;
0.044270;0.323658;0.178771;0.089385;-0.178771;
0.044280;0.319331;0.176624;0.088312;-0.176624;
0.044290;0.315002;0.174476;0.087238;-0.174476;
0.044300;0.310669;0.172326;0.086163;-0.172326;
0.044310;0.306333;0.170174;0.085087;-0.170174;
0.044320;0.301994;0.168021;0.084010;-0.168021;
0.044330;0.297652;0.165866;0.082933;-0.165866;
0.044340;0.293307;0.163709;0.081855;-0.163709;
0.044350;0.288959;0.161551;0.080775;-0.161551;
0.044360;0.284609;0.159391;0.079695;-0.159391;
0.044370;0.280256;0.157229;0.078615;-0.157229;
0.044380;0.275899;0.155066;0.077533;-0.155066;
0.044390;0.271541;0.152902;0.076451;-0.152902;
0.044400;0.267179;0.150736;0.075368;-0.150736;
0.044410;0.262815;0.148568;0.074284;-0.148568;
0.044420;0.258448;0.146399;0.073200;-0.146399;
0.044430;0.254079;0.144229;0.072114;-0.144229;
0.044440;0.249707;0.142057;0.071028;-0.142057;
0.044450;0.245333;0.139883;0.069942;-0.139883;
0.044460;0.240956;0.137709;0.068854;-0.137709;
0.044470;0.236577;0.135533;0.067766;-0.135533;
0.044480;0.232195;0.133355;0.066678;-0.133355;
0.044490;0.227812;0.131177;0.065588;-0.131177;
0.044500;0.223426;0.128997;0.064498;-0.128997;
0.044510;0.219037;0.126815;0.063408;-0.126815;
0.044520;0.214647;0.124633;0.062316;-0.124633;
0.044530;0.210255;0.122449;0.061225;-0.122449;
0.044540;0.205860;0.120264;0.060132;-0.120264;
0.044550;0.201463;0.118078;0.059039;-0.118078;
0.044560;0.197065;0.115891;0.057945;-0.115891;
0.044570;0.192664;0.113702;0.056851;-0.113702;
0.044580;0.188262;0.111513;0.055756;-0.111513;
0.044590;0.183858;0.109322;0.054661;-0.109322;
0.044600;0.179452;0.107130;0.053565;-0.107130;
0.044610;0.175044;0.104937;0.052469;-0.104937;
0.044620;0.170634;0.102744;0.051372;-0.102744;
0.044630;0.166223;0.100549;0.050274;-0.100549;
0.044640;0.161810;0.098353;0.049176;-0.098353;
0.044650;0.157396;0.096156;0.048078;-0.096156;
0.044660;0.152980;0.093958;0.046979;-0.093958;
0.044670;0.148562;0.091760;0.045880;-0.091760;
0.044680;0.144143;0.089560;0.044780;-0.089560;
0.044690;0.139722;0.087359;0.043680;-0.087359;
0.044700;0.135301;0.085158;0.042579;-0.085158;
0.044710;0.130878;0.082956;0.041478;-0.082956;
0.044720;0.126453;0.080753;0.040376;-0.080753;
0.044730;0.122027;0.078549;0.039275;-0.078549;
0.044740;0.117600;0.076345;0.038172;-0.076345;
0.044750;0.113172;0.074139;0.037070;-0.074139;
0.044760;0.108743;0.071933;0.035967;-0.071933;
0.044770;0.104313;0.069726;0.034863;-0.069726;
0.044780;0.099882;0.067519;0.033759;-0.067519;
0.044790;0.095449;0.065311;0.032655;-0.065311;
0.044800;0.091016;0.063102;0.031551;-0.063102;
0.044810;0.086582;0.060893;0.030446;-0.060893;
0.044820;0.082147;0.058683;0.029341;-0.058683;
0.044830;0.077711;0.056472;0.028236;-0.056472;
0.044840;0.073275;0.054261;0.027130;-0.054261;
0.044850;0.068837;0.052049;0.026025;-0.052049;
0.044860;0.064400;0.049837;0.024918;-0.049837;
0.044870;0.059961;0.047624;0.023812;-0.047624;
0.044880;0.055522;0.045411;0.022706;-0.045411;
0.044890;0.051082;0.043198;0.021599;-0.043198;
0.044900;0.046642;0.040984;0.020492;-0.040984;
0.044910;0.042201;0.038769;0.019385;-0.038769;
0.044920;0.037760;0.036554;0.018277;-0.036554;
0.044930;0.033319;0.034339;0.017170;-0.034339;
0.044940;0.028877;0.032124;0.016062;-0.032124;
0.044950;0.024435;0.029908;0.014954;-0.029908;
0.044960;0.019992;0.027692;0.013846;-0.027692;
0.044970;0.015550;0.025475;0.012738;-0.025475;
0.044980;0.011107;0.023259;0.011629;-0.023259;
0.044990;0.006664;0.021042;0.010521;-0.021042;
0.045000;0.002221;0.018825;0.009412;-0.018825;
0.045010;-0.002221;0.016607;0.008304;-0.016607;
0.045020;-0.006664;0.014390;0.007195;-0.014390;
0.045030;-0.011107;0.012172;0.006086;-0.012172;
0.045040;-0.015550;0.009955;0.004977;-0.009955;
0.045050;-0.019992;0.007737;0.003868;-0.007737;
0.045060;-0.024435;0.005519;0.002760;-0.005519;
0.045070;-0.028877;0.003301;0.001651;-0.003301;
0.045080;-0.033319;0.001083;0.000542;-0.001083;
0.045090;-0.037760;-0.001135;-0.000567;0.001135;
0.045100;-0.042201;-0.003353;-0.001676;0.003353;
0.045110;-0.046642;-0.005571;-0.002785;0.005571;
0.045120;-0.051082;-0.007789;-0.003894;0.007789;
0.045130;-0.055522;-0.010006;-0.005003;0.010006;
0.045140;-0.059961;-0.012224;-0.006112;0.012224;
0.045150;-0.064400;-0.014442;-0.007221;0.014442;
0.045160;-0.068837;-0.016659;-0.008330;0.016659;
0.045170;-0.073275;-0.018876;-0.009438;0.018876;
0.045180;-0.077711;-0.021093;-0.010547;0.021093;
0.045190;-0.082147;-0.023310;-0.011655;0.023310;
0.045200;-0.086582;-0.025527;-0.012763;0.025527;
0.045210;-0.091016;-0.027743;-0.013872;0.027743;
0.045220;-0.095449;-0.029959;-0.014980;0.029959;
0.045230;-0.099882;-0.032175;-0.016088;0.032175;
0.045240;-0.104313;-0.034391;-0.017195;0.034391;
0.045250;-0.108743;-0.036606;-0.018303;0.036606;
0.045260;-0.113172;-0.038821;-0.019410;0.038821;
0.045270;-0.117600;-0.041035;-0.020518;0.041035;
0.045280;-0.122027;-0.043249;-0.021625;0.043249;
0.045290;-0.126453;-0.045463;-0.022731;0.045463;
0.045300;-0.130878;-0.047676;-0.023838;0.047676;
0.045310;-0.135301;-0.049889;-0.024944;0.049889;
0.045320;-0.139722;-0.052101;-0.026050;0.052101;
0.045330;-0.144143;-0.054312;-0.027156;0.054312;
0.045340;-0.148562;-0.056524;-0.028262;0.056524;
0.045350;-0.152980;-0.058734;-0.029367;0.058734;
0.045360;-0.157396;-0.060944;-0.030472;0.060944;
0.045370;-0.161810;-0.063153;-0.031577;0.063153;
0.045380;-0.166223;-0.065362;-0.032681;0.065362;
0.045390;-0.170634;-0.067570;-0.033785;0.067570;
0.045400;-0.175044;-0.069778;-0.034889;0.069778;
0.045410;-0.179452;-0.071985;-0.035992;0.071985;
0.045420;-0.183858;-0.074191;-0.037095;0.074191;
0.045430;-0.188262;-0.076396;-0.038198;0.076396;
0.045440;-0.192664;-0.078600;-0.039300;0.078600;
0.045450;-0.197065;-0.080804;-0.040402;0.080804;
0.045460;-0.201463;-0.083007;-0.041504;0.083007;
0.045470;-0.205860;-0.085209;-0.042605;0.085209;
0.045480;-0.210255;-0.087411;-0.043705;0.087411;
0.045490;-0.214647;-0.089611;-0.044806;0.089611;
0.045500;-0.219037;-0.091811;-0.045905;0.091811;
0.045510;-0.223426;-0.094010;-0.047005;0.094010;
0.045520;-0.227812;-0.096207;-0.048104;0.096207;
0.045530;-0.232195;-0.098404;-0.049202;0.098404;
0.045540;-0.236577;-0.100600;-0.050300;0.100600;
0.045550;-0.240956;-0.102795;-0.051397;0.102795;
0.045560;-0.245333;-0.104989;-0.052494;0.104989;
0.045570;-0.249707;-0.107181;-0.053591;0.107181;
0.045580;-0.254079;-0.109373;-0.054687;0.109373;
0.045590;-0.258448;-0.111564;-0.055782;0.111564;
0.045600;-0.262815;-0.113753;-0.056877;0.113753;
0.045610;-0.267179;-0.115942;-0.057971;0.115942;
0.045620;-0.271541;-0.118129;-0.059064;0.118129;
0.045630;-0.275899;-0.120315;-0.060158;0.120315;
0.045640;-0.280256;-0.122500;-0.061250;0.122500;
0.045650;-0.284609;-0.124684;-0.062342;0.124684;
0.045660;-0.288959;-0.126866;-0.063433;0.126866;
0.045670;-0.293307;-0.129047;-0.064524;0.129047;
0.045680;-0.297652;-0.131227;-0.065614;0.131227;
0.045690;-0.301994;-0.133406;-0.066703;0.133406;
0.045700;-0.306333;-0.135583;-0.067792;0.135583;
0.045710;-0.310669;-0.137759;-0.068880;0.137759;
0.045720;-0.315002;-0.139934;-0.069967;0.139934;
0.045730;-0.319331;-0.142107;-0.071054;0.142107;
0.045740;-0.323658;-0.144279;-0.072140;0.144279;
0.045750;-0.327981;-0.146450;-0.073225;0.146450;
0.045760;-0.332301;-0.148619;-0.074309;0.148619;
0.045770;-0.336618;-0.150786;-0.075393;0.150786;
0.045780;-0.340932;-0.152952;-0.076476;0.152952;
0.045790;-0.345242;-0.155117;-0.077558;0.155117;
0.045800;-0.349549;-0.157280;-0.078640;0.157280;
0.045810;-0.353852;-0.159441;-0.079721;0.159441;
0.045820;-0.358152;-0.161601;-0.080801;0.161601;
0.045830;-0.362448;-0.163759;-0.081880;0.163759;
0.045840;-0.366741;-0.165916;-0.082958;0.165916;
0.045850;-0.371030;-0.168071;-0.084036;0.168071;
0.045860;-0.375315;-0.170224;-0.085112;0.170224;
0.045870;-0.379597;-0.172376;-0.086188;0.172376;
0.045880;-0.383875;-0.174526;-0.087263;0.174526;
0.045890;-0.388149;-0.176674;-0.088337;0.176674;
0.045900;-0.392419;-0.178821;-0.089410;0.178821;
0.045910;-0.396686;-0.180966;-0.090483;0.180966;
0.045920;-0.400948;-0.183109;-0.091554;0.183109;
0.045930;-0.405207;-0.185250;-0.092625;0.185250;
0.045940;-0.409462;-0.187389;-0.093695;0.187389;
0.045950;-0.413712;-0.189527;-0.094763;0.189527;
0.045960;-0.417959;-0.191662;-0.095831;0.191662;
0.045970;-0.422201;-0.193796;-0.096898;0.193796;
0.045980;-0.426439;-0.195928;-0.097964;0.195928;
0.045990;-0.430673;-0.198058;-0.099029;0.198058;
0.046000;-0.434903;-0.200186;-0.100093;0.200186;
0.046010;-0.439128;-0.202312;-0.101156;0.202312;
0.046020;-0.443349;-0.204436;-0.102218;0.204436;
0.046030;-0.447566;-0.206557;-0.103279;0.206557;
0.046040;-0.451778;-0.208677;-0.104339;0.208677;
0.046050;-0.455986;-0.210795;-0.105398;0.210795;
0.046060;-0.460190;-0.212911;-0.106455;0.212911;
0.046070;-0.464388;-0.215025;-0.107512;0.215025;
0.046080;-0.468583;-0.217136;-0.108568;0.217136;
0.046090;-0.472772;-0.219246;-0.109623;0.219246;
0.046100;-0.476957;-0.221353;-0.110676;0.221353;
0.046110;-0.481137;-0.223458;-0.111729;0.223458;
0.046120;-0.485313;-0.225561;-0.112780;0.225561;
0.046130;-0.489483;-0.227661;-0.113831;0.227661;
0.046140;-0.493649;-0.229760;-0.114880;0.229760;
0.046150;-0.497810;-0.231856;-0.115928;0.231856;
0.046160;-0.501966;-0.233949;-0.116975;0.233949;
0.046170;-0.506117;-0.236041;-0.118020;0.236041;
0.046180;-0.510264;-0.238130;-0.119065;0.238130;
0.046190;-0.514405;-0.240217;-0.120108;0.240217;
0.046200;-0.518541;-0.242301;-0.121151;0.242301;
0.046210;-0.522672;-0.244383;-0.122192;0.244383;
0.046220;-0.526797;-0.246463;-0.123232;0.246463;
0.046230;-0.530918;-0.248540;-0.124270;0.248540;
0.046240;-0.535033;-0.250615;-0.125308;0.250615;
0.046250;-0.539143;-0.252687;-0.126344;0.252687;
0.046260;-0.543248;-0.254757;-0.127379;0.254757;
0.046270;-0.547347;-0.256824;-0.128412;0.256824;
0.046280;-0.551441;-0.258889;-0.129445;0.258889;
0.046290;-0.555530;-0.260951;-0.130476;0.260951;
0.046300;-0.559613;-0.263011;-0.131505;0.263011;
0.046310;-0.563690;-0.265068;-0.132534;0.265068;
0.046320;-0.567762;-0.267122;-0.133561;0.267122;
0.046330;-0.571828;-0.269174;-0.134587;0.269174;
0.046340;-0.575889;-0.271223;-0.135612;0.271223;
0.046350;-0.579944;-0.273270;-0.136635;0.273270;
0.046360;-0.583993;-0.275313;-0.137657;0.275313;
0.046370;-0.588037;-0.277354;-0.138677;0.277354;
0.046380;-0.592074;-0.279393;-0.139696;0.279393;
0.046390;-0.596106;-0.281428;-0.140714;0.281428;
0.046400;-0.600132;-0.283461;-0.141730;0.283461;
0.046410;-0.604152;-0.285491;-0.142745;0.285491;
0.046420;-0.608166;-0.287518;-0.143759;0.287518;
0.046430;-0.612174;-0.289542;-0.144771;0.289542;
0.046440;-0.616176;-0.291564;-0.145782;0.291564;
0.046450;-0.620172;-0.293582;-0.146791;0.293582;
0.046460;-0.624162;-0.295598;-0.147799;0.295598;
0.046470;-0.628146;-0.297611;-0.148805;0.297611;
0.046480;-0.632123;-0.299620;-0.149810;0.299620;
0.046490;-0.636094;-0.301627;-0.150814;0.301627;
0.046500;-0.640059;-0.303631;-0.151816;0.303631;
0.046510;-0.644018;-0.305632;-0.152816;0.305632;
0.046520;-0.647970;-0.307630;-0.153815;0.307630;
0.046530;-0.651916;-0.309625;-0.154812;0.309625;
0.046540;-0.655856;-0.311616;-0.155808;0.311616;
0.046550;-0.659789;-0.313605;-0.156803;0.313605;
0.046560;-0.663715;-0.315591;-0.157795;0.315591;
0.046570;-0.667635;-0.317573;-0.158787;0.317573;
0.046580;-0.671548;-0.319553;-0.159776;0.319553;
0.046590;-0.675455;-0.321529;-0.160764;0.321529;
0.046600;-0.679355;-0.323502;-0.161751;0.323502;
0.046610;-0.683248;-0.325472;-0.162736;0.325472;
0.046620;-0.687135;-0.327438;-0.163719;0.327438;
0.046630;-0.691015;-0.329402;-0.164701;0.329402;
0.046640;-0.694888;-0.331362;-0.165681;0.331362;
0.046650;-0.698754;-0.333319;-0.166659;0.333319;
0.046660;-0.702613;-0.335272;-0.167636;0.335272;
0.046670;-0.706465;-0.337222;-0.168611;0.337222;
0.046680;-0.710311;-0.339169;-0.169585;0.339169;
0.046690;-0.714149;-0.341113;-0.170556;0.341113;
0.046700;-0.717980;-0.343053;-0.171527;0.343053;
0.046710;-0.721804;-0.344990;-0.172495;0.344990;
0.046720;-0.725622;-0.346923;-0.173462;0.346923;
0.046730;-0.729431;-0.348853;-0.174427;0.348853;
0.046740;-0.733234;-0.350780;-0.175390;0.350780;
0.046750;-0.737030;-0.352703;-0.176352;0.352703;
0.046760;-0.740818;-0.354623;-0.177311;0.354623;
0.046770;-0.744599;-0.356539;-0.178269;0.356539;
0.046780;-0.748372;-0.358451;-0.179226;0.358451;
0.046790;-0.752138;-0.360360;-0.180180;0.360360;
0.046800;-0.755897;-0.362266;-0.181133;0.362266;
0.046810;-0.759648;-0.364168;-0.182084;0.364168;
0.046820;-0.763392;-0.366066;-0.183033;0.366066;
0.046830;-0.767128;-0.367961;-0.183980;0.367961;
0.046840;-0.770857;-0.369852;-0.184926;0.369852;
0.046850;-0.774578;-0.371739;-0.185870;0.371739;
0.046860;-0.778291;-0.373623;-0.186812;0.373623;
0.046870;-0.781997;-0.375503;-0.187752;0.375503;
0.046880;-0.785695;-0.377380;-0.188690;0.377380;
0.046890;-0.789385;-0.379252;-0.189626;0.379252;
0.046900;-0.793068;-0.381121;-0.190561;0.381121;
0.046910;-0.796742;-0.382986;-0.191493;0.382986;
0.046920;-0.800409;-0.384848;-0.192424;0.384848;
0.046930;-0.804068;-0.386705;-0.193353;0.386705;
0.046940;-0.807719;-0.388559;-0.194280;0.388559;
0.046950;-0.811362;-0.390409;-0.195204;0.390409;
0.046960;-0.814997;-0.392255;-0.196127;0.392255;
0.046970;-0.818624;-0.394097;-0.197049;0.394097;
0.046980;-0.822242;-0.395935;-0.197968;0.395935;
0.046990;-0.825853;-0.397770;-0.198885;0.397770;
0.047000;-0.829456;-0.399600;-0.199800;0.399600;
0.047010;-0.833050;-0.401427;-0.200713;0.401427;
0.047020;-0.836636;-0.403249;-0.201625;0.403249;
0.047030;-0.840214;-0.405068;-0.202534;0.405068;
0.047040;-0.843784;-0.406883;-0.203441;0.406883;
0.047050;-0.847345;-0.408693;-0.204347;0.408693;
0.047060;-0.850898;-0.410500;-0.205250;0.410500;
0.047070;-0.854442;-0.412302;-0.206151;0.412302;
0.047080;-0.857978;-0.414101;-0.207050;0.414101;
0.047090;-0.861506;-0.415895;-0.207947;0.415895;
0.047100;-0.865025;-0.417685;-0.208843;0.417685;
0.047110;-0.868536;-0.419471;-0.209736;0.419471;
0.047120;-0.872038;-0.421253;-0.210627;0.421253;
0.047130;-0.875531;-0.423031;-0.211515;0.423031;
0.047140;-0.879016;-0.424805;-0.212402;0.424805;
0.047150;-0.882492;-0.426574;-0.213287;0.426574;
0.047160;-0.885959;-0.428339;-0.214170;0.428339;
0.047170;-0.889418;-0.430100;-0.215050;0.430100;
0.047180;-0.892868;-0.431857;-0.215929;0.431857;
0.047190;-0.896309;-0.433610;-0.216805;0.433610;
0.047200;-0.899741;-0.435358;-0.217679;0.435358;
0.047210;-0.903164;-0.437102;-0.218551;0.437102;
0.047220;-0.906579;-0.438841;-0.219421;0.438841;
0.047230;-0.909984;-0.440577;-0.220288;0.440577;
0.047240;-0.913380;-0.442307;-0.221154;0.442307;
0.047250;-0.916768;-0.444034;-0.222017;0.444034;
0.047260;-0.920146;-0.445756;-0.222878;0.445756;
0.047270;-0.923516;-0.447474;-0.223737;0.447474;
0.047280;-0.926876;-0.449187;-0.224594;0.449187;
0.047290;-0.930227;-0.450896;-0.225448;0.450896;
0.047300;-0.933569;-0.452601;-0.226300;0.452601;
0.047310;-0.936901;-0.454301;-0.227150;0.454301;
0.047320;-0.940225;-0.455996;-0.227998;0.455996;
0.047330;-0.943539;-0.457687;-0.228844;0.457687;
0.047340;-0.946844;-0.459374;-0.229687;0.459374;
0.047350;-0.950139;-0.461056;-0.230528;0.461056;
0.047360;-0.953425;-0.462733;-0.231367;0.462733;
0.047370;-0.956702;-0.464406;-0.232203;0.464406;
0.047380;-0.959969;-0.466074;-0.233037;0.466074;
0.047390;-0.963227;-0.467738;-0.233869;0.467738;
0.047400;-0.966475;-0.469397;-0.234698;0.469397;
0.047410;-0.969714;-0.471051;-0.235526;0.471051;
0.047420;-0.972943;-0.472701;-0.236351;0.472701;
0.047430;-0.976163;-0.474346;-0.237173;0.474346;
0.047440;-0.979373;-0.475987;-0.237993;0.475987;
0.047450;-0.982573;-0.477622;-0.238811;0.477622;
0.047460;-0.985763;-0.479253;-0.239627;0.479253;
0.047470;-0.988944;-0.480880;-0.240440;0.480880;
0.047480;-0.992115;-0.482501;-0.241251;0.482501;
0.047490;-0.995277;-0.484118;-0.242059;0.484118;
0.047500;-0.998428;-0.485730;-0.242865;0.485730;
0.047510;-1.001570;-0.487337;-0.243669;0.487337;
0.047520;-1.004701;-0.488940;-0.244470;0.488940;
0.047530;-1.007823;-0.490537;-0.245269;0.490537;
0.047540;-1.010935;-0.492130;-0.246065;0.492130;
0.047550;-1.014037;-0.493718;-0.246859;0.493718;
0.047560;-1.017129;-0.495301;-0.247650;0.495301;
0.047570;-1.020210;-0.496879;-0.248439;0.496879;
0.047580;-1.023282;-0.498452;-0.249226;0.498452;
0.047590;-1.026344;-0.500020;-0.250010;0.500020;
0.047600;-1.029395;-0.501584;-0.250792;0.501584;
0.047610;-1.032437;-0.503142;-0.251571;0.503142;
0.047620;-1.035468;-0.504696;-0.252348;0.504696;
0.047630;-1.038489;-0.506244;-0.253122;0.506244;
0.047640;-1.041500;-0.507787;-0.253894;0.507787;
0.047650;-1.044500;-0.509326;-0.254663;0.509326;
0.047660;-1.047490;-0.510859;-0.255430;0.510859;
0.047670;-1.050470;-0.512388;-0.256194;0.512388;
0.047680;-1.053439;-0.513911;-0.256955;0.513911;
0.047690;-1.056398;-0.515429;-0.257715;0.515429;
0.047700;-1.059347;-0.516942;-0.258471;0.516942;
0.047710;-1.062285;-0.518450;-0.259225;0.518450;
0.047720;-1.065213;-0.519953;-0.259977;0.519953;
0.047730;-1.068130;-0.521451;-0.260726;0.521451;
0.047740;-1.071036;-0.522944;-0.261472;0.522944;
0.047750;-1.073932;-0.524431;-0.262216;0.524431;
0.047760;-1.076818;-0.525914;-0.262957;0.525914;
0.047770;-1.079693;-0.527391;-0.263695;0.527391;
0.047780;-1.082557;-0.528863;-0.264431;0.528863;
0.047790;-1.085410;-0.530329;-0.265165;0.530329;
0.047800;-1.088253;-0.531791;-0.265895;0.531791;
0.047810;-1.091085;-0.533247;-0.266624;0.533247;
0.047820;-1.093906;-0.534698;-0.267349;0.534698;
0.047830;-1.096717;-0.536144;-0.268072;0.536144;
0.047840;-1.099516;-0.537584;-0.268792;0.537584;
0.047850;-1.102305;-0.539019;-0.269510;0.539019;
0.047860;-1.105083;-0.540449;-0.270225;0.540449;
0.047870;-1.107850;-0.541873;-0.270937;0.541873;
0.047880;-1.110606;-0.543293;-0.271646;0.543293;
0.047890;-1.113351;-0.544706;-0.272353;0.544706;
0.047900;-1.116085;-0.546115;-0.273057;0.546115;
0.047910;-1.118808;-0.547518;-0.273759;0.547518;
0.047920;-1.121520;-0.548915;-0.274458;0.548915;
0.047930;-1.124221;-0.550307;-0.275154;0.550307;
0.047940;-1.126911;-0.551694;-0.275847;0.551694;
0.047950;-1.129590;-0.553075;-0.276538;0.553075;
0.047960;-1.132257;-0.554451;-0.277226;0.554451;
0.047970;-1.134914;-0.555821;-0.277911;0.555821;
0.047980;-1.137559;-0.557186;-0.278593;0.557186;
0.047990;-1.140193;-0.558546;-0.279273;0.558546;
0.048000;-1.142816;-0.559899;-0.279950;0.559899;
0.048010;-1.145427;-0.561248;-0.280624;0.561248;
0.048020;-1.148027;-0.562590;-0.281295;0.562590;
0.048030;-1.150616;-0.563928;-0.281964;0.563928;
0.048040;-1.153194;-0.565259;-0.282630;0.565259;
0.048050;-1.155760;-0.566585;-0.283293;0.566585;
0.048060;-1.158314;-0.567906;-0.283953;0.567906;
0.048070;-1.160858;-0.569221;-0.284610;0.569221;
0.048080;-1.163389;-0.570530;-0.285265;0.570530;
0.048090;-1.165910;-0.571834;-0.285917;0.571834;
0.048100;-1.168418;-0.573132;-0.286566;0.573132;
0.048110;-1.170916;-0.574424;-0.287212;0.574424;
0.048120;-1.173401;-0.575711;-0.287855;0.575711;
0.048130;-1.175876;-0.576992;-0.288496;0.576992;
0.048140;-1.178338;-0.578267;-0.289133;0.578267;
0.048150;-1.180789;-0.579536;-0.289768;0.579536;
0.048160;-1.183228;-0.580800;-0.290400;0.580800;
0.048170;-1.185656;-0.582058;-0.291029;0.582058;
0.048180;-1.188072;-0.583311;-0.291655;0.583311;
0.048190;-1.190476;-0.584557;-0.292279;0.584557;
0.048200;-1.192868;-0.585798;-0.292899;0.585798;
0.048210;-1.195249;-0.587033;-0.293517;0.587033;
0.048220;-1.197618;-0.588263;-0.294131;0.588263;
0.048230;-1.199975;-0.589486;-0.294743;0.589486;
0.048240;-1.202320;-0.590704;-0.295352;0.590704;
0.048250;-1.204653;-0.591915;-0.295958;0.591915;
0.048260;-1.206974;-0.593121;-0.296561;0.593121;
0.048270;-1.209284;-0.594322;-0.297161;0.594322;
0.048280;-1.211582;-0.595516;-0.297758;0.595516;
0.048290;-1.213867;-0.596704;-0.298352;0.596704;
0.048300;-1.216141;-0.597887;-0.298943;0.597887;
0.048310;-1.218402;-0.599063;-0.299532;0.599063;
0.048320;-1.220652;-0.600234;-0.300117;0.600234;
0.048330;-1.222889;-0.601399;-0.300699;0.601399;
0.048340;-1.225115;-0.602558;-0.301279;0.602558;
0.048350;-1.227328;-0.603710;-0.301855;0.603710;
0.048360;-1.229530;-0.604857;-0.302429;0.604857;
0.048370;-1.231719;-0.605998;-0.302999;0.605998;
0.048380;-1.233896;-0.607133;-0.303567;0.607133;
0.048390;-1.236060;-0.608262;-0.304131;0.608262;
0.048400;-1.238213;-0.609385;-0.304693;0.609385;
0.048410;-1.240353;-0.610502;-0.305251;0.610502;
0.048420;-1.242482;-0.611613;-0.305806;0.611613;
0.048430;-1.244597;-0.612718;-0.306359;0.612718;
0.048440;-1.246701;-0.613817;-0.306908;0.613817;
0.048450;-1.248792;-0.614910;-0.307455;0.614910;
0.048460;-1.250871;-0.615996;-0.307998;0.615996;
0.048470;-1.252938;-0.617077;-0.308538;0.617077;
0.048480;-1.254992;-0.618151;-0.309076;0.618151;
0.048490;-1.257034;-0.619220;-0.309610;0.619220;
0.048500;-1.259063;-0.620282;-0.310141;0.620282;
0.048510;-1.261080;-0.621338;-0.310669;0.621338;
0.048520;-1.263085;-0.622388;-0.311194;0.622388;
0.048530;-1.265077;-0.623432;-0.311716;0.623432;
0.048540;-1.267057;-0.624470;-0.312235;0.624470;
0.048550;-1.269024;-0.625502;-0.312751;0.625502;
0.048560;-1.270979;-0.626527;-0.313264;0.626527;
0.048570;-1.272921;-0.627547;-0.313773;0.627547;
0.048580;-1.274850;-0.628560;-0.314280;0.628560;
0.048590;-1.276767;-0.629566;-0.314783;0.629566;
0.048600;-1.278671;-0.630567;-0.315284;0.630567;
0.048610;-1.280563;-0.631562;-0.315781;0.631562;
0.048620;-1.282442;-0.632550;-0.316275;0.632550;
0.048630;-1.284308;-0.633532;-0.316766;0.633532;
0.048640;-1.286162;-0.634507;-0.317254;0.634507;
0.048650;-1.288003;-0.635477;-0.317738;0.635477;
0.048660;-1.289831;-0.636440;-0.318220;0.636440;
0.048670;-1.291647;-0.637397;-0.318698;0.637397;
0.048680;-1.293450;-0.638347;-0.319174;0.638347;
0.048690;-1.295240;-0.639292;-0.319646;0.639292;
0.048700;-1.297017;-0.640230;-0.320115;0.640230;
0.048710;-1.298782;-0.641161;-0.320581;0.641161;
0.048720;-1.300533;-0.642087;-0.321043;0.642087;
0.048730;-1.302272;-0.643006;-0.321503;0.643006;
0.048740;-1.303998;-0.643918;-0.321959;0.643918;
0.048750;-1.305711;-0.644825;-0.322412;0.644825;
0.048760;-1.307411;-0.645725;-0.322862;0.645725;
0.048770;-1.309099;-0.646618;-0.323309;0.646618;
0.048780;-1.310773;-0.647505;-0.323753;0.647505;
0.048790;-1.312435;-0.648386;-0.324193;0.648386;
0.048800;-1.314083;-0.649261;-0.324630;0.649261;
0.048810;-1.315719;-0.650128;-0.325064;0.650128;
0.048820;-1.317341;-0.650990;-0.325495;0.650990;
0.048830;-1.318951;-0.651845;-0.325923;0.651845;
0.048840;-1.320547;-0.652694;-0.326347;0.652694;
0.048850;-1.322131;-0.653536;-0.326768;0.653536;
0.048860;-1.323701;-0.654372;-0.327186;0.654372;
0.048870;-1.325259;-0.655201;-0.327601;0.655201;
0.048880;-1.326803;-0.656024;-0.328012;0.656024;
0.048890;-1.328334;-0.656841;-0.328420;0.656841;
0.048900;-1.329852;-0.657651;-0.328825;0.657651;
0.048910;-1.331357;-0.658454;-0.329227;0.658454;
0.048920;-1.332849;-0.659251;-0.329625;0.659251;
0.048930;-1.334328;-0.660041;-0.330021;0.660041;
0.048940;-1.335793;-0.660825;-0.330413;0.660825;
0.048950;-1.337246;-0.661603;-0.330801;0.661603;
0.048960;-1.338685;-0.662374;-0.331187;0.662374;
0.048970;-1.340111;-0.663138;-0.331569;0.663138;
0.048980;-1.341523;-0.663896;-0.331948;0.663896;
0.048990;-1.342923;-0.664647;-0.332323;0.664647;
0.049000;-1.344309;-0.665392;-0.332696;0.665392;
0.049010;-1.345682;-0.666130;-0.333065;0.666130;
0.049020;-1.347041;-0.666861;-0.333431;0.666861;
0.049030;-1.348388;-0.667586;-0.333793;0.667586;
0.049040;-1.349721;-0.668305;-0.334152;0.668305;
0.049050;-1.351041;-0.669016;-0.334508;0.669016;
0.049060;-1.352347;-0.669721;-0.334861;0.669721;
0.049070;-1.353640;-0.670420;-0.335210;0.670420;
0.049080;-1.354920;-0.671112;-0.335556;0.671112;
0.049090;-1.356186;-0.671797;-0.335899;0.671797;
0.049100;-1.357439;-0.672476;-0.336238;0.672476;
0.049110;-1.358678;-0.673148;-0.336574;0.673148;
0.049120;-1.359905;-0.673813;-0.336907;0.673813;
0.049130;-1.361117;-0.674472;-0.337236;0.674472;
0.049140;-1.362317;-0.675124;-0.337562;0.675124;
0.049150;-1.363502;-0.675770;-0.337885;0.675770;
0.049160;-1.364675;-0.676408;-0.338204;0.676408;
0.049170;-1.365834;-0.677041;-0.338520;0.677041;
0.049180;-1.366979;-0.677666;-0.338833;0.677666;
0.049190;-1.368111;-0.678285;-0.339142;0.678285;
0.049200;-1.369229;-0.678897;-0.339448;0.678897;
0.049210;-1.370334;-0.679502;-0.339751;0.679502;
0.049220;-1.371426;-0.680101;-0.340050;0.680101;
0.049230;-1.372503;-0.680692;-0.340346;0.680692;
0.049240;-1.373568;-0.681278;-0.340639;0.681278;
0.049250;-1.374618;-0.681856;-0.340928;0.681856;
0.049260;-1.375656;-0.682428;-0.341214;0.682428;
0.049270;-1.376679;-0.682993;-0.341496;0.682993;
0.049280;-1.377689;-0.683551;-0.341776;0.683551;
0.049290;-1.378686;-0.684103;-0.342051;0.684103;
0.049300;-1.379668;-0.684647;-0.342324;0.684647;
0.049310;-1.380638;-0.685185;-0.342593;0.685185;
0.049320;-1.381593;-0.685717;-0.342858;0.685717;
0.049330;-1.382535;-0.686241;-0.343121;0.686241;
0.049340;-1.383463;-0.686759;-0.343379;0.686759;
0.049350;-1.384378;-0.687270;-0.343635;0.687270;
0.049360;-1.385279;-0.687774;-0.343887;0.687774;
0.049370;-1.386166;-0.688271;-0.344136;0.688271;
0.049380;-1.387040;-0.688762;-0.344381;0.688762;
0.049390;-1.387900;-0.689245;-0.344623;0.689245;
0.049400;-1.388746;-0.689722;-0.344861;0.689722;
0.049410;-1.389578;-0.690193;-0.345096;0.690193;
0.049420;-1.390397;-0.690656;-0.345328;0.690656;
0.049430;-1.391202;-0.691112;-0.345556;0.691112;
0.049440;-1.391994;-0.691562;-0.345781;0.691562;
0.049450;-1.392771;-0.692005;-0.346002;0.692005;
0.049460;-1.393535;-0.692441;-0.346221;0.692441;
0.049470;-1.394285;-0.692870;-0.346435;0.692870;
0.049480;-1.395022;-0.693293;-0.346646;0.693293;
0.049490;-1.395744;-0.693708;-0.346854;0.693708;
0.049500;-1.396453;-0.694117;-0.347058;0.694117;
0.049510;-1.397148;-0.694519;-0.347259;0.694519;
0.049520;-1.397829;-0.694914;-0.347457;0.694914;
0.049530;-1.398497;-0.695302;-0.347651;0.695302;
0.049540;-1.399150;-0.695683;-0.347841;0.695683;
0.049550;-1.399790;-0.696057;-0.348029;0.696057;
0.049560;-1.400416;-0.696425;-0.348212;0.696425;
0.049570;-1.401028;-0.696786;-0.348393;0.696786;
0.049580;-1.401627;-0.697139;-0.348570;0.697139;
0.049590;-1.402211;-0.697486;-0.348743;0.697486;
0.049600;-1.402782;-0.697826;-0.348913;0.697826;
0.049610;-1.403339;-0.698159;-0.349080;0.698159;
0.049620;-1.403882;-0.698486;-0.349243;0.698486;
0.049630;-1.404411;-0.698805;-0.349402;0.698805;
0.049640;-1.404926;-0.699117;-0.349559;0.699117;
0.049650;-1.405428;-0.699423;-0.349711;0.699423;
0.049660;-1.405915;-0.699721;-0.349861;0.699721;
0.049670;-1.406389;-0.700013;-0.350007;0.700013;
0.049680;-1.406849;-0.700298;-0.350149;0.700298;
0.049690;-1.407294;-0.700576;-0.350288;0.700576;
0.049700;-1.407726;-0.700847;-0.350423;0.700847;
0.049710;-1.408145;-0.701111;-0.350555;0.701111;
0.049720;-1.408549;-0.701368;-0.350684;0.701368;
0.049730;-1.408939;-0.701618;-0.350809;0.701618;
0.049740;-1.409315;-0.701862;-0.350931;0.701862;
0.049750;-1.409678;-0.702098;-0.351049;0.702098;
0.049760;-1.410027;-0.702327;-0.351164;0.702327;
0.049770;-1.410361;-0.702550;-0.351275;0.702550;
0.049780;-1.410682;-0.702766;-0.351383;0.702766;
0.049790;-1.410989;-0.702974;-0.351487;0.702974;
0.049800;-1.411282;-0.703176;-0.351588;0.703176;
0.049810;-1.411561;-0.703371;-0.351685;0.703371;
0.049820;-1.411826;-0.703559;-0.351779;0.703559;
0.049830;-1.412077;-0.703739;-0.351870;0.703739;
0.049840;-1.412314;-0.703913;-0.351957;0.703913;
0.049850;-1.412537;-0.704080;-0.352040;0.704080;
0.049860;-1.412747;-0.704240;-0.352120;0.704240;
0.049870;-1.412942;-0.704394;-0.352197;0.704394;
0.049880;-1.413123;-0.704540;-0.352270;0.704540;
0.049890;-1.413291;-0.704679;-0.352339;0.704679;
0.049900;-1.413444;-0.704811;-0.352406;0.704811;
0.049910;-1.413584;-0.704936;-0.352468;0.704936;
0.049920;-1.413709;-0.705055;-0.352527;0.705055;
0.049930;-1.413821;-0.705166;-0.352583;0.705166;
0.049940;-1.413919;-0.705270;-0.352635;0.705270;
0.049950;-1.414002;-0.705368;-0.352684;0.705368;
0.049960;-1.414072;-0.705458;-0.352729;0.705458;
0.049970;-1.414128;-0.705542;-0.352771;0.705542;
0.049980;-1.414170;-0.705618;-0.352809;0.705618;
0.049990;-1.414198;-0.705688;-0.352844;0.705688;
0.050000;-1.414212;-0.705751;-0.352875;0.705751;
0.050010;-1.414212;-0.705806;-0.352903;0.705806;
0.050020;-1.414198;-0.705855;-0.352927;0.705855;
0.050030;-1.414170;-0.705897;-0.352948;0.705897;
0.050040;-1.414128;-0.705931;-0.352966;0.705931;
0.050050;-1.414072;-0.705959;-0.352980;0.705959;
0.050060;-1.414002;-0.705980;-0.352990;0.705980;
0.050070;-1.413919;-0.705994;-0.352997;0.705994;
0.050080;-1.413821;-0.706001;-0.353000;0.706001;
0.050090;-1.413709;-0.706001;-0.353000;0.706001;
0.050100;-1.413584;-0.705994;-0.352997;0.705994;
0.050110;-1.413444;-0.705980;-0.352990;0.705980;
0.050120;-1.413291;-0.705959;-0.352979;0.705959;
0.050130;-1.413123;-0.705931;-0.352965;0.705931;
0.050140;-1.412942;-0.705896;-0.352948;0.705896;
0.050150;-1.412747;-0.705854;-0.352927;0.705854;
0.050160;-1.412537;-0.705805;-0.352903;0.705805;
0.050170;-1.412314;-0.705749;-0.352875;0.705749;
0.050180;-1.412077;-0.705686;-0.352843;0.705686;
0.050190;-1.411826;-0.705617;-0.352808;0.705617;
0.050200;-1.411561;-0.705540;-0.352770;0.705540;
0.050210;-1.411282;-0.705456;-0.352728;0.705456;
0.050220;-1.410989;-0.705366;-0.352683;0.705366;
0.050230;-1.410682;-0.705268;-0.352634;0.705268;
0.050240;-1.410361;-0.705163;-0.352582;0.705163;
0.050250;-1.410027;-0.705052;-0.352526;0.705052;
0.050260;-1.409678;-0.704933;-0.352467;0.704933;
0.050270;-1.409315;-0.704808;-0.352404;0.704808;
0.050280;-1.408939;-0.704676;-0.352338;0.704676;
0.050290;-1.408549;-0.704536;-0.352268;0.704536;
0.050300;-1.408145;-0.704390;-0.352195;0.704390;
0.050310;-1.407726;-0.704237;-0.352118;0.704237;
0.050320;-1.407294;-0.704077;-0.352038;0.704077;
0.050330;-1.406849;-0.703909;-0.351955;0.703909;
0.050340;-1.406389;-0.703735;-0.351868;0.703735;
0.050350;-1.405915;-0.703554;-0.351777;0.703554;
0.050360;-1.405428;-0.703366;-0.351683;0.703366;
0.050370;-1.404926;-0.703171;-0.351586;0.703171;
0.050380;-1.404411;-0.702969;-0.351485;0.702969;
0.050390;-1.403882;-0.702761;-0.351380;0.702761;
0.050400;-1.403339;-0.702545;-0.351272;0.702545;
0.050410;-1.402782;-0.702322;-0.351161;0.702322;
0.050420;-1.402211;-0.702093;-0.351046;0.702093;
0.050430;-1.401627;-0.701856;-0.350928;0.701856;
0.050440;-1.401028;-0.701613;-0.350806;0.701613;
0.050450;-1.400416;-0.701362;-0.350681;0.701362;
0.050460;-1.399790;-0.701105;-0.350552;0.701105;
0.050470;-1.399150;-0.700841;-0.350420;0.700841;
0.050480;-1.398497;-0.700570;-0.350285;0.700570;
0.050490;-1.397829;-0.700291;-0.350146;0.700291;
0.050500;-1.397148;-0.700006;-0.350003;0.700006;
0.050510;-1.396453;-0.699715;-0.349857;0.699715;
0.050520;-1.395744;-0.699416;-0.349708;0.699416;
0.050530;-1.395022;-0.699110;-0.349555;0.699110;
0.050540;-1.394285;-0.698798;-0.349399;0.698798;
0.050550;-1.393535;-0.698478;-0.349239;0.698478;
0.050560;-1.392771;-0.698152;-0.349076;0.698152;
0.050570;-1.391994;-0.697818;-0.348909;0.697818;
0.050580;-1.391202;-0.697478;-0.348739;0.697478;
0.050590;-1.390397;-0.697131;-0.348566;0.697131;
0.050600;-1.389578;-0.696777;-0.348389;0.696777;
0.050610;-1.388746;-0.696416;-0.348208;0.696416;
0.050620;-1.387900;-0.696049;-0.348024;0.696049;
0.050630;-1.387040;-0.695674;-0.347837;0.695674;
0.050640;-1.386166;-0.695293;-0.347646;0.695293;
0.050650;-1.385279;-0.694904;-0.347452;0.694904;
0.050660;-1.384378;-0.694509;-0.347255;0.694509;
0.050670;-1.383463;-0.694107;-0.347054;0.694107;
0.050680;-1.382535;-0.693699;-0.346849;0.693699;
0.050690;-1.381593;-0.693283;-0.346641;0.693283;
0.050700;-1.380638;-0.692860;-0.346430;0.692860;
0.050710;-1.379668;-0.692431;-0.346215;0.692431;
0.050720;-1.378686;-0.691995;-0.345997;0.691995;
0.050730;-1.377689;-0.691552;-0.345776;0.691552;
0.050740;-1.376679;-0.691102;-0.345551;0.691102;
0.050750;-1.375656;-0.690645;-0.345323;0.690645;
0.050760;-1.374618;-0.690182;-0.345091;0.690182;
0.050770;-1.373568;-0.689711;-0.344856;0.689711;
0.050780;-1.372503;-0.689234;-0.344617;0.689234;
0.050790;-1.371426;-0.688750;-0.344375;0.688750;
0.050800;-1.370334;-0.688260;-0.344130;0.688260;
0.050810;-1.369229;-0.687762;-0.343881;0.687762;
0.050820;-1.368111;-0.687258;-0.343629;0.687258;
0.050830;-1.366979;-0.686747;-0.343373;0.686747;
0.050840;-1.365834;-0.686229;-0.343114;0.686229;
0.050850;-1.364675;-0.685704;-0.342852;0.685704;
0.050860;-1.363502;-0.685173;-0.342586;0.685173;
0.050870;-1.362317;-0.684635;-0.342317;0.684635;
0.050880;-1.361117;-0.684090;-0.342045;0.684090;
0.050890;-1.359905;-0.683538;-0.341769;0.683538;
0.050900;-1.358678;-0.682980;-0.341490;0.682980;
0.050910;-1.357439;-0.682415;-0.341207;0.682415;
0.050920;-1.356186;-0.681843;-0.340921;0.681843;
0.050930;-1.354920;-0.681264;-0.340632;0.681264;
0.050940;-1.353640;-0.680679;-0.340339;0.680679;
0.050950;-1.352347;-0.680087;-0.340043;0.680087;
0.050960;-1.351041;-0.679488;-0.339744;0.679488;
0.050970;-1.349721;-0.678882;-0.339441;0.678882;
0.050980;-1.348388;-0.678270;-0.339135;0.678270;
0.050990;-1.347041;-0.677651;-0.338826;0.677651;
0.051000;-1.345682;-0.677026;-0.338513;0.677026;
0.051010;-1.344309;-0.676394;-0.338197;0.676394;
0.051020;-1.342923;-0.675755;-0.337877;0.675755;
0.051030;-1.341523;-0.675109;-0.337555;0.675109;
0.051040;-1.340111;-0.674457;-0.337228;0.674457;
0.051050;-1.338685;-0.673798;-0.336899;0.673798;
0.051060;-1.337246;-0.673132;-0.336566;0.673132;
0.051070;-1.335793;-0.672460;-0.336230;0.672460;
0.051080;-1.334328;-0.671781;-0.335891;0.671781;
0.051090;-1.332849;-0.671096;-0.335548;0.671096;
0.051100;-1.331357;-0.670404;-0.335202;0.670404;
0.051110;-1.329852;-0.669705;-0.334853;0.669705;
0.051120;-1.328334;-0.669000;-0.334500;0.669000;
0.051130;-1.326803;-0.668288;-0.334144;0.668288;
0.051140;-1.325259;-0.667569;-0.333785;0.667569;
0.051150;-1.323701;-0.666844;-0.333422;0.666844;
0.051160;-1.322131;-0.666113;-0.333056;0.666113;
0.051170;-1.320547;-0.665374;-0.332687;0.665374;
0.051180;-1.318951;-0.664629;-0.332315;0.664629;
0.051190;-1.317341;-0.663878;-0.331939;0.663878;
0.051200;-1.315719;-0.663120;-0.331560;0.663120;
0.051210;-1.314083;-0.662356;-0.331178;0.662356;
0.051220;-1.312435;-0.661585;-0.330792;0.661585;
0.051230;-1.310773;-0.660807;-0.330404;0.660807;
0.051240;-1.309099;-0.660023;-0.330012;0.660023;
0.051250;-1.307411;-0.659232;-0.329616;0.659232;
0.051260;-1.305711;-0.658435;-0.329218;0.658435;
0.051270;-1.303998;-0.657632;-0.328816;0.657632;
0.051280;-1.302272;-0.656822;-0.328411;0.656822;
0.051290;-1.300533;-0.656005;-0.328003;0.656005;
0.051300;-1.298782;-0.655182;-0.327591;0.655182;
0.051310;-1.297017;-0.654353;-0.327176;0.654353;
0.051320;-1.295240;-0.653517;-0.326758;0.653517;
0.051330;-1.293450;-0.652674;-0.326337;0.652674;
0.051340;-1.291647;-0.651825;-0.325913;0.651825;
0.051350;-1.289831;-0.650970;-0.325485;0.650970;
0.051360;-1.288003;-0.650108;-0.325054;0.650108;
0.051370;-1.286162;-0.649240;-0.324620;0.649240;
0.051380;-1.284308;-0.648366;-0.324183;0.648366;
0.051390;-1.282442;-0.647485;-0.323742;0.647485;
0.051400;-1.280563;-0.646597;-0.323299;0.646597;
0.051410;-1.278671;-0.645704;-0.322852;0.645704;
0.051420;-1.276767;-0.644804;-0.322402;0.644804;
0.051430;-1.274850;-0.643897;-0.321949;0.643897;
0.051440;-1.272921;-0.642984;-0.321492;0.642984;
0.051450;-1.270979;-0.642065;-0.321033;0.642065;
0.051460;-1.269024;-0.641140;-0.320570;0.641140;
0.051470;-1.267057;-0.640208;-0.320104;0.640208;
0.051480;-1.265077;-0.639270;-0.319635;0.639270;
0.051490;-1.263085;-0.638325;-0.319163;0.638325;
0.051500;-1.261080;-0.637375;-0.318687;0.637375;
0.051510;-1.259063;-0.636418;-0.318209;0.636418;
0.051520;-1.257034;-0.635454;-0.317727;0.635454;
0.051530;-1.254992;-0.634485;-0.317242;0.634485;
0.051540;-1.252938;-0.633509;-0.316754;0.633509;
0.051550;-1.250871;-0.632527;-0.316263;0.632527;
0.051560;-1.248792;-0.631538;-0.315769;0.631538;
0.051570;-1.246701;-0.630544;-0.315272;0.630544;
0.051580;-1.244597;-0.629543;-0.314772;0.629543;
0.051590;-1.242482;-0.628536;-0.314268;0.628536;
0.051600;-1.240353;-0.627523;-0.313761;0.627523;
0.051610;-1.238213;-0.626503;-0.313252;0.626503;
0.051620;-1.236060;-0.625478;-0.312739;0.625478;
0.051630;-1.233896;-0.624446;-0.312223;0.624446;
0.051640;-1.231719;-0.623408;-0.311704;0.623408;
0.051650;-1.229530;-0.622364;-0.311182;0.622364;
0.051660;-1.227328;-0.621314;-0.310657;0.621314;
0.051670;-1.225115;-0.620257;-0.310129;0.620257;
0.051680;-1.222889;-0.619195;-0.309598;0.619195;
0.051690;-1.220652;-0.618126;-0.309063;0.618126;
0.051700;-1.218402;-0.617052;-0.308526;0.617052;
0.051710;-1.216141;-0.615971;-0.307985;0.615971;
0.051720;-1.213867;-0.614884;-0.307442;0.614884;
0.051730;-1.211582;-0.613791;-0.306896;0.613791;
0.051740;-1.209284;-0.612692;-0.306346;0.612692;
0.051750;-1.206974;-0.611587;-0.305794;0.611587;
0.051760;-1.204653;-0.610476;-0.305238;0.610476;
0.051770;-1.202320;-0.609359;-0.304680;0.609359;
0.051780;-1.199975;-0.608236;-0.304118;0.608236;
0.051790;-1.197618;-0.607107;-0.303553;0.607107;
0.051800;-1.195249;-0.605972;-0.302986;0.605972;
0.051810;-1.192868;-0.604831;-0.302415;0.604831;
0.051820;-1.190476;-0.603684;-0.301842;0.603684;
0.051830;-1.188072;-0.602531;-0.301265;0.602531;
0.051840;-1.185656;-0.601372;-0.300686;0.601372;
0.051850;-1.183228;-0.600207;-0.300103;0.600207;
0.051860;-1.180789;-0.599036;-0.299518;0.599036;
0.051870;-1.178338;-0.597859;-0.298930;0.597859;
0.051880;-1.175876;-0.596677;-0.298338;0.596677;
0.051890;-1.173401;-0.595488;-0.297744;0.595488;
0.051900;-1.170916;-0.594294;-0.297147;0.594294;
0.051910;-1.168418;-0.593093;-0.296547;0.593093;
0.051920;-1.165910;-0.591887;-0.295944;0.591887;
0.051930;-1.163389;-0.590675;-0.295338;0.590675;
0.051940;-1.160858;-0.589458;-0.294729;0.589458;
0.051950;-1.158314;-0.588234;-0.294117;0.588234;
0.051960;-1.155760;-0.587005;-0.293502;0.587005;
0.051970;-1.153194;-0.585769;-0.292885;0.585769;
0.051980;-1.150616;-0.584528;-0.292264;0.584528;
0.051990;-1.148027;-0.583282;-0.291641;0.583282;
0.052000;-1.145427;-0.582029;-0.291015;0.582029;
0.052010;-1.142816;-0.580771;-0.290385;0.580771;
0.052020;-1.140193;-0.579507;-0.289753;0.579507;
0.052030;-1.137559;-0.578237;-0.289119;0.578237;
0.052040;-1.134914;-0.576962;-0.288481;0.576962;
0.052050;-1.132257;-0.575681;-0.287840;0.575681;
0.052060;-1.129590;-0.574394;-0.287197;0.574394;
0.052070;-1.126911;-0.573101;-0.286551;0.573101;
0.052080;-1.124221;-0.571803;-0.285902;0.571803;
0.052090;-1.121520;-0.570500;-0.285250;0.570500;
0.052100;-1.118808;-0.569190;-0.284595;0.569190;
0.052110;-1.116085;-0.567875;-0.283938;0.567875;
0.052120;-1.113351;-0.566555;-0.283277;0.566555;
0.052130;-1.110606;-0.565228;-0.282614;0.565228;
0.052140;-1.107850;-0.563897;-0.281948;0.563897;
0.052150;-1.105083;-0.562559;-0.281280;0.562559;
0.052160;-1.102305;-0.561216;-0.280608;0.561216;
0.052170;-1.099516;-0.559868;-0.279934;0.559868;
0.052180;-1.096717;-0.558514;-0.279257;0.558514;
0.052190;-1.093906;-0.557154;-0.278577;0.557154;
0.052200;-1.091085;-0.555789;-0.277895;0.555789;
0.052210;-1.088253;-0.554419;-0.277210;0.554419;
0.052220;-1.085410;-0.553043;-0.276522;0.553043;
0.052230;-1.082557;-0.551662;-0.275831;0.551662;
0.052240;-1.079693;-0.550275;-0.275137;0.550275;
0.052250;-1.076818;-0.548883;-0.274441;0.548883;
0.052260;-1.073932;-0.547485;-0.273742;0.547485;
0.052270;-1.071036;-0.546082;-0.273041;0.546082;
0.052280;-1.068130;-0.544673;-0.272337;0.544673;
0.052290;-1.065213;-0.543260;-0.271630;0.543260;
0.052300;-1.062285;-0.541840;-0.270920;0.541840;
0.052310;-1.059347;-0.540416;-0.270208;0.540416;
0.052320;-1.056398;-0.538986;-0.269493;0.538986;
0.052330;-1.053439;-0.537551;-0.268775;0.537551;
0.052340;-1.050470;-0.536110;-0.268055;0.536110;
0.052350;-1.047490;-0.534664;-0.267332;0.534664;
0.052360;-1.044500;-0.533213;-0.266607;0.533213;
0.052370;-1.041500;-0.531757;-0.265878;0.531757;
0.052380;-1.038489;-0.530295;-0.265148;0.530295;
0.052390;-1.035468;-0.528828;-0.264414;0.528828;
0.052400;-1.032437;-0.527356;-0.263678;0.527356;
0.052410;-1.029395;-0.525879;-0.262940;0.525879;
0.052420;-1.026344;-0.524397;-0.262198;0.524397;
0.052430;-1.023282;-0.522909;-0.261455;0.522909;
0.052440;-1.020210;-0.521416;-0.260708;0.521416;
0.052450;-1.017129;-0.519918;-0.259959;0.519918;
0.052460;-1.014037;-0.518415;-0.259208;0.518415;
0.052470;-1.010935;-0.516907;-0.258454;0.516907;
0.052480;-1.007823;-0.515394;-0.257697;0.515394;
0.052490;-1.004701;-0.513876;-0.256938;0.513876;
0.052500;-1.001570;-0.512352;-0.256176;0.512352;
0.052510;-0.998428;-0.510824;-0.255412;0.510824;
0.052520;-0.995277;-0.509290;-0.254645;0.509290;
0.052530;-0.992115;-0.507751;-0.253876;0.507751;
0.052540;-0.988944;-0.506208;-0.253104;0.506208;
0.052550;-0.985763;-0.504659;-0.252330;0.504659;
0.052560;-0.982573;-0.503106;-0.251553;0.503106;
0.052570;-0.979373;-0.501547;-0.250774;0.501547;
0.052580;-0.976163;-0.499984;-0.249992;0.499984;
0.052590;-0.972943;-0.498415;-0.249208;0.498415;
0.052600;-0.969714;-0.496842;-0.248421;0.496842;
0.052610;-0.966475;-0.495264;-0.247632;0.495264;
0.052620;-0.963227;-0.493681;-0.246840;0.493681;
0.052630;-0.959969;-0.492093;-0.246046;0.492093;
0.052640;-0.956702;-0.490500;-0.245250;0.490500;
0.052650;-0.953425;-0.488902;-0.244451;0.488902;
0.052660;-0.950139;-0.487300;-0.243650;0.487300;
0.052670;-0.946844;-0.485692;-0.242846;0.485692;
0.052680;-0.943539;-0.484080;-0.242040;0.484080;
0.052690;-0.940225;-0.482463;-0.241232;0.482463;
0.052700;-0.936901;-0.480842;-0.240421;0.480842;
0.052710;-0.933569;-0.479215;-0.239608;0.479215;
0.052720;-0.930227;-0.477584;-0.238792;0.477584;
0.052730;-0.926876;-0.475948;-0.237974;0.475948;
0.052740;-0.923516;-0.474308;-0.237154;0.474308;
0.052750;-0.920146;-0.472663;-0.236331;0.472663;
0.052760;-0.916768;-0.471013;-0.235506;0.471013;
0.052770;-0.913380;-0.469358;-0.234679;0.469358;
0.052780;-0.909984;-0.467699;-0.233850;0.467699;
0.052790;-0.906579;-0.466035;-0.233018;0.466035;
0.052800;-0.903164;-0.464367;-0.232184;0.464367;
0.052810;-0.899741;-0.462694;-0.231347;0.462694;
0.052820;-0.896309;-0.461017;-0.230508;0.461017;
0.052830;-0.892868;-0.459334;-0.229667;0.459334;
0.052840;-0.889418;-0.457648;-0.228824;0.457648;
0.052850;-0.885959;-0.455957;-0.227978;0.455957;
0.052860;-0.882492;-0.454261;-0.227131;0.454261;
0.052870;-0.879016;-0.452561;-0.226280;0.452561;
0.052880;-0.875531;-0.450856;-0.225428;0.450856;
0.052890;-0.872038;-0.449147;-0.224574;0.449147;
0.052900;-0.868536;-0.447434;-0.223717;0.447434;
0.052910;-0.865025;-0.445716;-0.222858;0.445716;
0.052920;-0.861506;-0.443994;-0.221997;0.443994;
0.052930;-0.857978;-0.442267;-0.221134;0.442267;
0.052940;-0.854442;-0.440536;-0.220268;0.440536;
0.052950;-0.850898;-0.438801;-0.219400;0.438801;
0.052960;-0.847345;-0.437061;-0.218531;0.437061;
0.052970;-0.843784;-0.435317;-0.217659;0.435317;
0.052980;-0.840214;-0.433569;-0.216784;0.433569;
0.052990;-0.836636;-0.431816;-0.215908;0.431816;
0.053000;-0.833050;-0.430059;-0.215030;0.430059;
0.053010;-0.829456;-0.428298;-0.214149;0.428298;
0.053020;-0.825853;-0.426533;-0.213266;0.426533;
0.053030;-0.822242;-0.424763;-0.212382;0.424763;
0.053040;-0.818624;-0.422990;-0.211495;0.422990;
0.053050;-0.814997;-0.421212;-0.210606;0.421212;
0.053060;-0.811362;-0.419430;-0.209715;0.419430;
0.053070;-0.807719;-0.417643;-0.208822;0.417643;
0.053080;-0.804068;-0.415853;-0.207927;0.415853;
0.053090;-0.800409;-0.414059;-0.207029;0.414059;
0.053100;-0.796742;-0.412260;-0.206130;0.412260;
0.053110;-0.793068;-0.410458;-0.205229;0.410458;
0.053120;-0.789385;-0.408651;-0.204325;0.408651;
0.053130;-0.785695;-0.406840;-0.203420;0.406840;
0.053140;-0.781997;-0.405026;-0.202513;0.405026;
0.053150;-0.778291;-0.403207;-0.201603;0.403207;
0.053160;-0.774578;-0.401384;-0.200692;0.401384;
0.053170;-0.770857;-0.399558;-0.199779;0.399558;
0.053180;-0.767128;-0.397727;-0.198864;0.397727;
0.053190;-0.763392;-0.395893;-0.197946;0.395893;
0.053200;-0.759648;-0.394054;-0.197027;0.394054;
0.053210;-0.755897;-0.392212;-0.196106;0.392212;
0.053220;-0.752138;-0.390366;-0.195183;0.390366;
0.053230;-0.748372;-0.388516;-0.194258;0.388516;
0.053240;-0.744599;-0.386662;-0.193331;0.386662;
0.053250;-0.740818;-0.384804;-0.192402;0.384804;
0.053260;-0.737030;-0.382943;-0.191471;0.382943;
0.053270;-0.733234;-0.381078;-0.190539;0.381078;
0.053280;-0.729431;-0.379209;-0.189604;0.379209;
0.053290;-0.725622;-0.377336;-0.188668;0.377336;
0.053300;-0.721804;-0.375459;-0.187730;0.375459;
0.053310;-0.717980;-0.373579;-0.186790;0.373579;
0.053320;-0.714149;-0.371695;-0.185848;0.371695;
0.053330;-0.710311;-0.369808;-0.184904;0.369808;
0.053340;-0.706465;-0.367917;-0.183958;0.367917;
0.053350;-0.702613;-0.366022;-0.183011;0.366022;
0.053360;-0.698754;-0.364124;-0.182062;0.364124;
0.053370;-0.694888;-0.362222;-0.181111;0.362222;
0.053380;-0.691015;-0.360316;-0.180158;0.360316;
0.053390;-0.687135;-0.358407;-0.179203;0.358407;
0.053400;-0.683248;-0.356494;-0.178247;0.356494;
0.053410;-0.679355;-0.354578;-0.177289;0.354578;
0.053420;-0.675455;-0.352658;-0.176329;0.352658;
0.053430;-0.671548;-0.350735;-0.175368;0.350735;
0.053440;-0.667635;-0.348808;-0.174404;0.348808;
0.053450;-0.663715;-0.346878;-0.173439;0.346878;
0.053460;-0.659789;-0.344945;-0.172472;0.344945;
0.053470;-0.655856;-0.343008;-0.171504;0.343008;
0.053480;-0.651916;-0.341068;-0.170534;0.341068;
0.053490;-0.647970;-0.339124;-0.169562;0.339124;
0.053500;-0.644018;-0.337177;-0.168588;0.337177;
0.053510;-0.640059;-0.335227;-0.167613;0.335227;
0.053520;-0.636094;-0.333273;-0.166636;0.333273;
0.053530;-0.632123;-0.331316;-0.165658;0.331316;
0.053540;-0.628146;-0.329356;-0.164678;0.329356;
0.053550;-0.624162;-0.327392;-0.163696;0.327392;
0.053560;-0.620172;-0.325426;-0.162713;0.325426;
0.053570;-0.616176;-0.323456;-0.161728;0.323456;
0.053580;-0.612174;-0.321483;-0.160741;0.321483;
0.053590;-0.608166;-0.319506;-0.159753;0.319506;
0.053600;-0.604152;-0.317527;-0.158764;0.317527;
0.053610;-0.600132;-0.315544;-0.157772;0.315544;
0.053620;-0.596106;-0.313559;-0.156779;0.313559;
0.053630;-0.592074;-0.311570;-0.155785;0.311570;
0.053640;-0.588037;-0.309578;-0.154789;0.309578;
0.053650;-0.583993;-0.307583;-0.153792;0.307583;
0.053660;-0.579944;-0.305585;-0.152793;0.305585;
0.053670;-0.575889;-0.303584;-0.151792;0.303584;
0.053680;-0.571828;-0.301581;-0.150790;0.301581;
0.053690;-0.567762;-0.299574;-0.149787;0.299574;
0.053700;-0.563690;-0.297564;-0.148782;0.297564;
0.053710;-0.559613;-0.295551;-0.147775;0.295551;
0.053720;-0.555530;-0.293535;-0.146768;0.293535;
0.053730;-0.551441;-0.291517;-0.145758;0.291517;
0.053740;-0.547347;-0.289495;-0.144748;0.289495;
0.053750;-0.543248;-0.287471;-0.143735;0.287471;
0.053760;-0.539143;-0.285444;-0.142722;0.285444;
0.053770;-0.535033;-0.283414;-0.141707;0.283414;
0.053780;-0.530918;-0.281381;-0.140690;0.281381;
0.053790;-0.526797;-0.279345;-0.139673;0.279345;
0.053800;-0.522672;-0.277307;-0.138653;0.277307;
0.053810;-0.518541;-0.275266;-0.137633;0.275266;
0.053820;-0.514405;-0.273222;-0.136611;0.273222;
0.053830;-0.510264;-0.271175;-0.135588;0.271175;
0.053840;-0.506117;-0.269126;-0.134563;0.269126;
0.053850;-0.501966;-0.267074;-0.133537;0.267074;
0.053860;-0.497810;-0.265020;-0.132510;0.265020;
0.053870;-0.493649;-0.262963;-0.131481;0.262963;
0.053880;-0.489483;-0.260903;-0.130452;0.260903;
0.053890;-0.485313;-0.258841;-0.129421;0.258841;
0.053900;-0.481137;-0.256776;-0.128388;0.256776;
0.053910;-0.476957;-0.254709;-0.127354;0.254709;
0.053920;-0.472772;-0.252639;-0.126320;0.252639;
0.053930;-0.468583;-0.250567;-0.125283;0.250567;
0.053940;-0.464388;-0.248492;-0.124246;0.248492;
0.053950;-0.460190;-0.246415;-0.123207;0.246415;
0.053960;-0.455986;-0.244335;-0.122167;0.244335;
0.053970;-0.451778;-0.242253;-0.121126;0.242253;
0.053980;-0.447566;-0.240168;-0.120084;0.240168;
0.053990;-0.443349;-0.238081;-0.119041;0.238081;
0.054000;-0.439128;-0.235992;-0.117996;0.235992;
0.054010;-0.434903;-0.233901;-0.116950;0.233901;
0.054020;-0.430673;-0.231807;-0.115903;0.231807;
0.054030;-0.426439;-0.229711;-0.114855;0.229711;
0.054040;-0.422201;-0.227612;-0.113806;0.227612;
0.054050;-0.417959;-0.225512;-0.112756;0.225512;
0.054060;-0.413712;-0.223409;-0.111704;0.223409;
0.054070;-0.409462;-0.221304;-0.110652;0.221304;
0.054080;-0.405207;-0.219196;-0.109598;0.219196;
0.054090;-0.400948;-0.217087;-0.108543;0.217087;
0.054100;-0.396686;-0.214975;-0.107488;0.214975;
0.054110;-0.392419;-0.212862;-0.106431;0.212862;
0.054120;-0.388149;-0.210746;-0.105373;0.210746;
0.054130;-0.383875;-0.208628;-0.104314;0.208628;
0.054140;-0.379597;-0.206508;-0.103254;0.206508;
0.054150;-0.375315;-0.204386;-0.102193;0.204386;
0.054160;-0.371030;-0.202262;-0.101131;0.202262;
0.054170;-0.366741;-0.200136;-0.100068;0.200136;
0.054180;-0.362448;-0.198008;-0.099004;0.198008;
0.054190;-0.358152;-0.195878;-0.097939;0.195878;
0.054200;-0.353852;-0.193746;-0.096873;0.193746;
0.054210;-0.349549;-0.191613;-0.095806;0.191613;
0.054220;-0.345242;-0.189477;-0.094738;0.189477;
0.054230;-0.340932;-0.187339;-0.093670;0.187339;
0.054240;-0.336618;-0.185200;-0.092600;0.185200;
0.054250;-0.332301;-0.183059;-0.091529;0.183059;
0.054260;-0.327981;-0.180916;-0.090458;0.180916;
0.054270;-0.323658;-0.178771;-0.089385;0.178771;
0.054280;-0.319331;-0.176624;-0.088312;0.176624;
0.054290;-0.315002;-0.174476;-0.087238;0.174476;
0.054300;-0.310669;-0.172326;-0.086163;0.172326;
0.054310;-0.306333;-0.170174;-0.085087;0.170174;
0.054320;-0.301994;-0.168021;-0.084010;0.168021;
0.054330;-0.297652;-0.165866;-0.082933;0.165866;
0.054340;-0.293307;-0.163709;-0.081855;0.163709;
0.054350;-0.288959;-0.161551;-0.080775;0.161551;
0.054360;-0.284609;-0.159391;-0.079695;0.159391;
0.054370;-0.280256;-0.157229;-0.078615;0.157229;
0.054380;-0.275899;-0.155066;-0.077533;0.155066;
0.054390;-0.271541;-0.152902;-0.076451;0.152902;
0.054400;-0.267179;-0.150736;-0.075368;0.150736;
0.054410;-0.262815;-0.148568;-0.074284;0.148568;
0.054420;-0.258448;-0.146399;-0.073200;0.146399;
0.054430;-0.254079;-0.144229;-0.072114;0.144229;
0.054440;-0.249707;-0.142057;-0.071028;0.142057;
0.054450;-0.245333;-0.139883;-0.069942;0.139883;
0.054460;-0.240956;-0.137709;-0.068854;0.137709;
0.054470;-0.236577;-0.135533;-0.067766;0.135533;
0.054480;-0.232195;-0.133355;-0.066678;0.133355;
0.054490;-0.227812;-0.131177;-0.065588;0.131177;
0.054500;-0.223426;-0.128997;-0.064498;0.128997;
0.054510;-0.219037;-0.126815;-0.063408;0.126815;
0.054520;-0.214647;-0.124633;-0.062316;0.124633;
0.054530;-0.210255;-0.122449;-0.061225;0.122449;
0.054540;-0.205860;-0.120264;-0.060132;0.120264;
0.054550;-0.201463;-0.118078;-0.059039;0.118078;
0.054560;-0.197065;-0.115891;-0.057945;0.115891;
0.054570;-0.192664;-0.113702;-0.056851;0.113702;
0.054580;-0.188262;-0.111513;-0.055756;0.111513;
0.054590;-0.183858;-0.109322;-0.054661;0.109322;
0.054600;-0.179452;-0.107130;-0.053565;0.107130;
0.054610;-0.175044;-0.104937;-0.052469;0.104937;
0.054620;-0.170634;-0.102744;-0.051372;0.102744;
0.054630;-0.166223;-0.100549;-0.050274;0.100549;
0.054640;-0.161810;-0.098353;-0.049176;0.098353;
0.054650;-0.157396;-0.096156;-0.048078;0.096156;
0.054660;-0.152980;-0.093958;-0.046979;0.093958;
0.054670;-0.148562;-0.091760;-0.045880;0.091760;
0.054680;-0.144143;-0.089560;-0.044780;0.089560;
0.054690;-0.139722;-0.087359;-0.043680;0.087359;
0.054700;-0.135301;-0.085158;-0.042579;0.085158;
0.054710;-0.130878;-0.082956;-0.041478;0.082956;
0.054720;-0.126453;-0.080753;-0.040376;0.080753;
0.054730;-0.122027;-0.078549;-0.039275;0.078549;
0.054740;-0.117600;-0.076345;-0.038172;0.076345;
0.054750;-0.113172;-0.074139;-0.037070;0.074139;
0.054760;-0.108743;-0.071933;-0.035967;0.071933;
0.054770;-0.104313;-0.069726;-0.034863;0.069726;
0.054780;-0.099882;-0.067519;-0.033759;0.067519;
0.054790;-0.095449;-0.065311;-0.032655;0.065311;
0.054800;-0.091016;-0.063102;-0.031551;0.063102;
0.054810;-0.086582;-0.060893;-0.030446;0.060893;
0.054820;-0.082147;-0.058683;-0.029341;0.058683;
0.054830;-0.077711;-0.056472;-0.028236;0.056472;
0.054840;-0.073275;-0.054261;-0.027130;0.054261;
0.054850;-0.068837;-0.052049;-0.026025;0.052049;
0.054860;-0.064400;-0.049837;-0.024918;0.049837;
0.054870;-0.059961;-0.047624;-0.023812;0.047624;
0.054880;-0.055522;-0.045411;-0.022706;0.045411;
0.054890;-0.051082;-0.043198;-0.021599;0.043198;
0.054900;-0.046642;-0.040984;-0.020492;0.040984;
0.054910;-0.042201;-0.038769;-0.019385;0.038769;
0.054920;-0.037760;-0.036554;-0.018277;0.036554;
0.054930;-0.033319;-0.034339;-0.017170;0.034339;
0.054940;-0.028877;-0.032124;-0.016062;0.032124;
0.054950;-0.024435;-0.029908;-0.014954;0.029908;
0.054960;-0.019992;-0.027692;-0.013846;0.027692;
0.054970;-0.015550;-0.025475;-0.012738;0.025475;
0.054980;-0.011107;-0.023259;-0.011629;0.023259;
0.054990;-0.006664;-0.021042;-0.010521;0.021042;
0.055000;-0.002221;-0.018825;-0.009412;0.018825;
0.055010;0.002221;-0.016607;-0.008304;0.016607;
0.055020;0.006664;-0.014390;-0.007195;0.014390;
0.055030;0.011107;-0.012172;-0.006086;0.012172;
0.055040;0.015550;-0.009955;-0.004977;0.009955;
0.055050;0.019992;-0.007737;-0.003868;0.007737;
0.055060;0.024435;-0.005519;-0.002760;0.005519;
0.055070;0.028877;-0.003301;-0.001651;0.003301;
0.055080;0.033319;-0.001083;-0.000542;0.001083;
0.055090;0.037760;0.001135;0.000567;-0.001135;
0.055100;0.042201;0.003353;0.001676;-0.003353;
0.055110;0.046642;0.005571;0.002785;-0.005571;
0.055120;0.051082;0.007789;0.003894;-0.007789;
0.055130;0.055522;0.010006;0.005003;-0.010006;
0.055140;0.059961;0.012224;0.006112;-0.012224;
0.055150;0.064400;0.014442;0.007221;-0.014442;
0.055160;0.068837;0.016659;0.008330;-0.016659;
0.055170;0.073275;0.018876;0.009438;-0.018876;
0.055180;0.077711;0.021093;0.010547;-0.021093;
0.055190;0.082147;0.023310;0.011655;-0.023310;
0.055200;0.086582;0.025527;0.012763;-0.025527;
0.055210;0.091016;0.027743;0.013872;-0.027743;
0.055220;0.095449;0.029959;0.014980;-0.029959;
0.055230;0.099882;0.032175;0.016088;-0.032175;
0.055240;0.104313;0.034391;0.017195;-0.034391;
0.055250;0.108743;0.036606;0.018303;-0.036606;
0.055260;0.113172;0.038821;0.019410;-0.038821;
0.055270;0.117600;0.041035;0.020518;-0.041035;
0.055280;0.122027;0.043249;0.021625;-0.043249;
0.055290;0.126453;0.045463;0.022731;-0.045463;
0.055300;0.130878;0.047676;0.023838;-0.047676;
0.055310;0.135301;0.049889;0.024944;-0.049889;
0.055320;0.139722;0.052101;0.026050;-0.052101;
0.055330;0.144143;0.054312;0.027156;-0.054312;
0.055340;0.148562;0.056524;0.028262;-0.056524;
0.055350;0.152980;0.058734;0.029367;-0.058734;
0.055360;0.157396;0.060944;0.030472;-0.060944;
0.055370;0.161810;0.063153;0.031577;-0.063153;
0.055380;0.166223;0.065362;0.032681;-0.065362;
0.055390;0.170634;0.067570;0.033785;-0.067570;
0.055400;0.175044;0.069778;0.034889;-0.069778;
0.055410;0.179452;0.071985;0.035992;-0.071985;
0.055420;0.183858;0.074191;0.037095;-0.074191;
0.055430;0.188262;0.076396;0.038198;-0.076396;
0.055440;0.192664;0.078600;0.039300;-0.078600;
0.055450;0.197065;0.080804;0.040402;-0.080804;
0.055460;0.201463;0.083007;0.041504;-0.083007;
0.055470;0.205860;0.085209;0.042605;-0.085209;
0.055480;0.210255;0.087411;0.043705;-0.087411;
0.055490;0.214647;0.089611;0.044806;-0.089611;
0.055500;0.219037;0.091811;0.045905;-0.091811;
0.055510;0.223426;0.094010;0.047005;-0.094010;
0.055520;0.227812;0.096207;0.048104;-0.096207;
0.055530;0.232195;0.098404;0.049202;-0.098404;
0.055540;0.236577;0.100600;0.050300;-0.100600;
0.055550;0.240956;0.102795;0.051397;-0.102795;
0.055560;0.245333;0.104989;0.052494;-0.104989;
0.055570;0.249707;0.107181;0.053591;-0.107181;
0.055580;0.254079;0.109373;0.054687;-0.109373;
0.055590;0.258448;0.111564;0.055782;-0.111564;
0.055600;0.262815;0.113753;0.056877;-0.113753;
0.055610;0.267179;0.115942;0.057971;-0.115942;
0.055620;0.271541;0.118129;0.059064;-0.118129;
0.055630;0.275899;0.120315;0.060158;-0.120315;
0.055640;0.280256;0.122500;0.061250;-0.122500;
0.055650;0.284609;0.124684;0.062342;-0.124684;
0.055660;0.288959;0.126866;0.063433;-0.126866;
0.055670;0.293307;0.129047;0.064524;-0.129047;
0.055680;0.297652;0.131227;0.065614;-0.131227;
0.055690;0.301994;0.133406;0.066703;-0.133406;
0.055700;0.306333;0.135583;0.067792;-0.135583;
0.055710;0.310669;0.137759;0.068880;-0.137759;
0.055720;0.315002;0.139934;0.069967;-0.139934;
0.055730;0.319331;0.142107;0.071054;-0.142107;
0.055740;0.323658;0.144279;0.072140;-0.144279;
0.055750;0.327981;0.146450;0.073225;-0.146450;
0.055760;0.332301;0.148619;0.074309;-0.148619;
0.055770;0.336618;0.150786;0.075393;-0.150786;
0.055780;0.340932;0.152952;0.076476;-0.152952;
0.055790;0.345242;0.155117;0.077558;-0.155117;
0.055800;0.349549;0.157280;0.078640;-0.157280;
0.055810;0.353852;0.159441;0.079721;-0.159441;
0.055820;0.358152;0.161601;0.080801;-0.161601;
0.055830;0.362448;0.163759;0.081880;-0.163759;
0.055840;0.366741;0.165916;0.082958;-0.165916;
0.055850;0.371030;0.168071;0.084036;-0.168071;
0.055860;0.375315;0.170224;0.085112;-0.170224;
0.055870;0.379597;0.172376;0.086188;-0.172376;
0.055880;0.383875;0.174526;0.087263;-0.174526;
0.055890;0.388149;0.176674;0.088337;-0.176674;
0.055900;0.392419;0.178821;0.089410;-0.178821;
0.055910;0.396686;0.180966;0.090483;-0.180966;
0.055920;0.400948;0.183109;0.091554;-0.183109;
0.055930;0.405207;0.185250;0.092625;-0.185250;
0.055940;0.409462;0.187389;0.093695;-0.187389;
0.055950;0.413712;0.189527;0.094763;-0.189527;
0.055960;0.417959;0.191662;0.095831;-0.191662;
0.055970;0.422201;0.193796;0.096898;-0.193796;
0.055980;0.426439;0.195928;0.097964;-0.195928;
0.055990;0.430673;0.198058;0.099029;-0.198058;
0.056000;0.434903;0.200186;0.100093;-0.200186;
0.056010;0.439128;0.202312;0.101156;-0.202312;
0.056020;0.443349;0.204436;0.102218;-0.204436;
0.056030;0.447566;0.206557;0.103279;-0.206557;
0.056040;0.451778;0.208677;0.104339;-0.208677;
0.056050;0.455986;0.210795;0.105398;-0.210795;
0.056060;0.460190;0.212911;0.106455;-0.212911;
0.056070;0.464388;0.215025;0.107512;-0.215025;
0.056080;0.468583;0.217136;0.108568;-0.217136;
0.056090;0.472772;0.219246;0.109623;-0.219246;
0.056100;0.476957;0.221353;0.110676;-0.221353;
0.056110;0.481137;0.223458;0.111729;-0.223458;
0.056120;0.485313;0.225561;0.112780;-0.225561;
0.056130;0.489483;0.227661;0.113831;-0.227661;
0.056140;0.493649;0.229760;0.114880;-0.229760;
0.056150;0.497810;0.231856;0.115928;-0.231856;
0.056160;0.501966;0.233949;0.116975;-0.233949;
0.056170;0.506117;0.236041;0.118020;-0.236041;
0.056180;0.510264;0.238130;0.119065;-0.238130;
0.056190;0.514405;0.240217;0.120108;-0.240217;
0.056200;0.518541;0.242301;0.121151;-0.242301;
0.056210;0.522672;0.244383;0.122192;-0.244383;
0.056220;0.526797;0.246463;0.123232;-0.246463;
0.056230;0.530918;0.248540;0.124270;-0.248540;
0.056240;0.535033;0.250615;0.125308;-0.250615;
0.056250;0.539143;0.252687;0.126344;-0.252687;
0.056260;0.543248;0.254757;0.127379;-0.254757;
0.056270;0.547347;0.256824;0.128412;-0.256824;
0.056280;0.551441;0.258889;0.129445;-0.258889;
0.056290;0.555530;0.260951;0.130476;-0.260951;
0.056300;0.559613;0.263011;0.131505;-0.263011;
0.056310;0.563690;0.265068;0.132534;-0.265068;
0.056320;0.567762;0.267122;0.133561;-0.267122;
0.056330;0.571828;0.269174;0.134587;-0.269174;
0.056340;0.575889;0.271223;0.135612;-0.271223;
0.056350;0.579944;0.273270;0.136635;-0.273270;
0.056360;0.583993;0.275313;0.137657;-0.275313;
0.056370;0.588037;0.277354;0.138677;-0.277354;
0.056380;0.592074;0.279393;0.139696;-0.279393;
0.056390;0.596106;0.281428;0.140714;-0.281428;
0.056400;0.600132;0.283461;0.141730;-0.283461;
0.056410;0.604152;0.285491;0.142745;-0.285491;
0.056420;0.608166;0.287518;0.143759;-0.287518;
0.056430;0.612174;0.289542;0.144771;-0.289542;
0.056440;0.616176;0.291564;0.145782;-0.291564;
0.056450;0.620172;0.293582;0.146791;-0.293582;
0.056460;0.624162;0.295598;0.147799;-0.295598;
0.056470;0.628146;0.297611;0.148805;-0.297611;
0.056480;0.632123;0.299620;0.149810;-0.299620;
0.056490;0.636094;0.301627;0.150814;-0.301627;
0.056500;0.640059;0.303631;0.151816;-0.303631;
0.056510;0.644018;0.305632;0.152816;-0.305632;
0.056520;0.647970;0.307630;0.153815;-0.307630;
0.056530;0.651916;0.309625;0.154812;-0.309625;
0.056540;0.655856;0.311616;0.155808;-0.311616;
0.056550;0.659789;0.313605;0.156803;-0.313605;
0.056560;0.663715;0.315591;0.157795;-0.315591;
0.056570;0.667635;0.317573;0.158787;-0.317573;
0.056580;0.671548;0.319553;0.159776;-0.319553;
0.056590;0.675455;0.321529;0.160764;-0.321529;
0.056600;0.679355;0.323502;0.161751;-0.323502;
0.056610;0.683248;0.325472;0.162736;-0.325472;
0.056620;0.687135;0.327438;0.163719;-0.327438;
0.056630;0.691015;0.329402;0.164701;-0.329402;
0.056640;0.694888;0.331362;0.165681;-0.331362;
0.056650;0.698754;0.333319;0.166659;-0.333319;
0.056660;0.702613;0.335272;0.167636;-0.335272;
0.056670;0.706465;0.337222;0.168611;-0.337222;
0.056680;0.710311;0.339169;0.169585;-0.339169;
0.056690;0.714149;0.341113;0.170556;-0.341113;
0.056700;0.717980;0.343053;0.171527;-0.343053;
0.056710;0.721804;0.344990;0.172495;-0.344990;
0.056720;0.725622;0.346923;0.173462;-0.346923;
0.056730;0.729431;0.348853;0.174427;-0.348853;
0.056740;0.733234;0.350780;0.175390;-0.350780;
0.056750;0.737030;0.352703;0.176352;-0.352703;
0.056760;0.740818;0.354623;0.177311;-0.354623;
0.056770;0.744599;0.356539;0.178269;-0.356539;
0.056780;0.748372;0.358451;0.179226;-0.358451;
0.056790;0.752138;0.360360;0.180180;-0.360360;
0.056800;0.755897;0.362266;0.181133;-0.362266;
0.056810;0.759648;0.364168;0.182084;-0.364168;
0.056820;0.763392;0.366066;0.183033;-0.366066;
0.056830;0.767128;0.367961;0.183980;-0.367961;
0.056840;0.770857;0.369852;0.184926;-0.369852;
0.056850;0.774578;0.371739;0.185870;-0.371739;
0.056860;0.778291;0.373623;0.186812;-0.373623;
0.056870;0.781997;0.375503;0.187752;-0.375503;
0.056880;0.785695;0.377380;0.188690;-0.377380;
0.056890;0.789385;0.379252;0.189626;-0.379252;
0.056900;0.793068;0.381121;0.190561;-0.381121;
0.056910;0.796742;0.382986;0.191493;-0.382986;
0.056920;0.800409;0.384848;0.192424;-0.384848;
0.056930;0.804068;0.386705;0.193353;-0.386705;
0.056940;0.807719;0.388559;0.194280;-0.388559;
0.056950;0.811362;0.390409;0.195204;-0.390409;
0.056960;0.814997;0.392255;0.196127;-0.392255;
0.056970;0.818624;0.394097;0.197049;-0.394097;
0.056980;0.822242;0.395935;0.197968;-0.395935;
0.056990;0.825853;0.397770;0.198885;-0.397770;
0.057000;0.829456;0.399600;0.199800;-0.399600;
0.057010;0.833050;0.401427;0.200713;-0.401427;
0.057020;0.836636;0.403249;0.201625;-0.403249;
0.057030;0.840214;0.405068;0.202534;-0.405068;
0.057040;0.843784;0.406883;0.203441;-0.406883;
0.057050;0.847345;0.408693;0.204347;-0.408693;
0.057060;0.850898;0.410500;0.205250;-0.410500;
0.057070;0.854442;0.412302;0.206151;-0.412302;
0.057080;0.857978;0.414101;0.207050;-0.414101;
0.057090;0.861506;0.415895;0.207947;-0.415895;
0.057100;0.865025;0.417685;0.208843;-0.417685;
0.057110;0.868536;0.419471;0.209736;-0.419471;
0.057120;0.872038;0.421253;0.210627;-0.421253;
0.057130;0.875531;0.423031;0.211515;-0.423031;
0.057140;0.879016;0.424805;0.212402;-0.424805;
0.057150;0.882492;0.426574;0.213287;-0.426574;
0.057160;0.885959;0.428339;0.214170;-0.428339;
0.057170;0.889418;0.430100;0.215050;-0.430100;
0.057180;0.892868;0.431857;0.215929;-0.431857;
0.057190;0.896309;0.433610;0.216805;-0.433610;
0.057200;0.899741;0.435358;0.217679;-0.435358;
0.057210;0.903164;0.437102;0.218551;-0.437102;
0.057220;0.906579;0.438841;0.219421;-0.438841;
0.057230;0.909984;0.440577;0.220288;-0.440577;
0.057240;0.913380;0.442307;0.221154;-0.442307;
0.057250;0.916768;0.444034;0.222017;-0.444034;
0.057260;0.920146;0.445756;0.222878;-0.445756;
0.057270;0.923516;0.447474;0.223737;-0.447474;
0.057280;0.926876;0.449187;0.224594;-0.449187;
0.057290;0.930227;0.450896;0.225448;-0.450896;
0.057300;0.933569;0.452601;0.226300;-0.452601;
0.057310;0.936901;0.454301;0.227150;-0.454301;
0.057320;0.940225;0.455996;0.227998;-0.455996;
0.057330;0.943539;0.457687;0.228844;-0.457687;
0.057340;0.946844;0.459374;0.229687;-0.459374;
0.057350;0.950139;0.461056;0.230528;-0.461056;
0.057360;0.953425;0.462733;0.231367;-0.462733;
0.057370;0.956702;0.464406;0.232203;-0.464406;
0.057380;0.959969;0.466074;0.233037;-0.466074;
0.057390;0.963227;0.467738;0.233869;-0.467738;
0.057400;0.966475;0.469397;0.234698;-0.469397;
0.057410;0.969714;0.471051;0.235526;-0.471051;
0.057420;0.972943;0.472701;0.236351;-0.472701;
0.057430;0.976163;0.474346;0.237173;-0.474346;
0.057440;0.979373;0.475987;0.237993;-0.475987;
0.057450;0.982573;0.477622;0.238811;-0.477622;
0.057460;0.985763;0.479253;0.239627;-0.479253;
0.057470;0.988944;0.480880;0.240440;-0.480880;
0.057480;0.992115;0.482501;0.241251;-0.482501;
0.057490;0.995277;0.484118;0.242059;-0.484118;
0.057500;0.998428;0.485730;0.242865;-0.485730;
0.057510;1.001570;0.487337;0.243669;-0.487337;
0.057520;1.004701;0.488940;0.244470;-0.488940;
0.057530;1.007823;0.490537;0.245269;-0.490537;
0.057540;1.010935;0.492130;0.246065;-0.492130;
0.057550;1.014037;0.493718;0.246859;-0.493718;
0.057560;1.017129;0.495301;0.247650;-0.495301;
0.057570;1.020210;0.496879;0.248439;-0.496879;
0.057580;1.023282;0.498452;0.249226;-0.498452;
0.057590;1.026344;0.500020;0.250010;-0.500020;
0.057600;1.029395;0.501584;0.250792;-0.501584;
0.057610;1.032437;0.503142;0.251571;-0.503142;
0.057620;1.035468;0.504696;0.252348;-0.504696;
0.057630;1.038489;0.506244;0.253122;-0.506244;
0.057640;1.041500;0.507787;0.253894;-0.507787;
0.057650;1.044500;0.509326;0.254663;-0.509326;
0.057660;1.047490;0.510859;0.255430;-0.510859;
0.057670;1.050470;0.512388;0.256194;-0.512388;
0.057680;1.053439;0.513911;0.256955;-0.513911;
0.057690;1.056398;0.515429;0.257715;-0.515429;
0.057700;1.059347;0.516942;0.258471;-0.516942;
0.057710;1.062285;0.518450;0.259225;-0.518450;
0.057720;1.065213;0.519953;0.259977;-0.519953;
0.057730;1.068130;0.521451;0.260726;-0.521451;
0.057740;1.071036;0.522944;0.261472;-0.522944;
0.057750;1.073932;0.524431;0.262216;-0.524431;
0.057760;1.076818;0.525914;0.262957;-0.525914;
0.057770;1.079693;0.527391;0.263695;-0.527391;
0.057780;1.082557;0.528863;0.264431;-0.528863;
0.057790;1.085410;0.530329;0.265165;-0.530329;
0.057800;1.088253;0.531791;0.265895;-0.531791;
0.057810;1.091085;0.533247;0.266624;-0.533247;
0.057820;1.093906;0.534698;0.267349;-0.534698;
0.057830;1.096717;0.536144;0.268072;-0.536144;
0.057840;1.099516;0.537584;0.268792;-0.537584;
0.057850;1.102305;0.539019;0.269510;-0.539019;
0.057860;1.105083;0.540449;0.270225;-0.540449;
0.057870;1.107850;0.541873;0.270937;-0.541873;
0.057880;1.110606;0.543293;0.271646;-0.543293;
0.057890;1.113351;0.544706;0.272353;-0.544706;
0.057900;1.116085;0.546115;0.273057;-0.546115;
0.057910;1.118808;0.547518;0.273759;-0.547518;
0.057920;1.121520;0.548915;0.274458;-0.548915;
0.057930;1.124221;0.550307;0.275154;-0.550307;
0.057940;1.126911;0.551694;0.275847;-0.551694;
0.057950;1.129590;0.553075;0.276538;-0.553075;
0.057960;1.132257;0.554451;0.277226;-0.554451;
0.057970;1.134914;0.555821;0.277911;-0.555821;
0.057980;1.137559;0.557186;0.278593;-0.557186;
0.057990;1.140193;0.558546;0.279273;-0.558546;
0.058000;1.142816;0.559899;0.279950;-0.559899;
0.058010;1.145427;0.561248;0.280624;-0.561248;
0.058020;1.148027;0.562590;0.281295;-0.562590;
0.058030;1.150616;0.563928;0.281964;-0.563928;
0.058040;1.153194;0.565259;0.282630;-0.565259;
0.058050;1.155760;0.566585;0.283293;-0.566585;
0.058060;1.158314;0.567906;0.283953;-0.567906;
0.058070;1.160858;0.569221;0.284610;-0.569221;
0.058080;1.163389;0.570530;0.285265;-0.570530;
0.058090;1.165910;0.571834;0.285917;-0.571834;
0.058100;1.168418;0.573132;0.286566;-0.573132;
0.058110;1.170916;0.574424;0.287212;-0.574424;
0.058120;1.173401;0.575711;0.287855;-0.575711;
0.058130;1.175876;0.576992;0.288496;-0.576992;
0.058140;1.178338;0.578267;0.289133;-0.578267;
0.058150;1.180789;0.579536;0.289768;-0.579536;
0.058160;1.183228;0.580800;0.290400;-0.580800;
0.058170;1.185656;0.582058;0.291029;-0.582058;
0.058180;1.188072;0.583311;0.291655;-0.583311;
0.058190;1.190476;0.584557;0.292279;-0.584557;
0.058200;1.192868;0.585798;0.292899;-0.585798;
0.058210;1.195249;0.587033;0.293517;-0.587033;
0.058220;1.197618;0.588263;0.294131;-0.588263;
0.058230;1.199975;0.589486;0.294743;-0.589486;
0.058240;1.202320;0.590704;0.295352;-0.590704;
0.058250;1.204653;0.591915;0.295958;-0.591915;
0.058260;1.206974;0.593121;0.296561;-0.593121;
0.058270;1.209284;0.594322;0.297161;-0.594322;
0.058280;1.211582;0.595516;0.297758;-0.595516;
0.058290;1.213867;0.596704;0.298352;-0.596704;
0.058300;1.216141;0.597887;0.298943;-0.597887;
0.058310;1.218402;0.599063;0.299532;-0.599063;
0.058320;1.220652;0.600234;0.300117;-0.600234;
0.058330;1.222889;0.601399;0.300699;-0.601399;
0.058340;1.225115;0.602558;0.301279;-0.602558;
0.058350;1.227328;0.603710;0.301855;-0.603710;
0.058360;1.229530;0.604857;0.302429;-0.604857;
0.058370;1.231719;0.605998;0.302999;-0.605998;
0.058380;1.233896;0.607133;0.303567;-0.607133;
0.058390;1.236060;0.608262;0.304131;-0.608262;
0.058400;1.238213;0.609385;0.304693;-0.609385;
0.058410;1.240353;0.610502;0.305251;-0.610502;
0.058420;1.242482;0.611613;0.305806;-0.611613;
0.058430;1.244597;0.612718;0.306359;-0.612718;
0.058440;1.246701;0.613817;0.306908;-0.613817;
0.058450;1.248792;0.614910;0.307455;-0.614910;
0.058460;1.250871;0.615996;0.307998;-0.615996;
0.058470;1.252938;0.617077;0.308538;-0.617077;
0.058480;1.254992;0.618151;0.309076;-0.618151;
0.058490;1.257034;0.619220;0.309610;-0.619220;
0.058500;1.259063;0.620282;0.310141;-0.620282;
0.058510;1.261080;0.621338;0.310669;-0.621338;
0.058520;1.263085;0.622388;0.311194;-0.622388;
0.058530;1.265077;0.623432;0.311716;-0.623432;
0.058540;1.267057;0.624470;0.312235;-0.624470;
0.058550;1.269024;0.625502;0.312751;-0.625502;
0.058560;1.270979;0.626527;0.313264;-0.626527;
0.058570;1.272921;0.627547;0.313773;-0.627547;
0.058580;1.274850;0.628560;0.314280;-0.628560;
0.058590;1.276767;0.629566;0.314783;-0.629566;
0.058600;1.278671;0.630567;0.315284;-0.630567;
0.058610;1.280563;0.631562;0.315781;-0.631562;
0.058620;1.282442;0.632550;0.316275;-0.632550;
0.058630;1.284308;0.633532;0.316766;-0.633532;
0.058640;1.286162;0.634507;0.317254;-0.634507;
0.058650;1.288003;0.635477;0.317738;-0.635477;
0.058660;1.289831;0.636440;0.318220;-0.636440;
0.058670;1.291647;0.637397;0.318698;-0.637397;
0.058680;1.293450;0.638347;0.319174;-0.638347;
0.058690;1.295240;0.639292;0.319646;-0.639292;
0.058700;1.297017;0.640230;0.320115;-0.640230;
0.058710;1.298782;0.641161;0.320581;-0.641161;
0.058720;1.300533;0.642087;0.321043;-0.642087;
0.058730;1.302272;0.643006;0.321503;-0.643006;
0.058740;1.303998;0.643918;0.321959;-0.643918;
0.058750;1.305711;0.644825;0.322412;-0.644825;
0.058760;1.307411;0.645725;0.322862;-0.645725;
0.058770;1.309099;0.646618;0.323309;-0.646618;
0.058780;1.310773;0.647505;0.323753;-0.647505;
0.058790;1.312435;0.648386;0.324193;-0.648386;
0.058800;1.314083;0.649261;0.324630;-0.649261;
0.058810;1.315719;0.650128;0.325064;-0.650128;
0.058820;1.317341;0.650990;0.325495;-0.650990;
0.058830;1.318951;0.651845;0.325923;-0.651845;
0.058840;1.320547;0.652694;0.326347;-0.652694;
0.058850;1.322131;0.653536;0.326768;-0.653536;
0.058860;1.323701;0.654372;0.327186;-0.654372;
0.058870;1.325259;0.655201;0.327601;-0.655201;
0.058880;1.326803;0.656024;0.328012;-0.656024;
0.058890;1.328334;0.656841;0.328420;-0.656841;
0.058900;1.329852;0.657651;0.328825;-0.657651;
0.058910;1.331357;0.658454;0.329227;-0.658454;
0.058920;1.332849;0.659251;0.329625;-0.659251;
0.058930;1.334328;0.660041;0.330021;-0.660041;
0.058940;1.335793;0.660825;0.330413;-0.660825;
0.058950;1.337246;0.661603;0.330801;-0.661603;
0.058960;1.338685;0.662374;0.331187;-0.662374;
0.058970;1.340111;0.663138;0.331569;-0.663138;
0.058980;1.341523;0.663896;0.331948;-0.663896;
0.058990;1.342923;0.664647;0.332323;-0.664647;
0.059000;1.344309;0.665392;0.332696;-0.665392;
0.059010;1.345682;0.666130;0.333065;-0.666130;
0.059020;1.347041;0.666861;0.333431;-0.666861;
0.059030;1.348388;0.667586;0.333793;-0.667586;
0.059040;1.349721;0.668305;0.334152;-0.668305;
0.059050;1.351041;0.669016;0.334508;-0.669016;
0.059060;1.352347;0.669721;0.334861;-0.669721;
0.059070;1.353640;0.670420;0.335210;-0.670420;
0.059080;1.354920;0.671112;0.335556;-0.671112;
0.059090;1.356186;0.671797;0.335899;-0.671797;
0.059100;1.357439;0.672476;0.336238;-0.672476;
0.059110;1.358678;0.673148;0.336574;-0.673148;
0.059120;1.359905;0.673813;0.336907;-0.673813;
0.059130;1.361117;0.674472;0.337236;-0.674472;
0.059140;1.362317;0.675124;0.337562;-0.675124;
0.059150;1.363502;0.675770;0.337885;-0.675770;
0.059160;1.364675;0.676408;0.338204;-0.676408;
0.059170;1.365834;0.677041;0.338520;-0.677041;
0.059180;1.366979;0.677666;0.338833;-0.677666;
0.059190;1.368111;0.678285;0.339142;-0.678285;
0.059200;1.369229;0.678897;0.339448;-0.678897;
0.059210;1.370334;0.679502;0.339751;-0.679502;
0.059220;1.371426;0.680101;0.340050;-0.680101;
0.059230;1.372503;0.680692;0.340346;-0.680692;
0.059240;1.373568;0.681278;0.340639;-0.681278;
0.059250;1.374618;0.681856;0.340928;-0.681856;
0.059260;1.375656;0.682428;0.341214;-0.682428;
0.059270;1.376679;0.682993;0.341496;-0.682993;
0.059280;1.377689;0.683551;0.341776;-0.683551;
0.059290;1.378686;0.684103;0.342051;-0.684103;
0.059300;1.379668;0.684647;0.342324;-0.684647;
0.059310;1.380638;0.685185;0.342593;-0.685185;
0.059320;1.381593;0.685717;0.342858;-0.685717;
0.059330;1.382535;0.686241;0.343121;-0.686241;
0.059340;1.383463;0.686759;0.343379;-0.686759;
0.059350;1.384378;0.687270;0.343635;-0.687270;
0.059360;1.385279;0.687774;0.343887;-0.687774;
0.059370;1.386166;0.688271;0.344136;-0.688271;
0.059380;1.387040;0.688762;0.344381;-0.688762;
0.059390;1.387900;0.689245;0.344623;-0.689245;
0.059400;1.388746;0.689722;0.344861;-0.689722;
0.059410;1.389578;0.690193;0.345096;-0.690193;
0.059420;1.390397;0.690656;0.345328;-0.690656;
0.059430;1.391202;0.691112;0.345556;-0.691112;
0.059440;1.391994;0.691562;0.345781;-0.691562;
0.059450;1.392771;0.692005;0.346002;-0.692005;
0.059460;1.393535;0.692441;0.346221;-0.692441;
0.059470;1.394285;0.692870;0.346435;-0.692870;
0.059480;1.395022;0.693293;0.346646;-0.693293;
0.059490;1.395744;0.693708;0.346854;-0.693708;
0.059500;1.396453;0.694117;0.347058;-0.694117;
0.059510;1.397148;0.694519;0.347259;-0.694519;
0.059520;1.397829;0.694914;0.347457;-0.694914;
0.059530;1.398497;0.695302;0.347651;-0.695302;
0.059540;1.399150;0.695683;0.347841;-0.695683;
0.059550;1.399790;0.696057;0.348029;-0.696057;
0.059560;1.400416;0.696425;0.348212;-0.696425;
0.059570;1.401028;0.696786;0.348393;-0.696786;
0.059580;1.401627;0.697139;0.348570;-0.697139;
0.059590;1.402211;0.697486;0.348743;-0.697486;
0.059600;1.402782;0.697826;0.348913;-0.697826;
0.059610;1.403339;0.698159;0.349080;-0.698159;
0.059620;1.403882;0.698486;0.349243;-0.698486;
0.059630;1.404411;0.698805;0.349402;-0.698805;
0.059640;1.404926;0.699117;0.349559;-0.699117;
0.059650;1.405428;0.699423;0.349711;-0.699423;
0.059660;1.405915;0.699721;0.349861;-0.699721;
0.059670;1.406389;0.700013;0.350007;-0.700013;
0.059680;1.406849;0.700298;0.350149;-0.700298;
0.059690;1.407294;0.700576;0.350288;-0.700576;
0.059700;1.407726;0.700847;0.350423;-0.700847;
0.059710;1.408145;0.701111;0.350555;-0.701111;
0.059720;1.408549;0.701368;0.350684;-0.701368;
0.059730;1.408939;0.701618;0.350809;-0.701618;
0.059740;1.409315;0.701862;0.350931;-0.701862;
0.059750;1.409678;0.702098;0.351049;-0.702098;
0.059760;1.410027;0.702327;0.351164;-0.702327;
0.059770;1.410361;0.702550;0.351275;-0.702550;
0.059780;1.410682;0.702766;0.351383;-0.702766;
0.059790;1.410989;0.702974;0.351487;-0.702974;
0.059800;1.411282;0.703176;0.351588;-0.703176;
0.059810;1.411561;0.703371;0.351685;-0.703371;
0.059820;1.411826;0.703559;0.351779;-0.703559;
0.059830;1.412077;0.703739;0.351870;-0.703739;
0.059840;1.412314;0.703913;0.351957;-0.703913;
0.059850;1.412537;0.704080;0.352040;-0.704080;
0.059860;1.412747;0.704240;0.352120;-0.704240;
0.059870;1.412942;0.704394;0.352197;-0.704394;
0.059880;1.413123;0.704540;0.352270;-0.704540;
0.059890;1.413291;0.704679;0.352339;-0.704679;
0.059900;1.413444;0.704811;0.352406;-0.704811;
0.059910;1.413584;0.704936;0.352468;-0.704936;
0.059920;1.413709;0.705055;0.352527;-0.705055;
0.059930;1.413821;0.705166;0.352583;-0.705166;
0.059940;1.413919;0.705270;0.352635;-0.705270;
0.059950;1.414002;0.705368;0.352684;-0.705368;
0.059960;1.414072;0.705458;0.352729;-0.705458;
0.059970;1.414128;0.705542;0.352771;-0.705542;
0.059980;1.414170;0.705618;0.352809;-0.705618;
0.059990;1.414198;0.705688;0.352844;-0.705688;
0.060000;1.414212;0.705751;0.352875;-0.705751;
0.060010;1.414212;0.705806;0.352903;-0.705806;
0.060020;1.414198;0.705855;0.352927;-0.705855;
0.060030;1.414170;0.705897;0.352948;-0.705897;
0.060040;1.414128;0.705931;0.352966;-0.705931;
0.060050;1.414072;0.705959;0.352980;-0.705959;
0.060060;1.414002;0.705980;0.352990;-0.705980;
0.060070;1.413919;0.705994;0.352997;-0.705994;
0.060080;1.413821;0.706001;0.353000;-0.706001;
0.060090;1.413709;0.706001;0.353000;-0.706001;
0.060100;1.413584;0.705994;0.352997;-0.705994;
0.060110;1.413444;0.705980;0.352990;-0.705980;
0.060120;1.413291;0.705959;0.352979;-0.705959;
0.060130;1.413123;0.705931;0.352965;-0.705931;
0.060140;1.412942;0.705896;0.352948;-0.705896;
0.060150;1.412747;0.705854;0.352927;-0.705854;
0.060160;1.412537;0.705805;0.352903;-0.705805;
0.060170;1.412314;0.705749;0.352875;-0.705749;
0.060180;1.412077;0.705686;0.352843;-0.705686;
0.060190;1.411826;0.705617;0.352808;-0.705617;
0.060200;1.411561;0.705540;0.352770;-0.705540;
0.060210;1.411282;0.705456;0.352728;-0.705456;
0.060220;1.410989;0.705366;0.352683;-0.705366;
0.060230;1.410682;0.705268;0.352634;-0.705268;
0.060240;1.410361;0.705163;0.352582;-0.705163;
0.060250;1.410027;0.705052;0.352526;-0.705052;
0.060260;1.409678;0.704933;0.352467;-0.704933;
0.060270;1.409315;0.704808;0.352404;-0.704808;
0.060280;1.408939;0.704676;0.352338;-0.704676;
0.060290;1.408549;0.704536;0.352268;-0.704536;
0.060300;1.408145;0.704390;0.352195;-0.704390;
0.060310;1.407726;0.704237;0.352118;-0.704237;
0.060320;1.407294;0.704077;0.352038;-0.704077;
0.060330;1.406849;0.703909;0.351955;-0.703909;
0.060340;1.406389;0.703735;0.351868;-0.703735;
0.060350;1.405915;0.703554;0.351777;-0.703554;
0.060360;1.405428;0.703366;0.351683;-0.703366;
0.060370;1.404926;0.703171;0.351586;-0.703171;
0.060380;1.404411;0.702969;0.351485;-0.702969;
0.060390;1.403882;0.702761;0.351380;-0.702761;
0.060400;1.403339;0.702545;0.351272;-0.702545;
0.060410;1.402782;0.702322;0.351161;-0.702322;
0.060420;1.402211;0.702093;0.351046;-0.702093;
0.060430;1.401627;0.701856;0.350928;-0.701856;
0.060440;1.401028;0.701613;0.350806;-0.701613;
0.060450;1.400416;0.701362;0.350681;-0.701362;
0.060460;1.399790;0.701105;0.350552;-0.701105;
0.060470;1.399150;0.700841;0.350420;-0.700841;
0.060480;1.398497;0.700570;0.350285;-0.700570;
0.060490;1.397829;0.700291;0.350146;-0.700291;
0.060500;1.397148;0.700006;0.350003;-0.700006;
0.060510;1.396453;0.699715;0.349857;-0.699715;
0.060520;1.395744;0.699416;0.349708;-0.699416;
0.060530;1.395022;0.699110;0.349555;-0.699110;
0.060540;1.394285;0.698798;0.349399;-0.698798;
0.060550;1.393535;0.698478;0.349239;-0.698478;
0.060560;1.392771;0.698152;0.349076;-0.698152;
0.060570;1.391994;0.697818;0.348909;-0.697818;
0.060580;1.391202;0.697478;0.348739;-0.697478;
0.060590;1.390397;0.697131;0.348566;-0.697131;
0.060600;1.389578;0.696777;0.348389;-0.696777;
0.060610;1.388746;0.696416;0.348208;-0.696416;
0.060620;1.387900;0.696049;0.348024;-0.696049;
0.060630;1.387040;0.695674;0.347837;-0.695674;
0.060640;1.386166;0.695293;0.347646;-0.695293;
0.060650;1.385279;0.694904;0.347452;-0.694904;
0.060660;1.384378;0.694509;0.347255;-0.694509;
0.060670;1.383463;0.694107;0.347054;-0.694107;
0.060680;1.382535;0.693699;0.346849;-0.693699;
0.060690;1.381593;0.693283;0.346641;-0.693283;
0.060700;1.380638;0.692860;0.346430;-0.692860;
0.060710;1.379668;0.692431;0.346215;-0.692431;
0.060720;1.378686;0.691995;0.345997;-0.691995;
0.060730;1.377689;0.691552;0.345776;-0.691552;
0.060740;1.376679;0.691102;0.345551;-0.691102;
0.060750;1.375656;0.690645;0.345323;-0.690645;
0.060760;1.374618;0.690182;0.345091;-0.690182;
0.060770;1.373568;0.689711;0.344856;-0.689711;
0.060780;1.372503;0.689234;0.344617;-0.689234;
0.060790;1.371426;0.688750;0.344375;-0.688750;
0.060800;1.370334;0.688260;0.344130;-0.688260;
0.060810;1.369229;0.687762;0.343881;-0.687762;
0.060820;1.368111;0.687258;0.343629;-0.687258;
0.060830;1.366979;0.686747;0.343373;-0.686747;
0.060840;1.365834;0.686229;0.343114;-0.686229;
0.060850;1.364675;0.685704;0.342852;-0.685704;
0.060860;1.363502;0.685173;0.342586;-0.685173;
0.060870;1.362317;0.684635;0.342317;-0.684635;
0.060880;1.361117;0.684090;0.342045;-0.684090;
0.060890;1.359905;0.683538;0.341769;-0.683538;
0.060900;1.358678;0.682980;0.341490;-0.682980;
0.060910;1.357439;0.682415;0.341207;-0.682415;
0.060920;1.356186;0.681843;0.340921;-0.681843;
0.060930;1.354920;0.681264;0.340632;-0.681264;
0.060940;1.353640;0.680679;0.340339;-0.680679;
0.060950;1.352347;0.680087;0.340043;-0.680087;
0.060960;1.351041;0.679488;0.339744;-0.679488;
0.060970;1.349721;0.678882;0.339441;-0.678882;
0.060980;1.348388;0.678270;0.339135;-0.678270;
0.060990;1.347041;0.677651;0.338826;-0.677651;
0.061000;1.345682;0.677026;0.338513;-0.677026;
0.061010;1.344309;0.676394;0.338197;-0.676394;
0.061020;1.342923;0.675755;0.337877;-0.675755;
0.061030;1.341523;0.675109;0.337555;-0.675109;
0.061040;1.340111;0.674457;0.337228;-0.674457;
0.061050;1.338685;0.673798;0.336899;-0.673798;
0.061060;1.337246;0.673132;0.336566;-0.673132;
0.061070;1.335793;0.672460;0.336230;-0.672460;
0.061080;1.334328;0.671781;0.335891;-0.671781;
0.061090;1.332849;0.671096;0.335548;-0.671096;
0.061100;1.331357;0.670404;0.335202;-0.670404;
0.061110;1.329852;0.669705;0.334853;-0.669705;
0.061120;1.328334;0.669000;0.334500;-0.669000;
0.061130;1.326803;0.668288;0.334144;-0.668288;
0.061140;1.325259;0.667569;0.333785;-0.667569;
0.061150;1.323701;0.666844;0.333422;-0.666844;
0.061160;1.322131;0.666113;0.333056;-0.666113;
0.061170;1.320547;0.665374;0.332687;-0.665374;
0.061180;1.318951;0.664629;0.332315;-0.664629;
0.061190;1.317341;0.663878;0.331939;-0.663878;
0.061200;1.315719;0.663120;0.331560;-0.663120;
0.061210;1.314083;0.662356;0.331178;-0.662356;
0.061220;1.312435;0.661585;0.330792;-0.661585;
0.061230;1.310773;0.660807;0.330404;-0.660807;
0.061240;1.309099;0.660023;0.330012;-0.660023;
0.061250;1.307411;0.659232;0.329616;-0.659232;
0.061260;1.305711;0.658435;0.329218;-0.658435;
0.061270;1.303998;0.657632;0.328816;-0.657632;
0.061280;1.302272;0.656822;0.328411;-0.656822;
0.061290;1.300533;0.656005;0.328003;-0.656005;
0.061300;1.298782;0.655182;0.327591;-0.655182;
0.061310;1.297017;0.654353;0.327176;-0.654353;
0.061320;1.295240;0.653517;0.326758;-0.653517;
0.061330;1.293450;0.652674;0.326337;-0.652674;
0.061340;1.291647;0.651825;0.325913;-0.651825;
0.061350;1.289831;0.650970;0.325485;-0.650970;
0.061360;1.288003;0.650108;0.325054;-0.650108;
0.061370;1.286162;0.649240;0.324620;-0.649240;
0.061380;1.284308;0.648366;0.324183;-0.648366;
0.061390;1.282442;0.647485;0.323742;-0.647485;
0.061400;1.280563;0.646597;0.323299;-0.646597;
0.061410;1.278671;0.645704;0.322852;-0.645704;
0.061420;1.276767;0.644804;0.322402;-0.644804;
0.061430;1.274850;0.643897;0.321949;-0.643897;
0.061440;1.272921;0.642984;0.321492;-0.642984;
0.061450;1.270979;0.642065;0.321033;-0.642065;
0.061460;1.269024;0.641140;0.320570;-0.641140;
0.061470;1.267057;0.640208;0.320104;-0.640208;
0.061480;1.265077;0.639270;0.319635;-0.639270;
0.061490;1.263085;0.638325;0.319163;-0.638325;
0.061500;1.261080;0.637375;0.318687;-0.637375;
0.061510;1.259063;0.636418;0.318209;-0.636418;
0.061520;1.257034;0.635454;0.317727;-0.635454;
0.061530;1.254992;0.634485;0.317242;-0.634485;
0.061540;1.252938;0.633509;0.316754;-0.633509;
0.061550;1.250871;0.632527;0.316263;-0.632527;
0.061560;1.248792;0.631538;0.315769;-0.631538;
0.061570;1.246701;0.630544;0.315272;-0.630544;
0.061580;1.244597;0.629543;0.314772;-0.629543;
0.061590;1.242482;0.628536;0.314268;-0.628536;
0.061600;1.240353;0.627523;0.313761;-0.627523;
0.061610;1.238213;0.626503;0.313252;-0.626503;
0.061620;1.236060;0.625478;0.312739;-0.625478;
0.061630;1.233896;0.624446;0.312223;-0.624446;
0.061640;1.231719;0.623408;0.311704;-0.623408;
0.061650;1.229530;0.622364;0.311182;-0.622364;
0.061660;1.227328;0.621314;0.310657;-0.621314;
0.061670;1.225115;0.620257;0.310129;-0.620257;
0.061680;1.222889;0.619195;0.309598;-0.619195;
0.061690;1.220652;0.618126;0.309063;-0.618126;
0.061700;1.218402;0.617052;0.308526;-0.617052;
0.061710;1.216141;0.615971;0.307985;-0.615971;
0.061720;1.213867;0.614884;0.307442;-0.614884;
0.061730;1.211582;0.613791;0.306896;-0.613791;
0.061740;1.209284;0.612692;0.306346;-0.612692;
0.061750;1.206974;0.611587;0.305794;-0.611587;
0.061760;1.204653;0.610476;0.305238;-0.610476;
0.061770;1.202320;0.609359;0.304680;-0.609359;
0.061780;1.199975;0.608236;0.304118;-0.608236;
0.061790;1.197618;0.607107;0.303553;-0.607107;
0.061800;1.195249;0.605972;0.302986;-0.605972;
0.061810;1.192868;0.604831;0.302415;-0.604831;
0.061820;1.190476;0.603684;0.301842;-0.603684;
0.061830;1.188072;0.602531;0.301265;-0.602531;
0.061840;1.185656;0.601372;0.300686;-0.601372;
0.061850;1.183228;0.600207;0.300103;-0.600207;
0.061860;1.180789;0.599036;0.299518;-0.599036;
0.061870;1.178338;0.597859;0.298930;-0.597859;
0.061880;1.175876;0.596677;0.298338;-0.596677;
0.061890;1.173401;0.595488;0.297744;-0.595488;
0.061900;1.170916;0.594294;0.297147;-0.594294;
0.061910;1.168418;0.593093;0.296547;-0.593093;
0.061920;1.165910;0.591887;0.295944;-0.591887;
0.061930;1.163389;0.590675;0.295338;-0.590675;
0.061940;1.160858;0.589458;0.294729;-0.589458;
0.061950;1.158314;0.588234;0.294117;-0.588234;
0.061960;1.155760;0.587005;0.293502;-0.587005;
0.061970;1.153194;0.585769;0.292885;-0.585769;
0.061980;1.150616;0.584528;0.292264;-0.584528;
0.061990;1.148027;0.583282;0.291641;-0.583282;
0.062000;1.145427;0.582029;0.291015;-0.582029;
0.062010;1.142816;0.580771;0.290385;-0.580771;
0.062020;1.140193;0.579507;0.289753;-0.579507;
0.062030;1.137559;0.578237;0.289119;-0.578237;
0.062040;1.134914;0.576962;0.288481;-0.576962;
0.062050;1.132257;0.575681;0.287840;-0.575681;
0.062060;1.129590;0.574394;0.287197;-0.574394;
0.062070;1.126911;0.573101;0.286551;-0.573101;
0.062080;1.124221;0.571803;0.285902;-0.571803;
0.062090;1.121520;0.570500;0.285250;-0.570500;
0.062100;1.118808;0.569190;0.284595;-0.569190;
0.062110;1.116085;0.567875;0.283938;-0.567875;
0.062120;1.113351;0.566555;0.283277;-0.566555;
0.062130;1.110606;0.565228;0.282614;-0.565228;
0.062140;1.107850;0.563897;0.281948;-0.563897;
0.062150;1.105083;0.562559;0.281280;-0.562559;
0.062160;1.102305;0.561216;0.280608;-0.561216;
0.062170;1.099516;0.559868;0.279934;-0.559868;
0.062180;1.096717;0.558514;0.279257;-0.558514;
0.062190;1.093906;0.557154;0.278577;-0.557154;
0.062200;1.091085;0.555789;0.277895;-0.555789;
0.062210;1.088253;0.554419;0.277210;-0.554419;
0.062220;1.085410;0.553043;0.276522;-0.553043;
0.062230;1.082557;0.551662;0.275831;-0.551662;
0.062240;1.079693;0.550275;0.275137;-0.550275;
0.062250;1.076818;0.548883;0.274441;-0.548883;
0.062260;1.073932;0.547485;0.273742;-0.547485;
0.062270;1.071036;0.546082;0.273041;-0.546082;
0.062280;1.068130;0.544673;0.272337;-0.544673;
0.062290;1.065213;0.543260;0.271630;-0.543260;
0.062300;1.062285;0.541840;0.270920;-0.541840;
0.062310;1.059347;0.540416;0.270208;-0.540416;
0.062320;1.056398;0.538986;0.269493;-0.538986;
0.062330;1.053439;0.537551;0.268775;-0.537551;
0.062340;1.050470;0.536110;0.268055;-0.536110;
0.062350;1.047490;0.534664;0.267332;-0.534664;
0.062360;1.044500;0.533213;0.266607;-0.533213;
0.062370;1.041500;0.531757;0.265878;-0.531757;
0.062380;1.038489;0.530295;0.265148;-0.530295;
0.062390;1.035468;0.528828;0.264414;-0.528828;
0.062400;1.032437;0.527356;0.263678;-0.527356;
0.062410;1.029395;0.525879;0.262940;-0.525879;
0.062420;1.026344;0.524397;0.262198;-0.524397;
0.062430;1.023282;0.522909;0.261455;-0.522909;
0.062440;1.020210;0.521416;0.260708;-0.521416;
0.062450;1.017129;0.519918;0.259959;-0.519918;
0.062460;1.014037;0.518415;0.259208;-0.518415;
0.062470;1.010935;0.516907;0.258454;-0.516907;
0.062480;1.007823;0.515394;0.257697;-0.515394;
0.062490;1.004701;0.513876;0.256938;-0.513876;
0.062500;1.001570;0.512352;0.256176;-0.512352;
0.062510;0.998428;0.510824;0.255412;-0.510824;
0.062520;0.995277;0.509290;0.254645;-0.509290;
0.062530;0.992115;0.507751;0.253876;-0.507751;
0.062540;0.988944;0.506208;0.253104;-0.506208;
0.062550;0.985763;0.504659;0.252330;-0.504659;
0.062560;0.982573;0.503106;0.251553;-0.503106;
0.062570;0.979373;0.501547;0.250774;-0.501547;
0.062580;0.976163;0.499984;0.249992;-0.499984;
0.062590;0.972943;0.498415;0.249208;-0.498415;
0.062600;0.969714;0.496842;0.248421;-0.496842;
0.062610;0.966475;0.495264;0.247632;-0.495264;
0.062620;0.963227;0.493681;0.246840;-0.493681;
0.062630;0.959969;0.492093;0.246046;-0.492093;
0.062640;0.956702;0.490500;0.245250;-0.490500;
0.062650;0.953425;0.488902;0.244451;-0.488902;
0.062660;0.950139;0.487300;0.243650;-0.487300;
0.062670;0.946844;0.485692;0.242846;-0.485692;
0.062680;0.943539;0.484080;0.242040;-0.484080;
0.062690;0.940225;0.482463;0.241232;-0.482463;
0.062700;0.936901;0.480842;0.240421;-0.480842;
0.062710;0.933569;0.479215;0.239608;-0.479215;
0.062720;0.930227;0.477584;0.238792;-0.477584;
0.062730;0.926876;0.475948;0.237974;-0.475948;
0.062740;0.923516;0.474308;0.237154;-0.474308;
0.062750;0.920146;0.472663;0.236331;-0.472663;
0.062760;0.916768;0.471013;0.235506;-0.471013;
0.062770;0.913380;0.469358;0.234679;-0.469358;
0.062780;0.909984;0.467699;0.233850;-0.467699;
0.062790;0.906579;0.466035;0.233018;-0.466035;
0.062800;0.903164;0.464367;0.232184;-0.464367;
0.062810;0.899741;0.462694;0.231347;-0.462694;
0.062820;0.896309;0.461017;0.230508;-0.461017;
0.062830;0.892868;0.459334;0.229667;-0.459334;
0.062840;0.889418;0.457648;0.228824;-0.457648;
0.062850;0.885959;0.455957;0.227978;-0.455957;
0.062860;0.882492;0.454261;0.227131;-0.454261;
0.062870;0.879016;0.452561;0.226280;-0.452561;
0.062880;0.875531;0.450856;0.225428;-0.450856;
0.062890;0.872038;0.449147;0.224574;-0.449147;
0.062900;0.868536;0.447434;0.223717;-0.447434;
0.062910;0.865025;0.445716;0.222858;-0.445716;
0.062920;0.861506;0.443994;0.221997;-0.443994;
0.062930;0.857978;0.442267;0.221134;-0.442267;
0.062940;0.854442;0.440536;0.220268;-0.440536;
0.062950;0.850898;0.438801;0.219400;-0.438801;
0.062960;0.847345;0.437061;0.218531;-0.437061;
0.062970;0.843784;0.435317;0.217659;-0.435317;
0.062980;0.840214;0.433569;0.216784;-0.433569;
0.062990;0.836636;0.431816;0.215908;-0.431816;
0.063000;0.833050;0.430059;0.215030;-0.430059;
0.063010;0.829456;0.428298;0.214149;-0.428298;
0.063020;0.825853;0.426533;0.213266;-0.426533;
0.063030;0.822242;0.424763;0.212382;-0.424763;
0.063040;0.818624;0.422990;0.211495;-0.422990;
0.063050;0.814997;0.421212;0.210606;-0.421212;
0.063060;0.811362;0.419430;0.209715;-0.419430;
0.063070;0.807719;0.417643;0.208822;-0.417643;
0.063080;0.804068;0.415853;0.207927;-0.415853;
0.063090;0.800409;0.414059;0.207029;-0.414059;
0.063100;0.796742;0.412260;0.206130;-0.412260;
0.063110;0.793068;0.410458;0.205229;-0.410458;
0.063120;0.789385;0.408651;0.204325;-0.408651;
0.063130;0.785695;0.406840;0.203420;-0.406840;
0.063140;0.781997;0.405026;0.202513;-0.405026;
0.063150;0.778291;0.403207;0.201603;-0.403207;
0.063160;0.774578;0.401384;0.200692;-0.401384;
0.063170;0.770857;0.399558;0.199779;-0.399558;
0.063180;0.767128;0.397727;0.198864;-0.397727;
0.063190;0.763392;0.395893;0.197946;-0.395893;
0.063200;0.759648;0.394054;0.197027;-0.394054;
0.063210;0.755897;0.392212;0.196106;-0.392212;
0.063220;0.752138;0.390366;0.195183;-0.390366;
0.063230;0.748372;0.388516;0.194258;-0.388516;
0.063240;0.744599;0.386662;0.193331;-0.386662;
0.063250;0.740818;0.384804;0.192402;-0.384804;
0.063260;0.737030;0.382943;0.191471;-0.382943;
0.063270;0.733234;0.381078;0.190539;-0.381078;
0.063280;0.729431;0.379209;0.189604;-0.379209;
0.063290;0.725622;0.377336;0.188668;-0.377336;
0.063300;0.721804;0.375459;0.187730;-0.375459;
0.063310;0.717980;0.373579;0.186790;-0.373579;
0.063320;0.714149;0.371695;0.185848;-0.371695;
0.063330;0.710311;0.369808;0.184904;-0.369808;
0.063340;0.706465;0.367917;0.183958;-0.367917;
0.063350;0.702613;0.366022;0.183011;-0.366022;
0.063360;0.698754;0.364124;0.182062;-0.364124;
0.063370;0.694888;0.362222;0.181111;-0.362222;
0.063380;0.691015;0.360316;0.180158;-0.360316;
0.063390;0.687135;0.358407;0.179203;-0.358407;
0.063400;0.683248;0.356494;0.178247;-0.356494;
0.063410;0.679355;0.354578;0.177289;-0.354578;
0.063420;0.675455;0.352658;0.176329;-0.352658;
0.063430;0.671548;0.350735;0.175368;-0.350735;
0.063440;0.667635;0.348808;0.174404;-0.348808;
0.063450;0.663715;0.346878;0.173439;-0.346878;
0.063460;0.659789;0.344945;0.172472;-0.344945;
0.063470;0.655856;0.343008;0.171504;-0.343008;
0.063480;0.651916;0.341068;0.170534;-0.341068;
0.063490;0.647970;0.339124;0.169562;-0.339124;
0.063500;0.644018;0.337177;0.168588;-0.337177;
0.063510;0.640059;0.335227;0.167613;-0.335227;
0.063520;0.636094;0.333273;0.166636;-0.333273;
0.063530;0.632123;0.331316;0.165658;-0.331316;
0.063540;0.628146;0.329356;0.164678;-0.329356;
0.063550;0.624162;0.327392;0.163696;-0.327392;
0.063560;0.620172;0.325426;0.162713;-0.325426;
0.063570;0.616176;0.323456;0.161728;-0.323456;
0.063580;0.612174;0.321483;0.160741;-0.321483;
0.063590;0.608166;0.319506;0.159753;-0.319506;
0.063600;0.604152;0.317527;0.158764;-0.317527;
0.063610;0.600132;0.315544;0.157772;-0.315544;
0.063620;0.596106;0.313559;0.156779;-0.313559;
0.063630;0.592074;0.311570;0.155785;-0.311570;
0.063640;0.588037;0.309578;0.154789;-0.309578;
0.063650;0.583993;0.307583;0.153792;-0.307583;
0.063660;0.579944;0.305585;0.152793;-0.305585;
0.063670;0.575889;0.303584;0.151792;-0.303584;
0.063680;0.571828;0.301581;0.150790;-0.301581;
0.063690;0.567762;0.299574;0.149787;-0.299574;
0.063700;0.563690;0.297564;0.148782;-0.297564;
0.063710;0.559613;0.295551;0.147775;-0.295551;
0.063720;0.555530;0.293535;0.146768;-0.293535;
0.063730;0.551441;0.291517;0.145758;-0.291517;
0.063740;0.547347;0.289495;0.144748;-0.289495;
0.063750;0.543248;0.287471;0.143735;-0.287471;
0.063760;0.539143;0.285444;0.142722;-0.285444;
0.063770;0.535033;0.283414;0.141707;-0.283414;
0.063780;0.530918;0.281381;0.140690;-0.281381;
0.063790;0.526797;0.279345;0.139673;-0.279345;
0.063800;0.522672;0.277307;0.138653;-0.277307;
0.063810;0.518541;0.275266;0.137633;-0.275266;
0.063820;0.514405;0.273222;0.136611;-0.273222;
0.063830;0.510264;0.271175;0.135588;-0.271175;
0.063840;0.506117;0.269126;0.134563;-0.269126;
0.063850;0.501966;0.267074;0.133537;-0.267074;
0.063860;0.497810;0.265020;0.132510;-0.265020;
0.063870;0.493649;0.262963;0.131481;-0.262963;
0.063880;0.489483;0.260903;0.130452;-0.260903;
0.063890;0.485313;0.258841;0.129421;-0.258841;
0.063900;0.481137;0.256776;0.128388;-0.256776;
0.063910;0.476957;0.254709;0.127354;-0.254709;
0.063920;0.472772;0.252639;0.126320;-0.252639;
0.063930;0.468583;0.250567;0.125283;-0.250567;
0.063940;0.464388;0.248492;0.124246;-0.248492;
0.063950;0.460190;0.246415;0.123207;-0.246415;
0.063960;0.455986;0.244335;0.122167;-0.244335;
0.063970;0.451778;0.242253;0.121126;-0.242253;
0.063980;0.447566;0.240168;0.120084;-0.240168;
0.063990;0.443349;0.238081;0.119041;-0.238081;
0.064000;0.439128;0.235992;0.117996;-0.235992;
0.064010;0.434903;0.233901;0.116950;-0.233901;
0.064020;0.430673;0.231807;0.115903;-0.231807;
0.064030;0.426439;0.229711;0.114855;-0.229711;
0.064040;0.422201;0.227612;0.113806;-0.227612;
0.064050;0.417959;0.225512;0.112756;-0.225512;
0.064060;0.413712;0.223409;0.111704;-0.223409;
0.064070;0.409462;0.221304;0.110652;-0.221304;
0.064080;0.405207;0.219196;0.109598;-0.219196;
0.064090;0.400948;0.217087;0.108543;-0.217087;
0.064100;0.396686;0.214975;0.107488;-0.214975;
0.064110;0.392419;0.212862;0.106431;-0.212862;
0.064120;0.388149;0.210746;0.105373;-0.210746;
0.064130;0.383875;0.208628;0.104314;-0.208628;
0.064140;0.379597;0.206508;0.103254;-0.206508;
0.064150;0.375315;0.204386;0.102193;-0.204386;
0.064160;0.371030;0.202262;0.101131;-0.202262;
0.064170;0.366741;0.200136;0.100068;-0.200136;
0.064180;0.362448;0.198008;0.099004;-0.198008;
0.064190;0.358152;0.195878;0.097939;-0.195878;
0.064200;0.353852;0.193746;0.096873;-0.193746;
0.064210;0.349549;0.191613;0.095806;-0.191613;
0.064220;0.345242;0.189477;0.094738;-0.189477;
0.064230;0.340932;0.187339;0.093670;-0.187339;
0.064240;0.336618;0.185200;0.092600;-0.185200;
0.064250;0.332301;0.183059;0.091529;-0.183059;
0.064260;0.327981;0.180916;0.090458;-0.180916;
0.064270;0.323658;0.178771;0.089385;-0.178771;
0.064280;0.319331;0.176624;0.088312;-0.176624;
0.064290;0.315002;0.174476;0.087238;-0.174476;
0.064300;0.310669;0.172326;0.086163;-0.172326;
0.064310;0.306333;0.170174;0.085087;-0.170174;
0.064320;0.301994;0.168021;0.084010;-0.168021;
0.064330;0.297652;0.165866;0.082933;-0.165866;
0.064340;0.293307;0.163709;0.081855;-0.163709;
0.064350;0.288959;0.161551;0.080775;-0.161551;
0.064360;0.284609;0.159391;0.079695;-0.159391;
0.064370;0.280256;0.157229;0.078615;-0.157229;
0.064380;0.275899;0.155066;0.077533;-0.155066;
0.064390;0.271541;0.152902;0.076451;-0.152902;
0.064400;0.267179;0.150736;0.075368;-0.150736;
0.064410;0.262815;0.148568;0.074284;-0.148568;
0.064420;0.258448;0.146399;0.073200;-0.146399;
0.064430;0.254079;0.144229;0.072114;-0.144229;
0.064440;0.249707;0.142057;0.071028;-0.142057;
0.064450;0.245333;0.139883;0.069942;-0.139883;
0.064460;0.240956;0.137709;0.068854;-0.137709;
0.064470;0.236577;0.135533;0.067766;-0.135533;
0.064480;0.232195;0.133355;0.066678;-0.133355;
0.064490;0.227812;0.131177;0.065588;-0.131177;
0.064500;0.223426;0.128997;0.064498;-0.128997;
0.064510;0.219037;0.126815;0.063408;-0.126815;
0.064520;0.214647;0.124633;0.062316;-0.124633;
0.064530;0.210255;0.122449;0.061225;-0.122449;
0.064540;0.205860;0.120264;0.060132;-0.120264;
0.064550;0.201463;0.118078;0.059039;-0.118078;
0.064560;0.197065;0.115891;0.057945;-0.115891;
0.064570;0.192664;0.113702;0.056851;-0.113702;
0.064580;0.188262;0.111513;0.055756;-0.111513;
0.064590;0.183858;0.109322;0.054661;-0.109322;
0.064600;0.179452;0.107130;0.053565;-0.107130;
0.064610;0.175044;0.104937;0.052469;-0.104937;
0.064620;0.170634;0.102744;0.051372;-0.102744;
0.064630;0.166223;0.100549;0.050274;-0.100549;
0.064640;0.161810;0.098353;0.049176;-0.098353;
0.064650;0.157396;0.096156;0.048078;-0.096156;
0.064660;0.152980;0.093958;0.046979;-0.093958;
0.064670;0.148562;0.091760;0.045880;-0.091760;
0.064680;0.144143;0.089560;0.044780;-0.089560;
0.064690;0.139722;0.087359;0.043680;-0.087359;
0.064700;0.135301;0.085158;0.042579;-0.085158;
0.064710;0.130878;0.082956;0.041478;-0.082956;
0.064720;0.126453;0.080753;0.040376;-0.080753;
0.064730;0.122027;0.078549;0.039275;-0.078549;
0.064740;0.117600;0.076345;0.038172;-0.076345;
0.064750;0.113172;0.074139;0.037070;-0.074139;
0.064760;0.108743;0.071933;0.035967;-0.071933;
0.064770;0.104313;0.069726;0.034863;-0.069726;
0.064780;0.099882;0.067519;0.033759;-0.067519;
0.064790;0.095449;0.065311;0.032655;-0.065311;
0.064800;0.091016;0.063102;0.031551;-0.063102;
0.064810;0.086582;0.060893;0.030446;-0.060893;
0.064820;0.082147;0.058683;0.029341;-0.058683;
0.064830;0.077711;0.056472;0.028236;-0.056472;
0.064840;0.073275;0.054261;0.027130;-0.054261;
0.064850;0.068837;0.052049;0.026025;-0.052049;
0.064860;0.064400;0.049837;0.024918;-0.049837;
0.064870;0.059961;0.047624;0.023812;-0.047624;
0.064880;0.055522;0.045411;0.022706;-0.045411;
0.064890;0.051082;0.043198;0.021599;-0.043198;
0.064900;0.046642;0.040984;0.020492;-0.040984;
0.064910;0.042201;0.038769;0.019385;-0.038769;
0.064920;0.037760;0.036554;0.018277;-0.036554;
0.064930;0.033319;0.034339;0.017170;-0.034339;
0.064940;0.028877;0.032124;0.016062;-0.032124;
0.064950;0.024435;0.029908;0.014954;-0.029908;
0.064960;0.019992;0.027692;0.013846;-0.027692;
0.064970;0.015550;0.025475;0.012738;-0.025475;
0.064980;0.011107;0.023259;0.011629;-0.023259;
0.064990;0.006664;0.021042;0.010521;-0.021042;
0.065000;0.002221;0.018825;0.009412;-0.018825;
0.065010;-0.002221;0.016607;0.008304;-0.016607;
0.065020;-0.006664;0.014390;0.007195;-0.014390;
0.065030;-0.011107;0.012172;0.006086;-0.012172;
0.065040;-0.015550;0.009955;0.004977;-0.009955;
0.065050;-0.019992;0.007737;0.003868;-0.007737;
0.065060;-0.024435;0.005519;0.002760;-0.005519;
0.065070;-0.028877;0.003301;0.001651;-0.003301;
0.065080;-0.033319;0.001083;0.000542;-0.001083;
0.065090;-0.037760;-0.001135;-0.000567;0.001135;
0.065100;-0.042201;-0.003353;-0.001676;0.003353;
0.065110;-0.046642;-0.005571;-0.002785;0.005571;
0.065120;-0.051082;-0.007789;-0.003894;0.007789;
0.065130;-0.055522;-0.010006;-0.005003;0.010006;
0.065140;-0.059961;-0.012224;-0.006112;0.012224;
0.065150;-0.064400;-0.014442;-0.007221;0.014442;
0.065160;-0.068837;-0.016659;-0.008330;0.016659;
0.065170;-0.073275;-0.018876;-0.009438;0.018876;
0.065180;-0.077711;-0.021093;-0.010547;0.021093;
0.065190;-0.082147;-0.023310;-0.011655;0.023310;
0.065200;-0.086582;-0.025527;-0.012763;0.025527;
0.065210;-0.091016;-0.027743;-0.013872;0.027743;
0.065220;-0.095449;-0.029959;-0.014980;0.029959;
0.065230;-0.099882;-0.032175;-0.016088;0.032175;
0.065240;-0.104313;-0.034391;-0.017195;0.034391;
0.065250;-0.108743;-0.036606;-0.018303;0.036606;
0.065260;-0.113172;-0.038821;-0.019410;0.038821;
0.065270;-0.117600;-0.041035;-0.020518;0.041035;
0.065280;-0.122027;-0.043249;-0.021625;0.043249;
0.065290;-0.126453;-0.045463;-0.022731;0.045463;
0.065300;-0.130878;-0.047676;-0.023838;0.047676;
0.065310;-0.135301;-0.049889;-0.024944;0.049889;
0.065320;-0.139722;-0.052101;-0.026050;0.052101;
0.065330;-0.144143;-0.054312;-0.027156;0.054312;
0.065340;-0.148562;-0.056524;-0.028262;0.056524;
0.065350;-0.152980;-0.058734;-0.029367;0.058734;
0.065360;-0.157396;-0.060944;-0.030472;0.060944;
0.065370;-0.161810;-0.063153;-0.031577;0.063153;
0.065380;-0.166223;-0.065362;-0.032681;0.065362;
0.065390;-0.170634;-0.067570;-0.033785;0.067570;
0.065400;-0.175044;-0.069778;-0.034889;0.069778;
0.065410;-0.179452;-0.071985;-0.035992;0.071985;
0.065420;-0.183858;-0.074191;-0.037095;0.074191;
0.065430;-0.188262;-0.076396;-0.038198;0.076396;
0.065440;-0.192664;-0.078600;-0.039300;0.078600;
0.065450;-0.197065;-0.080804;-0.040402;0.080804;
0.065460;-0.201463;-0.083007;-0.041504;0.083007;
0.065470;-0.205860;-0.085209;-0.042605;0.085209;
0.065480;-0.210255;-0.087411;-0.043705;0.087411;
0.065490;-0.214647;-0.089611;-0.044806;0.089611;
0.065500;-0.219037;-0.091811;-0.045905;0.091811;
0.065510;-0.223426;-0.094010;-0.047005;0.094010;
0.065520;-0.227812;-0.096207;-0.048104;0.096207;
0.065530;-0.232195;-0.098404;-0.049202;0.098404;
0.065540;-0.236577;-0.100600;-0.050300;0.100600;
0.065550;-0.240956;-0.102795;-0.051397;0.102795;
0.065560;-0.245333;-0.104989;-0.052494;0.104989;
0.065570;-0.249707;-0.107181;-0.053591;0.107181;
0.065580;-0.254079;-0.109373;-0.054687;0.109373;
0.065590;-0.258448;-0.111564;-0.055782;0.111564;
0.065600;-0.262815;-0.113753;-0.056877;0.113753;
0.065610;-0.267179;-0.115942;-0.057971;0.115942;
0.065620;-0.271541;-0.118129;-0.059064;0.118129;
0.065630;-0.275899;-0.120315;-0.060158;0.120315;
0.065640;-0.280256;-0.122500;-0.061250;0.122500;
0.065650;-0.284609;-0.124684;-0.062342;0.124684;
0.065660;-0.288959;-0.126866;-0.063433;0.126866;
0.065670;-0.293307;-0.129047;-0.064524;0.129047;
0.065680;-0.297652;-0.131227;-0.065614;0.131227;
0.065690;-0.301994;-0.133406;-0.066703;0.133406;
0.065700;-0.306333;-0.135583;-0.067792;0.135583;
0.065710;-0.310669;-0.137759;-0.068880;0.137759;
0.065720;-0.315002;-0.139934;-0.069967;0.139934;
0.065730;-0.319331;-0.142107;-0.071054;0.142107;
0.065740;-0.323658;-0.144279;-0.072140;0.144279;
0.065750;-0.327981;-0.146450;-0.073225;0.146450;
0.065760;-0.332301;-0.148619;-0.074309;0.148619;
0.065770;-0.336618;-0.150786;-0.075393;0.150786;
0.065780;-0.340932;-0.152952;-0.076476;0.152952;
0.065790;-0.345242;-0.155117;-0.077558;0.155117;
0.065800;-0.349549;-0.157280;-0.078640;0.157280;
0.065810;-0.353852;-0.159441;-0.079721;0.159441;
0.065820;-0.358152;-0.161601;-0.080801;0.161601;
0.065830;-0.362448;-0.163759;-0.081880;0.163759;
0.065840;-0.366741;-0.165916;-0.082958;0.165916;
0.065850;-0.371030;-0.168071;-0.084036;0.168071;
0.065860;-0.375315;-0.170224;-0.085112;0.170224;
0.065870;-0.379597;-0.172376;-0.086188;0.172376;
0.065880;-0.383875;-0.174526;-0.087263;0.174526;
0.065890;-0.388149;-0.176674;-0.088337;0.176674;
0.065900;-0.392419;-0.178821;-0.089410;0.178821;
0.065910;-0.396686;-0.180966;-0.090483;0.180966;
0.065920;-0.400948;-0.183109;-0.091554;0.183109;
0.065930;-0.405207;-0.185250;-0.092625;0.185250;
0.065940;-0.409462;-0.187389;-0.093695;0.187389;
0.065950;-0.413712;-0.189527;-0.094763;0.189527;
0.065960;-0.417959;-0.191662;-0.095831;0.191662;
0.065970;-0.422201;-0.193796;-0.096898;0.193796;
0.065980;-0.426439;-0.195928;-0.097964;0.195928;
0.065990;-0.430673;-0.198058;-0.099029;0.198058;
0.066000;-0.434903;-0.200186;-0.100093;0.200186;
0.066010;-0.439128;-0.202312;-0.101156;0.202312;
0.066020;-0.443349;-0.204436;-0.102218;0.204436;
0.066030;-0.447566;-0.206557;-0.103279;0.206557;
0.066040;-0.451778;-0.208677;-0.104339;0.208677;
0.066050;-0.455986;-0.210795;-0.105398;0.210795;
0.066060;-0.460190;-0.212911;-0.106455;0.212911;
0.066070;-0.464388;-0.215025;-0.107512;0.215025;
0.066080;-0.468583;-0.217136;-0.108568;0.217136;
0.066090;-0.472772;-0.219246;-0.109623;0.219246;
0.066100;-0.476957;-0.221353;-0.110676;0.221353;
0.066110;-0.481137;-0.223458;-0.111729;0.223458;
0.066120;-0.485313;-0.225561;-0.112780;0.225561;
0.066130;-0.489483;-0.227661;-0.113831;0.227661;
0.066140;-0.493649;-0.229760;-0.114880;0.229760;
0.066150;-0.497810;-0.231856;-0.115928;0.231856;
0.066160;-0.501966;-0.233949;-0.116975;0.233949;
0.066170;-0.506117;-0.236041;-0.118020;0.236041;
0.066180;-0.510264;-0.238130;-0.119065;0.238130;
0.066190;-0.514405;-0.240217;-0.120108;0.240217;
0.066200;-0.518541;-0.242301;-0.121151;0.242301;
0.066210;-0.522672;-0.244383;-0.122192;0.244383;
0.066220;-0.526797;-0.246463;-0.123232;0.246463;
0.066230;-0.530918;-0.248540;-0.124270;0.248540;
0.066240;-0.535033;-0.250615;-0.125308;0.250615;
0.066250;-0.539143;-0.252687;-0.126344;0.252687;
0.066260;-0.543248;-0.254757;-0.127379;0.254757;
0.066270;-0.547347;-0.256824;-0.128412;0.256824;
0.066280;-0.551441;-0.258889;-0.129445;0.258889;
0.066290;-0.555530;-0.260951;-0.130476;0.260951;
0.066300;-0.559613;-0.263011;-0.131505;0.263011;
0.066310;-0.563690;-0.265068;-0.132534;0.265068;
0.066320;-0.567762;-0.267122;-0.133561;0.267122;
0.066330;-0.571828;-0.269174;-0.134587;0.269174;
0.066340;-0.575889;-0.271223;-0.135612;0.271223;
0.066350;-0.579944;-0.273270;-0.136635;0.273270;
0.066360;-0.583993;-0.275313;-0.137657;0.275313;
0.066370;-0.588037;-0.277354;-0.138677;0.277354;
0.066380;-0.592074;-0.279393;-0.139696;0.279393;
0.066390;-0.596106;-0.281428;-0.140714;0.281428;
0.066400;-0.600132;-0.283461;-0.141730;0.283461;
0.066410;-0.604152;-0.285491;-0.142745;0.285491;
0.066420;-0.608166;-0.287518;-0.143759;0.287518;
0.066430;-0.612174;-0.289542;-0.144771;0.289542;
0.066440;-0.616176;-0.291564;-0.145782;0.291564;
0.066450;-0.620172;-0.293582;-0.146791;0.293582;
0.066460;-0.624162;-0.295598;-0.147799;0.295598;
0.066470;-0.628146;-0.297611;-0.148805;0.297611;
0.066480;-0.632123;-0.299620;-0.149810;0.299620;
0.066490;-0.636094;-0.301627;-0.150814;0.301627;
0.066500;-0.640059;-0.303631;-0.151816;0.303631;
0.066510;-0.644018;-0.305632;-0.152816;0.305632;
0.066520;-0.647970;-0.307630;-0.153815;0.307630;
0.066530;-0.651916;-0.309625;-0.154812;0.309625;
0.066540;-0.655856;-0.311616;-0.155808;0.311616;
0.066550;-0.659789;-0.313605;-0.156803;0.313605;
0.066560;-0.663715;-0.315591;-0.157795;0.315591;
0.066570;-0.667635;-0.317573;-0.158787;0.317573;
0.066580;-0.671548;-0.319553;-0.159776;0.319553;
0.066590;-0.675455;-0.321529;-0.160764;0.321529;
0.066600;-0.679355;-0.323502;-0.161751;0.323502;
0.066610;-0.683248;-0.325472;-0.162736;0.325472;
0.066620;-0.687135;-0.327438;-0.163719;0.327438;
0.066630;-0.691015;-0.329402;-0.164701;0.329402;
0.066640;-0.694888;-0.331362;-0.165681;0.331362;
0.066650;-0.698754;-0.333319;-0.166659;0.333319;
0.066660;-0.702613;-0.335272;-0.167636;0.335272;
0.066670;-0.706465;-0.337222;-0.168611;0.337222;
0.066680;-0.710311;-0.339169;-0.169585;0.339169;
0.066690;-0.714149;-0.341113;-0.170556;0.341113;
0.066700;-0.717980;-0.343053;-0.171527;0.343053;
0.066710;-0.721804;-0.344990;-0.172495;0.344990;
0.066720;-0.725622;-0.346923;-0.173462;0.346923;
0.066730;-0.729431;-0.348853;-0.174427;0.348853;
0.066740;-0.733234;-0.350780;-0.175390;0.350780;
0.066750;-0.737030;-0.352703;-0.176352;0.352703;
0.066760;-0.740818;-0.354623;-0.177311;0.354623;
0.066770;-0.744599;-0.356539;-0.178269;0.356539;
0.066780;-0.748372;-0.358451;-0.179226;0.358451;
0.066790;-0.752138;-0.360360;-0.180180;0.360360;
0.066800;-0.755897;-0.362266;-0.181133;0.362266;
0.066810;-0.759648;-0.364168;-0.182084;0.364168;
0.066820;-0.763392;-0.366066;-0.183033;0.366066;
0.066830;-0.767128;-0.367961;-0.183980;0.367961;
0.066840;-0.770857;-0.369852;-0.184926;0.369852;
0.066850;-0.774578;-0.371739;-0.185870;0.371739;
0.066860;-0.778291;-0.373623;-0.186812;0.373623;
0.066870;-0.781997;-0.375503;-0.187752;0.375503;
0.066880;-0.785695;-0.377380;-0.188690;0.377380;
0.066890;-0.789385;-0.379252;-0.189626;0.379252;
0.066900;-0.793068;-0.381121;-0.190561;0.381121;
0.066910;-0.796742;-0.382986;-0.191493;0.382986;
0.066920;-0.800409;-0.384848;-0.192424;0.384848;
0.066930;-0.804068;-0.386705;-0.193353;0.386705;
0.066940;-0.807719;-0.388559;-0.194280;0.388559;
0.066950;-0.811362;-0.390409;-0.195204;0.390409;
0.066960;-0.814997;-0.392255;-0.196127;0.392255;
0.066970;-0.818624;-0.394097;-0.197049;0.394097;
0.066980;-0.822242;-0.395935;-0.197968;0.395935;
0.066990;-0.825853;-0.397770;-0.198885;0.397770;
0.067000;-0.829456;-0.399600;-0.199800;0.399600;
0.067010;-0.833050;-0.401427;-0.200713;0.401427;
0.067020;-0.836636;-0.403249;-0.201625;0.403249;
0.067030;-0.840214;-0.405068;-0.202534;0.405068;
0.067040;-0.843784;-0.406883;-0.203441;0.406883;
0.067050;-0.847345;-0.408693;-0.204347;0.408693;
0.067060;-0.850898;-0.410500;-0.205250;0.410500;
0.067070;-0.854442;-0.412302;-0.206151;0.412302;
0.067080;-0.857978;-0.414101;-0.207050;0.414101;
0.067090;-0.861506;-0.415895;-0.207947;0.415895;
0.067100;-0.865025;-0.417685;-0.208843;0.417685;
0.067110;-0.868536;-0.419471;-0.209736;0.419471;
0.067120;-0.872038;-0.421253;-0.210627;0.421253;
0.067130;-0.875531;-0.423031;-0.211515;0.423031;
0.067140;-0.879016;-0.424805;-0.212402;0.424805;
0.067150;-0.882492;-0.426574;-0.213287;0.426574;
0.067160;-0.885959;-0.428339;-0.214170;0.428339;
0.067170;-0.889418;-0.430100;-0.215050;0.430100;
0.067180;-0.892868;-0.431857;-0.215929;0.431857;
0.067190;-0.896309;-0.433610;-0.216805;0.433610;
0.067200;-0.899741;-0.435358;-0.217679;0.435358;
0.067210;-0.903164;-0.437102;-0.218551;0.437102;
0.067220;-0.906579;-0.438841;-0.219421;0.438841;
0.067230;-0.909984;-0.440577;-0.220288;0.440577;
0.067240;-0.913380;-0.442307;-0.221154;0.442307;
0.067250;-0.916768;-0.444034;-0.222017;0.444034;
0.067260;-0.920146;-0.445756;-0.222878;0.445756;
0.067270;-0.923516;-0.447474;-0.223737;0.447474;
0.067280;-0.926876;-0.449187;-0.224594;0.449187;
0.067290;-0.930227;-0.450896;-0.225448;0.450896;
0.067300;-0.933569;-0.452601;-0.226300;0.452601;
0.067310;-0.936901;-0.454301;-0.227150;0.454301;
0.067320;-0.940225;-0.455996;-0.227998;0.455996;
0.067330;-0.943539;-0.457687;-0.228844;0.457687;
0.067340;-0.946844;-0.459374;-0.229687;0.459374;
0.067350;-0.950139;-0.461056;-0.230528;0.461056;
0.067360;-0.953425;-0.462733;-0.231367;0.462733;
0.067370;-0.956702;-0.464406;-0.232203;0.464406;
0.067380;-0.959969;-0.466074;-0.233037;0.466074;
0.067390;-0.963227;-0.467738;-0.233869;0.467738;
0.067400;-0.966475;-0.469397;-0.234698;0.469397;
0.067410;-0.969714;-0.471051;-0.235526;0.471051;
0.067420;-0.972943;-0.472701;-0.236351;0.472701;
0.067430;-0.976163;-0.474346;-0.237173;0.474346;
0.067440;-0.979373;-0.475987;-0.237993;0.475987;
0.067450;-0.982573;-0.477622;-0.238811;0.477622;
0.067460;-0.985763;-0.479253;-0.239627;0.479253;
0.067470;-0.988944;-0.480880;-0.240440;0.480880;
0.067480;-0.992115;-0.482501;-0.241251;0.482501;
0.067490;-0.995277;-0.484118;-0.242059;0.484118;
0.067500;-0.998428;-0.485730;-0.242865;0.485730;
0.067510;-1.001570;-0.487337;-0.243669;0.487337;
0.067520;-1.004701;-0.488940;-0.244470;0.488940;
0.067530;-1.007823;-0.490537;-0.245269;0.490537;
0.067540;-1.010935;-0.492130;-0.246065;0.492130;
0.067550;-1.014037;-0.493718;-0.246859;0.493718;
0.067560;-1.017129;-0.495301;-0.247650;0.495301;
0.067570;-1.020210;-0.496879;-0.248439;0.496879;
0.067580;-1.023282;-0.498452;-0.249226;0.498452;
0.067590;-1.026344;-0.500020;-0.250010;0.500020;
0.067600;-1.029395;-0.501584;-0.250792;0.501584;
0.067610;-1.032437;-0.503142;-0.251571;0.503142;
0.067620;-1.035468;-0.504696;-0.252348;0.504696;
0.067630;-1.038489;-0.506244;-0.253122;0.506244;
0.067640;-1.041500;-0.507787;-0.253894;0.507787;
0.067650;-1.044500;-0.509326;-0.254663;0.509326;
0.067660;-1.047490;-0.510859;-0.255430;0.510859;
0.067670;-1.050470;-0.512388;-0.256194;0.512388;
0.067680;-1.053439;-0.513911;-0.256955;0.513911;
0.067690;-1.056398;-0.515429;-0.257715;0.515429;
0.067700;-1.059347;-0.516942;-0.258471;0.516942;
0.067710;-1.062285;-0.518450;-0.259225;0.518450;
0.067720;-1.065213;-0.519953;-0.259977;0.519953;
0.067730;-1.068130;-0.521451;-0.260726;0.521451;
0.067740;-1.071036;-0.522944;-0.261472;0.522944;
0.067750;-1.073932;-0.524431;-0.262216;0.524431;
0.067760;-1.076818;-0.525914;-0.262957;0.525914;
0.067770;-1.079693;-0.527391;-0.263695;0.527391;
0.067780;-1.082557;-0.528863;-0.264431;0.528863;
0.067790;-1.085410;-0.530329;-0.265165;0.530329;
0.067800;-1.088253;-0.531791;-0.265895;0.531791;
0.067810;-1.091085;-0.533247;-0.266624;0.533247;
0.067820;-1.093906;-0.534698;-0.267349;0.534698;
0.067830;-1.096717;-0.536144;-0.268072;0.536144;
0.067840;-1.099516;-0.537584;-0.268792;0.537584;
0.067850;-1.102305;-0.539019;-0.269510;0.539019;
0.067860;-1.105083;-0.540449;-0.270225;0.540449;
0.067870;-1.107850;-0.541873;-0.270937;0.541873;
0.067880;-1.110606;-0.543293;-0.271646;0.543293;
0.067890;-1.113351;-0.544706;-0.272353;0.544706;
0.067900;-1.116085;-0.546115;-0.273057;0.546115;
0.067910;-1.118808;-0.547518;-0.273759;0.547518;
0.067920;-1.121520;-0.548915;-0.274458;0.548915;
0.067930;-1.124221;-0.550307;-0.275154;0.550307;
0.067940;-1.126911;-0.551694;-0.275847;0.551694;
0.067950;-1.129590;-0.553075;-0.276538;0.553075;
0.067960;-1.132257;-0.554451;-0.277226;0.554451;
0.067970;-1.134914;-0.555821;-0.277911;0.555821;
0.067980;-1.137559;-0.557186;-0.278593;0.557186;
0.067990;-1.140193;-0.558546;-0.279273;0.558546;
0.068000;-1.142816;-0.559899;-0.279950;0.559899;
0.068010;-1.145427;-0.561248;-0.280624;0.561248;
0.068020;-1.148027;-0.562590;-0.281295;0.562590;
0.068030;-1.150616;-0.563928;-0.281964;0.563928;
0.068040;-1.153194;-0.565259;-0.282630;0.565259;
0.068050;-1.155760;-0.566585;-0.283293;0.566585;
0.068060;-1.158314;-0.567906;-0.283953;0.567906;
0.068070;-1.160858;-0.569221;-0.284610;0.569221;
0.068080;-1.163389;-0.570530;-0.285265;0.570530;
0.068090;-1.165910;-0.571834;-0.285917;0.571834;
0.068100;-1.168418;-0.573132;-0.286566;0.573132;
0.068110;-1.170916;-0.574424;-0.287212;0.574424;
0.068120;-1.173401;-0.575711;-0.287855;0.575711;
0.068130;-1.175876;-0.576992;-0.288496;0.576992;
0.068140;-1.178338;-0.578267;-0.289133;0.578267;
0.068150;-1.180789;-0.579536;-0.289768;0.579536;
0.068160;-1.183228;-0.580800;-0.290400;0.580800;
0.068170;-1.185656;-0.582058;-0.291029;0.582058;
0.068180;-1.188072;-0.583311;-0.291655;0.583311;
0.068190;-1.190476;-0.584557;-0.292279;0.584557;
0.068200;-1.192868;-0.585798;-0.292899;0.585798;
0.068210;-1.195249;-0.587033;-0.293517;0.587033;
0.068220;-1.197618;-0.588263;-0.294131;0.588263;
0.068230;-1.199975;-0.589486;-0.294743;0.589486;
0.068240;-1.202320;-0.590704;-0.295352;0.590704;
0.068250;-1.204653;-0.591915;-0.295958;0.591915;
0.068260;-1.206974;-0.593121;-0.296561;0.593121;
0.068270;-1.209284;-0.594322;-0.297161;0.594322;
0.068280;-1.211582;-0.595516;-0.297758;0.595516;
0.068290;-1.213867;-0.596704;-0.298352;0.596704;
0.068300;-1.216141;-0.597887;-0.298943;0.597887;
0.068310;-1.218402;-0.599063;-0.299532;0.599063;
0.068320;-1.220652;-0.600234;-0.300117;0.600234;
0.068330;-1.222889;-0.601399;-0.300699;0.601399;
0.068340;-1.225115;-0.602558;-0.301279;0.602558;
0.068350;-1.227328;-0.603710;-0.301855;0.603710;
0.068360;-1.229530;-0.604857;-0.302429;0.604857;
0.068370;-1.231719;-0.605998;-0.302999;0.605998;
0.068380;-1.233896;-0.607133;-0.303567;0.607133;
0.068390;-1.236060;-0.608262;-0.304131;0.608262;
0.068400;-1.238213;-0.609385;-0.304693;0.609385;
0.068410;-1.240353;-0.610502;-0.305251;0.610502;
0.068420;-1.242482;-0.611613;-0.305806;0.611613;
0.068430;-1.244597;-0.612718;-0.306359;0.612718;
0.068440;-1.246701;-0.613817;-0.306908;0.613817;
0.068450;-1.248792;-0.614910;-0.307455;0.614910;
0.068460;-1.250871;-0.615996;-0.307998;0.615996;
0.068470;-1.252938;-0.617077;-0.308538;0.617077;
0.068480;-1.254992;-0.618151;-0.309076;0.618151;
0.068490;-1.257034;-0.619220;-0.309610;0.619220;
0.068500;-1.259063;-0.620282;-0.310141;0.620282;
0.068510;-1.261080;-0.621338;-0.310669;0.621338;
0.068520;-1.263085;-0.622388;-0.311194;0.622388;
0.068530;-1.265077;-0.623432;-0.311716;0.623432;
0.068540;-1.267057;-0.624470;-0.312235;0.624470;
0.068550;-1.269024;-0.625502;-0.312751;0.625502;
0.068560;-1.270979;-0.626527;-0.313264;0.626527;
0.068570;-1.272921;-0.627547;-0.313773;0.627547;
0.068580;-1.274850;-0.628560;-0.314280;0.628560;
0.068590;-1.276767;-0.629566;-0.314783;0.629566;
0.068600;-1.278671;-0.630567;-0.315284;0.630567;
0.068610;-1.280563;-0.631562;-0.315781;0.631562;
0.068620;-1.282442;-0.632550;-0.316275;0.632550;
0.068630;-1.284308;-0.633532;-0.316766;0.633532;
0.068640;-1.286162;-0.634507;-0.317254;0.634507;
0.068650;-1.288003;-0.635477;-0.317738;0.635477;
0.068660;-1.289831;-0.636440;-0.318220;0.636440;
0.068670;-1.291647;-0.637397;-0.318698;0.637397;
0.068680;-1.293450;-0.638347;-0.319174;0.638347;
0.068690;-1.295240;-0.639292;-0.319646;0.639292;
0.068700;-1.297017;-0.640230;-0.320115;0.640230;
0.068710;-1.298782;-0.641161;-0.320581;0.641161;
0.068720;-1.300533;-0.642087;-0.321043;0.642087;
0.068730;-1.302272;-0.643006;-0.321503;0.643006;
0.068740;-1.303998;-0.643918;-0.321959;0.643918;
0.068750;-1.305711;-0.644825;-0.322412;0.644825;
0.068760;-1.307411;-0.645725;-0.322862;0.645725;
0.068770;-1.309099;-0.646618;-0.323309;0.646618;
0.068780;-1.310773;-0.647505;-0.323753;0.647505;
0.068790;-1.312435;-0.648386;-0.324193;0.648386;
0.068800;-1.314083;-0.649261;-0.324630;0.649261;
0.068810;-1.315719;-0.650128;-0.325064;0.650128;
0.068820;-1.317341;-0.650990;-0.325495;0.650990;
0.068830;-1.318951;-0.651845;-0.325923;0.651845;
0.068840;-1.320547;-0.652694;-0.326347;0.652694;
0.068850;-1.322131;-0.653536;-0.326768;0.653536;
0.068860;-1.323701;-0.654372;-0.327186;0.654372;
0.068870;-1.325259;-0.655201;-0.327601;0.655201;
0.068880;-1.326803;-0.656024;-0.328012;0.656024;
0.068890;-1.328334;-0.656841;-0.328420;0.656841;
0.068900;-1.329852;-0.657651;-0.328825;0.657651;
0.068910;-1.331357;-0.658454;-0.329227;0.658454;
0.068920;-1.332849;-0.659251;-0.329625;0.659251;
0.068930;-1.334328;-0.660041;-0.330021;0.660041;
0.068940;-1.335793;-0.660825;-0.330413;0.660825;
0.068950;-1.337246;-0.661603;-0.330801;0.661603;
0.068960;-1.338685;-0.662374;-0.331187;0.662374;
0.068970;-1.340111;-0.663138;-0.331569;0.663138;
0.068980;-1.341523;-0.663896;-0.331948;0.663896;
0.068990;-1.342923;-0.664647;-0.332323;0.664647;
0.069000;-1.344309;-0.665392;-0.332696;0.665392;
0.069010;-1.345682;-0.666130;-0.333065;0.666130;
0.069020;-1.347041;-0.666861;-0.333431;0.666861;
0.069030;-1.348388;-0.667586;-0.333793;0.667586;
0.069040;-1.349721;-0.668305;-0.334152;0.668305;
0.069050;-1.351041;-0.669016;-0.334508;0.669016;
0.069060;-1.352347;-0.669721;-0.334861;0.669721;
0.069070;-1.353640;-0.670420;-0.335210;0.670420;
0.069080;-1.354920;-0.671112;-0.335556;0.671112;
0.069090;-1.356186;-0.671797;-0.335899;0.671797;
0.069100;-1.357439;-0.672476;-0.336238;0.672476;
0.069110;-1.358678;-0.673148;-0.336574;0.673148;
0.069120;-1.359905;-0.673813;-0.336907;0.673813;
0.069130;-1.361117;-0.674472;-0.337236;0.674472;
0.069140;-1.362317;-0.675124;-0.337562;0.675124;
0.069150;-1.363502;-0.675770;-0.337885;0.675770;
0.069160;-1.364675;-0.676408;-0.338204;0.676408;
0.069170;-1.365834;-0.677041;-0.338520;0.677041;
0.069180;-1.366979;-0.677666;-0.338833;0.677666;
0.069190;-1.368111;-0.678285;-0.339142;0.678285;
0.069200;-1.369229;-0.678897;-0.339448;0.678897;
0.069210;-1.370334;-0.679502;-0.339751;0.679502;
0.069220;-1.371426;-0.680101;-0.340050;0.680101;
0.069230;-1.372503;-0.680692;-0.340346;0.680692;
0.069240;-1.373568;-0.681278;-0.340639;0.681278;
0.069250;-1.374618;-0.681856;-0.340928;0.681856;
0.069260;-1.375656;-0.682428;-0.341214;0.682428;
0.069270;-1.376679;-0.682993;-0.341496;0.682993;
0.069280;-1.377689;-0.683551;-0.341776;0.683551;
0.069290;-1.378686;-0.684103;-0.342051;0.684103;
0.069300;-1.379668;-0.684647;-0.342324;0.684647;
0.069310;-1.380638;-0.685185;-0.342593;0.685185;
0.069320;-1.381593;-0.685717;-0.342858;0.685717;
0.069330;-1.382535;-0.686241;-0.343121;0.686241;
0.069340;-1.383463;-0.686759;-0.343379;0.686759;
0.069350;-1.384378;-0.687270;-0.343635;0.687270;
0.069360;-1.385279;-0.687774;-0.343887;0.687774;
0.069370;-1.386166;-0.688271;-0.344136;0.688271;
0.069380;-1.387040;-0.688762;-0.344381;0.688762;
0.069390;-1.387900;-0.689245;-0.344623;0.689245;
0.069400;-1.388746;-0.689722;-0.344861;0.689722;
0.069410;-1.389578;-0.690193;-0.345096;0.690193;
0.069420;-1.390397;-0.690656;-0.345328;0.690656;
0.069430;-1.391202;-0.691112;-0.345556;0.691112;
0.069440;-1.391994;-0.691562;-0.345781;0.691562;
0.069450;-1.392771;-0.692005;-0.346002;0.692005;
0.069460;-1.393535;-0.692441;-0.346221;0.692441;
0.069470;-1.394285;-0.692870;-0.346435;0.692870;
0.069480;-1.395022;-0.693293;-0.346646;0.693293;
0.069490;-1.395744;-0.693708;-0.346854;0.693708;
0.069500;-1.396453;-0.694117;-0.347058;0.694117;
0.069510;-1.397148;-0.694519;-0.347259;0.694519;
0.069520;-1.397829;-0.694914;-0.347457;0.694914;
0.069530;-1.398497;-0.695302;-0.347651;0.695302;
0.069540;-1.399150;-0.695683;-0.347841;0.695683;
0.069550;-1.399790;-0.696057;-0.348029;0.696057;
0.069560;-1.400416;-0.696425;-0.348212;0.696425;
0.069570;-1.401028;-0.696786;-0.348393;0.696786;
0.069580;-1.401627;-0.697139;-0.348570;0.697139;
0.069590;-1.402211;-0.697486;-0.348743;0.697486;
0.069600;-1.402782;-0.697826;-0.348913;0.697826;
0.069610;-1.403339;-0.698159;-0.349080;0.698159;
0.069620;-1.403882;-0.698486;-0.349243;0.698486;
0.069630;-1.404411;-0.698805;-0.349402;0.698805;
0.069640;-1.404926;-0.699117;-0.349559;0.699117;
0.069650;-1.405428;-0.699423;-0.349711;0.699423;
0.069660;-1.405915;-0.699721;-0.349861;0.699721;
0.069670;-1.406389;-0.700013;-0.350007;0.700013;
0.069680;-1.406849;-0.700298;-0.350149;0.700298;
0.069690;-1.407294;-0.700576;-0.350288;0.700576;
0.069700;-1.407726;-0.700847;-0.350423;0.700847;
0.069710;-1.408145;-0.701111;-0.350555;0.701111;
0.069720;-1.408549;-0.701368;-0.350684;0.701368;
0.069730;-1.408939;-0.701618;-0.350809;0.701618;
0.069740;-1.409315;-0.701862;-0.350931;0.701862;
0.069750;-1.409678;-0.702098;-0.351049;0.702098;
0.069760;-1.410027;-0.702327;-0.351164;0.702327;
0.069770;-1.410361;-0.702550;-0.351275;0.702550;
0.069780;-1.410682;-0.702766;-0.351383;0.702766;
0.069790;-1.410989;-0.702974;-0.351487;0.702974;
0.069800;-1.411282;-0.703176;-0.351588;0.703176;
0.069810;-1.411561;-0.703371;-0.351685;0.703371;
0.069820;-1.411826;-0.703559;-0.351779;0.703559;
0.069830;-1.412077;-0.703739;-0.351870;0.703739;
0.069840;-1.412314;-0.703913;-0.351957;0.703913;
0.069850;-1.412537;-0.704080;-0.352040;0.704080;
0.069860;-1.412747;-0.704240;-0.352120;0.704240;
0.069870;-1.412942;-0.704394;-0.352197;0.704394;
0.069880;-1.413123;-0.704540;-0.352270;0.704540;
0.069890;-1.413291;-0.704679;-0.352339;0.704679;
0.069900;-1.413444;-0.704811;-0.352406;0.704811;
0.069910;-1.413584;-0.704936;-0.352468;0.704936;
0.069920;-1.413709;-0.705055;-0.352527;0.705055;
0.069930;-1.413821;-0.705166;-0.352583;0.705166;
0.069940;-1.413919;-0.705270;-0.352635;0.705270;
0.069950;-1.414002;-0.705368;-0.352684;0.705368;
0.069960;-1.414072;-0.705458;-0.352729;0.705458;
0.069970;-1.414128;-0.705542;-0.352771;0.705542;
0.069980;-1.414170;-0.705618;-0.352809;0.705618;
0.069990;-1.414198;-0.705688;-0.352844;0.705688;
0.070000;-1.414212;-0.705751;-0.352875;0.705751;
0.070010;-1.414212;-0.705806;-0.352903;0.705806;
0.070020;-1.414198;-0.705855;-0.352927;0.705855;
0.070030;-1.414170;-0.705897;-0.352948;0.705897;
0.070040;-1.414128;-0.705931;-0.352966;0.705931;
0.070050;-1.414072;-0.705959;-0.352980;0.705959;
0.070060;-1.414002;-0.705980;-0.352990;0.705980;
0.070070;-1.413919;-0.705994;-0.352997;0.705994;
0.070080;-1.413821;-0.706001;-0.353000;0.706001;
0.070090;-1.413709;-0.706001;-0.353000;0.706001;
0.070100;-1.413584;-0.705994;-0.352997;0.705994;
0.070110;-1.413444;-0.705980;-0.352990;0.705980;
0.070120;-1.413291;-0.705959;-0.352979;0.705959;
0.070130;-1.413123;-0.705931;-0.352965;0.705931;
0.070140;-1.412942;-0.705896;-0.352948;0.705896;
0.070150;-1.412747;-0.705854;-0.352927;0.705854;
0.070160;-1.412537;-0.705805;-0.352903;0.705805;
0.070170;-1.412314;-0.705749;-0.352875;0.705749;
0.070180;-1.412077;-0.705686;-0.352843;0.705686;
0.070190;-1.411826;-0.705617;-0.352808;0.705617;
0.070200;-1.411561;-0.705540;-0.352770;0.705540;
0.070210;-1.411282;-0.705456;-0.352728;0.705456;
0.070220;-1.410989;-0.705366;-0.352683;0.705366;
0.070230;-1.410682;-0.705268;-0.352634;0.705268;
0.070240;-1.410361;-0.705163;-0.352582;0.705163;
0.070250;-1.410027;-0.705052;-0.352526;0.705052;
0.070260;-1.409678;-0.704933;-0.352467;0.704933;
0.070270;-1.409315;-0.704808;-0.352404;0.704808;
0.070280;-1.408939;-0.704676;-0.352338;0.704676;
0.070290;-1.408549;-0.704536;-0.352268;0.704536;
0.070300;-1.408145;-0.704390;-0.352195;0.704390;
0.070310;-1.407726;-0.704237;-0.352118;0.704237;
0.070320;-1.407294;-0.704077;-0.352038;0.704077;
0.070330;-1.406849;-0.703909;-0.351955;0.703909;
0.070340;-1.406389;-0.703735;-0.351868;0.703735;
0.070350;-1.405915;-0.703554;-0.351777;0.703554;
0.070360;-1.405428;-0.703366;-0.351683;0.703366;
0.070370;-1.404926;-0.703171;-0.351586;0.703171;
0.070380;-1.404411;-0.702969;-0.351485;0.702969;
0.070390;-1.403882;-0.702761;-0.351380;0.702761;
0.070400;-1.403339;-0.702545;-0.351272;0.702545;
0.070410;-1.402782;-0.702322;-0.351161;0.702322;
0.070420;-1.402211;-0.702093;-0.351046;0.702093;
0.070430;-1.401627;-0.701856;-0.350928;0.701856;
0.070440;-1.401028;-0.701613;-0.350806;0.701613;
0.070450;-1.400416;-0.701362;-0.350681;0.701362;
0.070460;-1.399790;-0.701105;-0.350552;0.701105;
0.070470;-1.399150;-0.700841;-0.350420;0.700841;
0.070480;-1.398497;-0.700570;-0.350285;0.700570;
0.070490;-1.397829;-0.700291;-0.350146;0.700291;
0.070500;-1.397148;-0.700006;-0.350003;0.700006;
0.070510;-1.396453;-0.699715;-0.349857;0.699715;
0.070520;-1.395744;-0.699416;-0.349708;0.699416;
0.070530;-1.395022;-0.699110;-0.349555;0.699110;
0.070540;-1.394285;-0.698798;-0.349399;0.698798;
0.070550;-1.393535;-0.698478;-0.349239;0.698478;
0.070560;-1.392771;-0.698152;-0.349076;0.698152;
0.070570;-1.391994;-0.697818;-0.348909;0.697818;
0.070580;-1.391202;-0.697478;-0.348739;0.697478;
0.070590;-1.390397;-0.697131;-0.348566;0.697131;
0.070600;-1.389578;-0.696777;-0.348389;0.696777;
0.070610;-1.388746;-0.696416;-0.348208;0.696416;
0.070620;-1.387900;-0.696049;-0.348024;0.696049;
0.070630;-1.387040;-0.695674;-0.347837;0.695674;
0.070640;-1.386166;-0.695293;-0.347646;0.695293;
0.070650;-1.385279;-0.694904;-0.347452;0.694904;
0.070660;-1.384378;-0.694509;-0.347255;0.694509;
0.070670;-1.383463;-0.694107;-0.347054;0.694107;
0.070680;-1.382535;-0.693699;-0.346849;0.693699;
0.070690;-1.381593;-0.693283;-0.346641;0.693283;
0.070700;-1.380638;-0.692860;-0.346430;0.692860;
0.070710;-1.379668;-0.692431;-0.346215;0.692431;
0.070720;-1.378686;-0.691995;-0.345997;0.691995;
0.070730;-1.377689;-0.691552;-0.345776;0.691552;
0.070740;-1.376679;-0.691102;-0.345551;0.691102;
0.070750;-1.375656;-0.690645;-0.345323;0.690645;
0.070760;-1.374618;-0.690182;-0.345091;0.690182;
0.070770;-1.373568;-0.689711;-0.344856;0.689711;
0.070780;-1.372503;-0.689234;-0.344617;0.689234;
0.070790;-1.371426;-0.688750;-0.344375;0.688750;
0.070800;-1.370334;-0.688260;-0.344130;0.688260;
0.070810;-1.369229;-0.687762;-0.343881;0.687762;
0.070820;-1.368111;-0.687258;-0.343629;0.687258;
0.070830;-1.366979;-0.686747;-0.343373;0.686747;
0.070840;-1.365834;-0.686229;-0.343114;0.686229;
0.070850;-1.364675;-0.685704;-0.342852;0.685704;
0.070860;-1.363502;-0.685173;-0.342586;0.685173;
0.070870;-1.362317;-0.684635;-0.342317;0.684635;
0.070880;-1.361117;-0.684090;-0.342045;0.684090;
0.070890;-1.359905;-0.683538;-0.341769;0.683538;
0.070900;-1.358678;-0.682980;-0.341490;0.682980;
0.070910;-1.357439;-0.682415;-0.341207;0.682415;
0.070920;-1.356186;-0.681843;-0.340921;0.681843;
0.070930;-1.354920;-0.681264;-0.340632;0.681264;
0.070940;-1.353640;-0.680679;-0.340339;0.680679;
0.070950;-1.352347;-0.680087;-0.340043;0.680087;
0.070960;-1.351041;-0.679488;-0.339744;0.679488;
0.070970;-1.349721;-0.678882;-0.339441;0.678882;
0.070980;-1.348388;-0.678270;-0.339135;0.678270;
0.070990;-1.347041;-0.677651;-0.338826;0.677651;
0.071000;-1.345682;-0.677026;-0.338513;0.677026;
0.071010;-1.344309;-0.676394;-0.338197;0.676394;
0.071020;-1.342923;-0.675755;-0.337877;0.675755;
0.071030;-1.341523;-0.675109;-0.337555;0.675109;
0.071040;-1.340111;-0.674457;-0.337228;0.674457;
0.071050;-1.338685;-0.673798;-0.336899;0.673798;
0.071060;-1.337246;-0.673132;-0.336566;0.673132;
0.071070;-1.335793;-0.672460;-0.336230;0.672460;
0.071080;-1.334328;-0.671781;-0.335891;0.671781;
0.071090;-1.332849;-0.671096;-0.335548;0.671096;
0.071100;-1.331357;-0.670404;-0.335202;0.670404;
0.071110;-1.329852;-0.669705;-0.334853;0.669705;
0.071120;-1.328334;-0.669000;-0.334500;0.669000;
0.071130;-1.326803;-0.668288;-0.334144;0.668288;
0.071140;-1.325259;-0.667569;-0.333785;0.667569;
0.071150;-1.323701;-0.666844;-0.333422;0.666844;
0.071160;-1.322131;-0.666113;-0.333056;0.666113;
0.071170;-1.320547;-0.665374;-0.332687;0.665374;
0.071180;-1.318951;-0.664629;-0.332315;0.664629;
0.071190;-1.317341;-0.663878;-0.331939;0.663878;
0.071200;-1.315719;-0.663120;-0.331560;0.663120;
0.071210;-1.314083;-0.662356;-0.331178;0.662356;
0.071220;-1.312435;-0.661585;-0.330792;0.661585;
0.071230;-1.310773;-0.660807;-0.330404;0.660807;
0.071240;-1.309099;-0.660023;-0.330012;0.660023;
0.071250;-1.307411;-0.659232;-0.329616;0.659232;
0.071260;-1.305711;-0.658435;-0.329218;0.658435;
0.071270;-1.303998;-0.657632;-0.328816;0.657632;
0.071280;-1.302272;-0.656822;-0.328411;0.656822;
0.071290;-1.300533;-0.656005;-0.328003;0.656005;
0.071300;-1.298782;-0.655182;-0.327591;0.655182;
0.071310;-1.297017;-0.654353;-0.327176;0.654353;
0.071320;-1.295240;-0.653517;-0.326758;0.653517;
0.071330;-1.293450;-0.652674;-0.326337;0.652674;
0.071340;-1.291647;-0.651825;-0.325913;0.651825;
0.071350;-1.289831;-0.650970;-0.325485;0.650970;
0.071360;-1.288003;-0.650108;-0.325054;0.650108;
0.071370;-1.286162;-0.649240;-0.324620;0.649240;
0.071380;-1.284308;-0.648366;-0.324183;0.648366;
0.071390;-1.282442;-0.647485;-0.323742;0.647485;
0.071400;-1.280563;-0.646597;-0.323299;0.646597;
0.071410;-1.278671;-0.645704;-0.322852;0.645704;
0.071420;-1.276767;-0.644804;-0.322402;0.644804;
0.071430;-1.274850;-0.643897;-0.321949;0.643897;
0.071440;-1.272921;-0.642984;-0.321492;0.642984;
0.071450;-1.270979;-0.642065;-0.321033;0.642065;
0.071460;-1.269024;-0.641140;-0.320570;0.641140;
0.071470;-1.267057;-0.640208;-0.320104;0.640208;
0.071480;-1.265077;-0.639270;-0.319635;0.639270;
0.071490;-1.263085;-0.638325;-0.319163;0.638325;
0.071500;-1.261080;-0.637375;-0.318687;0.637375;
0.071510;-1.259063;-0.636418;-0.318209;0.636418;
0.071520;-1.257034;-0.635454;-0.317727;0.635454;
0.071530;-1.254992;-0.634485;-0.317242;0.634485;
0.071540;-1.252938;-0.633509;-0.316754;0.633509;
0.071550;-1.250871;-0.632527;-0.316263;0.632527;
0.071560;-1.248792;-0.631538;-0.315769;0.631538;
0.071570;-1.246701;-0.630544;-0.315272;0.630544;
0.071580;-1.244597;-0.629543;-0.314772;0.629543;
0.071590;-1.242482;-0.628536;-0.314268;0.628536;
0.071600;-1.240353;-0.627523;-0.313761;0.627523;
0.071610;-1.238213;-0.626503;-0.313252;0.626503;
0.071620;-1.236060;-0.625478;-0.312739;0.625478;
0.071630;-1.233896;-0.624446;-0.312223;0.624446;
0.071640;-1.231719;-0.623408;-0.311704;0.623408;
0.071650;-1.229530;-0.622364;-0.311182;0.622364;
0.071660;-1.227328;-0.621314;-0.310657;0.621314;
0.071670;-1.225115;-0.620257;-0.310129;0.620257;
0.071680;-1.222889;-0.619195;-0.309598;0.619195;
0.071690;-1.220652;-0.618126;-0.309063;0.618126;
0.071700;-1.218402;-0.617052;-0.308526;0.617052;
0.071710;-1.216141;-0.615971;-0.307985;0.615971;
0.071720;-1.213867;-0.614884;-0.307442;0.614884;
0.071730;-1.211582;-0.613791;-0.306896;0.613791;
0.071740;-1.209284;-0.612692;-0.306346;0.612692;
0.071750;-1.206974;-0.611587;-0.305794;0.611587;
0.071760;-1.204653;-0.610476;-0.305238;0.610476;
0.071770;-1.202320;-0.609359;-0.304680;0.609359;
0.071780;-1.199975;-0.608236;-0.304118;0.608236;
0.071790;-1.197618;-0.607107;-0.303553;0.607107;
0.071800;-1.195249;-0.605972;-0.302986;0.605972;
0.071810;-1.192868;-0.604831;-0.302415;0.604831;
0.071820;-1.190476;-0.603684;-0.301842;0.603684;
0.071830;-1.188072;-0.602531;-0.301265;0.602531;
0.071840;-1.185656;-0.601372;-0.300686;0.601372;
0.071850;-1.183228;-0.600207;-0.300103;0.600207;
0.071860;-1.180789;-0.599036;-0.299518;0.599036;
0.071870;-1.178338;-0.597859;-0.298930;0.597859;
0.071880;-1.175876;-0.596677;-0.298338;0.596677;
0.071890;-1.173401;-0.595488;-0.297744;0.595488;
0.071900;-1.170916;-0.594294;-0.297147;0.594294;
0.071910;-1.168418;-0.593093;-0.296547;0.593093;
0.071920;-1.165910;-0.591887;-0.295944;0.591887;
0.071930;-1.163389;-0.590675;-0.295338;0.590675;
0.071940;-1.160858;-0.589458;-0.294729;0.589458;
0.071950;-1.158314;-0.588234;-0.294117;0.588234;
0.071960;-1.155760;-0.587005;-0.293502;0.587005;
0.071970;-1.153194;-0.585769;-0.292885;0.585769;
0.071980;-1.150616;-0.584528;-0.292264;0.584528;
0.071990;-1.148027;-0.583282;-0.291641;0.583282;
0.072000;-1.145427;-0.582029;-0.291015;0.582029;
0.072010;-1.142816;-0.580771;-0.290385;0.580771;
0.072020;-1.140193;-0.579507;-0.289753;0.579507;
0.072030;-1.137559;-0.578237;-0.289119;0.578237;
0.072040;-1.134914;-0.576962;-0.288481;0.576962;
0.072050;-1.132257;-0.575681;-0.287840;0.575681;
0.072060;-1.129590;-0.574394;-0.287197;0.574394;
0.072070;-1.126911;-0.573101;-0.286551;0.573101;
0.072080;-1.124221;-0.571803;-0.285902;0.571803;
0.072090;-1.121520;-0.570500;-0.285250;0.570500;
0.072100;-1.118808;-0.569190;-0.284595;0.569190;
0.072110;-1.116085;-0.567875;-0.283938;0.567875;
0.072120;-1.113351;-0.566555;-0.283277;0.566555;
0.072130;-1.110606;-0.565228;-0.282614;0.565228;
0.072140;-1.107850;-0.563897;-0.281948;0.563897;
0.072150;-1.105083;-0.562559;-0.281280;0.562559;
0.072160;-1.102305;-0.561216;-0.280608;0.561216;
0.072170;-1.099516;-0.559868;-0.279934;0.559868;
0.072180;-1.096717;-0.558514;-0.279257;0.558514;
0.072190;-1.093906;-0.557154;-0.278577;0.557154;
0.072200;-1.091085;-0.555789;-0.277895;0.555789;
0.072210;-1.088253;-0.554419;-0.277210;0.554419;
0.072220;-1.085410;-0.553043;-0.276522;0.553043;
0.072230;-1.082557;-0.551662;-0.275831;0.551662;
0.072240;-1.079693;-0.550275;-0.275137;0.550275;
0.072250;-1.076818;-0.548883;-0.274441;0.548883;
0.072260;-1.073932;-0.547485;-0.273742;0.547485;
0.072270;-1.071036;-0.546082;-0.273041;0.546082;
0.072280;-1.068130;-0.544673;-0.272337;0.544673;
0.072290;-1.065213;-0.543260;-0.271630;0.543260;
0.072300;-1.062285;-0.541840;-0.270920;0.541840;
0.072310;-1.059347;-0.540416;-0.270208;0.540416;
0.072320;-1.056398;-0.538986;-0.269493;0.538986;
0.072330;-1.053439;-0.537551;-0.268775;0.537551;
0.072340;-1.050470;-0.536110;-0.268055;0.536110;
0.072350;-1.047490;-0.534664;-0.267332;0.534664;
0.072360;-1.044500;-0.533213;-0.266607;0.533213;
0.072370;-1.041500;-0.531757;-0.265878;0.531757;
0.072380;-1.038489;-0.530295;-0.265148;0.530295;
0.072390;-1.035468;-0.528828;-0.264414;0.528828;
0.072400;-1.032437;-0.527356;-0.263678;0.527356;
0.072410;-1.029395;-0.525879;-0.262940;0.525879;
0.072420;-1.026344;-0.524397;-0.262198;0.524397;
0.072430;-1.023282;-0.522909;-0.261455;0.522909;
0.072440;-1.020210;-0.521416;-0.260708;0.521416;
0.072450;-1.017129;-0.519918;-0.259959;0.519918;
0.072460;-1.014037;-0.518415;-0.259208;0.518415;
0.072470;-1.010935;-0.516907;-0.258454;0.516907;
0.072480;-1.007823;-0.515394;-0.257697;0.515394;
0.072490;-1.004701;-0.513876;-0.256938;0.513876;
0.072500;-1.001570;-0.512352;-0.256176;0.512352;
0.072510;-0.998428;-0.510824;-0.255412;0.510824;
0.072520;-0.995277;-0.509290;-0.254645;0.509290;
0.072530;-0.992115;-0.507751;-0.253876;0.507751;
0.072540;-0.988944;-0.506208;-0.253104;0.506208;
0.072550;-0.985763;-0.504659;-0.252330;0.504659;
0.072560;-0.982573;-0.503106;-0.251553;0.503106;
0.072570;-0.979373;-0.501547;-0.250774;0.501547;
0.072580;-0.976163;-0.499984;-0.249992;0.499984;
0.072590;-0.972943;-0.498415;-0.249208;0.498415;
0.072600;-0.969714;-0.496842;-0.248421;0.496842;
0.072610;-0.966475;-0.495264;-0.247632;0.495264;
0.072620;-0.963227;-0.493681;-0.246840;0.493681;
0.072630;-0.959969;-0.492093;-0.246046;0.492093;
0.072640;-0.956702;-0.490500;-0.245250;0.490500;
0.072650;-0.953425;-0.488902;-0.244451;0.488902;
0.072660;-0.950139;-0.487300;-0.243650;0.487300;
0.072670;-0.946844;-0.485692;-0.242846;0.485692;
0.072680;-0.943539;-0.484080;-0.242040;0.484080;
0.072690;-0.940225;-0.482463;-0.241232;0.482463;
0.072700;-0.936901;-0.480842;-0.240421;0.480842;
0.072710;-0.933569;-0.479215;-0.239608;0.479215;
0.072720;-0.930227;-0.477584;-0.238792;0.477584;
0.072730;-0.926876;-0.475948;-0.237974;0.475948;
0.072740;-0.923516;-0.474308;-0.237154;0.474308;
0.072750;-0.920146;-0.472663;-0.236331;0.472663;
0.072760;-0.916768;-0.471013;-0.235506;0.471013;
0.072770;-0.913380;-0.469358;-0.234679;0.469358;
0.072780;-0.909984;-0.467699;-0.233850;0.467699;
0.072790;-0.906579;-0.466035;-0.233018;0.466035;
0.072800;-0.903164;-0.464367;-0.232184;0.464367;
0.072810;-0.899741;-0.462694;-0.231347;0.462694;
0.072820;-0.896309;-0.461017;-0.230508;0.461017;
0.072830;-0.892868;-0.459334;-0.229667;0.459334;
0.072840;-0.889418;-0.457648;-0.228824;0.457648;
0.072850;-0.885959;-0.455957;-0.227978;0.455957;
0.072860;-0.882492;-0.454261;-0.227131;0.454261;
0.072870;-0.879016;-0.452561;-0.226280;0.452561;
0.072880;-0.875531;-0.450856;-0.225428;0.450856;
0.072890;-0.872038;-0.449147;-0.224574;0.449147;
0.072900;-0.868536;-0.447434;-0.223717;0.447434;
0.072910;-0.865025;-0.445716;-0.222858;0.445716;
0.072920;-0.861506;-0.443994;-0.221997;0.443994;
0.072930;-0.857978;-0.442267;-0.221134;0.442267;
0.072940;-0.854442;-0.440536;-0.220268;0.440536;
0.072950;-0.850898;-0.438801;-0.219400;0.438801;
0.072960;-0.847345;-0.437061;-0.218531;0.437061;
0.072970;-0.843784;-0.435317;-0.217659;0.435317;
0.072980;-0.840214;-0.433569;-0.216784;0.433569;
0.072990;-0.836636;-0.431816;-0.215908;0.431816;
0.073000;-0.833050;-0.430059;-0.215030;0.430059;
0.073010;-0.829456;-0.428298;-0.214149;0.428298;
0.073020;-0.825853;-0.426533;-0.213266;0.426533;
0.073030;-0.822242;-0.424763;-0.212382;0.424763;
0.073040;-0.818624;-0.422990;-0.211495;0.422990;
0.073050;-0.814997;-0.421212;-0.210606;0.421212;
0.073060;-0.811362;-0.419430;-0.209715;0.419430;
0.073070;-0.807719;-0.417643;-0.208822;0.417643;
0.073080;-0.804068;-0.415853;-0.207927;0.415853;
0.073090;-0.800409;-0.414059;-0.207029;0.414059;
0.073100;-0.796742;-0.412260;-0.206130;0.412260;
0.073110;-0.793068;-0.410458;-0.205229;0.410458;
0.073120;-0.789385;-0.408651;-0.204325;0.408651;
0.073130;-0.785695;-0.406840;-0.203420;0.406840;
0.073140;-0.781997;-0.405026;-0.202513;0.405026;
0.073150;-0.778291;-0.403207;-0.201603;0.403207;
0.073160;-0.774578;-0.401384;-0.200692;0.401384;
0.073170;-0.770857;-0.399558;-0.199779;0.399558;
0.073180;-0.767128;-0.397727;-0.198864;0.397727;
0.073190;-0.763392;-0.395893;-0.197946;0.395893;
0.073200;-0.759648;-0.394054;-0.197027;0.394054;
0.073210;-0.755897;-0.392212;-0.196106;0.392212;
0.073220;-0.752138;-0.390366;-0.195183;0.390366;
0.073230;-0.748372;-0.388516;-0.194258;0.388516;
0.073240;-0.744599;-0.386662;-0.193331;0.386662;
0.073250;-0.740818;-0.384804;-0.192402;0.384804;
0.073260;-0.737030;-0.382943;-0.191471;0.382943;
0.073270;-0.733234;-0.381078;-0.190539;0.381078;
0.073280;-0.729431;-0.379209;-0.189604;0.379209;
0.073290;-0.725622;-0.377336;-0.188668;0.377336;
0.073300;-0.721804;-0.375459;-0.187730;0.375459;
0.073310;-0.717980;-0.373579;-0.186790;0.373579;
0.073320;-0.714149;-0.371695;-0.185848;0.371695;
0.073330;-0.710311;-0.369808;-0.184904;0.369808;
0.073340;-0.706465;-0.367917;-0.183958;0.367917;
0.073350;-0.702613;-0.366022;-0.183011;0.366022;
0.073360;-0.698754;-0.364124;-0.182062;0.364124;
0.073370;-0.694888;-0.362222;-0.181111;0.362222;
0.073380;-0.691015;-0.360316;-0.180158;0.360316;
0.073390;-0.687135;-0.358407;-0.179203;0.358407;
0.073400;-0.683248;-0.356494;-0.178247;0.356494;
0.073410;-0.679355;-0.354578;-0.177289;0.354578;
0.073420;-0.675455;-0.352658;-0.176329;0.352658;
0.073430;-0.671548;-0.350735;-0.175368;0.350735;
0.073440;-0.667635;-0.348808;-0.174404;0.348808;
0.073450;-0.663715;-0.346878;-0.173439;0.346878;
0.073460;-0.659789;-0.344945;-0.172472;0.344945;
0.073470;-0.655856;-0.343008;-0.171504;0.343008;
0.073480;-0.651916;-0.341068;-0.170534;0.341068;
0.073490;-0.647970;-0.339124;-0.169562;0.339124;
0.073500;-0.644018;-0.337177;-0.168588;0.337177;
0.073510;-0.640059;-0.335227;-0.167613;0.335227;
0.073520;-0.636094;-0.333273;-0.166636;0.333273;
0.073530;-0.632123;-0.331316;-0.165658;0.331316;
0.073540;-0.628146;-0.329356;-0.164678;0.329356;
0.073550;-0.624162;-0.327392;-0.163696;0.327392;
0.073560;-0.620172;-0.325426;-0.162713;0.325426;
0.073570;-0.616176;-0.323456;-0.161728;0.323456;
0.073580;-0.612174;-0.321483;-0.160741;0.321483;
0.073590;-0.608166;-0.319506;-0.159753;0.319506;
0.073600;-0.604152;-0.317527;-0.158764;0.317527;
0.073610;-0.600132;-0.315544;-0.157772;0.315544;
0.073620;-0.596106;-0.313559;-0.156779;0.313559;
0.073630;-0.592074;-0.311570;-0.155785;0.311570;
0.073640;-0.588037;-0.309578;-0.154789;0.309578;
0.073650;-0.583993;-0.307583;-0.153792;0.307583;
0.073660;-0.579944;-0.305585;-0.152793;0.305585;
0.073670;-0.575889;-0.303584;-0.151792;0.303584;
0.073680;-0.571828;-0.301581;-0.150790;0.301581;
0.073690;-0.567762;-0.299574;-0.149787;0.299574;
0.073700;-0.563690;-0.297564;-0.148782;0.297564;
0.073710;-0.559613;-0.295551;-0.147775;0.295551;
0.073720;-0.555530;-0.293535;-0.146768;0.293535;
0.073730;-0.551441;-0.291517;-0.145758;0.291517;
0.073740;-0.547347;-0.289495;-0.144748;0.289495;
0.073750;-0.543248;-0.287471;-0.143735;0.287471;
0.073760;-0.539143;-0.285444;-0.142722;0.285444;
0.073770;-0.535033;-0.283414;-0.141707;0.283414;
0.073780;-0.530918;-0.281381;-0.140690;0.281381;
0.073790;-0.526797;-0.279345;-0.139673;0.279345;
0.073800;-0.522672;-0.277307;-0.138653;0.277307;
0.073810;-0.518541;-0.275266;-0.137633;0.275266;
0.073820;-0.514405;-0.273222;-0.136611;0.273222;
0.073830;-0.510264;-0.271175;-0.135588;0.271175;
0.073840;-0.506117;-0.269126;-0.134563;0.269126;
0.073850;-0.501966;-0.267074;-0.133537;0.267074;
0.073860;-0.497810;-0.265020;-0.132510;0.265020;
0.073870;-0.493649;-0.262963;-0.131481;0.262963;
0.073880;-0.489483;-0.260903;-0.130452;0.260903;
0.073890;-0.485313;-0.258841;-0.129421;0.258841;
0.073900;-0.481137;-0.256776;-0.128388;0.256776;
0.073910;-0.476957;-0.254709;-0.127354;0.254709;
0.073920;-0.472772;-0.252639;-0.126320;0.252639;
0.073930;-0.468583;-0.250567;-0.125283;0.250567;
0.073940;-0.464388;-0.248492;-0.124246;0.248492;
0.073950;-0.460190;-0.246415;-0.123207;0.246415;
0.073960;-0.455986;-0.244335;-0.122167;0.244335;
0.073970;-0.451778;-0.242253;-0.121126;0.242253;
0.073980;-0.447566;-0.240168;-0.120084;0.240168;
0.073990;-0.443349;-0.238081;-0.119041;0.238081;
0.074000;-0.439128;-0.235992;-0.117996;0.235992;
0.074010;-0.434903;-0.233901;-0.116950;0.233901;
0.074020;-0.430673;-0.231807;-0.115903;0.231807;
0.074030;-0.426439;-0.229711;-0.114855;0.229711;
0.074040;-0.422201;-0.227612;-0.113806;0.227612;
0.074050;-0.417959;-0.225512;-0.112756;0.225512;
0.074060;-0.413712;-0.223409;-0.111704;0.223409;
0.074070;-0.409462;-0.221304;-0.110652;0.221304;
0.074080;-0.405207;-0.219196;-0.109598;0.219196;
0.074090;-0.400948;-0.217087;-0.108543;0.217087;
0.074100;-0.396686;-0.214975;-0.107488;0.214975;
0.074110;-0.392419;-0.212862;-0.106431;0.212862;
0.074120;-0.388149;-0.210746;-0.105373;0.210746;
0.074130;-0.383875;-0.208628;-0.104314;0.208628;
0.074140;-0.379597;-0.206508;-0.103254;0.206508;
0.074150;-0.375315;-0.204386;-0.102193;0.204386;
0.074160;-0.371030;-0.202262;-0.101131;0.202262;
0.074170;-0.366741;-0.200136;-0.100068;0.200136;
0.074180;-0.362448;-0.198008;-0.099004;0.198008;
0.074190;-0.358152;-0.195878;-0.097939;0.195878;
0.074200;-0.353852;-0.193746;-0.096873;0.193746;
0.074210;-0.349549;-0.191613;-0.095806;0.191613;
0.074220;-0.345242;-0.189477;-0.094738;0.189477;
0.074230;-0.340932;-0.187339;-0.093670;0.187339;
0.074240;-0.336618;-0.185200;-0.092600;0.185200;
0.074250;-0.332301;-0.183059;-0.091529;0.183059;
0.074260;-0.327981;-0.180916;-0.090458;0.180916;
0.074270;-0.323658;-0.178771;-0.089385;0.178771;
0.074280;-0.319331;-0.176624;-0.088312;0.176624;
0.074290;-0.315002;-0.174476;-0.087238;0.174476;
0.074300;-0.310669;-0.172326;-0.086163;0.172326;
0.074310;-0.306333;-0.170174;-0.085087;0.170174;
0.074320;-0.301994;-0.168021;-0.084010;0.168021;
0.074330;-0.297652;-0.165866;-0.082933;0.165866;
0.074340;-0.293307;-0.163709;-0.081855;0.163709;
0.074350;-0.288959;-0.161551;-0.080775;0.161551;
0.074360;-0.284609;-0.159391;-0.079695;0.159391;
0.074370;-0.280256;-0.157229;-0.078615;0.157229;
0.074380;-0.275899;-0.155066;-0.077533;0.155066;
0.074390;-0.271541;-0.152902;-0.076451;0.152902;
0.074400;-0.267179;-0.150736;-0.075368;0.150736;
0.074410;-0.262815;-0.148568;-0.074284;0.148568;
0.074420;-0.258448;-0.146399;-0.073200;0.146399;
0.074430;-0.254079;-0.144229;-0.072114;0.144229;
0.074440;-0.249707;-0.142057;-0.071028;0.142057;
0.074450;-0.245333;-0.139883;-0.069942;0.139883;
0.074460;-0.240956;-0.137709;-0.068854;0.137709;
0.074470;-0.236577;-0.135533;-0.067766;0.135533;
0.074480;-0.232195;-0.133355;-0.066678;0.133355;
0.074490;-0.227812;-0.131177;-0.065588;0.131177;
0.074500;-0.223426;-0.128997;-0.064498;0.128997;
0.074510;-0.219037;-0.126815;-0.063408;0.126815;
0.074520;-0.214647;-0.124633;-0.062316;0.124633;
0.074530;-0.210255;-0.122449;-0.061225;0.122449;
0.074540;-0.205860;-0.120264;-0.060132;0.120264;
0.074550;-0.201463;-0.118078;-0.059039;0.118078;
0.074560;-0.197065;-0.115891;-0.057945;0.115891;
0.074570;-0.192664;-0.113702;-0.056851;0.113702;
0.074580;-0.188262;-0.111513;-0.055756;0.111513;
0.074590;-0.183858;-0.109322;-0.054661;0.109322;
0.074600;-0.179452;-0.107130;-0.053565;0.107130;
0.074610;-0.175044;-0.104937;-0.052469;0.104937;
0.074620;-0.170634;-0.102744;-0.051372;0.102744;
0.074630;-0.166223;-0.100549;-0.050274;0.100549;
0.074640;-0.161810;-0.098353;-0.049176;0.098353;
0.074650;-0.157396;-0.096156;-0.048078;0.096156;
0.074660;-0.152980;-0.093958;-0.046979;0.093958;
0.074670;-0.148562;-0.091760;-0.045880;0.091760;
0.074680;-0.144143;-0.089560;-0.044780;0.089560;
0.074690;-0.139722;-0.087359;-0.043680;0.087359;
0.074700;-0.135301;-0.085158;-0.042579;0.085158;
0.074710;-0.130878;-0.082956;-0.041478;0.082956;
0.074720;-0.126453;-0.080753;-0.040376;0.080753;
0.074730;-0.122027;-0.078549;-0.039275;0.078549;
0.074740;-0.117600;-0.076345;-0.038172;0.076345;
0.074750;-0.113172;-0.074139;-0.037070;0.074139;
0.074760;-0.108743;-0.071933;-0.035967;0.071933;
0.074770;-0.104313;-0.069726;-0.034863;0.069726;
0.074780;-0.099882;-0.067519;-0.033759;0.067519;
0.074790;-0.095449;-0.065311;-0.032655;0.065311;
0.074800;-0.091016;-0.063102;-0.031551;0.063102;
0.074810;-0.086582;-0.060893;-0.030446;0.060893;
0.074820;-0.082147;-0.058683;-0.029341;0.058683;
0.074830;-0.077711;-0.056472;-0.028236;0.056472;
0.074840;-0.073275;-0.054261;-0.027130;0.054261;
0.074850;-0.068837;-0.052049;-0.026025;0.052049;
0.074860;-0.064400;-0.049837;-0.024918;0.049837;
0.074870;-0.059961;-0.047624;-0.023812;0.047624;
0.074880;-0.055522;-0.045411;-0.022706;0.045411;
0.074890;-0.051082;-0.043198;-0.021599;0.043198;
0.074900;-0.046642;-0.040984;-0.020492;0.040984;
0.074910;-0.042201;-0.038769;-0.019385;0.038769;
0.074920;-0.037760;-0.036554;-0.018277;0.036554;
0.074930;-0.033319;-0.034339;-0.017170;0.034339;
0.074940;-0.028877;-0.032124;-0.016062;0.032124;
0.074950;-0.024435;-0.029908;-0.014954;0.029908;
0.074960;-0.019992;-0.027692;-0.013846;0.027692;
0.074970;-0.015550;-0.025475;-0.012738;0.025475;
0.074980;-0.011107;-0.023259;-0.011629;0.023259;
0.074990;-0.006664;-0.021042;-0.010521;0.021042;
0.075000;-0.002221;-0.018825;-0.009412;0.018825;
0.075010;0.002221;-0.016607;-0.008304;0.016607;
0.075020;0.006664;-0.014390;-0.007195;0.014390;
0.075030;0.011107;-0.012172;-0.006086;0.012172;
0.075040;0.015550;-0.009955;-0.004977;0.009955;
0.075050;0.019992;-0.007737;-0.003868;0.007737;
0.075060;0.024435;-0.005519;-0.002760;0.005519;
0.075070;0.028877;-0.003301;-0.001651;0.003301;
0.075080;0.033319;-0.001083;-0.000542;0.001083;
0.075090;0.037760;0.001135;0.000567;-0.001135;
0.075100;0.042201;0.003353;0.001676;-0.003353;
0.075110;0.046642;0.005571;0.002785;-0.005571;
0.075120;0.051082;0.007789;0.003894;-0.007789;
0.075130;0.055522;0.010006;0.005003;-0.010006;
0.075140;0.059961;0.012224;0.006112;-0.012224;
0.075150;0.064400;0.014442;0.007221;-0.014442;
0.075160;0.068837;0.016659;0.008330;-0.016659;
0.075170;0.073275;0.018876;0.009438;-0.018876;
0.075180;0.077711;0.021093;0.010547;-0.021093;
0.075190;0.082147;0.023310;0.011655;-0.023310;
0.075200;0.086582;0.025527;0.012763;-0.025527;
0.075210;0.091016;0.027743;0.013872;-0.027743;
0.075220;0.095449;0.029959;0.014980;-0.029959;
0.075230;0.099882;0.032175;0.016088;-0.032175;
0.075240;0.104313;0.034391;0.017195;-0.034391;
0.075250;0.108743;0.036606;0.018303;-0.036606;
0.075260;0.113172;0.038821;0.019410;-0.038821;
0.075270;0.117600;0.041035;0.020518;-0.041035;
0.075280;0.122027;0.043249;0.021625;-0.043249;
0.075290;0.126453;0.045463;0.022731;-0.045463;
0.075300;0.130878;0.047676;0.023838;-0.047676;
0.075310;0.135301;0.049889;0.024944;-0.049889;
0.075320;0.139722;0.052101;0.026050;-0.052101;
0.075330;0.144143;0.054312;0.027156;-0.054312;
0.075340;0.148562;0.056524;0.028262;-0.056524;
0.075350;0.152980;0.058734;0.029367;-0.058734;
0.075360;0.157396;0.060944;0.030472;-0.060944;
0.075370;0.161810;0.063153;0.031577;-0.063153;
0.075380;0.166223;0.065362;0.032681;-0.065362;
0.075390;0.170634;0.067570;0.033785;-0.067570;
0.075400;0.175044;0.069778;0.034889;-0.069778;
0.075410;0.179452;0.071985;0.035992;-0.071985;
0.075420;0.183858;0.074191;0.037095;-0.074191;
0.075430;0.188262;0.076396;0.038198;-0.076396;
0.075440;0.192664;0.078600;0.039300;-0.078600;
0.075450;0.197065;0.080804;0.040402;-0.080804;
0.075460;0.201463;0.083007;0.041504;-0.083007;
0.075470;0.205860;0.085209;0.042605;-0.085209;
0.075480;0.210255;0.087411;0.043705;-0.087411;
0.075490;0.214647;0.089611;0.044806;-0.089611;
0.075500;0.219037;0.091811;0.045905;-0.091811;
0.075510;0.223426;0.094010;0.047005;-0.094010;
0.075520;0.227812;0.096207;0.048104;-0.096207;
0.075530;0.232195;0.098404;0.049202;-0.098404;
0.075540;0.236577;0.100600;0.050300;-0.100600;
0.075550;0.240956;0.102795;0.051397;-0.102795;
0.075560;0.245333;0.104989;0.052494;-0.104989;
0.075570;0.249707;0.107181;0.053591;-0.107181;
0.075580;0.254079;0.109373;0.054687;-0.109373;
0.075590;0.258448;0.111564;0.055782;-0.111564;
0.075600;0.262815;0.113753;0.056877;-0.113753;
0.075610;0.267179;0.115942;0.057971;-0.115942;
0.075620;0.271541;0.118129;0.059064;-0.118129;
0.075630;0.275899;0.120315;0.060158;-0.120315;
0.075640;0.280256;0.122500;0.061250;-0.122500;
0.075650;0.284609;0.124684;0.062342;-0.124684;
0.075660;0.288959;0.126866;0.063433;-0.126866;
0.075670;0.293307;0.129047;0.064524;-0.129047;
0.075680;0.297652;0.131227;0.065614;-0.131227;
0.075690;0.301994;0.133406;0.066703;-0.133406;
0.075700;0.306333;0.135583;0.067792;-0.135583;
0.075710;0.310669;0.137759;0.068880;-0.137759;
0.075720;0.315002;0.139934;0.069967;-0.139934;
0.075730;0.319331;0.142107;0.071054;-0.142107;
0.075740;0.323658;0.144279;0.072140;-0.144279;
0.075750;0.327981;0.146450;0.073225;-0.146450;
0.075760;0.332301;0.148619;0.074309;-0.148619;
0.075770;0.336618;0.150786;0.075393;-0.150786;
0.075780;0.340932;0.152952;0.076476;-0.152952;
0.075790;0.345242;0.155117;0.077558;-0.155117;
0.075800;0.349549;0.157280;0.078640;-0.157280;
0.075810;0.353852;0.159441;0.079721;-0.159441;
0.075820;0.358152;0.161601;0.080801;-0.161601;
0.075830;0.362448;0.163759;0.081880;-0.163759;
0.075840;0.366741;0.165916;0.082958;-0.165916;
0.075850;0.371030;0.168071;0.084036;-0.168071;
0.075860;0.375315;0.170224;0.085112;-0.170224;
0.075870;0.379597;0.172376;0.086188;-0.172376;
0.075880;0.383875;0.174526;0.087263;-0.174526;
0.075890;0.388149;0.176674;0.088337;-0.176674;
0.075900;0.392419;0.178821;0.089410;-0.178821;
0.075910;0.396686;0.180966;0.090483;-0.180966;
0.075920;0.400948;0.183109;0.091554;-0.183109;
0.075930;0.405207;0.185250;0.092625;-0.185250;
0.075940;0.409462;0.187389;0.093695;-0.187389;
0.075950;0.413712;0.189527;0.094763;-0.189527;
0.075960;0.417959;0.191662;0.095831;-0.191662;
0.075970;0.422201;0.193796;0.096898;-0.193796;
0.075980;0.426439;0.195928;0.097964;-0.195928;
0.075990;0.430673;0.198058;0.099029;-0.198058;
0.076000;0.434903;0.200186;0.100093;-0.200186;
0.076010;0.439128;0.202312;0.101156;-0.202312;
0.076020;0.443349;0.204436;0.102218;-0.204436;
0.076030;0.447566;0.206557;0.103279;-0.206557;
0.076040;0.451778;0.208677;0.104339;-0.208677;
0.076050;0.455986;0.210795;0.105398;-0.210795;
0.076060;0.460190;0.212911;0.106455;-0.212911;
0.076070;0.464388;0.215025;0.107512;-0.215025;
0.076080;0.468583;0.217136;0.108568;-0.217136;
0.076090;0.472772;0.219246;0.109623;-0.219246;
0.076100;0.476957;0.221353;0.110676;-0.221353;
0.076110;0.481137;0.223458;0.111729;-0.223458;
0.076120;0.485313;0.225561;0.112780;-0.225561;
0.076130;0.489483;0.227661;0.113831;-0.227661;
0.076140;0.493649;0.229760;0.114880;-0.229760;
0.076150;0.497810;0.231856;0.115928;-0.231856;
0.076160;0.501966;0.233949;0.116975;-0.233949;
0.076170;0.506117;0.236041;0.118020;-0.236041;
0.076180;0.510264;0.238130;0.119065;-0.238130;
0.076190;0.514405;0.240217;0.120108;-0.240217;
0.076200;0.518541;0.242301;0.121151;-0.242301;
0.076210;0.522672;0.244383;0.122192;-0.244383;
0.076220;0.526797;0.246463;0.123232;-0.246463;
0.076230;0.530918;0.248540;0.124270;-0.248540;
0.076240;0.535033;0.250615;0.125308;-0.250615;
0.076250;0.539143;0.252687;0.126344;-0.252687;
0.076260;0.543248;0.254757;0.127379;-0.254757;
0.076270;0.547347;0.256824;0.128412;-0.256824;
0.076280;0.551441;0.258889;0.129445;-0.258889;
0.076290;0.555530;0.260951;0.130476;-0.260951;
0.076300;0.559613;0.263011;0.131505;-0.263011;
0.076310;0.563690;0.265068;0.132534;-0.265068;
0.076320;0.567762;0.267122;0.133561;-0.267122;
0.076330;0.571828;0.269174;0.134587;-0.269174;
0.076340;0.575889;0.271223;0.135612;-0.271223;
0.076350;0.579944;0.273270;0.136635;-0.273270;
0.076360;0.583993;0.275313;0.137657;-0.275313;
0.076370;0.588037;0.277354;0.138677;-0.277354;
0.076380;0.592074;0.279393;0.139696;-0.279393;
0.076390;0.596106;0.281428;0.140714;-0.281428;
0.076400;0.600132;0.283461;0.141730;-0.283461;
0.076410;0.604152;0.285491;0.142745;-0.285491;
0.076420;0.608166;0.287518;0.143759;-0.287518;
0.076430;0.612174;0.289542;0.144771;-0.289542;
0.076440;0.616176;0.291564;0.145782;-0.291564;
0.076450;0.620172;0.293582;0.146791;-0.293582;
0.076460;0.624162;0.295598;0.147799;-0.295598;
0.076470;0.628146;0.297611;0.148805;-0.297611;
0.076480;0.632123;0.299620;0.149810;-0.299620;
0.076490;0.636094;0.301627;0.150814;-0.301627;
0.076500;0.640059;0.303631;0.151816;-0.303631;
0.076510;0.644018;0.305632;0.152816;-0.305632;
0.076520;0.647970;0.307630;0.153815;-0.307630;
0.076530;0.651916;0.309625;0.154812;-0.309625;
0.076540;0.655856;0.311616;0.155808;-0.311616;
0.076550;0.659789;0.313605;0.156803;-0.313605;
0.076560;0.663715;0.315591;0.157795;-0.315591;
0.076570;0.667635;0.317573;0.158787;-0.317573;
0.076580;0.671548;0.319553;0.159776;-0.319553;
0.076590;0.675455;0.321529;0.160764;-0.321529;
0.076600;0.679355;0.323502;0.161751;-0.323502;
0.076610;0.683248;0.325472;0.162736;-0.325472;
0.076620;0.687135;0.327438;0.163719;-0.327438;
0.076630;0.691015;0.329402;0.164701;-0.329402;
0.076640;0.694888;0.331362;0.165681;-0.331362;
0.076650;0.698754;0.333319;0.166659;-0.333319;
0.076660;0.702613;0.335272;0.167636;-0.335272;
0.076670;0.706465;0.337222;0.168611;-0.337222;
0.076680;0.710311;0.339169;0.169585;-0.339169;
0.076690;0.714149;0.341113;0.170556;-0.341113;
0.076700;0.717980;0.343053;0.171527;-0.343053;
0.076710;0.721804;0.344990;0.172495;-0.344990;
0.076720;0.725622;0.346923;0.173462;-0.346923;
0.076730;0.729431;0.348853;0.174427;-0.348853;
0.076740;0.733234;0.350780;0.175390;-0.350780;
0.076750;0.737030;0.352703;0.176352;-0.352703;
0.076760;0.740818;0.354623;0.177311;-0.354623;
0.076770;0.744599;0.356539;0.178269;-0.356539;
0.076780;0.748372;0.358451;0.179226;-0.358451;
0.076790;0.752138;0.360360;0.180180;-0.360360;
0.076800;0.755897;0.362266;0.181133;-0.362266;
0.076810;0.759648;0.364168;0.182084;-0.364168;
0.076820;0.763392;0.366066;0.183033;-0.366066;
0.076830;0.767128;0.367961;0.183980;-0.367961;
0.076840;0.770857;0.369852;0.184926;-0.369852;
0.076850;0.774578;0.371739;0.185870;-0.371739;
0.076860;0.778291;0.373623;0.186812;-0.373623;
0.076870;0.781997;0.375503;0.187752;-0.375503;
0.076880;0.785695;0.377380;0.188690;-0.377380;
0.076890;0.789385;0.379252;0.189626;-0.379252;
0.076900;0.793068;0.381121;0.190561;-0.381121;
0.076910;0.796742;0.382986;0.191493;-0.382986;
0.076920;0.800409;0.384848;0.192424;-0.384848;
0.076930;0.804068;0.386705;0.193353;-0.386705;
0.076940;0.807719;0.388559;0.194280;-0.388559;
0.076950;0.811362;0.390409;0.195204;-0.390409;
0.076960;0.814997;0.392255;0.196127;-0.392255;
0.076970;0.818624;0.394097;0.197049;-0.394097;
0.076980;0.822242;0.395935;0.197968;-0.395935;
0.076990;0.825853;0.397770;0.198885;-0.397770;
0.077000;0.829456;0.399600;0.199800;-0.399600;
0.077010;0.833050;0.401427;0.200713;-0.401427;
0.077020;0.836636;0.403249;0.201625;-0.403249;
0.077030;0.840214;0.405068;0.202534;-0.405068;
0.077040;0.843784;0.406883;0.203441;-0.406883;
0.077050;0.847345;0.408693;0.204347;-0.408693;
0.077060;0.850898;0.410500;0.205250;-0.410500;
0.077070;0.854442;0.412302;0.206151;-0.412302;
0.077080;0.857978;0.414101;0.207050;-0.414101;
0.077090;0.861506;0.415895;0.207947;-0.415895;
0.077100;0.865025;0.417685;0.208843;-0.417685;
0.077110;0.868536;0.419471;0.209736;-0.419471;
0.077120;0.872038;0.421253;0.210627;-0.421253;
0.077130;0.875531;0.423031;0.211515;-0.423031;
0.077140;0.879016;0.424805;0.212402;-0.424805;
0.077150;0.882492;0.426574;0.213287;-0.426574;
0.077160;0.885959;0.428339;0.214170;-0.428339;
0.077170;0.889418;0.430100;0.215050;-0.430100;
0.077180;0.892868;0.431857;0.215929;-0.431857;
0.077190;0.896309;0.433610;0.216805;-0.433610;
0.077200;0.899741;0.435358;0.217679;-0.435358;
0.077210;0.903164;0.437102;0.218551;-0.437102;
0.077220;0.906579;0.438841;0.219421;-0.438841;
0.077230;0.909984;0.440577;0.220288;-0.440577;
0.077240;0.913380;0.442307;0.221154;-0.442307;
0.077250;0.916768;0.444034;0.222017;-0.444034;
0.077260;0.920146;0.445756;0.222878;-0.445756;
0.077270;0.923516;0.447474;0.223737;-0.447474;
0.077280;0.926876;0.449187;0.224594;-0.449187;
0.077290;0.930227;0.450896;0.225448;-0.450896;
0.077300;0.933569;0.452601;0.226300;-0.452601;
0.077310;0.936901;0.454301;0.227150;-0.454301;
0.077320;0.940225;0.455996;0.227998;-0.455996;
0.077330;0.943539;0.457687;0.228844;-0.457687;
0.077340;0.946844;0.459374;0.229687;-0.459374;
0.077350;0.950139;0.461056;0.230528;-0.461056;
0.077360;0.953425;0.462733;0.231367;-0.462733;
0.077370;0.956702;0.464406;0.232203;-0.464406;
0.077380;0.959969;0.466074;0.233037;-0.466074;
0.077390;0.963227;0.467738;0.233869;-0.467738;
0.077400;0.966475;0.469397;0.234698;-0.469397;
0.077410;0.969714;0.471051;0.235526;-0.471051;
0.077420;0.972943;0.472701;0.236351;-0.472701;
0.077430;0.976163;0.474346;0.237173;-0.474346;
0.077440;0.979373;0.475987;0.237993;-0.475987;
0.077450;0.982573;0.477622;0.238811;-0.477622;
0.077460;0.985763;0.479253;0.239627;-0.479253;
0.077470;0.988944;0.480880;0.240440;-0.480880;
0.077480;0.992115;0.482501;0.241251;-0.482501;
0.077490;0.995277;0.484118;0.242059;-0.484118;
0.077500;0.998428;0.485730;0.242865;-0.485730;
0.077510;1.001570;0.487337;0.243669;-0.487337;
0.077520;1.004701;0.488940;0.244470;-0.488940;
0.077530;1.007823;0.490537;0.245269;-0.490537;
0.077540;1.010935;0.492130;0.246065;-0.492130;
0.077550;1.014037;0.493718;0.246859;-0.493718;
0.077560;1.017129;0.495301;0.247650;-0.495301;
0.077570;1.020210;0.496879;0.248439;-0.496879;
0.077580;1.023282;0.498452;0.249226;-0.498452;
0.077590;1.026344;0.500020;0.250010;-0.500020;
0.077600;1.029395;0.501584;0.250792;-0.501584;
0.077610;1.032437;0.503142;0.251571;-0.503142;
0.077620;1.035468;0.504696;0.252348;-0.504696;
0.077630;1.038489;0.506244;0.253122;-0.506244;
0.077640;1.041500;0.507787;0.253894;-0.507787;
0.077650;1.044500;0.509326;0.254663;-0.509326;
0.077660;1.047490;0.510859;0.255430;-0.510859;
0.077670;1.050470;0.512388;0.256194;-0.512388;
0.077680;1.053439;0.513911;0.256955;-0.513911;
0.077690;1.056398;0.515429;0.257715;-0.515429;
0.077700;1.059347;0.516942;0.258471;-0.516942;
0.077710;1.062285;0.518450;0.259225;-0.518450;
0.077720;1.065213;0.519953;0.259977;-0.519953;
0.077730;1.068130;0.521451;0.260726;-0.521451;
0.077740;1.071036;0.522944;0.261472;-0.522944;
0.077750;1.073932;0.524431;0.262216;-0.524431;
0.077760;1.076818;0.525914;0.262957;-0.525914;
0.077770;1.079693;0.527391;0.263695;-0.527391;
0.077780;1.082557;0.528863;0.264431;-0.528863;
0.077790;1.085410;0.530329;0.265165;-0.530329;
0.077800;1.088253;0.531791;0.265895;-0.531791;
0.077810;1.091085;0.533247;0.266624;-0.533247;
0.077820;1.093906;0.534698;0.267349;-0.534698;
0.077830;1.096717;0.536144;0.268072;-0.536144;
0.077840;1.099516;0.537584;0.268792;-0.537584;
0.077850;1.102305;0.539019;0.269510;-0.539019;
0.077860;1.105083;0.540449;0.270225;-0.540449;
0.077870;1.107850;0.541873;0.270937;-0.541873;
0.077880;1.110606;0.543293;0.271646;-0.543293;
0.077890;1.113351;0.544706;0.272353;-0.544706;
0.077900;1.116085;0.546115;0.273057;-0.546115;
0.077910;1.118808;0.547518;0.273759;-0.547518;
0.077920;1.121520;0.548915;0.274458;-0.548915;
0.077930;1.124221;0.550307;0.275154;-0.550307;
0.077940;1.126911;0.551694;0.275847;-0.551694;
0.077950;1.129590;0.553075;0.276538;-0.553075;
0.077960;1.132257;0.554451;0.277226;-0.554451;
0.077970;1.134914;0.555821;0.277911;-0.555821;
0.077980;1.137559;0.557186;0.278593;-0.557186;
0.077990;1.140193;0.558546;0.279273;-0.558546;
0.078000;1.142816;0.559899;0.279950;-0.559899;
0.078010;1.145427;0.561248;0.280624;-0.561248;
0.078020;1.148027;0.562590;0.281295;-0.562590;
0.078030;1.150616;0.563928;0.281964;-0.563928;
0.078040;1.153194;0.565259;0.282630;-0.565259;
0.078050;1.155760;0.566585;0.283293;-0.566585;
0.078060;1.158314;0.567906;0.283953;-0.567906;
0.078070;1.160858;0.569221;0.284610;-0.569221;
0.078080;1.163389;0.570530;0.285265;-0.570530;
0.078090;1.165910;0.571834;0.285917;-0.571834;
0.078100;1.168418;0.573132;0.286566;-0.573132;
0.078110;1.170916;0.574424;0.287212;-0.574424;
0.078120;1.173401;0.575711;0.287855;-0.575711;
0.078130;1.175876;0.576992;0.288496;-0.576992;
0.078140;1.178338;0.578267;0.289133;-0.578267;
0.078150;1.180789;0.579536;0.289768;-0.579536;
0.078160;1.183228;0.580800;0.290400;-0.580800;
0.078170;1.185656;0.582058;0.291029;-0.582058;
0.078180;1.188072;0.583311;0.291655;-0.583311;
0.078190;1.190476;0.584557;0.292279;-0.584557;
0.078200;1.192868;0.585798;0.292899;-0.585798;
0.078210;1.195249;0.587033;0.293517;-0.587033;
0.078220;1.197618;0.588263;0.294131;-0.588263;
0.078230;1.199975;0.589486;0.294743;-0.589486;
0.078240;1.202320;0.590704;0.295352;-0.590704;
0.078250;1.204653;0.591915;0.295958;-0.591915;
0.078260;1.206974;0.593121;0.296561;-0.593121;
0.078270;1.209284;0.594322;0.297161;-0.594322;
0.078280;1.211582;0.595516;0.297758;-0.595516;
0.078290;1.213867;0.596704;0.298352;-0.596704;
0.078300;1.216141;0.597887;0.298943;-0.597887;
0.078310;1.218402;0.599063;0.299532;-0.599063;
0.078320;1.220652;0.600234;0.300117;-0.600234;
0.078330;1.222889;0.601399;0.300699;-0.601399;
0.078340;1.225115;0.602558;0.301279;-0.602558;
0.078350;1.227328;0.603710;0.301855;-0.603710;
0.078360;1.229530;0.604857;0.302429;-0.604857;
0.078370;1.231719;0.605998;0.302999;-0.605998;
0.078380;1.233896;0.607133;0.303567;-0.607133;
0.078390;1.236060;0.608262;0.304131;-0.608262;
0.078400;1.238213;0.609385;0.304693;-0.609385;
0.078410;1.240353;0.610502;0.305251;-0.610502;
0.078420;1.242482;0.611613;0.305806;-0.611613;
0.078430;1.244597;0.612718;0.306359;-0.612718;
0.078440;1.246701;0.613817;0.306908;-0.613817;
0.078450;1.248792;0.614910;0.307455;-0.614910;
0.078460;1.250871;0.615996;0.307998;-0.615996;
0.078470;1.252938;0.617077;0.308538;-0.617077;
0.078480;1.254992;0.618151;0.309076;-0.618151;
0.078490;1.257034;0.619220;0.309610;-0.619220;
0.078500;1.259063;0.620282;0.310141;-0.620282;
0.078510;1.261080;0.621338;0.310669;-0.621338;
0.078520;1.263085;0.622388;0.311194;-0.622388;
0.078530;1.265077;0.623432;0.311716;-0.623432;
0.078540;1.267057;0.624470;0.312235;-0.624470;
0.078550;1.269024;0.625502;0.312751;-0.625502;
0.078560;1.270979;0.626527;0.313264;-0.626527;
0.078570;1.272921;0.627547;0.313773;-0.627547;
0.078580;1.274850;0.628560;0.314280;-0.628560;
0.078590;1.276767;0.629566;0.314783;-0.629566;
0.078600;1.278671;0.630567;0.315284;-0.630567;
0.078610;1.280563;0.631562;0.315781;-0.631562;
0.078620;1.282442;0.632550;0.316275;-0.632550;
0.078630;1.284308;0.633532;0.316766;-0.633532;
0.078640;1.286162;0.634507;0.317254;-0.634507;
0.078650;1.288003;0.635477;0.317738;-0.635477;
0.078660;1.289831;0.636440;0.318220;-0.636440;
0.078670;1.291647;0.637397;0.318698;-0.637397;
0.078680;1.293450;0.638347;0.319174;-0.638347;
0.078690;1.295240;0.639292;0.319646;-0.639292;
0.078700;1.297017;0.640230;0.320115;-0.640230;
0.078710;1.298782;0.641161;0.320581;-0.641161;
0.078720;1.300533;0.642087;0.321043;-0.642087;
0.078730;1.302272;0.643006;0.321503;-0.643006;
0.078740;1.303998;0.643918;0.321959;-0.643918;
0.078750;1.305711;0.644825;0.322412;-0.644825;
0.078760;1.307411;0.645725;0.322862;-0.645725;
0.078770;1.309099;0.646618;0.323309;-0.646618;
0.078780;1.310773;0.647505;0.323753;-0.647505;
0.078790;1.312435;0.648386;0.324193;-0.648386;
0.078800;1.314083;0.649261;0.324630;-0.649261;
0.078810;1.315719;0.650128;0.325064;-0.650128;
0.078820;1.317341;0.650990;0.325495;-0.650990;
0.078830;1.318951;0.651845;0.325923;-0.651845;
0.078840;1.320547;0.652694;0.326347;-0.652694;
0.078850;1.322131;0.653536;0.326768;-0.653536;
0.078860;1.323701;0.654372;0.327186;-0.654372;
0.078870;1.325259;0.655201;0.327601;-0.655201;
0.078880;1.326803;0.656024;0.328012;-0.656024;
0.078890;1.328334;0.656841;0.328420;-0.656841;
0.078900;1.329852;0.657651;0.328825;-0.657651;
0.078910;1.331357;0.658454;0.329227;-0.658454;
0.078920;1.332849;0.659251;0.329625;-0.659251;
0.078930;1.334328;0.660041;0.330021;-0.660041;
0.078940;1.335793;0.660825;0.330413;-0.660825;
0.078950;1.337246;0.661603;0.330801;-0.661603;
0.078960;1.338685;0.662374;0.331187;-0.662374;
0.078970;1.340111;0.663138;0.331569;-0.663138;
0.078980;1.341523;0.663896;0.331948;-0.663896;
0.078990;1.342923;0.664647;0.332323;-0.664647;
0.079000;1.344309;0.665392;0.332696;-0.665392;
0.079010;1.345682;0.666130;0.333065;-0.666130;
0.079020;1.347041;0.666861;0.333431;-0.666861;
0.079030;1.348388;0.667586;0.333793;-0.667586;
0.079040;1.349721;0.668305;0.334152;-0.668305;
0.079050;1.351041;0.669016;0.334508;-0.669016;
0.079060;1.352347;0.669721;0.334861;-0.669721;
0.079070;1.353640;0.670420;0.335210;-0.670420;
0.079080;1.354920;0.671112;0.335556;-0.671112;
0.079090;1.356186;0.671797;0.335899;-0.671797;
0.079100;1.357439;0.672476;0.336238;-0.672476;
0.079110;1.358678;0.673148;0.336574;-0.673148;
0.079120;1.359905;0.673813;0.336907;-0.673813;
0.079130;1.361117;0.674472;0.337236;-0.674472;
0.079140;1.362317;0.675124;0.337562;-0.675124;
0.079150;1.363502;0.675770;0.337885;-0.675770;
0.079160;1.364675;0.676408;0.338204;-0.676408;
0.079170;1.365834;0.677041;0.338520;-0.677041;
0.079180;1.366979;0.677666;0.338833;-0.677666;
0.079190;1.368111;0.678285;0.339142;-0.678285;
0.079200;1.369229;0.678897;0.339448;-0.678897;
0.079210;1.370334;0.679502;0.339751;-0.679502;
0.079220;1.371426;0.680101;0.340050;-0.680101;
0.079230;1.372503;0.680692;0.340346;-0.680692;
0.079240;1.373568;0.681278;0.340639;-0.681278;
0.079250;1.374618;0.681856;0.340928;-0.681856;
0.079260;1.375656;0.682428;0.341214;-0.682428;
0.079270;1.376679;0.682993;0.341496;-0.682993;
0.079280;1.377689;0.683551;0.341776;-0.683551;
0.079290;1.378686;0.684103;0.342051;-0.684103;
0.079300;1.379668;0.684647;0.342324;-0.684647;
0.079310;1.380638;0.685185;0.342593;-0.685185;
0.079320;1.381593;0.685717;0.342858;-0.685717;
0.079330;1.382535;0.686241;0.343121;-0.686241;
0.079340;1.383463;0.686759;0.343379;-0.686759;
0.079350;1.384378;0.687270;0.343635;-0.687270;
0.079360;1.385279;0.687774;0.343887;-0.687774;
0.079370;1.386166;0.688271;0.344136;-0.688271;
0.079380;1.387040;0.688762;0.344381;-0.688762;
0.079390;1.387900;0.689245;0.344623;-0.689245;
0.079400;1.388746;0.689722;0.344861;-0.689722;
0.079410;1.389578;0.690193;0.345096;-0.690193;
0.079420;1.390397;0.690656;0.345328;-0.690656;
0.079430;1.391202;0.691112;0.345556;-0.691112;
0.079440;1.391994;0.691562;0.345781;-0.691562;
0.079450;1.392771;0.692005;0.346002;-0.692005;
0.079460;1.393535;0.692441;0.346221;-0.692441;
0.079470;1.394285;0.692870;0.346435;-0.692870;
0.079480;1.395022;0.693293;0.346646;-0.693293;
0.079490;1.395744;0.693708;0.346854;-0.693708;
0.079500;1.396453;0.694117;0.347058;-0.694117;
0.079510;1.397148;0.694519;0.347259;-0.694519;
0.079520;1.397829;0.694914;0.347457;-0.694914;
0.079530;1.398497;0.695302;0.347651;-0.695302;
0.079540;1.399150;0.695683;0.347841;-0.695683;
0.079550;1.399790;0.696057;0.348029;-0.696057;
0.079560;1.400416;0.696425;0.348212;-0.696425;
0.079570;1.401028;0.696786;0.348393;-0.696786;
0.079580;1.401627;0.697139;0.348570;-0.697139;
0.079590;1.402211;0.697486;0.348743;-0.697486;
0.079600;1.402782;0.697826;0.348913;-0.697826;
0.079610;1.403339;0.698159;0.349080;-0.698159;
0.079620;1.403882;0.698486;0.349243;-0.698486;
0.079630;1.404411;0.698805;0.349402;-0.698805;
0.079640;1.404926;0.699117;0.349559;-0.699117;
0.079650;1.405428;0.699423;0.349711;-0.699423;
0.079660;1.405915;0.699721;0.349861;-0.699721;
0.079670;1.406389;0.700013;0.350007;-0.700013;
0.079680;1.406849;0.700298;0.350149;-0.700298;
0.079690;1.407294;0.700576;0.350288;-0.700576;
0.079700;1.407726;0.700847;0.350423;-0.700847;
0.079710;1.408145;0.701111;0.350555;-0.701111;
0.079720;1.408549;0.701368;0.350684;-0.701368;
0.079730;1.408939;0.701618;0.350809;-0.701618;
0.079740;1.409315;0.701862;0.350931;-0.701862;
0.079750;1.409678;0.702098;0.351049;-0.702098;
0.079760;1.410027;0.702327;0.351164;-0.702327;
0.079770;1.410361;0.702550;0.351275;-0.702550;
0.079780;1.410682;0.702766;0.351383;-0.702766;
0.079790;1.410989;0.702974;0.351487;-0.702974;
0.079800;1.411282;0.703176;0.351588;-0.703176;
0.079810;1.411561;0.703371;0.351685;-0.703371;
0.079820;1.411826;0.703559;0.351779;-0.703559;
0.079830;1.412077;0.703739;0.351870;-0.703739;
0.079840;1.412314;0.703913;0.351957;-0.703913;
0.079850;1.412537;0.704080;0.352040;-0.704080;
0.079860;1.412747;0.704240;0.352120;-0.704240;
0.079870;1.412942;0.704394;0.352197;-0.704394;
0.079880;1.413123;0.704540;0.352270;-0.704540;
0.079890;1.413291;0.704679;0.352339;-0.704679;
0.079900;1.413444;0.704811;0.352406;-0.704811;
0.079910;1.413584;0.704936;0.352468;-0.704936;
0.079920;1.413709;0.705055;0.352527;-0.705055;
0.079930;1.413821;0.705166;0.352583;-0.705166;
0.079940;1.413919;0.705270;0.352635;-0.705270;
0.079950;1.414002;0.705368;0.352684;-0.705368;
0.079960;1.414072;0.705458;0.352729;-0.705458;
0.079970;1.414128;0.705542;0.352771;-0.705542;
0.079980;1.414170;0.705618;0.352809;-0.705618;
0.079990;1.414198;0.705688;0.352844;-0.705688;
0.080000;1.414212;0.705751;0.352875;-0.705751;
0.080010;1.414212;0.705806;0.352903;-0.705806;
0.080020;1.414198;0.705855;0.352927;-0.705855;
0.080030;1.414170;0.705897;0.352948;-0.705897;
0.080040;1.414128;0.705931;0.352966;-0.705931;
0.080050;1.414072;0.705959;0.352980;-0.705959;
0.080060;1.414002;0.705980;0.352990;-0.705980;
0.080070;1.413919;0.705994;0.352997;-0.705994;
0.080080;1.413821;0.706001;0.353000;-0.706001;
0.080090;1.413709;0.706001;0.353000;-0.706001;
0.080100;1.413584;0.705994;0.352997;-0.705994;
0.080110;1.413444;0.705980;0.352990;-0.705980;
0.080120;1.413291;0.705959;0.352979;-0.705959;
0.080130;1.413123;0.705931;0.352965;-0.705931;
0.080140;1.412942;0.705896;0.352948;-0.705896;
0.080150;1.412747;0.705854;0.352927;-0.705854;
0.080160;1.412537;0.705805;0.352903;-0.705805;
0.080170;1.412314;0.705749;0.352875;-0.705749;
0.080180;1.412077;0.705686;0.352843;-0.705686;
0.080190;1.411826;0.705617;0.352808;-0.705617;
0.080200;1.411561;0.705540;0.352770;-0.705540;
0.080210;1.411282;0.705456;0.352728;-0.705456;
0.080220;1.410989;0.705366;0.352683;-0.705366;
0.080230;1.410682;0.705268;0.352634;-0.705268;
0.080240;1.410361;0.705163;0.352582;-0.705163;
0.080250;1.410027;0.705052;0.352526;-0.705052;
0.080260;1.409678;0.704933;0.352467;-0.704933;
0.080270;1.409315;0.704808;0.352404;-0.704808;
0.080280;1.408939;0.704676;0.352338;-0.704676;
0.080290;1.408549;0.704536;0.352268;-0.704536;
0.080300;1.408145;0.704390;0.352195;-0.704390;
0.080310;1.407726;0.704237;0.352118;-0.704237;
0.080320;1.407294;0.704077;0.352038;-0.704077;
0.080330;1.406849;0.703909;0.351955;-0.703909;
0.080340;1.406389;0.703735;0.351868;-0.703735;
0.080350;1.405915;0.703554;0.351777;-0.703554;
0.080360;1.405428;0.703366;0.351683;-0.703366;
0.080370;1.404926;0.703171;0.351586;-0.703171;
0.080380;1.404411;0.702969;0.351485;-0.702969;
0.080390;1.403882;0.702761;0.351380;-0.702761;
0.080400;1.403339;0.702545;0.351272;-0.702545;
0.080410;1.402782;0.702322;0.351161;-0.702322;
0.080420;1.402211;0.702093;0.351046;-0.702093;
0.080430;1.401627;0.701856;0.350928;-0.701856;
0.080440;1.401028;0.701613;0.350806;-0.701613;
0.080450;1.400416;0.701362;0.350681;-0.701362;
0.080460;1.399790;0.701105;0.350552;-0.701105;
0.080470;1.399150;0.700841;0.350420;-0.700841;
0.080480;1.398497;0.700570;0.350285;-0.700570;
0.080490;1.397829;0.700291;0.350146;-0.700291;
0.080500;1.397148;0.700006;0.350003;-0.700006;
0.080510;1.396453;0.699715;0.349857;-0.699715;
0.080520;1.395744;0.699416;0.349708;-0.699416;
0.080530;1.395022;0.699110;0.349555;-0.699110;
0.080540;1.394285;0.698798;0.349399;-0.698798;
0.080550;1.393535;0.698478;0.349239;-0.698478;
0.080560;1.392771;0.698152;0.349076;-0.698152;
0.080570;1.391994;0.697818;0.348909;-0.697818;
0.080580;1.391202;0.697478;0.348739;-0.697478;
0.080590;1.390397;0.697131;0.348566;-0.697131;
0.080600;1.389578;0.696777;0.348389;-0.696777;
0.080610;1.388746;0.696416;0.348208;-0.696416;
0.080620;1.387900;0.696049;0.348024;-0.696049;
0.080630;1.387040;0.695674;0.347837;-0.695674;
0.080640;1.386166;0.695293;0.347646;-0.695293;
0.080650;1.385279;0.694904;0.347452;-0.694904;
0.080660;1.384378;0.694509;0.347255;-0.694509;
0.080670;1.383463;0.694107;0.347054;-0.694107;
0.080680;1.382535;0.693699;0.346849;-0.693699;
0.080690;1.381593;0.693283;0.346641;-0.693283;
0.080700;1.380638;0.692860;0.346430;-0.692860;
0.080710;1.379668;0.692431;0.346215;-0.692431;
0.080720;1.378686;0.691995;0.345997;-0.691995;
0.080730;1.377689;0.691552;0.345776;-0.691552;
0.080740;1.376679;0.691102;0.345551;-0.691102;
0.080750;1.375656;0.690645;0.345323;-0.690645;
0.080760;1.374618;0.690182;0.345091;-0.690182;
0.080770;1.373568;0.689711;0.344856;-0.689711;
0.080780;1.372503;0.689234;0.344617;-0.689234;
0.080790;1.371426;0.688750;0.344375;-0.688750;
0.080800;1.370334;0.688260;0.344130;-0.688260;
0.080810;1.369229;0.687762;0.343881;-0.687762;
0.080820;1.368111;0.687258;0.343629;-0.687258;
0.080830;1.366979;0.686747;0.343373;-0.686747;
0.080840;1.365834;0.686229;0.343114;-0.686229;
0.080850;1.364675;0.685704;0.342852;-0.685704;
0.080860;1.363502;0.685173;0.342586;-0.685173;
0.080870;1.362317;0.684635;0.342317;-0.684635;
0.080880;1.361117;0.684090;0.342045;-0.684090;
0.080890;1.359905;0.683538;0.341769;-0.683538;
0.080900;1.358678;0.682980;0.341490;-0.682980;
0.080910;1.357439;0.682415;0.341207;-0.682415;
0.080920;1.356186;0.681843;0.340921;-0.681843;
0.080930;1.354920;0.681264;0.340632;-0.681264;
0.080940;1.353640;0.680679;0.340339;-0.680679;
0.080950;1.352347;0.680087;0.340043;-0.680087;
0.080960;1.351041;0.679488;0.339744;-0.679488;
0.080970;1.349721;0.678882;0.339441;-0.678882;
0.080980;1.348388;0.678270;0.339135;-0.678270;
0.080990;1.347041;0.677651;0.338826;-0.677651;
0.081000;1.345682;0.677026;0.338513;-0.677026;
0.081010;1.344309;0.676394;0.338197;-0.676394;
0.081020;1.342923;0.675755;0.337877;-0.675755;
0.081030;1.341523;0.675109;0.337555;-0.675109;
0.081040;1.340111;0.674457;0.337228;-0.674457;
0.081050;1.338685;0.673798;0.336899;-0.673798;
0.081060;1.337246;0.673132;0.336566;-0.673132;
0.081070;1.335793;0.672460;0.336230;-0.672460;
0.081080;1.334328;0.671781;0.335891;-0.671781;
0.081090;1.332849;0.671096;0.335548;-0.671096;
0.081100;1.331357;0.670404;0.335202;-0.670404;
0.081110;1.329852;0.669705;0.334853;-0.669705;
0.081120;1.328334;0.669000;0.334500;-0.669000;
0.081130;1.326803;0.668288;0.334144;-0.668288;
0.081140;1.325259;0.667569;0.333785;-0.667569;
0.081150;1.323701;0.666844;0.333422;-0.666844;
0.081160;1.322131;0.666113;0.333056;-0.666113;
0.081170;1.320547;0.665374;0.332687;-0.665374;
0.081180;1.318951;0.664629;0.332315;-0.664629;
0.081190;1.317341;0.663878;0.331939;-0.663878;
0.081200;1.315719;0.663120;0.331560;-0.663120;
0.081210;1.314083;0.662356;0.331178;-0.662356;
0.081220;1.312435;0.661585;0.330792;-0.661585;
0.081230;1.310773;0.660807;0.330404;-0.660807;
0.081240;1.309099;0.660023;0.330012;-0.660023;
0.081250;1.307411;0.659232;0.329616;-0.659232;
0.081260;1.305711;0.658435;0.329218;-0.658435;
0.081270;1.303998;0.657632;0.328816;-0.657632;
0.081280;1.302272;0.656822;0.328411;-0.656822;
0.081290;1.300533;0.656005;0.328003;-0.656005;
0.081300;1.298782;0.655182;0.327591;-0.655182;
0.081310;1.297017;0.654353;0.327176;-0.654353;
0.081320;1.295240;0.653517;0.326758;-0.653517;
0.081330;1.293450;0.652674;0.326337;-0.652674;
0.081340;1.291647;0.651825;0.325913;-0.651825;
0.081350;1.289831;0.650970;0.325485;-0.650970;
0.081360;1.288003;0.650108;0.325054;-0.650108;
0.081370;1.286162;0.649240;0.324620;-0.649240;
0.081380;1.284308;0.648366;0.324183;-0.648366;
0.081390;1.282442;0.647485;0.323742;-0.647485;
0.081400;1.280563;0.646597;0.323299;-0.646597;
0.081410;1.278671;0.645704;0.322852;-0.645704;
0.081420;1.276767;0.644804;0.322402;-0.644804;
0.081430;1.274850;0.643897;0.321949;-0.643897;
0.081440;1.272921;0.642984;0.321492;-0.642984;
0.081450;1.270979;0.642065;0.321033;-0.642065;
0.081460;1.269024;0.641140;0.320570;-0.641140;
0.081470;1.267057;0.640208;0.320104;-0.640208;
0.081480;1.265077;0.639270;0.319635;-0.639270;
0.081490;1.263085;0.638325;0.319163;-0.638325;
0.081500;1.261080;0.637375;0.318687;-0.637375;
0.081510;1.259063;0.636418;0.318209;-0.636418;
0.081520;1.257034;0.635454;0.317727;-0.635454;
0.081530;1.254992;0.634485;0.317242;-0.634485;
0.081540;1.252938;0.633509;0.316754;-0.633509;
0.081550;1.250871;0.632527;0.316263;-0.632527;
0.081560;1.248792;0.631538;0.315769;-0.631538;
0.081570;1.246701;0.630544;0.315272;-0.630544;
0.081580;1.244597;0.629543;0.314772;-0.629543;
0.081590;1.242482;0.628536;0.314268;-0.628536;
0.081600;1.240353;0.627523;0.313761;-0.627523;
0.081610;1.238213;0.626503;0.313252;-0.626503;
0.081620;1.236060;0.625478;0.312739;-0.625478;
0.081630;1.233896;0.624446;0.312223;-0.624446;
0.081640;1.231719;0.623408;0.311704;-0.623408;
0.081650;1.229530;0.622364;0.311182;-0.622364;
0.081660;1.227328;0.621314;0.310657;-0.621314;
0.081670;1.225115;0.620257;0.310129;-0.620257;
0.081680;1.222889;0.619195;0.309598;-0.619195;
0.081690;1.220652;0.618126;0.309063;-0.618126;
0.081700;1.218402;0.617052;0.308526;-0.617052;
0.081710;1.216141;0.615971;0.307985;-0.615971;
0.081720;1.213867;0.614884;0.307442;-0.614884;
0.081730;1.211582;0.613791;0.306896;-0.613791;
0.081740;1.209284;0.612692;0.306346;-0.612692;
0.081750;1.206974;0.611587;0.305794;-0.611587;
0.081760;1.204653;0.610476;0.305238;-0.610476;
0.081770;1.202320;0.609359;0.304680;-0.609359;
0.081780;1.199975;0.608236;0.304118;-0.608236;
0.081790;1.197618;0.607107;0.303553;-0.607107;
0.081800;1.195249;0.605972;0.302986;-0.605972;
0.081810;1.192868;0.604831;0.302415;-0.604831;
0.081820;1.190476;0.603684;0.301842;-0.603684;
0.081830;1.188072;0.602531;0.301265;-0.602531;
0.081840;1.185656;0.601372;0.300686;-0.601372;
0.081850;1.183228;0.600207;0.300103;-0.600207;
0.081860;1.180789;0.599036;0.299518;-0.599036;
0.081870;1.178338;0.597859;0.298930;-0.597859;
0.081880;1.175876;0.596677;0.298338;-0.596677;
0.081890;1.173401;0.595488;0.297744;-0.595488;
0.081900;1.170916;0.594294;0.297147;-0.594294;
0.081910;1.168418;0.593093;0.296547;-0.593093;
0.081920;1.165910;0.591887;0.295944;-0.591887;
0.081930;1.163389;0.590675;0.295338;-0.590675;
0.081940;1.160858;0.589458;0.294729;-0.589458;
0.081950;1.158314;0.588234;0.294117;-0.588234;
0.081960;1.155760;0.587005;0.293502;-0.587005;
0.081970;1.153194;0.585769;0.292885;-0.585769;
0.081980;1.150616;0.584528;0.292264;-0.584528;
0.081990;1.148027;0.583282;0.291641;-0.583282;
0.082000;1.145427;0.582029;0.291015;-0.582029;
0.082010;1.142816;0.580771;0.290385;-0.580771;
0.082020;1.140193;0.579507;0.289753;-0.579507;
0.082030;1.137559;0.578237;0.289119;-0.578237;
0.082040;1.134914;0.576962;0.288481;-0.576962;
0.082050;1.132257;0.575681;0.287840;-0.575681;
0.082060;1.129590;0.574394;0.287197;-0.574394;
0.082070;1.126911;0.573101;0.286551;-0.573101;
0.082080;1.124221;0.571803;0.285902;-0.571803;
0.082090;1.121520;0.570500;0.285250;-0.570500;
0.082100;1.118808;0.569190;0.284595;-0.569190;
0.082110;1.116085;0.567875;0.283938;-0.567875;
0.082120;1.113351;0.566555;0.283277;-0.566555;
0.082130;1.110606;0.565228;0.282614;-0.565228;
0.082140;1.107850;0.563897;0.281948;-0.563897;
0.082150;1.105083;0.562559;0.281280;-0.562559;
0.082160;1.102305;0.561216;0.280608;-0.561216;
0.082170;1.099516;0.559868;0.279934;-0.559868;
0.082180;1.096717;0.558514;0.279257;-0.558514;
0.082190;1.093906;0.557154;0.278577;-0.557154;
0.082200;1.091085;0.555789;0.277895;-0.555789;
0.082210;1.088253;0.554419;0.277210;-0.554419;
0.082220;1.085410;0.553043;0.276522;-0.553043;
0.082230;1.082557;0.551662;0.275831;-0.551662;
0.082240;1.079693;0.550275;0.275137;-0.550275;
0.082250;1.076818;0.548883;0.274441;-0.548883;
0.082260;1.073932;0.547485;0.273742;-0.547485;
0.082270;1.071036;0.546082;0.273041;-0.546082;
0.082280;1.068130;0.544673;0.272337;-0.544673;
0.082290;1.065213;0.543260;0.271630;-0.543260;
0.082300;1.062285;0.541840;0.270920;-0.541840;
0.082310;1.059347;0.540416;0.270208;-0.540416;
0.082320;1.056398;0.538986;0.269493;-0.538986;
0.082330;1.053439;0.537551;0.268775;-0.537551;
0.082340;1.050470;0.536110;0.268055;-0.536110;
0.082350;1.047490;0.534664;0.267332;-0.534664;
0.082360;1.044500;0.533213;0.266607;-0.533213;
0.082370;1.041500;0.531757;0.265878;-0.531757;
0.082380;1.038489;0.530295;0.265148;-0.530295;
0.082390;1.035468;0.528828;0.264414;-0.528828;
0.082400;1.032437;0.527356;0.263678;-0.527356;
0.082410;1.029395;0.525879;0.262940;-0.525879;
0.082420;1.026344;0.524397;0.262198;-0.524397;
0.082430;1.023282;0.522909;0.261455;-0.522909;
0.082440;1.020210;0.521416;0.260708;-0.521416;
0.082450;1.017129;0.519918;0.259959;-0.519918;
0.082460;1.014037;0.518415;0.259208;-0.518415;
0.082470;1.010935;0.516907;0.258454;-0.516907;
0.082480;1.007823;0.515394;0.257697;-0.515394;
0.082490;1.004701;0.513876;0.256938;-0.513876;
0.082500;1.001570;0.512352;0.256176;-0.512352;
0.082510;0.998428;0.510824;0.255412;-0.510824;
0.082520;0.995277;0.509290;0.254645;-0.509290;
0.082530;0.992115;0.507751;0.253876;-0.507751;
0.082540;0.988944;0.506208;0.253104;-0.506208;
0.082550;0.985763;0.504659;0.252330;-0.504659;
0.082560;0.982573;0.503106;0.251553;-0.503106;
0.082570;0.979373;0.501547;0.250774;-0.501547;
0.082580;0.976163;0.499984;0.249992;-0.499984;
0.082590;0.972943;0.498415;0.249208;-0.498415;
0.082600;0.969714;0.496842;0.248421;-0.496842;
0.082610;0.966475;0.495264;0.247632;-0.495264;
0.082620;0.963227;0.493681;0.246840;-0.493681;
0.082630;0.959969;0.492093;0.246046;-0.492093;
0.082640;0.956702;0.490500;0.245250;-0.490500;
0.082650;0.953425;0.488902;0.244451;-0.488902;
0.082660;0.950139;0.487300;0.243650;-0.487300;
0.082670;0.946844;0.485692;0.242846;-0.485692;
0.082680;0.943539;0.484080;0.242040;-0.484080;
0.082690;0.940225;0.482463;0.241232;-0.482463;
0.082700;0.936901;0.480842;0.240421;-0.480842;
0.082710;0.933569;0.479215;0.239608;-0.479215;
0.082720;0.930227;0.477584;0.238792;-0.477584;
0.082730;0.926876;0.475948;0.237974;-0.475948;
0.082740;0.923516;0.474308;0.237154;-0.474308;
0.082750;0.920146;0.472663;0.236331;-0.472663;
0.082760;0.916768;0.471013;0.235506;-0.471013;
0.082770;0.913380;0.469358;0.234679;-0.469358;
0.082780;0.909984;0.467699;0.233850;-0.467699;
0.082790;0.906579;0.466035;0.233018;-0.466035;
0.082800;0.903164;0.464367;0.232184;-0.464367;
0.082810;0.899741;0.462694;0.231347;-0.462694;
0.082820;0.896309;0.461017;0.230508;-0.461017;
0.082830;0.892868;0.459334;0.229667;-0.459334;
0.082840;0.889418;0.457648;0.228824;-0.457648;
0.082850;0.885959;0.455957;0.227978;-0.455957;
0.082860;0.882492;0.454261;0.227131;-0.454261;
0.082870;0.879016;0.452561;0.226280;-0.452561;
0.082880;0.875531;0.450856;0.225428;-0.450856;
0.082890;0.872038;0.449147;0.224574;-0.449147;
0.082900;0.868536;0.447434;0.223717;-0.447434;
0.082910;0.865025;0.445716;0.222858;-0.445716;
0.082920;0.861506;0.443994;0.221997;-0.443994;
0.082930;0.857978;0.442267;0.221134;-0.442267;
0.082940;0.854442;0.440536;0.220268;-0.440536;
0.082950;0.850898;0.438801;0.219400;-0.438801;
0.082960;0.847345;0.437061;0.218531;-0.437061;
0.082970;0.843784;0.435317;0.217659;-0.435317;
0.082980;0.840214;0.433569;0.216784;-0.433569;
0.082990;0.836636;0.431816;0.215908;-0.431816;
0.083000;0.833050;0.430059;0.215030;-0.430059;
0.083010;0.829456;0.428298;0.214149;-0.428298;
0.083020;0.825853;0.426533;0.213266;-0.426533;
0.083030;0.822242;0.424763;0.212382;-0.424763;
0.083040;0.818624;0.422990;0.211495;-0.422990;
0.083050;0.814997;0.421212;0.210606;-0.421212;
0.083060;0.811362;0.419430;0.209715;-0.419430;
0.083070;0.807719;0.417643;0.208822;-0.417643;
0.083080;0.804068;0.415853;0.207927;-0.415853;
0.083090;0.800409;0.414059;0.207029;-0.414059;
0.083100;0.796742;0.412260;0.206130;-0.412260;
0.083110;0.793068;0.410458;0.205229;-0.410458;
0.083120;0.789385;0.408651;0.204325;-0.408651;
0.083130;0.785695;0.406840;0.203420;-0.406840;
0.083140;0.781997;0.405026;0.202513;-0.405026;
0.083150;0.778291;0.403207;0.201603;-0.403207;
0.083160;0.774578;0.401384;0.200692;-0.401384;
0.083170;0.770857;0.399558;0.199779;-0.399558;
0.083180;0.767128;0.397727;0.198864;-0.397727;
0.083190;0.763392;0.395893;0.197946;-0.395893;
0.083200;0.759648;0.394054;0.197027;-0.394054;
0.083210;0.755897;0.392212;0.196106;-0.392212;
0.083220;0.752138;0.390366;0.195183;-0.390366;
0.083230;0.748372;0.388516;0.194258;-0.388516;
0.083240;0.744599;0.386662;0.193331;-0.386662;
0.083250;0.740818;0.384804;0.192402;-0.384804;
0.083260;0.737030;0.382943;0.191471;-0.382943;
0.083270;0.733234;0.381078;0.190539;-0.381078;
0.083280;0.729431;0.379209;0.189604;-0.379209;
0.083290;0.725622;0.377336;0.188668;-0.377336;
0.083300;0.721804;0.375459;0.187730;-0.375459;
0.083310;0.717980;0.373579;0.186790;-0.373579;
0.083320;0.714149;0.371695;0.185848;-0.371695;
0.083330;0.710311;0.369808;0.184904;-0.369808;
0.083340;0.706465;0.367917;0.183958;-0.367917;
0.083350;0.702613;0.366022;0.183011;-0.366022;
0.083360;0.698754;0.364124;0.182062;-0.364124;
0.083370;0.694888;0.362222;0.181111;-0.362222;
0.083380;0.691015;0.360316;0.180158;-0.360316;
0.083390;0.687135;0.358407;0.179203;-0.358407;
0.083400;0.683248;0.356494;0.178247;-0.356494;
0.083410;0.679355;0.354578;0.177289;-0.354578;
0.083420;0.675455;0.352658;0.176329;-0.352658;
0.083430;0.671548;0.350735;0.175368;-0.350735;
0.083440;0.667635;0.348808;0.174404;-0.348808;
0.083450;0.663715;0.346878;0.173439;-0.346878;
0.083460;0.659789;0.344945;0.172472;-0.344945;
0.083470;0.655856;0.343008;0.171504;-0.343008;
0.083480;0.651916;0.341068;0.170534;-0.341068;
0.083490;0.647970;0.339124;0.169562;-0.339124;
0.083500;0.644018;0.337177;0.168588;-0.337177;
0.083510;0.640059;0.335227;0.167613;-0.335227;
0.083520;0.636094;0.333273;0.166636;-0.333273;
0.083530;0.632123;0.331316;0.165658;-0.331316;
0.083540;0.628146;0.329356;0.164678;-0.329356;
0.083550;0.624162;0.327392;0.163696;-0.327392;
0.083560;0.620172;0.325426;0.162713;-0.325426;
0.083570;0.616176;0.323456;0.161728;-0.323456;
0.083580;0.612174;0.321483;0.160741;-0.321483;
0.083590;0.608166;0.319506;0.159753;-0.319506;
0.083600;0.604152;0.317527;0.158764;-0.317527;
0.083610;0.600132;0.315544;0.157772;-0.315544;
0.083620;0.596106;0.313559;0.156779;-0.313559;
0.083630;0.592074;0.311570;0.155785;-0.311570;
0.083640;0.588037;0.309578;0.154789;-0.309578;
0.083650;0.583993;0.307583;0.153792;-0.307583;
0.083660;0.579944;0.305585;0.152793;-0.305585;
0.083670;0.575889;0.303584;0.151792;-0.303584;
0.083680;0.571828;0.301581;0.150790;-0.301581;
0.083690;0.567762;0.299574;0.149787;-0.299574;
0.083700;0.563690;0.297564;0.148782;-0.297564;
0.083710;0.559613;0.295551;0.147775;-0.295551;
0.083720;0.555530;0.293535;0.146768;-0.293535;
0.083730;0.551441;0.291517;0.145758;-0.291517;
0.083740;0.547347;0.289495;0.144748;-0.289495;
0.083750;0.543248;0.287471;0.143735;-0.287471;
0.083760;0.539143;0.285444;0.142722;-0.285444;
0.083770;0.535033;0.283414;0.141707;-0.283414;
0.083780;0.530918;0.281381;0.140690;-0.281381;
0.083790;0.526797;0.279345;0.139673;-0.279345;
0.083800;0.522672;0.277307;0.138653;-0.277307;
0.083810;0.518541;0.275266;0.137633;-0.275266;
0.083820;0.514405;0.273222;0.136611;-0.273222;
0.083830;0.510264;0.271175;0.135588;-0.271175;
0.083840;0.506117;0.269126;0.134563;-0.269126;
0.083850;0.501966;0.267074;0.133537;-0.267074;
0.083860;0.497810;0.265020;0.132510;-0.265020;
0.083870;0.493649;0.262963;0.131481;-0.262963;
0.083880;0.489483;0.260903;0.130452;-0.260903;
0.083890;0.485313;0.258841;0.129421;-0.258841;
0.083900;0.481137;0.256776;0.128388;-0.256776;
0.083910;0.476957;0.254709;0.127354;-0.254709;
0.083920;0.472772;0.252639;0.126320;-0.252639;
0.083930;0.468583;0.250567;0.125283;-0.250567;
0.083940;0.464388;0.248492;0.124246;-0.248492;
0.083950;0.460190;0.246415;0.123207;-0.246415;
0.083960;0.455986;0.244335;0.122167;-0.244335;
0.083970;0.451778;0.242253;0.121126;-0.242253;
0.083980;0.447566;0.240168;0.120084;-0.240168;
0.083990;0.443349;0.238081;0.119041;-0.238081;
0.084000;0.439128;0.235992;0.117996;-0.235992;
0.084010;0.434903;0.233901;0.116950;-0.233901;
0.084020;0.430673;0.231807;0.115903;-0.231807;
0.084030;0.426439;0.229711;0.114855;-0.229711;
0.084040;0.422201;0.227612;0.113806;-0.227612;
0.084050;0.417959;0.225512;0.112756;-0.225512;
0.084060;0.413712;0.223409;0.111704;-0.223409;
0.084070;0.409462;0.221304;0.110652;-0.221304;
0.084080;0.405207;0.219196;0.109598;-0.219196;
0.084090;0.400948;0.217087;0.108543;-0.217087;
0.084100;0.396686;0.214975;0.107488;-0.214975;
0.084110;0.392419;0.212862;0.106431;-0.212862;
0.084120;0.388149;0.210746;0.105373;-0.210746;
0.084130;0.383875;0.208628;0.104314;-0.208628;
0.084140;0.379597;0.206508;0.103254;-0.206508;
0.084150;0.375315;0.204386;0.102193;-0.204386;
0.084160;0.371030;0.202262;0.101131;-0.202262;
0.084170;0.366741;0.200136;0.100068;-0.200136;
0.084180;0.362448;0.198008;0.099004;-0.198008;
0.084190;0.358152;0.195878;0.097939;-0.195878;
0.084200;0.353852;0.193746;0.096873;-0.193746;
0.084210;0.349549;0.191613;0.095806;-0.191613;
0.084220;0.345242;0.189477;0.094738;-0.189477;
0.084230;0.340932;0.187339;0.093670;-0.187339;
0.084240;0.336618;0.185200;0.092600;-0.185200;
0.084250;0.332301;0.183059;0.091529;-0.183059;
0.084260;0.327981;0.180916;0.090458;-0.180916;
0.084270;0.323658;0.178771;0.089385;-0.178771;
0.084280;0.319331;0.176624;0.088312;-0.176624;
0.084290;0.315002;0.174476;0.087238;-0.174476;
0.084300;0.310669;0.172326;0.086163;-0.172326;
0.084310;0.306333;0.170174;0.085087;-0.170174;
0.084320;0.301994;0.168021;0.084010;-0.168021;
0.084330;0.297652;0.165866;0.082933;-0.165866;
0.084340;0.293307;0.163709;0.081855;-0.163709;
0.084350;0.288959;0.161551;0.080775;-0.161551;
0.084360;0.284609;0.159391;0.079695;-0.159391;
0.084370;0.280256;0.157229;0.078615;-0.157229;
0.084380;0.275899;0.155066;0.077533;-0.155066;
0.084390;0.271541;0.152902;0.076451;-0.152902;
0.084400;0.267179;0.150736;0.075368;-0.150736;
0.084410;0.262815;0.148568;0.074284;-0.148568;
0.084420;0.258448;0.146399;0.073200;-0.146399;
0.084430;0.254079;0.144229;0.072114;-0.144229;
0.084440;0.249707;0.142057;0.071028;-0.142057;
0.084450;0.245333;0.139883;0.069942;-0.139883;
0.084460;0.240956;0.137709;0.068854;-0.137709;
0.084470;0.236577;0.135533;0.067766;-0.135533;
0.084480;0.232195;0.133355;0.066678;-0.133355;
0.084490;0.227812;0.131177;0.065588;-0.131177;
0.084500;0.223426;0.128997;0.064498;-0.128997;
0.084510;0.219037;0.126815;0.063408;-0.126815;
0.084520;0.214647;0.124633;0.062316;-0.124633;
0.084530;0.210255;0.122449;0.061225;-0.122449;
0.084540;0.205860;0.120264;0.060132;-0.120264;
0.084550;0.201463;0.118078;0.059039;-0.118078;
0.084560;0.197065;0.115891;0.057945;-0.115891;
0.084570;0.192664;0.113702;0.056851;-0.113702;
0.084580;0.188262;0.111513;0.055756;-0.111513;
0.084590;0.183858;0.109322;0.054661;-0.109322;
0.084600;0.179452;0.107130;0.053565;-0.107130;
0.084610;0.175044;0.104937;0.052469;-0.104937;
0.084620;0.170634;0.102744;0.051372;-0.102744;
0.084630;0.166223;0.100549;0.050274;-0.100549;
0.084640;0.161810;0.098353;0.049176;-0.098353;
0.084650;0.157396;0.096156;0.048078;-0.096156;
0.084660;0.152980;0.093958;0.046979;-0.093958;
0.084670;0.148562;0.091760;0.045880;-0.091760;
0.084680;0.144143;0.089560;0.044780;-0.089560;
0.084690;0.139722;0.087359;0.043680;-0.087359;
0.084700;0.135301;0.085158;0.042579;-0.085158;
0.084710;0.130878;0.082956;0.041478;-0.082956;
0.084720;0.126453;0.080753;0.040376;-0.080753;
0.084730;0.122027;0.078549;0.039275;-0.078549;
0.084740;0.117600;0.076345;0.038172;-0.076345;
0.084750;0.113172;0.074139;0.037070;-0.074139;
0.084760;0.108743;0.071933;0.035967;-0.071933;
0.084770;0.104313;0.069726;0.034863;-0.069726;
0.084780;0.099882;0.067519;0.033759;-0.067519;
0.084790;0.095449;0.065311;0.032655;-0.065311;
0.084800;0.091016;0.063102;0.031551;-0.063102;
0.084810;0.086582;0.060893;0.030446;-0.060893;
0.084820;0.082147;0.058683;0.029341;-0.058683;
0.084830;0.077711;0.056472;0.028236;-0.056472;
0.084840;0.073275;0.054261;0.027130;-0.054261;
0.084850;0.068837;0.052049;0.026025;-0.052049;
0.084860;0.064400;0.049837;0.024918;-0.049837;
0.084870;0.059961;0.047624;0.023812;-0.047624;
0.084880;0.055522;0.045411;0.022706;-0.045411;
0.084890;0.051082;0.043198;0.021599;-0.043198;
0.084900;0.046642;0.040984;0.020492;-0.040984;
0.084910;0.042201;0.038769;0.019385;-0.038769;
0.084920;0.037760;0.036554;0.018277;-0.036554;
0.084930;0.033319;0.034339;0.017170;-0.034339;
0.084940;0.028877;0.032124;0.016062;-0.032124;
0.084950;0.024435;0.029908;0.014954;-0.029908;
0.084960;0.019992;0.027692;0.013846;-0.027692;
0.084970;0.015550;0.025475;0.012738;-0.025475;
0.084980;0.011107;0.023259;0.011629;-0.023259;
0.084990;0.006664;0.021042;0.010521;-0.021042;
0.085000;0.002221;0.018825;0.009412;-0.018825;
0.085010;-0.002221;0.016607;0.008304;-0.016607;
0.085020;-0.006664;0.014390;0.007195;-0.014390;
0.085030;-0.011107;0.012172;0.006086;-0.012172;
0.085040;-0.015550;0.009955;0.004977;-0.009955;
0.085050;-0.019992;0.007737;0.003868;-0.007737;
0.085060;-0.024435;0.005519;0.002760;-0.005519;
0.085070;-0.028877;0.003301;0.001651;-0.003301;
0.085080;-0.033319;0.001083;0.000542;-0.001083;
0.085090;-0.037760;-0.001135;-0.000567;0.001135;
0.085100;-0.042201;-0.003353;-0.001676;0.003353;
0.085110;-0.046642;-0.005571;-0.002785;0.005571;
0.085120;-0.051082;-0.007789;-0.003894;0.007789;
0.085130;-0.055522;-0.010006;-0.005003;0.010006;
0.085140;-0.059961;-0.012224;-0.006112;0.012224;
0.085150;-0.064400;-0.014442;-0.007221;0.014442;
0.085160;-0.068837;-0.016659;-0.008330;0.016659;
0.085170;-0.073275;-0.018876;-0.009438;0.018876;
0.085180;-0.077711;-0.021093;-0.010547;0.021093;
0.085190;-0.082147;-0.023310;-0.011655;0.023310;
0.085200;-0.086582;-0.025527;-0.012763;0.025527;
0.085210;-0.091016;-0.027743;-0.013872;0.027743;
0.085220;-0.095449;-0.029959;-0.014980;0.029959;
0.085230;-0.099882;-0.032175;-0.016088;0.032175;
0.085240;-0.104313;-0.034391;-0.017195;0.034391;
0.085250;-0.108743;-0.036606;-0.018303;0.036606;
0.085260;-0.113172;-0.038821;-0.019410;0.038821;
0.085270;-0.117600;-0.041035;-0.020518;0.041035;
0.085280;-0.122027;-0.043249;-0.021625;0.043249;
0.085290;-0.126453;-0.045463;-0.022731;0.045463;
0.085300;-0.130878;-0.047676;-0.023838;0.047676;
0.085310;-0.135301;-0.049889;-0.024944;0.049889;
0.085320;-0.139722;-0.052101;-0.026050;0.052101;
0.085330;-0.144143;-0.054312;-0.027156;0.054312;
0.085340;-0.148562;-0.056524;-0.028262;0.056524;
0.085350;-0.152980;-0.058734;-0.029367;0.058734;
0.085360;-0.157396;-0.060944;-0.030472;0.060944;
0.085370;-0.161810;-0.063153;-0.031577;0.063153;
0.085380;-0.166223;-0.065362;-0.032681;0.065362;
0.085390;-0.170634;-0.067570;-0.033785;0.067570;
0.085400;-0.175044;-0.069778;-0.034889;0.069778;
0.085410;-0.179452;-0.071985;-0.035992;0.071985;
0.085420;-0.183858;-0.074191;-0.037095;0.074191;
0.085430;-0.188262;-0.076396;-0.038198;0.076396;
0.085440;-0.192664;-0.078600;-0.039300;0.078600;
0.085450;-0.197065;-0.080804;-0.040402;0.080804;
0.085460;-0.201463;-0.083007;-0.041504;0.083007;
0.085470;-0.205860;-0.085209;-0.042605;0.085209;
0.085480;-0.210255;-0.087411;-0.043705;0.087411;
0.085490;-0.214647;-0.089611;-0.044806;0.089611;
0.085500;-0.219037;-0.091811;-0.045905;0.091811;
0.085510;-0.223426;-0.094010;-0.047005;0.094010;
0.085520;-0.227812;-0.096207;-0.048104;0.096207;
0.085530;-0.232195;-0.098404;-0.049202;0.098404;
0.085540;-0.236577;-0.100600;-0.050300;0.100600;
0.085550;-0.240956;-0.102795;-0.051397;0.102795;
0.085560;-0.245333;-0.104989;-0.052494;0.104989;
0.085570;-0.249707;-0.107181;-0.053591;0.107181;
0.085580;-0.254079;-0.109373;-0.054687;0.109373;
0.085590;-0.258448;-0.111564;-0.055782;0.111564;
0.085600;-0.262815;-0.113753;-0.056877;0.113753;
0.085610;-0.267179;-0.115942;-0.057971;0.115942;
0.085620;-0.271541;-0.118129;-0.059064;0.118129;
0.085630;-0.275899;-0.120315;-0.060158;0.120315;
0.085640;-0.280256;-0.122500;-0.061250;0.122500;
0.085650;-0.284609;-0.124684;-0.062342;0.124684;
0.085660;-0.288959;-0.126866;-0.063433;0.126866;
0.085670;-0.293307;-0.129047;-0.064524;0.129047;
0.085680;-0.297652;-0.131227;-0.065614;0.131227;
0.085690;-0.301994;-0.133406;-0.066703;0.133406;
0.085700;-0.306333;-0.135583;-0.067792;0.135583;
0.085710;-0.310669;-0.137759;-0.068880;0.137759;
0.085720;-0.315002;-0.139934;-0.069967;0.139934;
0.085730;-0.319331;-0.142107;-0.071054;0.142107;
0.085740;-0.323658;-0.144279;-0.072140;0.144279;
0.085750;-0.327981;-0.146450;-0.073225;0.146450;
0.085760;-0.332301;-0.148619;-0.074309;0.148619;
0.085770;-0.336618;-0.150786;-0.075393;0.150786;
0.085780;-0.340932;-0.152952;-0.076476;0.152952;
0.085790;-0.345242;-0.155117;-0.077558;0.155117;
0.085800;-0.349549;-0.157280;-0.078640;0.157280;
0.085810;-0.353852;-0.159441;-0.079721;0.159441;
0.085820;-0.358152;-0.161601;-0.080801;0.161601;
0.085830;-0.362448;-0.163759;-0.081880;0.163759;
0.085840;-0.366741;-0.165916;-0.082958;0.165916;
0.085850;-0.371030;-0.168071;-0.084036;0.168071;
0.085860;-0.375315;-0.170224;-0.085112;0.170224;
0.085870;-0.379597;-0.172376;-0.086188;0.172376;
0.085880;-0.383875;-0.174526;-0.087263;0.174526;
0.085890;-0.388149;-0.176674;-0.088337;0.176674;
0.085900;-0.392419;-0.178821;-0.089410;0.178821;
0.085910;-0.396686;-0.180966;-0.090483;0.180966;
0.085920;-0.400948;-0.183109;-0.091554;0.183109;
0.085930;-0.405207;-0.185250;-0.092625;0.185250;
0.085940;-0.409462;-0.187389;-0.093695;0.187389;
0.085950;-0.413712;-0.189527;-0.094763;0.189527;
0.085960;-0.417959;-0.191662;-0.095831;0.191662;
0.085970;-0.422201;-0.193796;-0.096898;0.193796;
0.085980;-0.426439;-0.195928;-0.097964;0.195928;
0.085990;-0.430673;-0.198058;-0.099029;0.198058;
0.086000;-0.434903;-0.200186;-0.100093;0.200186;
0.086010;-0.439128;-0.202312;-0.101156;0.202312;
0.086020;-0.443349;-0.204436;-0.102218;0.204436;
0.086030;-0.447566;-0.206557;-0.103279;0.206557;
0.086040;-0.451778;-0.208677;-0.104339;0.208677;
0.086050;-0.455986;-0.210795;-0.105398;0.210795;
0.086060;-0.460190;-0.212911;-0.106455;0.212911;
0.086070;-0.464388;-0.215025;-0.107512;0.215025;
0.086080;-0.468583;-0.217136;-0.108568;0.217136;
0.086090;-0.472772;-0.219246;-0.109623;0.219246;
0.086100;-0.476957;-0.221353;-0.110676;0.221353;
0.086110;-0.481137;-0.223458;-0.111729;0.223458;
0.086120;-0.485313;-0.225561;-0.112780;0.225561;
0.086130;-0.489483;-0.227661;-0.113831;0.227661;
0.086140;-0.493649;-0.229760;-0.114880;0.229760;
0.086150;-0.497810;-0.231856;-0.115928;0.231856;
0.086160;-0.501966;-0.233949;-0.116975;0.233949;
0.086170;-0.506117;-0.236041;-0.118020;0.236041;
0.086180;-0.510264;-0.238130;-0.119065;0.238130;
0.086190;-0.514405;-0.240217;-0.120108;0.240217;
0.086200;-0.518541;-0.242301;-0.121151;0.242301;
0.086210;-0.522672;-0.244383;-0.122192;0.244383;
0.086220;-0.526797;-0.246463;-0.123232;0.246463;
0.086230;-0.530918;-0.248540;-0.124270;0.248540;
0.086240;-0.535033;-0.250615;-0.125308;0.250615;
0.086250;-0.539143;-0.252687;-0.126344;0.252687;
0.086260;-0.543248;-0.254757;-0.127379;0.254757;
0.086270;-0.547347;-0.256824;-0.128412;0.256824;
0.086280;-0.551441;-0.258889;-0.129445;0.258889;
0.086290;-0.555530;-0.260951;-0.130476;0.260951;
0.086300;-0.559613;-0.263011;-0.131505;0.263011;
0.086310;-0.563690;-0.265068;-0.132534;0.265068;
0.086320;-0.567762;-0.267122;-0.133561;0.267122;
0.086330;-0.571828;-0.269174;-0.134587;0.269174;
0.086340;-0.575889;-0.271223;-0.135612;0.271223;
0.086350;-0.579944;-0.273270;-0.136635;0.273270;
0.086360;-0.583993;-0.275313;-0.137657;0.275313;
0.086370;-0.588037;-0.277354;-0.138677;0.277354;
0.086380;-0.592074;-0.279393;-0.139696;0.279393;
0.086390;-0.596106;-0.281428;-0.140714;0.281428;
0.086400;-0.600132;-0.283461;-0.141730;0.283461;
0.086410;-0.604152;-0.285491;-0.142745;0.285491;
0.086420;-0.608166;-0.287518;-0.143759;0.287518;
0.086430;-0.612174;-0.289542;-0.144771;0.289542;
0.086440;-0.616176;-0.291564;-0.145782;0.291564;
0.086450;-0.620172;-0.293582;-0.146791;0.293582;
0.086460;-0.624162;-0.295598;-0.147799;0.295598;
0.086470;-0.628146;-0.297611;-0.148805;0.297611;
0.086480;-0.632123;-0.299620;-0.149810;0.299620;
0.086490;-0.636094;-0.301627;-0.150814;0.301627;
0.086500;-0.640059;-0.303631;-0.151816;0.303631;
0.086510;-0.644018;-0.305632;-0.152816;0.305632;
0.086520;-0.647970;-0.307630;-0.153815;0.307630;
0.086530;-0.651916;-0.309625;-0.154812;0.309625;
0.086540;-0.655856;-0.311616;-0.155808;0.311616;
0.086550;-0.659789;-0.313605;-0.156803;0.313605;
0.086560;-0.663715;-0.315591;-0.157795;0.315591;
0.086570;-0.667635;-0.317573;-0.158787;0.317573;
0.086580;-0.671548;-0.319553;-0.159776;0.319553;
0.086590;-0.675455;-0.321529;-0.160764;0.321529;
0.086600;-0.679355;-0.323502;-0.161751;0.323502;
0.086610;-0.683248;-0.325472;-0.162736;0.325472;
0.086620;-0.687135;-0.327438;-0.163719;0.327438;
0.086630;-0.691015;-0.329402;-0.164701;0.329402;
0.086640;-0.694888;-0.331362;-0.165681;0.331362;
0.086650;-0.698754;-0.333319;-0.166659;0.333319;
0.086660;-0.702613;-0.335272;-0.167636;0.335272;
0.086670;-0.706465;-0.337222;-0.168611;0.337222;
0.086680;-0.710311;-0.339169;-0.169585;0.339169;
0.086690;-0.714149;-0.341113;-0.170556;0.341113;
0.086700;-0.717980;-0.343053;-0.171527;0.343053;
0.086710;-0.721804;-0.344990;-0.172495;0.344990;
0.086720;-0.725622;-0.346923;-0.173462;0.346923;
0.086730;-0.729431;-0.348853;-0.174427;0.348853;
0.086740;-0.733234;-0.350780;-0.175390;0.350780;
0.086750;-0.737030;-0.352703;-0.176352;0.352703;
0.086760;-0.740818;-0.354623;-0.177311;0.354623;
0.086770;-0.744599;-0.356539;-0.178269;0.356539;
0.086780;-0.748372;-0.358451;-0.179226;0.358451;
0.086790;-0.752138;-0.360360;-0.180180;0.360360;
0.086800;-0.755897;-0.362266;-0.181133;0.362266;
0.086810;-0.759648;-0.364168;-0.182084;0.364168;
0.086820;-0.763392;-0.366066;-0.183033;0.366066;
0.086830;-0.767128;-0.367961;-0.183980;0.367961;
0.086840;-0.770857;-0.369852;-0.184926;0.369852;
0.086850;-0.774578;-0.371739;-0.185870;0.371739;
0.086860;-0.778291;-0.373623;-0.186812;0.373623;
0.086870;-0.781997;-0.375503;-0.187752;0.375503;
0.086880;-0.785695;-0.377380;-0.188690;0.377380;
0.086890;-0.789385;-0.379252;-0.189626;0.379252;
0.086900;-0.793068;-0.381121;-0.190561;0.381121;
0.086910;-0.796742;-0.382986;-0.191493;0.382986;
0.086920;-0.800409;-0.384848;-0.192424;0.384848;
0.086930;-0.804068;-0.386705;-0.193353;0.386705;
0.086940;-0.807719;-0.388559;-0.194280;0.388559;
0.086950;-0.811362;-0.390409;-0.195204;0.390409;
0.086960;-0.814997;-0.392255;-0.196127;0.392255;
0.086970;-0.818624;-0.394097;-0.197049;0.394097;
0.086980;-0.822242;-0.395935;-0.197968;0.395935;
0.086990;-0.825853;-0.397770;-0.198885;0.397770;
0.087000;-0.829456;-0.399600;-0.199800;0.399600;
0.087010;-0.833050;-0.401427;-0.200713;0.401427;
0.087020;-0.836636;-0.403249;-0.201625;0.403249;
0.087030;-0.840214;-0.405068;-0.202534;0.405068;
0.087040;-0.843784;-0.406883;-0.203441;0.406883;
0.087050;-0.847345;-0.408693;-0.204347;0.408693;
0.087060;-0.850898;-0.410500;-0.205250;0.410500;
0.087070;-0.854442;-0.412302;-0.206151;0.412302;
0.087080;-0.857978;-0.414101;-0.207050;0.414101;
0.087090;-0.861506;-0.415895;-0.207947;0.415895;
0.087100;-0.865025;-0.417685;-0.208843;0.417685;
0.087110;-0.868536;-0.419471;-0.209736;0.419471;
0.087120;-0.872038;-0.421253;-0.210627;0.421253;
0.087130;-0.875531;-0.423031;-0.211515;0.423031;
0.087140;-0.879016;-0.424805;-0.212402;0.424805;
0.087150;-0.882492;-0.426574;-0.213287;0.426574;
0.087160;-0.885959;-0.428339;-0.214170;0.428339;
0.087170;-0.889418;-0.430100;-0.215050;0.430100;
0.087180;-0.892868;-0.431857;-0.215929;0.431857;
0.087190;-0.896309;-0.433610;-0.216805;0.433610;
0.087200;-0.899741;-0.435358;-0.217679;0.435358;
0.087210;-0.903164;-0.437102;-0.218551;0.437102;
0.087220;-0.906579;-0.438841;-0.219421;0.438841;
0.087230;-0.909984;-0.440577;-0.220288;0.440577;
0.087240;-0.913380;-0.442307;-0.221154;0.442307;
0.087250;-0.916768;-0.444034;-0.222017;0.444034;
0.087260;-0.920146;-0.445756;-0.222878;0.445756;
0.087270;-0.923516;-0.447474;-0.223737;0.447474;
0.087280;-0.926876;-0.449187;-0.224594;0.449187;
0.087290;-0.930227;-0.450896;-0.225448;0.450896;
0.087300;-0.933569;-0.452601;-0.226300;0.452601;
0.087310;-0.936901;-0.454301;-0.227150;0.454301;
0.087320;-0.940225;-0.455996;-0.227998;0.455996;
0.087330;-0.943539;-0.457687;-0.228844;0.457687;
0.087340;-0.946844;-0.459374;-0.229687;0.459374;
0.087350;-0.950139;-0.461056;-0.230528;0.461056;
0.087360;-0.953425;-0.462733;-0.231367;0.462733;
0.087370;-0.956702;-0.464406;-0.232203;0.464406;
0.087380;-0.959969;-0.466074;-0.233037;0.466074;
0.087390;-0.963227;-0.467738;-0.233869;0.467738;
0.087400;-0.966475;-0.469397;-0.234698;0.469397;
0.087410;-0.969714;-0.471051;-0.235526;0.471051;
0.087420;-0.972943;-0.472701;-0.236351;0.472701;
0.087430;-0.976163;-0.474346;-0.237173;0.474346;
0.087440;-0.979373;-0.475987;-0.237993;0.475987;
0.087450;-0.982573;-0.477622;-0.238811;0.477622;
0.087460;-0.985763;-0.479253;-0.239627;0.479253;
0.087470;-0.988944;-0.480880;-0.240440;0.480880;
0.087480;-0.992115;-0.482501;-0.241251;0.482501;
0.087490;-0.995277;-0.484118;-0.242059;0.484118;
0.087500;-0.998428;-0.485730;-0.242865;0.485730;
0.087510;-1.001570;-0.487337;-0.243669;0.487337;
0.087520;-1.004701;-0.488940;-0.244470;0.488940;
0.087530;-1.007823;-0.490537;-0.245269;0.490537;
0.087540;-1.010935;-0.492130;-0.246065;0.492130;
0.087550;-1.014037;-0.493718;-0.246859;0.493718;
0.087560;-1.017129;-0.495301;-0.247650;0.495301;
0.087570;-1.020210;-0.496879;-0.248439;0.496879;
0.087580;-1.023282;-0.498452;-0.249226;0.498452;
0.087590;-1.026344;-0.500020;-0.250010;0.500020;
0.087600;-1.029395;-0.501584;-0.250792;0.501584;
0.087610;-1.032437;-0.503142;-0.251571;0.503142;
0.087620;-1.035468;-0.504696;-0.252348;0.504696;
0.087630;-1.038489;-0.506244;-0.253122;0.506244;
0.087640;-1.041500;-0.507787;-0.253894;0.507787;
0.087650;-1.044500;-0.509326;-0.254663;0.509326;
0.087660;-1.047490;-0.510859;-0.255430;0.510859;
0.087670;-1.050470;-0.512388;-0.256194;0.512388;
0.087680;-1.053439;-0.513911;-0.256955;0.513911;
0.087690;-1.056398;-0.515429;-0.257715;0.515429;
0.087700;-1.059347;-0.516942;-0.258471;0.516942;
0.087710;-1.062285;-0.518450;-0.259225;0.518450;
0.087720;-1.065213;-0.519953;-0.259977;0.519953;
0.087730;-1.068130;-0.521451;-0.260726;0.521451;
0.087740;-1.071036;-0.522944;-0.261472;0.522944;
0.087750;-1.073932;-0.524431;-0.262216;0.524431;
0.087760;-1.076818;-0.525914;-0.262957;0.525914;
0.087770;-1.079693;-0.527391;-0.263695;0.527391;
0.087780;-1.082557;-0.528863;-0.264431;0.528863;
0.087790;-1.085410;-0.530329;-0.265165;0.530329;
0.087800;-1.088253;-0.531791;-0.265895;0.531791;
0.087810;-1.091085;-0.533247;-0.266624;0.533247;
0.087820;-1.093906;-0.534698;-0.267349;0.534698;
0.087830;-1.096717;-0.536144;-0.268072;0.536144;
0.087840;-1.099516;-0.537584;-0.268792;0.537584;
0.087850;-1.102305;-0.539019;-0.269510;0.539019;
0.087860;-1.105083;-0.540449;-0.270225;0.540449;
0.087870;-1.107850;-0.541873;-0.270937;0.541873;
0.087880;-1.110606;-0.543293;-0.271646;0.543293;
0.087890;-1.113351;-0.544706;-0.272353;0.544706;
0.087900;-1.116085;-0.546115;-0.273057;0.546115;
0.087910;-1.118808;-0.547518;-0.273759;0.547518;
0.087920;-1.121520;-0.548915;-0.274458;0.548915;
0.087930;-1.124221;-0.550307;-0.275154;0.550307;
0.087940;-1.126911;-0.551694;-0.275847;0.551694;
0.087950;-1.129590;-0.553075;-0.276538;0.553075;
0.087960;-1.132257;-0.554451;-0.277226;0.554451;
0.087970;-1.134914;-0.555821;-0.277911;0.555821;
0.087980;-1.137559;-0.557186;-0.278593;0.557186;
0.087990;-1.140193;-0.558546;-0.279273;0.558546;
0.088000;-1.142816;-0.559899;-0.279950;0.559899;
0.088010;-1.145427;-0.561248;-0.280624;0.561248;
0.088020;-1.148027;-0.562590;-0.281295;0.562590;
0.088030;-1.150616;-0.563928;-0.281964;0.563928;
0.088040;-1.153194;-0.565259;-0.282630;0.565259;
0.088050;-1.155760;-0.566585;-0.283293;0.566585;
0.088060;-1.158314;-0.567906;-0.283953;0.567906;
0.088070;-1.160858;-0.569221;-0.284610;0.569221;
0.088080;-1.163389;-0.570530;-0.285265;0.570530;
0.088090;-1.165910;-0.571834;-0.285917;0.571834;
0.088100;-1.168418;-0.573132;-0.286566;0.573132;
0.088110;-1.170916;-0.574424;-0.287212;0.574424;
0.088120;-1.173401;-0.575711;-0.287855;0.575711;
0.088130;-1.175876;-0.576992;-0.288496;0.576992;
0.088140;-1.178338;-0.578267;-0.289133;0.578267;
0.088150;-1.180789;-0.579536;-0.289768;0.579536;
0.088160;-1.183228;-0.580800;-0.290400;0.580800;
0.088170;-1.185656;-0.582058;-0.291029;0.582058;
0.088180;-1.188072;-0.583311;-0.291655;0.583311;
0.088190;-1.190476;-0.584557;-0.292279;0.584557;
0.088200;-1.192868;-0.585798;-0.292899;0.585798;
0.088210;-1.195249;-0.587033;-0.293517;0.587033;
0.088220;-1.197618;-0.588263;-0.294131;0.588263;
0.088230;-1.199975;-0.589486;-0.294743;0.589486;
0.088240;-1.202320;-0.590704;-0.295352;0.590704;
0.088250;-1.204653;-0.591915;-0.295958;0.591915;
0.088260;-1.206974;-0.593121;-0.296561;0.593121;
0.088270;-1.209284;-0.594322;-0.297161;0.594322;
0.088280;-1.211582;-0.595516;-0.297758;0.595516;
0.088290;-1.213867;-0.596704;-0.298352;0.596704;
0.088300;-1.216141;-0.597887;-0.298943;0.597887;
0.088310;-1.218402;-0.599063;-0.299532;0.599063;
0.088320;-1.220652;-0.600234;-0.300117;0.600234;
0.088330;-1.222889;-0.601399;-0.300699;0.601399;
0.088340;-1.225115;-0.602558;-0.301279;0.602558;
0.088350;-1.227328;-0.603710;-0.301855;0.603710;
0.088360;-1.229530;-0.604857;-0.302429;0.604857;
0.088370;-1.231719;-0.605998;-0.302999;0.605998;
0.088380;-1.233896;-0.607133;-0.303567;0.607133;
0.088390;-1.236060;-0.608262;-0.304131;0.608262;
0.088400;-1.238213;-0.609385;-0.304693;0.609385;
0.088410;-1.240353;-0.610502;-0.305251;0.610502;
0.088420;-1.242482;-0.611613;-0.305806;0.611613;
0.088430;-1.244597;-0.612718;-0.306359;0.612718;
0.088440;-1.246701;-0.613817;-0.306908;0.613817;
0.088450;-1.248792;-0.614910;-0.307455;0.614910;
0.088460;-1.250871;-0.615996;-0.307998;0.615996;
0.088470;-1.252938;-0.617077;-0.308538;0.617077;
0.088480;-1.254992;-0.618151;-0.309076;0.618151;
0.088490;-1.257034;-0.619220;-0.309610;0.619220;
0.088500;-1.259063;-0.620282;-0.310141;0.620282;
0.088510;-1.261080;-0.621338;-0.310669;0.621338;
0.088520;-1.263085;-0.622388;-0.311194;0.622388;
0.088530;-1.265077;-0.623432;-0.311716;0.623432;
0.088540;-1.267057;-0.624470;-0.312235;0.624470;
0.088550;-1.269024;-0.625502;-0.312751;0.625502;
0.088560;-1.270979;-0.626527;-0.313264;0.626527;
0.088570;-1.272921;-0.627547;-0.313773;0.627547;
0.088580;-1.274850;-0.628560;-0.314280;0.628560;
0.088590;-1.276767;-0.629566;-0.314783;0.629566;
0.088600;-1.278671;-0.630567;-0.315284;0.630567;
0.088610;-1.280563;-0.631562;-0.315781;0.631562;
0.088620;-1.282442;-0.632550;-0.316275;0.632550;
0.088630;-1.284308;-0.633532;-0.316766;0.633532;
0.088640;-1.286162;-0.634507;-0.317254;0.634507;
0.088650;-1.288003;-0.635477;-0.317738;0.635477;
0.088660;-1.289831;-0.636440;-0.318220;0.636440;
0.088670;-1.291647;-0.637397;-0.318698;0.637397;
0.088680;-1.293450;-0.638347;-0.319174;0.638347;
0.088690;-1.295240;-0.639292;-0.319646;0.639292;
0.088700;-1.297017;-0.640230;-0.320115;0.640230;
0.088710;-1.298782;-0.641161;-0.320581;0.641161;
0.088720;-1.300533;-0.642087;-0.321043;0.642087;
0.088730;-1.302272;-0.643006;-0.321503;0.643006;
0.088740;-1.303998;-0.643918;-0.321959;0.643918;
0.088750;-1.305711;-0.644825;-0.322412;0.644825;
0.088760;-1.307411;-0.645725;-0.322862;0.645725;
0.088770;-1.309099;-0.646618;-0.323309;0.646618;
0.088780;-1.310773;-0.647505;-0.323753;0.647505;
0.088790;-1.312435;-0.648386;-0.324193;0.648386;
0.088800;-1.314083;-0.649261;-0.324630;0.649261;
0.088810;-1.315719;-0.650128;-0.325064;0.650128;
0.088820;-1.317341;-0.650990;-0.325495;0.650990;
0.088830;-1.318951;-0.651845;-0.325923;0.651845;
0.088840;-1.320547;-0.652694;-0.326347;0.652694;
0.088850;-1.322131;-0.653536;-0.326768;0.653536;
0.088860;-1.323701;-0.654372;-0.327186;0.654372;
0.088870;-1.325259;-0.655201;-0.327601;0.655201;
0.088880;-1.326803;-0.656024;-0.328012;0.656024;
0.088890;-1.328334;-0.656841;-0.328420;0.656841;
0.088900;-1.329852;-0.657651;-0.328825;0.657651;
0.088910;-1.331357;-0.658454;-0.329227;0.658454;
0.088920;-1.332849;-0.659251;-0.329625;0.659251;
0.088930;-1.334328;-0.660041;-0.330021;0.660041;
0.088940;-1.335793;-0.660825;-0.330413;0.660825;
0.088950;-1.337246;-0.661603;-0.330801;0.661603;
0.088960;-1.338685;-0.662374;-0.331187;0.662374;
0.088970;-1.340111;-0.663138;-0.331569;0.663138;
0.088980;-1.341523;-0.663896;-0.331948;0.663896;
0.088990;-1.342923;-0.664647;-0.332323;0.664647;
0.089000;-1.344309;-0.665392;-0.332696;0.665392;
0.089010;-1.345682;-0.666130;-0.333065;0.666130;
0.089020;-1.347041;-0.666861;-0.333431;0.666861;
0.089030;-1.348388;-0.667586;-0.333793;0.667586;
0.089040;-1.349721;-0.668305;-0.334152;0.668305;
0.089050;-1.351041;-0.669016;-0.334508;0.669016;
0.089060;-1.352347;-0.669721;-0.334861;0.669721;
0.089070;-1.353640;-0.670420;-0.335210;0.670420;
0.089080;-1.354920;-0.671112;-0.335556;0.671112;
0.089090;-1.356186;-0.671797;-0.335899;0.671797;
0.089100;-1.357439;-0.672476;-0.336238;0.672476;
0.089110;-1.358678;-0.673148;-0.336574;0.673148;
0.089120;-1.359905;-0.673813;-0.336907;0.673813;
0.089130;-1.361117;-0.674472;-0.337236;0.674472;
0.089140;-1.362317;-0.675124;-0.337562;0.675124;
0.089150;-1.363502;-0.675770;-0.337885;0.675770;
0.089160;-1.364675;-0.676408;-0.338204;0.676408;
0.089170;-1.365834;-0.677041;-0.338520;0.677041;
0.089180;-1.366979;-0.677666;-0.338833;0.677666;
0.089190;-1.368111;-0.678285;-0.339142;0.678285;
0.089200;-1.369229;-0.678897;-0.339448;0.678897;
0.089210;-1.370334;-0.679502;-0.339751;0.679502;
0.089220;-1.371426;-0.680101;-0.340050;0.680101;
0.089230;-1.372503;-0.680692;-0.340346;0.680692;
0.089240;-1.373568;-0.681278;-0.340639;0.681278;
0.089250;-1.374618;-0.681856;-0.340928;0.681856;
0.089260;-1.375656;-0.682428;-0.341214;0.682428;
0.089270;-1.376679;-0.682993;-0.341496;0.682993;
0.089280;-1.377689;-0.683551;-0.341776;0.683551;
0.089290;-1.378686;-0.684103;-0.342051;0.684103;
0.089300;-1.379668;-0.684647;-0.342324;0.684647;
0.089310;-1.380638;-0.685185;-0.342593;0.685185;
0.089320;-1.381593;-0.685717;-0.342858;0.685717;
0.089330;-1.382535;-0.686241;-0.343121;0.686241;
0.089340;-1.383463;-0.686759;-0.343379;0.686759;
0.089350;-1.384378;-0.687270;-0.343635;0.687270;
0.089360;-1.385279;-0.687774;-0.343887;0.687774;
0.089370;-1.386166;-0.688271;-0.344136;0.688271;
0.089380;-1.387040;-0.688762;-0.344381;0.688762;
0.089390;-1.387900;-0.689245;-0.344623;0.689245;
0.089400;-1.388746;-0.689722;-0.344861;0.689722;
0.089410;-1.389578;-0.690193;-0.345096;0.690193;
0.089420;-1.390397;-0.690656;-0.345328;0.690656;
0.089430;-1.391202;-0.691112;-0.345556;0.691112;
0.089440;-1.391994;-0.691562;-0.345781;0.691562;
0.089450;-1.392771;-0.692005;-0.346002;0.692005;
0.089460;-1.393535;-0.692441;-0.346221;0.692441;
0.089470;-1.394285;-0.692870;-0.346435;0.692870;
0.089480;-1.395022;-0.693293;-0.346646;0.693293;
0.089490;-1.395744;-0.693708;-0.346854;0.693708;
0.089500;-1.396453;-0.694117;-0.347058;0.694117;
0.089510;-1.397148;-0.694519;-0.347259;0.694519;
0.089520;-1.397829;-0.694914;-0.347457;0.694914;
0.089530;-1.398497;-0.695302;-0.347651;0.695302;
0.089540;-1.399150;-0.695683;-0.347841;0.695683;
0.089550;-1.399790;-0.696057;-0.348029;0.696057;
0.089560;-1.400416;-0.696425;-0.348212;0.696425;
0.089570;-1.401028;-0.696786;-0.348393;0.696786;
0.089580;-1.401627;-0.697139;-0.348570;0.697139;
0.089590;-1.402211;-0.697486;-0.348743;0.697486;
0.089600;-1.402782;-0.697826;-0.348913;0.697826;
0.089610;-1.403339;-0.698159;-0.349080;0.698159;
0.089620;-1.403882;-0.698486;-0.349243;0.698486;
0.089630;-1.404411;-0.698805;-0.349402;0.698805;
0.089640;-1.404926;-0.699117;-0.349559;0.699117;
0.089650;-1.405428;-0.699423;-0.349711;0.699423;
0.089660;-1.405915;-0.699721;-0.349861;0.699721;
0.089670;-1.406389;-0.700013;-0.350007;0.700013;
0.089680;-1.406849;-0.700298;-0.350149;0.700298;
0.089690;-1.407294;-0.700576;-0.350288;0.700576;
0.089700;-1.407726;-0.700847;-0.350423;0.700847;
0.089710;-1.408145;-0.701111;-0.350555;0.701111;
0.089720;-1.408549;-0.701368;-0.350684;0.701368;
0.089730;-1.408939;-0.701618;-0.350809;0.701618;
0.089740;-1.409315;-0.701862;-0.350931;0.701862;
0.089750;-1.409678;-0.702098;-0.351049;0.702098;
0.089760;-1.410027;-0.702327;-0.351164;0.702327;
0.089770;-1.410361;-0.702550;-0.351275;0.702550;
0.089780;-1.410682;-0.702766;-0.351383;0.702766;
0.089790;-1.410989;-0.702974;-0.351487;0.702974;
0.089800;-1.411282;-0.703176;-0.351588;0.703176;
0.089810;-1.411561;-0.703371;-0.351685;0.703371;
0.089820;-1.411826;-0.703559;-0.351779;0.703559;
0.089830;-1.412077;-0.703739;-0.351870;0.703739;
0.089840;-1.412314;-0.703913;-0.351957;0.703913;
0.089850;-1.412537;-0.704080;-0.352040;0.704080;
0.089860;-1.412747;-0.704240;-0.352120;0.704240;
0.089870;-1.412942;-0.704394;-0.352197;0.704394;
0.089880;-1.413123;-0.704540;-0.352270;0.704540;
0.089890;-1.413291;-0.704679;-0.352339;0.704679;
0.089900;-1.413444;-0.704811;-0.352406;0.704811;
0.089910;-1.413584;-0.704936;-0.352468;0.704936;
0.089920;-1.413709;-0.705055;-0.352527;0.705055;
0.089930;-1.413821;-0.705166;-0.352583;0.705166;
0.089940;-1.413919;-0.705270;-0.352635;0.705270;
0.089950;-1.414002;-0.705368;-0.352684;0.705368;
0.089960;-1.414072;-0.705458;-0.352729;0.705458;
0.089970;-1.414128;-0.705542;-0.352771;0.705542;
0.089980;-1.414170;-0.705618;-0.352809;0.705618;
0.089990;-1.414198;-0.705688;-0.352844;0.705688;
0.090000;-1.414212;-0.705751;-0.352875;0.705751;
0.090010;-1.414212;-0.705806;-0.352903;0.705806;
0.090020;-1.414198;-0.705855;-0.352927;0.705855;
0.090030;-1.414170;-0.705897;-0.352948;0.705897;
0.090040;-1.414128;-0.705931;-0.352966;0.705931;
0.090050;-1.414072;-0.705959;-0.352980;0.705959;
0.090060;-1.414002;-0.705980;-0.352990;0.705980;
0.090070;-1.413919;-0.705994;-0.352997;0.705994;
0.090080;-1.413821;-0.706001;-0.353000;0.706001;
0.090090;-1.413709;-0.706001;-0.353000;0.706001;
0.090100;-1.413584;-0.705994;-0.352997;0.705994;
0.090110;-1.413444;-0.705980;-0.352990;0.705980;
0.090120;-1.413291;-0.705959;-0.352979;0.705959;
0.090130;-1.413123;-0.705931;-0.352965;0.705931;
0.090140;-1.412942;-0.705896;-0.352948;0.705896;
0.090150;-1.412747;-0.705854;-0.352927;0.705854;
0.090160;-1.412537;-0.705805;-0.352903;0.705805;
0.090170;-1.412314;-0.705749;-0.352875;0.705749;
0.090180;-1.412077;-0.705686;-0.352843;0.705686;
0.090190;-1.411826;-0.705617;-0.352808;0.705617;
0.090200;-1.411561;-0.705540;-0.352770;0.705540;
0.090210;-1.411282;-0.705456;-0.352728;0.705456;
0.090220;-1.410989;-0.705366;-0.352683;0.705366;
0.090230;-1.410682;-0.705268;-0.352634;0.705268;
0.090240;-1.410361;-0.705163;-0.352582;0.705163;
0.090250;-1.410027;-0.705052;-0.352526;0.705052;
0.090260;-1.409678;-0.704933;-0.352467;0.704933;
0.090270;-1.409315;-0.704808;-0.352404;0.704808;
0.090280;-1.408939;-0.704676;-0.352338;0.704676;
0.090290;-1.408549;-0.704536;-0.352268;0.704536;
0.090300;-1.408145;-0.704390;-0.352195;0.704390;
0.090310;-1.407726;-0.704237;-0.352118;0.704237;
0.090320;-1.407294;-0.704077;-0.352038;0.704077;
0.090330;-1.406849;-0.703909;-0.351955;0.703909;
0.090340;-1.406389;-0.703735;-0.351868;0.703735;
0.090350;-1.405915;-0.703554;-0.351777;0.703554;
0.090360;-1.405428;-0.703366;-0.351683;0.703366;
0.090370;-1.404926;-0.703171;-0.351586;0.703171;
0.090380;-1.404411;-0.702969;-0.351485;0.702969;
0.090390;-1.403882;-0.702761;-0.351380;0.702761;
0.090400;-1.403339;-0.702545;-0.351272;0.702545;
0.090410;-1.402782;-0.702322;-0.351161;0.702322;
0.090420;-1.402211;-0.702093;-0.351046;0.702093;
0.090430;-1.401627;-0.701856;-0.350928;0.701856;
0.090440;-1.401028;-0.701613;-0.350806;0.701613;
0.090450;-1.400416;-0.701362;-0.350681;0.701362;
0.090460;-1.399790;-0.701105;-0.350552;0.701105;
0.090470;-1.399150;-0.700841;-0.350420;0.700841;
0.090480;-1.398497;-0.700570;-0.350285;0.700570;
0.090490;-1.397829;-0.700291;-0.350146;0.700291;
0.090500;-1.397148;-0.700006;-0.350003;0.700006;
0.090510;-1.396453;-0.699715;-0.349857;0.699715;
0.090520;-1.395744;-0.699416;-0.349708;0.699416;
0.090530;-1.395022;-0.699110;-0.349555;0.699110;
0.090540;-1.394285;-0.698798;-0.349399;0.698798;
0.090550;-1.393535;-0.698478;-0.349239;0.698478;
0.090560;-1.392771;-0.698152;-0.349076;0.698152;
0.090570;-1.391994;-0.697818;-0.348909;0.697818;
0.090580;-1.391202;-0.697478;-0.348739;0.697478;
0.090590;-1.390397;-0.697131;-0.348566;0.697131;
0.090600;-1.389578;-0.696777;-0.348389;0.696777;
0.090610;-1.388746;-0.696416;-0.348208;0.696416;
0.090620;-1.387900;-0.696049;-0.348024;0.696049;
0.090630;-1.387040;-0.695674;-0.347837;0.695674;
0.090640;-1.386166;-0.695293;-0.347646;0.695293;
0.090650;-1.385279;-0.694904;-0.347452;0.694904;
0.090660;-1.384378;-0.694509;-0.347255;0.694509;
0.090670;-1.383463;-0.694107;-0.347054;0.694107;
0.090680;-1.382535;-0.693699;-0.346849;0.693699;
0.090690;-1.381593;-0.693283;-0.346641;0.693283;
0.090700;-1.380638;-0.692860;-0.346430;0.692860;
0.090710;-1.379668;-0.692431;-0.346215;0.692431;
0.090720;-1.378686;-0.691995;-0.345997;0.691995;
0.090730;-1.377689;-0.691552;-0.345776;0.691552;
0.090740;-1.376679;-0.691102;-0.345551;0.691102;
0.090750;-1.375656;-0.690645;-0.345323;0.690645;
0.090760;-1.374618;-0.690182;-0.345091;0.690182;
0.090770;-1.373568;-0.689711;-0.344856;0.689711;
0.090780;-1.372503;-0.689234;-0.344617;0.689234;
0.090790;-1.371426;-0.688750;-0.344375;0.688750;
0.090800;-1.370334;-0.688260;-0.344130;0.688260;
0.090810;-1.369229;-0.687762;-0.343881;0.687762;
0.090820;-1.368111;-0.687258;-0.343629;0.687258;
0.090830;-1.366979;-0.686747;-0.343373;0.686747;
0.090840;-1.365834;-0.686229;-0.343114;0.686229;
0.090850;-1.364675;-0.685704;-0.342852;0.685704;
0.090860;-1.363502;-0.685173;-0.342586;0.685173;
0.090870;-1.362317;-0.684635;-0.342317;0.684635;
0.090880;-1.361117;-0.684090;-0.342045;0.684090;
0.090890;-1.359905;-0.683538;-0.341769;0.683538;
0.090900;-1.358678;-0.682980;-0.341490;0.682980;
0.090910;-1.357439;-0.682415;-0.341207;0.682415;
0.090920;-1.356186;-0.681843;-0.340921;0.681843;
0.090930;-1.354920;-0.681264;-0.340632;0.681264;
0.090940;-1.353640;-0.680679;-0.340339;0.680679;
0.090950;-1.352347;-0.680087;-0.340043;0.680087;
0.090960;-1.351041;-0.679488;-0.339744;0.679488;
0.090970;-1.349721;-0.678882;-0.339441;0.678882;
0.090980;-1.348388;-0.678270;-0.339135;0.678270;
0.090990;-1.347041;-0.677651;-0.338826;0.677651;
0.091000;-1.345682;-0.677026;-0.338513;0.677026;
0.091010;-1.344309;-0.676394;-0.338197;0.676394;
0.091020;-1.342923;-0.675755;-0.337877;0.675755;
0.091030;-1.341523;-0.675109;-0.337555;0.675109;
0.091040;-1.340111;-0.674457;-0.337228;0.674457;
0.091050;-1.338685;-0.673798;-0.336899;0.673798;
0.091060;-1.337246;-0.673132;-0.336566;0.673132;
0.091070;-1.335793;-0.672460;-0.336230;0.672460;
0.091080;-1.334328;-0.671781;-0.335891;0.671781;
0.091090;-1.332849;-0.671096;-0.335548;0.671096;
0.091100;-1.331357;-0.670404;-0.335202;0.670404;
0.091110;-1.329852;-0.669705;-0.334853;0.669705;
0.091120;-1.328334;-0.669000;-0.334500;0.669000;
0.091130;-1.326803;-0.668288;-0.334144;0.668288;
0.091140;-1.325259;-0.667569;-0.333785;0.667569;
0.091150;-1.323701;-0.666844;-0.333422;0.666844;
0.091160;-1.322131;-0.666113;-0.333056;0.666113;
0.091170;-1.320547;-0.665374;-0.332687;0.665374;
0.091180;-1.318951;-0.664629;-0.332315;0.664629;
0.091190;-1.317341;-0.663878;-0.331939;0.663878;
0.091200;-1.315719;-0.663120;-0.331560;0.663120;
0.091210;-1.314083;-0.662356;-0.331178;0.662356;
0.091220;-1.312435;-0.661585;-0.330792;0.661585;
0.091230;-1.310773;-0.660807;-0.330404;0.660807;
0.091240;-1.309099;-0.660023;-0.330012;0.660023;
0.091250;-1.307411;-0.659232;-0.329616;0.659232;
0.091260;-1.305711;-0.658435;-0.329218;0.658435;
0.091270;-1.303998;-0.657632;-0.328816;0.657632;
0.091280;-1.302272;-0.656822;-0.328411;0.656822;
0.091290;-1.300533;-0.656005;-0.328003;0.656005;
0.091300;-1.298782;-0.655182;-0.327591;0.655182;
0.091310;-1.297017;-0.654353;-0.327176;0.654353;
0.091320;-1.295240;-0.653517;-0.326758;0.653517;
0.091330;-1.293450;-0.652674;-0.326337;0.652674;
0.091340;-1.291647;-0.651825;-0.325913;0.651825;
0.091350;-1.289831;-0.650970;-0.325485;0.650970;
0.091360;-1.288003;-0.650108;-0.325054;0.650108;
0.091370;-1.286162;-0.649240;-0.324620;0.649240;
0.091380;-1.284308;-0.648366;-0.324183;0.648366;
0.091390;-1.282442;-0.647485;-0.323742;0.647485;
0.091400;-1.280563;-0.646597;-0.323299;0.646597;
0.091410;-1.278671;-0.645704;-0.322852;0.645704;
0.091420;-1.276767;-0.644804;-0.322402;0.644804;
0.091430;-1.274850;-0.643897;-0.321949;0.643897;
0.091440;-1.272921;-0.642984;-0.321492;0.642984;
0.091450;-1.270979;-0.642065;-0.321033;0.642065;
0.091460;-1.269024;-0.641140;-0.320570;0.641140;
0.091470;-1.267057;-0.640208;-0.320104;0.640208;
0.091480;-1.265077;-0.639270;-0.319635;0.639270;
0.091490;-1.263085;-0.638325;-0.319163;0.638325;
0.091500;-1.261080;-0.637375;-0.318687;0.637375;
0.091510;-1.259063;-0.636418;-0.318209;0.636418;
0.091520;-1.257034;-0.635454;-0.317727;0.635454;
0.091530;-1.254992;-0.634485;-0.317242;0.634485;
0.091540;-1.252938;-0.633509;-0.316754;0.633509;
0.091550;-1.250871;-0.632527;-0.316263;0.632527;
0.091560;-1.248792;-0.631538;-0.315769;0.631538;
0.091570;-1.246701;-0.630544;-0.315272;0.630544;
0.091580;-1.244597;-0.629543;-0.314772;0.629543;
0.091590;-1.242482;-0.628536;-0.314268;0.628536;
0.091600;-1.240353;-0.627523;-0.313761;0.627523;
0.091610;-1.238213;-0.626503;-0.313252;0.626503;
0.091620;-1.236060;-0.625478;-0.312739;0.625478;
0.091630;-1.233896;-0.624446;-0.312223;0.624446;
0.091640;-1.231719;-0.623408;-0.311704;0.623408;
0.091650;-1.229530;-0.622364;-0.311182;0.622364;
0.091660;-1.227328;-0.621314;-0.310657;0.621314;
0.091670;-1.225115;-0.620257;-0.310129;0.620257;
0.091680;-1.222889;-0.619195;-0.309598;0.619195;
0.091690;-1.220652;-0.618126;-0.309063;0.618126;
0.091700;-1.218402;-0.617052;-0.308526;0.617052;
0.091710;-1.216141;-0.615971;-0.307985;0.615971;
0.091720;-1.213867;-0.614884;-0.307442;0.614884;
0.091730;-1.211582;-0.613791;-0.306896;0.613791;
0.091740;-1.209284;-0.612692;-0.306346;0.612692;
0.091750;-1.206974;-0.611587;-0.305794;0.611587;
0.091760;-1.204653;-0.610476;-0.305238;0.610476;
0.091770;-1.202320;-0.609359;-0.304680;0.609359;
0.091780;-1.199975;-0.608236;-0.304118;0.608236;
0.091790;-1.197618;-0.607107;-0.303553;0.607107;
0.091800;-1.195249;-0.605972;-0.302986;0.605972;
0.091810;-1.192868;-0.604831;-0.302415;0.604831;
0.091820;-1.190476;-0.603684;-0.301842;0.603684;
0.091830;-1.188072;-0.602531;-0.301265;0.602531;
0.091840;-1.185656;-0.601372;-0.300686;0.601372;
0.091850;-1.183228;-0.600207;-0.300103;0.600207;
0.091860;-1.180789;-0.599036;-0.299518;0.599036;
0.091870;-1.178338;-0.597859;-0.298930;0.597859;
0.091880;-1.175876;-0.596677;-0.298338;0.596677;
0.091890;-1.173401;-0.595488;-0.297744;0.595488;
0.091900;-1.170916;-0.594294;-0.297147;0.594294;
0.091910;-1.168418;-0.593093;-0.296547;0.593093;
0.091920;-1.165910;-0.591887;-0.295944;0.591887;
0.091930;-1.163389;-0.590675;-0.295338;0.590675;
0.091940;-1.160858;-0.589458;-0.294729;0.589458;
0.091950;-1.158314;-0.588234;-0.294117;0.588234;
0.091960;-1.155760;-0.587005;-0.293502;0.587005;
0.091970;-1.153194;-0.585769;-0.292885;0.585769;
0.091980;-1.150616;-0.584528;-0.292264;0.584528;
0.091990;-1.148027;-0.583282;-0.291641;0.583282;
0.092000;-1.145427;-0.582029;-0.291015;0.582029;
0.092010;-1.142816;-0.580771;-0.290385;0.580771;
0.092020;-1.140193;-0.579507;-0.289753;0.579507;
0.092030;-1.137559;-0.578237;-0.289119;0.578237;
0.092040;-1.134914;-0.576962;-0.288481;0.576962;
0.092050;-1.132257;-0.575681;-0.287840;0.575681;
0.092060;-1.129590;-0.574394;-0.287197;0.574394;
0.092070;-1.126911;-0.573101;-0.286551;0.573101;
0.092080;-1.124221;-0.571803;-0.285902;0.571803;
0.092090;-1.121520;-0.570500;-0.285250;0.570500;
0.092100;-1.118808;-0.569190;-0.284595;0.569190;
0.092110;-1.116085;-0.567875;-0.283938;0.567875;
0.092120;-1.113351;-0.566555;-0.283277;0.566555;
0.092130;-1.110606;-0.565228;-0.282614;0.565228;
0.092140;-1.107850;-0.563897;-0.281948;0.563897;
0.092150;-1.105083;-0.562559;-0.281280;0.562559;
0.092160;-1.102305;-0.561216;-0.280608;0.561216;
0.092170;-1.099516;-0.559868;-0.279934;0.559868;
0.092180;-1.096717;-0.558514;-0.279257;0.558514;
0.092190;-1.093906;-0.557154;-0.278577;0.557154;
0.092200;-1.091085;-0.555789;-0.277895;0.555789;
0.092210;-1.088253;-0.554419;-0.277210;0.554419;
0.092220;-1.085410;-0.553043;-0.276522;0.553043;
0.092230;-1.082557;-0.551662;-0.275831;0.551662;
0.092240;-1.079693;-0.550275;-0.275137;0.550275;
0.092250;-1.076818;-0.548883;-0.274441;0.548883;
0.092260;-1.073932;-0.547485;-0.273742;0.547485;
0.092270;-1.071036;-0.546082;-0.273041;0.546082;
0.092280;-1.068130;-0.544673;-0.272337;0.544673;
0.092290;-1.065213;-0.543260;-0.271630;0.543260;
0.092300;-1.062285;-0.541840;-0.270920;0.541840;
0.092310;-1.059347;-0.540416;-0.270208;0.540416;
0.092320;-1.056398;-0.538986;-0.269493;0.538986;
0.092330;-1.053439;-0.537551;-0.268775;0.537551;
0.092340;-1.050470;-0.536110;-0.268055;0.536110;
0.092350;-1.047490;-0.534664;-0.267332;0.534664;
0.092360;-1.044500;-0.533213;-0.266607;0.533213;
0.092370;-1.041500;-0.531757;-0.265878;0.531757;
0.092380;-1.038489;-0.530295;-0.265148;0.530295;
0.092390;-1.035468;-0.528828;-0.264414;0.528828;
0.092400;-1.032437;-0.527356;-0.263678;0.527356;
0.092410;-1.029395;-0.525879;-0.262940;0.525879;
0.092420;-1.026344;-0.524397;-0.262198;0.524397;
0.092430;-1.023282;-0.522909;-0.261455;0.522909;
0.092440;-1.020210;-0.521416;-0.260708;0.521416;
0.092450;-1.017129;-0.519918;-0.259959;0.519918;
0.092460;-1.014037;-0.518415;-0.259208;0.518415;
0.092470;-1.010935;-0.516907;-0.258454;0.516907;
0.092480;-1.007823;-0.515394;-0.257697;0.515394;
0.092490;-1.004701;-0.513876;-0.256938;0.513876;
0.092500;-1.001570;-0.512352;-0.256176;0.512352;
0.092510;-0.998428;-0.510824;-0.255412;0.510824;
0.092520;-0.995277;-0.509290;-0.254645;0.509290;
0.092530;-0.992115;-0.507751;-0.253876;0.507751;
0.092540;-0.988944;-0.506208;-0.253104;0.506208;
0.092550;-0.985763;-0.504659;-0.252330;0.504659;
0.092560;-0.982573;-0.503106;-0.251553;0.503106;
0.092570;-0.979373;-0.501547;-0.250774;0.501547;
0.092580;-0.976163;-0.499984;-0.249992;0.499984;
0.092590;-0.972943;-0.498415;-0.249208;0.498415;
0.092600;-0.969714;-0.496842;-0.248421;0.496842;
0.092610;-0.966475;-0.495264;-0.247632;0.495264;
0.092620;-0.963227;-0.493681;-0.246840;0.493681;
0.092630;-0.959969;-0.492093;-0.246046;0.492093;
0.092640;-0.956702;-0.490500;-0.245250;0.490500;
0.092650;-0.953425;-0.488902;-0.244451;0.488902;
0.092660;-0.950139;-0.487300;-0.243650;0.487300;
0.092670;-0.946844;-0.485692;-0.242846;0.485692;
0.092680;-0.943539;-0.484080;-0.242040;0.484080;
0.092690;-0.940225;-0.482463;-0.241232;0.482463;
0.092700;-0.936901;-0.480842;-0.240421;0.480842;
0.092710;-0.933569;-0.479215;-0.239608;0.479215;
0.092720;-0.930227;-0.477584;-0.238792;0.477584;
0.092730;-0.926876;-0.475948;-0.237974;0.475948;
0.092740;-0.923516;-0.474308;-0.237154;0.474308;
0.092750;-0.920146;-0.472663;-0.236331;0.472663;
0.092760;-0.916768;-0.471013;-0.235506;0.471013;
0.092770;-0.913380;-0.469358;-0.234679;0.469358;
0.092780;-0.909984;-0.467699;-0.233850;0.467699;
0.092790;-0.906579;-0.466035;-0.233018;0.466035;
0.092800;-0.903164;-0.464367;-0.232184;0.464367;
0.092810;-0.899741;-0.462694;-0.231347;0.462694;
0.092820;-0.896309;-0.461017;-0.230508;0.461017;
0.092830;-0.892868;-0.459334;-0.229667;0.459334;
0.092840;-0.889418;-0.457648;-0.228824;0.457648;
0.092850;-0.885959;-0.455957;-0.227978;0.455957;
0.092860;-0.882492;-0.454261;-0.227131;0.454261;
0.092870;-0.879016;-0.452561;-0.226280;0.452561;
0.092880;-0.875531;-0.450856;-0.225428;0.450856;
0.092890;-0.872038;-0.449147;-0.224574;0.449147;
0.092900;-0.868536;-0.447434;-0.223717;0.447434;
0.092910;-0.865025;-0.445716;-0.222858;0.445716;
0.092920;-0.861506;-0.443994;-0.221997;0.443994;
0.092930;-0.857978;-0.442267;-0.221134;0.442267;
0.092940;-0.854442;-0.440536;-0.220268;0.440536;
0.092950;-0.850898;-0.438801;-0.219400;0.438801;
0.092960;-0.847345;-0.437061;-0.218531;0.437061;
0.092970;-0.843784;-0.435317;-0.217659;0.435317;
0.092980;-0.840214;-0.433569;-0.216784;0.433569;
0.092990;-0.836636;-0.431816;-0.215908;0.431816;
0.093000;-0.833050;-0.430059;-0.215030;0.430059;
0.093010;-0.829456;-0.428298;-0.214149;0.428298;
0.093020;-0.825853;-0.426533;-0.213266;0.426533;
0.093030;-0.822242;-0.424763;-0.212382;0.424763;
0.093040;-0.818624;-0.422990;-0.211495;0.422990;
0.093050;-0.814997;-0.421212;-0.210606;0.421212;
0.093060;-0.811362;-0.419430;-0.209715;0.419430;
0.093070;-0.807719;-0.417643;-0.208822;0.417643;
0.093080;-0.804068;-0.415853;-0.207927;0.415853;
0.093090;-0.800409;-0.414059;-0.207029;0.414059;
0.093100;-0.796742;-0.412260;-0.206130;0.412260;
0.093110;-0.793068;-0.410458;-0.205229;0.410458;
0.093120;-0.789385;-0.408651;-0.204325;0.408651;
0.093130;-0.785695;-0.406840;-0.203420;0.406840;
0.093140;-0.781997;-0.405026;-0.202513;0.405026;
0.093150;-0.778291;-0.403207;-0.201603;0.403207;
0.093160;-0.774578;-0.401384;-0.200692;0.401384;
0.093170;-0.770857;-0.399558;-0.199779;0.399558;
0.093180;-0.767128;-0.397727;-0.198864;0.397727;
0.093190;-0.763392;-0.395893;-0.197946;0.395893;
0.093200;-0.759648;-0.394054;-0.197027;0.394054;
0.093210;-0.755897;-0.392212;-0.196106;0.392212;
0.093220;-0.752138;-0.390366;-0.195183;0.390366;
0.093230;-0.748372;-0.388516;-0.194258;0.388516;
0.093240;-0.744599;-0.386662;-0.193331;0.386662;
0.093250;-0.740818;-0.384804;-0.192402;0.384804;
0.093260;-0.737030;-0.382943;-0.191471;0.382943;
0.093270;-0.733234;-0.381078;-0.190539;0.381078;
0.093280;-0.729431;-0.379209;-0.189604;0.379209;
0.093290;-0.725622;-0.377336;-0.188668;0.377336;
0.093300;-0.721804;-0.375459;-0.187730;0.375459;
0.093310;-0.717980;-0.373579;-0.186790;0.373579;
0.093320;-0.714149;-0.371695;-0.185848;0.371695;
0.093330;-0.710311;-0.369808;-0.184904;0.369808;
0.093340;-0.706465;-0.367917;-0.183958;0.367917;
0.093350;-0.702613;-0.366022;-0.183011;0.366022;
0.093360;-0.698754;-0.364124;-0.182062;0.364124;
0.093370;-0.694888;-0.362222;-0.181111;0.362222;
0.093380;-0.691015;-0.360316;-0.180158;0.360316;
0.093390;-0.687135;-0.358407;-0.179203;0.358407;
0.093400;-0.683248;-0.356494;-0.178247;0.356494;
0.093410;-0.679355;-0.354578;-0.177289;0.354578;
0.093420;-0.675455;-0.352658;-0.176329;0.352658;
0.093430;-0.671548;-0.350735;-0.175368;0.350735;
0.093440;-0.667635;-0.348808;-0.174404;0.348808;
0.093450;-0.663715;-0.346878;-0.173439;0.346878;
0.093460;-0.659789;-0.344945;-0.172472;0.344945;
0.093470;-0.655856;-0.343008;-0.171504;0.343008;
0.093480;-0.651916;-0.341068;-0.170534;0.341068;
0.093490;-0.647970;-0.339124;-0.169562;0.339124;
0.093500;-0.644018;-0.337177;-0.168588;0.337177;
0.093510;-0.640059;-0.335227;-0.167613;0.335227;
0.093520;-0.636094;-0.333273;-0.166636;0.333273;
0.093530;-0.632123;-0.331316;-0.165658;0.331316;
0.093540;-0.628146;-0.329356;-0.164678;0.329356;
0.093550;-0.624162;-0.327392;-0.163696;0.327392;
0.093560;-0.620172;-0.325426;-0.162713;0.325426;
0.093570;-0.616176;-0.323456;-0.161728;0.323456;
0.093580;-0.612174;-0.321483;-0.160741;0.321483;
0.093590;-0.608166;-0.319506;-0.159753;0.319506;
0.093600;-0.604152;-0.317527;-0.158764;0.317527;
0.093610;-0.600132;-0.315544;-0.157772;0.315544;
0.093620;-0.596106;-0.313559;-0.156779;0.313559;
0.093630;-0.592074;-0.311570;-0.155785;0.311570;
0.093640;-0.588037;-0.309578;-0.154789;0.309578;
0.093650;-0.583993;-0.307583;-0.153792;0.307583;
0.093660;-0.579944;-0.305585;-0.152793;0.305585;
0.093670;-0.575889;-0.303584;-0.151792;0.303584;
0.093680;-0.571828;-0.301581;-0.150790;0.301581;
0.093690;-0.567762;-0.299574;-0.149787;0.299574;
0.093700;-0.563690;-0.297564;-0.148782;0.297564;
0.093710;-0.559613;-0.295551;-0.147775;0.295551;
0.093720;-0.555530;-0.293535;-0.146768;0.293535;
0.093730;-0.551441;-0.291517;-0.145758;0.291517;
0.093740;-0.547347;-0.289495;-0.144748;0.289495;
0.093750;-0.543248;-0.287471;-0.143735;0.287471;
0.093760;-0.539143;-0.285444;-0.142722;0.285444;
0.093770;-0.535033;-0.283414;-0.141707;0.283414;
0.093780;-0.530918;-0.281381;-0.140690;0.281381;
0.093790;-0.526797;-0.279345;-0.139673;0.279345;
0.093800;-0.522672;-0.277307;-0.138653;0.277307;
0.093810;-0.518541;-0.275266;-0.137633;0.275266;
0.093820;-0.514405;-0.273222;-0.136611;0.273222;
0.093830;-0.510264;-0.271175;-0.135588;0.271175;
0.093840;-0.506117;-0.269126;-0.134563;0.269126;
0.093850;-0.501966;-0.267074;-0.133537;0.267074;
0.093860;-0.497810;-0.265020;-0.132510;0.265020;
0.093870;-0.493649;-0.262963;-0.131481;0.262963;
0.093880;-0.489483;-0.260903;-0.130452;0.260903;
0.093890;-0.485313;-0.258841;-0.129421;0.258841;
0.093900;-0.481137;-0.256776;-0.128388;0.256776;
0.093910;-0.476957;-0.254709;-0.127354;0.254709;
0.093920;-0.472772;-0.252639;-0.126320;0.252639;
0.093930;-0.468583;-0.250567;-0.125283;0.250567;
0.093940;-0.464388;-0.248492;-0.124246;0.248492;
0.093950;-0.460190;-0.246415;-0.123207;0.246415;
0.093960;-0.455986;-0.244335;-0.122167;0.244335;
0.093970;-0.451778;-0.242253;-0.121126;0.242253;
0.093980;-0.447566;-0.240168;-0.120084;0.240168;
0.093990;-0.443349;-0.238081;-0.119041;0.238081;
0.094000;-0.439128;-0.235992;-0.117996;0.235992;
0.094010;-0.434903;-0.233901;-0.116950;0.233901;
0.094020;-0.430673;-0.231807;-0.115903;0.231807;
0.094030;-0.426439;-0.229711;-0.114855;0.229711;
0.094040;-0.422201;-0.227612;-0.113806;0.227612;
0.094050;-0.417959;-0.225512;-0.112756;0.225512;
0.094060;-0.413712;-0.223409;-0.111704;0.223409;
0.094070;-0.409462;-0.221304;-0.110652;0.221304;
0.094080;-0.405207;-0.219196;-0.109598;0.219196;
0.094090;-0.400948;-0.217087;-0.108543;0.217087;
0.094100;-0.396686;-0.214975;-0.107488;0.214975;
0.094110;-0.392419;-0.212862;-0.106431;0.212862;
0.094120;-0.388149;-0.210746;-0.105373;0.210746;
0.094130;-0.383875;-0.208628;-0.104314;0.208628;
0.094140;-0.379597;-0.206508;-0.103254;0.206508;
0.094150;-0.375315;-0.204386;-0.102193;0.204386;
0.094160;-0.371030;-0.202262;-0.101131;0.202262;
0.094170;-0.366741;-0.200136;-0.100068;0.200136;
0.094180;-0.362448;-0.198008;-0.099004;0.198008;
0.094190;-0.358152;-0.195878;-0.097939;0.195878;
0.094200;-0.353852;-0.193746;-0.096873;0.193746;
0.094210;-0.349549;-0.191613;-0.095806;0.191613;
0.094220;-0.345242;-0.189477;-0.094738;0.189477;
0.094230;-0.340932;-0.187339;-0.093670;0.187339;
0.094240;-0.336618;-0.185200;-0.092600;0.185200;
0.094250;-0.332301;-0.183059;-0.091529;0.183059;
0.094260;-0.327981;-0.180916;-0.090458;0.180916;
0.094270;-0.323658;-0.178771;-0.089385;0.178771;
0.094280;-0.319331;-0.176624;-0.088312;0.176624;
0.094290;-0.315002;-0.174476;-0.087238;0.174476;
0.094300;-0.310669;-0.172326;-0.086163;0.172326;
0.094310;-0.306333;-0.170174;-0.085087;0.170174;
0.094320;-0.301994;-0.168021;-0.084010;0.168021;
0.094330;-0.297652;-0.165866;-0.082933;0.165866;
0.094340;-0.293307;-0.163709;-0.081855;0.163709;
0.094350;-0.288959;-0.161551;-0.080775;0.161551;
0.094360;-0.284609;-0.159391;-0.079695;0.159391;
0.094370;-0.280256;-0.157229;-0.078615;0.157229;
0.094380;-0.275899;-0.155066;-0.077533;0.155066;
0.094390;-0.271541;-0.152902;-0.076451;0.152902;
0.094400;-0.267179;-0.150736;-0.075368;0.150736;
0.094410;-0.262815;-0.148568;-0.074284;0.148568;
0.094420;-0.258448;-0.146399;-0.073200;0.146399;
0.094430;-0.254079;-0.144229;-0.072114;0.144229;
0.094440;-0.249707;-0.142057;-0.071028;0.142057;
0.094450;-0.245333;-0.139883;-0.069942;0.139883;
0.094460;-0.240956;-0.137709;-0.068854;0.137709;
0.094470;-0.236577;-0.135533;-0.067766;0.135533;
0.094480;-0.232195;-0.133355;-0.066678;0.133355;
0.094490;-0.227812;-0.131177;-0.065588;0.131177;
0.094500;-0.223426;-0.128997;-0.064498;0.128997;
0.094510;-0.219037;-0.126815;-0.063408;0.126815;
0.094520;-0.214647;-0.124633;-0.062316;0.124633;
0.094530;-0.210255;-0.122449;-0.061225;0.122449;
0.094540;-0.205860;-0.120264;-0.060132;0.120264;
0.094550;-0.201463;-0.118078;-0.059039;0.118078;
0.094560;-0.197065;-0.115891;-0.057945;0.115891;
0.094570;-0.192664;-0.113702;-0.056851;0.113702;
0.094580;-0.188262;-0.111513;-0.055756;0.111513;
0.094590;-0.183858;-0.109322;-0.054661;0.109322;
0.094600;-0.179452;-0.107130;-0.053565;0.107130;
0.094610;-0.175044;-0.104937;-0.052469;0.104937;
0.094620;-0.170634;-0.102744;-0.051372;0.102744;
0.094630;-0.166223;-0.100549;-0.050274;0.100549;
0.094640;-0.161810;-0.098353;-0.049176;0.098353;
0.094650;-0.157396;-0.096156;-0.048078;0.096156;
0.094660;-0.152980;-0.093958;-0.046979;0.093958;
0.094670;-0.148562;-0.091760;-0.045880;0.091760;
0.094680;-0.144143;-0.089560;-0.044780;0.089560;
0.094690;-0.139722;-0.087359;-0.043680;0.087359;
0.094700;-0.135301;-0.085158;-0.042579;0.085158;
0.094710;-0.130878;-0.082956;-0.041478;0.082956;
0.094720;-0.126453;-0.080753;-0.040376;0.080753;
0.094730;-0.122027;-0.078549;-0.039275;0.078549;
0.094740;-0.117600;-0.076345;-0.038172;0.076345;
0.094750;-0.113172;-0.074139;-0.037070;0.074139;
0.094760;-0.108743;-0.071933;-0.035967;0.071933;
0.094770;-0.104313;-0.069726;-0.034863;0.069726;
0.094780;-0.099882;-0.067519;-0.033759;0.067519;
0.094790;-0.095449;-0.065311;-0.032655;0.065311;
0.094800;-0.091016;-0.063102;-0.031551;0.063102;
0.094810;-0.086582;-0.060893;-0.030446;0.060893;
0.094820;-0.082147;-0.058683;-0.029341;0.058683;
0.094830;-0.077711;-0.056472;-0.028236;0.056472;
0.094840;-0.073275;-0.054261;-0.027130;0.054261;
0.094850;-0.068837;-0.052049;-0.026025;0.052049;
0.094860;-0.064400;-0.049837;-0.024918;0.049837;
0.094870;-0.059961;-0.047624;-0.023812;0.047624;
0.094880;-0.055522;-0.045411;-0.022706;0.045411;
0.094890;-0.051082;-0.043198;-0.021599;0.043198;
0.094900;-0.046642;-0.040984;-0.020492;0.040984;
0.094910;-0.042201;-0.038769;-0.019385;0.038769;
0.094920;-0.037760;-0.036554;-0.018277;0.036554;
0.094930;-0.033319;-0.034339;-0.017170;0.034339;
0.094940;-0.028877;-0.032124;-0.016062;0.032124;
0.094950;-0.024435;-0.029908;-0.014954;0.029908;
0.094960;-0.019992;-0.027692;-0.013846;0.027692;
0.094970;-0.015550;-0.025475;-0.012738;0.025475;
0.094980;-0.011107;-0.023259;-0.011629;0.023259;
0.094990;-0.006664;-0.021042;-0.010521;0.021042;
0.095000;-0.002221;-0.018825;-0.009412;0.018825;
0.095010;0.002221;-0.016607;-0.008304;0.016607;
0.095020;0.006664;-0.014390;-0.007195;0.014390;
0.095030;0.011107;-0.012172;-0.006086;0.012172;
0.095040;0.015550;-0.009955;-0.004977;0.009955;
0.095050;0.019992;-0.007737;-0.003868;0.007737;
0.095060;0.024435;-0.005519;-0.002760;0.005519;
0.095070;0.028877;-0.003301;-0.001651;0.003301;
0.095080;0.033319;-0.001083;-0.000542;0.001083;
0.095090;0.037760;0.001135;0.000567;-0.001135;
0.095100;0.042201;0.003353;0.001676;-0.003353;
0.095110;0.046642;0.005571;0.002785;-0.005571;
0.095120;0.051082;0.007789;0.003894;-0.007789;
0.095130;0.055522;0.010006;0.005003;-0.010006;
0.095140;0.059961;0.012224;0.006112;-0.012224;
0.095150;0.064400;0.014442;0.007221;-0.014442;
0.095160;0.068837;0.016659;0.008330;-0.016659;
0.095170;0.073275;0.018876;0.009438;-0.018876;
0.095180;0.077711;0.021093;0.010547;-0.021093;
0.095190;0.082147;0.023310;0.011655;-0.023310;
0.095200;0.086582;0.025527;0.012763;-0.025527;
0.095210;0.091016;0.027743;0.013872;-0.027743;
0.095220;0.095449;0.029959;0.014980;-0.029959;
0.095230;0.099882;0.032175;0.016088;-0.032175;
0.095240;0.104313;0.034391;0.017195;-0.034391;
0.095250;0.108743;0.036606;0.018303;-0.036606;
0.095260;0.113172;0.038821;0.019410;-0.038821;
0.095270;0.117600;0.041035;0.020518;-0.041035;
0.095280;0.122027;0.043249;0.021625;-0.043249;
0.095290;0.126453;0.045463;0.022731;-0.045463;
0.095300;0.130878;0.047676;0.023838;-0.047676;
0.095310;0.135301;0.049889;0.024944;-0.049889;
0.095320;0.139722;0.052101;0.026050;-0.052101;
0.095330;0.144143;0.054312;0.027156;-0.054312;
0.095340;0.148562;0.056524;0.028262;-0.056524;
0.095350;0.152980;0.058734;0.029367;-0.058734;
0.095360;0.157396;0.060944;0.030472;-0.060944;
0.095370;0.161810;0.063153;0.031577;-0.063153;
0.095380;0.166223;0.065362;0.032681;-0.065362;
0.095390;0.170634;0.067570;0.033785;-0.067570;
0.095400;0.175044;0.069778;0.034889;-0.069778;
0.095410;0.179452;0.071985;0.035992;-0.071985;
0.095420;0.183858;0.074191;0.037095;-0.074191;
0.095430;0.188262;0.076396;0.038198;-0.076396;
0.095440;0.192664;0.078600;0.039300;-0.078600;
0.095450;0.197065;0.080804;0.040402;-0.080804;
0.095460;0.201463;0.083007;0.041504;-0.083007;
0.095470;0.205860;0.085209;0.042605;-0.085209;
0.095480;0.210255;0.087411;0.043705;-0.087411;
0.095490;0.214647;0.089611;0.044806;-0.089611;
0.095500;0.219037;0.091811;0.045905;-0.091811;
0.095510;0.223426;0.094010;0.047005;-0.094010;
0.095520;0.227812;0.096207;0.048104;-0.096207;
0.095530;0.232195;0.098404;0.049202;-0.098404;
0.095540;0.236577;0.100600;0.050300;-0.100600;
0.095550;0.240956;0.102795;0.051397;-0.102795;
0.095560;0.245333;0.104989;0.052494;-0.104989;
0.095570;0.249707;0.107181;0.053591;-0.107181;
0.095580;0.254079;0.109373;0.054687;-0.109373;
0.095590;0.258448;0.111564;0.055782;-0.111564;
0.095600;0.262815;0.113753;0.056877;-0.113753;
0.095610;0.267179;0.115942;0.057971;-0.115942;
0.095620;0.271541;0.118129;0.059064;-0.118129;
0.095630;0.275899;0.120315;0.060158;-0.120315;
0.095640;0.280256;0.122500;0.061250;-0.122500;
0.095650;0.284609;0.124684;0.062342;-0.124684;
0.095660;0.288959;0.126866;0.063433;-0.126866;
0.095670;0.293307;0.129047;0.064524;-0.129047;
0.095680;0.297652;0.131227;0.065614;-0.131227;
0.095690;0.301994;0.133406;0.066703;-0.133406;
0.095700;0.306333;0.135583;0.067792;-0.135583;
0.095710;0.310669;0.137759;0.068880;-0.137759;
0.095720;0.315002;0.139934;0.069967;-0.139934;
0.095730;0.319331;0.142107;0.071054;-0.142107;
0.095740;0.323658;0.144279;0.072140;-0.144279;
0.095750;0.327981;0.146450;0.073225;-0.146450;
0.095760;0.332301;0.148619;0.074309;-0.148619;
0.095770;0.336618;0.150786;0.075393;-0.150786;
0.095780;0.340932;0.152952;0.076476;-0.152952;
0.095790;0.345242;0.155117;0.077558;-0.155117;
0.095800;0.349549;0.157280;0.078640;-0.157280;
0.095810;0.353852;0.159441;0.079721;-0.159441;
0.095820;0.358152;0.161601;0.080801;-0.161601;
0.095830;0.362448;0.163759;0.081880;-0.163759;
0.095840;0.366741;0.165916;0.082958;-0.165916;
0.095850;0.371030;0.168071;0.084036;-0.168071;
0.095860;0.375315;0.170224;0.085112;-0.170224;
0.095870;0.379597;0.172376;0.086188;-0.172376;
0.095880;0.383875;0.174526;0.087263;-0.174526;
0.095890;0.388149;0.176674;0.088337;-0.176674;
0.095900;0.392419;0.178821;0.089410;-0.178821;
0.095910;0.396686;0.180966;0.090483;-0.180966;
0.095920;0.400948;0.183109;0.091554;-0.183109;
0.095930;0.405207;0.185250;0.092625;-0.185250;
0.095940;0.409462;0.187389;0.093695;-0.187389;
0.095950;0.413712;0.189527;0.094763;-0.189527;
0.095960;0.417959;0.191662;0.095831;-0.191662;
0.095970;0.422201;0.193796;0.096898;-0.193796;
0.095980;0.426439;0.195928;0.097964;-0.195928;
0.095990;0.430673;0.198058;0.099029;-0.198058;
0.096000;0.434903;0.200186;0.100093;-0.200186;
0.096010;0.439128;0.202312;0.101156;-0.202312;
0.096020;0.443349;0.204436;0.102218;-0.204436;
0.096030;0.447566;0.206557;0.103279;-0.206557;
0.096040;0.451778;0.208677;0.104339;-0.208677;
0.096050;0.455986;0.210795;0.105398;-0.210795;
0.096060;0.460190;0.212911;0.106455;-0.212911;
0.096070;0.464388;0.215025;0.107512;-0.215025;
0.096080;0.468583;0.217136;0.108568;-0.217136;
0.096090;0.472772;0.219246;0.109623;-0.219246;
0.096100;0.476957;0.221353;0.110676;-0.221353;
0.096110;0.481137;0.223458;0.111729;-0.223458;
0.096120;0.485313;0.225561;0.112780;-0.225561;
0.096130;0.489483;0.227661;0.113831;-0.227661;
0.096140;0.493649;0.229760;0.114880;-0.229760;
0.096150;0.497810;0.231856;0.115928;-0.231856;
0.096160;0.501966;0.233949;0.116975;-0.233949;
0.096170;0.506117;0.236041;0.118020;-0.236041;
0.096180;0.510264;0.238130;0.119065;-0.238130;
0.096190;0.514405;0.240217;0.120108;-0.240217;
0.096200;0.518541;0.242301;0.121151;-0.242301;
0.096210;0.522672;0.244383;0.122192;-0.244383;
0.096220;0.526797;0.246463;0.123232;-0.246463;
0.096230;0.530918;0.248540;0.124270;-0.248540;
0.096240;0.535033;0.250615;0.125308;-0.250615;
0.096250;0.539143;0.252687;0.126344;-0.252687;
0.096260;0.543248;0.254757;0.127379;-0.254757;
0.096270;0.547347;0.256824;0.128412;-0.256824;
0.096280;0.551441;0.258889;0.129445;-0.258889;
0.096290;0.555530;0.260951;0.130476;-0.260951;
0.096300;0.559613;0.263011;0.131505;-0.263011;
0.096310;0.563690;0.265068;0.132534;-0.265068;
0.096320;0.567762;0.267122;0.133561;-0.267122;
0.096330;0.571828;0.269174;0.134587;-0.269174;
0.096340;0.575889;0.271223;0.135612;-0.271223;
0.096350;0.579944;0.273270;0.136635;-0.273270;
0.096360;0.583993;0.275313;0.137657;-0.275313;
0.096370;0.588037;0.277354;0.138677;-0.277354;
0.096380;0.592074;0.279393;0.139696;-0.279393;
0.096390;0.596106;0.281428;0.140714;-0.281428;
0.096400;0.600132;0.283461;0.141730;-0.283461;
0.096410;0.604152;0.285491;0.142745;-0.285491;
0.096420;0.608166;0.287518;0.143759;-0.287518;
0.096430;0.612174;0.289542;0.144771;-0.289542;
0.096440;0.616176;0.291564;0.145782;-0.291564;
0.096450;0.620172;0.293582;0.146791;-0.293582;
0.096460;0.624162;0.295598;0.147799;-0.295598;
0.096470;0.628146;0.297611;0.148805;-0.297611;
0.096480;0.632123;0.299620;0.149810;-0.299620;
0.096490;0.636094;0.301627;0.150814;-0.301627;
0.096500;0.640059;0.303631;0.151816;-0.303631;
0.096510;0.644018;0.305632;0.152816;-0.305632;
0.096520;0.647970;0.307630;0.153815;-0.307630;
0.096530;0.651916;0.309625;0.154812;-0.309625;
0.096540;0.655856;0.311616;0.155808;-0.311616;
0.096550;0.659789;0.313605;0.156803;-0.313605;
0.096560;0.663715;0.315591;0.157795;-0.315591;
0.096570;0.667635;0.317573;0.158787;-0.317573;
0.096580;0.671548;0.319553;0.159776;-0.319553;
0.096590;0.675455;0.321529;0.160764;-0.321529;
0.096600;0.679355;0.323502;0.161751;-0.323502;
0.096610;0.683248;0.325472;0.162736;-0.325472;
0.096620;0.687135;0.327438;0.163719;-0.327438;
0.096630;0.691015;0.329402;0.164701;-0.329402;
0.096640;0.694888;0.331362;0.165681;-0.331362;
0.096650;0.698754;0.333319;0.166659;-0.333319;
0.096660;0.702613;0.335272;0.167636;-0.335272;
0.096670;0.706465;0.337222;0.168611;-0.337222;
0.096680;0.710311;0.339169;0.169585;-0.339169;
0.096690;0.714149;0.341113;0.170556;-0.341113;
0.096700;0.717980;0.343053;0.171527;-0.343053;
0.096710;0.721804;0.344990;0.172495;-0.344990;
0.096720;0.725622;0.346923;0.173462;-0.346923;
0.096730;0.729431;0.348853;0.174427;-0.348853;
0.096740;0.733234;0.350780;0.175390;-0.350780;
0.096750;0.737030;0.352703;0.176352;-0.352703;
0.096760;0.740818;0.354623;0.177311;-0.354623;
0.096770;0.744599;0.356539;0.178269;-0.356539;
0.096780;0.748372;0.358451;0.179226;-0.358451;
0.096790;0.752138;0.360360;0.180180;-0.360360;
0.096800;0.755897;0.362266;0.181133;-0.362266;
0.096810;0.759648;0.364168;0.182084;-0.364168;
0.096820;0.763392;0.366066;0.183033;-0.366066;
0.096830;0.767128;0.367961;0.183980;-0.367961;
0.096840;0.770857;0.369852;0.184926;-0.369852;
0.096850;0.774578;0.371739;0.185870;-0.371739;
0.096860;0.778291;0.373623;0.186812;-0.373623;
0.096870;0.781997;0.375503;0.187752;-0.375503;
0.096880;0.785695;0.377380;0.188690;-0.377380;
0.096890;0.789385;0.379252;0.189626;-0.379252;
0.096900;0.793068;0.381121;0.190561;-0.381121;
0.096910;0.796742;0.382986;0.191493;-0.382986;
0.096920;0.800409;0.384848;0.192424;-0.384848;
0.096930;0.804068;0.386705;0.193353;-0.386705;
0.096940;0.807719;0.388559;0.194280;-0.388559;
0.096950;0.811362;0.390409;0.195204;-0.390409;
0.096960;0.814997;0.392255;0.196127;-0.392255;
0.096970;0.818624;0.394097;0.197049;-0.394097;
0.096980;0.822242;0.395935;0.197968;-0.395935;
0.096990;0.825853;0.397770;0.198885;-0.397770;
0.097000;0.829456;0.399600;0.199800;-0.399600;
0.097010;0.833050;0.401427;0.200713;-0.401427;
0.097020;0.836636;0.403249;0.201625;-0.403249;
0.097030;0.840214;0.405068;0.202534;-0.405068;
0.097040;0.843784;0.406883;0.203441;-0.406883;
0.097050;0.847345;0.408693;0.204347;-0.408693;
0.097060;0.850898;0.410500;0.205250;-0.410500;
0.097070;0.854442;0.412302;0.206151;-0.412302;
0.097080;0.857978;0.414101;0.207050;-0.414101;
0.097090;0.861506;0.415895;0.207947;-0.415895;
0.097100;0.865025;0.417685;0.208843;-0.417685;
0.097110;0.868536;0.419471;0.209736;-0.419471;
0.097120;0.872038;0.421253;0.210627;-0.421253;
0.097130;0.875531;0.423031;0.211515;-0.423031;
0.097140;0.879016;0.424805;0.212402;-0.424805;
0.097150;0.882492;0.426574;0.213287;-0.426574;
0.097160;0.885959;0.428339;0.214170;-0.428339;
0.097170;0.889418;0.430100;0.215050;-0.430100;
0.097180;0.892868;0.431857;0.215929;-0.431857;
0.097190;0.896309;0.433610;0.216805;-0.433610;
0.097200;0.899741;0.435358;0.217679;-0.435358;
0.097210;0.903164;0.437102;0.218551;-0.437102;
0.097220;0.906579;0.438841;0.219421;-0.438841;
0.097230;0.909984;0.440577;0.220288;-0.440577;
0.097240;0.913380;0.442307;0.221154;-0.442307;
0.097250;0.916768;0.444034;0.222017;-0.444034;
0.097260;0.920146;0.445756;0.222878;-0.445756;
0.097270;0.923516;0.447474;0.223737;-0.447474;
0.097280;0.926876;0.449187;0.224594;-0.449187;
0.097290;0.930227;0.450896;0.225448;-0.450896;
0.097300;0.933569;0.452601;0.226300;-0.452601;
0.097310;0.936901;0.454301;0.227150;-0.454301;
0.097320;0.940225;0.455996;0.227998;-0.455996;
0.097330;0.943539;0.457687;0.228844;-0.457687;
0.097340;0.946844;0.459374;0.229687;-0.459374;
0.097350;0.950139;0.461056;0.230528;-0.461056;
0.097360;0.953425;0.462733;0.231367;-0.462733;
0.097370;0.956702;0.464406;0.232203;-0.464406;
0.097380;0.959969;0.466074;0.233037;-0.466074;
0.097390;0.963227;0.467738;0.233869;-0.467738;
0.097400;0.966475;0.469397;0.234698;-0.469397;
0.097410;0.969714;0.471051;0.235526;-0.471051;
0.097420;0.972943;0.472701;0.236351;-0.472701;
0.097430;0.976163;0.474346;0.237173;-0.474346;
0.097440;0.979373;0.475987;0.237993;-0.475987;
0.097450;0.982573;0.477622;0.238811;-0.477622;
0.097460;0.985763;0.479253;0.239627;-0.479253;
0.097470;0.988944;0.480880;0.240440;-0.480880;
0.097480;0.992115;0.482501;0.241251;-0.482501;
0.097490;0.995277;0.484118;0.242059;-0.484118;
0.097500;0.998428;0.485730;0.242865;-0.485730;
0.097510;1.001570;0.487337;0.243669;-0.487337;
0.097520;1.004701;0.488940;0.244470;-0.488940;
0.097530;1.007823;0.490537;0.245269;-0.490537;
0.097540;1.010935;0.492130;0.246065;-0.492130;
0.097550;1.014037;0.493718;0.246859;-0.493718;
0.097560;1.017129;0.495301;0.247650;-0.495301;
0.097570;1.020210;0.496879;0.248439;-0.496879;
0.097580;1.023282;0.498452;0.249226;-0.498452;
0.097590;1.026344;0.500020;0.250010;-0.500020;
0.097600;1.029395;0.501584;0.250792;-0.501584;
0.097610;1.032437;0.503142;0.251571;-0.503142;
0.097620;1.035468;0.504696;0.252348;-0.504696;
0.097630;1.038489;0.506244;0.253122;-0.506244;
0.097640;1.041500;0.507787;0.253894;-0.507787;
0.097650;1.044500;0.509326;0.254663;-0.509326;
0.097660;1.047490;0.510859;0.255430;-0.510859;
0.097670;1.050470;0.512388;0.256194;-0.512388;
0.097680;1.053439;0.513911;0.256955;-0.513911;
0.097690;1.056398;0.515429;0.257715;-0.515429;
0.097700;1.059347;0.516942;0.258471;-0.516942;
0.097710;1.062285;0.518450;0.259225;-0.518450;
0.097720;1.065213;0.519953;0.259977;-0.519953;
0.097730;1.068130;0.521451;0.260726;-0.521451;
0.097740;1.071036;0.522944;0.261472;-0.522944;
0.097750;1.073932;0.524431;0.262216;-0.524431;
0.097760;1.076818;0.525914;0.262957;-0.525914;
0.097770;1.079693;0.527391;0.263695;-0.527391;
0.097780;1.082557;0.528863;0.264431;-0.528863;
0.097790;1.085410;0.530329;0.265165;-0.530329;
0.097800;1.088253;0.531791;0.265895;-0.531791;
0.097810;1.091085;0.533247;0.266624;-0.533247;
0.097820;1.093906;0.534698;0.267349;-0.534698;
0.097830;1.096717;0.536144;0.268072;-0.536144;
0.097840;1.099516;0.537584;0.268792;-0.537584;
0.097850;1.102305;0.539019;0.269510;-0.539019;
0.097860;1.105083;0.540449;0.270225;-0.540449;
0.097870;1.107850;0.541873;0.270937;-0.541873;
0.097880;1.110606;0.543293;0.271646;-0.543293;
0.097890;1.113351;0.544706;0.272353;-0.544706;
0.097900;1.116085;0.546115;0.273057;-0.546115;
0.097910;1.118808;0.547518;0.273759;-0.547518;
0.097920;1.121520;0.548915;0.274458;-0.548915;
0.097930;1.124221;0.550307;0.275154;-0.550307;
0.097940;1.126911;0.551694;0.275847;-0.551694;
0.097950;1.129590;0.553075;0.276538;-0.553075;
0.097960;1.132257;0.554451;0.277226;-0.554451;
0.097970;1.134914;0.555821;0.277911;-0.555821;
0.097980;1.137559;0.557186;0.278593;-0.557186;
0.097990;1.140193;0.558546;0.279273;-0.558546;
0.098000;1.142816;0.559899;0.279950;-0.559899;
0.098010;1.145427;0.561248;0.280624;-0.561248;
0.098020;1.148027;0.562590;0.281295;-0.562590;
0.098030;1.150616;0.563928;0.281964;-0.563928;
0.098040;1.153194;0.565259;0.282630;-0.565259;
0.098050;1.155760;0.566585;0.283293;-0.566585;
0.098060;1.158314;0.567906;0.283953;-0.567906;
0.098070;1.160858;0.569221;0.284610;-0.569221;
0.098080;1.163389;0.570530;0.285265;-0.570530;
0.098090;1.165910;0.571834;0.285917;-0.571834;
0.098100;1.168418;0.573132;0.286566;-0.573132;
0.098110;1.170916;0.574424;0.287212;-0.574424;
0.098120;1.173401;0.575711;0.287855;-0.575711;
0.098130;1.175876;0.576992;0.288496;-0.576992;
0.098140;1.178338;0.578267;0.289133;-0.578267;
0.098150;1.180789;0.579536;0.289768;-0.579536;
0.098160;1.183228;0.580800;0.290400;-0.580800;
0.098170;1.185656;0.582058;0.291029;-0.582058;
0.098180;1.188072;0.583311;0.291655;-0.583311;
0.098190;1.190476;0.584557;0.292279;-0.584557;
0.098200;1.192868;0.585798;0.292899;-0.585798;
0.098210;1.195249;0.587033;0.293517;-0.587033;
0.098220;1.197618;0.588263;0.294131;-0.588263;
0.098230;1.199975;0.589486;0.294743;-0.589486;
0.098240;1.202320;0.590704;0.295352;-0.590704;
0.098250;1.204653;0.591915;0.295958;-0.591915;
0.098260;1.206974;0.593121;0.296561;-0.593121;
0.098270;1.209284;0.594322;0.297161;-0.594322;
0.098280;1.211582;0.595516;0.297758;-0.595516;
0.098290;1.213867;0.596704;0.298352;-0.596704;
0.098300;1.216141;0.597887;0.298943;-0.597887;
0.098310;1.218402;0.599063;0.299532;-0.599063;
0.098320;1.220652;0.600234;0.300117;-0.600234;
0.098330;1.222889;0.601399;0.300699;-0.601399;
0.098340;1.225115;0.602558;0.301279;-0.602558;
0.098350;1.227328;0.603710;0.301855;-0.603710;
0.098360;1.229530;0.604857;0.302429;-0.604857;
0.098370;1.231719;0.605998;0.302999;-0.605998;
0.098380;1.233896;0.607133;0.303567;-0.607133;
0.098390;1.236060;0.608262;0.304131;-0.608262;
0.098400;1.238213;0.609385;0.304693;-0.609385;
0.098410;1.240353;0.610502;0.305251;-0.610502;
0.098420;1.242482;0.611613;0.305806;-0.611613;
0.098430;1.244597;0.612718;0.306359;-0.612718;
0.098440;1.246701;0.613817;0.306908;-0.613817;
0.098450;1.248792;0.614910;0.307455;-0.614910;
0.098460;1.250871;0.615996;0.307998;-0.615996;
0.098470;1.252938;0.617077;0.308538;-0.617077;
0.098480;1.254992;0.618151;0.309076;-0.618151;
0.098490;1.257034;0.619220;0.309610;-0.619220;
0.098500;1.259063;0.620282;0.310141;-0.620282;
0.098510;1.261080;0.621338;0.310669;-0.621338;
0.098520;1.263085;0.622388;0.311194;-0.622388;
0.098530;1.265077;0.623432;0.311716;-0.623432;
0.098540;1.267057;0.624470;0.312235;-0.624470;
0.098550;1.269024;0.625502;0.312751;-0.625502;
0.098560;1.270979;0.626527;0.313264;-0.626527;
0.098570;1.272921;0.627547;0.313773;-0.627547;
0.098580;1.274850;0.628560;0.314280;-0.628560;
0.098590;1.276767;0.629566;0.314783;-0.629566;
0.098600;1.278671;0.630567;0.315284;-0.630567;
0.098610;1.280563;0.631562;0.315781;-0.631562;
0.098620;1.282442;0.632550;0.316275;-0.632550;
0.098630;1.284308;0.633532;0.316766;-0.633532;
0.098640;1.286162;0.634507;0.317254;-0.634507;
0.098650;1.288003;0.635477;0.317738;-0.635477;
0.098660;1.289831;0.636440;0.318220;-0.636440;
0.098670;1.291647;0.637397;0.318698;-0.637397;
0.098680;1.293450;0.638347;0.319174;-0.638347;
0.098690;1.295240;0.639292;0.319646;-0.639292;
0.098700;1.297017;0.640230;0.320115;-0.640230;
0.098710;1.298782;0.641161;0.320581;-0.641161;
0.098720;1.300533;0.642087;0.321043;-0.642087;
0.098730;1.302272;0.643006;0.321503;-0.643006;
0.098740;1.303998;0.643918;0.321959;-0.643918;
0.098750;1.305711;0.644825;0.322412;-0.644825;
0.098760;1.307411;0.645725;0.322862;-0.645725;
0.098770;1.309099;0.646618;0.323309;-0.646618;
0.098780;1.310773;0.647505;0.323753;-0.647505;
0.098790;1.312435;0.648386;0.324193;-0.648386;
0.098800;1.314083;0.649261;0.324630;-0.649261;
0.098810;1.315719;0.650128;0.325064;-0.650128;
0.098820;1.317341;0.650990;0.325495;-0.650990;
0.098830;1.318951;0.651845;0.325923;-0.651845;
0.098840;1.320547;0.652694;0.326347;-0.652694;
0.098850;1.322131;0.653536;0.326768;-0.653536;
0.098860;1.323701;0.654372;0.327186;-0.654372;
0.098870;1.325259;0.655201;0.327601;-0.655201;
0.098880;1.326803;0.656024;0.328012;-0.656024;
0.098890;1.328334;0.656841;0.328420;-0.656841;
0.098900;1.329852;0.657651;0.328825;-0.657651;
0.098910;1.331357;0.658454;0.329227;-0.658454;
0.098920;1.332849;0.659251;0.329625;-0.659251;
0.098930;1.334328;0.660041;0.330021;-0.660041;
0.098940;1.335793;0.660825;0.330413;-0.660825;
0.098950;1.337246;0.661603;0.330801;-0.661603;
0.098960;1.338685;0.662374;0.331187;-0.662374;
0.098970;1.340111;0.663138;0.331569;-0.663138;
0.098980;1.341523;0.663896;0.331948;-0.663896;
0.098990;1.342923;0.664647;0.332323;-0.664647;
0.099000;1.344309;0.665392;0.332696;-0.665392;
0.099010;1.345682;0.666130;0.333065;-0.666130;
0.099020;1.347041;0.666861;0.333431;-0.666861;
0.099030;1.348388;0.667586;0.333793;-0.667586;
0.099040;1.349721;0.668305;0.334152;-0.668305;
0.099050;1.351041;0.669016;0.334508;-0.669016;
0.099060;1.352347;0.669721;0.334861;-0.669721;
0.099070;1.353640;0.670420;0.335210;-0.670420;
0.099080;1.354920;0.671112;0.335556;-0.671112;
0.099090;1.356186;0.671797;0.335899;-0.671797;
0.099100;1.357439;0.672476;0.336238;-0.672476;
0.099110;1.358678;0.673148;0.336574;-0.673148;
0.099120;1.359905;0.673813;0.336907;-0.673813;
0.099130;1.361117;0.674472;0.337236;-0.674472;
0.099140;1.362317;0.675124;0.337562;-0.675124;
0.099150;1.363502;0.675770;0.337885;-0.675770;
0.099160;1.364675;0.676408;0.338204;-0.676408;
0.099170;1.365834;0.677041;0.338520;-0.677041;
0.099180;1.366979;0.677666;0.338833;-0.677666;
0.099190;1.368111;0.678285;0.339142;-0.678285;
0.099200;1.369229;0.678897;0.339448;-0.678897;
0.099210;1.370334;0.679502;0.339751;-0.679502;
0.099220;1.371426;0.680101;0.340050;-0.680101;
0.099230;1.372503;0.680692;0.340346;-0.680692;
0.099240;1.373568;0.681278;0.340639;-0.681278;
0.099250;1.374618;0.681856;0.340928;-0.681856;
0.099260;1.375656;0.682428;0.341214;-0.682428;
0.099270;1.376679;0.682993;0.341496;-0.682993;
0.099280;1.377689;0.683551;0.341776;-0.683551;
0.099290;1.378686;0.684103;0.342051;-0.684103;
0.099300;1.379668;0.684647;0.342324;-0.684647;
0.099310;1.380638;0.685185;0.342593;-0.685185;
0.099320;1.381593;0.685717;0.342858;-0.685717;
0.099330;1.382535;0.686241;0.343121;-0.686241;
0.099340;1.383463;0.686759;0.343379;-0.686759;
0.099350;1.384378;0.687270;0.343635;-0.687270;
0.099360;1.385279;0.687774;0.343887;-0.687774;
0.099370;1.386166;0.688271;0.344136;-0.688271;
0.099380;1.387040;0.688762;0.344381;-0.688762;
0.099390;1.387900;0.689245;0.344623;-0.689245;
0.099400;1.388746;0.689722;0.344861;-0.689722;
0.099410;1.389578;0.690193;0.345096;-0.690193;
0.099420;1.390397;0.690656;0.345328;-0.690656;
0.099430;1.391202;0.691112;0.345556;-0.691112;
0.099440;1.391994;0.691562;0.345781;-0.691562;
0.099450;1.392771;0.692005;0.346002;-0.692005;
0.099460;1.393535;0.692441;0.346221;-0.692441;
0.099470;1.394285;0.692870;0.346435;-0.692870;
0.099480;1.395022;0.693293;0.346646;-0.693293;
0.099490;1.395744;0.693708;0.346854;-0.693708;
0.099500;1.396453;0.694117;0.347058;-0.694117;
0.099510;1.397148;0.694519;0.347259;-0.694519;
0.099520;1.397829;0.694914;0.347457;-0.694914;
0.099530;1.398497;0.695302;0.347651;-0.695302;
0.099540;1.399150;0.695683;0.347841;-0.695683;
0.099550;1.399790;0.696057;0.348029;-0.696057;
0.099560;1.400416;0.696425;0.348212;-0.696425;
0.099570;1.401028;0.696786;0.348393;-0.696786;
0.099580;1.401627;0.697139;0.348570;-0.697139;
0.099590;1.402211;0.697486;0.348743;-0.697486;
0.099600;1.402782;0.697826;0.348913;-0.697826;
0.099610;1.403339;0.698159;0.349080;-0.698159;
0.099620;1.403882;0.698486;0.349243;-0.698486;
0.099630;1.404411;0.698805;0.349402;-0.698805;
0.099640;1.404926;0.699117;0.349559;-0.699117;
0.099650;1.405428;0.699423;0.349711;-0.699423;
0.099660;1.405915;0.699721;0.349861;-0.699721;
0.099670;1.406389;0.700013;0.350007;-0.700013;
0.099680;1.406849;0.700298;0.350149;-0.700298;
0.099690;1.407294;0.700576;0.350288;-0.700576;
0.099700;1.407726;0.700847;0.350423;-0.700847;
0.099710;1.408145;0.701111;0.350555;-0.701111;
0.099720;1.408549;0.701368;0.350684;-0.701368;
0.099730;1.408939;0.701618;0.350809;-0.701618;
0.099740;1.409315;0.701862;0.350931;-0.701862;
0.099750;1.409678;0.702098;0.351049;-0.702098;
0.099760;1.410027;0.702327;0.351164;-0.702327;
0.099770;1.410361;0.702550;0.351275;-0.702550;
0.099780;1.410682;0.702766;0.351383;-0.702766;
0.099790;1.410989;0.702974;0.351487;-0.702974;
0.099800;1.411282;0.703176;0.351588;-0.703176;
0.099810;1.411561;0.703371;0.351685;-0.703371;
0.099820;1.411826;0.703559;0.351779;-0.703559;
0.099830;1.412077;0.703739;0.351870;-0.703739;
0.099840;1.412314;0.703913;0.351957;-0.703913;
0.099850;1.412537;0.704080;0.352040;-0.704080;
0.099860;1.412747;0.704240;0.352120;-0.704240;
0.099870;1.412942;0.704394;0.352197;-0.704394;
0.099880;1.413123;0.704540;0.352270;-0.704540;
0.099890;1.413291;0.704679;0.352339;-0.704679;
0.099900;1.413444;0.704811;0.352406;-0.704811;
0.099910;1.413584;0.704936;0.352468;-0.704936;
0.099920;1.413709;0.705055;0.352527;-0.705055;
0.099930;1.413821;0.705166;0.352583;-0.705166;
0.099940;1.413919;0.705270;0.352635;-0.705270;
0.099950;1.414002;0.705368;0.352684;-0.705368;
0.099960;1.414072;0.705458;0.352729;-0.705458;
0.099970;1.414128;0.705542;0.352771;-0.705542;
0.099980;1.414170;0.705618;0.352809;-0.705618;
0.099990;1.414198;0.705688;0.352844;-0.705688;
0.100000;1.414212;0.705751;0.352875;-0.705751;
0.100000;1.414214;0.705751;0.352875;-0.705751;
