time;NETWORK_B1_v_a;NETWORK_B1_Urms;NETWORK_LINE_i_a;NETWORK_LINE_Irms;
0.000000;0.000000;0.000000;0.000000;0.000000;
0.000010;0.000698;0.000493;0.028263;0.019985;
0.000020;0.002773;0.001961;0.056468;0.039929;
0.000030;0.006187;0.004375;0.084590;0.059815;
0.000040;0.010903;0.007710;0.112602;0.079622;
0.000050;0.016883;0.011938;0.140476;0.099334;
0.000060;0.024088;0.017033;0.168190;0.118932;
0.000070;0.032478;0.022966;0.195717;0.138399;
0.000080;0.042016;0.029710;0.223036;0.157720;
0.000090;0.052661;0.037238;0.250123;0.176878;
0.000100;0.064375;0.045522;0.276957;0.195858;
0.000110;0.077118;0.054534;0.303516;0.214645;
0.000120;0.090851;0.064246;0.329780;0.233226;
0.000130;0.105534;0.074630;0.355730;0.251586;
0.000140;0.121128;0.085658;0.381348;0.269712;
0.000150;0.137593;0.097304;0.406616;0.287593;
0.000160;0.154890;0.109538;0.431516;0.305217;
0.000170;0.172981;0.122334;0.456033;0.322572;
0.000180;0.191825;0.135664;0.480151;0.339647;
0.000190;0.211385;0.149500;0.503856;0.356432;
0.000200;0.231622;0.163817;0.527134;0.372918;
0.000210;0.252498;0.178586;0.549972;0.389096;
0.000220;0.273976;0.193781;0.572357;0.404956;
0.000230;0.296017;0.209377;0.594279;0.420493;
0.000240;0.318584;0.225346;0.615726;0.435696;
0.000250;0.341642;0.241663;0.636688;0.450561;
0.000260;0.365153;0.258302;0.657157;0.465080;
0.000270;0.389082;0.275239;0.677124;0.479248;
0.000280;0.413394;0.292448;0.696581;0.493059;
0.000290;0.438053;0.309905;0.715521;0.506509;
0.000300;0.463026;0.327585;0.733938;0.519593;
0.000310;0.488279;0.345466;0.751826;0.532307;
0.000320;0.513778;0.363524;0.769179;0.544648;
0.000330;0.539492;0.381735;0.785995;0.556612;
0.000340;0.565388;0.400078;0.802268;0.568198;
0.000350;0.591434;0.418530;0.817997;0.579404;
0.000360;0.617600;0.437071;0.833177;0.590228;
0.000370;0.643857;0.455678;0.847809;0.600668;
0.000380;0.670174;0.474331;0.861890;0.610724;
0.000390;0.696523;0.493010;0.875420;0.620396;
0.000400;0.722876;0.511695;0.888398;0.629684;
0.000410;0.749205;0.530368;0.900826;0.638588;
0.000420;0.775485;0.549009;0.912704;0.647109;
0.000430;0.801689;0.567600;0.924033;0.655249;
0.000440;0.827792;0.586125;0.934817;0.663009;
0.000450;0.853769;0.604564;0.945057;0.670390;
0.000460;0.879597;0.622904;0.954756;0.677396;
0.000470;0.905253;0.641126;0.963919;0.684028;
0.000480;0.930715;0.659215;0.972548;0.690291;
0.000490;0.955962;0.677158;0.980648;0.696186;
0.000500;0.980972;0.694938;0.988224;0.701718;
0.000510;1.005726;0.712543;0.995281;0.706890;
0.000520;1.030204;0.729958;1.001825;0.711706;
0.000530;1.054389;0.747171;1.007862;0.716171;
0.000540;1.078263;0.764171;1.013398;0.720290;
0.000550;1.101808;0.780944;1.018439;0.724067;
0.000560;1.125008;0.797479;1.022992;0.727507;
0.000570;1.147849;0.813767;1.027066;0.730616;
0.000580;1.170315;0.829797;1.030666;0.733398;
0.000590;1.192393;0.845559;1.033802;0.735861;
0.000600;1.214069;0.861043;1.036482;0.738009;
0.000610;1.235332;0.876243;1.038712;0.739848;
0.000620;1.256168;0.891148;1.040503;0.741386;
0.000630;1.276568;0.905753;1.041863;0.742628;
0.000640;1.296521;0.920049;1.042801;0.743581;
0.000650;1.316018;0.934030;1.043326;0.744251;
0.000660;1.335049;0.947690;1.043448;0.744645;
0.000670;1.353606;0.961024;1.043175;0.744771;
0.000680;1.371682;0.974025;1.042519;0.744635;
0.000690;1.389271;0.986691;1.041487;0.744244;
0.000700;1.406365;0.999016;1.040092;0.743605;
0.000710;1.422959;1.010996;1.038341;0.742726;
0.000720;1.439049;1.022629;1.036247;0.741614;
0.000730;1.454629;1.033911;1.033818;0.740277;
0.000740;1.469697;1.044841;1.031065;0.738721;
0.000750;1.484249;1.055416;1.027999;0.736955;
0.000760;1.498283;1.065634;1.024629;0.734985;
0.000770;1.511797;1.075495;1.020967;0.732820;
0.000780;1.524790;1.084997;1.017023;0.730466;
0.000790;1.537260;1.094141;1.012806;0.727932;
0.000800;1.549207;1.102926;1.008328;0.725225;
0.000810;1.560633;1.111352;1.003599;0.722353;
0.000820;1.571536;1.119421;0.998630;0.719322;
0.000830;1.581919;1.127134;0.993430;0.716141;
0.000840;1.591784;1.134491;0.988011;0.712818;
0.000850;1.601133;1.141495;0.982382;0.709358;
0.000860;1.609967;1.148148;0.976553;0.705771;
0.000870;1.618291;1.154452;0.970536;0.702062;
0.000880;1.626108;1.160410;0.964339;0.698240;
0.000890;1.633422;1.166024;0.957974;0.694312;
0.000900;1.640237;1.171298;0.951449;0.690285;
0.000910;1.646557;1.176236;0.944775;0.686165;
0.000920;1.652389;1.180842;0.937962;0.681961;
0.000930;1.657737;1.185119;0.931019;0.677678;
0.000940;1.662607;1.189071;0.923955;0.673323;
0.000950;1.667005;1.192703;0.916780;0.668905;
0.000960;1.670938;1.196021;0.909503;0.664428;
0.000970;1.674412;1.199028;0.902133;0.659899;
0.000980;1.677434;1.201730;0.894679;0.655325;
0.000990;1.680012;1.204132;0.887150;0.650712;
0.001000;1.682152;1.206240;0.879555;0.646067;
0.001010;1.683864;1.208059;0.871901;0.641395;
0.001020;1.685153;1.209595;0.864198;0.636702;
0.001030;1.686030;1.210854;0.856453;0.631994;
0.001040;1.686501;1.211842;0.848675;0.627276;
0.001050;1.686577;1.212566;0.840870;0.622554;
0.001060;1.686264;1.213031;0.833047;0.617834;
0.001070;1.685573;1.213245;0.825214;0.613121;
0.001080;1.684511;1.213213;0.817376;0.608419;
0.001090;1.683089;1.212943;0.809542;0.603733;
0.001100;1.681316;1.212440;0.801719;0.599069;
0.001110;1.679200;1.211712;0.793912;0.594431;
0.001120;1.676752;1.210766;0.786128;0.589823;
0.001130;1.673980;1.209608;0.778375;0.585250;
0.001140;1.670895;1.208246;0.770657;0.580715;
0.001150;1.667506;1.206686;0.762980;0.576224;
0.001160;1.663822;1.204935;0.755351;0.571778;
0.001170;1.659855;1.203001;0.747774;0.567383;
0.001180;1.655612;1.200890;0.740256;0.563041;
0.001190;1.651104;1.198610;0.732800;0.558757;
0.001200;1.646342;1.196167;0.725413;0.554532;
0.001210;1.641334;1.193569;0.718098;0.550370;
0.001220;1.636090;1.190822;0.710860;0.546274;
0.001230;1.630620;1.187934;0.703704;0.542247;
0.001240;1.624934;1.184912;0.696633;0.538291;
0.001250;1.619041;1.181762;0.689651;0.534408;
0.001260;1.612952;1.178491;0.682763;0.530600;
0.001270;1.606675;1.175106;0.675971;0.526870;
0.001280;1.600220;1.171614;0.669278;0.523219;
0.001290;1.593596;1.168021;0.662689;0.519648;
0.001300;1.586814;1.164335;0.656206;0.516161;
0.001310;1.579881;1.160561;0.649831;0.512757;
0.001320;1.572807;1.156707;0.643567;0.509439;
0.001330;1.565602;1.152778;0.637416;0.506206;
0.001340;1.558273;1.148781;0.631382;0.503061;
0.001350;1.550830;1.144722;0.625465;0.500004;
0.001360;1.543282;1.140607;0.619667;0.497035;
0.001370;1.535637;1.136442;0.613990;0.494156;
0.001380;1.527904;1.132234;0.608436;0.491366;
0.001390;1.520090;1.127987;0.603006;0.488666;
0.001400;1.512204;1.123707;0.597701;0.486056;
0.001410;1.504254;1.119401;0.592522;0.483536;
0.001420;1.496247;1.115073;0.587470;0.481106;
0.001430;1.488192;1.110729;0.582545;0.478765;
0.001440;1.480096;1.106374;0.577748;0.476515;
0.001450;1.471966;1.102013;0.573080;0.474353;
0.001460;1.463809;1.097650;0.568540;0.472280;
0.001470;1.455633;1.093291;0.564129;0.470295;
0.001480;1.447444;1.088941;0.559846;0.468397;
0.001490;1.439248;1.084603;0.555692;0.466586;
0.001500;1.431054;1.080283;0.551666;0.464861;
0.001510;1.422865;1.075983;0.547768;0.463221;
0.001520;1.414690;1.071709;0.543996;0.461664;
0.001530;1.406533;1.067464;0.540352;0.460191;
0.001540;1.398401;1.063253;0.536832;0.458799;
0.001550;1.390299;1.059078;0.533438;0.457488;
0.001560;1.382233;1.054943;0.530167;0.456257;
0.001570;1.374207;1.050852;0.527018;0.455104;
0.001580;1.366227;1.046807;0.523991;0.454028;
0.001590;1.358297;1.042813;0.521084;0.453027;
0.001600;1.350423;1.038870;0.518295;0.452101;
0.001610;1.342608;1.034984;0.515623;0.451248;
0.001620;1.334857;1.031155;0.513067;0.450466;
0.001630;1.327174;1.027387;0.510624;0.449754;
0.001640;1.319562;1.023682;0.508294;0.449110;
0.001650;1.312027;1.020041;0.506073;0.448534;
0.001660;1.304570;1.016468;0.503961;0.448023;
0.001670;1.297196;1.012964;0.501955;0.447576;
0.001680;1.289907;1.009530;0.500053;0.447191;
0.001690;1.282707;1.006169;0.498253;0.446867;
0.001700;1.275599;1.002881;0.496554;0.446602;
0.001710;1.268584;0.999669;0.494952;0.446396;
0.001720;1.261666;0.996534;0.493446;0.446245;
0.001730;1.254846;0.993476;0.492033;0.446149;
0.001740;1.248128;0.990496;0.490710;0.446105;
0.001750;1.241512;0.987596;0.489477;0.446113;
0.001760;1.235001;0.984777;0.488330;0.446171;
0.001770;1.228596;0.982038;0.487266;0.446277;
0.001780;1.222298;0.979381;0.486284;0.446430;
0.001790;1.216110;0.976805;0.485380;0.446628;
0.001800;1.210031;0.974312;0.484553;0.446869;
0.001810;1.204064;0.971901;0.483800;0.447152;
0.001820;1.198208;0.969572;0.483118;0.447476;
0.001830;1.192466;0.967326;0.482504;0.447838;
0.001840;1.186836;0.965163;0.481957;0.448238;
0.001850;1.181320;0.963082;0.481473;0.448673;
0.001860;1.175917;0.961082;0.481050;0.449143;
0.001870;1.170629;0.959165;0.480686;0.449646;
0.001880;1.165454;0.957329;0.480377;0.450180;
0.001890;1.160394;0.955573;0.480122;0.450744;
0.001900;1.155447;0.953898;0.479917;0.451337;
0.001910;1.150613;0.952302;0.479761;0.451957;
0.001920;1.145892;0.950785;0.479650;0.452602;
0.001930;1.141283;0.949346;0.479582;0.453271;
0.001940;1.136786;0.947985;0.479555;0.453964;
0.001950;1.132399;0.946700;0.479566;0.454677;
0.001960;1.128122;0.945490;0.479613;0.455411;
0.001970;1.123953;0.944354;0.479693;0.456164;
0.001980;1.119893;0.943292;0.479803;0.456934;
0.001990;1.115939;0.942302;0.479942;0.457721;
0.002000;1.112089;0.941383;0.480107;0.458522;
0.002010;1.108344;0.940534;0.480296;0.459337;
0.002020;1.104701;0.939754;0.480506;0.460165;
0.002030;1.101159;0.939041;0.480735;0.461004;
0.002040;1.097716;0.938395;0.480980;0.461853;
0.002050;1.094370;0.937813;0.481241;0.462711;
0.002060;1.091120;0.937294;0.481514;0.463576;
0.002070;1.087965;0.936838;0.481797;0.464449;
0.002080;1.084901;0.936443;0.482088;0.465326;
0.002090;1.081927;0.936106;0.482386;0.466209;
0.002100;1.079042;0.935828;0.482688;0.467095;
0.002110;1.076243;0.935605;0.482991;0.467983;
0.002120;1.073528;0.935438;0.483296;0.468873;
0.002130;1.070895;0.935324;0.483598;0.469763;
0.002140;1.068342;0.935262;0.483897;0.470653;
0.002150;1.065867;0.935251;0.484191;0.471542;
0.002160;1.063467;0.935288;0.484478;0.472428;
0.002170;1.061140;0.935373;0.484756;0.473311;
0.002180;1.058884;0.935503;0.485024;0.474190;
0.002190;1.056697;0.935678;0.485280;0.475064;
0.002200;1.054576;0.935896;0.485522;0.475933;
0.002210;1.052519;0.936155;0.485750;0.476795;
0.002220;1.050524;0.936454;0.485961;0.477650;
0.002230;1.048588;0.936791;0.486154;0.478498;
0.002240;1.046709;0.937165;0.486328;0.479337;
0.002250;1.044884;0.937575;0.486481;0.480166;
0.002260;1.043111;0.938018;0.486613;0.480986;
0.002270;1.041389;0.938493;0.486721;0.481796;
0.002280;1.039713;0.938999;0.486806;0.482595;
0.002290;1.038082;0.939535;0.486865;0.483382;
0.002300;1.036494;0.940098;0.486898;0.484157;
0.002310;1.034946;0.940689;0.486904;0.484920;
0.002320;1.033436;0.941304;0.486881;0.485669;
0.002330;1.031961;0.941943;0.486829;0.486406;
0.002340;1.030520;0.942604;0.486748;0.487128;
0.002350;1.029109;0.943286;0.486635;0.487837;
0.002360;1.027727;0.943988;0.486490;0.488530;
0.002370;1.026371;0.944708;0.486314;0.489209;
0.002380;1.025038;0.945445;0.486104;0.489873;
0.002390;1.023728;0.946197;0.485861;0.490521;
0.002400;1.022437;0.946964;0.485583;0.491153;
0.002410;1.021163;0.947744;0.485271;0.491770;
0.002420;1.019905;0.948537;0.484923;0.492370;
0.002430;1.018659;0.949339;0.484539;0.492954;
0.002440;1.017425;0.950152;0.484120;0.493521;
0.002450;1.016199;0.950973;0.483664;0.494072;
0.002460;1.014980;0.951801;0.483171;0.494606;
0.002470;1.013766;0.952635;0.482641;0.495123;
0.002480;1.012555;0.953474;0.482074;0.495623;
0.002490;1.011345;0.954318;0.481469;0.496106;
0.002500;1.010134;0.955164;0.480827;0.496572;
0.002510;1.008920;0.956013;0.480147;0.497021;
0.002520;1.007702;0.956862;0.479428;0.497453;
0.002530;1.006477;0.957712;0.478672;0.497868;
0.002540;1.005244;0.958561;0.477878;0.498266;
0.002550;1.004002;0.959408;0.477046;0.498647;
0.002560;1.002748;0.960253;0.476177;0.499012;
0.002570;1.001481;0.961094;0.475269;0.499359;
0.002580;1.000200;0.961931;0.474324;0.499691;
0.002590;0.998903;0.962763;0.473341;0.500005;
0.002600;0.997588;0.963589;0.472321;0.500304;
0.002610;0.996255;0.964409;0.471263;0.500586;
0.002620;0.994901;0.965222;0.470169;0.500852;
0.002630;0.993526;0.966027;0.469038;0.501103;
0.002640;0.992128;0.966823;0.467871;0.501338;
0.002650;0.990706;0.967611;0.466668;0.501558;
0.002660;0.989259;0.968388;0.465429;0.501763;
0.002670;0.987785;0.969156;0.464155;0.501952;
0.002680;0.986285;0.969913;0.462846;0.502128;
0.002690;0.984755;0.970658;0.461502;0.502289;
0.002700;0.983197;0.971392;0.460124;0.502436;
0.002710;0.981607;0.972114;0.458713;0.502569;
0.002720;0.979987;0.972823;0.457268;0.502688;
0.002730;0.978334;0.973519;0.455791;0.502795;
0.002740;0.976649;0.974202;0.454281;0.502888;
0.002750;0.974930;0.974871;0.452740;0.502969;
0.002760;0.973176;0.975526;0.451167;0.503038;
0.002770;0.971387;0.976166;0.449564;0.503095;
0.002780;0.969563;0.976792;0.447931;0.503140;
0.002790;0.967702;0.977403;0.446269;0.503174;
0.002800;0.965804;0.978000;0.444577;0.503197;
0.002810;0.963869;0.978581;0.442857;0.503209;
0.002820;0.961896;0.979146;0.441110;0.503212;
0.002830;0.959885;0.979696;0.439335;0.503204;
0.002840;0.957835;0.980230;0.437534;0.503186;
0.002850;0.955747;0.980749;0.435707;0.503160;
0.002860;0.953619;0.981251;0.433855;0.503124;
0.002870;0.951451;0.981738;0.431979;0.503080;
0.002880;0.949244;0.982208;0.430078;0.503027;
0.002890;0.946997;0.982662;0.428154;0.502967;
0.002900;0.944709;0.983101;0.426208;0.502899;
0.002910;0.942382;0.983523;0.424239;0.502824;
0.002920;0.940014;0.983929;0.422249;0.502742;
0.002930;0.937606;0.984320;0.420239;0.502654;
0.002940;0.935158;0.984694;0.418208;0.502560;
0.002950;0.932669;0.985053;0.416158;0.502459;
0.002960;0.930140;0.985395;0.414090;0.502353;
0.002970;0.927571;0.985723;0.412003;0.502242;
0.002980;0.924962;0.986034;0.409899;0.502126;
0.002990;0.922313;0.986331;0.407779;0.502005;
0.003000;0.919624;0.986612;0.405642;0.501880;
0.003010;0.916896;0.986878;0.403490;0.501751;
0.003020;0.914129;0.987129;0.401322;0.501619;
0.003030;0.911322;0.987365;0.399141;0.501483;
0.003040;0.908477;0.987588;0.396946;0.501344;
0.003050;0.905593;0.987795;0.394739;0.501202;
0.003060;0.902671;0.987989;0.392519;0.501058;
0.003070;0.899712;0.988169;0.390287;0.500911;
0.003080;0.896715;0.988335;0.388044;0.500762;
0.003090;0.893680;0.988488;0.385791;0.500612;
0.003100;0.890610;0.988628;0.383528;0.500460;
0.003110;0.887503;0.988756;0.381255;0.500307;
0.003120;0.884360;0.988870;0.378974;0.500153;
0.003130;0.881183;0.988973;0.376685;0.499998;
0.003140;0.877970;0.989063;0.374388;0.499842;
0.003150;0.874723;0.989142;0.372083;0.499686;
0.003160;0.871442;0.989209;0.369773;0.499530;
0.003170;0.868129;0.989266;0.367456;0.499374;
0.003180;0.864782;0.989311;0.365134;0.499218;
0.003190;0.861403;0.989346;0.362806;0.499063;
0.003200;0.857993;0.989371;0.360475;0.498908;
0.003210;0.854551;0.989386;0.358139;0.498754;
0.003220;0.851079;0.989392;0.355799;0.498601;
0.003230;0.847577;0.989388;0.353457;0.498449;
0.003240;0.844046;0.989376;0.351111;0.498299;
0.003250;0.840487;0.989355;0.348764;0.498149;
0.003260;0.836899;0.989325;0.346415;0.498002;
0.003270;0.833283;0.989288;0.344064;0.497855;
0.003280;0.829641;0.989243;0.341712;0.497711;
0.003290;0.825973;0.989190;0.339360;0.497569;
0.003300;0.822279;0.989131;0.337007;0.497428;
0.003310;0.818560;0.989065;0.334655;0.497290;
0.003320;0.814817;0.988992;0.332303;0.497154;
0.003330;0.811050;0.988914;0.329952;0.497020;
0.003340;0.807260;0.988829;0.327601;0.496889;
0.003350;0.803447;0.988739;0.325253;0.496760;
0.003360;0.799613;0.988644;0.322906;0.496633;
0.003370;0.795757;0.988544;0.320561;0.496509;
0.003380;0.791881;0.988440;0.318219;0.496388;
0.003390;0.787986;0.988331;0.315879;0.496269;
0.003400;0.784070;0.988218;0.313542;0.496153;
0.003410;0.780137;0.988101;0.311208;0.496040;
0.003420;0.776185;0.987981;0.308877;0.495930;
0.003430;0.772215;0.987858;0.306550;0.495822;
0.003440;0.768229;0.987732;0.304226;0.495718;
0.003450;0.764227;0.987602;0.301907;0.495616;
0.003460;0.760209;0.987471;0.299591;0.495517;
0.003470;0.756176;0.987337;0.297280;0.495421;
0.003480;0.752128;0.987202;0.294973;0.495329;
0.003490;0.748067;0.987064;0.292671;0.495238;
0.003500;0.743992;0.986925;0.290374;0.495151;
0.003510;0.739905;0.986785;0.288081;0.495067;
0.003520;0.735806;0.986644;0.285794;0.494986;
0.003530;0.731694;0.986502;0.283511;0.494908;
0.003540;0.727572;0.986359;0.281234;0.494832;
0.003550;0.723439;0.986216;0.278962;0.494759;
0.003560;0.719297;0.986073;0.276695;0.494690;
0.003570;0.715144;0.985929;0.274434;0.494623;
0.003580;0.710983;0.985786;0.272178;0.494558;
0.003590;0.706813;0.985643;0.269928;0.494497;
0.003600;0.702635;0.985500;0.267683;0.494438;
0.003610;0.698450;0.985358;0.265444;0.494382;
0.003620;0.694258;0.985217;0.263210;0.494329;
0.003630;0.690058;0.985077;0.260982;0.494278;
0.003640;0.685853;0.984937;0.258760;0.494230;
0.003650;0.681642;0.984799;0.256543;0.494185;
0.003660;0.677425;0.984662;0.254332;0.494141;
0.003670;0.673204;0.984527;0.252126;0.494101;
0.003680;0.668978;0.984393;0.249926;0.494062;
0.003690;0.664748;0.984261;0.247732;0.494027;
0.003700;0.660514;0.984131;0.245543;0.493993;
0.003710;0.656277;0.984002;0.243359;0.493961;
0.003720;0.652036;0.983875;0.241181;0.493932;
0.003730;0.647793;0.983751;0.239008;0.493905;
0.003740;0.643548;0.983628;0.236841;0.493880;
0.003750;0.639300;0.983508;0.234678;0.493857;
0.003760;0.635051;0.983390;0.232521;0.493836;
0.003770;0.630800;0.983274;0.230369;0.493817;
0.003780;0.626548;0.983161;0.228222;0.493800;
0.003790;0.622295;0.983050;0.226080;0.493784;
0.003800;0.618041;0.982941;0.223942;0.493770;
0.003810;0.613787;0.982836;0.221810;0.493758;
0.003820;0.609533;0.982732;0.219681;0.493748;
0.003830;0.605279;0.982631;0.217558;0.493739;
0.003840;0.601025;0.982533;0.215438;0.493732;
0.003850;0.596771;0.982437;0.213323;0.493726;
0.003860;0.592519;0.982345;0.211212;0.493721;
0.003870;0.588267;0.982254;0.209106;0.493718;
0.003880;0.584016;0.982167;0.207003;0.493716;
0.003890;0.579766;0.982082;0.204903;0.493715;
0.003900;0.575518;0.982000;0.202808;0.493716;
0.003910;0.571271;0.981920;0.200716;0.493717;
0.003920;0.567026;0.981843;0.198627;0.493720;
0.003930;0.562783;0.981769;0.196542;0.493724;
0.003940;0.558541;0.981698;0.194460;0.493728;
0.003950;0.554302;0.981629;0.192380;0.493734;
0.003960;0.550064;0.981563;0.190304;0.493740;
0.003970;0.545829;0.981499;0.188231;0.493748;
0.003980;0.541596;0.981438;0.186160;0.493756;
0.003990;0.537365;0.981380;0.184091;0.493764;
0.004000;0.533137;0.981324;0.182025;0.493774;
0.004010;0.528911;0.981271;0.179961;0.493784;
0.004020;0.524687;0.981220;0.177899;0.493794;
0.004030;0.520466;0.981171;0.175839;0.493805;
0.004040;0.516248;0.981125;0.173781;0.493817;
0.004050;0.512032;0.981082;0.171724;0.493829;
0.004060;0.507819;0.981040;0.169669;0.493841;
0.004070;0.503608;0.981001;0.167615;0.493854;
0.004080;0.499400;0.980964;0.165562;0.493867;
0.004090;0.495194;0.980930;0.163511;0.493881;
0.004100;0.490991;0.980897;0.161460;0.493894;
0.004110;0.486791;0.980867;0.159411;0.493908;
0.004120;0.482593;0.980839;0.157362;0.493922;
0.004130;0.478397;0.980813;0.155314;0.493937;
0.004140;0.474204;0.980788;0.153266;0.493951;
0.004150;0.470014;0.980766;0.151218;0.493965;
0.004160;0.465825;0.980745;0.149171;0.493980;
0.004170;0.461639;0.980727;0.147123;0.493994;
0.004180;0.457456;0.980710;0.145076;0.494009;
0.004190;0.453274;0.980695;0.143029;0.494023;
0.004200;0.449095;0.980681;0.140981;0.494038;
0.004210;0.444917;0.980669;0.138933;0.494052;
0.004220;0.440742;0.980659;0.136884;0.494066;
0.004230;0.436569;0.980650;0.134835;0.494081;
0.004240;0.432397;0.980642;0.132785;0.494095;
0.004250;0.428227;0.980636;0.130735;0.494109;
0.004260;0.424059;0.980631;0.128683;0.494122;
0.004270;0.419893;0.980628;0.126631;0.494136;
0.004280;0.415728;0.980626;0.124577;0.494149;
0.004290;0.411564;0.980625;0.122522;0.494162;
0.004300;0.407402;0.980625;0.120466;0.494175;
0.004310;0.403240;0.980626;0.118409;0.494188;
0.004320;0.399080;0.980628;0.116350;0.494200;
0.004330;0.394921;0.980631;0.114289;0.494213;
0.004340;0.390763;0.980635;0.112227;0.494225;
0.004350;0.386606;0.980640;0.110164;0.494236;
0.004360;0.382449;0.980646;0.108098;0.494247;
0.004370;0.378293;0.980652;0.106031;0.494258;
0.004380;0.374138;0.980659;0.103962;0.494269;
0.004390;0.369983;0.980667;0.101891;0.494280;
0.004400;0.365828;0.980676;0.099818;0.494290;
0.004410;0.361673;0.980685;0.097743;0.494299;
0.004420;0.357518;0.980695;0.095666;0.494309;
0.004430;0.353364;0.980705;0.093587;0.494318;
0.004440;0.349209;0.980716;0.091506;0.494327;
0.004450;0.345054;0.980727;0.089422;0.494335;
0.004460;0.340898;0.980739;0.087336;0.494344;
0.004470;0.336742;0.980750;0.085248;0.494351;
0.004480;0.332586;0.980763;0.083157;0.494359;
0.004490;0.328429;0.980775;0.081064;0.494366;
0.004500;0.324271;0.980788;0.078969;0.494373;
0.004510;0.320112;0.980801;0.076871;0.494380;
0.004520;0.315952;0.980814;0.074770;0.494386;
0.004530;0.311791;0.980827;0.072668;0.494392;
0.004540;0.307629;0.980841;0.070562;0.494398;
0.004550;0.303466;0.980854;0.068455;0.494403;
0.004560;0.299301;0.980868;0.066344;0.494408;
0.004570;0.295135;0.980882;0.064232;0.494413;
0.004580;0.290968;0.980895;0.062116;0.494418;
0.004590;0.286799;0.980909;0.059998;0.494422;
0.004600;0.282628;0.980923;0.057878;0.494426;
0.004610;0.278455;0.980936;0.055755;0.494430;
0.004620;0.274280;0.980949;0.053629;0.494433;
0.004630;0.270104;0.980963;0.051501;0.494436;
0.004640;0.265925;0.980976;0.049371;0.494439;
0.004650;0.261745;0.980989;0.047238;0.494442;
0.004660;0.257562;0.981002;0.045102;0.494445;
0.004670;0.253377;0.981015;0.042964;0.494447;
0.004680;0.249189;0.981027;0.040824;0.494449;
0.004690;0.245000;0.981040;0.038681;0.494451;
0.004700;0.240807;0.981052;0.036535;0.494453;
0.004710;0.236613;0.981064;0.034388;0.494455;
0.004720;0.232415;0.981076;0.032238;0.494456;
0.004730;0.228216;0.981087;0.030085;0.494457;
0.004740;0.224013;0.981098;0.027930;0.494458;
0.004750;0.219808;0.981109;0.025773;0.494459;
0.004760;0.215600;0.981120;0.023614;0.494460;
0.004770;0.211389;0.981130;0.021453;0.494461;
0.004780;0.207176;0.981140;0.019289;0.494462;
0.004790;0.202959;0.981150;0.017123;0.494462;
0.004800;0.198740;0.981160;0.014955;0.494463;
0.004810;0.194518;0.981169;0.012786;0.494463;
0.004820;0.190293;0.981178;0.010614;0.494463;
0.004830;0.186065;0.981186;0.008440;0.494463;
0.004840;0.181834;0.981195;0.006264;0.494463;
0.004850;0.177599;0.981203;0.004086;0.494464;
0.004860;0.173362;0.981210;0.001907;0.494464;
0.004870;0.169122;0.981218;-0.000274;0.494464;
0.004880;0.164879;0.981225;-0.002457;0.494464;
0.004890;0.160632;0.981232;-0.004642;0.494463;
0.004900;0.156383;0.981238;-0.006828;0.494463;
0.004910;0.152130;0.981244;-0.009016;0.494463;
0.004920;0.147875;0.981250;-0.011205;0.494463;
0.004930;0.143616;0.981256;-0.013396;0.494463;
0.004940;0.139354;0.981261;-0.015588;0.494463;
0.004950;0.135090;0.981266;-0.017781;0.494463;
0.004960;0.130822;0.981271;-0.019976;0.494463;
0.004970;0.126551;0.981276;-0.022172;0.494463;
0.004980;0.122277;0.981280;-0.024369;0.494463;
0.004990;0.118000;0.981284;-0.026567;0.494463;
0.005000;0.113720;0.981288;-0.028766;0.494463;
0.005010;0.109438;0.981291;-0.030966;0.494463;
0.005020;0.105152;0.981294;-0.033168;0.494464;
0.005030;0.100863;0.981297;-0.035370;0.494464;
0.005040;0.096572;0.981300;-0.037572;0.494464;
0.005050;0.092278;0.981303;-0.039776;0.494465;
0.005060;0.087980;0.981305;-0.041980;0.494465;
0.005070;0.083681;0.981307;-0.044185;0.494466;
0.005080;0.079378;0.981309;-0.046391;0.494466;
0.005090;0.075073;0.981311;-0.048597;0.494467;
0.005100;0.070765;0.981313;-0.050803;0.494468;
0.005110;0.066454;0.981314;-0.053010;0.494469;
0.005120;0.062141;0.981316;-0.055217;0.494470;
0.005130;0.057825;0.981317;-0.057424;0.494471;
0.005140;0.053507;0.981318;-0.059632;0.494472;
0.005150;0.049187;0.981319;-0.061839;0.494473;
0.005160;0.044864;0.981320;-0.064047;0.494474;
0.005170;0.040539;0.981320;-0.066255;0.494476;
0.005180;0.036212;0.981321;-0.068463;0.494477;
0.005190;0.031882;0.981321;-0.070670;0.494479;
0.005200;0.027551;0.981322;-0.072878;0.494480;
0.005210;0.023217;0.981322;-0.075085;0.494482;
0.005220;0.018881;0.981322;-0.077292;0.494484;
0.005230;0.014544;0.981322;-0.079499;0.494486;
0.005240;0.010204;0.981323;-0.081705;0.494488;
0.005250;0.005863;0.981323;-0.083911;0.494490;
0.005260;0.001520;0.981323;-0.086116;0.494492;
0.005270;-0.002825;0.981323;-0.088321;0.494494;
0.005280;-0.007171;0.981323;-0.090525;0.494496;
0.005290;-0.011519;0.981322;-0.092729;0.494499;
0.005300;-0.015868;0.981322;-0.094932;0.494501;
0.005310;-0.020218;0.981322;-0.097134;0.494504;
0.005320;-0.024570;0.981322;-0.099335;0.494506;
0.005330;-0.028923;0.981322;-0.101535;0.494509;
0.005340;-0.033278;0.981322;-0.103735;0.494512;
0.005350;-0.037633;0.981322;-0.105933;0.494515;
0.005360;-0.041989;0.981322;-0.108131;0.494517;
0.005370;-0.046347;0.981322;-0.110327;0.494520;
0.005380;-0.050705;0.981322;-0.112522;0.494523;
0.005390;-0.055064;0.981322;-0.114717;0.494526;
0.005400;-0.059423;0.981322;-0.116909;0.494529;
0.005410;-0.063783;0.981322;-0.119101;0.494533;
0.005420;-0.068144;0.981322;-0.121291;0.494536;
0.005430;-0.072505;0.981323;-0.123480;0.494539;
0.005440;-0.076867;0.981323;-0.125668;0.494542;
0.005450;-0.081229;0.981323;-0.127854;0.494545;
0.005460;-0.085591;0.981324;-0.130039;0.494549;
0.005470;-0.089953;0.981324;-0.132222;0.494552;
0.005480;-0.094315;0.981325;-0.134403;0.494555;
0.005490;-0.098677;0.981326;-0.136583;0.494559;
0.005500;-0.103040;0.981326;-0.138762;0.494562;
0.005510;-0.107402;0.981327;-0.140938;0.494566;
0.005520;-0.111763;0.981328;-0.143113;0.494569;
0.005530;-0.116125;0.981329;-0.145286;0.494572;
0.005540;-0.120486;0.981330;-0.147458;0.494576;
0.005550;-0.124846;0.981331;-0.149627;0.494579;
0.005560;-0.129206;0.981332;-0.151795;0.494582;
0.005570;-0.133565;0.981334;-0.153961;0.494586;
0.005580;-0.137924;0.981335;-0.156125;0.494589;
0.005590;-0.142282;0.981336;-0.158287;0.494593;
0.005600;-0.146638;0.981338;-0.160447;0.494596;
0.005610;-0.150994;0.981340;-0.162605;0.494599;
0.005620;-0.155349;0.981341;-0.164760;0.494602;
0.005630;-0.159703;0.981343;-0.166914;0.494606;
0.005640;-0.164055;0.981345;-0.169066;0.494609;
0.005650;-0.168407;0.981347;-0.171216;0.494612;
0.005660;-0.172756;0.981349;-0.173363;0.494615;
0.005670;-0.177105;0.981351;-0.175508;0.494618;
0.005680;-0.181452;0.981353;-0.177651;0.494621;
0.005690;-0.185797;0.981355;-0.179792;0.494624;
0.005700;-0.190141;0.981358;-0.181930;0.494627;
0.005710;-0.194483;0.981360;-0.184066;0.494630;
0.005720;-0.198824;0.981363;-0.186200;0.494632;
0.005730;-0.203162;0.981365;-0.188332;0.494635;
0.005740;-0.207499;0.981368;-0.190461;0.494638;
0.005750;-0.211833;0.981370;-0.192588;0.494640;
0.005760;-0.216166;0.981373;-0.194712;0.494643;
0.005770;-0.220496;0.981376;-0.196834;0.494645;
0.005780;-0.224824;0.981379;-0.198954;0.494647;
0.005790;-0.229150;0.981381;-0.201071;0.494650;
0.005800;-0.233474;0.981384;-0.203185;0.494652;
0.005810;-0.237795;0.981387;-0.205297;0.494654;
0.005820;-0.242114;0.981390;-0.207407;0.494656;
0.005830;-0.246430;0.981393;-0.209514;0.494658;
0.005840;-0.250744;0.981396;-0.211618;0.494660;
0.005850;-0.255055;0.981399;-0.213720;0.494662;
0.005860;-0.259363;0.981403;-0.215819;0.494663;
0.005870;-0.263668;0.981406;-0.217916;0.494665;
0.005880;-0.267971;0.981409;-0.220010;0.494666;
0.005890;-0.272271;0.981412;-0.222102;0.494668;
0.005900;-0.276568;0.981415;-0.224190;0.494669;
0.005910;-0.280862;0.981418;-0.226276;0.494670;
0.005920;-0.285152;0.981422;-0.228360;0.494671;
0.005930;-0.289440;0.981425;-0.230441;0.494672;
0.005940;-0.293724;0.981428;-0.232519;0.494673;
0.005950;-0.298005;0.981431;-0.234594;0.494674;
0.005960;-0.302283;0.981434;-0.236666;0.494675;
0.005970;-0.306558;0.981438;-0.238736;0.494676;
0.005980;-0.310829;0.981441;-0.240803;0.494676;
0.005990;-0.315097;0.981444;-0.242867;0.494677;
0.006000;-0.319361;0.981447;-0.244929;0.494677;
0.006010;-0.323622;0.981450;-0.246988;0.494677;
0.006020;-0.327879;0.981453;-0.249043;0.494678;
0.006030;-0.332132;0.981456;-0.251096;0.494678;
0.006040;-0.336382;0.981459;-0.253147;0.494678;
0.006050;-0.340628;0.981462;-0.255194;0.494678;
0.006060;-0.344870;0.981465;-0.257239;0.494678;
0.006070;-0.349108;0.981468;-0.259280;0.494677;
0.006080;-0.353342;0.981471;-0.261319;0.494677;
0.006090;-0.357573;0.981473;-0.263355;0.494677;
0.006100;-0.361799;0.981476;-0.265388;0.494676;
0.006110;-0.366021;0.981479;-0.267418;0.494676;
0.006120;-0.370240;0.981481;-0.269445;0.494675;
0.006130;-0.374454;0.981484;-0.271469;0.494674;
0.006140;-0.378664;0.981487;-0.273491;0.494673;
0.006150;-0.382870;0.981489;-0.275509;0.494672;
0.006160;-0.387071;0.981491;-0.277524;0.494671;
0.006170;-0.391269;0.981494;-0.279537;0.494670;
0.006180;-0.395462;0.981496;-0.281546;0.494669;
0.006190;-0.399650;0.981498;-0.283553;0.494668;
0.006200;-0.403834;0.981500;-0.285556;0.494667;
0.006210;-0.408014;0.981502;-0.287556;0.494666;
0.006220;-0.412189;0.981504;-0.289554;0.494664;
0.006230;-0.416360;0.981506;-0.291548;0.494663;
0.006240;-0.420526;0.981508;-0.293540;0.494661;
0.006250;-0.424688;0.981509;-0.295528;0.494660;
0.006260;-0.428844;0.981511;-0.297513;0.494658;
0.006270;-0.432997;0.981512;-0.299495;0.494657;
0.006280;-0.437144;0.981514;-0.301474;0.494655;
0.006290;-0.441287;0.981515;-0.303450;0.494653;
0.006300;-0.445425;0.981517;-0.305423;0.494651;
0.006310;-0.449558;0.981518;-0.307393;0.494649;
0.006320;-0.453686;0.981519;-0.309359;0.494648;
0.006330;-0.457809;0.981520;-0.311323;0.494646;
0.006340;-0.461928;0.981521;-0.313283;0.494644;
0.006350;-0.466041;0.981522;-0.315240;0.494642;
0.006360;-0.470150;0.981522;-0.317194;0.494640;
0.006370;-0.474253;0.981523;-0.319145;0.494638;
0.006380;-0.478352;0.981524;-0.321093;0.494636;
0.006390;-0.482445;0.981524;-0.323037;0.494634;
0.006400;-0.486533;0.981524;-0.324978;0.494631;
0.006410;-0.490616;0.981525;-0.326916;0.494629;
0.006420;-0.494694;0.981525;-0.328851;0.494627;
0.006430;-0.498767;0.981525;-0.330782;0.494625;
0.006440;-0.502834;0.981525;-0.332711;0.494623;
0.006450;-0.506896;0.981525;-0.334636;0.494621;
0.006460;-0.510953;0.981525;-0.336557;0.494618;
0.006470;-0.515004;0.981525;-0.338476;0.494616;
0.006480;-0.519050;0.981525;-0.340391;0.494614;
0.006490;-0.523090;0.981524;-0.342302;0.494612;
0.006500;-0.527126;0.981524;-0.344211;0.494610;
0.006510;-0.531155;0.981523;-0.346116;0.494607;
0.006520;-0.535179;0.981523;-0.348017;0.494605;
0.006530;-0.539198;0.981522;-0.349915;0.494603;
0.006540;-0.543211;0.981521;-0.351810;0.494601;
0.006550;-0.547218;0.981521;-0.353702;0.494599;
0.006560;-0.551220;0.981520;-0.355590;0.494596;
0.006570;-0.555216;0.981519;-0.357474;0.494594;
0.006580;-0.559207;0.981518;-0.359355;0.494592;
0.006590;-0.563192;0.981517;-0.361233;0.494590;
0.006600;-0.567171;0.981516;-0.363107;0.494588;
0.006610;-0.571144;0.981514;-0.364978;0.494586;
0.006620;-0.575111;0.981513;-0.366845;0.494584;
0.006630;-0.579073;0.981512;-0.368708;0.494582;
0.006640;-0.583028;0.981510;-0.370569;0.494580;
0.006650;-0.586978;0.981509;-0.372425;0.494578;
0.006660;-0.590922;0.981507;-0.374278;0.494576;
0.006670;-0.594860;0.981506;-0.376127;0.494574;
0.006680;-0.598792;0.981504;-0.377973;0.494572;
0.006690;-0.602717;0.981503;-0.379815;0.494570;
0.006700;-0.606637;0.981501;-0.381654;0.494568;
0.006710;-0.610551;0.981499;-0.383489;0.494566;
0.006720;-0.614459;0.981498;-0.385320;0.494565;
0.006730;-0.618360;0.981496;-0.387147;0.494563;
0.006740;-0.622255;0.981494;-0.388971;0.494561;
0.006750;-0.626144;0.981492;-0.390791;0.494560;
0.006760;-0.630027;0.981490;-0.392607;0.494558;
0.006770;-0.633904;0.981488;-0.394420;0.494556;
0.006780;-0.637774;0.981486;-0.396229;0.494555;
0.006790;-0.641638;0.981485;-0.398034;0.494553;
0.006800;-0.645495;0.981483;-0.399835;0.494552;
0.006810;-0.649347;0.981481;-0.401632;0.494551;
0.006820;-0.653191;0.981479;-0.403426;0.494549;
0.006830;-0.657030;0.981476;-0.405216;0.494548;
0.006840;-0.660861;0.981474;-0.407001;0.494547;
0.006850;-0.664687;0.981472;-0.408783;0.494545;
0.006860;-0.668505;0.981470;-0.410561;0.494544;
0.006870;-0.672317;0.981468;-0.412335;0.494543;
0.006880;-0.676123;0.981466;-0.414105;0.494542;
0.006890;-0.679922;0.981464;-0.415872;0.494541;
0.006900;-0.683714;0.981462;-0.417634;0.494540;
0.006910;-0.687499;0.981460;-0.419392;0.494539;
0.006920;-0.691278;0.981458;-0.421146;0.494538;
0.006930;-0.695050;0.981456;-0.422896;0.494537;
0.006940;-0.698815;0.981454;-0.424642;0.494537;
0.006950;-0.702574;0.981452;-0.426384;0.494536;
0.006960;-0.706325;0.981450;-0.428122;0.494535;
0.006970;-0.710070;0.981448;-0.429856;0.494535;
0.006980;-0.713807;0.981446;-0.431586;0.494534;
0.006990;-0.717538;0.981444;-0.433311;0.494533;
0.007000;-0.721261;0.981442;-0.435033;0.494533;
0.007010;-0.724978;0.981440;-0.436750;0.494533;
0.007020;-0.728687;0.981438;-0.438463;0.494532;
0.007030;-0.732390;0.981436;-0.440172;0.494532;
0.007040;-0.736085;0.981434;-0.441876;0.494531;
0.007050;-0.739773;0.981432;-0.443576;0.494531;
0.007060;-0.743454;0.981430;-0.445272;0.494531;
0.007070;-0.747128;0.981428;-0.446964;0.494531;
0.007080;-0.750794;0.981427;-0.448651;0.494531;
0.007090;-0.754453;0.981425;-0.450334;0.494530;
0.007100;-0.758105;0.981423;-0.452013;0.494530;
0.007110;-0.761749;0.981421;-0.453687;0.494530;
0.007120;-0.765386;0.981420;-0.455357;0.494530;
0.007130;-0.769016;0.981418;-0.457023;0.494530;
0.007140;-0.772638;0.981416;-0.458684;0.494531;
0.007150;-0.776252;0.981415;-0.460340;0.494531;
0.007160;-0.779859;0.981413;-0.461992;0.494531;
0.007170;-0.783458;0.981412;-0.463640;0.494531;
0.007180;-0.787050;0.981411;-0.465283;0.494531;
0.007190;-0.790634;0.981409;-0.466922;0.494532;
0.007200;-0.794210;0.981408;-0.468556;0.494532;
0.007210;-0.797779;0.981406;-0.470185;0.494532;
0.007220;-0.801340;0.981405;-0.471810;0.494533;
0.007230;-0.804893;0.981404;-0.473431;0.494533;
0.007240;-0.808438;0.981403;-0.475047;0.494533;
0.007250;-0.811976;0.981402;-0.476658;0.494534;
0.007260;-0.815505;0.981400;-0.478264;0.494534;
0.007270;-0.819027;0.981399;-0.479866;0.494535;
0.007280;-0.822541;0.981398;-0.481463;0.494535;
0.007290;-0.826046;0.981397;-0.483055;0.494536;
0.007300;-0.829544;0.981396;-0.484643;0.494536;
0.007310;-0.833033;0.981396;-0.486226;0.494537;
0.007320;-0.836515;0.981395;-0.487804;0.494538;
0.007330;-0.839988;0.981394;-0.489378;0.494538;
0.007340;-0.843453;0.981393;-0.490946;0.494539;
0.007350;-0.846910;0.981392;-0.492510;0.494540;
0.007360;-0.850359;0.981392;-0.494069;0.494540;
0.007370;-0.853799;0.981391;-0.495623;0.494541;
0.007380;-0.857231;0.981391;-0.497172;0.494542;
0.007390;-0.860655;0.981390;-0.498717;0.494543;
0.007400;-0.864070;0.981390;-0.500256;0.494543;
0.007410;-0.867477;0.981389;-0.501791;0.494544;
0.007420;-0.870875;0.981389;-0.503320;0.494545;
0.007430;-0.874265;0.981388;-0.504845;0.494546;
0.007440;-0.877646;0.981388;-0.506365;0.494546;
0.007450;-0.881019;0.981388;-0.507879;0.494547;
0.007460;-0.884383;0.981388;-0.509389;0.494548;
0.007470;-0.887739;0.981387;-0.510894;0.494549;
0.007480;-0.891086;0.981387;-0.512393;0.494550;
0.007490;-0.894424;0.981387;-0.513888;0.494551;
0.007500;-0.897753;0.981387;-0.515377;0.494551;
0.007510;-0.901074;0.981387;-0.516862;0.494552;
0.007520;-0.904386;0.981387;-0.518341;0.494553;
0.007530;-0.907689;0.981387;-0.519815;0.494554;
0.007540;-0.910983;0.981387;-0.521284;0.494555;
0.007550;-0.914268;0.981387;-0.522748;0.494556;
0.007560;-0.917544;0.981387;-0.524207;0.494556;
0.007570;-0.920811;0.981388;-0.525661;0.494557;
0.007580;-0.924070;0.981388;-0.527109;0.494558;
0.007590;-0.927319;0.981388;-0.528552;0.494559;
0.007600;-0.930559;0.981388;-0.529990;0.494560;
0.007610;-0.933790;0.981389;-0.531423;0.494561;
0.007620;-0.937012;0.981389;-0.532850;0.494561;
0.007630;-0.940224;0.981389;-0.534273;0.494562;
0.007640;-0.943428;0.981390;-0.535689;0.494563;
0.007650;-0.946622;0.981390;-0.537101;0.494564;
0.007660;-0.949807;0.981390;-0.538507;0.494565;
0.007670;-0.952982;0.981391;-0.539908;0.494565;
0.007680;-0.956148;0.981391;-0.541304;0.494566;
0.007690;-0.959305;0.981392;-0.542694;0.494567;
0.007700;-0.962453;0.981392;-0.544079;0.494568;
0.007710;-0.965590;0.981393;-0.545458;0.494568;
0.007720;-0.968719;0.981394;-0.546832;0.494569;
0.007730;-0.971838;0.981394;-0.548201;0.494570;
0.007740;-0.974947;0.981395;-0.549564;0.494571;
0.007750;-0.978047;0.981395;-0.550922;0.494571;
0.007760;-0.981137;0.981396;-0.552274;0.494572;
0.007770;-0.984217;0.981397;-0.553621;0.494573;
0.007780;-0.987288;0.981397;-0.554962;0.494573;
0.007790;-0.990349;0.981398;-0.556298;0.494574;
0.007800;-0.993400;0.981399;-0.557628;0.494574;
0.007810;-0.996442;0.981400;-0.558953;0.494575;
0.007820;-0.999473;0.981400;-0.560272;0.494576;
0.007830;-1.002495;0.981401;-0.561585;0.494576;
0.007840;-1.005507;0.981402;-0.562893;0.494577;
0.007850;-1.008509;0.981402;-0.564196;0.494577;
0.007860;-1.011501;0.981403;-0.565493;0.494578;
0.007870;-1.014483;0.981404;-0.566784;0.494578;
0.007880;-1.017456;0.981405;-0.568070;0.494579;
0.007890;-1.020418;0.981406;-0.569350;0.494579;
0.007900;-1.023370;0.981406;-0.570624;0.494580;
0.007910;-1.026312;0.981407;-0.571893;0.494580;
0.007920;-1.029243;0.981408;-0.573156;0.494581;
0.007930;-1.032165;0.981409;-0.574413;0.494581;
0.007940;-1.035076;0.981410;-0.575665;0.494581;
0.007950;-1.037978;0.981410;-0.576910;0.494582;
0.007960;-1.040868;0.981411;-0.578151;0.494582;
0.007970;-1.043749;0.981412;-0.579385;0.494583;
0.007980;-1.046620;0.981413;-0.580614;0.494583;
0.007990;-1.049480;0.981413;-0.581837;0.494583;
0.008000;-1.052329;0.981414;-0.583054;0.494583;
0.008010;-1.055168;0.981415;-0.584265;0.494584;
0.008020;-1.057997;0.981416;-0.585471;0.494584;
0.008030;-1.060816;0.981417;-0.586671;0.494584;
0.008040;-1.063624;0.981417;-0.587864;0.494584;
0.008050;-1.066421;0.981418;-0.589053;0.494585;
0.008060;-1.069208;0.981419;-0.590235;0.494585;
0.008070;-1.071984;0.981420;-0.591411;0.494585;
0.008080;-1.074750;0.981420;-0.592582;0.494585;
0.008090;-1.077505;0.981421;-0.593747;0.494585;
0.008100;-1.080249;0.981422;-0.594905;0.494585;
0.008110;-1.082983;0.981422;-0.596058;0.494586;
0.008120;-1.085706;0.981423;-0.597205;0.494586;
0.008130;-1.088418;0.981424;-0.598346;0.494586;
0.008140;-1.091119;0.981424;-0.599481;0.494586;
0.008150;-1.093810;0.981425;-0.600611;0.494586;
0.008160;-1.096490;0.981426;-0.601734;0.494586;
0.008170;-1.099159;0.981426;-0.602851;0.494586;
0.008180;-1.101817;0.981427;-0.603962;0.494586;
0.008190;-1.104464;0.981427;-0.605068;0.494586;
0.008200;-1.107101;0.981428;-0.606167;0.494586;
0.008210;-1.109726;0.981429;-0.607261;0.494586;
0.008220;-1.112340;0.981429;-0.608348;0.494586;
0.008230;-1.114944;0.981430;-0.609429;0.494586;
0.008240;-1.117536;0.981430;-0.610504;0.494586;
0.008250;-1.120117;0.981431;-0.611574;0.494586;
0.008260;-1.122688;0.981431;-0.612637;0.494586;
0.008270;-1.125247;0.981432;-0.613694;0.494586;
0.008280;-1.127795;0.981432;-0.614745;0.494585;
0.008290;-1.130331;0.981433;-0.615790;0.494585;
0.008300;-1.132857;0.981433;-0.616829;0.494585;
0.008310;-1.135371;0.981434;-0.617862;0.494585;
0.008320;-1.137875;0.981434;-0.618888;0.494585;
0.008330;-1.140367;0.981434;-0.619909;0.494585;
0.008340;-1.142847;0.981435;-0.620923;0.494585;
0.008350;-1.145316;0.981435;-0.621931;0.494584;
0.008360;-1.147774;0.981435;-0.622933;0.494584;
0.008370;-1.150221;0.981436;-0.623929;0.494584;
0.008380;-1.152656;0.981436;-0.624919;0.494584;
0.008390;-1.155080;0.981436;-0.625903;0.494584;
0.008400;-1.157493;0.981437;-0.626880;0.494583;
0.008410;-1.159894;0.981437;-0.627851;0.494583;
0.008420;-1.162283;0.981437;-0.628816;0.494583;
0.008430;-1.164661;0.981437;-0.629775;0.494583;
0.008440;-1.167027;0.981438;-0.630728;0.494583;
0.008450;-1.169382;0.981438;-0.631674;0.494582;
0.008460;-1.171726;0.981438;-0.632614;0.494582;
0.008470;-1.174058;0.981438;-0.633548;0.494582;
0.008480;-1.176378;0.981438;-0.634476;0.494582;
0.008490;-1.178686;0.981438;-0.635397;0.494581;
0.008500;-1.180983;0.981439;-0.636312;0.494581;
0.008510;-1.183268;0.981439;-0.637221;0.494581;
0.008520;-1.185542;0.981439;-0.638123;0.494581;
0.008530;-1.187803;0.981439;-0.639019;0.494580;
0.008540;-1.190053;0.981439;-0.639909;0.494580;
0.008550;-1.192292;0.981439;-0.640793;0.494580;
0.008560;-1.194518;0.981439;-0.641670;0.494580;
0.008570;-1.196733;0.981439;-0.642541;0.494579;
0.008580;-1.198936;0.981439;-0.643406;0.494579;
0.008590;-1.201127;0.981439;-0.644264;0.494579;
0.008600;-1.203306;0.981439;-0.645116;0.494579;
0.008610;-1.205473;0.981439;-0.645961;0.494578;
0.008620;-1.207628;0.981439;-0.646800;0.494578;
0.008630;-1.209771;0.981439;-0.647633;0.494578;
0.008640;-1.211903;0.981439;-0.648459;0.494578;
0.008650;-1.214022;0.981439;-0.649279;0.494577;
0.008660;-1.216130;0.981439;-0.650093;0.494577;
0.008670;-1.218225;0.981439;-0.650900;0.494577;
0.008680;-1.220308;0.981439;-0.651700;0.494577;
0.008690;-1.222380;0.981438;-0.652495;0.494576;
0.008700;-1.224439;0.981438;-0.653283;0.494576;
0.008710;-1.226486;0.981438;-0.654064;0.494576;
0.008720;-1.228521;0.981438;-0.654839;0.494576;
0.008730;-1.230544;0.981438;-0.655607;0.494575;
0.008740;-1.232554;0.981438;-0.656369;0.494575;
0.008750;-1.234553;0.981438;-0.657125;0.494575;
0.008760;-1.236539;0.981438;-0.657874;0.494575;
0.008770;-1.238513;0.981437;-0.658617;0.494574;
0.008780;-1.240475;0.981437;-0.659353;0.494574;
0.008790;-1.242425;0.981437;-0.660082;0.494574;
0.008800;-1.244362;0.981437;-0.660805;0.494574;
0.008810;-1.246287;0.981437;-0.661522;0.494574;
0.008820;-1.248200;0.981436;-0.662232;0.494573;
0.008830;-1.250100;0.981436;-0.662935;0.494573;
0.008840;-1.251989;0.981436;-0.663632;0.494573;
0.008850;-1.253864;0.981436;-0.664323;0.494573;
0.008860;-1.255728;0.981436;-0.665007;0.494573;
0.008870;-1.257578;0.981435;-0.665684;0.494572;
0.008880;-1.259417;0.981435;-0.666355;0.494572;
0.008890;-1.261243;0.981435;-0.667019;0.494572;
0.008900;-1.263057;0.981435;-0.667676;0.494572;
0.008910;-1.264858;0.981434;-0.668327;0.494572;
0.008920;-1.266647;0.981434;-0.668972;0.494572;
0.008930;-1.268423;0.981434;-0.669610;0.494571;
0.008940;-1.270186;0.981434;-0.670241;0.494571;
0.008950;-1.271937;0.981434;-0.670866;0.494571;
0.008960;-1.273676;0.981433;-0.671484;0.494571;
0.008970;-1.275402;0.981433;-0.672095;0.494571;
0.008980;-1.277115;0.981433;-0.672700;0.494571;
0.008990;-1.278816;0.981433;-0.673298;0.494571;
0.009000;-1.280504;0.981432;-0.673889;0.494570;
0.009010;-1.282180;0.981432;-0.674474;0.494570;
0.009020;-1.283843;0.981432;-0.675052;0.494570;
0.009030;-1.285493;0.981432;-0.675624;0.494570;
0.009040;-1.287131;0.981431;-0.676189;0.494570;
0.009050;-1.288755;0.981431;-0.676747;0.494570;
0.009060;-1.290367;0.981431;-0.677299;0.494570;
0.009070;-1.291967;0.981431;-0.677843;0.494570;
0.009080;-1.293553;0.981430;-0.678382;0.494570;
0.009090;-1.295127;0.981430;-0.678913;0.494570;
0.009100;-1.296688;0.981430;-0.679438;0.494570;
0.009110;-1.298237;0.981430;-0.679956;0.494569;
0.009120;-1.299772;0.981429;-0.680468;0.494569;
0.009130;-1.301295;0.981429;-0.680972;0.494569;
0.009140;-1.302805;0.981429;-0.681470;0.494569;
0.009150;-1.304302;0.981429;-0.681961;0.494569;
0.009160;-1.305786;0.981429;-0.682446;0.494569;
0.009170;-1.307257;0.981428;-0.682924;0.494569;
0.009180;-1.308715;0.981428;-0.683395;0.494569;
0.009190;-1.310161;0.981428;-0.683859;0.494569;
0.009200;-1.311593;0.981428;-0.684317;0.494569;
0.009210;-1.313013;0.981428;-0.684768;0.494569;
0.009220;-1.314419;0.981427;-0.685212;0.494569;
0.009230;-1.315813;0.981427;-0.685649;0.494569;
0.009240;-1.317193;0.981427;-0.686080;0.494569;
0.009250;-1.318561;0.981427;-0.686504;0.494569;
0.009260;-1.319916;0.981427;-0.686921;0.494569;
0.009270;-1.321257;0.981426;-0.687331;0.494569;
0.009280;-1.322586;0.981426;-0.687734;0.494569;
0.009290;-1.323902;0.981426;-0.688131;0.494569;
0.009300;-1.325204;0.981426;-0.688521;0.494569;
0.009310;-1.326493;0.981426;-0.688904;0.494569;
0.009320;-1.327770;0.981426;-0.689280;0.494569;
0.009330;-1.329033;0.981426;-0.689650;0.494569;
0.009340;-1.330283;0.981425;-0.690013;0.494569;
0.009350;-1.331520;0.981425;-0.690369;0.494569;
0.009360;-1.332744;0.981425;-0.690718;0.494569;
0.009370;-1.333955;0.981425;-0.691060;0.494569;
0.009380;-1.335152;0.981425;-0.691396;0.494569;
0.009390;-1.336337;0.981425;-0.691724;0.494569;
0.009400;-1.337508;0.981425;-0.692046;0.494569;
0.009410;-1.338666;0.981424;-0.692361;0.494569;
0.009420;-1.339811;0.981424;-0.692669;0.494569;
0.009430;-1.340942;0.981424;-0.692971;0.494569;
0.009440;-1.342061;0.981424;-0.693265;0.494570;
0.009450;-1.343166;0.981424;-0.693553;0.494570;
0.009460;-1.344258;0.981424;-0.693834;0.494570;
0.009470;-1.345336;0.981424;-0.694108;0.494570;
0.009480;-1.346401;0.981424;-0.694375;0.494570;
0.009490;-1.347454;0.981424;-0.694635;0.494570;
0.009500;-1.348492;0.981424;-0.694888;0.494570;
0.009510;-1.349518;0.981424;-0.695135;0.494570;
0.009520;-1.350530;0.981424;-0.695375;0.494570;
0.009530;-1.351529;0.981424;-0.695608;0.494570;
0.009540;-1.352514;0.981423;-0.695834;0.494570;
0.009550;-1.353486;0.981423;-0.696053;0.494570;
0.009560;-1.354445;0.981423;-0.696265;0.494570;
0.009570;-1.355391;0.981423;-0.696470;0.494570;
0.009580;-1.356323;0.981423;-0.696669;0.494570;
0.009590;-1.357241;0.981423;-0.696861;0.494570;
0.009600;-1.358147;0.981423;-0.697045;0.494571;
0.009610;-1.359039;0.981423;-0.697223;0.494571;
0.009620;-1.359917;0.981423;-0.697394;0.494571;
0.009630;-1.360782;0.981423;-0.697558;0.494571;
0.009640;-1.361634;0.981423;-0.697716;0.494571;
0.009650;-1.362472;0.981423;-0.697866;0.494571;
0.009660;-1.363297;0.981423;-0.698009;0.494571;
0.009670;-1.364108;0.981423;-0.698146;0.494571;
0.009680;-1.364906;0.981423;-0.698276;0.494571;
0.009690;-1.365690;0.981423;-0.698398;0.494571;
0.009700;-1.366461;0.981423;-0.698514;0.494571;
0.009710;-1.367219;0.981423;-0.698623;0.494571;
0.009720;-1.367963;0.981423;-0.698725;0.494571;
0.009730;-1.368693;0.981423;-0.698821;0.494571;
0.009740;-1.369410;0.981423;-0.698909;0.494571;
0.009750;-1.370114;0.981423;-0.698990;0.494572;
0.009760;-1.370803;0.981423;-0.699065;0.494572;
0.009770;-1.371480;0.981423;-0.699133;0.494572;
0.009780;-1.372143;0.981423;-0.699193;0.494572;
0.009790;-1.372792;0.981423;-0.699247;0.494572;
0.009800;-1.373428;0.981423;-0.699294;0.494572;
0.009810;-1.374050;0.981424;-0.699334;0.494572;
0.009820;-1.374659;0.981424;-0.699367;0.494572;
0.009830;-1.375254;0.981424;-0.699393;0.494572;
0.009840;-1.375835;0.981424;-0.699413;0.494572;
0.009850;-1.376403;0.981424;-0.699425;0.494572;
0.009860;-1.376958;0.981424;-0.699430;0.494572;
0.009870;-1.377498;0.981424;-0.699429;0.494572;
0.009880;-1.378026;0.981424;-0.699421;0.494572;
0.009890;-1.378539;0.981424;-0.699405;0.494572;
0.009900;-1.379039;0.981424;-0.699383;0.494572;
0.009910;-1.379526;0.981424;-0.699354;0.494572;
0.009920;-1.379998;0.981424;-0.699318;0.494573;
0.009930;-1.380458;0.981424;-0.699276;0.494573;
0.009940;-1.380903;0.981424;-0.699226;0.494573;
0.009950;-1.381335;0.981424;-0.699169;0.494573;
0.009960;-1.381753;0.981424;-0.699106;0.494573;
0.009970;-1.382158;0.981424;-0.699035;0.494573;
0.009980;-1.382549;0.981424;-0.698958;0.494573;
0.009990;-1.382926;0.981425;-0.698874;0.494573;
0.010000;-1.383290;0.981425;-0.698782;0.494573;
0.010010;-1.383640;0.981425;-0.698684;0.494573;
0.010020;-1.383976;0.981425;-0.698579;0.494573;
0.010030;-1.384299;0.981425;-0.698468;0.494573;
0.010040;-1.384608;0.981425;-0.698349;0.494573;
0.010050;-1.384904;0.981425;-0.698223;0.494573;
0.010060;-1.385185;0.981425;-0.698091;0.494573;
0.010070;-1.385453;0.981425;-0.697951;0.494573;
0.010080;-1.385708;0.981425;-0.697805;0.494573;
0.010090;-1.385948;0.981425;-0.697652;0.494573;
0.010100;-1.386175;0.981425;-0.697492;0.494573;
0.010110;-1.386389;0.981425;-0.697325;0.494573;
0.010120;-1.386588;0.981425;-0.697151;0.494573;
0.010130;-1.386774;0.981425;-0.696970;0.494573;
0.010140;-1.386947;0.981425;-0.696782;0.494573;
0.010150;-1.387105;0.981426;-0.696588;0.494573;
0.010160;-1.387250;0.981426;-0.696387;0.494573;
0.010170;-1.387381;0.981426;-0.696178;0.494573;
0.010180;-1.387499;0.981426;-0.695963;0.494573;
0.010190;-1.387603;0.981426;-0.695741;0.494573;
0.010200;-1.387693;0.981426;-0.695512;0.494573;
0.010210;-1.387769;0.981426;-0.695277;0.494573;
0.010220;-1.387832;0.981426;-0.695034;0.494573;
0.010230;-1.387881;0.981426;-0.694785;0.494573;
0.010240;-1.387917;0.981426;-0.694528;0.494573;
0.010250;-1.387938;0.981426;-0.694265;0.494573;
0.010260;-1.387946;0.981426;-0.693995;0.494574;
0.010270;-1.387940;0.981426;-0.693718;0.494574;
0.010280;-1.387921;0.981426;-0.693434;0.494574;
0.010290;-1.387888;0.981426;-0.693144;0.494574;
0.010300;-1.387841;0.981426;-0.692846;0.494574;
0.010310;-1.387780;0.981426;-0.692542;0.494574;
0.010320;-1.387706;0.981426;-0.692231;0.494574;
0.010330;-1.387618;0.981427;-0.691913;0.494574;
0.010340;-1.387517;0.981427;-0.691588;0.494574;
0.010350;-1.387401;0.981427;-0.691257;0.494574;
0.010360;-1.387272;0.981427;-0.690918;0.494574;
0.010370;-1.387129;0.981427;-0.690573;0.494574;
0.010380;-1.386973;0.981427;-0.690221;0.494574;
0.010390;-1.386803;0.981427;-0.689862;0.494574;
0.010400;-1.386619;0.981427;-0.689497;0.494574;
0.010410;-1.386422;0.981427;-0.689124;0.494574;
0.010420;-1.386210;0.981427;-0.688745;0.494573;
0.010430;-1.385986;0.981427;-0.688359;0.494573;
0.010440;-1.385747;0.981427;-0.687966;0.494573;
0.010450;-1.385495;0.981427;-0.687566;0.494573;
0.010460;-1.385229;0.981427;-0.687160;0.494573;
0.010470;-1.384949;0.981427;-0.686747;0.494573;
0.010480;-1.384656;0.981427;-0.686327;0.494573;
0.010490;-1.384349;0.981427;-0.685900;0.494573;
0.010500;-1.384029;0.981427;-0.685466;0.494573;
0.010510;-1.383694;0.981427;-0.685026;0.494573;
0.010520;-1.383347;0.981427;-0.684579;0.494573;
0.010530;-1.382985;0.981427;-0.684125;0.494573;
0.010540;-1.382610;0.981427;-0.683665;0.494573;
0.010550;-1.382221;0.981427;-0.683197;0.494573;
0.010560;-1.381819;0.981427;-0.682723;0.494573;
0.010570;-1.381402;0.981427;-0.682242;0.494573;
0.010580;-1.380973;0.981427;-0.681755;0.494573;
0.010590;-1.380529;0.981427;-0.681261;0.494573;
0.010600;-1.380072;0.981427;-0.680760;0.494573;
0.010610;-1.379602;0.981427;-0.680252;0.494573;
0.010620;-1.379117;0.981427;-0.679737;0.494573;
0.010630;-1.378619;0.981427;-0.679216;0.494573;
0.010640;-1.378108;0.981427;-0.678688;0.494573;
0.010650;-1.377583;0.981427;-0.678154;0.494573;
0.010660;-1.377044;0.981427;-0.677613;0.494573;
0.010670;-1.376492;0.981427;-0.677065;0.494573;
0.010680;-1.375926;0.981427;-0.676510;0.494573;
0.010690;-1.375347;0.981427;-0.675949;0.494573;
0.010700;-1.374754;0.981427;-0.675381;0.494573;
0.010710;-1.374147;0.981427;-0.674806;0.494573;
0.010720;-1.373527;0.981427;-0.674225;0.494573;
0.010730;-1.372893;0.981427;-0.673637;0.494573;
0.010740;-1.372246;0.981427;-0.673042;0.494573;
0.010750;-1.371585;0.981427;-0.672441;0.494573;
0.010760;-1.370911;0.981427;-0.671833;0.494573;
0.010770;-1.370223;0.981427;-0.671219;0.494573;
0.010780;-1.369522;0.981427;-0.670598;0.494573;
0.010790;-1.368807;0.981427;-0.669970;0.494573;
0.010800;-1.368078;0.981427;-0.669336;0.494573;
0.010810;-1.367336;0.981427;-0.668695;0.494573;
0.010820;-1.366581;0.981427;-0.668047;0.494573;
0.010830;-1.365812;0.981427;-0.667393;0.494573;
0.010840;-1.365030;0.981427;-0.666732;0.494573;
0.010850;-1.364234;0.981427;-0.666065;0.494573;
0.010860;-1.363424;0.981427;-0.665391;0.494573;
0.010870;-1.362602;0.981427;-0.664710;0.494573;
0.010880;-1.361765;0.981427;-0.664023;0.494573;
0.010890;-1.360916;0.981427;-0.663330;0.494573;
0.010900;-1.360053;0.981427;-0.662630;0.494573;
0.010910;-1.359176;0.981427;-0.661923;0.494573;
0.010920;-1.358286;0.981427;-0.661210;0.494573;
0.010930;-1.357383;0.981427;-0.660490;0.494573;
0.010940;-1.356466;0.981427;-0.659764;0.494573;
0.010950;-1.355536;0.981427;-0.659031;0.494573;
0.010960;-1.354592;0.981427;-0.658292;0.494573;
0.010970;-1.353635;0.981427;-0.657546;0.494573;
0.010980;-1.352665;0.981427;-0.656794;0.494573;
0.010990;-1.351682;0.981427;-0.656035;0.494573;
0.011000;-1.350685;0.981427;-0.655270;0.494573;
0.011010;-1.349674;0.981427;-0.654498;0.494573;
0.011020;-1.348651;0.981427;-0.653720;0.494573;
0.011030;-1.347614;0.981427;-0.652936;0.494573;
0.011040;-1.346564;0.981427;-0.652145;0.494573;
0.011050;-1.345500;0.981427;-0.651347;0.494573;
0.011060;-1.344423;0.981427;-0.650543;0.494573;
0.011070;-1.343333;0.981427;-0.649733;0.494573;
0.011080;-1.342230;0.981427;-0.648916;0.494573;
0.011090;-1.341113;0.981427;-0.648093;0.494573;
0.011100;-1.339984;0.981427;-0.647264;0.494573;
0.011110;-1.338841;0.981427;-0.646428;0.494573;
0.011120;-1.337684;0.981427;-0.645586;0.494573;
0.011130;-1.336515;0.981427;-0.644737;0.494573;
0.011140;-1.335332;0.981427;-0.643882;0.494573;
0.011150;-1.334137;0.981427;-0.643021;0.494573;
0.011160;-1.332928;0.981427;-0.642153;0.494573;
0.011170;-1.331706;0.981427;-0.641279;0.494573;
0.011180;-1.330470;0.981427;-0.640398;0.494573;
0.011190;-1.329222;0.981427;-0.639512;0.494573;
0.011200;-1.327960;0.981427;-0.638619;0.494573;
0.011210;-1.326686;0.981427;-0.637719;0.494573;
0.011220;-1.325398;0.981427;-0.636814;0.494572;
0.011230;-1.324097;0.981427;-0.635902;0.494572;
0.011240;-1.322783;0.981427;-0.634984;0.494572;
0.011250;-1.321456;0.981427;-0.634059;0.494572;
0.011260;-1.320116;0.981427;-0.633129;0.494572;
0.011270;-1.318763;0.981427;-0.632192;0.494572;
0.011280;-1.317397;0.981427;-0.631249;0.494572;
0.011290;-1.316018;0.981427;-0.630299;0.494572;
0.011300;-1.314626;0.981427;-0.629344;0.494572;
0.011310;-1.313221;0.981427;-0.628382;0.494572;
0.011320;-1.311804;0.981427;-0.627414;0.494572;
0.011330;-1.310373;0.981427;-0.626439;0.494572;
0.011340;-1.308929;0.981427;-0.625459;0.494572;
0.011350;-1.307472;0.981427;-0.624472;0.494572;
0.011360;-1.306003;0.981427;-0.623480;0.494572;
0.011370;-1.304520;0.981427;-0.622481;0.494572;
0.011380;-1.303025;0.981427;-0.621476;0.494572;
0.011390;-1.301516;0.981427;-0.620465;0.494572;
0.011400;-1.299995;0.981427;-0.619447;0.494572;
0.011410;-1.298461;0.981427;-0.618424;0.494572;
0.011420;-1.296915;0.981427;-0.617394;0.494572;
0.011430;-1.295355;0.981427;-0.616359;0.494572;
0.011440;-1.293783;0.981427;-0.615317;0.494572;
0.011450;-1.292198;0.981427;-0.614269;0.494572;
0.011460;-1.290600;0.981427;-0.613215;0.494572;
0.011470;-1.288989;0.981427;-0.612156;0.494572;
0.011480;-1.287366;0.981427;-0.611090;0.494572;
0.011490;-1.285730;0.981427;-0.610018;0.494572;
0.011500;-1.284081;0.981427;-0.608940;0.494572;
0.011510;-1.282420;0.981427;-0.607856;0.494572;
0.011520;-1.280746;0.981427;-0.606766;0.494572;
0.011530;-1.279059;0.981427;-0.605670;0.494572;
0.011540;-1.277360;0.981427;-0.604568;0.494572;
0.011550;-1.275648;0.981427;-0.603460;0.494572;
0.011560;-1.273923;0.981426;-0.602346;0.494572;
0.011570;-1.272186;0.981426;-0.601226;0.494572;
0.011580;-1.270437;0.981426;-0.600100;0.494572;
0.011590;-1.268674;0.981426;-0.598969;0.494572;
0.011600;-1.266900;0.981426;-0.597831;0.494572;
0.011610;-1.265113;0.981426;-0.596688;0.494572;
0.011620;-1.263313;0.981426;-0.595538;0.494572;
0.011630;-1.261501;0.981426;-0.594383;0.494572;
0.011640;-1.259676;0.981426;-0.593222;0.494572;
0.011650;-1.257839;0.981426;-0.592055;0.494573;
0.011660;-1.255990;0.981426;-0.590882;0.494573;
0.011670;-1.254128;0.981426;-0.589704;0.494573;
0.011680;-1.252254;0.981426;-0.588519;0.494573;
0.011690;-1.250367;0.981426;-0.587329;0.494573;
0.011700;-1.248468;0.981426;-0.586133;0.494573;
0.011710;-1.246557;0.981426;-0.584931;0.494573;
0.011720;-1.244634;0.981426;-0.583723;0.494573;
0.011730;-1.242698;0.981426;-0.582510;0.494573;
0.011740;-1.240750;0.981426;-0.581291;0.494573;
0.011750;-1.238789;0.981426;-0.580066;0.494573;
0.011760;-1.236817;0.981426;-0.578835;0.494573;
0.011770;-1.234832;0.981426;-0.577599;0.494573;
0.011780;-1.232835;0.981426;-0.576357;0.494573;
0.011790;-1.230826;0.981426;-0.575109;0.494573;
0.011800;-1.228805;0.981426;-0.573856;0.494573;
0.011810;-1.226771;0.981426;-0.572597;0.494573;
0.011820;-1.224726;0.981426;-0.571332;0.494573;
0.011830;-1.222668;0.981426;-0.570062;0.494573;
0.011840;-1.220599;0.981426;-0.568786;0.494573;
0.011850;-1.218517;0.981426;-0.567504;0.494573;
0.011860;-1.216423;0.981426;-0.566217;0.494573;
0.011870;-1.214317;0.981426;-0.564924;0.494573;
0.011880;-1.212200;0.981426;-0.563626;0.494573;
0.011890;-1.210070;0.981426;-0.562322;0.494573;
0.011900;-1.207928;0.981426;-0.561013;0.494573;
0.011910;-1.205775;0.981426;-0.559698;0.494573;
0.011920;-1.203609;0.981426;-0.558377;0.494573;
0.011930;-1.201432;0.981426;-0.557051;0.494573;
0.011940;-1.199243;0.981426;-0.555720;0.494573;
0.011950;-1.197042;0.981426;-0.554383;0.494573;
0.011960;-1.194829;0.981426;-0.553040;0.494573;
0.011970;-1.192605;0.981426;-0.551692;0.494573;
0.011980;-1.190368;0.981426;-0.550339;0.494573;
0.011990;-1.188120;0.981426;-0.548980;0.494573;
0.012000;-1.185860;0.981426;-0.547616;0.494573;
0.012010;-1.183589;0.981426;-0.546246;0.494573;
0.012020;-1.181305;0.981426;-0.544871;0.494573;
0.012030;-1.179010;0.981426;-0.543491;0.494573;
0.012040;-1.176704;0.981426;-0.542105;0.494573;
0.012050;-1.174386;0.981426;-0.540714;0.494573;
0.012060;-1.172056;0.981426;-0.539317;0.494573;
0.012070;-1.169715;0.981426;-0.537916;0.494573;
0.012080;-1.167362;0.981426;-0.536508;0.494573;
0.012090;-1.164997;0.981426;-0.535096;0.494573;
0.012100;-1.162622;0.981426;-0.533678;0.494573;
0.012110;-1.160234;0.981426;-0.532255;0.494573;
0.012120;-1.157835;0.981426;-0.530827;0.494573;
0.012130;-1.155425;0.981426;-0.529394;0.494573;
0.012140;-1.153004;0.981426;-0.527955;0.494573;
0.012150;-1.150571;0.981426;-0.526511;0.494573;
0.012160;-1.148126;0.981426;-0.525062;0.494573;
0.012170;-1.145670;0.981427;-0.523608;0.494573;
0.012180;-1.143203;0.981427;-0.522149;0.494573;
0.012190;-1.140725;0.981427;-0.520684;0.494573;
0.012200;-1.138236;0.981427;-0.519214;0.494573;
0.012210;-1.135735;0.981427;-0.517740;0.494573;
0.012220;-1.133223;0.981427;-0.516260;0.494573;
0.012230;-1.130700;0.981427;-0.514775;0.494573;
0.012240;-1.128165;0.981427;-0.513284;0.494573;
0.012250;-1.125620;0.981427;-0.511789;0.494573;
0.012260;-1.123063;0.981427;-0.510289;0.494573;
0.012270;-1.120496;0.981427;-0.508784;0.494573;
0.012280;-1.117917;0.981427;-0.507274;0.494573;
0.012290;-1.115327;0.981427;-0.505758;0.494573;
0.012300;-1.112726;0.981427;-0.504238;0.494573;
0.012310;-1.110115;0.981427;-0.502713;0.494573;
0.012320;-1.107492;0.981427;-0.501182;0.494573;
0.012330;-1.104858;0.981427;-0.499647;0.494573;
0.012340;-1.102214;0.981427;-0.498107;0.494573;
0.012350;-1.099558;0.981427;-0.496562;0.494573;
0.012360;-1.096892;0.981427;-0.495012;0.494573;
0.012370;-1.094215;0.981427;-0.493457;0.494573;
0.012380;-1.091527;0.981427;-0.491898;0.494573;
0.012390;-1.088828;0.981427;-0.490333;0.494573;
0.012400;-1.086119;0.981427;-0.488764;0.494573;
0.012410;-1.083399;0.981427;-0.487190;0.494573;
0.012420;-1.080668;0.981427;-0.485611;0.494573;
0.012430;-1.077927;0.981427;-0.484027;0.494573;
0.012440;-1.075174;0.981427;-0.482438;0.494573;
0.012450;-1.072412;0.981427;-0.480845;0.494573;
0.012460;-1.069638;0.981427;-0.479247;0.494573;
0.012470;-1.066854;0.981427;-0.477644;0.494573;
0.012480;-1.064060;0.981427;-0.476037;0.494573;
0.012490;-1.061255;0.981427;-0.474424;0.494573;
0.012500;-1.058440;0.981427;-0.472807;0.494573;
0.012510;-1.055614;0.981427;-0.471186;0.494573;
0.012520;-1.052778;0.981427;-0.469560;0.494573;
0.012530;-1.049931;0.981427;-0.467929;0.494573;
0.012540;-1.047074;0.981427;-0.466293;0.494573;
0.012550;-1.044207;0.981427;-0.464653;0.494573;
0.012560;-1.041329;0.981427;-0.463009;0.494573;
0.012570;-1.038441;0.981427;-0.461359;0.494573;
0.012580;-1.035543;0.981427;-0.459706;0.494573;
0.012590;-1.032634;0.981427;-0.458047;0.494573;
0.012600;-1.029716;0.981427;-0.456384;0.494573;
0.012610;-1.026787;0.981427;-0.454717;0.494573;
0.012620;-1.023848;0.981427;-0.453045;0.494573;
0.012630;-1.020899;0.981427;-0.451369;0.494573;
0.012640;-1.017940;0.981427;-0.449688;0.494573;
0.012650;-1.014971;0.981427;-0.448003;0.494573;
0.012660;-1.011992;0.981427;-0.446313;0.494573;
0.012670;-1.009003;0.981427;-0.444619;0.494573;
0.012680;-1.006004;0.981427;-0.442921;0.494573;
0.012690;-1.002995;0.981427;-0.441218;0.494573;
0.012700;-0.999976;0.981427;-0.439511;0.494573;
0.012710;-0.996947;0.981427;-0.437800;0.494573;
0.012720;-0.993908;0.981427;-0.436084;0.494573;
0.012730;-0.990860;0.981427;-0.434364;0.494573;
0.012740;-0.987802;0.981427;-0.432639;0.494573;
0.012750;-0.984734;0.981427;-0.430911;0.494573;
0.012760;-0.981656;0.981427;-0.429178;0.494573;
0.012770;-0.978569;0.981427;-0.427441;0.494573;
0.012780;-0.975472;0.981427;-0.425699;0.494573;
0.012790;-0.972365;0.981427;-0.423954;0.494573;
0.012800;-0.969249;0.981427;-0.422204;0.494573;
0.012810;-0.966123;0.981427;-0.420450;0.494573;
0.012820;-0.962988;0.981427;-0.418692;0.494573;
0.012830;-0.959843;0.981427;-0.416930;0.494573;
0.012840;-0.956689;0.981427;-0.415163;0.494573;
0.012850;-0.953525;0.981427;-0.413393;0.494573;
0.012860;-0.950352;0.981427;-0.411618;0.494573;
0.012870;-0.947169;0.981427;-0.409840;0.494573;
0.012880;-0.943977;0.981427;-0.408057;0.494573;
0.012890;-0.940776;0.981427;-0.406271;0.494573;
0.012900;-0.937566;0.981427;-0.404480;0.494573;
0.012910;-0.934346;0.981427;-0.402685;0.494573;
0.012920;-0.931117;0.981427;-0.400887;0.494573;
0.012930;-0.927879;0.981427;-0.399084;0.494573;
0.012940;-0.924631;0.981427;-0.397278;0.494573;
0.012950;-0.921375;0.981427;-0.395467;0.494573;
0.012960;-0.918109;0.981427;-0.393653;0.494573;
0.012970;-0.914835;0.981427;-0.391835;0.494573;
0.012980;-0.911551;0.981427;-0.390013;0.494573;
0.012990;-0.908258;0.981427;-0.388187;0.494573;
0.013000;-0.904957;0.981427;-0.386357;0.494573;
0.013010;-0.901646;0.981427;-0.384523;0.494573;
0.013020;-0.898327;0.981427;-0.382686;0.494573;
0.013030;-0.894999;0.981427;-0.380845;0.494573;
0.013040;-0.891661;0.981427;-0.379000;0.494573;
0.013050;-0.888316;0.981427;-0.377151;0.494573;
0.013060;-0.884961;0.981427;-0.375299;0.494573;
0.013070;-0.881597;0.981427;-0.373443;0.494573;
0.013080;-0.878225;0.981427;-0.371583;0.494573;
0.013090;-0.874844;0.981427;-0.369720;0.494573;
0.013100;-0.871455;0.981427;-0.367853;0.494573;
0.013110;-0.868057;0.981427;-0.365982;0.494573;
0.013120;-0.864650;0.981427;-0.364108;0.494573;
0.013130;-0.861235;0.981427;-0.362230;0.494573;
0.013140;-0.857812;0.981427;-0.360348;0.494573;
0.013150;-0.854380;0.981427;-0.358463;0.494573;
0.013160;-0.850939;0.981427;-0.356575;0.494573;
0.013170;-0.847490;0.981427;-0.354683;0.494573;
0.013180;-0.844033;0.981427;-0.352787;0.494573;
0.013190;-0.840567;0.981427;-0.350888;0.494573;
0.013200;-0.837093;0.981427;-0.348985;0.494573;
0.013210;-0.833611;0.981427;-0.347079;0.494573;
0.013220;-0.830121;0.981427;-0.345170;0.494573;
0.013230;-0.826622;0.981427;-0.343257;0.494573;
0.013240;-0.823115;0.981427;-0.341341;0.494573;
0.013250;-0.819600;0.981427;-0.339421;0.494573;
0.013260;-0.816077;0.981427;-0.337498;0.494573;
0.013270;-0.812546;0.981427;-0.335572;0.494573;
0.013280;-0.809007;0.981427;-0.333643;0.494573;
0.013290;-0.805460;0.981427;-0.331710;0.494573;
0.013300;-0.801905;0.981427;-0.329774;0.494573;
0.013310;-0.798342;0.981427;-0.327834;0.494573;
0.013320;-0.794772;0.981427;-0.325892;0.494573;
0.013330;-0.791193;0.981427;-0.323946;0.494573;
0.013340;-0.787607;0.981427;-0.321997;0.494573;
0.013350;-0.784012;0.981427;-0.320045;0.494573;
0.013360;-0.780410;0.981427;-0.318089;0.494573;
0.013370;-0.776801;0.981427;-0.316131;0.494573;
0.013380;-0.773183;0.981427;-0.314169;0.494573;
0.013390;-0.769558;0.981427;-0.312204;0.494573;
0.013400;-0.765926;0.981427;-0.310236;0.494573;
0.013410;-0.762286;0.981427;-0.308266;0.494573;
0.013420;-0.758638;0.981427;-0.306292;0.494573;
0.013430;-0.754983;0.981427;-0.304315;0.494573;
0.013440;-0.751321;0.981427;-0.302335;0.494573;
0.013450;-0.747651;0.981427;-0.300352;0.494573;
0.013460;-0.743973;0.981427;-0.298366;0.494573;
0.013470;-0.740289;0.981427;-0.296377;0.494573;
0.013480;-0.736597;0.981427;-0.294385;0.494573;
0.013490;-0.732897;0.981427;-0.292391;0.494573;
0.013500;-0.729191;0.981427;-0.290393;0.494573;
0.013510;-0.725477;0.981427;-0.288393;0.494573;
0.013520;-0.721756;0.981427;-0.286389;0.494573;
0.013530;-0.718028;0.981427;-0.284383;0.494573;
0.013540;-0.714293;0.981427;-0.282374;0.494573;
0.013550;-0.710551;0.981427;-0.280363;0.494573;
0.013560;-0.706802;0.981427;-0.278348;0.494573;
0.013570;-0.703046;0.981427;-0.276331;0.494573;
0.013580;-0.699283;0.981427;-0.274311;0.494573;
0.013590;-0.695513;0.981427;-0.272289;0.494573;
0.013600;-0.691736;0.981427;-0.270263;0.494573;
0.013610;-0.687952;0.981427;-0.268235;0.494573;
0.013620;-0.684162;0.981427;-0.266205;0.494573;
0.013630;-0.680365;0.981427;-0.264171;0.494573;
0.013640;-0.676561;0.981427;-0.262135;0.494573;
0.013650;-0.672750;0.981427;-0.260097;0.494573;
0.013660;-0.668933;0.981427;-0.258056;0.494573;
0.013670;-0.665109;0.981427;-0.256012;0.494573;
0.013680;-0.661279;0.981427;-0.253966;0.494573;
0.013690;-0.657442;0.981427;-0.251918;0.494573;
0.013700;-0.653598;0.981427;-0.249867;0.494573;
0.013710;-0.649749;0.981427;-0.247813;0.494573;
0.013720;-0.645892;0.981427;-0.245757;0.494573;
0.013730;-0.642030;0.981427;-0.243699;0.494573;
0.013740;-0.638161;0.981427;-0.241638;0.494573;
0.013750;-0.634285;0.981427;-0.239574;0.494573;
0.013760;-0.630404;0.981427;-0.237509;0.494573;
0.013770;-0.626516;0.981427;-0.235441;0.494573;
0.013780;-0.622622;0.981427;-0.233371;0.494573;
0.013790;-0.618722;0.981427;-0.231298;0.494573;
0.013800;-0.614816;0.981427;-0.229223;0.494573;
0.013810;-0.610904;0.981427;-0.227146;0.494573;
0.013820;-0.606985;0.981427;-0.225067;0.494573;
0.013830;-0.603061;0.981427;-0.222985;0.494573;
0.013840;-0.599131;0.981427;-0.220902;0.494573;
0.013850;-0.595195;0.981427;-0.218816;0.494573;
0.013860;-0.591253;0.981427;-0.216728;0.494573;
0.013870;-0.587305;0.981427;-0.214637;0.494573;
0.013880;-0.583351;0.981427;-0.212545;0.494573;
0.013890;-0.579392;0.981427;-0.210450;0.494573;
0.013900;-0.575427;0.981427;-0.208354;0.494573;
0.013910;-0.571456;0.981427;-0.206255;0.494573;
0.013920;-0.567479;0.981427;-0.204155;0.494573;
0.013930;-0.563497;0.981427;-0.202052;0.494573;
0.013940;-0.559510;0.981427;-0.199947;0.494573;
0.013950;-0.555517;0.981427;-0.197841;0.494573;
0.013960;-0.551518;0.981427;-0.195732;0.494573;
0.013970;-0.547514;0.981427;-0.193622;0.494573;
0.013980;-0.543505;0.981427;-0.191509;0.494573;
0.013990;-0.539490;0.981427;-0.189395;0.494573;
0.014000;-0.535470;0.981427;-0.187279;0.494573;
0.014010;-0.531444;0.981427;-0.185161;0.494573;
0.014020;-0.527414;0.981427;-0.183041;0.494573;
0.014030;-0.523378;0.981427;-0.180919;0.494573;
0.014040;-0.519337;0.981427;-0.178796;0.494573;
0.014050;-0.515290;0.981427;-0.176671;0.494573;
0.014060;-0.511239;0.981427;-0.174544;0.494573;
0.014070;-0.507183;0.981427;-0.172415;0.494573;
0.014080;-0.503122;0.981427;-0.170285;0.494573;
0.014090;-0.499055;0.981427;-0.168153;0.494573;
0.014100;-0.494984;0.981427;-0.166019;0.494573;
0.014110;-0.490908;0.981427;-0.163884;0.494573;
0.014120;-0.486827;0.981427;-0.161747;0.494573;
0.014130;-0.482741;0.981427;-0.159608;0.494573;
0.014140;-0.478651;0.981427;-0.157468;0.494573;
0.014150;-0.474556;0.981427;-0.155326;0.494573;
0.014160;-0.470456;0.981427;-0.153183;0.494573;
0.014170;-0.466351;0.981427;-0.151038;0.494573;
0.014180;-0.462242;0.981427;-0.148892;0.494573;
0.014190;-0.458128;0.981427;-0.146744;0.494573;
0.014200;-0.454010;0.981427;-0.144595;0.494573;
0.014210;-0.449887;0.981427;-0.142445;0.494573;
0.014220;-0.445760;0.981427;-0.140293;0.494573;
0.014230;-0.441629;0.981427;-0.138139;0.494573;
0.014240;-0.437493;0.981427;-0.135985;0.494573;
0.014250;-0.433352;0.981427;-0.133829;0.494573;
0.014260;-0.429208;0.981427;-0.131671;0.494573;
0.014270;-0.425059;0.981427;-0.129512;0.494573;
0.014280;-0.420906;0.981427;-0.127353;0.494573;
0.014290;-0.416749;0.981427;-0.125191;0.494573;
0.014300;-0.412588;0.981427;-0.123029;0.494573;
0.014310;-0.408423;0.981427;-0.120865;0.494573;
0.014320;-0.404253;0.981427;-0.118700;0.494573;
0.014330;-0.400080;0.981427;-0.116534;0.494573;
0.014340;-0.395903;0.981427;-0.114367;0.494573;
0.014350;-0.391722;0.981427;-0.112199;0.494573;
0.014360;-0.387537;0.981427;-0.110029;0.494573;
0.014370;-0.383348;0.981427;-0.107859;0.494573;
0.014380;-0.379155;0.981427;-0.105687;0.494573;
0.014390;-0.374959;0.981427;-0.103515;0.494573;
0.014400;-0.370759;0.981427;-0.101341;0.494573;
0.014410;-0.366555;0.981427;-0.099166;0.494573;
0.014420;-0.362348;0.981427;-0.096991;0.494573;
0.014430;-0.358137;0.981427;-0.094814;0.494573;
0.014440;-0.353922;0.981427;-0.092637;0.494573;
0.014450;-0.349704;0.981427;-0.090458;0.494573;
0.014460;-0.345483;0.981427;-0.088279;0.494573;
0.014470;-0.341258;0.981427;-0.086099;0.494573;
0.014480;-0.337030;0.981427;-0.083918;0.494573;
0.014490;-0.332798;0.981427;-0.081736;0.494573;
0.014500;-0.328563;0.981427;-0.079553;0.494573;
0.014510;-0.324325;0.981427;-0.077370;0.494573;
0.014520;-0.320084;0.981427;-0.075185;0.494573;
0.014530;-0.315840;0.981427;-0.073001;0.494573;
0.014540;-0.311592;0.981427;-0.070815;0.494573;
0.014550;-0.307342;0.981427;-0.068628;0.494573;
0.014560;-0.303088;0.981427;-0.066441;0.494573;
0.014570;-0.298831;0.981427;-0.064254;0.494573;
0.014580;-0.294572;0.981427;-0.062065;0.494573;
0.014590;-0.290309;0.981427;-0.059876;0.494573;
0.014600;-0.286044;0.981427;-0.057687;0.494573;
0.014610;-0.281776;0.981427;-0.055497;0.494573;
0.014620;-0.277505;0.981427;-0.053306;0.494573;
0.014630;-0.273231;0.981427;-0.051115;0.494573;
0.014640;-0.268955;0.981427;-0.048923;0.494573;
0.014650;-0.264676;0.981427;-0.046731;0.494573;
0.014660;-0.260394;0.981427;-0.044538;0.494573;
0.014670;-0.256110;0.981427;-0.042345;0.494573;
0.014680;-0.251823;0.981427;-0.040152;0.494573;
0.014690;-0.247534;0.981427;-0.037958;0.494573;
0.014700;-0.243242;0.981427;-0.035764;0.494573;
0.014710;-0.238948;0.981427;-0.033569;0.494573;
0.014720;-0.234652;0.981427;-0.031374;0.494573;
0.014730;-0.230353;0.981427;-0.029179;0.494573;
0.014740;-0.226052;0.981427;-0.026983;0.494573;
0.014750;-0.221749;0.981427;-0.024787;0.494573;
0.014760;-0.217443;0.981427;-0.022591;0.494573;
0.014770;-0.213136;0.981427;-0.020395;0.494573;
0.014780;-0.208826;0.981427;-0.018198;0.494573;
0.014790;-0.204514;0.981427;-0.016002;0.494573;
0.014800;-0.200201;0.981427;-0.013805;0.494573;
0.014810;-0.195885;0.981427;-0.011608;0.494573;
0.014820;-0.191567;0.981427;-0.009411;0.494573;
0.014830;-0.187248;0.981427;-0.007214;0.494573;
0.014840;-0.182926;0.981427;-0.005016;0.494573;
0.014850;-0.178603;0.981427;-0.002819;0.494573;
0.014860;-0.174278;0.981427;-0.000622;0.494573;
0.014870;-0.169951;0.981427;0.001575;0.494573;
0.014880;-0.165623;0.981427;0.003773;0.494573;
0.014890;-0.161293;0.981427;0.005970;0.494573;
0.014900;-0.156961;0.981427;0.008167;0.494573;
0.014910;-0.152628;0.981427;0.010364;0.494573;
0.014920;-0.148293;0.981427;0.012561;0.494573;
0.014930;-0.143957;0.981427;0.014758;0.494573;
0.014940;-0.139620;0.981427;0.016955;0.494573;
0.014950;-0.135281;0.981427;0.019152;0.494573;
0.014960;-0.130941;0.981427;0.021348;0.494573;
0.014970;-0.126599;0.981427;0.023544;0.494573;
0.014980;-0.122256;0.981427;0.025740;0.494573;
0.014990;-0.117912;0.981427;0.027936;0.494573;
0.015000;-0.113567;0.981427;0.030131;0.494573;
0.015010;-0.109221;0.981427;0.032327;0.494573;
0.015020;-0.104873;0.981427;0.034521;0.494573;
0.015030;-0.100525;0.981427;0.036716;0.494573;
0.015040;-0.096176;0.981427;0.038910;0.494573;
0.015050;-0.091825;0.981427;0.041104;0.494573;
0.015060;-0.087474;0.981427;0.043297;0.494573;
0.015070;-0.083122;0.981427;0.045490;0.494573;
0.015080;-0.078769;0.981427;0.047682;0.494573;
0.015090;-0.074415;0.981427;0.049874;0.494573;
0.015100;-0.070061;0.981427;0.052066;0.494573;
0.015110;-0.065706;0.981427;0.054257;0.494573;
0.015120;-0.061350;0.981427;0.056447;0.494573;
0.015130;-0.056993;0.981427;0.058637;0.494573;
0.015140;-0.052636;0.981427;0.060826;0.494573;
0.015150;-0.048279;0.981427;0.063015;0.494573;
0.015160;-0.043921;0.981427;0.065203;0.494573;
0.015170;-0.039563;0.981427;0.067391;0.494573;
0.015180;-0.035204;0.981427;0.069577;0.494573;
0.015190;-0.030845;0.981427;0.071763;0.494573;
0.015200;-0.026485;0.981427;0.073949;0.494573;
0.015210;-0.022126;0.981427;0.076133;0.494573;
0.015220;-0.017766;0.981427;0.078317;0.494573;
0.015230;-0.013406;0.981427;0.080500;0.494573;
0.015240;-0.009045;0.981427;0.082683;0.494573;
0.015250;-0.004685;0.981427;0.084864;0.494573;
0.015260;-0.000325;0.981427;0.087045;0.494573;
0.015270;0.004036;0.981427;0.089225;0.494573;
0.015280;0.008396;0.981427;0.091404;0.494573;
0.015290;0.012756;0.981427;0.093582;0.494573;
0.015300;0.017116;0.981427;0.095759;0.494573;
0.015310;0.021476;0.981427;0.097935;0.494573;
0.015320;0.025836;0.981427;0.100110;0.494573;
0.015330;0.030195;0.981427;0.102284;0.494573;
0.015340;0.034555;0.981427;0.104458;0.494573;
0.015350;0.038913;0.981427;0.106630;0.494573;
0.015360;0.043272;0.981427;0.108801;0.494573;
0.015370;0.047630;0.981427;0.110971;0.494573;
0.015380;0.051988;0.981427;0.113140;0.494573;
0.015390;0.056345;0.981427;0.115308;0.494573;
0.015400;0.060701;0.981427;0.117474;0.494573;
0.015410;0.065057;0.981427;0.119640;0.494573;
0.015420;0.069412;0.981427;0.121804;0.494573;
0.015430;0.073767;0.981427;0.123967;0.494573;
0.015440;0.078121;0.981427;0.126129;0.494573;
0.015450;0.082474;0.981427;0.128290;0.494573;
0.015460;0.086826;0.981427;0.130449;0.494573;
0.015470;0.091177;0.981427;0.132608;0.494573;
0.015480;0.095528;0.981427;0.134764;0.494573;
0.015490;0.099877;0.981427;0.136920;0.494573;
0.015500;0.104226;0.981427;0.139074;0.494573;
0.015510;0.108573;0.981427;0.141227;0.494573;
0.015520;0.112920;0.981427;0.143378;0.494573;
0.015530;0.117265;0.981427;0.145528;0.494573;
0.015540;0.121609;0.981427;0.147677;0.494573;
0.015550;0.125952;0.981427;0.149824;0.494573;
0.015560;0.130294;0.981427;0.151969;0.494573;
0.015570;0.134635;0.981427;0.154113;0.494573;
0.015580;0.138974;0.981427;0.156256;0.494573;
0.015590;0.143311;0.981427;0.158397;0.494573;
0.015600;0.147648;0.981427;0.160536;0.494573;
0.015610;0.151983;0.981427;0.162674;0.494573;
0.015620;0.156316;0.981427;0.164811;0.494573;
0.015630;0.160648;0.981427;0.166945;0.494573;
0.015640;0.164978;0.981427;0.169078;0.494573;
0.015650;0.169307;0.981427;0.171209;0.494573;
0.015660;0.173634;0.981427;0.173339;0.494573;
0.015670;0.177959;0.981427;0.175467;0.494573;
0.015680;0.182282;0.981427;0.177593;0.494573;
0.015690;0.186604;0.981427;0.179718;0.494573;
0.015700;0.190924;0.981427;0.181840;0.494573;
0.015710;0.195242;0.981427;0.183961;0.494573;
0.015720;0.199558;0.981427;0.186080;0.494573;
0.015730;0.203872;0.981427;0.188197;0.494573;
0.015740;0.208184;0.981427;0.190313;0.494573;
0.015750;0.212494;0.981427;0.192426;0.494573;
0.015760;0.216802;0.981427;0.194538;0.494573;
0.015770;0.221108;0.981427;0.196648;0.494573;
0.015780;0.225411;0.981427;0.198755;0.494573;
0.015790;0.229713;0.981427;0.200861;0.494573;
0.015800;0.234012;0.981427;0.202965;0.494573;
0.015810;0.238309;0.981427;0.205067;0.494573;
0.015820;0.242603;0.981427;0.207166;0.494573;
0.015830;0.246895;0.981427;0.209264;0.494573;
0.015840;0.251185;0.981427;0.211360;0.494573;
0.015850;0.255472;0.981427;0.213453;0.494573;
0.015860;0.259756;0.981427;0.215545;0.494573;
0.015870;0.264038;0.981427;0.217634;0.494573;
0.015880;0.268318;0.981427;0.219721;0.494573;
0.015890;0.272595;0.981427;0.221806;0.494573;
0.015900;0.276869;0.981427;0.223889;0.494573;
0.015910;0.281140;0.981427;0.225970;0.494573;
0.015920;0.285409;0.981427;0.228048;0.494573;
0.015930;0.289674;0.981427;0.230124;0.494573;
0.015940;0.293937;0.981427;0.232198;0.494573;
0.015950;0.298197;0.981427;0.234269;0.494573;
0.015960;0.302454;0.981427;0.236339;0.494573;
0.015970;0.306708;0.981427;0.238406;0.494573;
0.015980;0.310959;0.981427;0.240470;0.494573;
0.015990;0.315207;0.981427;0.242532;0.494573;
0.016000;0.319452;0.981427;0.244592;0.494573;
0.016010;0.323694;0.981427;0.246650;0.494573;
0.016020;0.327933;0.981427;0.248705;0.494573;
0.016030;0.332168;0.981427;0.250757;0.494573;
0.016040;0.336400;0.981427;0.252807;0.494573;
0.016050;0.340629;0.981427;0.254855;0.494573;
0.016060;0.344854;0.981427;0.256900;0.494573;
0.016070;0.349076;0.981427;0.258942;0.494573;
0.016080;0.353294;0.981427;0.260982;0.494573;
0.016090;0.357509;0.981427;0.263019;0.494573;
0.016100;0.361721;0.981427;0.265054;0.494573;
0.016110;0.365929;0.981427;0.267086;0.494573;
0.016120;0.370133;0.981427;0.269116;0.494573;
0.016130;0.374333;0.981427;0.271142;0.494573;
0.016140;0.378530;0.981427;0.273167;0.494573;
0.016150;0.382724;0.981427;0.275188;0.494573;
0.016160;0.386913;0.981427;0.277207;0.494573;
0.016170;0.391099;0.981427;0.279223;0.494573;
0.016180;0.395280;0.981427;0.281236;0.494573;
0.016190;0.399458;0.981427;0.283247;0.494573;
0.016200;0.403632;0.981427;0.285254;0.494573;
0.016210;0.407802;0.981427;0.287259;0.494573;
0.016220;0.411968;0.981427;0.289261;0.494573;
0.016230;0.416130;0.981427;0.291260;0.494573;
0.016240;0.420287;0.981427;0.293257;0.494573;
0.016250;0.424441;0.981427;0.295250;0.494573;
0.016260;0.428590;0.981427;0.297241;0.494573;
0.016270;0.432735;0.981427;0.299228;0.494573;
0.016280;0.436876;0.981427;0.301213;0.494573;
0.016290;0.441013;0.981427;0.303194;0.494573;
0.016300;0.445145;0.981427;0.305173;0.494573;
0.016310;0.449273;0.981427;0.307149;0.494573;
0.016320;0.453396;0.981427;0.309121;0.494573;
0.016330;0.457515;0.981427;0.311091;0.494573;
0.016340;0.461630;0.981427;0.313057;0.494573;
0.016350;0.465739;0.981427;0.315021;0.494573;
0.016360;0.469845;0.981427;0.316981;0.494573;
0.016370;0.473945;0.981427;0.318938;0.494573;
0.016380;0.478041;0.981427;0.320892;0.494573;
0.016390;0.482132;0.981427;0.322843;0.494573;
0.016400;0.486219;0.981427;0.324791;0.494573;
0.016410;0.490301;0.981427;0.326735;0.494573;
0.016420;0.494377;0.981427;0.328676;0.494573;
0.016430;0.498449;0.981427;0.330614;0.494573;
0.016440;0.502516;0.981427;0.332549;0.494573;
0.016450;0.506578;0.981427;0.334480;0.494573;
0.016460;0.510635;0.981427;0.336409;0.494573;
0.016470;0.514687;0.981427;0.338333;0.494573;
0.016480;0.518734;0.981427;0.340255;0.494573;
0.016490;0.522776;0.981427;0.342173;0.494573;
0.016500;0.526813;0.981427;0.344088;0.494573;
0.016510;0.530844;0.981427;0.345999;0.494573;
0.016520;0.534870;0.981427;0.347907;0.494573;
0.016530;0.538891;0.981427;0.349811;0.494573;
0.016540;0.542907;0.981427;0.351712;0.494573;
0.016550;0.546917;0.981427;0.353610;0.494573;
0.016560;0.550922;0.981427;0.355504;0.494573;
0.016570;0.554922;0.981427;0.357395;0.494573;
0.016580;0.558916;0.981427;0.359282;0.494573;
0.016590;0.562904;0.981427;0.361165;0.494573;
0.016600;0.566887;0.981427;0.363045;0.494573;
0.016610;0.570864;0.981427;0.364921;0.494573;
0.016620;0.574836;0.981427;0.366794;0.494573;
0.016630;0.578802;0.981427;0.368663;0.494573;
0.016640;0.582762;0.981427;0.370529;0.494573;
0.016650;0.586716;0.981427;0.372391;0.494573;
0.016660;0.590665;0.981427;0.374249;0.494573;
0.016670;0.594608;0.981427;0.376103;0.494573;
0.016680;0.598545;0.981427;0.377954;0.494573;
0.016690;0.602476;0.981427;0.379801;0.494573;
0.016700;0.606401;0.981427;0.381644;0.494573;
0.016710;0.610321;0.981427;0.383484;0.494573;
0.016720;0.614234;0.981427;0.385320;0.494573;
0.016730;0.618141;0.981427;0.387151;0.494573;
0.016740;0.622042;0.981427;0.388980;0.494573;
0.016750;0.625937;0.981427;0.390804;0.494573;
0.016760;0.629825;0.981427;0.392624;0.494573;
0.016770;0.633708;0.981427;0.394441;0.494573;
0.016780;0.637584;0.981427;0.396253;0.494573;
0.016790;0.641454;0.981427;0.398062;0.494573;
0.016800;0.645318;0.981427;0.399867;0.494573;
0.016810;0.649175;0.981427;0.401668;0.494573;
0.016820;0.653026;0.981427;0.403465;0.494573;
0.016830;0.656870;0.981427;0.405258;0.494573;
0.016840;0.660708;0.981427;0.407046;0.494573;
0.016850;0.664539;0.981427;0.408831;0.494573;
0.016860;0.668364;0.981427;0.410612;0.494573;
0.016870;0.672182;0.981427;0.412389;0.494573;
0.016880;0.675994;0.981427;0.414162;0.494573;
0.016890;0.679799;0.981427;0.415930;0.494573;
0.016900;0.683597;0.981427;0.417695;0.494573;
0.016910;0.687388;0.981427;0.419455;0.494573;
0.016920;0.691173;0.981427;0.421212;0.494573;
0.016930;0.694951;0.981427;0.422964;0.494573;
0.016940;0.698722;0.981427;0.424712;0.494573;
0.016950;0.702486;0.981427;0.426455;0.494573;
0.016960;0.706243;0.981427;0.428195;0.494573;
0.016970;0.709993;0.981427;0.429930;0.494573;
0.016980;0.713736;0.981427;0.431661;0.494573;
0.016990;0.717472;0.981427;0.433388;0.494573;
0.017000;0.721201;0.981427;0.435111;0.494573;
0.017010;0.724923;0.981427;0.436829;0.494573;
0.017020;0.728638;0.981427;0.438543;0.494573;
0.017030;0.732346;0.981427;0.440252;0.494573;
0.017040;0.736046;0.981427;0.441958;0.494573;
0.017050;0.739739;0.981427;0.443658;0.494573;
0.017060;0.743425;0.981427;0.445355;0.494573;
0.017070;0.747103;0.981427;0.447047;0.494573;
0.017080;0.750774;0.981427;0.448735;0.494573;
0.017090;0.754438;0.981427;0.450418;0.494573;
0.017100;0.758094;0.981427;0.452097;0.494573;
0.017110;0.761743;0.981427;0.453771;0.494573;
0.017120;0.765384;0.981427;0.455441;0.494573;
0.017130;0.769018;0.981427;0.457107;0.494573;
0.017140;0.772644;0.981427;0.458767;0.494573;
0.017150;0.776262;0.981427;0.460424;0.494573;
0.017160;0.779873;0.981427;0.462076;0.494573;
0.017170;0.783476;0.981427;0.463723;0.494573;
0.017180;0.787072;0.981427;0.465366;0.494573;
0.017190;0.790659;0.981427;0.467004;0.494573;
0.017200;0.794239;0.981427;0.468637;0.494573;
0.017210;0.797811;0.981427;0.470266;0.494573;
0.017220;0.801375;0.981427;0.471890;0.494573;
0.017230;0.804931;0.981427;0.473510;0.494573;
0.017240;0.808479;0.981427;0.475125;0.494573;
0.017250;0.812020;0.981427;0.476735;0.494573;
0.017260;0.815552;0.981427;0.478340;0.494573;
0.017270;0.819076;0.981427;0.479941;0.494573;
0.017280;0.822592;0.981427;0.481537;0.494573;
0.017290;0.826100;0.981427;0.483128;0.494573;
0.017300;0.829600;0.981427;0.484715;0.494573;
0.017310;0.833092;0.981427;0.486296;0.494573;
0.017320;0.836575;0.981427;0.487873;0.494573;
0.017330;0.840050;0.981427;0.489445;0.494573;
0.017340;0.843517;0.981427;0.491013;0.494573;
0.017350;0.846976;0.981427;0.492575;0.494573;
0.017360;0.850426;0.981427;0.494133;0.494573;
0.017370;0.853868;0.981427;0.495685;0.494573;
0.017380;0.857301;0.981427;0.497233;0.494573;
0.017390;0.860726;0.981427;0.498776;0.494573;
0.017400;0.864142;0.981427;0.500314;0.494573;
0.017410;0.867550;0.981427;0.501847;0.494573;
0.017420;0.870949;0.981427;0.503375;0.494573;
0.017430;0.874340;0.981427;0.504898;0.494573;
0.017440;0.877722;0.981427;0.506416;0.494573;
0.017450;0.881096;0.981427;0.507929;0.494573;
0.017460;0.884460;0.981427;0.509438;0.494573;
0.017470;0.887816;0.981427;0.510941;0.494573;
0.017480;0.891164;0.981427;0.512439;0.494573;
0.017490;0.894502;0.981427;0.513932;0.494573;
0.017500;0.897832;0.981427;0.515420;0.494573;
0.017510;0.901152;0.981427;0.516902;0.494573;
0.017520;0.904464;0.981427;0.518380;0.494573;
0.017530;0.907767;0.981427;0.519853;0.494573;
0.017540;0.911061;0.981427;0.521320;0.494573;
0.017550;0.914346;0.981427;0.522783;0.494573;
0.017560;0.917622;0.981427;0.524240;0.494573;
0.017570;0.920889;0.981427;0.525692;0.494573;
0.017580;0.924147;0.981427;0.527139;0.494573;
0.017590;0.927396;0.981427;0.528580;0.494573;
0.017600;0.930635;0.981427;0.530017;0.494573;
0.017610;0.933865;0.981427;0.531448;0.494573;
0.017620;0.937087;0.981427;0.532874;0.494573;
0.017630;0.940298;0.981427;0.534294;0.494573;
0.017640;0.943501;0.981427;0.535710;0.494573;
0.017650;0.946694;0.981427;0.537120;0.494573;
0.017660;0.949878;0.981427;0.538525;0.494573;
0.017670;0.953053;0.981427;0.539924;0.494573;
0.017680;0.956218;0.981427;0.541318;0.494573;
0.017690;0.959374;0.981427;0.542707;0.494573;
0.017700;0.962520;0.981427;0.544090;0.494573;
0.017710;0.965657;0.981427;0.545468;0.494573;
0.017720;0.968784;0.981427;0.546841;0.494573;
0.017730;0.971902;0.981427;0.548208;0.494573;
0.017740;0.975010;0.981427;0.549570;0.494573;
0.017750;0.978108;0.981427;0.550927;0.494573;
0.017760;0.981197;0.981427;0.552278;0.494573;
0.017770;0.984276;0.981427;0.553623;0.494573;
0.017780;0.987345;0.981427;0.554963;0.494573;
0.017790;0.990405;0.981427;0.556298;0.494573;
0.017800;0.993455;0.981427;0.557627;0.494573;
0.017810;0.996495;0.981427;0.558951;0.494573;
0.017820;0.999525;0.981427;0.560269;0.494573;
0.017830;1.002546;0.981427;0.561582;0.494573;
0.017840;1.005556;0.981427;0.562889;0.494573;
0.017850;1.008557;0.981427;0.564190;0.494573;
0.017860;1.011547;0.981427;0.565486;0.494573;
0.017870;1.014528;0.981427;0.566776;0.494573;
0.017880;1.017499;0.981427;0.568061;0.494573;
0.017890;1.020459;0.981427;0.569340;0.494573;
0.017900;1.023410;0.981427;0.570614;0.494573;
0.017910;1.026350;0.981427;0.571882;0.494573;
0.017920;1.029280;0.981427;0.573144;0.494573;
0.017930;1.032200;0.981427;0.574401;0.494573;
0.017940;1.035110;0.981427;0.575652;0.494573;
0.017950;1.038010;0.981427;0.576897;0.494573;
0.017960;1.040900;0.981427;0.578136;0.494573;
0.017970;1.043779;0.981427;0.579370;0.494573;
0.017980;1.046648;0.981427;0.580598;0.494573;
0.017990;1.049506;0.981427;0.581821;0.494573;
0.018000;1.052354;0.981427;0.583037;0.494573;
0.018010;1.055192;0.981427;0.584248;0.494573;
0.018020;1.058020;0.981427;0.585453;0.494573;
0.018030;1.060836;0.981427;0.586653;0.494573;
0.018040;1.063643;0.981427;0.587846;0.494573;
0.018050;1.066439;0.981427;0.589034;0.494573;
0.018060;1.069224;0.981427;0.590216;0.494573;
0.018070;1.071999;0.981427;0.591392;0.494573;
0.018080;1.074764;0.981427;0.592562;0.494573;
0.018090;1.077517;0.981427;0.593727;0.494573;
0.018100;1.080260;0.981427;0.594885;0.494573;
0.018110;1.082993;0.981427;0.596038;0.494573;
0.018120;1.085715;0.981427;0.597185;0.494573;
0.018130;1.088426;0.981427;0.598326;0.494573;
0.018140;1.091126;0.981427;0.599461;0.494573;
0.018150;1.093815;0.981427;0.600590;0.494573;
0.018160;1.096494;0.981427;0.601713;0.494573;
0.018170;1.099162;0.981427;0.602830;0.494573;
0.018180;1.101819;0.981427;0.603942;0.494573;
0.018190;1.104465;0.981427;0.605047;0.494573;
0.018200;1.107100;0.981427;0.606146;0.494573;
0.018210;1.109725;0.981427;0.607240;0.494573;
0.018220;1.112338;0.981427;0.608327;0.494573;
0.018230;1.114941;0.981427;0.609409;0.494573;
0.018240;1.117532;0.981427;0.610484;0.494573;
0.018250;1.120112;0.981427;0.611553;0.494573;
0.018260;1.122682;0.981427;0.612617;0.494573;
0.018270;1.125240;0.981427;0.613674;0.494573;
0.018280;1.127787;0.981427;0.614725;0.494573;
0.018290;1.130323;0.981427;0.615770;0.494573;
0.018300;1.132848;0.981427;0.616809;0.494573;
0.018310;1.135362;0.981427;0.617842;0.494573;
0.018320;1.137864;0.981427;0.618869;0.494573;
0.018330;1.140355;0.981427;0.619890;0.494573;
0.018340;1.142835;0.981427;0.620904;0.494573;
0.018350;1.145304;0.981427;0.621913;0.494573;
0.018360;1.147761;0.981427;0.622915;0.494573;
0.018370;1.150207;0.981427;0.623912;0.494573;
0.018380;1.152642;0.981427;0.624902;0.494573;
0.018390;1.155065;0.981427;0.625886;0.494573;
0.018400;1.157477;0.981427;0.626863;0.494573;
0.018410;1.159878;0.981427;0.627835;0.494573;
0.018420;1.162267;0.981427;0.628800;0.494573;
0.018430;1.164645;0.981427;0.629759;0.494573;
0.018440;1.167011;0.981427;0.630712;0.494573;
0.018450;1.169365;0.981427;0.631659;0.494573;
0.018460;1.171708;0.981427;0.632599;0.494573;
0.018470;1.174040;0.981427;0.633534;0.494573;
0.018480;1.176360;0.981427;0.634462;0.494573;
0.018490;1.178668;0.981427;0.635383;0.494573;
0.018500;1.180965;0.981427;0.636299;0.494573;
0.018510;1.183250;0.981427;0.637208;0.494573;
0.018520;1.185523;0.981427;0.638111;0.494573;
0.018530;1.187784;0.981427;0.639007;0.494573;
0.018540;1.190034;0.981427;0.639898;0.494573;
0.018550;1.192272;0.981427;0.640782;0.494573;
0.018560;1.194499;0.981427;0.641659;0.494573;
0.018570;1.196713;0.981427;0.642530;0.494573;
0.018580;1.198916;0.981427;0.643395;0.494573;
0.018590;1.201107;0.981427;0.644254;0.494573;
0.018600;1.203286;0.981427;0.645106;0.494573;
0.018610;1.205453;0.981427;0.645952;0.494573;
0.018620;1.207609;0.981427;0.646792;0.494573;
0.018630;1.209752;0.981427;0.647625;0.494573;
0.018640;1.211884;0.981427;0.648451;0.494573;
0.018650;1.214003;0.981427;0.649272;0.494573;
0.018660;1.216111;0.981427;0.650086;0.494573;
0.018670;1.218206;0.981427;0.650893;0.494573;
0.018680;1.220290;0.981427;0.651694;0.494573;
0.018690;1.222361;0.981427;0.652489;0.494573;
0.018700;1.224420;0.981427;0.653277;0.494573;
0.018710;1.226468;0.981427;0.654059;0.494573;
0.018720;1.228503;0.981427;0.654834;0.494573;
0.018730;1.230526;0.981427;0.655603;0.494573;
0.018740;1.232537;0.981427;0.656365;0.494573;
0.018750;1.234536;0.981427;0.657121;0.494573;
0.018760;1.236522;0.981427;0.657871;0.494573;
0.018770;1.238497;0.981427;0.658613;0.494573;
0.018780;1.240459;0.981427;0.659350;0.494573;
0.018790;1.242409;0.981427;0.660080;0.494573;
0.018800;1.244346;0.981427;0.660803;0.494573;
0.018810;1.246272;0.981427;0.661520;0.494573;
0.018820;1.248185;0.981427;0.662230;0.494573;
0.018830;1.250085;0.981427;0.662934;0.494573;
0.018840;1.251974;0.981427;0.663631;0.494573;
0.018850;1.253850;0.981427;0.664322;0.494573;
0.018860;1.255714;0.981427;0.665006;0.494573;
0.018870;1.257565;0.981427;0.665684;0.494573;
0.018880;1.259404;0.981427;0.666355;0.494573;
0.018890;1.261230;0.981427;0.667019;0.494573;
0.018900;1.263044;0.981427;0.667677;0.494573;
0.018910;1.264846;0.981427;0.668328;0.494573;
0.018920;1.266635;0.981427;0.668973;0.494573;
0.018930;1.268411;0.981427;0.669611;0.494573;
0.018940;1.270175;0.981427;0.670243;0.494573;
0.018950;1.271927;0.981427;0.670868;0.494573;
0.018960;1.273666;0.981427;0.671486;0.494573;
0.018970;1.275392;0.981427;0.672097;0.494573;
0.018980;1.277106;0.981427;0.672702;0.494573;
0.018990;1.278807;0.981427;0.673301;0.494573;
0.019000;1.280495;0.981427;0.673892;0.494573;
0.019010;1.282171;0.981427;0.674477;0.494573;
0.019020;1.283835;0.981427;0.675056;0.494573;
0.019030;1.285485;0.981427;0.675627;0.494573;
0.019040;1.287123;0.981427;0.676192;0.494573;
0.019050;1.288748;0.981427;0.676751;0.494573;
0.019060;1.290361;0.981427;0.677303;0.494573;
0.019070;1.291960;0.981427;0.677848;0.494573;
0.019080;1.293547;0.981427;0.678386;0.494573;
0.019090;1.295122;0.981427;0.678917;0.494573;
0.019100;1.296683;0.981427;0.679442;0.494573;
0.019110;1.298232;0.981427;0.679961;0.494573;
0.019120;1.299768;0.981427;0.680472;0.494573;
0.019130;1.301291;0.981427;0.680977;0.494573;
0.019140;1.302801;0.981427;0.681475;0.494573;
0.019150;1.304298;0.981427;0.681966;0.494573;
0.019160;1.305782;0.981427;0.682451;0.494573;
0.019170;1.307254;0.981427;0.682929;0.494573;
0.019180;1.308713;0.981427;0.683400;0.494573;
0.019190;1.310158;0.981427;0.683864;0.494573;
0.019200;1.311591;0.981427;0.684322;0.494573;
0.019210;1.313011;0.981427;0.684773;0.494573;
0.019220;1.314418;0.981427;0.685217;0.494573;
0.019230;1.315812;0.981427;0.685654;0.494573;
0.019240;1.317193;0.981427;0.686085;0.494573;
0.019250;1.318561;0.981427;0.686509;0.494573;
0.019260;1.319915;0.981427;0.686926;0.494573;
0.019270;1.321257;0.981427;0.687336;0.494573;
0.019280;1.322586;0.981427;0.687739;0.494573;
0.019290;1.323902;0.981427;0.688136;0.494573;
0.019300;1.325205;0.981427;0.688526;0.494573;
0.019310;1.326494;0.981427;0.688909;0.494573;
0.019320;1.327771;0.981427;0.689285;0.494573;
0.019330;1.329034;0.981427;0.689655;0.494573;
0.019340;1.330285;0.981427;0.690018;0.494573;
0.019350;1.331522;0.981427;0.690374;0.494573;
0.019360;1.332746;0.981427;0.690723;0.494573;
0.019370;1.333957;0.981427;0.691065;0.494573;
0.019380;1.335155;0.981427;0.691400;0.494573;
0.019390;1.336339;0.981427;0.691729;0.494573;
0.019400;1.337511;0.981427;0.692051;0.494573;
0.019410;1.338669;0.981427;0.692366;0.494573;
0.019420;1.339814;0.981427;0.692674;0.494573;
0.019430;1.340945;0.981427;0.692975;0.494573;
0.019440;1.342064;0.981427;0.693270;0.494573;
0.019450;1.343169;0.981427;0.693557;0.494573;
0.019460;1.344261;0.981427;0.693838;0.494573;
0.019470;1.345340;0.981427;0.694112;0.494573;
0.019480;1.346405;0.981427;0.694379;0.494573;
0.019490;1.347457;0.981427;0.694639;0.494573;
0.019500;1.348496;0.981427;0.694892;0.494573;
0.019510;1.349522;0.981427;0.695139;0.494573;
0.019520;1.350534;0.981427;0.695379;0.494573;
0.019530;1.351533;0.981427;0.695611;0.494573;
0.019540;1.352519;0.981427;0.695837;0.494573;
0.019550;1.353491;0.981427;0.696056;0.494573;
0.019560;1.354450;0.981427;0.696268;0.494573;
0.019570;1.355395;0.981427;0.696474;0.494573;
0.019580;1.356327;0.981427;0.696672;0.494573;
0.019590;1.357246;0.981427;0.696864;0.494573;
0.019600;1.358151;0.981427;0.697048;0.494573;
0.019610;1.359043;0.981427;0.697226;0.494573;
0.019620;1.359922;0.981427;0.697397;0.494573;
0.019630;1.360787;0.981427;0.697561;0.494573;
0.019640;1.361639;0.981427;0.697718;0.494573;
0.019650;1.362477;0.981427;0.697868;0.494573;
0.019660;1.363302;0.981427;0.698012;0.494573;
0.019670;1.364113;0.981427;0.698148;0.494573;
0.019680;1.364911;0.981427;0.698278;0.494573;
0.019690;1.365695;0.981427;0.698401;0.494573;
0.019700;1.366466;0.981427;0.698516;0.494573;
0.019710;1.367223;0.981427;0.698625;0.494573;
0.019720;1.367967;0.981427;0.698727;0.494573;
0.019730;1.368698;0.981427;0.698822;0.494573;
0.019740;1.369415;0.981427;0.698911;0.494573;
0.019750;1.370118;0.981427;0.698992;0.494573;
0.019760;1.370808;0.981427;0.699066;0.494573;
0.019770;1.371484;0.981427;0.699134;0.494573;
0.019780;1.372147;0.981427;0.699195;0.494573;
0.019790;1.372796;0.981427;0.699248;0.494573;
0.019800;1.373432;0.981427;0.699295;0.494573;
0.019810;1.374054;0.981427;0.699335;0.494573;
0.019820;1.374663;0.981427;0.699368;0.494573;
0.019830;1.375258;0.981427;0.699394;0.494573;
0.019840;1.375840;0.981427;0.699413;0.494573;
0.019850;1.376407;0.981427;0.699426;0.494573;
0.019860;1.376962;0.981427;0.699431;0.494573;
0.019870;1.377502;0.981427;0.699430;0.494573;
0.019880;1.378030;0.981427;0.699421;0.494573;
0.019890;1.378543;0.981427;0.699406;0.494573;
0.019900;1.379043;0.981427;0.699384;0.494573;
0.019910;1.379529;0.981427;0.699355;0.494573;
0.019920;1.380002;0.981427;0.699319;0.494573;
0.019930;1.380461;0.981427;0.699276;0.494573;
0.019940;1.380906;0.981427;0.699226;0.494573;
0.019950;1.381338;0.981427;0.699169;0.494573;
0.019960;1.381756;0.981427;0.699105;0.494573;
0.019970;1.382161;0.981427;0.699035;0.494573;
0.019980;1.382552;0.981427;0.698958;0.494573;
0.019990;1.382929;0.981427;0.698873;0.494573;
0.020000;1.383293;0.981427;0.698782;0.494573;
0.020010;1.383643;0.981427;0.698684;0.494573;
0.020020;1.383979;0.981427;0.698579;0.494573;
0.020030;1.384302;0.981427;0.698467;0.494573;
0.020040;1.384611;0.981427;0.698348;0.494573;
0.020050;1.384906;0.981427;0.698223;0.494573;
0.020060;1.385188;0.981427;0.698090;0.494573;
0.020070;1.385456;0.981427;0.697950;0.494573;
0.020080;1.385710;0.981427;0.697804;0.494573;
0.020090;1.385950;0.981427;0.697651;0.494573;
0.020100;1.386177;0.981427;0.697491;0.494573;
0.020110;1.386391;0.981427;0.697324;0.494573;
0.020120;1.386590;0.981427;0.697150;0.494573;
0.020130;1.386776;0.981427;0.696969;0.494573;
0.020140;1.386948;0.981427;0.696781;0.494573;
0.020150;1.387107;0.981427;0.696587;0.494573;
0.020160;1.387252;0.981427;0.696385;0.494573;
0.020170;1.387383;0.981427;0.696177;0.494573;
0.020180;1.387500;0.981427;0.695962;0.494573;
0.020190;1.387604;0.981427;0.695740;0.494573;
0.020200;1.387694;0.981427;0.695511;0.494573;
0.020210;1.387770;0.981427;0.695275;0.494573;
0.020220;1.387833;0.981427;0.695033;0.494573;
0.020230;1.387882;0.981427;0.694783;0.494573;
0.020240;1.387917;0.981427;0.694527;0.494573;
0.020250;1.387939;0.981427;0.694264;0.494573;
0.020260;1.387947;0.981427;0.693994;0.494573;
0.020270;1.387941;0.981427;0.693717;0.494573;
0.020280;1.387921;0.981427;0.693433;0.494573;
0.020290;1.387888;0.981427;0.693143;0.494573;
0.020300;1.387841;0.981427;0.692845;0.494573;
0.020310;1.387781;0.981427;0.692541;0.494573;
0.020320;1.387706;0.981427;0.692230;0.494573;
0.020330;1.387618;0.981427;0.691912;0.494573;
0.020340;1.387517;0.981427;0.691587;0.494573;
0.020350;1.387401;0.981427;0.691256;0.494573;
0.020360;1.387272;0.981427;0.690917;0.494573;
0.020370;1.387129;0.981427;0.690572;0.494573;
0.020380;1.386973;0.981427;0.690220;0.494573;
0.020390;1.386803;0.981427;0.689861;0.494573;
0.020400;1.386619;0.981427;0.689495;0.494573;
0.020410;1.386421;0.981427;0.689123;0.494573;
0.020420;1.386210;0.981427;0.688744;0.494573;
0.020430;1.385985;0.981427;0.688358;0.494573;
0.020440;1.385747;0.981427;0.687965;0.494573;
0.020450;1.385494;0.981427;0.687565;0.494573;
0.020460;1.385228;0.981427;0.687159;0.494573;
0.020470;1.384949;0.981427;0.686746;0.494573;
0.020480;1.384655;0.981427;0.686326;0.494573;
0.020490;1.384349;0.981427;0.685899;0.494573;
0.020500;1.384028;0.981427;0.685465;0.494573;
0.020510;1.383694;0.981427;0.685025;0.494573;
0.020520;1.383346;0.981427;0.684578;0.494573;
0.020530;1.382984;0.981427;0.684124;0.494573;
0.020540;1.382609;0.981427;0.683664;0.494573;
0.020550;1.382220;0.981427;0.683196;0.494573;
0.020560;1.381818;0.981427;0.682722;0.494573;
0.020570;1.381401;0.981427;0.682241;0.494573;
0.020580;1.380972;0.981427;0.681754;0.494573;
0.020590;1.380528;0.981427;0.681260;0.494573;
0.020600;1.380071;0.981427;0.680759;0.494573;
0.020610;1.379601;0.981427;0.680251;0.494573;
0.020620;1.379116;0.981427;0.679736;0.494573;
0.020630;1.378618;0.981427;0.679215;0.494573;
0.020640;1.378107;0.981427;0.678688;0.494573;
0.020650;1.377582;0.981427;0.678153;0.494573;
0.020660;1.377043;0.981427;0.677612;0.494573;
0.020670;1.376491;0.981427;0.677064;0.494573;
0.020680;1.375925;0.981427;0.676509;0.494573;
0.020690;1.375345;0.981427;0.675948;0.494573;
0.020700;1.374752;0.981427;0.675380;0.494573;
0.020710;1.374146;0.981427;0.674806;0.494573;
0.020720;1.373526;0.981427;0.674224;0.494573;
0.020730;1.372892;0.981427;0.673636;0.494573;
0.020740;1.372245;0.981427;0.673042;0.494573;
0.020750;1.371584;0.981427;0.672441;0.494573;
0.020760;1.370910;0.981427;0.671833;0.494573;
0.020770;1.370222;0.981427;0.671218;0.494573;
0.020780;1.369520;0.981427;0.670597;0.494573;
0.020790;1.368805;0.981427;0.669969;0.494573;
0.020800;1.368077;0.981427;0.669335;0.494573;
0.020810;1.367335;0.981427;0.668694;0.494573;
0.020820;1.366580;0.981427;0.668047;0.494573;
0.020830;1.365811;0.981427;0.667393;0.494573;
0.020840;1.365028;0.981427;0.666732;0.494573;
0.020850;1.364233;0.981427;0.666065;0.494573;
0.020860;1.363423;0.981427;0.665391;0.494573;
0.020870;1.362600;0.981427;0.664710;0.494573;
0.020880;1.361764;0.981427;0.664023;0.494573;
0.020890;1.360915;0.981427;0.663330;0.494573;
0.020900;1.360051;0.981427;0.662630;0.494573;
0.020910;1.359175;0.981427;0.661923;0.494573;
0.020920;1.358285;0.981427;0.661210;0.494573;
0.020930;1.357382;0.981427;0.660490;0.494573;
0.020940;1.356465;0.981427;0.659764;0.494573;
0.020950;1.355535;0.981427;0.659031;0.494573;
0.020960;1.354591;0.981427;0.658292;0.494573;
0.020970;1.353634;0.981427;0.657546;0.494573;
0.020980;1.352664;0.981427;0.656794;0.494573;
0.020990;1.351681;0.981427;0.656035;0.494573;
0.021000;1.350684;0.981427;0.655270;0.494573;
0.021010;1.349673;0.981427;0.654498;0.494573;
0.021020;1.348650;0.981427;0.653720;0.494573;
0.021030;1.347613;0.981427;0.652936;0.494573;
0.021040;1.346563;0.981427;0.652145;0.494573;
0.021050;1.345499;0.981427;0.651347;0.494573;
0.021060;1.344423;0.981427;0.650543;0.494573;
0.021070;1.343333;0.981427;0.649733;0.494573;
0.021080;1.342229;0.981427;0.648917;0.494573;
0.021090;1.341113;0.981427;0.648093;0.494573;
0.021100;1.339983;0.981427;0.647264;0.494573;
0.021110;1.338840;0.981427;0.646428;0.494573;
0.021120;1.337684;0.981427;0.645586;0.494573;
0.021130;1.336514;0.981427;0.644737;0.494573;
0.021140;1.335332;0.981427;0.643882;0.494573;
0.021150;1.334136;0.981427;0.643021;0.494573;
0.021160;1.332927;0.981427;0.642153;0.494573;
0.021170;1.331705;0.981427;0.641279;0.494573;
0.021180;1.330470;0.981427;0.640399;0.494573;
0.021190;1.329221;0.981427;0.639512;0.494573;
0.021200;1.327960;0.981427;0.638619;0.494573;
0.021210;1.326685;0.981427;0.637720;0.494573;
0.021220;1.325398;0.981427;0.636814;0.494573;
0.021230;1.324097;0.981427;0.635902;0.494573;
0.021240;1.322783;0.981427;0.634984;0.494573;
0.021250;1.321456;0.981427;0.634060;0.494573;
0.021260;1.320116;0.981427;0.633129;0.494573;
0.021270;1.318763;0.981427;0.632192;0.494573;
0.021280;1.317397;0.981427;0.631249;0.494573;
0.021290;1.316018;0.981427;0.630299;0.494573;
0.021300;1.314626;0.981427;0.629344;0.494573;
0.021310;1.313221;0.981427;0.628382;0.494573;
0.021320;1.311803;0.981427;0.627414;0.494573;
0.021330;1.310373;0.981427;0.626440;0.494573;
0.021340;1.308929;0.981427;0.625459;0.494573;
0.021350;1.307472;0.981427;0.624473;0.494573;
0.021360;1.306002;0.981427;0.623480;0.494573;
0.021370;1.304520;0.981427;0.622481;0.494573;
0.021380;1.303025;0.981427;0.621476;0.494573;
0.021390;1.301516;0.981427;0.620465;0.494573;
0.021400;1.299995;0.981427;0.619448;0.494573;
0.021410;1.298461;0.981427;0.618424;0.494573;
0.021420;1.296915;0.981427;0.617395;0.494573;
0.021430;1.295355;0.981427;0.616359;0.494573;
0.021440;1.293783;0.981427;0.615317;0.494573;
0.021450;1.292198;0.981427;0.614270;0.494573;
0.021460;1.290600;0.981427;0.613216;0.494573;
0.021470;1.288989;0.981427;0.612156;0.494573;
0.021480;1.287366;0.981427;0.611090;0.494573;
0.021490;1.285730;0.981427;0.610018;0.494573;
0.021500;1.284081;0.981427;0.608940;0.494573;
0.021510;1.282420;0.981427;0.607856;0.494573;
0.021520;1.280746;0.981427;0.606766;0.494573;
0.021530;1.279059;0.981427;0.605670;0.494573;
0.021540;1.277360;0.981427;0.604568;0.494573;
0.021550;1.275648;0.981427;0.603460;0.494573;
0.021560;1.273924;0.981427;0.602346;0.494573;
0.021570;1.272186;0.981427;0.601226;0.494573;
0.021580;1.270437;0.981427;0.600101;0.494573;
0.021590;1.268675;0.981427;0.598969;0.494573;
0.021600;1.266900;0.981427;0.597831;0.494573;
0.021610;1.265113;0.981427;0.596688;0.494573;
0.021620;1.263313;0.981427;0.595539;0.494573;
0.021630;1.261501;0.981427;0.594383;0.494573;
0.021640;1.259676;0.981427;0.593222;0.494573;
0.021650;1.257839;0.981427;0.592055;0.494573;
0.021660;1.255990;0.981427;0.590882;0.494573;
0.021670;1.254128;0.981427;0.589704;0.494573;
0.021680;1.252254;0.981427;0.588519;0.494573;
0.021690;1.250367;0.981427;0.587329;0.494573;
0.021700;1.248469;0.981427;0.586133;0.494573;
0.021710;1.246557;0.981427;0.584931;0.494573;
0.021720;1.244634;0.981427;0.583723;0.494573;
0.021730;1.242698;0.981427;0.582510;0.494573;
0.021740;1.240750;0.981427;0.581291;0.494573;
0.021750;1.238790;0.981427;0.580066;0.494573;
0.021760;1.236817;0.981427;0.578835;0.494573;
0.021770;1.234832;0.981427;0.577599;0.494573;
0.021780;1.232835;0.981427;0.576357;0.494573;
0.021790;1.230826;0.981427;0.575109;0.494573;
0.021800;1.228805;0.981427;0.573856;0.494573;
0.021810;1.226772;0.981427;0.572597;0.494573;
0.021820;1.224726;0.981427;0.571332;0.494573;
0.021830;1.222669;0.981427;0.570062;0.494573;
0.021840;1.220599;0.981427;0.568786;0.494573;
0.021850;1.218517;0.981427;0.567504;0.494573;
0.021860;1.216423;0.981427;0.566217;0.494573;
0.021870;1.214318;0.981427;0.564924;0.494573;
0.021880;1.212200;0.981427;0.563626;0.494573;
0.021890;1.210070;0.981427;0.562322;0.494573;
0.021900;1.207929;0.981427;0.561013;0.494573;
0.021910;1.205775;0.981427;0.559698;0.494573;
0.021920;1.203610;0.981427;0.558377;0.494573;
0.021930;1.201432;0.981427;0.557051;0.494573;
0.021940;1.199243;0.981427;0.555720;0.494573;
0.021950;1.197042;0.981427;0.554383;0.494573;
0.021960;1.194829;0.981427;0.553040;0.494573;
0.021970;1.192605;0.981427;0.551692;0.494573;
0.021980;1.190368;0.981427;0.550339;0.494573;
0.021990;1.188120;0.981427;0.548980;0.494573;
0.022000;1.185860;0.981427;0.547616;0.494573;
0.022010;1.183589;0.981427;0.546246;0.494573;
0.022020;1.181306;0.981427;0.544871;0.494573;
0.022030;1.179011;0.981427;0.543491;0.494573;
0.022040;1.176704;0.981427;0.542105;0.494573;
0.022050;1.174386;0.981427;0.540714;0.494573;
0.022060;1.172056;0.981427;0.539317;0.494573;
0.022070;1.169715;0.981427;0.537916;0.494573;
0.022080;1.167362;0.981427;0.536508;0.494573;
0.022090;1.164998;0.981427;0.535096;0.494573;
0.022100;1.162622;0.981427;0.533678;0.494573;
0.022110;1.160234;0.981427;0.532255;0.494573;
0.022120;1.157836;0.981427;0.530827;0.494573;
0.022130;1.155425;0.981427;0.529394;0.494573;
0.022140;1.153004;0.981427;0.527955;0.494573;
0.022150;1.150571;0.981427;0.526511;0.494573;
0.022160;1.148126;0.981427;0.525062;0.494573;
0.022170;1.145671;0.981427;0.523608;0.494573;
0.022180;1.143204;0.981427;0.522149;0.494573;
0.022190;1.140725;0.981427;0.520684;0.494573;
0.022200;1.138236;0.981427;0.519214;0.494573;
0.022210;1.135735;0.981427;0.517739;0.494573;
0.022220;1.133223;0.981427;0.516260;0.494573;
0.022230;1.130700;0.981427;0.514775;0.494573;
0.022240;1.128165;0.981427;0.513284;0.494573;
0.022250;1.125620;0.981427;0.511789;0.494573;
0.022260;1.123063;0.981427;0.510289;0.494573;
0.022270;1.120496;0.981427;0.508784;0.494573;
0.022280;1.117917;0.981427;0.507273;0.494573;
0.022290;1.115327;0.981427;0.505758;0.494573;
0.022300;1.112726;0.981427;0.504238;0.494573;
0.022310;1.110115;0.981427;0.502713;0.494573;
0.022320;1.107492;0.981427;0.501182;0.494573;
0.022330;1.104858;0.981427;0.499647;0.494573;
0.022340;1.102214;0.981427;0.498107;0.494573;
0.022350;1.099558;0.981427;0.496562;0.494573;
0.022360;1.096892;0.981427;0.495012;0.494573;
0.022370;1.094215;0.981427;0.493457;0.494573;
0.022380;1.091527;0.981427;0.491898;0.494573;
0.022390;1.088828;0.981427;0.490333;0.494573;
0.022400;1.086119;0.981427;0.488764;0.494573;
0.022410;1.083399;0.981427;0.487190;0.494573;
0.022420;1.080668;0.981427;0.485611;0.494573;
0.022430;1.077927;0.981427;0.484027;0.494573;
0.022440;1.075174;0.981427;0.482438;0.494573;
0.022450;1.072412;0.981427;0.480845;0.494573;
0.022460;1.069638;0.981427;0.479247;0.494573;
0.022470;1.066854;0.981427;0.477644;0.494573;
0.022480;1.064060;0.981427;0.476037;0.494573;
0.022490;1.061255;0.981427;0.474424;0.494573;
0.022500;1.058440;0.981427;0.472807;0.494573;
0.022510;1.055614;0.981427;0.471186;0.494573;
0.022520;1.052778;0.981427;0.469560;0.494573;
0.022530;1.049931;0.981427;0.467929;0.494573;
0.022540;1.047074;0.981427;0.466293;0.494573;
0.022550;1.044207;0.981427;0.464653;0.494573;
0.022560;1.041329;0.981427;0.463009;0.494573;
0.022570;1.038441;0.981427;0.461359;0.494573;
0.022580;1.035543;0.981427;0.459706;0.494573;
0.022590;1.032634;0.981427;0.458047;0.494573;
0.022600;1.029716;0.981427;0.456384;0.494573;
0.022610;1.026787;0.981427;0.454717;0.494573;
0.022620;1.023848;0.981427;0.453045;0.494573;
0.022630;1.020899;0.981427;0.451369;0.494573;
0.022640;1.017940;0.981427;0.449688;0.494573;
0.022650;1.014971;0.981427;0.448003;0.494573;
0.022660;1.011992;0.981427;0.446313;0.494573;
0.022670;1.009003;0.981427;0.444619;0.494573;
0.022680;1.006004;0.981427;0.442921;0.494573;
0.022690;1.002995;0.981427;0.441218;0.494573;
0.022700;0.999976;0.981427;0.439511;0.494573;
0.022710;0.996947;0.981427;0.437799;0.494573;
0.022720;0.993908;0.981427;0.436084;0.494573;
0.022730;0.990860;0.981427;0.434364;0.494573;
0.022740;0.987802;0.981427;0.432639;0.494573;
0.022750;0.984734;0.981427;0.430911;0.494573;
0.022760;0.981656;0.981427;0.429178;0.494573;
0.022770;0.978569;0.981427;0.427440;0.494573;
0.022780;0.975472;0.981427;0.425699;0.494573;
0.022790;0.972365;0.981427;0.423954;0.494573;
0.022800;0.969249;0.981427;0.422204;0.494573;
0.022810;0.966123;0.981427;0.420450;0.494573;
0.022820;0.962988;0.981427;0.418692;0.494573;
0.022830;0.959843;0.981427;0.416930;0.494573;
0.022840;0.956689;0.981427;0.415163;0.494573;
0.022850;0.953525;0.981427;0.413393;0.494573;
0.022860;0.950352;0.981427;0.411618;0.494573;
0.022870;0.947169;0.981427;0.409840;0.494573;
0.022880;0.943977;0.981427;0.408057;0.494573;
0.022890;0.940776;0.981427;0.406271;0.494573;
0.022900;0.937565;0.981427;0.404480;0.494573;
0.022910;0.934346;0.981427;0.402685;0.494573;
0.022920;0.931117;0.981427;0.400887;0.494573;
0.022930;0.927879;0.981427;0.399084;0.494573;
0.022940;0.924631;0.981427;0.397278;0.494573;
0.022950;0.921375;0.981427;0.395467;0.494573;
0.022960;0.918109;0.981427;0.393653;0.494573;
0.022970;0.914835;0.981427;0.391835;0.494573;
0.022980;0.911551;0.981427;0.390013;0.494573;
0.022990;0.908258;0.981427;0.388187;0.494573;
0.023000;0.904957;0.981427;0.386357;0.494573;
0.023010;0.901646;0.981427;0.384523;0.494573;
0.023020;0.898327;0.981427;0.382686;0.494573;
0.023030;0.894998;0.981427;0.380845;0.494573;
0.023040;0.891661;0.981427;0.379000;0.494573;
0.023050;0.888315;0.981427;0.377151;0.494573;
0.023060;0.884961;0.981427;0.375299;0.494573;
0.023070;0.881597;0.981427;0.373443;0.494573;
0.023080;0.878225;0.981427;0.371583;0.494573;
0.023090;0.874844;0.981427;0.369720;0.494573;
0.023100;0.871455;0.981427;0.367853;0.494573;
0.023110;0.868057;0.981427;0.365982;0.494573;
0.023120;0.864650;0.981427;0.364108;0.494573;
0.023130;0.861235;0.981427;0.362230;0.494573;
0.023140;0.857812;0.981427;0.360348;0.494573;
0.023150;0.854379;0.981427;0.358463;0.494573;
0.023160;0.850939;0.981427;0.356575;0.494573;
0.023170;0.847490;0.981427;0.354683;0.494573;
0.023180;0.844033;0.981427;0.352787;0.494573;
0.023190;0.840567;0.981427;0.350888;0.494573;
0.023200;0.837093;0.981427;0.348985;0.494573;
0.023210;0.833611;0.981427;0.347079;0.494573;
0.023220;0.830121;0.981427;0.345170;0.494573;
0.023230;0.826622;0.981427;0.343257;0.494573;
0.023240;0.823115;0.981427;0.341341;0.494573;
0.023250;0.819600;0.981427;0.339421;0.494573;
0.023260;0.816077;0.981427;0.337498;0.494573;
0.023270;0.812546;0.981427;0.335572;0.494573;
0.023280;0.809007;0.981427;0.333643;0.494573;
0.023290;0.805460;0.981427;0.331710;0.494573;
0.023300;0.801905;0.981427;0.329774;0.494573;
0.023310;0.798342;0.981427;0.327834;0.494573;
0.023320;0.794772;0.981427;0.325892;0.494573;
0.023330;0.791193;0.981427;0.323946;0.494573;
0.023340;0.787607;0.981427;0.321997;0.494573;
0.023350;0.784012;0.981427;0.320045;0.494573;
0.023360;0.780410;0.981427;0.318089;0.494573;
0.023370;0.776801;0.981427;0.316131;0.494573;
0.023380;0.773183;0.981427;0.314169;0.494573;
0.023390;0.769558;0.981427;0.312204;0.494573;
0.023400;0.765926;0.981427;0.310236;0.494573;
0.023410;0.762286;0.981427;0.308266;0.494573;
0.023420;0.758638;0.981427;0.306292;0.494573;
0.023430;0.754983;0.981427;0.304315;0.494573;
0.023440;0.751321;0.981427;0.302335;0.494573;
0.023450;0.747651;0.981427;0.300352;0.494573;
0.023460;0.743973;0.981427;0.298366;0.494573;
0.023470;0.740289;0.981427;0.296377;0.494573;
0.023480;0.736597;0.981427;0.294385;0.494573;
0.023490;0.732897;0.981427;0.292391;0.494573;
0.023500;0.729191;0.981427;0.290393;0.494573;
0.023510;0.725477;0.981427;0.288393;0.494573;
0.023520;0.721756;0.981427;0.286389;0.494573;
0.023530;0.718028;0.981427;0.284383;0.494573;
0.023540;0.714293;0.981427;0.282374;0.494573;
0.023550;0.710551;0.981427;0.280363;0.494573;
0.023560;0.706802;0.981427;0.278348;0.494573;
0.023570;0.703046;0.981427;0.276331;0.494573;
0.023580;0.699283;0.981427;0.274311;0.494573;
0.023590;0.695513;0.981427;0.272289;0.494573;
0.023600;0.691736;0.981427;0.270263;0.494573;
0.023610;0.687952;0.981427;0.268235;0.494573;
0.023620;0.684162;0.981427;0.266205;0.494573;
0.023630;0.680365;0.981427;0.264171;0.494573;
0.023640;0.676561;0.981427;0.262135;0.494573;
0.023650;0.672750;0.981427;0.260097;0.494573;
0.023660;0.668933;0.981427;0.258056;0.494573;
0.023670;0.665109;0.981427;0.256012;0.494573;
0.023680;0.661279;0.981427;0.253966;0.494573;
0.023690;0.657442;0.981427;0.251918;0.494573;
0.023700;0.653598;0.981427;0.249867;0.494573;
0.023710;0.649749;0.981427;0.247813;0.494573;
0.023720;0.645892;0.981427;0.245757;0.494573;
0.023730;0.642030;0.981427;0.243699;0.494573;
0.023740;0.638161;0.981427;0.241638;0.494573;
0.023750;0.634285;0.981427;0.239575;0.494573;
0.023760;0.630404;0.981427;0.237509;0.494573;
0.023770;0.626516;0.981427;0.235441;0.494573;
0.023780;0.622622;0.981427;0.233371;0.494573;
0.023790;0.618722;0.981427;0.231298;0.494573;
0.023800;0.614816;0.981427;0.229223;0.494573;
0.023810;0.610904;0.981427;0.227146;0.494573;
0.023820;0.606985;0.981427;0.225067;0.494573;
0.023830;0.603061;0.981427;0.222985;0.494573;
0.023840;0.599131;0.981427;0.220902;0.494573;
0.023850;0.595195;0.981427;0.218816;0.494573;
0.023860;0.591253;0.981427;0.216728;0.494573;
0.023870;0.587305;0.981427;0.214637;0.494573;
0.023880;0.583351;0.981427;0.212545;0.494573;
0.023890;0.579392;0.981427;0.210450;0.494573;
0.023900;0.575427;0.981427;0.208354;0.494573;
0.023910;0.571456;0.981427;0.206255;0.494573;
0.023920;0.567480;0.981427;0.204155;0.494573;
0.023930;0.563497;0.981427;0.202052;0.494573;
0.023940;0.559510;0.981427;0.199947;0.494573;
0.023950;0.555517;0.981427;0.197841;0.494573;
0.023960;0.551518;0.981427;0.195732;0.494573;
0.023970;0.547514;0.981427;0.193622;0.494573;
0.023980;0.543505;0.981427;0.191509;0.494573;
0.023990;0.539490;0.981427;0.189395;0.494573;
0.024000;0.535470;0.981427;0.187279;0.494573;
0.024010;0.531444;0.981427;0.185161;0.494573;
0.024020;0.527414;0.981427;0.183041;0.494573;
0.024030;0.523378;0.981427;0.180919;0.494573;
0.024040;0.519337;0.981427;0.178796;0.494573;
0.024050;0.515290;0.981427;0.176671;0.494573;
0.024060;0.511239;0.981427;0.174544;0.494573;
0.024070;0.507183;0.981427;0.172415;0.494573;
0.024080;0.503122;0.981427;0.170285;0.494573;
0.024090;0.499055;0.981427;0.168153;0.494573;
0.024100;0.494984;0.981427;0.166019;0.494573;
0.024110;0.490908;0.981427;0.163884;0.494573;
0.024120;0.486827;0.981427;0.161747;0.494573;
0.024130;0.482741;0.981427;0.159608;0.494573;
0.024140;0.478651;0.981427;0.157468;0.494573;
0.024150;0.474556;0.981427;0.155326;0.494573;
0.024160;0.470456;0.981427;0.153183;0.494573;
0.024170;0.466351;0.981427;0.151038;0.494573;
0.024180;0.462242;0.981427;0.148892;0.494573;
0.024190;0.458128;0.981427;0.146744;0.494573;
0.024200;0.454010;0.981427;0.144595;0.494573;
0.024210;0.449887;0.981427;0.142445;0.494573;
0.024220;0.445760;0.981427;0.140293;0.494573;
0.024230;0.441629;0.981427;0.138139;0.494573;
0.024240;0.437493;0.981427;0.135985;0.494573;
0.024250;0.433352;0.981427;0.133829;0.494573;
0.024260;0.429208;0.981427;0.131671;0.494573;
0.024270;0.425059;0.981427;0.129512;0.494573;
0.024280;0.420906;0.981427;0.127353;0.494573;
0.024290;0.416749;0.981427;0.125191;0.494573;
0.024300;0.412588;0.981427;0.123029;0.494573;
0.024310;0.408423;0.981427;0.120865;0.494573;
0.024320;0.404253;0.981427;0.118700;0.494573;
0.024330;0.400080;0.981427;0.116534;0.494573;
0.024340;0.395903;0.981427;0.114367;0.494573;
0.024350;0.391722;0.981427;0.112199;0.494573;
0.024360;0.387537;0.981427;0.110029;0.494573;
0.024370;0.383348;0.981427;0.107859;0.494573;
0.024380;0.379155;0.981427;0.105687;0.494573;
0.024390;0.374959;0.981427;0.103515;0.494573;
0.024400;0.370759;0.981427;0.101341;0.494573;
0.024410;0.366555;0.981427;0.099166;0.494573;
0.024420;0.362348;0.981427;0.096991;0.494573;
0.024430;0.358137;0.981427;0.094814;0.494573;
0.024440;0.353922;0.981427;0.092637;0.494573;
0.024450;0.349704;0.981427;0.090458;0.494573;
0.024460;0.345483;0.981427;0.088279;0.494573;
0.024470;0.341258;0.981427;0.086099;0.494573;
0.024480;0.337030;0.981427;0.083918;0.494573;
0.024490;0.332798;0.981427;0.081736;0.494573;
0.024500;0.328564;0.981427;0.079553;0.494573;
0.024510;0.324325;0.981427;0.077370;0.494573;
0.024520;0.320084;0.981427;0.075185;0.494573;
0.024530;0.315840;0.981427;0.073001;0.494573;
0.024540;0.311592;0.981427;0.070815;0.494573;
0.024550;0.307342;0.981427;0.068628;0.494573;
0.024560;0.303088;0.981427;0.066441;0.494573;
0.024570;0.298831;0.981427;0.064254;0.494573;
0.024580;0.294572;0.981427;0.062065;0.494573;
0.024590;0.290309;0.981427;0.059876;0.494573;
0.024600;0.286044;0.981427;0.057687;0.494573;
0.024610;0.281776;0.981427;0.055497;0.494573;
0.024620;0.277505;0.981427;0.053306;0.494573;
0.024630;0.273231;0.981427;0.051115;0.494573;
0.024640;0.268955;0.981427;0.048923;0.494573;
0.024650;0.264676;0.981427;0.046731;0.494573;
0.024660;0.260394;0.981427;0.044538;0.494573;
0.024670;0.256110;0.981427;0.042345;0.494573;
0.024680;0.251823;0.981427;0.040152;0.494573;
0.024690;0.247534;0.981427;0.037958;0.494573;
0.024700;0.243242;0.981427;0.035764;0.494573;
0.024710;0.238948;0.981427;0.033569;0.494573;
0.024720;0.234652;0.981427;0.031374;0.494573;
0.024730;0.230353;0.981427;0.029179;0.494573;
0.024740;0.226052;0.981427;0.026983;0.494573;
0.024750;0.221749;0.981427;0.024787;0.494573;
0.024760;0.217443;0.981427;0.022591;0.494573;
0.024770;0.213136;0.981427;0.020395;0.494573;
0.024780;0.208826;0.981427;0.018198;0.494573;
0.024790;0.204514;0.981427;0.016002;0.494573;
0.024800;0.200201;0.981427;0.013805;0.494573;
0.024810;0.195885;0.981427;0.011608;0.494573;
0.024820;0.191567;0.981427;0.009411;0.494573;
0.024830;0.187248;0.981427;0.007214;0.494573;
0.024840;0.182926;0.981427;0.005016;0.494573;
0.024850;0.178603;0.981427;0.002819;0.494573;
0.024860;0.174278;0.981427;0.000622;0.494573;
0.024870;0.169951;0.981427;-0.001575;0.494573;
0.024880;0.165623;0.981427;-0.003773;0.494573;
0.024890;0.161293;0.981427;-0.005970;0.494573;
0.024900;0.156961;0.981427;-0.008167;0.494573;
0.024910;0.152628;0.981427;-0.010364;0.494573;
0.024920;0.148293;0.981427;-0.012561;0.494573;
0.024930;0.143957;0.981427;-0.014758;0.494573;
0.024940;0.139620;0.981427;-0.016955;0.494573;
0.024950;0.135281;0.981427;-0.019152;0.494573;
0.024960;0.130941;0.981427;-0.021348;0.494573;
0.024970;0.126599;0.981427;-0.023544;0.494573;
0.024980;0.122256;0.981427;-0.025740;0.494573;
0.024990;0.117912;0.981427;-0.027936;0.494573;
0.025000;0.113567;0.981427;-0.030131;0.494573;
0.025010;0.109221;0.981427;-0.032327;0.494573;
0.025020;0.104873;0.981427;-0.034521;0.494573;
0.025030;0.100525;0.981427;-0.036716;0.494573;
0.025040;0.096176;0.981427;-0.038910;0.494573;
0.025050;0.091825;0.981427;-0.041104;0.494573;
0.025060;0.087474;0.981427;-0.043297;0.494573;
0.025070;0.083122;0.981427;-0.045490;0.494573;
0.025080;0.078769;0.981427;-0.047682;0.494573;
0.025090;0.074415;0.981427;-0.049874;0.494573;
0.025100;0.070061;0.981427;-0.052066;0.494573;
0.025110;0.065706;0.981427;-0.054257;0.494573;
0.025120;0.061350;0.981427;-0.056447;0.494573;
0.025130;0.056993;0.981427;-0.058637;0.494573;
0.025140;0.052636;0.981427;-0.060826;0.494573;
0.025150;0.048279;0.981427;-0.063015;0.494573;
0.025160;0.043921;0.981427;-0.065203;0.494573;
0.025170;0.039563;0.981427;-0.067391;0.494573;
0.025180;0.035204;0.981427;-0.069577;0.494573;
0.025190;0.030845;0.981427;-0.071763;0.494573;
0.025200;0.026485;0.981427;-0.073949;0.494573;
0.025210;0.022126;0.981427;-0.076133;0.494573;
0.025220;0.017766;0.981427;-0.078317;0.494573;
0.025230;0.013406;0.981427;-0.080500;0.494573;
0.025240;0.009045;0.981427;-0.082683;0.494573;
0.025250;0.004685;0.981427;-0.084864;0.494573;
0.025260;0.000325;0.981427;-0.087045;0.494573;
0.025270;-0.004036;0.981427;-0.089225;0.494573;
0.025280;-0.008396;0.981427;-0.091404;0.494573;
0.025290;-0.012756;0.981427;-0.093582;0.494573;
0.025300;-0.017116;0.981427;-0.095759;0.494573;
0.025310;-0.021476;0.981427;-0.097935;0.494573;
0.025320;-0.025836;0.981427;-0.100110;0.494573;
0.025330;-0.030195;0.981427;-0.102284;0.494573;
0.025340;-0.034555;0.981427;-0.104458;0.494573;
0.025350;-0.038913;0.981427;-0.106630;0.494573;
0.025360;-0.043272;0.981427;-0.108801;0.494573;
0.025370;-0.047630;0.981427;-0.110971;0.494573;
0.025380;-0.051988;0.981427;-0.113140;0.494573;
0.025390;-0.056345;0.981427;-0.115308;0.494573;
0.025400;-0.060701;0.981427;-0.117474;0.494573;
0.025410;-0.065057;0.981427;-0.119640;0.494573;
0.025420;-0.069412;0.981427;-0.121804;0.494573;
0.025430;-0.073767;0.981427;-0.123967;0.494573;
0.025440;-0.078121;0.981427;-0.126129;0.494573;
0.025450;-0.082474;0.981427;-0.128290;0.494573;
0.025460;-0.086826;0.981427;-0.130449;0.494573;
0.025470;-0.091177;0.981427;-0.132608;0.494573;
0.025480;-0.095528;0.981427;-0.134764;0.494573;
0.025490;-0.099877;0.981427;-0.136920;0.494573;
0.025500;-0.104226;0.981427;-0.139074;0.494573;
0.025510;-0.108573;0.981427;-0.141227;0.494573;
0.025520;-0.112920;0.981427;-0.143378;0.494573;
0.025530;-0.117265;0.981427;-0.145528;0.494573;
0.025540;-0.121609;0.981427;-0.147677;0.494573;
0.025550;-0.125952;0.981427;-0.149824;0.494573;
0.025560;-0.130294;0.981427;-0.151969;0.494573;
0.025570;-0.134635;0.981427;-0.154113;0.494573;
0.025580;-0.138974;0.981427;-0.156256;0.494573;
0.025590;-0.143311;0.981427;-0.158397;0.494573;
0.025600;-0.147648;0.981427;-0.160536;0.494573;
0.025610;-0.151983;0.981427;-0.162674;0.494573;
0.025620;-0.156316;0.981427;-0.164811;0.494573;
0.025630;-0.160648;0.981427;-0.166945;0.494573;
0.025640;-0.164978;0.981427;-0.169078;0.494573;
0.025650;-0.169307;0.981427;-0.171209;0.494573;
0.025660;-0.173634;0.981427;-0.173339;0.494573;
0.025670;-0.177959;0.981427;-0.175467;0.494573;
0.025680;-0.182282;0.981427;-0.177593;0.494573;
0.025690;-0.186604;0.981427;-0.179718;0.494573;
0.025700;-0.190924;0.981427;-0.181840;0.494573;
0.025710;-0.195242;0.981427;-0.183961;0.494573;
0.025720;-0.199558;0.981427;-0.186080;0.494573;
0.025730;-0.203872;0.981427;-0.188197;0.494573;
0.025740;-0.208184;0.981427;-0.190313;0.494573;
0.025750;-0.212494;0.981427;-0.192426;0.494573;
0.025760;-0.216802;0.981427;-0.194538;0.494573;
0.025770;-0.221108;0.981427;-0.196648;0.494573;
0.025780;-0.225411;0.981427;-0.198755;0.494573;
0.025790;-0.229713;0.981427;-0.200861;0.494573;
0.025800;-0.234012;0.981427;-0.202965;0.494573;
0.025810;-0.238309;0.981427;-0.205067;0.494573;
0.025820;-0.242603;0.981427;-0.207166;0.494573;
0.025830;-0.246895;0.981427;-0.209264;0.494573;
0.025840;-0.251185;0.981427;-0.211360;0.494573;
0.025850;-0.255472;0.981427;-0.213453;0.494573;
0.025860;-0.259756;0.981427;-0.215545;0.494573;
0.025870;-0.264038;0.981427;-0.217634;0.494573;
0.025880;-0.268318;0.981427;-0.219721;0.494573;
0.025890;-0.272595;0.981427;-0.221806;0.494573;
0.025900;-0.276869;0.981427;-0.223889;0.494573;
0.025910;-0.281140;0.981427;-0.225970;0.494573;
0.025920;-0.285409;0.981427;-0.228048;0.494573;
0.025930;-0.289674;0.981427;-0.230124;0.494573;
0.025940;-0.293937;0.981427;-0.232198;0.494573;
0.025950;-0.298197;0.981427;-0.234269;0.494573;
0.025960;-0.302454;0.981427;-0.236339;0.494573;
0.025970;-0.306708;0.981427;-0.238406;0.494573;
0.025980;-0.310959;0.981427;-0.240470;0.494573;
0.025990;-0.315207;0.981427;-0.242532;0.494573;
0.026000;-0.319452;0.981427;-0.244592;0.494573;
0.026010;-0.323694;0.981427;-0.246650;0.494573;
0.026020;-0.327933;0.981427;-0.248705;0.494573;
0.026030;-0.332168;0.981427;-0.250757;0.494573;
0.026040;-0.336400;0.981427;-0.252807;0.494573;
0.026050;-0.340629;0.981427;-0.254855;0.494573;
0.026060;-0.344854;0.981427;-0.256900;0.494573;
0.026070;-0.349076;0.981427;-0.258942;0.494573;
0.026080;-0.353294;0.981427;-0.260982;0.494573;
0.026090;-0.357509;0.981427;-0.263019;0.494573;
0.026100;-0.361721;0.981427;-0.265054;0.494573;
0.026110;-0.365929;0.981427;-0.267086;0.494573;
0.026120;-0.370133;0.981427;-0.269116;0.494573;
0.026130;-0.374333;0.981427;-0.271142;0.494573;
0.026140;-0.378530;0.981427;-0.273167;0.494573;
0.026150;-0.382724;0.981427;-0.275188;0.494573;
0.026160;-0.386913;0.981427;-0.277207;0.494573;
0.026170;-0.391099;0.981427;-0.279223;0.494573;
0.026180;-0.395280;0.981427;-0.281236;0.494573;
0.026190;-0.399458;0.981427;-0.283247;0.494573;
0.026200;-0.403632;0.981427;-0.285254;0.494573;
0.026210;-0.407802;0.981427;-0.287259;0.494573;
0.026220;-0.411968;0.981427;-0.289261;0.494573;
0.026230;-0.416130;0.981427;-0.291260;0.494573;
0.026240;-0.420287;0.981427;-0.293257;0.494573;
0.026250;-0.424441;0.981427;-0.295250;0.494573;
0.026260;-0.428590;0.981427;-0.297241;0.494573;
0.026270;-0.432735;0.981427;-0.299228;0.494573;
0.026280;-0.436876;0.981427;-0.301213;0.494573;
0.026290;-0.441013;0.981427;-0.303194;0.494573;
0.026300;-0.445145;0.981427;-0.305173;0.494573;
0.026310;-0.449273;0.981427;-0.307149;0.494573;
0.026320;-0.453396;0.981427;-0.309121;0.494573;
0.026330;-0.457515;0.981427;-0.311091;0.494573;
0.026340;-0.461630;0.981427;-0.313057;0.494573;
0.026350;-0.465739;0.981427;-0.315021;0.494573;
0.026360;-0.469845;0.981427;-0.316981;0.494573;
0.026370;-0.473945;0.981427;-0.318938;0.494573;
0.026380;-0.478041;0.981427;-0.320892;0.494573;
0.026390;-0.482132;0.981427;-0.322843;0.494573;
0.026400;-0.486219;0.981427;-0.324791;0.494573;
0.026410;-0.490301;0.981427;-0.326735;0.494573;
0.026420;-0.494377;0.981427;-0.328676;0.494573;
0.026430;-0.498449;0.981427;-0.330614;0.494573;
0.026440;-0.502516;0.981427;-0.332549;0.494573;
0.026450;-0.506578;0.981427;-0.334480;0.494573;
0.026460;-0.510635;0.981427;-0.336409;0.494573;
0.026470;-0.514687;0.981427;-0.338333;0.494573;
0.026480;-0.518734;0.981427;-0.340255;0.494573;
0.026490;-0.522776;0.981427;-0.342173;0.494573;
0.026500;-0.526813;0.981427;-0.344088;0.494573;
0.026510;-0.530844;0.981427;-0.345999;0.494573;
0.026520;-0.534870;0.981427;-0.347907;0.494573;
0.026530;-0.538891;0.981427;-0.349811;0.494573;
0.026540;-0.542907;0.981427;-0.351712;0.494573;
0.026550;-0.546917;0.981427;-0.353610;0.494573;
0.026560;-0.550922;0.981427;-0.355504;0.494573;
0.026570;-0.554922;0.981427;-0.357395;0.494573;
0.026580;-0.558916;0.981427;-0.359282;0.494573;
0.026590;-0.562904;0.981427;-0.361165;0.494573;
0.026600;-0.566887;0.981427;-0.363045;0.494573;
0.026610;-0.570864;0.981427;-0.364921;0.494573;
0.026620;-0.574836;0.981427;-0.366794;0.494573;
0.026630;-0.578802;0.981427;-0.368663;0.494573;
0.026640;-0.582762;0.981427;-0.370529;0.494573;
0.026650;-0.586716;0.981427;-0.372391;0.494573;
0.026660;-0.590665;0.981427;-0.374249;0.494573;
0.026670;-0.594608;0.981427;-0.376103;0.494573;
0.026680;-0.598545;0.981427;-0.377954;0.494573;
0.026690;-0.602476;0.981427;-0.379801;0.494573;
0.026700;-0.606401;0.981427;-0.381644;0.494573;
0.026710;-0.610321;0.981427;-0.383484;0.494573;
0.026720;-0.614234;0.981427;-0.385320;0.494573;
0.026730;-0.618141;0.981427;-0.387151;0.494573;
0.026740;-0.622042;0.981427;-0.388980;0.494573;
0.026750;-0.625937;0.981427;-0.390804;0.494573;
0.026760;-0.629825;0.981427;-0.392624;0.494573;
0.026770;-0.633708;0.981427;-0.394441;0.494573;
0.026780;-0.637584;0.981427;-0.396253;0.494573;
0.026790;-0.641454;0.981427;-0.398062;0.494573;
0.026800;-0.645318;0.981427;-0.399867;0.494573;
0.026810;-0.649175;0.981427;-0.401668;0.494573;
0.026820;-0.653026;0.981427;-0.403465;0.494573;
0.026830;-0.656870;0.981427;-0.405258;0.494573;
0.026840;-0.660708;0.981427;-0.407046;0.494573;
0.026850;-0.664539;0.981427;-0.408831;0.494573;
0.026860;-0.668364;0.981427;-0.410612;0.494573;
0.026870;-0.672182;0.981427;-0.412389;0.494573;
0.026880;-0.675994;0.981427;-0.414162;0.494573;
0.026890;-0.679799;0.981427;-0.415930;0.494573;
0.026900;-0.683597;0.981427;-0.417695;0.494573;
0.026910;-0.687388;0.981427;-0.419455;0.494573;
0.026920;-0.691173;0.981427;-0.421212;0.494573;
0.026930;-0.694951;0.981427;-0.422964;0.494573;
0.026940;-0.698722;0.981427;-0.424712;0.494573;
0.026950;-0.702486;0.981427;-0.426455;0.494573;
0.026960;-0.706243;0.981427;-0.428195;0.494573;
0.026970;-0.709993;0.981427;-0.429930;0.494573;
0.026980;-0.713736;0.981427;-0.431661;0.494573;
0.026990;-0.717472;0.981427;-0.433388;0.494573;
0.027000;-0.721201;0.981427;-0.435111;0.494573;
0.027010;-0.724923;0.981427;-0.436829;0.494573;
0.027020;-0.728638;0.981427;-0.438543;0.494573;
0.027030;-0.732346;0.981427;-0.440252;0.494573;
0.027040;-0.736046;0.981427;-0.441958;0.494573;
0.027050;-0.739739;0.981427;-0.443658;0.494573;
0.027060;-0.743425;0.981427;-0.445355;0.494573;
0.027070;-0.747103;0.981427;-0.447047;0.494573;
0.027080;-0.750774;0.981427;-0.448735;0.494573;
0.027090;-0.754438;0.981427;-0.450418;0.494573;
0.027100;-0.758094;0.981427;-0.452097;0.494573;
0.027110;-0.761743;0.981427;-0.453771;0.494573;
0.027120;-0.765384;0.981427;-0.455441;0.494573;
0.027130;-0.769018;0.981427;-0.457107;0.494573;
0.027140;-0.772644;0.981427;-0.458767;0.494573;
0.027150;-0.776262;0.981427;-0.460424;0.494573;
0.027160;-0.779873;0.981427;-0.462076;0.494573;
0.027170;-0.783476;0.981427;-0.463723;0.494573;
0.027180;-0.787072;0.981427;-0.465366;0.494573;
0.027190;-0.790659;0.981427;-0.467004;0.494573;
0.027200;-0.794239;0.981427;-0.468637;0.494573;
0.027210;-0.797811;0.981427;-0.470266;0.494573;
0.027220;-0.801375;0.981427;-0.471890;0.494573;
0.027230;-0.804931;0.981427;-0.473510;0.494573;
0.027240;-0.808479;0.981427;-0.475125;0.494573;
0.027250;-0.812020;0.981427;-0.476735;0.494573;
0.027260;-0.815552;0.981427;-0.478340;0.494573;
0.027270;-0.819076;0.981427;-0.479941;0.494573;
0.027280;-0.822592;0.981427;-0.481537;0.494573;
0.027290;-0.826100;0.981427;-0.483128;0.494573;
0.027300;-0.829600;0.981427;-0.484715;0.494573;
0.027310;-0.833092;0.981427;-0.486296;0.494573;
0.027320;-0.836575;0.981427;-0.487873;0.494573;
0.027330;-0.840050;0.981427;-0.489445;0.494573;
0.027340;-0.843517;0.981427;-0.491013;0.494573;
0.027350;-0.846976;0.981427;-0.492575;0.494573;
0.027360;-0.850426;0.981427;-0.494133;0.494573;
0.027370;-0.853868;0.981427;-0.495685;0.494573;
0.027380;-0.857301;0.981427;-0.497233;0.494573;
0.027390;-0.860726;0.981427;-0.498776;0.494573;
0.027400;-0.864142;0.981427;-0.500314;0.494573;
0.027410;-0.867550;0.981427;-0.501847;0.494573;
0.027420;-0.870949;0.981427;-0.503375;0.494573;
0.027430;-0.874340;0.981427;-0.504898;0.494573;
0.027440;-0.877722;0.981427;-0.506416;0.494573;
0.027450;-0.881096;0.981427;-0.507929;0.494573;
0.027460;-0.884460;0.981427;-0.509438;0.494573;
0.027470;-0.887816;0.981427;-0.510941;0.494573;
0.027480;-0.891164;0.981427;-0.512439;0.494573;
0.027490;-0.894502;0.981427;-0.513932;0.494573;
0.027500;-0.897832;0.981427;-0.515420;0.494573;
0.027510;-0.901152;0.981427;-0.516902;0.494573;
0.027520;-0.904464;0.981427;-0.518380;0.494573;
0.027530;-0.907767;0.981427;-0.519853;0.494573;
0.027540;-0.911061;0.981427;-0.521320;0.494573;
0.027550;-0.914346;0.981427;-0.522783;0.494573;
0.027560;-0.917622;0.981427;-0.524240;0.494573;
0.027570;-0.920889;0.981427;-0.525692;0.494573;
0.027580;-0.924147;0.981427;-0.527139;0.494573;
0.027590;-0.927396;0.981427;-0.528580;0.494573;
0.027600;-0.930635;0.981427;-0.530017;0.494573;
0.027610;-0.933865;0.981427;-0.531448;0.494573;
0.027620;-0.937087;0.981427;-0.532874;0.494573;
0.027630;-0.940298;0.981427;-0.534294;0.494573;
0.027640;-0.943501;0.981427;-0.535710;0.494573;
0.027650;-0.946694;0.981427;-0.537120;0.494573;
0.027660;-0.949878;0.981427;-0.538525;0.494573;
0.027670;-0.953053;0.981427;-0.539924;0.494573;
0.027680;-0.956218;0.981427;-0.541318;0.494573;
0.027690;-0.959374;0.981427;-0.542707;0.494573;
0.027700;-0.962520;0.981427;-0.544090;0.494573;
0.027710;-0.965657;0.981427;-0.545468;0.494573;
0.027720;-0.968784;0.981427;-0.546841;0.494573;
0.027730;-0.971902;0.981427;-0.548208;0.494573;
0.027740;-0.975010;0.981427;-0.549570;0.494573;
0.027750;-0.978108;0.981427;-0.550927;0.494573;
0.027760;-0.981197;0.981427;-0.552278;0.494573;
0.027770;-0.984276;0.981427;-0.553623;0.494573;
0.027780;-0.987345;0.981427;-0.554963;0.494573;
0.027790;-0.990405;0.981427;-0.556298;0.494573;
0.027800;-0.993455;0.981427;-0.557627;0.494573;
0.027810;-0.996495;0.981427;-0.558951;0.494573;
0.027820;-0.999525;0.981427;-0.560269;0.494573;
0.027830;-1.002546;0.981427;-0.561582;0.494573;
0.027840;-1.005556;0.981427;-0.562889;0.494573;
0.027850;-1.008557;0.981427;-0.564190;0.494573;
0.027860;-1.011547;0.981427;-0.565486;0.494573;
0.027870;-1.014528;0.981427;-0.566776;0.494573;
0.027880;-1.017499;0.981427;-0.568061;0.494573;
0.027890;-1.020459;0.981427;-0.569340;0.494573;
0.027900;-1.023410;0.981427;-0.570614;0.494573;
0.027910;-1.026350;0.981427;-0.571882;0.494573;
0.027920;-1.029280;0.981427;-0.573144;0.494573;
0.027930;-1.032200;0.981427;-0.574401;0.494573;
0.027940;-1.035110;0.981427;-0.575652;0.494573;
0.027950;-1.038010;0.981427;-0.576897;0.494573;
0.027960;-1.040900;0.981427;-0.578136;0.494573;
0.027970;-1.043779;0.981427;-0.579370;0.494573;
0.027980;-1.046648;0.981427;-0.580598;0.494573;
0.027990;-1.049506;0.981427;-0.581821;0.494573;
0.028000;-1.052354;0.981427;-0.583037;0.494573;
0.028010;-1.055192;0.981427;-0.584248;0.494573;
0.028020;-1.058020;0.981427;-0.585453;0.494573;
0.028030;-1.060836;0.981427;-0.586653;0.494573;
0.028040;-1.063643;0.981427;-0.587846;0.494573;
0.028050;-1.066439;0.981427;-0.589034;0.494573;
0.028060;-1.069224;0.981427;-0.590216;0.494573;
0.028070;-1.071999;0.981427;-0.591392;0.494573;
0.028080;-1.074764;0.981427;-0.592562;0.494573;
0.028090;-1.077517;0.981427;-0.593727;0.494573;
0.028100;-1.080260;0.981427;-0.594885;0.494573;
0.028110;-1.082993;0.981427;-0.596038;0.494573;
0.028120;-1.085715;0.981427;-0.597185;0.494573;
0.028130;-1.088426;0.981427;-0.598326;0.494573;
0.028140;-1.091126;0.981427;-0.599461;0.494573;
0.028150;-1.093815;0.981427;-0.600590;0.494573;
0.028160;-1.096494;0.981427;-0.601713;0.494573;
0.028170;-1.099162;0.981427;-0.602830;0.494573;
0.028180;-1.101819;0.981427;-0.603942;0.494573;
0.028190;-1.104465;0.981427;-0.605047;0.494573;
0.028200;-1.107100;0.981427;-0.606146;0.494573;
0.028210;-1.109725;0.981427;-0.607240;0.494573;
0.028220;-1.112338;0.981427;-0.608327;0.494573;
0.028230;-1.114941;0.981427;-0.609409;0.494573;
0.028240;-1.117532;0.981427;-0.610484;0.494573;
0.028250;-1.120112;0.981427;-0.611553;0.494573;
0.028260;-1.122682;0.981427;-0.612617;0.494573;
0.028270;-1.125240;0.981427;-0.613674;0.494573;
0.028280;-1.127787;0.981427;-0.614725;0.494573;
0.028290;-1.130323;0.981427;-0.615770;0.494573;
0.028300;-1.132848;0.981427;-0.616809;0.494573;
0.028310;-1.135362;0.981427;-0.617842;0.494573;
0.028320;-1.137864;0.981427;-0.618869;0.494573;
0.028330;-1.140355;0.981427;-0.619890;0.494573;
0.028340;-1.142835;0.981427;-0.620904;0.494573;
0.028350;-1.145304;0.981427;-0.621913;0.494573;
0.028360;-1.147761;0.981427;-0.622915;0.494573;
0.028370;-1.150207;0.981427;-0.623912;0.494573;
0.028380;-1.152642;0.981427;-0.624902;0.494573;
0.028390;-1.155065;0.981427;-0.625886;0.494573;
0.028400;-1.157477;0.981427;-0.626863;0.494573;
0.028410;-1.159878;0.981427;-0.627835;0.494573;
0.028420;-1.162267;0.981427;-0.628800;0.494573;
0.028430;-1.164645;0.981427;-0.629759;0.494573;
0.028440;-1.167011;0.981427;-0.630712;0.494573;
0.028450;-1.169365;0.981427;-0.631659;0.494573;
0.028460;-1.171708;0.981427;-0.632599;0.494573;
0.028470;-1.174040;0.981427;-0.633534;0.494573;
0.028480;-1.176360;0.981427;-0.634462;0.494573;
0.028490;-1.178668;0.981427;-0.635383;0.494573;
0.028500;-1.180965;0.981427;-0.636299;0.494573;
0.028510;-1.183250;0.981427;-0.637208;0.494573;
0.028520;-1.185523;0.981427;-0.638111;0.494573;
0.028530;-1.187784;0.981427;-0.639007;0.494573;
0.028540;-1.190034;0.981427;-0.639898;0.494573;
0.028550;-1.192272;0.981427;-0.640782;0.494573;
0.028560;-1.194499;0.981427;-0.641659;0.494573;
0.028570;-1.196713;0.981427;-0.642530;0.494573;
0.028580;-1.198916;0.981427;-0.643395;0.494573;
0.028590;-1.201107;0.981427;-0.644254;0.494573;
0.028600;-1.203286;0.981427;-0.645106;0.494573;
0.028610;-1.205453;0.981427;-0.645952;0.494573;
0.028620;-1.207609;0.981427;-0.646792;0.494573;
0.028630;-1.209752;0.981427;-0.647625;0.494573;
0.028640;-1.211884;0.981427;-0.648451;0.494573;
0.028650;-1.214003;0.981427;-0.649272;0.494573;
0.028660;-1.216111;0.981427;-0.650086;0.494573;
0.028670;-1.218206;0.981427;-0.650893;0.494573;
0.028680;-1.220290;0.981427;-0.651694;0.494573;
0.028690;-1.222361;0.981427;-0.652489;0.494573;
0.028700;-1.224420;0.981427;-0.653277;0.494573;
0.028710;-1.226468;0.981427;-0.654059;0.494573;
0.028720;-1.228503;0.981427;-0.654834;0.494573;
0.028730;-1.230526;0.981427;-0.655603;0.494573;
0.028740;-1.232537;0.981427;-0.656365;0.494573;
0.028750;-1.234536;0.981427;-0.657121;0.494573;
0.028760;-1.236522;0.981427;-0.657871;0.494573;
0.028770;-1.238497;0.981427;-0.658613;0.494573;
0.028780;-1.240459;0.981427;-0.659350;0.494573;
0.028790;-1.242409;0.981427;-0.660080;0.494573;
0.028800;-1.244346;0.981427;-0.660803;0.494573;
0.028810;-1.246272;0.981427;-0.661520;0.494573;
0.028820;-1.248185;0.981427;-0.662230;0.494573;
0.028830;-1.250085;0.981427;-0.662934;0.494573;
0.028840;-1.251974;0.981427;-0.663631;0.494573;
0.028850;-1.253850;0.981427;-0.664322;0.494573;
0.028860;-1.255714;0.981427;-0.665006;0.494573;
0.028870;-1.257565;0.981427;-0.665684;0.494573;
0.028880;-1.259404;0.981427;-0.666355;0.494573;
0.028890;-1.261230;0.981427;-0.667019;0.494573;
0.028900;-1.263044;0.981427;-0.667677;0.494573;
0.028910;-1.264846;0.981427;-0.668328;0.494573;
0.028920;-1.266635;0.981427;-0.668973;0.494573;
0.028930;-1.268411;0.981427;-0.669611;0.494573;
0.028940;-1.270175;0.981427;-0.670243;0.494573;
0.028950;-1.271927;0.981427;-0.670868;0.494573;
0.028960;-1.273666;0.981427;-0.671486;0.494573;
0.028970;-1.275392;0.981427;-0.672097;0.494573;
0.028980;-1.277106;0.981427;-0.672702;0.494573;
0.028990;-1.278807;0.981427;-0.673301;0.494573;
0.029000;-1.280495;0.981427;-0.673892;0.494573;
0.029010;-1.282171;0.981427;-0.674477;0.494573;
0.029020;-1.283835;0.981427;-0.675056;0.494573;
0.029030;-1.285485;0.981427;-0.675627;0.494573;
0.029040;-1.287123;0.981427;-0.676192;0.494573;
0.029050;-1.288748;0.981427;-0.676751;0.494573;
0.029060;-1.290361;0.981427;-0.677303;0.494573;
0.029070;-1.291960;0.981427;-0.677848;0.494573;
0.029080;-1.293547;0.981427;-0.678386;0.494573;
0.029090;-1.295122;0.981427;-0.678917;0.494573;
0.029100;-1.296683;0.981427;-0.679442;0.494573;
0.029110;-1.298232;0.981427;-0.679961;0.494573;
0.029120;-1.299768;0.981427;-0.680472;0.494573;
0.029130;-1.301291;0.981427;-0.680977;0.494573;
0.029140;-1.302801;0.981427;-0.681475;0.494573;
0.029150;-1.304298;0.981427;-0.681966;0.494573;
0.029160;-1.305782;0.981427;-0.682451;0.494573;
0.029170;-1.307254;0.981427;-0.682929;0.494573;
0.029180;-1.308713;0.981427;-0.683400;0.494573;
0.029190;-1.310158;0.981427;-0.683864;0.494573;
0.029200;-1.311591;0.981427;-0.684322;0.494573;
0.029210;-1.313011;0.981427;-0.684773;0.494573;
0.029220;-1.314418;0.981427;-0.685217;0.494573;
0.029230;-1.315812;0.981427;-0.685654;0.494573;
0.029240;-1.317193;0.981427;-0.686085;0.494573;
0.029250;-1.318561;0.981427;-0.686509;0.494573;
0.029260;-1.319915;0.981427;-0.686926;0.494573;
0.029270;-1.321257;0.981427;-0.687336;0.494573;
0.029280;-1.322586;0.981427;-0.687739;0.494573;
0.029290;-1.323902;0.981427;-0.688136;0.494573;
0.029300;-1.325205;0.981427;-0.688526;0.494573;
0.029310;-1.326494;0.981427;-0.688909;0.494573;
0.029320;-1.327771;0.981427;-0.689285;0.494573;
0.029330;-1.329034;0.981427;-0.689655;0.494573;
0.029340;-1.330285;0.981427;-0.690018;0.494573;
0.029350;-1.331522;0.981427;-0.690374;0.494573;
0.029360;-1.332746;0.981427;-0.690723;0.494573;
0.029370;-1.333957;0.981427;-0.691065;0.494573;
0.029380;-1.335155;0.981427;-0.691400;0.494573;
0.029390;-1.336339;0.981427;-0.691729;0.494573;
0.029400;-1.337511;0.981427;-0.692051;0.494573;
0.029410;-1.338669;0.981427;-0.692366;0.494573;
0.029420;-1.339814;0.981427;-0.692674;0.494573;
0.029430;-1.340945;0.981427;-0.692975;0.494573;
0.029440;-1.342064;0.981427;-0.693270;0.494573;
0.029450;-1.343169;0.981427;-0.693557;0.494573;
0.029460;-1.344261;0.981427;-0.693838;0.494573;
0.029470;-1.345340;0.981427;-0.694112;0.494573;
0.029480;-1.346405;0.981427;-0.694379;0.494573;
0.029490;-1.347457;0.981427;-0.694639;0.494573;
0.029500;-1.348496;0.981427;-0.694892;0.494573;
0.029510;-1.349522;0.981427;-0.695139;0.494573;
0.029520;-1.350534;0.981427;-0.695379;0.494573;
0.029530;-1.351533;0.981427;-0.695611;0.494573;
0.029540;-1.352519;0.981427;-0.695837;0.494573;
0.029550;-1.353491;0.981427;-0.696056;0.494573;
0.029560;-1.354450;0.981427;-0.696268;0.494573;
0.029570;-1.355395;0.981427;-0.696474;0.494573;
0.029580;-1.356327;0.981427;-0.696672;0.494573;
0.029590;-1.357246;0.981427;-0.696864;0.494573;
0.029600;-1.358151;0.981427;-0.697048;0.494573;
0.029610;-1.359043;0.981427;-0.697226;0.494573;
0.029620;-1.359922;0.981427;-0.697397;0.494573;
0.029630;-1.360787;0.981427;-0.697561;0.494573;
0.029640;-1.361639;0.981427;-0.697718;0.494573;
0.029650;-1.362477;0.981427;-0.697868;0.494573;
0.029660;-1.363302;0.981427;-0.698012;0.494573;
0.029670;-1.364113;0.981427;-0.698148;0.494573;
0.029680;-1.364911;0.981427;-0.698278;0.494573;
0.029690;-1.365695;0.981427;-0.698401;0.494573;
0.029700;-1.366466;0.981427;-0.698516;0.494573;
0.029710;-1.367223;0.981427;-0.698625;0.494573;
0.029720;-1.367967;0.981427;-0.698727;0.494573;
0.029730;-1.368698;0.981427;-0.698822;0.494573;
0.029740;-1.369415;0.981427;-0.698911;0.494573;
0.029750;-1.370118;0.981427;-0.698992;0.494573;
0.029760;-1.370808;0.981427;-0.699066;0.494573;
0.029770;-1.371484;0.981427;-0.699134;0.494573;
0.029780;-1.372147;0.981427;-0.699195;0.494573;
0.029790;-1.372796;0.981427;-0.699248;0.494573;
0.029800;-1.373432;0.981427;-0.699295;0.494573;
0.029810;-1.374054;0.981427;-0.699335;0.494573;
0.029820;-1.374663;0.981427;-0.699368;0.494573;
0.029830;-1.375258;0.981427;-0.699394;0.494573;
0.029840;-1.375840;0.981427;-0.699413;0.494573;
0.029850;-1.376407;0.981427;-0.699426;0.494573;
0.029860;-1.376962;0.981427;-0.699431;0.494573;
0.029870;-1.377502;0.981427;-0.699430;0.494573;
0.029880;-1.378030;0.981427;-0.699421;0.494573;
0.029890;-1.378543;0.981427;-0.699406;0.494573;
0.029900;-1.379043;0.981427;-0.699384;0.494573;
0.029910;-1.379529;0.981427;-0.699355;0.494573;
0.029920;-1.380002;0.981427;-0.699319;0.494573;
0.029930;-1.380461;0.981427;-0.699276;0.494573;
0.029940;-1.380906;0.981427;-0.699226;0.494573;
0.029950;-1.381338;0.981427;-0.699169;0.494573;
0.029960;-1.381756;0.981427;-0.699105;0.494573;
0.029970;-1.382161;0.981427;-0.699035;0.494573;
0.029980;-1.382552;0.981427;-0.698958;0.494573;
0.029990;-1.382929;0.981427;-0.698873;0.494573;
0.030000;-1.383293;0.981427;-0.698782;0.494573;
0.030010;-1.383643;0.981427;-0.698684;0.494573;
0.030020;-1.383979;0.981427;-0.698579;0.494573;
0.030030;-1.384302;0.981427;-0.698467;0.494573;
0.030040;-1.384611;0.981427;-0.698348;0.494573;
0.030050;-1.384906;0.981427;-0.698223;0.494573;
0.030060;-1.385188;0.981427;-0.698090;0.494573;
0.030070;-1.385456;0.981427;-0.697950;0.494573;
0.030080;-1.385710;0.981427;-0.697804;0.494573;
0.030090;-1.385950;0.981427;-0.697651;0.494573;
0.030100;-1.386177;0.981427;-0.697491;0.494573;
0.030110;-1.386391;0.981427;-0.697324;0.494573;
0.030120;-1.386590;0.981427;-0.697150;0.494573;
0.030130;-1.386776;0.981427;-0.696969;0.494573;
0.030140;-1.386948;0.981427;-0.696781;0.494573;
0.030150;-1.387107;0.981427;-0.696587;0.494573;
0.030160;-1.387252;0.981427;-0.696385;0.494573;
0.030170;-1.387383;0.981427;-0.696177;0.494573;
0.030180;-1.387500;0.981427;-0.695962;0.494573;
0.030190;-1.387604;0.981427;-0.695740;0.494573;
0.030200;-1.387694;0.981427;-0.695511;0.494573;
0.030210;-1.387770;0.981427;-0.695275;0.494573;
0.030220;-1.387833;0.981427;-0.695033;0.494573;
0.030230;-1.387882;0.981427;-0.694783;0.494573;
0.030240;-1.387917;0.981427;-0.694527;0.494573;
0.030250;-1.387939;0.981427;-0.694264;0.494573;
0.030260;-1.387947;0.981427;-0.693994;0.494573;
0.030270;-1.387941;0.981427;-0.693717;0.494573;
0.030280;-1.387921;0.981427;-0.693433;0.494573;
0.030290;-1.387888;0.981427;-0.693143;0.494573;
0.030300;-1.387841;0.981427;-0.692845;0.494573;
0.030310;-1.387781;0.981427;-0.692541;0.494573;
0.030320;-1.387706;0.981427;-0.692230;0.494573;
0.030330;-1.387618;0.981427;-0.691912;0.494573;
0.030340;-1.387517;0.981427;-0.691587;0.494573;
0.030350;-1.387401;0.981427;-0.691256;0.494573;
0.030360;-1.387272;0.981427;-0.690917;0.494573;
0.030370;-1.387129;0.981427;-0.690572;0.494573;
0.030380;-1.386973;0.981427;-0.690220;0.494573;
0.030390;-1.386803;0.981427;-0.689861;0.494573;
0.030400;-1.386619;0.981427;-0.689495;0.494573;
0.030410;-1.386421;0.981427;-0.689123;0.494573;
0.030420;-1.386210;0.981427;-0.688744;0.494573;
0.030430;-1.385985;0.981427;-0.688358;0.494573;
0.030440;-1.385747;0.981427;-0.687965;0.494573;
0.030450;-1.385494;0.981427;-0.687565;0.494573;
0.030460;-1.385228;0.981427;-0.687159;0.494573;
0.030470;-1.384949;0.981427;-0.686746;0.494573;
0.030480;-1.384655;0.981427;-0.686326;0.494573;
0.030490;-1.384349;0.981427;-0.685899;0.494573;
0.030500;-1.384028;0.981427;-0.685465;0.494573;
0.030510;-1.383694;0.981427;-0.685025;0.494573;
0.030520;-1.383346;0.981427;-0.684578;0.494573;
0.030530;-1.382984;0.981427;-0.684124;0.494573;
0.030540;-1.382609;0.981427;-0.683664;0.494573;
0.030550;-1.382220;0.981427;-0.683196;0.494573;
0.030560;-1.381818;0.981427;-0.682722;0.494573;
0.030570;-1.381401;0.981427;-0.682241;0.494573;
0.030580;-1.380972;0.981427;-0.681754;0.494573;
0.030590;-1.380528;0.981427;-0.681260;0.494573;
0.030600;-1.380071;0.981427;-0.680759;0.494573;
0.030610;-1.379601;0.981427;-0.680251;0.494573;
0.030620;-1.379116;0.981427;-0.679736;0.494573;
0.030630;-1.378618;0.981427;-0.679215;0.494573;
0.030640;-1.378107;0.981427;-0.678688;0.494573;
0.030650;-1.377582;0.981427;-0.678153;0.494573;
0.030660;-1.377043;0.981427;-0.677612;0.494573;
0.030670;-1.376491;0.981427;-0.677064;0.494573;
0.030680;-1.375925;0.981427;-0.676509;0.494573;
0.030690;-1.375345;0.981427;-0.675948;0.494573;
0.030700;-1.374752;0.981427;-0.675380;0.494573;
0.030710;-1.374146;0.981427;-0.674806;0.494573;
0.030720;-1.373526;0.981427;-0.674224;0.494573;
0.030730;-1.372892;0.981427;-0.673636;0.494573;
0.030740;-1.372245;0.981427;-0.673042;0.494573;
0.030750;-1.371584;0.981427;-0.672441;0.494573;
0.030760;-1.370910;0.981427;-0.671833;0.494573;
0.030770;-1.370222;0.981427;-0.671218;0.494573;
0.030780;-1.369520;0.981427;-0.670597;0.494573;
0.030790;-1.368805;0.981427;-0.669969;0.494573;
0.030800;-1.368077;0.981427;-0.669335;0.494573;
0.030810;-1.367335;0.981427;-0.668694;0.494573;
0.030820;-1.366580;0.981427;-0.668047;0.494573;
0.030830;-1.365811;0.981427;-0.667393;0.494573;
0.030840;-1.365028;0.981427;-0.666732;0.494573;
0.030850;-1.364233;0.981427;-0.666065;0.494573;
0.030860;-1.363423;0.981427;-0.665391;0.494573;
0.030870;-1.362600;0.981427;-0.664710;0.494573;
0.030880;-1.361764;0.981427;-0.664023;0.494573;
0.030890;-1.360915;0.981427;-0.663330;0.494573;
0.030900;-1.360051;0.981427;-0.662630;0.494573;
0.030910;-1.359175;0.981427;-0.661923;0.494573;
0.030920;-1.358285;0.981427;-0.661210;0.494573;
0.030930;-1.357382;0.981427;-0.660490;0.494573;
0.030940;-1.356465;0.981427;-0.659764;0.494573;
0.030950;-1.355535;0.981427;-0.659031;0.494573;
0.030960;-1.354591;0.981427;-0.658292;0.494573;
0.030970;-1.353634;0.981427;-0.657546;0.494573;
0.030980;-1.352664;0.981427;-0.656794;0.494573;
0.030990;-1.351681;0.981427;-0.656035;0.494573;
0.031000;-1.350684;0.981427;-0.655270;0.494573;
0.031010;-1.349673;0.981427;-0.654498;0.494573;
0.031020;-1.348650;0.981427;-0.653720;0.494573;
0.031030;-1.347613;0.981427;-0.652936;0.494573;
0.031040;-1.346563;0.981427;-0.652145;0.494573;
0.031050;-1.345499;0.981427;-0.651347;0.494573;
0.031060;-1.344423;0.981427;-0.650543;0.494573;
0.031070;-1.343333;0.981427;-0.649733;0.494573;
0.031080;-1.342229;0.981427;-0.648917;0.494573;
0.031090;-1.341113;0.981427;-0.648093;0.494573;
0.031100;-1.339983;0.981427;-0.647264;0.494573;
0.031110;-1.338840;0.981427;-0.646428;0.494573;
0.031120;-1.337684;0.981427;-0.645586;0.494573;
0.031130;-1.336514;0.981427;-0.644737;0.494573;
0.031140;-1.335332;0.981427;-0.643882;0.494573;
0.031150;-1.334136;0.981427;-0.643021;0.494573;
0.031160;-1.332927;0.981427;-0.642153;0.494573;
0.031170;-1.331705;0.981427;-0.641279;0.494573;
0.031180;-1.330470;0.981427;-0.640399;0.494573;
0.031190;-1.329221;0.981427;-0.639512;0.494573;
0.031200;-1.327960;0.981427;-0.638619;0.494573;
0.031210;-1.326685;0.981427;-0.637720;0.494573;
0.031220;-1.325398;0.981427;-0.636814;0.494573;
0.031230;-1.324097;0.981427;-0.635902;0.494573;
0.031240;-1.322783;0.981427;-0.634984;0.494573;
0.031250;-1.321456;0.981427;-0.634060;0.494573;
0.031260;-1.320116;0.981427;-0.633129;0.494573;
0.031270;-1.318763;0.981427;-0.632192;0.494573;
0.031280;-1.317397;0.981427;-0.631249;0.494573;
0.031290;-1.316018;0.981427;-0.630299;0.494573;
0.031300;-1.314626;0.981427;-0.629344;0.494573;
0.031310;-1.313221;0.981427;-0.628382;0.494573;
0.031320;-1.311803;0.981427;-0.627414;0.494573;
0.031330;-1.310373;0.981427;-0.626440;0.494573;
0.031340;-1.308929;0.981427;-0.625459;0.494573;
0.031350;-1.307472;0.981427;-0.624473;0.494573;
0.031360;-1.306002;0.981427;-0.623480;0.494573;
0.031370;-1.304520;0.981427;-0.622481;0.494573;
0.031380;-1.303025;0.981427;-0.621476;0.494573;
0.031390;-1.301516;0.981427;-0.620465;0.494573;
0.031400;-1.299995;0.981427;-0.619448;0.494573;
0.031410;-1.298461;0.981427;-0.618424;0.494573;
0.031420;-1.296915;0.981427;-0.617395;0.494573;
0.031430;-1.295355;0.981427;-0.616359;0.494573;
0.031440;-1.293783;0.981427;-0.615317;0.494573;
0.031450;-1.292198;0.981427;-0.614270;0.494573;
0.031460;-1.290600;0.981427;-0.613216;0.494573;
0.031470;-1.288989;0.981427;-0.612156;0.494573;
0.031480;-1.287366;0.981427;-0.611090;0.494573;
0.031490;-1.285730;0.981427;-0.610018;0.494573;
0.031500;-1.284081;0.981427;-0.608940;0.494573;
0.031510;-1.282420;0.981427;-0.607856;0.494573;
0.031520;-1.280746;0.981427;-0.606766;0.494573;
0.031530;-1.279059;0.981427;-0.605670;0.494573;
0.031540;-1.277360;0.981427;-0.604568;0.494573;
0.031550;-1.275648;0.981427;-0.603460;0.494573;
0.031560;-1.273924;0.981427;-0.602346;0.494573;
0.031570;-1.272186;0.981427;-0.601226;0.494573;
0.031580;-1.270437;0.981427;-0.600101;0.494573;
0.031590;-1.268675;0.981427;-0.598969;0.494573;
0.031600;-1.266900;0.981427;-0.597831;0.494573;
0.031610;-1.265113;0.981427;-0.596688;0.494573;
0.031620;-1.263313;0.981427;-0.595539;0.494573;
0.031630;-1.261501;0.981427;-0.594383;0.494573;
0.031640;-1.259676;0.981427;-0.593222;0.494573;
0.031650;-1.257839;0.981427;-0.592055;0.494573;
0.031660;-1.255990;0.981427;-0.590882;0.494573;
0.031670;-1.254128;0.981427;-0.589704;0.494573;
0.031680;-1.252254;0.981427;-0.588519;0.494573;
0.031690;-1.250367;0.981427;-0.587329;0.494573;
0.031700;-1.248469;0.981427;-0.586133;0.494573;
0.031710;-1.246557;0.981427;-0.584931;0.494573;
0.031720;-1.244634;0.981427;-0.583723;0.494573;
0.031730;-1.242698;0.981427;-0.582510;0.494573;
0.031740;-1.240750;0.981427;-0.581291;0.494573;
0.031750;-1.238790;0.981427;-0.580066;0.494573;
0.031760;-1.236817;0.981427;-0.578835;0.494573;
0.031770;-1.234832;0.981427;-0.577599;0.494573;
0.031780;-1.232835;0.981427;-0.576357;0.494573;
0.031790;-1.230826;0.981427;-0.575109;0.494573;
0.031800;-1.228805;0.981427;-0.573856;0.494573;
0.031810;-1.226772;0.981427;-0.572597;0.494573;
0.031820;-1.224726;0.981427;-0.571332;0.494573;
0.031830;-1.222669;0.981427;-0.570062;0.494573;
0.031840;-1.220599;0.981427;-0.568786;0.494573;
0.031850;-1.218517;0.981427;-0.567504;0.494573;
0.031860;-1.216423;0.981427;-0.566217;0.494573;
0.031870;-1.214318;0.981427;-0.564924;0.494573;
0.031880;-1.212200;0.981427;-0.563626;0.494573;
0.031890;-1.210070;0.981427;-0.562322;0.494573;
0.031900;-1.207929;0.981427;-0.561013;0.494573;
0.031910;-1.205775;0.981427;-0.559698;0.494573;
0.031920;-1.203610;0.981427;-0.558377;0.494573;
0.031930;-1.201432;0.981427;-0.557051;0.494573;
0.031940;-1.199243;0.981427;-0.555720;0.494573;
0.031950;-1.197042;0.981427;-0.554383;0.494573;
0.031960;-1.194829;0.981427;-0.553040;0.494573;
0.031970;-1.192605;0.981427;-0.551692;0.494573;
0.031980;-1.190368;0.981427;-0.550339;0.494573;
0.031990;-1.188120;0.981427;-0.548980;0.494573;
0.032000;-1.185860;0.981427;-0.547616;0.494573;
0.032010;-1.183589;0.981427;-0.546246;0.494573;
0.032020;-1.181306;0.981427;-0.544871;0.494573;
0.032030;-1.179011;0.981427;-0.543491;0.494573;
0.032040;-1.176704;0.981427;-0.542105;0.494573;
0.032050;-1.174386;0.981427;-0.540714;0.494573;
0.032060;-1.172056;0.981427;-0.539317;0.494573;
0.032070;-1.169715;0.981427;-0.537916;0.494573;
0.032080;-1.167362;0.981427;-0.536508;0.494573;
0.032090;-1.164998;0.981427;-0.535096;0.494573;
0.032100;-1.162622;0.981427;-0.533678;0.494573;
0.032110;-1.160234;0.981427;-0.532255;0.494573;
0.032120;-1.157836;0.981427;-0.530827;0.494573;
0.032130;-1.155425;0.981427;-0.529394;0.494573;
0.032140;-1.153004;0.981427;-0.527955;0.494573;
0.032150;-1.150571;0.981427;-0.526511;0.494573;
0.032160;-1.148126;0.981427;-0.525062;0.494573;
0.032170;-1.145671;0.981427;-0.523608;0.494573;
0.032180;-1.143204;0.981427;-0.522149;0.494573;
0.032190;-1.140725;0.981427;-0.520684;0.494573;
0.032200;-1.138236;0.981427;-0.519214;0.494573;
0.032210;-1.135735;0.981427;-0.517739;0.494573;
0.032220;-1.133223;0.981427;-0.516260;0.494573;
0.032230;-1.130700;0.981427;-0.514775;0.494573;
0.032240;-1.128165;0.981427;-0.513284;0.494573;
0.032250;-1.125620;0.981427;-0.511789;0.494573;
0.032260;-1.123063;0.981427;-0.510289;0.494573;
0.032270;-1.120496;0.981427;-0.508784;0.494573;
0.032280;-1.117917;0.981427;-0.507273;0.494573;
0.032290;-1.115327;0.981427;-0.505758;0.494573;
0.032300;-1.112726;0.981427;-0.504238;0.494573;
0.032310;-1.110115;0.981427;-0.502713;0.494573;
0.032320;-1.107492;0.981427;-0.501182;0.494573;
0.032330;-1.104858;0.981427;-0.499647;0.494573;
0.032340;-1.102214;0.981427;-0.498107;0.494573;
0.032350;-1.099558;0.981427;-0.496562;0.494573;
0.032360;-1.096892;0.981427;-0.495012;0.494573;
0.032370;-1.094215;0.981427;-0.493457;0.494573;
0.032380;-1.091527;0.981427;-0.491898;0.494573;
0.032390;-1.088828;0.981427;-0.490333;0.494573;
0.032400;-1.086119;0.981427;-0.488764;0.494573;
0.032410;-1.083399;0.981427;-0.487190;0.494573;
0.032420;-1.080668;0.981427;-0.485611;0.494573;
0.032430;-1.077927;0.981427;-0.484027;0.494573;
0.032440;-1.075174;0.981427;-0.482438;0.494573;
0.032450;-1.072412;0.981427;-0.480845;0.494573;
0.032460;-1.069638;0.981427;-0.479247;0.494573;
0.032470;-1.066854;0.981427;-0.477644;0.494573;
0.032480;-1.064060;0.981427;-0.476037;0.494573;
0.032490;-1.061255;0.981427;-0.474424;0.494573;
0.032500;-1.058440;0.981427;-0.472807;0.494573;
0.032510;-1.055614;0.981427;-0.471186;0.494573;
0.032520;-1.052778;0.981427;-0.469560;0.494573;
0.032530;-1.049931;0.981427;-0.467929;0.494573;
0.032540;-1.047074;0.981427;-0.466293;0.494573;
0.032550;-1.044207;0.981427;-0.464653;0.494573;
0.032560;-1.041329;0.981427;-0.463009;0.494573;
0.032570;-1.038441;0.981427;-0.461359;0.494573;
0.032580;-1.035543;0.981427;-0.459706;0.494573;
0.032590;-1.032634;0.981427;-0.458047;0.494573;
0.032600;-1.029716;0.981427;-0.456384;0.494573;
0.032610;-1.026787;0.981427;-0.454717;0.494573;
0.032620;-1.023848;0.981427;-0.453045;0.494573;
0.032630;-1.020899;0.981427;-0.451369;0.494573;
0.032640;-1.017940;0.981427;-0.449688;0.494573;
0.032650;-1.014971;0.981427;-0.448003;0.494573;
0.032660;-1.011992;0.981427;-0.446313;0.494573;
0.032670;-1.009003;0.981427;-0.444619;0.494573;
0.032680;-1.006004;0.981427;-0.442921;0.494573;
0.032690;-1.002995;0.981427;-0.441218;0.494573;
0.032700;-0.999976;0.981427;-0.439511;0.494573;
0.032710;-0.996947;0.981427;-0.437799;0.494573;
0.032720;-0.993908;0.981427;-0.436084;0.494573;
0.032730;-0.990860;0.981427;-0.434364;0.494573;
0.032740;-0.987802;0.981427;-0.432639;0.494573;
0.032750;-0.984734;0.981427;-0.430911;0.494573;
0.032760;-0.981656;0.981427;-0.429178;0.494573;
0.032770;-0.978569;0.981427;-0.427440;0.494573;
0.032780;-0.975472;0.981427;-0.425699;0.494573;
0.032790;-0.972365;0.981427;-0.423954;0.494573;
0.032800;-0.969249;0.981427;-0.422204;0.494573;
0.032810;-0.966123;0.981427;-0.420450;0.494573;
0.032820;-0.962988;0.981427;-0.418692;0.494573;
0.032830;-0.959843;0.981427;-0.416930;0.494573;
0.032840;-0.956689;0.981427;-0.415163;0.494573;
0.032850;-0.953525;0.981427;-0.413393;0.494573;
0.032860;-0.950352;0.981427;-0.411618;0.494573;
0.032870;-0.947169;0.981427;-0.409840;0.494573;
0.032880;-0.943977;0.981427;-0.408057;0.494573;
0.032890;-0.940776;0.981427;-0.406271;0.494573;
0.032900;-0.937565;0.981427;-0.404480;0.494573;
0.032910;-0.934346;0.981427;-0.402685;0.494573;
0.032920;-0.931117;0.981427;-0.400887;0.494573;
0.032930;-0.927879;0.981427;-0.399084;0.494573;
0.032940;-0.924631;0.981427;-0.397278;0.494573;
0.032950;-0.921375;0.981427;-0.395467;0.494573;
0.032960;-0.918109;0.981427;-0.393653;0.494573;
0.032970;-0.914835;0.981427;-0.391835;0.494573;
0.032980;-0.911551;0.981427;-0.390013;0.494573;
0.032990;-0.908258;0.981427;-0.388187;0.494573;
0.033000;-0.904957;0.981427;-0.386357;0.494573;
0.033010;-0.901646;0.981427;-0.384523;0.494573;
0.033020;-0.898327;0.981427;-0.382686;0.494573;
0.033030;-0.894998;0.981427;-0.380845;0.494573;
0.033040;-0.891661;0.981427;-0.379000;0.494573;
0.033050;-0.888315;0.981427;-0.377151;0.494573;
0.033060;-0.884961;0.981427;-0.375299;0.494573;
0.033070;-0.881597;0.981427;-0.373443;0.494573;
0.033080;-0.878225;0.981427;-0.371583;0.494573;
0.033090;-0.874844;0.981427;-0.369720;0.494573;
0.033100;-0.871455;0.981427;-0.367853;0.494573;
0.033110;-0.868057;0.981427;-0.365982;0.494573;
0.033120;-0.864650;0.981427;-0.364108;0.494573;
0.033130;-0.861235;0.981427;-0.362230;0.494573;
0.033140;-0.857812;0.981427;-0.360348;0.494573;
0.033150;-0.854379;0.981427;-0.358463;0.494573;
0.033160;-0.850939;0.981427;-0.356575;0.494573;
0.033170;-0.847490;0.981427;-0.354683;0.494573;
0.033180;-0.844033;0.981427;-0.352787;0.494573;
0.033190;-0.840567;0.981427;-0.350888;0.494573;
0.033200;-0.837093;0.981427;-0.348985;0.494573;
0.033210;-0.833611;0.981427;-0.347079;0.494573;
0.033220;-0.830121;0.981427;-0.345170;0.494573;
0.033230;-0.826622;0.981427;-0.343257;0.494573;
0.033240;-0.823115;0.981427;-0.341341;0.494573;
0.033250;-0.819600;0.981427;-0.339421;0.494573;
0.033260;-0.816077;0.981427;-0.337498;0.494573;
0.033270;-0.812546;0.981427;-0.335572;0.494573;
0.033280;-0.809007;0.981427;-0.333643;0.494573;
0.033290;-0.805460;0.981427;-0.331710;0.494573;
0.033300;-0.801905;0.981427;-0.329774;0.494573;
0.033310;-0.798342;0.981427;-0.327834;0.494573;
0.033320;-0.794772;0.981427;-0.325892;0.494573;
0.033330;-0.791193;0.981427;-0.323946;0.494573;
0.033340;-0.787607;0.981427;-0.321997;0.494573;
0.033350;-0.784012;0.981427;-0.320045;0.494573;
0.033360;-0.780410;0.981427;-0.318089;0.494573;
0.033370;-0.776801;0.981427;-0.316131;0.494573;
0.033380;-0.773183;0.981427;-0.314169;0.494573;
0.033390;-0.769558;0.981427;-0.312204;0.494573;
0.033400;-0.765926;0.981427;-0.310236;0.494573;
0.033410;-0.762286;0.981427;-0.308266;0.494573;
0.033420;-0.758638;0.981427;-0.306292;0.494573;
0.033430;-0.754983;0.981427;-0.304315;0.494573;
0.033440;-0.751321;0.981427;-0.302335;0.494573;
0.033450;-0.747651;0.981427;-0.300352;0.494573;
0.033460;-0.743973;0.981427;-0.298366;0.494573;
0.033470;-0.740289;0.981427;-0.296377;0.494573;
0.033480;-0.736597;0.981427;-0.294385;0.494573;
0.033490;-0.732897;0.981427;-0.292391;0.494573;
0.033500;-0.729191;0.981427;-0.290393;0.494573;
0.033510;-0.725477;0.981427;-0.288393;0.494573;
0.033520;-0.721756;0.981427;-0.286389;0.494573;
0.033530;-0.718028;0.981427;-0.284383;0.494573;
0.033540;-0.714293;0.981427;-0.282374;0.494573;
0.033550;-0.710551;0.981427;-0.280363;0.494573;
0.033560;-0.706802;0.981427;-0.278348;0.494573;
0.033570;-0.703046;0.981427;-0.276331;0.494573;
0.033580;-0.699283;0.981427;-0.274311;0.494573;
0.033590;-0.695513;0.981427;-0.272289;0.494573;
0.033600;-0.691736;0.981427;-0.270263;0.494573;
0.033610;-0.687952;0.981427;-0.268235;0.494573;
0.033620;-0.684162;0.981427;-0.266205;0.494573;
0.033630;-0.680365;0.981427;-0.264171;0.494573;
0.033640;-0.676561;0.981427;-0.262135;0.494573;
0.033650;-0.672750;0.981427;-0.260097;0.494573;
0.033660;-0.668933;0.981427;-0.258056;0.494573;
0.033670;-0.665109;0.981427;-0.256012;0.494573;
0.033680;-0.661279;0.981427;-0.253966;0.494573;
0.033690;-0.657442;0.981427;-0.251918;0.494573;
0.033700;-0.653598;0.981427;-0.249867;0.494573;
0.033710;-0.649749;0.981427;-0.247813;0.494573;
0.033720;-0.645892;0.981427;-0.245757;0.494573;
0.033730;-0.642030;0.981427;-0.243699;0.494573;
0.033740;-0.638161;0.981427;-0.241638;0.494573;
0.033750;-0.634285;0.981427;-0.239575;0.494573;
0.033760;-0.630404;0.981427;-0.237509;0.494573;
0.033770;-0.626516;0.981427;-0.235441;0.494573;
0.033780;-0.622622;0.981427;-0.233371;0.494573;
0.033790;-0.618722;0.981427;-0.231298;0.494573;
0.033800;-0.614816;0.981427;-0.229223;0.494573;
0.033810;-0.610904;0.981427;-0.227146;0.494573;
0.033820;-0.606985;0.981427;-0.225067;0.494573;
0.033830;-0.603061;0.981427;-0.222985;0.494573;
0.033840;-0.599131;0.981427;-0.220902;0.494573;
0.033850;-0.595195;0.981427;-0.218816;0.494573;
0.033860;-0.591253;0.981427;-0.216728;0.494573;
0.033870;-0.587305;0.981427;-0.214637;0.494573;
0.033880;-0.583351;0.981427;-0.212545;0.494573;
0.033890;-0.579392;0.981427;-0.210450;0.494573;
0.033900;-0.575427;0.981427;-0.208354;0.494573;
0.033910;-0.571456;0.981427;-0.206255;0.494573;
0.033920;-0.567480;0.981427;-0.204155;0.494573;
0.033930;-0.563497;0.981427;-0.202052;0.494573;
0.033940;-0.559510;0.981427;-0.199947;0.494573;
0.033950;-0.555517;0.981427;-0.197841;0.494573;
0.033960;-0.551518;0.981427;-0.195732;0.494573;
0.033970;-0.547514;0.981427;-0.193622;0.494573;
0.033980;-0.543505;0.981427;-0.191509;0.494573;
0.033990;-0.539490;0.981427;-0.189395;0.494573;
0.034000;-0.535470;0.981427;-0.187279;0.494573;
0.034010;-0.531444;0.981427;-0.185161;0.494573;
0.034020;-0.527414;0.981427;-0.183041;0.494573;
0.034030;-0.523378;0.981427;-0.180919;0.494573;
0.034040;-0.519337;0.981427;-0.178796;0.494573;
0.034050;-0.515290;0.981427;-0.176671;0.494573;
0.034060;-0.511239;0.981427;-0.174544;0.494573;
0.034070;-0.507183;0.981427;-0.172415;0.494573;
0.034080;-0.503122;0.981427;-0.170285;0.494573;
0.034090;-0.499055;0.981427;-0.168153;0.494573;
0.034100;-0.494984;0.981427;-0.166019;0.494573;
0.034110;-0.490908;0.981427;-0.163884;0.494573;
0.034120;-0.486827;0.981427;-0.161747;0.494573;
0.034130;-0.482741;0.981427;-0.159608;0.494573;
0.034140;-0.478651;0.981427;-0.157468;0.494573;
0.034150;-0.474556;0.981427;-0.155326;0.494573;
0.034160;-0.470456;0.981427;-0.153183;0.494573;
0.034170;-0.466351;0.981427;-0.151038;0.494573;
0.034180;-0.462242;0.981427;-0.148892;0.494573;
0.034190;-0.458128;0.981427;-0.146744;0.494573;
0.034200;-0.454010;0.981427;-0.144595;0.494573;
0.034210;-0.449887;0.981427;-0.142445;0.494573;
0.034220;-0.445760;0.981427;-0.140293;0.494573;
0.034230;-0.441629;0.981427;-0.138139;0.494573;
0.034240;-0.437493;0.981427;-0.135985;0.494573;
0.034250;-0.433352;0.981427;-0.133829;0.494573;
0.034260;-0.429208;0.981427;-0.131671;0.494573;
0.034270;-0.425059;0.981427;-0.129512;0.494573;
0.034280;-0.420906;0.981427;-0.127353;0.494573;
0.034290;-0.416749;0.981427;-0.125191;0.494573;
0.034300;-0.412588;0.981427;-0.123029;0.494573;
0.034310;-0.408423;0.981427;-0.120865;0.494573;
0.034320;-0.404253;0.981427;-0.118700;0.494573;
0.034330;-0.400080;0.981427;-0.116534;0.494573;
0.034340;-0.395903;0.981427;-0.114367;0.494573;
0.034350;-0.391722;0.981427;-0.112199;0.494573;
0.034360;-0.387537;0.981427;-0.110029;0.494573;
0.034370;-0.383348;0.981427;-0.107859;0.494573;
0.034380;-0.379155;0.981427;-0.105687;0.494573;
0.034390;-0.374959;0.981427;-0.103515;0.494573;
0.034400;-0.370759;0.981427;-0.101341;0.494573;
0.034410;-0.366555;0.981427;-0.099166;0.494573;
0.034420;-0.362348;0.981427;-0.096991;0.494573;
0.034430;-0.358137;0.981427;-0.094814;0.494573;
0.034440;-0.353922;0.981427;-0.092637;0.494573;
0.034450;-0.349704;0.981427;-0.090458;0.494573;
0.034460;-0.345483;0.981427;-0.088279;0.494573;
0.034470;-0.341258;0.981427;-0.086099;0.494573;
0.034480;-0.337030;0.981427;-0.083918;0.494573;
0.034490;-0.332798;0.981427;-0.081736;0.494573;
0.034500;-0.328564;0.981427;-0.079553;0.494573;
0.034510;-0.324325;0.981427;-0.077370;0.494573;
0.034520;-0.320084;0.981427;-0.075185;0.494573;
0.034530;-0.315840;0.981427;-0.073001;0.494573;
0.034540;-0.311592;0.981427;-0.070815;0.494573;
0.034550;-0.307342;0.981427;-0.068628;0.494573;
0.034560;-0.303088;0.981427;-0.066441;0.494573;
0.034570;-0.298831;0.981427;-0.064254;0.494573;
0.034580;-0.294572;0.981427;-0.062065;0.494573;
0.034590;-0.290309;0.981427;-0.059876;0.494573;
0.034600;-0.286044;0.981427;-0.057687;0.494573;
0.034610;-0.281776;0.981427;-0.055497;0.494573;
0.034620;-0.277505;0.981427;-0.053306;0.494573;
0.034630;-0.273231;0.981427;-0.051115;0.494573;
0.034640;-0.268955;0.981427;-0.048923;0.494573;
0.034650;-0.264676;0.981427;-0.046731;0.494573;
0.034660;-0.260394;0.981427;-0.044538;0.494573;
0.034670;-0.256110;0.981427;-0.042345;0.494573;
0.034680;-0.251823;0.981427;-0.040152;0.494573;
0.034690;-0.247534;0.981427;-0.037958;0.494573;
0.034700;-0.243242;0.981427;-0.035764;0.494573;
0.034710;-0.238948;0.981427;-0.033569;0.494573;
0.034720;-0.234652;0.981427;-0.031374;0.494573;
0.034730;-0.230353;0.981427;-0.029179;0.494573;
0.034740;-0.226052;0.981427;-0.026983;0.494573;
0.034750;-0.221749;0.981427;-0.024787;0.494573;
0.034760;-0.217443;0.981427;-0.022591;0.494573;
0.034770;-0.213136;0.981427;-0.020395;0.494573;
0.034780;-0.208826;0.981427;-0.018198;0.494573;
0.034790;-0.204514;0.981427;-0.016002;0.494573;
0.034800;-0.200201;0.981427;-0.013805;0.494573;
0.034810;-0.195885;0.981427;-0.011608;0.494573;
0.034820;-0.191567;0.981427;-0.009411;0.494573;
0.034830;-0.187248;0.981427;-0.007214;0.494573;
0.034840;-0.182926;0.981427;-0.005016;0.494573;
0.034850;-0.178603;0.981427;-0.002819;0.494573;
0.034860;-0.174278;0.981427;-0.000622;0.494573;
0.034870;-0.169951;0.981427;0.001575;0.494573;
0.034880;-0.165623;0.981427;0.003773;0.494573;
0.034890;-0.161293;0.981427;0.005970;0.494573;
0.034900;-0.156961;0.981427;0.008167;0.494573;
0.034910;-0.152628;0.981427;0.010364;0.494573;
0.034920;-0.148293;0.981427;0.012561;0.494573;
0.034930;-0.143957;0.981427;0.014758;0.494573;
0.034940;-0.139620;0.981427;0.016955;0.494573;
0.034950;-0.135281;0.981427;0.019152;0.494573;
0.034960;-0.130941;0.981427;0.021348;0.494573;
0.034970;-0.126599;0.981427;0.023544;0.494573;
0.034980;-0.122256;0.981427;0.025740;0.494573;
0.034990;-0.117912;0.981427;0.027936;0.494573;
0.035000;-0.113567;0.981427;0.030131;0.494573;
0.035010;-0.109221;0.981427;0.032327;0.494573;
0.035020;-0.104873;0.981427;0.034521;0.494573;
0.035030;-0.100525;0.981427;0.036716;0.494573;
0.035040;-0.096176;0.981427;0.038910;0.494573;
0.035050;-0.091825;0.981427;0.041104;0.494573;
0.035060;-0.087474;0.981427;0.043297;0.494573;
0.035070;-0.083122;0.981427;0.045490;0.494573;
0.035080;-0.078769;0.981427;0.047682;0.494573;
0.035090;-0.074415;0.981427;0.049874;0.494573;
0.035100;-0.070061;0.981427;0.052066;0.494573;
0.035110;-0.065706;0.981427;0.054257;0.494573;
0.035120;-0.061350;0.981427;0.056447;0.494573;
0.035130;-0.056993;0.981427;0.058637;0.494573;
0.035140;-0.052636;0.981427;0.060826;0.494573;
0.035150;-0.048279;0.981427;0.063015;0.494573;
0.035160;-0.043921;0.981427;0.065203;0.494573;
0.035170;-0.039563;0.981427;0.067391;0.494573;
0.035180;-0.035204;0.981427;0.069577;0.494573;
0.035190;-0.030845;0.981427;0.071763;0.494573;
0.035200;-0.026485;0.981427;0.073949;0.494573;
0.035210;-0.022126;0.981427;0.076133;0.494573;
0.035220;-0.017766;0.981427;0.078317;0.494573;
0.035230;-0.013406;0.981427;0.080500;0.494573;
0.035240;-0.009045;0.981427;0.082683;0.494573;
0.035250;-0.004685;0.981427;0.084864;0.494573;
0.035260;-0.000325;0.981427;0.087045;0.494573;
0.035270;0.004036;0.981427;0.089225;0.494573;
0.035280;0.008396;0.981427;0.091404;0.494573;
0.035290;0.012756;0.981427;0.093582;0.494573;
0.035300;0.017116;0.981427;0.095759;0.494573;
0.035310;0.021476;0.981427;0.097935;0.494573;
0.035320;0.025836;0.981427;0.100110;0.494573;
0.035330;0.030195;0.981427;0.102284;0.494573;
0.035340;0.034555;0.981427;0.104458;0.494573;
0.035350;0.038913;0.981427;0.106630;0.494573;
0.035360;0.043272;0.981427;0.108801;0.494573;
0.035370;0.047630;0.981427;0.110971;0.494573;
0.035380;0.051988;0.981427;0.113140;0.494573;
0.035390;0.056345;0.981427;0.115308;0.494573;
0.035400;0.060701;0.981427;0.117474;0.494573;
0.035410;0.065057;0.981427;0.119640;0.494573;
0.035420;0.069412;0.981427;0.121804;0.494573;
0.035430;0.073767;0.981427;0.123967;0.494573;
0.035440;0.078121;0.981427;0.126129;0.494573;
0.035450;0.082474;0.981427;0.128290;0.494573;
0.035460;0.086826;0.981427;0.130449;0.494573;
0.035470;0.091177;0.981427;0.132608;0.494573;
0.035480;0.095528;0.981427;0.134764;0.494573;
0.035490;0.099877;0.981427;0.136920;0.494573;
0.035500;0.104226;0.981427;0.139074;0.494573;
0.035510;0.108573;0.981427;0.141227;0.494573;
0.035520;0.112920;0.981427;0.143378;0.494573;
0.035530;0.117265;0.981427;0.145528;0.494573;
0.035540;0.121609;0.981427;0.147677;0.494573;
0.035550;0.125952;0.981427;0.149824;0.494573;
0.035560;0.130294;0.981427;0.151969;0.494573;
0.035570;0.134635;0.981427;0.154113;0.494573;
0.035580;0.138974;0.981427;0.156256;0.494573;
0.035590;0.143311;0.981427;0.158397;0.494573;
0.035600;0.147648;0.981427;0.160536;0.494573;
0.035610;0.151983;0.981427;0.162674;0.494573;
0.035620;0.156316;0.981427;0.164811;0.494573;
0.035630;0.160648;0.981427;0.166945;0.494573;
0.035640;0.164978;0.981427;0.169078;0.494573;
0.035650;0.169307;0.981427;0.171209;0.494573;
0.035660;0.173634;0.981427;0.173339;0.494573;
0.035670;0.177959;0.981427;0.175467;0.494573;
0.035680;0.182282;0.981427;0.177593;0.494573;
0.035690;0.186604;0.981427;0.179718;0.494573;
0.035700;0.190924;0.981427;0.181840;0.494573;
0.035710;0.195242;0.981427;0.183961;0.494573;
0.035720;0.199558;0.981427;0.186080;0.494573;
0.035730;0.203872;0.981427;0.188197;0.494573;
0.035740;0.208184;0.981427;0.190313;0.494573;
0.035750;0.212494;0.981427;0.192426;0.494573;
0.035760;0.216802;0.981427;0.194538;0.494573;
0.035770;0.221108;0.981427;0.196648;0.494573;
0.035780;0.225411;0.981427;0.198755;0.494573;
0.035790;0.229713;0.981427;0.200861;0.494573;
0.035800;0.234012;0.981427;0.202965;0.494573;
0.035810;0.238309;0.981427;0.205067;0.494573;
0.035820;0.242603;0.981427;0.207166;0.494573;
0.035830;0.246895;0.981427;0.209264;0.494573;
0.035840;0.251185;0.981427;0.211360;0.494573;
0.035850;0.255472;0.981427;0.213453;0.494573;
0.035860;0.259756;0.981427;0.215545;0.494573;
0.035870;0.264038;0.981427;0.217634;0.494573;
0.035880;0.268318;0.981427;0.219721;0.494573;
0.035890;0.272595;0.981427;0.221806;0.494573;
0.035900;0.276869;0.981427;0.223889;0.494573;
0.035910;0.281140;0.981427;0.225970;0.494573;
0.035920;0.285409;0.981427;0.228048;0.494573;
0.035930;0.289674;0.981427;0.230124;0.494573;
0.035940;0.293937;0.981427;0.232198;0.494573;
0.035950;0.298197;0.981427;0.234269;0.494573;
0.035960;0.302454;0.981427;0.236339;0.494573;
0.035970;0.306708;0.981427;0.238406;0.494573;
0.035980;0.310959;0.981427;0.240470;0.494573;
0.035990;0.315207;0.981427;0.242532;0.494573;
0.036000;0.319452;0.981427;0.244592;0.494573;
0.036010;0.323694;0.981427;0.246650;0.494573;
0.036020;0.327933;0.981427;0.248705;0.494573;
0.036030;0.332168;0.981427;0.250757;0.494573;
0.036040;0.336400;0.981427;0.252807;0.494573;
0.036050;0.340629;0.981427;0.254855;0.494573;
0.036060;0.344854;0.981427;0.256900;0.494573;
0.036070;0.349076;0.981427;0.258942;0.494573;
0.036080;0.353294;0.981427;0.260982;0.494573;
0.036090;0.357509;0.981427;0.263019;0.494573;
0.036100;0.361721;0.981427;0.265054;0.494573;
0.036110;0.365929;0.981427;0.267086;0.494573;
0.036120;0.370133;0.981427;0.269116;0.494573;
0.036130;0.374333;0.981427;0.271142;0.494573;
0.036140;0.378530;0.981427;0.273167;0.494573;
0.036150;0.382724;0.981427;0.275188;0.494573;
0.036160;0.386913;0.981427;0.277207;0.494573;
0.036170;0.391099;0.981427;0.279223;0.494573;
0.036180;0.395280;0.981427;0.281236;0.494573;
0.036190;0.399458;0.981427;0.283247;0.494573;
0.036200;0.403632;0.981427;0.285254;0.494573;
0.036210;0.407802;0.981427;0.287259;0.494573;
0.036220;0.411968;0.981427;0.289261;0.494573;
0.036230;0.416130;0.981427;0.291260;0.494573;
0.036240;0.420287;0.981427;0.293257;0.494573;
0.036250;0.424441;0.981427;0.295250;0.494573;
0.036260;0.428590;0.981427;0.297241;0.494573;
0.036270;0.432735;0.981427;0.299228;0.494573;
0.036280;0.436876;0.981427;0.301213;0.494573;
0.036290;0.441013;0.981427;0.303194;0.494573;
0.036300;0.445145;0.981427;0.305173;0.494573;
0.036310;0.449273;0.981427;0.307149;0.494573;
0.036320;0.453396;0.981427;0.309121;0.494573;
0.036330;0.457515;0.981427;0.311091;0.494573;
0.036340;0.461630;0.981427;0.313057;0.494573;
0.036350;0.465739;0.981427;0.315021;0.494573;
0.036360;0.469845;0.981427;0.316981;0.494573;
0.036370;0.473945;0.981427;0.318938;0.494573;
0.036380;0.478041;0.981427;0.320892;0.494573;
0.036390;0.482132;0.981427;0.322843;0.494573;
0.036400;0.486219;0.981427;0.324791;0.494573;
0.036410;0.490301;0.981427;0.326735;0.494573;
0.036420;0.494377;0.981427;0.328676;0.494573;
0.036430;0.498449;0.981427;0.330614;0.494573;
0.036440;0.502516;0.981427;0.332549;0.494573;
0.036450;0.506578;0.981427;0.334480;0.494573;
0.036460;0.510635;0.981427;0.336409;0.494573;
0.036470;0.514687;0.981427;0.338333;0.494573;
0.036480;0.518734;0.981427;0.340255;0.494573;
0.036490;0.522776;0.981427;0.342173;0.494573;
0.036500;0.526813;0.981427;0.344088;0.494573;
0.036510;0.530844;0.981427;0.345999;0.494573;
0.036520;0.534870;0.981427;0.347907;0.494573;
0.036530;0.538891;0.981427;0.349811;0.494573;
0.036540;0.542907;0.981427;0.351712;0.494573;
0.036550;0.546917;0.981427;0.353610;0.494573;
0.036560;0.550922;0.981427;0.355504;0.494573;
0.036570;0.554922;0.981427;0.357395;0.494573;
0.036580;0.558916;0.981427;0.359282;0.494573;
0.036590;0.562904;0.981427;0.361165;0.494573;
0.036600;0.566887;0.981427;0.363045;0.494573;
0.036610;0.570864;0.981427;0.364921;0.494573;
0.036620;0.574836;0.981427;0.366794;0.494573;
0.036630;0.578802;0.981427;0.368663;0.494573;
0.036640;0.582762;0.981427;0.370529;0.494573;
0.036650;0.586716;0.981427;0.372391;0.494573;
0.036660;0.590665;0.981427;0.374249;0.494573;
0.036670;0.594608;0.981427;0.376103;0.494573;
0.036680;0.598545;0.981427;0.377954;0.494573;
0.036690;0.602476;0.981427;0.379801;0.494573;
0.036700;0.606401;0.981427;0.381644;0.494573;
0.036710;0.610321;0.981427;0.383484;0.494573;
0.036720;0.614234;0.981427;0.385320;0.494573;
0.036730;0.618141;0.981427;0.387151;0.494573;
0.036740;0.622042;0.981427;0.388980;0.494573;
0.036750;0.625937;0.981427;0.390804;0.494573;
0.036760;0.629825;0.981427;0.392624;0.494573;
0.036770;0.633708;0.981427;0.394441;0.494573;
0.036780;0.637584;0.981427;0.396253;0.494573;
0.036790;0.641454;0.981427;0.398062;0.494573;
0.036800;0.645318;0.981427;0.399867;0.494573;
0.036810;0.649175;0.981427;0.401668;0.494573;
0.036820;0.653026;0.981427;0.403465;0.494573;
0.036830;0.656870;0.981427;0.405258;0.494573;
0.036840;0.660708;0.981427;0.407046;0.494573;
0.036850;0.664539;0.981427;0.408831;0.494573;
0.036860;0.668364;0.981427;0.410612;0.494573;
0.036870;0.672182;0.981427;0.412389;0.494573;
0.036880;0.675994;0.981427;0.414162;0.494573;
0.036890;0.679799;0.981427;0.415930;0.494573;
0.036900;0.683597;0.981427;0.417695;0.494573;
0.036910;0.687388;0.981427;0.419455;0.494573;
0.036920;0.691173;0.981427;0.421212;0.494573;
0.036930;0.694951;0.981427;0.422964;0.494573;
0.036940;0.698722;0.981427;0.424712;0.494573;
0.036950;0.702486;0.981427;0.426455;0.494573;
0.036960;0.706243;0.981427;0.428195;0.494573;
0.036970;0.709993;0.981427;0.429930;0.494573;
0.036980;0.713736;0.981427;0.431661;0.494573;
0.036990;0.717472;0.981427;0.433388;0.494573;
0.037000;0.721201;0.981427;0.435111;0.494573;
0.037010;0.724923;0.981427;0.436829;0.494573;
0.037020;0.728638;0.981427;0.438543;0.494573;
0.037030;0.732346;0.981427;0.440252;0.494573;
0.037040;0.736046;0.981427;0.441958;0.494573;
0.037050;0.739739;0.981427;0.443658;0.494573;
0.037060;0.743425;0.981427;0.445355;0.494573;
0.037070;0.747103;0.981427;0.447047;0.494573;
0.037080;0.750774;0.981427;0.448735;0.494573;
0.037090;0.754438;0.981427;0.450418;0.494573;
0.037100;0.758094;0.981427;0.452097;0.494573;
0.037110;0.761743;0.981427;0.453771;0.494573;
0.037120;0.765384;0.981427;0.455441;0.494573;
0.037130;0.769018;0.981427;0.457107;0.494573;
0.037140;0.772644;0.981427;0.458767;0.494573;
0.037150;0.776262;0.981427;0.460424;0.494573;
0.037160;0.779873;0.981427;0.462076;0.494573;
0.037170;0.783476;0.981427;0.463723;0.494573;
0.037180;0.787072;0.981427;0.465366;0.494573;
0.037190;0.790659;0.981427;0.467004;0.494573;
0.037200;0.794239;0.981427;0.468637;0.494573;
0.037210;0.797811;0.981427;0.470266;0.494573;
0.037220;0.801375;0.981427;0.471890;0.494573;
0.037230;0.804931;0.981427;0.473510;0.494573;
0.037240;0.808479;0.981427;0.475125;0.494573;
0.037250;0.812020;0.981427;0.476735;0.494573;
0.037260;0.815552;0.981427;0.478340;0.494573;
0.037270;0.819076;0.981427;0.479941;0.494573;
0.037280;0.822592;0.981427;0.481537;0.494573;
0.037290;0.826100;0.981427;0.483128;0.494573;
0.037300;0.829600;0.981427;0.484715;0.494573;
0.037310;0.833092;0.981427;0.486296;0.494573;
0.037320;0.836575;0.981427;0.487873;0.494573;
0.037330;0.840050;0.981427;0.489445;0.494573;
0.037340;0.843517;0.981427;0.491013;0.494573;
0.037350;0.846976;0.981427;0.492575;0.494573;
0.037360;0.850426;0.981427;0.494133;0.494573;
0.037370;0.853868;0.981427;0.495685;0.494573;
0.037380;0.857301;0.981427;0.497233;0.494573;
0.037390;0.860726;0.981427;0.498776;0.494573;
0.037400;0.864142;0.981427;0.500314;0.494573;
0.037410;0.867550;0.981427;0.501847;0.494573;
0.037420;0.870949;0.981427;0.503375;0.494573;
0.037430;0.874340;0.981427;0.504898;0.494573;
0.037440;0.877722;0.981427;0.506416;0.494573;
0.037450;0.881096;0.981427;0.507929;0.494573;
0.037460;0.884460;0.981427;0.509438;0.494573;
0.037470;0.887816;0.981427;0.510941;0.494573;
0.037480;0.891164;0.981427;0.512439;0.494573;
0.037490;0.894502;0.981427;0.513932;0.494573;
0.037500;0.897832;0.981427;0.515420;0.494573;
0.037510;0.901152;0.981427;0.516902;0.494573;
0.037520;0.904464;0.981427;0.518380;0.494573;
0.037530;0.907767;0.981427;0.519853;0.494573;
0.037540;0.911061;0.981427;0.521320;0.494573;
0.037550;0.914346;0.981427;0.522783;0.494573;
0.037560;0.917622;0.981427;0.524240;0.494573;
0.037570;0.920889;0.981427;0.525692;0.494573;
0.037580;0.924147;0.981427;0.527139;0.494573;
0.037590;0.927396;0.981427;0.528580;0.494573;
0.037600;0.930635;0.981427;0.530017;0.494573;
0.037610;0.933865;0.981427;0.531448;0.494573;
0.037620;0.937087;0.981427;0.532874;0.494573;
0.037630;0.940298;0.981427;0.534294;0.494573;
0.037640;0.943501;0.981427;0.535710;0.494573;
0.037650;0.946694;0.981427;0.537120;0.494573;
0.037660;0.949878;0.981427;0.538525;0.494573;
0.037670;0.953053;0.981427;0.539924;0.494573;
0.037680;0.956218;0.981427;0.541318;0.494573;
0.037690;0.959374;0.981427;0.542707;0.494573;
0.037700;0.962520;0.981427;0.544090;0.494573;
0.037710;0.965657;0.981427;0.545468;0.494573;
0.037720;0.968784;0.981427;0.546841;0.494573;
0.037730;0.971902;0.981427;0.548208;0.494573;
0.037740;0.975010;0.981427;0.549570;0.494573;
0.037750;0.978108;0.981427;0.550927;0.494573;
0.037760;0.981197;0.981427;0.552278;0.494573;
0.037770;0.984276;0.981427;0.553623;0.494573;
0.037780;0.987345;0.981427;0.554963;0.494573;
0.037790;0.990405;0.981427;0.556298;0.494573;
0.037800;0.993455;0.981427;0.557627;0.494573;
0.037810;0.996495;0.981427;0.558951;0.494573;
0.037820;0.999525;0.981427;0.560269;0.494573;
0.037830;1.002546;0.981427;0.561582;0.494573;
0.037840;1.005556;0.981427;0.562889;0.494573;
0.037850;1.008557;0.981427;0.564190;0.494573;
0.037860;1.011547;0.981427;0.565486;0.494573;
0.037870;1.014528;0.981427;0.566776;0.494573;
0.037880;1.017499;0.981427;0.568061;0.494573;
0.037890;1.020459;0.981427;0.569340;0.494573;
0.037900;1.023410;0.981427;0.570614;0.494573;
0.037910;1.026350;0.981427;0.571882;0.494573;
0.037920;1.029280;0.981427;0.573144;0.494573;
0.037930;1.032200;0.981427;0.574401;0.494573;
0.037940;1.035110;0.981427;0.575652;0.494573;
0.037950;1.038010;0.981427;0.576897;0.494573;
0.037960;1.040900;0.981427;0.578136;0.494573;
0.037970;1.043779;0.981427;0.579370;0.494573;
0.037980;1.046648;0.981427;0.580598;0.494573;
0.037990;1.049506;0.981427;0.581821;0.494573;
0.038000;1.052354;0.981427;0.583037;0.494573;
0.038010;1.055192;0.981427;0.584248;0.494573;
0.038020;1.058020;0.981427;0.585453;0.494573;
0.038030;1.060836;0.981427;0.586653;0.494573;
0.038040;1.063643;0.981427;0.587846;0.494573;
0.038050;1.066439;0.981427;0.589034;0.494573;
0.038060;1.069224;0.981427;0.590216;0.494573;
0.038070;1.071999;0.981427;0.591392;0.494573;
0.038080;1.074764;0.981427;0.592562;0.494573;
0.038090;1.077517;0.981427;0.593727;0.494573;
0.038100;1.080260;0.981427;0.594885;0.494573;
0.038110;1.082993;0.981427;0.596038;0.494573;
0.038120;1.085715;0.981427;0.597185;0.494573;
0.038130;1.088426;0.981427;0.598326;0.494573;
0.038140;1.091126;0.981427;0.599461;0.494573;
0.038150;1.093815;0.981427;0.600590;0.494573;
0.038160;1.096494;0.981427;0.601713;0.494573;
0.038170;1.099162;0.981427;0.602830;0.494573;
0.038180;1.101819;0.981427;0.603942;0.494573;
0.038190;1.104465;0.981427;0.605047;0.494573;
0.038200;1.107100;0.981427;0.606146;0.494573;
0.038210;1.109725;0.981427;0.607240;0.494573;
0.038220;1.112338;0.981427;0.608327;0.494573;
0.038230;1.114941;0.981427;0.609409;0.494573;
0.038240;1.117532;0.981427;0.610484;0.494573;
0.038250;1.120112;0.981427;0.611553;0.494573;
0.038260;1.122682;0.981427;0.612617;0.494573;
0.038270;1.125240;0.981427;0.613674;0.494573;
0.038280;1.127787;0.981427;0.614725;0.494573;
0.038290;1.130323;0.981427;0.615770;0.494573;
0.038300;1.132848;0.981427;0.616809;0.494573;
0.038310;1.135362;0.981427;0.617842;0.494573;
0.038320;1.137864;0.981427;0.618869;0.494573;
0.038330;1.140355;0.981427;0.619890;0.494573;
0.038340;1.142835;0.981427;0.620904;0.494573;
0.038350;1.145304;0.981427;0.621913;0.494573;
0.038360;1.147761;0.981427;0.622915;0.494573;
0.038370;1.150207;0.981427;0.623912;0.494573;
0.038380;1.152642;0.981427;0.624902;0.494573;
0.038390;1.155065;0.981427;0.625886;0.494573;
0.038400;1.157477;0.981427;0.626863;0.494573;
0.038410;1.159878;0.981427;0.627835;0.494573;
0.038420;1.162267;0.981427;0.628800;0.494573;
0.038430;1.164645;0.981427;0.629759;0.494573;
0.038440;1.167011;0.981427;0.630712;0.494573;
0.038450;1.169365;0.981427;0.631659;0.494573;
0.038460;1.171708;0.981427;0.632599;0.494573;
0.038470;1.174040;0.981427;0.633534;0.494573;
0.038480;1.176360;0.981427;0.634462;0.494573;
0.038490;1.178668;0.981427;0.635383;0.494573;
0.038500;1.180965;0.981427;0.636299;0.494573;
0.038510;1.183250;0.981427;0.637208;0.494573;
0.038520;1.185523;0.981427;0.638111;0.494573;
0.038530;1.187784;0.981427;0.639007;0.494573;
0.038540;1.190034;0.981427;0.639898;0.494573;
0.038550;1.192272;0.981427;0.640782;0.494573;
0.038560;1.194499;0.981427;0.641659;0.494573;
0.038570;1.196713;0.981427;0.642530;0.494573;
0.038580;1.198916;0.981427;0.643395;0.494573;
0.038590;1.201107;0.981427;0.644254;0.494573;
0.038600;1.203286;0.981427;0.645106;0.494573;
0.038610;1.205453;0.981427;0.645952;0.494573;
0.038620;1.207609;0.981427;0.646792;0.494573;
0.038630;1.209752;0.981427;0.647625;0.494573;
0.038640;1.211884;0.981427;0.648451;0.494573;
0.038650;1.214003;0.981427;0.649272;0.494573;
0.038660;1.216111;0.981427;0.650086;0.494573;
0.038670;1.218206;0.981427;0.650893;0.494573;
0.038680;1.220290;0.981427;0.651694;0.494573;
0.038690;1.222361;0.981427;0.652489;0.494573;
0.038700;1.224420;0.981427;0.653277;0.494573;
0.038710;1.226468;0.981427;0.654059;0.494573;
0.038720;1.228503;0.981427;0.654834;0.494573;
0.038730;1.230526;0.981427;0.655603;0.494573;
0.038740;1.232537;0.981427;0.656365;0.494573;
0.038750;1.234536;0.981427;0.657121;0.494573;
0.038760;1.236522;0.981427;0.657871;0.494573;
0.038770;1.238497;0.981427;0.658613;0.494573;
0.038780;1.240459;0.981427;0.659350;0.494573;
0.038790;1.242409;0.981427;0.660080;0.494573;
0.038800;1.244346;0.981427;0.660803;0.494573;
0.038810;1.246272;0.981427;0.661520;0.494573;
0.038820;1.248185;0.981427;0.662230;0.494573;
0.038830;1.250085;0.981427;0.662934;0.494573;
0.038840;1.251974;0.981427;0.663631;0.494573;
0.038850;1.253850;0.981427;0.664322;0.494573;
0.038860;1.255714;0.981427;0.665006;0.494573;
0.038870;1.257565;0.981427;0.665684;0.494573;
0.038880;1.259404;0.981427;0.666355;0.494573;
0.038890;1.261230;0.981427;0.667019;0.494573;
0.038900;1.263044;0.981427;0.667677;0.494573;
0.038910;1.264846;0.981427;0.668328;0.494573;
0.038920;1.266635;0.981427;0.668973;0.494573;
0.038930;1.268411;0.981427;0.669611;0.494573;
0.038940;1.270175;0.981427;0.670243;0.494573;
0.038950;1.271927;0.981427;0.670868;0.494573;
0.038960;1.273666;0.981427;0.671486;0.494573;
0.038970;1.275392;0.981427;0.672097;0.494573;
0.038980;1.277106;0.981427;0.672702;0.494573;
0.038990;1.278807;0.981427;0.673301;0.494573;
0.039000;1.280495;0.981427;0.673892;0.494573;
0.039010;1.282171;0.981427;0.674477;0.494573;
0.039020;1.283835;0.981427;0.675056;0.494573;
0.039030;1.285485;0.981427;0.675627;0.494573;
0.039040;1.287123;0.981427;0.676192;0.494573;
0.039050;1.288748;0.981427;0.676751;0.494573;
0.039060;1.290361;0.981427;0.677303;0.494573;
0.039070;1.291960;0.981427;0.677848;0.494573;
0.039080;1.293547;0.981427;0.678386;0.494573;
0.039090;1.295122;0.981427;0.678917;0.494573;
0.039100;1.296683;0.981427;0.679442;0.494573;
0.039110;1.298232;0.981427;0.679961;0.494573;
0.039120;1.299768;0.981427;0.680472;0.494573;
0.039130;1.301291;0.981427;0.680977;0.494573;
0.039140;1.302801;0.981427;0.681475;0.494573;
0.039150;1.304298;0.981427;0.681966;0.494573;
0.039160;1.305782;0.981427;0.682451;0.494573;
0.039170;1.307254;0.981427;0.682929;0.494573;
0.039180;1.308713;0.981427;0.683400;0.494573;
0.039190;1.310158;0.981427;0.683864;0.494573;
0.039200;1.311591;0.981427;0.684322;0.494573;
0.039210;1.313011;0.981427;0.684773;0.494573;
0.039220;1.314418;0.981427;0.685217;0.494573;
0.039230;1.315812;0.981427;0.685654;0.494573;
0.039240;1.317193;0.981427;0.686085;0.494573;
0.039250;1.318561;0.981427;0.686509;0.494573;
0.039260;1.319915;0.981427;0.686926;0.494573;
0.039270;1.321257;0.981427;0.687336;0.494573;
0.039280;1.322586;0.981427;0.687739;0.494573;
0.039290;1.323902;0.981427;0.688136;0.494573;
0.039300;1.325205;0.981427;0.688526;0.494573;
0.039310;1.326494;0.981427;0.688909;0.494573;
0.039320;1.327771;0.981427;0.689285;0.494573;
0.039330;1.329034;0.981427;0.689655;0.494573;
0.039340;1.330285;0.981427;0.690018;0.494573;
0.039350;1.331522;0.981427;0.690374;0.494573;
0.039360;1.332746;0.981427;0.690723;0.494573;
0.039370;1.333957;0.981427;0.691065;0.494573;
0.039380;1.335155;0.981427;0.691400;0.494573;
0.039390;1.336339;0.981427;0.691729;0.494573;
0.039400;1.337511;0.981427;0.692051;0.494573;
0.039410;1.338669;0.981427;0.692366;0.494573;
0.039420;1.339814;0.981427;0.692674;0.494573;
0.039430;1.340945;0.981427;0.692975;0.494573;
0.039440;1.342064;0.981427;0.693270;0.494573;
0.039450;1.343169;0.981427;0.693557;0.494573;
0.039460;1.344261;0.981427;0.693838;0.494573;
0.039470;1.345340;0.981427;0.694112;0.494573;
0.039480;1.346405;0.981427;0.694379;0.494573;
0.039490;1.347457;0.981427;0.694639;0.494573;
0.039500;1.348496;0.981427;0.694892;0.494573;
0.039510;1.349522;0.981427;0.695139;0.494573;
0.039520;1.350534;0.981427;0.695379;0.494573;
0.039530;1.351533;0.981427;0.695611;0.494573;
0.039540;1.352519;0.981427;0.695837;0.494573;
0.039550;1.353491;0.981427;0.696056;0.494573;
0.039560;1.354450;0.981427;0.696268;0.494573;
0.039570;1.355395;0.981427;0.696474;0.494573;
0.039580;1.356327;0.981427;0.696672;0.494573;
0.039590;1.357246;0.981427;0.696864;0.494573;
0.039600;1.358151;0.981427;0.697048;0.494573;
0.039610;1.359043;0.981427;0.697226;0.494573;
0.039620;1.359922;0.981427;0.697397;0.494573;
0.039630;1.360787;0.981427;0.697561;0.494573;
0.039640;1.361639;0.981427;0.697718;0.494573;
0.039650;1.362477;0.981427;0.697868;0.494573;
0.039660;1.363302;0.981427;0.698012;0.494573;
0.039670;1.364113;0.981427;0.698148;0.494573;
0.039680;1.364911;0.981427;0.698278;0.494573;
0.039690;1.365695;0.981427;0.698401;0.494573;
0.039700;1.366466;0.981427;0.698516;0.494573;
0.039710;1.367223;0.981427;0.698625;0.494573;
0.039720;1.367967;0.981427;0.698727;0.494573;
0.039730;1.368698;0.981427;0.698822;0.494573;
0.039740;1.369415;0.981427;0.698911;0.494573;
0.039750;1.370118;0.981427;0.698992;0.494573;
0.039760;1.370808;0.981427;0.699066;0.494573;
0.039770;1.371484;0.981427;0.699134;0.494573;
0.039780;1.372147;0.981427;0.699195;0.494573;
0.039790;1.372796;0.981427;0.699248;0.494573;
0.039800;1.373432;0.981427;0.699295;0.494573;
0.039810;1.374054;0.981427;0.699335;0.494573;
0.039820;1.374663;0.981427;0.699368;0.494573;
0.039830;1.375258;0.981427;0.699394;0.494573;
0.039840;1.375840;0.981427;0.699413;0.494573;
0.039850;1.376407;0.981427;0.699426;0.494573;
0.039860;1.376962;0.981427;0.699431;0.494573;
0.039870;1.377502;0.981427;0.699430;0.494573;
0.039880;1.378030;0.981427;0.699421;0.494573;
0.039890;1.378543;0.981427;0.699406;0.494573;
0.039900;1.379043;0.981427;0.699384;0.494573;
0.039910;1.379529;0.981427;0.699355;0.494573;
0.039920;1.380002;0.981427;0.699319;0.494573;
0.039930;1.380461;0.981427;0.699276;0.494573;
0.039940;1.380906;0.981427;0.699226;0.494573;
0.039950;1.381338;0.981427;0.699169;0.494573;
0.039960;1.381756;0.981427;0.699105;0.494573;
0.039970;1.382161;0.981427;0.699035;0.494573;
0.039980;1.382552;0.981427;0.698958;0.494573;
0.039990;1.382929;0.981427;0.698873;0.494573;
0.040000;1.383293;0.981427;0.698782;0.494573;
0.040010;1.383643;0.981427;0.698684;0.494573;
0.040020;1.383979;0.981427;0.698579;0.494573;
0.040030;1.384302;0.981427;0.698467;0.494573;
0.040040;1.384611;0.981427;0.698348;0.494573;
0.040050;1.384906;0.981427;0.698223;0.494573;
0.040060;1.385188;0.981427;0.698090;0.494573;
0.040070;1.385456;0.981427;0.697950;0.494573;
0.040080;1.385710;0.981427;0.697804;0.494573;
0.040090;1.385950;0.981427;0.697651;0.494573;
0.040100;1.386177;0.981427;0.697491;0.494573;
0.040110;1.386391;0.981427;0.697324;0.494573;
0.040120;1.386590;0.981427;0.697150;0.494573;
0.040130;1.386776;0.981427;0.696969;0.494573;
0.040140;1.386948;0.981427;0.696781;0.494573;
0.040150;1.387107;0.981427;0.696587;0.494573;
0.040160;1.387252;0.981427;0.696385;0.494573;
0.040170;1.387383;0.981427;0.696177;0.494573;
0.040180;1.387500;0.981427;0.695962;0.494573;
0.040190;1.387604;0.981427;0.695740;0.494573;
0.040200;1.387694;0.981427;0.695511;0.494573;
0.040210;1.387770;0.981427;0.695275;0.494573;
0.040220;1.387833;0.981427;0.695033;0.494573;
0.040230;1.387882;0.981427;0.694783;0.494573;
0.040240;1.387917;0.981427;0.694527;0.494573;
0.040250;1.387939;0.981427;0.694264;0.494573;
0.040260;1.387947;0.981427;0.693994;0.494573;
0.040270;1.387941;0.981427;0.693717;0.494573;
0.040280;1.387921;0.981427;0.693433;0.494573;
0.040290;1.387888;0.981427;0.693143;0.494573;
0.040300;1.387841;0.981427;0.692845;0.494573;
0.040310;1.387781;0.981427;0.692541;0.494573;
0.040320;1.387706;0.981427;0.692230;0.494573;
0.040330;1.387618;0.981427;0.691912;0.494573;
0.040340;1.387517;0.981427;0.691587;0.494573;
0.040350;1.387401;0.981427;0.691256;0.494573;
0.040360;1.387272;0.981427;0.690917;0.494573;
0.040370;1.387129;0.981427;0.690572;0.494573;
0.040380;1.386973;0.981427;0.690220;0.494573;
0.040390;1.386803;0.981427;0.689861;0.494573;
0.040400;1.386619;0.981427;0.689495;0.494573;
0.040410;1.386421;0.981427;0.689123;0.494573;
0.040420;1.386210;0.981427;0.688744;0.494573;
0.040430;1.385985;0.981427;0.688358;0.494573;
0.040440;1.385747;0.981427;0.687965;0.494573;
0.040450;1.385494;0.981427;0.687565;0.494573;
0.040460;1.385228;0.981427;0.687159;0.494573;
0.040470;1.384949;0.981427;0.686746;0.494573;
0.040480;1.384655;0.981427;0.686326;0.494573;
0.040490;1.384349;0.981427;0.685899;0.494573;
0.040500;1.384028;0.981427;0.685465;0.494573;
0.040510;1.383694;0.981427;0.685025;0.494573;
0.040520;1.383346;0.981427;0.684578;0.494573;
0.040530;1.382984;0.981427;0.684124;0.494573;
0.040540;1.382609;0.981427;0.683664;0.494573;
0.040550;1.382220;0.981427;0.683196;0.494573;
0.040560;1.381818;0.981427;0.682722;0.494573;
0.040570;1.381401;0.981427;0.682241;0.494573;
0.040580;1.380972;0.981427;0.681754;0.494573;
0.040590;1.380528;0.981427;0.681260;0.494573;
0.040600;1.380071;0.981427;0.680759;0.494573;
0.040610;1.379601;0.981427;0.680251;0.494573;
0.040620;1.379116;0.981427;0.679736;0.494573;
0.040630;1.378618;0.981427;0.679215;0.494573;
0.040640;1.378107;0.981427;0.678688;0.494573;
0.040650;1.377582;0.981427;0.678153;0.494573;
0.040660;1.377043;0.981427;0.677612;0.494573;
0.040670;1.376491;0.981427;0.677064;0.494573;
0.040680;1.375925;0.981427;0.676509;0.494573;
0.040690;1.375345;0.981427;0.675948;0.494573;
0.040700;1.374752;0.981427;0.675380;0.494573;
0.040710;1.374146;0.981427;0.674806;0.494573;
0.040720;1.373526;0.981427;0.674224;0.494573;
0.040730;1.372892;0.981427;0.673636;0.494573;
0.040740;1.372245;0.981427;0.673042;0.494573;
0.040750;1.371584;0.981427;0.672441;0.494573;
0.040760;1.370910;0.981427;0.671833;0.494573;
0.040770;1.370222;0.981427;0.671218;0.494573;
0.040780;1.369520;0.981427;0.670597;0.494573;
0.040790;1.368805;0.981427;0.669969;0.494573;
0.040800;1.368077;0.981427;0.669335;0.494573;
0.040810;1.367335;0.981427;0.668694;0.494573;
0.040820;1.366580;0.981427;0.668047;0.494573;
0.040830;1.365811;0.981427;0.667393;0.494573;
0.040840;1.365028;0.981427;0.666732;0.494573;
0.040850;1.364233;0.981427;0.666065;0.494573;
0.040860;1.363423;0.981427;0.665391;0.494573;
0.040870;1.362600;0.981427;0.664710;0.494573;
0.040880;1.361764;0.981427;0.664023;0.494573;
0.040890;1.360915;0.981427;0.663330;0.494573;
0.040900;1.360051;0.981427;0.662630;0.494573;
0.040910;1.359175;0.981427;0.661923;0.494573;
0.040920;1.358285;0.981427;0.661210;0.494573;
0.040930;1.357382;0.981427;0.660490;0.494573;
0.040940;1.356465;0.981427;0.659764;0.494573;
0.040950;1.355535;0.981427;0.659031;0.494573;
0.040960;1.354591;0.981427;0.658292;0.494573;
0.040970;1.353634;0.981427;0.657546;0.494573;
0.040980;1.352664;0.981427;0.656794;0.494573;
0.040990;1.351681;0.981427;0.656035;0.494573;
0.041000;1.350684;0.981427;0.655270;0.494573;
0.041010;1.349673;0.981427;0.654498;0.494573;
0.041020;1.348650;0.981427;0.653720;0.494573;
0.041030;1.347613;0.981427;0.652936;0.494573;
0.041040;1.346563;0.981427;0.652145;0.494573;
0.041050;1.345499;0.981427;0.651347;0.494573;
0.041060;1.344423;0.981427;0.650543;0.494573;
0.041070;1.343333;0.981427;0.649733;0.494573;
0.041080;1.342229;0.981427;0.648917;0.494573;
0.041090;1.341113;0.981427;0.648093;0.494573;
0.041100;1.339983;0.981427;0.647264;0.494573;
0.041110;1.338840;0.981427;0.646428;0.494573;
0.041120;1.337684;0.981427;0.645586;0.494573;
0.041130;1.336514;0.981427;0.644737;0.494573;
0.041140;1.335332;0.981427;0.643882;0.494573;
0.041150;1.334136;0.981427;0.643021;0.494573;
0.041160;1.332927;0.981427;0.642153;0.494573;
0.041170;1.331705;0.981427;0.641279;0.494573;
0.041180;1.330470;0.981427;0.640399;0.494573;
0.041190;1.329221;0.981427;0.639512;0.494573;
0.041200;1.327960;0.981427;0.638619;0.494573;
0.041210;1.326685;0.981427;0.637720;0.494573;
0.041220;1.325398;0.981427;0.636814;0.494573;
0.041230;1.324097;0.981427;0.635902;0.494573;
0.041240;1.322783;0.981427;0.634984;0.494573;
0.041250;1.321456;0.981427;0.634060;0.494573;
0.041260;1.320116;0.981427;0.633129;0.494573;
0.041270;1.318763;0.981427;0.632192;0.494573;
0.041280;1.317397;0.981427;0.631249;0.494573;
0.041290;1.316018;0.981427;0.630299;0.494573;
0.041300;1.314626;0.981427;0.629344;0.494573;
0.041310;1.313221;0.981427;0.628382;0.494573;
0.041320;1.311803;0.981427;0.627414;0.494573;
0.041330;1.310373;0.981427;0.626440;0.494573;
0.041340;1.308929;0.981427;0.625459;0.494573;
0.041350;1.307472;0.981427;0.624473;0.494573;
0.041360;1.306002;0.981427;0.623480;0.494573;
0.041370;1.304520;0.981427;0.622481;0.494573;
0.041380;1.303025;0.981427;0.621476;0.494573;
0.041390;1.301516;0.981427;0.620465;0.494573;
0.041400;1.299995;0.981427;0.619448;0.494573;
0.041410;1.298461;0.981427;0.618424;0.494573;
0.041420;1.296915;0.981427;0.617395;0.494573;
0.041430;1.295355;0.981427;0.616359;0.494573;
0.041440;1.293783;0.981427;0.615317;0.494573;
0.041450;1.292198;0.981427;0.614270;0.494573;
0.041460;1.290600;0.981427;0.613216;0.494573;
0.041470;1.288989;0.981427;0.612156;0.494573;
0.041480;1.287366;0.981427;0.611090;0.494573;
0.041490;1.285730;0.981427;0.610018;0.494573;
0.041500;1.284081;0.981427;0.608940;0.494573;
0.041510;1.282420;0.981427;0.607856;0.494573;
0.041520;1.280746;0.981427;0.606766;0.494573;
0.041530;1.279059;0.981427;0.605670;0.494573;
0.041540;1.277360;0.981427;0.604568;0.494573;
0.041550;1.275648;0.981427;0.603460;0.494573;
0.041560;1.273924;0.981427;0.602346;0.494573;
0.041570;1.272186;0.981427;0.601226;0.494573;
0.041580;1.270437;0.981427;0.600101;0.494573;
0.041590;1.268675;0.981427;0.598969;0.494573;
0.041600;1.266900;0.981427;0.597831;0.494573;
0.041610;1.265113;0.981427;0.596688;0.494573;
0.041620;1.263313;0.981427;0.595539;0.494573;
0.041630;1.261501;0.981427;0.594383;0.494573;
0.041640;1.259676;0.981427;0.593222;0.494573;
0.041650;1.257839;0.981427;0.592055;0.494573;
0.041660;1.255990;0.981427;0.590882;0.494573;
0.041670;1.254128;0.981427;0.589704;0.494573;
0.041680;1.252254;0.981427;0.588519;0.494573;
0.041690;1.250367;0.981427;0.587329;0.494573;
0.041700;1.248469;0.981427;0.586133;0.494573;
0.041710;1.246557;0.981427;0.584931;0.494573;
0.041720;1.244634;0.981427;0.583723;0.494573;
0.041730;1.242698;0.981427;0.582510;0.494573;
0.041740;1.240750;0.981427;0.581291;0.494573;
0.041750;1.238790;0.981427;0.580066;0.494573;
0.041760;1.236817;0.981427;0.578835;0.494573;
0.041770;1.234832;0.981427;0.577599;0.494573;
0.041780;1.232835;0.981427;0.576357;0.494573;
0.041790;1.230826;0.981427;0.575109;0.494573;
0.041800;1.228805;0.981427;0.573856;0.494573;
0.041810;1.226772;0.981427;0.572597;0.494573;
0.041820;1.224726;0.981427;0.571332;0.494573;
0.041830;1.222669;0.981427;0.570062;0.494573;
0.041840;1.220599;0.981427;0.568786;0.494573;
0.041850;1.218517;0.981427;0.567504;0.494573;
0.041860;1.216423;0.981427;0.566217;0.494573;
0.041870;1.214318;0.981427;0.564924;0.494573;
0.041880;1.212200;0.981427;0.563626;0.494573;
0.041890;1.210070;0.981427;0.562322;0.494573;
0.041900;1.207929;0.981427;0.561013;0.494573;
0.041910;1.205775;0.981427;0.559698;0.494573;
0.041920;1.203610;0.981427;0.558377;0.494573;
0.041930;1.201432;0.981427;0.557051;0.494573;
0.041940;1.199243;0.981427;0.555720;0.494573;
0.041950;1.197042;0.981427;0.554383;0.494573;
0.041960;1.194829;0.981427;0.553040;0.494573;
0.041970;1.192605;0.981427;0.551692;0.494573;
0.041980;1.190368;0.981427;0.550339;0.494573;
0.041990;1.188120;0.981427;0.548980;0.494573;
0.042000;1.185860;0.981427;0.547616;0.494573;
0.042010;1.183589;0.981427;0.546246;0.494573;
0.042020;1.181306;0.981427;0.544871;0.494573;
0.042030;1.179011;0.981427;0.543491;0.494573;
0.042040;1.176704;0.981427;0.542105;0.494573;
0.042050;1.174386;0.981427;0.540714;0.494573;
0.042060;1.172056;0.981427;0.539317;0.494573;
0.042070;1.169715;0.981427;0.537916;0.494573;
0.042080;1.167362;0.981427;0.536508;0.494573;
0.042090;1.164998;0.981427;0.535096;0.494573;
0.042100;1.162622;0.981427;0.533678;0.494573;
0.042110;1.160234;0.981427;0.532255;0.494573;
0.042120;1.157836;0.981427;0.530827;0.494573;
0.042130;1.155425;0.981427;0.529394;0.494573;
0.042140;1.153004;0.981427;0.527955;0.494573;
0.042150;1.150571;0.981427;0.526511;0.494573;
0.042160;1.148126;0.981427;0.525062;0.494573;
0.042170;1.145671;0.981427;0.523608;0.494573;
0.042180;1.143204;0.981427;0.522149;0.494573;
0.042190;1.140725;0.981427;0.520684;0.494573;
0.042200;1.138236;0.981427;0.519214;0.494573;
0.042210;1.135735;0.981427;0.517739;0.494573;
0.042220;1.133223;0.981427;0.516260;0.494573;
0.042230;1.130700;0.981427;0.514775;0.494573;
0.042240;1.128165;0.981427;0.513284;0.494573;
0.042250;1.125620;0.981427;0.511789;0.494573;
0.042260;1.123063;0.981427;0.510289;0.494573;
0.042270;1.120496;0.981427;0.508784;0.494573;
0.042280;1.117917;0.981427;0.507273;0.494573;
0.042290;1.115327;0.981427;0.505758;0.494573;
0.042300;1.112726;0.981427;0.504238;0.494573;
0.042310;1.110115;0.981427;0.502713;0.494573;
0.042320;1.107492;0.981427;0.501182;0.494573;
0.042330;1.104858;0.981427;0.499647;0.494573;
0.042340;1.102214;0.981427;0.498107;0.494573;
0.042350;1.099558;0.981427;0.496562;0.494573;
0.042360;1.096892;0.981427;0.495012;0.494573;
0.042370;1.094215;0.981427;0.493457;0.494573;
0.042380;1.091527;0.981427;0.491898;0.494573;
0.042390;1.088828;0.981427;0.490333;0.494573;
0.042400;1.086119;0.981427;0.488764;0.494573;
0.042410;1.083399;0.981427;0.487190;0.494573;
0.042420;1.080668;0.981427;0.485611;0.494573;
0.042430;1.077927;0.981427;0.484027;0.494573;
0.042440;1.075174;0.981427;0.482438;0.494573;
0.042450;1.072412;0.981427;0.480845;0.494573;
0.042460;1.069638;0.981427;0.479247;0.494573;
0.042470;1.066854;0.981427;0.477644;0.494573;
0.042480;1.064060;0.981427;0.476037;0.494573;
0.042490;1.061255;0.981427;0.474424;0.494573;
0.042500;1.058440;0.981427;0.472807;0.494573;
0.042510;1.055614;0.981427;0.471186;0.494573;
0.042520;1.052778;0.981427;0.469560;0.494573;
0.042530;1.049931;0.981427;0.467929;0.494573;
0.042540;1.047074;0.981427;0.466293;0.494573;
0.042550;1.044207;0.981427;0.464653;0.494573;
0.042560;1.041329;0.981427;0.463009;0.494573;
0.042570;1.038441;0.981427;0.461359;0.494573;
0.042580;1.035543;0.981427;0.459706;0.494573;
0.042590;1.032634;0.981427;0.458047;0.494573;
0.042600;1.029716;0.981427;0.456384;0.494573;
0.042610;1.026787;0.981427;0.454717;0.494573;
0.042620;1.023848;0.981427;0.453045;0.494573;
0.042630;1.020899;0.981427;0.451369;0.494573;
0.042640;1.017940;0.981427;0.449688;0.494573;
0.042650;1.014971;0.981427;0.448003;0.494573;
0.042660;1.011992;0.981427;0.446313;0.494573;
0.042670;1.009003;0.981427;0.444619;0.494573;
0.042680;1.006004;0.981427;0.442921;0.494573;
0.042690;1.002995;0.981427;0.441218;0.494573;
0.042700;0.999976;0.981427;0.439511;0.494573;
0.042710;0.996947;0.981427;0.437799;0.494573;
0.042720;0.993908;0.981427;0.436084;0.494573;
0.042730;0.990860;0.981427;0.434364;0.494573;
0.042740;0.987802;0.981427;0.432639;0.494573;
0.042750;0.984734;0.981427;0.430911;0.494573;
0.042760;0.981656;0.981427;0.429178;0.494573;
0.042770;0.978569;0.981427;0.427440;0.494573;
0.042780;0.975472;0.981427;0.425699;0.494573;
0.042790;0.972365;0.981427;0.423954;0.494573;
0.042800;0.969249;0.981427;0.422204;0.494573;
0.042810;0.966123;0.981427;0.420450;0.494573;
0.042820;0.962988;0.981427;0.418692;0.494573;
0.042830;0.959843;0.981427;0.416930;0.494573;
0.042840;0.956689;0.981427;0.415163;0.494573;
0.042850;0.953525;0.981427;0.413393;0.494573;
0.042860;0.950352;0.981427;0.411618;0.494573;
0.042870;0.947169;0.981427;0.409840;0.494573;
0.042880;0.943977;0.981427;0.408057;0.494573;
0.042890;0.940776;0.981427;0.406271;0.494573;
0.042900;0.937565;0.981427;0.404480;0.494573;
0.042910;0.934346;0.981427;0.402685;0.494573;
0.042920;0.931117;0.981427;0.400887;0.494573;
0.042930;0.927879;0.981427;0.399084;0.494573;
0.042940;0.924631;0.981427;0.397278;0.494573;
0.042950;0.921375;0.981427;0.395467;0.494573;
0.042960;0.918109;0.981427;0.393653;0.494573;
0.042970;0.914835;0.981427;0.391835;0.494573;
0.042980;0.911551;0.981427;0.390013;0.494573;
0.042990;0.908258;0.981427;0.388187;0.494573;
0.043000;0.904957;0.981427;0.386357;0.494573;
0.043010;0.901646;0.981427;0.384523;0.494573;
0.043020;0.898327;0.981427;0.382686;0.494573;
0.043030;0.894998;0.981427;0.380845;0.494573;
0.043040;0.891661;0.981427;0.379000;0.494573;
0.043050;0.888315;0.981427;0.377151;0.494573;
0.043060;0.884961;0.981427;0.375299;0.494573;
0.043070;0.881597;0.981427;0.373443;0.494573;
0.043080;0.878225;0.981427;0.371583;0.494573;
0.043090;0.874844;0.981427;0.369720;0.494573;
0.043100;0.871455;0.981427;0.367853;0.494573;
0.043110;0.868057;0.981427;0.365982;0.494573;
0.043120;0.864650;0.981427;0.364108;0.494573;
0.043130;0.861235;0.981427;0.362230;0.494573;
0.043140;0.857812;0.981427;0.360348;0.494573;
0.043150;0.854379;0.981427;0.358463;0.494573;
0.043160;0.850939;0.981427;0.356575;0.494573;
0.043170;0.847490;0.981427;0.354683;0.494573;
0.043180;0.844033;0.981427;0.352787;0.494573;
0.043190;0.840567;0.981427;0.350888;0.494573;
0.043200;0.837093;0.981427;0.348985;0.494573;
0.043210;0.833611;0.981427;0.347079;0.494573;
0.043220;0.830121;0.981427;0.345170;0.494573;
0.043230;0.826622;0.981427;0.343257;0.494573;
0.043240;0.823115;0.981427;0.341341;0.494573;
0.043250;0.819600;0.981427;0.339421;0.494573;
0.043260;0.816077;0.981427;0.337498;0.494573;
0.043270;0.812546;0.981427;0.335572;0.494573;
0.043280;0.809007;0.981427;0.333643;0.494573;
0.043290;0.805460;0.981427;0.331710;0.494573;
0.043300;0.801905;0.981427;0.329774;0.494573;
0.043310;0.798342;0.981427;0.327834;0.494573;
0.043320;0.794772;0.981427;0.325892;0.494573;
0.043330;0.791193;0.981427;0.323946;0.494573;
0.043340;0.787607;0.981427;0.321997;0.494573;
0.043350;0.784012;0.981427;0.320045;0.494573;
0.043360;0.780410;0.981427;0.318089;0.494573;
0.043370;0.776801;0.981427;0.316131;0.494573;
0.043380;0.773183;0.981427;0.314169;0.494573;
0.043390;0.769558;0.981427;0.312204;0.494573;
0.043400;0.765926;0.981427;0.310236;0.494573;
0.043410;0.762286;0.981427;0.308266;0.494573;
0.043420;0.758638;0.981427;0.306292;0.494573;
0.043430;0.754983;0.981427;0.304315;0.494573;
0.043440;0.751321;0.981427;0.302335;0.494573;
0.043450;0.747651;0.981427;0.300352;0.494573;
0.043460;0.743973;0.981427;0.298366;0.494573;
0.043470;0.740289;0.981427;0.296377;0.494573;
0.043480;0.736597;0.981427;0.294385;0.494573;
0.043490;0.732897;0.981427;0.292391;0.494573;
0.043500;0.729191;0.981427;0.290393;0.494573;
0.043510;0.725477;0.981427;0.288393;0.494573;
0.043520;0.721756;0.981427;0.286389;0.494573;
0.043530;0.718028;0.981427;0.284383;0.494573;
0.043540;0.714293;0.981427;0.282374;0.494573;
0.043550;0.710551;0.981427;0.280363;0.494573;
0.043560;0.706802;0.981427;0.278348;0.494573;
0.043570;0.703046;0.981427;0.276331;0.494573;
0.043580;0.699283;0.981427;0.274311;0.494573;
0.043590;0.695513;0.981427;0.272289;0.494573;
0.043600;0.691736;0.981427;0.270263;0.494573;
0.043610;0.687952;0.981427;0.268235;0.494573;
0.043620;0.684162;0.981427;0.266205;0.494573;
0.043630;0.680365;0.981427;0.264171;0.494573;
0.043640;0.676561;0.981427;0.262135;0.494573;
0.043650;0.672750;0.981427;0.260097;0.494573;
0.043660;0.668933;0.981427;0.258056;0.494573;
0.043670;0.665109;0.981427;0.256012;0.494573;
0.043680;0.661279;0.981427;0.253966;0.494573;
0.043690;0.657442;0.981427;0.251918;0.494573;
0.043700;0.653598;0.981427;0.249867;0.494573;
0.043710;0.649749;0.981427;0.247813;0.494573;
0.043720;0.645892;0.981427;0.245757;0.494573;
0.043730;0.642030;0.981427;0.243699;0.494573;
0.043740;0.638161;0.981427;0.241638;0.494573;
0.043750;0.634285;0.981427;0.239575;0.494573;
0.043760;0.630404;0.981427;0.237509;0.494573;
0.043770;0.626516;0.981427;0.235441;0.494573;
0.043780;0.622622;0.981427;0.233371;0.494573;
0.043790;0.618722;0.981427;0.231298;0.494573;
0.043800;0.614816;0.981427;0.229223;0.494573;
0.043810;0.610904;0.981427;0.227146;0.494573;
0.043820;0.606985;0.981427;0.225067;0.494573;
0.043830;0.603061;0.981427;0.222985;0.494573;
0.043840;0.599131;0.981427;0.220902;0.494573;
0.043850;0.595195;0.981427;0.218816;0.494573;
0.043860;0.591253;0.981427;0.216728;0.494573;
0.043870;0.587305;0.981427;0.214637;0.494573;
0.043880;0.583351;0.981427;0.212545;0.494573;
0.043890;0.579392;0.981427;0.210450;0.494573;
0.043900;0.575427;0.981427;0.208354;0.494573;
0.043910;0.571456;0.981427;0.206255;0.494573;
0.043920;0.567480;0.981427;0.204155;0.494573;
0.043930;0.563497;0.981427;0.202052;0.494573;
0.043940;0.559510;0.981427;0.199947;0.494573;
0.043950;0.555517;0.981427;0.197841;0.494573;
0.043960;0.551518;0.981427;0.195732;0.494573;
0.043970;0.547514;0.981427;0.193622;0.494573;
0.043980;0.543505;0.981427;0.191509;0.494573;
0.043990;0.539490;0.981427;0.189395;0.494573;
0.044000;0.535470;0.981427;0.187279;0.494573;
0.044010;0.531444;0.981427;0.185161;0.494573;
0.044020;0.527414;0.981427;0.183041;0.494573;
0.044030;0.523378;0.981427;0.180919;0.494573;
0.044040;0.519337;0.981427;0.178796;0.494573;
0.044050;0.515290;0.981427;0.176671;0.494573;
0.044060;0.511239;0.981427;0.174544;0.494573;
0.044070;0.507183;0.981427;0.172415;0.494573;
0.044080;0.503122;0.981427;0.170285;0.494573;
0.044090;0.499055;0.981427;0.168153;0.494573;
0.044100;0.494984;0.981427;0.166019;0.494573;
0.044110;0.490908;0.981427;0.163884;0.494573;
0.044120;0.486827;0.981427;0.161747;0.494573;
0.044130;0.482741;0.981427;0.159608;0.494573;
0.044140;0.478651;0.981427;0.157468;0.494573;
0.044150;0.474556;0.981427;0.155326;0.494573;
0.044160;0.470456;0.981427;0.153183;0.494573;
0.044170;0.466351;0.981427;0.151038;0.494573;
0.044180;0.462242;0.981427;0.148892;0.494573;
0.044190;0.458128;0.981427;0.146744;0.494573;
0.044200;0.454010;0.981427;0.144595;0.494573;
0.044210;0.449887;0.981427;0.142445;0.494573;
0.044220;0.445760;0.981427;0.140293;0.494573;
0.044230;0.441629;0.981427;0.138139;0.494573;
0.044240;0.437493;0.981427;0.135985;0.494573;
0.044250;0.433352;0.981427;0.133829;0.494573;
0.044260;0.429208;0.981427;0.131671;0.494573;
0.044270;0.425059;0.981427;0.129512;0.494573;
0.044280;0.420906;0.981427;0.127353;0.494573;
0.044290;0.416749;0.981427;0.125191;0.494573;
0.044300;0.412588;0.981427;0.123029;0.494573;
0.044310;0.408423;0.981427;0.120865;0.494573;
0.044320;0.404253;0.981427;0.118700;0.494573;
0.044330;0.400080;0.981427;0.116534;0.494573;
0.044340;0.395903;0.981427;0.114367;0.494573;
0.044350;0.391722;0.981427;0.112199;0.494573;
0.044360;0.387537;0.981427;0.110029;0.494573;
0.044370;0.383348;0.981427;0.107859;0.494573;
0.044380;0.379155;0.981427;0.105687;0.494573;
0.044390;0.374959;0.981427;0.103515;0.494573;
0.044400;0.370759;0.981427;0.101341;0.494573;
0.044410;0.366555;0.981427;0.099166;0.494573;
0.044420;0.362348;0.981427;0.096991;0.494573;
0.044430;0.358137;0.981427;0.094814;0.494573;
0.044440;0.353922;0.981427;0.092637;0.494573;
0.044450;0.349704;0.981427;0.090458;0.494573;
0.044460;0.345483;0.981427;0.088279;0.494573;
0.044470;0.341258;0.981427;0.086099;0.494573;
0.044480;0.337030;0.981427;0.083918;0.494573;
0.044490;0.332798;0.981427;0.081736;0.494573;
0.044500;0.328564;0.981427;0.079553;0.494573;
0.044510;0.324325;0.981427;0.077370;0.494573;
0.044520;0.320084;0.981427;0.075185;0.494573;
0.044530;0.315840;0.981427;0.073001;0.494573;
0.044540;0.311592;0.981427;0.070815;0.494573;
0.044550;0.307342;0.981427;0.068628;0.494573;
0.044560;0.303088;0.981427;0.066441;0.494573;
0.044570;0.298831;0.981427;0.064254;0.494573;
0.044580;0.294572;0.981427;0.062065;0.494573;
0.044590;0.290309;0.981427;0.059876;0.494573;
0.044600;0.286044;0.981427;0.057687;0.494573;
0.044610;0.281776;0.981427;0.055497;0.494573;
0.044620;0.277505;0.981427;0.053306;0.494573;
0.044630;0.273231;0.981427;0.051115;0.494573;
0.044640;0.268955;0.981427;0.048923;0.494573;
0.044650;0.264676;0.981427;0.046731;0.494573;
0.044660;0.260394;0.981427;0.044538;0.494573;
0.044670;0.256110;0.981427;0.042345;0.494573;
0.044680;0.251823;0.981427;0.040152;0.494573;
0.044690;0.247534;0.981427;0.037958;0.494573;
0.044700;0.243242;0.981427;0.035764;0.494573;
0.044710;0.238948;0.981427;0.033569;0.494573;
0.044720;0.234652;0.981427;0.031374;0.494573;
0.044730;0.230353;0.981427;0.029179;0.494573;
0.044740;0.226052;0.981427;0.026983;0.494573;
0.044750;0.221749;0.981427;0.024787;0.494573;
0.044760;0.217443;0.981427;0.022591;0.494573;
0.044770;0.213136;0.981427;0.020395;0.494573;
0.044780;0.208826;0.981427;0.018198;0.494573;
0.044790;0.204514;0.981427;0.016002;0.494573;
0.044800;0.200201;0.981427;0.013805;0.494573;
0.044810;0.195885;0.981427;0.011608;0.494573;
0.044820;0.191567;0.981427;0.009411;0.494573;
0.044830;0.187248;0.981427;0.007214;0.494573;
0.044840;0.182926;0.981427;0.005016;0.494573;
0.044850;0.178603;0.981427;0.002819;0.494573;
0.044860;0.174278;0.981427;0.000622;0.494573;
0.044870;0.169951;0.981427;-0.001575;0.494573;
0.044880;0.165623;0.981427;-0.003773;0.494573;
0.044890;0.161293;0.981427;-0.005970;0.494573;
0.044900;0.156961;0.981427;-0.008167;0.494573;
0.044910;0.152628;0.981427;-0.010364;0.494573;
0.044920;0.148293;0.981427;-0.012561;0.494573;
0.044930;0.143957;0.981427;-0.014758;0.494573;
0.044940;0.139620;0.981427;-0.016955;0.494573;
0.044950;0.135281;0.981427;-0.019152;0.494573;
0.044960;0.130941;0.981427;-0.021348;0.494573;
0.044970;0.126599;0.981427;-0.023544;0.494573;
0.044980;0.122256;0.981427;-0.025740;0.494573;
0.044990;0.117912;0.981427;-0.027936;0.494573;
0.045000;0.113567;0.981427;-0.030131;0.494573;
0.045010;0.109221;0.981427;-0.032327;0.494573;
0.045020;0.104873;0.981427;-0.034521;0.494573;
0.045030;0.100525;0.981427;-0.036716;0.494573;
0.045040;0.096176;0.981427;-0.038910;0.494573;
0.045050;0.091825;0.981427;-0.041104;0.494573;
0.045060;0.087474;0.981427;-0.043297;0.494573;
0.045070;0.083122;0.981427;-0.045490;0.494573;
0.045080;0.078769;0.981427;-0.047682;0.494573;
0.045090;0.074415;0.981427;-0.049874;0.494573;
0.045100;0.070061;0.981427;-0.052066;0.494573;
0.045110;0.065706;0.981427;-0.054257;0.494573;
0.045120;0.061350;0.981427;-0.056447;0.494573;
0.045130;0.056993;0.981427;-0.058637;0.494573;
0.045140;0.052636;0.981427;-0.060826;0.494573;
0.045150;0.048279;0.981427;-0.063015;0.494573;
0.045160;0.043921;0.981427;-0.065203;0.494573;
0.045170;0.039563;0.981427;-0.067391;0.494573;
0.045180;0.035204;0.981427;-0.069577;0.494573;
0.045190;0.030845;0.981427;-0.071763;0.494573;
0.045200;0.026485;0.981427;-0.073949;0.494573;
0.045210;0.022126;0.981427;-0.076133;0.494573;
0.045220;0.017766;0.981427;-0.078317;0.494573;
0.045230;0.013406;0.981427;-0.080500;0.494573;
0.045240;0.009045;0.981427;-0.082683;0.494573;
0.045250;0.004685;0.981427;-0.084864;0.494573;
0.045260;0.000325;0.981427;-0.087045;0.494573;
0.045270;-0.004036;0.981427;-0.089225;0.494573;
0.045280;-0.008396;0.981427;-0.091404;0.494573;
0.045290;-0.012756;0.981427;-0.093582;0.494573;
0.045300;-0.017116;0.981427;-0.095759;0.494573;
0.045310;-0.021476;0.981427;-0.097935;0.494573;
0.045320;-0.025836;0.981427;-0.100110;0.494573;
0.045330;-0.030195;0.981427;-0.102284;0.494573;
0.045340;-0.034555;0.981427;-0.104458;0.494573;
0.045350;-0.038913;0.981427;-0.106630;0.494573;
0.045360;-0.043272;0.981427;-0.108801;0.494573;
0.045370;-0.047630;0.981427;-0.110971;0.494573;
0.045380;-0.051988;0.981427;-0.113140;0.494573;
0.045390;-0.056345;0.981427;-0.115308;0.494573;
0.045400;-0.060701;0.981427;-0.117474;0.494573;
0.045410;-0.065057;0.981427;-0.119640;0.494573;
0.045420;-0.069412;0.981427;-0.121804;0.494573;
0.045430;-0.073767;0.981427;-0.123967;0.494573;
0.045440;-0.078121;0.981427;-0.126129;0.494573;
0.045450;-0.082474;0.981427;-0.128290;0.494573;
0.045460;-0.086826;0.981427;-0.130449;0.494573;
0.045470;-0.091177;0.981427;-0.132608;0.494573;
0.045480;-0.095528;0.981427;-0.134764;0.494573;
0.045490;-0.099877;0.981427;-0.136920;0.494573;
0.045500;-0.104226;0.981427;-0.139074;0.494573;
0.045510;-0.108573;0.981427;-0.141227;0.494573;
0.045520;-0.112920;0.981427;-0.143378;0.494573;
0.045530;-0.117265;0.981427;-0.145528;0.494573;
0.045540;-0.121609;0.981427;-0.147677;0.494573;
0.045550;-0.125952;0.981427;-0.149824;0.494573;
0.045560;-0.130294;0.981427;-0.151969;0.494573;
0.045570;-0.134635;0.981427;-0.154113;0.494573;
0.045580;-0.138974;0.981427;-0.156256;0.494573;
0.045590;-0.143311;0.981427;-0.158397;0.494573;
0.045600;-0.147648;0.981427;-0.160536;0.494573;
0.045610;-0.151983;0.981427;-0.162674;0.494573;
0.045620;-0.156316;0.981427;-0.164811;0.494573;
0.045630;-0.160648;0.981427;-0.166945;0.494573;
0.045640;-0.164978;0.981427;-0.169078;0.494573;
0.045650;-0.169307;0.981427;-0.171209;0.494573;
0.045660;-0.173634;0.981427;-0.173339;0.494573;
0.045670;-0.177959;0.981427;-0.175467;0.494573;
0.045680;-0.182282;0.981427;-0.177593;0.494573;
0.045690;-0.186604;0.981427;-0.179718;0.494573;
0.045700;-0.190924;0.981427;-0.181840;0.494573;
0.045710;-0.195242;0.981427;-0.183961;0.494573;
0.045720;-0.199558;0.981427;-0.186080;0.494573;
0.045730;-0.203872;0.981427;-0.188197;0.494573;
0.045740;-0.208184;0.981427;-0.190313;0.494573;
0.045750;-0.212494;0.981427;-0.192426;0.494573;
0.045760;-0.216802;0.981427;-0.194538;0.494573;
0.045770;-0.221108;0.981427;-0.196648;0.494573;
0.045780;-0.225411;0.981427;-0.198755;0.494573;
0.045790;-0.229713;0.981427;-0.200861;0.494573;
0.045800;-0.234012;0.981427;-0.202965;0.494573;
0.045810;-0.238309;0.981427;-0.205067;0.494573;
0.045820;-0.242603;0.981427;-0.207166;0.494573;
0.045830;-0.246895;0.981427;-0.209264;0.494573;
0.045840;-0.251185;0.981427;-0.211360;0.494573;
0.045850;-0.255472;0.981427;-0.213453;0.494573;
0.045860;-0.259756;0.981427;-0.215545;0.494573;
0.045870;-0.264038;0.981427;-0.217634;0.494573;
0.045880;-0.268318;0.981427;-0.219721;0.494573;
0.045890;-0.272595;0.981427;-0.221806;0.494573;
0.045900;-0.276869;0.981427;-0.223889;0.494573;
0.045910;-0.281140;0.981427;-0.225970;0.494573;
0.045920;-0.285409;0.981427;-0.228048;0.494573;
0.045930;-0.289674;0.981427;-0.230124;0.494573;
0.045940;-0.293937;0.981427;-0.232198;0.494573;
0.045950;-0.298197;0.981427;-0.234269;0.494573;
0.045960;-0.302454;0.981427;-0.236339;0.494573;
0.045970;-0.306708;0.981427;-0.238406;0.494573;
0.045980;-0.310959;0.981427;-0.240470;0.494573;
0.045990;-0.315207;0.981427;-0.242532;0.494573;
0.046000;-0.319452;0.981427;-0.244592;0.494573;
0.046010;-0.323694;0.981427;-0.246650;0.494573;
0.046020;-0.327933;0.981427;-0.248705;0.494573;
0.046030;-0.332168;0.981427;-0.250757;0.494573;
0.046040;-0.336400;0.981427;-0.252807;0.494573;
0.046050;-0.340629;0.981427;-0.254855;0.494573;
0.046060;-0.344854;0.981427;-0.256900;0.494573;
0.046070;-0.349076;0.981427;-0.258942;0.494573;
0.046080;-0.353294;0.981427;-0.260982;0.494573;
0.046090;-0.357509;0.981427;-0.263019;0.494573;
0.046100;-0.361721;0.981427;-0.265054;0.494573;
0.046110;-0.365929;0.981427;-0.267086;0.494573;
0.046120;-0.370133;0.981427;-0.269116;0.494573;
0.046130;-0.374333;0.981427;-0.271142;0.494573;
0.046140;-0.378530;0.981427;-0.273167;0.494573;
0.046150;-0.382724;0.981427;-0.275188;0.494573;
0.046160;-0.386913;0.981427;-0.277207;0.494573;
0.046170;-0.391099;0.981427;-0.279223;0.494573;
0.046180;-0.395280;0.981427;-0.281236;0.494573;
0.046190;-0.399458;0.981427;-0.283247;0.494573;
0.046200;-0.403632;0.981427;-0.285254;0.494573;
0.046210;-0.407802;0.981427;-0.287259;0.494573;
0.046220;-0.411968;0.981427;-0.289261;0.494573;
0.046230;-0.416130;0.981427;-0.291260;0.494573;
0.046240;-0.420287;0.981427;-0.293257;0.494573;
0.046250;-0.424441;0.981427;-0.295250;0.494573;
0.046260;-0.428590;0.981427;-0.297241;0.494573;
0.046270;-0.432735;0.981427;-0.299228;0.494573;
0.046280;-0.436876;0.981427;-0.301213;0.494573;
0.046290;-0.441013;0.981427;-0.303194;0.494573;
0.046300;-0.445145;0.981427;-0.305173;0.494573;
0.046310;-0.449273;0.981427;-0.307149;0.494573;
0.046320;-0.453396;0.981427;-0.309121;0.494573;
0.046330;-0.457515;0.981427;-0.311091;0.494573;
0.046340;-0.461630;0.981427;-0.313057;0.494573;
0.046350;-0.465739;0.981427;-0.315021;0.494573;
0.046360;-0.469845;0.981427;-0.316981;0.494573;
0.046370;-0.473945;0.981427;-0.318938;0.494573;
0.046380;-0.478041;0.981427;-0.320892;0.494573;
0.046390;-0.482132;0.981427;-0.322843;0.494573;
0.046400;-0.486219;0.981427;-0.324791;0.494573;
0.046410;-0.490301;0.981427;-0.326735;0.494573;
0.046420;-0.494377;0.981427;-0.328676;0.494573;
0.046430;-0.498449;0.981427;-0.330614;0.494573;
0.046440;-0.502516;0.981427;-0.332549;0.494573;
0.046450;-0.506578;0.981427;-0.334480;0.494573;
0.046460;-0.510635;0.981427;-0.336409;0.494573;
0.046470;-0.514687;0.981427;-0.338333;0.494573;
0.046480;-0.518734;0.981427;-0.340255;0.494573;
0.046490;-0.522776;0.981427;-0.342173;0.494573;
0.046500;-0.526813;0.981427;-0.344088;0.494573;
0.046510;-0.530844;0.981427;-0.345999;0.494573;
0.046520;-0.534870;0.981427;-0.347907;0.494573;
0.046530;-0.538891;0.981427;-0.349811;0.494573;
0.046540;-0.542907;0.981427;-0.351712;0.494573;
0.046550;-0.546917;0.981427;-0.353610;0.494573;
0.046560;-0.550922;0.981427;-0.355504;0.494573;
0.046570;-0.554922;0.981427;-0.357395;0.494573;
0.046580;-0.558916;0.981427;-0.359282;0.494573;
0.046590;-0.562904;0.981427;-0.361165;0.494573;
0.046600;-0.566887;0.981427;-0.363045;0.494573;
0.046610;-0.570864;0.981427;-0.364921;0.494573;
0.046620;-0.574836;0.981427;-0.366794;0.494573;
0.046630;-0.578802;0.981427;-0.368663;0.494573;
0.046640;-0.582762;0.981427;-0.370529;0.494573;
0.046650;-0.586716;0.981427;-0.372391;0.494573;
0.046660;-0.590665;0.981427;-0.374249;0.494573;
0.046670;-0.594608;0.981427;-0.376103;0.494573;
0.046680;-0.598545;0.981427;-0.377954;0.494573;
0.046690;-0.602476;0.981427;-0.379801;0.494573;
0.046700;-0.606401;0.981427;-0.381644;0.494573;
0.046710;-0.610321;0.981427;-0.383484;0.494573;
0.046720;-0.614234;0.981427;-0.385320;0.494573;
0.046730;-0.618141;0.981427;-0.387151;0.494573;
0.046740;-0.622042;0.981427;-0.388980;0.494573;
0.046750;-0.625937;0.981427;-0.390804;0.494573;
0.046760;-0.629825;0.981427;-0.392624;0.494573;
0.046770;-0.633708;0.981427;-0.394441;0.494573;
0.046780;-0.637584;0.981427;-0.396253;0.494573;
0.046790;-0.641454;0.981427;-0.398062;0.494573;
0.046800;-0.645318;0.981427;-0.399867;0.494573;
0.046810;-0.649175;0.981427;-0.401668;0.494573;
0.046820;-0.653026;0.981427;-0.403465;0.494573;
0.046830;-0.656870;0.981427;-0.405258;0.494573;
0.046840;-0.660708;0.981427;-0.407046;0.494573;
0.046850;-0.664539;0.981427;-0.408831;0.494573;
0.046860;-0.668364;0.981427;-0.410612;0.494573;
0.046870;-0.672182;0.981427;-0.412389;0.494573;
0.046880;-0.675994;0.981427;-0.414162;0.494573;
0.046890;-0.679799;0.981427;-0.415930;0.494573;
0.046900;-0.683597;0.981427;-0.417695;0.494573;
0.046910;-0.687388;0.981427;-0.419455;0.494573;
0.046920;-0.691173;0.981427;-0.421212;0.494573;
0.046930;-0.694951;0.981427;-0.422964;0.494573;
0.046940;-0.698722;0.981427;-0.424712;0.494573;
0.046950;-0.702486;0.981427;-0.426455;0.494573;
0.046960;-0.706243;0.981427;-0.428195;0.494573;
0.046970;-0.709993;0.981427;-0.429930;0.494573;
0.046980;-0.713736;0.981427;-0.431661;0.494573;
0.046990;-0.717472;0.981427;-0.433388;0.494573;
0.047000;-0.721201;0.981427;-0.435111;0.494573;
0.047010;-0.724923;0.981427;-0.436829;0.494573;
0.047020;-0.728638;0.981427;-0.438543;0.494573;
0.047030;-0.732346;0.981427;-0.440252;0.494573;
0.047040;-0.736046;0.981427;-0.441958;0.494573;
0.047050;-0.739739;0.981427;-0.443658;0.494573;
0.047060;-0.743425;0.981427;-0.445355;0.494573;
0.047070;-0.747103;0.981427;-0.447047;0.494573;
0.047080;-0.750774;0.981427;-0.448735;0.494573;
0.047090;-0.754438;0.981427;-0.450418;0.494573;
0.047100;-0.758094;0.981427;-0.452097;0.494573;
0.047110;-0.761743;0.981427;-0.453771;0.494573;
0.047120;-0.765384;0.981427;-0.455441;0.494573;
0.047130;-0.769018;0.981427;-0.457107;0.494573;
0.047140;-0.772644;0.981427;-0.458767;0.494573;
0.047150;-0.776262;0.981427;-0.460424;0.494573;
0.047160;-0.779873;0.981427;-0.462076;0.494573;
0.047170;-0.783476;0.981427;-0.463723;0.494573;
0.047180;-0.787072;0.981427;-0.465366;0.494573;
0.047190;-0.790659;0.981427;-0.467004;0.494573;
0.047200;-0.794239;0.981427;-0.468637;0.494573;
0.047210;-0.797811;0.981427;-0.470266;0.494573;
0.047220;-0.801375;0.981427;-0.471890;0.494573;
0.047230;-0.804931;0.981427;-0.473510;0.494573;
0.047240;-0.808479;0.981427;-0.475125;0.494573;
0.047250;-0.812020;0.981427;-0.476735;0.494573;
0.047260;-0.815552;0.981427;-0.478340;0.494573;
0.047270;-0.819076;0.981427;-0.479941;0.494573;
0.047280;-0.822592;0.981427;-0.481537;0.494573;
0.047290;-0.826100;0.981427;-0.483128;0.494573;
0.047300;-0.829600;0.981427;-0.484715;0.494573;
0.047310;-0.833092;0.981427;-0.486296;0.494573;
0.047320;-0.836575;0.981427;-0.487873;0.494573;
0.047330;-0.840050;0.981427;-0.489445;0.494573;
0.047340;-0.843517;0.981427;-0.491013;0.494573;
0.047350;-0.846976;0.981427;-0.492575;0.494573;
0.047360;-0.850426;0.981427;-0.494133;0.494573;
0.047370;-0.853868;0.981427;-0.495685;0.494573;
0.047380;-0.857301;0.981427;-0.497233;0.494573;
0.047390;-0.860726;0.981427;-0.498776;0.494573;
0.047400;-0.864142;0.981427;-0.500314;0.494573;
0.047410;-0.867550;0.981427;-0.501847;0.494573;
0.047420;-0.870949;0.981427;-0.503375;0.494573;
0.047430;-0.874340;0.981427;-0.504898;0.494573;
0.047440;-0.877722;0.981427;-0.506416;0.494573;
0.047450;-0.881096;0.981427;-0.507929;0.494573;
0.047460;-0.884460;0.981427;-0.509438;0.494573;
0.047470;-0.887816;0.981427;-0.510941;0.494573;
0.047480;-0.891164;0.981427;-0.512439;0.494573;
0.047490;-0.894502;0.981427;-0.513932;0.494573;
0.047500;-0.897832;0.981427;-0.515420;0.494573;
0.047510;-0.901152;0.981427;-0.516902;0.494573;
0.047520;-0.904464;0.981427;-0.518380;0.494573;
0.047530;-0.907767;0.981427;-0.519853;0.494573;
0.047540;-0.911061;0.981427;-0.521320;0.494573;
0.047550;-0.914346;0.981427;-0.522783;0.494573;
0.047560;-0.917622;0.981427;-0.524240;0.494573;
0.047570;-0.920889;0.981427;-0.525692;0.494573;
0.047580;-0.924147;0.981427;-0.527139;0.494573;
0.047590;-0.927396;0.981427;-0.528580;0.494573;
0.047600;-0.930635;0.981427;-0.530017;0.494573;
0.047610;-0.933865;0.981427;-0.531448;0.494573;
0.047620;-0.937087;0.981427;-0.532874;0.494573;
0.047630;-0.940298;0.981427;-0.534294;0.494573;
0.047640;-0.943501;0.981427;-0.535710;0.494573;
0.047650;-0.946694;0.981427;-0.537120;0.494573;
0.047660;-0.949878;0.981427;-0.538525;0.494573;
0.047670;-0.953053;0.981427;-0.539924;0.494573;
0.047680;-0.956218;0.981427;-0.541318;0.494573;
0.047690;-0.959374;0.981427;-0.542707;0.494573;
0.047700;-0.962520;0.981427;-0.544090;0.494573;
0.047710;-0.965657;0.981427;-0.545468;0.494573;
0.047720;-0.968784;0.981427;-0.546841;0.494573;
0.047730;-0.971902;0.981427;-0.548208;0.494573;
0.047740;-0.975010;0.981427;-0.549570;0.494573;
0.047750;-0.978108;0.981427;-0.550927;0.494573;
0.047760;-0.981197;0.981427;-0.552278;0.494573;
0.047770;-0.984276;0.981427;-0.553623;0.494573;
0.047780;-0.987345;0.981427;-0.554963;0.494573;
0.047790;-0.990405;0.981427;-0.556298;0.494573;
0.047800;-0.993455;0.981427;-0.557627;0.494573;
0.047810;-0.996495;0.981427;-0.558951;0.494573;
0.047820;-0.999525;0.981427;-0.560269;0.494573;
0.047830;-1.002546;0.981427;-0.561582;0.494573;
0.047840;-1.005556;0.981427;-0.562889;0.494573;
0.047850;-1.008557;0.981427;-0.564190;0.494573;
0.047860;-1.011547;0.981427;-0.565486;0.494573;
0.047870;-1.014528;0.981427;-0.566776;0.494573;
0.047880;-1.017499;0.981427;-0.568061;0.494573;
0.047890;-1.020459;0.981427;-0.569340;0.494573;
0.047900;-1.023410;0.981427;-0.570614;0.494573;
0.047910;-1.026350;0.981427;-0.571882;0.494573;
0.047920;-1.029280;0.981427;-0.573144;0.494573;
0.047930;-1.032200;0.981427;-0.574401;0.494573;
0.047940;-1.035110;0.981427;-0.575652;0.494573;
0.047950;-1.038010;0.981427;-0.576897;0.494573;
0.047960;-1.040900;0.981427;-0.578136;0.494573;
0.047970;-1.043779;0.981427;-0.579370;0.494573;
0.047980;-1.046648;0.981427;-0.580598;0.494573;
0.047990;-1.049506;0.981427;-0.581821;0.494573;
0.048000;-1.052354;0.981427;-0.583037;0.494573;
0.048010;-1.055192;0.981427;-0.584248;0.494573;
0.048020;-1.058020;0.981427;-0.585453;0.494573;
0.048030;-1.060836;0.981427;-0.586653;0.494573;
0.048040;-1.063643;0.981427;-0.587846;0.494573;
0.048050;-1.066439;0.981427;-0.589034;0.494573;
0.048060;-1.069224;0.981427;-0.590216;0.494573;
0.048070;-1.071999;0.981427;-0.591392;0.494573;
0.048080;-1.074764;0.981427;-0.592562;0.494573;
0.048090;-1.077517;0.981427;-0.593727;0.494573;
0.048100;-1.080260;0.981427;-0.594885;0.494573;
0.048110;-1.082993;0.981427;-0.596038;0.494573;
0.048120;-1.085715;0.981427;-0.597185;0.494573;
0.048130;-1.088426;0.981427;-0.598326;0.494573;
0.048140;-1.091126;0.981427;-0.599461;0.494573;
0.048150;-1.093815;0.981427;-0.600590;0.494573;
0.048160;-1.096494;0.981427;-0.601713;0.494573;
0.048170;-1.099162;0.981427;-0.602830;0.494573;
0.048180;-1.101819;0.981427;-0.603942;0.494573;
0.048190;-1.104465;0.981427;-0.605047;0.494573;
0.048200;-1.107100;0.981427;-0.606146;0.494573;
0.048210;-1.109725;0.981427;-0.607240;0.494573;
0.048220;-1.112338;0.981427;-0.608327;0.494573;
0.048230;-1.114941;0.981427;-0.609409;0.494573;
0.048240;-1.117532;0.981427;-0.610484;0.494573;
0.048250;-1.120112;0.981427;-0.611553;0.494573;
0.048260;-1.122682;0.981427;-0.612617;0.494573;
0.048270;-1.125240;0.981427;-0.613674;0.494573;
0.048280;-1.127787;0.981427;-0.614725;0.494573;
0.048290;-1.130323;0.981427;-0.615770;0.494573;
0.048300;-1.132848;0.981427;-0.616809;0.494573;
0.048310;-1.135362;0.981427;-0.617842;0.494573;
0.048320;-1.137864;0.981427;-0.618869;0.494573;
0.048330;-1.140355;0.981427;-0.619890;0.494573;
0.048340;-1.142835;0.981427;-0.620904;0.494573;
0.048350;-1.145304;0.981427;-0.621913;0.494573;
0.048360;-1.147761;0.981427;-0.622915;0.494573;
0.048370;-1.150207;0.981427;-0.623912;0.494573;
0.048380;-1.152642;0.981427;-0.624902;0.494573;
0.048390;-1.155065;0.981427;-0.625886;0.494573;
0.048400;-1.157477;0.981427;-0.626863;0.494573;
0.048410;-1.159878;0.981427;-0.627835;0.494573;
0.048420;-1.162267;0.981427;-0.628800;0.494573;
0.048430;-1.164645;0.981427;-0.629759;0.494573;
0.048440;-1.167011;0.981427;-0.630712;0.494573;
0.048450;-1.169365;0.981427;-0.631659;0.494573;
0.048460;-1.171708;0.981427;-0.632599;0.494573;
0.048470;-1.174040;0.981427;-0.633534;0.494573;
0.048480;-1.176360;0.981427;-0.634462;0.494573;
0.048490;-1.178668;0.981427;-0.635383;0.494573;
0.048500;-1.180965;0.981427;-0.636299;0.494573;
0.048510;-1.183250;0.981427;-0.637208;0.494573;
0.048520;-1.185523;0.981427;-0.638111;0.494573;
0.048530;-1.187784;0.981427;-0.639007;0.494573;
0.048540;-1.190034;0.981427;-0.639898;0.494573;
0.048550;-1.192272;0.981427;-0.640782;0.494573;
0.048560;-1.194499;0.981427;-0.641659;0.494573;
0.048570;-1.196713;0.981427;-0.642530;0.494573;
0.048580;-1.198916;0.981427;-0.643395;0.494573;
0.048590;-1.201107;0.981427;-0.644254;0.494573;
0.048600;-1.203286;0.981427;-0.645106;0.494573;
0.048610;-1.205453;0.981427;-0.645952;0.494573;
0.048620;-1.207609;0.981427;-0.646792;0.494573;
0.048630;-1.209752;0.981427;-0.647625;0.494573;
0.048640;-1.211884;0.981427;-0.648451;0.494573;
0.048650;-1.214003;0.981427;-0.649272;0.494573;
0.048660;-1.216111;0.981427;-0.650086;0.494573;
0.048670;-1.218206;0.981427;-0.650893;0.494573;
0.048680;-1.220290;0.981427;-0.651694;0.494573;
0.048690;-1.222361;0.981427;-0.652489;0.494573;
0.048700;-1.224420;0.981427;-0.653277;0.494573;
0.048710;-1.226468;0.981427;-0.654059;0.494573;
0.048720;-1.228503;0.981427;-0.654834;0.494573;
0.048730;-1.230526;0.981427;-0.655603;0.494573;
0.048740;-1.232537;0.981427;-0.656365;0.494573;
0.048750;-1.234536;0.981427;-0.657121;0.494573;
0.048760;-1.236522;0.981427;-0.657871;0.494573;
0.048770;-1.238497;0.981427;-0.658613;0.494573;
0.048780;-1.240459;0.981427;-0.659350;0.494573;
0.048790;-1.242409;0.981427;-0.660080;0.494573;
0.048800;-1.244346;0.981427;-0.660803;0.494573;
0.048810;-1.246272;0.981427;-0.661520;0.494573;
0.048820;-1.248185;0.981427;-0.662230;0.494573;
0.048830;-1.250085;0.981427;-0.662934;0.494573;
0.048840;-1.251974;0.981427;-0.663631;0.494573;
0.048850;-1.253850;0.981427;-0.664322;0.494573;
0.048860;-1.255714;0.981427;-0.665006;0.494573;
0.048870;-1.257565;0.981427;-0.665684;0.494573;
0.048880;-1.259404;0.981427;-0.666355;0.494573;
0.048890;-1.261230;0.981427;-0.667019;0.494573;
0.048900;-1.263044;0.981427;-0.667677;0.494573;
0.048910;-1.264846;0.981427;-0.668328;0.494573;
0.048920;-1.266635;0.981427;-0.668973;0.494573;
0.048930;-1.268411;0.981427;-0.669611;0.494573;
0.048940;-1.270175;0.981427;-0.670243;0.494573;
0.048950;-1.271927;0.981427;-0.670868;0.494573;
0.048960;-1.273666;0.981427;-0.671486;0.494573;
0.048970;-1.275392;0.981427;-0.672097;0.494573;
0.048980;-1.277106;0.981427;-0.672702;0.494573;
0.048990;-1.278807;0.981427;-0.673301;0.494573;
0.049000;-1.280495;0.981427;-0.673892;0.494573;
0.049010;-1.282171;0.981427;-0.674477;0.494573;
0.049020;-1.283835;0.981427;-0.675056;0.494573;
0.049030;-1.285485;0.981427;-0.675627;0.494573;
0.049040;-1.287123;0.981427;-0.676192;0.494573;
0.049050;-1.288748;0.981427;-0.676751;0.494573;
0.049060;-1.290361;0.981427;-0.677303;0.494573;
0.049070;-1.291960;0.981427;-0.677848;0.494573;
0.049080;-1.293547;0.981427;-0.678386;0.494573;
0.049090;-1.295122;0.981427;-0.678917;0.494573;
0.049100;-1.296683;0.981427;-0.679442;0.494573;
0.049110;-1.298232;0.981427;-0.679961;0.494573;
0.049120;-1.299768;0.981427;-0.680472;0.494573;
0.049130;-1.301291;0.981427;-0.680977;0.494573;
0.049140;-1.302801;0.981427;-0.681475;0.494573;
0.049150;-1.304298;0.981427;-0.681966;0.494573;
0.049160;-1.305782;0.981427;-0.682451;0.494573;
0.049170;-1.307254;0.981427;-0.682929;0.494573;
0.049180;-1.308713;0.981427;-0.683400;0.494573;
0.049190;-1.310158;0.981427;-0.683864;0.494573;
0.049200;-1.311591;0.981427;-0.684322;0.494573;
0.049210;-1.313011;0.981427;-0.684773;0.494573;
0.049220;-1.314418;0.981427;-0.685217;0.494573;
0.049230;-1.315812;0.981427;-0.685654;0.494573;
0.049240;-1.317193;0.981427;-0.686085;0.494573;
0.049250;-1.318561;0.981427;-0.686509;0.494573;
0.049260;-1.319915;0.981427;-0.686926;0.494573;
0.049270;-1.321257;0.981427;-0.687336;0.494573;
0.049280;-1.322586;0.981427;-0.687739;0.494573;
0.049290;-1.323902;0.981427;-0.688136;0.494573;
0.049300;-1.325205;0.981427;-0.688526;0.494573;
0.049310;-1.326494;0.981427;-0.688909;0.494573;
0.049320;-1.327771;0.981427;-0.689285;0.494573;
0.049330;-1.329034;0.981427;-0.689655;0.494573;
0.049340;-1.330285;0.981427;-0.690018;0.494573;
0.049350;-1.331522;0.981427;-0.690374;0.494573;
0.049360;-1.332746;0.981427;-0.690723;0.494573;
0.049370;-1.333957;0.981427;-0.691065;0.494573;
0.049380;-1.335155;0.981427;-0.691400;0.494573;
0.049390;-1.336339;0.981427;-0.691729;0.494573;
0.049400;-1.337511;0.981427;-0.692051;0.494573;
0.049410;-1.338669;0.981427;-0.692366;0.494573;
0.049420;-1.339814;0.981427;-0.692674;0.494573;
0.049430;-1.340945;0.981427;-0.692975;0.494573;
0.049440;-1.342064;0.981427;-0.693270;0.494573;
0.049450;-1.343169;0.981427;-0.693557;0.494573;
0.049460;-1.344261;0.981427;-0.693838;0.494573;
0.049470;-1.345340;0.981427;-0.694112;0.494573;
0.049480;-1.346405;0.981427;-0.694379;0.494573;
0.049490;-1.347457;0.981427;-0.694639;0.494573;
0.049500;-1.348496;0.981427;-0.694892;0.494573;
0.049510;-1.349522;0.981427;-0.695139;0.494573;
0.049520;-1.350534;0.981427;-0.695379;0.494573;
0.049530;-1.351533;0.981427;-0.695611;0.494573;
0.049540;-1.352519;0.981427;-0.695837;0.494573;
0.049550;-1.353491;0.981427;-0.696056;0.494573;
0.049560;-1.354450;0.981427;-0.696268;0.494573;
0.049570;-1.355395;0.981427;-0.696474;0.494573;
0.049580;-1.356327;0.981427;-0.696672;0.494573;
0.049590;-1.357246;0.981427;-0.696864;0.494573;
0.049600;-1.358151;0.981427;-0.697048;0.494573;
0.049610;-1.359043;0.981427;-0.697226;0.494573;
0.049620;-1.359922;0.981427;-0.697397;0.494573;
0.049630;-1.360787;0.981427;-0.697561;0.494573;
0.049640;-1.361639;0.981427;-0.697718;0.494573;
0.049650;-1.362477;0.981427;-0.697868;0.494573;
0.049660;-1.363302;0.981427;-0.698012;0.494573;
0.049670;-1.364113;0.981427;-0.698148;0.494573;
0.049680;-1.364911;0.981427;-0.698278;0.494573;
0.049690;-1.365695;0.981427;-0.698401;0.494573;
0.049700;-1.366466;0.981427;-0.698516;0.494573;
0.049710;-1.367223;0.981427;-0.698625;0.494573;
0.049720;-1.367967;0.981427;-0.698727;0.494573;
0.049730;-1.368698;0.981427;-0.698822;0.494573;
0.049740;-1.369415;0.981427;-0.698911;0.494573;
0.049750;-1.370118;0.981427;-0.698992;0.494573;
0.049760;-1.370808;0.981427;-0.699066;0.494573;
0.049770;-1.371484;0.981427;-0.699134;0.494573;
0.049780;-1.372147;0.981427;-0.699195;0.494573;
0.049790;-1.372796;0.981427;-0.699248;0.494573;
0.049800;-1.373432;0.981427;-0.699295;0.494573;
0.049810;-1.374054;0.981427;-0.699335;0.494573;
0.049820;-1.374663;0.981427;-0.699368;0.494573;
0.049830;-1.375258;0.981427;-0.699394;0.494573;
0.049840;-1.375840;0.981427;-0.699413;0.494573;
0.049850;-1.376407;0.981427;-0.699426;0.494573;
0.049860;-1.376962;0.981427;-0.699431;0.494573;
0.049870;-1.377502;0.981427;-0.699430;0.494573;
0.049880;-1.378030;0.981427;-0.699421;0.494573;
0.049890;-1.378543;0.981427;-0.699406;0.494573;
0.049900;-1.379043;0.981427;-0.699384;0.494573;
0.049910;-1.379529;0.981427;-0.699355;0.494573;
0.049920;-1.380002;0.981427;-0.699319;0.494573;
0.049930;-1.380461;0.981427;-0.699276;0.494573;
0.049940;-1.380906;0.981427;-0.699226;0.494573;
0.049950;-1.381338;0.981427;-0.699169;0.494573;
0.049960;-1.381756;0.981427;-0.699105;0.494573;
0.049970;-1.382161;0.981427;-0.699035;0.494573;
0.049980;-1.382552;0.981427;-0.698958;0.494573;
0.049990;-1.382929;0.981427;-0.698873;0.494573;
0.050000;-1.383293;0.981427;-0.698782;0.494573;
0.050010;-1.383643;0.981427;-0.698684;0.494573;
0.050020;-1.383979;0.981427;-0.698579;0.494573;
0.050030;-1.384302;0.981427;-0.698467;0.494573;
0.050040;-1.384611;0.981427;-0.698348;0.494573;
0.050050;-1.384906;0.981427;-0.698223;0.494573;
0.050060;-1.385188;0.981427;-0.698090;0.494573;
0.050070;-1.385456;0.981427;-0.697950;0.494573;
0.050080;-1.385710;0.981427;-0.697804;0.494573;
0.050090;-1.385950;0.981427;-0.697651;0.494573;
0.050100;-1.386177;0.981427;-0.697491;0.494573;
0.050110;-1.386391;0.981427;-0.697324;0.494573;
0.050120;-1.386590;0.981427;-0.697150;0.494573;
0.050130;-1.386776;0.981427;-0.696969;0.494573;
0.050140;-1.386948;0.981427;-0.696781;0.494573;
0.050150;-1.387107;0.981427;-0.696587;0.494573;
0.050160;-1.387252;0.981427;-0.696385;0.494573;
0.050170;-1.387383;0.981427;-0.696177;0.494573;
0.050180;-1.387500;0.981427;-0.695962;0.494573;
0.050190;-1.387604;0.981427;-0.695740;0.494573;
0.050200;-1.387694;0.981427;-0.695511;0.494573;
0.050210;-1.387770;0.981427;-0.695275;0.494573;
0.050220;-1.387833;0.981427;-0.695033;0.494573;
0.050230;-1.387882;0.981427;-0.694783;0.494573;
0.050240;-1.387917;0.981427;-0.694527;0.494573;
0.050250;-1.387939;0.981427;-0.694264;0.494573;
0.050260;-1.387947;0.981427;-0.693994;0.494573;
0.050270;-1.387941;0.981427;-0.693717;0.494573;
0.050280;-1.387921;0.981427;-0.693433;0.494573;
0.050290;-1.387888;0.981427;-0.693143;0.494573;
0.050300;-1.387841;0.981427;-0.692845;0.494573;
0.050310;-1.387781;0.981427;-0.692541;0.494573;
0.050320;-1.387706;0.981427;-0.692230;0.494573;
0.050330;-1.387618;0.981427;-0.691912;0.494573;
0.050340;-1.387517;0.981427;-0.691587;0.494573;
0.050350;-1.387401;0.981427;-0.691256;0.494573;
0.050360;-1.387272;0.981427;-0.690917;0.494573;
0.050370;-1.387129;0.981427;-0.690572;0.494573;
0.050380;-1.386973;0.981427;-0.690220;0.494573;
0.050390;-1.386803;0.981427;-0.689861;0.494573;
0.050400;-1.386619;0.981427;-0.689495;0.494573;
0.050410;-1.386421;0.981427;-0.689123;0.494573;
0.050420;-1.386210;0.981427;-0.688744;0.494573;
0.050430;-1.385985;0.981427;-0.688358;0.494573;
0.050440;-1.385747;0.981427;-0.687965;0.494573;
0.050450;-1.385494;0.981427;-0.687565;0.494573;
0.050460;-1.385228;0.981427;-0.687159;0.494573;
0.050470;-1.384949;0.981427;-0.686746;0.494573;
0.050480;-1.384655;0.981427;-0.686326;0.494573;
0.050490;-1.384349;0.981427;-0.685899;0.494573;
0.050500;-1.384028;0.981427;-0.685465;0.494573;
0.050510;-1.383694;0.981427;-0.685025;0.494573;
0.050520;-1.383346;0.981427;-0.684578;0.494573;
0.050530;-1.382984;0.981427;-0.684124;0.494573;
0.050540;-1.382609;0.981427;-0.683664;0.494573;
0.050550;-1.382220;0.981427;-0.683196;0.494573;
0.050560;-1.381818;0.981427;-0.682722;0.494573;
0.050570;-1.381401;0.981427;-0.682241;0.494573;
0.050580;-1.380972;0.981427;-0.681754;0.494573;
0.050590;-1.380528;0.981427;-0.681260;0.494573;
0.050600;-1.380071;0.981427;-0.680759;0.494573;
0.050610;-1.379601;0.981427;-0.680251;0.494573;
0.050620;-1.379116;0.981427;-0.679736;0.494573;
0.050630;-1.378618;0.981427;-0.679215;0.494573;
0.050640;-1.378107;0.981427;-0.678688;0.494573;
0.050650;-1.377582;0.981427;-0.678153;0.494573;
0.050660;-1.377043;0.981427;-0.677612;0.494573;
0.050670;-1.376491;0.981427;-0.677064;0.494573;
0.050680;-1.375925;0.981427;-0.676509;0.494573;
0.050690;-1.375345;0.981427;-0.675948;0.494573;
0.050700;-1.374752;0.981427;-0.675380;0.494573;
0.050710;-1.374146;0.981427;-0.674806;0.494573;
0.050720;-1.373526;0.981427;-0.674224;0.494573;
0.050730;-1.372892;0.981427;-0.673636;0.494573;
0.050740;-1.372245;0.981427;-0.673042;0.494573;
0.050750;-1.371584;0.981427;-0.672441;0.494573;
0.050760;-1.370910;0.981427;-0.671833;0.494573;
0.050770;-1.370222;0.981427;-0.671218;0.494573;
0.050780;-1.369520;0.981427;-0.670597;0.494573;
0.050790;-1.368805;0.981427;-0.669969;0.494573;
0.050800;-1.368077;0.981427;-0.669335;0.494573;
0.050810;-1.367335;0.981427;-0.668694;0.494573;
0.050820;-1.366580;0.981427;-0.668047;0.494573;
0.050830;-1.365811;0.981427;-0.667393;0.494573;
0.050840;-1.365028;0.981427;-0.666732;0.494573;
0.050850;-1.364233;0.981427;-0.666065;0.494573;
0.050860;-1.363423;0.981427;-0.665391;0.494573;
0.050870;-1.362600;0.981427;-0.664710;0.494573;
0.050880;-1.361764;0.981427;-0.664023;0.494573;
0.050890;-1.360915;0.981427;-0.663330;0.494573;
0.050900;-1.360051;0.981427;-0.662630;0.494573;
0.050910;-1.359175;0.981427;-0.661923;0.494573;
0.050920;-1.358285;0.981427;-0.661210;0.494573;
0.050930;-1.357382;0.981427;-0.660490;0.494573;
0.050940;-1.356465;0.981427;-0.659764;0.494573;
0.050950;-1.355535;0.981427;-0.659031;0.494573;
0.050960;-1.354591;0.981427;-0.658292;0.494573;
0.050970;-1.353634;0.981427;-0.657546;0.494573;
0.050980;-1.352664;0.981427;-0.656794;0.494573;
0.050990;-1.351681;0.981427;-0.656035;0.494573;
0.051000;-1.350684;0.981427;-0.655270;0.494573;
0.051010;-1.349673;0.981427;-0.654498;0.494573;
0.051020;-1.348650;0.981427;-0.653720;0.494573;
0.051030;-1.347613;0.981427;-0.652936;0.494573;
0.051040;-1.346563;0.981427;-0.652145;0.494573;
0.051050;-1.345499;0.981427;-0.651347;0.494573;
0.051060;-1.344423;0.981427;-0.650543;0.494573;
0.051070;-1.343333;0.981427;-0.649733;0.494573;
0.051080;-1.342229;0.981427;-0.648917;0.494573;
0.051090;-1.341113;0.981427;-0.648093;0.494573;
0.051100;-1.339983;0.981427;-0.647264;0.494573;
0.051110;-1.338840;0.981427;-0.646428;0.494573;
0.051120;-1.337684;0.981427;-0.645586;0.494573;
0.051130;-1.336514;0.981427;-0.644737;0.494573;
0.051140;-1.335332;0.981427;-0.643882;0.494573;
0.051150;-1.334136;0.981427;-0.643021;0.494573;
0.051160;-1.332927;0.981427;-0.642153;0.494573;
0.051170;-1.331705;0.981427;-0.641279;0.494573;
0.051180;-1.330470;0.981427;-0.640399;0.494573;
0.051190;-1.329221;0.981427;-0.639512;0.494573;
0.051200;-1.327960;0.981427;-0.638619;0.494573;
0.051210;-1.326685;0.981427;-0.637720;0.494573;
0.051220;-1.325398;0.981427;-0.636814;0.494573;
0.051230;-1.324097;0.981427;-0.635902;0.494573;
0.051240;-1.322783;0.981427;-0.634984;0.494573;
0.051250;-1.321456;0.981427;-0.634060;0.494573;
0.051260;-1.320116;0.981427;-0.633129;0.494573;
0.051270;-1.318763;0.981427;-0.632192;0.494573;
0.051280;-1.317397;0.981427;-0.631249;0.494573;
0.051290;-1.316018;0.981427;-0.630299;0.494573;
0.051300;-1.314626;0.981427;-0.629344;0.494573;
0.051310;-1.313221;0.981427;-0.628382;0.494573;
0.051320;-1.311803;0.981427;-0.627414;0.494573;
0.051330;-1.310373;0.981427;-0.626440;0.494573;
0.051340;-1.308929;0.981427;-0.625459;0.494573;
0.051350;-1.307472;0.981427;-0.624473;0.494573;
0.051360;-1.306002;0.981427;-0.623480;0.494573;
0.051370;-1.304520;0.981427;-0.622481;0.494573;
0.051380;-1.303025;0.981427;-0.621476;0.494573;
0.051390;-1.301516;0.981427;-0.620465;0.494573;
0.051400;-1.299995;0.981427;-0.619448;0.494573;
0.051410;-1.298461;0.981427;-0.618424;0.494573;
0.051420;-1.296915;0.981427;-0.617395;0.494573;
0.051430;-1.295355;0.981427;-0.616359;0.494573;
0.051440;-1.293783;0.981427;-0.615317;0.494573;
0.051450;-1.292198;0.981427;-0.614270;0.494573;
0.051460;-1.290600;0.981427;-0.613216;0.494573;
0.051470;-1.288989;0.981427;-0.612156;0.494573;
0.051480;-1.287366;0.981427;-0.611090;0.494573;
0.051490;-1.285730;0.981427;-0.610018;0.494573;
0.051500;-1.284081;0.981427;-0.608940;0.494573;
0.051510;-1.282420;0.981427;-0.607856;0.494573;
0.051520;-1.280746;0.981427;-0.606766;0.494573;
0.051530;-1.279059;0.981427;-0.605670;0.494573;
0.051540;-1.277360;0.981427;-0.604568;0.494573;
0.051550;-1.275648;0.981427;-0.603460;0.494573;
0.051560;-1.273924;0.981427;-0.602346;0.494573;
0.051570;-1.272186;0.981427;-0.601226;0.494573;
0.051580;-1.270437;0.981427;-0.600101;0.494573;
0.051590;-1.268675;0.981427;-0.598969;0.494573;
0.051600;-1.266900;0.981427;-0.597831;0.494573;
0.051610;-1.265113;0.981427;-0.596688;0.494573;
0.051620;-1.263313;0.981427;-0.595539;0.494573;
0.051630;-1.261501;0.981427;-0.594383;0.494573;
0.051640;-1.259676;0.981427;-0.593222;0.494573;
0.051650;-1.257839;0.981427;-0.592055;0.494573;
0.051660;-1.255990;0.981427;-0.590882;0.494573;
0.051670;-1.254128;0.981427;-0.589704;0.494573;
0.051680;-1.252254;0.981427;-0.588519;0.494573;
0.051690;-1.250367;0.981427;-0.587329;0.494573;
0.051700;-1.248469;0.981427;-0.586133;0.494573;
0.051710;-1.246557;0.981427;-0.584931;0.494573;
0.051720;-1.244634;0.981427;-0.583723;0.494573;
0.051730;-1.242698;0.981427;-0.582510;0.494573;
0.051740;-1.240750;0.981427;-0.581291;0.494573;
0.051750;-1.238790;0.981427;-0.580066;0.494573;
0.051760;-1.236817;0.981427;-0.578835;0.494573;
0.051770;-1.234832;0.981427;-0.577599;0.494573;
0.051780;-1.232835;0.981427;-0.576357;0.494573;
0.051790;-1.230826;0.981427;-0.575109;0.494573;
0.051800;-1.228805;0.981427;-0.573856;0.494573;
0.051810;-1.226772;0.981427;-0.572597;0.494573;
0.051820;-1.224726;0.981427;-0.571332;0.494573;
0.051830;-1.222669;0.981427;-0.570062;0.494573;
0.051840;-1.220599;0.981427;-0.568786;0.494573;
0.051850;-1.218517;0.981427;-0.567504;0.494573;
0.051860;-1.216423;0.981427;-0.566217;0.494573;
0.051870;-1.214318;0.981427;-0.564924;0.494573;
0.051880;-1.212200;0.981427;-0.563626;0.494573;
0.051890;-1.210070;0.981427;-0.562322;0.494573;
0.051900;-1.207929;0.981427;-0.561013;0.494573;
0.051910;-1.205775;0.981427;-0.559698;0.494573;
0.051920;-1.203610;0.981427;-0.558377;0.494573;
0.051930;-1.201432;0.981427;-0.557051;0.494573;
0.051940;-1.199243;0.981427;-0.555720;0.494573;
0.051950;-1.197042;0.981427;-0.554383;0.494573;
0.051960;-1.194829;0.981427;-0.553040;0.494573;
0.051970;-1.192605;0.981427;-0.551692;0.494573;
0.051980;-1.190368;0.981427;-0.550339;0.494573;
0.051990;-1.188120;0.981427;-0.548980;0.494573;
0.052000;-1.185860;0.981427;-0.547616;0.494573;
0.052010;-1.183589;0.981427;-0.546246;0.494573;
0.052020;-1.181306;0.981427;-0.544871;0.494573;
0.052030;-1.179011;0.981427;-0.543491;0.494573;
0.052040;-1.176704;0.981427;-0.542105;0.494573;
0.052050;-1.174386;0.981427;-0.540714;0.494573;
0.052060;-1.172056;0.981427;-0.539317;0.494573;
0.052070;-1.169715;0.981427;-0.537916;0.494573;
0.052080;-1.167362;0.981427;-0.536508;0.494573;
0.052090;-1.164998;0.981427;-0.535096;0.494573;
0.052100;-1.162622;0.981427;-0.533678;0.494573;
0.052110;-1.160234;0.981427;-0.532255;0.494573;
0.052120;-1.157836;0.981427;-0.530827;0.494573;
0.052130;-1.155425;0.981427;-0.529394;0.494573;
0.052140;-1.153004;0.981427;-0.527955;0.494573;
0.052150;-1.150571;0.981427;-0.526511;0.494573;
0.052160;-1.148126;0.981427;-0.525062;0.494573;
0.052170;-1.145671;0.981427;-0.523608;0.494573;
0.052180;-1.143204;0.981427;-0.522149;0.494573;
0.052190;-1.140725;0.981427;-0.520684;0.494573;
0.052200;-1.138236;0.981427;-0.519214;0.494573;
0.052210;-1.135735;0.981427;-0.517739;0.494573;
0.052220;-1.133223;0.981427;-0.516260;0.494573;
0.052230;-1.130700;0.981427;-0.514775;0.494573;
0.052240;-1.128165;0.981427;-0.513284;0.494573;
0.052250;-1.125620;0.981427;-0.511789;0.494573;
0.052260;-1.123063;0.981427;-0.510289;0.494573;
0.052270;-1.120496;0.981427;-0.508784;0.494573;
0.052280;-1.117917;0.981427;-0.507273;0.494573;
0.052290;-1.115327;0.981427;-0.505758;0.494573;
0.052300;-1.112726;0.981427;-0.504238;0.494573;
0.052310;-1.110115;0.981427;-0.502713;0.494573;
0.052320;-1.107492;0.981427;-0.501182;0.494573;
0.052330;-1.104858;0.981427;-0.499647;0.494573;
0.052340;-1.102214;0.981427;-0.498107;0.494573;
0.052350;-1.099558;0.981427;-0.496562;0.494573;
0.052360;-1.096892;0.981427;-0.495012;0.494573;
0.052370;-1.094215;0.981427;-0.493457;0.494573;
0.052380;-1.091527;0.981427;-0.491898;0.494573;
0.052390;-1.088828;0.981427;-0.490333;0.494573;
0.052400;-1.086119;0.981427;-0.488764;0.494573;
0.052410;-1.083399;0.981427;-0.487190;0.494573;
0.052420;-1.080668;0.981427;-0.485611;0.494573;
0.052430;-1.077927;0.981427;-0.484027;0.494573;
0.052440;-1.075174;0.981427;-0.482438;0.494573;
0.052450;-1.072412;0.981427;-0.480845;0.494573;
0.052460;-1.069638;0.981427;-0.479247;0.494573;
0.052470;-1.066854;0.981427;-0.477644;0.494573;
0.052480;-1.064060;0.981427;-0.476037;0.494573;
0.052490;-1.061255;0.981427;-0.474424;0.494573;
0.052500;-1.058440;0.981427;-0.472807;0.494573;
0.052510;-1.055614;0.981427;-0.471186;0.494573;
0.052520;-1.052778;0.981427;-0.469560;0.494573;
0.052530;-1.049931;0.981427;-0.467929;0.494573;
0.052540;-1.047074;0.981427;-0.466293;0.494573;
0.052550;-1.044207;0.981427;-0.464653;0.494573;
0.052560;-1.041329;0.981427;-0.463009;0.494573;
0.052570;-1.038441;0.981427;-0.461359;0.494573;
0.052580;-1.035543;0.981427;-0.459706;0.494573;
0.052590;-1.032634;0.981427;-0.458047;0.494573;
0.052600;-1.029716;0.981427;-0.456384;0.494573;
0.052610;-1.026787;0.981427;-0.454717;0.494573;
0.052620;-1.023848;0.981427;-0.453045;0.494573;
0.052630;-1.020899;0.981427;-0.451369;0.494573;
0.052640;-1.017940;0.981427;-0.449688;0.494573;
0.052650;-1.014971;0.981427;-0.448003;0.494573;
0.052660;-1.011992;0.981427;-0.446313;0.494573;
0.052670;-1.009003;0.981427;-0.444619;0.494573;
0.052680;-1.006004;0.981427;-0.442921;0.494573;
0.052690;-1.002995;0.981427;-0.441218;0.494573;
0.052700;-0.999976;0.981427;-0.439511;0.494573;
0.052710;-0.996947;0.981427;-0.437799;0.494573;
0.052720;-0.993908;0.981427;-0.436084;0.494573;
0.052730;-0.990860;0.981427;-0.434364;0.494573;
0.052740;-0.987802;0.981427;-0.432639;0.494573;
0.052750;-0.984734;0.981427;-0.430911;0.494573;
0.052760;-0.981656;0.981427;-0.429178;0.494573;
0.052770;-0.978569;0.981427;-0.427440;0.494573;
0.052780;-0.975472;0.981427;-0.425699;0.494573;
0.052790;-0.972365;0.981427;-0.423954;0.494573;
0.052800;-0.969249;0.981427;-0.422204;0.494573;
0.052810;-0.966123;0.981427;-0.420450;0.494573;
0.052820;-0.962988;0.981427;-0.418692;0.494573;
0.052830;-0.959843;0.981427;-0.416930;0.494573;
0.052840;-0.956689;0.981427;-0.415163;0.494573;
0.052850;-0.953525;0.981427;-0.413393;0.494573;
0.052860;-0.950352;0.981427;-0.411618;0.494573;
0.052870;-0.947169;0.981427;-0.409840;0.494573;
0.052880;-0.943977;0.981427;-0.408057;0.494573;
0.052890;-0.940776;0.981427;-0.406271;0.494573;
0.052900;-0.937565;0.981427;-0.404480;0.494573;
0.052910;-0.934346;0.981427;-0.402685;0.494573;
0.052920;-0.931117;0.981427;-0.400887;0.494573;
0.052930;-0.927879;0.981427;-0.399084;0.494573;
0.052940;-0.924631;0.981427;-0.397278;0.494573;
0.052950;-0.921375;0.981427;-0.395467;0.494573;
0.052960;-0.918109;0.981427;-0.393653;0.494573;
0.052970;-0.914835;0.981427;-0.391835;0.494573;
0.052980;-0.911551;0.981427;-0.390013;0.494573;
0.052990;-0.908258;0.981427;-0.388187;0.494573;
0.053000;-0.904957;0.981427;-0.386357;0.494573;
0.053010;-0.901646;0.981427;-0.384523;0.494573;
0.053020;-0.898327;0.981427;-0.382686;0.494573;
0.053030;-0.894998;0.981427;-0.380845;0.494573;
0.053040;-0.891661;0.981427;-0.379000;0.494573;
0.053050;-0.888315;0.981427;-0.377151;0.494573;
0.053060;-0.884961;0.981427;-0.375299;0.494573;
0.053070;-0.881597;0.981427;-0.373443;0.494573;
0.053080;-0.878225;0.981427;-0.371583;0.494573;
0.053090;-0.874844;0.981427;-0.369720;0.494573;
0.053100;-0.871455;0.981427;-0.367853;0.494573;
0.053110;-0.868057;0.981427;-0.365982;0.494573;
0.053120;-0.864650;0.981427;-0.364108;0.494573;
0.053130;-0.861235;0.981427;-0.362230;0.494573;
0.053140;-0.857812;0.981427;-0.360348;0.494573;
0.053150;-0.854379;0.981427;-0.358463;0.494573;
0.053160;-0.850939;0.981427;-0.356575;0.494573;
0.053170;-0.847490;0.981427;-0.354683;0.494573;
0.053180;-0.844033;0.981427;-0.352787;0.494573;
0.053190;-0.840567;0.981427;-0.350888;0.494573;
0.053200;-0.837093;0.981427;-0.348985;0.494573;
0.053210;-0.833611;0.981427;-0.347079;0.494573;
0.053220;-0.830121;0.981427;-0.345170;0.494573;
0.053230;-0.826622;0.981427;-0.343257;0.494573;
0.053240;-0.823115;0.981427;-0.341341;0.494573;
0.053250;-0.819600;0.981427;-0.339421;0.494573;
0.053260;-0.816077;0.981427;-0.337498;0.494573;
0.053270;-0.812546;0.981427;-0.335572;0.494573;
0.053280;-0.809007;0.981427;-0.333643;0.494573;
0.053290;-0.805460;0.981427;-0.331710;0.494573;
0.053300;-0.801905;0.981427;-0.329774;0.494573;
0.053310;-0.798342;0.981427;-0.327834;0.494573;
0.053320;-0.794772;0.981427;-0.325892;0.494573;
0.053330;-0.791193;0.981427;-0.323946;0.494573;
0.053340;-0.787607;0.981427;-0.321997;0.494573;
0.053350;-0.784012;0.981427;-0.320045;0.494573;
0.053360;-0.780410;0.981427;-0.318089;0.494573;
0.053370;-0.776801;0.981427;-0.316131;0.494573;
0.053380;-0.773183;0.981427;-0.314169;0.494573;
0.053390;-0.769558;0.981427;-0.312204;0.494573;
0.053400;-0.765926;0.981427;-0.310236;0.494573;
0.053410;-0.762286;0.981427;-0.308266;0.494573;
0.053420;-0.758638;0.981427;-0.306292;0.494573;
0.053430;-0.754983;0.981427;-0.304315;0.494573;
0.053440;-0.751321;0.981427;-0.302335;0.494573;
0.053450;-0.747651;0.981427;-0.300352;0.494573;
0.053460;-0.743973;0.981427;-0.298366;0.494573;
0.053470;-0.740289;0.981427;-0.296377;0.494573;
0.053480;-0.736597;0.981427;-0.294385;0.494573;
0.053490;-0.732897;0.981427;-0.292391;0.494573;
0.053500;-0.729191;0.981427;-0.290393;0.494573;
0.053510;-0.725477;0.981427;-0.288393;0.494573;
0.053520;-0.721756;0.981427;-0.286389;0.494573;
0.053530;-0.718028;0.981427;-0.284383;0.494573;
0.053540;-0.714293;0.981427;-0.282374;0.494573;
0.053550;-0.710551;0.981427;-0.280363;0.494573;
0.053560;-0.706802;0.981427;-0.278348;0.494573;
0.053570;-0.703046;0.981427;-0.276331;0.494573;
0.053580;-0.699283;0.981427;-0.274311;0.494573;
0.053590;-0.695513;0.981427;-0.272289;0.494573;
0.053600;-0.691736;0.981427;-0.270263;0.494573;
0.053610;-0.687952;0.981427;-0.268235;0.494573;
0.053620;-0.684162;0.981427;-0.266205;0.494573;
0.053630;-0.680365;0.981427;-0.264171;0.494573;
0.053640;-0.676561;0.981427;-0.262135;0.494573;
0.053650;-0.672750;0.981427;-0.260097;0.494573;
0.053660;-0.668933;0.981427;-0.258056;0.494573;
0.053670;-0.665109;0.981427;-0.256012;0.494573;
0.053680;-0.661279;0.981427;-0.253966;0.494573;
0.053690;-0.657442;0.981427;-0.251918;0.494573;
0.053700;-0.653598;0.981427;-0.249867;0.494573;
0.053710;-0.649749;0.981427;-0.247813;0.494573;
0.053720;-0.645892;0.981427;-0.245757;0.494573;
0.053730;-0.642030;0.981427;-0.243699;0.494573;
0.053740;-0.638161;0.981427;-0.241638;0.494573;
0.053750;-0.634285;0.981427;-0.239575;0.494573;
0.053760;-0.630404;0.981427;-0.237509;0.494573;
0.053770;-0.626516;0.981427;-0.235441;0.494573;
0.053780;-0.622622;0.981427;-0.233371;0.494573;
0.053790;-0.618722;0.981427;-0.231298;0.494573;
0.053800;-0.614816;0.981427;-0.229223;0.494573;
0.053810;-0.610904;0.981427;-0.227146;0.494573;
0.053820;-0.606985;0.981427;-0.225067;0.494573;
0.053830;-0.603061;0.981427;-0.222985;0.494573;
0.053840;-0.599131;0.981427;-0.220902;0.494573;
0.053850;-0.595195;0.981427;-0.218816;0.494573;
0.053860;-0.591253;0.981427;-0.216728;0.494573;
0.053870;-0.587305;0.981427;-0.214637;0.494573;
0.053880;-0.583351;0.981427;-0.212545;0.494573;
0.053890;-0.579392;0.981427;-0.210450;0.494573;
0.053900;-0.575427;0.981427;-0.208354;0.494573;
0.053910;-0.571456;0.981427;-0.206255;0.494573;
0.053920;-0.567480;0.981427;-0.204155;0.494573;
0.053930;-0.563497;0.981427;-0.202052;0.494573;
0.053940;-0.559510;0.981427;-0.199947;0.494573;
0.053950;-0.555517;0.981427;-0.197841;0.494573;
0.053960;-0.551518;0.981427;-0.195732;0.494573;
0.053970;-0.547514;0.981427;-0.193622;0.494573;
0.053980;-0.543505;0.981427;-0.191509;0.494573;
0.053990;-0.539490;0.981427;-0.189395;0.494573;
0.054000;-0.535470;0.981427;-0.187279;0.494573;
0.054010;-0.531444;0.981427;-0.185161;0.494573;
0.054020;-0.527414;0.981427;-0.183041;0.494573;
0.054030;-0.523378;0.981427;-0.180919;0.494573;
0.054040;-0.519337;0.981427;-0.178796;0.494573;
0.054050;-0.515290;0.981427;-0.176671;0.494573;
0.054060;-0.511239;0.981427;-0.174544;0.494573;
0.054070;-0.507183;0.981427;-0.172415;0.494573;
0.054080;-0.503122;0.981427;-0.170285;0.494573;
0.054090;-0.499055;0.981427;-0.168153;0.494573;
0.054100;-0.494984;0.981427;-0.166019;0.494573;
0.054110;-0.490908;0.981427;-0.163884;0.494573;
0.054120;-0.486827;0.981427;-0.161747;0.494573;
0.054130;-0.482741;0.981427;-0.159608;0.494573;
0.054140;-0.478651;0.981427;-0.157468;0.494573;
0.054150;-0.474556;0.981427;-0.155326;0.494573;
0.054160;-0.470456;0.981427;-0.153183;0.494573;
0.054170;-0.466351;0.981427;-0.151038;0.494573;
0.054180;-0.462242;0.981427;-0.148892;0.494573;
0.054190;-0.458128;0.981427;-0.146744;0.494573;
0.054200;-0.454010;0.981427;-0.144595;0.494573;
0.054210;-0.449887;0.981427;-0.142445;0.494573;
0.054220;-0.445760;0.981427;-0.140293;0.494573;
0.054230;-0.441629;0.981427;-0.138139;0.494573;
0.054240;-0.437493;0.981427;-0.135985;0.494573;
0.054250;-0.433352;0.981427;-0.133829;0.494573;
0.054260;-0.429208;0.981427;-0.131671;0.494573;
0.054270;-0.425059;0.981427;-0.129512;0.494573;
0.054280;-0.420906;0.981427;-0.127353;0.494573;
0.054290;-0.416749;0.981427;-0.125191;0.494573;
0.054300;-0.412588;0.981427;-0.123029;0.494573;
0.054310;-0.408423;0.981427;-0.120865;0.494573;
0.054320;-0.404253;0.981427;-0.118700;0.494573;
0.054330;-0.400080;0.981427;-0.116534;0.494573;
0.054340;-0.395903;0.981427;-0.114367;0.494573;
0.054350;-0.391722;0.981427;-0.112199;0.494573;
0.054360;-0.387537;0.981427;-0.110029;0.494573;
0.054370;-0.383348;0.981427;-0.107859;0.494573;
0.054380;-0.379155;0.981427;-0.105687;0.494573;
0.054390;-0.374959;0.981427;-0.103515;0.494573;
0.054400;-0.370759;0.981427;-0.101341;0.494573;
0.054410;-0.366555;0.981427;-0.099166;0.494573;
0.054420;-0.362348;0.981427;-0.096991;0.494573;
0.054430;-0.358137;0.981427;-0.094814;0.494573;
0.054440;-0.353922;0.981427;-0.092637;0.494573;
0.054450;-0.349704;0.981427;-0.090458;0.494573;
0.054460;-0.345483;0.981427;-0.088279;0.494573;
0.054470;-0.341258;0.981427;-0.086099;0.494573;
0.054480;-0.337030;0.981427;-0.083918;0.494573;
0.054490;-0.332798;0.981427;-0.081736;0.494573;
0.054500;-0.328564;0.981427;-0.079553;0.494573;
0.054510;-0.324325;0.981427;-0.077370;0.494573;
0.054520;-0.320084;0.981427;-0.075185;0.494573;
0.054530;-0.315840;0.981427;-0.073001;0.494573;
0.054540;-0.311592;0.981427;-0.070815;0.494573;
0.054550;-0.307342;0.981427;-0.068628;0.494573;
0.054560;-0.303088;0.981427;-0.066441;0.494573;
0.054570;-0.298831;0.981427;-0.064254;0.494573;
0.054580;-0.294572;0.981427;-0.062065;0.494573;
0.054590;-0.290309;0.981427;-0.059876;0.494573;
0.054600;-0.286044;0.981427;-0.057687;0.494573;
0.054610;-0.281776;0.981427;-0.055497;0.494573;
0.054620;-0.277505;0.981427;-0.053306;0.494573;
0.054630;-0.273231;0.981427;-0.051115;0.494573;
0.054640;-0.268955;0.981427;-0.048923;0.494573;
0.054650;-0.264676;0.981427;-0.046731;0.494573;
0.054660;-0.260394;0.981427;-0.044538;0.494573;
0.054670;-0.256110;0.981427;-0.042345;0.494573;
0.054680;-0.251823;0.981427;-0.040152;0.494573;
0.054690;-0.247534;0.981427;-0.037958;0.494573;
0.054700;-0.243242;0.981427;-0.035764;0.494573;
0.054710;-0.238948;0.981427;-0.033569;0.494573;
0.054720;-0.234652;0.981427;-0.031374;0.494573;
0.054730;-0.230353;0.981427;-0.029179;0.494573;
0.054740;-0.226052;0.981427;-0.026983;0.494573;
0.054750;-0.221749;0.981427;-0.024787;0.494573;
0.054760;-0.217443;0.981427;-0.022591;0.494573;
0.054770;-0.213136;0.981427;-0.020395;0.494573;
0.054780;-0.208826;0.981427;-0.018198;0.494573;
0.054790;-0.204514;0.981427;-0.016002;0.494573;
0.054800;-0.200201;0.981427;-0.013805;0.494573;
0.054810;-0.195885;0.981427;-0.011608;0.494573;
0.054820;-0.191567;0.981427;-0.009411;0.494573;
0.054830;-0.187248;0.981427;-0.007214;0.494573;
0.054840;-0.182926;0.981427;-0.005016;0.494573;
0.054850;-0.178603;0.981427;-0.002819;0.494573;
0.054860;-0.174278;0.981427;-0.000622;0.494573;
0.054870;-0.169951;0.981427;0.001575;0.494573;
0.054880;-0.165623;0.981427;0.003773;0.494573;
0.054890;-0.161293;0.981427;0.005970;0.494573;
0.054900;-0.156961;0.981427;0.008167;0.494573;
0.054910;-0.152628;0.981427;0.010364;0.494573;
0.054920;-0.148293;0.981427;0.012561;0.494573;
0.054930;-0.143957;0.981427;0.014758;0.494573;
0.054940;-0.139620;0.981427;0.016955;0.494573;
0.054950;-0.135281;0.981427;0.019152;0.494573;
0.054960;-0.130941;0.981427;0.021348;0.494573;
0.054970;-0.126599;0.981427;0.023544;0.494573;
0.054980;-0.122256;0.981427;0.025740;0.494573;
0.054990;-0.117912;0.981427;0.027936;0.494573;
0.055000;-0.113567;0.981427;0.030131;0.494573;
0.055010;-0.109221;0.981427;0.032327;0.494573;
0.055020;-0.104873;0.981427;0.034521;0.494573;
0.055030;-0.100525;0.981427;0.036716;0.494573;
0.055040;-0.096176;0.981427;0.038910;0.494573;
0.055050;-0.091825;0.981427;0.041104;0.494573;
0.055060;-0.087474;0.981427;0.043297;0.494573;
0.055070;-0.083122;0.981427;0.045490;0.494573;
0.055080;-0.078769;0.981427;0.047682;0.494573;
0.055090;-0.074415;0.981427;0.049874;0.494573;
0.055100;-0.070061;0.981427;0.052066;0.494573;
0.055110;-0.065706;0.981427;0.054257;0.494573;
0.055120;-0.061350;0.981427;0.056447;0.494573;
0.055130;-0.056993;0.981427;0.058637;0.494573;
0.055140;-0.052636;0.981427;0.060826;0.494573;
0.055150;-0.048279;0.981427;0.063015;0.494573;
0.055160;-0.043921;0.981427;0.065203;0.494573;
0.055170;-0.039563;0.981427;0.067391;0.494573;
0.055180;-0.035204;0.981427;0.069577;0.494573;
0.055190;-0.030845;0.981427;0.071763;0.494573;
0.055200;-0.026485;0.981427;0.073949;0.494573;
0.055210;-0.022126;0.981427;0.076133;0.494573;
0.055220;-0.017766;0.981427;0.078317;0.494573;
0.055230;-0.013406;0.981427;0.080500;0.494573;
0.055240;-0.009045;0.981427;0.082683;0.494573;
0.055250;-0.004685;0.981427;0.084864;0.494573;
0.055260;-0.000325;0.981427;0.087045;0.494573;
0.055270;0.004036;0.981427;0.089225;0.494573;
0.055280;0.008396;0.981427;0.091404;0.494573;
0.055290;0.012756;0.981427;0.093582;0.494573;
0.055300;0.017116;0.981427;0.095759;0.494573;
0.055310;0.021476;0.981427;0.097935;0.494573;
0.055320;0.025836;0.981427;0.100110;0.494573;
0.055330;0.030195;0.981427;0.102284;0.494573;
0.055340;0.034555;0.981427;0.104458;0.494573;
0.055350;0.038913;0.981427;0.106630;0.494573;
0.055360;0.043272;0.981427;0.108801;0.494573;
0.055370;0.047630;0.981427;0.110971;0.494573;
0.055380;0.051988;0.981427;0.113140;0.494573;
0.055390;0.056345;0.981427;0.115308;0.494573;
0.055400;0.060701;0.981427;0.117474;0.494573;
0.055410;0.065057;0.981427;0.119640;0.494573;
0.055420;0.069412;0.981427;0.121804;0.494573;
0.055430;0.073767;0.981427;0.123967;0.494573;
0.055440;0.078121;0.981427;0.126129;0.494573;
0.055450;0.082474;0.981427;0.128290;0.494573;
0.055460;0.086826;0.981427;0.130449;0.494573;
0.055470;0.091177;0.981427;0.132608;0.494573;
0.055480;0.095528;0.981427;0.134764;0.494573;
0.055490;0.099877;0.981427;0.136920;0.494573;
0.055500;0.104226;0.981427;0.139074;0.494573;
0.055510;0.108573;0.981427;0.141227;0.494573;
0.055520;0.112920;0.981427;0.143378;0.494573;
0.055530;0.117265;0.981427;0.145528;0.494573;
0.055540;0.121609;0.981427;0.147677;0.494573;
0.055550;0.125952;0.981427;0.149824;0.494573;
0.055560;0.130294;0.981427;0.151969;0.494573;
0.055570;0.134635;0.981427;0.154113;0.494573;
0.055580;0.138974;0.981427;0.156256;0.494573;
0.055590;0.143311;0.981427;0.158397;0.494573;
0.055600;0.147648;0.981427;0.160536;0.494573;
0.055610;0.151983;0.981427;0.162674;0.494573;
0.055620;0.156316;0.981427;0.164811;0.494573;
0.055630;0.160648;0.981427;0.166945;0.494573;
0.055640;0.164978;0.981427;0.169078;0.494573;
0.055650;0.169307;0.981427;0.171209;0.494573;
0.055660;0.173634;0.981427;0.173339;0.494573;
0.055670;0.177959;0.981427;0.175467;0.494573;
0.055680;0.182282;0.981427;0.177593;0.494573;
0.055690;0.186604;0.981427;0.179718;0.494573;
0.055700;0.190924;0.981427;0.181840;0.494573;
0.055710;0.195242;0.981427;0.183961;0.494573;
0.055720;0.199558;0.981427;0.186080;0.494573;
0.055730;0.203872;0.981427;0.188197;0.494573;
0.055740;0.208184;0.981427;0.190313;0.494573;
0.055750;0.212494;0.981427;0.192426;0.494573;
0.055760;0.216802;0.981427;0.194538;0.494573;
0.055770;0.221108;0.981427;0.196648;0.494573;
0.055780;0.225411;0.981427;0.198755;0.494573;
0.055790;0.229713;0.981427;0.200861;0.494573;
0.055800;0.234012;0.981427;0.202965;0.494573;
0.055810;0.238309;0.981427;0.205067;0.494573;
0.055820;0.242603;0.981427;0.207166;0.494573;
0.055830;0.246895;0.981427;0.209264;0.494573;
0.055840;0.251185;0.981427;0.211360;0.494573;
0.055850;0.255472;0.981427;0.213453;0.494573;
0.055860;0.259756;0.981427;0.215545;0.494573;
0.055870;0.264038;0.981427;0.217634;0.494573;
0.055880;0.268318;0.981427;0.219721;0.494573;
0.055890;0.272595;0.981427;0.221806;0.494573;
0.055900;0.276869;0.981427;0.223889;0.494573;
0.055910;0.281140;0.981427;0.225970;0.494573;
0.055920;0.285409;0.981427;0.228048;0.494573;
0.055930;0.289674;0.981427;0.230124;0.494573;
0.055940;0.293937;0.981427;0.232198;0.494573;
0.055950;0.298197;0.981427;0.234269;0.494573;
0.055960;0.302454;0.981427;0.236339;0.494573;
0.055970;0.306708;0.981427;0.238406;0.494573;
0.055980;0.310959;0.981427;0.240470;0.494573;
0.055990;0.315207;0.981427;0.242532;0.494573;
0.056000;0.319452;0.981427;0.244592;0.494573;
0.056010;0.323694;0.981427;0.246650;0.494573;
0.056020;0.327933;0.981427;0.248705;0.494573;
0.056030;0.332168;0.981427;0.250757;0.494573;
0.056040;0.336400;0.981427;0.252807;0.494573;
0.056050;0.340629;0.981427;0.254855;0.494573;
0.056060;0.344854;0.981427;0.256900;0.494573;
0.056070;0.349076;0.981427;0.258942;0.494573;
0.056080;0.353294;0.981427;0.260982;0.494573;
0.056090;0.357509;0.981427;0.263019;0.494573;
0.056100;0.361721;0.981427;0.265054;0.494573;
0.056110;0.365929;0.981427;0.267086;0.494573;
0.056120;0.370133;0.981427;0.269116;0.494573;
0.056130;0.374333;0.981427;0.271142;0.494573;
0.056140;0.378530;0.981427;0.273167;0.494573;
0.056150;0.382724;0.981427;0.275188;0.494573;
0.056160;0.386913;0.981427;0.277207;0.494573;
0.056170;0.391099;0.981427;0.279223;0.494573;
0.056180;0.395280;0.981427;0.281236;0.494573;
0.056190;0.399458;0.981427;0.283247;0.494573;
0.056200;0.403632;0.981427;0.285254;0.494573;
0.056210;0.407802;0.981427;0.287259;0.494573;
0.056220;0.411968;0.981427;0.289261;0.494573;
0.056230;0.416130;0.981427;0.291260;0.494573;
0.056240;0.420287;0.981427;0.293257;0.494573;
0.056250;0.424441;0.981427;0.295250;0.494573;
0.056260;0.428590;0.981427;0.297241;0.494573;
0.056270;0.432735;0.981427;0.299228;0.494573;
0.056280;0.436876;0.981427;0.301213;0.494573;
0.056290;0.441013;0.981427;0.303194;0.494573;
0.056300;0.445145;0.981427;0.305173;0.494573;
0.056310;0.449273;0.981427;0.307149;0.494573;
0.056320;0.453396;0.981427;0.309121;0.494573;
0.056330;0.457515;0.981427;0.311091;0.494573;
0.056340;0.461630;0.981427;0.313057;0.494573;
0.056350;0.465739;0.981427;0.315021;0.494573;
0.056360;0.469845;0.981427;0.316981;0.494573;
0.056370;0.473945;0.981427;0.318938;0.494573;
0.056380;0.478041;0.981427;0.320892;0.494573;
0.056390;0.482132;0.981427;0.322843;0.494573;
0.056400;0.486219;0.981427;0.324791;0.494573;
0.056410;0.490301;0.981427;0.326735;0.494573;
0.056420;0.494377;0.981427;0.328676;0.494573;
0.056430;0.498449;0.981427;0.330614;0.494573;
0.056440;0.502516;0.981427;0.332549;0.494573;
0.056450;0.506578;0.981427;0.334480;0.494573;
0.056460;0.510635;0.981427;0.336409;0.494573;
0.056470;0.514687;0.981427;0.338333;0.494573;
0.056480;0.518734;0.981427;0.340255;0.494573;
0.056490;0.522776;0.981427;0.342173;0.494573;
0.056500;0.526813;0.981427;0.344088;0.494573;
0.056510;0.530844;0.981427;0.345999;0.494573;
0.056520;0.534870;0.981427;0.347907;0.494573;
0.056530;0.538891;0.981427;0.349811;0.494573;
0.056540;0.542907;0.981427;0.351712;0.494573;
0.056550;0.546917;0.981427;0.353610;0.494573;
0.056560;0.550922;0.981427;0.355504;0.494573;
0.056570;0.554922;0.981427;0.357395;0.494573;
0.056580;0.558916;0.981427;0.359282;0.494573;
0.056590;0.562904;0.981427;0.361165;0.494573;
0.056600;0.566887;0.981427;0.363045;0.494573;
0.056610;0.570864;0.981427;0.364921;0.494573;
0.056620;0.574836;0.981427;0.366794;0.494573;
0.056630;0.578802;0.981427;0.368663;0.494573;
0.056640;0.582762;0.981427;0.370529;0.494573;
0.056650;0.586716;0.981427;0.372391;0.494573;
0.056660;0.590665;0.981427;0.374249;0.494573;
0.056670;0.594608;0.981427;0.376103;0.494573;
0.056680;0.598545;0.981427;0.377954;0.494573;
0.056690;0.602476;0.981427;0.379801;0.494573;
0.056700;0.606401;0.981427;0.381644;0.494573;
0.056710;0.610321;0.981427;0.383484;0.494573;
0.056720;0.614234;0.981427;0.385320;0.494573;
0.056730;0.618141;0.981427;0.387151;0.494573;
0.056740;0.622042;0.981427;0.388980;0.494573;
0.056750;0.625937;0.981427;0.390804;0.494573;
0.056760;0.629825;0.981427;0.392624;0.494573;
0.056770;0.633708;0.981427;0.394441;0.494573;
0.056780;0.637584;0.981427;0.396253;0.494573;
0.056790;0.641454;0.981427;0.398062;0.494573;
0.056800;0.645318;0.981427;0.399867;0.494573;
0.056810;0.649175;0.981427;0.401668;0.494573;
0.056820;0.653026;0.981427;0.403465;0.494573;
0.056830;0.656870;0.981427;0.405258;0.494573;
0.056840;0.660708;0.981427;0.407046;0.494573;
0.056850;0.664539;0.981427;0.408831;0.494573;
0.056860;0.668364;0.981427;0.410612;0.494573;
0.056870;0.672182;0.981427;0.412389;0.494573;
0.056880;0.675994;0.981427;0.414162;0.494573;
0.056890;0.679799;0.981427;0.415930;0.494573;
0.056900;0.683597;0.981427;0.417695;0.494573;
0.056910;0.687388;0.981427;0.419455;0.494573;
0.056920;0.691173;0.981427;0.421212;0.494573;
0.056930;0.694951;0.981427;0.422964;0.494573;
0.056940;0.698722;0.981427;0.424712;0.494573;
0.056950;0.702486;0.981427;0.426455;0.494573;
0.056960;0.706243;0.981427;0.428195;0.494573;
0.056970;0.709993;0.981427;0.429930;0.494573;
0.056980;0.713736;0.981427;0.431661;0.494573;
0.056990;0.717472;0.981427;0.433388;0.494573;
0.057000;0.721201;0.981427;0.435111;0.494573;
0.057010;0.724923;0.981427;0.436829;0.494573;
0.057020;0.728638;0.981427;0.438543;0.494573;
0.057030;0.732346;0.981427;0.440252;0.494573;
0.057040;0.736046;0.981427;0.441958;0.494573;
0.057050;0.739739;0.981427;0.443658;0.494573;
0.057060;0.743425;0.981427;0.445355;0.494573;
0.057070;0.747103;0.981427;0.447047;0.494573;
0.057080;0.750774;0.981427;0.448735;0.494573;
0.057090;0.754438;0.981427;0.450418;0.494573;
0.057100;0.758094;0.981427;0.452097;0.494573;
0.057110;0.761743;0.981427;0.453771;0.494573;
0.057120;0.765384;0.981427;0.455441;0.494573;
0.057130;0.769018;0.981427;0.457107;0.494573;
0.057140;0.772644;0.981427;0.458767;0.494573;
0.057150;0.776262;0.981427;0.460424;0.494573;
0.057160;0.779873;0.981427;0.462076;0.494573;
0.057170;0.783476;0.981427;0.463723;0.494573;
0.057180;0.787072;0.981427;0.465366;0.494573;
0.057190;0.790659;0.981427;0.467004;0.494573;
0.057200;0.794239;0.981427;0.468637;0.494573;
0.057210;0.797811;0.981427;0.470266;0.494573;
0.057220;0.801375;0.981427;0.471890;0.494573;
0.057230;0.804931;0.981427;0.473510;0.494573;
0.057240;0.808479;0.981427;0.475125;0.494573;
0.057250;0.812020;0.981427;0.476735;0.494573;
0.057260;0.815552;0.981427;0.478340;0.494573;
0.057270;0.819076;0.981427;0.479941;0.494573;
0.057280;0.822592;0.981427;0.481537;0.494573;
0.057290;0.826100;0.981427;0.483128;0.494573;
0.057300;0.829600;0.981427;0.484715;0.494573;
0.057310;0.833092;0.981427;0.486296;0.494573;
0.057320;0.836575;0.981427;0.487873;0.494573;
0.057330;0.840050;0.981427;0.489445;0.494573;
0.057340;0.843517;0.981427;0.491013;0.494573;
0.057350;0.846976;0.981427;0.492575;0.494573;
0.057360;0.850426;0.981427;0.494133;0.494573;
0.057370;0.853868;0.981427;0.495685;0.494573;
0.057380;0.857301;0.981427;0.497233;0.494573;
0.057390;0.860726;0.981427;0.498776;0.494573;
0.057400;0.864142;0.981427;0.500314;0.494573;
0.057410;0.867550;0.981427;0.501847;0.494573;
0.057420;0.870949;0.981427;0.503375;0.494573;
0.057430;0.874340;0.981427;0.504898;0.494573;
0.057440;0.877722;0.981427;0.506416;0.494573;
0.057450;0.881096;0.981427;0.507929;0.494573;
0.057460;0.884460;0.981427;0.509438;0.494573;
0.057470;0.887816;0.981427;0.510941;0.494573;
0.057480;0.891164;0.981427;0.512439;0.494573;
0.057490;0.894502;0.981427;0.513932;0.494573;
0.057500;0.897832;0.981427;0.515420;0.494573;
0.057510;0.901152;0.981427;0.516902;0.494573;
0.057520;0.904464;0.981427;0.518380;0.494573;
0.057530;0.907767;0.981427;0.519853;0.494573;
0.057540;0.911061;0.981427;0.521320;0.494573;
0.057550;0.914346;0.981427;0.522783;0.494573;
0.057560;0.917622;0.981427;0.524240;0.494573;
0.057570;0.920889;0.981427;0.525692;0.494573;
0.057580;0.924147;0.981427;0.527139;0.494573;
0.057590;0.927396;0.981427;0.528580;0.494573;
0.057600;0.930635;0.981427;0.530017;0.494573;
0.057610;0.933865;0.981427;0.531448;0.494573;
0.057620;0.937087;0.981427;0.532874;0.494573;
0.057630;0.940298;0.981427;0.534294;0.494573;
0.057640;0.943501;0.981427;0.535710;0.494573;
0.057650;0.946694;0.981427;0.537120;0.494573;
0.057660;0.949878;0.981427;0.538525;0.494573;
0.057670;0.953053;0.981427;0.539924;0.494573;
0.057680;0.956218;0.981427;0.541318;0.494573;
0.057690;0.959374;0.981427;0.542707;0.494573;
0.057700;0.962520;0.981427;0.544090;0.494573;
0.057710;0.965657;0.981427;0.545468;0.494573;
0.057720;0.968784;0.981427;0.546841;0.494573;
0.057730;0.971902;0.981427;0.548208;0.494573;
0.057740;0.975010;0.981427;0.549570;0.494573;
0.057750;0.978108;0.981427;0.550927;0.494573;
0.057760;0.981197;0.981427;0.552278;0.494573;
0.057770;0.984276;0.981427;0.553623;0.494573;
0.057780;0.987345;0.981427;0.554963;0.494573;
0.057790;0.990405;0.981427;0.556298;0.494573;
0.057800;0.993455;0.981427;0.557627;0.494573;
0.057810;0.996495;0.981427;0.558951;0.494573;
0.057820;0.999525;0.981427;0.560269;0.494573;
0.057830;1.002546;0.981427;0.561582;0.494573;
0.057840;1.005556;0.981427;0.562889;0.494573;
0.057850;1.008557;0.981427;0.564190;0.494573;
0.057860;1.011547;0.981427;0.565486;0.494573;
0.057870;1.014528;0.981427;0.566776;0.494573;
0.057880;1.017499;0.981427;0.568061;0.494573;
0.057890;1.020459;0.981427;0.569340;0.494573;
0.057900;1.023410;0.981427;0.570614;0.494573;
0.057910;1.026350;0.981427;0.571882;0.494573;
0.057920;1.029280;0.981427;0.573144;0.494573;
0.057930;1.032200;0.981427;0.574401;0.494573;
0.057940;1.035110;0.981427;0.575652;0.494573;
0.057950;1.038010;0.981427;0.576897;0.494573;
0.057960;1.040900;0.981427;0.578136;0.494573;
0.057970;1.043779;0.981427;0.579370;0.494573;
0.057980;1.046648;0.981427;0.580598;0.494573;
0.057990;1.049506;0.981427;0.581821;0.494573;
0.058000;1.052354;0.981427;0.583037;0.494573;
0.058010;1.055192;0.981427;0.584248;0.494573;
0.058020;1.058020;0.981427;0.585453;0.494573;
0.058030;1.060836;0.981427;0.586653;0.494573;
0.058040;1.063643;0.981427;0.587846;0.494573;
0.058050;1.066439;0.981427;0.589034;0.494573;
0.058060;1.069224;0.981427;0.590216;0.494573;
0.058070;1.071999;0.981427;0.591392;0.494573;
0.058080;1.074764;0.981427;0.592562;0.494573;
0.058090;1.077517;0.981427;0.593727;0.494573;
0.058100;1.080260;0.981427;0.594885;0.494573;
0.058110;1.082993;0.981427;0.596038;0.494573;
0.058120;1.085715;0.981427;0.597185;0.494573;
0.058130;1.088426;0.981427;0.598326;0.494573;
0.058140;1.091126;0.981427;0.599461;0.494573;
0.058150;1.093815;0.981427;0.600590;0.494573;
0.058160;1.096494;0.981427;0.601713;0.494573;
0.058170;1.099162;0.981427;0.602830;0.494573;
0.058180;1.101819;0.981427;0.603942;0.494573;
0.058190;1.104465;0.981427;0.605047;0.494573;
0.058200;1.107100;0.981427;0.606146;0.494573;
0.058210;1.109725;0.981427;0.607240;0.494573;
0.058220;1.112338;0.981427;0.608327;0.494573;
0.058230;1.114941;0.981427;0.609409;0.494573;
0.058240;1.117532;0.981427;0.610484;0.494573;
0.058250;1.120112;0.981427;0.611553;0.494573;
0.058260;1.122682;0.981427;0.612617;0.494573;
0.058270;1.125240;0.981427;0.613674;0.494573;
0.058280;1.127787;0.981427;0.614725;0.494573;
0.058290;1.130323;0.981427;0.615770;0.494573;
0.058300;1.132848;0.981427;0.616809;0.494573;
0.058310;1.135362;0.981427;0.617842;0.494573;
0.058320;1.137864;0.981427;0.618869;0.494573;
0.058330;1.140355;0.981427;0.619890;0.494573;
0.058340;1.142835;0.981427;0.620904;0.494573;
0.058350;1.145304;0.981427;0.621913;0.494573;
0.058360;1.147761;0.981427;0.622915;0.494573;
0.058370;1.150207;0.981427;0.623912;0.494573;
0.058380;1.152642;0.981427;0.624902;0.494573;
0.058390;1.155065;0.981427;0.625886;0.494573;
0.058400;1.157477;0.981427;0.626863;0.494573;
0.058410;1.159878;0.981427;0.627835;0.494573;
0.058420;1.162267;0.981427;0.628800;0.494573;
0.058430;1.164645;0.981427;0.629759;0.494573;
0.058440;1.167011;0.981427;0.630712;0.494573;
0.058450;1.169365;0.981427;0.631659;0.494573;
0.058460;1.171708;0.981427;0.632599;0.494573;
0.058470;1.174040;0.981427;0.633534;0.494573;
0.058480;1.176360;0.981427;0.634462;0.494573;
0.058490;1.178668;0.981427;0.635383;0.494573;
0.058500;1.180965;0.981427;0.636299;0.494573;
0.058510;1.183250;0.981427;0.637208;0.494573;
0.058520;1.185523;0.981427;0.638111;0.494573;
0.058530;1.187784;0.981427;0.639007;0.494573;
0.058540;1.190034;0.981427;0.639898;0.494573;
0.058550;1.192272;0.981427;0.640782;0.494573;
0.058560;1.194499;0.981427;0.641659;0.494573;
0.058570;1.196713;0.981427;0.642530;0.494573;
0.058580;1.198916;0.981427;0.643395;0.494573;
0.058590;1.201107;0.981427;0.644254;0.494573;
0.058600;1.203286;0.981427;0.645106;0.494573;
0.058610;1.205453;0.981427;0.645952;0.494573;
0.058620;1.207609;0.981427;0.646792;0.494573;
0.058630;1.209752;0.981427;0.647625;0.494573;
0.058640;1.211884;0.981427;0.648451;0.494573;
0.058650;1.214003;0.981427;0.649272;0.494573;
0.058660;1.216111;0.981427;0.650086;0.494573;
0.058670;1.218206;0.981427;0.650893;0.494573;
0.058680;1.220290;0.981427;0.651694;0.494573;
0.058690;1.222361;0.981427;0.652489;0.494573;
0.058700;1.224420;0.981427;0.653277;0.494573;
0.058710;1.226468;0.981427;0.654059;0.494573;
0.058720;1.228503;0.981427;0.654834;0.494573;
0.058730;1.230526;0.981427;0.655603;0.494573;
0.058740;1.232537;0.981427;0.656365;0.494573;
0.058750;1.234536;0.981427;0.657121;0.494573;
0.058760;1.236522;0.981427;0.657871;0.494573;
0.058770;1.238497;0.981427;0.658613;0.494573;
0.058780;1.240459;0.981427;0.659350;0.494573;
0.058790;1.242409;0.981427;0.660080;0.494573;
0.058800;1.244346;0.981427;0.660803;0.494573;
0.058810;1.246272;0.981427;0.661520;0.494573;
0.058820;1.248185;0.981427;0.662230;0.494573;
0.058830;1.250085;0.981427;0.662934;0.494573;
0.058840;1.251974;0.981427;0.663631;0.494573;
0.058850;1.253850;0.981427;0.664322;0.494573;
0.058860;1.255714;0.981427;0.665006;0.494573;
0.058870;1.257565;0.981427;0.665684;0.494573;
0.058880;1.259404;0.981427;0.666355;0.494573;
0.058890;1.261230;0.981427;0.667019;0.494573;
0.058900;1.263044;0.981427;0.667677;0.494573;
0.058910;1.264846;0.981427;0.668328;0.494573;
0.058920;1.266635;0.981427;0.668973;0.494573;
0.058930;1.268411;0.981427;0.669611;0.494573;
0.058940;1.270175;0.981427;0.670243;0.494573;
0.058950;1.271927;0.981427;0.670868;0.494573;
0.058960;1.273666;0.981427;0.671486;0.494573;
0.058970;1.275392;0.981427;0.672097;0.494573;
0.058980;1.277106;0.981427;0.672702;0.494573;
0.058990;1.278807;0.981427;0.673301;0.494573;
0.059000;1.280495;0.981427;0.673892;0.494573;
0.059010;1.282171;0.981427;0.674477;0.494573;
0.059020;1.283835;0.981427;0.675056;0.494573;
0.059030;1.285485;0.981427;0.675627;0.494573;
0.059040;1.287123;0.981427;0.676192;0.494573;
0.059050;1.288748;0.981427;0.676751;0.494573;
0.059060;1.290361;0.981427;0.677303;0.494573;
0.059070;1.291960;0.981427;0.677848;0.494573;
0.059080;1.293547;0.981427;0.678386;0.494573;
0.059090;1.295122;0.981427;0.678917;0.494573;
0.059100;1.296683;0.981427;0.679442;0.494573;
0.059110;1.298232;0.981427;0.679961;0.494573;
0.059120;1.299768;0.981427;0.680472;0.494573;
0.059130;1.301291;0.981427;0.680977;0.494573;
0.059140;1.302801;0.981427;0.681475;0.494573;
0.059150;1.304298;0.981427;0.681966;0.494573;
0.059160;1.305782;0.981427;0.682451;0.494573;
0.059170;1.307254;0.981427;0.682929;0.494573;
0.059180;1.308713;0.981427;0.683400;0.494573;
0.059190;1.310158;0.981427;0.683864;0.494573;
0.059200;1.311591;0.981427;0.684322;0.494573;
0.059210;1.313011;0.981427;0.684773;0.494573;
0.059220;1.314418;0.981427;0.685217;0.494573;
0.059230;1.315812;0.981427;0.685654;0.494573;
0.059240;1.317193;0.981427;0.686085;0.494573;
0.059250;1.318561;0.981427;0.686509;0.494573;
0.059260;1.319915;0.981427;0.686926;0.494573;
0.059270;1.321257;0.981427;0.687336;0.494573;
0.059280;1.322586;0.981427;0.687739;0.494573;
0.059290;1.323902;0.981427;0.688136;0.494573;
0.059300;1.325205;0.981427;0.688526;0.494573;
0.059310;1.326494;0.981427;0.688909;0.494573;
0.059320;1.327771;0.981427;0.689285;0.494573;
0.059330;1.329034;0.981427;0.689655;0.494573;
0.059340;1.330285;0.981427;0.690018;0.494573;
0.059350;1.331522;0.981427;0.690374;0.494573;
0.059360;1.332746;0.981427;0.690723;0.494573;
0.059370;1.333957;0.981427;0.691065;0.494573;
0.059380;1.335155;0.981427;0.691400;0.494573;
0.059390;1.336339;0.981427;0.691729;0.494573;
0.059400;1.337511;0.981427;0.692051;0.494573;
0.059410;1.338669;0.981427;0.692366;0.494573;
0.059420;1.339814;0.981427;0.692674;0.494573;
0.059430;1.340945;0.981427;0.692975;0.494573;
0.059440;1.342064;0.981427;0.693270;0.494573;
0.059450;1.343169;0.981427;0.693557;0.494573;
0.059460;1.344261;0.981427;0.693838;0.494573;
0.059470;1.345340;0.981427;0.694112;0.494573;
0.059480;1.346405;0.981427;0.694379;0.494573;
0.059490;1.347457;0.981427;0.694639;0.494573;
0.059500;1.348496;0.981427;0.694892;0.494573;
0.059510;1.349522;0.981427;0.695139;0.494573;
0.059520;1.350534;0.981427;0.695379;0.494573;
0.059530;1.351533;0.981427;0.695611;0.494573;
0.059540;1.352519;0.981427;0.695837;0.494573;
0.059550;1.353491;0.981427;0.696056;0.494573;
0.059560;1.354450;0.981427;0.696268;0.494573;
0.059570;1.355395;0.981427;0.696474;0.494573;
0.059580;1.356327;0.981427;0.696672;0.494573;
0.059590;1.357246;0.981427;0.696864;0.494573;
0.059600;1.358151;0.981427;0.697048;0.494573;
0.059610;1.359043;0.981427;0.697226;0.494573;
0.059620;1.359922;0.981427;0.697397;0.494573;
0.059630;1.360787;0.981427;0.697561;0.494573;
0.059640;1.361639;0.981427;0.697718;0.494573;
0.059650;1.362477;0.981427;0.697868;0.494573;
0.059660;1.363302;0.981427;0.698012;0.494573;
0.059670;1.364113;0.981427;0.698148;0.494573;
0.059680;1.364911;0.981427;0.698278;0.494573;
0.059690;1.365695;0.981427;0.698401;0.494573;
0.059700;1.366466;0.981427;0.698516;0.494573;
0.059710;1.367223;0.981427;0.698625;0.494573;
0.059720;1.367967;0.981427;0.698727;0.494573;
0.059730;1.368698;0.981427;0.698822;0.494573;
0.059740;1.369415;0.981427;0.698911;0.494573;
0.059750;1.370118;0.981427;0.698992;0.494573;
0.059760;1.370808;0.981427;0.699066;0.494573;
0.059770;1.371484;0.981427;0.699134;0.494573;
0.059780;1.372147;0.981427;0.699195;0.494573;
0.059790;1.372796;0.981427;0.699248;0.494573;
0.059800;1.373432;0.981427;0.699295;0.494573;
0.059810;1.374054;0.981427;0.699335;0.494573;
0.059820;1.374663;0.981427;0.699368;0.494573;
0.059830;1.375258;0.981427;0.699394;0.494573;
0.059840;1.375840;0.981427;0.699413;0.494573;
0.059850;1.376407;0.981427;0.699426;0.494573;
0.059860;1.376962;0.981427;0.699431;0.494573;
0.059870;1.377502;0.981427;0.699430;0.494573;
0.059880;1.378030;0.981427;0.699421;0.494573;
0.059890;1.378543;0.981427;0.699406;0.494573;
0.059900;1.379043;0.981427;0.699384;0.494573;
0.059910;1.379529;0.981427;0.699355;0.494573;
0.059920;1.380002;0.981427;0.699319;0.494573;
0.059930;1.380461;0.981427;0.699276;0.494573;
0.059940;1.380906;0.981427;0.699226;0.494573;
0.059950;1.381338;0.981427;0.699169;0.494573;
0.059960;1.381756;0.981427;0.699105;0.494573;
0.059970;1.382161;0.981427;0.699035;0.494573;
0.059980;1.382552;0.981427;0.698958;0.494573;
0.059990;1.382929;0.981427;0.698873;0.494573;
0.060000;1.383293;0.981427;0.698782;0.494573;
