time;NETWORK_B1_Urms;NETWORK_DL1_fict_Urms;NETWORK_DL1_Irms;
0.000000;0.000000;0.000000;0.000000;
0.000010;0.000493;0.000002;0.000000;
0.000020;0.001961;0.000012;0.000002;
0.000030;0.004375;0.000036;0.000007;
0.000040;0.007709;0.000083;0.000017;
0.000050;0.011936;0.000159;0.000032;
0.000060;0.017029;0.000271;0.000054;
0.000070;0.022958;0.000425;0.000085;
0.000080;0.029698;0.000627;0.000125;
0.000090;0.037219;0.000884;0.000177;
0.000100;0.045493;0.001199;0.000240;
0.000110;0.054492;0.001580;0.000316;
0.000120;0.064187;0.002031;0.000406;
0.000130;0.074550;0.002556;0.000511;
0.000140;0.085552;0.003160;0.000632;
0.000150;0.097166;0.003847;0.000769;
0.000160;0.109362;0.004621;0.000924;
0.000170;0.122113;0.005487;0.001097;
0.000180;0.135391;0.006446;0.001289;
0.000190;0.149166;0.007503;0.001501;
0.000200;0.163412;0.008661;0.001732;
0.000210;0.178102;0.009922;0.001984;
0.000220;0.193207;0.011288;0.002258;
0.000230;0.208701;0.012763;0.002553;
0.000240;0.224556;0.014347;0.002869;
0.000250;0.240747;0.016043;0.003209;
0.000260;0.257247;0.017852;0.003570;
0.000270;0.274030;0.019776;0.003955;
0.000280;0.291071;0.021815;0.004363;
0.000290;0.308345;0.023971;0.004794;
0.000300;0.325827;0.026245;0.005249;
0.000310;0.343492;0.028636;0.005727;
0.000320;0.361317;0.031145;0.006229;
0.000330;0.379279;0.033773;0.006755;
0.000340;0.397354;0.036519;0.007304;
0.000350;0.415520;0.039383;0.007877;
0.000360;0.433755;0.042365;0.008473;
0.000370;0.452038;0.045464;0.009093;
0.000380;0.470347;0.048679;0.009736;
0.000390;0.488663;0.052010;0.010402;
0.000400;0.506964;0.055455;0.011091;
0.000410;0.525232;0.059014;0.011803;
0.000420;0.543448;0.062684;0.012537;
0.000430;0.561594;0.066465;0.013293;
0.000440;0.579652;0.070355;0.014071;
0.000450;0.597604;0.074353;0.014871;
0.000460;0.615434;0.078456;0.015691;
0.000470;0.633126;0.082662;0.016532;
0.000480;0.650664;0.086970;0.017394;
0.000490;0.668034;0.091377;0.018275;
0.000500;0.685221;0.095882;0.019176;
0.000510;0.702212;0.100481;0.020096;
0.000520;0.718993;0.105173;0.021035;
0.000530;0.735551;0.109954;0.021991;
0.000540;0.751876;0.114823;0.022965;
0.000550;0.767954;0.119777;0.023955;
0.000560;0.783775;0.124813;0.024963;
0.000570;0.799330;0.129928;0.025986;
0.000580;0.814608;0.135119;0.027024;
0.000590;0.829599;0.140384;0.028077;
0.000600;0.844296;0.145719;0.029144;
0.000610;0.858691;0.151123;0.030225;
0.000620;0.872775;0.156591;0.031318;
0.000630;0.886541;0.162121;0.032424;
0.000640;0.899984;0.167709;0.033542;
0.000650;0.913098;0.173353;0.034671;
0.000660;0.925876;0.179049;0.035810;
0.000670;0.938314;0.184795;0.036959;
0.000680;0.950408;0.190588;0.038118;
0.000690;0.962154;0.196423;0.039285;
0.000700;0.973547;0.202298;0.040460;
0.000710;0.984586;0.208211;0.041642;
0.000720;0.995268;0.214157;0.042831;
0.000730;1.005591;0.220134;0.044027;
0.000740;1.015553;0.226138;0.045228;
0.000750;1.025154;0.232167;0.046433;
0.000760;1.034392;0.238218;0.047644;
0.000770;1.043267;0.244287;0.048857;
0.000780;1.051779;0.250371;0.050074;
0.000790;1.059930;0.256468;0.051294;
0.000800;1.067719;0.262575;0.052515;
0.000810;1.075149;0.268688;0.053738;
0.000820;1.082220;0.274804;0.054961;
0.000830;1.088936;0.280922;0.056184;
0.000840;1.095297;0.287038;0.057408;
0.000850;1.101308;0.293149;0.058630;
0.000860;1.106971;0.299252;0.059850;
0.000870;1.112289;0.305346;0.061069;
0.000880;1.117266;0.311427;0.062285;
0.000890;1.121906;0.317492;0.063498;
0.000900;1.126213;0.323540;0.064708;
0.000910;1.130192;0.329568;0.065914;
0.000920;1.133847;0.335573;0.067115;
0.000930;1.137183;0.341553;0.068311;
0.000940;1.140206;0.347506;0.069501;
0.000950;1.142920;0.353429;0.070686;
0.000960;1.145332;0.359321;0.071864;
0.000970;1.147447;0.365179;0.073036;
0.000980;1.149271;0.371001;0.074200;
0.000990;1.150811;0.376785;0.075357;
0.001000;1.152072;0.382530;0.076506;
0.001010;1.153061;0.388234;0.077647;
0.001020;1.153785;0.393894;0.078779;
0.001030;1.154250;0.399509;0.079902;
0.001040;1.154463;0.405078;0.081016;
0.001050;1.154431;0.410598;0.082120;
0.001060;1.154162;0.416069;0.083214;
0.001070;1.153661;0.421488;0.084298;
0.001080;1.152937;0.426855;0.085371;
0.001090;1.151997;0.432169;0.086434;
0.001100;1.150847;0.437427;0.087485;
0.001110;1.149496;0.442629;0.088526;
0.001120;1.147950;0.447774;0.089555;
0.001130;1.146217;0.452860;0.090572;
0.001140;1.144304;0.457887;0.091577;
0.001150;1.142220;0.462854;0.092571;
0.001160;1.139970;0.467759;0.093552;
0.001170;1.137563;0.472603;0.094521;
0.001180;1.135007;0.477385;0.095477;
0.001190;1.132307;0.482103;0.096421;
0.001200;1.129472;0.486757;0.097351;
0.001210;1.126509;0.491347;0.098269;
0.001220;1.123426;0.495872;0.099174;
0.001230;1.120228;0.500332;0.100066;
0.001240;1.116925;0.504727;0.100945;
0.001250;1.113521;0.509056;0.101811;
0.001260;1.110025;0.513318;0.102664;
0.001270;1.106444;0.517515;0.103503;
0.001280;1.102784;0.521645;0.104329;
0.001290;1.099051;0.525709;0.105142;
0.001300;1.095253;0.529706;0.105941;
0.001310;1.091396;0.533637;0.106727;
0.001320;1.087486;0.537502;0.107500;
0.001330;1.083529;0.541300;0.108260;
0.001340;1.079533;0.545033;0.109007;
0.001350;1.075502;0.548700;0.109740;
0.001360;1.071442;0.552302;0.110460;
0.001370;1.067360;0.555838;0.111168;
0.001380;1.063261;0.559310;0.111862;
0.001390;1.059150;0.562717;0.112543;
0.001400;1.055033;0.566061;0.113212;
0.001410;1.050915;0.569341;0.113868;
0.001420;1.046800;0.572558;0.114512;
0.001430;1.042695;0.575713;0.115143;
0.001440;1.038603;0.578806;0.115761;
0.001450;1.034530;0.581838;0.116368;
0.001460;1.030479;0.584809;0.116962;
0.001470;1.026454;0.587721;0.117544;
0.001480;1.022461;0.590574;0.118115;
0.001490;1.018503;0.593368;0.118674;
0.001500;1.014583;0.596105;0.119221;
0.001510;1.010706;0.598785;0.119757;
0.001520;1.006875;0.601409;0.120282;
0.001530;1.003093;0.603978;0.120796;
0.001540;0.999363;0.606493;0.121299;
0.001550;0.995688;0.608954;0.121791;
0.001560;0.992071;0.611363;0.122273;
0.001570;0.988515;0.613720;0.122744;
0.001580;0.985023;0.616026;0.123205;
0.001590;0.981596;0.618283;0.123657;
0.001600;0.978237;0.620491;0.124098;
0.001610;0.974948;0.622651;0.124530;
0.001620;0.971731;0.624765;0.124953;
0.001630;0.968587;0.626832;0.125366;
0.001640;0.965519;0.628854;0.125771;
0.001650;0.962527;0.630833;0.126167;
0.001660;0.959613;0.632769;0.126554;
0.001670;0.956779;0.634662;0.126932;
0.001680;0.954025;0.636515;0.127303;
0.001690;0.951352;0.638328;0.127666;
0.001700;0.948761;0.640102;0.128020;
0.001710;0.946253;0.641838;0.128368;
0.001720;0.943828;0.643537;0.128707;
0.001730;0.941487;0.645200;0.129040;
0.001740;0.939230;0.646829;0.129366;
0.001750;0.937057;0.648423;0.129685;
0.001760;0.934969;0.649985;0.129997;
0.001770;0.932964;0.651514;0.130303;
0.001780;0.931044;0.653013;0.130603;
0.001790;0.929208;0.654481;0.130896;
0.001800;0.927455;0.655921;0.131184;
0.001810;0.925786;0.657332;0.131466;
0.001820;0.924199;0.658717;0.131743;
0.001830;0.922695;0.660075;0.132015;
0.001840;0.921272;0.661408;0.132282;
0.001850;0.919930;0.662716;0.132543;
0.001860;0.918668;0.664001;0.132800;
0.001870;0.917485;0.665263;0.133053;
0.001880;0.916380;0.666503;0.133301;
0.001890;0.915353;0.667723;0.133545;
0.001900;0.914401;0.668923;0.133785;
0.001910;0.913525;0.670103;0.134021;
0.001920;0.912722;0.671265;0.134253;
0.001930;0.911992;0.672409;0.134482;
0.001940;0.911334;0.673536;0.134707;
0.001950;0.910745;0.674647;0.134929;
0.001960;0.910225;0.675743;0.135149;
0.001970;0.909772;0.676825;0.135365;
0.001980;0.909385;0.677892;0.135578;
0.001990;0.909063;0.678946;0.135789;
0.002000;0.908803;0.679988;0.135998;
0.002010;0.908605;0.681017;0.136203;
0.002020;0.908467;0.682036;0.136407;
0.002030;0.908386;0.683043;0.136609;
0.002040;0.908363;0.684041;0.136808;
0.002050;0.908395;0.685029;0.137006;
0.002060;0.908480;0.686009;0.137202;
0.002070;0.908617;0.686980;0.137396;
0.002080;0.908804;0.687943;0.137589;
0.002090;0.909040;0.688899;0.137780;
0.002100;0.909323;0.689848;0.137970;
0.002110;0.909651;0.690791;0.138158;
0.002120;0.910023;0.691728;0.138346;
0.002130;0.910436;0.692659;0.138532;
0.002140;0.910890;0.693586;0.138717;
0.002150;0.911383;0.694507;0.138901;
0.002160;0.911913;0.695425;0.139085;
0.002170;0.912478;0.696339;0.139268;
0.002180;0.913078;0.697249;0.139450;
0.002190;0.913709;0.698156;0.139631;
0.002200;0.914371;0.699060;0.139812;
0.002210;0.915062;0.699961;0.139992;
0.002220;0.915780;0.700860;0.140172;
0.002230;0.916524;0.701757;0.140351;
0.002240;0.917293;0.702652;0.140530;
0.002250;0.918084;0.703546;0.140709;
0.002260;0.918897;0.704438;0.140888;
0.002270;0.919729;0.705329;0.141066;
0.002280;0.920580;0.706219;0.141244;
0.002290;0.921448;0.707109;0.141422;
0.002300;0.922331;0.707997;0.141599;
0.002310;0.923228;0.708886;0.141777;
0.002320;0.924138;0.709773;0.141955;
0.002330;0.925059;0.710661;0.142132;
0.002340;0.925991;0.711548;0.142310;
0.002350;0.926931;0.712435;0.142487;
0.002360;0.927878;0.713322;0.142664;
0.002370;0.928832;0.714210;0.142842;
0.002380;0.929790;0.715097;0.143019;
0.002390;0.930753;0.715984;0.143197;
0.002400;0.931718;0.716872;0.143374;
0.002410;0.932684;0.717760;0.143552;
0.002420;0.933652;0.718648;0.143730;
0.002430;0.934618;0.719536;0.143907;
0.002440;0.935583;0.720425;0.144085;
0.002450;0.936545;0.721313;0.144263;
0.002460;0.937503;0.722202;0.144440;
0.002470;0.938457;0.723091;0.144618;
0.002480;0.939406;0.723979;0.144796;
0.002490;0.940348;0.724868;0.144974;
0.002500;0.941283;0.725757;0.145151;
0.002510;0.942210;0.726645;0.145329;
0.002520;0.943128;0.727534;0.145507;
0.002530;0.944037;0.728422;0.145684;
0.002540;0.944935;0.729309;0.145862;
0.002550;0.945823;0.730197;0.146039;
0.002560;0.946698;0.731083;0.146217;
0.002570;0.947562;0.731969;0.146394;
0.002580;0.948413;0.732854;0.146571;
0.002590;0.949251;0.733739;0.146748;
0.002600;0.950075;0.734622;0.146924;
0.002610;0.950884;0.735504;0.147101;
0.002620;0.951679;0.736385;0.147277;
0.002630;0.952458;0.737264;0.147453;
0.002640;0.953222;0.738142;0.147628;
0.002650;0.953970;0.739018;0.147804;
0.002660;0.954701;0.739892;0.147978;
0.002670;0.955416;0.740765;0.148153;
0.002680;0.956114;0.741635;0.148327;
0.002690;0.956795;0.742504;0.148501;
0.002700;0.957458;0.743369;0.148674;
0.002710;0.958103;0.744233;0.148847;
0.002720;0.958731;0.745093;0.149019;
0.002730;0.959341;0.745951;0.149190;
0.002740;0.959933;0.746806;0.149361;
0.002750;0.960507;0.747658;0.149532;
0.002760;0.961062;0.748507;0.149701;
0.002770;0.961600;0.749353;0.149871;
0.002780;0.962119;0.750195;0.150039;
0.002790;0.962619;0.751033;0.150207;
0.002800;0.963101;0.751868;0.150374;
0.002810;0.963566;0.752698;0.150540;
0.002820;0.964011;0.753525;0.150705;
0.002830;0.964439;0.754347;0.150869;
0.002840;0.964849;0.755166;0.151033;
0.002850;0.965241;0.755979;0.151196;
0.002860;0.965615;0.756789;0.151358;
0.002870;0.965972;0.757593;0.151519;
0.002880;0.966311;0.758393;0.151679;
0.002890;0.966632;0.759188;0.151838;
0.002900;0.966937;0.759977;0.151995;
0.002910;0.967225;0.760762;0.152152;
0.002920;0.967497;0.761541;0.152308;
0.002930;0.967752;0.762315;0.152463;
0.002940;0.967991;0.763084;0.152617;
0.002950;0.968214;0.763846;0.152769;
0.002960;0.968422;0.764604;0.152921;
0.002970;0.968614;0.765355;0.153071;
0.002980;0.968791;0.766101;0.153220;
0.002990;0.968954;0.766840;0.153368;
0.003000;0.969102;0.767574;0.153515;
0.003010;0.969237;0.768301;0.153660;
0.003020;0.969357;0.769022;0.153804;
0.003030;0.969465;0.769737;0.153947;
0.003040;0.969559;0.770446;0.154089;
0.003050;0.969641;0.771148;0.154230;
0.003060;0.969710;0.771843;0.154369;
0.003070;0.969768;0.772533;0.154507;
0.003080;0.969813;0.773215;0.154643;
0.003090;0.969848;0.773891;0.154778;
0.003100;0.969872;0.774560;0.154912;
0.003110;0.969885;0.775222;0.155044;
0.003120;0.969888;0.775878;0.155176;
0.003130;0.969881;0.776527;0.155305;
0.003140;0.969865;0.777169;0.155434;
0.003150;0.969840;0.777804;0.155561;
0.003160;0.969807;0.778432;0.155686;
0.003170;0.969765;0.779053;0.155811;
0.003180;0.969715;0.779668;0.155934;
0.003190;0.969657;0.780275;0.156055;
0.003200;0.969592;0.780875;0.156175;
0.003210;0.969521;0.781469;0.156294;
0.003220;0.969443;0.782055;0.156411;
0.003230;0.969359;0.782635;0.156527;
0.003240;0.969269;0.783207;0.156641;
0.003250;0.969173;0.783773;0.156755;
0.003260;0.969073;0.784331;0.156866;
0.003270;0.968967;0.784883;0.156977;
0.003280;0.968857;0.785427;0.157085;
0.003290;0.968743;0.785965;0.157193;
0.003300;0.968626;0.786496;0.157299;
0.003310;0.968504;0.787020;0.157404;
0.003320;0.968380;0.787537;0.157507;
0.003330;0.968252;0.788047;0.157609;
0.003340;0.968122;0.788551;0.157710;
0.003350;0.967990;0.789048;0.157810;
0.003360;0.967855;0.789538;0.157908;
0.003370;0.967719;0.790021;0.158004;
0.003380;0.967581;0.790498;0.158100;
0.003390;0.967442;0.790968;0.158194;
0.003400;0.967302;0.791432;0.158286;
0.003410;0.967161;0.791889;0.158378;
0.003420;0.967019;0.792340;0.158468;
0.003430;0.966877;0.792784;0.158557;
0.003440;0.966735;0.793222;0.158644;
0.003450;0.966593;0.793654;0.158731;
0.003460;0.966452;0.794079;0.158816;
0.003470;0.966311;0.794499;0.158900;
0.003480;0.966170;0.794912;0.158982;
0.003490;0.966030;0.795320;0.159064;
0.003500;0.965892;0.795721;0.159144;
0.003510;0.965754;0.796116;0.159223;
0.003520;0.965618;0.796506;0.159301;
0.003530;0.965484;0.796890;0.159378;
0.003540;0.965350;0.797268;0.159454;
0.003550;0.965219;0.797641;0.159528;
0.003560;0.965090;0.798008;0.159602;
0.003570;0.964962;0.798370;0.159674;
0.003580;0.964837;0.798726;0.159745;
0.003590;0.964714;0.799077;0.159815;
0.003600;0.964593;0.799422;0.159884;
0.003610;0.964475;0.799763;0.159953;
0.003620;0.964359;0.800098;0.160020;
0.003630;0.964246;0.800428;0.160086;
0.003640;0.964135;0.800754;0.160151;
0.003650;0.964027;0.801074;0.160215;
0.003660;0.963922;0.801390;0.160278;
0.003670;0.963819;0.801701;0.160340;
0.003680;0.963720;0.802007;0.160401;
0.003690;0.963623;0.802309;0.160462;
0.003700;0.963529;0.802606;0.160521;
0.003710;0.963438;0.802899;0.160580;
0.003720;0.963350;0.803188;0.160638;
0.003730;0.963265;0.803472;0.160694;
0.003740;0.963183;0.803752;0.160750;
0.003750;0.963105;0.804028;0.160806;
0.003760;0.963029;0.804300;0.160860;
0.003770;0.962956;0.804567;0.160913;
0.003780;0.962886;0.804831;0.160966;
0.003790;0.962819;0.805092;0.161018;
0.003800;0.962755;0.805348;0.161070;
0.003810;0.962694;0.805601;0.161120;
0.003820;0.962637;0.805850;0.161170;
0.003830;0.962582;0.806095;0.161219;
0.003840;0.962530;0.806337;0.161267;
0.003850;0.962480;0.806576;0.161315;
0.003860;0.962434;0.806811;0.161362;
0.003870;0.962390;0.807044;0.161409;
0.003880;0.962350;0.807272;0.161454;
0.003890;0.962312;0.807498;0.161500;
0.003900;0.962276;0.807721;0.161544;
0.003910;0.962243;0.807940;0.161588;
0.003920;0.962213;0.808157;0.161631;
0.003930;0.962186;0.808371;0.161674;
0.003940;0.962161;0.808582;0.161716;
0.003950;0.962138;0.808790;0.161758;
0.003960;0.962117;0.808995;0.161799;
0.003970;0.962099;0.809198;0.161840;
0.003980;0.962084;0.809398;0.161880;
0.003990;0.962070;0.809596;0.161919;
0.004000;0.962059;0.809791;0.161958;
0.004010;0.962049;0.809984;0.161997;
0.004020;0.962042;0.810174;0.162035;
0.004030;0.962037;0.810362;0.162072;
0.004040;0.962033;0.810548;0.162110;
0.004050;0.962032;0.810731;0.162146;
0.004060;0.962032;0.810912;0.162182;
0.004070;0.962034;0.811092;0.162218;
0.004080;0.962037;0.811268;0.162254;
0.004090;0.962042;0.811443;0.162289;
0.004100;0.962049;0.811616;0.162323;
0.004110;0.962057;0.811787;0.162357;
0.004120;0.962066;0.811956;0.162391;
0.004130;0.962077;0.812123;0.162425;
0.004140;0.962089;0.812288;0.162458;
0.004150;0.962102;0.812452;0.162490;
0.004160;0.962116;0.812613;0.162523;
0.004170;0.962132;0.812773;0.162555;
0.004180;0.962148;0.812931;0.162586;
0.004190;0.962165;0.813087;0.162617;
0.004200;0.962184;0.813242;0.162648;
0.004210;0.962203;0.813395;0.162679;
0.004220;0.962223;0.813546;0.162709;
0.004230;0.962243;0.813696;0.162739;
0.004240;0.962264;0.813845;0.162769;
0.004250;0.962286;0.813991;0.162798;
0.004260;0.962309;0.814137;0.162827;
0.004270;0.962332;0.814280;0.162856;
0.004280;0.962355;0.814423;0.162885;
0.004290;0.962379;0.814564;0.162913;
0.004300;0.962403;0.814703;0.162941;
0.004310;0.962428;0.814841;0.162968;
0.004320;0.962453;0.814978;0.162996;
0.004330;0.962478;0.815114;0.163023;
0.004340;0.962503;0.815248;0.163050;
0.004350;0.962528;0.815381;0.163076;
0.004360;0.962554;0.815512;0.163102;
0.004370;0.962579;0.815642;0.163128;
0.004380;0.962605;0.815771;0.163154;
0.004390;0.962630;0.815899;0.163180;
0.004400;0.962656;0.816026;0.163205;
0.004410;0.962681;0.816151;0.163230;
0.004420;0.962707;0.816275;0.163255;
0.004430;0.962732;0.816398;0.163280;
0.004440;0.962757;0.816520;0.163304;
0.004450;0.962782;0.816640;0.163328;
0.004460;0.962806;0.816760;0.163352;
0.004470;0.962831;0.816878;0.163376;
0.004480;0.962855;0.816995;0.163399;
0.004490;0.962879;0.817111;0.163422;
0.004500;0.962902;0.817226;0.163445;
0.004510;0.962925;0.817340;0.163468;
0.004520;0.962948;0.817453;0.163491;
0.004530;0.962970;0.817564;0.163513;
0.004540;0.962992;0.817675;0.163535;
0.004550;0.963014;0.817784;0.163557;
0.004560;0.963035;0.817893;0.163579;
0.004570;0.963056;0.818000;0.163600;
0.004580;0.963077;0.818106;0.163621;
0.004590;0.963097;0.818212;0.163642;
0.004600;0.963116;0.818316;0.163663;
0.004610;0.963135;0.818419;0.163684;
0.004620;0.963154;0.818521;0.163704;
0.004630;0.963172;0.818622;0.163724;
0.004640;0.963189;0.818722;0.163744;
0.004650;0.963206;0.818821;0.163764;
0.004660;0.963223;0.818919;0.163784;
0.004670;0.963239;0.819016;0.163803;
0.004680;0.963255;0.819112;0.163822;
0.004690;0.963270;0.819207;0.163841;
0.004700;0.963285;0.819301;0.163860;
0.004710;0.963299;0.819394;0.163879;
0.004720;0.963313;0.819486;0.163897;
0.004730;0.963326;0.819577;0.163915;
0.004740;0.963339;0.819667;0.163933;
0.004750;0.963351;0.819756;0.163951;
0.004760;0.963363;0.819844;0.163969;
0.004770;0.963374;0.819931;0.163986;
0.004780;0.963385;0.820017;0.164003;
0.004790;0.963395;0.820102;0.164020;
0.004800;0.963405;0.820186;0.164037;
0.004810;0.963415;0.820269;0.164054;
0.004820;0.963424;0.820352;0.164070;
0.004830;0.963432;0.820433;0.164087;
0.004840;0.963441;0.820513;0.164103;
0.004850;0.963448;0.820592;0.164118;
0.004860;0.963456;0.820671;0.164134;
0.004870;0.963463;0.820748;0.164150;
0.004880;0.963470;0.820825;0.164165;
0.004890;0.963476;0.820900;0.164180;
0.004900;0.963482;0.820975;0.164195;
0.004910;0.963487;0.821049;0.164210;
0.004920;0.963493;0.821121;0.164224;
0.004930;0.963498;0.821193;0.164239;
0.004940;0.963502;0.821264;0.164253;
0.004950;0.963507;0.821334;0.164267;
0.004960;0.963511;0.821403;0.164281;
0.004970;0.963514;0.821471;0.164294;
0.004980;0.963518;0.821538;0.164308;
0.004990;0.963521;0.821605;0.164321;
0.005000;0.963524;0.821670;0.164334;
0.005010;0.963527;0.821735;0.164347;
0.005020;0.963529;0.821799;0.164360;
0.005030;0.963532;0.821861;0.164372;
0.005040;0.963534;0.821923;0.164385;
0.005050;0.963536;0.821984;0.164397;
0.005060;0.963537;0.822045;0.164409;
0.005070;0.963539;0.822104;0.164421;
0.005080;0.963540;0.822162;0.164432;
0.005090;0.963541;0.822220;0.164444;
0.005100;0.963542;0.822277;0.164455;
0.005110;0.963543;0.822333;0.164467;
0.005120;0.963544;0.822388;0.164478;
0.005130;0.963545;0.822442;0.164488;
0.005140;0.963546;0.822495;0.164499;
0.005150;0.963546;0.822548;0.164510;
0.005160;0.963547;0.822600;0.164520;
0.005170;0.963547;0.822651;0.164530;
0.005180;0.963547;0.822701;0.164540;
0.005190;0.963547;0.822751;0.164550;
0.005200;0.963548;0.822799;0.164560;
0.005210;0.963548;0.822847;0.164569;
0.005220;0.963548;0.822894;0.164579;
0.005230;0.963548;0.822940;0.164588;
0.005240;0.963548;0.822986;0.164597;
0.005250;0.963548;0.823031;0.164606;
0.005260;0.963548;0.823075;0.164615;
0.005270;0.963548;0.823118;0.164624;
0.005280;0.963548;0.823161;0.164632;
0.005290;0.963548;0.823203;0.164641;
0.005300;0.963548;0.823244;0.164649;
0.005310;0.963548;0.823284;0.164657;
0.005320;0.963548;0.823324;0.164665;
0.005330;0.963548;0.823363;0.164673;
0.005340;0.963548;0.823401;0.164680;
0.005350;0.963548;0.823439;0.164688;
0.005360;0.963548;0.823476;0.164695;
0.005370;0.963548;0.823512;0.164702;
0.005380;0.963548;0.823548;0.164710;
0.005390;0.963548;0.823583;0.164717;
0.005400;0.963548;0.823617;0.164723;
0.005410;0.963549;0.823651;0.164730;
0.005420;0.963549;0.823684;0.164737;
0.005430;0.963549;0.823716;0.164743;
0.005440;0.963550;0.823748;0.164750;
0.005450;0.963550;0.823780;0.164756;
0.005460;0.963551;0.823810;0.164762;
0.005470;0.963551;0.823840;0.164768;
0.005480;0.963552;0.823870;0.164774;
0.005490;0.963552;0.823899;0.164780;
0.005500;0.963553;0.823927;0.164785;
0.005510;0.963554;0.823955;0.164791;
0.005520;0.963554;0.823982;0.164796;
0.005530;0.963555;0.824008;0.164802;
0.005540;0.963556;0.824035;0.164807;
0.005550;0.963557;0.824060;0.164812;
0.005560;0.963557;0.824085;0.164817;
0.005570;0.963558;0.824110;0.164822;
0.005580;0.963559;0.824134;0.164827;
0.005590;0.963560;0.824157;0.164831;
0.005600;0.963561;0.824180;0.164836;
0.005610;0.963562;0.824203;0.164841;
0.005620;0.963563;0.824225;0.164845;
0.005630;0.963564;0.824246;0.164849;
0.005640;0.963565;0.824267;0.164853;
0.005650;0.963567;0.824288;0.164858;
0.005660;0.963568;0.824308;0.164862;
0.005670;0.963569;0.824328;0.164866;
0.005680;0.963570;0.824347;0.164869;
0.005690;0.963571;0.824366;0.164873;
0.005700;0.963572;0.824384;0.164877;
0.005710;0.963573;0.824402;0.164880;
0.005720;0.963574;0.824420;0.164884;
0.005730;0.963576;0.824437;0.164887;
0.005740;0.963577;0.824454;0.164891;
0.005750;0.963578;0.824470;0.164894;
0.005760;0.963579;0.824486;0.164897;
0.005770;0.963580;0.824502;0.164900;
0.005780;0.963581;0.824517;0.164903;
0.005790;0.963582;0.824532;0.164906;
0.005800;0.963583;0.824546;0.164909;
0.005810;0.963584;0.824560;0.164912;
0.005820;0.963585;0.824574;0.164915;
0.005830;0.963586;0.824587;0.164917;
0.005840;0.963587;0.824600;0.164920;
0.005850;0.963588;0.824613;0.164923;
0.005860;0.963589;0.824625;0.164925;
0.005870;0.963589;0.824638;0.164928;
0.005880;0.963590;0.824649;0.164930;
0.005890;0.963591;0.824661;0.164932;
0.005900;0.963591;0.824672;0.164934;
0.005910;0.963592;0.824682;0.164936;
0.005920;0.963593;0.824693;0.164939;
0.005930;0.963593;0.824703;0.164941;
0.005940;0.963593;0.824713;0.164943;
0.005950;0.963594;0.824722;0.164944;
0.005960;0.963594;0.824732;0.164946;
0.005970;0.963594;0.824741;0.164948;
0.005980;0.963595;0.824749;0.164950;
0.005990;0.963595;0.824758;0.164952;
0.006000;0.963595;0.824766;0.164953;
0.006010;0.963595;0.824774;0.164955;
0.006020;0.963595;0.824782;0.164956;
0.006030;0.963594;0.824789;0.164958;
0.006040;0.963594;0.824796;0.164959;
0.006050;0.963594;0.824803;0.164961;
0.006060;0.963593;0.824810;0.164962;
0.006070;0.963593;0.824816;0.164963;
0.006080;0.963592;0.824822;0.164964;
0.006090;0.963592;0.824828;0.164966;
0.006100;0.963591;0.824834;0.164967;
0.006110;0.963590;0.824839;0.164968;
0.006120;0.963589;0.824845;0.164969;
0.006130;0.963588;0.824850;0.164970;
0.006140;0.963587;0.824855;0.164971;
0.006150;0.963586;0.824859;0.164972;
0.006160;0.963585;0.824864;0.164973;
0.006170;0.963584;0.824868;0.164974;
0.006180;0.963583;0.824872;0.164974;
0.006190;0.963581;0.824876;0.164975;
0.006200;0.963580;0.824879;0.164976;
0.006210;0.963578;0.824883;0.164977;
0.006220;0.963577;0.824886;0.164977;
0.006230;0.963575;0.824889;0.164978;
0.006240;0.963573;0.824892;0.164978;
0.006250;0.963571;0.824894;0.164979;
0.006260;0.963570;0.824897;0.164979;
0.006270;0.963568;0.824899;0.164980;
0.006280;0.963566;0.824901;0.164980;
0.006290;0.963563;0.824903;0.164981;
0.006300;0.963561;0.824905;0.164981;
0.006310;0.963559;0.824907;0.164981;
0.006320;0.963557;0.824908;0.164982;
0.006330;0.963555;0.824909;0.164982;
0.006340;0.963552;0.824910;0.164982;
0.006350;0.963550;0.824911;0.164982;
0.006360;0.963547;0.824912;0.164982;
0.006370;0.963545;0.824913;0.164983;
0.006380;0.963542;0.824913;0.164983;
0.006390;0.963539;0.824914;0.164983;
0.006400;0.963537;0.824914;0.164983;
0.006410;0.963534;0.824914;0.164983;
0.006420;0.963531;0.824914;0.164983;
0.006430;0.963528;0.824914;0.164983;
0.006440;0.963526;0.824913;0.164983;
0.006450;0.963523;0.824913;0.164983;
0.006460;0.963520;0.824912;0.164982;
0.006470;0.963517;0.824912;0.164982;
0.006480;0.963514;0.824911;0.164982;
0.006490;0.963511;0.824910;0.164982;
0.006500;0.963508;0.824908;0.164982;
0.006510;0.963505;0.824907;0.164981;
0.006520;0.963502;0.824906;0.164981;
0.006530;0.963499;0.824904;0.164981;
0.006540;0.963495;0.824903;0.164981;
0.006550;0.963492;0.824901;0.164980;
0.006560;0.963489;0.824899;0.164980;
0.006570;0.963486;0.824897;0.164979;
0.006580;0.963483;0.824895;0.164979;
0.006590;0.963480;0.824893;0.164979;
0.006600;0.963477;0.824890;0.164978;
0.006610;0.963473;0.824888;0.164978;
0.006620;0.963470;0.824885;0.164977;
0.006630;0.963467;0.824883;0.164977;
0.006640;0.963464;0.824880;0.164976;
0.006650;0.963461;0.824877;0.164975;
0.006660;0.963458;0.824874;0.164975;
0.006670;0.963455;0.824871;0.164974;
0.006680;0.963451;0.824868;0.164974;
0.006690;0.963448;0.824865;0.164973;
0.006700;0.963445;0.824861;0.164972;
0.006710;0.963442;0.824858;0.164972;
0.006720;0.963439;0.824854;0.164971;
0.006730;0.963436;0.824851;0.164970;
0.006740;0.963433;0.824847;0.164969;
0.006750;0.963430;0.824843;0.164969;
0.006760;0.963427;0.824839;0.164968;
0.006770;0.963424;0.824836;0.164967;
0.006780;0.963421;0.824831;0.164966;
0.006790;0.963418;0.824827;0.164965;
0.006800;0.963416;0.824823;0.164965;
0.006810;0.963413;0.824819;0.164964;
0.006820;0.963410;0.824815;0.164963;
0.006830;0.963407;0.824810;0.164962;
0.006840;0.963405;0.824806;0.164961;
0.006850;0.963402;0.824801;0.164960;
0.006860;0.963399;0.824796;0.164959;
0.006870;0.963397;0.824792;0.164958;
0.006880;0.963394;0.824787;0.164957;
0.006890;0.963392;0.824782;0.164956;
0.006900;0.963389;0.824777;0.164955;
0.006910;0.963387;0.824772;0.164954;
0.006920;0.963384;0.824767;0.164953;
0.006930;0.963382;0.824762;0.164952;
0.006940;0.963380;0.824757;0.164951;
0.006950;0.963377;0.824752;0.164950;
0.006960;0.963375;0.824746;0.164949;
0.006970;0.963373;0.824741;0.164948;
0.006980;0.963371;0.824736;0.164947;
0.006990;0.963369;0.824730;0.164946;
0.007000;0.963367;0.824725;0.164945;
0.007010;0.963365;0.824719;0.164944;
0.007020;0.963363;0.824714;0.164943;
0.007030;0.963361;0.824708;0.164942;
0.007040;0.963359;0.824702;0.164940;
0.007050;0.963358;0.824697;0.164939;
0.007060;0.963356;0.824691;0.164938;
0.007070;0.963354;0.824685;0.164937;
0.007080;0.963353;0.824679;0.164936;
0.007090;0.963351;0.824673;0.164935;
0.007100;0.963349;0.824668;0.164934;
0.007110;0.963348;0.824662;0.164932;
0.007120;0.963347;0.824656;0.164931;
0.007130;0.963345;0.824649;0.164930;
0.007140;0.963344;0.824643;0.164929;
0.007150;0.963342;0.824637;0.164927;
0.007160;0.963341;0.824631;0.164926;
0.007170;0.963340;0.824625;0.164925;
0.007180;0.963339;0.824619;0.164924;
0.007190;0.963338;0.824613;0.164923;
0.007200;0.963337;0.824606;0.164921;
0.007210;0.963336;0.824600;0.164920;
0.007220;0.963334;0.824594;0.164919;
0.007230;0.963334;0.824587;0.164917;
0.007240;0.963333;0.824581;0.164916;
0.007250;0.963332;0.824575;0.164915;
0.007260;0.963331;0.824568;0.164914;
0.007270;0.963330;0.824562;0.164912;
0.007280;0.963329;0.824555;0.164911;
0.007290;0.963328;0.824549;0.164910;
0.007300;0.963328;0.824542;0.164908;
0.007310;0.963327;0.824536;0.164907;
0.007320;0.963326;0.824529;0.164906;
0.007330;0.963326;0.824523;0.164905;
0.007340;0.963325;0.824516;0.164903;
0.007350;0.963325;0.824510;0.164902;
0.007360;0.963324;0.824503;0.164901;
0.007370;0.963324;0.824496;0.164899;
0.007380;0.963323;0.824490;0.164898;
0.007390;0.963323;0.824483;0.164897;
0.007400;0.963322;0.824476;0.164895;
0.007410;0.963322;0.824470;0.164894;
0.007420;0.963321;0.824463;0.164893;
0.007430;0.963321;0.824457;0.164891;
0.007440;0.963321;0.824450;0.164890;
0.007450;0.963320;0.824443;0.164889;
0.007460;0.963320;0.824436;0.164887;
0.007470;0.963320;0.824430;0.164886;
0.007480;0.963320;0.824423;0.164885;
0.007490;0.963319;0.824416;0.164883;
0.007500;0.963319;0.824410;0.164882;
0.007510;0.963319;0.824403;0.164881;
0.007520;0.963319;0.824396;0.164879;
0.007530;0.963319;0.824390;0.164878;
0.007540;0.963318;0.824383;0.164877;
0.007550;0.963318;0.824376;0.164875;
0.007560;0.963318;0.824369;0.164874;
0.007570;0.963318;0.824363;0.164873;
0.007580;0.963318;0.824356;0.164871;
0.007590;0.963318;0.824349;0.164870;
0.007600;0.963317;0.824343;0.164869;
0.007610;0.963317;0.824336;0.164867;
0.007620;0.963317;0.824329;0.164866;
0.007630;0.963317;0.824323;0.164865;
0.007640;0.963317;0.824316;0.164863;
0.007650;0.963317;0.824309;0.164862;
0.007660;0.963317;0.824303;0.164861;
0.007670;0.963316;0.824296;0.164859;
0.007680;0.963316;0.824289;0.164858;
0.007690;0.963316;0.824283;0.164857;
0.007700;0.963316;0.824276;0.164855;
0.007710;0.963316;0.824269;0.164854;
0.007720;0.963316;0.824263;0.164853;
0.007730;0.963316;0.824256;0.164851;
0.007740;0.963315;0.824250;0.164850;
0.007750;0.963315;0.824243;0.164849;
0.007760;0.963315;0.824236;0.164847;
0.007770;0.963315;0.824230;0.164846;
0.007780;0.963315;0.824223;0.164845;
0.007790;0.963315;0.824217;0.164843;
0.007800;0.963314;0.824210;0.164842;
0.007810;0.963314;0.824204;0.164841;
0.007820;0.963314;0.824197;0.164839;
0.007830;0.963314;0.824191;0.164838;
0.007840;0.963314;0.824184;0.164837;
0.007850;0.963313;0.824178;0.164836;
0.007860;0.963313;0.824171;0.164834;
0.007870;0.963313;0.824165;0.164833;
0.007880;0.963312;0.824158;0.164832;
0.007890;0.963312;0.824152;0.164830;
0.007900;0.963312;0.824145;0.164829;
0.007910;0.963312;0.824139;0.164828;
0.007920;0.963311;0.824132;0.164826;
0.007930;0.963311;0.824126;0.164825;
0.007940;0.963311;0.824120;0.164824;
0.007950;0.963310;0.824113;0.164823;
0.007960;0.963310;0.824107;0.164821;
0.007970;0.963309;0.824101;0.164820;
0.007980;0.963309;0.824094;0.164819;
0.007990;0.963309;0.824088;0.164818;
0.008000;0.963308;0.824082;0.164816;
0.008010;0.963308;0.824076;0.164815;
0.008020;0.963307;0.824069;0.164814;
0.008030;0.963307;0.824063;0.164813;
0.008040;0.963306;0.824057;0.164811;
0.008050;0.963306;0.824051;0.164810;
0.008060;0.963305;0.824045;0.164809;
0.008070;0.963305;0.824038;0.164808;
0.008080;0.963304;0.824032;0.164806;
0.008090;0.963304;0.824026;0.164805;
0.008100;0.963303;0.824020;0.164804;
0.008110;0.963302;0.824014;0.164803;
0.008120;0.963302;0.824008;0.164802;
0.008130;0.963301;0.824002;0.164800;
0.008140;0.963301;0.823996;0.164799;
0.008150;0.963300;0.823990;0.164798;
0.008160;0.963299;0.823984;0.164797;
0.008170;0.963299;0.823978;0.164796;
0.008180;0.963298;0.823972;0.164794;
0.008190;0.963297;0.823966;0.164793;
0.008200;0.963297;0.823960;0.164792;
0.008210;0.963296;0.823954;0.164791;
0.008220;0.963295;0.823948;0.164790;
0.008230;0.963295;0.823942;0.164788;
0.008240;0.963294;0.823936;0.164787;
0.008250;0.963293;0.823930;0.164786;
0.008260;0.963292;0.823925;0.164785;
0.008270;0.963292;0.823919;0.164784;
0.008280;0.963291;0.823913;0.164783;
0.008290;0.963290;0.823907;0.164781;
0.008300;0.963289;0.823901;0.164780;
0.008310;0.963289;0.823896;0.164779;
0.008320;0.963288;0.823890;0.164778;
0.008330;0.963287;0.823884;0.164777;
0.008340;0.963286;0.823879;0.164776;
0.008350;0.963285;0.823873;0.164775;
0.008360;0.963285;0.823867;0.164773;
0.008370;0.963284;0.823862;0.164772;
0.008380;0.963283;0.823856;0.164771;
0.008390;0.963282;0.823850;0.164770;
0.008400;0.963281;0.823845;0.164769;
0.008410;0.963280;0.823839;0.164768;
0.008420;0.963280;0.823834;0.164767;
0.008430;0.963279;0.823828;0.164766;
0.008440;0.963278;0.823823;0.164765;
0.008450;0.963277;0.823817;0.164763;
0.008460;0.963276;0.823812;0.164762;
0.008470;0.963275;0.823806;0.164761;
0.008480;0.963274;0.823801;0.164760;
0.008490;0.963274;0.823796;0.164759;
0.008500;0.963273;0.823790;0.164758;
0.008510;0.963272;0.823785;0.164757;
0.008520;0.963271;0.823779;0.164756;
0.008530;0.963270;0.823774;0.164755;
0.008540;0.963269;0.823769;0.164754;
0.008550;0.963269;0.823764;0.164753;
0.008560;0.963268;0.823758;0.164752;
0.008570;0.963267;0.823753;0.164751;
0.008580;0.963266;0.823748;0.164750;
0.008590;0.963265;0.823743;0.164749;
0.008600;0.963264;0.823737;0.164747;
0.008610;0.963263;0.823732;0.164746;
0.008620;0.963263;0.823727;0.164745;
0.008630;0.963262;0.823722;0.164744;
0.008640;0.963261;0.823717;0.164743;
0.008650;0.963260;0.823712;0.164742;
0.008660;0.963259;0.823707;0.164741;
0.008670;0.963259;0.823702;0.164740;
0.008680;0.963258;0.823697;0.164739;
0.008690;0.963257;0.823692;0.164738;
0.008700;0.963256;0.823687;0.164737;
0.008710;0.963255;0.823682;0.164736;
0.008720;0.963255;0.823677;0.164735;
0.008730;0.963254;0.823672;0.164734;
0.008740;0.963253;0.823667;0.164733;
0.008750;0.963252;0.823662;0.164732;
0.008760;0.963252;0.823657;0.164731;
0.008770;0.963251;0.823652;0.164730;
0.008780;0.963250;0.823648;0.164730;
0.008790;0.963249;0.823643;0.164729;
0.008800;0.963249;0.823638;0.164728;
0.008810;0.963248;0.823633;0.164727;
0.008820;0.963247;0.823629;0.164726;
0.008830;0.963246;0.823624;0.164725;
0.008840;0.963246;0.823619;0.164724;
0.008850;0.963245;0.823614;0.164723;
0.008860;0.963244;0.823610;0.164722;
0.008870;0.963244;0.823605;0.164721;
0.008880;0.963243;0.823601;0.164720;
0.008890;0.963242;0.823596;0.164719;
0.008900;0.963242;0.823591;0.164718;
0.008910;0.963241;0.823587;0.164717;
0.008920;0.963240;0.823582;0.164716;
0.008930;0.963240;0.823578;0.164716;
0.008940;0.963239;0.823573;0.164715;
0.008950;0.963239;0.823569;0.164714;
0.008960;0.963238;0.823564;0.164713;
0.008970;0.963237;0.823560;0.164712;
0.008980;0.963237;0.823556;0.164711;
0.008990;0.963236;0.823551;0.164710;
0.009000;0.963236;0.823547;0.164709;
0.009010;0.963235;0.823542;0.164708;
0.009020;0.963235;0.823538;0.164708;
0.009030;0.963234;0.823534;0.164707;
0.009040;0.963234;0.823530;0.164706;
0.009050;0.963233;0.823525;0.164705;
0.009060;0.963233;0.823521;0.164704;
0.009070;0.963232;0.823517;0.164703;
0.009080;0.963232;0.823513;0.164703;
0.009090;0.963231;0.823509;0.164702;
0.009100;0.963231;0.823504;0.164701;
0.009110;0.963230;0.823500;0.164700;
0.009120;0.963230;0.823496;0.164699;
0.009130;0.963229;0.823492;0.164698;
0.009140;0.963229;0.823488;0.164698;
0.009150;0.963228;0.823484;0.164697;
0.009160;0.963228;0.823480;0.164696;
0.009170;0.963227;0.823476;0.164695;
0.009180;0.963227;0.823472;0.164694;
0.009190;0.963227;0.823468;0.164694;
0.009200;0.963226;0.823464;0.164693;
0.009210;0.963226;0.823460;0.164692;
0.009220;0.963225;0.823456;0.164691;
0.009230;0.963225;0.823452;0.164690;
0.009240;0.963225;0.823449;0.164690;
0.009250;0.963224;0.823445;0.164689;
0.009260;0.963224;0.823441;0.164688;
0.009270;0.963224;0.823437;0.164687;
0.009280;0.963223;0.823433;0.164687;
0.009290;0.963223;0.823430;0.164686;
0.009300;0.963223;0.823426;0.164685;
0.009310;0.963222;0.823422;0.164684;
0.009320;0.963222;0.823418;0.164684;
0.009330;0.963222;0.823415;0.164683;
0.009340;0.963221;0.823411;0.164682;
0.009350;0.963221;0.823408;0.164682;
0.009360;0.963221;0.823404;0.164681;
0.009370;0.963220;0.823400;0.164680;
0.009380;0.963220;0.823397;0.164679;
0.009390;0.963220;0.823393;0.164679;
0.009400;0.963220;0.823390;0.164678;
0.009410;0.963219;0.823386;0.164677;
0.009420;0.963219;0.823383;0.164677;
0.009430;0.963219;0.823379;0.164676;
0.009440;0.963218;0.823376;0.164675;
0.009450;0.963218;0.823372;0.164674;
0.009460;0.963218;0.823369;0.164674;
0.009470;0.963218;0.823366;0.164673;
0.009480;0.963217;0.823362;0.164672;
0.009490;0.963217;0.823359;0.164672;
0.009500;0.963217;0.823356;0.164671;
0.009510;0.963217;0.823352;0.164670;
0.009520;0.963217;0.823349;0.164670;
0.009530;0.963216;0.823346;0.164669;
0.009540;0.963216;0.823342;0.164668;
0.009550;0.963216;0.823339;0.164668;
0.009560;0.963216;0.823336;0.164667;
0.009570;0.963215;0.823333;0.164667;
0.009580;0.963215;0.823330;0.164666;
0.009590;0.963215;0.823327;0.164665;
0.009600;0.963215;0.823323;0.164665;
0.009610;0.963215;0.823320;0.164664;
0.009620;0.963214;0.823317;0.164663;
0.009630;0.963214;0.823314;0.164663;
0.009640;0.963214;0.823311;0.164662;
0.009650;0.963214;0.823308;0.164662;
0.009660;0.963214;0.823305;0.164661;
0.009670;0.963213;0.823302;0.164660;
0.009680;0.963213;0.823299;0.164660;
0.009690;0.963213;0.823296;0.164659;
0.009700;0.963213;0.823293;0.164659;
0.009710;0.963213;0.823290;0.164658;
0.009720;0.963212;0.823287;0.164657;
0.009730;0.963212;0.823285;0.164657;
0.009740;0.963212;0.823282;0.164656;
0.009750;0.963212;0.823279;0.164656;
0.009760;0.963212;0.823276;0.164655;
0.009770;0.963212;0.823273;0.164655;
0.009780;0.963211;0.823270;0.164654;
0.009790;0.963211;0.823268;0.164654;
0.009800;0.963211;0.823265;0.164653;
0.009810;0.963211;0.823262;0.164652;
0.009820;0.963211;0.823259;0.164652;
0.009830;0.963210;0.823257;0.164651;
0.009840;0.963210;0.823254;0.164651;
0.009850;0.963210;0.823251;0.164650;
0.009860;0.963210;0.823249;0.164650;
0.009870;0.963210;0.823246;0.164649;
0.009880;0.963210;0.823243;0.164649;
0.009890;0.963209;0.823241;0.164648;
0.009900;0.963209;0.823238;0.164648;
0.009910;0.963209;0.823236;0.164647;
0.009920;0.963209;0.823233;0.164647;
0.009930;0.963209;0.823231;0.164646;
0.009940;0.963209;0.823228;0.164646;
0.009950;0.963208;0.823226;0.164645;
0.009960;0.963208;0.823223;0.164645;
0.009970;0.963208;0.823221;0.164644;
0.009980;0.963208;0.823218;0.164644;
0.009990;0.963208;0.823216;0.164643;
0.010000;0.963207;0.823213;0.164643;
0.010010;0.963207;0.823211;0.164642;
0.010020;0.963207;0.823209;0.164642;
0.010030;0.963207;0.823206;0.164641;
0.010040;0.963207;0.823204;0.164641;
0.010050;0.963207;0.823201;0.164640;
0.010060;0.963206;0.823199;0.164640;
0.010070;0.963206;0.823197;0.164639;
0.010080;0.963206;0.823195;0.164639;
0.010090;0.963206;0.823192;0.164638;
0.010100;0.963206;0.823190;0.164638;
0.010110;0.963206;0.823188;0.164638;
0.010120;0.963205;0.823186;0.164637;
0.010130;0.963205;0.823183;0.164637;
0.010140;0.963205;0.823181;0.164636;
0.010150;0.963205;0.823179;0.164636;
0.010160;0.963205;0.823177;0.164635;
0.010170;0.963205;0.823175;0.164635;
0.010180;0.963204;0.823172;0.164634;
0.010190;0.963204;0.823170;0.164634;
0.010200;0.963204;0.823168;0.164634;
0.010210;0.963204;0.823166;0.164633;
0.010220;0.963204;0.823164;0.164633;
0.010230;0.963203;0.823162;0.164632;
0.010240;0.963203;0.823160;0.164632;
0.010250;0.963203;0.823158;0.164632;
0.010260;0.963203;0.823156;0.164631;
0.010270;0.963203;0.823154;0.164631;
0.010280;0.963203;0.823152;0.164630;
0.010290;0.963202;0.823150;0.164630;
0.010300;0.963202;0.823148;0.164630;
0.010310;0.963202;0.823146;0.164629;
0.010320;0.963202;0.823144;0.164629;
0.010330;0.963202;0.823142;0.164628;
0.010340;0.963202;0.823140;0.164628;
0.010350;0.963201;0.823138;0.164628;
0.010360;0.963201;0.823136;0.164627;
0.010370;0.963201;0.823134;0.164627;
0.010380;0.963201;0.823132;0.164626;
0.010390;0.963201;0.823131;0.164626;
0.010400;0.963201;0.823129;0.164626;
0.010410;0.963200;0.823127;0.164625;
0.010420;0.963200;0.823125;0.164625;
0.010430;0.963200;0.823123;0.164625;
0.010440;0.963200;0.823121;0.164624;
0.010450;0.963200;0.823120;0.164624;
0.010460;0.963200;0.823118;0.164624;
0.010470;0.963199;0.823116;0.164623;
0.010480;0.963199;0.823114;0.164623;
0.010490;0.963199;0.823113;0.164623;
0.010500;0.963199;0.823111;0.164622;
0.010510;0.963199;0.823109;0.164622;
0.010520;0.963199;0.823108;0.164622;
0.010530;0.963198;0.823106;0.164621;
0.010540;0.963198;0.823104;0.164621;
0.010550;0.963198;0.823103;0.164621;
0.010560;0.963198;0.823101;0.164620;
0.010570;0.963198;0.823099;0.164620;
0.010580;0.963198;0.823098;0.164620;
0.010590;0.963198;0.823096;0.164619;
0.010600;0.963197;0.823094;0.164619;
0.010610;0.963197;0.823093;0.164619;
0.010620;0.963197;0.823091;0.164618;
0.010630;0.963197;0.823090;0.164618;
0.010640;0.963197;0.823088;0.164618;
0.010650;0.963197;0.823087;0.164617;
0.010660;0.963196;0.823085;0.164617;
0.010670;0.963196;0.823083;0.164617;
0.010680;0.963196;0.823082;0.164616;
0.010690;0.963196;0.823080;0.164616;
0.010700;0.963196;0.823079;0.164616;
0.010710;0.963196;0.823077;0.164615;
0.010720;0.963196;0.823076;0.164615;
0.010730;0.963195;0.823075;0.164615;
0.010740;0.963195;0.823073;0.164615;
0.010750;0.963195;0.823072;0.164614;
0.010760;0.963195;0.823070;0.164614;
0.010770;0.963195;0.823069;0.164614;
0.010780;0.963195;0.823067;0.164613;
0.010790;0.963195;0.823066;0.164613;
0.010800;0.963195;0.823065;0.164613;
0.010810;0.963194;0.823063;0.164613;
0.010820;0.963194;0.823062;0.164612;
0.010830;0.963194;0.823060;0.164612;
0.010840;0.963194;0.823059;0.164612;
0.010850;0.963194;0.823058;0.164612;
0.010860;0.963194;0.823056;0.164611;
0.010870;0.963194;0.823055;0.164611;
0.010880;0.963194;0.823054;0.164611;
0.010890;0.963193;0.823052;0.164610;
0.010900;0.963193;0.823051;0.164610;
0.010910;0.963193;0.823050;0.164610;
0.010920;0.963193;0.823049;0.164610;
0.010930;0.963193;0.823047;0.164609;
0.010940;0.963193;0.823046;0.164609;
0.010950;0.963193;0.823045;0.164609;
0.010960;0.963193;0.823044;0.164609;
0.010970;0.963193;0.823042;0.164608;
0.010980;0.963192;0.823041;0.164608;
0.010990;0.963192;0.823040;0.164608;
0.011000;0.963192;0.823039;0.164608;
0.011010;0.963192;0.823038;0.164608;
0.011020;0.963192;0.823036;0.164607;
0.011030;0.963192;0.823035;0.164607;
0.011040;0.963192;0.823034;0.164607;
0.011050;0.963192;0.823033;0.164607;
0.011060;0.963192;0.823032;0.164606;
0.011070;0.963192;0.823031;0.164606;
0.011080;0.963191;0.823030;0.164606;
0.011090;0.963191;0.823028;0.164606;
0.011100;0.963191;0.823027;0.164605;
0.011110;0.963191;0.823026;0.164605;
0.011120;0.963191;0.823025;0.164605;
0.011130;0.963191;0.823024;0.164605;
0.011140;0.963191;0.823023;0.164605;
0.011150;0.963191;0.823022;0.164604;
0.011160;0.963191;0.823021;0.164604;
0.011170;0.963191;0.823020;0.164604;
0.011180;0.963191;0.823019;0.164604;
0.011190;0.963190;0.823018;0.164604;
0.011200;0.963190;0.823017;0.164603;
0.011210;0.963190;0.823016;0.164603;
0.011220;0.963190;0.823015;0.164603;
0.011230;0.963190;0.823014;0.164603;
0.011240;0.963190;0.823013;0.164603;
0.011250;0.963190;0.823012;0.164602;
0.011260;0.963190;0.823011;0.164602;
0.011270;0.963190;0.823010;0.164602;
0.011280;0.963190;0.823009;0.164602;
0.011290;0.963190;0.823008;0.164602;
0.011300;0.963190;0.823007;0.164601;
0.011310;0.963190;0.823006;0.164601;
0.011320;0.963189;0.823005;0.164601;
0.011330;0.963189;0.823004;0.164601;
0.011340;0.963189;0.823003;0.164601;
0.011350;0.963189;0.823002;0.164600;
0.011360;0.963189;0.823001;0.164600;
0.011370;0.963189;0.823000;0.164600;
0.011380;0.963189;0.822999;0.164600;
0.011390;0.963189;0.822999;0.164600;
0.011400;0.963189;0.822998;0.164600;
0.011410;0.963189;0.822997;0.164599;
0.011420;0.963189;0.822996;0.164599;
0.011430;0.963189;0.822995;0.164599;
0.011440;0.963189;0.822994;0.164599;
0.011450;0.963189;0.822993;0.164599;
0.011460;0.963189;0.822992;0.164598;
0.011470;0.963189;0.822992;0.164598;
0.011480;0.963188;0.822991;0.164598;
0.011490;0.963188;0.822990;0.164598;
0.011500;0.963188;0.822989;0.164598;
0.011510;0.963188;0.822988;0.164598;
0.011520;0.963188;0.822988;0.164598;
0.011530;0.963188;0.822987;0.164597;
0.011540;0.963188;0.822986;0.164597;
0.011550;0.963188;0.822985;0.164597;
0.011560;0.963188;0.822984;0.164597;
0.011570;0.963188;0.822984;0.164597;
0.011580;0.963188;0.822983;0.164597;
0.011590;0.963188;0.822982;0.164596;
0.011600;0.963188;0.822981;0.164596;
0.011610;0.963188;0.822981;0.164596;
0.011620;0.963188;0.822980;0.164596;
0.011630;0.963188;0.822979;0.164596;
0.011640;0.963188;0.822979;0.164596;
0.011650;0.963188;0.822978;0.164596;
0.011660;0.963188;0.822977;0.164595;
0.011670;0.963187;0.822976;0.164595;
0.011680;0.963187;0.822976;0.164595;
0.011690;0.963187;0.822975;0.164595;
0.011700;0.963187;0.822974;0.164595;
0.011710;0.963187;0.822974;0.164595;
0.011720;0.963187;0.822973;0.164595;
0.011730;0.963187;0.822972;0.164594;
0.011740;0.963187;0.822972;0.164594;
0.011750;0.963187;0.822971;0.164594;
0.011760;0.963187;0.822970;0.164594;
0.011770;0.963187;0.822970;0.164594;
0.011780;0.963187;0.822969;0.164594;
0.011790;0.963187;0.822968;0.164594;
0.011800;0.963187;0.822968;0.164594;
0.011810;0.963187;0.822967;0.164593;
0.011820;0.963187;0.822966;0.164593;
0.011830;0.963187;0.822966;0.164593;
0.011840;0.963187;0.822965;0.164593;
0.011850;0.963187;0.822965;0.164593;
0.011860;0.963187;0.822964;0.164593;
0.011870;0.963187;0.822963;0.164593;
0.011880;0.963187;0.822963;0.164593;
0.011890;0.963187;0.822962;0.164592;
0.011900;0.963187;0.822962;0.164592;
0.011910;0.963187;0.822961;0.164592;
0.011920;0.963186;0.822961;0.164592;
0.011930;0.963186;0.822960;0.164592;
0.011940;0.963186;0.822959;0.164592;
0.011950;0.963186;0.822959;0.164592;
0.011960;0.963186;0.822958;0.164592;
0.011970;0.963186;0.822958;0.164592;
0.011980;0.963186;0.822957;0.164591;
0.011990;0.963186;0.822957;0.164591;
0.012000;0.963186;0.822956;0.164591;
0.012010;0.963186;0.822956;0.164591;
0.012020;0.963186;0.822955;0.164591;
0.012030;0.963186;0.822955;0.164591;
0.012040;0.963186;0.822954;0.164591;
0.012050;0.963186;0.822954;0.164591;
0.012060;0.963186;0.822953;0.164591;
0.012070;0.963186;0.822953;0.164591;
0.012080;0.963186;0.822952;0.164590;
0.012090;0.963186;0.822952;0.164590;
0.012100;0.963186;0.822951;0.164590;
0.012110;0.963186;0.822951;0.164590;
0.012120;0.963186;0.822950;0.164590;
0.012130;0.963186;0.822950;0.164590;
0.012140;0.963186;0.822949;0.164590;
0.012150;0.963186;0.822949;0.164590;
0.012160;0.963186;0.822948;0.164590;
0.012170;0.963186;0.822948;0.164590;
0.012180;0.963186;0.822947;0.164589;
0.012190;0.963186;0.822947;0.164589;
0.012200;0.963186;0.822946;0.164589;
0.012210;0.963186;0.822946;0.164589;
0.012220;0.963185;0.822946;0.164589;
0.012230;0.963185;0.822945;0.164589;
0.012240;0.963185;0.822945;0.164589;
0.012250;0.963185;0.822944;0.164589;
0.012260;0.963185;0.822944;0.164589;
0.012270;0.963185;0.822943;0.164589;
0.012280;0.963185;0.822943;0.164589;
0.012290;0.963185;0.822943;0.164589;
0.012300;0.963185;0.822942;0.164588;
0.012310;0.963185;0.822942;0.164588;
0.012320;0.963185;0.822941;0.164588;
0.012330;0.963185;0.822941;0.164588;
0.012340;0.963185;0.822941;0.164588;
0.012350;0.963185;0.822940;0.164588;
0.012360;0.963185;0.822940;0.164588;
0.012370;0.963185;0.822939;0.164588;
0.012380;0.963185;0.822939;0.164588;
0.012390;0.963185;0.822939;0.164588;
0.012400;0.963185;0.822938;0.164588;
0.012410;0.963185;0.822938;0.164588;
0.012420;0.963185;0.822937;0.164587;
0.012430;0.963185;0.822937;0.164587;
0.012440;0.963185;0.822937;0.164587;
0.012450;0.963185;0.822936;0.164587;
0.012460;0.963185;0.822936;0.164587;
0.012470;0.963185;0.822936;0.164587;
0.012480;0.963185;0.822935;0.164587;
0.012490;0.963185;0.822935;0.164587;
0.012500;0.963185;0.822935;0.164587;
0.012510;0.963185;0.822934;0.164587;
0.012520;0.963185;0.822934;0.164587;
0.012530;0.963185;0.822934;0.164587;
0.012540;0.963185;0.822933;0.164587;
0.012550;0.963185;0.822933;0.164587;
0.012560;0.963185;0.822933;0.164587;
0.012570;0.963185;0.822932;0.164586;
0.012580;0.963185;0.822932;0.164586;
0.012590;0.963185;0.822932;0.164586;
0.012600;0.963185;0.822931;0.164586;
0.012610;0.963185;0.822931;0.164586;
0.012620;0.963184;0.822931;0.164586;
0.012630;0.963184;0.822930;0.164586;
0.012640;0.963184;0.822930;0.164586;
0.012650;0.963184;0.822930;0.164586;
0.012660;0.963184;0.822930;0.164586;
0.012670;0.963184;0.822929;0.164586;
0.012680;0.963184;0.822929;0.164586;
0.012690;0.963184;0.822929;0.164586;
0.012700;0.963184;0.822928;0.164586;
0.012710;0.963184;0.822928;0.164586;
0.012720;0.963184;0.822928;0.164586;
0.012730;0.963184;0.822928;0.164586;
0.012740;0.963184;0.822927;0.164585;
0.012750;0.963184;0.822927;0.164585;
0.012760;0.963184;0.822927;0.164585;
0.012770;0.963184;0.822926;0.164585;
0.012780;0.963184;0.822926;0.164585;
0.012790;0.963184;0.822926;0.164585;
0.012800;0.963184;0.822926;0.164585;
0.012810;0.963184;0.822925;0.164585;
0.012820;0.963184;0.822925;0.164585;
0.012830;0.963184;0.822925;0.164585;
0.012840;0.963184;0.822925;0.164585;
0.012850;0.963184;0.822924;0.164585;
0.012860;0.963184;0.822924;0.164585;
0.012870;0.963184;0.822924;0.164585;
0.012880;0.963184;0.822924;0.164585;
0.012890;0.963184;0.822923;0.164585;
0.012900;0.963184;0.822923;0.164585;
0.012910;0.963184;0.822923;0.164585;
0.012920;0.963184;0.822923;0.164585;
0.012930;0.963184;0.822923;0.164585;
0.012940;0.963184;0.822922;0.164584;
0.012950;0.963184;0.822922;0.164584;
0.012960;0.963184;0.822922;0.164584;
0.012970;0.963184;0.822922;0.164584;
0.012980;0.963184;0.822921;0.164584;
0.012990;0.963184;0.822921;0.164584;
0.013000;0.963184;0.822921;0.164584;
0.013010;0.963184;0.822921;0.164584;
0.013020;0.963184;0.822921;0.164584;
0.013030;0.963184;0.822920;0.164584;
0.013040;0.963184;0.822920;0.164584;
0.013050;0.963184;0.822920;0.164584;
0.013060;0.963184;0.822920;0.164584;
0.013070;0.963184;0.822920;0.164584;
0.013080;0.963184;0.822919;0.164584;
0.013090;0.963184;0.822919;0.164584;
0.013100;0.963184;0.822919;0.164584;
0.013110;0.963184;0.822919;0.164584;
0.013120;0.963184;0.822919;0.164584;
0.013130;0.963184;0.822918;0.164584;
0.013140;0.963184;0.822918;0.164584;
0.013150;0.963184;0.822918;0.164584;
0.013160;0.963184;0.822918;0.164584;
0.013170;0.963184;0.822918;0.164584;
0.013180;0.963184;0.822917;0.164583;
0.013190;0.963184;0.822917;0.164583;
0.013200;0.963184;0.822917;0.164583;
0.013210;0.963184;0.822917;0.164583;
0.013220;0.963184;0.822917;0.164583;
0.013230;0.963184;0.822917;0.164583;
0.013240;0.963184;0.822916;0.164583;
0.013250;0.963184;0.822916;0.164583;
0.013260;0.963184;0.822916;0.164583;
0.013270;0.963184;0.822916;0.164583;
0.013280;0.963184;0.822916;0.164583;
0.013290;0.963184;0.822916;0.164583;
0.013300;0.963184;0.822915;0.164583;
0.013310;0.963184;0.822915;0.164583;
0.013320;0.963184;0.822915;0.164583;
0.013330;0.963183;0.822915;0.164583;
0.013340;0.963183;0.822915;0.164583;
0.013350;0.963183;0.822915;0.164583;
0.013360;0.963183;0.822915;0.164583;
0.013370;0.963183;0.822914;0.164583;
0.013380;0.963183;0.822914;0.164583;
0.013390;0.963183;0.822914;0.164583;
0.013400;0.963183;0.822914;0.164583;
0.013410;0.963183;0.822914;0.164583;
0.013420;0.963183;0.822914;0.164583;
0.013430;0.963183;0.822914;0.164583;
0.013440;0.963183;0.822913;0.164583;
0.013450;0.963183;0.822913;0.164583;
0.013460;0.963183;0.822913;0.164583;
0.013470;0.963183;0.822913;0.164583;
0.013480;0.963183;0.822913;0.164583;
0.013490;0.963183;0.822913;0.164583;
0.013500;0.963183;0.822913;0.164583;
0.013510;0.963183;0.822912;0.164582;
0.013520;0.963183;0.822912;0.164582;
0.013530;0.963183;0.822912;0.164582;
0.013540;0.963183;0.822912;0.164582;
0.013550;0.963183;0.822912;0.164582;
0.013560;0.963183;0.822912;0.164582;
0.013570;0.963183;0.822912;0.164582;
0.013580;0.963183;0.822912;0.164582;
0.013590;0.963183;0.822911;0.164582;
0.013600;0.963183;0.822911;0.164582;
0.013610;0.963183;0.822911;0.164582;
0.013620;0.963183;0.822911;0.164582;
0.013630;0.963183;0.822911;0.164582;
0.013640;0.963183;0.822911;0.164582;
0.013650;0.963183;0.822911;0.164582;
0.013660;0.963183;0.822911;0.164582;
0.013670;0.963183;0.822911;0.164582;
0.013680;0.963183;0.822910;0.164582;
0.013690;0.963183;0.822910;0.164582;
0.013700;0.963183;0.822910;0.164582;
0.013710;0.963183;0.822910;0.164582;
0.013720;0.963183;0.822910;0.164582;
0.013730;0.963183;0.822910;0.164582;
0.013740;0.963183;0.822910;0.164582;
0.013750;0.963183;0.822910;0.164582;
0.013760;0.963183;0.822910;0.164582;
0.013770;0.963183;0.822910;0.164582;
0.013780;0.963183;0.822909;0.164582;
0.013790;0.963183;0.822909;0.164582;
0.013800;0.963183;0.822909;0.164582;
0.013810;0.963183;0.822909;0.164582;
0.013820;0.963183;0.822909;0.164582;
0.013830;0.963183;0.822909;0.164582;
0.013840;0.963183;0.822909;0.164582;
0.013850;0.963183;0.822909;0.164582;
0.013860;0.963183;0.822909;0.164582;
0.013870;0.963183;0.822909;0.164582;
0.013880;0.963183;0.822909;0.164582;
0.013890;0.963183;0.822908;0.164582;
0.013900;0.963183;0.822908;0.164582;
0.013910;0.963183;0.822908;0.164582;
0.013920;0.963183;0.822908;0.164582;
0.013930;0.963183;0.822908;0.164582;
0.013940;0.963183;0.822908;0.164582;
0.013950;0.963183;0.822908;0.164582;
0.013960;0.963183;0.822908;0.164582;
0.013970;0.963183;0.822908;0.164582;
0.013980;0.963183;0.822908;0.164582;
0.013990;0.963183;0.822908;0.164582;
0.014000;0.963183;0.822908;0.164582;
0.014010;0.963183;0.822907;0.164581;
0.014020;0.963183;0.822907;0.164581;
0.014030;0.963183;0.822907;0.164581;
0.014040;0.963183;0.822907;0.164581;
0.014050;0.963183;0.822907;0.164581;
0.014060;0.963183;0.822907;0.164581;
0.014070;0.963183;0.822907;0.164581;
0.014080;0.963183;0.822907;0.164581;
0.014090;0.963183;0.822907;0.164581;
0.014100;0.963183;0.822907;0.164581;
0.014110;0.963183;0.822907;0.164581;
0.014120;0.963183;0.822907;0.164581;
0.014130;0.963183;0.822907;0.164581;
0.014140;0.963183;0.822907;0.164581;
0.014150;0.963183;0.822907;0.164581;
0.014160;0.963183;0.822906;0.164581;
0.014170;0.963183;0.822906;0.164581;
0.014180;0.963183;0.822906;0.164581;
0.014190;0.963183;0.822906;0.164581;
0.014200;0.963183;0.822906;0.164581;
0.014210;0.963183;0.822906;0.164581;
0.014220;0.963183;0.822906;0.164581;
0.014230;0.963183;0.822906;0.164581;
0.014240;0.963183;0.822906;0.164581;
0.014250;0.963183;0.822906;0.164581;
0.014260;0.963183;0.822906;0.164581;
0.014270;0.963183;0.822906;0.164581;
0.014280;0.963183;0.822906;0.164581;
0.014290;0.963183;0.822906;0.164581;
0.014300;0.963183;0.822906;0.164581;
0.014310;0.963183;0.822906;0.164581;
0.014320;0.963183;0.822906;0.164581;
0.014330;0.963183;0.822905;0.164581;
0.014340;0.963183;0.822905;0.164581;
0.014350;0.963183;0.822905;0.164581;
0.014360;0.963183;0.822905;0.164581;
0.014370;0.963183;0.822905;0.164581;
0.014380;0.963183;0.822905;0.164581;
0.014390;0.963183;0.822905;0.164581;
0.014400;0.963183;0.822905;0.164581;
0.014410;0.963183;0.822905;0.164581;
0.014420;0.963183;0.822905;0.164581;
0.014430;0.963183;0.822905;0.164581;
0.014440;0.963183;0.822905;0.164581;
0.014450;0.963183;0.822905;0.164581;
0.014460;0.963183;0.822905;0.164581;
0.014470;0.963183;0.822905;0.164581;
0.014480;0.963183;0.822905;0.164581;
0.014490;0.963183;0.822905;0.164581;
0.014500;0.963183;0.822905;0.164581;
0.014510;0.963183;0.822905;0.164581;
0.014520;0.963183;0.822905;0.164581;
0.014530;0.963183;0.822905;0.164581;
0.014540;0.963183;0.822905;0.164581;
0.014550;0.963183;0.822905;0.164581;
0.014560;0.963183;0.822904;0.164581;
0.014570;0.963183;0.822904;0.164581;
0.014580;0.963183;0.822904;0.164581;
0.014590;0.963183;0.822904;0.164581;
0.014600;0.963183;0.822904;0.164581;
0.014610;0.963183;0.822904;0.164581;
0.014620;0.963183;0.822904;0.164581;
0.014630;0.963183;0.822904;0.164581;
0.014640;0.963183;0.822904;0.164581;
0.014650;0.963183;0.822904;0.164581;
0.014660;0.963183;0.822904;0.164581;
0.014670;0.963183;0.822904;0.164581;
0.014680;0.963183;0.822904;0.164581;
0.014690;0.963183;0.822904;0.164581;
0.014700;0.963183;0.822904;0.164581;
0.014710;0.963183;0.822904;0.164581;
0.014720;0.963183;0.822904;0.164581;
0.014730;0.963183;0.822904;0.164581;
0.014740;0.963183;0.822904;0.164581;
0.014750;0.963183;0.822904;0.164581;
0.014760;0.963183;0.822904;0.164581;
0.014770;0.963183;0.822904;0.164581;
0.014780;0.963183;0.822904;0.164581;
0.014790;0.963183;0.822904;0.164581;
0.014800;0.963183;0.822904;0.164581;
0.014810;0.963183;0.822904;0.164581;
0.014820;0.963183;0.822904;0.164581;
0.014830;0.963183;0.822904;0.164581;
0.014840;0.963183;0.822904;0.164581;
0.014850;0.963183;0.822904;0.164581;
0.014860;0.963183;0.822904;0.164581;
0.014870;0.963183;0.822903;0.164581;
0.014880;0.963183;0.822903;0.164581;
0.014890;0.963183;0.822903;0.164581;
0.014900;0.963183;0.822903;0.164581;
0.014910;0.963183;0.822903;0.164581;
0.014920;0.963183;0.822903;0.164581;
0.014930;0.963183;0.822903;0.164581;
0.014940;0.963183;0.822903;0.164581;
0.014950;0.963183;0.822903;0.164581;
0.014960;0.963183;0.822903;0.164581;
0.014970;0.963183;0.822903;0.164581;
0.014980;0.963183;0.822903;0.164581;
0.014990;0.963183;0.822903;0.164581;
0.015000;0.963183;0.822903;0.164581;
0.015010;0.963183;0.822903;0.164581;
0.015020;0.963183;0.822903;0.164581;
0.015030;0.963183;0.822903;0.164581;
0.015040;0.963183;0.822903;0.164581;
0.015050;0.963183;0.822903;0.164581;
0.015060;0.963183;0.822903;0.164581;
0.015070;0.963183;0.822903;0.164581;
0.015080;0.963183;0.822903;0.164581;
0.015090;0.963183;0.822903;0.164581;
0.015100;0.963183;0.822903;0.164581;
0.015110;0.963183;0.822903;0.164581;
0.015120;0.963183;0.822903;0.164581;
0.015130;0.963183;0.822903;0.164581;
0.015140;0.963183;0.822903;0.164581;
0.015150;0.963183;0.822903;0.164581;
0.015160;0.963183;0.822903;0.164581;
0.015170;0.963183;0.822903;0.164581;
0.015180;0.963183;0.822903;0.164581;
0.015190;0.963183;0.822903;0.164581;
0.015200;0.963183;0.822903;0.164581;
0.015210;0.963183;0.822903;0.164581;
0.015220;0.963183;0.822903;0.164581;
0.015230;0.963183;0.822903;0.164581;
0.015240;0.963183;0.822903;0.164581;
0.015250;0.963183;0.822903;0.164581;
0.015260;0.963183;0.822903;0.164581;
0.015270;0.963183;0.822903;0.164581;
0.015280;0.963183;0.822903;0.164581;
0.015290;0.963183;0.822903;0.164581;
0.015300;0.963183;0.822903;0.164581;
0.015310;0.963183;0.822903;0.164581;
0.015320;0.963183;0.822903;0.164581;
0.015330;0.963183;0.822903;0.164581;
0.015340;0.963183;0.822903;0.164581;
0.015350;0.963183;0.822903;0.164581;
0.015360;0.963183;0.822903;0.164581;
0.015370;0.963183;0.822903;0.164581;
0.015380;0.963183;0.822903;0.164581;
0.015390;0.963183;0.822903;0.164581;
0.015400;0.963183;0.822903;0.164581;
0.015410;0.963183;0.822903;0.164581;
0.015420;0.963183;0.822903;0.164581;
0.015430;0.963183;0.822903;0.164581;
0.015440;0.963183;0.822903;0.164581;
0.015450;0.963183;0.822902;0.164580;
0.015460;0.963183;0.822902;0.164580;
0.015470;0.963183;0.822902;0.164580;
0.015480;0.963183;0.822902;0.164580;
0.015490;0.963183;0.822902;0.164580;
0.015500;0.963183;0.822902;0.164580;
0.015510;0.963183;0.822902;0.164580;
0.015520;0.963183;0.822902;0.164580;
0.015530;0.963183;0.822902;0.164580;
0.015540;0.963183;0.822902;0.164580;
0.015550;0.963183;0.822902;0.164580;
0.015560;0.963183;0.822902;0.164580;
0.015570;0.963183;0.822902;0.164580;
0.015580;0.963183;0.822902;0.164580;
0.015590;0.963183;0.822902;0.164580;
0.015600;0.963183;0.822902;0.164580;
0.015610;0.963183;0.822902;0.164580;
0.015620;0.963183;0.822902;0.164580;
0.015630;0.963183;0.822902;0.164580;
0.015640;0.963183;0.822902;0.164580;
0.015650;0.963183;0.822902;0.164580;
0.015660;0.963183;0.822902;0.164580;
0.015670;0.963183;0.822902;0.164580;
0.015680;0.963183;0.822902;0.164580;
0.015690;0.963183;0.822902;0.164580;
0.015700;0.963183;0.822902;0.164580;
0.015710;0.963183;0.822902;0.164580;
0.015720;0.963183;0.822902;0.164580;
0.015730;0.963183;0.822902;0.164580;
0.015740;0.963183;0.822902;0.164580;
0.015750;0.963183;0.822902;0.164580;
0.015760;0.963183;0.822902;0.164580;
0.015770;0.963183;0.822902;0.164580;
0.015780;0.963183;0.822902;0.164580;
0.015790;0.963183;0.822902;0.164580;
0.015800;0.963183;0.822902;0.164580;
0.015810;0.963183;0.822902;0.164580;
0.015820;0.963183;0.822902;0.164580;
0.015830;0.963183;0.822902;0.164580;
0.015840;0.963183;0.822902;0.164580;
0.015850;0.963183;0.822902;0.164580;
0.015860;0.963183;0.822902;0.164580;
0.015870;0.963183;0.822902;0.164580;
0.015880;0.963183;0.822902;0.164580;
0.015890;0.963183;0.822902;0.164580;
0.015900;0.963183;0.822902;0.164580;
0.015910;0.963183;0.822902;0.164580;
0.015920;0.963183;0.822902;0.164580;
0.015930;0.963183;0.822902;0.164580;
0.015940;0.963183;0.822902;0.164580;
0.015950;0.963183;0.822902;0.164580;
0.015960;0.963183;0.822902;0.164580;
0.015970;0.963183;0.822902;0.164580;
0.015980;0.963183;0.822902;0.164580;
0.015990;0.963183;0.822902;0.164580;
0.016000;0.963183;0.822902;0.164580;
0.016010;0.963183;0.822902;0.164580;
0.016020;0.963183;0.822902;0.164580;
0.016030;0.963183;0.822902;0.164580;
0.016040;0.963183;0.822902;0.164580;
0.016050;0.963183;0.822902;0.164580;
0.016060;0.963183;0.822902;0.164580;
0.016070;0.963183;0.822902;0.164580;
0.016080;0.963183;0.822902;0.164580;
0.016090;0.963183;0.822902;0.164580;
0.016100;0.963183;0.822902;0.164580;
0.016110;0.963183;0.822902;0.164580;
0.016120;0.963183;0.822902;0.164580;
0.016130;0.963183;0.822902;0.164580;
0.016140;0.963183;0.822902;0.164580;
0.016150;0.963183;0.822902;0.164580;
0.016160;0.963183;0.822902;0.164580;
0.016170;0.963183;0.822902;0.164580;
0.016180;0.963183;0.822902;0.164580;
0.016190;0.963183;0.822902;0.164580;
0.016200;0.963183;0.822902;0.164580;
0.016210;0.963183;0.822902;0.164580;
0.016220;0.963183;0.822902;0.164580;
0.016230;0.963183;0.822902;0.164580;
0.016240;0.963183;0.822902;0.164580;
0.016250;0.963183;0.822902;0.164580;
0.016260;0.963183;0.822902;0.164580;
0.016270;0.963183;0.822902;0.164580;
0.016280;0.963183;0.822902;0.164580;
0.016290;0.963183;0.822902;0.164580;
0.016300;0.963183;0.822902;0.164580;
0.016310;0.963183;0.822902;0.164580;
0.016320;0.963183;0.822902;0.164580;
0.016330;0.963183;0.822902;0.164580;
0.016340;0.963183;0.822902;0.164580;
0.016350;0.963183;0.822902;0.164580;
0.016360;0.963183;0.822902;0.164580;
0.016370;0.963183;0.822902;0.164580;
0.016380;0.963183;0.822902;0.164580;
0.016390;0.963183;0.822902;0.164580;
0.016400;0.963183;0.822902;0.164580;
0.016410;0.963183;0.822902;0.164580;
0.016420;0.963183;0.822902;0.164580;
0.016430;0.963183;0.822902;0.164580;
0.016440;0.963183;0.822902;0.164580;
0.016450;0.963183;0.822902;0.164580;
0.016460;0.963183;0.822902;0.164580;
0.016470;0.963183;0.822902;0.164580;
0.016480;0.963183;0.822902;0.164580;
0.016490;0.963183;0.822902;0.164580;
0.016500;0.963183;0.822902;0.164580;
0.016510;0.963183;0.822902;0.164580;
0.016520;0.963183;0.822902;0.164580;
0.016530;0.963183;0.822902;0.164580;
0.016540;0.963183;0.822902;0.164580;
0.016550;0.963183;0.822902;0.164580;
0.016560;0.963183;0.822902;0.164580;
0.016570;0.963183;0.822902;0.164580;
0.016580;0.963183;0.822902;0.164580;
0.016590;0.963183;0.822902;0.164580;
0.016600;0.963183;0.822902;0.164580;
0.016610;0.963183;0.822902;0.164580;
0.016620;0.963183;0.822902;0.164580;
0.016630;0.963183;0.822902;0.164580;
0.016640;0.963183;0.822902;0.164580;
0.016650;0.963183;0.822902;0.164580;
0.016660;0.963183;0.822902;0.164580;
0.016670;0.963183;0.822902;0.164580;
0.016680;0.963183;0.822902;0.164580;
0.016690;0.963183;0.822902;0.164580;
0.016700;0.963183;0.822902;0.164580;
0.016710;0.963183;0.822902;0.164580;
0.016720;0.963183;0.822902;0.164580;
0.016730;0.963183;0.822902;0.164580;
0.016740;0.963183;0.822902;0.164580;
0.016750;0.963183;0.822902;0.164580;
0.016760;0.963183;0.822902;0.164580;
0.016770;0.963183;0.822902;0.164580;
0.016780;0.963183;0.822902;0.164580;
0.016790;0.963183;0.822902;0.164580;
0.016800;0.963183;0.822902;0.164580;
0.016810;0.963183;0.822902;0.164580;
0.016820;0.963183;0.822902;0.164580;
0.016830;0.963183;0.822902;0.164580;
0.016840;0.963183;0.822902;0.164580;
0.016850;0.963183;0.822902;0.164580;
0.016860;0.963183;0.822902;0.164580;
0.016870;0.963183;0.822902;0.164580;
0.016880;0.963183;0.822902;0.164580;
0.016890;0.963183;0.822902;0.164580;
0.016900;0.963183;0.822902;0.164580;
0.016910;0.963183;0.822902;0.164580;
0.016920;0.963183;0.822902;0.164580;
0.016930;0.963183;0.822902;0.164580;
0.016940;0.963183;0.822902;0.164580;
0.016950;0.963183;0.822902;0.164580;
0.016960;0.963183;0.822902;0.164580;
0.016970;0.963183;0.822902;0.164580;
0.016980;0.963183;0.822902;0.164580;
0.016990;0.963183;0.822902;0.164580;
0.017000;0.963183;0.822902;0.164580;
0.017010;0.963183;0.822902;0.164580;
0.017020;0.963183;0.822902;0.164580;
0.017030;0.963183;0.822902;0.164580;
0.017040;0.963183;0.822902;0.164580;
0.017050;0.963183;0.822902;0.164580;
0.017060;0.963183;0.822902;0.164580;
0.017070;0.963183;0.822902;0.164580;
0.017080;0.963183;0.822902;0.164580;
0.017090;0.963183;0.822902;0.164580;
0.017100;0.963183;0.822902;0.164580;
0.017110;0.963183;0.822902;0.164580;
0.017120;0.963183;0.822902;0.164580;
0.017130;0.963183;0.822902;0.164580;
0.017140;0.963183;0.822902;0.164580;
0.017150;0.963183;0.822902;0.164580;
0.017160;0.963183;0.822902;0.164580;
0.017170;0.963183;0.822902;0.164580;
0.017180;0.963183;0.822902;0.164580;
0.017190;0.963183;0.822902;0.164580;
0.017200;0.963183;0.822902;0.164580;
0.017210;0.963183;0.822902;0.164580;
0.017220;0.963183;0.822902;0.164580;
0.017230;0.963183;0.822902;0.164580;
0.017240;0.963183;0.822902;0.164580;
0.017250;0.963183;0.822902;0.164580;
0.017260;0.963183;0.822902;0.164580;
0.017270;0.963183;0.822902;0.164580;
0.017280;0.963183;0.822902;0.164580;
0.017290;0.963183;0.822902;0.164580;
0.017300;0.963183;0.822902;0.164580;
0.017310;0.963183;0.822902;0.164580;
0.017320;0.963183;0.822902;0.164580;
0.017330;0.963183;0.822902;0.164580;
0.017340;0.963183;0.822902;0.164580;
0.017350;0.963183;0.822902;0.164580;
0.017360;0.963183;0.822902;0.164580;
0.017370;0.963183;0.822902;0.164580;
0.017380;0.963183;0.822902;0.164580;
0.017390;0.963183;0.822902;0.164580;
0.017400;0.963183;0.822902;0.164580;
0.017410;0.963183;0.822902;0.164580;
0.017420;0.963183;0.822902;0.164580;
0.017430;0.963183;0.822902;0.164580;
0.017440;0.963183;0.822902;0.164580;
0.017450;0.963183;0.822902;0.164580;
0.017460;0.963183;0.822902;0.164580;
0.017470;0.963183;0.822902;0.164580;
0.017480;0.963183;0.822902;0.164580;
0.017490;0.963183;0.822902;0.164580;
0.017500;0.963183;0.822902;0.164580;
0.017510;0.963183;0.822902;0.164580;
0.017520;0.963183;0.822902;0.164580;
0.017530;0.963183;0.822902;0.164580;
0.017540;0.963183;0.822902;0.164580;
0.017550;0.963183;0.822902;0.164580;
0.017560;0.963183;0.822902;0.164580;
0.017570;0.963183;0.822902;0.164580;
0.017580;0.963183;0.822902;0.164580;
0.017590;0.963183;0.822902;0.164580;
0.017600;0.963183;0.822902;0.164580;
0.017610;0.963183;0.822902;0.164580;
0.017620;0.963183;0.822902;0.164580;
0.017630;0.963183;0.822902;0.164580;
0.017640;0.963183;0.822902;0.164580;
0.017650;0.963183;0.822902;0.164580;
0.017660;0.963183;0.822902;0.164580;
0.017670;0.963183;0.822902;0.164580;
0.017680;0.963183;0.822902;0.164580;
0.017690;0.963183;0.822902;0.164580;
0.017700;0.963183;0.822902;0.164580;
0.017710;0.963183;0.822902;0.164580;
0.017720;0.963183;0.822902;0.164580;
0.017730;0.963183;0.822902;0.164580;
0.017740;0.963183;0.822902;0.164580;
0.017750;0.963183;0.822902;0.164580;
0.017760;0.963183;0.822902;0.164580;
0.017770;0.963183;0.822902;0.164580;
0.017780;0.963183;0.822902;0.164580;
0.017790;0.963183;0.822902;0.164580;
0.017800;0.963183;0.822902;0.164580;
0.017810;0.963183;0.822902;0.164580;
0.017820;0.963183;0.822902;0.164580;
0.017830;0.963183;0.822902;0.164580;
0.017840;0.963183;0.822902;0.164580;
0.017850;0.963183;0.822902;0.164580;
0.017860;0.963183;0.822902;0.164580;
0.017870;0.963183;0.822902;0.164580;
0.017880;0.963183;0.822902;0.164580;
0.017890;0.963183;0.822902;0.164580;
0.017900;0.963183;0.822902;0.164580;
0.017910;0.963183;0.822902;0.164580;
0.017920;0.963183;0.822902;0.164580;
0.017930;0.963183;0.822902;0.164580;
0.017940;0.963183;0.822902;0.164580;
0.017950;0.963183;0.822902;0.164580;
0.017960;0.963183;0.822902;0.164580;
0.017970;0.963183;0.822902;0.164580;
0.017980;0.963183;0.822902;0.164580;
0.017990;0.963183;0.822902;0.164580;
0.018000;0.963183;0.822902;0.164580;
0.018010;0.963183;0.822902;0.164580;
0.018020;0.963183;0.822902;0.164580;
0.018030;0.963183;0.822902;0.164580;
0.018040;0.963183;0.822902;0.164580;
0.018050;0.963183;0.822902;0.164580;
0.018060;0.963183;0.822902;0.164580;
0.018070;0.963183;0.822902;0.164580;
0.018080;0.963183;0.822902;0.164580;
0.018090;0.963183;0.822902;0.164580;
0.018100;0.963183;0.822902;0.164580;
0.018110;0.963183;0.822902;0.164580;
0.018120;0.963183;0.822902;0.164580;
0.018130;0.963183;0.822902;0.164580;
0.018140;0.963183;0.822902;0.164580;
0.018150;0.963183;0.822902;0.164580;
0.018160;0.963183;0.822902;0.164580;
0.018170;0.963183;0.822902;0.164580;
0.018180;0.963183;0.822902;0.164580;
0.018190;0.963183;0.822902;0.164580;
0.018200;0.963183;0.822902;0.164580;
0.018210;0.963183;0.822902;0.164580;
0.018220;0.963183;0.822902;0.164580;
0.018230;0.963183;0.822902;0.164580;
0.018240;0.963183;0.822902;0.164580;
0.018250;0.963183;0.822902;0.164580;
0.018260;0.963183;0.822902;0.164580;
0.018270;0.963183;0.822902;0.164580;
0.018280;0.963183;0.822902;0.164580;
0.018290;0.963183;0.822902;0.164580;
0.018300;0.963183;0.822902;0.164580;
0.018310;0.963183;0.822902;0.164580;
0.018320;0.963183;0.822902;0.164580;
0.018330;0.963183;0.822902;0.164580;
0.018340;0.963183;0.822902;0.164580;
0.018350;0.963183;0.822902;0.164580;
0.018360;0.963183;0.822902;0.164580;
0.018370;0.963183;0.822902;0.164580;
0.018380;0.963183;0.822902;0.164580;
0.018390;0.963183;0.822902;0.164580;
0.018400;0.963183;0.822902;0.164580;
0.018410;0.963183;0.822902;0.164580;
0.018420;0.963183;0.822902;0.164580;
0.018430;0.963183;0.822902;0.164580;
0.018440;0.963183;0.822902;0.164580;
0.018450;0.963183;0.822902;0.164580;
0.018460;0.963183;0.822902;0.164580;
0.018470;0.963183;0.822902;0.164580;
0.018480;0.963183;0.822902;0.164580;
0.018490;0.963183;0.822902;0.164580;
0.018500;0.963183;0.822902;0.164580;
0.018510;0.963183;0.822902;0.164580;
0.018520;0.963183;0.822902;0.164580;
0.018530;0.963183;0.822902;0.164580;
0.018540;0.963183;0.822902;0.164580;
0.018550;0.963183;0.822902;0.164580;
0.018560;0.963183;0.822902;0.164580;
0.018570;0.963183;0.822902;0.164580;
0.018580;0.963183;0.822902;0.164580;
0.018590;0.963183;0.822902;0.164580;
0.018600;0.963183;0.822902;0.164580;
0.018610;0.963183;0.822902;0.164580;
0.018620;0.963183;0.822902;0.164580;
0.018630;0.963183;0.822902;0.164580;
0.018640;0.963183;0.822902;0.164580;
0.018650;0.963183;0.822902;0.164580;
0.018660;0.963183;0.822902;0.164580;
0.018670;0.963183;0.822902;0.164580;
0.018680;0.963183;0.822902;0.164580;
0.018690;0.963183;0.822902;0.164580;
0.018700;0.963183;0.822903;0.164581;
0.018710;0.963183;0.822903;0.164581;
0.018720;0.963183;0.822903;0.164581;
0.018730;0.963183;0.822903;0.164581;
0.018740;0.963183;0.822903;0.164581;
0.018750;0.963183;0.822903;0.164581;
0.018760;0.963183;0.822903;0.164581;
0.018770;0.963183;0.822903;0.164581;
0.018780;0.963183;0.822903;0.164581;
0.018790;0.963183;0.822903;0.164581;
0.018800;0.963183;0.822903;0.164581;
0.018810;0.963183;0.822903;0.164581;
0.018820;0.963183;0.822903;0.164581;
0.018830;0.963183;0.822903;0.164581;
0.018840;0.963183;0.822903;0.164581;
0.018850;0.963183;0.822903;0.164581;
0.018860;0.963183;0.822903;0.164581;
0.018870;0.963183;0.822903;0.164581;
0.018880;0.963183;0.822903;0.164581;
0.018890;0.963183;0.822903;0.164581;
0.018900;0.963183;0.822903;0.164581;
0.018910;0.963183;0.822903;0.164581;
0.018920;0.963183;0.822903;0.164581;
0.018930;0.963183;0.822903;0.164581;
0.018940;0.963183;0.822903;0.164581;
0.018950;0.963183;0.822903;0.164581;
0.018960;0.963183;0.822903;0.164581;
0.018970;0.963183;0.822903;0.164581;
0.018980;0.963183;0.822903;0.164581;
0.018990;0.963183;0.822903;0.164581;
0.019000;0.963183;0.822903;0.164581;
0.019010;0.963183;0.822903;0.164581;
0.019020;0.963183;0.822903;0.164581;
0.019030;0.963183;0.822903;0.164581;
0.019040;0.963183;0.822903;0.164581;
0.019050;0.963183;0.822903;0.164581;
0.019060;0.963183;0.822903;0.164581;
0.019070;0.963183;0.822903;0.164581;
0.019080;0.963183;0.822903;0.164581;
0.019090;0.963183;0.822903;0.164581;
0.019100;0.963183;0.822903;0.164581;
0.019110;0.963183;0.822903;0.164581;
0.019120;0.963183;0.822903;0.164581;
0.019130;0.963183;0.822903;0.164581;
0.019140;0.963183;0.822903;0.164581;
0.019150;0.963183;0.822903;0.164581;
0.019160;0.963183;0.822903;0.164581;
0.019170;0.963183;0.822903;0.164581;
0.019180;0.963183;0.822903;0.164581;
0.019190;0.963183;0.822903;0.164581;
0.019200;0.963183;0.822903;0.164581;
0.019210;0.963183;0.822903;0.164581;
0.019220;0.963183;0.822903;0.164581;
0.019230;0.963183;0.822903;0.164581;
0.019240;0.963183;0.822903;0.164581;
0.019250;0.963183;0.822903;0.164581;
0.019260;0.963183;0.822903;0.164581;
0.019270;0.963183;0.822903;0.164581;
0.019280;0.963183;0.822903;0.164581;
0.019290;0.963183;0.822903;0.164581;
0.019300;0.963183;0.822903;0.164581;
0.019310;0.963183;0.822903;0.164581;
0.019320;0.963183;0.822903;0.164581;
0.019330;0.963183;0.822903;0.164581;
0.019340;0.963183;0.822903;0.164581;
0.019350;0.963183;0.822903;0.164581;
0.019360;0.963183;0.822903;0.164581;
0.019370;0.963183;0.822903;0.164581;
0.019380;0.963183;0.822903;0.164581;
0.019390;0.963183;0.822903;0.164581;
0.019400;0.963183;0.822903;0.164581;
0.019410;0.963183;0.822903;0.164581;
0.019420;0.963183;0.822903;0.164581;
0.019430;0.963183;0.822903;0.164581;
0.019440;0.963183;0.822903;0.164581;
0.019450;0.963183;0.822903;0.164581;
0.019460;0.963183;0.822903;0.164581;
0.019470;0.963183;0.822903;0.164581;
0.019480;0.963183;0.822903;0.164581;
0.019490;0.963183;0.822903;0.164581;
0.019500;0.963183;0.822903;0.164581;
0.019510;0.963183;0.822903;0.164581;
0.019520;0.963183;0.822903;0.164581;
0.019530;0.963183;0.822903;0.164581;
0.019540;0.963183;0.822903;0.164581;
0.019550;0.963183;0.822903;0.164581;
0.019560;0.963183;0.822903;0.164581;
0.019570;0.963183;0.822903;0.164581;
0.019580;0.963183;0.822903;0.164581;
0.019590;0.963183;0.822903;0.164581;
0.019600;0.963183;0.822903;0.164581;
0.019610;0.963183;0.822903;0.164581;
0.019620;0.963183;0.822903;0.164581;
0.019630;0.963183;0.822903;0.164581;
0.019640;0.963183;0.822903;0.164581;
0.019650;0.963183;0.822903;0.164581;
0.019660;0.963183;0.822903;0.164581;
0.019670;0.963183;0.822903;0.164581;
0.019680;0.963183;0.822903;0.164581;
0.019690;0.963183;0.822903;0.164581;
0.019700;0.963183;0.822903;0.164581;
0.019710;0.963183;0.822903;0.164581;
0.019720;0.963183;0.822903;0.164581;
0.019730;0.963183;0.822903;0.164581;
0.019740;0.963183;0.822903;0.164581;
0.019750;0.963183;0.822903;0.164581;
0.019760;0.963183;0.822903;0.164581;
0.019770;0.963183;0.822903;0.164581;
0.019780;0.963183;0.822903;0.164581;
0.019790;0.963183;0.822903;0.164581;
0.019800;0.963183;0.822903;0.164581;
0.019810;0.963183;0.822903;0.164581;
0.019820;0.963183;0.822903;0.164581;
0.019830;0.963183;0.822903;0.164581;
0.019840;0.963183;0.822903;0.164581;
0.019850;0.963183;0.822903;0.164581;
0.019860;0.963183;0.822903;0.164581;
0.019870;0.963183;0.822903;0.164581;
0.019880;0.963183;0.822903;0.164581;
0.019890;0.963183;0.822903;0.164581;
0.019900;0.963183;0.822903;0.164581;
0.019910;0.963183;0.822903;0.164581;
0.019920;0.963183;0.822903;0.164581;
0.019930;0.963183;0.822903;0.164581;
0.019940;0.963183;0.822903;0.164581;
0.019950;0.963183;0.822903;0.164581;
0.019960;0.963183;0.822903;0.164581;
0.019970;0.963183;0.822903;0.164581;
0.019980;0.963183;0.822903;0.164581;
0.019990;0.963183;0.822903;0.164581;
0.020000;0.963183;0.822903;0.164581;
0.020010;0.963183;0.822903;0.164581;
0.020020;0.963183;0.822903;0.164581;
0.020030;0.963183;0.822903;0.164581;
0.020040;0.963183;0.822903;0.164581;
0.020050;0.963183;0.822903;0.164581;
0.020060;0.963183;0.822903;0.164581;
0.020070;0.963183;0.822903;0.164581;
0.020080;0.963183;0.822903;0.164581;
0.020090;0.963183;0.822903;0.164581;
0.020100;0.963183;0.822903;0.164581;
0.020110;0.963183;0.822903;0.164581;
0.020120;0.963183;0.822903;0.164581;
0.020130;0.963183;0.822903;0.164581;
0.020140;0.963183;0.822903;0.164581;
0.020150;0.963183;0.822903;0.164581;
0.020160;0.963183;0.822903;0.164581;
0.020170;0.963183;0.822903;0.164581;
0.020180;0.963183;0.822903;0.164581;
0.020190;0.963183;0.822903;0.164581;
0.020200;0.963183;0.822903;0.164581;
0.020210;0.963183;0.822903;0.164581;
0.020220;0.963183;0.822903;0.164581;
0.020230;0.963183;0.822903;0.164581;
0.020240;0.963183;0.822903;0.164581;
0.020250;0.963183;0.822903;0.164581;
0.020260;0.963183;0.822903;0.164581;
0.020270;0.963183;0.822903;0.164581;
0.020280;0.963183;0.822903;0.164581;
0.020290;0.963183;0.822903;0.164581;
0.020300;0.963183;0.822903;0.164581;
0.020310;0.963183;0.822903;0.164581;
0.020320;0.963183;0.822903;0.164581;
0.020330;0.963183;0.822903;0.164581;
0.020340;0.963183;0.822903;0.164581;
0.020350;0.963183;0.822903;0.164581;
0.020360;0.963183;0.822903;0.164581;
0.020370;0.963183;0.822903;0.164581;
0.020380;0.963183;0.822903;0.164581;
0.020390;0.963183;0.822903;0.164581;
0.020400;0.963183;0.822903;0.164581;
0.020410;0.963183;0.822903;0.164581;
0.020420;0.963183;0.822903;0.164581;
0.020430;0.963183;0.822903;0.164581;
0.020440;0.963183;0.822903;0.164581;
0.020450;0.963183;0.822903;0.164581;
0.020460;0.963183;0.822903;0.164581;
0.020470;0.963183;0.822903;0.164581;
0.020480;0.963183;0.822903;0.164581;
0.020490;0.963183;0.822903;0.164581;
0.020500;0.963183;0.822903;0.164581;
0.020510;0.963183;0.822903;0.164581;
0.020520;0.963183;0.822903;0.164581;
0.020530;0.963183;0.822903;0.164581;
0.020540;0.963183;0.822903;0.164581;
0.020550;0.963183;0.822903;0.164581;
0.020560;0.963183;0.822903;0.164581;
0.020570;0.963183;0.822903;0.164581;
0.020580;0.963183;0.822903;0.164581;
0.020590;0.963183;0.822903;0.164581;
0.020600;0.963183;0.822903;0.164581;
0.020610;0.963183;0.822903;0.164581;
0.020620;0.963183;0.822903;0.164581;
0.020630;0.963183;0.822903;0.164581;
0.020640;0.963183;0.822903;0.164581;
0.020650;0.963183;0.822903;0.164581;
0.020660;0.963183;0.822903;0.164581;
0.020670;0.963183;0.822903;0.164581;
0.020680;0.963183;0.822903;0.164581;
0.020690;0.963183;0.822903;0.164581;
0.020700;0.963183;0.822903;0.164581;
0.020710;0.963183;0.822903;0.164581;
0.020720;0.963183;0.822903;0.164581;
0.020730;0.963183;0.822903;0.164581;
0.020740;0.963183;0.822903;0.164581;
0.020750;0.963183;0.822903;0.164581;
0.020760;0.963183;0.822903;0.164581;
0.020770;0.963183;0.822903;0.164581;
0.020780;0.963183;0.822903;0.164581;
0.020790;0.963183;0.822903;0.164581;
0.020800;0.963183;0.822903;0.164581;
0.020810;0.963183;0.822903;0.164581;
0.020820;0.963183;0.822903;0.164581;
0.020830;0.963183;0.822903;0.164581;
0.020840;0.963183;0.822903;0.164581;
0.020850;0.963183;0.822903;0.164581;
0.020860;0.963183;0.822903;0.164581;
0.020870;0.963183;0.822903;0.164581;
0.020880;0.963183;0.822903;0.164581;
0.020890;0.963183;0.822903;0.164581;
0.020900;0.963183;0.822903;0.164581;
0.020910;0.963183;0.822903;0.164581;
0.020920;0.963183;0.822903;0.164581;
0.020930;0.963183;0.822903;0.164581;
0.020940;0.963183;0.822903;0.164581;
0.020950;0.963183;0.822903;0.164581;
0.020960;0.963183;0.822903;0.164581;
0.020970;0.963183;0.822903;0.164581;
0.020980;0.963183;0.822903;0.164581;
0.020990;0.963183;0.822903;0.164581;
0.021000;0.963183;0.822903;0.164581;
0.021010;0.963183;0.822903;0.164581;
0.021020;0.963183;0.822903;0.164581;
0.021030;0.963183;0.822903;0.164581;
0.021040;0.963183;0.822903;0.164581;
0.021050;0.963183;0.822903;0.164581;
0.021060;0.963183;0.822903;0.164581;
0.021070;0.963183;0.822903;0.164581;
0.021080;0.963183;0.822903;0.164581;
0.021090;0.963183;0.822903;0.164581;
0.021100;0.963183;0.822903;0.164581;
0.021110;0.963183;0.822903;0.164581;
0.021120;0.963183;0.822903;0.164581;
0.021130;0.963183;0.822903;0.164581;
0.021140;0.963183;0.822903;0.164581;
0.021150;0.963183;0.822903;0.164581;
0.021160;0.963183;0.822903;0.164581;
0.021170;0.963183;0.822903;0.164581;
0.021180;0.963183;0.822903;0.164581;
0.021190;0.963183;0.822903;0.164581;
0.021200;0.963183;0.822903;0.164581;
0.021210;0.963183;0.822903;0.164581;
0.021220;0.963183;0.822903;0.164581;
0.021230;0.963183;0.822903;0.164581;
0.021240;0.963183;0.822903;0.164581;
0.021250;0.963183;0.822903;0.164581;
0.021260;0.963183;0.822903;0.164581;
0.021270;0.963183;0.822903;0.164581;
0.021280;0.963183;0.822903;0.164581;
0.021290;0.963183;0.822903;0.164581;
0.021300;0.963183;0.822903;0.164581;
0.021310;0.963183;0.822903;0.164581;
0.021320;0.963183;0.822903;0.164581;
0.021330;0.963183;0.822903;0.164581;
0.021340;0.963183;0.822903;0.164581;
0.021350;0.963183;0.822903;0.164581;
0.021360;0.963183;0.822903;0.164581;
0.021370;0.963183;0.822903;0.164581;
0.021380;0.963183;0.822903;0.164581;
0.021390;0.963183;0.822903;0.164581;
0.021400;0.963183;0.822903;0.164581;
0.021410;0.963183;0.822903;0.164581;
0.021420;0.963183;0.822903;0.164581;
0.021430;0.963183;0.822903;0.164581;
0.021440;0.963183;0.822903;0.164581;
0.021450;0.963183;0.822903;0.164581;
0.021460;0.963183;0.822903;0.164581;
0.021470;0.963183;0.822903;0.164581;
0.021480;0.963183;0.822903;0.164581;
0.021490;0.963183;0.822903;0.164581;
0.021500;0.963183;0.822903;0.164581;
0.021510;0.963183;0.822903;0.164581;
0.021520;0.963183;0.822903;0.164581;
0.021530;0.963183;0.822903;0.164581;
0.021540;0.963183;0.822903;0.164581;
0.021550;0.963183;0.822903;0.164581;
0.021560;0.963183;0.822903;0.164581;
0.021570;0.963183;0.822903;0.164581;
0.021580;0.963183;0.822903;0.164581;
0.021590;0.963183;0.822903;0.164581;
0.021600;0.963183;0.822903;0.164581;
0.021610;0.963183;0.822903;0.164581;
0.021620;0.963183;0.822903;0.164581;
0.021630;0.963183;0.822903;0.164581;
0.021640;0.963183;0.822903;0.164581;
0.021650;0.963183;0.822903;0.164581;
0.021660;0.963183;0.822903;0.164581;
0.021670;0.963183;0.822903;0.164581;
0.021680;0.963183;0.822903;0.164581;
0.021690;0.963183;0.822903;0.164581;
0.021700;0.963183;0.822903;0.164581;
0.021710;0.963183;0.822903;0.164581;
0.021720;0.963183;0.822903;0.164581;
0.021730;0.963183;0.822903;0.164581;
0.021740;0.963183;0.822903;0.164581;
0.021750;0.963183;0.822903;0.164581;
0.021760;0.963183;0.822903;0.164581;
0.021770;0.963183;0.822903;0.164581;
0.021780;0.963183;0.822903;0.164581;
0.021790;0.963183;0.822903;0.164581;
0.021800;0.963183;0.822903;0.164581;
0.021810;0.963183;0.822903;0.164581;
0.021820;0.963183;0.822903;0.164581;
0.021830;0.963183;0.822903;0.164581;
0.021840;0.963183;0.822903;0.164581;
0.021850;0.963183;0.822903;0.164581;
0.021860;0.963183;0.822903;0.164581;
0.021870;0.963183;0.822903;0.164581;
0.021880;0.963183;0.822903;0.164581;
0.021890;0.963183;0.822903;0.164581;
0.021900;0.963183;0.822903;0.164581;
0.021910;0.963183;0.822903;0.164581;
0.021920;0.963183;0.822903;0.164581;
0.021930;0.963183;0.822903;0.164581;
0.021940;0.963183;0.822903;0.164581;
0.021950;0.963183;0.822903;0.164581;
0.021960;0.963183;0.822903;0.164581;
0.021970;0.963183;0.822903;0.164581;
0.021980;0.963183;0.822903;0.164581;
0.021990;0.963183;0.822903;0.164581;
0.022000;0.963183;0.822903;0.164581;
0.022010;0.963183;0.822903;0.164581;
0.022020;0.963183;0.822903;0.164581;
0.022030;0.963183;0.822903;0.164581;
0.022040;0.963183;0.822903;0.164581;
0.022050;0.963183;0.822903;0.164581;
0.022060;0.963183;0.822903;0.164581;
0.022070;0.963183;0.822903;0.164581;
0.022080;0.963183;0.822903;0.164581;
0.022090;0.963183;0.822903;0.164581;
0.022100;0.963183;0.822903;0.164581;
0.022110;0.963183;0.822903;0.164581;
0.022120;0.963183;0.822903;0.164581;
0.022130;0.963183;0.822903;0.164581;
0.022140;0.963183;0.822903;0.164581;
0.022150;0.963183;0.822903;0.164581;
0.022160;0.963183;0.822903;0.164581;
0.022170;0.963183;0.822903;0.164581;
0.022180;0.963183;0.822903;0.164581;
0.022190;0.963183;0.822903;0.164581;
0.022200;0.963183;0.822903;0.164581;
0.022210;0.963183;0.822903;0.164581;
0.022220;0.963183;0.822903;0.164581;
0.022230;0.963183;0.822903;0.164581;
0.022240;0.963183;0.822903;0.164581;
0.022250;0.963183;0.822903;0.164581;
0.022260;0.963183;0.822903;0.164581;
0.022270;0.963183;0.822903;0.164581;
0.022280;0.963183;0.822903;0.164581;
0.022290;0.963183;0.822903;0.164581;
0.022300;0.963183;0.822903;0.164581;
0.022310;0.963183;0.822903;0.164581;
0.022320;0.963183;0.822903;0.164581;
0.022330;0.963183;0.822903;0.164581;
0.022340;0.963183;0.822903;0.164581;
0.022350;0.963183;0.822903;0.164581;
0.022360;0.963183;0.822903;0.164581;
0.022370;0.963183;0.822903;0.164581;
0.022380;0.963183;0.822903;0.164581;
0.022390;0.963183;0.822903;0.164581;
0.022400;0.963183;0.822903;0.164581;
0.022410;0.963183;0.822903;0.164581;
0.022420;0.963183;0.822903;0.164581;
0.022430;0.963183;0.822903;0.164581;
0.022440;0.963183;0.822903;0.164581;
0.022450;0.963183;0.822903;0.164581;
0.022460;0.963183;0.822903;0.164581;
0.022470;0.963183;0.822903;0.164581;
0.022480;0.963183;0.822903;0.164581;
0.022490;0.963183;0.822903;0.164581;
0.022500;0.963183;0.822903;0.164581;
0.022510;0.963183;0.822903;0.164581;
0.022520;0.963183;0.822903;0.164581;
0.022530;0.963183;0.822903;0.164581;
0.022540;0.963183;0.822903;0.164581;
0.022550;0.963183;0.822903;0.164581;
0.022560;0.963183;0.822903;0.164581;
0.022570;0.963183;0.822903;0.164581;
0.022580;0.963183;0.822903;0.164581;
0.022590;0.963183;0.822903;0.164581;
0.022600;0.963183;0.822903;0.164581;
0.022610;0.963183;0.822903;0.164581;
0.022620;0.963183;0.822903;0.164581;
0.022630;0.963183;0.822903;0.164581;
0.022640;0.963183;0.822903;0.164581;
0.022650;0.963183;0.822903;0.164581;
0.022660;0.963183;0.822903;0.164581;
0.022670;0.963183;0.822903;0.164581;
0.022680;0.963183;0.822903;0.164581;
0.022690;0.963183;0.822903;0.164581;
0.022700;0.963183;0.822903;0.164581;
0.022710;0.963183;0.822903;0.164581;
0.022720;0.963183;0.822903;0.164581;
0.022730;0.963183;0.822903;0.164581;
0.022740;0.963183;0.822903;0.164581;
0.022750;0.963183;0.822903;0.164581;
0.022760;0.963183;0.822903;0.164581;
0.022770;0.963183;0.822903;0.164581;
0.022780;0.963183;0.822903;0.164581;
0.022790;0.963183;0.822903;0.164581;
0.022800;0.963183;0.822903;0.164581;
0.022810;0.963183;0.822903;0.164581;
0.022820;0.963183;0.822903;0.164581;
0.022830;0.963183;0.822903;0.164581;
0.022840;0.963183;0.822903;0.164581;
0.022850;0.963183;0.822903;0.164581;
0.022860;0.963183;0.822903;0.164581;
0.022870;0.963183;0.822903;0.164581;
0.022880;0.963183;0.822903;0.164581;
0.022890;0.963183;0.822903;0.164581;
0.022900;0.963183;0.822903;0.164581;
0.022910;0.963183;0.822903;0.164581;
0.022920;0.963183;0.822903;0.164581;
0.022930;0.963183;0.822903;0.164581;
0.022940;0.963183;0.822903;0.164581;
0.022950;0.963183;0.822903;0.164581;
0.022960;0.963183;0.822903;0.164581;
0.022970;0.963183;0.822903;0.164581;
0.022980;0.963183;0.822903;0.164581;
0.022990;0.963183;0.822903;0.164581;
0.023000;0.963183;0.822903;0.164581;
0.023010;0.963183;0.822903;0.164581;
0.023020;0.963183;0.822903;0.164581;
0.023030;0.963183;0.822903;0.164581;
0.023040;0.963183;0.822903;0.164581;
0.023050;0.963183;0.822903;0.164581;
0.023060;0.963183;0.822903;0.164581;
0.023070;0.963183;0.822903;0.164581;
0.023080;0.963183;0.822903;0.164581;
0.023090;0.963183;0.822903;0.164581;
0.023100;0.963183;0.822903;0.164581;
0.023110;0.963183;0.822903;0.164581;
0.023120;0.963183;0.822903;0.164581;
0.023130;0.963183;0.822903;0.164581;
0.023140;0.963183;0.822903;0.164581;
0.023150;0.963183;0.822903;0.164581;
0.023160;0.963183;0.822903;0.164581;
0.023170;0.963183;0.822903;0.164581;
0.023180;0.963183;0.822903;0.164581;
0.023190;0.963183;0.822903;0.164581;
0.023200;0.963183;0.822903;0.164581;
0.023210;0.963183;0.822903;0.164581;
0.023220;0.963183;0.822903;0.164581;
0.023230;0.963183;0.822903;0.164581;
0.023240;0.963183;0.822903;0.164581;
0.023250;0.963183;0.822903;0.164581;
0.023260;0.963183;0.822903;0.164581;
0.023270;0.963183;0.822903;0.164581;
0.023280;0.963183;0.822903;0.164581;
0.023290;0.963183;0.822903;0.164581;
0.023300;0.963183;0.822903;0.164581;
0.023310;0.963183;0.822903;0.164581;
0.023320;0.963183;0.822903;0.164581;
0.023330;0.963183;0.822903;0.164581;
0.023340;0.963183;0.822903;0.164581;
0.023350;0.963183;0.822903;0.164581;
0.023360;0.963183;0.822903;0.164581;
0.023370;0.963183;0.822903;0.164581;
0.023380;0.963183;0.822903;0.164581;
0.023390;0.963183;0.822903;0.164581;
0.023400;0.963183;0.822903;0.164581;
0.023410;0.963183;0.822903;0.164581;
0.023420;0.963183;0.822903;0.164581;
0.023430;0.963183;0.822903;0.164581;
0.023440;0.963183;0.822903;0.164581;
0.023450;0.963183;0.822903;0.164581;
0.023460;0.963183;0.822903;0.164581;
0.023470;0.963183;0.822903;0.164581;
0.023480;0.963183;0.822903;0.164581;
0.023490;0.963183;0.822903;0.164581;
0.023500;0.963183;0.822903;0.164581;
0.023510;0.963183;0.822903;0.164581;
0.023520;0.963183;0.822903;0.164581;
0.023530;0.963183;0.822903;0.164581;
0.023540;0.963183;0.822903;0.164581;
0.023550;0.963183;0.822903;0.164581;
0.023560;0.963183;0.822903;0.164581;
0.023570;0.963183;0.822903;0.164581;
0.023580;0.963183;0.822903;0.164581;
0.023590;0.963183;0.822903;0.164581;
0.023600;0.963183;0.822903;0.164581;
0.023610;0.963183;0.822903;0.164581;
0.023620;0.963183;0.822903;0.164581;
0.023630;0.963183;0.822903;0.164581;
0.023640;0.963183;0.822903;0.164581;
0.023650;0.963183;0.822903;0.164581;
0.023660;0.963183;0.822903;0.164581;
0.023670;0.963183;0.822903;0.164581;
0.023680;0.963183;0.822903;0.164581;
0.023690;0.963183;0.822903;0.164581;
0.023700;0.963183;0.822903;0.164581;
0.023710;0.963183;0.822903;0.164581;
0.023720;0.963183;0.822903;0.164581;
0.023730;0.963183;0.822903;0.164581;
0.023740;0.963183;0.822903;0.164581;
0.023750;0.963183;0.822903;0.164581;
0.023760;0.963183;0.822903;0.164581;
0.023770;0.963183;0.822903;0.164581;
0.023780;0.963183;0.822903;0.164581;
0.023790;0.963183;0.822903;0.164581;
0.023800;0.963183;0.822903;0.164581;
0.023810;0.963183;0.822903;0.164581;
0.023820;0.963183;0.822903;0.164581;
0.023830;0.963183;0.822903;0.164581;
0.023840;0.963183;0.822903;0.164581;
0.023850;0.963183;0.822903;0.164581;
0.023860;0.963183;0.822903;0.164581;
0.023870;0.963183;0.822903;0.164581;
0.023880;0.963183;0.822903;0.164581;
0.023890;0.963183;0.822903;0.164581;
0.023900;0.963183;0.822903;0.164581;
0.023910;0.963183;0.822903;0.164581;
0.023920;0.963183;0.822903;0.164581;
0.023930;0.963183;0.822903;0.164581;
0.023940;0.963183;0.822903;0.164581;
0.023950;0.963183;0.822903;0.164581;
0.023960;0.963183;0.822903;0.164581;
0.023970;0.963183;0.822903;0.164581;
0.023980;0.963183;0.822903;0.164581;
0.023990;0.963183;0.822903;0.164581;
0.024000;0.963183;0.822903;0.164581;
0.024010;0.963183;0.822903;0.164581;
0.024020;0.963183;0.822903;0.164581;
0.024030;0.963183;0.822903;0.164581;
0.024040;0.963183;0.822903;0.164581;
0.024050;0.963183;0.822903;0.164581;
0.024060;0.963183;0.822903;0.164581;
0.024070;0.963183;0.822903;0.164581;
0.024080;0.963183;0.822903;0.164581;
0.024090;0.963183;0.822903;0.164581;
0.024100;0.963183;0.822903;0.164581;
0.024110;0.963183;0.822903;0.164581;
0.024120;0.963183;0.822903;0.164581;
0.024130;0.963183;0.822903;0.164581;
0.024140;0.963183;0.822903;0.164581;
0.024150;0.963183;0.822903;0.164581;
0.024160;0.963183;0.822903;0.164581;
0.024170;0.963183;0.822903;0.164581;
0.024180;0.963183;0.822903;0.164581;
0.024190;0.963183;0.822903;0.164581;
0.024200;0.963183;0.822903;0.164581;
0.024210;0.963183;0.822903;0.164581;
0.024220;0.963183;0.822903;0.164581;
0.024230;0.963183;0.822903;0.164581;
0.024240;0.963183;0.822903;0.164581;
0.024250;0.963183;0.822903;0.164581;
0.024260;0.963183;0.822903;0.164581;
0.024270;0.963183;0.822903;0.164581;
0.024280;0.963183;0.822903;0.164581;
0.024290;0.963183;0.822903;0.164581;
0.024300;0.963183;0.822903;0.164581;
0.024310;0.963183;0.822903;0.164581;
0.024320;0.963183;0.822903;0.164581;
0.024330;0.963183;0.822903;0.164581;
0.024340;0.963183;0.822903;0.164581;
0.024350;0.963183;0.822903;0.164581;
0.024360;0.963183;0.822903;0.164581;
0.024370;0.963183;0.822903;0.164581;
0.024380;0.963183;0.822903;0.164581;
0.024390;0.963183;0.822903;0.164581;
0.024400;0.963183;0.822903;0.164581;
0.024410;0.963183;0.822903;0.164581;
0.024420;0.963183;0.822903;0.164581;
0.024430;0.963183;0.822903;0.164581;
0.024440;0.963183;0.822903;0.164581;
0.024450;0.963183;0.822903;0.164581;
0.024460;0.963183;0.822903;0.164581;
0.024470;0.963183;0.822903;0.164581;
0.024480;0.963183;0.822903;0.164581;
0.024490;0.963183;0.822903;0.164581;
0.024500;0.963183;0.822903;0.164581;
0.024510;0.963183;0.822903;0.164581;
0.024520;0.963183;0.822903;0.164581;
0.024530;0.963183;0.822903;0.164581;
0.024540;0.963183;0.822903;0.164581;
0.024550;0.963183;0.822903;0.164581;
0.024560;0.963183;0.822903;0.164581;
0.024570;0.963183;0.822903;0.164581;
0.024580;0.963183;0.822903;0.164581;
0.024590;0.963183;0.822903;0.164581;
0.024600;0.963183;0.822903;0.164581;
0.024610;0.963183;0.822903;0.164581;
0.024620;0.963183;0.822903;0.164581;
0.024630;0.963183;0.822903;0.164581;
0.024640;0.963183;0.822903;0.164581;
0.024650;0.963183;0.822903;0.164581;
0.024660;0.963183;0.822903;0.164581;
0.024670;0.963183;0.822903;0.164581;
0.024680;0.963183;0.822903;0.164581;
0.024690;0.963183;0.822903;0.164581;
0.024700;0.963183;0.822903;0.164581;
0.024710;0.963183;0.822903;0.164581;
0.024720;0.963183;0.822903;0.164581;
0.024730;0.963183;0.822903;0.164581;
0.024740;0.963183;0.822903;0.164581;
0.024750;0.963183;0.822903;0.164581;
0.024760;0.963183;0.822903;0.164581;
0.024770;0.963183;0.822903;0.164581;
0.024780;0.963183;0.822903;0.164581;
0.024790;0.963183;0.822903;0.164581;
0.024800;0.963183;0.822903;0.164581;
0.024810;0.963183;0.822903;0.164581;
0.024820;0.963183;0.822903;0.164581;
0.024830;0.963183;0.822903;0.164581;
0.024840;0.963183;0.822903;0.164581;
0.024850;0.963183;0.822903;0.164581;
0.024860;0.963183;0.822903;0.164581;
0.024870;0.963183;0.822903;0.164581;
0.024880;0.963183;0.822903;0.164581;
0.024890;0.963183;0.822903;0.164581;
0.024900;0.963183;0.822903;0.164581;
0.024910;0.963183;0.822903;0.164581;
0.024920;0.963183;0.822903;0.164581;
0.024930;0.963183;0.822903;0.164581;
0.024940;0.963183;0.822903;0.164581;
0.024950;0.963183;0.822903;0.164581;
0.024960;0.963183;0.822903;0.164581;
0.024970;0.963183;0.822903;0.164581;
0.024980;0.963183;0.822903;0.164581;
0.024990;0.963183;0.822903;0.164581;
0.025000;0.963183;0.822903;0.164581;
0.025010;0.963183;0.822903;0.164581;
0.025020;0.963183;0.822903;0.164581;
0.025030;0.963183;0.822903;0.164581;
0.025040;0.963183;0.822903;0.164581;
0.025050;0.963183;0.822903;0.164581;
0.025060;0.963183;0.822903;0.164581;
0.025070;0.963183;0.822903;0.164581;
0.025080;0.963183;0.822903;0.164581;
0.025090;0.963183;0.822903;0.164581;
0.025100;0.963183;0.822903;0.164581;
0.025110;0.963183;0.822903;0.164581;
0.025120;0.963183;0.822903;0.164581;
0.025130;0.963183;0.822903;0.164581;
0.025140;0.963183;0.822903;0.164581;
0.025150;0.963183;0.822903;0.164581;
0.025160;0.963183;0.822903;0.164581;
0.025170;0.963183;0.822903;0.164581;
0.025180;0.963183;0.822903;0.164581;
0.025190;0.963183;0.822903;0.164581;
0.025200;0.963183;0.822903;0.164581;
0.025210;0.963183;0.822903;0.164581;
0.025220;0.963183;0.822903;0.164581;
0.025230;0.963183;0.822903;0.164581;
0.025240;0.963183;0.822903;0.164581;
0.025250;0.963183;0.822903;0.164581;
0.025260;0.963183;0.822903;0.164581;
0.025270;0.963183;0.822903;0.164581;
0.025280;0.963183;0.822903;0.164581;
0.025290;0.963183;0.822903;0.164581;
0.025300;0.963183;0.822903;0.164581;
0.025310;0.963183;0.822903;0.164581;
0.025320;0.963183;0.822903;0.164581;
0.025330;0.963183;0.822903;0.164581;
0.025340;0.963183;0.822903;0.164581;
0.025350;0.963183;0.822903;0.164581;
0.025360;0.963183;0.822903;0.164581;
0.025370;0.963183;0.822903;0.164581;
0.025380;0.963183;0.822903;0.164581;
0.025390;0.963183;0.822903;0.164581;
0.025400;0.963183;0.822903;0.164581;
0.025410;0.963183;0.822903;0.164581;
0.025420;0.963183;0.822903;0.164581;
0.025430;0.963183;0.822903;0.164581;
0.025440;0.963183;0.822903;0.164581;
0.025450;0.963183;0.822903;0.164581;
0.025460;0.963183;0.822903;0.164581;
0.025470;0.963183;0.822903;0.164581;
0.025480;0.963183;0.822903;0.164581;
0.025490;0.963183;0.822903;0.164581;
0.025500;0.963183;0.822903;0.164581;
0.025510;0.963183;0.822903;0.164581;
0.025520;0.963183;0.822903;0.164581;
0.025530;0.963183;0.822903;0.164581;
0.025540;0.963183;0.822903;0.164581;
0.025550;0.963183;0.822903;0.164581;
0.025560;0.963183;0.822903;0.164581;
0.025570;0.963183;0.822903;0.164581;
0.025580;0.963183;0.822903;0.164581;
0.025590;0.963183;0.822903;0.164581;
0.025600;0.963183;0.822903;0.164581;
0.025610;0.963183;0.822903;0.164581;
0.025620;0.963183;0.822903;0.164581;
0.025630;0.963183;0.822903;0.164581;
0.025640;0.963183;0.822903;0.164581;
0.025650;0.963183;0.822903;0.164581;
0.025660;0.963183;0.822903;0.164581;
0.025670;0.963183;0.822903;0.164581;
0.025680;0.963183;0.822903;0.164581;
0.025690;0.963183;0.822903;0.164581;
0.025700;0.963183;0.822903;0.164581;
0.025710;0.963183;0.822903;0.164581;
0.025720;0.963183;0.822903;0.164581;
0.025730;0.963183;0.822903;0.164581;
0.025740;0.963183;0.822903;0.164581;
0.025750;0.963183;0.822903;0.164581;
0.025760;0.963183;0.822903;0.164581;
0.025770;0.963183;0.822903;0.164581;
0.025780;0.963183;0.822903;0.164581;
0.025790;0.963183;0.822903;0.164581;
0.025800;0.963183;0.822903;0.164581;
0.025810;0.963183;0.822903;0.164581;
0.025820;0.963183;0.822903;0.164581;
0.025830;0.963183;0.822903;0.164581;
0.025840;0.963183;0.822903;0.164581;
0.025850;0.963183;0.822903;0.164581;
0.025860;0.963183;0.822903;0.164581;
0.025870;0.963183;0.822903;0.164581;
0.025880;0.963183;0.822903;0.164581;
0.025890;0.963183;0.822903;0.164581;
0.025900;0.963183;0.822903;0.164581;
0.025910;0.963183;0.822903;0.164581;
0.025920;0.963183;0.822903;0.164581;
0.025930;0.963183;0.822903;0.164581;
0.025940;0.963183;0.822903;0.164581;
0.025950;0.963183;0.822903;0.164581;
0.025960;0.963183;0.822903;0.164581;
0.025970;0.963183;0.822903;0.164581;
0.025980;0.963183;0.822903;0.164581;
0.025990;0.963183;0.822903;0.164581;
0.026000;0.963183;0.822903;0.164581;
0.026010;0.963183;0.822903;0.164581;
0.026020;0.963183;0.822903;0.164581;
0.026030;0.963183;0.822903;0.164581;
0.026040;0.963183;0.822903;0.164581;
0.026050;0.963183;0.822903;0.164581;
0.026060;0.963183;0.822903;0.164581;
0.026070;0.963183;0.822903;0.164581;
0.026080;0.963183;0.822903;0.164581;
0.026090;0.963183;0.822903;0.164581;
0.026100;0.963183;0.822903;0.164581;
0.026110;0.963183;0.822903;0.164581;
0.026120;0.963183;0.822903;0.164581;
0.026130;0.963183;0.822903;0.164581;
0.026140;0.963183;0.822903;0.164581;
0.026150;0.963183;0.822903;0.164581;
0.026160;0.963183;0.822903;0.164581;
0.026170;0.963183;0.822903;0.164581;
0.026180;0.963183;0.822903;0.164581;
0.026190;0.963183;0.822903;0.164581;
0.026200;0.963183;0.822903;0.164581;
0.026210;0.963183;0.822903;0.164581;
0.026220;0.963183;0.822903;0.164581;
0.026230;0.963183;0.822903;0.164581;
0.026240;0.963183;0.822903;0.164581;
0.026250;0.963183;0.822903;0.164581;
0.026260;0.963183;0.822903;0.164581;
0.026270;0.963183;0.822903;0.164581;
0.026280;0.963183;0.822903;0.164581;
0.026290;0.963183;0.822903;0.164581;
0.026300;0.963183;0.822903;0.164581;
0.026310;0.963183;0.822903;0.164581;
0.026320;0.963183;0.822903;0.164581;
0.026330;0.963183;0.822903;0.164581;
0.026340;0.963183;0.822903;0.164581;
0.026350;0.963183;0.822903;0.164581;
0.026360;0.963183;0.822903;0.164581;
0.026370;0.963183;0.822903;0.164581;
0.026380;0.963183;0.822903;0.164581;
0.026390;0.963183;0.822903;0.164581;
0.026400;0.963183;0.822903;0.164581;
0.026410;0.963183;0.822903;0.164581;
0.026420;0.963183;0.822903;0.164581;
0.026430;0.963183;0.822903;0.164581;
0.026440;0.963183;0.822903;0.164581;
0.026450;0.963183;0.822903;0.164581;
0.026460;0.963183;0.822903;0.164581;
0.026470;0.963183;0.822903;0.164581;
0.026480;0.963183;0.822903;0.164581;
0.026490;0.963183;0.822903;0.164581;
0.026500;0.963183;0.822903;0.164581;
0.026510;0.963183;0.822903;0.164581;
0.026520;0.963183;0.822903;0.164581;
0.026530;0.963183;0.822903;0.164581;
0.026540;0.963183;0.822903;0.164581;
0.026550;0.963183;0.822903;0.164581;
0.026560;0.963183;0.822903;0.164581;
0.026570;0.963183;0.822903;0.164581;
0.026580;0.963183;0.822903;0.164581;
0.026590;0.963183;0.822903;0.164581;
0.026600;0.963183;0.822903;0.164581;
0.026610;0.963183;0.822903;0.164581;
0.026620;0.963183;0.822903;0.164581;
0.026630;0.963183;0.822903;0.164581;
0.026640;0.963183;0.822903;0.164581;
0.026650;0.963183;0.822903;0.164581;
0.026660;0.963183;0.822903;0.164581;
0.026670;0.963183;0.822903;0.164581;
0.026680;0.963183;0.822903;0.164581;
0.026690;0.963183;0.822903;0.164581;
0.026700;0.963183;0.822903;0.164581;
0.026710;0.963183;0.822903;0.164581;
0.026720;0.963183;0.822903;0.164581;
0.026730;0.963183;0.822903;0.164581;
0.026740;0.963183;0.822903;0.164581;
0.026750;0.963183;0.822903;0.164581;
0.026760;0.963183;0.822903;0.164581;
0.026770;0.963183;0.822903;0.164581;
0.026780;0.963183;0.822903;0.164581;
0.026790;0.963183;0.822903;0.164581;
0.026800;0.963183;0.822903;0.164581;
0.026810;0.963183;0.822903;0.164581;
0.026820;0.963183;0.822903;0.164581;
0.026830;0.963183;0.822903;0.164581;
0.026840;0.963183;0.822903;0.164581;
0.026850;0.963183;0.822903;0.164581;
0.026860;0.963183;0.822903;0.164581;
0.026870;0.963183;0.822903;0.164581;
0.026880;0.963183;0.822903;0.164581;
0.026890;0.963183;0.822903;0.164581;
0.026900;0.963183;0.822903;0.164581;
0.026910;0.963183;0.822903;0.164581;
0.026920;0.963183;0.822903;0.164581;
0.026930;0.963183;0.822903;0.164581;
0.026940;0.963183;0.822903;0.164581;
0.026950;0.963183;0.822903;0.164581;
0.026960;0.963183;0.822903;0.164581;
0.026970;0.963183;0.822903;0.164581;
0.026980;0.963183;0.822903;0.164581;
0.026990;0.963183;0.822903;0.164581;
0.027000;0.963183;0.822903;0.164581;
0.027010;0.963183;0.822903;0.164581;
0.027020;0.963183;0.822903;0.164581;
0.027030;0.963183;0.822903;0.164581;
0.027040;0.963183;0.822903;0.164581;
0.027050;0.963183;0.822903;0.164581;
0.027060;0.963183;0.822903;0.164581;
0.027070;0.963183;0.822903;0.164581;
0.027080;0.963183;0.822903;0.164581;
0.027090;0.963183;0.822903;0.164581;
0.027100;0.963183;0.822903;0.164581;
0.027110;0.963183;0.822903;0.164581;
0.027120;0.963183;0.822903;0.164581;
0.027130;0.963183;0.822903;0.164581;
0.027140;0.963183;0.822903;0.164581;
0.027150;0.963183;0.822903;0.164581;
0.027160;0.963183;0.822903;0.164581;
0.027170;0.963183;0.822903;0.164581;
0.027180;0.963183;0.822903;0.164581;
0.027190;0.963183;0.822903;0.164581;
0.027200;0.963183;0.822903;0.164581;
0.027210;0.963183;0.822903;0.164581;
0.027220;0.963183;0.822903;0.164581;
0.027230;0.963183;0.822903;0.164581;
0.027240;0.963183;0.822903;0.164581;
0.027250;0.963183;0.822903;0.164581;
0.027260;0.963183;0.822903;0.164581;
0.027270;0.963183;0.822903;0.164581;
0.027280;0.963183;0.822903;0.164581;
0.027290;0.963183;0.822903;0.164581;
0.027300;0.963183;0.822903;0.164581;
0.027310;0.963183;0.822903;0.164581;
0.027320;0.963183;0.822903;0.164581;
0.027330;0.963183;0.822903;0.164581;
0.027340;0.963183;0.822903;0.164581;
0.027350;0.963183;0.822903;0.164581;
0.027360;0.963183;0.822903;0.164581;
0.027370;0.963183;0.822903;0.164581;
0.027380;0.963183;0.822903;0.164581;
0.027390;0.963183;0.822903;0.164581;
0.027400;0.963183;0.822903;0.164581;
0.027410;0.963183;0.822903;0.164581;
0.027420;0.963183;0.822903;0.164581;
0.027430;0.963183;0.822903;0.164581;
0.027440;0.963183;0.822903;0.164581;
0.027450;0.963183;0.822903;0.164581;
0.027460;0.963183;0.822903;0.164581;
0.027470;0.963183;0.822903;0.164581;
0.027480;0.963183;0.822903;0.164581;
0.027490;0.963183;0.822903;0.164581;
0.027500;0.963183;0.822903;0.164581;
0.027510;0.963183;0.822903;0.164581;
0.027520;0.963183;0.822903;0.164581;
0.027530;0.963183;0.822903;0.164581;
0.027540;0.963183;0.822903;0.164581;
0.027550;0.963183;0.822903;0.164581;
0.027560;0.963183;0.822903;0.164581;
0.027570;0.963183;0.822903;0.164581;
0.027580;0.963183;0.822903;0.164581;
0.027590;0.963183;0.822903;0.164581;
0.027600;0.963183;0.822903;0.164581;
0.027610;0.963183;0.822903;0.164581;
0.027620;0.963183;0.822903;0.164581;
0.027630;0.963183;0.822903;0.164581;
0.027640;0.963183;0.822903;0.164581;
0.027650;0.963183;0.822903;0.164581;
0.027660;0.963183;0.822903;0.164581;
0.027670;0.963183;0.822903;0.164581;
0.027680;0.963183;0.822903;0.164581;
0.027690;0.963183;0.822903;0.164581;
0.027700;0.963183;0.822903;0.164581;
0.027710;0.963183;0.822903;0.164581;
0.027720;0.963183;0.822903;0.164581;
0.027730;0.963183;0.822903;0.164581;
0.027740;0.963183;0.822903;0.164581;
0.027750;0.963183;0.822903;0.164581;
0.027760;0.963183;0.822903;0.164581;
0.027770;0.963183;0.822903;0.164581;
0.027780;0.963183;0.822903;0.164581;
0.027790;0.963183;0.822903;0.164581;
0.027800;0.963183;0.822903;0.164581;
0.027810;0.963183;0.822903;0.164581;
0.027820;0.963183;0.822903;0.164581;
0.027830;0.963183;0.822903;0.164581;
0.027840;0.963183;0.822903;0.164581;
0.027850;0.963183;0.822903;0.164581;
0.027860;0.963183;0.822903;0.164581;
0.027870;0.963183;0.822903;0.164581;
0.027880;0.963183;0.822903;0.164581;
0.027890;0.963183;0.822903;0.164581;
0.027900;0.963183;0.822903;0.164581;
0.027910;0.963183;0.822903;0.164581;
0.027920;0.963183;0.822903;0.164581;
0.027930;0.963183;0.822903;0.164581;
0.027940;0.963183;0.822903;0.164581;
0.027950;0.963183;0.822903;0.164581;
0.027960;0.963183;0.822903;0.164581;
0.027970;0.963183;0.822903;0.164581;
0.027980;0.963183;0.822903;0.164581;
0.027990;0.963183;0.822903;0.164581;
0.028000;0.963183;0.822903;0.164581;
0.028010;0.963183;0.822903;0.164581;
0.028020;0.963183;0.822903;0.164581;
0.028030;0.963183;0.822903;0.164581;
0.028040;0.963183;0.822903;0.164581;
0.028050;0.963183;0.822903;0.164581;
0.028060;0.963183;0.822903;0.164581;
0.028070;0.963183;0.822903;0.164581;
0.028080;0.963183;0.822903;0.164581;
0.028090;0.963183;0.822903;0.164581;
0.028100;0.963183;0.822903;0.164581;
0.028110;0.963183;0.822903;0.164581;
0.028120;0.963183;0.822903;0.164581;
0.028130;0.963183;0.822903;0.164581;
0.028140;0.963183;0.822903;0.164581;
0.028150;0.963183;0.822903;0.164581;
0.028160;0.963183;0.822903;0.164581;
0.028170;0.963183;0.822903;0.164581;
0.028180;0.963183;0.822903;0.164581;
0.028190;0.963183;0.822903;0.164581;
0.028200;0.963183;0.822903;0.164581;
0.028210;0.963183;0.822903;0.164581;
0.028220;0.963183;0.822903;0.164581;
0.028230;0.963183;0.822903;0.164581;
0.028240;0.963183;0.822903;0.164581;
0.028250;0.963183;0.822903;0.164581;
0.028260;0.963183;0.822903;0.164581;
0.028270;0.963183;0.822903;0.164581;
0.028280;0.963183;0.822903;0.164581;
0.028290;0.963183;0.822903;0.164581;
0.028300;0.963183;0.822903;0.164581;
0.028310;0.963183;0.822903;0.164581;
0.028320;0.963183;0.822903;0.164581;
0.028330;0.963183;0.822903;0.164581;
0.028340;0.963183;0.822903;0.164581;
0.028350;0.963183;0.822903;0.164581;
0.028360;0.963183;0.822903;0.164581;
0.028370;0.963183;0.822903;0.164581;
0.028380;0.963183;0.822903;0.164581;
0.028390;0.963183;0.822903;0.164581;
0.028400;0.963183;0.822903;0.164581;
0.028410;0.963183;0.822903;0.164581;
0.028420;0.963183;0.822903;0.164581;
0.028430;0.963183;0.822903;0.164581;
0.028440;0.963183;0.822903;0.164581;
0.028450;0.963183;0.822903;0.164581;
0.028460;0.963183;0.822903;0.164581;
0.028470;0.963183;0.822903;0.164581;
0.028480;0.963183;0.822903;0.164581;
0.028490;0.963183;0.822903;0.164581;
0.028500;0.963183;0.822903;0.164581;
0.028510;0.963183;0.822903;0.164581;
0.028520;0.963183;0.822903;0.164581;
0.028530;0.963183;0.822903;0.164581;
0.028540;0.963183;0.822903;0.164581;
0.028550;0.963183;0.822903;0.164581;
0.028560;0.963183;0.822903;0.164581;
0.028570;0.963183;0.822903;0.164581;
0.028580;0.963183;0.822903;0.164581;
0.028590;0.963183;0.822903;0.164581;
0.028600;0.963183;0.822903;0.164581;
0.028610;0.963183;0.822903;0.164581;
0.028620;0.963183;0.822903;0.164581;
0.028630;0.963183;0.822903;0.164581;
0.028640;0.963183;0.822903;0.164581;
0.028650;0.963183;0.822903;0.164581;
0.028660;0.963183;0.822903;0.164581;
0.028670;0.963183;0.822903;0.164581;
0.028680;0.963183;0.822903;0.164581;
0.028690;0.963183;0.822903;0.164581;
0.028700;0.963183;0.822903;0.164581;
0.028710;0.963183;0.822903;0.164581;
0.028720;0.963183;0.822903;0.164581;
0.028730;0.963183;0.822903;0.164581;
0.028740;0.963183;0.822903;0.164581;
0.028750;0.963183;0.822903;0.164581;
0.028760;0.963183;0.822903;0.164581;
0.028770;0.963183;0.822903;0.164581;
0.028780;0.963183;0.822903;0.164581;
0.028790;0.963183;0.822903;0.164581;
0.028800;0.963183;0.822903;0.164581;
0.028810;0.963183;0.822903;0.164581;
0.028820;0.963183;0.822903;0.164581;
0.028830;0.963183;0.822903;0.164581;
0.028840;0.963183;0.822903;0.164581;
0.028850;0.963183;0.822903;0.164581;
0.028860;0.963183;0.822903;0.164581;
0.028870;0.963183;0.822903;0.164581;
0.028880;0.963183;0.822903;0.164581;
0.028890;0.963183;0.822903;0.164581;
0.028900;0.963183;0.822903;0.164581;
0.028910;0.963183;0.822903;0.164581;
0.028920;0.963183;0.822903;0.164581;
0.028930;0.963183;0.822903;0.164581;
0.028940;0.963183;0.822903;0.164581;
0.028950;0.963183;0.822903;0.164581;
0.028960;0.963183;0.822903;0.164581;
0.028970;0.963183;0.822903;0.164581;
0.028980;0.963183;0.822903;0.164581;
0.028990;0.963183;0.822903;0.164581;
0.029000;0.963183;0.822903;0.164581;
0.029010;0.963183;0.822903;0.164581;
0.029020;0.963183;0.822903;0.164581;
0.029030;0.963183;0.822903;0.164581;
0.029040;0.963183;0.822903;0.164581;
0.029050;0.963183;0.822903;0.164581;
0.029060;0.963183;0.822903;0.164581;
0.029070;0.963183;0.822903;0.164581;
0.029080;0.963183;0.822903;0.164581;
0.029090;0.963183;0.822903;0.164581;
0.029100;0.963183;0.822903;0.164581;
0.029110;0.963183;0.822903;0.164581;
0.029120;0.963183;0.822903;0.164581;
0.029130;0.963183;0.822903;0.164581;
0.029140;0.963183;0.822903;0.164581;
0.029150;0.963183;0.822903;0.164581;
0.029160;0.963183;0.822903;0.164581;
0.029170;0.963183;0.822903;0.164581;
0.029180;0.963183;0.822903;0.164581;
0.029190;0.963183;0.822903;0.164581;
0.029200;0.963183;0.822903;0.164581;
0.029210;0.963183;0.822903;0.164581;
0.029220;0.963183;0.822903;0.164581;
0.029230;0.963183;0.822903;0.164581;
0.029240;0.963183;0.822903;0.164581;
0.029250;0.963183;0.822903;0.164581;
0.029260;0.963183;0.822903;0.164581;
0.029270;0.963183;0.822903;0.164581;
0.029280;0.963183;0.822903;0.164581;
0.029290;0.963183;0.822903;0.164581;
0.029300;0.963183;0.822903;0.164581;
0.029310;0.963183;0.822903;0.164581;
0.029320;0.963183;0.822903;0.164581;
0.029330;0.963183;0.822903;0.164581;
0.029340;0.963183;0.822903;0.164581;
0.029350;0.963183;0.822903;0.164581;
0.029360;0.963183;0.822903;0.164581;
0.029370;0.963183;0.822903;0.164581;
0.029380;0.963183;0.822903;0.164581;
0.029390;0.963183;0.822903;0.164581;
0.029400;0.963183;0.822903;0.164581;
0.029410;0.963183;0.822903;0.164581;
0.029420;0.963183;0.822903;0.164581;
0.029430;0.963183;0.822903;0.164581;
0.029440;0.963183;0.822903;0.164581;
0.029450;0.963183;0.822903;0.164581;
0.029460;0.963183;0.822903;0.164581;
0.029470;0.963183;0.822903;0.164581;
0.029480;0.963183;0.822903;0.164581;
0.029490;0.963183;0.822903;0.164581;
0.029500;0.963183;0.822903;0.164581;
0.029510;0.963183;0.822903;0.164581;
0.029520;0.963183;0.822903;0.164581;
0.029530;0.963183;0.822903;0.164581;
0.029540;0.963183;0.822903;0.164581;
0.029550;0.963183;0.822903;0.164581;
0.029560;0.963183;0.822903;0.164581;
0.029570;0.963183;0.822903;0.164581;
0.029580;0.963183;0.822903;0.164581;
0.029590;0.963183;0.822903;0.164581;
0.029600;0.963183;0.822903;0.164581;
0.029610;0.963183;0.822903;0.164581;
0.029620;0.963183;0.822903;0.164581;
0.029630;0.963183;0.822903;0.164581;
0.029640;0.963183;0.822903;0.164581;
0.029650;0.963183;0.822903;0.164581;
0.029660;0.963183;0.822903;0.164581;
0.029670;0.963183;0.822903;0.164581;
0.029680;0.963183;0.822903;0.164581;
0.029690;0.963183;0.822903;0.164581;
0.029700;0.963183;0.822903;0.164581;
0.029710;0.963183;0.822903;0.164581;
0.029720;0.963183;0.822903;0.164581;
0.029730;0.963183;0.822903;0.164581;
0.029740;0.963183;0.822903;0.164581;
0.029750;0.963183;0.822903;0.164581;
0.029760;0.963183;0.822903;0.164581;
0.029770;0.963183;0.822903;0.164581;
0.029780;0.963183;0.822903;0.164581;
0.029790;0.963183;0.822903;0.164581;
0.029800;0.963183;0.822903;0.164581;
0.029810;0.963183;0.822903;0.164581;
0.029820;0.963183;0.822903;0.164581;
0.029830;0.963183;0.822903;0.164581;
0.029840;0.963183;0.822903;0.164581;
0.029850;0.963183;0.822903;0.164581;
0.029860;0.963183;0.822903;0.164581;
0.029870;0.963183;0.822903;0.164581;
0.029880;0.963183;0.822903;0.164581;
0.029890;0.963183;0.822903;0.164581;
0.029900;0.963183;0.822903;0.164581;
0.029910;0.963183;0.822903;0.164581;
0.029920;0.963183;0.822903;0.164581;
0.029930;0.963183;0.822903;0.164581;
0.029940;0.963183;0.822903;0.164581;
0.029950;0.963183;0.822903;0.164581;
0.029960;0.963183;0.822903;0.164581;
0.029970;0.963183;0.822903;0.164581;
0.029980;0.963183;0.822903;0.164581;
0.029990;0.963183;0.822903;0.164581;
0.030000;0.963183;0.822903;0.164581;
0.030010;0.963183;0.822903;0.164581;
0.030020;0.963183;0.822903;0.164581;
0.030030;0.963183;0.822903;0.164581;
0.030040;0.963183;0.822903;0.164581;
0.030050;0.963183;0.822903;0.164581;
0.030060;0.963183;0.822903;0.164581;
0.030070;0.963183;0.822903;0.164581;
0.030080;0.963183;0.822903;0.164581;
0.030090;0.963183;0.822903;0.164581;
0.030100;0.963183;0.822903;0.164581;
0.030110;0.963183;0.822903;0.164581;
0.030120;0.963183;0.822903;0.164581;
0.030130;0.963183;0.822903;0.164581;
0.030140;0.963183;0.822903;0.164581;
0.030150;0.963183;0.822903;0.164581;
0.030160;0.963183;0.822903;0.164581;
0.030170;0.963183;0.822903;0.164581;
0.030180;0.963183;0.822903;0.164581;
0.030190;0.963183;0.822903;0.164581;
0.030200;0.963183;0.822903;0.164581;
0.030210;0.963183;0.822903;0.164581;
0.030220;0.963183;0.822903;0.164581;
0.030230;0.963183;0.822903;0.164581;
0.030240;0.963183;0.822903;0.164581;
0.030250;0.963183;0.822903;0.164581;
0.030260;0.963183;0.822903;0.164581;
0.030270;0.963183;0.822903;0.164581;
0.030280;0.963183;0.822903;0.164581;
0.030290;0.963183;0.822903;0.164581;
0.030300;0.963183;0.822903;0.164581;
0.030310;0.963183;0.822903;0.164581;
0.030320;0.963183;0.822903;0.164581;
0.030330;0.963183;0.822903;0.164581;
0.030340;0.963183;0.822903;0.164581;
0.030350;0.963183;0.822903;0.164581;
0.030360;0.963183;0.822903;0.164581;
0.030370;0.963183;0.822903;0.164581;
0.030380;0.963183;0.822903;0.164581;
0.030390;0.963183;0.822903;0.164581;
0.030400;0.963183;0.822903;0.164581;
0.030410;0.963183;0.822903;0.164581;
0.030420;0.963183;0.822903;0.164581;
0.030430;0.963183;0.822903;0.164581;
0.030440;0.963183;0.822903;0.164581;
0.030450;0.963183;0.822903;0.164581;
0.030460;0.963183;0.822903;0.164581;
0.030470;0.963183;0.822903;0.164581;
0.030480;0.963183;0.822903;0.164581;
0.030490;0.963183;0.822903;0.164581;
0.030500;0.963183;0.822903;0.164581;
0.030510;0.963183;0.822903;0.164581;
0.030520;0.963183;0.822903;0.164581;
0.030530;0.963183;0.822903;0.164581;
0.030540;0.963183;0.822903;0.164581;
0.030550;0.963183;0.822903;0.164581;
0.030560;0.963183;0.822903;0.164581;
0.030570;0.963183;0.822903;0.164581;
0.030580;0.963183;0.822903;0.164581;
0.030590;0.963183;0.822903;0.164581;
0.030600;0.963183;0.822903;0.164581;
0.030610;0.963183;0.822903;0.164581;
0.030620;0.963183;0.822903;0.164581;
0.030630;0.963183;0.822903;0.164581;
0.030640;0.963183;0.822903;0.164581;
0.030650;0.963183;0.822903;0.164581;
0.030660;0.963183;0.822903;0.164581;
0.030670;0.963183;0.822903;0.164581;
0.030680;0.963183;0.822903;0.164581;
0.030690;0.963183;0.822903;0.164581;
0.030700;0.963183;0.822903;0.164581;
0.030710;0.963183;0.822903;0.164581;
0.030720;0.963183;0.822903;0.164581;
0.030730;0.963183;0.822903;0.164581;
0.030740;0.963183;0.822903;0.164581;
0.030750;0.963183;0.822903;0.164581;
0.030760;0.963183;0.822903;0.164581;
0.030770;0.963183;0.822903;0.164581;
0.030780;0.963183;0.822903;0.164581;
0.030790;0.963183;0.822903;0.164581;
0.030800;0.963183;0.822903;0.164581;
0.030810;0.963183;0.822903;0.164581;
0.030820;0.963183;0.822903;0.164581;
0.030830;0.963183;0.822903;0.164581;
0.030840;0.963183;0.822903;0.164581;
0.030850;0.963183;0.822903;0.164581;
0.030860;0.963183;0.822903;0.164581;
0.030870;0.963183;0.822903;0.164581;
0.030880;0.963183;0.822903;0.164581;
0.030890;0.963183;0.822903;0.164581;
0.030900;0.963183;0.822903;0.164581;
0.030910;0.963183;0.822903;0.164581;
0.030920;0.963183;0.822903;0.164581;
0.030930;0.963183;0.822903;0.164581;
0.030940;0.963183;0.822903;0.164581;
0.030950;0.963183;0.822903;0.164581;
0.030960;0.963183;0.822903;0.164581;
0.030970;0.963183;0.822903;0.164581;
0.030980;0.963183;0.822903;0.164581;
0.030990;0.963183;0.822903;0.164581;
0.031000;0.963183;0.822903;0.164581;
0.031010;0.963183;0.822903;0.164581;
0.031020;0.963183;0.822903;0.164581;
0.031030;0.963183;0.822903;0.164581;
0.031040;0.963183;0.822903;0.164581;
0.031050;0.963183;0.822903;0.164581;
0.031060;0.963183;0.822903;0.164581;
0.031070;0.963183;0.822903;0.164581;
0.031080;0.963183;0.822903;0.164581;
0.031090;0.963183;0.822903;0.164581;
0.031100;0.963183;0.822903;0.164581;
0.031110;0.963183;0.822903;0.164581;
0.031120;0.963183;0.822903;0.164581;
0.031130;0.963183;0.822903;0.164581;
0.031140;0.963183;0.822903;0.164581;
0.031150;0.963183;0.822903;0.164581;
0.031160;0.963183;0.822903;0.164581;
0.031170;0.963183;0.822903;0.164581;
0.031180;0.963183;0.822903;0.164581;
0.031190;0.963183;0.822903;0.164581;
0.031200;0.963183;0.822903;0.164581;
0.031210;0.963183;0.822903;0.164581;
0.031220;0.963183;0.822903;0.164581;
0.031230;0.963183;0.822903;0.164581;
0.031240;0.963183;0.822903;0.164581;
0.031250;0.963183;0.822903;0.164581;
0.031260;0.963183;0.822903;0.164581;
0.031270;0.963183;0.822903;0.164581;
0.031280;0.963183;0.822903;0.164581;
0.031290;0.963183;0.822903;0.164581;
0.031300;0.963183;0.822903;0.164581;
0.031310;0.963183;0.822903;0.164581;
0.031320;0.963183;0.822903;0.164581;
0.031330;0.963183;0.822903;0.164581;
0.031340;0.963183;0.822903;0.164581;
0.031350;0.963183;0.822903;0.164581;
0.031360;0.963183;0.822903;0.164581;
0.031370;0.963183;0.822903;0.164581;
0.031380;0.963183;0.822903;0.164581;
0.031390;0.963183;0.822903;0.164581;
0.031400;0.963183;0.822903;0.164581;
0.031410;0.963183;0.822903;0.164581;
0.031420;0.963183;0.822903;0.164581;
0.031430;0.963183;0.822903;0.164581;
0.031440;0.963183;0.822903;0.164581;
0.031450;0.963183;0.822903;0.164581;
0.031460;0.963183;0.822903;0.164581;
0.031470;0.963183;0.822903;0.164581;
0.031480;0.963183;0.822903;0.164581;
0.031490;0.963183;0.822903;0.164581;
0.031500;0.963183;0.822903;0.164581;
0.031510;0.963183;0.822903;0.164581;
0.031520;0.963183;0.822903;0.164581;
0.031530;0.963183;0.822903;0.164581;
0.031540;0.963183;0.822903;0.164581;
0.031550;0.963183;0.822903;0.164581;
0.031560;0.963183;0.822903;0.164581;
0.031570;0.963183;0.822903;0.164581;
0.031580;0.963183;0.822903;0.164581;
0.031590;0.963183;0.822903;0.164581;
0.031600;0.963183;0.822903;0.164581;
0.031610;0.963183;0.822903;0.164581;
0.031620;0.963183;0.822903;0.164581;
0.031630;0.963183;0.822903;0.164581;
0.031640;0.963183;0.822903;0.164581;
0.031650;0.963183;0.822903;0.164581;
0.031660;0.963183;0.822903;0.164581;
0.031670;0.963183;0.822903;0.164581;
0.031680;0.963183;0.822903;0.164581;
0.031690;0.963183;0.822903;0.164581;
0.031700;0.963183;0.822903;0.164581;
0.031710;0.963183;0.822903;0.164581;
0.031720;0.963183;0.822903;0.164581;
0.031730;0.963183;0.822903;0.164581;
0.031740;0.963183;0.822903;0.164581;
0.031750;0.963183;0.822903;0.164581;
0.031760;0.963183;0.822903;0.164581;
0.031770;0.963183;0.822903;0.164581;
0.031780;0.963183;0.822903;0.164581;
0.031790;0.963183;0.822903;0.164581;
0.031800;0.963183;0.822903;0.164581;
0.031810;0.963183;0.822903;0.164581;
0.031820;0.963183;0.822903;0.164581;
0.031830;0.963183;0.822903;0.164581;
0.031840;0.963183;0.822903;0.164581;
0.031850;0.963183;0.822903;0.164581;
0.031860;0.963183;0.822903;0.164581;
0.031870;0.963183;0.822903;0.164581;
0.031880;0.963183;0.822903;0.164581;
0.031890;0.963183;0.822903;0.164581;
0.031900;0.963183;0.822903;0.164581;
0.031910;0.963183;0.822903;0.164581;
0.031920;0.963183;0.822903;0.164581;
0.031930;0.963183;0.822903;0.164581;
0.031940;0.963183;0.822903;0.164581;
0.031950;0.963183;0.822903;0.164581;
0.031960;0.963183;0.822903;0.164581;
0.031970;0.963183;0.822903;0.164581;
0.031980;0.963183;0.822903;0.164581;
0.031990;0.963183;0.822903;0.164581;
0.032000;0.963183;0.822903;0.164581;
0.032010;0.963183;0.822903;0.164581;
0.032020;0.963183;0.822903;0.164581;
0.032030;0.963183;0.822903;0.164581;
0.032040;0.963183;0.822903;0.164581;
0.032050;0.963183;0.822903;0.164581;
0.032060;0.963183;0.822903;0.164581;
0.032070;0.963183;0.822903;0.164581;
0.032080;0.963183;0.822903;0.164581;
0.032090;0.963183;0.822903;0.164581;
0.032100;0.963183;0.822903;0.164581;
0.032110;0.963183;0.822903;0.164581;
0.032120;0.963183;0.822903;0.164581;
0.032130;0.963183;0.822903;0.164581;
0.032140;0.963183;0.822903;0.164581;
0.032150;0.963183;0.822903;0.164581;
0.032160;0.963183;0.822903;0.164581;
0.032170;0.963183;0.822903;0.164581;
0.032180;0.963183;0.822903;0.164581;
0.032190;0.963183;0.822903;0.164581;
0.032200;0.963183;0.822903;0.164581;
0.032210;0.963183;0.822903;0.164581;
0.032220;0.963183;0.822903;0.164581;
0.032230;0.963183;0.822903;0.164581;
0.032240;0.963183;0.822903;0.164581;
0.032250;0.963183;0.822903;0.164581;
0.032260;0.963183;0.822903;0.164581;
0.032270;0.963183;0.822903;0.164581;
0.032280;0.963183;0.822903;0.164581;
0.032290;0.963183;0.822903;0.164581;
0.032300;0.963183;0.822903;0.164581;
0.032310;0.963183;0.822903;0.164581;
0.032320;0.963183;0.822903;0.164581;
0.032330;0.963183;0.822903;0.164581;
0.032340;0.963183;0.822903;0.164581;
0.032350;0.963183;0.822903;0.164581;
0.032360;0.963183;0.822903;0.164581;
0.032370;0.963183;0.822903;0.164581;
0.032380;0.963183;0.822903;0.164581;
0.032390;0.963183;0.822903;0.164581;
0.032400;0.963183;0.822903;0.164581;
0.032410;0.963183;0.822903;0.164581;
0.032420;0.963183;0.822903;0.164581;
0.032430;0.963183;0.822903;0.164581;
0.032440;0.963183;0.822903;0.164581;
0.032450;0.963183;0.822903;0.164581;
0.032460;0.963183;0.822903;0.164581;
0.032470;0.963183;0.822903;0.164581;
0.032480;0.963183;0.822903;0.164581;
0.032490;0.963183;0.822903;0.164581;
0.032500;0.963183;0.822903;0.164581;
0.032510;0.963183;0.822903;0.164581;
0.032520;0.963183;0.822903;0.164581;
0.032530;0.963183;0.822903;0.164581;
0.032540;0.963183;0.822903;0.164581;
0.032550;0.963183;0.822903;0.164581;
0.032560;0.963183;0.822903;0.164581;
0.032570;0.963183;0.822903;0.164581;
0.032580;0.963183;0.822903;0.164581;
0.032590;0.963183;0.822903;0.164581;
0.032600;0.963183;0.822903;0.164581;
0.032610;0.963183;0.822903;0.164581;
0.032620;0.963183;0.822903;0.164581;
0.032630;0.963183;0.822903;0.164581;
0.032640;0.963183;0.822903;0.164581;
0.032650;0.963183;0.822903;0.164581;
0.032660;0.963183;0.822903;0.164581;
0.032670;0.963183;0.822903;0.164581;
0.032680;0.963183;0.822903;0.164581;
0.032690;0.963183;0.822903;0.164581;
0.032700;0.963183;0.822903;0.164581;
0.032710;0.963183;0.822903;0.164581;
0.032720;0.963183;0.822903;0.164581;
0.032730;0.963183;0.822903;0.164581;
0.032740;0.963183;0.822903;0.164581;
0.032750;0.963183;0.822903;0.164581;
0.032760;0.963183;0.822903;0.164581;
0.032770;0.963183;0.822903;0.164581;
0.032780;0.963183;0.822903;0.164581;
0.032790;0.963183;0.822903;0.164581;
0.032800;0.963183;0.822903;0.164581;
0.032810;0.963183;0.822903;0.164581;
0.032820;0.963183;0.822903;0.164581;
0.032830;0.963183;0.822903;0.164581;
0.032840;0.963183;0.822903;0.164581;
0.032850;0.963183;0.822903;0.164581;
0.032860;0.963183;0.822903;0.164581;
0.032870;0.963183;0.822903;0.164581;
0.032880;0.963183;0.822903;0.164581;
0.032890;0.963183;0.822903;0.164581;
0.032900;0.963183;0.822903;0.164581;
0.032910;0.963183;0.822903;0.164581;
0.032920;0.963183;0.822903;0.164581;
0.032930;0.963183;0.822903;0.164581;
0.032940;0.963183;0.822903;0.164581;
0.032950;0.963183;0.822903;0.164581;
0.032960;0.963183;0.822903;0.164581;
0.032970;0.963183;0.822903;0.164581;
0.032980;0.963183;0.822903;0.164581;
0.032990;0.963183;0.822903;0.164581;
0.033000;0.963183;0.822903;0.164581;
0.033010;0.963183;0.822903;0.164581;
0.033020;0.963183;0.822903;0.164581;
0.033030;0.963183;0.822903;0.164581;
0.033040;0.963183;0.822903;0.164581;
0.033050;0.963183;0.822903;0.164581;
0.033060;0.963183;0.822903;0.164581;
0.033070;0.963183;0.822903;0.164581;
0.033080;0.963183;0.822903;0.164581;
0.033090;0.963183;0.822903;0.164581;
0.033100;0.963183;0.822903;0.164581;
0.033110;0.963183;0.822903;0.164581;
0.033120;0.963183;0.822903;0.164581;
0.033130;0.963183;0.822903;0.164581;
0.033140;0.963183;0.822903;0.164581;
0.033150;0.963183;0.822903;0.164581;
0.033160;0.963183;0.822903;0.164581;
0.033170;0.963183;0.822903;0.164581;
0.033180;0.963183;0.822903;0.164581;
0.033190;0.963183;0.822903;0.164581;
0.033200;0.963183;0.822903;0.164581;
0.033210;0.963183;0.822903;0.164581;
0.033220;0.963183;0.822903;0.164581;
0.033230;0.963183;0.822903;0.164581;
0.033240;0.963183;0.822903;0.164581;
0.033250;0.963183;0.822903;0.164581;
0.033260;0.963183;0.822903;0.164581;
0.033270;0.963183;0.822903;0.164581;
0.033280;0.963183;0.822903;0.164581;
0.033290;0.963183;0.822903;0.164581;
0.033300;0.963183;0.822903;0.164581;
0.033310;0.963183;0.822903;0.164581;
0.033320;0.963183;0.822903;0.164581;
0.033330;0.963183;0.822903;0.164581;
0.033340;0.963183;0.822903;0.164581;
0.033350;0.963183;0.822903;0.164581;
0.033360;0.963183;0.822903;0.164581;
0.033370;0.963183;0.822903;0.164581;
0.033380;0.963183;0.822903;0.164581;
0.033390;0.963183;0.822903;0.164581;
0.033400;0.963183;0.822903;0.164581;
0.033410;0.963183;0.822903;0.164581;
0.033420;0.963183;0.822903;0.164581;
0.033430;0.963183;0.822903;0.164581;
0.033440;0.963183;0.822903;0.164581;
0.033450;0.963183;0.822903;0.164581;
0.033460;0.963183;0.822903;0.164581;
0.033470;0.963183;0.822903;0.164581;
0.033480;0.963183;0.822903;0.164581;
0.033490;0.963183;0.822903;0.164581;
0.033500;0.963183;0.822903;0.164581;
0.033510;0.963183;0.822903;0.164581;
0.033520;0.963183;0.822903;0.164581;
0.033530;0.963183;0.822903;0.164581;
0.033540;0.963183;0.822903;0.164581;
0.033550;0.963183;0.822903;0.164581;
0.033560;0.963183;0.822903;0.164581;
0.033570;0.963183;0.822903;0.164581;
0.033580;0.963183;0.822903;0.164581;
0.033590;0.963183;0.822903;0.164581;
0.033600;0.963183;0.822903;0.164581;
0.033610;0.963183;0.822903;0.164581;
0.033620;0.963183;0.822903;0.164581;
0.033630;0.963183;0.822903;0.164581;
0.033640;0.963183;0.822903;0.164581;
0.033650;0.963183;0.822903;0.164581;
0.033660;0.963183;0.822903;0.164581;
0.033670;0.963183;0.822903;0.164581;
0.033680;0.963183;0.822903;0.164581;
0.033690;0.963183;0.822903;0.164581;
0.033700;0.963183;0.822903;0.164581;
0.033710;0.963183;0.822903;0.164581;
0.033720;0.963183;0.822903;0.164581;
0.033730;0.963183;0.822903;0.164581;
0.033740;0.963183;0.822903;0.164581;
0.033750;0.963183;0.822903;0.164581;
0.033760;0.963183;0.822903;0.164581;
0.033770;0.963183;0.822903;0.164581;
0.033780;0.963183;0.822903;0.164581;
0.033790;0.963183;0.822903;0.164581;
0.033800;0.963183;0.822903;0.164581;
0.033810;0.963183;0.822903;0.164581;
0.033820;0.963183;0.822903;0.164581;
0.033830;0.963183;0.822903;0.164581;
0.033840;0.963183;0.822903;0.164581;
0.033850;0.963183;0.822903;0.164581;
0.033860;0.963183;0.822903;0.164581;
0.033870;0.963183;0.822903;0.164581;
0.033880;0.963183;0.822903;0.164581;
0.033890;0.963183;0.822903;0.164581;
0.033900;0.963183;0.822903;0.164581;
0.033910;0.963183;0.822903;0.164581;
0.033920;0.963183;0.822903;0.164581;
0.033930;0.963183;0.822903;0.164581;
0.033940;0.963183;0.822903;0.164581;
0.033950;0.963183;0.822903;0.164581;
0.033960;0.963183;0.822903;0.164581;
0.033970;0.963183;0.822903;0.164581;
0.033980;0.963183;0.822903;0.164581;
0.033990;0.963183;0.822903;0.164581;
0.034000;0.963183;0.822903;0.164581;
0.034010;0.963183;0.822903;0.164581;
0.034020;0.963183;0.822903;0.164581;
0.034030;0.963183;0.822903;0.164581;
0.034040;0.963183;0.822903;0.164581;
0.034050;0.963183;0.822903;0.164581;
0.034060;0.963183;0.822903;0.164581;
0.034070;0.963183;0.822903;0.164581;
0.034080;0.963183;0.822903;0.164581;
0.034090;0.963183;0.822903;0.164581;
0.034100;0.963183;0.822903;0.164581;
0.034110;0.963183;0.822903;0.164581;
0.034120;0.963183;0.822903;0.164581;
0.034130;0.963183;0.822903;0.164581;
0.034140;0.963183;0.822903;0.164581;
0.034150;0.963183;0.822903;0.164581;
0.034160;0.963183;0.822903;0.164581;
0.034170;0.963183;0.822903;0.164581;
0.034180;0.963183;0.822903;0.164581;
0.034190;0.963183;0.822903;0.164581;
0.034200;0.963183;0.822903;0.164581;
0.034210;0.963183;0.822903;0.164581;
0.034220;0.963183;0.822903;0.164581;
0.034230;0.963183;0.822903;0.164581;
0.034240;0.963183;0.822903;0.164581;
0.034250;0.963183;0.822903;0.164581;
0.034260;0.963183;0.822903;0.164581;
0.034270;0.963183;0.822903;0.164581;
0.034280;0.963183;0.822903;0.164581;
0.034290;0.963183;0.822903;0.164581;
0.034300;0.963183;0.822903;0.164581;
0.034310;0.963183;0.822903;0.164581;
0.034320;0.963183;0.822903;0.164581;
0.034330;0.963183;0.822903;0.164581;
0.034340;0.963183;0.822903;0.164581;
0.034350;0.963183;0.822903;0.164581;
0.034360;0.963183;0.822903;0.164581;
0.034370;0.963183;0.822903;0.164581;
0.034380;0.963183;0.822903;0.164581;
0.034390;0.963183;0.822903;0.164581;
0.034400;0.963183;0.822903;0.164581;
0.034410;0.963183;0.822903;0.164581;
0.034420;0.963183;0.822903;0.164581;
0.034430;0.963183;0.822903;0.164581;
0.034440;0.963183;0.822903;0.164581;
0.034450;0.963183;0.822903;0.164581;
0.034460;0.963183;0.822903;0.164581;
0.034470;0.963183;0.822903;0.164581;
0.034480;0.963183;0.822903;0.164581;
0.034490;0.963183;0.822903;0.164581;
0.034500;0.963183;0.822903;0.164581;
0.034510;0.963183;0.822903;0.164581;
0.034520;0.963183;0.822903;0.164581;
0.034530;0.963183;0.822903;0.164581;
0.034540;0.963183;0.822903;0.164581;
0.034550;0.963183;0.822903;0.164581;
0.034560;0.963183;0.822903;0.164581;
0.034570;0.963183;0.822903;0.164581;
0.034580;0.963183;0.822903;0.164581;
0.034590;0.963183;0.822903;0.164581;
0.034600;0.963183;0.822903;0.164581;
0.034610;0.963183;0.822903;0.164581;
0.034620;0.963183;0.822903;0.164581;
0.034630;0.963183;0.822903;0.164581;
0.034640;0.963183;0.822903;0.164581;
0.034650;0.963183;0.822903;0.164581;
0.034660;0.963183;0.822903;0.164581;
0.034670;0.963183;0.822903;0.164581;
0.034680;0.963183;0.822903;0.164581;
0.034690;0.963183;0.822903;0.164581;
0.034700;0.963183;0.822903;0.164581;
0.034710;0.963183;0.822903;0.164581;
0.034720;0.963183;0.822903;0.164581;
0.034730;0.963183;0.822903;0.164581;
0.034740;0.963183;0.822903;0.164581;
0.034750;0.963183;0.822903;0.164581;
0.034760;0.963183;0.822903;0.164581;
0.034770;0.963183;0.822903;0.164581;
0.034780;0.963183;0.822903;0.164581;
0.034790;0.963183;0.822903;0.164581;
0.034800;0.963183;0.822903;0.164581;
0.034810;0.963183;0.822903;0.164581;
0.034820;0.963183;0.822903;0.164581;
0.034830;0.963183;0.822903;0.164581;
0.034840;0.963183;0.822903;0.164581;
0.034850;0.963183;0.822903;0.164581;
0.034860;0.963183;0.822903;0.164581;
0.034870;0.963183;0.822903;0.164581;
0.034880;0.963183;0.822903;0.164581;
0.034890;0.963183;0.822903;0.164581;
0.034900;0.963183;0.822903;0.164581;
0.034910;0.963183;0.822903;0.164581;
0.034920;0.963183;0.822903;0.164581;
0.034930;0.963183;0.822903;0.164581;
0.034940;0.963183;0.822903;0.164581;
0.034950;0.963183;0.822903;0.164581;
0.034960;0.963183;0.822903;0.164581;
0.034970;0.963183;0.822903;0.164581;
0.034980;0.963183;0.822903;0.164581;
0.034990;0.963183;0.822903;0.164581;
0.035000;0.963183;0.822903;0.164581;
0.035010;0.963183;0.822903;0.164581;
0.035020;0.963183;0.822903;0.164581;
0.035030;0.963183;0.822903;0.164581;
0.035040;0.963183;0.822903;0.164581;
0.035050;0.963183;0.822903;0.164581;
0.035060;0.963183;0.822903;0.164581;
0.035070;0.963183;0.822903;0.164581;
0.035080;0.963183;0.822903;0.164581;
0.035090;0.963183;0.822903;0.164581;
0.035100;0.963183;0.822903;0.164581;
0.035110;0.963183;0.822903;0.164581;
0.035120;0.963183;0.822903;0.164581;
0.035130;0.963183;0.822903;0.164581;
0.035140;0.963183;0.822903;0.164581;
0.035150;0.963183;0.822903;0.164581;
0.035160;0.963183;0.822903;0.164581;
0.035170;0.963183;0.822903;0.164581;
0.035180;0.963183;0.822903;0.164581;
0.035190;0.963183;0.822903;0.164581;
0.035200;0.963183;0.822903;0.164581;
0.035210;0.963183;0.822903;0.164581;
0.035220;0.963183;0.822903;0.164581;
0.035230;0.963183;0.822903;0.164581;
0.035240;0.963183;0.822903;0.164581;
0.035250;0.963183;0.822903;0.164581;
0.035260;0.963183;0.822903;0.164581;
0.035270;0.963183;0.822903;0.164581;
0.035280;0.963183;0.822903;0.164581;
0.035290;0.963183;0.822903;0.164581;
0.035300;0.963183;0.822903;0.164581;
0.035310;0.963183;0.822903;0.164581;
0.035320;0.963183;0.822903;0.164581;
0.035330;0.963183;0.822903;0.164581;
0.035340;0.963183;0.822903;0.164581;
0.035350;0.963183;0.822903;0.164581;
0.035360;0.963183;0.822903;0.164581;
0.035370;0.963183;0.822903;0.164581;
0.035380;0.963183;0.822903;0.164581;
0.035390;0.963183;0.822903;0.164581;
0.035400;0.963183;0.822903;0.164581;
0.035410;0.963183;0.822903;0.164581;
0.035420;0.963183;0.822903;0.164581;
0.035430;0.963183;0.822903;0.164581;
0.035440;0.963183;0.822903;0.164581;
0.035450;0.963183;0.822903;0.164581;
0.035460;0.963183;0.822903;0.164581;
0.035470;0.963183;0.822903;0.164581;
0.035480;0.963183;0.822903;0.164581;
0.035490;0.963183;0.822903;0.164581;
0.035500;0.963183;0.822903;0.164581;
0.035510;0.963183;0.822903;0.164581;
0.035520;0.963183;0.822903;0.164581;
0.035530;0.963183;0.822903;0.164581;
0.035540;0.963183;0.822903;0.164581;
0.035550;0.963183;0.822903;0.164581;
0.035560;0.963183;0.822903;0.164581;
0.035570;0.963183;0.822903;0.164581;
0.035580;0.963183;0.822903;0.164581;
0.035590;0.963183;0.822903;0.164581;
0.035600;0.963183;0.822903;0.164581;
0.035610;0.963183;0.822903;0.164581;
0.035620;0.963183;0.822903;0.164581;
0.035630;0.963183;0.822903;0.164581;
0.035640;0.963183;0.822903;0.164581;
0.035650;0.963183;0.822903;0.164581;
0.035660;0.963183;0.822903;0.164581;
0.035670;0.963183;0.822903;0.164581;
0.035680;0.963183;0.822903;0.164581;
0.035690;0.963183;0.822903;0.164581;
0.035700;0.963183;0.822903;0.164581;
0.035710;0.963183;0.822903;0.164581;
0.035720;0.963183;0.822903;0.164581;
0.035730;0.963183;0.822903;0.164581;
0.035740;0.963183;0.822903;0.164581;
0.035750;0.963183;0.822903;0.164581;
0.035760;0.963183;0.822903;0.164581;
0.035770;0.963183;0.822903;0.164581;
0.035780;0.963183;0.822903;0.164581;
0.035790;0.963183;0.822903;0.164581;
0.035800;0.963183;0.822903;0.164581;
0.035810;0.963183;0.822903;0.164581;
0.035820;0.963183;0.822903;0.164581;
0.035830;0.963183;0.822903;0.164581;
0.035840;0.963183;0.822903;0.164581;
0.035850;0.963183;0.822903;0.164581;
0.035860;0.963183;0.822903;0.164581;
0.035870;0.963183;0.822903;0.164581;
0.035880;0.963183;0.822903;0.164581;
0.035890;0.963183;0.822903;0.164581;
0.035900;0.963183;0.822903;0.164581;
0.035910;0.963183;0.822903;0.164581;
0.035920;0.963183;0.822903;0.164581;
0.035930;0.963183;0.822903;0.164581;
0.035940;0.963183;0.822903;0.164581;
0.035950;0.963183;0.822903;0.164581;
0.035960;0.963183;0.822903;0.164581;
0.035970;0.963183;0.822903;0.164581;
0.035980;0.963183;0.822903;0.164581;
0.035990;0.963183;0.822903;0.164581;
0.036000;0.963183;0.822903;0.164581;
0.036010;0.963183;0.822903;0.164581;
0.036020;0.963183;0.822903;0.164581;
0.036030;0.963183;0.822903;0.164581;
0.036040;0.963183;0.822903;0.164581;
0.036050;0.963183;0.822903;0.164581;
0.036060;0.963183;0.822903;0.164581;
0.036070;0.963183;0.822903;0.164581;
0.036080;0.963183;0.822903;0.164581;
0.036090;0.963183;0.822903;0.164581;
0.036100;0.963183;0.822903;0.164581;
0.036110;0.963183;0.822903;0.164581;
0.036120;0.963183;0.822903;0.164581;
0.036130;0.963183;0.822903;0.164581;
0.036140;0.963183;0.822903;0.164581;
0.036150;0.963183;0.822903;0.164581;
0.036160;0.963183;0.822903;0.164581;
0.036170;0.963183;0.822903;0.164581;
0.036180;0.963183;0.822903;0.164581;
0.036190;0.963183;0.822903;0.164581;
0.036200;0.963183;0.822903;0.164581;
0.036210;0.963183;0.822903;0.164581;
0.036220;0.963183;0.822903;0.164581;
0.036230;0.963183;0.822903;0.164581;
0.036240;0.963183;0.822903;0.164581;
0.036250;0.963183;0.822903;0.164581;
0.036260;0.963183;0.822903;0.164581;
0.036270;0.963183;0.822903;0.164581;
0.036280;0.963183;0.822903;0.164581;
0.036290;0.963183;0.822903;0.164581;
0.036300;0.963183;0.822903;0.164581;
0.036310;0.963183;0.822903;0.164581;
0.036320;0.963183;0.822903;0.164581;
0.036330;0.963183;0.822903;0.164581;
0.036340;0.963183;0.822903;0.164581;
0.036350;0.963183;0.822903;0.164581;
0.036360;0.963183;0.822903;0.164581;
0.036370;0.963183;0.822903;0.164581;
0.036380;0.963183;0.822903;0.164581;
0.036390;0.963183;0.822903;0.164581;
0.036400;0.963183;0.822903;0.164581;
0.036410;0.963183;0.822903;0.164581;
0.036420;0.963183;0.822903;0.164581;
0.036430;0.963183;0.822903;0.164581;
0.036440;0.963183;0.822903;0.164581;
0.036450;0.963183;0.822903;0.164581;
0.036460;0.963183;0.822903;0.164581;
0.036470;0.963183;0.822903;0.164581;
0.036480;0.963183;0.822903;0.164581;
0.036490;0.963183;0.822903;0.164581;
0.036500;0.963183;0.822903;0.164581;
0.036510;0.963183;0.822903;0.164581;
0.036520;0.963183;0.822903;0.164581;
0.036530;0.963183;0.822903;0.164581;
0.036540;0.963183;0.822903;0.164581;
0.036550;0.963183;0.822903;0.164581;
0.036560;0.963183;0.822903;0.164581;
0.036570;0.963183;0.822903;0.164581;
0.036580;0.963183;0.822903;0.164581;
0.036590;0.963183;0.822903;0.164581;
0.036600;0.963183;0.822903;0.164581;
0.036610;0.963183;0.822903;0.164581;
0.036620;0.963183;0.822903;0.164581;
0.036630;0.963183;0.822903;0.164581;
0.036640;0.963183;0.822903;0.164581;
0.036650;0.963183;0.822903;0.164581;
0.036660;0.963183;0.822903;0.164581;
0.036670;0.963183;0.822903;0.164581;
0.036680;0.963183;0.822903;0.164581;
0.036690;0.963183;0.822903;0.164581;
0.036700;0.963183;0.822903;0.164581;
0.036710;0.963183;0.822903;0.164581;
0.036720;0.963183;0.822903;0.164581;
0.036730;0.963183;0.822903;0.164581;
0.036740;0.963183;0.822903;0.164581;
0.036750;0.963183;0.822903;0.164581;
0.036760;0.963183;0.822903;0.164581;
0.036770;0.963183;0.822903;0.164581;
0.036780;0.963183;0.822903;0.164581;
0.036790;0.963183;0.822903;0.164581;
0.036800;0.963183;0.822903;0.164581;
0.036810;0.963183;0.822903;0.164581;
0.036820;0.963183;0.822903;0.164581;
0.036830;0.963183;0.822903;0.164581;
0.036840;0.963183;0.822903;0.164581;
0.036850;0.963183;0.822903;0.164581;
0.036860;0.963183;0.822903;0.164581;
0.036870;0.963183;0.822903;0.164581;
0.036880;0.963183;0.822903;0.164581;
0.036890;0.963183;0.822903;0.164581;
0.036900;0.963183;0.822903;0.164581;
0.036910;0.963183;0.822903;0.164581;
0.036920;0.963183;0.822903;0.164581;
0.036930;0.963183;0.822903;0.164581;
0.036940;0.963183;0.822903;0.164581;
0.036950;0.963183;0.822903;0.164581;
0.036960;0.963183;0.822903;0.164581;
0.036970;0.963183;0.822903;0.164581;
0.036980;0.963183;0.822903;0.164581;
0.036990;0.963183;0.822903;0.164581;
0.037000;0.963183;0.822903;0.164581;
0.037010;0.963183;0.822903;0.164581;
0.037020;0.963183;0.822903;0.164581;
0.037030;0.963183;0.822903;0.164581;
0.037040;0.963183;0.822903;0.164581;
0.037050;0.963183;0.822903;0.164581;
0.037060;0.963183;0.822903;0.164581;
0.037070;0.963183;0.822903;0.164581;
0.037080;0.963183;0.822903;0.164581;
0.037090;0.963183;0.822903;0.164581;
0.037100;0.963183;0.822903;0.164581;
0.037110;0.963183;0.822903;0.164581;
0.037120;0.963183;0.822903;0.164581;
0.037130;0.963183;0.822903;0.164581;
0.037140;0.963183;0.822903;0.164581;
0.037150;0.963183;0.822903;0.164581;
0.037160;0.963183;0.822903;0.164581;
0.037170;0.963183;0.822903;0.164581;
0.037180;0.963183;0.822903;0.164581;
0.037190;0.963183;0.822903;0.164581;
0.037200;0.963183;0.822903;0.164581;
0.037210;0.963183;0.822903;0.164581;
0.037220;0.963183;0.822903;0.164581;
0.037230;0.963183;0.822903;0.164581;
0.037240;0.963183;0.822903;0.164581;
0.037250;0.963183;0.822903;0.164581;
0.037260;0.963183;0.822903;0.164581;
0.037270;0.963183;0.822903;0.164581;
0.037280;0.963183;0.822903;0.164581;
0.037290;0.963183;0.822903;0.164581;
0.037300;0.963183;0.822903;0.164581;
0.037310;0.963183;0.822903;0.164581;
0.037320;0.963183;0.822903;0.164581;
0.037330;0.963183;0.822903;0.164581;
0.037340;0.963183;0.822903;0.164581;
0.037350;0.963183;0.822903;0.164581;
0.037360;0.963183;0.822903;0.164581;
0.037370;0.963183;0.822903;0.164581;
0.037380;0.963183;0.822903;0.164581;
0.037390;0.963183;0.822903;0.164581;
0.037400;0.963183;0.822903;0.164581;
0.037410;0.963183;0.822903;0.164581;
0.037420;0.963183;0.822903;0.164581;
0.037430;0.963183;0.822903;0.164581;
0.037440;0.963183;0.822903;0.164581;
0.037450;0.963183;0.822903;0.164581;
0.037460;0.963183;0.822903;0.164581;
0.037470;0.963183;0.822903;0.164581;
0.037480;0.963183;0.822903;0.164581;
0.037490;0.963183;0.822903;0.164581;
0.037500;0.963183;0.822903;0.164581;
0.037510;0.963183;0.822903;0.164581;
0.037520;0.963183;0.822903;0.164581;
0.037530;0.963183;0.822903;0.164581;
0.037540;0.963183;0.822903;0.164581;
0.037550;0.963183;0.822903;0.164581;
0.037560;0.963183;0.822903;0.164581;
0.037570;0.963183;0.822903;0.164581;
0.037580;0.963183;0.822903;0.164581;
0.037590;0.963183;0.822903;0.164581;
0.037600;0.963183;0.822903;0.164581;
0.037610;0.963183;0.822903;0.164581;
0.037620;0.963183;0.822903;0.164581;
0.037630;0.963183;0.822903;0.164581;
0.037640;0.963183;0.822903;0.164581;
0.037650;0.963183;0.822903;0.164581;
0.037660;0.963183;0.822903;0.164581;
0.037670;0.963183;0.822903;0.164581;
0.037680;0.963183;0.822903;0.164581;
0.037690;0.963183;0.822903;0.164581;
0.037700;0.963183;0.822903;0.164581;
0.037710;0.963183;0.822903;0.164581;
0.037720;0.963183;0.822903;0.164581;
0.037730;0.963183;0.822903;0.164581;
0.037740;0.963183;0.822903;0.164581;
0.037750;0.963183;0.822903;0.164581;
0.037760;0.963183;0.822903;0.164581;
0.037770;0.963183;0.822903;0.164581;
0.037780;0.963183;0.822903;0.164581;
0.037790;0.963183;0.822903;0.164581;
0.037800;0.963183;0.822903;0.164581;
0.037810;0.963183;0.822903;0.164581;
0.037820;0.963183;0.822903;0.164581;
0.037830;0.963183;0.822903;0.164581;
0.037840;0.963183;0.822903;0.164581;
0.037850;0.963183;0.822903;0.164581;
0.037860;0.963183;0.822903;0.164581;
0.037870;0.963183;0.822903;0.164581;
0.037880;0.963183;0.822903;0.164581;
0.037890;0.963183;0.822903;0.164581;
0.037900;0.963183;0.822903;0.164581;
0.037910;0.963183;0.822903;0.164581;
0.037920;0.963183;0.822903;0.164581;
0.037930;0.963183;0.822903;0.164581;
0.037940;0.963183;0.822903;0.164581;
0.037950;0.963183;0.822903;0.164581;
0.037960;0.963183;0.822903;0.164581;
0.037970;0.963183;0.822903;0.164581;
0.037980;0.963183;0.822903;0.164581;
0.037990;0.963183;0.822903;0.164581;
0.038000;0.963183;0.822903;0.164581;
0.038010;0.963183;0.822903;0.164581;
0.038020;0.963183;0.822903;0.164581;
0.038030;0.963183;0.822903;0.164581;
0.038040;0.963183;0.822903;0.164581;
0.038050;0.963183;0.822903;0.164581;
0.038060;0.963183;0.822903;0.164581;
0.038070;0.963183;0.822903;0.164581;
0.038080;0.963183;0.822903;0.164581;
0.038090;0.963183;0.822903;0.164581;
0.038100;0.963183;0.822903;0.164581;
0.038110;0.963183;0.822903;0.164581;
0.038120;0.963183;0.822903;0.164581;
0.038130;0.963183;0.822903;0.164581;
0.038140;0.963183;0.822903;0.164581;
0.038150;0.963183;0.822903;0.164581;
0.038160;0.963183;0.822903;0.164581;
0.038170;0.963183;0.822903;0.164581;
0.038180;0.963183;0.822903;0.164581;
0.038190;0.963183;0.822903;0.164581;
0.038200;0.963183;0.822903;0.164581;
0.038210;0.963183;0.822903;0.164581;
0.038220;0.963183;0.822903;0.164581;
0.038230;0.963183;0.822903;0.164581;
0.038240;0.963183;0.822903;0.164581;
0.038250;0.963183;0.822903;0.164581;
0.038260;0.963183;0.822903;0.164581;
0.038270;0.963183;0.822903;0.164581;
0.038280;0.963183;0.822903;0.164581;
0.038290;0.963183;0.822903;0.164581;
0.038300;0.963183;0.822903;0.164581;
0.038310;0.963183;0.822903;0.164581;
0.038320;0.963183;0.822903;0.164581;
0.038330;0.963183;0.822903;0.164581;
0.038340;0.963183;0.822903;0.164581;
0.038350;0.963183;0.822903;0.164581;
0.038360;0.963183;0.822903;0.164581;
0.038370;0.963183;0.822903;0.164581;
0.038380;0.963183;0.822903;0.164581;
0.038390;0.963183;0.822903;0.164581;
0.038400;0.963183;0.822903;0.164581;
0.038410;0.963183;0.822903;0.164581;
0.038420;0.963183;0.822903;0.164581;
0.038430;0.963183;0.822903;0.164581;
0.038440;0.963183;0.822903;0.164581;
0.038450;0.963183;0.822903;0.164581;
0.038460;0.963183;0.822903;0.164581;
0.038470;0.963183;0.822903;0.164581;
0.038480;0.963183;0.822903;0.164581;
0.038490;0.963183;0.822903;0.164581;
0.038500;0.963183;0.822903;0.164581;
0.038510;0.963183;0.822903;0.164581;
0.038520;0.963183;0.822903;0.164581;
0.038530;0.963183;0.822903;0.164581;
0.038540;0.963183;0.822903;0.164581;
0.038550;0.963183;0.822903;0.164581;
0.038560;0.963183;0.822903;0.164581;
0.038570;0.963183;0.822903;0.164581;
0.038580;0.963183;0.822903;0.164581;
0.038590;0.963183;0.822903;0.164581;
0.038600;0.963183;0.822903;0.164581;
0.038610;0.963183;0.822903;0.164581;
0.038620;0.963183;0.822903;0.164581;
0.038630;0.963183;0.822903;0.164581;
0.038640;0.963183;0.822903;0.164581;
0.038650;0.963183;0.822903;0.164581;
0.038660;0.963183;0.822903;0.164581;
0.038670;0.963183;0.822903;0.164581;
0.038680;0.963183;0.822903;0.164581;
0.038690;0.963183;0.822903;0.164581;
0.038700;0.963183;0.822903;0.164581;
0.038710;0.963183;0.822903;0.164581;
0.038720;0.963183;0.822903;0.164581;
0.038730;0.963183;0.822903;0.164581;
0.038740;0.963183;0.822903;0.164581;
0.038750;0.963183;0.822903;0.164581;
0.038760;0.963183;0.822903;0.164581;
0.038770;0.963183;0.822903;0.164581;
0.038780;0.963183;0.822903;0.164581;
0.038790;0.963183;0.822903;0.164581;
0.038800;0.963183;0.822903;0.164581;
0.038810;0.963183;0.822903;0.164581;
0.038820;0.963183;0.822903;0.164581;
0.038830;0.963183;0.822903;0.164581;
0.038840;0.963183;0.822903;0.164581;
0.038850;0.963183;0.822903;0.164581;
0.038860;0.963183;0.822903;0.164581;
0.038870;0.963183;0.822903;0.164581;
0.038880;0.963183;0.822903;0.164581;
0.038890;0.963183;0.822903;0.164581;
0.038900;0.963183;0.822903;0.164581;
0.038910;0.963183;0.822903;0.164581;
0.038920;0.963183;0.822903;0.164581;
0.038930;0.963183;0.822903;0.164581;
0.038940;0.963183;0.822903;0.164581;
0.038950;0.963183;0.822903;0.164581;
0.038960;0.963183;0.822903;0.164581;
0.038970;0.963183;0.822903;0.164581;
0.038980;0.963183;0.822903;0.164581;
0.038990;0.963183;0.822903;0.164581;
0.039000;0.963183;0.822903;0.164581;
0.039010;0.963183;0.822903;0.164581;
0.039020;0.963183;0.822903;0.164581;
0.039030;0.963183;0.822903;0.164581;
0.039040;0.963183;0.822903;0.164581;
0.039050;0.963183;0.822903;0.164581;
0.039060;0.963183;0.822903;0.164581;
0.039070;0.963183;0.822903;0.164581;
0.039080;0.963183;0.822903;0.164581;
0.039090;0.963183;0.822903;0.164581;
0.039100;0.963183;0.822903;0.164581;
0.039110;0.963183;0.822903;0.164581;
0.039120;0.963183;0.822903;0.164581;
0.039130;0.963183;0.822903;0.164581;
0.039140;0.963183;0.822903;0.164581;
0.039150;0.963183;0.822903;0.164581;
0.039160;0.963183;0.822903;0.164581;
0.039170;0.963183;0.822903;0.164581;
0.039180;0.963183;0.822903;0.164581;
0.039190;0.963183;0.822903;0.164581;
0.039200;0.963183;0.822903;0.164581;
0.039210;0.963183;0.822903;0.164581;
0.039220;0.963183;0.822903;0.164581;
0.039230;0.963183;0.822903;0.164581;
0.039240;0.963183;0.822903;0.164581;
0.039250;0.963183;0.822903;0.164581;
0.039260;0.963183;0.822903;0.164581;
0.039270;0.963183;0.822903;0.164581;
0.039280;0.963183;0.822903;0.164581;
0.039290;0.963183;0.822903;0.164581;
0.039300;0.963183;0.822903;0.164581;
0.039310;0.963183;0.822903;0.164581;
0.039320;0.963183;0.822903;0.164581;
0.039330;0.963183;0.822903;0.164581;
0.039340;0.963183;0.822903;0.164581;
0.039350;0.963183;0.822903;0.164581;
0.039360;0.963183;0.822903;0.164581;
0.039370;0.963183;0.822903;0.164581;
0.039380;0.963183;0.822903;0.164581;
0.039390;0.963183;0.822903;0.164581;
0.039400;0.963183;0.822903;0.164581;
0.039410;0.963183;0.822903;0.164581;
0.039420;0.963183;0.822903;0.164581;
0.039430;0.963183;0.822903;0.164581;
0.039440;0.963183;0.822903;0.164581;
0.039450;0.963183;0.822903;0.164581;
0.039460;0.963183;0.822903;0.164581;
0.039470;0.963183;0.822903;0.164581;
0.039480;0.963183;0.822903;0.164581;
0.039490;0.963183;0.822903;0.164581;
0.039500;0.963183;0.822903;0.164581;
0.039510;0.963183;0.822903;0.164581;
0.039520;0.963183;0.822903;0.164581;
0.039530;0.963183;0.822903;0.164581;
0.039540;0.963183;0.822903;0.164581;
0.039550;0.963183;0.822903;0.164581;
0.039560;0.963183;0.822903;0.164581;
0.039570;0.963183;0.822903;0.164581;
0.039580;0.963183;0.822903;0.164581;
0.039590;0.963183;0.822903;0.164581;
0.039600;0.963183;0.822903;0.164581;
0.039610;0.963183;0.822903;0.164581;
0.039620;0.963183;0.822903;0.164581;
0.039630;0.963183;0.822903;0.164581;
0.039640;0.963183;0.822903;0.164581;
0.039650;0.963183;0.822903;0.164581;
0.039660;0.963183;0.822903;0.164581;
0.039670;0.963183;0.822903;0.164581;
0.039680;0.963183;0.822903;0.164581;
0.039690;0.963183;0.822903;0.164581;
0.039700;0.963183;0.822903;0.164581;
0.039710;0.963183;0.822903;0.164581;
0.039720;0.963183;0.822903;0.164581;
0.039730;0.963183;0.822903;0.164581;
0.039740;0.963183;0.822903;0.164581;
0.039750;0.963183;0.822903;0.164581;
0.039760;0.963183;0.822903;0.164581;
0.039770;0.963183;0.822903;0.164581;
0.039780;0.963183;0.822903;0.164581;
0.039790;0.963183;0.822903;0.164581;
0.039800;0.963183;0.822903;0.164581;
0.039810;0.963183;0.822903;0.164581;
0.039820;0.963183;0.822903;0.164581;
0.039830;0.963183;0.822903;0.164581;
0.039840;0.963183;0.822903;0.164581;
0.039850;0.963183;0.822903;0.164581;
0.039860;0.963183;0.822903;0.164581;
0.039870;0.963183;0.822903;0.164581;
0.039880;0.963183;0.822903;0.164581;
0.039890;0.963183;0.822903;0.164581;
0.039900;0.963183;0.822903;0.164581;
0.039910;0.963183;0.822903;0.164581;
0.039920;0.963183;0.822903;0.164581;
0.039930;0.963183;0.822903;0.164581;
0.039940;0.963183;0.822903;0.164581;
0.039950;0.963183;0.822903;0.164581;
0.039960;0.963183;0.822903;0.164581;
0.039970;0.963183;0.822903;0.164581;
0.039980;0.963183;0.822903;0.164581;
0.039990;0.963183;0.822903;0.164581;
0.040000;0.963183;0.822903;0.164581;
0.040010;0.963183;0.822903;0.164581;
0.040020;0.963183;0.822903;0.164581;
0.040030;0.963183;0.822903;0.164581;
0.040040;0.963183;0.822903;0.164581;
0.040050;0.963183;0.822903;0.164581;
0.040060;0.963183;0.822903;0.164581;
0.040070;0.963183;0.822903;0.164581;
0.040080;0.963183;0.822903;0.164581;
0.040090;0.963183;0.822903;0.164581;
0.040100;0.963183;0.822903;0.164581;
0.040110;0.963183;0.822903;0.164581;
0.040120;0.963183;0.822903;0.164581;
0.040130;0.963183;0.822903;0.164581;
0.040140;0.963183;0.822903;0.164581;
0.040150;0.963183;0.822903;0.164581;
0.040160;0.963183;0.822903;0.164581;
0.040170;0.963183;0.822903;0.164581;
0.040180;0.963183;0.822903;0.164581;
0.040190;0.963183;0.822903;0.164581;
0.040200;0.963183;0.822903;0.164581;
0.040210;0.963183;0.822903;0.164581;
0.040220;0.963183;0.822903;0.164581;
0.040230;0.963183;0.822903;0.164581;
0.040240;0.963183;0.822903;0.164581;
0.040250;0.963183;0.822903;0.164581;
0.040260;0.963183;0.822903;0.164581;
0.040270;0.963183;0.822903;0.164581;
0.040280;0.963183;0.822903;0.164581;
0.040290;0.963183;0.822903;0.164581;
0.040300;0.963183;0.822903;0.164581;
0.040310;0.963183;0.822903;0.164581;
0.040320;0.963183;0.822903;0.164581;
0.040330;0.963183;0.822903;0.164581;
0.040340;0.963183;0.822903;0.164581;
0.040350;0.963183;0.822903;0.164581;
0.040360;0.963183;0.822903;0.164581;
0.040370;0.963183;0.822903;0.164581;
0.040380;0.963183;0.822903;0.164581;
0.040390;0.963183;0.822903;0.164581;
0.040400;0.963183;0.822903;0.164581;
0.040410;0.963183;0.822903;0.164581;
0.040420;0.963183;0.822903;0.164581;
0.040430;0.963183;0.822903;0.164581;
0.040440;0.963183;0.822903;0.164581;
0.040450;0.963183;0.822903;0.164581;
0.040460;0.963183;0.822903;0.164581;
0.040470;0.963183;0.822903;0.164581;
0.040480;0.963183;0.822903;0.164581;
0.040490;0.963183;0.822903;0.164581;
0.040500;0.963183;0.822903;0.164581;
0.040510;0.963183;0.822903;0.164581;
0.040520;0.963183;0.822903;0.164581;
0.040530;0.963183;0.822903;0.164581;
0.040540;0.963183;0.822903;0.164581;
0.040550;0.963183;0.822903;0.164581;
0.040560;0.963183;0.822903;0.164581;
0.040570;0.963183;0.822903;0.164581;
0.040580;0.963183;0.822903;0.164581;
0.040590;0.963183;0.822903;0.164581;
0.040600;0.963183;0.822903;0.164581;
0.040610;0.963183;0.822903;0.164581;
0.040620;0.963183;0.822903;0.164581;
0.040630;0.963183;0.822903;0.164581;
0.040640;0.963183;0.822903;0.164581;
0.040650;0.963183;0.822903;0.164581;
0.040660;0.963183;0.822903;0.164581;
0.040670;0.963183;0.822903;0.164581;
0.040680;0.963183;0.822903;0.164581;
0.040690;0.963183;0.822903;0.164581;
0.040700;0.963183;0.822903;0.164581;
0.040710;0.963183;0.822903;0.164581;
0.040720;0.963183;0.822903;0.164581;
0.040730;0.963183;0.822903;0.164581;
0.040740;0.963183;0.822903;0.164581;
0.040750;0.963183;0.822903;0.164581;
0.040760;0.963183;0.822903;0.164581;
0.040770;0.963183;0.822903;0.164581;
0.040780;0.963183;0.822903;0.164581;
0.040790;0.963183;0.822903;0.164581;
0.040800;0.963183;0.822903;0.164581;
0.040810;0.963183;0.822903;0.164581;
0.040820;0.963183;0.822903;0.164581;
0.040830;0.963183;0.822903;0.164581;
0.040840;0.963183;0.822903;0.164581;
0.040850;0.963183;0.822903;0.164581;
0.040860;0.963183;0.822903;0.164581;
0.040870;0.963183;0.822903;0.164581;
0.040880;0.963183;0.822903;0.164581;
0.040890;0.963183;0.822903;0.164581;
0.040900;0.963183;0.822903;0.164581;
0.040910;0.963183;0.822903;0.164581;
0.040920;0.963183;0.822903;0.164581;
0.040930;0.963183;0.822903;0.164581;
0.040940;0.963183;0.822903;0.164581;
0.040950;0.963183;0.822903;0.164581;
0.040960;0.963183;0.822903;0.164581;
0.040970;0.963183;0.822903;0.164581;
0.040980;0.963183;0.822903;0.164581;
0.040990;0.963183;0.822903;0.164581;
0.041000;0.963183;0.822903;0.164581;
0.041010;0.963183;0.822903;0.164581;
0.041020;0.963183;0.822903;0.164581;
0.041030;0.963183;0.822903;0.164581;
0.041040;0.963183;0.822903;0.164581;
0.041050;0.963183;0.822903;0.164581;
0.041060;0.963183;0.822903;0.164581;
0.041070;0.963183;0.822903;0.164581;
0.041080;0.963183;0.822903;0.164581;
0.041090;0.963183;0.822903;0.164581;
0.041100;0.963183;0.822903;0.164581;
0.041110;0.963183;0.822903;0.164581;
0.041120;0.963183;0.822903;0.164581;
0.041130;0.963183;0.822903;0.164581;
0.041140;0.963183;0.822903;0.164581;
0.041150;0.963183;0.822903;0.164581;
0.041160;0.963183;0.822903;0.164581;
0.041170;0.963183;0.822903;0.164581;
0.041180;0.963183;0.822903;0.164581;
0.041190;0.963183;0.822903;0.164581;
0.041200;0.963183;0.822903;0.164581;
0.041210;0.963183;0.822903;0.164581;
0.041220;0.963183;0.822903;0.164581;
0.041230;0.963183;0.822903;0.164581;
0.041240;0.963183;0.822903;0.164581;
0.041250;0.963183;0.822903;0.164581;
0.041260;0.963183;0.822903;0.164581;
0.041270;0.963183;0.822903;0.164581;
0.041280;0.963183;0.822903;0.164581;
0.041290;0.963183;0.822903;0.164581;
0.041300;0.963183;0.822903;0.164581;
0.041310;0.963183;0.822903;0.164581;
0.041320;0.963183;0.822903;0.164581;
0.041330;0.963183;0.822903;0.164581;
0.041340;0.963183;0.822903;0.164581;
0.041350;0.963183;0.822903;0.164581;
0.041360;0.963183;0.822903;0.164581;
0.041370;0.963183;0.822903;0.164581;
0.041380;0.963183;0.822903;0.164581;
0.041390;0.963183;0.822903;0.164581;
0.041400;0.963183;0.822903;0.164581;
0.041410;0.963183;0.822903;0.164581;
0.041420;0.963183;0.822903;0.164581;
0.041430;0.963183;0.822903;0.164581;
0.041440;0.963183;0.822903;0.164581;
0.041450;0.963183;0.822903;0.164581;
0.041460;0.963183;0.822903;0.164581;
0.041470;0.963183;0.822903;0.164581;
0.041480;0.963183;0.822903;0.164581;
0.041490;0.963183;0.822903;0.164581;
0.041500;0.963183;0.822903;0.164581;
0.041510;0.963183;0.822903;0.164581;
0.041520;0.963183;0.822903;0.164581;
0.041530;0.963183;0.822903;0.164581;
0.041540;0.963183;0.822903;0.164581;
0.041550;0.963183;0.822903;0.164581;
0.041560;0.963183;0.822903;0.164581;
0.041570;0.963183;0.822903;0.164581;
0.041580;0.963183;0.822903;0.164581;
0.041590;0.963183;0.822903;0.164581;
0.041600;0.963183;0.822903;0.164581;
0.041610;0.963183;0.822903;0.164581;
0.041620;0.963183;0.822903;0.164581;
0.041630;0.963183;0.822903;0.164581;
0.041640;0.963183;0.822903;0.164581;
0.041650;0.963183;0.822903;0.164581;
0.041660;0.963183;0.822903;0.164581;
0.041670;0.963183;0.822903;0.164581;
0.041680;0.963183;0.822903;0.164581;
0.041690;0.963183;0.822903;0.164581;
0.041700;0.963183;0.822903;0.164581;
0.041710;0.963183;0.822903;0.164581;
0.041720;0.963183;0.822903;0.164581;
0.041730;0.963183;0.822903;0.164581;
0.041740;0.963183;0.822903;0.164581;
0.041750;0.963183;0.822903;0.164581;
0.041760;0.963183;0.822903;0.164581;
0.041770;0.963183;0.822903;0.164581;
0.041780;0.963183;0.822903;0.164581;
0.041790;0.963183;0.822903;0.164581;
0.041800;0.963183;0.822903;0.164581;
0.041810;0.963183;0.822903;0.164581;
0.041820;0.963183;0.822903;0.164581;
0.041830;0.963183;0.822903;0.164581;
0.041840;0.963183;0.822903;0.164581;
0.041850;0.963183;0.822903;0.164581;
0.041860;0.963183;0.822903;0.164581;
0.041870;0.963183;0.822903;0.164581;
0.041880;0.963183;0.822903;0.164581;
0.041890;0.963183;0.822903;0.164581;
0.041900;0.963183;0.822903;0.164581;
0.041910;0.963183;0.822903;0.164581;
0.041920;0.963183;0.822903;0.164581;
0.041930;0.963183;0.822903;0.164581;
0.041940;0.963183;0.822903;0.164581;
0.041950;0.963183;0.822903;0.164581;
0.041960;0.963183;0.822903;0.164581;
0.041970;0.963183;0.822903;0.164581;
0.041980;0.963183;0.822903;0.164581;
0.041990;0.963183;0.822903;0.164581;
0.042000;0.963183;0.822903;0.164581;
0.042010;0.963183;0.822903;0.164581;
0.042020;0.963183;0.822903;0.164581;
0.042030;0.963183;0.822903;0.164581;
0.042040;0.963183;0.822903;0.164581;
0.042050;0.963183;0.822903;0.164581;
0.042060;0.963183;0.822903;0.164581;
0.042070;0.963183;0.822903;0.164581;
0.042080;0.963183;0.822903;0.164581;
0.042090;0.963183;0.822903;0.164581;
0.042100;0.963183;0.822903;0.164581;
0.042110;0.963183;0.822903;0.164581;
0.042120;0.963183;0.822903;0.164581;
0.042130;0.963183;0.822903;0.164581;
0.042140;0.963183;0.822903;0.164581;
0.042150;0.963183;0.822903;0.164581;
0.042160;0.963183;0.822903;0.164581;
0.042170;0.963183;0.822903;0.164581;
0.042180;0.963183;0.822903;0.164581;
0.042190;0.963183;0.822903;0.164581;
0.042200;0.963183;0.822903;0.164581;
0.042210;0.963183;0.822903;0.164581;
0.042220;0.963183;0.822903;0.164581;
0.042230;0.963183;0.822903;0.164581;
0.042240;0.963183;0.822903;0.164581;
0.042250;0.963183;0.822903;0.164581;
0.042260;0.963183;0.822903;0.164581;
0.042270;0.963183;0.822903;0.164581;
0.042280;0.963183;0.822903;0.164581;
0.042290;0.963183;0.822903;0.164581;
0.042300;0.963183;0.822903;0.164581;
0.042310;0.963183;0.822903;0.164581;
0.042320;0.963183;0.822903;0.164581;
0.042330;0.963183;0.822903;0.164581;
0.042340;0.963183;0.822903;0.164581;
0.042350;0.963183;0.822903;0.164581;
0.042360;0.963183;0.822903;0.164581;
0.042370;0.963183;0.822903;0.164581;
0.042380;0.963183;0.822903;0.164581;
0.042390;0.963183;0.822903;0.164581;
0.042400;0.963183;0.822903;0.164581;
0.042410;0.963183;0.822903;0.164581;
0.042420;0.963183;0.822903;0.164581;
0.042430;0.963183;0.822903;0.164581;
0.042440;0.963183;0.822903;0.164581;
0.042450;0.963183;0.822903;0.164581;
0.042460;0.963183;0.822903;0.164581;
0.042470;0.963183;0.822903;0.164581;
0.042480;0.963183;0.822903;0.164581;
0.042490;0.963183;0.822903;0.164581;
0.042500;0.963183;0.822903;0.164581;
0.042510;0.963183;0.822903;0.164581;
0.042520;0.963183;0.822903;0.164581;
0.042530;0.963183;0.822903;0.164581;
0.042540;0.963183;0.822903;0.164581;
0.042550;0.963183;0.822903;0.164581;
0.042560;0.963183;0.822903;0.164581;
0.042570;0.963183;0.822903;0.164581;
0.042580;0.963183;0.822903;0.164581;
0.042590;0.963183;0.822903;0.164581;
0.042600;0.963183;0.822903;0.164581;
0.042610;0.963183;0.822903;0.164581;
0.042620;0.963183;0.822903;0.164581;
0.042630;0.963183;0.822903;0.164581;
0.042640;0.963183;0.822903;0.164581;
0.042650;0.963183;0.822903;0.164581;
0.042660;0.963183;0.822903;0.164581;
0.042670;0.963183;0.822903;0.164581;
0.042680;0.963183;0.822903;0.164581;
0.042690;0.963183;0.822903;0.164581;
0.042700;0.963183;0.822903;0.164581;
0.042710;0.963183;0.822903;0.164581;
0.042720;0.963183;0.822903;0.164581;
0.042730;0.963183;0.822903;0.164581;
0.042740;0.963183;0.822903;0.164581;
0.042750;0.963183;0.822903;0.164581;
0.042760;0.963183;0.822903;0.164581;
0.042770;0.963183;0.822903;0.164581;
0.042780;0.963183;0.822903;0.164581;
0.042790;0.963183;0.822903;0.164581;
0.042800;0.963183;0.822903;0.164581;
0.042810;0.963183;0.822903;0.164581;
0.042820;0.963183;0.822903;0.164581;
0.042830;0.963183;0.822903;0.164581;
0.042840;0.963183;0.822903;0.164581;
0.042850;0.963183;0.822903;0.164581;
0.042860;0.963183;0.822903;0.164581;
0.042870;0.963183;0.822903;0.164581;
0.042880;0.963183;0.822903;0.164581;
0.042890;0.963183;0.822903;0.164581;
0.042900;0.963183;0.822903;0.164581;
0.042910;0.963183;0.822903;0.164581;
0.042920;0.963183;0.822903;0.164581;
0.042930;0.963183;0.822903;0.164581;
0.042940;0.963183;0.822903;0.164581;
0.042950;0.963183;0.822903;0.164581;
0.042960;0.963183;0.822903;0.164581;
0.042970;0.963183;0.822903;0.164581;
0.042980;0.963183;0.822903;0.164581;
0.042990;0.963183;0.822903;0.164581;
0.043000;0.963183;0.822903;0.164581;
0.043010;0.963183;0.822903;0.164581;
0.043020;0.963183;0.822903;0.164581;
0.043030;0.963183;0.822903;0.164581;
0.043040;0.963183;0.822903;0.164581;
0.043050;0.963183;0.822903;0.164581;
0.043060;0.963183;0.822903;0.164581;
0.043070;0.963183;0.822903;0.164581;
0.043080;0.963183;0.822903;0.164581;
0.043090;0.963183;0.822903;0.164581;
0.043100;0.963183;0.822903;0.164581;
0.043110;0.963183;0.822903;0.164581;
0.043120;0.963183;0.822903;0.164581;
0.043130;0.963183;0.822903;0.164581;
0.043140;0.963183;0.822903;0.164581;
0.043150;0.963183;0.822903;0.164581;
0.043160;0.963183;0.822903;0.164581;
0.043170;0.963183;0.822903;0.164581;
0.043180;0.963183;0.822903;0.164581;
0.043190;0.963183;0.822903;0.164581;
0.043200;0.963183;0.822903;0.164581;
0.043210;0.963183;0.822903;0.164581;
0.043220;0.963183;0.822903;0.164581;
0.043230;0.963183;0.822903;0.164581;
0.043240;0.963183;0.822903;0.164581;
0.043250;0.963183;0.822903;0.164581;
0.043260;0.963183;0.822903;0.164581;
0.043270;0.963183;0.822903;0.164581;
0.043280;0.963183;0.822903;0.164581;
0.043290;0.963183;0.822903;0.164581;
0.043300;0.963183;0.822903;0.164581;
0.043310;0.963183;0.822903;0.164581;
0.043320;0.963183;0.822903;0.164581;
0.043330;0.963183;0.822903;0.164581;
0.043340;0.963183;0.822903;0.164581;
0.043350;0.963183;0.822903;0.164581;
0.043360;0.963183;0.822903;0.164581;
0.043370;0.963183;0.822903;0.164581;
0.043380;0.963183;0.822903;0.164581;
0.043390;0.963183;0.822903;0.164581;
0.043400;0.963183;0.822903;0.164581;
0.043410;0.963183;0.822903;0.164581;
0.043420;0.963183;0.822903;0.164581;
0.043430;0.963183;0.822903;0.164581;
0.043440;0.963183;0.822903;0.164581;
0.043450;0.963183;0.822903;0.164581;
0.043460;0.963183;0.822903;0.164581;
0.043470;0.963183;0.822903;0.164581;
0.043480;0.963183;0.822903;0.164581;
0.043490;0.963183;0.822903;0.164581;
0.043500;0.963183;0.822903;0.164581;
0.043510;0.963183;0.822903;0.164581;
0.043520;0.963183;0.822903;0.164581;
0.043530;0.963183;0.822903;0.164581;
0.043540;0.963183;0.822903;0.164581;
0.043550;0.963183;0.822903;0.164581;
0.043560;0.963183;0.822903;0.164581;
0.043570;0.963183;0.822903;0.164581;
0.043580;0.963183;0.822903;0.164581;
0.043590;0.963183;0.822903;0.164581;
0.043600;0.963183;0.822903;0.164581;
0.043610;0.963183;0.822903;0.164581;
0.043620;0.963183;0.822903;0.164581;
0.043630;0.963183;0.822903;0.164581;
0.043640;0.963183;0.822903;0.164581;
0.043650;0.963183;0.822903;0.164581;
0.043660;0.963183;0.822903;0.164581;
0.043670;0.963183;0.822903;0.164581;
0.043680;0.963183;0.822903;0.164581;
0.043690;0.963183;0.822903;0.164581;
0.043700;0.963183;0.822903;0.164581;
0.043710;0.963183;0.822903;0.164581;
0.043720;0.963183;0.822903;0.164581;
0.043730;0.963183;0.822903;0.164581;
0.043740;0.963183;0.822903;0.164581;
0.043750;0.963183;0.822903;0.164581;
0.043760;0.963183;0.822903;0.164581;
0.043770;0.963183;0.822903;0.164581;
0.043780;0.963183;0.822903;0.164581;
0.043790;0.963183;0.822903;0.164581;
0.043800;0.963183;0.822903;0.164581;
0.043810;0.963183;0.822903;0.164581;
0.043820;0.963183;0.822903;0.164581;
0.043830;0.963183;0.822903;0.164581;
0.043840;0.963183;0.822903;0.164581;
0.043850;0.963183;0.822903;0.164581;
0.043860;0.963183;0.822903;0.164581;
0.043870;0.963183;0.822903;0.164581;
0.043880;0.963183;0.822903;0.164581;
0.043890;0.963183;0.822903;0.164581;
0.043900;0.963183;0.822903;0.164581;
0.043910;0.963183;0.822903;0.164581;
0.043920;0.963183;0.822903;0.164581;
0.043930;0.963183;0.822903;0.164581;
0.043940;0.963183;0.822903;0.164581;
0.043950;0.963183;0.822903;0.164581;
0.043960;0.963183;0.822903;0.164581;
0.043970;0.963183;0.822903;0.164581;
0.043980;0.963183;0.822903;0.164581;
0.043990;0.963183;0.822903;0.164581;
0.044000;0.963183;0.822903;0.164581;
0.044010;0.963183;0.822903;0.164581;
0.044020;0.963183;0.822903;0.164581;
0.044030;0.963183;0.822903;0.164581;
0.044040;0.963183;0.822903;0.164581;
0.044050;0.963183;0.822903;0.164581;
0.044060;0.963183;0.822903;0.164581;
0.044070;0.963183;0.822903;0.164581;
0.044080;0.963183;0.822903;0.164581;
0.044090;0.963183;0.822903;0.164581;
0.044100;0.963183;0.822903;0.164581;
0.044110;0.963183;0.822903;0.164581;
0.044120;0.963183;0.822903;0.164581;
0.044130;0.963183;0.822903;0.164581;
0.044140;0.963183;0.822903;0.164581;
0.044150;0.963183;0.822903;0.164581;
0.044160;0.963183;0.822903;0.164581;
0.044170;0.963183;0.822903;0.164581;
0.044180;0.963183;0.822903;0.164581;
0.044190;0.963183;0.822903;0.164581;
0.044200;0.963183;0.822903;0.164581;
0.044210;0.963183;0.822903;0.164581;
0.044220;0.963183;0.822903;0.164581;
0.044230;0.963183;0.822903;0.164581;
0.044240;0.963183;0.822903;0.164581;
0.044250;0.963183;0.822903;0.164581;
0.044260;0.963183;0.822903;0.164581;
0.044270;0.963183;0.822903;0.164581;
0.044280;0.963183;0.822903;0.164581;
0.044290;0.963183;0.822903;0.164581;
0.044300;0.963183;0.822903;0.164581;
0.044310;0.963183;0.822903;0.164581;
0.044320;0.963183;0.822903;0.164581;
0.044330;0.963183;0.822903;0.164581;
0.044340;0.963183;0.822903;0.164581;
0.044350;0.963183;0.822903;0.164581;
0.044360;0.963183;0.822903;0.164581;
0.044370;0.963183;0.822903;0.164581;
0.044380;0.963183;0.822903;0.164581;
0.044390;0.963183;0.822903;0.164581;
0.044400;0.963183;0.822903;0.164581;
0.044410;0.963183;0.822903;0.164581;
0.044420;0.963183;0.822903;0.164581;
0.044430;0.963183;0.822903;0.164581;
0.044440;0.963183;0.822903;0.164581;
0.044450;0.963183;0.822903;0.164581;
0.044460;0.963183;0.822903;0.164581;
0.044470;0.963183;0.822903;0.164581;
0.044480;0.963183;0.822903;0.164581;
0.044490;0.963183;0.822903;0.164581;
0.044500;0.963183;0.822903;0.164581;
0.044510;0.963183;0.822903;0.164581;
0.044520;0.963183;0.822903;0.164581;
0.044530;0.963183;0.822903;0.164581;
0.044540;0.963183;0.822903;0.164581;
0.044550;0.963183;0.822903;0.164581;
0.044560;0.963183;0.822903;0.164581;
0.044570;0.963183;0.822903;0.164581;
0.044580;0.963183;0.822903;0.164581;
0.044590;0.963183;0.822903;0.164581;
0.044600;0.963183;0.822903;0.164581;
0.044610;0.963183;0.822903;0.164581;
0.044620;0.963183;0.822903;0.164581;
0.044630;0.963183;0.822903;0.164581;
0.044640;0.963183;0.822903;0.164581;
0.044650;0.963183;0.822903;0.164581;
0.044660;0.963183;0.822903;0.164581;
0.044670;0.963183;0.822903;0.164581;
0.044680;0.963183;0.822903;0.164581;
0.044690;0.963183;0.822903;0.164581;
0.044700;0.963183;0.822903;0.164581;
0.044710;0.963183;0.822903;0.164581;
0.044720;0.963183;0.822903;0.164581;
0.044730;0.963183;0.822903;0.164581;
0.044740;0.963183;0.822903;0.164581;
0.044750;0.963183;0.822903;0.164581;
0.044760;0.963183;0.822903;0.164581;
0.044770;0.963183;0.822903;0.164581;
0.044780;0.963183;0.822903;0.164581;
0.044790;0.963183;0.822903;0.164581;
0.044800;0.963183;0.822903;0.164581;
0.044810;0.963183;0.822903;0.164581;
0.044820;0.963183;0.822903;0.164581;
0.044830;0.963183;0.822903;0.164581;
0.044840;0.963183;0.822903;0.164581;
0.044850;0.963183;0.822903;0.164581;
0.044860;0.963183;0.822903;0.164581;
0.044870;0.963183;0.822903;0.164581;
0.044880;0.963183;0.822903;0.164581;
0.044890;0.963183;0.822903;0.164581;
0.044900;0.963183;0.822903;0.164581;
0.044910;0.963183;0.822903;0.164581;
0.044920;0.963183;0.822903;0.164581;
0.044930;0.963183;0.822903;0.164581;
0.044940;0.963183;0.822903;0.164581;
0.044950;0.963183;0.822903;0.164581;
0.044960;0.963183;0.822903;0.164581;
0.044970;0.963183;0.822903;0.164581;
0.044980;0.963183;0.822903;0.164581;
0.044990;0.963183;0.822903;0.164581;
0.045000;0.963183;0.822903;0.164581;
0.045010;0.963183;0.822903;0.164581;
0.045020;0.963183;0.822903;0.164581;
0.045030;0.963183;0.822903;0.164581;
0.045040;0.963183;0.822903;0.164581;
0.045050;0.963183;0.822903;0.164581;
0.045060;0.963183;0.822903;0.164581;
0.045070;0.963183;0.822903;0.164581;
0.045080;0.963183;0.822903;0.164581;
0.045090;0.963183;0.822903;0.164581;
0.045100;0.963183;0.822903;0.164581;
0.045110;0.963183;0.822903;0.164581;
0.045120;0.963183;0.822903;0.164581;
0.045130;0.963183;0.822903;0.164581;
0.045140;0.963183;0.822903;0.164581;
0.045150;0.963183;0.822903;0.164581;
0.045160;0.963183;0.822903;0.164581;
0.045170;0.963183;0.822903;0.164581;
0.045180;0.963183;0.822903;0.164581;
0.045190;0.963183;0.822903;0.164581;
0.045200;0.963183;0.822903;0.164581;
0.045210;0.963183;0.822903;0.164581;
0.045220;0.963183;0.822903;0.164581;
0.045230;0.963183;0.822903;0.164581;
0.045240;0.963183;0.822903;0.164581;
0.045250;0.963183;0.822903;0.164581;
0.045260;0.963183;0.822903;0.164581;
0.045270;0.963183;0.822903;0.164581;
0.045280;0.963183;0.822903;0.164581;
0.045290;0.963183;0.822903;0.164581;
0.045300;0.963183;0.822903;0.164581;
0.045310;0.963183;0.822903;0.164581;
0.045320;0.963183;0.822903;0.164581;
0.045330;0.963183;0.822903;0.164581;
0.045340;0.963183;0.822903;0.164581;
0.045350;0.963183;0.822903;0.164581;
0.045360;0.963183;0.822903;0.164581;
0.045370;0.963183;0.822903;0.164581;
0.045380;0.963183;0.822903;0.164581;
0.045390;0.963183;0.822903;0.164581;
0.045400;0.963183;0.822903;0.164581;
0.045410;0.963183;0.822903;0.164581;
0.045420;0.963183;0.822903;0.164581;
0.045430;0.963183;0.822903;0.164581;
0.045440;0.963183;0.822903;0.164581;
0.045450;0.963183;0.822903;0.164581;
0.045460;0.963183;0.822903;0.164581;
0.045470;0.963183;0.822903;0.164581;
0.045480;0.963183;0.822903;0.164581;
0.045490;0.963183;0.822903;0.164581;
0.045500;0.963183;0.822903;0.164581;
0.045510;0.963183;0.822903;0.164581;
0.045520;0.963183;0.822903;0.164581;
0.045530;0.963183;0.822903;0.164581;
0.045540;0.963183;0.822903;0.164581;
0.045550;0.963183;0.822903;0.164581;
0.045560;0.963183;0.822903;0.164581;
0.045570;0.963183;0.822903;0.164581;
0.045580;0.963183;0.822903;0.164581;
0.045590;0.963183;0.822903;0.164581;
0.045600;0.963183;0.822903;0.164581;
0.045610;0.963183;0.822903;0.164581;
0.045620;0.963183;0.822903;0.164581;
0.045630;0.963183;0.822903;0.164581;
0.045640;0.963183;0.822903;0.164581;
0.045650;0.963183;0.822903;0.164581;
0.045660;0.963183;0.822903;0.164581;
0.045670;0.963183;0.822903;0.164581;
0.045680;0.963183;0.822903;0.164581;
0.045690;0.963183;0.822903;0.164581;
0.045700;0.963183;0.822903;0.164581;
0.045710;0.963183;0.822903;0.164581;
0.045720;0.963183;0.822903;0.164581;
0.045730;0.963183;0.822903;0.164581;
0.045740;0.963183;0.822903;0.164581;
0.045750;0.963183;0.822903;0.164581;
0.045760;0.963183;0.822903;0.164581;
0.045770;0.963183;0.822903;0.164581;
0.045780;0.963183;0.822903;0.164581;
0.045790;0.963183;0.822903;0.164581;
0.045800;0.963183;0.822903;0.164581;
0.045810;0.963183;0.822903;0.164581;
0.045820;0.963183;0.822903;0.164581;
0.045830;0.963183;0.822903;0.164581;
0.045840;0.963183;0.822903;0.164581;
0.045850;0.963183;0.822903;0.164581;
0.045860;0.963183;0.822903;0.164581;
0.045870;0.963183;0.822903;0.164581;
0.045880;0.963183;0.822903;0.164581;
0.045890;0.963183;0.822903;0.164581;
0.045900;0.963183;0.822903;0.164581;
0.045910;0.963183;0.822903;0.164581;
0.045920;0.963183;0.822903;0.164581;
0.045930;0.963183;0.822903;0.164581;
0.045940;0.963183;0.822903;0.164581;
0.045950;0.963183;0.822903;0.164581;
0.045960;0.963183;0.822903;0.164581;
0.045970;0.963183;0.822903;0.164581;
0.045980;0.963183;0.822903;0.164581;
0.045990;0.963183;0.822903;0.164581;
0.046000;0.963183;0.822903;0.164581;
0.046010;0.963183;0.822903;0.164581;
0.046020;0.963183;0.822903;0.164581;
0.046030;0.963183;0.822903;0.164581;
0.046040;0.963183;0.822903;0.164581;
0.046050;0.963183;0.822903;0.164581;
0.046060;0.963183;0.822903;0.164581;
0.046070;0.963183;0.822903;0.164581;
0.046080;0.963183;0.822903;0.164581;
0.046090;0.963183;0.822903;0.164581;
0.046100;0.963183;0.822903;0.164581;
0.046110;0.963183;0.822903;0.164581;
0.046120;0.963183;0.822903;0.164581;
0.046130;0.963183;0.822903;0.164581;
0.046140;0.963183;0.822903;0.164581;
0.046150;0.963183;0.822903;0.164581;
0.046160;0.963183;0.822903;0.164581;
0.046170;0.963183;0.822903;0.164581;
0.046180;0.963183;0.822903;0.164581;
0.046190;0.963183;0.822903;0.164581;
0.046200;0.963183;0.822903;0.164581;
0.046210;0.963183;0.822903;0.164581;
0.046220;0.963183;0.822903;0.164581;
0.046230;0.963183;0.822903;0.164581;
0.046240;0.963183;0.822903;0.164581;
0.046250;0.963183;0.822903;0.164581;
0.046260;0.963183;0.822903;0.164581;
0.046270;0.963183;0.822903;0.164581;
0.046280;0.963183;0.822903;0.164581;
0.046290;0.963183;0.822903;0.164581;
0.046300;0.963183;0.822903;0.164581;
0.046310;0.963183;0.822903;0.164581;
0.046320;0.963183;0.822903;0.164581;
0.046330;0.963183;0.822903;0.164581;
0.046340;0.963183;0.822903;0.164581;
0.046350;0.963183;0.822903;0.164581;
0.046360;0.963183;0.822903;0.164581;
0.046370;0.963183;0.822903;0.164581;
0.046380;0.963183;0.822903;0.164581;
0.046390;0.963183;0.822903;0.164581;
0.046400;0.963183;0.822903;0.164581;
0.046410;0.963183;0.822903;0.164581;
0.046420;0.963183;0.822903;0.164581;
0.046430;0.963183;0.822903;0.164581;
0.046440;0.963183;0.822903;0.164581;
0.046450;0.963183;0.822903;0.164581;
0.046460;0.963183;0.822903;0.164581;
0.046470;0.963183;0.822903;0.164581;
0.046480;0.963183;0.822903;0.164581;
0.046490;0.963183;0.822903;0.164581;
0.046500;0.963183;0.822903;0.164581;
0.046510;0.963183;0.822903;0.164581;
0.046520;0.963183;0.822903;0.164581;
0.046530;0.963183;0.822903;0.164581;
0.046540;0.963183;0.822903;0.164581;
0.046550;0.963183;0.822903;0.164581;
0.046560;0.963183;0.822903;0.164581;
0.046570;0.963183;0.822903;0.164581;
0.046580;0.963183;0.822903;0.164581;
0.046590;0.963183;0.822903;0.164581;
0.046600;0.963183;0.822903;0.164581;
0.046610;0.963183;0.822903;0.164581;
0.046620;0.963183;0.822903;0.164581;
0.046630;0.963183;0.822903;0.164581;
0.046640;0.963183;0.822903;0.164581;
0.046650;0.963183;0.822903;0.164581;
0.046660;0.963183;0.822903;0.164581;
0.046670;0.963183;0.822903;0.164581;
0.046680;0.963183;0.822903;0.164581;
0.046690;0.963183;0.822903;0.164581;
0.046700;0.963183;0.822903;0.164581;
0.046710;0.963183;0.822903;0.164581;
0.046720;0.963183;0.822903;0.164581;
0.046730;0.963183;0.822903;0.164581;
0.046740;0.963183;0.822903;0.164581;
0.046750;0.963183;0.822903;0.164581;
0.046760;0.963183;0.822903;0.164581;
0.046770;0.963183;0.822903;0.164581;
0.046780;0.963183;0.822903;0.164581;
0.046790;0.963183;0.822903;0.164581;
0.046800;0.963183;0.822903;0.164581;
0.046810;0.963183;0.822903;0.164581;
0.046820;0.963183;0.822903;0.164581;
0.046830;0.963183;0.822903;0.164581;
0.046840;0.963183;0.822903;0.164581;
0.046850;0.963183;0.822903;0.164581;
0.046860;0.963183;0.822903;0.164581;
0.046870;0.963183;0.822903;0.164581;
0.046880;0.963183;0.822903;0.164581;
0.046890;0.963183;0.822903;0.164581;
0.046900;0.963183;0.822903;0.164581;
0.046910;0.963183;0.822903;0.164581;
0.046920;0.963183;0.822903;0.164581;
0.046930;0.963183;0.822903;0.164581;
0.046940;0.963183;0.822903;0.164581;
0.046950;0.963183;0.822903;0.164581;
0.046960;0.963183;0.822903;0.164581;
0.046970;0.963183;0.822903;0.164581;
0.046980;0.963183;0.822903;0.164581;
0.046990;0.963183;0.822903;0.164581;
0.047000;0.963183;0.822903;0.164581;
0.047010;0.963183;0.822903;0.164581;
0.047020;0.963183;0.822903;0.164581;
0.047030;0.963183;0.822903;0.164581;
0.047040;0.963183;0.822903;0.164581;
0.047050;0.963183;0.822903;0.164581;
0.047060;0.963183;0.822903;0.164581;
0.047070;0.963183;0.822903;0.164581;
0.047080;0.963183;0.822903;0.164581;
0.047090;0.963183;0.822903;0.164581;
0.047100;0.963183;0.822903;0.164581;
0.047110;0.963183;0.822903;0.164581;
0.047120;0.963183;0.822903;0.164581;
0.047130;0.963183;0.822903;0.164581;
0.047140;0.963183;0.822903;0.164581;
0.047150;0.963183;0.822903;0.164581;
0.047160;0.963183;0.822903;0.164581;
0.047170;0.963183;0.822903;0.164581;
0.047180;0.963183;0.822903;0.164581;
0.047190;0.963183;0.822903;0.164581;
0.047200;0.963183;0.822903;0.164581;
0.047210;0.963183;0.822903;0.164581;
0.047220;0.963183;0.822903;0.164581;
0.047230;0.963183;0.822903;0.164581;
0.047240;0.963183;0.822903;0.164581;
0.047250;0.963183;0.822903;0.164581;
0.047260;0.963183;0.822903;0.164581;
0.047270;0.963183;0.822903;0.164581;
0.047280;0.963183;0.822903;0.164581;
0.047290;0.963183;0.822903;0.164581;
0.047300;0.963183;0.822903;0.164581;
0.047310;0.963183;0.822903;0.164581;
0.047320;0.963183;0.822903;0.164581;
0.047330;0.963183;0.822903;0.164581;
0.047340;0.963183;0.822903;0.164581;
0.047350;0.963183;0.822903;0.164581;
0.047360;0.963183;0.822903;0.164581;
0.047370;0.963183;0.822903;0.164581;
0.047380;0.963183;0.822903;0.164581;
0.047390;0.963183;0.822903;0.164581;
0.047400;0.963183;0.822903;0.164581;
0.047410;0.963183;0.822903;0.164581;
0.047420;0.963183;0.822903;0.164581;
0.047430;0.963183;0.822903;0.164581;
0.047440;0.963183;0.822903;0.164581;
0.047450;0.963183;0.822903;0.164581;
0.047460;0.963183;0.822903;0.164581;
0.047470;0.963183;0.822903;0.164581;
0.047480;0.963183;0.822903;0.164581;
0.047490;0.963183;0.822903;0.164581;
0.047500;0.963183;0.822903;0.164581;
0.047510;0.963183;0.822903;0.164581;
0.047520;0.963183;0.822903;0.164581;
0.047530;0.963183;0.822903;0.164581;
0.047540;0.963183;0.822903;0.164581;
0.047550;0.963183;0.822903;0.164581;
0.047560;0.963183;0.822903;0.164581;
0.047570;0.963183;0.822903;0.164581;
0.047580;0.963183;0.822903;0.164581;
0.047590;0.963183;0.822903;0.164581;
0.047600;0.963183;0.822903;0.164581;
0.047610;0.963183;0.822903;0.164581;
0.047620;0.963183;0.822903;0.164581;
0.047630;0.963183;0.822903;0.164581;
0.047640;0.963183;0.822903;0.164581;
0.047650;0.963183;0.822903;0.164581;
0.047660;0.963183;0.822903;0.164581;
0.047670;0.963183;0.822903;0.164581;
0.047680;0.963183;0.822903;0.164581;
0.047690;0.963183;0.822903;0.164581;
0.047700;0.963183;0.822903;0.164581;
0.047710;0.963183;0.822903;0.164581;
0.047720;0.963183;0.822903;0.164581;
0.047730;0.963183;0.822903;0.164581;
0.047740;0.963183;0.822903;0.164581;
0.047750;0.963183;0.822903;0.164581;
0.047760;0.963183;0.822903;0.164581;
0.047770;0.963183;0.822903;0.164581;
0.047780;0.963183;0.822903;0.164581;
0.047790;0.963183;0.822903;0.164581;
0.047800;0.963183;0.822903;0.164581;
0.047810;0.963183;0.822903;0.164581;
0.047820;0.963183;0.822903;0.164581;
0.047830;0.963183;0.822903;0.164581;
0.047840;0.963183;0.822903;0.164581;
0.047850;0.963183;0.822903;0.164581;
0.047860;0.963183;0.822903;0.164581;
0.047870;0.963183;0.822903;0.164581;
0.047880;0.963183;0.822903;0.164581;
0.047890;0.963183;0.822903;0.164581;
0.047900;0.963183;0.822903;0.164581;
0.047910;0.963183;0.822903;0.164581;
0.047920;0.963183;0.822903;0.164581;
0.047930;0.963183;0.822903;0.164581;
0.047940;0.963183;0.822903;0.164581;
0.047950;0.963183;0.822903;0.164581;
0.047960;0.963183;0.822903;0.164581;
0.047970;0.963183;0.822903;0.164581;
0.047980;0.963183;0.822903;0.164581;
0.047990;0.963183;0.822903;0.164581;
0.048000;0.963183;0.822903;0.164581;
0.048010;0.963183;0.822903;0.164581;
0.048020;0.963183;0.822903;0.164581;
0.048030;0.963183;0.822903;0.164581;
0.048040;0.963183;0.822903;0.164581;
0.048050;0.963183;0.822903;0.164581;
0.048060;0.963183;0.822903;0.164581;
0.048070;0.963183;0.822903;0.164581;
0.048080;0.963183;0.822903;0.164581;
0.048090;0.963183;0.822903;0.164581;
0.048100;0.963183;0.822903;0.164581;
0.048110;0.963183;0.822903;0.164581;
0.048120;0.963183;0.822903;0.164581;
0.048130;0.963183;0.822903;0.164581;
0.048140;0.963183;0.822903;0.164581;
0.048150;0.963183;0.822903;0.164581;
0.048160;0.963183;0.822903;0.164581;
0.048170;0.963183;0.822903;0.164581;
0.048180;0.963183;0.822903;0.164581;
0.048190;0.963183;0.822903;0.164581;
0.048200;0.963183;0.822903;0.164581;
0.048210;0.963183;0.822903;0.164581;
0.048220;0.963183;0.822903;0.164581;
0.048230;0.963183;0.822903;0.164581;
0.048240;0.963183;0.822903;0.164581;
0.048250;0.963183;0.822903;0.164581;
0.048260;0.963183;0.822903;0.164581;
0.048270;0.963183;0.822903;0.164581;
0.048280;0.963183;0.822903;0.164581;
0.048290;0.963183;0.822903;0.164581;
0.048300;0.963183;0.822903;0.164581;
0.048310;0.963183;0.822903;0.164581;
0.048320;0.963183;0.822903;0.164581;
0.048330;0.963183;0.822903;0.164581;
0.048340;0.963183;0.822903;0.164581;
0.048350;0.963183;0.822903;0.164581;
0.048360;0.963183;0.822903;0.164581;
0.048370;0.963183;0.822903;0.164581;
0.048380;0.963183;0.822903;0.164581;
0.048390;0.963183;0.822903;0.164581;
0.048400;0.963183;0.822903;0.164581;
0.048410;0.963183;0.822903;0.164581;
0.048420;0.963183;0.822903;0.164581;
0.048430;0.963183;0.822903;0.164581;
0.048440;0.963183;0.822903;0.164581;
0.048450;0.963183;0.822903;0.164581;
0.048460;0.963183;0.822903;0.164581;
0.048470;0.963183;0.822903;0.164581;
0.048480;0.963183;0.822903;0.164581;
0.048490;0.963183;0.822903;0.164581;
0.048500;0.963183;0.822903;0.164581;
0.048510;0.963183;0.822903;0.164581;
0.048520;0.963183;0.822903;0.164581;
0.048530;0.963183;0.822903;0.164581;
0.048540;0.963183;0.822903;0.164581;
0.048550;0.963183;0.822903;0.164581;
0.048560;0.963183;0.822903;0.164581;
0.048570;0.963183;0.822903;0.164581;
0.048580;0.963183;0.822903;0.164581;
0.048590;0.963183;0.822903;0.164581;
0.048600;0.963183;0.822903;0.164581;
0.048610;0.963183;0.822903;0.164581;
0.048620;0.963183;0.822903;0.164581;
0.048630;0.963183;0.822903;0.164581;
0.048640;0.963183;0.822903;0.164581;
0.048650;0.963183;0.822903;0.164581;
0.048660;0.963183;0.822903;0.164581;
0.048670;0.963183;0.822903;0.164581;
0.048680;0.963183;0.822903;0.164581;
0.048690;0.963183;0.822903;0.164581;
0.048700;0.963183;0.822903;0.164581;
0.048710;0.963183;0.822903;0.164581;
0.048720;0.963183;0.822903;0.164581;
0.048730;0.963183;0.822903;0.164581;
0.048740;0.963183;0.822903;0.164581;
0.048750;0.963183;0.822903;0.164581;
0.048760;0.963183;0.822903;0.164581;
0.048770;0.963183;0.822903;0.164581;
0.048780;0.963183;0.822903;0.164581;
0.048790;0.963183;0.822903;0.164581;
0.048800;0.963183;0.822903;0.164581;
0.048810;0.963183;0.822903;0.164581;
0.048820;0.963183;0.822903;0.164581;
0.048830;0.963183;0.822903;0.164581;
0.048840;0.963183;0.822903;0.164581;
0.048850;0.963183;0.822903;0.164581;
0.048860;0.963183;0.822903;0.164581;
0.048870;0.963183;0.822903;0.164581;
0.048880;0.963183;0.822903;0.164581;
0.048890;0.963183;0.822903;0.164581;
0.048900;0.963183;0.822903;0.164581;
0.048910;0.963183;0.822903;0.164581;
0.048920;0.963183;0.822903;0.164581;
0.048930;0.963183;0.822903;0.164581;
0.048940;0.963183;0.822903;0.164581;
0.048950;0.963183;0.822903;0.164581;
0.048960;0.963183;0.822903;0.164581;
0.048970;0.963183;0.822903;0.164581;
0.048980;0.963183;0.822903;0.164581;
0.048990;0.963183;0.822903;0.164581;
0.049000;0.963183;0.822903;0.164581;
0.049010;0.963183;0.822903;0.164581;
0.049020;0.963183;0.822903;0.164581;
0.049030;0.963183;0.822903;0.164581;
0.049040;0.963183;0.822903;0.164581;
0.049050;0.963183;0.822903;0.164581;
0.049060;0.963183;0.822903;0.164581;
0.049070;0.963183;0.822903;0.164581;
0.049080;0.963183;0.822903;0.164581;
0.049090;0.963183;0.822903;0.164581;
0.049100;0.963183;0.822903;0.164581;
0.049110;0.963183;0.822903;0.164581;
0.049120;0.963183;0.822903;0.164581;
0.049130;0.963183;0.822903;0.164581;
0.049140;0.963183;0.822903;0.164581;
0.049150;0.963183;0.822903;0.164581;
0.049160;0.963183;0.822903;0.164581;
0.049170;0.963183;0.822903;0.164581;
0.049180;0.963183;0.822903;0.164581;
0.049190;0.963183;0.822903;0.164581;
0.049200;0.963183;0.822903;0.164581;
0.049210;0.963183;0.822903;0.164581;
0.049220;0.963183;0.822903;0.164581;
0.049230;0.963183;0.822903;0.164581;
0.049240;0.963183;0.822903;0.164581;
0.049250;0.963183;0.822903;0.164581;
0.049260;0.963183;0.822903;0.164581;
0.049270;0.963183;0.822903;0.164581;
0.049280;0.963183;0.822903;0.164581;
0.049290;0.963183;0.822903;0.164581;
0.049300;0.963183;0.822903;0.164581;
0.049310;0.963183;0.822903;0.164581;
0.049320;0.963183;0.822903;0.164581;
0.049330;0.963183;0.822903;0.164581;
0.049340;0.963183;0.822903;0.164581;
0.049350;0.963183;0.822903;0.164581;
0.049360;0.963183;0.822903;0.164581;
0.049370;0.963183;0.822903;0.164581;
0.049380;0.963183;0.822903;0.164581;
0.049390;0.963183;0.822903;0.164581;
0.049400;0.963183;0.822903;0.164581;
0.049410;0.963183;0.822903;0.164581;
0.049420;0.963183;0.822903;0.164581;
0.049430;0.963183;0.822903;0.164581;
0.049440;0.963183;0.822903;0.164581;
0.049450;0.963183;0.822903;0.164581;
0.049460;0.963183;0.822903;0.164581;
0.049470;0.963183;0.822903;0.164581;
0.049480;0.963183;0.822903;0.164581;
0.049490;0.963183;0.822903;0.164581;
0.049500;0.963183;0.822903;0.164581;
0.049510;0.963183;0.822903;0.164581;
0.049520;0.963183;0.822903;0.164581;
0.049530;0.963183;0.822903;0.164581;
0.049540;0.963183;0.822903;0.164581;
0.049550;0.963183;0.822903;0.164581;
0.049560;0.963183;0.822903;0.164581;
0.049570;0.963183;0.822903;0.164581;
0.049580;0.963183;0.822903;0.164581;
0.049590;0.963183;0.822903;0.164581;
0.049600;0.963183;0.822903;0.164581;
0.049610;0.963183;0.822903;0.164581;
0.049620;0.963183;0.822903;0.164581;
0.049630;0.963183;0.822903;0.164581;
0.049640;0.963183;0.822903;0.164581;
0.049650;0.963183;0.822903;0.164581;
0.049660;0.963183;0.822903;0.164581;
0.049670;0.963183;0.822903;0.164581;
0.049680;0.963183;0.822903;0.164581;
0.049690;0.963183;0.822903;0.164581;
0.049700;0.963183;0.822903;0.164581;
0.049710;0.963183;0.822903;0.164581;
0.049720;0.963183;0.822903;0.164581;
0.049730;0.963183;0.822903;0.164581;
0.049740;0.963183;0.822903;0.164581;
0.049750;0.963183;0.822903;0.164581;
0.049760;0.963183;0.822903;0.164581;
0.049770;0.963183;0.822903;0.164581;
0.049780;0.963183;0.822903;0.164581;
0.049790;0.963183;0.822903;0.164581;
0.049800;0.963183;0.822903;0.164581;
0.049810;0.963183;0.822903;0.164581;
0.049820;0.963183;0.822903;0.164581;
0.049830;0.963183;0.822903;0.164581;
0.049840;0.963183;0.822903;0.164581;
0.049850;0.963183;0.822903;0.164581;
0.049860;0.963183;0.822903;0.164581;
0.049870;0.963183;0.822903;0.164581;
0.049880;0.963183;0.822903;0.164581;
0.049890;0.963183;0.822903;0.164581;
0.049900;0.963183;0.822903;0.164581;
0.049910;0.963183;0.822903;0.164581;
0.049920;0.963183;0.822903;0.164581;
0.049930;0.963183;0.822903;0.164581;
0.049940;0.963183;0.822903;0.164581;
0.049950;0.963183;0.822903;0.164581;
0.049960;0.963183;0.822903;0.164581;
0.049970;0.963183;0.822903;0.164581;
0.049980;0.963183;0.822903;0.164581;
0.049990;0.963183;0.822903;0.164581;
0.050000;0.963183;0.822903;0.164581;
0.050010;0.963183;0.822903;0.164581;
0.050020;0.963183;0.822903;0.164581;
0.050030;0.963183;0.822903;0.164581;
0.050040;0.963183;0.822903;0.164581;
0.050050;0.963183;0.822903;0.164581;
0.050060;0.963183;0.822903;0.164581;
0.050070;0.963183;0.822903;0.164581;
0.050080;0.963183;0.822903;0.164581;
0.050090;0.963183;0.822903;0.164581;
0.050100;0.963183;0.822903;0.164581;
0.050110;0.963183;0.822903;0.164581;
0.050120;0.963183;0.822903;0.164581;
0.050130;0.963183;0.822903;0.164581;
0.050140;0.963183;0.822903;0.164581;
0.050150;0.963183;0.822903;0.164581;
0.050160;0.963183;0.822903;0.164581;
0.050170;0.963183;0.822903;0.164581;
0.050180;0.963183;0.822903;0.164581;
0.050190;0.963183;0.822903;0.164581;
0.050200;0.963183;0.822903;0.164581;
0.050210;0.963183;0.822903;0.164581;
0.050220;0.963183;0.822903;0.164581;
0.050230;0.963183;0.822903;0.164581;
0.050240;0.963183;0.822903;0.164581;
0.050250;0.963183;0.822903;0.164581;
0.050260;0.963183;0.822903;0.164581;
0.050270;0.963183;0.822903;0.164581;
0.050280;0.963183;0.822903;0.164581;
0.050290;0.963183;0.822903;0.164581;
0.050300;0.963183;0.822903;0.164581;
0.050310;0.963183;0.822903;0.164581;
0.050320;0.963183;0.822903;0.164581;
0.050330;0.963183;0.822903;0.164581;
0.050340;0.963183;0.822903;0.164581;
0.050350;0.963183;0.822903;0.164581;
0.050360;0.963183;0.822903;0.164581;
0.050370;0.963183;0.822903;0.164581;
0.050380;0.963183;0.822903;0.164581;
0.050390;0.963183;0.822903;0.164581;
0.050400;0.963183;0.822903;0.164581;
0.050410;0.963183;0.822903;0.164581;
0.050420;0.963183;0.822903;0.164581;
0.050430;0.963183;0.822903;0.164581;
0.050440;0.963183;0.822903;0.164581;
0.050450;0.963183;0.822903;0.164581;
0.050460;0.963183;0.822903;0.164581;
0.050470;0.963183;0.822903;0.164581;
0.050480;0.963183;0.822903;0.164581;
0.050490;0.963183;0.822903;0.164581;
0.050500;0.963183;0.822903;0.164581;
0.050510;0.963183;0.822903;0.164581;
0.050520;0.963183;0.822903;0.164581;
0.050530;0.963183;0.822903;0.164581;
0.050540;0.963183;0.822903;0.164581;
0.050550;0.963183;0.822903;0.164581;
0.050560;0.963183;0.822903;0.164581;
0.050570;0.963183;0.822903;0.164581;
0.050580;0.963183;0.822903;0.164581;
0.050590;0.963183;0.822903;0.164581;
0.050600;0.963183;0.822903;0.164581;
0.050610;0.963183;0.822903;0.164581;
0.050620;0.963183;0.822903;0.164581;
0.050630;0.963183;0.822903;0.164581;
0.050640;0.963183;0.822903;0.164581;
0.050650;0.963183;0.822903;0.164581;
0.050660;0.963183;0.822903;0.164581;
0.050670;0.963183;0.822903;0.164581;
0.050680;0.963183;0.822903;0.164581;
0.050690;0.963183;0.822903;0.164581;
0.050700;0.963183;0.822903;0.164581;
0.050710;0.963183;0.822903;0.164581;
0.050720;0.963183;0.822903;0.164581;
0.050730;0.963183;0.822903;0.164581;
0.050740;0.963183;0.822903;0.164581;
0.050750;0.963183;0.822903;0.164581;
0.050760;0.963183;0.822903;0.164581;
0.050770;0.963183;0.822903;0.164581;
0.050780;0.963183;0.822903;0.164581;
0.050790;0.963183;0.822903;0.164581;
0.050800;0.963183;0.822903;0.164581;
0.050810;0.963183;0.822903;0.164581;
0.050820;0.963183;0.822903;0.164581;
0.050830;0.963183;0.822903;0.164581;
0.050840;0.963183;0.822903;0.164581;
0.050850;0.963183;0.822903;0.164581;
0.050860;0.963183;0.822903;0.164581;
0.050870;0.963183;0.822903;0.164581;
0.050880;0.963183;0.822903;0.164581;
0.050890;0.963183;0.822903;0.164581;
0.050900;0.963183;0.822903;0.164581;
0.050910;0.963183;0.822903;0.164581;
0.050920;0.963183;0.822903;0.164581;
0.050930;0.963183;0.822903;0.164581;
0.050940;0.963183;0.822903;0.164581;
0.050950;0.963183;0.822903;0.164581;
0.050960;0.963183;0.822903;0.164581;
0.050970;0.963183;0.822903;0.164581;
0.050980;0.963183;0.822903;0.164581;
0.050990;0.963183;0.822903;0.164581;
0.051000;0.963183;0.822903;0.164581;
0.051010;0.963183;0.822903;0.164581;
0.051020;0.963183;0.822903;0.164581;
0.051030;0.963183;0.822903;0.164581;
0.051040;0.963183;0.822903;0.164581;
0.051050;0.963183;0.822903;0.164581;
0.051060;0.963183;0.822903;0.164581;
0.051070;0.963183;0.822903;0.164581;
0.051080;0.963183;0.822903;0.164581;
0.051090;0.963183;0.822903;0.164581;
0.051100;0.963183;0.822903;0.164581;
0.051110;0.963183;0.822903;0.164581;
0.051120;0.963183;0.822903;0.164581;
0.051130;0.963183;0.822903;0.164581;
0.051140;0.963183;0.822903;0.164581;
0.051150;0.963183;0.822903;0.164581;
0.051160;0.963183;0.822903;0.164581;
0.051170;0.963183;0.822903;0.164581;
0.051180;0.963183;0.822903;0.164581;
0.051190;0.963183;0.822903;0.164581;
0.051200;0.963183;0.822903;0.164581;
0.051210;0.963183;0.822903;0.164581;
0.051220;0.963183;0.822903;0.164581;
0.051230;0.963183;0.822903;0.164581;
0.051240;0.963183;0.822903;0.164581;
0.051250;0.963183;0.822903;0.164581;
0.051260;0.963183;0.822903;0.164581;
0.051270;0.963183;0.822903;0.164581;
0.051280;0.963183;0.822903;0.164581;
0.051290;0.963183;0.822903;0.164581;
0.051300;0.963183;0.822903;0.164581;
0.051310;0.963183;0.822903;0.164581;
0.051320;0.963183;0.822903;0.164581;
0.051330;0.963183;0.822903;0.164581;
0.051340;0.963183;0.822903;0.164581;
0.051350;0.963183;0.822903;0.164581;
0.051360;0.963183;0.822903;0.164581;
0.051370;0.963183;0.822903;0.164581;
0.051380;0.963183;0.822903;0.164581;
0.051390;0.963183;0.822903;0.164581;
0.051400;0.963183;0.822903;0.164581;
0.051410;0.963183;0.822903;0.164581;
0.051420;0.963183;0.822903;0.164581;
0.051430;0.963183;0.822903;0.164581;
0.051440;0.963183;0.822903;0.164581;
0.051450;0.963183;0.822903;0.164581;
0.051460;0.963183;0.822903;0.164581;
0.051470;0.963183;0.822903;0.164581;
0.051480;0.963183;0.822903;0.164581;
0.051490;0.963183;0.822903;0.164581;
0.051500;0.963183;0.822903;0.164581;
0.051510;0.963183;0.822903;0.164581;
0.051520;0.963183;0.822903;0.164581;
0.051530;0.963183;0.822903;0.164581;
0.051540;0.963183;0.822903;0.164581;
0.051550;0.963183;0.822903;0.164581;
0.051560;0.963183;0.822903;0.164581;
0.051570;0.963183;0.822903;0.164581;
0.051580;0.963183;0.822903;0.164581;
0.051590;0.963183;0.822903;0.164581;
0.051600;0.963183;0.822903;0.164581;
0.051610;0.963183;0.822903;0.164581;
0.051620;0.963183;0.822903;0.164581;
0.051630;0.963183;0.822903;0.164581;
0.051640;0.963183;0.822903;0.164581;
0.051650;0.963183;0.822903;0.164581;
0.051660;0.963183;0.822903;0.164581;
0.051670;0.963183;0.822903;0.164581;
0.051680;0.963183;0.822903;0.164581;
0.051690;0.963183;0.822903;0.164581;
0.051700;0.963183;0.822903;0.164581;
0.051710;0.963183;0.822903;0.164581;
0.051720;0.963183;0.822903;0.164581;
0.051730;0.963183;0.822903;0.164581;
0.051740;0.963183;0.822903;0.164581;
0.051750;0.963183;0.822903;0.164581;
0.051760;0.963183;0.822903;0.164581;
0.051770;0.963183;0.822903;0.164581;
0.051780;0.963183;0.822903;0.164581;
0.051790;0.963183;0.822903;0.164581;
0.051800;0.963183;0.822903;0.164581;
0.051810;0.963183;0.822903;0.164581;
0.051820;0.963183;0.822903;0.164581;
0.051830;0.963183;0.822903;0.164581;
0.051840;0.963183;0.822903;0.164581;
0.051850;0.963183;0.822903;0.164581;
0.051860;0.963183;0.822903;0.164581;
0.051870;0.963183;0.822903;0.164581;
0.051880;0.963183;0.822903;0.164581;
0.051890;0.963183;0.822903;0.164581;
0.051900;0.963183;0.822903;0.164581;
0.051910;0.963183;0.822903;0.164581;
0.051920;0.963183;0.822903;0.164581;
0.051930;0.963183;0.822903;0.164581;
0.051940;0.963183;0.822903;0.164581;
0.051950;0.963183;0.822903;0.164581;
0.051960;0.963183;0.822903;0.164581;
0.051970;0.963183;0.822903;0.164581;
0.051980;0.963183;0.822903;0.164581;
0.051990;0.963183;0.822903;0.164581;
0.052000;0.963183;0.822903;0.164581;
0.052010;0.963183;0.822903;0.164581;
0.052020;0.963183;0.822903;0.164581;
0.052030;0.963183;0.822903;0.164581;
0.052040;0.963183;0.822903;0.164581;
0.052050;0.963183;0.822903;0.164581;
0.052060;0.963183;0.822903;0.164581;
0.052070;0.963183;0.822903;0.164581;
0.052080;0.963183;0.822903;0.164581;
0.052090;0.963183;0.822903;0.164581;
0.052100;0.963183;0.822903;0.164581;
0.052110;0.963183;0.822903;0.164581;
0.052120;0.963183;0.822903;0.164581;
0.052130;0.963183;0.822903;0.164581;
0.052140;0.963183;0.822903;0.164581;
0.052150;0.963183;0.822903;0.164581;
0.052160;0.963183;0.822903;0.164581;
0.052170;0.963183;0.822903;0.164581;
0.052180;0.963183;0.822903;0.164581;
0.052190;0.963183;0.822903;0.164581;
0.052200;0.963183;0.822903;0.164581;
0.052210;0.963183;0.822903;0.164581;
0.052220;0.963183;0.822903;0.164581;
0.052230;0.963183;0.822903;0.164581;
0.052240;0.963183;0.822903;0.164581;
0.052250;0.963183;0.822903;0.164581;
0.052260;0.963183;0.822903;0.164581;
0.052270;0.963183;0.822903;0.164581;
0.052280;0.963183;0.822903;0.164581;
0.052290;0.963183;0.822903;0.164581;
0.052300;0.963183;0.822903;0.164581;
0.052310;0.963183;0.822903;0.164581;
0.052320;0.963183;0.822903;0.164581;
0.052330;0.963183;0.822903;0.164581;
0.052340;0.963183;0.822903;0.164581;
0.052350;0.963183;0.822903;0.164581;
0.052360;0.963183;0.822903;0.164581;
0.052370;0.963183;0.822903;0.164581;
0.052380;0.963183;0.822903;0.164581;
0.052390;0.963183;0.822903;0.164581;
0.052400;0.963183;0.822903;0.164581;
0.052410;0.963183;0.822903;0.164581;
0.052420;0.963183;0.822903;0.164581;
0.052430;0.963183;0.822903;0.164581;
0.052440;0.963183;0.822903;0.164581;
0.052450;0.963183;0.822903;0.164581;
0.052460;0.963183;0.822903;0.164581;
0.052470;0.963183;0.822903;0.164581;
0.052480;0.963183;0.822903;0.164581;
0.052490;0.963183;0.822903;0.164581;
0.052500;0.963183;0.822903;0.164581;
0.052510;0.963183;0.822903;0.164581;
0.052520;0.963183;0.822903;0.164581;
0.052530;0.963183;0.822903;0.164581;
0.052540;0.963183;0.822903;0.164581;
0.052550;0.963183;0.822903;0.164581;
0.052560;0.963183;0.822903;0.164581;
0.052570;0.963183;0.822903;0.164581;
0.052580;0.963183;0.822903;0.164581;
0.052590;0.963183;0.822903;0.164581;
0.052600;0.963183;0.822903;0.164581;
0.052610;0.963183;0.822903;0.164581;
0.052620;0.963183;0.822903;0.164581;
0.052630;0.963183;0.822903;0.164581;
0.052640;0.963183;0.822903;0.164581;
0.052650;0.963183;0.822903;0.164581;
0.052660;0.963183;0.822903;0.164581;
0.052670;0.963183;0.822903;0.164581;
0.052680;0.963183;0.822903;0.164581;
0.052690;0.963183;0.822903;0.164581;
0.052700;0.963183;0.822903;0.164581;
0.052710;0.963183;0.822903;0.164581;
0.052720;0.963183;0.822903;0.164581;
0.052730;0.963183;0.822903;0.164581;
0.052740;0.963183;0.822903;0.164581;
0.052750;0.963183;0.822903;0.164581;
0.052760;0.963183;0.822903;0.164581;
0.052770;0.963183;0.822903;0.164581;
0.052780;0.963183;0.822903;0.164581;
0.052790;0.963183;0.822903;0.164581;
0.052800;0.963183;0.822903;0.164581;
0.052810;0.963183;0.822903;0.164581;
0.052820;0.963183;0.822903;0.164581;
0.052830;0.963183;0.822903;0.164581;
0.052840;0.963183;0.822903;0.164581;
0.052850;0.963183;0.822903;0.164581;
0.052860;0.963183;0.822903;0.164581;
0.052870;0.963183;0.822903;0.164581;
0.052880;0.963183;0.822903;0.164581;
0.052890;0.963183;0.822903;0.164581;
0.052900;0.963183;0.822903;0.164581;
0.052910;0.963183;0.822903;0.164581;
0.052920;0.963183;0.822903;0.164581;
0.052930;0.963183;0.822903;0.164581;
0.052940;0.963183;0.822903;0.164581;
0.052950;0.963183;0.822903;0.164581;
0.052960;0.963183;0.822903;0.164581;
0.052970;0.963183;0.822903;0.164581;
0.052980;0.963183;0.822903;0.164581;
0.052990;0.963183;0.822903;0.164581;
0.053000;0.963183;0.822903;0.164581;
0.053010;0.963183;0.822903;0.164581;
0.053020;0.963183;0.822903;0.164581;
0.053030;0.963183;0.822903;0.164581;
0.053040;0.963183;0.822903;0.164581;
0.053050;0.963183;0.822903;0.164581;
0.053060;0.963183;0.822903;0.164581;
0.053070;0.963183;0.822903;0.164581;
0.053080;0.963183;0.822903;0.164581;
0.053090;0.963183;0.822903;0.164581;
0.053100;0.963183;0.822903;0.164581;
0.053110;0.963183;0.822903;0.164581;
0.053120;0.963183;0.822903;0.164581;
0.053130;0.963183;0.822903;0.164581;
0.053140;0.963183;0.822903;0.164581;
0.053150;0.963183;0.822903;0.164581;
0.053160;0.963183;0.822903;0.164581;
0.053170;0.963183;0.822903;0.164581;
0.053180;0.963183;0.822903;0.164581;
0.053190;0.963183;0.822903;0.164581;
0.053200;0.963183;0.822903;0.164581;
0.053210;0.963183;0.822903;0.164581;
0.053220;0.963183;0.822903;0.164581;
0.053230;0.963183;0.822903;0.164581;
0.053240;0.963183;0.822903;0.164581;
0.053250;0.963183;0.822903;0.164581;
0.053260;0.963183;0.822903;0.164581;
0.053270;0.963183;0.822903;0.164581;
0.053280;0.963183;0.822903;0.164581;
0.053290;0.963183;0.822903;0.164581;
0.053300;0.963183;0.822903;0.164581;
0.053310;0.963183;0.822903;0.164581;
0.053320;0.963183;0.822903;0.164581;
0.053330;0.963183;0.822903;0.164581;
0.053340;0.963183;0.822903;0.164581;
0.053350;0.963183;0.822903;0.164581;
0.053360;0.963183;0.822903;0.164581;
0.053370;0.963183;0.822903;0.164581;
0.053380;0.963183;0.822903;0.164581;
0.053390;0.963183;0.822903;0.164581;
0.053400;0.963183;0.822903;0.164581;
0.053410;0.963183;0.822903;0.164581;
0.053420;0.963183;0.822903;0.164581;
0.053430;0.963183;0.822903;0.164581;
0.053440;0.963183;0.822903;0.164581;
0.053450;0.963183;0.822903;0.164581;
0.053460;0.963183;0.822903;0.164581;
0.053470;0.963183;0.822903;0.164581;
0.053480;0.963183;0.822903;0.164581;
0.053490;0.963183;0.822903;0.164581;
0.053500;0.963183;0.822903;0.164581;
0.053510;0.963183;0.822903;0.164581;
0.053520;0.963183;0.822903;0.164581;
0.053530;0.963183;0.822903;0.164581;
0.053540;0.963183;0.822903;0.164581;
0.053550;0.963183;0.822903;0.164581;
0.053560;0.963183;0.822903;0.164581;
0.053570;0.963183;0.822903;0.164581;
0.053580;0.963183;0.822903;0.164581;
0.053590;0.963183;0.822903;0.164581;
0.053600;0.963183;0.822903;0.164581;
0.053610;0.963183;0.822903;0.164581;
0.053620;0.963183;0.822903;0.164581;
0.053630;0.963183;0.822903;0.164581;
0.053640;0.963183;0.822903;0.164581;
0.053650;0.963183;0.822903;0.164581;
0.053660;0.963183;0.822903;0.164581;
0.053670;0.963183;0.822903;0.164581;
0.053680;0.963183;0.822903;0.164581;
0.053690;0.963183;0.822903;0.164581;
0.053700;0.963183;0.822903;0.164581;
0.053710;0.963183;0.822903;0.164581;
0.053720;0.963183;0.822903;0.164581;
0.053730;0.963183;0.822903;0.164581;
0.053740;0.963183;0.822903;0.164581;
0.053750;0.963183;0.822903;0.164581;
0.053760;0.963183;0.822903;0.164581;
0.053770;0.963183;0.822903;0.164581;
0.053780;0.963183;0.822903;0.164581;
0.053790;0.963183;0.822903;0.164581;
0.053800;0.963183;0.822903;0.164581;
0.053810;0.963183;0.822903;0.164581;
0.053820;0.963183;0.822903;0.164581;
0.053830;0.963183;0.822903;0.164581;
0.053840;0.963183;0.822903;0.164581;
0.053850;0.963183;0.822903;0.164581;
0.053860;0.963183;0.822903;0.164581;
0.053870;0.963183;0.822903;0.164581;
0.053880;0.963183;0.822903;0.164581;
0.053890;0.963183;0.822903;0.164581;
0.053900;0.963183;0.822903;0.164581;
0.053910;0.963183;0.822903;0.164581;
0.053920;0.963183;0.822903;0.164581;
0.053930;0.963183;0.822903;0.164581;
0.053940;0.963183;0.822903;0.164581;
0.053950;0.963183;0.822903;0.164581;
0.053960;0.963183;0.822903;0.164581;
0.053970;0.963183;0.822903;0.164581;
0.053980;0.963183;0.822903;0.164581;
0.053990;0.963183;0.822903;0.164581;
0.054000;0.963183;0.822903;0.164581;
0.054010;0.963183;0.822903;0.164581;
0.054020;0.963183;0.822903;0.164581;
0.054030;0.963183;0.822903;0.164581;
0.054040;0.963183;0.822903;0.164581;
0.054050;0.963183;0.822903;0.164581;
0.054060;0.963183;0.822903;0.164581;
0.054070;0.963183;0.822903;0.164581;
0.054080;0.963183;0.822903;0.164581;
0.054090;0.963183;0.822903;0.164581;
0.054100;0.963183;0.822903;0.164581;
0.054110;0.963183;0.822903;0.164581;
0.054120;0.963183;0.822903;0.164581;
0.054130;0.963183;0.822903;0.164581;
0.054140;0.963183;0.822903;0.164581;
0.054150;0.963183;0.822903;0.164581;
0.054160;0.963183;0.822903;0.164581;
0.054170;0.963183;0.822903;0.164581;
0.054180;0.963183;0.822903;0.164581;
0.054190;0.963183;0.822903;0.164581;
0.054200;0.963183;0.822903;0.164581;
0.054210;0.963183;0.822903;0.164581;
0.054220;0.963183;0.822903;0.164581;
0.054230;0.963183;0.822903;0.164581;
0.054240;0.963183;0.822903;0.164581;
0.054250;0.963183;0.822903;0.164581;
0.054260;0.963183;0.822903;0.164581;
0.054270;0.963183;0.822903;0.164581;
0.054280;0.963183;0.822903;0.164581;
0.054290;0.963183;0.822903;0.164581;
0.054300;0.963183;0.822903;0.164581;
0.054310;0.963183;0.822903;0.164581;
0.054320;0.963183;0.822903;0.164581;
0.054330;0.963183;0.822903;0.164581;
0.054340;0.963183;0.822903;0.164581;
0.054350;0.963183;0.822903;0.164581;
0.054360;0.963183;0.822903;0.164581;
0.054370;0.963183;0.822903;0.164581;
0.054380;0.963183;0.822903;0.164581;
0.054390;0.963183;0.822903;0.164581;
0.054400;0.963183;0.822903;0.164581;
0.054410;0.963183;0.822903;0.164581;
0.054420;0.963183;0.822903;0.164581;
0.054430;0.963183;0.822903;0.164581;
0.054440;0.963183;0.822903;0.164581;
0.054450;0.963183;0.822903;0.164581;
0.054460;0.963183;0.822903;0.164581;
0.054470;0.963183;0.822903;0.164581;
0.054480;0.963183;0.822903;0.164581;
0.054490;0.963183;0.822903;0.164581;
0.054500;0.963183;0.822903;0.164581;
0.054510;0.963183;0.822903;0.164581;
0.054520;0.963183;0.822903;0.164581;
0.054530;0.963183;0.822903;0.164581;
0.054540;0.963183;0.822903;0.164581;
0.054550;0.963183;0.822903;0.164581;
0.054560;0.963183;0.822903;0.164581;
0.054570;0.963183;0.822903;0.164581;
0.054580;0.963183;0.822903;0.164581;
0.054590;0.963183;0.822903;0.164581;
0.054600;0.963183;0.822903;0.164581;
0.054610;0.963183;0.822903;0.164581;
0.054620;0.963183;0.822903;0.164581;
0.054630;0.963183;0.822903;0.164581;
0.054640;0.963183;0.822903;0.164581;
0.054650;0.963183;0.822903;0.164581;
0.054660;0.963183;0.822903;0.164581;
0.054670;0.963183;0.822903;0.164581;
0.054680;0.963183;0.822903;0.164581;
0.054690;0.963183;0.822903;0.164581;
0.054700;0.963183;0.822903;0.164581;
0.054710;0.963183;0.822903;0.164581;
0.054720;0.963183;0.822903;0.164581;
0.054730;0.963183;0.822903;0.164581;
0.054740;0.963183;0.822903;0.164581;
0.054750;0.963183;0.822903;0.164581;
0.054760;0.963183;0.822903;0.164581;
0.054770;0.963183;0.822903;0.164581;
0.054780;0.963183;0.822903;0.164581;
0.054790;0.963183;0.822903;0.164581;
0.054800;0.963183;0.822903;0.164581;
0.054810;0.963183;0.822903;0.164581;
0.054820;0.963183;0.822903;0.164581;
0.054830;0.963183;0.822903;0.164581;
0.054840;0.963183;0.822903;0.164581;
0.054850;0.963183;0.822903;0.164581;
0.054860;0.963183;0.822903;0.164581;
0.054870;0.963183;0.822903;0.164581;
0.054880;0.963183;0.822903;0.164581;
0.054890;0.963183;0.822903;0.164581;
0.054900;0.963183;0.822903;0.164581;
0.054910;0.963183;0.822903;0.164581;
0.054920;0.963183;0.822903;0.164581;
0.054930;0.963183;0.822903;0.164581;
0.054940;0.963183;0.822903;0.164581;
0.054950;0.963183;0.822903;0.164581;
0.054960;0.963183;0.822903;0.164581;
0.054970;0.963183;0.822903;0.164581;
0.054980;0.963183;0.822903;0.164581;
0.054990;0.963183;0.822903;0.164581;
0.055000;0.963183;0.822903;0.164581;
0.055010;0.963183;0.822903;0.164581;
0.055020;0.963183;0.822903;0.164581;
0.055030;0.963183;0.822903;0.164581;
0.055040;0.963183;0.822903;0.164581;
0.055050;0.963183;0.822903;0.164581;
0.055060;0.963183;0.822903;0.164581;
0.055070;0.963183;0.822903;0.164581;
0.055080;0.963183;0.822903;0.164581;
0.055090;0.963183;0.822903;0.164581;
0.055100;0.963183;0.822903;0.164581;
0.055110;0.963183;0.822903;0.164581;
0.055120;0.963183;0.822903;0.164581;
0.055130;0.963183;0.822903;0.164581;
0.055140;0.963183;0.822903;0.164581;
0.055150;0.963183;0.822903;0.164581;
0.055160;0.963183;0.822903;0.164581;
0.055170;0.963183;0.822903;0.164581;
0.055180;0.963183;0.822903;0.164581;
0.055190;0.963183;0.822903;0.164581;
0.055200;0.963183;0.822903;0.164581;
0.055210;0.963183;0.822903;0.164581;
0.055220;0.963183;0.822903;0.164581;
0.055230;0.963183;0.822903;0.164581;
0.055240;0.963183;0.822903;0.164581;
0.055250;0.963183;0.822903;0.164581;
0.055260;0.963183;0.822903;0.164581;
0.055270;0.963183;0.822903;0.164581;
0.055280;0.963183;0.822903;0.164581;
0.055290;0.963183;0.822903;0.164581;
0.055300;0.963183;0.822903;0.164581;
0.055310;0.963183;0.822903;0.164581;
0.055320;0.963183;0.822903;0.164581;
0.055330;0.963183;0.822903;0.164581;
0.055340;0.963183;0.822903;0.164581;
0.055350;0.963183;0.822903;0.164581;
0.055360;0.963183;0.822903;0.164581;
0.055370;0.963183;0.822903;0.164581;
0.055380;0.963183;0.822903;0.164581;
0.055390;0.963183;0.822903;0.164581;
0.055400;0.963183;0.822903;0.164581;
0.055410;0.963183;0.822903;0.164581;
0.055420;0.963183;0.822903;0.164581;
0.055430;0.963183;0.822903;0.164581;
0.055440;0.963183;0.822903;0.164581;
0.055450;0.963183;0.822903;0.164581;
0.055460;0.963183;0.822903;0.164581;
0.055470;0.963183;0.822903;0.164581;
0.055480;0.963183;0.822903;0.164581;
0.055490;0.963183;0.822903;0.164581;
0.055500;0.963183;0.822903;0.164581;
0.055510;0.963183;0.822903;0.164581;
0.055520;0.963183;0.822903;0.164581;
0.055530;0.963183;0.822903;0.164581;
0.055540;0.963183;0.822903;0.164581;
0.055550;0.963183;0.822903;0.164581;
0.055560;0.963183;0.822903;0.164581;
0.055570;0.963183;0.822903;0.164581;
0.055580;0.963183;0.822903;0.164581;
0.055590;0.963183;0.822903;0.164581;
0.055600;0.963183;0.822903;0.164581;
0.055610;0.963183;0.822903;0.164581;
0.055620;0.963183;0.822903;0.164581;
0.055630;0.963183;0.822903;0.164581;
0.055640;0.963183;0.822903;0.164581;
0.055650;0.963183;0.822903;0.164581;
0.055660;0.963183;0.822903;0.164581;
0.055670;0.963183;0.822903;0.164581;
0.055680;0.963183;0.822903;0.164581;
0.055690;0.963183;0.822903;0.164581;
0.055700;0.963183;0.822903;0.164581;
0.055710;0.963183;0.822903;0.164581;
0.055720;0.963183;0.822903;0.164581;
0.055730;0.963183;0.822903;0.164581;
0.055740;0.963183;0.822903;0.164581;
0.055750;0.963183;0.822903;0.164581;
0.055760;0.963183;0.822903;0.164581;
0.055770;0.963183;0.822903;0.164581;
0.055780;0.963183;0.822903;0.164581;
0.055790;0.963183;0.822903;0.164581;
0.055800;0.963183;0.822903;0.164581;
0.055810;0.963183;0.822903;0.164581;
0.055820;0.963183;0.822903;0.164581;
0.055830;0.963183;0.822903;0.164581;
0.055840;0.963183;0.822903;0.164581;
0.055850;0.963183;0.822903;0.164581;
0.055860;0.963183;0.822903;0.164581;
0.055870;0.963183;0.822903;0.164581;
0.055880;0.963183;0.822903;0.164581;
0.055890;0.963183;0.822903;0.164581;
0.055900;0.963183;0.822903;0.164581;
0.055910;0.963183;0.822903;0.164581;
0.055920;0.963183;0.822903;0.164581;
0.055930;0.963183;0.822903;0.164581;
0.055940;0.963183;0.822903;0.164581;
0.055950;0.963183;0.822903;0.164581;
0.055960;0.963183;0.822903;0.164581;
0.055970;0.963183;0.822903;0.164581;
0.055980;0.963183;0.822903;0.164581;
0.055990;0.963183;0.822903;0.164581;
0.056000;0.963183;0.822903;0.164581;
0.056010;0.963183;0.822903;0.164581;
0.056020;0.963183;0.822903;0.164581;
0.056030;0.963183;0.822903;0.164581;
0.056040;0.963183;0.822903;0.164581;
0.056050;0.963183;0.822903;0.164581;
0.056060;0.963183;0.822903;0.164581;
0.056070;0.963183;0.822903;0.164581;
0.056080;0.963183;0.822903;0.164581;
0.056090;0.963183;0.822903;0.164581;
0.056100;0.963183;0.822903;0.164581;
0.056110;0.963183;0.822903;0.164581;
0.056120;0.963183;0.822903;0.164581;
0.056130;0.963183;0.822903;0.164581;
0.056140;0.963183;0.822903;0.164581;
0.056150;0.963183;0.822903;0.164581;
0.056160;0.963183;0.822903;0.164581;
0.056170;0.963183;0.822903;0.164581;
0.056180;0.963183;0.822903;0.164581;
0.056190;0.963183;0.822903;0.164581;
0.056200;0.963183;0.822903;0.164581;
0.056210;0.963183;0.822903;0.164581;
0.056220;0.963183;0.822903;0.164581;
0.056230;0.963183;0.822903;0.164581;
0.056240;0.963183;0.822903;0.164581;
0.056250;0.963183;0.822903;0.164581;
0.056260;0.963183;0.822903;0.164581;
0.056270;0.963183;0.822903;0.164581;
0.056280;0.963183;0.822903;0.164581;
0.056290;0.963183;0.822903;0.164581;
0.056300;0.963183;0.822903;0.164581;
0.056310;0.963183;0.822903;0.164581;
0.056320;0.963183;0.822903;0.164581;
0.056330;0.963183;0.822903;0.164581;
0.056340;0.963183;0.822903;0.164581;
0.056350;0.963183;0.822903;0.164581;
0.056360;0.963183;0.822903;0.164581;
0.056370;0.963183;0.822903;0.164581;
0.056380;0.963183;0.822903;0.164581;
0.056390;0.963183;0.822903;0.164581;
0.056400;0.963183;0.822903;0.164581;
0.056410;0.963183;0.822903;0.164581;
0.056420;0.963183;0.822903;0.164581;
0.056430;0.963183;0.822903;0.164581;
0.056440;0.963183;0.822903;0.164581;
0.056450;0.963183;0.822903;0.164581;
0.056460;0.963183;0.822903;0.164581;
0.056470;0.963183;0.822903;0.164581;
0.056480;0.963183;0.822903;0.164581;
0.056490;0.963183;0.822903;0.164581;
0.056500;0.963183;0.822903;0.164581;
0.056510;0.963183;0.822903;0.164581;
0.056520;0.963183;0.822903;0.164581;
0.056530;0.963183;0.822903;0.164581;
0.056540;0.963183;0.822903;0.164581;
0.056550;0.963183;0.822903;0.164581;
0.056560;0.963183;0.822903;0.164581;
0.056570;0.963183;0.822903;0.164581;
0.056580;0.963183;0.822903;0.164581;
0.056590;0.963183;0.822903;0.164581;
0.056600;0.963183;0.822903;0.164581;
0.056610;0.963183;0.822903;0.164581;
0.056620;0.963183;0.822903;0.164581;
0.056630;0.963183;0.822903;0.164581;
0.056640;0.963183;0.822903;0.164581;
0.056650;0.963183;0.822903;0.164581;
0.056660;0.963183;0.822903;0.164581;
0.056670;0.963183;0.822903;0.164581;
0.056680;0.963183;0.822903;0.164581;
0.056690;0.963183;0.822903;0.164581;
0.056700;0.963183;0.822903;0.164581;
0.056710;0.963183;0.822903;0.164581;
0.056720;0.963183;0.822903;0.164581;
0.056730;0.963183;0.822903;0.164581;
0.056740;0.963183;0.822903;0.164581;
0.056750;0.963183;0.822903;0.164581;
0.056760;0.963183;0.822903;0.164581;
0.056770;0.963183;0.822903;0.164581;
0.056780;0.963183;0.822903;0.164581;
0.056790;0.963183;0.822903;0.164581;
0.056800;0.963183;0.822903;0.164581;
0.056810;0.963183;0.822903;0.164581;
0.056820;0.963183;0.822903;0.164581;
0.056830;0.963183;0.822903;0.164581;
0.056840;0.963183;0.822903;0.164581;
0.056850;0.963183;0.822903;0.164581;
0.056860;0.963183;0.822903;0.164581;
0.056870;0.963183;0.822903;0.164581;
0.056880;0.963183;0.822903;0.164581;
0.056890;0.963183;0.822903;0.164581;
0.056900;0.963183;0.822903;0.164581;
0.056910;0.963183;0.822903;0.164581;
0.056920;0.963183;0.822903;0.164581;
0.056930;0.963183;0.822903;0.164581;
0.056940;0.963183;0.822903;0.164581;
0.056950;0.963183;0.822903;0.164581;
0.056960;0.963183;0.822903;0.164581;
0.056970;0.963183;0.822903;0.164581;
0.056980;0.963183;0.822903;0.164581;
0.056990;0.963183;0.822903;0.164581;
0.057000;0.963183;0.822903;0.164581;
0.057010;0.963183;0.822903;0.164581;
0.057020;0.963183;0.822903;0.164581;
0.057030;0.963183;0.822903;0.164581;
0.057040;0.963183;0.822903;0.164581;
0.057050;0.963183;0.822903;0.164581;
0.057060;0.963183;0.822903;0.164581;
0.057070;0.963183;0.822903;0.164581;
0.057080;0.963183;0.822903;0.164581;
0.057090;0.963183;0.822903;0.164581;
0.057100;0.963183;0.822903;0.164581;
0.057110;0.963183;0.822903;0.164581;
0.057120;0.963183;0.822903;0.164581;
0.057130;0.963183;0.822903;0.164581;
0.057140;0.963183;0.822903;0.164581;
0.057150;0.963183;0.822903;0.164581;
0.057160;0.963183;0.822903;0.164581;
0.057170;0.963183;0.822903;0.164581;
0.057180;0.963183;0.822903;0.164581;
0.057190;0.963183;0.822903;0.164581;
0.057200;0.963183;0.822903;0.164581;
0.057210;0.963183;0.822903;0.164581;
0.057220;0.963183;0.822903;0.164581;
0.057230;0.963183;0.822903;0.164581;
0.057240;0.963183;0.822903;0.164581;
0.057250;0.963183;0.822903;0.164581;
0.057260;0.963183;0.822903;0.164581;
0.057270;0.963183;0.822903;0.164581;
0.057280;0.963183;0.822903;0.164581;
0.057290;0.963183;0.822903;0.164581;
0.057300;0.963183;0.822903;0.164581;
0.057310;0.963183;0.822903;0.164581;
0.057320;0.963183;0.822903;0.164581;
0.057330;0.963183;0.822903;0.164581;
0.057340;0.963183;0.822903;0.164581;
0.057350;0.963183;0.822903;0.164581;
0.057360;0.963183;0.822903;0.164581;
0.057370;0.963183;0.822903;0.164581;
0.057380;0.963183;0.822903;0.164581;
0.057390;0.963183;0.822903;0.164581;
0.057400;0.963183;0.822903;0.164581;
0.057410;0.963183;0.822903;0.164581;
0.057420;0.963183;0.822903;0.164581;
0.057430;0.963183;0.822903;0.164581;
0.057440;0.963183;0.822903;0.164581;
0.057450;0.963183;0.822903;0.164581;
0.057460;0.963183;0.822903;0.164581;
0.057470;0.963183;0.822903;0.164581;
0.057480;0.963183;0.822903;0.164581;
0.057490;0.963183;0.822903;0.164581;
0.057500;0.963183;0.822903;0.164581;
0.057510;0.963183;0.822903;0.164581;
0.057520;0.963183;0.822903;0.164581;
0.057530;0.963183;0.822903;0.164581;
0.057540;0.963183;0.822903;0.164581;
0.057550;0.963183;0.822903;0.164581;
0.057560;0.963183;0.822903;0.164581;
0.057570;0.963183;0.822903;0.164581;
0.057580;0.963183;0.822903;0.164581;
0.057590;0.963183;0.822903;0.164581;
0.057600;0.963183;0.822903;0.164581;
0.057610;0.963183;0.822903;0.164581;
0.057620;0.963183;0.822903;0.164581;
0.057630;0.963183;0.822903;0.164581;
0.057640;0.963183;0.822903;0.164581;
0.057650;0.963183;0.822903;0.164581;
0.057660;0.963183;0.822903;0.164581;
0.057670;0.963183;0.822903;0.164581;
0.057680;0.963183;0.822903;0.164581;
0.057690;0.963183;0.822903;0.164581;
0.057700;0.963183;0.822903;0.164581;
0.057710;0.963183;0.822903;0.164581;
0.057720;0.963183;0.822903;0.164581;
0.057730;0.963183;0.822903;0.164581;
0.057740;0.963183;0.822903;0.164581;
0.057750;0.963183;0.822903;0.164581;
0.057760;0.963183;0.822903;0.164581;
0.057770;0.963183;0.822903;0.164581;
0.057780;0.963183;0.822903;0.164581;
0.057790;0.963183;0.822903;0.164581;
0.057800;0.963183;0.822903;0.164581;
0.057810;0.963183;0.822903;0.164581;
0.057820;0.963183;0.822903;0.164581;
0.057830;0.963183;0.822903;0.164581;
0.057840;0.963183;0.822903;0.164581;
0.057850;0.963183;0.822903;0.164581;
0.057860;0.963183;0.822903;0.164581;
0.057870;0.963183;0.822903;0.164581;
0.057880;0.963183;0.822903;0.164581;
0.057890;0.963183;0.822903;0.164581;
0.057900;0.963183;0.822903;0.164581;
0.057910;0.963183;0.822903;0.164581;
0.057920;0.963183;0.822903;0.164581;
0.057930;0.963183;0.822903;0.164581;
0.057940;0.963183;0.822903;0.164581;
0.057950;0.963183;0.822903;0.164581;
0.057960;0.963183;0.822903;0.164581;
0.057970;0.963183;0.822903;0.164581;
0.057980;0.963183;0.822903;0.164581;
0.057990;0.963183;0.822903;0.164581;
0.058000;0.963183;0.822903;0.164581;
0.058010;0.963183;0.822903;0.164581;
0.058020;0.963183;0.822903;0.164581;
0.058030;0.963183;0.822903;0.164581;
0.058040;0.963183;0.822903;0.164581;
0.058050;0.963183;0.822903;0.164581;
0.058060;0.963183;0.822903;0.164581;
0.058070;0.963183;0.822903;0.164581;
0.058080;0.963183;0.822903;0.164581;
0.058090;0.963183;0.822903;0.164581;
0.058100;0.963183;0.822903;0.164581;
0.058110;0.963183;0.822903;0.164581;
0.058120;0.963183;0.822903;0.164581;
0.058130;0.963183;0.822903;0.164581;
0.058140;0.963183;0.822903;0.164581;
0.058150;0.963183;0.822903;0.164581;
0.058160;0.963183;0.822903;0.164581;
0.058170;0.963183;0.822903;0.164581;
0.058180;0.963183;0.822903;0.164581;
0.058190;0.963183;0.822903;0.164581;
0.058200;0.963183;0.822903;0.164581;
0.058210;0.963183;0.822903;0.164581;
0.058220;0.963183;0.822903;0.164581;
0.058230;0.963183;0.822903;0.164581;
0.058240;0.963183;0.822903;0.164581;
0.058250;0.963183;0.822903;0.164581;
0.058260;0.963183;0.822903;0.164581;
0.058270;0.963183;0.822903;0.164581;
0.058280;0.963183;0.822903;0.164581;
0.058290;0.963183;0.822903;0.164581;
0.058300;0.963183;0.822903;0.164581;
0.058310;0.963183;0.822903;0.164581;
0.058320;0.963183;0.822903;0.164581;
0.058330;0.963183;0.822903;0.164581;
0.058340;0.963183;0.822903;0.164581;
0.058350;0.963183;0.822903;0.164581;
0.058360;0.963183;0.822903;0.164581;
0.058370;0.963183;0.822903;0.164581;
0.058380;0.963183;0.822903;0.164581;
0.058390;0.963183;0.822903;0.164581;
0.058400;0.963183;0.822903;0.164581;
0.058410;0.963183;0.822903;0.164581;
0.058420;0.963183;0.822903;0.164581;
0.058430;0.963183;0.822903;0.164581;
0.058440;0.963183;0.822903;0.164581;
0.058450;0.963183;0.822903;0.164581;
0.058460;0.963183;0.822903;0.164581;
0.058470;0.963183;0.822903;0.164581;
0.058480;0.963183;0.822903;0.164581;
0.058490;0.963183;0.822903;0.164581;
0.058500;0.963183;0.822903;0.164581;
0.058510;0.963183;0.822903;0.164581;
0.058520;0.963183;0.822903;0.164581;
0.058530;0.963183;0.822903;0.164581;
0.058540;0.963183;0.822903;0.164581;
0.058550;0.963183;0.822903;0.164581;
0.058560;0.963183;0.822903;0.164581;
0.058570;0.963183;0.822903;0.164581;
0.058580;0.963183;0.822903;0.164581;
0.058590;0.963183;0.822903;0.164581;
0.058600;0.963183;0.822903;0.164581;
0.058610;0.963183;0.822903;0.164581;
0.058620;0.963183;0.822903;0.164581;
0.058630;0.963183;0.822903;0.164581;
0.058640;0.963183;0.822903;0.164581;
0.058650;0.963183;0.822903;0.164581;
0.058660;0.963183;0.822903;0.164581;
0.058670;0.963183;0.822903;0.164581;
0.058680;0.963183;0.822903;0.164581;
0.058690;0.963183;0.822903;0.164581;
0.058700;0.963183;0.822903;0.164581;
0.058710;0.963183;0.822903;0.164581;
0.058720;0.963183;0.822903;0.164581;
0.058730;0.963183;0.822903;0.164581;
0.058740;0.963183;0.822903;0.164581;
0.058750;0.963183;0.822903;0.164581;
0.058760;0.963183;0.822903;0.164581;
0.058770;0.963183;0.822903;0.164581;
0.058780;0.963183;0.822903;0.164581;
0.058790;0.963183;0.822903;0.164581;
0.058800;0.963183;0.822903;0.164581;
0.058810;0.963183;0.822903;0.164581;
0.058820;0.963183;0.822903;0.164581;
0.058830;0.963183;0.822903;0.164581;
0.058840;0.963183;0.822903;0.164581;
0.058850;0.963183;0.822903;0.164581;
0.058860;0.963183;0.822903;0.164581;
0.058870;0.963183;0.822903;0.164581;
0.058880;0.963183;0.822903;0.164581;
0.058890;0.963183;0.822903;0.164581;
0.058900;0.963183;0.822903;0.164581;
0.058910;0.963183;0.822903;0.164581;
0.058920;0.963183;0.822903;0.164581;
0.058930;0.963183;0.822903;0.164581;
0.058940;0.963183;0.822903;0.164581;
0.058950;0.963183;0.822903;0.164581;
0.058960;0.963183;0.822903;0.164581;
0.058970;0.963183;0.822903;0.164581;
0.058980;0.963183;0.822903;0.164581;
0.058990;0.963183;0.822903;0.164581;
0.059000;0.963183;0.822903;0.164581;
0.059010;0.963183;0.822903;0.164581;
0.059020;0.963183;0.822903;0.164581;
0.059030;0.963183;0.822903;0.164581;
0.059040;0.963183;0.822903;0.164581;
0.059050;0.963183;0.822903;0.164581;
0.059060;0.963183;0.822903;0.164581;
0.059070;0.963183;0.822903;0.164581;
0.059080;0.963183;0.822903;0.164581;
0.059090;0.963183;0.822903;0.164581;
0.059100;0.963183;0.822903;0.164581;
0.059110;0.963183;0.822903;0.164581;
0.059120;0.963183;0.822903;0.164581;
0.059130;0.963183;0.822903;0.164581;
0.059140;0.963183;0.822903;0.164581;
0.059150;0.963183;0.822903;0.164581;
0.059160;0.963183;0.822903;0.164581;
0.059170;0.963183;0.822903;0.164581;
0.059180;0.963183;0.822903;0.164581;
0.059190;0.963183;0.822903;0.164581;
0.059200;0.963183;0.822903;0.164581;
0.059210;0.963183;0.822903;0.164581;
0.059220;0.963183;0.822903;0.164581;
0.059230;0.963183;0.822903;0.164581;
0.059240;0.963183;0.822903;0.164581;
0.059250;0.963183;0.822903;0.164581;
0.059260;0.963183;0.822903;0.164581;
0.059270;0.963183;0.822903;0.164581;
0.059280;0.963183;0.822903;0.164581;
0.059290;0.963183;0.822903;0.164581;
0.059300;0.963183;0.822903;0.164581;
0.059310;0.963183;0.822903;0.164581;
0.059320;0.963183;0.822903;0.164581;
0.059330;0.963183;0.822903;0.164581;
0.059340;0.963183;0.822903;0.164581;
0.059350;0.963183;0.822903;0.164581;
0.059360;0.963183;0.822903;0.164581;
0.059370;0.963183;0.822903;0.164581;
0.059380;0.963183;0.822903;0.164581;
0.059390;0.963183;0.822903;0.164581;
0.059400;0.963183;0.822903;0.164581;
0.059410;0.963183;0.822903;0.164581;
0.059420;0.963183;0.822903;0.164581;
0.059430;0.963183;0.822903;0.164581;
0.059440;0.963183;0.822903;0.164581;
0.059450;0.963183;0.822903;0.164581;
0.059460;0.963183;0.822903;0.164581;
0.059470;0.963183;0.822903;0.164581;
0.059480;0.963183;0.822903;0.164581;
0.059490;0.963183;0.822903;0.164581;
0.059500;0.963183;0.822903;0.164581;
0.059510;0.963183;0.822903;0.164581;
0.059520;0.963183;0.822903;0.164581;
0.059530;0.963183;0.822903;0.164581;
0.059540;0.963183;0.822903;0.164581;
0.059550;0.963183;0.822903;0.164581;
0.059560;0.963183;0.822903;0.164581;
0.059570;0.963183;0.822903;0.164581;
0.059580;0.963183;0.822903;0.164581;
0.059590;0.963183;0.822903;0.164581;
0.059600;0.963183;0.822903;0.164581;
0.059610;0.963183;0.822903;0.164581;
0.059620;0.963183;0.822903;0.164581;
0.059630;0.963183;0.822903;0.164581;
0.059640;0.963183;0.822903;0.164581;
0.059650;0.963183;0.822903;0.164581;
0.059660;0.963183;0.822903;0.164581;
0.059670;0.963183;0.822903;0.164581;
0.059680;0.963183;0.822903;0.164581;
0.059690;0.963183;0.822903;0.164581;
0.059700;0.963183;0.822903;0.164581;
0.059710;0.963183;0.822903;0.164581;
0.059720;0.963183;0.822903;0.164581;
0.059730;0.963183;0.822903;0.164581;
0.059740;0.963183;0.822903;0.164581;
0.059750;0.963183;0.822903;0.164581;
0.059760;0.963183;0.822903;0.164581;
0.059770;0.963183;0.822903;0.164581;
0.059780;0.963183;0.822903;0.164581;
0.059790;0.963183;0.822903;0.164581;
0.059800;0.963183;0.822903;0.164581;
0.059810;0.963183;0.822903;0.164581;
0.059820;0.963183;0.822903;0.164581;
0.059830;0.963183;0.822903;0.164581;
0.059840;0.963183;0.822903;0.164581;
0.059850;0.963183;0.822903;0.164581;
0.059860;0.963183;0.822903;0.164581;
0.059870;0.963183;0.822903;0.164581;
0.059880;0.963183;0.822903;0.164581;
0.059890;0.963183;0.822903;0.164581;
0.059900;0.963183;0.822903;0.164581;
0.059910;0.963183;0.822903;0.164581;
0.059920;0.963183;0.822903;0.164581;
0.059930;0.963183;0.822903;0.164581;
0.059940;0.963183;0.822903;0.164581;
0.059950;0.963183;0.822903;0.164581;
0.059960;0.963183;0.822903;0.164581;
0.059970;0.963183;0.822903;0.164581;
0.059980;0.963183;0.822903;0.164581;
0.059990;0.963183;0.822903;0.164581;
0.060000;0.963183;0.822903;0.164581;
