time;NETWORK_TFO_i_a;NETWORK_B1_v_a;
0.000000;0.000000;0.000000;
0.000010;0.044058;0.004196;
0.000020;0.087598;0.016335;
0.000030;0.130150;0.035517;
0.000040;0.171302;0.060844;
0.000050;0.210698;0.091431;
0.000060;0.248036;0.126412;
0.000070;0.283067;0.164954;
0.000080;0.315593;0.206259;
0.000090;0.345466;0.249573;
0.000100;0.372582;0.294190;
0.000110;0.396881;0.339454;
0.000120;0.418340;0.384765;
0.000130;0.436974;0.429579;
0.000140;0.452829;0.473410;
0.000150;0.465980;0.515829;
0.000160;0.476527;0.556465;
0.000170;0.484591;0.595003;
0.000180;0.490312;0.631184;
0.000190;0.493844;0.664801;
0.000200;0.495350;0.695695;
0.000210;0.495006;0.723758;
0.000220;0.492990;0.748924;
0.000230;0.489483;0.771167;
0.000240;0.484668;0.790499;
0.000250;0.478726;0.806965;
0.000260;0.471831;0.820640;
0.000270;0.464157;0.831626;
0.000280;0.455866;0.840044;
0.000290;0.447114;0.846038;
0.000300;0.438048;0.849764;
0.000310;0.428803;0.851392;
0.000320;0.419505;0.851098;
0.000330;0.410268;0.849067;
0.000340;0.401193;0.845485;
0.000350;0.392373;0.840541;
0.000360;0.383884;0.834418;
0.000370;0.375796;0.827300;
0.000380;0.368163;0.819363;
0.000390;0.361033;0.810776;
0.000400;0.354438;0.801699;
0.000410;0.348406;0.792284;
0.000420;0.342951;0.782672;
0.000430;0.338083;0.772992;
0.000440;0.333800;0.763363;
0.000450;0.330096;0.753890;
0.000460;0.326957;0.744667;
0.000470;0.324365;0.735777;
0.000480;0.322297;0.727290;
0.000490;0.320724;0.719264;
0.000500;0.319616;0.711748;
0.000510;0.318940;0.704777;
0.000520;0.318659;0.698379;
0.000530;0.318738;0.692572;
0.000540;0.319138;0.687362;
0.000550;0.319821;0.682753;
0.000560;0.320751;0.678735;
0.000570;0.321889;0.675298;
0.000580;0.323199;0.672420;
0.000590;0.324648;0.670080;
0.000600;0.326201;0.668249;
0.000610;0.327827;0.666894;
0.000620;0.329498;0.665983;
0.000630;0.331186;0.665478;
0.000640;0.332867;0.665343;
0.000650;0.334518;0.665537;
0.000660;0.336120;0.666023;
0.000670;0.337655;0.666761;
0.000680;0.339107;0.667714;
0.000690;0.340466;0.668843;
0.000700;0.341719;0.670114;
0.000710;0.342859;0.671491;
0.000720;0.343881;0.672944;
0.000730;0.344778;0.674440;
0.000740;0.345551;0.675954;
0.000750;0.346197;0.677458;
0.000760;0.346718;0.678930;
0.000770;0.347116;0.680349;
0.000780;0.347394;0.681698;
0.000790;0.347557;0.682960;
0.000800;0.347610;0.684123;
0.000810;0.347560;0.685175;
0.000820;0.347413;0.686108;
0.000830;0.347177;0.686916;
0.000840;0.346859;0.687594;
0.000850;0.346466;0.688140;
0.000860;0.346007;0.688552;
0.000870;0.345490;0.688833;
0.000880;0.344922;0.688983;
0.000890;0.344311;0.689007;
0.000900;0.343665;0.688909;
0.000910;0.342989;0.688694;
0.000920;0.342292;0.688369;
0.000930;0.341580;0.687941;
0.000940;0.340857;0.687417;
0.000950;0.340130;0.686804;
0.000960;0.339403;0.686112;
0.000970;0.338680;0.685347;
0.000980;0.337967;0.684518;
0.000990;0.337265;0.683634;
0.001000;0.336577;0.682701;
0.001010;0.335907;0.681728;
0.001020;0.335255;0.680722;
0.001030;0.334624;0.679689;
0.001040;0.334014;0.678637;
0.001050;0.333427;0.677571;
0.001060;0.332861;0.676496;
0.001070;0.332318;0.675418;
0.001080;0.331796;0.674342;
0.001090;0.331296;0.673270;
0.001100;0.330816;0.672207;
0.001110;0.330355;0.671156;
0.001120;0.329912;0.670119;
0.001130;0.329487;0.669098;
0.001140;0.329076;0.668095;
0.001150;0.328679;0.667110;
0.001160;0.328295;0.666145;
0.001170;0.327921;0.665199;
0.001180;0.327555;0.664273;
0.001190;0.327198;0.663367;
0.001200;0.326845;0.662479;
0.001210;0.326497;0.661608;
0.001220;0.326151;0.660755;
0.001230;0.325807;0.659917;
0.001240;0.325462;0.659094;
0.001250;0.325117;0.658283;
0.001260;0.324768;0.657483;
0.001270;0.324416;0.656693;
0.001280;0.324060;0.655910;
0.001290;0.323698;0.655134;
0.001300;0.323330;0.654362;
0.001310;0.322955;0.653592;
0.001320;0.322573;0.652824;
0.001330;0.322184;0.652056;
0.001340;0.321786;0.651286;
0.001350;0.321380;0.650513;
0.001360;0.320966;0.649735;
0.001370;0.320544;0.648952;
0.001380;0.320113;0.648162;
0.001390;0.319673;0.647364;
0.001400;0.319225;0.646558;
0.001410;0.318769;0.645742;
0.001420;0.318306;0.644917;
0.001430;0.317834;0.644081;
0.001440;0.317355;0.643234;
0.001450;0.316869;0.642376;
0.001460;0.316376;0.641506;
0.001470;0.315876;0.640625;
0.001480;0.315371;0.639732;
0.001490;0.314860;0.638827;
0.001500;0.314343;0.637910;
0.001510;0.313821;0.636982;
0.001520;0.313295;0.636042;
0.001530;0.312764;0.635092;
0.001540;0.312229;0.634130;
0.001550;0.311690;0.633157;
0.001560;0.311147;0.632174;
0.001570;0.310601;0.631181;
0.001580;0.310052;0.630179;
0.001590;0.309501;0.629167;
0.001600;0.308946;0.628146;
0.001610;0.308389;0.627116;
0.001620;0.307830;0.626078;
0.001630;0.307268;0.625033;
0.001640;0.306705;0.623979;
0.001650;0.306139;0.622919;
0.001660;0.305571;0.621851;
0.001670;0.305002;0.620777;
0.001680;0.304430;0.619697;
0.001690;0.303857;0.618610;
0.001700;0.303281;0.617518;
0.001710;0.302704;0.616419;
0.001720;0.302125;0.615315;
0.001730;0.301544;0.614206;
0.001740;0.300960;0.613092;
0.001750;0.300375;0.611972;
0.001760;0.299788;0.610847;
0.001770;0.299198;0.609718;
0.001780;0.298607;0.608583;
0.001790;0.298013;0.607444;
0.001800;0.297416;0.606300;
0.001810;0.296817;0.605150;
0.001820;0.296216;0.603996;
0.001830;0.295612;0.602838;
0.001840;0.295006;0.601674;
0.001850;0.294397;0.600505;
0.001860;0.293785;0.599331;
0.001870;0.293170;0.598153;
0.001880;0.292553;0.596969;
0.001890;0.291932;0.595780;
0.001900;0.291309;0.594586;
0.001910;0.290683;0.593386;
0.001920;0.290054;0.592182;
0.001930;0.289422;0.590971;
0.001940;0.288786;0.589756;
0.001950;0.288148;0.588535;
0.001960;0.287507;0.587308;
0.001970;0.286863;0.586076;
0.001980;0.286215;0.584838;
0.001990;0.285565;0.583595;
0.002000;0.284912;0.582345;
0.002010;0.284255;0.581090;
0.002020;0.283596;0.579829;
0.002030;0.282933;0.578563;
0.002040;0.282268;0.577290;
0.002050;0.281599;0.576012;
0.002060;0.280928;0.574727;
0.002070;0.280253;0.573437;
0.002080;0.279576;0.572141;
0.002090;0.278896;0.570839;
0.002100;0.278212;0.569532;
0.002110;0.277526;0.568218;
0.002120;0.276837;0.566898;
0.002130;0.276146;0.565573;
0.002140;0.275451;0.564242;
0.002150;0.274754;0.562905;
0.002160;0.274054;0.561563;
0.002170;0.273351;0.560214;
0.002180;0.272645;0.558860;
0.002190;0.271937;0.557500;
0.002200;0.271226;0.556135;
0.002210;0.270512;0.554764;
0.002220;0.269796;0.553387;
0.002230;0.269077;0.552005;
0.002240;0.268355;0.550617;
0.002250;0.267631;0.549223;
0.002260;0.266904;0.547825;
0.002270;0.266175;0.546420;
0.002280;0.265443;0.545010;
0.002290;0.264708;0.543595;
0.002300;0.263971;0.542175;
0.002310;0.263231;0.540749;
0.002320;0.262489;0.539318;
0.002330;0.261744;0.537881;
0.002340;0.260997;0.536439;
0.002350;0.260247;0.534992;
0.002360;0.259495;0.533540;
0.002370;0.258740;0.532082;
0.002380;0.257982;0.530619;
0.002390;0.257223;0.529151;
0.002400;0.256460;0.527678;
0.002410;0.255695;0.526200;
0.002420;0.254928;0.524716;
0.002430;0.254158;0.523228;
0.002440;0.253385;0.521734;
0.002450;0.252611;0.520235;
0.002460;0.251833;0.518731;
0.002470;0.251053;0.517222;
0.002480;0.250271;0.515708;
0.002490;0.249486;0.514189;
0.002500;0.248699;0.512665;
0.002510;0.247909;0.511135;
0.002520;0.247117;0.509601;
0.002530;0.246323;0.508062;
0.002540;0.245526;0.506518;
0.002550;0.244726;0.504969;
0.002560;0.243924;0.503415;
0.002570;0.243120;0.501856;
0.002580;0.242313;0.500292;
0.002590;0.241504;0.498723;
0.002600;0.240693;0.497149;
0.002610;0.239879;0.495570;
0.002620;0.239063;0.493986;
0.002630;0.238244;0.492398;
0.002640;0.237423;0.490805;
0.002650;0.236600;0.489206;
0.002660;0.235774;0.487603;
0.002670;0.234946;0.485995;
0.002680;0.234116;0.484383;
0.002690;0.233283;0.482765;
0.002700;0.232448;0.481143;
0.002710;0.231611;0.479516;
0.002720;0.230772;0.477884;
0.002730;0.229930;0.476248;
0.002740;0.229086;0.474607;
0.002750;0.228239;0.472961;
0.002760;0.227391;0.471310;
0.002770;0.226540;0.469655;
0.002780;0.225687;0.467995;
0.002790;0.224831;0.466331;
0.002800;0.223974;0.464661;
0.002810;0.223114;0.462988;
0.002820;0.222252;0.461310;
0.002830;0.221388;0.459627;
0.002840;0.220521;0.457939;
0.002850;0.219653;0.456247;
0.002860;0.218782;0.454551;
0.002870;0.217909;0.452850;
0.002880;0.217034;0.451145;
0.002890;0.216157;0.449435;
0.002900;0.215278;0.447721;
0.002910;0.214397;0.446002;
0.002920;0.213513;0.444279;
0.002930;0.212627;0.442551;
0.002940;0.211740;0.440820;
0.002950;0.210850;0.439083;
0.002960;0.209958;0.437343;
0.002970;0.209064;0.435598;
0.002980;0.208168;0.433849;
0.002990;0.207270;0.432095;
0.003000;0.206370;0.430338;
0.003010;0.205468;0.428576;
0.003020;0.204564;0.426810;
0.003030;0.203657;0.425039;
0.003040;0.202749;0.423265;
0.003050;0.201839;0.421486;
0.003060;0.200927;0.419703;
0.003070;0.200013;0.417916;
0.003080;0.199096;0.416125;
0.003090;0.198178;0.414330;
0.003100;0.197258;0.412530;
0.003110;0.196336;0.410727;
0.003120;0.195412;0.408919;
0.003130;0.194486;0.407108;
0.003140;0.193559;0.405292;
0.003150;0.192629;0.403473;
0.003160;0.191697;0.401649;
0.003170;0.190764;0.399822;
0.003180;0.189828;0.397991;
0.003190;0.188891;0.396155;
0.003200;0.187952;0.394316;
0.003210;0.187011;0.392473;
0.003220;0.186068;0.390626;
0.003230;0.185124;0.388775;
0.003240;0.184177;0.386920;
0.003250;0.183229;0.385062;
0.003260;0.182279;0.383199;
0.003270;0.181327;0.381333;
0.003280;0.180373;0.379464;
0.003290;0.179418;0.377590;
0.003300;0.178460;0.375713;
0.003310;0.177501;0.373832;
0.003320;0.176541;0.371947;
0.003330;0.175578;0.370058;
0.003340;0.174614;0.368166;
0.003350;0.173648;0.366271;
0.003360;0.172680;0.364371;
0.003370;0.171711;0.362468;
0.003380;0.170740;0.360562;
0.003390;0.169767;0.358652;
0.003400;0.168792;0.356738;
0.003410;0.167816;0.354821;
0.003420;0.166839;0.352901;
0.003430;0.165859;0.350977;
0.003440;0.164878;0.349049;
0.003450;0.163895;0.347118;
0.003460;0.162911;0.345184;
0.003470;0.161925;0.343246;
0.003480;0.160938;0.341305;
0.003490;0.159949;0.339360;
0.003500;0.158958;0.337412;
0.003510;0.157966;0.335461;
0.003520;0.156972;0.333506;
0.003530;0.155977;0.331548;
0.003540;0.154980;0.329587;
0.003550;0.153981;0.327623;
0.003560;0.152981;0.325655;
0.003570;0.151980;0.323684;
0.003580;0.150977;0.321710;
0.003590;0.149973;0.319733;
0.003600;0.148967;0.317753;
0.003610;0.147959;0.315769;
0.003620;0.146950;0.313783;
0.003630;0.145940;0.311793;
0.003640;0.144928;0.309800;
0.003650;0.143915;0.307804;
0.003660;0.142901;0.305805;
0.003670;0.141885;0.303803;
0.003680;0.140867;0.301798;
0.003690;0.139848;0.299791;
0.003700;0.138828;0.297780;
0.003710;0.137807;0.295766;
0.003720;0.136784;0.293749;
0.003730;0.135760;0.291730;
0.003740;0.134734;0.289707;
0.003750;0.133707;0.287682;
0.003760;0.132679;0.285654;
0.003770;0.131649;0.283623;
0.003780;0.130618;0.281589;
0.003790;0.129586;0.279552;
0.003800;0.128553;0.277513;
0.003810;0.127518;0.275471;
0.003820;0.126482;0.273426;
0.003830;0.125445;0.271379;
0.003840;0.124407;0.269328;
0.003850;0.123367;0.267276;
0.003860;0.122326;0.265220;
0.003870;0.121284;0.263162;
0.003880;0.120241;0.261101;
0.003890;0.119196;0.259038;
0.003900;0.118151;0.256972;
0.003910;0.117104;0.254904;
0.003920;0.116056;0.252833;
0.003930;0.115007;0.250760;
0.003940;0.113957;0.248684;
0.003950;0.112905;0.246606;
0.003960;0.111853;0.244525;
0.003970;0.110799;0.242442;
0.003980;0.109744;0.240356;
0.003990;0.108689;0.238268;
0.004000;0.107632;0.236178;
0.004010;0.106574;0.234085;
0.004020;0.105515;0.231991;
0.004030;0.104455;0.229893;
0.004040;0.103394;0.227794;
0.004050;0.102332;0.225692;
0.004060;0.101269;0.223588;
0.004070;0.100205;0.221482;
0.004080;0.099140;0.219374;
0.004090;0.098074;0.217263;
0.004100;0.097007;0.215151;
0.004110;0.095939;0.213036;
0.004120;0.094870;0.210919;
0.004130;0.093800;0.208800;
0.004140;0.092729;0.206679;
0.004150;0.091658;0.204556;
0.004160;0.090585;0.202431;
0.004170;0.089512;0.200304;
0.004180;0.088437;0.198175;
0.004190;0.087362;0.196044;
0.004200;0.086286;0.193911;
0.004210;0.085209;0.191776;
0.004220;0.084131;0.189639;
0.004230;0.083053;0.187501;
0.004240;0.081973;0.185360;
0.004250;0.080893;0.183218;
0.004260;0.079812;0.181074;
0.004270;0.078730;0.178928;
0.004280;0.077648;0.176780;
0.004290;0.076564;0.174631;
0.004300;0.075480;0.172480;
0.004310;0.074395;0.170327;
0.004320;0.073310;0.168173;
0.004330;0.072223;0.166016;
0.004340;0.071136;0.163859;
0.004350;0.070049;0.161699;
0.004360;0.068960;0.159538;
0.004370;0.067871;0.157376;
0.004380;0.066781;0.155212;
0.004390;0.065691;0.153046;
0.004400;0.064600;0.150879;
0.004410;0.063508;0.148710;
0.004420;0.062416;0.146540;
0.004430;0.061323;0.144368;
0.004440;0.060229;0.142195;
0.004450;0.059135;0.140021;
0.004460;0.058040;0.137845;
0.004470;0.056945;0.135668;
0.004480;0.055849;0.133489;
0.004490;0.054753;0.131310;
0.004500;0.053656;0.129129;
0.004510;0.052558;0.126946;
0.004520;0.051460;0.124763;
0.004530;0.050361;0.122578;
0.004540;0.049262;0.120392;
0.004550;0.048163;0.118204;
0.004560;0.047063;0.116016;
0.004570;0.045962;0.113826;
0.004580;0.044862;0.111636;
0.004590;0.043760;0.109444;
0.004600;0.042658;0.107251;
0.004610;0.041556;0.105057;
0.004620;0.040454;0.102862;
0.004630;0.039351;0.100666;
0.004640;0.038247;0.098469;
0.004650;0.037143;0.096271;
0.004660;0.036039;0.094072;
0.004670;0.034935;0.091872;
0.004680;0.033830;0.089672;
0.004690;0.032725;0.087470;
0.004700;0.031619;0.085268;
0.004710;0.030513;0.083064;
0.004720;0.029407;0.080860;
0.004730;0.028301;0.078655;
0.004740;0.027194;0.076449;
0.004750;0.026087;0.074243;
0.004760;0.024980;0.072036;
0.004770;0.023873;0.069828;
0.004780;0.022765;0.067619;
0.004790;0.021657;0.065410;
0.004800;0.020549;0.063200;
0.004810;0.019440;0.060989;
0.004820;0.018332;0.058778;
0.004830;0.017223;0.056567;
0.004840;0.016114;0.054354;
0.004850;0.015005;0.052141;
0.004860;0.013896;0.049928;
0.004870;0.012787;0.047714;
0.004880;0.011677;0.045500;
0.004890;0.010568;0.043285;
0.004900;0.009458;0.041070;
0.004910;0.008348;0.038854;
0.004920;0.007238;0.036638;
0.004930;0.006129;0.034422;
0.004940;0.005019;0.032205;
0.004950;0.003909;0.029988;
0.004960;0.002798;0.027771;
0.004970;0.001688;0.025554;
0.004980;0.000578;0.023336;
0.004990;-0.000532;0.021118;
0.005000;-0.001642;0.018900;
0.005010;-0.002752;0.016681;
0.005020;-0.003862;0.014463;
0.005030;-0.004972;0.012244;
0.005040;-0.006082;0.010025;
0.005050;-0.007192;0.007806;
0.005060;-0.008302;0.005587;
0.005070;-0.009412;0.003368;
0.005080;-0.010521;0.001149;
0.005090;-0.011631;-0.001070;
0.005100;-0.012740;-0.003290;
0.005110;-0.013850;-0.005509;
0.005120;-0.014959;-0.007728;
0.005130;-0.016068;-0.009947;
0.005140;-0.017177;-0.012166;
0.005150;-0.018286;-0.014384;
0.005160;-0.019394;-0.016603;
0.005170;-0.020502;-0.018821;
0.005180;-0.021611;-0.021040;
0.005190;-0.022719;-0.023258;
0.005200;-0.023826;-0.025475;
0.005210;-0.024934;-0.027693;
0.005220;-0.026041;-0.029910;
0.005230;-0.027148;-0.032127;
0.005240;-0.028255;-0.034344;
0.005250;-0.029361;-0.036560;
0.005260;-0.030467;-0.038776;
0.005270;-0.031573;-0.040992;
0.005280;-0.032678;-0.043207;
0.005290;-0.033784;-0.045422;
0.005300;-0.034889;-0.047636;
0.005310;-0.035993;-0.049850;
0.005320;-0.037097;-0.052063;
0.005330;-0.038201;-0.054276;
0.005340;-0.039304;-0.056489;
0.005350;-0.040407;-0.058700;
0.005360;-0.041510;-0.060911;
0.005370;-0.042612;-0.063122;
0.005380;-0.043714;-0.065332;
0.005390;-0.044816;-0.067541;
0.005400;-0.045916;-0.069750;
0.005410;-0.047017;-0.071958;
0.005420;-0.048117;-0.074165;
0.005430;-0.049216;-0.076372;
0.005440;-0.050316;-0.078577;
0.005450;-0.051414;-0.080782;
0.005460;-0.052512;-0.082987;
0.005470;-0.053610;-0.085190;
0.005480;-0.054707;-0.087392;
0.005490;-0.055803;-0.089594;
0.005500;-0.056899;-0.091795;
0.005510;-0.057994;-0.093995;
0.005520;-0.059089;-0.096194;
0.005530;-0.060183;-0.098392;
0.005540;-0.061277;-0.100589;
0.005550;-0.062370;-0.102785;
0.005560;-0.063462;-0.104980;
0.005570;-0.064554;-0.107174;
0.005580;-0.065645;-0.109367;
0.005590;-0.066736;-0.111558;
0.005600;-0.067825;-0.113749;
0.005610;-0.068915;-0.115939;
0.005620;-0.070003;-0.118127;
0.005630;-0.071091;-0.120315;
0.005640;-0.072178;-0.122501;
0.005650;-0.073264;-0.124686;
0.005660;-0.074350;-0.126869;
0.005670;-0.075435;-0.129052;
0.005680;-0.076519;-0.131233;
0.005690;-0.077602;-0.133413;
0.005700;-0.078685;-0.135591;
0.005710;-0.079767;-0.137768;
0.005720;-0.080848;-0.139944;
0.005730;-0.081928;-0.142119;
0.005740;-0.083008;-0.144292;
0.005750;-0.084086;-0.146463;
0.005760;-0.085164;-0.148634;
0.005770;-0.086241;-0.150802;
0.005780;-0.087317;-0.152970;
0.005790;-0.088392;-0.155135;
0.005800;-0.089467;-0.157299;
0.005810;-0.090540;-0.159462;
0.005820;-0.091613;-0.161623;
0.005830;-0.092685;-0.163783;
0.005840;-0.093755;-0.165940;
0.005850;-0.094825;-0.168097;
0.005860;-0.095894;-0.170251;
0.005870;-0.096962;-0.172404;
0.005880;-0.098029;-0.174555;
0.005890;-0.099095;-0.176705;
0.005900;-0.100160;-0.178852;
0.005910;-0.101224;-0.180998;
0.005920;-0.102288;-0.183143;
0.005930;-0.103350;-0.185285;
0.005940;-0.104411;-0.187425;
0.005950;-0.105471;-0.189564;
0.005960;-0.106530;-0.191701;
0.005970;-0.107588;-0.193836;
0.005980;-0.108645;-0.195969;
0.005990;-0.109700;-0.198100;
0.006000;-0.110755;-0.200229;
0.006010;-0.111809;-0.202356;
0.006020;-0.112861;-0.204481;
0.006030;-0.113913;-0.206604;
0.006040;-0.114963;-0.208725;
0.006050;-0.116012;-0.210844;
0.006060;-0.117060;-0.212961;
0.006070;-0.118107;-0.215076;
0.006080;-0.119153;-0.217189;
0.006090;-0.120197;-0.219299;
0.006100;-0.121240;-0.221408;
0.006110;-0.122283;-0.223514;
0.006120;-0.123324;-0.225618;
0.006130;-0.124363;-0.227720;
0.006140;-0.125402;-0.229819;
0.006150;-0.126439;-0.231917;
0.006160;-0.127475;-0.234012;
0.006170;-0.128510;-0.236104;
0.006180;-0.129543;-0.238195;
0.006190;-0.130575;-0.240283;
0.006200;-0.131606;-0.242368;
0.006210;-0.132636;-0.244451;
0.006220;-0.133664;-0.246532;
0.006230;-0.134691;-0.248611;
0.006240;-0.135717;-0.250687;
0.006250;-0.136741;-0.252760;
0.006260;-0.137764;-0.254831;
0.006270;-0.138786;-0.256899;
0.006280;-0.139806;-0.258965;
0.006290;-0.140825;-0.261029;
0.006300;-0.141842;-0.263089;
0.006310;-0.142858;-0.265148;
0.006320;-0.143873;-0.267203;
0.006330;-0.144886;-0.269256;
0.006340;-0.145898;-0.271306;
0.006350;-0.146908;-0.273354;
0.006360;-0.147917;-0.275399;
0.006370;-0.148925;-0.277441;
0.006380;-0.149931;-0.279480;
0.006390;-0.150935;-0.281517;
0.006400;-0.151938;-0.283551;
0.006410;-0.152940;-0.285582;
0.006420;-0.153940;-0.287610;
0.006430;-0.154938;-0.289636;
0.006440;-0.155935;-0.291658;
0.006450;-0.156930;-0.293678;
0.006460;-0.157924;-0.295695;
0.006470;-0.158916;-0.297709;
0.006480;-0.159907;-0.299720;
0.006490;-0.160896;-0.301728;
0.006500;-0.161884;-0.303733;
0.006510;-0.162870;-0.305735;
0.006520;-0.163854;-0.307734;
0.006530;-0.164837;-0.309730;
0.006540;-0.165818;-0.311723;
0.006550;-0.166798;-0.313712;
0.006560;-0.167775;-0.315699;
0.006570;-0.168752;-0.317683;
0.006580;-0.169726;-0.319663;
0.006590;-0.170699;-0.321641;
0.006600;-0.171670;-0.323615;
0.006610;-0.172640;-0.325586;
0.006620;-0.173607;-0.327553;
0.006630;-0.174573;-0.329518;
0.006640;-0.175538;-0.331479;
0.006650;-0.176500;-0.333437;
0.006660;-0.177461;-0.335392;
0.006670;-0.178420;-0.337343;
0.006680;-0.179378;-0.339291;
0.006690;-0.180333;-0.341236;
0.006700;-0.181287;-0.343177;
0.006710;-0.182239;-0.345115;
0.006720;-0.183189;-0.347050;
0.006730;-0.184137;-0.348981;
0.006740;-0.185084;-0.350909;
0.006750;-0.186029;-0.352833;
0.006760;-0.186972;-0.354754;
0.006770;-0.187913;-0.356671;
0.006780;-0.188852;-0.358585;
0.006790;-0.189789;-0.360495;
0.006800;-0.190725;-0.362401;
0.006810;-0.191658;-0.364304;
0.006820;-0.192590;-0.366204;
0.006830;-0.193520;-0.368100;
0.006840;-0.194448;-0.369992;
0.006850;-0.195374;-0.371880;
0.006860;-0.196298;-0.373765;
0.006870;-0.197220;-0.375646;
0.006880;-0.198140;-0.377524;
0.006890;-0.199058;-0.379398;
0.006900;-0.199974;-0.381268;
0.006910;-0.200889;-0.383134;
0.006920;-0.201801;-0.384996;
0.006930;-0.202711;-0.386855;
0.006940;-0.203620;-0.388710;
0.006950;-0.204526;-0.390561;
0.006960;-0.205430;-0.392408;
0.006970;-0.206332;-0.394251;
0.006980;-0.207232;-0.396091;
0.006990;-0.208131;-0.397926;
0.007000;-0.209027;-0.399758;
0.007010;-0.209921;-0.401585;
0.007020;-0.210813;-0.403409;
0.007030;-0.211703;-0.405229;
0.007040;-0.212590;-0.407044;
0.007050;-0.213476;-0.408856;
0.007060;-0.214360;-0.410663;
0.007070;-0.215241;-0.412467;
0.007080;-0.216120;-0.414266;
0.007090;-0.216998;-0.416062;
0.007100;-0.217873;-0.417853;
0.007110;-0.218746;-0.419640;
0.007120;-0.219616;-0.421423;
0.007130;-0.220485;-0.423202;
0.007140;-0.221351;-0.424977;
0.007150;-0.222216;-0.426747;
0.007160;-0.223078;-0.428514;
0.007170;-0.223937;-0.430276;
0.007180;-0.224795;-0.432033;
0.007190;-0.225651;-0.433787;
0.007200;-0.226504;-0.435536;
0.007210;-0.227355;-0.437281;
0.007220;-0.228203;-0.439022;
0.007230;-0.229050;-0.440758;
0.007240;-0.229894;-0.442490;
0.007250;-0.230736;-0.444218;
0.007260;-0.231576;-0.445941;
0.007270;-0.232413;-0.447660;
0.007280;-0.233248;-0.449374;
0.007290;-0.234081;-0.451084;
0.007300;-0.234911;-0.452790;
0.007310;-0.235739;-0.454491;
0.007320;-0.236565;-0.456187;
0.007330;-0.237389;-0.457879;
0.007340;-0.238210;-0.459567;
0.007350;-0.239028;-0.461250;
0.007360;-0.239845;-0.462928;
0.007370;-0.240659;-0.464602;
0.007380;-0.241471;-0.466271;
0.007390;-0.242280;-0.467936;
0.007400;-0.243087;-0.469596;
0.007410;-0.243891;-0.471252;
0.007420;-0.244693;-0.472902;
0.007430;-0.245493;-0.474548;
0.007440;-0.246290;-0.476190;
0.007450;-0.247085;-0.477827;
0.007460;-0.247878;-0.479459;
0.007470;-0.248667;-0.481086;
0.007480;-0.249455;-0.482708;
0.007490;-0.250240;-0.484326;
0.007500;-0.251023;-0.485939;
0.007510;-0.251803;-0.487547;
0.007520;-0.252580;-0.489151;
0.007530;-0.253355;-0.490749;
0.007540;-0.254128;-0.492343;
0.007550;-0.254898;-0.493932;
0.007560;-0.255666;-0.495516;
0.007570;-0.256431;-0.497095;
0.007580;-0.257193;-0.498669;
0.007590;-0.257953;-0.500238;
0.007600;-0.258711;-0.501803;
0.007610;-0.259465;-0.503362;
0.007620;-0.260218;-0.504916;
0.007630;-0.260967;-0.506466;
0.007640;-0.261715;-0.508010;
0.007650;-0.262459;-0.509550;
0.007660;-0.263201;-0.511084;
0.007670;-0.263941;-0.512613;
0.007680;-0.264677;-0.514138;
0.007690;-0.265412;-0.515657;
0.007700;-0.266143;-0.517171;
0.007710;-0.266872;-0.518680;
0.007720;-0.267598;-0.520184;
0.007730;-0.268322;-0.521683;
0.007740;-0.269043;-0.523176;
0.007750;-0.269762;-0.524665;
0.007760;-0.270477;-0.526148;
0.007770;-0.271190;-0.527626;
0.007780;-0.271901;-0.529099;
0.007790;-0.272608;-0.530566;
0.007800;-0.273313;-0.532029;
0.007810;-0.274016;-0.533486;
0.007820;-0.274715;-0.534938;
0.007830;-0.275412;-0.536384;
0.007840;-0.276106;-0.537826;
0.007850;-0.276798;-0.539262;
0.007860;-0.277486;-0.540692;
0.007870;-0.278172;-0.542118;
0.007880;-0.278855;-0.543538;
0.007890;-0.279536;-0.544952;
0.007900;-0.280214;-0.546362;
0.007910;-0.280889;-0.547765;
0.007920;-0.281561;-0.549164;
0.007930;-0.282230;-0.550557;
0.007940;-0.282897;-0.551945;
0.007950;-0.283560;-0.553327;
0.007960;-0.284221;-0.554703;
0.007970;-0.284880;-0.556075;
0.007980;-0.285535;-0.557440;
0.007990;-0.286188;-0.558801;
0.008000;-0.286837;-0.560155;
0.008010;-0.287484;-0.561504;
0.008020;-0.288128;-0.562848;
0.008030;-0.288770;-0.564186;
0.008040;-0.289408;-0.565519;
0.008050;-0.290043;-0.566846;
0.008060;-0.290676;-0.568167;
0.008070;-0.291306;-0.569483;
0.008080;-0.291933;-0.570793;
0.008090;-0.292557;-0.572097;
0.008100;-0.293178;-0.573396;
0.008110;-0.293796;-0.574689;
0.008120;-0.294412;-0.575977;
0.008130;-0.295024;-0.577259;
0.008140;-0.295634;-0.578535;
0.008150;-0.296240;-0.579805;
0.008160;-0.296844;-0.581070;
0.008170;-0.297445;-0.582329;
0.008180;-0.298043;-0.583582;
0.008190;-0.298637;-0.584829;
0.008200;-0.299229;-0.586071;
0.008210;-0.299818;-0.587307;
0.008220;-0.300404;-0.588537;
0.008230;-0.300988;-0.589761;
0.008240;-0.301568;-0.590980;
0.008250;-0.302145;-0.592192;
0.008260;-0.302719;-0.593399;
0.008270;-0.303290;-0.594600;
0.008280;-0.303858;-0.595795;
0.008290;-0.304423;-0.596984;
0.008300;-0.304985;-0.598168;
0.008310;-0.305545;-0.599345;
0.008320;-0.306101;-0.600516;
0.008330;-0.306654;-0.601682;
0.008340;-0.307204;-0.602842;
0.008350;-0.307751;-0.603995;
0.008360;-0.308295;-0.605143;
0.008370;-0.308836;-0.606285;
0.008380;-0.309374;-0.607420;
0.008390;-0.309909;-0.608550;
0.008400;-0.310441;-0.609674;
0.008410;-0.310969;-0.610792;
0.008420;-0.311495;-0.611903;
0.008430;-0.312018;-0.613009;
0.008440;-0.312537;-0.614109;
0.008450;-0.313054;-0.615202;
0.008460;-0.313567;-0.616290;
0.008470;-0.314077;-0.617371;
0.008480;-0.314584;-0.618446;
0.008490;-0.315088;-0.619515;
0.008500;-0.315589;-0.620578;
0.008510;-0.316087;-0.621635;
0.008520;-0.316582;-0.622686;
0.008530;-0.317073;-0.623731;
0.008540;-0.317562;-0.624769;
0.008550;-0.318047;-0.625802;
0.008560;-0.318529;-0.626828;
0.008570;-0.319008;-0.627848;
0.008580;-0.319484;-0.628862;
0.008590;-0.319957;-0.629869;
0.008600;-0.320427;-0.630871;
0.008610;-0.320893;-0.631866;
0.008620;-0.321356;-0.632855;
0.008630;-0.321816;-0.633837;
0.008640;-0.322273;-0.634814;
0.008650;-0.322727;-0.635784;
0.008660;-0.323177;-0.636748;
0.008670;-0.323625;-0.637705;
0.008680;-0.324069;-0.638657;
0.008690;-0.324510;-0.639601;
0.008700;-0.324948;-0.640540;
0.008710;-0.325382;-0.641472;
0.008720;-0.325813;-0.642398;
0.008730;-0.326242;-0.643318;
0.008740;-0.326666;-0.644231;
0.008750;-0.327088;-0.645138;
0.008760;-0.327507;-0.646039;
0.008770;-0.327922;-0.646933;
0.008780;-0.328334;-0.647821;
0.008790;-0.328742;-0.648703;
0.008800;-0.329148;-0.649578;
0.008810;-0.329550;-0.650446;
0.008820;-0.329949;-0.651308;
0.008830;-0.330345;-0.652164;
0.008840;-0.330737;-0.653014;
0.008850;-0.331127;-0.653856;
0.008860;-0.331512;-0.654693;
0.008870;-0.331895;-0.655523;
0.008880;-0.332275;-0.656346;
0.008890;-0.332651;-0.657163;
0.008900;-0.333023;-0.657974;
0.008910;-0.333393;-0.658778;
0.008920;-0.333759;-0.659576;
0.008930;-0.334122;-0.660367;
0.008940;-0.334482;-0.661151;
0.008950;-0.334838;-0.661929;
0.008960;-0.335191;-0.662701;
0.008970;-0.335541;-0.663465;
0.008980;-0.335887;-0.664224;
0.008990;-0.336231;-0.664976;
0.009000;-0.336570;-0.665721;
0.009010;-0.336907;-0.666460;
0.009020;-0.337240;-0.667192;
0.009030;-0.337570;-0.667917;
0.009040;-0.337896;-0.668636;
0.009050;-0.338219;-0.669349;
0.009060;-0.338539;-0.670054;
0.009070;-0.338856;-0.670753;
0.009080;-0.339169;-0.671446;
0.009090;-0.339479;-0.672132;
0.009100;-0.339785;-0.672811;
0.009110;-0.340088;-0.673484;
0.009120;-0.340388;-0.674150;
0.009130;-0.340684;-0.674809;
0.009140;-0.340977;-0.675461;
0.009150;-0.341267;-0.676107;
0.009160;-0.341553;-0.676747;
0.009170;-0.341836;-0.677379;
0.009180;-0.342116;-0.678005;
0.009190;-0.342392;-0.678625;
0.009200;-0.342664;-0.679237;
0.009210;-0.342934;-0.679843;
0.009220;-0.343200;-0.680442;
0.009230;-0.343462;-0.681034;
0.009240;-0.343722;-0.681620;
0.009250;-0.343978;-0.682199;
0.009260;-0.344230;-0.682771;
0.009270;-0.344479;-0.683337;
0.009280;-0.344725;-0.683896;
0.009290;-0.344967;-0.684448;
0.009300;-0.345206;-0.684993;
0.009310;-0.345441;-0.685531;
0.009320;-0.345673;-0.686063;
0.009330;-0.345902;-0.686588;
0.009340;-0.346127;-0.687106;
0.009350;-0.346349;-0.687617;
0.009360;-0.346567;-0.688122;
0.009370;-0.346782;-0.688620;
0.009380;-0.346994;-0.689111;
0.009390;-0.347202;-0.689595;
0.009400;-0.347406;-0.690072;
0.009410;-0.347607;-0.690543;
0.009420;-0.347805;-0.691007;
0.009430;-0.348000;-0.691464;
0.009440;-0.348191;-0.691914;
0.009450;-0.348378;-0.692357;
0.009460;-0.348562;-0.692794;
0.009470;-0.348743;-0.693223;
0.009480;-0.348920;-0.693646;
0.009490;-0.349094;-0.694062;
0.009500;-0.349264;-0.694471;
0.009510;-0.349431;-0.694873;
0.009520;-0.349594;-0.695269;
0.009530;-0.349754;-0.695657;
0.009540;-0.349911;-0.696039;
0.009550;-0.350064;-0.696414;
0.009560;-0.350213;-0.696782;
0.009570;-0.350359;-0.697143;
0.009580;-0.350502;-0.697497;
0.009590;-0.350641;-0.697844;
0.009600;-0.350777;-0.698185;
0.009610;-0.350909;-0.698518;
0.009620;-0.351038;-0.698845;
0.009630;-0.351163;-0.699164;
0.009640;-0.351285;-0.699477;
0.009650;-0.351404;-0.699783;
0.009660;-0.351519;-0.700082;
0.009670;-0.351630;-0.700374;
0.009680;-0.351738;-0.700659;
0.009690;-0.351843;-0.700938;
0.009700;-0.351944;-0.701209;
0.009710;-0.352041;-0.701473;
0.009720;-0.352136;-0.701731;
0.009730;-0.352226;-0.701981;
0.009740;-0.352313;-0.702225;
0.009750;-0.352397;-0.702462;
0.009760;-0.352477;-0.702691;
0.009770;-0.352554;-0.702914;
0.009780;-0.352627;-0.703130;
0.009790;-0.352697;-0.703339;
0.009800;-0.352763;-0.703541;
0.009810;-0.352826;-0.703736;
0.009820;-0.352885;-0.703924;
0.009830;-0.352941;-0.704106;
0.009840;-0.352994;-0.704280;
0.009850;-0.353043;-0.704447;
0.009860;-0.353088;-0.704607;
0.009870;-0.353130;-0.704761;
0.009880;-0.353168;-0.704907;
0.009890;-0.353203;-0.705047;
0.009900;-0.353235;-0.705179;
0.009910;-0.353263;-0.705305;
0.009920;-0.353287;-0.705423;
0.009930;-0.353308;-0.705535;
0.009940;-0.353326;-0.705640;
0.009950;-0.353340;-0.705737;
0.009960;-0.353350;-0.705828;
0.009970;-0.353357;-0.705912;
0.009980;-0.353361;-0.705989;
0.009990;-0.353361;-0.706058;
0.010000;-0.353358;-0.706121;
0.010010;-0.353351;-0.706177;
0.010020;-0.353340;-0.706226;
0.010030;-0.353326;-0.706268;
0.010040;-0.353309;-0.706303;
0.010050;-0.353288;-0.706331;
0.010060;-0.353264;-0.706352;
0.010070;-0.353236;-0.706366;
0.010080;-0.353205;-0.706373;
0.010090;-0.353170;-0.706373;
0.010100;-0.353132;-0.706366;
0.010110;-0.353090;-0.706353;
0.010120;-0.353045;-0.706332;
0.010130;-0.352996;-0.706304;
0.010140;-0.352944;-0.706269;
0.010150;-0.352888;-0.706228;
0.010160;-0.352829;-0.706179;
0.010170;-0.352766;-0.706123;
0.010180;-0.352700;-0.706061;
0.010190;-0.352630;-0.705991;
0.010200;-0.352557;-0.705915;
0.010210;-0.352481;-0.705831;
0.010220;-0.352400;-0.705741;
0.010230;-0.352317;-0.705643;
0.010240;-0.352230;-0.705539;
0.010250;-0.352139;-0.705427;
0.010260;-0.352045;-0.705309;
0.010270;-0.351948;-0.705184;
0.010280;-0.351847;-0.705051;
0.010290;-0.351743;-0.704912;
0.010300;-0.351635;-0.704766;
0.010310;-0.351523;-0.704613;
0.010320;-0.351409;-0.704453;
0.010330;-0.351290;-0.704286;
0.010340;-0.351169;-0.704112;
0.010350;-0.351043;-0.703931;
0.010360;-0.350915;-0.703743;
0.010370;-0.350783;-0.703548;
0.010380;-0.350647;-0.703346;
0.010390;-0.350508;-0.703138;
0.010400;-0.350365;-0.702922;
0.010410;-0.350219;-0.702699;
0.010420;-0.350070;-0.702470;
0.010430;-0.349917;-0.702233;
0.010440;-0.349761;-0.701990;
0.010450;-0.349601;-0.701740;
0.010460;-0.349438;-0.701482;
0.010470;-0.349271;-0.701218;
0.010480;-0.349101;-0.700947;
0.010490;-0.348927;-0.700669;
0.010500;-0.348750;-0.700384;
0.010510;-0.348570;-0.700092;
0.010520;-0.348386;-0.699794;
0.010530;-0.348198;-0.699488;
0.010540;-0.348008;-0.699175;
0.010550;-0.347813;-0.698856;
0.010560;-0.347616;-0.698530;
0.010570;-0.347415;-0.698196;
0.010580;-0.347210;-0.697856;
0.010590;-0.347002;-0.697509;
0.010600;-0.346791;-0.697155;
0.010610;-0.346576;-0.696795;
0.010620;-0.346358;-0.696427;
0.010630;-0.346136;-0.696052;
0.010640;-0.345911;-0.695671;
0.010650;-0.345683;-0.695283;
0.010660;-0.345451;-0.694887;
0.010670;-0.345216;-0.694485;
0.010680;-0.344977;-0.694077;
0.010690;-0.344735;-0.693661;
0.010700;-0.344489;-0.693238;
0.010710;-0.344240;-0.692809;
0.010720;-0.343988;-0.692373;
0.010730;-0.343732;-0.691930;
0.010740;-0.343473;-0.691480;
0.010750;-0.343211;-0.691023;
0.010760;-0.342945;-0.690560;
0.010770;-0.342676;-0.690089;
0.010780;-0.342403;-0.689612;
0.010790;-0.342127;-0.689128;
0.010800;-0.341848;-0.688637;
0.010810;-0.341565;-0.688140;
0.010820;-0.341279;-0.687635;
0.010830;-0.340989;-0.687124;
0.010840;-0.340697;-0.686606;
0.010850;-0.340400;-0.686082;
0.010860;-0.340101;-0.685550;
0.010870;-0.339798;-0.685012;
0.010880;-0.339492;-0.684467;
0.010890;-0.339182;-0.683915;
0.010900;-0.338869;-0.683357;
0.010910;-0.338553;-0.682791;
0.010920;-0.338233;-0.682219;
0.010930;-0.337910;-0.681641;
0.010940;-0.337584;-0.681055;
0.010950;-0.337254;-0.680463;
0.010960;-0.336921;-0.679864;
0.010970;-0.336584;-0.679259;
0.010980;-0.336245;-0.678646;
0.010990;-0.335902;-0.678027;
0.011000;-0.335556;-0.677402;
0.011010;-0.335206;-0.676769;
0.011020;-0.334853;-0.676130;
0.011030;-0.334497;-0.675484;
0.011040;-0.334137;-0.674832;
0.011050;-0.333775;-0.674173;
0.011060;-0.333408;-0.673507;
0.011070;-0.333039;-0.672835;
0.011080;-0.332666;-0.672156;
0.011090;-0.332290;-0.671470;
0.011100;-0.331911;-0.670778;
0.011110;-0.331529;-0.670079;
0.011120;-0.331143;-0.669374;
0.011130;-0.330754;-0.668661;
0.011140;-0.330361;-0.667943;
0.011150;-0.329966;-0.667217;
0.011160;-0.329567;-0.666486;
0.011170;-0.329165;-0.665747;
0.011180;-0.328759;-0.665002;
0.011190;-0.328351;-0.664250;
0.011200;-0.327939;-0.663492;
0.011210;-0.327524;-0.662728;
0.011220;-0.327106;-0.661956;
0.011230;-0.326684;-0.661179;
0.011240;-0.326259;-0.660394;
0.011250;-0.325831;-0.659604;
0.011260;-0.325400;-0.658806;
0.011270;-0.324966;-0.658002;
0.011280;-0.324528;-0.657192;
0.011290;-0.324087;-0.656375;
0.011300;-0.323643;-0.655552;
0.011310;-0.323196;-0.654722;
0.011320;-0.322746;-0.653886;
0.011330;-0.322292;-0.653043;
0.011340;-0.321835;-0.652194;
0.011350;-0.321375;-0.651339;
0.011360;-0.320912;-0.650477;
0.011370;-0.320446;-0.649608;
0.011380;-0.319977;-0.648733;
0.011390;-0.319504;-0.647852;
0.011400;-0.319028;-0.646965;
0.011410;-0.318549;-0.646071;
0.011420;-0.318067;-0.645170;
0.011430;-0.317582;-0.644264;
0.011440;-0.317094;-0.643350;
0.011450;-0.316602;-0.642431;
0.011460;-0.316108;-0.641505;
0.011470;-0.315610;-0.640573;
0.011480;-0.315109;-0.639635;
0.011490;-0.314605;-0.638690;
0.011500;-0.314098;-0.637739;
0.011510;-0.313588;-0.636782;
0.011520;-0.313075;-0.635818;
0.011530;-0.312559;-0.634848;
0.011540;-0.312039;-0.633872;
0.011550;-0.311517;-0.632889;
0.011560;-0.310991;-0.631901;
0.011570;-0.310463;-0.630906;
0.011580;-0.309931;-0.629905;
0.011590;-0.309396;-0.628897;
0.011600;-0.308859;-0.627884;
0.011610;-0.308318;-0.626864;
0.011620;-0.307774;-0.625838;
0.011630;-0.307227;-0.624806;
0.011640;-0.306677;-0.623768;
0.011650;-0.306124;-0.622723;
0.011660;-0.305568;-0.621673;
0.011670;-0.305009;-0.620616;
0.011680;-0.304447;-0.619553;
0.011690;-0.303882;-0.618484;
0.011700;-0.303314;-0.617409;
0.011710;-0.302743;-0.616328;
0.011720;-0.302169;-0.615240;
0.011730;-0.301592;-0.614147;
0.011740;-0.301012;-0.613048;
0.011750;-0.300429;-0.611942;
0.011760;-0.299843;-0.610831;
0.011770;-0.299254;-0.609713;
0.011780;-0.298662;-0.608590;
0.011790;-0.298068;-0.607460;
0.011800;-0.297470;-0.606325;
0.011810;-0.296869;-0.605183;
0.011820;-0.296266;-0.604036;
0.011830;-0.295659;-0.602882;
0.011840;-0.295050;-0.601723;
0.011850;-0.294437;-0.600558;
0.011860;-0.293822;-0.599386;
0.011870;-0.293204;-0.598209;
0.011880;-0.292583;-0.597026;
0.011890;-0.291959;-0.595837;
0.011900;-0.291332;-0.594642;
0.011910;-0.290703;-0.593442;
0.011920;-0.290070;-0.592235;
0.011930;-0.289435;-0.591023;
0.011940;-0.288796;-0.589804;
0.011950;-0.288155;-0.588580;
0.011960;-0.287511;-0.587350;
0.011970;-0.286864;-0.586115;
0.011980;-0.286215;-0.584873;
0.011990;-0.285562;-0.583626;
0.012000;-0.284907;-0.582373;
0.012010;-0.284249;-0.581114;
0.012020;-0.283588;-0.579850;
0.012030;-0.282924;-0.578580;
0.012040;-0.282258;-0.577304;
0.012050;-0.281589;-0.576022;
0.012060;-0.280917;-0.574735;
0.012070;-0.280242;-0.573442;
0.012080;-0.279564;-0.572143;
0.012090;-0.278884;-0.570839;
0.012100;-0.278201;-0.569529;
0.012110;-0.277515;-0.568213;
0.012120;-0.276826;-0.566892;
0.012130;-0.276135;-0.565566;
0.012140;-0.275441;-0.564233;
0.012150;-0.274744;-0.562895;
0.012160;-0.274045;-0.561552;
0.012170;-0.273343;-0.560203;
0.012180;-0.272638;-0.558848;
0.012190;-0.271930;-0.557488;
0.012200;-0.271220;-0.556123;
0.012210;-0.270507;-0.554752;
0.012220;-0.269792;-0.553375;
0.012230;-0.269073;-0.551993;
0.012240;-0.268352;-0.550606;
0.012250;-0.267629;-0.549213;
0.012260;-0.266903;-0.547815;
0.012270;-0.266174;-0.546411;
0.012280;-0.265442;-0.545002;
0.012290;-0.264708;-0.543588;
0.012300;-0.263972;-0.542168;
0.012310;-0.263232;-0.540743;
0.012320;-0.262490;-0.539312;
0.012330;-0.261746;-0.537876;
0.012340;-0.260999;-0.536435;
0.012350;-0.260249;-0.534989;
0.012360;-0.259497;-0.533537;
0.012370;-0.258742;-0.532080;
0.012380;-0.257985;-0.530618;
0.012390;-0.257225;-0.529151;
0.012400;-0.256463;-0.527678;
0.012410;-0.255698;-0.526200;
0.012420;-0.254930;-0.524717;
0.012430;-0.254160;-0.523229;
0.012440;-0.253388;-0.521735;
0.012450;-0.252613;-0.520237;
0.012460;-0.251835;-0.518733;
0.012470;-0.251055;-0.517224;
0.012480;-0.250273;-0.515710;
0.012490;-0.249488;-0.514191;
0.012500;-0.248700;-0.512667;
0.012510;-0.247911;-0.511138;
0.012520;-0.247118;-0.509604;
0.012530;-0.246324;-0.508065;
0.012540;-0.245526;-0.506520;
0.012550;-0.244727;-0.504971;
0.012560;-0.243925;-0.503417;
0.012570;-0.243120;-0.501858;
0.012580;-0.242314;-0.500294;
0.012590;-0.241504;-0.498724;
0.012600;-0.240693;-0.497150;
0.012610;-0.239879;-0.495572;
0.012620;-0.239063;-0.493988;
0.012630;-0.238244;-0.492399;
0.012640;-0.237423;-0.490806;
0.012650;-0.236600;-0.489207;
0.012660;-0.235774;-0.487604;
0.012670;-0.234946;-0.485996;
0.012680;-0.234115;-0.484383;
0.012690;-0.233283;-0.482765;
0.012700;-0.232448;-0.481143;
0.012710;-0.231611;-0.479516;
0.012720;-0.230771;-0.477884;
0.012730;-0.229929;-0.476248;
0.012740;-0.229085;-0.474606;
0.012750;-0.228239;-0.472960;
0.012760;-0.227390;-0.471310;
0.012770;-0.226539;-0.469655;
0.012780;-0.225686;-0.467995;
0.012790;-0.224831;-0.466330;
0.012800;-0.223973;-0.464661;
0.012810;-0.223114;-0.462987;
0.012820;-0.222252;-0.461309;
0.012830;-0.221388;-0.459626;
0.012840;-0.220521;-0.457939;
0.012850;-0.219653;-0.456247;
0.012860;-0.218782;-0.454551;
0.012870;-0.217909;-0.452850;
0.012880;-0.217034;-0.451144;
0.012890;-0.216157;-0.449435;
0.012900;-0.215278;-0.447720;
0.012910;-0.214397;-0.446002;
0.012920;-0.213513;-0.444279;
0.012930;-0.212627;-0.442551;
0.012940;-0.211740;-0.440819;
0.012950;-0.210850;-0.439083;
0.012960;-0.209958;-0.437343;
0.012970;-0.209064;-0.435598;
0.012980;-0.208168;-0.433849;
0.012990;-0.207270;-0.432095;
0.013000;-0.206370;-0.430338;
0.013010;-0.205468;-0.428576;
0.013020;-0.204564;-0.426810;
0.013030;-0.203657;-0.425039;
0.013040;-0.202749;-0.423265;
0.013050;-0.201839;-0.421486;
0.013060;-0.200927;-0.419703;
0.013070;-0.200013;-0.417916;
0.013080;-0.199097;-0.416125;
0.013090;-0.198178;-0.414330;
0.013100;-0.197258;-0.412530;
0.013110;-0.196336;-0.410727;
0.013120;-0.195412;-0.408920;
0.013130;-0.194486;-0.407108;
0.013140;-0.193559;-0.405293;
0.013150;-0.192629;-0.403473;
0.013160;-0.191697;-0.401650;
0.013170;-0.190764;-0.399822;
0.013180;-0.189828;-0.397991;
0.013190;-0.188891;-0.396155;
0.013200;-0.187952;-0.394316;
0.013210;-0.187011;-0.392473;
0.013220;-0.186068;-0.390626;
0.013230;-0.185124;-0.388775;
0.013240;-0.184177;-0.386920;
0.013250;-0.183229;-0.385062;
0.013260;-0.182279;-0.383200;
0.013270;-0.181327;-0.381333;
0.013280;-0.180373;-0.379464;
0.013290;-0.179418;-0.377590;
0.013300;-0.178460;-0.375713;
0.013310;-0.177501;-0.373832;
0.013320;-0.176541;-0.371947;
0.013330;-0.175578;-0.370058;
0.013340;-0.174614;-0.368166;
0.013350;-0.173648;-0.366271;
0.013360;-0.172680;-0.364371;
0.013370;-0.171711;-0.362468;
0.013380;-0.170740;-0.360562;
0.013390;-0.169767;-0.358652;
0.013400;-0.168792;-0.356738;
0.013410;-0.167816;-0.354821;
0.013420;-0.166839;-0.352901;
0.013430;-0.165859;-0.350977;
0.013440;-0.164878;-0.349049;
0.013450;-0.163895;-0.347118;
0.013460;-0.162911;-0.345184;
0.013470;-0.161925;-0.343246;
0.013480;-0.160938;-0.341304;
0.013490;-0.159949;-0.339360;
0.013500;-0.158958;-0.337412;
0.013510;-0.157966;-0.335461;
0.013520;-0.156972;-0.333506;
0.013530;-0.155977;-0.331548;
0.013540;-0.154980;-0.329587;
0.013550;-0.153981;-0.327623;
0.013560;-0.152981;-0.325655;
0.013570;-0.151980;-0.323684;
0.013580;-0.150977;-0.321710;
0.013590;-0.149973;-0.319733;
0.013600;-0.148967;-0.317753;
0.013610;-0.147959;-0.315769;
0.013620;-0.146950;-0.313783;
0.013630;-0.145940;-0.311793;
0.013640;-0.144928;-0.309800;
0.013650;-0.143915;-0.307804;
0.013660;-0.142901;-0.305805;
0.013670;-0.141885;-0.303803;
0.013680;-0.140867;-0.301798;
0.013690;-0.139848;-0.299791;
0.013700;-0.138828;-0.297780;
0.013710;-0.137807;-0.295766;
0.013720;-0.136784;-0.293749;
0.013730;-0.135760;-0.291730;
0.013740;-0.134734;-0.289707;
0.013750;-0.133707;-0.287682;
0.013760;-0.132679;-0.285654;
0.013770;-0.131649;-0.283623;
0.013780;-0.130618;-0.281589;
0.013790;-0.129586;-0.279552;
0.013800;-0.128553;-0.277513;
0.013810;-0.127518;-0.275471;
0.013820;-0.126482;-0.273426;
0.013830;-0.125445;-0.271379;
0.013840;-0.124407;-0.269328;
0.013850;-0.123367;-0.267276;
0.013860;-0.122326;-0.265220;
0.013870;-0.121284;-0.263162;
0.013880;-0.120241;-0.261101;
0.013890;-0.119196;-0.259038;
0.013900;-0.118151;-0.256972;
0.013910;-0.117104;-0.254904;
0.013920;-0.116056;-0.252833;
0.013930;-0.115007;-0.250760;
0.013940;-0.113957;-0.248684;
0.013950;-0.112905;-0.246606;
0.013960;-0.111853;-0.244525;
0.013970;-0.110799;-0.242442;
0.013980;-0.109744;-0.240356;
0.013990;-0.108689;-0.238268;
0.014000;-0.107632;-0.236178;
0.014010;-0.106574;-0.234085;
0.014020;-0.105515;-0.231991;
0.014030;-0.104455;-0.229893;
0.014040;-0.103394;-0.227794;
0.014050;-0.102332;-0.225692;
0.014060;-0.101269;-0.223588;
0.014070;-0.100205;-0.221482;
0.014080;-0.099140;-0.219374;
0.014090;-0.098074;-0.217263;
0.014100;-0.097007;-0.215151;
0.014110;-0.095939;-0.213036;
0.014120;-0.094870;-0.210919;
0.014130;-0.093800;-0.208800;
0.014140;-0.092729;-0.206679;
0.014150;-0.091658;-0.204556;
0.014160;-0.090585;-0.202431;
0.014170;-0.089512;-0.200304;
0.014180;-0.088437;-0.198175;
0.014190;-0.087362;-0.196044;
0.014200;-0.086286;-0.193911;
0.014210;-0.085209;-0.191776;
0.014220;-0.084131;-0.189639;
0.014230;-0.083053;-0.187501;
0.014240;-0.081973;-0.185360;
0.014250;-0.080893;-0.183218;
0.014260;-0.079812;-0.181074;
0.014270;-0.078730;-0.178928;
0.014280;-0.077648;-0.176780;
0.014290;-0.076564;-0.174631;
0.014300;-0.075480;-0.172480;
0.014310;-0.074395;-0.170327;
0.014320;-0.073310;-0.168173;
0.014330;-0.072223;-0.166016;
0.014340;-0.071136;-0.163859;
0.014350;-0.070049;-0.161699;
0.014360;-0.068960;-0.159538;
0.014370;-0.067871;-0.157376;
0.014380;-0.066781;-0.155212;
0.014390;-0.065691;-0.153046;
0.014400;-0.064600;-0.150879;
0.014410;-0.063508;-0.148710;
0.014420;-0.062416;-0.146540;
0.014430;-0.061323;-0.144368;
0.014440;-0.060229;-0.142195;
0.014450;-0.059135;-0.140021;
0.014460;-0.058040;-0.137845;
0.014470;-0.056945;-0.135668;
0.014480;-0.055849;-0.133489;
0.014490;-0.054753;-0.131310;
0.014500;-0.053656;-0.129129;
0.014510;-0.052558;-0.126946;
0.014520;-0.051460;-0.124763;
0.014530;-0.050361;-0.122578;
0.014540;-0.049262;-0.120392;
0.014550;-0.048163;-0.118204;
0.014560;-0.047063;-0.116016;
0.014570;-0.045962;-0.113826;
0.014580;-0.044862;-0.111636;
0.014590;-0.043760;-0.109444;
0.014600;-0.042658;-0.107251;
0.014610;-0.041556;-0.105057;
0.014620;-0.040454;-0.102862;
0.014630;-0.039351;-0.100666;
0.014640;-0.038247;-0.098469;
0.014650;-0.037143;-0.096271;
0.014660;-0.036039;-0.094072;
0.014670;-0.034935;-0.091872;
0.014680;-0.033830;-0.089672;
0.014690;-0.032725;-0.087470;
0.014700;-0.031619;-0.085268;
0.014710;-0.030513;-0.083064;
0.014720;-0.029407;-0.080860;
0.014730;-0.028301;-0.078655;
0.014740;-0.027194;-0.076449;
0.014750;-0.026087;-0.074243;
0.014760;-0.024980;-0.072036;
0.014770;-0.023873;-0.069828;
0.014780;-0.022765;-0.067619;
0.014790;-0.021657;-0.065410;
0.014800;-0.020549;-0.063200;
0.014810;-0.019440;-0.060989;
0.014820;-0.018332;-0.058778;
0.014830;-0.017223;-0.056567;
0.014840;-0.016114;-0.054354;
0.014850;-0.015005;-0.052141;
0.014860;-0.013896;-0.049928;
0.014870;-0.012787;-0.047714;
0.014880;-0.011677;-0.045500;
0.014890;-0.010568;-0.043285;
0.014900;-0.009458;-0.041070;
0.014910;-0.008348;-0.038854;
0.014920;-0.007238;-0.036638;
0.014930;-0.006129;-0.034422;
0.014940;-0.005019;-0.032205;
0.014950;-0.003909;-0.029988;
0.014960;-0.002798;-0.027771;
0.014970;-0.001688;-0.025554;
0.014980;-0.000578;-0.023336;
0.014990;0.000532;-0.021118;
0.015000;0.001642;-0.018900;
0.015010;0.002752;-0.016681;
0.015020;0.003862;-0.014463;
0.015030;0.004972;-0.012244;
0.015040;0.006082;-0.010025;
0.015050;0.007192;-0.007806;
0.015060;0.008302;-0.005587;
0.015070;0.009412;-0.003368;
0.015080;0.010521;-0.001149;
0.015090;0.011631;0.001070;
0.015100;0.012740;0.003290;
0.015110;0.013850;0.005509;
0.015120;0.014959;0.007728;
0.015130;0.016068;0.009947;
0.015140;0.017177;0.012166;
0.015150;0.018286;0.014384;
0.015160;0.019394;0.016603;
0.015170;0.020502;0.018821;
0.015180;0.021611;0.021040;
0.015190;0.022719;0.023258;
0.015200;0.023826;0.025475;
0.015210;0.024934;0.027693;
0.015220;0.026041;0.029910;
0.015230;0.027148;0.032127;
0.015240;0.028255;0.034344;
0.015250;0.029361;0.036560;
0.015260;0.030467;0.038776;
0.015270;0.031573;0.040992;
0.015280;0.032678;0.043207;
0.015290;0.033784;0.045422;
0.015300;0.034889;0.047636;
0.015310;0.035993;0.049850;
0.015320;0.037097;0.052063;
0.015330;0.038201;0.054276;
0.015340;0.039304;0.056489;
0.015350;0.040407;0.058700;
0.015360;0.041510;0.060911;
0.015370;0.042612;0.063122;
0.015380;0.043714;0.065332;
0.015390;0.044816;0.067541;
0.015400;0.045916;0.069750;
0.015410;0.047017;0.071958;
0.015420;0.048117;0.074165;
0.015430;0.049216;0.076372;
0.015440;0.050316;0.078577;
0.015450;0.051414;0.080782;
0.015460;0.052512;0.082987;
0.015470;0.053610;0.085190;
0.015480;0.054707;0.087392;
0.015490;0.055803;0.089594;
0.015500;0.056899;0.091795;
0.015510;0.057994;0.093995;
0.015520;0.059089;0.096194;
0.015530;0.060183;0.098392;
0.015540;0.061277;0.100589;
0.015550;0.062370;0.102785;
0.015560;0.063462;0.104980;
0.015570;0.064554;0.107174;
0.015580;0.065645;0.109367;
0.015590;0.066736;0.111558;
0.015600;0.067825;0.113749;
0.015610;0.068915;0.115939;
0.015620;0.070003;0.118127;
0.015630;0.071091;0.120315;
0.015640;0.072178;0.122501;
0.015650;0.073264;0.124686;
0.015660;0.074350;0.126869;
0.015670;0.075435;0.129052;
0.015680;0.076519;0.131233;
0.015690;0.077602;0.133413;
0.015700;0.078685;0.135591;
0.015710;0.079767;0.137768;
0.015720;0.080848;0.139944;
0.015730;0.081928;0.142119;
0.015740;0.083008;0.144292;
0.015750;0.084086;0.146463;
0.015760;0.085164;0.148634;
0.015770;0.086241;0.150802;
0.015780;0.087317;0.152970;
0.015790;0.088392;0.155135;
0.015800;0.089467;0.157299;
0.015810;0.090540;0.159462;
0.015820;0.091613;0.161623;
0.015830;0.092685;0.163783;
0.015840;0.093755;0.165940;
0.015850;0.094825;0.168097;
0.015860;0.095894;0.170251;
0.015870;0.096962;0.172404;
0.015880;0.098029;0.174555;
0.015890;0.099095;0.176705;
0.015900;0.100160;0.178852;
0.015910;0.101224;0.180998;
0.015920;0.102288;0.183143;
0.015930;0.103350;0.185285;
0.015940;0.104411;0.187425;
0.015950;0.105471;0.189564;
0.015960;0.106530;0.191701;
0.015970;0.107588;0.193836;
0.015980;0.108645;0.195969;
0.015990;0.109700;0.198100;
0.016000;0.110755;0.200229;
0.016010;0.111809;0.202356;
0.016020;0.112861;0.204481;
0.016030;0.113913;0.206604;
0.016040;0.114963;0.208725;
0.016050;0.116012;0.210844;
0.016060;0.117060;0.212961;
0.016070;0.118107;0.215076;
0.016080;0.119153;0.217189;
0.016090;0.120197;0.219299;
0.016100;0.121240;0.221408;
0.016110;0.122283;0.223514;
0.016120;0.123324;0.225618;
0.016130;0.124363;0.227720;
0.016140;0.125402;0.229819;
0.016150;0.126439;0.231917;
0.016160;0.127475;0.234012;
0.016170;0.128510;0.236104;
0.016180;0.129543;0.238195;
0.016190;0.130575;0.240283;
0.016200;0.131606;0.242368;
0.016210;0.132636;0.244451;
0.016220;0.133664;0.246532;
0.016230;0.134691;0.248611;
0.016240;0.135717;0.250687;
0.016250;0.136741;0.252760;
0.016260;0.137764;0.254831;
0.016270;0.138786;0.256899;
0.016280;0.139806;0.258965;
0.016290;0.140825;0.261029;
0.016300;0.141842;0.263089;
0.016310;0.142858;0.265148;
0.016320;0.143873;0.267203;
0.016330;0.144886;0.269256;
0.016340;0.145898;0.271306;
0.016350;0.146908;0.273354;
0.016360;0.147917;0.275399;
0.016370;0.148925;0.277441;
0.016380;0.149931;0.279480;
0.016390;0.150935;0.281517;
0.016400;0.151938;0.283551;
0.016410;0.152940;0.285582;
0.016420;0.153940;0.287610;
0.016430;0.154938;0.289636;
0.016440;0.155935;0.291658;
0.016450;0.156930;0.293678;
0.016460;0.157924;0.295695;
0.016470;0.158916;0.297709;
0.016480;0.159907;0.299720;
0.016490;0.160896;0.301728;
0.016500;0.161884;0.303733;
0.016510;0.162870;0.305735;
0.016520;0.163854;0.307734;
0.016530;0.164837;0.309730;
0.016540;0.165818;0.311723;
0.016550;0.166798;0.313712;
0.016560;0.167775;0.315699;
0.016570;0.168752;0.317683;
0.016580;0.169726;0.319663;
0.016590;0.170699;0.321641;
0.016600;0.171670;0.323615;
0.016610;0.172640;0.325586;
0.016620;0.173607;0.327553;
0.016630;0.174573;0.329518;
0.016640;0.175538;0.331479;
0.016650;0.176500;0.333437;
0.016660;0.177461;0.335392;
0.016670;0.178420;0.337343;
0.016680;0.179378;0.339291;
0.016690;0.180333;0.341236;
0.016700;0.181287;0.343177;
0.016710;0.182239;0.345115;
0.016720;0.183189;0.347050;
0.016730;0.184137;0.348981;
0.016740;0.185084;0.350909;
0.016750;0.186029;0.352833;
0.016760;0.186972;0.354754;
0.016770;0.187913;0.356671;
0.016780;0.188852;0.358585;
0.016790;0.189789;0.360495;
0.016800;0.190725;0.362401;
0.016810;0.191658;0.364304;
0.016820;0.192590;0.366204;
0.016830;0.193520;0.368100;
0.016840;0.194448;0.369992;
0.016850;0.195374;0.371880;
0.016860;0.196298;0.373765;
0.016870;0.197220;0.375646;
0.016880;0.198140;0.377524;
0.016890;0.199058;0.379398;
0.016900;0.199974;0.381268;
0.016910;0.200889;0.383134;
0.016920;0.201801;0.384996;
0.016930;0.202711;0.386855;
0.016940;0.203620;0.388710;
0.016950;0.204526;0.390561;
0.016960;0.205430;0.392408;
0.016970;0.206332;0.394251;
0.016980;0.207232;0.396091;
0.016990;0.208131;0.397926;
0.017000;0.209027;0.399758;
0.017010;0.209921;0.401585;
0.017020;0.210813;0.403409;
0.017030;0.211703;0.405229;
0.017040;0.212590;0.407044;
0.017050;0.213476;0.408856;
0.017060;0.214360;0.410663;
0.017070;0.215241;0.412467;
0.017080;0.216120;0.414266;
0.017090;0.216998;0.416062;
0.017100;0.217873;0.417853;
0.017110;0.218746;0.419640;
0.017120;0.219616;0.421423;
0.017130;0.220485;0.423202;
0.017140;0.221351;0.424977;
0.017150;0.222216;0.426747;
0.017160;0.223078;0.428514;
0.017170;0.223937;0.430276;
0.017180;0.224795;0.432033;
0.017190;0.225651;0.433787;
0.017200;0.226504;0.435536;
0.017210;0.227355;0.437281;
0.017220;0.228203;0.439022;
0.017230;0.229050;0.440758;
0.017240;0.229894;0.442490;
0.017250;0.230736;0.444218;
0.017260;0.231576;0.445941;
0.017270;0.232413;0.447660;
0.017280;0.233248;0.449374;
0.017290;0.234081;0.451084;
0.017300;0.234911;0.452790;
0.017310;0.235739;0.454491;
0.017320;0.236565;0.456187;
0.017330;0.237389;0.457879;
0.017340;0.238210;0.459567;
0.017350;0.239028;0.461250;
0.017360;0.239845;0.462928;
0.017370;0.240659;0.464602;
0.017380;0.241471;0.466271;
0.017390;0.242280;0.467936;
0.017400;0.243087;0.469596;
0.017410;0.243891;0.471252;
0.017420;0.244693;0.472902;
0.017430;0.245493;0.474548;
0.017440;0.246290;0.476190;
0.017450;0.247085;0.477827;
0.017460;0.247878;0.479459;
0.017470;0.248667;0.481086;
0.017480;0.249455;0.482708;
0.017490;0.250240;0.484326;
0.017500;0.251023;0.485939;
0.017510;0.251803;0.487547;
0.017520;0.252580;0.489151;
0.017530;0.253355;0.490749;
0.017540;0.254128;0.492343;
0.017550;0.254898;0.493932;
0.017560;0.255666;0.495516;
0.017570;0.256431;0.497095;
0.017580;0.257193;0.498669;
0.017590;0.257953;0.500238;
0.017600;0.258711;0.501803;
0.017610;0.259465;0.503362;
0.017620;0.260218;0.504916;
0.017630;0.260967;0.506466;
0.017640;0.261715;0.508010;
0.017650;0.262459;0.509550;
0.017660;0.263201;0.511084;
0.017670;0.263941;0.512613;
0.017680;0.264677;0.514138;
0.017690;0.265412;0.515657;
0.017700;0.266143;0.517171;
0.017710;0.266872;0.518680;
0.017720;0.267598;0.520184;
0.017730;0.268322;0.521683;
0.017740;0.269043;0.523176;
0.017750;0.269762;0.524665;
0.017760;0.270477;0.526148;
0.017770;0.271190;0.527626;
0.017780;0.271901;0.529099;
0.017790;0.272608;0.530566;
0.017800;0.273313;0.532029;
0.017810;0.274016;0.533486;
0.017820;0.274715;0.534938;
0.017830;0.275412;0.536384;
0.017840;0.276106;0.537826;
0.017850;0.276798;0.539262;
0.017860;0.277486;0.540692;
0.017870;0.278172;0.542118;
0.017880;0.278855;0.543538;
0.017890;0.279536;0.544952;
0.017900;0.280214;0.546362;
0.017910;0.280889;0.547765;
0.017920;0.281561;0.549164;
0.017930;0.282230;0.550557;
0.017940;0.282897;0.551945;
0.017950;0.283560;0.553327;
0.017960;0.284221;0.554703;
0.017970;0.284880;0.556075;
0.017980;0.285535;0.557440;
0.017990;0.286188;0.558801;
0.018000;0.286837;0.560155;
0.018010;0.287484;0.561504;
0.018020;0.288128;0.562848;
0.018030;0.288770;0.564186;
0.018040;0.289408;0.565519;
0.018050;0.290043;0.566846;
0.018060;0.290676;0.568167;
0.018070;0.291306;0.569483;
0.018080;0.291933;0.570793;
0.018090;0.292557;0.572097;
0.018100;0.293178;0.573396;
0.018110;0.293796;0.574689;
0.018120;0.294412;0.575977;
0.018130;0.295024;0.577259;
0.018140;0.295634;0.578535;
0.018150;0.296240;0.579805;
0.018160;0.296844;0.581070;
0.018170;0.297445;0.582329;
0.018180;0.298043;0.583582;
0.018190;0.298637;0.584829;
0.018200;0.299229;0.586071;
0.018210;0.299818;0.587307;
0.018220;0.300404;0.588537;
0.018230;0.300988;0.589761;
0.018240;0.301568;0.590980;
0.018250;0.302145;0.592192;
0.018260;0.302719;0.593399;
0.018270;0.303290;0.594600;
0.018280;0.303858;0.595795;
0.018290;0.304423;0.596984;
0.018300;0.304985;0.598168;
0.018310;0.305545;0.599345;
0.018320;0.306101;0.600516;
0.018330;0.306654;0.601682;
0.018340;0.307204;0.602842;
0.018350;0.307751;0.603995;
0.018360;0.308295;0.605143;
0.018370;0.308836;0.606285;
0.018380;0.309374;0.607420;
0.018390;0.309909;0.608550;
0.018400;0.310441;0.609674;
0.018410;0.310969;0.610792;
0.018420;0.311495;0.611903;
0.018430;0.312018;0.613009;
0.018440;0.312537;0.614109;
0.018450;0.313054;0.615202;
0.018460;0.313567;0.616290;
0.018470;0.314077;0.617371;
0.018480;0.314584;0.618446;
0.018490;0.315088;0.619515;
0.018500;0.315589;0.620578;
0.018510;0.316087;0.621635;
0.018520;0.316582;0.622686;
0.018530;0.317073;0.623731;
0.018540;0.317562;0.624769;
0.018550;0.318047;0.625802;
0.018560;0.318529;0.626828;
0.018570;0.319008;0.627848;
0.018580;0.319484;0.628862;
0.018590;0.319957;0.629869;
0.018600;0.320427;0.630871;
0.018610;0.320893;0.631866;
0.018620;0.321356;0.632855;
0.018630;0.321816;0.633837;
0.018640;0.322273;0.634814;
0.018650;0.322727;0.635784;
0.018660;0.323177;0.636748;
0.018670;0.323625;0.637705;
0.018680;0.324069;0.638657;
0.018690;0.324510;0.639601;
0.018700;0.324948;0.640540;
0.018710;0.325382;0.641472;
0.018720;0.325813;0.642398;
0.018730;0.326242;0.643318;
0.018740;0.326666;0.644231;
0.018750;0.327088;0.645138;
0.018760;0.327507;0.646039;
0.018770;0.327922;0.646933;
0.018780;0.328334;0.647821;
0.018790;0.328742;0.648703;
0.018800;0.329148;0.649578;
0.018810;0.329550;0.650446;
0.018820;0.329949;0.651308;
0.018830;0.330345;0.652164;
0.018840;0.330737;0.653014;
0.018850;0.331127;0.653856;
0.018860;0.331512;0.654693;
0.018870;0.331895;0.655523;
0.018880;0.332275;0.656346;
0.018890;0.332651;0.657163;
0.018900;0.333023;0.657974;
0.018910;0.333393;0.658778;
0.018920;0.333759;0.659576;
0.018930;0.334122;0.660367;
0.018940;0.334482;0.661151;
0.018950;0.334838;0.661929;
0.018960;0.335191;0.662701;
0.018970;0.335541;0.663465;
0.018980;0.335887;0.664224;
0.018990;0.336231;0.664976;
0.019000;0.336570;0.665721;
0.019010;0.336907;0.666460;
0.019020;0.337240;0.667192;
0.019030;0.337570;0.667917;
0.019040;0.337896;0.668636;
0.019050;0.338219;0.669349;
0.019060;0.338539;0.670054;
0.019070;0.338856;0.670753;
0.019080;0.339169;0.671446;
0.019090;0.339479;0.672132;
0.019100;0.339785;0.672811;
0.019110;0.340088;0.673484;
0.019120;0.340388;0.674150;
0.019130;0.340684;0.674809;
0.019140;0.340977;0.675461;
0.019150;0.341267;0.676107;
0.019160;0.341553;0.676747;
0.019170;0.341836;0.677379;
0.019180;0.342116;0.678005;
0.019190;0.342392;0.678625;
0.019200;0.342664;0.679237;
0.019210;0.342934;0.679843;
0.019220;0.343200;0.680442;
0.019230;0.343462;0.681034;
0.019240;0.343722;0.681620;
0.019250;0.343978;0.682199;
0.019260;0.344230;0.682771;
0.019270;0.344479;0.683337;
0.019280;0.344725;0.683896;
0.019290;0.344967;0.684448;
0.019300;0.345206;0.684993;
0.019310;0.345441;0.685531;
0.019320;0.345673;0.686063;
0.019330;0.345902;0.686588;
0.019340;0.346127;0.687106;
0.019350;0.346349;0.687617;
0.019360;0.346567;0.688122;
0.019370;0.346782;0.688620;
0.019380;0.346994;0.689111;
0.019390;0.347202;0.689595;
0.019400;0.347406;0.690072;
0.019410;0.347607;0.690543;
0.019420;0.347805;0.691007;
0.019430;0.348000;0.691464;
0.019440;0.348191;0.691914;
0.019450;0.348378;0.692357;
0.019460;0.348562;0.692794;
0.019470;0.348743;0.693223;
0.019480;0.348920;0.693646;
0.019490;0.349094;0.694062;
0.019500;0.349264;0.694471;
0.019510;0.349431;0.694873;
0.019520;0.349594;0.695269;
0.019530;0.349754;0.695657;
0.019540;0.349911;0.696039;
0.019550;0.350064;0.696414;
0.019560;0.350213;0.696782;
0.019570;0.350359;0.697143;
0.019580;0.350502;0.697497;
0.019590;0.350641;0.697844;
0.019600;0.350777;0.698185;
0.019610;0.350909;0.698518;
0.019620;0.351038;0.698845;
0.019630;0.351163;0.699164;
0.019640;0.351285;0.699477;
0.019650;0.351404;0.699783;
0.019660;0.351519;0.700082;
0.019670;0.351630;0.700374;
0.019680;0.351738;0.700659;
0.019690;0.351843;0.700938;
0.019700;0.351944;0.701209;
0.019710;0.352041;0.701473;
0.019720;0.352136;0.701731;
0.019730;0.352226;0.701981;
0.019740;0.352313;0.702225;
0.019750;0.352397;0.702462;
0.019760;0.352477;0.702691;
0.019770;0.352554;0.702914;
0.019780;0.352627;0.703130;
0.019790;0.352697;0.703339;
0.019800;0.352763;0.703541;
0.019810;0.352826;0.703736;
0.019820;0.352885;0.703924;
0.019830;0.352941;0.704106;
0.019840;0.352994;0.704280;
0.019850;0.353043;0.704447;
0.019860;0.353088;0.704607;
0.019870;0.353130;0.704761;
0.019880;0.353168;0.704907;
0.019890;0.353203;0.705047;
0.019900;0.353235;0.705179;
0.019910;0.353263;0.705305;
0.019920;0.353287;0.705423;
0.019930;0.353308;0.705535;
0.019940;0.353326;0.705640;
0.019950;0.353340;0.705737;
0.019960;0.353350;0.705828;
0.019970;0.353357;0.705912;
0.019980;0.353361;0.705989;
0.019990;0.353361;0.706058;
0.020000;0.353358;0.706121;
0.020010;0.353351;0.706177;
0.020020;0.353340;0.706226;
0.020030;0.353326;0.706268;
0.020040;0.353309;0.706303;
0.020050;0.353288;0.706331;
0.020060;0.353264;0.706352;
0.020070;0.353236;0.706366;
0.020080;0.353205;0.706373;
0.020090;0.353170;0.706373;
0.020100;0.353132;0.706366;
0.020110;0.353090;0.706353;
0.020120;0.353045;0.706332;
0.020130;0.352996;0.706304;
0.020140;0.352944;0.706269;
0.020150;0.352888;0.706228;
0.020160;0.352829;0.706179;
0.020170;0.352766;0.706123;
0.020180;0.352700;0.706061;
0.020190;0.352630;0.705991;
0.020200;0.352557;0.705915;
0.020210;0.352481;0.705831;
0.020220;0.352400;0.705741;
0.020230;0.352317;0.705643;
0.020240;0.352230;0.705539;
0.020250;0.352139;0.705427;
0.020260;0.352045;0.705309;
0.020270;0.351948;0.705184;
0.020280;0.351847;0.705051;
0.020290;0.351743;0.704912;
0.020300;0.351635;0.704766;
0.020310;0.351523;0.704613;
0.020320;0.351409;0.704453;
0.020330;0.351290;0.704286;
0.020340;0.351169;0.704112;
0.020350;0.351043;0.703931;
0.020360;0.350915;0.703743;
0.020370;0.350783;0.703548;
0.020380;0.350647;0.703346;
0.020390;0.350508;0.703138;
0.020400;0.350365;0.702922;
0.020410;0.350219;0.702699;
0.020420;0.350070;0.702470;
0.020430;0.349917;0.702233;
0.020440;0.349761;0.701990;
0.020450;0.349601;0.701740;
0.020460;0.349438;0.701482;
0.020470;0.349271;0.701218;
0.020480;0.349101;0.700947;
0.020490;0.348927;0.700669;
0.020500;0.348750;0.700384;
0.020510;0.348570;0.700092;
0.020520;0.348386;0.699794;
0.020530;0.348198;0.699488;
0.020540;0.348008;0.699175;
0.020550;0.347813;0.698856;
0.020560;0.347616;0.698530;
0.020570;0.347415;0.698196;
0.020580;0.347210;0.697856;
0.020590;0.347002;0.697509;
0.020600;0.346791;0.697155;
0.020610;0.346576;0.696795;
0.020620;0.346358;0.696427;
0.020630;0.346136;0.696052;
0.020640;0.345911;0.695671;
0.020650;0.345683;0.695283;
0.020660;0.345451;0.694887;
0.020670;0.345216;0.694485;
0.020680;0.344977;0.694077;
0.020690;0.344735;0.693661;
0.020700;0.344489;0.693238;
0.020710;0.344240;0.692809;
0.020720;0.343988;0.692373;
0.020730;0.343732;0.691930;
0.020740;0.343473;0.691480;
0.020750;0.343211;0.691023;
0.020760;0.342945;0.690560;
0.020770;0.342676;0.690089;
0.020780;0.342403;0.689612;
0.020790;0.342127;0.689128;
0.020800;0.341848;0.688637;
0.020810;0.341565;0.688140;
0.020820;0.341279;0.687635;
0.020830;0.340989;0.687124;
0.020840;0.340697;0.686606;
0.020850;0.340400;0.686082;
0.020860;0.340101;0.685550;
0.020870;0.339798;0.685012;
0.020880;0.339492;0.684467;
0.020890;0.339182;0.683915;
0.020900;0.338869;0.683357;
0.020910;0.338553;0.682791;
0.020920;0.338233;0.682219;
0.020930;0.337910;0.681641;
0.020940;0.337584;0.681055;
0.020950;0.337254;0.680463;
0.020960;0.336921;0.679864;
0.020970;0.336584;0.679259;
0.020980;0.336245;0.678646;
0.020990;0.335902;0.678027;
0.021000;0.335556;0.677402;
0.021010;0.335206;0.676769;
0.021020;0.334853;0.676130;
0.021030;0.334497;0.675484;
0.021040;0.334137;0.674832;
0.021050;0.333775;0.674173;
0.021060;0.333408;0.673507;
0.021070;0.333039;0.672835;
0.021080;0.332666;0.672156;
0.021090;0.332290;0.671470;
0.021100;0.331911;0.670778;
0.021110;0.331529;0.670079;
0.021120;0.331143;0.669374;
0.021130;0.330754;0.668661;
0.021140;0.330361;0.667943;
0.021150;0.329966;0.667217;
0.021160;0.329567;0.666486;
0.021170;0.329165;0.665747;
0.021180;0.328759;0.665002;
0.021190;0.328351;0.664250;
0.021200;0.327939;0.663492;
0.021210;0.327524;0.662728;
0.021220;0.327106;0.661956;
0.021230;0.326684;0.661179;
0.021240;0.326259;0.660394;
0.021250;0.325831;0.659604;
0.021260;0.325400;0.658806;
0.021270;0.324966;0.658002;
0.021280;0.324528;0.657192;
0.021290;0.324087;0.656375;
0.021300;0.323643;0.655552;
0.021310;0.323196;0.654722;
0.021320;0.322746;0.653886;
0.021330;0.322292;0.653043;
0.021340;0.321835;0.652194;
0.021350;0.321375;0.651339;
0.021360;0.320912;0.650477;
0.021370;0.320446;0.649608;
0.021380;0.319977;0.648733;
0.021390;0.319504;0.647852;
0.021400;0.319028;0.646965;
0.021410;0.318549;0.646071;
0.021420;0.318067;0.645170;
0.021430;0.317582;0.644264;
0.021440;0.317094;0.643350;
0.021450;0.316602;0.642431;
0.021460;0.316108;0.641505;
0.021470;0.315610;0.640573;
0.021480;0.315109;0.639635;
0.021490;0.314605;0.638690;
0.021500;0.314098;0.637739;
0.021510;0.313588;0.636782;
0.021520;0.313075;0.635818;
0.021530;0.312559;0.634848;
0.021540;0.312039;0.633872;
0.021550;0.311517;0.632889;
0.021560;0.310991;0.631901;
0.021570;0.310463;0.630906;
0.021580;0.309931;0.629905;
0.021590;0.309396;0.628897;
0.021600;0.308859;0.627884;
0.021610;0.308318;0.626864;
0.021620;0.307774;0.625838;
0.021630;0.307227;0.624806;
0.021640;0.306677;0.623768;
0.021650;0.306124;0.622723;
0.021660;0.305568;0.621673;
0.021670;0.305009;0.620616;
0.021680;0.304447;0.619553;
0.021690;0.303882;0.618484;
0.021700;0.303314;0.617409;
0.021710;0.302743;0.616328;
0.021720;0.302169;0.615240;
0.021730;0.301592;0.614147;
0.021740;0.301012;0.613048;
0.021750;0.300429;0.611942;
0.021760;0.299843;0.610831;
0.021770;0.299254;0.609713;
0.021780;0.298662;0.608590;
0.021790;0.298068;0.607460;
0.021800;0.297470;0.606325;
0.021810;0.296869;0.605183;
0.021820;0.296266;0.604036;
0.021830;0.295659;0.602882;
0.021840;0.295050;0.601723;
0.021850;0.294437;0.600558;
0.021860;0.293822;0.599386;
0.021870;0.293204;0.598209;
0.021880;0.292583;0.597026;
0.021890;0.291959;0.595837;
0.021900;0.291332;0.594642;
0.021910;0.290703;0.593442;
0.021920;0.290070;0.592235;
0.021930;0.289435;0.591023;
0.021940;0.288796;0.589804;
0.021950;0.288155;0.588580;
0.021960;0.287511;0.587350;
0.021970;0.286864;0.586115;
0.021980;0.286215;0.584873;
0.021990;0.285562;0.583626;
0.022000;0.284907;0.582373;
0.022010;0.284249;0.581114;
0.022020;0.283588;0.579850;
0.022030;0.282924;0.578580;
0.022040;0.282258;0.577304;
0.022050;0.281589;0.576022;
0.022060;0.280917;0.574735;
0.022070;0.280242;0.573442;
0.022080;0.279564;0.572143;
0.022090;0.278884;0.570839;
0.022100;0.278201;0.569529;
0.022110;0.277515;0.568213;
0.022120;0.276826;0.566892;
0.022130;0.276135;0.565566;
0.022140;0.275441;0.564233;
0.022150;0.274744;0.562895;
0.022160;0.274045;0.561552;
0.022170;0.273343;0.560203;
0.022180;0.272638;0.558848;
0.022190;0.271930;0.557488;
0.022200;0.271220;0.556123;
0.022210;0.270507;0.554752;
0.022220;0.269792;0.553375;
0.022230;0.269073;0.551993;
0.022240;0.268352;0.550606;
0.022250;0.267629;0.549213;
0.022260;0.266903;0.547815;
0.022270;0.266174;0.546411;
0.022280;0.265442;0.545002;
0.022290;0.264708;0.543588;
0.022300;0.263972;0.542168;
0.022310;0.263232;0.540743;
0.022320;0.262490;0.539312;
0.022330;0.261746;0.537876;
0.022340;0.260999;0.536435;
0.022350;0.260249;0.534989;
0.022360;0.259497;0.533537;
0.022370;0.258742;0.532080;
0.022380;0.257985;0.530618;
0.022390;0.257225;0.529151;
0.022400;0.256463;0.527678;
0.022410;0.255698;0.526200;
0.022420;0.254930;0.524717;
0.022430;0.254160;0.523229;
0.022440;0.253388;0.521735;
0.022450;0.252613;0.520237;
0.022460;0.251835;0.518733;
0.022470;0.251055;0.517224;
0.022480;0.250273;0.515710;
0.022490;0.249488;0.514191;
0.022500;0.248700;0.512667;
0.022510;0.247911;0.511138;
0.022520;0.247118;0.509604;
0.022530;0.246324;0.508065;
0.022540;0.245526;0.506520;
0.022550;0.244727;0.504971;
0.022560;0.243925;0.503417;
0.022570;0.243120;0.501858;
0.022580;0.242314;0.500294;
0.022590;0.241504;0.498724;
0.022600;0.240693;0.497150;
0.022610;0.239879;0.495572;
0.022620;0.239063;0.493988;
0.022630;0.238244;0.492399;
0.022640;0.237423;0.490806;
0.022650;0.236600;0.489207;
0.022660;0.235774;0.487604;
0.022670;0.234946;0.485996;
0.022680;0.234115;0.484383;
0.022690;0.233283;0.482765;
0.022700;0.232448;0.481143;
0.022710;0.231611;0.479516;
0.022720;0.230771;0.477884;
0.022730;0.229929;0.476248;
0.022740;0.229085;0.474606;
0.022750;0.228239;0.472960;
0.022760;0.227390;0.471310;
0.022770;0.226539;0.469655;
0.022780;0.225686;0.467995;
0.022790;0.224831;0.466330;
0.022800;0.223973;0.464661;
0.022810;0.223114;0.462987;
0.022820;0.222252;0.461309;
0.022830;0.221388;0.459626;
0.022840;0.220521;0.457939;
0.022850;0.219653;0.456247;
0.022860;0.218782;0.454551;
0.022870;0.217909;0.452850;
0.022880;0.217034;0.451144;
0.022890;0.216157;0.449435;
0.022900;0.215278;0.447720;
0.022910;0.214397;0.446002;
0.022920;0.213513;0.444279;
0.022930;0.212627;0.442551;
0.022940;0.211740;0.440819;
0.022950;0.210850;0.439083;
0.022960;0.209958;0.437343;
0.022970;0.209064;0.435598;
0.022980;0.208168;0.433849;
0.022990;0.207270;0.432095;
0.023000;0.206370;0.430338;
0.023010;0.205468;0.428576;
0.023020;0.204564;0.426810;
0.023030;0.203657;0.425039;
0.023040;0.202749;0.423265;
0.023050;0.201839;0.421486;
0.023060;0.200927;0.419703;
0.023070;0.200013;0.417916;
0.023080;0.199097;0.416125;
0.023090;0.198178;0.414330;
0.023100;0.197258;0.412530;
0.023110;0.196336;0.410727;
0.023120;0.195412;0.408920;
0.023130;0.194486;0.407108;
0.023140;0.193559;0.405293;
0.023150;0.192629;0.403473;
0.023160;0.191697;0.401650;
0.023170;0.190764;0.399822;
0.023180;0.189828;0.397991;
0.023190;0.188891;0.396155;
0.023200;0.187952;0.394316;
0.023210;0.187011;0.392473;
0.023220;0.186068;0.390626;
0.023230;0.185124;0.388775;
0.023240;0.184177;0.386920;
0.023250;0.183229;0.385062;
0.023260;0.182279;0.383200;
0.023270;0.181327;0.381333;
0.023280;0.180373;0.379464;
0.023290;0.179418;0.377590;
0.023300;0.178460;0.375713;
0.023310;0.177501;0.373832;
0.023320;0.176541;0.371947;
0.023330;0.175578;0.370058;
0.023340;0.174614;0.368166;
0.023350;0.173648;0.366271;
0.023360;0.172680;0.364371;
0.023370;0.171711;0.362468;
0.023380;0.170740;0.360562;
0.023390;0.169767;0.358652;
0.023400;0.168792;0.356738;
0.023410;0.167816;0.354821;
0.023420;0.166839;0.352901;
0.023430;0.165859;0.350977;
0.023440;0.164878;0.349049;
0.023450;0.163895;0.347118;
0.023460;0.162911;0.345184;
0.023470;0.161925;0.343246;
0.023480;0.160938;0.341304;
0.023490;0.159949;0.339360;
0.023500;0.158958;0.337412;
0.023510;0.157966;0.335461;
0.023520;0.156972;0.333506;
0.023530;0.155977;0.331548;
0.023540;0.154980;0.329587;
0.023550;0.153981;0.327623;
0.023560;0.152981;0.325655;
0.023570;0.151980;0.323684;
0.023580;0.150977;0.321710;
0.023590;0.149973;0.319733;
0.023600;0.148967;0.317753;
0.023610;0.147959;0.315769;
0.023620;0.146950;0.313783;
0.023630;0.145940;0.311793;
0.023640;0.144928;0.309800;
0.023650;0.143915;0.307804;
0.023660;0.142901;0.305805;
0.023670;0.141885;0.303803;
0.023680;0.140867;0.301798;
0.023690;0.139848;0.299791;
0.023700;0.138828;0.297780;
0.023710;0.137807;0.295766;
0.023720;0.136784;0.293749;
0.023730;0.135760;0.291730;
0.023740;0.134734;0.289707;
0.023750;0.133707;0.287682;
0.023760;0.132679;0.285654;
0.023770;0.131649;0.283623;
0.023780;0.130618;0.281589;
0.023790;0.129586;0.279552;
0.023800;0.128553;0.277513;
0.023810;0.127518;0.275471;
0.023820;0.126482;0.273426;
0.023830;0.125445;0.271379;
0.023840;0.124407;0.269328;
0.023850;0.123367;0.267276;
0.023860;0.122326;0.265220;
0.023870;0.121284;0.263162;
0.023880;0.120241;0.261101;
0.023890;0.119196;0.259038;
0.023900;0.118151;0.256972;
0.023910;0.117104;0.254904;
0.023920;0.116056;0.252833;
0.023930;0.115007;0.250760;
0.023940;0.113957;0.248684;
0.023950;0.112905;0.246606;
0.023960;0.111853;0.244525;
0.023970;0.110799;0.242442;
0.023980;0.109744;0.240356;
0.023990;0.108689;0.238268;
0.024000;0.107632;0.236178;
0.024010;0.106574;0.234085;
0.024020;0.105515;0.231991;
0.024030;0.104455;0.229893;
0.024040;0.103394;0.227794;
0.024050;0.102332;0.225692;
0.024060;0.101269;0.223588;
0.024070;0.100205;0.221482;
0.024080;0.099140;0.219374;
0.024090;0.098074;0.217263;
0.024100;0.097007;0.215151;
0.024110;0.095939;0.213036;
0.024120;0.094870;0.210919;
0.024130;0.093800;0.208800;
0.024140;0.092729;0.206679;
0.024150;0.091658;0.204556;
0.024160;0.090585;0.202431;
0.024170;0.089512;0.200304;
0.024180;0.088437;0.198175;
0.024190;0.087362;0.196044;
0.024200;0.086286;0.193911;
0.024210;0.085209;0.191776;
0.024220;0.084131;0.189639;
0.024230;0.083053;0.187501;
0.024240;0.081973;0.185360;
0.024250;0.080893;0.183218;
0.024260;0.079812;0.181074;
0.024270;0.078730;0.178928;
0.024280;0.077648;0.176780;
0.024290;0.076564;0.174631;
0.024300;0.075480;0.172480;
0.024310;0.074395;0.170327;
0.024320;0.073310;0.168173;
0.024330;0.072223;0.166016;
0.024340;0.071136;0.163859;
0.024350;0.070049;0.161699;
0.024360;0.068960;0.159538;
0.024370;0.067871;0.157376;
0.024380;0.066781;0.155212;
0.024390;0.065691;0.153046;
0.024400;0.064600;0.150879;
0.024410;0.063508;0.148710;
0.024420;0.062416;0.146540;
0.024430;0.061323;0.144368;
0.024440;0.060229;0.142195;
0.024450;0.059135;0.140021;
0.024460;0.058040;0.137845;
0.024470;0.056945;0.135668;
0.024480;0.055849;0.133489;
0.024490;0.054753;0.131310;
0.024500;0.053656;0.129129;
0.024510;0.052558;0.126946;
0.024520;0.051460;0.124763;
0.024530;0.050361;0.122578;
0.024540;0.049262;0.120392;
0.024550;0.048163;0.118204;
0.024560;0.047063;0.116016;
0.024570;0.045962;0.113826;
0.024580;0.044862;0.111636;
0.024590;0.043760;0.109444;
0.024600;0.042658;0.107251;
0.024610;0.041556;0.105057;
0.024620;0.040454;0.102862;
0.024630;0.039351;0.100666;
0.024640;0.038247;0.098469;
0.024650;0.037143;0.096271;
0.024660;0.036039;0.094072;
0.024670;0.034935;0.091872;
0.024680;0.033830;0.089672;
0.024690;0.032725;0.087470;
0.024700;0.031619;0.085268;
0.024710;0.030513;0.083064;
0.024720;0.029407;0.080860;
0.024730;0.028301;0.078655;
0.024740;0.027194;0.076449;
0.024750;0.026087;0.074243;
0.024760;0.024980;0.072036;
0.024770;0.023873;0.069828;
0.024780;0.022765;0.067619;
0.024790;0.021657;0.065410;
0.024800;0.020549;0.063200;
0.024810;0.019440;0.060989;
0.024820;0.018332;0.058778;
0.024830;0.017223;0.056567;
0.024840;0.016114;0.054354;
0.024850;0.015005;0.052141;
0.024860;0.013896;0.049928;
0.024870;0.012787;0.047714;
0.024880;0.011677;0.045500;
0.024890;0.010568;0.043285;
0.024900;0.009458;0.041070;
0.024910;0.008348;0.038854;
0.024920;0.007238;0.036638;
0.024930;0.006129;0.034422;
0.024940;0.005019;0.032205;
0.024950;0.003909;0.029988;
0.024960;0.002798;0.027771;
0.024970;0.001688;0.025554;
0.024980;0.000578;0.023336;
0.024990;-0.000532;0.021118;
0.025000;-0.001642;0.018900;
0.025010;-0.002752;0.016681;
0.025020;-0.003862;0.014463;
0.025030;-0.004972;0.012244;
0.025040;-0.006082;0.010025;
0.025050;-0.007192;0.007806;
0.025060;-0.008302;0.005587;
0.025070;-0.009412;0.003368;
0.025080;-0.010521;0.001149;
0.025090;-0.011631;-0.001070;
0.025100;-0.012740;-0.003290;
0.025110;-0.013850;-0.005509;
0.025120;-0.014959;-0.007728;
0.025130;-0.016068;-0.009947;
0.025140;-0.017177;-0.012166;
0.025150;-0.018286;-0.014384;
0.025160;-0.019394;-0.016603;
0.025170;-0.020502;-0.018821;
0.025180;-0.021611;-0.021040;
0.025190;-0.022719;-0.023258;
0.025200;-0.023826;-0.025475;
0.025210;-0.024934;-0.027693;
0.025220;-0.026041;-0.029910;
0.025230;-0.027148;-0.032127;
0.025240;-0.028255;-0.034344;
0.025250;-0.029361;-0.036560;
0.025260;-0.030467;-0.038776;
0.025270;-0.031573;-0.040992;
0.025280;-0.032678;-0.043207;
0.025290;-0.033784;-0.045422;
0.025300;-0.034889;-0.047636;
0.025310;-0.035993;-0.049850;
0.025320;-0.037097;-0.052063;
0.025330;-0.038201;-0.054276;
0.025340;-0.039304;-0.056489;
0.025350;-0.040407;-0.058700;
0.025360;-0.041510;-0.060911;
0.025370;-0.042612;-0.063122;
0.025380;-0.043714;-0.065332;
0.025390;-0.044816;-0.067541;
0.025400;-0.045916;-0.069750;
0.025410;-0.047017;-0.071958;
0.025420;-0.048117;-0.074165;
0.025430;-0.049216;-0.076372;
0.025440;-0.050316;-0.078577;
0.025450;-0.051414;-0.080782;
0.025460;-0.052512;-0.082987;
0.025470;-0.053610;-0.085190;
0.025480;-0.054707;-0.087392;
0.025490;-0.055803;-0.089594;
0.025500;-0.056899;-0.091795;
0.025510;-0.057994;-0.093995;
0.025520;-0.059089;-0.096194;
0.025530;-0.060183;-0.098392;
0.025540;-0.061277;-0.100589;
0.025550;-0.062370;-0.102785;
0.025560;-0.063462;-0.104980;
0.025570;-0.064554;-0.107174;
0.025580;-0.065645;-0.109367;
0.025590;-0.066736;-0.111558;
0.025600;-0.067825;-0.113749;
0.025610;-0.068915;-0.115939;
0.025620;-0.070003;-0.118127;
0.025630;-0.071091;-0.120315;
0.025640;-0.072178;-0.122501;
0.025650;-0.073264;-0.124686;
0.025660;-0.074350;-0.126869;
0.025670;-0.075435;-0.129052;
0.025680;-0.076519;-0.131233;
0.025690;-0.077602;-0.133413;
0.025700;-0.078685;-0.135591;
0.025710;-0.079767;-0.137768;
0.025720;-0.080848;-0.139944;
0.025730;-0.081928;-0.142119;
0.025740;-0.083008;-0.144292;
0.025750;-0.084086;-0.146463;
0.025760;-0.085164;-0.148634;
0.025770;-0.086241;-0.150802;
0.025780;-0.087317;-0.152970;
0.025790;-0.088392;-0.155135;
0.025800;-0.089467;-0.157299;
0.025810;-0.090540;-0.159462;
0.025820;-0.091613;-0.161623;
0.025830;-0.092685;-0.163783;
0.025840;-0.093755;-0.165940;
0.025850;-0.094825;-0.168097;
0.025860;-0.095894;-0.170251;
0.025870;-0.096962;-0.172404;
0.025880;-0.098029;-0.174555;
0.025890;-0.099095;-0.176705;
0.025900;-0.100160;-0.178852;
0.025910;-0.101224;-0.180998;
0.025920;-0.102288;-0.183143;
0.025930;-0.103350;-0.185285;
0.025940;-0.104411;-0.187425;
0.025950;-0.105471;-0.189564;
0.025960;-0.106530;-0.191701;
0.025970;-0.107588;-0.193836;
0.025980;-0.108645;-0.195969;
0.025990;-0.109700;-0.198100;
0.026000;-0.110755;-0.200229;
0.026010;-0.111809;-0.202356;
0.026020;-0.112861;-0.204481;
0.026030;-0.113913;-0.206604;
0.026040;-0.114963;-0.208725;
0.026050;-0.116012;-0.210844;
0.026060;-0.117060;-0.212961;
0.026070;-0.118107;-0.215076;
0.026080;-0.119153;-0.217189;
0.026090;-0.120197;-0.219299;
0.026100;-0.121240;-0.221408;
0.026110;-0.122283;-0.223514;
0.026120;-0.123324;-0.225618;
0.026130;-0.124363;-0.227720;
0.026140;-0.125402;-0.229819;
0.026150;-0.126439;-0.231917;
0.026160;-0.127475;-0.234012;
0.026170;-0.128510;-0.236104;
0.026180;-0.129543;-0.238195;
0.026190;-0.130575;-0.240283;
0.026200;-0.131606;-0.242368;
0.026210;-0.132636;-0.244451;
0.026220;-0.133664;-0.246532;
0.026230;-0.134691;-0.248611;
0.026240;-0.135717;-0.250687;
0.026250;-0.136741;-0.252760;
0.026260;-0.137764;-0.254831;
0.026270;-0.138786;-0.256899;
0.026280;-0.139806;-0.258965;
0.026290;-0.140825;-0.261029;
0.026300;-0.141842;-0.263089;
0.026310;-0.142858;-0.265148;
0.026320;-0.143873;-0.267203;
0.026330;-0.144886;-0.269256;
0.026340;-0.145898;-0.271306;
0.026350;-0.146908;-0.273354;
0.026360;-0.147917;-0.275399;
0.026370;-0.148925;-0.277441;
0.026380;-0.149931;-0.279480;
0.026390;-0.150935;-0.281517;
0.026400;-0.151938;-0.283551;
0.026410;-0.152940;-0.285582;
0.026420;-0.153940;-0.287610;
0.026430;-0.154938;-0.289636;
0.026440;-0.155935;-0.291658;
0.026450;-0.156930;-0.293678;
0.026460;-0.157924;-0.295695;
0.026470;-0.158916;-0.297709;
0.026480;-0.159907;-0.299720;
0.026490;-0.160896;-0.301728;
0.026500;-0.161884;-0.303733;
0.026510;-0.162870;-0.305735;
0.026520;-0.163854;-0.307734;
0.026530;-0.164837;-0.309730;
0.026540;-0.165818;-0.311723;
0.026550;-0.166798;-0.313712;
0.026560;-0.167775;-0.315699;
0.026570;-0.168752;-0.317683;
0.026580;-0.169726;-0.319663;
0.026590;-0.170699;-0.321641;
0.026600;-0.171670;-0.323615;
0.026610;-0.172640;-0.325586;
0.026620;-0.173607;-0.327553;
0.026630;-0.174573;-0.329518;
0.026640;-0.175538;-0.331479;
0.026650;-0.176500;-0.333437;
0.026660;-0.177461;-0.335392;
0.026670;-0.178420;-0.337343;
0.026680;-0.179378;-0.339291;
0.026690;-0.180333;-0.341236;
0.026700;-0.181287;-0.343177;
0.026710;-0.182239;-0.345115;
0.026720;-0.183189;-0.347050;
0.026730;-0.184137;-0.348981;
0.026740;-0.185084;-0.350909;
0.026750;-0.186029;-0.352833;
0.026760;-0.186972;-0.354754;
0.026770;-0.187913;-0.356671;
0.026780;-0.188852;-0.358585;
0.026790;-0.189789;-0.360495;
0.026800;-0.190725;-0.362401;
0.026810;-0.191658;-0.364304;
0.026820;-0.192590;-0.366204;
0.026830;-0.193520;-0.368100;
0.026840;-0.194448;-0.369992;
0.026850;-0.195374;-0.371880;
0.026860;-0.196298;-0.373765;
0.026870;-0.197220;-0.375646;
0.026880;-0.198140;-0.377524;
0.026890;-0.199058;-0.379398;
0.026900;-0.199974;-0.381268;
0.026910;-0.200889;-0.383134;
0.026920;-0.201801;-0.384996;
0.026930;-0.202711;-0.386855;
0.026940;-0.203620;-0.388710;
0.026950;-0.204526;-0.390561;
0.026960;-0.205430;-0.392408;
0.026970;-0.206332;-0.394251;
0.026980;-0.207232;-0.396091;
0.026990;-0.208131;-0.397926;
0.027000;-0.209027;-0.399758;
0.027010;-0.209921;-0.401585;
0.027020;-0.210813;-0.403409;
0.027030;-0.211703;-0.405229;
0.027040;-0.212590;-0.407044;
0.027050;-0.213476;-0.408856;
0.027060;-0.214360;-0.410663;
0.027070;-0.215241;-0.412467;
0.027080;-0.216120;-0.414266;
0.027090;-0.216998;-0.416062;
0.027100;-0.217873;-0.417853;
0.027110;-0.218746;-0.419640;
0.027120;-0.219616;-0.421423;
0.027130;-0.220485;-0.423202;
0.027140;-0.221351;-0.424977;
0.027150;-0.222216;-0.426747;
0.027160;-0.223078;-0.428514;
0.027170;-0.223937;-0.430276;
0.027180;-0.224795;-0.432033;
0.027190;-0.225651;-0.433787;
0.027200;-0.226504;-0.435536;
0.027210;-0.227355;-0.437281;
0.027220;-0.228203;-0.439022;
0.027230;-0.229050;-0.440758;
0.027240;-0.229894;-0.442490;
0.027250;-0.230736;-0.444218;
0.027260;-0.231576;-0.445941;
0.027270;-0.232413;-0.447660;
0.027280;-0.233248;-0.449374;
0.027290;-0.234081;-0.451084;
0.027300;-0.234911;-0.452790;
0.027310;-0.235739;-0.454491;
0.027320;-0.236565;-0.456187;
0.027330;-0.237389;-0.457879;
0.027340;-0.238210;-0.459567;
0.027350;-0.239028;-0.461250;
0.027360;-0.239845;-0.462928;
0.027370;-0.240659;-0.464602;
0.027380;-0.241471;-0.466271;
0.027390;-0.242280;-0.467936;
0.027400;-0.243087;-0.469596;
0.027410;-0.243891;-0.471252;
0.027420;-0.244693;-0.472902;
0.027430;-0.245493;-0.474548;
0.027440;-0.246290;-0.476190;
0.027450;-0.247085;-0.477827;
0.027460;-0.247878;-0.479459;
0.027470;-0.248667;-0.481086;
0.027480;-0.249455;-0.482708;
0.027490;-0.250240;-0.484326;
0.027500;-0.251023;-0.485939;
0.027510;-0.251803;-0.487547;
0.027520;-0.252580;-0.489151;
0.027530;-0.253355;-0.490749;
0.027540;-0.254128;-0.492343;
0.027550;-0.254898;-0.493932;
0.027560;-0.255666;-0.495516;
0.027570;-0.256431;-0.497095;
0.027580;-0.257193;-0.498669;
0.027590;-0.257953;-0.500238;
0.027600;-0.258711;-0.501803;
0.027610;-0.259465;-0.503362;
0.027620;-0.260218;-0.504916;
0.027630;-0.260967;-0.506466;
0.027640;-0.261715;-0.508010;
0.027650;-0.262459;-0.509550;
0.027660;-0.263201;-0.511084;
0.027670;-0.263941;-0.512613;
0.027680;-0.264677;-0.514138;
0.027690;-0.265412;-0.515657;
0.027700;-0.266143;-0.517171;
0.027710;-0.266872;-0.518680;
0.027720;-0.267598;-0.520184;
0.027730;-0.268322;-0.521683;
0.027740;-0.269043;-0.523176;
0.027750;-0.269762;-0.524665;
0.027760;-0.270477;-0.526148;
0.027770;-0.271190;-0.527626;
0.027780;-0.271901;-0.529099;
0.027790;-0.272608;-0.530566;
0.027800;-0.273313;-0.532029;
0.027810;-0.274016;-0.533486;
0.027820;-0.274715;-0.534938;
0.027830;-0.275412;-0.536384;
0.027840;-0.276106;-0.537826;
0.027850;-0.276798;-0.539262;
0.027860;-0.277486;-0.540692;
0.027870;-0.278172;-0.542118;
0.027880;-0.278855;-0.543538;
0.027890;-0.279536;-0.544952;
0.027900;-0.280214;-0.546362;
0.027910;-0.280889;-0.547765;
0.027920;-0.281561;-0.549164;
0.027930;-0.282230;-0.550557;
0.027940;-0.282897;-0.551945;
0.027950;-0.283560;-0.553327;
0.027960;-0.284221;-0.554703;
0.027970;-0.284880;-0.556075;
0.027980;-0.285535;-0.557440;
0.027990;-0.286188;-0.558801;
0.028000;-0.286837;-0.560155;
0.028010;-0.287484;-0.561504;
0.028020;-0.288128;-0.562848;
0.028030;-0.288770;-0.564186;
0.028040;-0.289408;-0.565519;
0.028050;-0.290043;-0.566846;
0.028060;-0.290676;-0.568167;
0.028070;-0.291306;-0.569483;
0.028080;-0.291933;-0.570793;
0.028090;-0.292557;-0.572097;
0.028100;-0.293178;-0.573396;
0.028110;-0.293796;-0.574689;
0.028120;-0.294412;-0.575977;
0.028130;-0.295024;-0.577259;
0.028140;-0.295634;-0.578535;
0.028150;-0.296240;-0.579805;
0.028160;-0.296844;-0.581070;
0.028170;-0.297445;-0.582329;
0.028180;-0.298043;-0.583582;
0.028190;-0.298637;-0.584829;
0.028200;-0.299229;-0.586071;
0.028210;-0.299818;-0.587307;
0.028220;-0.300404;-0.588537;
0.028230;-0.300988;-0.589761;
0.028240;-0.301568;-0.590980;
0.028250;-0.302145;-0.592192;
0.028260;-0.302719;-0.593399;
0.028270;-0.303290;-0.594600;
0.028280;-0.303858;-0.595795;
0.028290;-0.304423;-0.596984;
0.028300;-0.304985;-0.598168;
0.028310;-0.305545;-0.599345;
0.028320;-0.306101;-0.600516;
0.028330;-0.306654;-0.601682;
0.028340;-0.307204;-0.602842;
0.028350;-0.307751;-0.603995;
0.028360;-0.308295;-0.605143;
0.028370;-0.308836;-0.606285;
0.028380;-0.309374;-0.607420;
0.028390;-0.309909;-0.608550;
0.028400;-0.310441;-0.609674;
0.028410;-0.310969;-0.610792;
0.028420;-0.311495;-0.611903;
0.028430;-0.312018;-0.613009;
0.028440;-0.312537;-0.614109;
0.028450;-0.313054;-0.615202;
0.028460;-0.313567;-0.616290;
0.028470;-0.314077;-0.617371;
0.028480;-0.314584;-0.618446;
0.028490;-0.315088;-0.619515;
0.028500;-0.315589;-0.620578;
0.028510;-0.316087;-0.621635;
0.028520;-0.316582;-0.622686;
0.028530;-0.317073;-0.623731;
0.028540;-0.317562;-0.624769;
0.028550;-0.318047;-0.625802;
0.028560;-0.318529;-0.626828;
0.028570;-0.319008;-0.627848;
0.028580;-0.319484;-0.628862;
0.028590;-0.319957;-0.629869;
0.028600;-0.320427;-0.630871;
0.028610;-0.320893;-0.631866;
0.028620;-0.321356;-0.632855;
0.028630;-0.321816;-0.633837;
0.028640;-0.322273;-0.634814;
0.028650;-0.322727;-0.635784;
0.028660;-0.323177;-0.636748;
0.028670;-0.323625;-0.637705;
0.028680;-0.324069;-0.638657;
0.028690;-0.324510;-0.639601;
0.028700;-0.324948;-0.640540;
0.028710;-0.325382;-0.641472;
0.028720;-0.325813;-0.642398;
0.028730;-0.326242;-0.643318;
0.028740;-0.326666;-0.644231;
0.028750;-0.327088;-0.645138;
0.028760;-0.327507;-0.646039;
0.028770;-0.327922;-0.646933;
0.028780;-0.328334;-0.647821;
0.028790;-0.328742;-0.648703;
0.028800;-0.329148;-0.649578;
0.028810;-0.329550;-0.650446;
0.028820;-0.329949;-0.651308;
0.028830;-0.330345;-0.652164;
0.028840;-0.330737;-0.653014;
0.028850;-0.331127;-0.653856;
0.028860;-0.331512;-0.654693;
0.028870;-0.331895;-0.655523;
0.028880;-0.332275;-0.656346;
0.028890;-0.332651;-0.657163;
0.028900;-0.333023;-0.657974;
0.028910;-0.333393;-0.658778;
0.028920;-0.333759;-0.659576;
0.028930;-0.334122;-0.660367;
0.028940;-0.334482;-0.661151;
0.028950;-0.334838;-0.661929;
0.028960;-0.335191;-0.662701;
0.028970;-0.335541;-0.663465;
0.028980;-0.335887;-0.664224;
0.028990;-0.336231;-0.664976;
0.029000;-0.336570;-0.665721;
0.029010;-0.336907;-0.666460;
0.029020;-0.337240;-0.667192;
0.029030;-0.337570;-0.667917;
0.029040;-0.337896;-0.668636;
0.029050;-0.338219;-0.669349;
0.029060;-0.338539;-0.670054;
0.029070;-0.338856;-0.670753;
0.029080;-0.339169;-0.671446;
0.029090;-0.339479;-0.672132;
0.029100;-0.339785;-0.672811;
0.029110;-0.340088;-0.673484;
0.029120;-0.340388;-0.674150;
0.029130;-0.340684;-0.674809;
0.029140;-0.340977;-0.675461;
0.029150;-0.341267;-0.676107;
0.029160;-0.341553;-0.676747;
0.029170;-0.341836;-0.677379;
0.029180;-0.342116;-0.678005;
0.029190;-0.342392;-0.678625;
0.029200;-0.342664;-0.679237;
0.029210;-0.342934;-0.679843;
0.029220;-0.343200;-0.680442;
0.029230;-0.343462;-0.681034;
0.029240;-0.343722;-0.681620;
0.029250;-0.343978;-0.682199;
0.029260;-0.344230;-0.682771;
0.029270;-0.344479;-0.683337;
0.029280;-0.344725;-0.683896;
0.029290;-0.344967;-0.684448;
0.029300;-0.345206;-0.684993;
0.029310;-0.345441;-0.685531;
0.029320;-0.345673;-0.686063;
0.029330;-0.345902;-0.686588;
0.029340;-0.346127;-0.687106;
0.029350;-0.346349;-0.687617;
0.029360;-0.346567;-0.688122;
0.029370;-0.346782;-0.688620;
0.029380;-0.346994;-0.689111;
0.029390;-0.347202;-0.689595;
0.029400;-0.347406;-0.690072;
0.029410;-0.347607;-0.690543;
0.029420;-0.347805;-0.691007;
0.029430;-0.348000;-0.691464;
0.029440;-0.348191;-0.691914;
0.029450;-0.348378;-0.692357;
0.029460;-0.348562;-0.692794;
0.029470;-0.348743;-0.693223;
0.029480;-0.348920;-0.693646;
0.029490;-0.349094;-0.694062;
0.029500;-0.349264;-0.694471;
0.029510;-0.349431;-0.694873;
0.029520;-0.349594;-0.695269;
0.029530;-0.349754;-0.695657;
0.029540;-0.349911;-0.696039;
0.029550;-0.350064;-0.696414;
0.029560;-0.350213;-0.696782;
0.029570;-0.350359;-0.697143;
0.029580;-0.350502;-0.697497;
0.029590;-0.350641;-0.697844;
0.029600;-0.350777;-0.698185;
0.029610;-0.350909;-0.698518;
0.029620;-0.351038;-0.698845;
0.029630;-0.351163;-0.699164;
0.029640;-0.351285;-0.699477;
0.029650;-0.351404;-0.699783;
0.029660;-0.351519;-0.700082;
0.029670;-0.351630;-0.700374;
0.029680;-0.351738;-0.700659;
0.029690;-0.351843;-0.700938;
0.029700;-0.351944;-0.701209;
0.029710;-0.352041;-0.701473;
0.029720;-0.352136;-0.701731;
0.029730;-0.352226;-0.701981;
0.029740;-0.352313;-0.702225;
0.029750;-0.352397;-0.702462;
0.029760;-0.352477;-0.702691;
0.029770;-0.352554;-0.702914;
0.029780;-0.352627;-0.703130;
0.029790;-0.352697;-0.703339;
0.029800;-0.352763;-0.703541;
0.029810;-0.352826;-0.703736;
0.029820;-0.352885;-0.703924;
0.029830;-0.352941;-0.704106;
0.029840;-0.352994;-0.704280;
0.029850;-0.353043;-0.704447;
0.029860;-0.353088;-0.704607;
0.029870;-0.353130;-0.704761;
0.029880;-0.353168;-0.704907;
0.029890;-0.353203;-0.705047;
0.029900;-0.353235;-0.705179;
0.029910;-0.353263;-0.705305;
0.029920;-0.353287;-0.705423;
0.029930;-0.353308;-0.705535;
0.029940;-0.353326;-0.705640;
0.029950;-0.353340;-0.705737;
0.029960;-0.353350;-0.705828;
0.029970;-0.353357;-0.705912;
0.029980;-0.353361;-0.705989;
0.029990;-0.353361;-0.706058;
0.030000;-0.353358;-0.706121;
0.030010;-0.353351;-0.706177;
0.030020;-0.353340;-0.706226;
0.030030;-0.353326;-0.706268;
0.030040;-0.353309;-0.706303;
0.030050;-0.353288;-0.706331;
0.030060;-0.353264;-0.706352;
0.030070;-0.353236;-0.706366;
0.030080;-0.353205;-0.706373;
0.030090;-0.353170;-0.706373;
0.030100;-0.353132;-0.706366;
0.030110;-0.353090;-0.706353;
0.030120;-0.353045;-0.706332;
0.030130;-0.352996;-0.706304;
0.030140;-0.352944;-0.706269;
0.030150;-0.352888;-0.706228;
0.030160;-0.352829;-0.706179;
0.030170;-0.352766;-0.706123;
0.030180;-0.352700;-0.706061;
0.030190;-0.352630;-0.705991;
0.030200;-0.352557;-0.705915;
0.030210;-0.352481;-0.705831;
0.030220;-0.352400;-0.705741;
0.030230;-0.352317;-0.705643;
0.030240;-0.352230;-0.705539;
0.030250;-0.352139;-0.705427;
0.030260;-0.352045;-0.705309;
0.030270;-0.351948;-0.705184;
0.030280;-0.351847;-0.705051;
0.030290;-0.351743;-0.704912;
0.030300;-0.351635;-0.704766;
0.030310;-0.351523;-0.704613;
0.030320;-0.351409;-0.704453;
0.030330;-0.351290;-0.704286;
0.030340;-0.351169;-0.704112;
0.030350;-0.351043;-0.703931;
0.030360;-0.350915;-0.703743;
0.030370;-0.350783;-0.703548;
0.030380;-0.350647;-0.703346;
0.030390;-0.350508;-0.703138;
0.030400;-0.350365;-0.702922;
0.030410;-0.350219;-0.702699;
0.030420;-0.350070;-0.702470;
0.030430;-0.349917;-0.702233;
0.030440;-0.349761;-0.701990;
0.030450;-0.349601;-0.701740;
0.030460;-0.349438;-0.701482;
0.030470;-0.349271;-0.701218;
0.030480;-0.349101;-0.700947;
0.030490;-0.348927;-0.700669;
0.030500;-0.348750;-0.700384;
0.030510;-0.348570;-0.700092;
0.030520;-0.348386;-0.699794;
0.030530;-0.348198;-0.699488;
0.030540;-0.348008;-0.699175;
0.030550;-0.347813;-0.698856;
0.030560;-0.347616;-0.698530;
0.030570;-0.347415;-0.698196;
0.030580;-0.347210;-0.697856;
0.030590;-0.347002;-0.697509;
0.030600;-0.346791;-0.697155;
0.030610;-0.346576;-0.696795;
0.030620;-0.346358;-0.696427;
0.030630;-0.346136;-0.696052;
0.030640;-0.345911;-0.695671;
0.030650;-0.345683;-0.695283;
0.030660;-0.345451;-0.694887;
0.030670;-0.345216;-0.694485;
0.030680;-0.344977;-0.694077;
0.030690;-0.344735;-0.693661;
0.030700;-0.344489;-0.693238;
0.030710;-0.344240;-0.692809;
0.030720;-0.343988;-0.692373;
0.030730;-0.343732;-0.691930;
0.030740;-0.343473;-0.691480;
0.030750;-0.343211;-0.691023;
0.030760;-0.342945;-0.690560;
0.030770;-0.342676;-0.690089;
0.030780;-0.342403;-0.689612;
0.030790;-0.342127;-0.689128;
0.030800;-0.341848;-0.688637;
0.030810;-0.341565;-0.688140;
0.030820;-0.341279;-0.687635;
0.030830;-0.340989;-0.687124;
0.030840;-0.340697;-0.686606;
0.030850;-0.340400;-0.686082;
0.030860;-0.340101;-0.685550;
0.030870;-0.339798;-0.685012;
0.030880;-0.339492;-0.684467;
0.030890;-0.339182;-0.683915;
0.030900;-0.338869;-0.683357;
0.030910;-0.338553;-0.682791;
0.030920;-0.338233;-0.682219;
0.030930;-0.337910;-0.681641;
0.030940;-0.337584;-0.681055;
0.030950;-0.337254;-0.680463;
0.030960;-0.336921;-0.679864;
0.030970;-0.336584;-0.679259;
0.030980;-0.336245;-0.678646;
0.030990;-0.335902;-0.678027;
0.031000;-0.335556;-0.677402;
0.031010;-0.335206;-0.676769;
0.031020;-0.334853;-0.676130;
0.031030;-0.334497;-0.675484;
0.031040;-0.334137;-0.674832;
0.031050;-0.333775;-0.674173;
0.031060;-0.333408;-0.673507;
0.031070;-0.333039;-0.672835;
0.031080;-0.332666;-0.672156;
0.031090;-0.332290;-0.671470;
0.031100;-0.331911;-0.670778;
0.031110;-0.331529;-0.670079;
0.031120;-0.331143;-0.669374;
0.031130;-0.330754;-0.668661;
0.031140;-0.330361;-0.667943;
0.031150;-0.329966;-0.667217;
0.031160;-0.329567;-0.666486;
0.031170;-0.329165;-0.665747;
0.031180;-0.328759;-0.665002;
0.031190;-0.328351;-0.664250;
0.031200;-0.327939;-0.663492;
0.031210;-0.327524;-0.662728;
0.031220;-0.327106;-0.661956;
0.031230;-0.326684;-0.661179;
0.031240;-0.326259;-0.660394;
0.031250;-0.325831;-0.659604;
0.031260;-0.325400;-0.658806;
0.031270;-0.324966;-0.658002;
0.031280;-0.324528;-0.657192;
0.031290;-0.324087;-0.656375;
0.031300;-0.323643;-0.655552;
0.031310;-0.323196;-0.654722;
0.031320;-0.322746;-0.653886;
0.031330;-0.322292;-0.653043;
0.031340;-0.321835;-0.652194;
0.031350;-0.321375;-0.651339;
0.031360;-0.320912;-0.650477;
0.031370;-0.320446;-0.649608;
0.031380;-0.319977;-0.648733;
0.031390;-0.319504;-0.647852;
0.031400;-0.319028;-0.646965;
0.031410;-0.318549;-0.646071;
0.031420;-0.318067;-0.645170;
0.031430;-0.317582;-0.644264;
0.031440;-0.317094;-0.643350;
0.031450;-0.316602;-0.642431;
0.031460;-0.316108;-0.641505;
0.031470;-0.315610;-0.640573;
0.031480;-0.315109;-0.639635;
0.031490;-0.314605;-0.638690;
0.031500;-0.314098;-0.637739;
0.031510;-0.313588;-0.636782;
0.031520;-0.313075;-0.635818;
0.031530;-0.312559;-0.634848;
0.031540;-0.312039;-0.633872;
0.031550;-0.311517;-0.632889;
0.031560;-0.310991;-0.631901;
0.031570;-0.310463;-0.630906;
0.031580;-0.309931;-0.629905;
0.031590;-0.309396;-0.628897;
0.031600;-0.308859;-0.627884;
0.031610;-0.308318;-0.626864;
0.031620;-0.307774;-0.625838;
0.031630;-0.307227;-0.624806;
0.031640;-0.306677;-0.623768;
0.031650;-0.306124;-0.622723;
0.031660;-0.305568;-0.621673;
0.031670;-0.305009;-0.620616;
0.031680;-0.304447;-0.619553;
0.031690;-0.303882;-0.618484;
0.031700;-0.303314;-0.617409;
0.031710;-0.302743;-0.616328;
0.031720;-0.302169;-0.615240;
0.031730;-0.301592;-0.614147;
0.031740;-0.301012;-0.613048;
0.031750;-0.300429;-0.611942;
0.031760;-0.299843;-0.610831;
0.031770;-0.299254;-0.609713;
0.031780;-0.298662;-0.608590;
0.031790;-0.298068;-0.607460;
0.031800;-0.297470;-0.606325;
0.031810;-0.296869;-0.605183;
0.031820;-0.296266;-0.604036;
0.031830;-0.295659;-0.602882;
0.031840;-0.295050;-0.601723;
0.031850;-0.294437;-0.600558;
0.031860;-0.293822;-0.599386;
0.031870;-0.293204;-0.598209;
0.031880;-0.292583;-0.597026;
0.031890;-0.291959;-0.595837;
0.031900;-0.291332;-0.594642;
0.031910;-0.290703;-0.593442;
0.031920;-0.290070;-0.592235;
0.031930;-0.289435;-0.591023;
0.031940;-0.288796;-0.589804;
0.031950;-0.288155;-0.588580;
0.031960;-0.287511;-0.587350;
0.031970;-0.286864;-0.586115;
0.031980;-0.286215;-0.584873;
0.031990;-0.285562;-0.583626;
0.032000;-0.284907;-0.582373;
0.032010;-0.284249;-0.581114;
0.032020;-0.283588;-0.579850;
0.032030;-0.282924;-0.578580;
0.032040;-0.282258;-0.577304;
0.032050;-0.281589;-0.576022;
0.032060;-0.280917;-0.574735;
0.032070;-0.280242;-0.573442;
0.032080;-0.279564;-0.572143;
0.032090;-0.278884;-0.570839;
0.032100;-0.278201;-0.569529;
0.032110;-0.277515;-0.568213;
0.032120;-0.276826;-0.566892;
0.032130;-0.276135;-0.565566;
0.032140;-0.275441;-0.564233;
0.032150;-0.274744;-0.562895;
0.032160;-0.274045;-0.561552;
0.032170;-0.273343;-0.560203;
0.032180;-0.272638;-0.558848;
0.032190;-0.271930;-0.557488;
0.032200;-0.271220;-0.556123;
0.032210;-0.270507;-0.554752;
0.032220;-0.269792;-0.553375;
0.032230;-0.269073;-0.551993;
0.032240;-0.268352;-0.550606;
0.032250;-0.267629;-0.549213;
0.032260;-0.266903;-0.547815;
0.032270;-0.266174;-0.546411;
0.032280;-0.265442;-0.545002;
0.032290;-0.264708;-0.543588;
0.032300;-0.263972;-0.542168;
0.032310;-0.263232;-0.540743;
0.032320;-0.262490;-0.539312;
0.032330;-0.261746;-0.537876;
0.032340;-0.260999;-0.536435;
0.032350;-0.260249;-0.534989;
0.032360;-0.259497;-0.533537;
0.032370;-0.258742;-0.532080;
0.032380;-0.257985;-0.530618;
0.032390;-0.257225;-0.529151;
0.032400;-0.256463;-0.527678;
0.032410;-0.255698;-0.526200;
0.032420;-0.254930;-0.524717;
0.032430;-0.254160;-0.523229;
0.032440;-0.253388;-0.521735;
0.032450;-0.252613;-0.520237;
0.032460;-0.251835;-0.518733;
0.032470;-0.251055;-0.517224;
0.032480;-0.250273;-0.515710;
0.032490;-0.249488;-0.514191;
0.032500;-0.248700;-0.512667;
0.032510;-0.247911;-0.511138;
0.032520;-0.247118;-0.509604;
0.032530;-0.246324;-0.508065;
0.032540;-0.245526;-0.506520;
0.032550;-0.244727;-0.504971;
0.032560;-0.243925;-0.503417;
0.032570;-0.243120;-0.501858;
0.032580;-0.242314;-0.500294;
0.032590;-0.241504;-0.498724;
0.032600;-0.240693;-0.497150;
0.032610;-0.239879;-0.495572;
0.032620;-0.239063;-0.493988;
0.032630;-0.238244;-0.492399;
0.032640;-0.237423;-0.490806;
0.032650;-0.236600;-0.489207;
0.032660;-0.235774;-0.487604;
0.032670;-0.234946;-0.485996;
0.032680;-0.234115;-0.484383;
0.032690;-0.233283;-0.482765;
0.032700;-0.232448;-0.481143;
0.032710;-0.231611;-0.479516;
0.032720;-0.230771;-0.477884;
0.032730;-0.229929;-0.476248;
0.032740;-0.229085;-0.474606;
0.032750;-0.228239;-0.472960;
0.032760;-0.227390;-0.471310;
0.032770;-0.226539;-0.469655;
0.032780;-0.225686;-0.467995;
0.032790;-0.224831;-0.466330;
0.032800;-0.223973;-0.464661;
0.032810;-0.223114;-0.462987;
0.032820;-0.222252;-0.461309;
0.032830;-0.221388;-0.459626;
0.032840;-0.220521;-0.457939;
0.032850;-0.219653;-0.456247;
0.032860;-0.218782;-0.454551;
0.032870;-0.217909;-0.452850;
0.032880;-0.217034;-0.451144;
0.032890;-0.216157;-0.449435;
0.032900;-0.215278;-0.447720;
0.032910;-0.214397;-0.446002;
0.032920;-0.213513;-0.444279;
0.032930;-0.212627;-0.442551;
0.032940;-0.211740;-0.440819;
0.032950;-0.210850;-0.439083;
0.032960;-0.209958;-0.437343;
0.032970;-0.209064;-0.435598;
0.032980;-0.208168;-0.433849;
0.032990;-0.207270;-0.432095;
0.033000;-0.206370;-0.430338;
0.033010;-0.205468;-0.428576;
0.033020;-0.204564;-0.426810;
0.033030;-0.203657;-0.425039;
0.033040;-0.202749;-0.423265;
0.033050;-0.201839;-0.421486;
0.033060;-0.200927;-0.419703;
0.033070;-0.200013;-0.417916;
0.033080;-0.199097;-0.416125;
0.033090;-0.198178;-0.414330;
0.033100;-0.197258;-0.412530;
0.033110;-0.196336;-0.410727;
0.033120;-0.195412;-0.408920;
0.033130;-0.194486;-0.407108;
0.033140;-0.193559;-0.405293;
0.033150;-0.192629;-0.403473;
0.033160;-0.191697;-0.401650;
0.033170;-0.190764;-0.399822;
0.033180;-0.189828;-0.397991;
0.033190;-0.188891;-0.396155;
0.033200;-0.187952;-0.394316;
0.033210;-0.187011;-0.392473;
0.033220;-0.186068;-0.390626;
0.033230;-0.185124;-0.388775;
0.033240;-0.184177;-0.386920;
0.033250;-0.183229;-0.385062;
0.033260;-0.182279;-0.383200;
0.033270;-0.181327;-0.381333;
0.033280;-0.180373;-0.379464;
0.033290;-0.179418;-0.377590;
0.033300;-0.178460;-0.375713;
0.033310;-0.177501;-0.373832;
0.033320;-0.176541;-0.371947;
0.033330;-0.175578;-0.370058;
0.033340;-0.174614;-0.368166;
0.033350;-0.173648;-0.366271;
0.033360;-0.172680;-0.364371;
0.033370;-0.171711;-0.362468;
0.033380;-0.170740;-0.360562;
0.033390;-0.169767;-0.358652;
0.033400;-0.168792;-0.356738;
0.033410;-0.167816;-0.354821;
0.033420;-0.166839;-0.352901;
0.033430;-0.165859;-0.350977;
0.033440;-0.164878;-0.349049;
0.033450;-0.163895;-0.347118;
0.033460;-0.162911;-0.345184;
0.033470;-0.161925;-0.343246;
0.033480;-0.160938;-0.341304;
0.033490;-0.159949;-0.339360;
0.033500;-0.158958;-0.337412;
0.033510;-0.157966;-0.335461;
0.033520;-0.156972;-0.333506;
0.033530;-0.155977;-0.331548;
0.033540;-0.154980;-0.329587;
0.033550;-0.153981;-0.327623;
0.033560;-0.152981;-0.325655;
0.033570;-0.151980;-0.323684;
0.033580;-0.150977;-0.321710;
0.033590;-0.149973;-0.319733;
0.033600;-0.148967;-0.317753;
0.033610;-0.147959;-0.315769;
0.033620;-0.146950;-0.313783;
0.033630;-0.145940;-0.311793;
0.033640;-0.144928;-0.309800;
0.033650;-0.143915;-0.307804;
0.033660;-0.142901;-0.305805;
0.033670;-0.141885;-0.303803;
0.033680;-0.140867;-0.301798;
0.033690;-0.139848;-0.299791;
0.033700;-0.138828;-0.297780;
0.033710;-0.137807;-0.295766;
0.033720;-0.136784;-0.293749;
0.033730;-0.135760;-0.291730;
0.033740;-0.134734;-0.289707;
0.033750;-0.133707;-0.287682;
0.033760;-0.132679;-0.285654;
0.033770;-0.131649;-0.283623;
0.033780;-0.130618;-0.281589;
0.033790;-0.129586;-0.279552;
0.033800;-0.128553;-0.277513;
0.033810;-0.127518;-0.275471;
0.033820;-0.126482;-0.273426;
0.033830;-0.125445;-0.271379;
0.033840;-0.124407;-0.269328;
0.033850;-0.123367;-0.267276;
0.033860;-0.122326;-0.265220;
0.033870;-0.121284;-0.263162;
0.033880;-0.120241;-0.261101;
0.033890;-0.119196;-0.259038;
0.033900;-0.118151;-0.256972;
0.033910;-0.117104;-0.254904;
0.033920;-0.116056;-0.252833;
0.033930;-0.115007;-0.250760;
0.033940;-0.113957;-0.248684;
0.033950;-0.112905;-0.246606;
0.033960;-0.111853;-0.244525;
0.033970;-0.110799;-0.242442;
0.033980;-0.109744;-0.240356;
0.033990;-0.108689;-0.238268;
0.034000;-0.107632;-0.236178;
0.034010;-0.106574;-0.234085;
0.034020;-0.105515;-0.231991;
0.034030;-0.104455;-0.229893;
0.034040;-0.103394;-0.227794;
0.034050;-0.102332;-0.225692;
0.034060;-0.101269;-0.223588;
0.034070;-0.100205;-0.221482;
0.034080;-0.099140;-0.219374;
0.034090;-0.098074;-0.217263;
0.034100;-0.097007;-0.215151;
0.034110;-0.095939;-0.213036;
0.034120;-0.094870;-0.210919;
0.034130;-0.093800;-0.208800;
0.034140;-0.092729;-0.206679;
0.034150;-0.091658;-0.204556;
0.034160;-0.090585;-0.202431;
0.034170;-0.089512;-0.200304;
0.034180;-0.088437;-0.198175;
0.034190;-0.087362;-0.196044;
0.034200;-0.086286;-0.193911;
0.034210;-0.085209;-0.191776;
0.034220;-0.084131;-0.189639;
0.034230;-0.083053;-0.187501;
0.034240;-0.081973;-0.185360;
0.034250;-0.080893;-0.183218;
0.034260;-0.079812;-0.181074;
0.034270;-0.078730;-0.178928;
0.034280;-0.077648;-0.176780;
0.034290;-0.076564;-0.174631;
0.034300;-0.075480;-0.172480;
0.034310;-0.074395;-0.170327;
0.034320;-0.073310;-0.168173;
0.034330;-0.072223;-0.166016;
0.034340;-0.071136;-0.163859;
0.034350;-0.070049;-0.161699;
0.034360;-0.068960;-0.159538;
0.034370;-0.067871;-0.157376;
0.034380;-0.066781;-0.155212;
0.034390;-0.065691;-0.153046;
0.034400;-0.064600;-0.150879;
0.034410;-0.063508;-0.148710;
0.034420;-0.062416;-0.146540;
0.034430;-0.061323;-0.144368;
0.034440;-0.060229;-0.142195;
0.034450;-0.059135;-0.140021;
0.034460;-0.058040;-0.137845;
0.034470;-0.056945;-0.135668;
0.034480;-0.055849;-0.133489;
0.034490;-0.054753;-0.131310;
0.034500;-0.053656;-0.129129;
0.034510;-0.052558;-0.126946;
0.034520;-0.051460;-0.124763;
0.034530;-0.050361;-0.122578;
0.034540;-0.049262;-0.120392;
0.034550;-0.048163;-0.118204;
0.034560;-0.047063;-0.116016;
0.034570;-0.045962;-0.113826;
0.034580;-0.044862;-0.111636;
0.034590;-0.043760;-0.109444;
0.034600;-0.042658;-0.107251;
0.034610;-0.041556;-0.105057;
0.034620;-0.040454;-0.102862;
0.034630;-0.039351;-0.100666;
0.034640;-0.038247;-0.098469;
0.034650;-0.037143;-0.096271;
0.034660;-0.036039;-0.094072;
0.034670;-0.034935;-0.091872;
0.034680;-0.033830;-0.089672;
0.034690;-0.032725;-0.087470;
0.034700;-0.031619;-0.085268;
0.034710;-0.030513;-0.083064;
0.034720;-0.029407;-0.080860;
0.034730;-0.028301;-0.078655;
0.034740;-0.027194;-0.076449;
0.034750;-0.026087;-0.074243;
0.034760;-0.024980;-0.072036;
0.034770;-0.023873;-0.069828;
0.034780;-0.022765;-0.067619;
0.034790;-0.021657;-0.065410;
0.034800;-0.020549;-0.063200;
0.034810;-0.019440;-0.060989;
0.034820;-0.018332;-0.058778;
0.034830;-0.017223;-0.056567;
0.034840;-0.016114;-0.054354;
0.034850;-0.015005;-0.052141;
0.034860;-0.013896;-0.049928;
0.034870;-0.012787;-0.047714;
0.034880;-0.011677;-0.045500;
0.034890;-0.010568;-0.043285;
0.034900;-0.009458;-0.041070;
0.034910;-0.008348;-0.038854;
0.034920;-0.007238;-0.036638;
0.034930;-0.006129;-0.034422;
0.034940;-0.005019;-0.032205;
0.034950;-0.003909;-0.029988;
0.034960;-0.002798;-0.027771;
0.034970;-0.001688;-0.025554;
0.034980;-0.000578;-0.023336;
0.034990;0.000532;-0.021118;
0.035000;0.001642;-0.018900;
0.035010;0.002752;-0.016681;
0.035020;0.003862;-0.014463;
0.035030;0.004972;-0.012244;
0.035040;0.006082;-0.010025;
0.035050;0.007192;-0.007806;
0.035060;0.008302;-0.005587;
0.035070;0.009412;-0.003368;
0.035080;0.010521;-0.001149;
0.035090;0.011631;0.001070;
0.035100;0.012740;0.003290;
0.035110;0.013850;0.005509;
0.035120;0.014959;0.007728;
0.035130;0.016068;0.009947;
0.035140;0.017177;0.012166;
0.035150;0.018286;0.014384;
0.035160;0.019394;0.016603;
0.035170;0.020502;0.018821;
0.035180;0.021611;0.021040;
0.035190;0.022719;0.023258;
0.035200;0.023826;0.025475;
0.035210;0.024934;0.027693;
0.035220;0.026041;0.029910;
0.035230;0.027148;0.032127;
0.035240;0.028255;0.034344;
0.035250;0.029361;0.036560;
0.035260;0.030467;0.038776;
0.035270;0.031573;0.040992;
0.035280;0.032678;0.043207;
0.035290;0.033784;0.045422;
0.035300;0.034889;0.047636;
0.035310;0.035993;0.049850;
0.035320;0.037097;0.052063;
0.035330;0.038201;0.054276;
0.035340;0.039304;0.056489;
0.035350;0.040407;0.058700;
0.035360;0.041510;0.060911;
0.035370;0.042612;0.063122;
0.035380;0.043714;0.065332;
0.035390;0.044816;0.067541;
0.035400;0.045916;0.069750;
0.035410;0.047017;0.071958;
0.035420;0.048117;0.074165;
0.035430;0.049216;0.076372;
0.035440;0.050316;0.078577;
0.035450;0.051414;0.080782;
0.035460;0.052512;0.082987;
0.035470;0.053610;0.085190;
0.035480;0.054707;0.087392;
0.035490;0.055803;0.089594;
0.035500;0.056899;0.091795;
0.035510;0.057994;0.093995;
0.035520;0.059089;0.096194;
0.035530;0.060183;0.098392;
0.035540;0.061277;0.100589;
0.035550;0.062370;0.102785;
0.035560;0.063462;0.104980;
0.035570;0.064554;0.107174;
0.035580;0.065645;0.109367;
0.035590;0.066736;0.111558;
0.035600;0.067825;0.113749;
0.035610;0.068915;0.115939;
0.035620;0.070003;0.118127;
0.035630;0.071091;0.120315;
0.035640;0.072178;0.122501;
0.035650;0.073264;0.124686;
0.035660;0.074350;0.126869;
0.035670;0.075435;0.129052;
0.035680;0.076519;0.131233;
0.035690;0.077602;0.133413;
0.035700;0.078685;0.135591;
0.035710;0.079767;0.137768;
0.035720;0.080848;0.139944;
0.035730;0.081928;0.142119;
0.035740;0.083008;0.144292;
0.035750;0.084086;0.146463;
0.035760;0.085164;0.148634;
0.035770;0.086241;0.150802;
0.035780;0.087317;0.152970;
0.035790;0.088392;0.155135;
0.035800;0.089467;0.157299;
0.035810;0.090540;0.159462;
0.035820;0.091613;0.161623;
0.035830;0.092685;0.163783;
0.035840;0.093755;0.165940;
0.035850;0.094825;0.168097;
0.035860;0.095894;0.170251;
0.035870;0.096962;0.172404;
0.035880;0.098029;0.174555;
0.035890;0.099095;0.176705;
0.035900;0.100160;0.178852;
0.035910;0.101224;0.180998;
0.035920;0.102288;0.183143;
0.035930;0.103350;0.185285;
0.035940;0.104411;0.187425;
0.035950;0.105471;0.189564;
0.035960;0.106530;0.191701;
0.035970;0.107588;0.193836;
0.035980;0.108645;0.195969;
0.035990;0.109700;0.198100;
0.036000;0.110755;0.200229;
0.036010;0.111809;0.202356;
0.036020;0.112861;0.204481;
0.036030;0.113913;0.206604;
0.036040;0.114963;0.208725;
0.036050;0.116012;0.210844;
0.036060;0.117060;0.212961;
0.036070;0.118107;0.215076;
0.036080;0.119153;0.217189;
0.036090;0.120197;0.219299;
0.036100;0.121240;0.221408;
0.036110;0.122283;0.223514;
0.036120;0.123324;0.225618;
0.036130;0.124363;0.227720;
0.036140;0.125402;0.229819;
0.036150;0.126439;0.231917;
0.036160;0.127475;0.234012;
0.036170;0.128510;0.236104;
0.036180;0.129543;0.238195;
0.036190;0.130575;0.240283;
0.036200;0.131606;0.242368;
0.036210;0.132636;0.244451;
0.036220;0.133664;0.246532;
0.036230;0.134691;0.248611;
0.036240;0.135717;0.250687;
0.036250;0.136741;0.252760;
0.036260;0.137764;0.254831;
0.036270;0.138786;0.256899;
0.036280;0.139806;0.258965;
0.036290;0.140825;0.261029;
0.036300;0.141842;0.263089;
0.036310;0.142858;0.265148;
0.036320;0.143873;0.267203;
0.036330;0.144886;0.269256;
0.036340;0.145898;0.271306;
0.036350;0.146908;0.273354;
0.036360;0.147917;0.275399;
0.036370;0.148925;0.277441;
0.036380;0.149931;0.279480;
0.036390;0.150935;0.281517;
0.036400;0.151938;0.283551;
0.036410;0.152940;0.285582;
0.036420;0.153940;0.287610;
0.036430;0.154938;0.289636;
0.036440;0.155935;0.291658;
0.036450;0.156930;0.293678;
0.036460;0.157924;0.295695;
0.036470;0.158916;0.297709;
0.036480;0.159907;0.299720;
0.036490;0.160896;0.301728;
0.036500;0.161884;0.303733;
0.036510;0.162870;0.305735;
0.036520;0.163854;0.307734;
0.036530;0.164837;0.309730;
0.036540;0.165818;0.311723;
0.036550;0.166798;0.313712;
0.036560;0.167775;0.315699;
0.036570;0.168752;0.317683;
0.036580;0.169726;0.319663;
0.036590;0.170699;0.321641;
0.036600;0.171670;0.323615;
0.036610;0.172640;0.325586;
0.036620;0.173607;0.327553;
0.036630;0.174573;0.329518;
0.036640;0.175538;0.331479;
0.036650;0.176500;0.333437;
0.036660;0.177461;0.335392;
0.036670;0.178420;0.337343;
0.036680;0.179378;0.339291;
0.036690;0.180333;0.341236;
0.036700;0.181287;0.343177;
0.036710;0.182239;0.345115;
0.036720;0.183189;0.347050;
0.036730;0.184137;0.348981;
0.036740;0.185084;0.350909;
0.036750;0.186029;0.352833;
0.036760;0.186972;0.354754;
0.036770;0.187913;0.356671;
0.036780;0.188852;0.358585;
0.036790;0.189789;0.360495;
0.036800;0.190725;0.362401;
0.036810;0.191658;0.364304;
0.036820;0.192590;0.366204;
0.036830;0.193520;0.368100;
0.036840;0.194448;0.369992;
0.036850;0.195374;0.371880;
0.036860;0.196298;0.373765;
0.036870;0.197220;0.375646;
0.036880;0.198140;0.377524;
0.036890;0.199058;0.379398;
0.036900;0.199974;0.381268;
0.036910;0.200889;0.383134;
0.036920;0.201801;0.384996;
0.036930;0.202711;0.386855;
0.036940;0.203620;0.388710;
0.036950;0.204526;0.390561;
0.036960;0.205430;0.392408;
0.036970;0.206332;0.394251;
0.036980;0.207232;0.396091;
0.036990;0.208131;0.397926;
0.037000;0.209027;0.399758;
0.037010;0.209921;0.401585;
0.037020;0.210813;0.403409;
0.037030;0.211703;0.405229;
0.037040;0.212590;0.407044;
0.037050;0.213476;0.408856;
0.037060;0.214360;0.410663;
0.037070;0.215241;0.412467;
0.037080;0.216120;0.414266;
0.037090;0.216998;0.416062;
0.037100;0.217873;0.417853;
0.037110;0.218746;0.419640;
0.037120;0.219616;0.421423;
0.037130;0.220485;0.423202;
0.037140;0.221351;0.424977;
0.037150;0.222216;0.426747;
0.037160;0.223078;0.428514;
0.037170;0.223937;0.430276;
0.037180;0.224795;0.432033;
0.037190;0.225651;0.433787;
0.037200;0.226504;0.435536;
0.037210;0.227355;0.437281;
0.037220;0.228203;0.439022;
0.037230;0.229050;0.440758;
0.037240;0.229894;0.442490;
0.037250;0.230736;0.444218;
0.037260;0.231576;0.445941;
0.037270;0.232413;0.447660;
0.037280;0.233248;0.449374;
0.037290;0.234081;0.451084;
0.037300;0.234911;0.452790;
0.037310;0.235739;0.454491;
0.037320;0.236565;0.456187;
0.037330;0.237389;0.457879;
0.037340;0.238210;0.459567;
0.037350;0.239028;0.461250;
0.037360;0.239845;0.462928;
0.037370;0.240659;0.464602;
0.037380;0.241471;0.466271;
0.037390;0.242280;0.467936;
0.037400;0.243087;0.469596;
0.037410;0.243891;0.471252;
0.037420;0.244693;0.472902;
0.037430;0.245493;0.474548;
0.037440;0.246290;0.476190;
0.037450;0.247085;0.477827;
0.037460;0.247878;0.479459;
0.037470;0.248667;0.481086;
0.037480;0.249455;0.482708;
0.037490;0.250240;0.484326;
0.037500;0.251023;0.485939;
0.037510;0.251803;0.487547;
0.037520;0.252580;0.489151;
0.037530;0.253355;0.490749;
0.037540;0.254128;0.492343;
0.037550;0.254898;0.493932;
0.037560;0.255666;0.495516;
0.037570;0.256431;0.497095;
0.037580;0.257193;0.498669;
0.037590;0.257953;0.500238;
0.037600;0.258711;0.501803;
0.037610;0.259465;0.503362;
0.037620;0.260218;0.504916;
0.037630;0.260967;0.506466;
0.037640;0.261715;0.508010;
0.037650;0.262459;0.509550;
0.037660;0.263201;0.511084;
0.037670;0.263941;0.512613;
0.037680;0.264677;0.514138;
0.037690;0.265412;0.515657;
0.037700;0.266143;0.517171;
0.037710;0.266872;0.518680;
0.037720;0.267598;0.520184;
0.037730;0.268322;0.521683;
0.037740;0.269043;0.523176;
0.037750;0.269762;0.524665;
0.037760;0.270477;0.526148;
0.037770;0.271190;0.527626;
0.037780;0.271901;0.529099;
0.037790;0.272608;0.530566;
0.037800;0.273313;0.532029;
0.037810;0.274016;0.533486;
0.037820;0.274715;0.534938;
0.037830;0.275412;0.536384;
0.037840;0.276106;0.537826;
0.037850;0.276798;0.539262;
0.037860;0.277486;0.540692;
0.037870;0.278172;0.542118;
0.037880;0.278855;0.543538;
0.037890;0.279536;0.544952;
0.037900;0.280214;0.546362;
0.037910;0.280889;0.547765;
0.037920;0.281561;0.549164;
0.037930;0.282230;0.550557;
0.037940;0.282897;0.551945;
0.037950;0.283560;0.553327;
0.037960;0.284221;0.554703;
0.037970;0.284880;0.556075;
0.037980;0.285535;0.557440;
0.037990;0.286188;0.558801;
0.038000;0.286837;0.560155;
0.038010;0.287484;0.561504;
0.038020;0.288128;0.562848;
0.038030;0.288770;0.564186;
0.038040;0.289408;0.565519;
0.038050;0.290043;0.566846;
0.038060;0.290676;0.568167;
0.038070;0.291306;0.569483;
0.038080;0.291933;0.570793;
0.038090;0.292557;0.572097;
0.038100;0.293178;0.573396;
0.038110;0.293796;0.574689;
0.038120;0.294412;0.575977;
0.038130;0.295024;0.577259;
0.038140;0.295634;0.578535;
0.038150;0.296240;0.579805;
0.038160;0.296844;0.581070;
0.038170;0.297445;0.582329;
0.038180;0.298043;0.583582;
0.038190;0.298637;0.584829;
0.038200;0.299229;0.586071;
0.038210;0.299818;0.587307;
0.038220;0.300404;0.588537;
0.038230;0.300988;0.589761;
0.038240;0.301568;0.590980;
0.038250;0.302145;0.592192;
0.038260;0.302719;0.593399;
0.038270;0.303290;0.594600;
0.038280;0.303858;0.595795;
0.038290;0.304423;0.596984;
0.038300;0.304985;0.598168;
0.038310;0.305545;0.599345;
0.038320;0.306101;0.600516;
0.038330;0.306654;0.601682;
0.038340;0.307204;0.602842;
0.038350;0.307751;0.603995;
0.038360;0.308295;0.605143;
0.038370;0.308836;0.606285;
0.038380;0.309374;0.607420;
0.038390;0.309909;0.608550;
0.038400;0.310441;0.609674;
0.038410;0.310969;0.610792;
0.038420;0.311495;0.611903;
0.038430;0.312018;0.613009;
0.038440;0.312537;0.614109;
0.038450;0.313054;0.615202;
0.038460;0.313567;0.616290;
0.038470;0.314077;0.617371;
0.038480;0.314584;0.618446;
0.038490;0.315088;0.619515;
0.038500;0.315589;0.620578;
0.038510;0.316087;0.621635;
0.038520;0.316582;0.622686;
0.038530;0.317073;0.623731;
0.038540;0.317562;0.624769;
0.038550;0.318047;0.625802;
0.038560;0.318529;0.626828;
0.038570;0.319008;0.627848;
0.038580;0.319484;0.628862;
0.038590;0.319957;0.629869;
0.038600;0.320427;0.630871;
0.038610;0.320893;0.631866;
0.038620;0.321356;0.632855;
0.038630;0.321816;0.633837;
0.038640;0.322273;0.634814;
0.038650;0.322727;0.635784;
0.038660;0.323177;0.636748;
0.038670;0.323625;0.637705;
0.038680;0.324069;0.638657;
0.038690;0.324510;0.639601;
0.038700;0.324948;0.640540;
0.038710;0.325382;0.641472;
0.038720;0.325813;0.642398;
0.038730;0.326242;0.643318;
0.038740;0.326666;0.644231;
0.038750;0.327088;0.645138;
0.038760;0.327507;0.646039;
0.038770;0.327922;0.646933;
0.038780;0.328334;0.647821;
0.038790;0.328742;0.648703;
0.038800;0.329148;0.649578;
0.038810;0.329550;0.650446;
0.038820;0.329949;0.651308;
0.038830;0.330345;0.652164;
0.038840;0.330737;0.653014;
0.038850;0.331127;0.653856;
0.038860;0.331512;0.654693;
0.038870;0.331895;0.655523;
0.038880;0.332275;0.656346;
0.038890;0.332651;0.657163;
0.038900;0.333023;0.657974;
0.038910;0.333393;0.658778;
0.038920;0.333759;0.659576;
0.038930;0.334122;0.660367;
0.038940;0.334482;0.661151;
0.038950;0.334838;0.661929;
0.038960;0.335191;0.662701;
0.038970;0.335541;0.663465;
0.038980;0.335887;0.664224;
0.038990;0.336231;0.664976;
0.039000;0.336570;0.665721;
0.039010;0.336907;0.666460;
0.039020;0.337240;0.667192;
0.039030;0.337570;0.667917;
0.039040;0.337896;0.668636;
0.039050;0.338219;0.669349;
0.039060;0.338539;0.670054;
0.039070;0.338856;0.670753;
0.039080;0.339169;0.671446;
0.039090;0.339479;0.672132;
0.039100;0.339785;0.672811;
0.039110;0.340088;0.673484;
0.039120;0.340388;0.674150;
0.039130;0.340684;0.674809;
0.039140;0.340977;0.675461;
0.039150;0.341267;0.676107;
0.039160;0.341553;0.676747;
0.039170;0.341836;0.677379;
0.039180;0.342116;0.678005;
0.039190;0.342392;0.678625;
0.039200;0.342664;0.679237;
0.039210;0.342934;0.679843;
0.039220;0.343200;0.680442;
0.039230;0.343462;0.681034;
0.039240;0.343722;0.681620;
0.039250;0.343978;0.682199;
0.039260;0.344230;0.682771;
0.039270;0.344479;0.683337;
0.039280;0.344725;0.683896;
0.039290;0.344967;0.684448;
0.039300;0.345206;0.684993;
0.039310;0.345441;0.685531;
0.039320;0.345673;0.686063;
0.039330;0.345902;0.686588;
0.039340;0.346127;0.687106;
0.039350;0.346349;0.687617;
0.039360;0.346567;0.688122;
0.039370;0.346782;0.688620;
0.039380;0.346994;0.689111;
0.039390;0.347202;0.689595;
0.039400;0.347406;0.690072;
0.039410;0.347607;0.690543;
0.039420;0.347805;0.691007;
0.039430;0.348000;0.691464;
0.039440;0.348191;0.691914;
0.039450;0.348378;0.692357;
0.039460;0.348562;0.692794;
0.039470;0.348743;0.693223;
0.039480;0.348920;0.693646;
0.039490;0.349094;0.694062;
0.039500;0.349264;0.694471;
0.039510;0.349431;0.694873;
0.039520;0.349594;0.695269;
0.039530;0.349754;0.695657;
0.039540;0.349911;0.696039;
0.039550;0.350064;0.696414;
0.039560;0.350213;0.696782;
0.039570;0.350359;0.697143;
0.039580;0.350502;0.697497;
0.039590;0.350641;0.697844;
0.039600;0.350777;0.698185;
0.039610;0.350909;0.698518;
0.039620;0.351038;0.698845;
0.039630;0.351163;0.699164;
0.039640;0.351285;0.699477;
0.039650;0.351404;0.699783;
0.039660;0.351519;0.700082;
0.039670;0.351630;0.700374;
0.039680;0.351738;0.700659;
0.039690;0.351843;0.700938;
0.039700;0.351944;0.701209;
0.039710;0.352041;0.701473;
0.039720;0.352136;0.701731;
0.039730;0.352226;0.701981;
0.039740;0.352313;0.702225;
0.039750;0.352397;0.702462;
0.039760;0.352477;0.702691;
0.039770;0.352554;0.702914;
0.039780;0.352627;0.703130;
0.039790;0.352697;0.703339;
0.039800;0.352763;0.703541;
0.039810;0.352826;0.703736;
0.039820;0.352885;0.703924;
0.039830;0.352941;0.704106;
0.039840;0.352994;0.704280;
0.039850;0.353043;0.704447;
0.039860;0.353088;0.704607;
0.039870;0.353130;0.704761;
0.039880;0.353168;0.704907;
0.039890;0.353203;0.705047;
0.039900;0.353235;0.705179;
0.039910;0.353263;0.705305;
0.039920;0.353287;0.705423;
0.039930;0.353308;0.705535;
0.039940;0.353326;0.705640;
0.039950;0.353340;0.705737;
0.039960;0.353350;0.705828;
0.039970;0.353357;0.705912;
0.039980;0.353361;0.705989;
0.039990;0.353361;0.706058;
0.040000;0.353358;0.706121;
