time;GEN1A_generator_omegaPu;GEN1A_generator_PGenPu;GEN1A_generator_UPu;GEN1B_generator_omegaPu;GEN1B_generator_PGenPu;GEN1B_generator_UPu;GEN2A_generator_omegaPu;GEN2A_generator_PGenPu;GEN2A_generator_UPu;GEN2B_generator_omegaPu;GEN2B_generator_PGenPu;GEN2B_generator_UPu;OMEGA_REF_omegaRef_grp_0_value;OMEGA_REF_omegaRef_grp_1_value;OMEGA_REF_omegaRef_grp_2_value;OMEGA_REF_omegaRef_grp_3_value;OMEGA_REF_omegaRef_0_value;OMEGA_REF_omegaRef_1_value;NETWORK_GEN1A_BUS_numcc_value;NETWORK_GEN2A_BUS_numcc_value;
0.000000;1.000000;4.803218;1.000006;1.000000;3.356881;1.000006;1.000000;4.128257;1.000005;1.000000;3.839000;1.000006;1.000000;1.000000;1.000000;1.000000;1.000000;1.000000;0.000000;0.000000;
0.000001;1.000000;4.803218;1.000006;1.000000;3.356881;1.000006;1.000000;4.128257;1.000005;1.000000;3.839000;1.000006;1.000000;1.000000;1.000000;1.000000;1.000000;1.000000;0.000000;0.000000;
0.000002;1.000000;4.803218;1.000006;1.000000;3.356881;1.000006;1.000000;4.128257;1.000005;1.000000;3.839000;1.000006;1.000000;1.000000;1.000000;1.000000;1.000000;1.000000;0.000000;0.000000;
0.000004;1.000000;4.803218;1.000006;1.000000;3.356881;1.000006;1.000000;4.128257;1.000005;1.000000;3.839000;1.000006;1.000000;1.000000;1.000000;1.000000;1.000000;1.000000;0.000000;0.000000;
0.000008;1.000000;4.803218;1.000006;1.000000;3.356881;1.000006;1.000000;4.128257;1.000005;1.000000;3.839000;1.000006;1.000000;1.000000;1.000000;1.000000;1.000000;1.000000;0.000000;0.000000;
0.000016;1.000000;4.803218;1.000006;1.000000;3.356881;1.000006;1.000000;4.128257;1.000005;1.000000;3.839000;1.000006;1.000000;1.000000;1.000000;1.000000;1.000000;1.000000;0.000000;0.000000;
0.000032;1.000000;4.803218;1.000006;1.000000;3.356881;1.000006;1.000000;4.128257;1.000005;1.000000;3.839000;1.000006;1.000000;1.000000;1.000000;1.000000;1.000000;1.000000;0.000000;0.000000;
0.000064;1.000000;4.803218;1.000006;1.000000;3.356881;1.000006;1.000000;4.128257;1.000005;1.000000;3.839000;1.000006;1.000000;1.000000;1.000000;1.000000;1.000000;1.000000;0.000000;0.000000;
0.000128;1.000000;4.803218;1.000006;1.000000;3.356881;1.000006;1.000000;4.128257;1.000005;1.000000;3.839000;1.000006;1.000000;1.000000;1.000000;1.000000;1.000000;1.000000;0.000000;0.000000;
0.000256;1.000000;4.803218;1.000006;1.000000;3.356881;1.000006;1.000000;4.128257;1.000005;1.000000;3.839000;1.000006;1.000000;1.000000;1.000000;1.000000;1.000000;1.000000;0.000000;0.000000;
0.000512;1.000000;4.803218;1.000006;1.000000;3.356881;1.000006;1.000000;4.128257;1.000005;1.000000;3.839000;1.000006;1.000000;1.000000;1.000000;1.000000;1.000000;1.000000;0.000000;0.000000;
0.001024;1.000000;4.803218;1.000006;1.000000;3.356881;1.000006;1.000000;4.128257;1.000005;1.000000;3.839000;1.000006;1.000000;1.000000;1.000000;1.000000;1.000000;1.000000;0.000000;0.000000;
0.002048;1.000000;4.803218;1.000006;1.000000;3.356881;1.000006;1.000000;4.128257;1.000005;1.000000;3.839000;1.000006;1.000000;1.000000;1.000000;1.000000;1.000000;1.000000;0.000000;0.000000;
0.004096;1.000000;4.803218;1.000006;1.000000;3.356881;1.000006;1.000000;4.128257;1.000005;1.000000;3.839000;1.000006;1.000000;1.000000;1.000000;1.000000;1.000000;1.000000;0.000000;0.000000;
0.008192;1.000000;4.803218;1.000006;1.000000;3.356881;1.000006;1.000000;4.128257;1.000005;1.000000;3.839000;1.000006;1.000000;1.000000;1.000000;1.000000;1.000000;1.000000;0.000000;0.000000;
0.016384;1.000000;4.803218;1.000006;1.000000;3.356881;1.000006;1.000000;4.128258;1.000005;1.000000;3.839000;1.000006;1.000000;1.000000;1.000000;1.000000;1.000000;1.000000;0.000000;0.000000;
0.032768;1.000000;4.803218;1.000006;1.000000;3.356881;1.000006;1.000000;4.128258;1.000005;1.000000;3.839000;1.000006;1.000000;1.000000;1.000000;1.000000;1.000000;1.000000;0.000000;0.000000;
0.065536;1.000000;4.803217;1.000006;1.000000;3.356882;1.000006;1.000000;4.128259;1.000005;1.000000;3.838999;1.000006;1.000000;1.000000;1.000000;1.000000;1.000000;1.000000;0.000000;0.000000;
0.131072;1.000000;4.803217;1.000006;1.000000;3.356884;1.000006;1.000000;4.128261;1.000006;1.000000;3.838996;1.000006;1.000000;1.000000;1.000000;1.000000;1.000000;1.000000;0.000000;0.000000;
0.262144;1.000000;4.803215;1.000006;1.000000;3.356888;1.000006;1.000000;4.128265;1.000006;1.000000;3.838993;1.000006;1.000000;1.000000;1.000000;1.000000;1.000000;1.000000;0.000000;0.000000;
0.524288;1.000000;4.803216;1.000006;1.000000;3.356886;1.000006;1.000000;4.128262;1.000006;1.000000;3.838995;1.000006;1.000000;1.000000;1.000000;1.000000;1.000000;1.000000;0.000000;0.000000;
1.000000;1.000000;4.803216;1.000006;1.000000;3.356885;1.000006;1.000000;4.128262;1.000006;1.000000;3.838996;1.000006;1.000000;1.000000;1.000000;1.000000;1.000000;1.000000;0.000000;0.000000;
1.000000;1.000000;4.684375;1.077056;1.000000;3.200266;1.076235;1.000000;4.109466;0.909383;1.000000;3.705709;0.906047;1.000000;1.000000;1.000000;1.000000;1.000000;1.000000;0.000000;1.000000;
1.000001;1.000000;4.684338;1.077047;1.000000;3.200242;1.076226;1.000000;4.109403;0.909368;1.000000;3.705648;0.906032;1.000000;1.000000;1.000000;1.000000;1.000000;1.000000;0.000000;1.000000;
1.000002;1.000000;4.684338;1.077047;1.000000;3.200242;1.076226;1.000000;4.109403;0.909368;1.000000;3.705648;0.906032;1.000000;1.000000;1.000000;1.000000;1.000000;1.000000;0.000000;1.000000;
1.000004;1.000000;4.684341;1.077047;1.000000;3.200244;1.076226;1.000000;4.109407;0.909369;1.000000;3.705652;0.906033;1.000000;1.000000;1.000000;1.000000;1.000000;1.000000;0.000000;1.000000;
1.000008;1.000000;4.684338;1.077047;1.000000;3.200242;1.076226;1.000000;4.109403;0.909368;1.000000;3.705648;0.906032;1.000000;1.000000;1.000000;1.000000;1.000000;1.000000;0.000000;1.000000;
1.000016;1.000000;4.684338;1.077047;1.000001;3.200242;1.076226;1.000000;4.109403;0.909368;1.000001;3.705648;0.906032;1.000000;1.000000;1.000000;1.000000;1.000000;1.000000;0.000000;1.000000;
1.000032;1.000000;4.684338;1.077047;1.000001;3.200242;1.076226;1.000000;4.109403;0.909368;1.000001;3.705648;0.906032;1.000001;1.000001;1.000001;1.000001;1.000001;1.000001;0.000000;1.000000;
1.000064;1.000001;4.684338;1.077047;1.000001;3.200242;1.076226;1.000000;4.109403;0.909368;1.000002;3.705648;0.906032;1.000001;1.000001;1.000001;1.000001;1.000001;1.000001;0.000000;1.000000;
1.000128;1.000001;4.684338;1.077047;1.000003;3.200242;1.076226;1.000000;4.109403;0.909368;1.000003;3.705648;0.906032;1.000002;1.000002;1.000002;1.000002;1.000002;1.000002;0.000000;1.000000;
1.000256;1.000003;4.684338;1.077047;1.000005;3.200243;1.076226;1.000001;4.109402;0.909368;1.000006;3.705649;0.906032;1.000004;1.000004;1.000003;1.000003;1.000004;1.000003;0.000000;1.000000;
1.000512;1.000005;4.684337;1.077047;1.000010;3.200243;1.076226;1.000001;4.109401;0.909368;1.000012;3.705649;0.906032;1.000007;1.000007;1.000006;1.000006;1.000007;1.000006;0.000000;1.000000;
1.001024;1.000010;4.684335;1.077047;1.000020;3.200247;1.076226;1.000002;4.109396;0.909368;1.000023;3.705653;0.906031;1.000014;1.000014;1.000012;1.000012;1.000014;1.000012;0.000000;1.000000;
1.002048;1.000019;4.684324;1.077047;1.000040;3.200260;1.076226;1.000004;4.109376;0.909368;1.000046;3.705665;0.906030;1.000028;1.000028;1.000024;1.000024;1.000028;1.000024;0.000000;1.000000;
1.004096;1.000038;4.684279;1.077048;1.000080;3.200312;1.076226;1.000007;4.109295;0.909367;1.000091;3.705716;0.906027;1.000056;1.000056;1.000048;1.000048;1.000056;1.000048;0.000000;1.000000;
1.008192;1.000075;4.684100;1.077053;1.000160;3.200519;1.076226;1.000014;4.108972;0.909363;1.000182;3.705921;0.906012;1.000111;1.000111;1.000096;1.000096;1.000111;1.000096;0.000000;1.000000;
1.016384;1.000151;4.683391;1.077073;1.000320;3.201345;1.076228;1.000030;4.107686;0.909349;1.000363;3.706733;0.905953;1.000222;1.000222;1.000191;1.000191;1.000222;1.000191;0.000000;1.000000;
1.032768;1.000304;4.680616;1.077149;1.000634;3.204571;1.076236;1.000066;4.102634;0.909292;1.000718;3.709909;0.905720;1.000443;1.000443;1.000382;1.000382;1.000443;1.000382;0.000000;1.000000;
1.065536;1.000629;4.670420;1.077424;1.001228;3.216371;1.076259;1.000179;4.083763;0.909062;1.001383;3.721589;0.904836;1.000881;1.000881;1.000762;1.000762;1.000881;1.000762;0.000000;1.000000;
1.098304;1.000987;4.655376;1.077813;1.001761;3.233615;1.076279;1.000367;4.055169;0.908665;1.001967;3.738697;0.903452;1.001313;1.001313;1.001141;1.001141;1.001313;1.001141;0.000000;1.000000;
1.131072;1.001386;4.637721;1.078245;1.002218;3.253608;1.076280;1.000649;4.020209;0.908100;1.002451;3.758677;0.901691;1.001736;1.001736;1.001521;1.001521;1.001736;1.001521;0.000000;1.000000;
1.163840;1.001827;4.620061;1.078655;1.002597;3.273371;1.076262;1.001037;3.982989;0.907413;1.002827;3.778920;0.899739;1.002151;1.002151;1.001903;1.001903;1.002151;1.001903;0.000000;1.000000;
1.196608;1.002322;4.607319;1.078949;1.002879;3.287616;1.076247;1.001571;3.951119;0.906795;1.003059;3.795881;0.898039;1.002557;1.002557;1.002291;1.002291;1.002557;1.002291;0.000000;1.000000;
1.224519;1.002758;4.600656;1.079094;1.003094;3.294967;1.076231;1.002078;3.930155;0.906335;1.003208;3.806416;0.896873;1.002899;1.002899;1.002625;1.002625;1.002899;1.002625;0.000000;1.000000;
1.248781;1.003141;4.598375;1.079142;1.003273;3.297477;1.076225;1.002545;3.917759;0.906053;1.003314;3.812515;0.896175;1.003196;1.003196;1.002917;1.002917;1.003196;1.002917;0.000000;1.000000;
1.270617;1.003483;4.599076;1.079127;1.003438;3.296706;1.076227;1.002976;3.911627;0.905910;1.003398;3.815493;0.895826;1.003464;1.003464;1.003180;1.003180;1.003464;1.003180;0.000000;1.000000;
1.290269;1.003788;4.601764;1.079070;1.003593;3.293746;1.076234;1.003366;3.910218;0.905877;1.003473;3.816170;0.895745;1.003706;1.003706;1.003418;1.003418;1.003706;1.003418;0.000000;1.000000;
1.309921;1.004085;4.606248;1.078964;1.003762;3.288714;1.076237;1.003750;3.912762;0.905893;1.003554;3.814441;0.895853;1.003949;1.003949;1.003655;1.003655;1.003949;1.003655;0.000000;1.000000;
1.329573;1.004372;4.612165;1.078836;1.003948;3.282183;1.076251;1.004121;3.919158;0.906044;1.003646;3.811359;0.896218;1.004194;1.004194;1.003891;1.003891;1.004194;1.003891;0.000000;1.000000;
1.368877;1.004923;4.625954;1.078529;1.004363;3.266891;1.076278;1.004820;3.938937;0.906533;1.003868;3.802067;0.897367;1.004687;1.004687;1.004359;1.004359;1.004687;1.004359;0.000000;1.000000;
1.404251;1.005384;4.639677;1.078204;1.004800;3.251460;1.076286;1.005377;3.964242;0.907069;1.004133;3.789127;0.898756;1.005138;1.005138;1.004775;1.004775;1.005138;1.004775;0.000000;1.000000;
1.450243;1.005914;4.653007;1.077874;1.005495;3.236333;1.076282;1.005901;4.001166;0.907780;1.004672;3.769407;0.900720;1.005738;1.005738;1.005306;1.005306;1.005738;1.005306;0.000000;1.000000;
1.490429;1.006359;4.659150;1.077718;1.006137;3.229318;1.076276;1.006262;4.027808;0.908243;1.005241;3.754563;0.902091;1.006266;1.006266;1.005768;1.005768;1.006266;1.005768;0.000000;1.000000;
1.525207;1.006741;4.660211;1.077691;1.006697;3.228104;1.076275;1.006525;4.044300;0.908505;1.005787;3.745099;0.902919;1.006723;1.006723;1.006168;1.006168;1.006723;1.006168;0.000000;1.000000;
1.555055;1.007074;4.658289;1.077740;1.007169;3.230303;1.076277;1.006728;4.052898;0.908635;1.006280;3.740081;0.903344;1.007114;1.007114;1.006511;1.006511;1.007114;1.006511;0.000000;1.000000;
1.581918;1.007382;4.654619;1.077833;1.007580;3.234495;1.076281;1.006904;4.055871;0.908679;1.006731;3.738332;0.903490;1.007465;1.007465;1.006820;1.006820;1.007465;1.006820;0.000000;1.000000;
1.608782;1.007699;4.649593;1.077961;1.007971;3.240227;1.076285;1.007085;4.054296;0.908657;1.007177;3.739274;0.903414;1.007814;1.007814;1.007130;1.007130;1.007814;1.007130;0.000000;1.000000;
1.635645;1.008029;4.643828;1.078103;1.008340;3.246770;1.076287;1.007281;4.048674;0.908575;1.007608;3.742584;0.903138;1.008160;1.008160;1.007439;1.007439;1.008160;1.007439;0.000000;1.000000;
1.689372;1.008717;4.632494;1.078376;1.009027;3.259556;1.076284;1.007728;4.030446;0.908286;1.008411;3.753070;0.902225;1.008847;1.008847;1.008059;1.008059;1.008847;1.008059;0.000000;1.000000;
1.736553;1.009352;4.624327;1.078567;1.009573;3.268709;1.076276;1.008207;4.008221;0.907907;1.009028;3.765531;0.901087;1.009445;1.009445;1.008604;1.008604;1.009445;1.008604;0.000000;1.000000;
1.783735;1.010007;4.619969;1.078667;1.010082;3.273576;1.076271;1.008780;3.984988;0.907479;1.009550;3.778173;0.899869;1.010039;1.010039;1.009153;1.009153;1.010039;1.009153;0.000000;1.000000;
1.830916;1.010668;4.620438;1.078657;1.010581;3.273054;1.076271;1.009438;3.965853;0.907102;1.009988;3.788288;0.898843;1.010631;1.010631;1.009704;1.009704;1.010631;1.009704;0.000000;1.000000;
1.878098;1.011318;4.625409;1.078542;1.011100;3.267501;1.076278;1.010154;3.954980;0.906878;1.010370;3.793920;0.898252;1.011226;1.011226;1.010259;1.010259;1.011226;1.010259;0.000000;1.000000;
1.925279;1.011946;4.633516;1.078353;1.011659;3.258422;1.076286;1.010892;3.954554;0.906854;1.010730;3.793971;0.898216;1.011825;1.011825;1.010814;1.010814;1.011825;1.010814;0.000000;1.000000;
1.972461;1.012544;4.642355;1.078140;1.012273;3.248446;1.076288;1.011607;3.964892;0.907085;1.011112;3.788815;0.898793;1.012429;1.012429;1.011367;1.011367;1.012429;1.011367;0.000000;1.000000;
2.019642;1.013114;4.649369;1.077967;1.012936;3.240487;1.076285;1.012260;3.983230;0.907452;1.011551;3.779189;0.899781;1.013039;1.013039;1.011917;1.011917;1.013039;1.011917;0.000000;1.000000;
2.066823;1.013669;4.652537;1.077886;1.013630;3.236869;1.076282;1.012828;4.004747;0.907846;1.012075;3.767455;0.900907;1.013652;1.013652;1.012463;1.012463;1.013652;1.012463;0.000000;1.000000;
2.114005;1.014221;4.651286;1.077917;1.014327;3.238293;1.076283;1.013311;4.024649;0.908190;1.012684;3.756351;0.901930;1.014266;1.014266;1.013008;1.013008;1.014266;1.013008;0.000000;1.000000;
2.161186;1.014786;4.646152;1.078045;1.015002;3.244129;1.076286;1.013726;4.038598;0.908416;1.013364;3.748392;0.902634;1.014877;1.014877;1.013551;1.013551;1.014877;1.013551;0.000000;1.000000;
2.208368;1.015373;4.638498;1.078230;1.015637;3.252766;1.076284;1.014103;4.043804;0.908502;1.014084;3.745435;0.902897;1.015484;1.015484;1.014094;1.014094;1.015484;1.014094;0.000000;1.000000;
2.255549;1.015986;4.630567;1.078417;1.016222;3.261674;1.076278;1.014482;4.039015;0.908424;1.014803;3.748170;0.902656;1.016086;1.016086;1.014637;1.014637;1.016086;1.014637;0.000000;1.000000;
2.302731;1.016624;4.624668;1.078554;1.016764;3.268274;1.076272;1.014901;4.025450;0.908200;1.015480;3.755864;0.901968;1.016683;1.016683;1.015181;1.015181;1.016683;1.015181;0.000000;1.000000;
2.349912;1.017274;4.622533;1.078608;1.017283;3.270715;1.076274;1.015391;4.006777;0.907882;1.016085;3.766327;0.901012;1.017278;1.017278;1.015727;1.015727;1.017278;1.015727;0.000000;1.000000;
2.397093;1.017923;4.624443;1.078565;1.017803;3.268581;1.076276;1.015961;3.987209;0.907522;1.016610;3.776983;0.899987;1.017873;1.017873;1.016275;1.016275;1.017873;1.016275;0.000000;1.000000;
2.444275;1.018559;4.629709;1.078442;1.018348;3.262682;1.076281;1.016602;3.971138;0.907208;1.017064;3.785522;0.899128;1.018470;1.018470;1.016826;1.016826;1.018470;1.016826;0.000000;1.000000;
2.491456;1.019173;4.636743;1.078275;1.018932;3.254770;1.076285;1.017292;3.962081;0.907025;1.017470;3.790253;0.898639;1.019071;1.019071;1.017378;1.017378;1.019071;1.017378;0.000000;1.000000;
2.538638;1.019763;4.643691;1.078107;1.019560;3.246932;1.076287;1.018000;3.961860;0.907009;1.017859;3.790235;0.898617;1.019677;1.019677;1.017932;1.017932;1.019677;1.017932;0.000000;1.000000;
2.585819;1.020333;4.648515;1.077988;1.020225;3.241454;1.076285;1.018688;3.970702;0.907202;1.018266;3.785773;0.899107;1.020287;1.020287;1.018484;1.018484;1.020287;1.018484;0.000000;1.000000;
2.633001;1.020893;4.649872;1.077954;1.020908;3.239913;1.076285;1.019324;3.986264;0.907509;1.018722;3.777555;0.899942;1.020899;1.020899;1.019033;1.019033;1.020899;1.019033;0.000000;1.000000;
2.680182;1.021457;4.647521;1.078011;1.021585;3.242575;1.076285;1.019887;4.004455;0.907841;1.019251;3.767614;0.900892;1.021511;1.021511;1.019579;1.019579;1.021511;1.019579;0.000000;1.000000;
2.727363;1.022034;4.642327;1.078139;1.022236;3.248461;1.076286;1.020378;4.021235;0.908133;1.019851;3.758276;0.901756;1.022119;1.022119;1.020123;1.020123;1.022119;1.020123;0.000000;1.000000;
2.774545;1.022632;4.635829;1.078296;1.022850;3.255800;1.076285;1.020813;4.032941;0.908326;1.020511;3.751637;0.902350;1.022724;1.022724;1.020667;1.020667;1.022724;1.020667;0.000000;1.000000;
2.821726;1.023252;4.629716;1.078438;1.023424;3.262635;1.076278;1.021216;4.037232;0.908399;1.021204;3.749232;0.902569;1.023324;1.023324;1.021210;1.021210;1.023324;1.021210;0.000000;1.000000;
2.868908;1.023889;4.625825;1.078529;1.023967;3.267000;1.076275;1.021620;4.033056;0.908329;1.021895;3.751588;0.902357;1.023922;1.023922;1.021753;1.021753;1.023922;1.021753;0.000000;1.000000;
2.916089;1.024532;4.625244;1.078543;1.024498;3.267657;1.076275;1.022060;4.021488;0.908134;1.022551;3.758104;0.901767;1.024518;1.024518;1.022298;1.022298;1.024518;1.022298;0.000000;1.000000;
2.963271;1.025172;4.628079;1.078480;1.025036;3.264508;1.076280;1.022559;4.005285;0.907844;1.023147;3.767022;0.900925;1.025114;1.025114;1.022844;1.022844;1.025114;1.022844;0.000000;1.000000;
3.010452;1.025795;4.633260;1.078358;1.025602;3.258693;1.076284;1.023127;3.988713;0.907550;1.023674;3.776172;0.900066;1.025714;1.025714;1.023391;1.023391;1.025714;1.023391;0.000000;1.000000;
3.057634;1.026400;4.639258;1.078214;1.026204;3.251932;1.076286;1.023755;3.975240;0.907290;1.024140;3.783363;0.899349;1.026317;1.026317;1.023941;1.023941;1.026317;1.023941;0.000000;1.000000;
3.104815;1.026985;4.644393;1.078089;1.026841;3.246123;1.076286;1.024425;3.967820;0.907142;1.024566;3.787263;0.898950;1.026924;1.026924;1.024493;1.024493;1.026924;1.024493;0.000000;1.000000;
3.151996;1.027556;4.647349;1.078017;1.027504;3.242779;1.076286;1.025108;3.967941;0.907135;1.024978;3.787098;0.898949;1.027534;1.027534;1.025045;1.025045;1.027534;1.025045;0.000000;1.000000;
3.199178;1.028123;4.647259;1.078018;1.028174;3.242877;1.076286;1.025773;3.975703;0.907301;1.025406;3.783137;0.899375;1.028145;1.028145;1.025596;1.025596;1.028145;1.025596;0.000000;1.000000;
3.255365;1.028809;4.643584;1.078109;1.028954;3.247040;1.076286;1.026502;3.991263;0.907598;1.025978;3.774798;0.900201;1.028870;1.028870;1.026249;1.026249;1.028870;1.026249;0.000000;1.000000;
3.311552;1.029515;4.637655;1.078252;1.029696;3.253734;1.076285;1.027149;4.008973;0.907916;1.026632;3.765058;0.901122;1.029591;1.029591;1.026899;1.026899;1.029591;1.026899;0.000000;1.000000;
3.367740;1.030245;4.631764;1.078391;1.030395;3.260351;1.076281;1.027719;4.023438;0.908159;1.027364;3.756907;0.901859;1.030308;1.030308;1.027547;1.027547;1.030308;1.027547;0.000000;1.000000;
3.423927;1.030993;4.628051;1.078478;1.031060;3.264514;1.076278;1.028242;4.030573;0.908277;1.028146;3.752870;0.902221;1.031021;1.031021;1.028195;1.028195;1.031021;1.028195;0.000000;1.000000;
3.480114;1.031748;4.627741;1.078486;1.031713;3.264873;1.076278;1.028756;4.028633;0.908252;1.028936;3.754047;0.902129;1.031733;1.031733;1.028843;1.028843;1.031733;1.028843;0.000000;1.000000;
3.536301;1.032496;4.630749;1.078417;1.032377;3.261514;1.076282;1.029303;4.018577;0.908089;1.029693;3.759787;0.901622;1.032446;1.032446;1.029492;1.029492;1.032446;1.029492;0.000000;1.000000;
3.592488;1.033228;4.635794;1.078298;1.033072;3.255846;1.076286;1.029912;4.003686;0.907828;1.030387;3.768051;0.900853;1.033162;1.033162;1.030142;1.030142;1.033162;1.030142;0.000000;1.000000;
3.648676;1.033939;4.640944;1.078173;1.033805;3.250029;1.076286;1.030593;3.988552;0.907545;1.031008;3.776231;0.900055;1.033882;1.033882;1.030794;1.030794;1.033882;1.030794;0.000000;1.000000;
3.687267;1.034414;4.643111;1.078120;1.034333;3.247575;1.076286;1.031109;3.981559;0.907413;1.031387;3.780004;0.899686;1.034380;1.034380;1.031243;1.031243;1.034380;1.031243;0.000000;1.000000;
3.725859;1.034887;4.643742;1.078105;1.034864;3.246861;1.076286;1.031635;3.978512;0.907353;1.031755;3.781620;0.899523;1.034877;1.034877;1.031693;1.031693;1.034877;1.031693;0.000000;1.000000;
3.764450;1.035363;4.643010;1.078123;1.035390;3.247690;1.076286;1.032157;3.979272;0.907369;1.032127;3.781219;0.899564;1.035374;1.035374;1.032143;1.032143;1.035374;1.032143;0.000000;1.000000;
3.841633;1.036327;4.639641;1.078205;1.036420;3.251500;1.076286;1.033164;3.987248;0.907523;1.032908;3.776962;0.899989;1.036366;1.036366;1.033040;1.033040;1.036366;1.033040;0.000000;1.000000;
3.911097;1.037215;4.635500;1.078304;1.037310;3.256170;1.076285;1.034005;3.999726;0.907755;1.033675;3.770201;0.900645;1.037255;1.037255;1.033845;1.033845;1.037255;1.033845;0.000000;1.000000;
3.980562;1.038119;4.632468;1.078377;1.038170;3.259583;1.076283;1.034774;4.011693;0.907969;1.034514;3.763613;0.901267;1.038140;1.038140;1.034648;1.034648;1.038140;1.034648;0.000000;1.000000;
4.029579;1.038763;4.632380;1.078379;1.038766;3.259681;1.076283;1.035274;4.015680;0.908038;1.035149;3.761390;0.901472;1.038764;1.038764;1.035214;1.035214;1.038764;1.035214;0.000000;1.000000;
4.078597;1.039403;4.633525;1.078352;1.039369;3.258396;1.076284;1.035777;4.015522;0.908036;1.035782;3.761486;0.901464;1.039389;1.039389;1.035779;1.035779;1.039389;1.035779;0.000000;1.000000;
4.127614;1.040036;4.635261;1.078310;1.039985;3.256442;1.076285;1.036295;4.012199;0.907979;1.036400;3.763344;0.901294;1.040014;1.040014;1.036345;1.036345;1.040014;1.036345;0.000000;1.000000;
4.176632;1.040664;4.637072;1.078267;1.040609;3.254398;1.076285;1.036828;4.007402;0.907893;1.037002;3.765985;0.901045;1.040641;1.040641;1.036912;1.036912;1.040641;1.036912;0.000000;1.000000;
4.225649;1.041288;4.638621;1.078229;1.041243;3.252647;1.076286;1.037383;4.001742;0.907790;1.037582;3.769085;0.900749;1.041269;1.041269;1.037479;1.037479;1.041269;1.037479;0.000000;1.000000;
4.323684;1.042526;4.639777;1.078201;1.042525;3.251347;1.076286;1.038553;3.992728;0.907626;1.038683;3.774014;0.900279;1.042526;1.042526;1.038616;1.038616;1.042526;1.038616;0.000000;1.000000;
4.421719;1.043771;4.638141;1.078241;1.043795;3.253193;1.076286;1.039757;3.993206;0.907635;1.039749;3.773748;0.900303;1.043782;1.043782;1.039753;1.039753;1.043782;1.039753;0.000000;1.000000;
4.493133;1.044685;4.636960;1.078269;1.044709;3.254526;1.076285;1.040612;3.996364;0.907694;1.040547;3.772041;0.900470;1.044695;1.044695;1.040580;1.040580;1.044695;1.040580;0.000000;1.000000;
4.564546;1.045602;4.636360;1.078283;1.045617;3.255199;1.076285;1.041444;3.999511;0.907751;1.041368;3.770322;0.900634;1.045608;1.045608;1.041407;1.041407;1.045608;1.041407;0.000000;1.000000;
4.707374;1.047434;4.636420;1.078282;1.047433;3.255134;1.076285;1.043076;4.002548;0.907806;1.043042;3.768659;0.900793;1.047434;1.047434;1.043060;1.043060;1.047434;1.043060;0.000000;1.000000;
4.850201;1.049262;4.636820;1.078273;1.049258;3.254684;1.076285;1.044712;4.002207;0.907801;1.044714;3.768854;0.900775;1.049261;1.049261;1.044713;1.044713;1.049261;1.044713;0.000000;1.000000;
4.993029;1.051088;4.637032;1.078268;1.051087;3.254444;1.076285;1.046360;4.000945;0.907776;1.046372;3.769520;0.900708;1.051088;1.051088;1.046366;1.046366;1.051088;1.046366;0.000000;1.000000;
5.278683;1.054741;4.636952;1.078269;1.054742;3.254534;1.076285;1.049672;4.000730;0.907773;1.049673;3.769653;0.900698;1.054742;1.054742;1.049673;1.049673;1.054742;1.049673;0.000000;1.000000;
5.564338;1.058395;4.636928;1.078270;1.058396;3.254561;1.076285;1.052980;4.000891;0.907776;1.052979;3.769565;0.900706;1.058395;1.058395;1.052979;1.052979;1.058395;1.052979;0.000000;1.000000;
6.135648;1.065703;4.636931;1.078270;1.065703;3.254557;1.076285;1.059593;4.000938;0.907777;1.059593;3.769539;0.900708;1.065703;1.065703;1.059593;1.059593;1.065703;1.059593;0.000000;1.000000;
7.278267;1.080319;4.636932;1.078270;1.080319;3.254556;1.076285;1.072819;4.000931;0.907777;1.072819;3.769542;0.900708;1.080319;1.080319;1.072819;1.072819;1.080319;1.072819;0.000000;1.000000;
9.563506;1.109550;4.636932;1.078270;1.109550;3.254556;1.076285;1.099273;4.000931;0.907777;1.099273;3.769543;0.900708;1.109550;1.109550;1.099273;1.099273;1.109550;1.099273;0.000000;1.000000;
10.999998;1.127925;4.636932;1.078270;1.127925;3.254556;1.076285;1.115901;4.000931;0.907777;1.115901;3.769543;0.900708;1.127925;1.127925;1.115901;1.115901;1.127925;1.115901;0.000000;1.000000;
10.999998;1.127925;4.762520;0.999237;1.127925;3.404007;0.997910;1.115901;4.000605;1.000096;1.115901;3.923621;0.996752;1.127925;1.127925;1.127925;1.127925;1.127925;1.115901;0.000000;0.000000;
10.999999;1.127925;4.762528;0.999237;1.127925;3.404014;0.997910;1.115901;4.000596;1.000096;1.115901;3.923616;0.996752;1.127925;1.127925;1.127925;1.127925;1.127925;1.115901;0.000000;0.000000;
11.000000;1.127925;4.762535;0.999236;1.127925;3.404020;0.997910;1.115901;4.000587;1.000096;1.115901;3.923611;0.996752;1.127925;1.127925;1.127925;1.127925;1.127925;1.115901;0.000000;0.000000;
11.000002;1.127925;4.762550;0.999236;1.127925;3.404033;0.997909;1.115901;4.000568;1.000096;1.115901;3.923600;0.996752;1.127925;1.127925;1.127925;1.127925;1.127925;1.115901;0.000000;0.000000;
11.000006;1.127925;4.762580;0.999235;1.127924;3.404058;0.997908;1.115901;4.000532;1.000097;1.115901;3.923578;0.996753;1.127925;1.127925;1.127925;1.127925;1.127925;1.115901;0.000000;0.000000;
11.000014;1.127925;4.762640;0.999233;1.127924;3.404109;0.997907;1.115901;4.000459;1.000098;1.115901;3.923534;0.996754;1.127925;1.127925;1.127925;1.127925;1.127925;1.115901;0.000000;0.000000;
11.000030;1.127925;4.762759;0.999230;1.127924;3.404210;0.997904;1.115902;4.000313;1.000100;1.115901;3.923447;0.996756;1.127925;1.127925;1.127925;1.127925;1.127925;1.115901;0.000000;0.000000;
11.000062;1.127925;4.762998;0.999222;1.127924;3.404414;0.997898;1.115902;4.000020;1.000104;1.115900;3.923273;0.996760;1.127924;1.127924;1.127924;1.127924;1.127924;1.115901;0.000000;0.000000;
11.000126;1.127925;4.763476;0.999208;1.127924;3.404820;0.997886;1.115903;3.999435;1.000112;1.115900;3.922925;0.996769;1.127924;1.127924;1.127924;1.127924;1.127924;1.115901;0.000000;0.000000;
11.000254;1.127925;4.764432;0.999179;1.127923;3.405632;0.997861;1.115905;3.998266;1.000127;1.115898;3.922228;0.996786;1.127924;1.127924;1.127924;1.127924;1.127924;1.115902;0.000000;0.000000;
11.000510;1.127926;4.766342;0.999121;1.127921;3.407254;0.997813;1.115909;3.995927;1.000159;1.115895;3.920833;0.996820;1.127924;1.127924;1.127924;1.127924;1.127924;1.115902;0.000000;0.000000;
11.001022;1.127927;4.770156;0.999004;1.127918;3.410493;0.997714;1.115917;3.991249;1.000221;1.115889;3.918034;0.996887;1.127923;1.127923;1.127923;1.127923;1.127923;1.115903;0.000000;0.000000;
11.002046;1.127930;4.777760;0.998767;1.127911;3.416946;0.997515;1.115933;3.981892;1.000342;1.115878;3.912407;0.997019;1.127922;1.127922;1.127922;1.127922;1.127922;1.115907;0.000000;0.000000;
11.004094;1.127933;4.792868;0.998280;1.127894;3.429746;0.997102;1.115969;3.963183;1.000570;1.115859;3.901039;0.997269;1.127916;1.127916;1.127916;1.127916;1.127916;1.115916;0.000000;0.000000;
11.008190;1.127931;4.822658;0.997255;1.127850;3.454897;0.996229;1.116051;3.925835;1.000969;1.115833;3.877876;0.997718;1.127897;1.127897;1.127897;1.127897;1.127897;1.115945;0.000000;0.000000;
11.016382;1.127901;4.880287;0.995014;1.127726;3.503136;0.994299;1.116255;3.851804;1.001544;1.115829;3.830096;0.998412;1.127827;1.127827;1.127827;1.127827;1.127827;1.116049;0.000000;0.000000;
11.024574;1.127835;4.935028;0.992538;1.127554;3.548330;0.992147;1.116513;3.779213;1.001826;1.115892;3.780765;0.998838;1.127717;1.127717;1.127717;1.127717;1.127717;1.116213;0.000000;0.000000;
11.040958;1.127609;5.034272;0.987086;1.127085;3.627828;0.987378;1.117181;3.641965;1.001621;1.116221;3.680455;0.998968;1.127388;1.127388;1.127388;1.127388;1.127388;1.116716;0.000000;0.000000;
11.055566;1.127309;5.110735;0.981892;1.126544;3.685825;0.982833;1.117935;3.531499;1.000725;1.116740;3.591986;0.998409;1.126987;1.126987;1.126987;1.126987;1.126987;1.117357;0.000000;0.000000;
11.070173;1.126929;5.175515;0.976721;1.125909;3.731045;0.978348;1.118819;3.435889;0.999392;1.117465;3.508346;0.997428;1.126499;1.126499;1.126499;1.126499;1.126499;1.118164;0.000000;0.000000;
11.084781;1.126483;5.228924;0.971911;1.125203;3.763459;0.974255;1.119813;3.357995;0.997869;1.118377;3.433203;0.996257;1.125944;1.125944;1.125944;1.125944;1.125944;1.119118;0.000000;0.000000;
11.099389;1.125982;5.271697;0.967786;1.124451;3.783410;0.970869;1.120889;3.299971;0.996402;1.119452;3.369889;0.995127;1.125337;1.125337;1.125337;1.125337;1.125337;1.120194;0.000000;0.000000;
11.113997;1.125438;5.304745;0.964626;1.123672;3.791415;0.968458;1.122021;3.263251;0.995207;1.120658;3.321208;0.994246;1.124695;1.124695;1.124695;1.124695;1.124695;1.121361;0.000000;0.000000;
11.128605;1.124862;5.328903;0.962640;1.122890;3.787961;0.967212;1.123179;3.248573;0.994445;1.121955;3.289288;0.993768;1.124032;1.124032;1.124032;1.124032;1.124032;1.122587;0.000000;0.000000;
11.143213;1.124262;5.344711;0.961949;1.122125;3.773376;0.967235;1.124335;3.256028;0.994208;1.123303;3.275495;0.993780;1.123362;1.123362;1.123362;1.123362;1.123362;1.123836;0.000000;0.000000;
11.157820;1.123650;5.352205;0.962573;1.121397;3.747882;0.968518;1.125458;3.285057;0.994507;1.124653;3.280279;0.994284;1.122702;1.122702;1.122702;1.122702;1.122702;1.125068;0.000000;0.000000;
11.177013;1.122844;5.349095;0.965251;1.120534;3.697725;0.971938;1.126835;3.353731;0.995592;1.126354;3.314183;0.995580;1.121871;1.121871;1.121871;1.121871;1.121871;1.126602;0.000000;0.000000;
11.196206;1.122056;5.329251;0.969650;1.119815;3.628619;0.976882;1.128055;3.453548;0.997148;1.127893;3.376401;0.997262;1.121112;1.121112;1.121112;1.121112;1.121112;1.127976;0.000000;0.000000;
11.215399;1.121313;5.290200;0.975186;1.119283;3.541010;0.982711;1.129071;3.578973;0.998714;1.129191;3.461917;0.998865;1.120458;1.120458;1.120458;1.120458;1.120458;1.129129;0.000000;0.000000;
11.232673;1.120705;5.236521;0.980594;1.118998;3.447582;0.988133;1.129781;3.708373;0.999717;1.130106;3.553492;0.999824;1.119986;1.119986;1.119986;1.119986;1.119986;1.129938;0.000000;0.000000;
11.249946;1.120182;5.163967;0.985835;1.118925;3.343009;0.993127;1.130279;3.847196;0.999916;1.130747;3.652672;0.999909;1.119653;1.119653;1.119653;1.119653;1.119653;1.130505;0.000000;0.000000;
11.265492;1.119803;5.083247;0.990232;1.119053;3.243438;0.997080;1.130538;3.975615;0.999414;1.131079;3.744206;0.999253;1.119487;1.119487;1.119487;1.119487;1.119487;1.130800;0.000000;0.000000;
11.281039;1.119528;4.988333;0.993924;1.119375;3.142115;1.000121;1.130617;4.102307;0.997972;1.131180;3.833035;0.997621;1.119464;1.119464;1.119464;1.119464;1.119464;1.130889;0.000000;0.000000;
11.296585;1.119375;4.881643;0.996851;1.119887;3.043919;1.002209;1.130523;4.223304;0.995694;1.131060;3.915858;0.995132;1.119590;1.119590;1.119590;1.119590;1.119590;1.130783;0.000000;0.000000;
11.312131;1.119354;4.766196;0.998994;1.120578;2.953578;1.003354;1.130267;4.335214;0.992713;1.130741;3.990059;0.991936;1.119869;1.119869;1.119869;1.119869;1.119869;1.130496;0.000000;0.000000;
11.327677;1.119474;4.645795;1.000434;1.121430;2.875668;1.003671;1.129865;4.435355;0.989256;1.130246;4.053972;0.988277;1.120297;1.120297;1.120297;1.120297;1.120297;1.130049;0.000000;0.000000;
11.343223;1.119737;4.524607;1.001318;1.122414;2.814097;1.003340;1.129336;4.521960;0.985606;1.129603;4.106829;0.984455;1.120865;1.120865;1.120865;1.120865;1.120865;1.129465;0.000000;0.000000;
11.358770;1.120144;4.406995;1.001837;1.123497;2.771939;1.002587;1.128701;4.594028;0.982079;1.128841;4.148614;0.980801;1.121555;1.121555;1.121555;1.121555;1.121555;1.128769;0.000000;0.000000;
11.374316;1.120685;4.297237;1.002194;1.124637;2.751234;1.001646;1.127981;4.651191;0.978990;1.127989;4.179826;0.977637;1.122349;1.122349;1.122349;1.122349;1.122349;1.127985;0.000000;0.000000;
11.389862;1.121350;4.199325;1.002578;1.125795;2.752932;1.000733;1.127197;4.693505;0.976614;1.127073;4.201207;0.975248;1.123222;1.123222;1.123222;1.123222;1.123222;1.127137;0.000000;0.000000;
11.405408;1.122122;4.116806;1.003134;1.126927;2.776908;1.000013;1.126370;4.721218;0.975165;1.126117;4.213485;0.973849;1.124145;1.124145;1.124145;1.124145;1.124145;1.126248;0.000000;0.000000;
11.420955;1.122981;4.052720;1.003944;1.127992;2.822051;0.999586;1.125523;4.734506;0.974766;1.125145;4.217094;0.973564;1.125091;1.125091;1.125091;1.125091;1.125091;1.125340;0.000000;0.000000;
11.436501;1.123904;4.009290;1.005027;1.128951;2.886342;0.999485;1.124673;4.733684;0.975461;1.124179;4.212398;0.974433;1.126029;1.126029;1.126029;1.126029;1.126029;1.124434;0.000000;0.000000;
11.452047;1.124863;3.987857;1.006346;1.129768;2.967083;0.999691;1.123843;4.718926;0.977222;1.123242;4.199414;0.976421;1.126928;1.126928;1.126928;1.126928;1.126928;1.123552;0.000000;0.000000;
11.467593;1.125834;3.990512;1.007711;1.130420;3.060312;1.000029;1.123052;4.689211;0.979782;1.122356;4.176840;0.979253;1.127765;1.127765;1.127765;1.127765;1.127765;1.122715;0.000000;0.000000;
11.483139;1.126788;4.016047;1.009023;1.130884;3.162705;1.000423;1.122318;4.645231;0.983050;1.121544;4.144923;0.982826;1.128513;1.128513;1.128513;1.128513;1.128513;1.121943;0.000000;0.000000;
11.498686;1.127698;4.063844;1.010042;1.131147;3.269915;1.000658;1.121663;4.586782;0.986701;1.120831;4.102888;0.986802;1.129150;1.129150;1.129150;1.129150;1.129150;1.121260;0.000000;0.000000;
11.514232;1.128538;4.132068;1.010558;1.131206;3.377511;1.000560;1.121105;4.514306;0.990451;1.120245;4.050595;0.990879;1.129661;1.129661;1.129661;1.129661;1.129661;1.120689;0.000000;0.000000;
11.529778;1.129286;4.217918;1.010379;1.131062;3.481259;0.999973;1.120662;4.428785;0.994013;1.119809;3.988442;0.994756;1.130034;1.130034;1.130034;1.130034;1.130034;1.120249;0.000000;0.000000;
11.545324;1.129923;4.317810;1.009357;1.130728;3.577274;0.998787;1.120351;4.331861;0.997140;1.119546;3.917551;0.998167;1.130261;1.130261;1.130261;1.130261;1.130261;1.119961;0.000000;0.000000;
11.560871;1.130434;4.427507;1.007406;1.130221;3.662315;0.996957;1.120184;4.225867;0.999640;1.119476;3.839831;1.000903;1.130344;1.130344;1.130344;1.130344;1.130344;1.119841;0.000000;0.000000;
11.576417;1.130812;4.542838;1.004533;1.129565;3.733606;0.994518;1.120170;4.113740;1.001403;1.119611;3.757995;1.002842;1.130287;1.130287;1.130287;1.130287;1.130287;1.119900;0.000000;0.000000;
11.591963;1.131051;4.659355;1.000823;1.128788;3.789450;0.991576;1.120315;3.998964;1.002396;1.119957;3.675355;1.003937;1.130098;1.130098;1.130098;1.130098;1.130098;1.120142;0.000000;0.000000;
11.607509;1.131152;4.773155;0.996444;1.127921;3.828863;0.988307;1.120619;3.885296;1.002666;1.120508;3.595612;1.004230;1.129792;1.129792;1.129792;1.129792;1.129792;1.120565;0.000000;0.000000;
11.623055;1.131121;4.881015;0.991635;1.126996;3.851556;0.984940;1.121075;3.776566;1.002332;1.121253;3.522558;1.003836;1.129384;1.129384;1.129384;1.129384;1.129384;1.121161;0.000000;0.000000;
11.638602;1.130966;4.980531;0.986675;1.126044;3.857782;0.981727;1.121673;3.676464;1.001555;1.122168;3.459771;1.002917;1.128894;1.128894;1.128894;1.128894;1.128894;1.121912;0.000000;0.000000;
11.654148;1.130698;5.070125;0.981860;1.125097;3.848136;0.978920;1.122398;3.588347;1.000524;1.123222;3.410339;1.001663;1.128340;1.128340;1.128340;1.128340;1.128340;1.122797;0.000000;0.000000;
11.669694;1.130329;5.148931;0.977473;1.124183;3.823382;0.976743;1.123230;3.515093;0.999418;1.124378;3.376631;1.000262;1.127741;1.127741;1.127741;1.127741;1.127741;1.123785;0.000000;0.000000;
11.685240;1.129872;5.216591;0.973753;1.123332;3.784315;0.975361;1.124146;3.459002;0.998392;1.125593;3.360148;0.998871;1.127118;1.127118;1.127118;1.127118;1.127118;1.124846;0.000000;0.000000;
11.700787;1.129340;5.273020;0.970877;1.122571;3.731704;0.974870;1.125121;3.421732;0.997552;1.126823;3.361445;0.997605;1.126490;1.126490;1.126490;1.126490;1.126490;1.125945;0.000000;0.000000;
11.716333;1.128748;5.318183;0.968951;1.121924;3.666330;0.975285;1.126128;3.404267;0.996950;1.128022;3.380121;0.996523;1.125875;1.125875;1.125875;1.125875;1.125875;1.127044;0.000000;0.000000;
11.731879;1.128109;5.351804;0.968011;1.121415;3.589448;0.976552;1.127136;3.406874;0.996591;1.129145;3.414861;0.995645;1.125291;1.125291;1.125291;1.125291;1.125291;1.128108;0.000000;0.000000;
11.747425;1.127438;5.373817;0.967999;1.121066;3.501753;0.978525;1.128120;3.429141;0.996407;1.130157;3.463482;0.994905;1.124755;1.124755;1.124755;1.124755;1.124755;1.129106;0.000000;0.000000;
11.762971;1.126748;5.383523;0.968792;1.120894;3.404764;0.981006;1.129055;3.470097;0.996266;1.131029;3.523350;0.994186;1.124283;1.124283;1.124283;1.124283;1.124283;1.130010;0.000000;0.000000;
11.778518;1.126054;5.380149;0.970302;1.120915;3.301256;0.983837;1.129915;3.528041;0.996121;1.131733;3.591542;0.993465;1.123890;1.123890;1.123890;1.123890;1.123890;1.130795;0.000000;0.000000;
11.794064;1.125374;5.363006;0.972356;1.121138;3.194077;0.986793;1.130679;3.600761;0.995841;1.132254;3.664636;0.992631;1.123590;1.123590;1.123590;1.123590;1.123590;1.131441;0.000000;0.000000;
11.809610;1.124724;5.331487;0.974802;1.121565;3.086951;0.989691;1.131328;3.685593;0.995336;1.132584;3.739361;0.991620;1.123394;1.123394;1.123394;1.123394;1.123394;1.131936;0.000000;0.000000;
11.825156;1.124121;5.285262;0.977507;1.122192;2.984129;0.992385;1.131849;3.779562;0.994555;1.132723;3.812715;0.990410;1.123309;1.123309;1.123309;1.123309;1.123309;1.132272;0.000000;0.000000;
11.840703;1.123584;5.224402;0.980363;1.123007;2.890143;0.994777;1.132232;3.879528;0.993487;1.132678;3.882119;0.989017;1.123341;1.123341;1.123341;1.123341;1.123341;1.132448;0.000000;0.000000;
11.856249;1.123130;5.149461;0.983290;1.123987;2.809476;0.996817;1.132472;3.982346;0.992165;1.132464;3.945517;0.987501;1.123491;1.123491;1.123491;1.123491;1.123491;1.132468;0.000000;0.000000;
11.871795;1.122774;5.061538;0.986238;1.125102;2.746213;0.998496;1.132567;4.084999;0.990660;1.132097;4.001407;0.985953;1.123754;1.123754;1.123754;1.123754;1.123754;1.132340;0.000000;0.000000;
11.887341;1.122531;4.962281;0.989173;1.126315;2.703714;0.999834;1.132522;4.184710;0.989070;1.131599;4.048803;0.984484;1.124124;1.124124;1.124124;1.124124;1.124124;1.132076;0.000000;0.000000;
11.902887;1.122413;4.853878;0.992074;1.127585;2.684356;1.000870;1.132343;4.279015;0.987509;1.130993;4.087147;0.983214;1.124591;1.124591;1.124591;1.124591;1.124591;1.131690;0.000000;0.000000;
11.918434;1.122429;4.739019;0.994926;1.128866;2.689355;1.001644;1.132040;4.365797;0.986091;1.130304;4.116197;0.982255;1.125139;1.125139;1.125139;1.125139;1.125139;1.131200;0.000000;0.000000;
11.933980;1.122585;4.620835;0.997706;1.130112;2.718689;1.002192;1.131625;4.443291;0.984923;1.129554;4.135913;0.981698;1.125754;1.125754;1.125754;1.125754;1.125754;1.130623;0.000000;0.000000;
11.949526;1.122882;4.502825;1.000386;1.131276;2.771118;1.002536;1.131114;4.510066;0.984091;1.128769;4.146365;0.981610;1.126416;1.126416;1.126416;1.126416;1.126416;1.129979;0.000000;0.000000;
11.965072;1.123317;4.388758;1.002929;1.132319;2.844288;1.002685;1.130522;4.564992;0.983655;1.127973;4.147664;0.982023;1.127107;1.127107;1.127107;1.127107;1.127107;1.129289;0.000000;0.000000;
11.980619;1.123883;4.282546;1.005288;1.133202;2.934906;1.002634;1.129868;4.607205;0.983647;1.127188;4.139947;0.982934;1.127807;1.127807;1.127807;1.127807;1.127807;1.128571;0.000000;0.000000;
11.996165;1.124569;4.188088;1.007411;1.133898;3.038978;1.002375;1.129169;4.636077;0.984070;1.126439;4.123391;0.984312;1.128497;1.128497;1.128497;1.128497;1.128497;1.127848;0.000000;0.000000;
12.011711;1.125357;4.109073;1.009246;1.134385;3.152065;1.001895;1.128446;4.651190;0.984903;1.125747;4.098260;0.986093;1.129158;1.129158;1.129158;1.129158;1.129158;1.127140;0.000000;0.000000;
12.027257;1.126226;4.048773;1.010739;1.134652;3.269566;1.001188;1.127717;4.652324;0.986098;1.125135;4.064967;0.988196;1.129774;1.129774;1.129774;1.129774;1.129774;1.126467;0.000000;0.000000;
12.042803;1.127154;4.009825;1.011842;1.134693;3.386978;1.000256;1.127001;4.639457;0.987595;1.124620;4.024149;0.990522;1.130328;1.130328;1.130328;1.130328;1.130328;1.125849;0.000000;0.000000;
12.058350;1.128113;3.994027;1.012515;1.134514;3.500119;0.999114;1.126319;4.612774;0.989317;1.124223;3.976723;0.992964;1.130808;1.130808;1.130808;1.130808;1.130808;1.125305;0.000000;0.000000;
12.073896;1.129074;4.002189;1.012722;1.134126;3.605305;0.997789;1.125688;4.572691;0.991184;1.123956;3.923926;0.995413;1.131201;1.131201;1.131201;1.131201;1.131201;1.124850;0.000000;0.000000;
12.089442;1.130010;4.034047;1.012438;1.133549;3.699457;0.996320;1.125127;4.519881;0.993110;1.123831;3.867318;0.997764;1.131501;1.131501;1.131501;1.131501;1.131501;1.124500;0.000000;0.000000;
12.104988;1.130894;4.088257;1.011649;1.132807;3.780144;0.994751;1.124652;4.455314;0.995012;1.123856;3.808757;0.999919;1.131699;1.131699;1.131699;1.131699;1.131699;1.124267;0.000000;0.000000;
12.120535;1.131699;4.162480;1.010351;1.131925;3.845568;0.993137;1.124277;4.380294;0.996810;1.124030;3.750337;1.001793;1.131795;1.131795;1.131795;1.131795;1.131795;1.124158;0.000000;0.000000;
12.136081;1.132405;4.253547;1.008554;1.130937;3.894501;0.991532;1.124016;4.296488;0.998436;1.124352;3.694288;1.003316;1.131787;1.131787;1.131787;1.131787;1.131787;1.124178;0.000000;0.000000;
12.151627;1.132994;4.357689;1.006287;1.129873;3.926194;0.989991;1.123878;4.205938;0.999829;1.124809;3.642860;1.004437;1.131680;1.131680;1.131680;1.131680;1.131680;1.124329;0.000000;0.000000;
12.167173;1.133452;4.470793;1.003592;1.128768;3.940281;0.988566;1.123869;4.111045;1.000945;1.125389;3.598186;1.005121;1.131480;1.131480;1.131480;1.131480;1.131480;1.124604;0.000000;0.000000;
12.182719;1.133772;4.588675;1.000530;1.127655;3.936690;0.987302;1.123994;4.014522;1.001753;1.126069;3.562138;1.005355;1.131196;1.131196;1.131196;1.131196;1.131196;1.124998;0.000000;0.000000;
12.198266;1.133950;4.707320;0.997179;1.126569;3.915582;0.986237;1.124251;3.919302;1.002235;1.126826;3.536194;1.005140;1.130842;1.130842;1.130842;1.130842;1.130842;1.125497;0.000000;0.000000;
12.213812;1.133988;4.823080;0.993625;1.125542;3.877322;0.985396;1.124636;3.828420;1.002387;1.127632;3.521334;1.004492;1.130431;1.130431;1.130431;1.130431;1.130431;1.126085;0.000000;0.000000;
12.229358;1.133891;4.932804;0.989966;1.124606;3.822504;0.984790;1.125139;3.744866;1.002216;1.128457;3.517959;1.003439;1.129982;1.129982;1.129982;1.129982;1.129982;1.126745;0.000000;0.000000;
12.244904;1.133668;5.033908;0.986300;1.123794;3.752000;0.984416;1.125748;3.671427;1.001737;1.129274;3.525870;1.002017;1.129511;1.129511;1.129511;1.129511;1.129511;1.127454;0.000000;0.000000;
12.260451;1.133331;5.124395;0.982728;1.123133;3.667046;0.984260;1.126446;3.610539;1.000970;1.130054;3.544285;1.000268;1.129037;1.129037;1.129037;1.129037;1.129037;1.128192;0.000000;0.000000;
12.275997;1.132893;5.202815;0.979347;1.122649;3.569341;0.984295;1.127214;3.564152;0.999944;1.130771;3.571913;0.998244;1.128580;1.128580;1.128580;1.128580;1.128580;1.128935;0.000000;0.000000;
12.291543;1.132371;5.268028;0.976253;1.122364;3.461387;0.984489;1.128030;3.533630;0.998690;1.131405;3.606947;0.996004;1.128157;1.128157;1.128157;1.128157;1.128157;1.129663;0.000000;0.000000;
12.307089;1.131779;5.319723;0.973534;1.122295;3.345663;0.984813;1.128871;3.519705;0.997258;1.131939;3.647517;0.993617;1.127786;1.127786;1.127786;1.127786;1.127786;1.130355;0.000000;0.000000;
12.322635;1.131135;5.357727;0.971285;1.122452;3.225687;0.985257;1.129714;3.522441;0.995701;1.132363;3.691633;0.991171;1.127479;1.127479;1.127479;1.127479;1.127479;1.130996;0.000000;0.000000;
12.338182;1.130454;5.382083;0.969600;1.122839;3.105459;0.985824;1.130538;3.541328;0.994089;1.132670;3.737386;0.988766;1.127248;1.127248;1.127248;1.127248;1.127248;1.131570;0.000000;0.000000;
12.353728;1.129754;5.392983;0.968566;1.123450;2.989279;0.986531;1.131321;3.575371;0.992501;1.132859;3.783038;0.986515;1.127100;1.127100;1.127100;1.127100;1.127100;1.132065;0.000000;0.000000;
12.369274;1.129048;5.390994;0.968331;1.124275;2.882012;0.987481;1.132043;3.623431;0.991085;1.132932;3.827604;0.984609;1.127038;1.127038;1.127038;1.127038;1.127038;1.132473;0.000000;0.000000;
12.384820;1.128355;5.375681;0.968829;1.125291;2.787225;0.988576;1.132687;3.683460;0.989814;1.132894;3.869021;0.983028;1.127065;1.127065;1.127065;1.127065;1.127065;1.132787;0.000000;0.000000;
12.400367;1.127689;5.347534;0.970150;1.126470;2.709640;0.989902;1.133238;3.753559;0.988816;1.132754;3.906672;0.981933;1.127175;1.127175;1.127175;1.127175;1.127175;1.133004;0.000000;0.000000;
12.415913;1.127066;5.306687;0.972289;1.127774;2.652887;0.991476;1.133683;3.831588;0.988149;1.132525;3.939871;0.981399;1.127364;1.127364;1.127364;1.127364;1.127364;1.133123;0.000000;0.000000;
12.431459;1.126501;5.253193;0.975201;1.129160;2.619857;0.993283;1.134014;3.915252;0.987847;1.132217;3.968046;0.981463;1.127621;1.127621;1.127621;1.127621;1.127621;1.133145;0.000000;0.000000;
12.447005;1.126010;5.187152;0.978786;1.130582;2.612431;0.995274;1.134225;4.002194;0.987906;1.131846;3.990725;0.982119;1.127935;1.127935;1.127935;1.127935;1.127935;1.133074;0.000000;0.000000;
12.462551;1.125607;5.108826;0.982900;1.131989;2.631359;0.997358;1.134315;4.090000;0.988293;1.131426;4.007469;0.983316;1.128294;1.128294;1.128294;1.128294;1.128294;1.132917;0.000000;0.000000;
12.478098;1.125306;5.018805;0.987358;1.133331;2.676146;0.999413;1.134283;4.176248;0.988940;1.130972;4.017853;0.984960;1.128685;1.128685;1.128685;1.128685;1.128685;1.132681;0.000000;0.000000;
12.493644;1.125120;4.918184;0.991946;1.134560;2.745034;1.001290;1.134136;4.258558;0.989753;1.130504;4.021498;0.986923;1.129095;1.129095;1.129095;1.129095;1.129095;1.132378;0.000000;0.000000;
12.509190;1.125061;4.808718;0.996439;1.135634;2.835057;1.002829;1.133880;4.334666;0.990630;1.130037;4.018123;0.989058;1.129513;1.129513;1.129513;1.129513;1.129513;1.132021;0.000000;0.000000;
12.524736;1.125137;4.692916;1.000622;1.136517;2.942206;1.003886;1.133526;4.402513;0.991468;1.129591;4.007628;0.991214;1.129928;1.129928;1.129928;1.129928;1.129928;1.131622;0.000000;0.000000;
12.540283;1.125352;4.574044;1.004313;1.137180;3.061692;1.004346;1.133087;4.460329;0.992181;1.129183;3.990175;0.993252;1.130332;1.130332;1.130332;1.130332;1.130332;1.131198;0.000000;0.000000;
12.555829;1.125709;4.456021;1.007373;1.137606;3.188294;1.004145;1.132579;4.506717;0.992712;1.128831;3.966264;0.995065;1.130718;1.130718;1.130718;1.130718;1.130718;1.130765;0.000000;0.000000;
12.571375;1.126202;4.343211;1.009724;1.137787;3.316745;1.003281;1.132019;4.540698;0.993043;1.128549;3.936759;0.996585;1.131080;1.131080;1.131080;1.131080;1.131080;1.130339;0.000000;0.000000;
12.586921;1.126823;4.240137;1.011353;1.137725;3.442109;1.001820;1.131423;4.561730;0.993197;1.128349;3.902889;0.997790;1.131413;1.131413;1.131413;1.131413;1.131413;1.129936;0.000000;0.000000;
12.602467;1.127556;4.151152;1.012303;1.137429;3.560092;0.999886;1.130811;4.569685;0.993232;1.128242;3.866185;0.998701;1.131713;1.131713;1.131713;1.131713;1.131713;1.129568;0.000000;0.000000;
12.618014;1.128383;4.080127;1.012660;1.136919;3.667234;0.997649;1.130201;4.564793;0.993234;1.128231;3.828386;0.999374;1.131977;1.131977;1.131977;1.131977;1.131977;1.129248;0.000000;0.000000;
12.633560;1.129279;4.030178;1.012544;1.136218;3.760977;0.995308;1.129610;4.547569;0.993300;1.128317;3.791318;0.999886;1.132201;1.132201;1.132201;1.132201;1.132201;1.128984;0.000000;0.000000;
12.649106;1.130219;4.003477;1.012076;1.135352;3.839600;0.993064;1.129054;4.518744;0.993524;1.128494;3.756763;1.000320;1.132381;1.132381;1.132381;1.132381;1.132381;1.128783;0.000000;0.000000;
12.664652;1.131174;4.001143;1.011372;1.134354;3.902066;0.991098;1.128549;4.479201;0.993978;1.128754;3.726338;1.000747;1.132513;1.132513;1.132513;1.132513;1.132513;1.128648;0.000000;0.000000;
12.680199;1.132115;4.023214;1.010515;1.133254;3.947807;0.989551;1.128110;4.429955;0.994703;1.129085;3.701392;1.001211;1.132595;1.132595;1.132595;1.132595;1.132595;1.128581;0.000000;0.000000;
12.695745;1.133014;4.068679;1.009554;1.132086;3.976527;0.988513;1.127747;4.372143;0.995695;1.129470;3.682931;1.001727;1.132623;1.132623;1.132623;1.132623;1.132623;1.128581;0.000000;0.000000;
12.711291;1.133844;4.135567;1.008494;1.130882;3.988032;0.988011;1.127472;4.307063;0.996909;1.129892;3.671572;1.002268;1.132597;1.132597;1.132597;1.132597;1.132597;1.128643;0.000000;0.000000;
12.726837;1.134582;4.221067;1.007304;1.129676;3.982138;0.988016;1.127294;4.236210;0.998258;1.130333;3.667525;1.002772;1.132516;1.132516;1.132516;1.132516;1.132516;1.128764;0.000000;0.000000;
12.742383;1.135207;4.321687;1.005920;1.128502;3.958669;0.988442;1.127218;4.161310;0.999623;1.130774;3.670597;1.003152;1.132384;1.132384;1.132384;1.132384;1.132384;1.128938;0.000000;0.000000;
12.757930;1.135705;4.433430;1.004264;1.127394;3.917536;0.989165;1.127248;4.084339;1.000868;1.131197;3.680220;1.003300;1.132205;1.132205;1.132205;1.132205;1.132205;1.129159;0.000000;0.000000;
12.773476;1.136065;4.552004;1.002253;1.126385;3.858873;0.990036;1.127385;4.007491;1.001852;1.131586;3.695498;1.003111;1.131989;1.131989;1.131989;1.131989;1.131989;1.129418;0.000000;0.000000;
12.789022;1.136281;4.673047;0.999821;1.125508;3.783226;0.990898;1.127626;3.933104;1.002448;1.131930;3.715274;1.002492;1.131745;1.131745;1.131745;1.131745;1.131745;1.129708;0.000000;0.000000;
12.804568;1.136354;4.792358;0.996933;1.124795;3.691729;0.991610;1.127966;3.863554;1.002558;1.132217;3.738216;1.001376;1.131487;1.131487;1.131487;1.131487;1.131487;1.130023;0.000000;0.000000;
12.820115;1.136289;4.906129;0.993596;1.124274;3.586242;0.992058;1.128395;3.801105;1.002126;1.132442;3.762912;0.999742;1.131230;1.131230;1.131230;1.131230;1.131230;1.130353;0.000000;0.000000;
12.835661;1.136093;5.011138;0.989868;1.123968;3.469428;0.992173;1.128903;3.747778;1.001142;1.132603;3.787978;0.997614;1.130988;1.130988;1.130988;1.130988;1.130988;1.130693;0.000000;0.000000;
12.851207;1.135779;5.104897;0.985861;1.123895;3.344731;0.991939;1.129474;3.705217;0.999651;1.132699;3.812153;0.995071;1.130775;1.130775;1.130775;1.130775;1.130775;1.131035;0.000000;0.000000;
12.866753;1.135362;5.185721;0.981739;1.124066;3.216263;0.991395;1.130094;3.674616;0.997750;1.132735;3.834387;0.992243;1.130605;1.130605;1.130605;1.130605;1.130605;1.131372;0.000000;0.000000;
12.882299;1.134857;5.252715;0.977706;1.124482;3.088617;0.990629;1.130744;3.656674;0.995578;1.132718;3.853893;0.989298;1.130489;1.130489;1.130489;1.130489;1.130489;1.131699;0.000000;0.000000;
12.897846;1.134282;5.305677;0.973990;1.125136;2.966617;0.989772;1.131407;3.651614;0.993305;1.132654;3.870168;0.986438;1.130431;1.130431;1.130431;1.130431;1.130431;1.132010;0.000000;0.000000;
12.913392;1.133654;5.344925;0.970829;1.126013;2.855054;0.988979;1.132065;3.659226;0.991116;1.132553;3.882979;0.983872;1.130437;1.130437;1.130437;1.130437;1.130437;1.132301;0.000000;0.000000;
12.928938;1.132987;5.371082;0.968444;1.127087;2.758431;0.988409;1.132702;3.678929;0.989194;1.132424;3.892302;0.981801;1.130503;1.130503;1.130503;1.130503;1.130503;1.132567;0.000000;0.000000;
12.944484;1.132299;5.384846;0.967023;1.128326;2.680735;0.988207;1.133301;3.709841;0.987701;1.132276;3.898259;0.980400;1.130626;1.130626;1.130626;1.130626;1.130626;1.132805;0.000000;0.000000;
12.960031;1.131603;5.386781;0.966696;1.129689;2.625247;0.988482;1.133847;3.750827;0.986762;1.132117;3.901030;0.979794;1.130797;1.130797;1.130797;1.130797;1.130797;1.133010;0.000000;0.000000;
12.975577;1.130913;5.377172;0.967526;1.131131;2.594396;0.989291;1.134329;3.800538;0.986449;1.131955;3.900786;0.980050;1.131005;1.131005;1.131005;1.131005;1.131005;1.133180;0.000000;0.000000;
12.991123;1.130245;5.355950;0.969466;1.132601;2.589383;0.990598;1.134735;3.857186;0.986744;1.131800;3.897648;0.981133;1.131237;1.131237;1.131237;1.131237;1.131237;1.133314;0.000000;0.000000;
13.006669;1.129612;5.322876;0.972488;1.134049;2.611166;0.992404;1.135056;3.919469;0.987676;1.131657;3.891756;0.983045;1.131480;1.131480;1.131480;1.131480;1.131480;1.133411;0.000000;0.000000;
13.022215;1.129028;5.277251;0.976379;1.135427;2.658489;0.994530;1.135288;3.985396;0.989100;1.131533;3.883093;0.985605;1.131722;1.131722;1.131722;1.131722;1.131722;1.133471;0.000000;0.000000;
13.037762;1.128508;5.218119;0.980885;1.136690;2.729770;0.996766;1.135426;4.052856;0.990854;1.131438;3.871163;0.988600;1.131953;1.131953;1.131953;1.131953;1.131953;1.133496;0.000000;0.000000;
13.053308;1.128068;5.145573;0.985760;1.137793;2.821941;0.998930;1.135471;4.119850;0.992762;1.131377;3.856639;0.991825;1.132163;1.132163;1.132163;1.132163;1.132163;1.133490;0.000000;0.000000;
13.068854;1.127724;5.059640;0.990703;1.138700;2.931083;1.000790;1.135424;4.184300;0.994636;1.131357;3.839537;0.995034;1.132346;1.132346;1.132346;1.132346;1.132346;1.133456;0.000000;0.000000;
13.084400;1.127491;4.961262;0.995433;1.139383;3.052485;1.002145;1.135291;4.244187;0.996296;1.131385;3.820283;0.997996;1.132499;1.132499;1.132499;1.132499;1.132499;1.133401;0.000000;0.000000;
13.099947;1.127383;4.852290;0.999706;1.139825;3.180923;1.002841;1.135081;4.297750;0.997597;1.131465;3.799572;1.000516;1.132622;1.132622;1.132622;1.132622;1.132622;1.133331;0.000000;0.000000;
13.115493;1.127409;4.735530;1.003338;1.140018;3.311076;1.002793;1.134801;4.343505;0.998441;1.131598;3.778338;1.002453;1.132718;1.132718;1.132718;1.132718;1.132718;1.133251;0.000000;0.000000;
13.131039;1.127577;4.614642;1.006218;1.139963;3.437893;1.001995;1.134466;4.380339;0.998794;1.131784;3.757716;1.003734;1.132792;1.132792;1.132792;1.132792;1.132792;1.133169;0.000000;0.000000;
13.146585;1.127887;4.493931;1.008317;1.139672;3.556937;1.000523;1.134088;4.407543;0.998685;1.132021;3.738959;1.004357;1.132849;1.132849;1.132849;1.132849;1.132849;1.133088;0.000000;0.000000;
13.162131;1.128336;4.378055;1.009678;1.139164;3.664627;0.998529;1.133680;4.424817;0.998199;1.132300;3.723328;1.004385;1.132895;1.132895;1.132895;1.132895;1.132895;1.133012;0.000000;0.000000;
13.177678;1.128916;4.271696;1.010405;1.138464;3.758357;0.996216;1.133257;4.432234;0.997465;1.132614;3.711985;1.003933;1.132936;1.132936;1.132936;1.132936;1.132936;1.132945;0.000000;0.000000;
13.193224;1.129612;4.179244;1.010641;1.137600;3.836457;0.993821;1.132831;4.430179;0.996638;1.132948;3.705887;1.003150;1.132976;1.132976;1.132976;1.132976;1.132976;1.132888;0.000000;0.000000;
13.208770;1.130406;4.104530;1.010541;1.136604;3.898054;0.991582;1.132417;4.419271;0.995873;1.133289;3.705701;1.002195;1.133015;1.133015;1.133015;1.133015;1.133015;1.132839;0.000000;0.000000;
13.224316;1.131273;4.050621;1.010254;1.135507;3.942842;0.989713;1.132025;4.400291;0.995307;1.133622;3.711753;1.001218;1.133056;1.133056;1.133056;1.133056;1.133056;1.132798;0.000000;0.000000;
13.239863;1.132188;4.019688;1.009898;1.134344;3.970844;0.988381;1.131667;4.374116;0.995044;1.133930;3.723994;1.000340;1.133096;1.133096;1.133096;1.133096;1.133096;1.132762;0.000000;0.000000;
13.255409;1.133123;4.012928;1.009547;1.133146;3.982190;0.987692;1.131352;4.341680;0.995136;1.134198;3.741998;0.999638;1.133133;1.133133;1.133133;1.133133;1.133133;1.132729;0.000000;0.000000;
13.270955;1.134050;4.030533;1.009221;1.131946;3.976975;0.987675;1.131087;4.303954;0.995584;1.134413;3.764987;0.999142;1.133164;1.133164;1.133164;1.133164;1.133164;1.132697;0.000000;0.000000;
13.302047;1.135732;4.132338;1.008491;1.129705;3.918469;0.989393;1.130737;4.218741;0.997254;1.134636;3.819807;0.998670;1.133194;1.133194;1.133194;1.133194;1.133194;1.132624;0.000000;0.000000;
13.326956;1.136849;4.268933;1.007400;1.128155;3.825110;0.991870;1.130638;4.143929;0.998849;1.134605;3.867514;0.998414;1.133188;1.133188;1.133188;1.133188;1.133188;1.132557;0.000000;0.000000;
13.351864;1.137675;4.438676;1.005307;1.126961;3.692708;0.994468;1.130706;4.068559;1.000016;1.134390;3.911634;0.997777;1.133164;1.133164;1.133164;1.133164;1.133164;1.132489;0.000000;0.000000;
13.374282;1.138134;4.606419;1.002251;1.126277;3.544540;0.996311;1.130907;4.004145;1.000293;1.134060;3.943751;0.996583;1.133141;1.133141;1.133141;1.133141;1.133141;1.132433;0.000000;0.000000;
13.394458;1.138303;4.758597;0.998446;1.126033;3.393838;0.997209;1.131192;3.951965;0.999714;1.133679;3.963608;0.994883;1.133137;1.133137;1.133137;1.133137;1.133137;1.132395;0.000000;0.000000;
13.414633;1.138247;4.902849;0.993760;1.126174;3.235152;0.997253;1.131562;3.907863;0.998345;1.133252;3.973199;0.992650;1.133164;1.133164;1.133164;1.133164;1.133164;1.132380;0.000000;0.000000;
13.432792;1.138016;5.020789;0.989029;1.126636;3.093011;0.996618;1.131956;3.876631;0.996562;1.132854;3.972639;0.990351;1.133224;1.133224;1.133224;1.133224;1.133224;1.132391;0.000000;0.000000;
13.450950;1.137632;5.123149;0.984092;1.127406;2.959313;0.995451;1.132392;3.854406;0.994426;1.132472;3.963401;0.987968;1.133326;1.133326;1.133326;1.133326;1.133326;1.132431;0.000000;0.000000;
13.469108;1.137120;5.208621;0.979381;1.128453;2.841759;0.994045;1.132854;3.841826;0.992237;1.132131;3.946416;0.985818;1.133471;1.133471;1.133471;1.133471;1.133471;1.132504;0.000000;0.000000;
13.487266;1.136503;5.276736;0.975285;1.129734;2.746734;0.992669;1.133328;3.838985;0.990271;1.131852;3.922791;0.984173;1.133653;1.133653;1.133653;1.133653;1.133653;1.132613;0.000000;0.000000;
13.505425;1.135806;5.327776;0.972160;1.131192;2.679465;0.991586;1.133797;3.845604;0.988782;1.131652;3.893850;0.983273;1.133863;1.133863;1.133863;1.133863;1.133863;1.132759;0.000000;0.000000;
13.523583;1.135051;5.362362;0.970279;1.132761;2.643473;0.990999;1.134247;3.861022;0.987963;1.131547;3.860966;0.983281;1.134087;1.134087;1.134087;1.134087;1.134087;1.132940;0.000000;0.000000;
13.541741;1.134261;5.380923;0.969799;1.134368;2.640517;0.991021;1.134664;3.884242;0.987921;1.131544;3.825499;0.984260;1.134306;1.134306;1.134306;1.134306;1.134306;1.133155;0.000000;0.000000;
13.559899;1.133460;5.383431;0.970747;1.135939;2.670499;0.991656;1.135037;3.913971;0.988662;1.131651;3.788791;0.986164;1.134503;1.134503;1.134503;1.134503;1.134503;1.133399;0.000000;0.000000;
13.578057;1.132669;5.369319;0.973014;1.137402;2.731499;0.992806;1.135357;3.948674;0.990092;1.131867;3.752197;0.988839;1.134662;1.134662;1.134662;1.134662;1.134662;1.133668;0.000000;0.000000;
13.596216;1.131913;5.337615;0.976381;1.138694;2.819888;0.994283;1.135617;3.986655;0.992036;1.132190;3.717151;0.992045;1.134768;1.134768;1.134768;1.134768;1.134768;1.133959;0.000000;0.000000;
13.614374;1.131217;5.287275;0.980540;1.139758;2.930537;0.995844;1.135812;4.026149;0.994261;1.132612;3.685196;0.995484;1.134813;1.134813;1.134813;1.134813;1.134813;1.134264;0.000000;0.000000;
13.632532;1.130607;5.217617;0.985136;1.140554;3.057158;0.997232;1.135943;4.065425;0.996508;1.133122;3.657976;0.998839;1.134795;1.134795;1.134795;1.134795;1.134795;1.134578;0.000000;0.000000;
13.650690;1.130109;5.128802;0.989811;1.141053;3.192756;0.998214;1.136010;4.102883;0.998530;1.133701;3.637140;1.001809;1.134717;1.134717;1.134717;1.134717;1.134717;1.134893;0.000000;0.000000;
13.668849;1.129748;5.022215;0.994243;1.141244;3.330177;0.998622;1.136018;4.137148;1.000124;1.134328;3.624197;1.004147;1.134589;1.134589;1.134589;1.134589;1.134589;1.135200;0.000000;0.000000;
13.687007;1.129546;4.900696;0.998182;1.141133;3.462671;0.998375;1.135973;4.167129;1.001155;1.134977;3.620330;1.005686;1.134425;1.134425;1.134425;1.134425;1.134425;1.135491;0.000000;0.000000;
13.705165;1.129520;4.768542;1.001464;1.140737;3.584398;0.997494;1.135882;4.192064;1.001570;1.135620;3.626229;1.006354;1.134243;1.134243;1.134243;1.134243;1.134243;1.135755;0.000000;0.000000;
13.723323;1.129679;4.631296;1.004026;1.140086;3.690761;0.996097;1.135754;4.211539;1.001400;1.136227;3.641985;1.006173;1.134061;1.134061;1.134061;1.134061;1.134061;1.135983;0.000000;0.000000;
13.741482;1.130026;4.495361;1.005893;1.139219;3.778546;0.994378;1.135599;4.225477;1.000746;1.136771;3.667066;1.005249;1.133897;1.133897;1.133897;1.133897;1.133897;1.136166;0.000000;0.000000;
13.759640;1.130554;4.367510;1.007158;1.138180;3.845836;0.992581;1.135426;4.234111;0.999765;1.137225;3.700377;1.003757;1.133765;1.133765;1.133765;1.133765;1.133765;1.136296;0.000000;0.000000;
13.777798;1.131245;4.254366;1.007958;1.137017;3.891776;0.990963;1.135242;4.237926;0.998637;1.137567;3.740371;1.001904;1.133675;1.133675;1.133675;1.133675;1.133675;1.136367;0.000000;0.000000;
13.795956;1.132076;4.161921;1.008440;1.135778;3.916230;0.989759;1.135056;4.237583;0.997542;1.137781;3.785192;0.999909;1.133634;1.133634;1.133634;1.133634;1.133634;1.136375;0.000000;0.000000;
13.814115;1.133013;4.095123;1.008733;1.134511;3.919465;0.989146;1.134873;4.233834;0.996629;1.137857;3.832800;0.997970;1.133644;1.133644;1.133644;1.133644;1.133644;1.136317;0.000000;0.000000;
13.832273;1.134019;4.057548;1.008919;1.133266;3.901909;0.989224;1.134700;4.227426;0.996000;1.137789;3.881068;0.996242;1.133702;1.133702;1.133702;1.133702;1.133702;1.136195;0.000000;0.000000;
13.850431;1.135053;4.051159;1.009021;1.132087;3.864056;0.989996;1.134540;4.219026;0.995692;1.137579;3.927860;0.994819;1.133804;1.133804;1.133804;1.133804;1.133804;1.136011;0.000000;0.000000;
13.868589;1.136070;4.076164;1.008997;1.131020;3.806536;0.991373;1.134396;4.209156;0.995679;1.137236;3.971076;0.993733;1.133944;1.133944;1.133944;1.133944;1.133944;1.135770;0.000000;0.000000;
13.886747;1.137030;4.130974;1.008749;1.130108;3.730327;0.993182;1.134271;4.198174;0.995877;1.136774;4.008709;0.992954;1.134116;1.134116;1.134116;1.134116;1.134116;1.135482;0.000000;0.000000;
13.904906;1.137894;4.212283;1.008143;1.129392;3.637060;0.995192;1.134166;4.186275;0.996162;1.136213;4.038907;0.992405;1.134314;1.134314;1.134314;1.134314;1.134314;1.135156;0.000000;0.000000;
13.923064;1.138628;4.315302;1.007037;1.128905;3.529313;0.997152;1.134082;4.173537;0.996394;1.135578;4.060061;0.991986;1.134534;1.134534;1.134534;1.134534;1.134534;1.134806;0.000000;0.000000;
13.941222;1.139208;4.434141;1.005317;1.128675;3.410815;0.998823;1.134022;4.159980;0.996447;1.134898;4.070903;0.991601;1.134773;1.134773;1.134773;1.134773;1.134773;1.134446;0.000000;0.000000;
13.959380;1.139618;4.562327;1.002926;1.128719;3.286461;1.000020;1.133986;4.145626;0.996230;1.134206;4.070604;0.991179;1.135029;1.135029;1.135029;1.135029;1.135029;1.134092;0.000000;0.000000;
13.977539;1.139848;4.693382;0.999886;1.129043;3.162107;1.000635;1.133976;4.130557;0.995712;1.133535;4.058851;0.990693;1.135298;1.135298;1.135298;1.135298;1.135298;1.133763;0.000000;0.000000;
13.995697;1.139900;4.821375;0.996307;1.129637;3.044154;1.000647;1.133993;4.114933;0.994921;1.132919;4.035886;0.990166;1.135579;1.135579;1.135579;1.135579;1.135579;1.133473;0.000000;0.000000;
14.013855;1.139781;4.941354;0.992378;1.130480;2.939004;1.000122;1.134037;4.098992;0.993947;1.132391;4.002495;0.989668;1.135865;1.135865;1.135865;1.135865;1.135865;1.133241;0.000000;0.000000;
14.032013;1.139506;5.049566;0.988347;1.131535;2.852484;0.999193;1.134108;4.083009;0.992919;1.131980;3.959968;0.989303;1.136149;1.136149;1.136149;1.136149;1.136149;1.133078;0.000000;0.000000;
14.050172;1.139092;5.143475;0.984492;1.132753;2.789332;0.998028;1.134206;4.067255;0.991990;1.131709;3.910022;0.989183;1.136423;1.136423;1.136423;1.136423;1.136423;1.132998;0.000000;0.000000;
14.068330;1.138561;5.221587;0.981085;1.134079;2.752829;0.996804;1.134330;4.051943;0.991304;1.131597;3.854724;0.989408;1.136674;1.136674;1.136674;1.136674;1.136674;1.133008;0.000000;0.000000;
14.086488;1.137935;5.283163;0.978363;1.135451;2.744585;0.995673;1.134480;4.037212;0.990981;1.131656;3.796420;0.990046;1.136889;1.136889;1.136889;1.136889;1.136889;1.133114;0.000000;0.000000;
14.104646;1.137238;5.327896;0.976503;1.136805;2.764493;0.994746;1.134654;4.023125;0.991095;1.131891;3.737666;0.991121;1.137056;1.137056;1.137056;1.137056;1.137056;1.133317;0.000000;0.000000;
14.122804;1.136492;5.355630;0.975610;1.138081;2.810823;0.994081;1.134849;4.009710;0.991668;1.132297;3.681168;0.992605;1.137161;1.137161;1.137161;1.137161;1.137161;1.133614;0.000000;0.000000;
14.140963;1.135722;5.366173;0.975708;1.139223;2.880421;0.993681;1.135066;3.997019;0.992669;1.132864;3.629700;0.994420;1.137196;1.137196;1.137196;1.137196;1.137196;1.134000;0.000000;0.000000;
14.159121;1.134952;5.359223;0.976752;1.140183;2.969002;0.993509;1.135302;3.985190;0.994021;1.133570;3.585989;0.996450;1.137155;1.137155;1.137155;1.137155;1.137155;1.134464;0.000000;0.000000;
14.177279;1.134206;5.334420;0.978628;1.140927;3.071485;0.993495;1.135555;3.974505;0.995610;1.134389;3.552560;0.998550;1.137036;1.137036;1.137036;1.137036;1.137036;1.134991;0.000000;0.000000;
14.195437;1.133509;5.291491;0.981179;1.141428;3.182371;0.993556;1.135822;3.965406;0.997301;1.135285;3.531532;1.000561;1.136843;1.136843;1.136843;1.136843;1.136843;1.135562;0.000000;0.000000;
14.213596;1.132885;5.230476;0.984214;1.141676;3.296099;0.993608;1.136099;3.958485;0.998948;1.136220;3.524409;1.002327;1.136586;1.136586;1.136586;1.136586;1.136586;1.136157;0.000000;0.000000;
14.231754;1.132360;5.151972;0.987527;1.141669;3.407386;0.993582;1.136382;3.954426;1.000413;1.137149;3.531886;1.003702;1.136280;1.136280;1.136280;1.136280;1.136280;1.136753;0.000000;0.000000;
14.249912;1.131956;5.057370;0.990919;1.141421;3.511498;0.993431;1.136666;3.953930;1.001573;1.138030;3.553728;1.004570;1.135941;1.135941;1.135941;1.135941;1.135941;1.137326;0.000000;0.000000;
14.268070;1.131692;4.949028;0.994208;1.140951;3.604445;0.993137;1.136944;3.957629;1.002336;1.138822;3.588746;1.004851;1.135591;1.135591;1.135591;1.135591;1.135591;1.137853;0.000000;0.000000;
14.286229;1.131586;4.830348;0.997245;1.140290;3.683091;0.992716;1.137209;3.966013;1.002647;1.139489;3.634898;1.004511;1.135251;1.135251;1.135251;1.135251;1.135251;1.138312;0.000000;0.000000;
14.304387;1.131648;4.705724;0.999925;1.139471;3.745173;0.992217;1.137453;3.979374;1.002494;1.140003;3.689494;1.003567;1.134942;1.134942;1.134942;1.134942;1.134942;1.138687;0.000000;0.000000;
14.322545;1.131881;4.580363;1.002192;1.138536;3.789251;0.991715;1.137668;3.997781;1.001910;1.140344;3.749472;1.002092;1.134683;1.134683;1.134683;1.134683;1.134683;1.138963;0.000000;0.000000;
14.340703;1.132282;4.459981;1.004036;1.137524;3.814605;0.991307;1.137846;4.021070;1.000967;1.140500;3.811692;1.000204;1.134489;1.134489;1.134489;1.134489;1.134489;1.139130;0.000000;0.000000;
14.358861;1.132841;4.350423;1.005482;1.136480;3.821096;0.991095;1.137981;4.048855;0.999770;1.140471;3.873194;0.998060;1.134373;1.134373;1.134373;1.134373;1.134373;1.139186;0.000000;0.000000;
14.377020;1.133537;4.257230;1.006584;1.135445;3.809051;0.991172;1.138067;4.080528;0.998439;1.140263;3.931381;0.995834;1.134340;1.134340;1.134340;1.134340;1.134340;1.139129;0.000000;0.000000;
14.395178;1.134344;4.185232;1.007398;1.134461;3.779168;0.991608;1.138097;4.115271;0.997098;1.139890;3.984109;0.993704;1.134393;1.134393;1.134393;1.134393;1.134393;1.138965;0.000000;0.000000;
14.413336;1.135231;4.138181;1.007973;1.133567;3.732485;0.992431;1.138069;4.152058;0.995853;1.139371;4.029680;0.991824;1.134531;1.134531;1.134531;1.134531;1.134531;1.138699;0.000000;0.000000;
14.431494;1.136162;4.118468;1.008333;1.132799;3.670422;0.993624;1.137982;4.189664;0.994786;1.138730;4.066790;0.990318;1.134746;1.134746;1.134746;1.134746;1.134746;1.138344;0.000000;0.000000;
14.449653;1.137098;4.126957;1.008472;1.132189;3.594862;0.995120;1.137835;4.226690;0.993945;1.137995;4.094430;0.989259;1.135031;1.135031;1.135031;1.135031;1.135031;1.137913;0.000000;0.000000;
14.467811;1.138002;4.162917;1.008356;1.131765;3.508266;0.996810;1.137632;4.261609;0.993342;1.137196;4.111817;0.988678;1.135376;1.135376;1.135376;1.135376;1.135376;1.137421;0.000000;0.000000;
14.485969;1.138836;4.224095;1.007930;1.131547;3.413761;0.998557;1.137378;4.292842;0.992960;1.136365;4.118341;0.988556;1.135767;1.135767;1.135767;1.135767;1.135767;1.136888;0.000000;0.000000;
14.504127;1.139570;4.306904;1.007131;1.131548;3.315157;1.000211;1.137081;4.318843;0.992762;1.135535;4.113574;0.988843;1.136193;1.136193;1.136193;1.136193;1.136193;1.136333;0.000000;0.000000;
14.522286;1.140178;4.406718;1.005907;1.131771;3.216854;1.001633;1.136750;4.338200;0.992702;1.134742;4.097311;0.989465;1.136638;1.136638;1.136638;1.136638;1.136638;1.135778;0.000000;0.000000;
14.540444;1.140639;4.518252;1.004230;1.132210;3.123622;1.002709;1.136398;4.349723;0.992734;1.134018;4.069660;0.990339;1.137090;1.137090;1.137090;1.137090;1.137090;1.135246;0.000000;0.000000;
14.558602;1.140942;4.635975;1.002109;1.132846;3.040275;1.003359;1.136039;4.352509;0.992826;1.133397;4.031132;0.991381;1.137533;1.137533;1.137533;1.137533;1.137533;1.134761;0.000000;0.000000;
14.576760;1.141083;4.754512;0.999594;1.133651;2.971274;1.003548;1.135688;4.345979;0.992955;1.132910;3.982731;0.992516;1.137954;1.137954;1.137954;1.137954;1.137954;1.134344;0.000000;0.000000;
14.594918;1.141063;4.868981;0.996774;1.134589;2.920331;1.003279;1.135358;4.329892;0.993119;1.132584;3.926014;0.993684;1.138337;1.138337;1.138337;1.138337;1.138337;1.134016;0.000000;0.000000;
14.613077;1.140892;4.975234;0.993774;1.135614;2.890074;1.002590;1.135067;4.304336;0.993324;1.132439;3.863100;0.994836;1.138670;1.138670;1.138670;1.138670;1.138670;1.133795;0.000000;0.000000;
14.631235;1.140584;5.069981;0.990738;1.136680;2.881820;1.001542;1.134827;4.269723;0.993588;1.132490;3.796630;0.995936;1.138940;1.138940;1.138940;1.138940;1.138940;1.133696;0.000000;0.000000;
14.649393;1.140156;5.150816;0.987822;1.137737;2.895493;1.000213;1.134654;4.226783;0.993931;1.132740;3.729670;0.996963;1.139137;1.139137;1.139137;1.139137;1.139137;1.133728;0.000000;0.000000;
14.667551;1.139628;5.216135;0.985183;1.138737;2.929680;0.998691;1.134558;4.176573;0.994372;1.133186;3.665549;0.997903;1.139253;1.139253;1.139253;1.139253;1.139253;1.133894;0.000000;0.000000;
14.685710;1.139022;5.265008;0.982963;1.139637;2.981821;0.997063;1.134551;4.120499;0.994925;1.133812;3.607666;0.998746;1.139281;1.139281;1.139281;1.139281;1.139281;1.134193;0.000000;0.000000;
14.703868;1.138362;5.297015;0.981283;1.140401;3.048487;0.995418;1.134638;4.060328;0.995598;1.134594;3.559257;0.999491;1.139220;1.139220;1.139220;1.139220;1.139220;1.134617;0.000000;0.000000;
14.722026;1.137671;5.312081;0.980235;1.141001;3.125701;0.993840;1.134824;3.998190;0.996385;1.135500;3.523149;1.000133;1.139073;1.139073;1.139073;1.139073;1.139073;1.135151;0.000000;0.000000;
14.740184;1.136972;5.310343;0.979874;1.141418;3.209265;0.992404;1.135110;3.936540;0.997272;1.136487;3.501528;1.000668;1.138844;1.138844;1.138844;1.138844;1.138844;1.135776;0.000000;0.000000;
14.758343;1.136288;5.292075;0.980216;1.141644;3.295050;0.991175;1.135490;3.878092;0.998228;1.137511;3.495739;1.001082;1.138543;1.138543;1.138543;1.138543;1.138543;1.136468;0.000000;0.000000;
14.776501;1.135641;5.257669;0.981237;1.141678;3.379212;0.990203;1.135958;3.825690;0.999210;1.138523;3.506157;1.001357;1.138183;1.138183;1.138183;1.138183;1.138183;1.137199;0.000000;0.000000;
14.794659;1.135054;5.207685;0.982871;1.141527;3.458342;0.989519;1.136498;3.782148;1.000163;1.139476;3.532134;1.001464;1.137779;1.137779;1.137779;1.137779;1.137779;1.137939;0.000000;0.000000;
14.812817;1.134547;5.142962;0.985016;1.141207;3.529543;0.989132;1.137096;3.750059;1.001020;1.140326;3.572049;1.001368;1.137351;1.137351;1.137351;1.137351;1.137351;1.138659;0.000000;0.000000;
14.830975;1.134140;5.064762;0.987544;1.140738;3.590452;0.989036;1.137729;3.731595;1.001709;1.141036;3.623447;1.001037;1.136918;1.136918;1.136918;1.136918;1.136918;1.139329;0.000000;0.000000;
14.849134;1.133849;4.974911;0.990308;1.140146;3.639224;0.989206;1.138374;3.728322;1.002162;1.141577;3.683260;1.000441;1.136500;1.136500;1.136500;1.136500;1.136500;1.139924;0.000000;0.000000;
14.867292;1.133689;4.875914;0.993159;1.139460;3.674511;0.989609;1.139005;3.741047;1.002320;1.141929;3.748077;0.999569;1.136119;1.136119;1.136119;1.136119;1.136119;1.140420;0.000000;0.000000;
14.885450;1.133670;4.770989;0.995958;1.138713;3.695429;0.990207;1.139598;3.769735;1.002140;1.142083;3.814428;0.998431;1.135793;1.135793;1.135793;1.135793;1.135793;1.140800;0.000000;0.000000;
14.903608;1.133796;4.664009;0.998587;1.137937;3.701544;0.990966;1.140127;3.813487;1.001608;1.142040;3.879047;0.997065;1.135540;1.135540;1.135540;1.135540;1.135540;1.141053;0.000000;0.000000;
14.921767;1.134068;4.559346;1.000956;1.137166;3.692864;0.991858;1.140569;3.870594;1.000738;1.141811;3.939079;0.995537;1.135372;1.135372;1.135372;1.135372;1.135372;1.141170;0.000000;0.000000;
14.939925;1.134478;4.461618;1.003007;1.136433;3.669846;0.992863;1.140907;3.938662;0.999572;1.141414;3.992206;0.993938;1.135301;1.135301;1.135301;1.135301;1.135301;1.141152;0.000000;0.000000;
14.958083;1.135014;4.375384;1.004714;1.135769;3.633412;0.993967;1.141125;4.014782;0.998182;1.140871;4.036701;0.992376;1.135332;1.135332;1.135332;1.135332;1.135332;1.141002;0.000000;0.000000;
14.976241;1.135656;4.304820;1.006072;1.135203;3.584964;0.995159;1.141215;4.095725;0.996661;1.140212;4.071400;0.990968;1.135465;1.135465;1.135465;1.135465;1.135465;1.140729;0.000000;0.000000;
14.994400;1.136381;4.253403;1.007097;1.134760;3.526390;0.996428;1.141172;4.178140;0.995114;1.139466;4.095618;0.989827;1.135698;1.135698;1.135698;1.135698;1.135698;1.140347;0.000000;0.000000;
15.012558;1.137160;4.223660;1.007809;1.134460;3.460056;0.997758;1.140997;4.258729;0.993649;1.138668;4.109047;0.989050;1.136023;1.136023;1.136023;1.136023;1.136023;1.139870;0.000000;0.000000;
15.030716;1.137963;4.216987;1.008231;1.134316;3.388761;0.999125;1.140698;4.334390;0.992369;1.137849;4.111650;0.988711;1.136427;1.136427;1.136427;1.136427;1.136427;1.139319;0.000000;0.000000;
15.048874;1.138757;4.233555;1.008376;1.134337;3.315662;1.000491;1.140286;4.402312;0.991360;1.137042;4.103579;0.988851;1.136896;1.136896;1.136896;1.136896;1.136896;1.138716;0.000000;0.000000;
15.067032;1.139513;4.272316;1.008250;1.134521;3.244146;1.001809;1.139775;4.460029;0.990688;1.136278;4.085144;0.989474;1.137411;1.137411;1.137411;1.137411;1.137411;1.138083;0.000000;0.000000;
15.085191;1.140200;4.331085;1.007845;1.134860;3.177664;1.003023;1.139186;4.505443;0.990386;1.135589;4.056821;0.990544;1.137952;1.137952;1.137952;1.137952;1.137952;1.137446;0.000000;0.000000;
15.103349;1.140794;4.406714;1.007148;1.135340;3.119524;1.004064;1.138540;4.536821;0.990459;1.135002;4.019315;0.991990;1.138497;1.138497;1.138497;1.138497;1.138497;1.136828;0.000000;0.000000;
15.121507;1.141274;4.495311;1.006137;1.135937;3.072673;1.004862;1.137861;4.552798;0.990879;1.134544;3.973635;0.993708;1.139027;1.139027;1.139027;1.139027;1.139027;1.136256;0.000000;0.000000;
15.139665;1.141627;4.592509;1.004797;1.136622;3.039469;1.005347;1.137176;4.552388;0.991593;1.134237;3.921189;0.995574;1.139520;1.139520;1.139520;1.139520;1.139520;1.135754;0.000000;0.000000;
15.157824;1.141843;4.693756;1.003118;1.137364;3.021496;1.005457;1.136511;4.535020;0.992527;1.134096;3.863833;0.997451;1.139957;1.139957;1.139957;1.139957;1.139957;1.135342;0.000000;0.000000;
15.175982;1.141920;4.794602;1.001111;1.138127;3.019423;1.005144;1.135895;4.500597;0.993597;1.134132;3.803877;0.999204;1.140323;1.140323;1.140323;1.140323;1.140323;1.135042;0.000000;0.000000;
15.194140;1.141861;4.890954;0.998806;1.138876;3.032945;1.004381;1.135353;4.449570;0.994715;1.134348;3.744015;1.000715;1.140604;1.140604;1.140604;1.140604;1.140604;1.134867;0.000000;0.000000;
15.212298;1.141676;4.979282;0.996263;1.139576;3.060823;1.003169;1.134911;4.383020;0.995801;1.134739;3.687179;1.001888;1.140792;1.140792;1.140792;1.140792;1.140792;1.134828;0.000000;0.000000;
15.230457;1.141378;5.056760;0.993567;1.140198;3.100999;1.001542;1.134593;4.302726;0.996790;1.135289;3.636341;1.002661;1.140881;1.140881;1.140881;1.140881;1.140881;1.134930;0.000000;0.000000;
15.248615;1.140982;5.121320;0.990831;1.140718;3.150807;0.999566;1.134417;4.211196;0.997639;1.135976;3.594268;1.003008;1.140871;1.140871;1.140871;1.140871;1.140871;1.135171;0.000000;0.000000;
15.266773;1.140507;5.171637;0.988185;1.141117;3.207211;0.997341;1.134397;4.111666;0.998327;1.136770;3.563290;1.002940;1.140764;1.140764;1.140764;1.140764;1.140764;1.135545;0.000000;0.000000;
15.284931;1.139974;5.207050;0.985772;1.141384;3.267070;0.994992;1.134543;4.008020;0.998856;1.137633;3.545094;1.002499;1.140568;1.140568;1.140568;1.140568;1.140568;1.136038;0.000000;0.000000;
15.303089;1.139403;5.227434;0.983736;1.141515;3.327371;0.992664;1.134856;3.904667;0.999249;1.138527;3.540590;1.001755;1.140292;1.140292;1.140292;1.140292;1.140292;1.136632;0.000000;0.000000;
15.321248;1.138814;5.233060;0.982207;1.141511;3.385404;0.990508;1.135329;3.806335;0.999542;1.139409;3.549847;1.000791;1.139950;1.139950;1.139950;1.139950;1.139950;1.137303;0.000000;0.000000;
15.339406;1.138228;5.224468;0.981295;1.141382;3.438874;0.988667;1.135951;3.717822;0.999778;1.140240;3.572117;0.999702;1.139556;1.139556;1.139556;1.139556;1.139556;1.138026;0.000000;0.000000;
15.357564;1.137664;5.202355;0.981075;1.141139;3.485932;0.987266;1.136699;3.643715;0.999996;1.140984;3.605926;0.998576;1.139127;1.139127;1.139127;1.139127;1.139127;1.138772;0.000000;0.000000;
15.375722;1.137140;5.167523;0.981576;1.140799;3.525155;0.986397;1.137547;3.588081;1.000223;1.141608;3.649219;0.997489;1.138680;1.138680;1.138680;1.138680;1.138680;1.139512;0.000000;0.000000;
15.393881;1.136672;5.120870;0.982782;1.140380;3.555489;0.986109;1.138461;3.554188;1.000465;1.142090;3.699526;0.996499;1.138233;1.138233;1.138233;1.138233;1.138233;1.140217;0.000000;0.000000;
15.412039;1.136277;5.063432;0.984627;1.139904;3.576186;0.986406;1.139403;3.544248;1.000707;1.142413;3.754143;0.995639;1.137804;1.137804;1.137804;1.137804;1.137804;1.140859;0.000000;0.000000;
15.430197;1.135968;4.996465;0.986998;1.139393;3.586754;0.987244;1.140333;3.559238;1.000905;1.142568;3.810298;0.994919;1.137410;1.137410;1.137410;1.137410;1.137410;1.141414;0.000000;0.000000;
15.448355;1.135757;4.921541;0.989750;1.138870;3.586944;0.988540;1.141212;3.598785;1.001000;1.142555;3.865303;0.994325;1.137068;1.137068;1.137068;1.137068;1.137068;1.141862;0.000000;0.000000;
15.466514;1.135654;4.840637;0.992715;1.138360;3.576770;0.990179;1.142002;3.661168;1.000919;1.142383;3.916688;0.993831;1.136793;1.136793;1.136793;1.136793;1.136793;1.142187;0.000000;0.000000;
15.484672;1.135665;4.756181;0.995718;1.137885;3.556555;0.992031;1.142669;3.743414;1.000594;1.142066;3.962300;0.993403;1.136600;1.136600;1.136600;1.136600;1.136600;1.142377;0.000000;0.000000;
15.502830;1.135793;4.671049;0.998598;1.137467;3.526998;0.993963;1.143185;3.841506;0.999971;1.141624;4.000387;0.993015;1.136498;1.136498;1.136498;1.136498;1.136498;1.142430;0.000000;0.000000;
15.520988;1.136037;4.588472;1.001217;1.137125;3.489223;0.995858;1.143529;3.950680;0.999031;1.141083;4.029649;0.992654;1.136495;1.136495;1.136495;1.136495;1.136495;1.142345;0.000000;0.000000;
15.539146;1.136390;4.511882;1.003479;1.136878;3.444807;0.997624;1.143689;4.065782;0.997791;1.140471;4.049260;0.992327;1.136595;1.136595;1.136595;1.136595;1.136595;1.142132;0.000000;0.000000;
15.557305;1.136841;4.444695;1.005328;1.136737;3.395753;0.999204;1.143661;4.181640;0.996316;1.139817;4.058859;0.992066;1.136797;1.136797;1.136797;1.136797;1.136797;1.141801;0.000000;0.000000;
15.575463;1.137376;4.390062;1.006752;1.136710;3.344412;1.000574;1.143449;4.293390;0.994708;1.139152;4.058512;0.991923;1.137095;1.137095;1.137095;1.137095;1.137095;1.141370;0.000000;0.000000;
15.593621;1.137974;4.350630;1.007772;1.136798;3.293359;1.001739;1.143064;4.396734;0.993101;1.138505;4.048661;0.991964;1.137479;1.137479;1.137479;1.137479;1.137479;1.140858;0.000000;0.000000;
15.611779;1.138615;4.328337;1.008434;1.136999;3.245229;1.002727;1.142525;4.488078;0.991646;1.137904;4.030059;0.992252;1.137935;1.137935;1.137935;1.137935;1.137935;1.140289;0.000000;0.000000;
15.629938;1.139273;4.324261;1.008793;1.137302;3.202541;1.003570;1.141854;4.564557;0.990485;1.137374;4.003708;0.992842;1.138443;1.138443;1.138443;1.138443;1.138443;1.139686;0.000000;0.000000;
15.648096;1.139923;4.338549;1.008896;1.137692;3.167530;1.004297;1.141078;4.623970;0.989741;1.136935;3.970815;0.993759;1.138984;1.138984;1.138984;1.138984;1.138984;1.139073;0.000000;0.000000;
15.666254;1.140541;4.370408;1.008777;1.138151;3.141992;1.004918;1.140226;4.664666;0.989495;1.136606;3.932760;0.994995;1.139535;1.139535;1.139535;1.139535;1.139535;1.138474;0.000000;0.000000;
15.684412;1.141104;4.418166;1.008445;1.138654;3.127174;1.005420;1.139332;4.685428;0.989777;1.136398;3.891083;0.996501;1.140072;1.140072;1.140072;1.140072;1.140072;1.137912;0.000000;0.000000;
15.702571;1.141591;4.479388;1.007885;1.139178;3.123687;1.005766;1.138428;4.685402;0.990563;1.136320;3.847473;0.998187;1.140575;1.140575;1.140575;1.140575;1.140575;1.137408;0.000000;0.000000;
15.720729;1.141986;4.551036;1.007063;1.139697;3.131475;1.005896;1.137548;4.664099;0.991776;1.136375;3.803745;0.999932;1.141022;1.141022;1.141022;1.141022;1.141022;1.136980;0.000000;0.000000;
15.738887;1.142278;4.629662;1.005931;1.140186;3.149820;1.005734;1.136727;4.621471;0.993295;1.136559;3.761789;1.001590;1.141397;1.141397;1.141397;1.141397;1.141397;1.136646;0.000000;0.000000;
15.757045;1.142459;4.711626;1.004446;1.140623;3.177392;1.005209;1.136000;4.558056;0.994972;1.136863;3.723492;1.003014;1.141686;1.141686;1.141686;1.141686;1.141686;1.136417;0.000000;0.000000;
15.775203;1.142528;4.793320;1.002575;1.140990;3.212358;1.004260;1.135397;4.475147;0.996644;1.137273;3.690622;1.004062;1.141880;1.141880;1.141880;1.141880;1.141880;1.136304;0.000000;0.000000;
15.793362;1.142486;4.871385;1.000319;1.141271;3.252514;1.002857;1.134948;4.374950;0.998162;1.137770;3.664698;1.004624;1.141974;1.141974;1.141974;1.141974;1.141974;1.136313;0.000000;0.000000;
15.811520;1.142341;4.942900;0.997713;1.141459;3.295468;1.001008;1.134676;4.260684;0.999401;1.138330;3.646871;1.004632;1.141970;1.141970;1.141970;1.141970;1.141970;1.136444;0.000000;0.000000;
15.829678;1.142104;5.005532;0.994841;1.141550;3.338821;0.998772;1.134600;4.136573;1.000282;1.138929;3.637825;1.004070;1.141871;1.141871;1.141871;1.141871;1.141871;1.136695;0.000000;0.000000;
15.847836;1.141788;5.057613;0.991828;1.141545;3.380349;0.996258;1.134731;4.007732;1.000775;1.139539;3.637736;1.002979;1.141686;1.141686;1.141686;1.141686;1.141686;1.137057;0.000000;0.000000;
15.865995;1.141408;5.098155;0.988841;1.141451;3.418147;0.993618;1.135069;3.879925;1.000906;1.140133;3.646283;1.001455;1.141426;1.141426;1.141426;1.141426;1.141426;1.137519;0.000000;0.000000;
15.884153;1.140980;5.126786;0.986070;1.141277;3.450712;0.991037;1.135606;3.759236;1.000746;1.140688;3.662710;0.999636;1.141105;1.141105;1.141105;1.141105;1.141105;1.138065;0.000000;0.000000;
15.902311;1.140521;5.143629;0.983713;1.141036;3.476979;0.988712;1.136324;3.651675;1.000401;1.141181;3.685923;0.997694;1.140738;1.140738;1.140738;1.140738;1.140738;1.138674;0.000000;0.000000;
15.920469;1.140047;5.149140;0.981953;1.140744;3.496285;0.986833;1.137196;3.562783;0.999990;1.141594;3.714588;0.995806;1.140340;1.140340;1.140340;1.140340;1.140340;1.139324;0.000000;0.000000;
15.938628;1.139572;5.143946;0.980937;1.140417;3.508299;0.985559;1.138186;3.497254;0.999627;1.141913;3.747228;0.994139;1.139928;1.139928;1.139928;1.139928;1.139928;1.139989;0.000000;0.000000;
15.956786;1.139111;5.128700;0.980760;1.140070;3.512936;0.985001;1.139254;3.458631;0.999395;1.142128;3.782288;0.992827;1.139515;1.139515;1.139515;1.139515;1.139515;1.140645;0.000000;0.000000;
15.974944;1.138678;5.103996;0.981449;1.139721;3.510284;0.985202;1.140354;3.449070;0.999339;1.142236;3.818185;0.991958;1.139118;1.139118;1.139118;1.139118;1.139118;1.141264;0.000000;0.000000;
15.993102;1.138286;5.070348;0.982959;1.139386;3.500559;0.986140;1.141437;3.469199;0.999450;1.142235;3.853340;0.991559;1.138749;1.138749;1.138749;1.138749;1.138749;1.141823;0.000000;0.000000;
16.011261;1.137947;5.028247;0.985178;1.139080;3.484102;0.987720;1.142456;3.518062;0.999670;1.142133;3.886217;0.991606;1.138424;1.138424;1.138424;1.138424;1.138424;1.142299;0.000000;0.000000;
16.029419;1.137672;4.978271;0.987936;1.138819;3.461416;0.989796;1.143367;3.593171;0.999902;1.141937;3.915363;0.992019;1.138155;1.138155;1.138155;1.138155;1.138155;1.142675;0.000000;0.000000;
16.047577;1.137471;4.921232;0.991029;1.138615;3.433230;0.992183;1.144132;3.690647;1.000026;1.141661;3.939474;0.992689;1.137953;1.137953;1.137953;1.137953;1.137953;1.142937;0.000000;0.000000;
16.065735;1.137354;4.858312;0.994239;1.138479;3.400553;0.994680;1.144720;3.805480;0.999924;1.141323;3.957472;0.993490;1.137827;1.137827;1.137827;1.137827;1.137827;1.143076;0.000000;0.000000;
16.083893;1.137327;4.791160;0.997359;1.138420;3.364713;0.997100;1.145108;3.931871;0.999504;1.140943;3.968586;0.994303;1.137787;1.137787;1.137787;1.137787;1.137787;1.143092;0.000000;0.000000;
16.102052;1.137394;4.721914;1.000220;1.138444;3.327343;0.999289;1.145283;4.063661;0.998718;1.140541;3.972420;0.995036;1.137836;1.137836;1.137836;1.137836;1.137836;1.142989;0.000000;0.000000;
16.120210;1.137557;4.653139;1.002700;1.138552;3.290316;1.001141;1.145245;4.194769;0.997577;1.140141;3.969001;0.995637;1.137976;1.137976;1.137976;1.137976;1.137976;1.142775;0.000000;0.000000;
16.138368;1.137813;4.587678;1.004737;1.138739;3.255626;1.002605;1.144999;4.319593;0.996154;1.139762;3.958786;0.996098;1.138203;1.138203;1.138203;1.138203;1.138203;1.142465;0.000000;0.000000;
16.156526;1.138155;4.528456;1.006322;1.139000;3.225240;1.003685;1.144561;4.433327;0.994576;1.139425;3.942625;0.996455;1.138511;1.138511;1.138511;1.138511;1.138511;1.142076;0.000000;0.000000;
16.174685;1.138572;4.478251;1.007493;1.139322;3.200936;1.004426;1.143954;4.532117;0.993008;1.139146;3.921691;0.996771;1.138888;1.138888;1.138888;1.138888;1.138888;1.141627;0.000000;0.000000;
16.192843;1.139050;4.439487;1.008314;1.139690;3.184162;1.004900;1.143205;4.613089;0.991628;1.138935;3.897384;0.997128;1.139319;1.139319;1.139319;1.139319;1.139319;1.141139;0.000000;0.000000;
16.211001;1.139572;4.414056;1.008858;1.140086;3.175921;1.005187;1.142347;4.674236;0.990603;1.138802;3.871221;0.997600;1.139788;1.139788;1.139788;1.139788;1.139788;1.140632;0.000000;0.000000;
16.229159;1.140119;4.403187;1.009188;1.140490;3.176702;1.005355;1.141412;4.714239;0.990066;1.138749;3.844729;0.998240;1.140275;1.140275;1.140275;1.140275;1.140275;1.140124;0.000000;0.000000;
16.247318;1.140670;4.407380;1.009341;1.140882;3.186454;1.005446;1.140436;4.732286;0.990095;1.138775;3.819354;0.999065;1.140759;1.140759;1.140759;1.140759;1.140759;1.139633;0.000000;0.000000;
16.265476;1.141205;4.426375;1.009323;1.141243;3.204591;1.005466;1.139457;4.727932;0.990702;1.138875;3.796376;1.000049;1.141221;1.141221;1.141221;1.141221;1.141221;1.139175;0.000000;0.000000;
16.283634;1.141703;4.459176;1.009103;1.141556;3.230041;1.005387;1.138511;4.701066;0.991832;1.139039;3.776851;1.001119;1.141641;1.141641;1.141641;1.141641;1.141641;1.138766;0.000000;0.000000;
16.301792;1.142148;4.504108;1.008620;1.141805;3.261313;1.005148;1.137633;4.651975;0.993366;1.139255;3.761563;1.002167;1.142003;1.142003;1.142003;1.142003;1.142003;1.138418;0.000000;0.000000;
16.319950;1.142523;4.558922;1.007798;1.141980;3.296597;1.004672;1.136860;4.581507;0.995140;1.139510;3.750992;1.003060;1.142294;1.142294;1.142294;1.142294;1.142294;1.138142;0.000000;0.000000;
16.338109;1.142817;4.620937;1.006561;1.142074;3.333880;1.003877;1.136224;4.491270;0.996964;1.139790;3.745299;1.003662;1.142504;1.142504;1.142504;1.142504;1.142504;1.137949;0.000000;0.000000;
16.356267;1.143023;4.687219;1.004851;1.142085;3.371081;1.002702;1.135753;4.383825;0.998649;1.140079;3.744340;1.003852;1.142628;1.142628;1.142628;1.142628;1.142628;1.137846;0.000000;0.000000;
16.374425;1.143135;4.754791;1.002653;1.142016;3.406200;1.001119;1.135472;4.262796;1.000036;1.140365;3.747697;1.003548;1.142664;1.142664;1.142664;1.142664;1.142664;1.137839;0.000000;0.000000;
16.392583;1.143155;4.820849;1.000000;1.141872;3.437451;0.999152;1.135397;4.132860;1.001010;1.140634;3.754741;1.002722;1.142615;1.142615;1.142615;1.142615;1.142615;1.137931;0.000000;0.000000;
16.410742;1.143087;4.882949;0.996988;1.141665;3.463377;0.996880;1.135536;3.999576;1.001524;1.140876;3.764709;1.001408;1.142488;1.142488;1.142488;1.142488;1.142488;1.138120;0.000000;0.000000;
16.428900;1.142936;4.939155;0.993767;1.141408;3.482922;0.994434;1.135889;3.869084;1.001596;1.141085;3.776793;0.999704;1.142293;1.142293;1.142293;1.142293;1.142293;1.138403;0.000000;0.000000;
16.447058;1.142712;4.988093;0.990536;1.141114;3.495460;0.991988;1.136444;3.747705;1.001304;1.141255;3.790214;0.997761;1.142039;1.142039;1.142039;1.142039;1.142039;1.138772;0.000000;0.000000;
16.465216;1.142426;5.028932;0.987513;1.140801;3.500767;0.989740;1.137180;3.641498;1.000770;1.141382;3.804273;0.995763;1.141742;1.141742;1.141742;1.141742;1.141742;1.139213;0.000000;0.000000;
16.483375;1.142090;5.061281;0.984923;1.140483;3.498955;0.987884;1.138066;3.555835;1.000139;1.141466;3.818366;0.993907;1.141413;1.141413;1.141413;1.141413;1.141413;1.139711;0.000000;0.000000;
16.501533;1.141714;5.085037;0.982960;1.140178;3.490395;0.986591;1.139065;3.495038;0.999549;1.141507;3.831976;0.992374;1.141067;1.141067;1.141067;1.141067;1.141067;1.140247;0.000000;0.000000;
16.519691;1.141311;5.100225;0.981772;1.139898;3.475632;0.985980;1.140133;3.462118;0.999110;1.141508;3.844634;0.991306;1.140716;1.140716;1.140716;1.140716;1.140716;1.140798;0.000000;0.000000;
16.537849;1.140893;5.106857;0.981442;1.139657;3.455326;0.986109;1.141223;3.458596;0.998884;1.141472;3.855887;0.990788;1.140372;1.140372;1.140372;1.140372;1.140372;1.141344;0.000000;0.000000;
16.556007;1.140472;5.104849;0.981977;1.139467;3.430233;0.986965;1.142288;3.484442;0.998882;1.141404;3.865271;0.990844;1.140049;1.140049;1.140049;1.140049;1.140049;1.141860;0.000000;0.000000;
16.574166;1.140060;5.094014;0.983315;1.139338;3.401204;0.988465;1.143280;3.538088;0.999055;1.141312;3.872316;0.991427;1.139756;1.139756;1.139756;1.139756;1.139756;1.142328;0.000000;0.000000;
16.592324;1.139670;5.074123;0.985326;1.139277;3.369227;0.990470;1.144159;3.616540;0.999314;1.141201;3.876583;0.992440;1.139504;1.139504;1.139504;1.139504;1.139504;1.142728;0.000000;0.000000;
16.610482;1.139315;5.045030;0.987838;1.139289;3.335457;0.992802;1.144888;3.715572;0.999543;1.141083;3.877718;0.993741;1.139304;1.139304;1.139304;1.139304;1.139304;1.143047;0.000000;0.000000;
16.628640;1.139007;5.006825;0.990655;1.139377;3.301240;0.995265;1.145438;3.830000;0.999621;1.140966;3.875525;0.995175;1.139163;1.139163;1.139163;1.139163;1.139163;1.143274;0.000000;0.000000;
16.646799;1.138759;4.959981;0.993580;1.139539;3.268096;0.997674;1.145791;3.954037;0.999451;1.140861;3.870037;0.996589;1.139088;1.139088;1.139088;1.139088;1.139088;1.143405;0.000000;0.000000;
16.664957;1.138582;4.905469;0.996438;1.139772;3.237657;0.999869;1.145937;4.081683;0.998971;1.140777;3.861552;0.997859;1.139083;1.139083;1.139083;1.139083;1.139083;1.143440;0.000000;0.000000;
16.683115;1.138486;4.844804;0.999093;1.140068;3.211567;1.001736;1.145877;4.207126;0.998175;1.140722;3.850653;0.998898;1.139152;1.139152;1.139152;1.139152;1.139152;1.143383;0.000000;0.000000;
16.701273;1.138477;4.780024;1.001453;1.140414;3.191352;1.003212;1.145620;4.325095;0.997110;1.140703;3.838167;0.999667;1.139293;1.139293;1.139293;1.139293;1.139293;1.143240;0.000000;0.000000;
16.719432;1.138559;4.713596;1.003475;1.140797;3.178289;1.004282;1.145182;4.431120;0.995875;1.140722;3.825111;1.000174;1.139501;1.139501;1.139501;1.139501;1.139501;1.143024;0.000000;0.000000;
16.737590;1.138733;4.648268;1.005157;1.141199;3.173289;1.004976;1.144587;4.521671;0.994602;1.140780;3.812587;1.000464;1.139771;1.139771;1.139771;1.139771;1.139771;1.142745;0.000000;0.000000;
16.755748;1.138994;4.586896;1.006525;1.141602;3.176816;1.005351;1.143863;4.594167;0.993442;1.140872;3.801684;1.000606;1.140092;1.140092;1.140092;1.140092;1.140092;1.142416;0.000000;0.000000;
16.773906;1.139336;4.532261;1.007617;1.141987;3.188846;1.005477;1.143043;4.646881;0.992537;1.140994;3.793373;1.000676;1.140452;1.140452;1.140452;1.140452;1.140452;1.142052;0.000000;0.000000;
16.792064;1.139746;4.486892;1.008472;1.142336;3.208871;1.005422;1.142159;4.678794;0.992005;1.141136;3.788412;1.000739;1.140837;1.140837;1.140837;1.140837;1.140837;1.141664;0.000000;0.000000;
16.810223;1.140211;4.452919;1.009114;1.142632;3.235933;1.005237;1.141247;4.689440;0.991921;1.141288;3.787283;1.000842;1.141231;1.141231;1.141231;1.141231;1.141231;1.141267;0.000000;0.000000;
16.828381;1.140713;4.431939;1.009543;1.142862;3.268689;1.004951;1.140341;4.678794;0.992303;1.141438;3.790146;1.000997;1.141618;1.141618;1.141618;1.141618;1.141618;1.140872;0.000000;0.000000;
16.846539;1.141234;4.424924;1.009735;1.143014;3.305492;1.004563;1.139477;4.647236;0.993118;1.141573;3.796826;1.001184;1.141984;1.141984;1.141984;1.141984;1.141984;1.140491;0.000000;0.000000;
16.864697;1.141755;4.432157;1.009645;1.143081;3.344488;1.004051;1.138686;4.595598;0.994277;1.141685;3.806828;1.001354;1.142313;1.142313;1.142313;1.142313;1.142313;1.140137;0.000000;0.000000;
16.882856;1.142255;4.453208;1.009211;1.143062;3.383721;1.003375;1.138001;4.525267;0.995654;1.141763;3.819383;1.001437;1.142595;1.142595;1.142595;1.142595;1.142595;1.139821;0.000000;0.000000;
16.901014;1.142716;4.486959;1.008375;1.142958;3.421241;1.002492;1.137449;4.438319;0.997104;1.141802;3.833514;1.001358;1.142818;1.142818;1.142818;1.142818;1.142818;1.139555;0.000000;0.000000;
16.919172;1.143122;4.531683;1.007091;1.142775;3.455219;1.001369;1.137054;4.337628;0.998477;1.141799;3.848129;1.001049;1.142976;1.142976;1.142976;1.142976;1.142976;1.139350;0.000000;0.000000;
16.937330;1.143460;4.585182;1.005342;1.142523;3.484049;0.999995;1.136834;4.226902;0.999646;1.141754;3.862121;1.000468;1.143066;1.143066;1.143066;1.143066;1.143066;1.139215;0.000000;0.000000;
16.955489;1.143719;4.644952;1.003152;1.142215;3.506436;0.998392;1.136801;4.110615;1.000519;1.141671;3.874471;0.999608;1.143085;1.143085;1.143085;1.143085;1.143085;1.139157;0.000000;0.000000;
16.973647;1.143892;4.708389;1.000588;1.141865;3.521455;0.996619;1.136958;3.993833;1.001052;1.141554;3.884325;0.998504;1.143039;1.143039;1.143039;1.143039;1.143039;1.139182;0.000000;0.000000;
16.991805;1.143976;4.772971;0.997767;1.141492;3.528577;0.994772;1.137300;3.881922;1.001250;1.141413;3.891063;0.997230;1.142930;1.142930;1.142930;1.142930;1.142930;1.139291;0.000000;0.000000;
17.009963;1.143971;4.836407;0.994837;1.141113;3.527661;0.992973;1.137814;3.780211;1.001163;1.141258;3.894314;0.995895;1.142768;1.142768;1.142768;1.142768;1.142768;1.139480;0.000000;0.000000;
17.028121;1.143879;4.896733;0.991972;1.140746;3.518911;0.991355;1.138477;3.693622;1.000872;1.141098;3.893950;0.994624;1.142560;1.142560;1.142560;1.142560;1.142560;1.139745;0.000000;0.000000;
17.046280;1.143707;4.952335;0.989348;1.140407;3.502828;0.990049;1.139260;3.626335;1.000473;1.140945;3.890048;0.993544;1.142318;1.142318;1.142318;1.142318;1.142318;1.140075;0.000000;0.000000;
17.064438;1.143463;5.001916;0.987128;1.140112;3.480139;0.989168;1.140129;3.581506;1.000059;1.140808;3.882846;0.992768;1.142052;1.142052;1.142052;1.142052;1.142052;1.140458;0.000000;0.000000;
17.082596;1.143154;5.044429;0.985444;1.139874;3.451755;0.988787;1.141046;3.561076;0.999704;1.140696;3.872685;0.992375;1.141773;1.141773;1.141773;1.141773;1.141773;1.140877;0.000000;0.000000;
17.100754;1.142792;5.078990;0.984385;1.139706;3.418730;0.988938;1.141969;3.565671;0.999451;1.140618;3.859981;0.992405;1.141492;1.141492;1.141492;1.141492;1.141492;1.141315;0.000000;0.000000;
17.118913;1.142388;5.104814;0.983992;1.139615;3.382253;0.989610;1.142858;3.594592;0.999310;1.140581;3.845202;0.992850;1.141220;1.141220;1.141220;1.141220;1.141220;1.141756;0.000000;0.000000;
17.137071;1.141955;5.121179;0.984254;1.139608;3.343645;0.990742;1.143677;3.645895;0.999257;1.140590;3.828880;0.993663;1.140967;1.140967;1.140967;1.140967;1.140967;1.142183;0.000000;0.000000;
17.155229;1.141508;5.127427;0.985121;1.139687;3.304363;0.992243;1.144391;3.716544;0.999245;1.140648;3.811623;0.994760;1.140741;1.140741;1.140741;1.140741;1.140741;1.142580;0.000000;0.000000;
17.173387;1.141060;5.123017;0.986505;1.139853;3.265985;0.993997;1.144972;3.802630;0.999214;1.140758;3.794133;0.996036;1.140552;1.140552;1.140552;1.140552;1.140552;1.142933;0.000000;0.000000;
17.191546;1.140627;5.107594;0.988299;1.140100;3.230182;0.995878;1.145401;3.899647;0.999105;1.140918;3.777215;0.997380;1.140405;1.140405;1.140405;1.140405;1.140405;1.143232;0.000000;0.000000;
17.209704;1.140224;5.081081;0.990388;1.140422;3.198648;0.997764;1.145665;4.002780;0.998873;1.141126;3.761757;0.998683;1.140307;1.140307;1.140307;1.140307;1.140307;1.143468;0.000000;0.000000;
17.227862;1.139866;5.043767;0.992657;1.140806;3.173002;0.999550;1.145757;4.107212;0.998496;1.141375;3.748691;0.999857;1.140262;1.140262;1.140262;1.140262;1.140262;1.143637;0.000000;0.000000;
17.246020;1.139568;4.996378;0.995001;1.141238;3.154677;1.001151;1.145682;4.208386;0.997979;1.141657;3.738926;1.000834;1.140271;1.140271;1.140271;1.140271;1.140271;1.143735;0.000000;0.000000;
17.264178;1.139344;4.940116;0.997330;1.141700;3.144802;1.002505;1.145449;4.302227;0.997351;1.141961;3.733267;1.001575;1.140336;1.140336;1.140336;1.140336;1.140336;1.143761;0.000000;0.000000;
17.282337;1.139203;4.876667;0.999571;1.142172;3.144093;1.003578;1.145073;4.385292;0.996666;1.142274;3.732332;1.002064;1.140453;1.140453;1.140453;1.140453;1.140453;1.143719;0.000000;0.000000;
17.300495;1.139154;4.808173;1.001664;1.142634;3.152788;1.004355;1.144575;4.454842;0.995990;1.142581;3.736487;1.002310;1.140619;1.140619;1.140619;1.140619;1.140619;1.143610;0.000000;0.000000;
17.318653;1.139202;4.737160;1.003562;1.143064;3.170612;1.004837;1.143980;4.508854;0.995390;1.142867;3.745795;1.002333;1.140828;1.140828;1.140828;1.140828;1.140828;1.143442;0.000000;0.000000;
17.336811;1.139349;4.666444;1.005229;1.143445;3.196790;1.005038;1.143315;4.545986;0.994931;1.143118;3.760003;1.002165;1.141073;1.141073;1.141073;1.141073;1.141073;1.143220;0.000000;0.000000;
17.354970;1.139591;4.598997;1.006635;1.143758;3.230097;1.004978;1.142608;4.565519;0.994661;1.143320;3.778547;1.001840;1.141345;1.141345;1.141345;1.141345;1.141345;1.142952;0.000000;0.000000;
17.373128;1.139922;4.537793;1.007753;1.143990;3.268946;1.004681;1.141888;4.567292;0.994610;1.143461;3.800593;1.001393;1.141635;1.141635;1.141635;1.141635;1.141635;1.142649;0.000000;0.000000;
17.391286;1.140331;4.485640;1.008563;1.144131;3.311490;1.004173;1.141184;4.551665;0.994787;1.143532;3.825091;1.000854;1.141931;1.141931;1.141931;1.141931;1.141931;1.142321;0.000000;0.000000;
17.409444;1.140804;4.445005;1.009044;1.144175;3.355741;1.003479;1.140525;4.519487;0.995176;1.143530;3.850842;1.000249;1.142223;1.142223;1.142223;1.142223;1.142223;1.141979;0.000000;0.000000;
17.427603;1.141322;4.417850;1.009183;1.144122;3.399674;1.002628;1.139935;4.472101;0.995744;1.143451;3.876571;0.999599;1.142501;1.142501;1.142501;1.142501;1.142501;1.141637;0.000000;0.000000;
17.445761;1.141867;4.405494;1.008969;1.143973;3.441341;1.001646;1.139438;4.411351;0.996443;1.143299;3.900999;0.998922;1.142754;1.142754;1.142754;1.142754;1.142754;1.141306;0.000000;0.000000;
17.463919;1.142417;4.408527;1.008399;1.143737;3.478950;1.000565;1.139053;4.339580;0.997216;1.143079;3.922909;0.998233;1.142973;1.142973;1.142973;1.142973;1.142973;1.141001;0.000000;0.000000;
17.482077;1.142952;4.426762;1.007479;1.143425;3.510945;0.999416;1.138794;4.259614;0.998003;1.142800;3.941207;0.997551;1.143151;1.143151;1.143151;1.143151;1.143151;1.140732;0.000000;0.000000;
17.500235;1.143450;4.459266;1.006229;1.143050;3.536049;0.998236;1.138672;4.174703;0.998752;1.142474;3.954970;0.996894;1.143281;1.143281;1.143281;1.143281;1.143281;1.140512;0.000000;0.000000;
17.518394;1.143893;4.504435;1.004680;1.142630;3.553303;0.997067;1.138691;4.088418;0.999418;1.142117;3.963483;0.996285;1.143361;1.143361;1.143361;1.143361;1.143361;1.140349;0.000000;0.000000;
17.536552;1.144265;4.560124;1.002878;1.142182;3.562078;0.995951;1.138848;4.004501;0.999970;1.141745;3.966262;0.995750;1.143388;1.143388;1.143388;1.143388;1.143388;1.140250;0.000000;0.000000;
17.554710;1.144554;4.623808;1.000884;1.141726;3.562076;0.994934;1.139136;3.926677;1.000390;1.141374;3.963066;0.995315;1.143363;1.143363;1.143363;1.143363;1.143363;1.140219;0.000000;0.000000;
17.572868;1.144751;4.692747;0.998769;1.141281;3.553320;0.994060;1.139542;3.858439;1.000676;1.141023;3.953904;0.995007;1.143290;1.143290;1.143290;1.143290;1.143290;1.140259;0.000000;0.000000;
17.591027;1.144850;4.764152;0.996613;1.140867;3.536137;0.993365;1.140045;3.802836;1.000831;1.140710;3.939023;0.994849;1.143173;1.143173;1.143173;1.143173;1.143173;1.140367;0.000000;0.000000;
17.609185;1.144849;4.835325;0.994501;1.140501;3.511140;0.992881;1.140624;3.762274;1.000868;1.140449;3.918907;0.994853;1.143018;1.143018;1.143018;1.143018;1.143018;1.140539;0.000000;0.000000;
17.627343;1.144752;4.903762;0.992514;1.140200;3.479211;0.992627;1.141251;3.738359;1.000801;1.140256;3.894264;0.995026;1.142835;1.142835;1.142835;1.142835;1.142835;1.140770;0.000000;0.000000;
17.645501;1.144563;4.967226;0.990731;1.139978;3.441480;0.992610;1.141899;3.731803;1.000643;1.140142;3.866013;0.995359;1.142632;1.142632;1.142632;1.142632;1.142632;1.141049;0.000000;0.000000;
17.663660;1.144291;5.023791;0.989223;1.139845;3.399313;0.992825;1.142539;3.742386;1.000406;1.140116;3.835273;0.995836;1.142419;1.142419;1.142419;1.142419;1.142419;1.141367;0.000000;0.000000;
17.681818;1.143947;5.071855;0.988048;1.139810;3.354289;0.993260;1.143145;3.769003;1.000102;1.140184;3.803338;0.996432;1.142206;1.142206;1.142206;1.142206;1.142206;1.141712;0.000000;0.000000;
17.699976;1.143544;5.110130;0.987255;1.139877;3.308170;0.993890;1.143691;3.809767;0.999742;1.140345;3.771641;0.997115;1.142000;1.142000;1.142000;1.142000;1.142000;1.142072;0.000000;0.000000;
17.718134;1.143096;5.137630;0.986879;1.140046;3.262851;0.994689;1.144159;3.862169;0.999339;1.140598;3.741703;0.997853;1.141812;1.141812;1.141812;1.141812;1.141812;1.142436;0.000000;0.000000;
17.736292;1.142618;5.153645;0.986940;1.140312;3.220301;0.995626;1.144531;3.923269;0.998913;1.140934;3.715063;0.998613;1.141647;1.141647;1.141647;1.141647;1.141647;1.142790;0.000000;0.000000;
17.754451;1.142128;5.157719;0.987443;1.140666;3.182473;0.996670;1.144796;3.989899;0.998485;1.141340;3.693186;0.999366;1.141512;1.141512;1.141512;1.141512;1.141512;1.143124;0.000000;0.000000;
17.772609;1.141641;5.149637;0.988375;1.141096;3.151205;0.997784;1.144949;4.058856;0.998080;1.141801;3.677366;1.000084;1.141412;1.141412;1.141412;1.141412;1.141412;1.143426;0.000000;0.000000;
17.790767;1.141176;5.129429;0.989706;1.141585;3.128107;0.998931;1.144990;4.127064;0.997723;1.142296;3.668623;1.000742;1.141348;1.141348;1.141348;1.141348;1.141348;1.143686;0.000000;0.000000;
17.808925;1.140748;5.097387;0.991381;1.142114;3.114453;1.000067;1.144921;4.191704;0.997433;1.142804;3.667611;1.001311;1.141323;1.141323;1.141323;1.141323;1.141323;1.143897;0.000000;0.000000;
17.827084;1.140373;5.054110;0.993327;1.142659;3.111080;1.001142;1.144753;4.250303;0.997221;1.143301;3.674557;1.001764;1.141335;1.141335;1.141335;1.141335;1.141335;1.144051;0.000000;0.000000;
17.845242;1.140067;5.000554;0.995453;1.143197;3.118316;1.002103;1.144497;4.300789;0.997090;1.143765;3.689217;1.002069;1.141385;1.141385;1.141385;1.141385;1.141385;1.144142;0.000000;0.000000;
17.863400;1.139842;4.938096;0.997655;1.143706;3.135935;1.002890;1.144168;4.341532;0.997031;1.144172;3.710891;1.002196;1.141469;1.141469;1.141469;1.141469;1.141469;1.144170;0.000000;0.000000;
17.881558;1.139710;4.868570;0.999821;1.144163;3.163161;1.003451;1.143783;4.371354;0.997025;1.144505;3.738469;1.002118;1.141585;1.141585;1.141585;1.141585;1.141585;1.144132;0.000000;0.000000;
17.899717;1.139678;4.794286;1.001846;1.144548;3.198706;1.003739;1.143362;4.389547;0.997053;1.144748;3.770514;1.001818;1.141729;1.141729;1.141729;1.141729;1.141729;1.144033;0.000000;0.000000;
17.917875;1.139751;4.717985;1.003635;1.144845;3.240861;1.003725;1.142924;4.395876;0.997093;1.144890;3.805379;1.001292;1.141896;1.141896;1.141896;1.141896;1.141896;1.143875;0.000000;0.000000;
17.936033;1.139929;4.642744;1.005118;1.145042;3.287609;1.003403;1.142488;4.390571;0.997132;1.144928;3.841330;1.000556;1.142082;1.142082;1.142082;1.142082;1.142082;1.143668;0.000000;0.000000;
17.954191;1.140207;4.571828;1.006249;1.145132;3.336766;1.002792;1.142072;4.374317;0.997166;1.144859;3.876670;0.999647;1.142281;1.142281;1.142281;1.142281;1.142281;1.143421;0.000000;0.000000;
17.972349;1.140578;4.508490;1.007011;1.145112;3.386122;1.001938;1.141694;4.348215;0.997200;1.144688;3.909838;0.998625;1.142487;1.142487;1.142487;1.142487;1.142487;1.143143;0.000000;0.000000;
17.990508;1.141028;4.455760;1.007415;1.144984;3.433561;1.000908;1.141369;4.313737;0.997254;1.144425;3.939485;0.997563;1.142694;1.142694;1.142694;1.142694;1.142694;1.142848;0.000000;0.000000;
18.008666;1.141541;4.416231;1.007492;1.144755;3.477169;0.999786;1.141107;4.272657;0.997350;1.144082;3.964507;0.996545;1.142894;1.142894;1.142894;1.142894;1.142894;1.142547;0.000000;0.000000;
18.026824;1.142097;4.391881;1.007284;1.144436;3.515291;0.998663;1.140918;4.226970;0.997514;1.143674;3.984050;0.995655;1.143082;1.143082;1.143082;1.143082;1.143082;1.142252;0.000000;0.000000;
18.044982;1.142674;4.383934;1.006842;1.144041;3.546566;0.997623;1.140808;4.178809;0.997766;1.143218;3.997494;0.994967;1.143249;1.143249;1.143249;1.143249;1.143249;1.141974;0.000000;0.000000;
18.063141;1.143249;4.392787;1.006209;1.143586;3.569936;0.996740;1.140778;4.130344;0.998117;1.142734;4.004423;0.994537;1.143391;1.143391;1.143391;1.143391;1.143391;1.141724;0.000000;0.000000;
18.081299;1.143798;4.417987;1.005419;1.143091;3.584626;0.996065;1.140825;4.083699;0.998561;1.142241;4.004597;0.994398;1.143501;1.143501;1.143501;1.143501;1.143501;1.141510;0.000000;0.000000;
18.099457;1.144302;4.458274;1.004493;1.142575;3.590140;0.995621;1.140946;4.040854;0.999077;1.141759;3.997944;0.994551;1.143575;1.143575;1.143575;1.143575;1.143575;1.141340;0.000000;0.000000;
18.117615;1.144739;4.511673;1.003441;1.142060;3.586250;0.995407;1.141132;4.003560;0.999629;1.141310;3.984559;0.994971;1.143611;1.143611;1.143611;1.143611;1.143611;1.141218;0.000000;0.000000;
18.135774;1.145093;4.575624;1.002260;1.141566;3.572999;0.995397;1.141372;3.973259;1.000167;1.140912;3.964732;0.995608;1.143608;1.143608;1.143608;1.143608;1.143608;1.141149;0.000000;0.000000;
18.153932;1.145354;4.647152;1.000946;1.141113;3.550722;0.995546;1.141653;3.951010;1.000635;1.140583;3.938981;0.996392;1.143568;1.143568;1.143568;1.143568;1.143568;1.141135;0.000000;0.000000;
18.172090;1.145511;4.723051;0.999498;1.140722;3.520063;0.995800;1.141962;3.937438;1.000979;1.140341;3.908091;0.997246;1.143495;1.143495;1.143495;1.143495;1.143495;1.141177;0.000000;0.000000;
18.190248;1.145563;4.800082;0.997926;1.140409;3.481996;0.996103;1.142284;3.932699;1.001154;1.140198;3.873137;0.998092;1.143393;1.143393;1.143393;1.143393;1.143393;1.141274;0.000000;0.000000;
18.208407;1.145509;4.875155;0.996257;1.140189;3.437837;0.996408;1.142604;3.936482;1.001132;1.140163;3.835486;0.998862;1.143269;1.143269;1.143269;1.143269;1.143269;1.141423;0.000000;0.000000;
18.226565;1.145354;4.945484;0.994542;1.140074;3.389222;0.996683;1.142910;3.948042;1.000904;1.140243;3.796765;0.999508;1.143131;1.143131;1.143131;1.143131;1.143131;1.141619;0.000000;0.000000;
18.244723;1.145107;5.008701;0.992849;1.140070;3.338074;0.996917;1.143190;3.966272;1.000488;1.140436;3.758792;1.000002;1.142986;1.142986;1.142986;1.142986;1.142986;1.141857;0.000000;0.000000;
18.262881;1.144780;5.062919;0.991268;1.140182;3.286526;0.997115;1.143433;3.989791;0.999925;1.140738;3.723476;1.000342;1.142844;1.142844;1.142844;1.142844;1.142844;1.142129;0.000000;0.000000;
18.281039;1.144385;5.106732;0.989897;1.140406;3.236834;0.997303;1.143634;4.017054;0.999275;1.141137;3.692690;1.000545;1.142709;1.142709;1.142709;1.142709;1.142709;1.142426;0.000000;0.000000;
18.299198;1.143938;5.139182;0.988837;1.140735;3.191261;0.997515;1.143787;4.046462;0.998608;1.141617;3.668141;1.000645;1.142589;1.142589;1.142589;1.142589;1.142589;1.142737;0.000000;0.000000;
18.317356;1.143455;5.159675;0.988175;1.141158;3.151956;0.997786;1.143890;4.076459;0.997999;1.142156;3.651236;1.000680;1.142488;1.142488;1.142488;1.142488;1.142488;1.143051;0.000000;0.000000;
18.335514;1.142953;5.167905;0.987979;1.141658;3.120836;0.998146;1.143944;4.105605;0.997511;1.142731;3.642976;1.000686;1.142408;1.142408;1.142408;1.142408;1.142408;1.143357;0.000000;0.000000;
18.353672;1.142450;5.163781;0.988281;1.142214;3.099469;0.998607;1.143952;4.132633;0.997193;1.143314;3.643870;1.000690;1.142351;1.142351;1.142351;1.142351;1.142351;1.143643;0.000000;0.000000;
18.371831;1.141963;5.147384;0.989079;1.142804;3.088977;0.999160;1.143919;4.156483;0.997067;1.143879;3.653894;1.000698;1.142317;1.142317;1.142317;1.142317;1.142317;1.143899;0.000000;0.000000;
18.389989;1.141508;5.118979;0.990326;1.143402;3.089962;0.999774;1.143849;4.176321;0.997128;1.144399;3.672490;1.000701;1.142305;1.142305;1.142305;1.142305;1.142305;1.144115;0.000000;0.000000;
18.408147;1.141101;5.079052;0.991942;1.143983;3.102451;1.000394;1.143752;4.191550;0.997346;1.144850;3.698603;1.000670;1.142315;1.142315;1.142315;1.142315;1.142315;1.144283;0.000000;0.000000;
18.426305;1.140759;5.028403;0.993817;1.144521;3.125887;1.000954;1.143634;4.201822;0.997669;1.145213;3.730761;1.000566;1.142343;1.142343;1.142343;1.142343;1.142343;1.144398;0.000000;0.000000;
18.444464;1.140495;4.968224;0.995824;1.144994;3.159150;1.001378;1.143505;4.207036;0.998033;1.145473;3.767189;1.000346;1.142389;1.142389;1.142389;1.142389;1.142389;1.144457;0.000000;0.000000;
18.462622;1.140321;4.900185;0.997835;1.145381;3.200622;1.001603;1.143371;4.207347;0.998375;1.145620;3.805941;0.999975;1.142451;1.142451;1.142451;1.142451;1.142451;1.144459;0.000000;0.000000;
18.480780;1.140245;4.826466;0.999731;1.145667;3.248293;1.001579;1.143242;4.203156;0.998639;1.145650;3.845049;0.999435;1.142528;1.142528;1.142528;1.142528;1.142528;1.144407;0.000000;0.000000;
18.498938;1.140274;4.749729;1.001419;1.145842;3.299896;1.001287;1.143124;4.195090;0.998789;1.145566;3.882650;0.998732;1.142618;1.142618;1.142618;1.142618;1.142618;1.144306;0.000000;0.000000;
18.517096;1.140409;4.673032;1.002839;1.145898;3.353060;1.000739;1.143022;4.183969;0.998814;1.145375;3.917106;0.997899;1.142721;1.142721;1.142721;1.142721;1.142721;1.144161;0.000000;0.000000;
18.535255;1.140648;4.599669;1.003962;1.145837;3.405455;0.999984;1.142941;4.170755;0.998729;1.145089;3.947074;0.996996;1.142833;1.142833;1.142833;1.142833;1.142833;1.143981;0.000000;0.000000;
18.553413;1.140983;4.532976;1.004796;1.145662;3.454924;0.999097;1.142883;4.156491;0.998569;1.144723;3.971543;0.996105;1.142953;1.142953;1.142953;1.142953;1.142953;1.143773;0.000000;0.000000;
18.571571;1.141402;4.476108;1.005369;1.145382;3.499571;0.998173;1.142849;4.142231;0.998387;1.144294;3.989824;0.995317;1.143078;1.143078;1.143078;1.143078;1.143078;1.143548;0.000000;0.000000;
18.589729;1.141890;4.431831;1.005729;1.145011;3.537811;0.997312;1.142839;4.128968;0.998240;1.143822;4.001517;0.994722;1.143204;1.143204;1.143204;1.143204;1.143204;1.143314;0.000000;0.000000;
18.607888;1.142428;4.402330;1.005921;1.144565;3.568385;0.996609;1.142848;4.117567;0.998182;1.143327;4.006455;0.994398;1.143328;1.143328;1.143328;1.143328;1.143328;1.143080;0.000000;0.000000;
18.626046;1.142994;4.389063;1.005985;1.144061;3.590338;0.996139;1.142875;4.108710;0.998251;1.142828;4.004655;0.994395;1.143443;1.143443;1.143443;1.143443;1.143443;1.142852;0.000000;0.000000;
18.644204;1.143565;4.392672;1.005943;1.143521;3.602996;0.995944;1.142914;4.102855;0.998461;1.142348;3.996280;0.994731;1.143546;1.143546;1.143546;1.143546;1.143546;1.142640;0.000000;0.000000;
18.680521;1.144604;4.446797;1.005522;1.142445;3.599394;0.996349;1.143002;4.100454;0.999206;1.141532;3.962326;0.996248;1.143695;1.143695;1.143695;1.143695;1.143695;1.142291;0.000000;0.000000;
18.713205;1.145348;4.540747;1.004606;1.141566;3.564215;0.997367;1.143073;4.107456;1.000021;1.141026;3.914713;0.998222;1.143756;1.143756;1.143756;1.143756;1.143756;1.142082;0.000000;0.000000;
18.745890;1.145825;4.662483;1.002972;1.140889;3.502211;0.998557;1.143117;4.119954;1.000610;1.140805;3.856214;1.000201;1.143747;1.143747;1.143747;1.143747;1.143747;1.141998;0.000000;0.000000;
18.774235;1.145988;4.777775;1.000869;1.140533;3.431052;0.999384;1.143126;4.132130;1.000703;1.140873;3.801646;1.001520;1.143691;1.143691;1.143691;1.143691;1.143691;1.142036;0.000000;0.000000;
18.799745;1.145929;4.879354;0.998496;1.140436;3.358436;0.999802;1.143110;4.141633;1.000387;1.141143;3.754436;1.002194;1.143616;1.143616;1.143616;1.143616;1.143616;1.142158;0.000000;0.000000;
18.822704;1.145716;4.962669;0.996120;1.140545;3.290934;0.999879;1.143080;4.147327;0.999816;1.141543;3.717301;1.002343;1.143539;1.143539;1.143539;1.143539;1.143539;1.142336;0.000000;0.000000;
18.845663;1.145370;5.033627;0.993733;1.140838;3.226427;0.999720;1.143044;4.149095;0.999079;1.142063;3.688555;1.002103;1.143462;1.143462;1.143462;1.143462;1.143462;1.142569;0.000000;0.000000;
18.868621;1.144914;5.089200;0.991575;1.141300;3.169621;0.999421;1.143008;4.146266;0.998314;1.142668;3.670613;1.001578;1.143392;1.143392;1.143392;1.143392;1.143392;1.142843;0.000000;0.000000;
18.891580;1.144376;5.127090;0.989856;1.141903;3.124745;0.999072;1.142983;4.138540;0.997644;1.143314;3.665019;1.000868;1.143335;1.143335;1.143335;1.143335;1.143335;1.143143;0.000000;0.000000;
18.914539;1.143791;5.147352;0.988832;1.142607;3.095396;0.998850;1.142978;4.126512;0.997252;1.143954;3.672160;1.000176;1.143292;1.143292;1.143292;1.143292;1.143292;1.143450;0.000000;0.000000;
18.937498;1.143189;5.148692;0.988536;1.143363;3.083631;0.998735;1.143002;4.110747;0.997134;1.144541;3.691050;0.999511;1.143262;1.143262;1.143262;1.143262;1.143262;1.143747;0.000000;0.000000;
18.960457;1.142603;5.131508;0.989010;1.144123;3.090434;0.998763;1.143061;4.092511;0.997317;1.145036;3.720027;0.998944;1.143243;1.143243;1.143243;1.143243;1.143243;1.144016;0.000000;0.000000;
18.983416;1.142065;5.096551;0.990177;1.144834;3.115161;0.998894;1.143156;4.073342;0.997745;1.145406;3.756441;0.998478;1.143231;1.143231;1.143231;1.143231;1.143231;1.144245;0.000000;0.000000;
19.006375;1.141605;5.044834;0.991876;1.145449;3.155848;0.999033;1.143290;4.054926;0.998307;1.145630;3.797150;0.998067;1.143224;1.143224;1.143224;1.143224;1.143224;1.144422;0.000000;0.000000;
19.029334;1.141250;4.978310;0.993916;1.145928;3.209386;0.999091;1.143457;4.039099;0.998887;1.145698;3.838909;0.997669;1.143220;1.143220;1.143220;1.143220;1.143220;1.144542;0.000000;0.000000;
19.052293;1.141022;4.899901;0.996096;1.146243;3.271730;0.998991;1.143651;4.027638;0.999375;1.145615;3.878578;0.997250;1.143220;1.143220;1.143220;1.143220;1.143220;1.144601;0.000000;0.000000;
19.075252;1.140939;4.813588;0.998235;1.146374;3.338327;0.998697;1.143860;4.022094;0.999693;1.145392;3.913430;0.996803;1.143228;1.143228;1.143228;1.143228;1.143228;1.144601;0.000000;0.000000;
19.098211;1.141009;4.724338;1.000202;1.146319;3.404550;0.998229;1.144072;4.023628;0.999811;1.145052;3.941342;0.996360;1.143245;1.143245;1.143245;1.143245;1.143245;1.144546;0.000000;0.000000;
19.121170;1.141232;4.637806;1.001921;1.146084;3.466084;0.997662;1.144271;4.032872;0.999747;1.144625;3.960885;0.995989;1.143275;1.143275;1.143275;1.143275;1.143275;1.144442;0.000000;0.000000;
19.144129;1.141598;4.559838;1.003369;1.145686;3.519240;0.997109;1.144442;4.049996;0.999561;1.144141;3.971212;0.995783;1.143319;1.143319;1.143319;1.143319;1.143319;1.144297;0.000000;0.000000;
19.167088;1.142087;4.496215;1.004554;1.145155;3.560919;0.996704;1.144569;4.074283;0.999337;1.143638;3.972239;0.995832;1.143379;1.143379;1.143379;1.143379;1.143379;1.144119;0.000000;0.000000;
19.190047;1.142668;4.451695;1.005497;1.144528;3.588974;0.996562;1.144640;4.104373;0.999155;1.143150;3.964400;0.996199;1.143451;1.143451;1.143451;1.143451;1.143451;1.143919;0.000000;0.000000;
19.213006;1.143302;4.429383;1.006212;1.143849;3.602266;0.996752;1.144645;4.138229;0.999074;1.142710;3.948673;0.996897;1.143532;1.143532;1.143532;1.143532;1.143532;1.143709;0.000000;0.000000;
19.235965;1.143950;4.430821;1.006677;1.143159;3.600092;0.997278;1.144580;4.173664;0.999108;1.142344;3.926146;0.997884;1.143617;1.143617;1.143617;1.143617;1.143617;1.143498;0.000000;0.000000;
19.258924;1.144574;4.455757;1.006849;1.142501;3.582532;0.998089;1.144444;4.208135;0.999241;1.142075;3.898292;0.999068;1.143701;1.143701;1.143701;1.143701;1.143701;1.143298;0.000000;0.000000;
19.281883;1.145133;4.502065;1.006658;1.141917;3.550379;0.999074;1.144243;4.238972;0.999418;1.141918;3.866882;1.000312;1.143779;1.143779;1.143779;1.143779;1.143779;1.143118;0.000000;0.000000;
19.304842;1.145595;4.565992;1.006034;1.141445;3.505226;1.000084;1.143988;4.263594;0.999567;1.141884;3.833949;1.001458;1.143847;1.143847;1.143847;1.143847;1.143847;1.142970;0.000000;0.000000;
19.327801;1.145933;4.642572;1.004925;1.141118;3.449539;1.000969;1.143693;4.279743;0.999618;1.141972;3.801706;1.002355;1.143906;1.143906;1.143906;1.143906;1.143906;1.142860;0.000000;0.000000;
19.350760;1.146132;4.726156;1.003327;1.140961;3.386650;1.001600;1.143378;4.285686;0.999523;1.142176;3.772407;1.002889;1.143955;1.143955;1.143955;1.143955;1.143955;1.142796;0.000000;0.000000;
19.373719;1.146185;4.810994;1.001297;1.140986;3.320633;1.001897;1.143066;4.280382;0.999269;1.142479;3.748159;1.002996;1.143996;1.143996;1.143996;1.143996;1.143996;1.142782;0.000000;0.000000;
19.396678;1.146094;4.891766;0.998956;1.141195;3.256044;1.001838;1.142779;4.263585;0.998884;1.142859;3.730709;1.002679;1.144031;1.144031;1.144031;1.144031;1.144031;1.142818;0.000000;0.000000;
19.419637;1.145870;4.963972;0.996479;1.141576;3.197543;1.001457;1.142539;4.235888;0.998430;1.143288;3.721260;1.001994;1.144062;1.144062;1.144062;1.144062;1.144062;1.142902;0.000000;0.000000;
19.442596;1.145530;5.023954;0.994059;1.142108;3.149439;1.000818;1.142369;4.198482;0.997976;1.143735;3.720415;1.001025;1.144089;1.144089;1.144089;1.144089;1.144089;1.143030;0.000000;0.000000;
19.465555;1.145098;5.069407;0.991934;1.142752;3.115541;1.000048;1.142284;4.153684;0.997628;1.144168;3.728015;0.999923;1.144111;1.144111;1.144111;1.144111;1.144111;1.143196;0.000000;0.000000;
19.488514;1.144605;5.099315;0.990311;1.143464;3.098280;0.999279;1.142297;4.104533;0.997470;1.144556;3.742988;0.998839;1.144124;1.144124;1.144124;1.144124;1.144124;1.143390;0.000000;0.000000;
19.511473;1.144077;5.112312;0.989275;1.144194;3.098628;0.998541;1.142411;4.054012;0.997498;1.144875;3.763793;0.997831;1.144126;1.144126;1.144126;1.144126;1.144126;1.143603;0.000000;0.000000;
19.534432;1.143543;5.108502;0.988918;1.144895;3.116483;0.997912;1.142625;4.005607;0.997735;1.145108;3.788663;0.997000;1.144112;1.144112;1.144112;1.144112;1.144112;1.143826;0.000000;0.000000;
19.557391;1.143031;5.088308;0.989245;1.145520;3.150294;0.997417;1.142931;3.962831;0.998152;1.145242;3.815526;0.996394;1.144079;1.144079;1.144079;1.144079;1.144079;1.144049;0.000000;0.000000;
19.580350;1.142570;5.052585;0.990198;1.146028;3.197351;0.997052;1.143313;3.929001;0.998690;1.145275;3.842279;0.996028;1.144026;1.144026;1.144026;1.144026;1.144026;1.144263;0.000000;0.000000;
19.603309;1.142186;5.002802;0.991668;1.146387;3.254050;0.996795;1.143749;3.906965;0.999274;1.145212;3.866965;0.995892;1.143955;1.143955;1.143955;1.143955;1.143955;1.144457;0.000000;0.000000;
19.626268;1.141899;4.941122;0.993515;1.146577;3.316224;0.996620;1.144212;3.898824;0.999827;1.145063;3.887903;0.995960;1.143869;1.143869;1.143869;1.143869;1.143869;1.144624;0.000000;0.000000;
19.649227;1.141729;4.870487;0.995589;1.146590;3.379511;0.996509;1.144672;3.905703;1.000277;1.144846;3.903798;0.996199;1.143776;1.143776;1.143776;1.143776;1.143776;1.144756;0.000000;0.000000;
19.672186;1.141687;4.794609;0.997745;1.146428;3.439691;0.996458;1.145098;3.927605;1.000576;1.144580;3.913797;0.996577;1.143683;1.143683;1.143683;1.143683;1.143683;1.144848;0.000000;0.000000;
19.695145;1.141777;4.717851;0.999856;1.146107;3.492975;0.996484;1.145462;3.963377;1.000698;1.144290;3.917527;0.997066;1.143600;1.143600;1.143600;1.143600;1.143600;1.144895;0.000000;0.000000;
19.718104;1.141997;4.644969;1.001824;1.145651;3.536218;0.996615;1.145738;4.010789;1.000643;1.143998;3.915091;0.997646;1.143535;1.143535;1.143535;1.143535;1.143535;1.144896;0.000000;0.000000;
19.741063;1.142334;4.580759;1.003573;1.145093;3.567028;0.996890;1.145906;4.066731;1.000439;1.143726;3.907038;0.998302;1.143496;1.143496;1.143496;1.143496;1.143496;1.144851;0.000000;0.000000;
19.764022;1.142770;4.529629;1.005052;1.144470;3.583817;0.997339;1.145953;4.127480;1.000128;1.143494;3.894307;0.999018;1.143486;1.143486;1.143486;1.143486;1.143486;1.144763;0.000000;0.000000;
19.786981;1.143279;4.495182;1.006220;1.143824;3.585790;0.997976;1.145874;4.188999;0.999760;1.143318;3.878142;0.999771;1.143508;1.143508;1.143508;1.143508;1.143508;1.144637;0.000000;0.000000;
19.809940;1.143828;4.479841;1.007042;1.143196;3.572935;0.998785;1.145674;4.247232;0.999384;1.143206;3.859986;1.000528;1.143562;1.143562;1.143562;1.143562;1.143562;1.144480;0.000000;0.000000;
19.832899;1.144384;4.484596;1.007485;1.142628;3.546008;0.999719;1.145364;4.298366;0.999039;1.143164;3.841362;1.001240;1.143645;1.143645;1.143645;1.143645;1.143645;1.144300;0.000000;0.000000;
19.855858;1.144914;4.508893;1.007512;1.142157;3.506545;1.000700;1.144963;4.339044;0.998747;1.143190;3.823750;1.001849;1.143753;1.143753;1.143753;1.143753;1.143753;1.144105;0.000000;0.000000;
19.878817;1.145384;4.550690;1.007091;1.141814;3.456865;1.001629;1.144495;4.366539;0.998512;1.143278;3.808460;1.002289;1.143881;1.143881;1.143881;1.143881;1.143881;1.143906;0.000000;0.000000;
19.901776;1.145768;4.606679;1.006206;1.141624;3.400040;1.002399;1.143991;4.378894;0.998327;1.143417;3.796536;1.002500;1.144023;1.144023;1.144023;1.144023;1.144023;1.143713;0.000000;0.000000;
19.924735;1.146046;4.672645;1.004862;1.141601;3.339779;1.002915;1.143483;4.375026;0.998178;1.143593;3.788676;1.002436;1.144174;1.144174;1.144174;1.144174;1.144174;1.143536;0.000000;0.000000;
19.947693;1.146204;4.743897;1.003105;1.141746;3.280227;1.003106;1.143004;4.354805;0.998050;1.143791;3.785190;1.002076;1.144327;1.144327;1.144327;1.144327;1.144327;1.143384;0.000000;0.000000;
19.970652;1.146239;4.815720;1.001016;1.142053;3.225647;1.002942;1.142586;4.319097;0.997936;1.143993;3.785999;1.001432;1.144476;1.144476;1.144476;1.144476;1.144476;1.143267;0.000000;0.000000;
19.993611;1.146152;4.883767;0.998719;1.142499;3.180047;1.002432;1.142260;4.269763;0.997840;1.144185;3.790666;1.000552;1.144614;1.144614;1.144614;1.144614;1.144614;1.143191;0.000000;0.000000;
20.016570;1.145955;4.944350;0.996368;1.143054;3.146792;1.001626;1.142049;4.209597;0.997777;1.144353;3.798462;0.999511;1.144733;1.144733;1.144733;1.144733;1.144733;1.143164;0.000000;0.000000;
20.039529;1.145662;4.994590;0.994132;1.143679;3.128275;1.000604;1.141971;4.142213;0.997769;1.144488;3.808452;0.998408;1.144827;1.144827;1.144827;1.144827;1.144827;1.143189;0.000000;0.000000;
20.062488;1.145294;5.032452;0.992182;1.144331;3.125696;0.999464;1.142035;4.071853;0.997840;1.144584;3.819599;0.997351;1.144889;1.144889;1.144889;1.144889;1.144889;1.143268;0.000000;0.000000;
20.085447;1.144873;5.056677;0.990668;1.144965;3.138974;0.998309;1.142241;4.003149;0.998014;1.144637;3.830853;0.996444;1.144912;1.144912;1.144912;1.144912;1.144912;1.143400;0.000000;0.000000;
20.108406;1.144424;5.066680;0.989705;1.145539;3.166804;0.997235;1.142580;3.940816;0.998304;1.144650;3.841246;0.995778;1.144893;1.144893;1.144893;1.144893;1.144893;1.143581;0.000000;0.000000;
20.131365;1.143971;5.062438;0.989367;1.146013;3.206833;0.996323;1.143032;3.889313;0.998708;1.144627;3.849953;0.995416;1.144831;1.144831;1.144831;1.144831;1.144831;1.143804;0.000000;0.000000;
20.154324;1.143538;5.044411;0.989670;1.146360;3.255909;0.995631;1.143571;3.852492;0.999208;1.144575;3.856341;0.995389;1.144727;1.144727;1.144727;1.144727;1.144727;1.144057;0.000000;0.000000;
20.177283;1.143150;5.013520;0.990582;1.146560;3.310383;0.995193;1.144162;3.833252;0.999768;1.144505;3.859997;0.995692;1.144586;1.144586;1.144586;1.144586;1.144586;1.144328;0.000000;0.000000;
20.200242;1.142826;4.971161;0.992022;1.146602;3.366405;0.995022;1.144768;3.833260;1.000334;1.144425;3.860747;0.996287;1.144416;1.144416;1.144416;1.144416;1.144416;1.144602;0.000000;0.000000;
20.223201;1.142585;4.919247;0.993870;1.146489;3.420203;0.995108;1.145349;3.852762;1.000844;1.144349;3.858658;0.997104;1.144229;1.144229;1.144229;1.144229;1.144229;1.144865;0.000000;0.000000;
20.246160;1.142441;4.860250;0.995982;1.146232;3.468320;0.995425;1.145866;3.890522;1.001232;1.144284;3.854043;0.998058;1.144037;1.144037;1.144037;1.144037;1.144037;1.145100;0.000000;0.000000;
20.269119;1.142404;4.797187;0.998205;1.145852;3.507798;0.995939;1.146284;3.943917;1.001441;1.144239;3.847447;0.999051;1.143856;1.143856;1.143856;1.143856;1.143856;1.145295;0.000000;0.000000;
20.292078;1.142476;4.733542;1.000394;1.145378;3.536318;0.996612;1.146578;4.009174;1.001432;1.144222;3.839618;0.999996;1.143698;1.143698;1.143698;1.143698;1.143698;1.145438;0.000000;0.000000;
20.315037;1.142655;4.673091;1.002419;1.144842;3.552286;0.997405;1.146728;4.081715;1.001195;1.144233;3.831455;1.000817;1.143576;1.143576;1.143576;1.143576;1.143576;1.145521;0.000000;0.000000;
20.337996;1.142931;4.619640;1.004177;1.144283;3.554888;0.998284;1.146725;4.156575;1.000750;1.144273;3.823928;1.001461;1.143501;1.143501;1.143501;1.143501;1.143501;1.145539;0.000000;0.000000;
20.360955;1.143291;4.576713;1.005595;1.143738;3.544106;0.999215;1.146572;4.228811;1.000145;1.144338;3.817973;1.001902;1.143479;1.143479;1.143479;1.143479;1.143479;1.145491;0.000000;0.000000;
20.383914;1.143711;4.547211;1.006624;1.143243;3.520720;1.000161;1.146280;4.293855;0.999450;1.144420;3.814379;1.002133;1.143514;1.143514;1.143514;1.143514;1.143514;1.145380;0.000000;0.000000;
20.406873;1.144168;4.533128;1.007239;1.142833;3.486277;1.001085;1.145868;4.347785;0.998743;1.144510;3.813684;1.002164;1.143606;1.143606;1.143606;1.143606;1.143606;1.145211;0.000000;0.000000;
20.429832;1.144633;4.535334;1.007426;1.142535;3.443046;1.001937;1.145363;4.387489;0.998100;1.144596;3.816096;1.002013;1.143750;1.143750;1.143750;1.143750;1.143750;1.144992;0.000000;0.000000;
20.452791;1.145080;4.553493;1.007186;1.142369;3.393923;1.002663;1.144799;4.410757;0.997579;1.144668;3.821462;1.001704;1.143938;1.143938;1.143938;1.143938;1.143938;1.144735;0.000000;0.000000;
20.475750;1.145481;4.586103;1.006530;1.142346;3.342285;1.003208;1.144210;4.416314;0.997220;1.144715;3.829278;1.001257;1.144161;1.144161;1.144161;1.144161;1.144161;1.144454;0.000000;0.000000;
20.498709;1.145815;4.630662;1.005478;1.142469;3.291784;1.003516;1.143633;4.403835;0.997035;1.144731;3.838748;1.000693;1.144406;1.144406;1.144406;1.144406;1.144406;1.144164;0.000000;0.000000;
20.521668;1.146064;4.683930;1.004069;1.142726;3.246073;1.003544;1.143106;4.373955;0.997016;1.144711;3.848880;1.000036;1.144658;1.144658;1.144658;1.144658;1.144658;1.143882;0.000000;0.000000;
20.544627;1.146215;4.742243;1.002358;1.143101;3.208498;1.003267;1.142661;4.328267;0.997136;1.144655;3.858591;0.999311;1.144904;1.144904;1.144904;1.144904;1.144904;1.143626;0.000000;0.000000;
20.567586;1.146265;4.801845;1.000425;1.143565;3.181791;1.002684;1.142328;4.269306;0.997362;1.144567;3.866824;0.998552;1.145128;1.145128;1.145128;1.145128;1.145128;1.143411;0.000000;0.000000;
20.590545;1.146214;4.859179;0.998370;1.144085;3.167803;1.001822;1.142129;4.200484;0.997658;1.144454;3.872650;0.997801;1.145318;1.145318;1.145318;1.145318;1.145318;1.143254;0.000000;0.000000;
20.613504;1.146069;4.911127;0.996312;1.144623;3.167340;1.000732;1.142080;4.125965;0.997995;1.144327;3.875352;0.997108;1.145460;1.145460;1.145460;1.145460;1.145460;1.143167;0.000000;0.000000;
20.636463;1.145841;4.955156;0.994383;1.145142;3.180107;0.999492;1.142185;4.050452;0.998356;1.144197;3.874492;0.996531;1.145547;1.145547;1.145547;1.145547;1.145547;1.143159;0.000000;0.000000;
20.659422;1.145547;4.989385;0.992716;1.145606;3.204780;0.998195;1.142441;3.978899;0.998732;1.144079;3.869941;0.996127;1.145572;1.145572;1.145572;1.145572;1.145572;1.143234;0.000000;0.000000;
20.682381;1.145203;5.012578;0.991434;1.145984;3.239184;0.996947;1.142832;3.916165;0.999128;1.143985;3.861896;0.995948;1.145532;1.145532;1.145532;1.145532;1.145532;1.143390;0.000000;0.000000;
20.705340;1.144830;5.024082;0.990639;1.146255;3.280532;0.995851;1.143335;3.866634;0.999549;1.143927;3.850862;0.996032;1.145430;1.145430;1.145430;1.145430;1.145430;1.143622;0.000000;0.000000;
20.728299;1.144448;5.023743;0.990401;1.146401;3.325694;0.995001;1.143917;3.833841;0.999997;1.143915;3.837616;0.996394;1.145270;1.145270;1.145270;1.145270;1.145270;1.143916;0.000000;0.000000;
20.751258;1.144077;5.011833;0.990744;1.146419;3.371448;0.994469;1.144542;3.820159;1.000462;1.143954;3.823154;0.997021;1.145063;1.145063;1.145063;1.145063;1.145063;1.144257;0.000000;0.000000;
20.774217;1.143737;4.989007;0.991645;1.146310;3.414703;0.994296;1.145169;3.826572;1.000920;1.144046;3.808617;0.997869;1.144820;1.144820;1.144820;1.144820;1.144820;1.144625;0.000000;0.000000;
20.797176;1.143446;4.956292;0.993036;1.146087;3.452666;0.994489;1.145756;3.852576;1.001329;1.144189;3.795210;0.998867;1.144558;1.144558;1.144558;1.144558;1.144558;1.144998;0.000000;0.000000;
20.820135;1.143220;4.915118;0.994805;1.145767;3.482976;0.995020;1.146266;3.896211;1.001636;1.144376;3.784108;0.999918;1.144292;1.144292;1.144292;1.144292;1.144292;1.145352;0.000000;0.000000;
20.843094;1.143071;4.867356;0.996812;1.145376;3.503801;0.995832;1.146668;3.954245;1.001785;1.144597;3.776361;1.000916;1.144041;1.144041;1.144041;1.144041;1.144041;1.145666;0.000000;0.000000;
20.866053;1.143008;4.815328;0.998904;1.144942;3.513917;0.996844;1.146936;4.022463;1.001728;1.144836;3.772801;1.001757;1.143822;1.143822;1.143822;1.143822;1.143822;1.145920;0.000000;0.000000;
20.889012;1.143038;4.761773;1.000928;1.144496;3.512773;0.997968;1.147057;4.096059;1.001438;1.145078;3.773955;1.002355;1.143652;1.143652;1.143652;1.143652;1.143652;1.146099;0.000000;0.000000;
20.911971;1.143158;4.709730;1.002754;1.144072;3.500536;0.999117;1.147025;4.170045;1.000916;1.145305;3.779987;1.002651;1.143543;1.143543;1.143543;1.143543;1.143543;1.146193;0.000000;0.000000;
20.934930;1.143364;4.662349;1.004277;1.143698;3.478102;1.000214;1.146845;4.239653;1.000198;1.145499;3.790665;1.002626;1.143505;1.143505;1.143505;1.143505;1.143505;1.146194;0.000000;0.000000;
20.957889;1.143645;4.622644;1.005430;1.143401;3.447078;1.001201;1.146534;4.300661;0.999349;1.145644;3.805368;1.002295;1.143542;1.143542;1.143542;1.143542;1.143542;1.146103;0.000000;0.000000;
20.980848;1.143985;4.593223;1.006181;1.143202;3.409704;1.002035;1.146112;4.349623;0.998459;1.145728;3.823136;1.001709;1.143655;1.143655;1.143655;1.143655;1.143655;1.145926;0.000000;0.000000;
21.003807;1.144364;4.576039;1.006527;1.143115;3.368719;1.002692;1.145609;4.383995;0.997625;1.145741;3.842746;1.000946;1.143838;1.143838;1.143838;1.143838;1.143838;1.145673;0.000000;0.000000;
21.026766;1.144761;4.572206;1.006487;1.143145;3.327173;1.003161;1.145056;4.402171;0.996940;1.145681;3.862810;1.000094;1.144081;1.144081;1.144081;1.144081;1.144081;1.145359;0.000000;0.000000;
21.049724;1.145153;4.582058;1.006084;1.143291;3.288122;1.003427;1.144487;4.403208;0.996469;1.145548;3.881915;0.999232;1.144369;1.144369;1.144369;1.144369;1.144369;1.145000;0.000000;0.000000;
21.072683;1.145515;4.604542;1.005380;1.143538;3.254682;1.003504;1.143939;4.387765;0.996279;1.145350;3.898584;0.998460;1.144682;1.144682;1.144682;1.144682;1.144682;1.144622;0.000000;0.000000;
21.095642;1.145829;4.638050;1.004395;1.143867;3.229277;1.003368;1.143446;4.356608;0.996350;1.145099;3.911532;0.997812;1.145003;1.145003;1.145003;1.145003;1.145003;1.144246;0.000000;0.000000;
21.118601;1.146076;4.680235;1.003172;1.144254;3.213736;1.003014;1.143035;4.311573;0.996662;1.144811;3.919699;0.997323;1.145309;1.145309;1.145309;1.145309;1.145309;1.143894;0.000000;0.000000;
21.141560;1.146246;4.728254;1.001751;1.144668;3.209055;1.002439;1.142733;4.255228;0.997160;1.144505;3.922282;0.997002;1.145581;1.145581;1.145581;1.145581;1.145581;1.143591;0.000000;0.000000;
21.164519;1.146330;4.779021;1.000178;1.145079;3.215317;1.001645;1.142559;4.190832;0.997771;1.144204;3.918813;0.996840;1.145803;1.145803;1.145803;1.145803;1.145803;1.143355;0.000000;0.000000;
21.187478;1.146326;4.829465;0.998513;1.145456;3.231712;1.000653;1.142523;4.122239;0.998423;1.143930;3.909222;0.996820;1.145960;1.145960;1.145960;1.145960;1.145960;1.143204;0.000000;0.000000;
21.210437;1.146238;4.876753;0.996836;1.145775;3.256642;0.999505;1.142629;4.053708;0.999053;1.143704;3.893877;0.996922;1.146043;1.146043;1.146043;1.146043;1.146043;1.143149;0.000000;0.000000;
21.233396;1.146073;4.918457;0.995239;1.146014;3.287911;0.998272;1.142870;3.989636;0.999618;1.143547;3.873603;0.997135;1.146048;1.146048;1.146048;1.146048;1.146048;1.143197;0.000000;0.000000;
21.256355;1.145843;4.952661;0.993831;1.146158;3.322957;0.997045;1.143231;3.934245;1.000101;1.143473;3.849668;0.997455;1.145976;1.145976;1.145976;1.145976;1.145976;1.143348;0.000000;0.000000;
21.279314;1.145561;4.977983;0.992724;1.146201;3.359093;0.995933;1.143690;3.891235;1.000503;1.143494;3.823713;0.997884;1.145831;1.145831;1.145831;1.145831;1.145831;1.143595;0.000000;0.000000;
21.302273;1.145244;4.993547;0.992017;1.146144;3.393716;0.995045;1.144217;3.863476;1.000839;1.143611;3.797650;0.998424;1.145623;1.145623;1.145623;1.145623;1.145623;1.143924;0.000000;0.000000;
21.325232;1.144909;4.998724;0.991781;1.145992;3.424500;0.994468;1.144780;3.852896;1.001112;1.143822;3.773438;0.999056;1.145365;1.145365;1.145365;1.145365;1.145365;1.144316;0.000000;0.000000;
21.348191;1.144573;4.993926;0.992079;1.145763;3.449394;0.994301;1.145340;3.859906;1.001376;1.144113;3.753220;0.999795;1.145074;1.145074;1.145074;1.145074;1.145074;1.144746;0.000000;0.000000;
21.371150;1.144256;4.979087;0.992866;1.145474;3.466882;0.994531;1.145862;3.883708;1.001577;1.144467;3.738610;1.000557;1.144769;1.144769;1.144769;1.144769;1.144769;1.145187;0.000000;0.000000;
21.394109;1.143972;4.954851;0.994089;1.145148;3.475885;0.995145;1.146315;3.922481;1.001698;1.144859;3.730951;1.001284;1.144468;1.144468;1.144468;1.144468;1.144468;1.145611;0.000000;0.000000;
21.417068;1.143739;4.922320;0.995649;1.144810;3.475931;0.996082;1.146671;3.973269;1.001713;1.145263;3.730948;1.001909;1.144190;1.144190;1.144190;1.144190;1.144190;1.145990;0.000000;0.000000;
21.440027;1.143568;4.882793;0.997401;1.144485;3.467019;0.997234;1.146911;4.032391;1.001567;1.145649;3.738710;1.002339;1.143954;1.143954;1.143954;1.143954;1.143954;1.146300;0.000000;0.000000;
21.462986;1.143470;4.838107;0.999199;1.144198;3.449763;0.998483;1.147023;4.095761;1.001227;1.145989;3.753695;1.002504;1.143777;1.143777;1.143777;1.143777;1.143777;1.146523;0.000000;0.000000;
21.485945;1.143453;4.790526;1.000901;1.143970;3.425374;0.999710;1.147004;4.159186;1.000682;1.146260;3.774766;1.002359;1.143671;1.143671;1.143671;1.143671;1.143671;1.146644;0.000000;0.000000;
21.508904;1.143519;4.742676;1.002390;1.143819;3.395633;1.000816;1.146859;4.218689;0.999951;1.146442;3.800320;1.001898;1.143645;1.143645;1.143645;1.143645;1.143645;1.146657;0.000000;0.000000;
21.531863;1.143665;4.697395;1.003587;1.143757;3.362790;1.001729;1.146600;4.270781;0.999087;1.146523;3.828464;1.001157;1.143704;1.143704;1.143704;1.143704;1.143704;1.146563;0.000000;0.000000;
21.554822;1.143885;4.657528;1.004454;1.143789;3.329415;1.002416;1.146248;4.312657;0.998176;1.146497;3.857195;1.000217;1.143845;1.143845;1.143845;1.143845;1.143845;1.146368;0.000000;0.000000;
21.577781;1.144168;4.625717;1.004985;1.143914;3.298127;1.002868;1.145823;4.342167;0.997316;1.146365;3.884625;0.999181;1.144061;1.144061;1.144061;1.144061;1.144061;1.146085;0.000000;0.000000;
21.600740;1.144497;4.604176;1.005210;1.144120;3.271581;1.003111;1.145356;4.358108;0.996623;1.146136;3.908899;0.998181;1.144338;1.144338;1.144338;1.144338;1.144338;1.145734;0.000000;0.000000;
21.623699;1.144854;4.594368;1.005169;1.144391;3.251984;1.003176;1.144876;4.360052;0.996188;1.145827;3.928497;0.997339;1.144659;1.144659;1.144659;1.144659;1.144659;1.145336;0.000000;0.000000;
21.646658;1.145215;4.596773;1.004911;1.144704;3.240855;1.003100;1.144412;4.348505;0.996071;1.145460;3.942298;0.996751;1.145000;1.145000;1.145000;1.145000;1.145000;1.144919;0.000000;0.000000;
21.669617;1.145561;4.611210;1.004439;1.145035;3.238956;1.002877;1.143990;4.324120;0.996260;1.145056;3.949388;0.996448;1.145339;1.145339;1.145339;1.145339;1.145339;1.144506;0.000000;0.000000;
21.692576;1.145872;4.636611;1.003775;1.145358;3.246345;1.002515;1.143635;4.288467;0.996734;1.144643;3.949258;0.996445;1.145655;1.145655;1.145655;1.145655;1.145655;1.144123;0.000000;0.000000;
21.715535;1.146130;4.671152;1.002922;1.145647;3.262206;1.002005;1.143367;4.243636;0.997423;1.144248;3.941756;0.996710;1.145927;1.145927;1.145927;1.145927;1.145927;1.143793;0.000000;0.000000;
21.738494;1.146323;4.712496;1.001877;1.145882;3.285066;1.001331;1.143201;4.192146;0.998229;1.143897;3.927069;0.997174;1.146137;1.146137;1.146137;1.146137;1.146137;1.143537;0.000000;0.000000;
21.761453;1.146441;4.757953;1.000653;1.146045;3.312930;1.000491;1.143146;4.136999;0.999055;1.143616;3.905858;0.997760;1.146274;1.146274;1.146274;1.146274;1.146274;1.143373;0.000000;0.000000;
21.784412;1.146478;4.804713;0.999285;1.146126;3.343453;0.999508;1.143205;4.081498;0.999814;1.143427;3.879274;0.998391;1.146330;1.146330;1.146330;1.146330;1.146330;1.143313;0.000000;0.000000;
21.807371;1.146435;4.850073;0.997836;1.146121;3.374184;0.998431;1.143375;4.029057;1.000446;1.143346;3.848958;0.999007;1.146303;1.146303;1.146303;1.146303;1.146303;1.143361;0.000000;0.000000;
21.830330;1.146317;4.891614;0.996399;1.146032;3.402774;0.997343;1.143645;3.982957;1.000921;1.143382;3.816971;0.999570;1.146197;1.146197;1.146197;1.146197;1.146197;1.143517;0.000000;0.000000;
21.853289;1.146131;4.927318;0.995088;1.145869;3.427157;0.996343;1.143996;3.946096;1.001243;1.143536;3.785655;1.000065;1.146021;1.146021;1.146021;1.146021;1.146021;1.143773;0.000000;0.000000;
21.876248;1.145888;4.955509;0.994013;1.145644;3.445653;0.995534;1.144409;3.920831;1.001424;1.143802;3.757389;1.000487;1.145785;1.145785;1.145785;1.145785;1.145785;1.144115;0.000000;0.000000;
21.899207;1.145604;4.975136;0.993296;1.145376;3.456984;0.995028;1.144856;3.908710;1.001516;1.144161;3.734578;1.000862;1.145508;1.145508;1.145508;1.145508;1.145508;1.144520;0.000000;0.000000;
21.922166;1.145293;4.985464;0.993014;1.145088;3.460449;0.994892;1.145308;3.910261;1.001550;1.144590;3.719165;1.001196;1.145207;1.145207;1.145207;1.145207;1.145207;1.144961;0.000000;0.000000;
21.945125;1.144974;4.986243;0.993200;1.144803;3.455975;0.995153;1.145739;3.924916;1.001550;1.145055;3.712448;1.001491;1.144902;1.144902;1.144902;1.144902;1.144902;1.145408;0.000000;0.000000;
21.968084;1.144662;4.977196;0.993807;1.144542;3.443832;0.995756;1.146122;3.951428;1.001477;1.145525;3.714845;1.001687;1.144611;1.144611;1.144611;1.144611;1.144611;1.145833;0.000000;0.000000;
21.994719;1.144334;4.955063;0.994963;1.144297;3.421354;0.996806;1.146478;3.994159;1.001294;1.146027;3.728669;1.001761;1.144318;1.144318;1.144318;1.144318;1.144318;1.146260;0.000000;0.000000;
22.021354;1.144063;4.921503;0.996446;1.144137;3.391767;0.998073;1.146716;4.045946;1.000957;1.146443;3.752714;1.001606;1.144094;1.144094;1.144094;1.144094;1.144094;1.146584;0.000000;0.000000;
22.047989;1.143870;4.878443;0.998073;1.144082;3.357850;0.999380;1.146824;4.102187;1.000432;1.146736;3.784288;1.001174;1.143959;1.143959;1.143959;1.143959;1.143959;1.146781;0.000000;0.000000;
22.074624;1.143772;4.828661;0.999669;1.144138;3.322962;1.000566;1.146798;4.158165;0.999721;1.146881;3.820050;1.000466;1.143926;1.143926;1.143926;1.143926;1.143926;1.146838;0.000000;0.000000;
22.098596;1.143771;4.780879;1.000972;1.144281;3.293598;1.001439;1.146666;4.204863;0.998960;1.146877;3.853035;0.999637;1.143986;1.143986;1.143986;1.143986;1.143986;1.146768;0.000000;0.000000;
22.122568;1.143857;4.733481;1.002083;1.144504;3.268999;1.002081;1.146442;4.245063;0.998161;1.146749;3.884130;0.998715;1.144129;1.144129;1.144129;1.144129;1.144129;1.146591;0.000000;0.000000;
22.146540;1.144027;4.689629;1.002974;1.144788;3.251480;1.002485;1.146143;4.276522;0.997419;1.146507;3.911204;0.997809;1.144347;1.144347;1.144347;1.144347;1.144347;1.146319;0.000000;0.000000;
22.170511;1.144271;4.652507;1.003650;1.145110;3.242835;1.002682;1.145791;4.297702;0.996843;1.146171;3.932490;0.997052;1.144624;1.144624;1.144624;1.144624;1.144624;1.145975;0.000000;0.000000;
22.194483;1.144573;4.624813;1.004124;1.145442;3.243945;1.002709;1.145410;4.307747;0.996523;1.145769;3.946750;0.996550;1.144939;1.144939;1.144939;1.144939;1.144939;1.145584;0.000000;0.000000;
22.218455;1.144914;4.608487;1.004411;1.145756;3.254672;1.002606;1.145025;4.306589;0.996512;1.145330;3.953320;0.996380;1.145269;1.145269;1.145269;1.145269;1.145269;1.145173;0.000000;0.000000;
22.242426;1.145273;4.604672;1.004490;1.146024;3.274078;1.002373;1.144659;4.294420;0.996797;1.144886;3.951789;0.996544;1.145589;1.145589;1.145589;1.145589;1.145589;1.144769;0.000000;0.000000;
22.266398;1.145626;4.613550;1.004352;1.146225;3.300505;1.002024;1.144335;4.272216;0.997351;1.144466;3.942298;0.997022;1.145878;1.145878;1.145878;1.145878;1.145878;1.144398;0.000000;0.000000;
22.290370;1.145952;4.634392;1.003968;1.146342;3.331622;1.001546;1.144071;4.241348;0.998093;1.144101;3.925355;0.997740;1.146116;1.146116;1.146116;1.146116;1.146116;1.144086;0.000000;0.000000;
22.314341;1.146230;4.665586;1.003315;1.146366;3.364740;1.000932;1.143884;4.203695;0.998924;1.143819;3.901950;0.998595;1.146287;1.146287;1.146287;1.146287;1.146287;1.143852;0.000000;0.000000;
22.338313;1.146443;4.704822;1.002389;1.146294;3.397046;1.000185;1.143784;4.161561;0.999742;1.143639;3.873577;0.999477;1.146380;1.146380;1.146380;1.146380;1.146380;1.143714;0.000000;0.000000;
22.362285;1.146581;4.749315;1.001215;1.146133;3.425864;0.999333;1.143778;4.117574;1.000460;1.143578;3.842200;1.000287;1.146392;1.146392;1.146392;1.146392;1.146392;1.143681;0.000000;0.000000;
22.386256;1.146634;4.796074;0.999854;1.145897;3.448885;0.998429;1.143864;4.074529;1.001021;1.143642;3.810162;1.000952;1.146324;1.146324;1.146324;1.146324;1.146324;1.143757;0.000000;0.000000;
22.410228;1.146604;4.842151;0.998401;1.145606;3.464329;0.997553;1.144038;4.035200;1.001398;1.143826;3.780006;1.001431;1.146184;1.146184;1.146184;1.146184;1.146184;1.143935;0.000000;0.000000;
22.434200;1.146491;4.884848;0.996971;1.145282;3.470986;0.996790;1.144287;4.002142;1.001592;1.144119;3.754207;1.001707;1.145982;1.145982;1.145982;1.145982;1.145982;1.144206;0.000000;0.000000;
22.458172;1.146305;4.921773;0.995698;1.144952;3.468322;0.996236;1.144595;3.977528;1.001634;1.144498;3.735049;1.001803;1.145735;1.145735;1.145735;1.145735;1.145735;1.144548;0.000000;0.000000;
22.482143;1.146058;4.951033;0.994699;1.144645;3.456532;0.995962;1.144941;3.962873;1.001563;1.144933;3.724189;1.001747;1.145463;1.145463;1.145463;1.145463;1.145463;1.144937;0.000000;0.000000;
22.506115;1.145768;4.971344;0.994069;1.144386;3.436580;0.996011;1.145301;3.958870;1.001421;1.145387;3.722427;1.001580;1.145186;1.145186;1.145186;1.145186;1.145186;1.145343;0.000000;0.000000;
22.530087;1.145451;4.981536;0.993827;1.144196;3.409790;0.996351;1.145655;3.965533;1.001195;1.145828;3.729693;1.001289;1.144923;1.144923;1.144923;1.144923;1.144923;1.145738;0.000000;0.000000;
22.554058;1.145125;4.981167;0.993985;1.144092;3.378043;0.996950;1.145979;3.982192;1.000904;1.146220;3.745226;1.000898;1.144690;1.144690;1.144690;1.144690;1.144690;1.146096;0.000000;0.000000;
22.578030;1.144811;4.970183;0.994508;1.144085;3.343673;0.997736;1.146255;4.007497;1.000545;1.146536;3.767504;1.000414;1.144505;1.144505;1.144505;1.144505;1.144505;1.146391;0.000000;0.000000;
22.602002;1.144526;4.949012;0.995331;1.144178;3.309343;0.998620;1.146467;4.039567;1.000116;1.146754;3.794477;0.999848;1.144380;1.144380;1.144380;1.144380;1.144380;1.146606;0.000000;0.000000;
22.625973;1.144290;4.918644;0.996375;1.144366;3.277848;0.999512;1.146604;4.076156;0.999621;1.146860;3.823818;0.999220;1.144322;1.144322;1.144322;1.144322;1.144322;1.146728;0.000000;0.000000;
22.649945;1.144116;4.880639;0.997558;1.144637;3.251885;1.000337;1.146659;4.114832;0.999082;1.146851;3.853159;0.998568;1.144336;1.144336;1.144336;1.144336;1.144336;1.146752;0.000000;0.000000;
22.673917;1.144017;4.837114;0.998804;1.144972;3.233788;1.001038;1.146631;4.153150;0.998536;1.146732;3.880306;0.997945;1.144419;1.144419;1.144419;1.144419;1.144419;1.146680;0.000000;0.000000;
22.697888;1.144002;4.790558;1.000046;1.145345;3.225321;1.001579;1.146525;4.188834;0.998031;1.146515;3.903385;0.997413;1.144567;1.144567;1.144567;1.144567;1.144567;1.146520;0.000000;0.000000;
22.721860;1.144072;4.744023;1.001233;1.145726;3.227503;1.001951;1.146349;4.219786;0.997630;1.146219;3.920910;0.997042;1.144769;1.144769;1.144769;1.144769;1.144769;1.146286;0.000000;0.000000;
22.745832;1.144225;4.700618;1.002315;1.146084;3.240271;1.002154;1.146116;4.244313;0.997383;1.145870;3.931889;0.996887;1.145007;1.145007;1.145007;1.145007;1.145007;1.145997;0.000000;0.000000;
22.769804;1.144449;4.663338;1.003251;1.146388;3.262493;1.002204;1.145842;4.261233;0.997330;1.145495;3.935893;0.996982;1.145266;1.145266;1.145266;1.145266;1.145266;1.145674;0.000000;0.000000;
22.793775;1.144733;4.634727;1.003992;1.146615;3.292356;1.002101;1.145546;4.269710;0.997474;1.145121;3.932811;0.997319;1.145525;1.145525;1.145525;1.145525;1.145525;1.145340;0.000000;0.000000;
22.817747;1.145058;4.616814;1.004503;1.146747;3.327492;1.001862;1.145244;4.269427;0.997809;1.144775;3.923007;0.997877;1.145769;1.145769;1.145769;1.145769;1.145769;1.145017;0.000000;0.000000;
22.841719;1.145405;4.610876;1.004747;1.146772;3.365049;1.001500;1.144956;4.260512;0.998302;1.144482;3.907245;0.998604;1.145980;1.145980;1.145980;1.145980;1.145980;1.144727;0.000000;0.000000;
22.865690;1.145749;4.617313;1.004695;1.146689;3.402013;1.001032;1.144699;4.243555;0.998899;1.144262;3.886678;0.999425;1.146145;1.146145;1.146145;1.146145;1.146145;1.144487;0.000000;0.000000;
22.889662;1.146071;4.635610;1.004334;1.146504;3.435478;1.000476;1.144488;4.219590;0.999539;1.144131;3.862813;1.000256;1.146253;1.146253;1.146253;1.146253;1.146253;1.144315;0.000000;0.000000;
22.913634;1.146349;4.664387;1.003666;1.146231;3.462865;0.999862;1.144336;4.190067;1.000157;1.144097;3.837436;1.001015;1.146299;1.146299;1.146299;1.146299;1.146299;1.144221;0.000000;0.000000;
22.937605;1.146566;4.701537;1.002719;1.145891;3.482104;0.999226;1.144253;4.156784;1.000699;1.144162;3.812493;1.001630;1.146282;1.146282;1.146282;1.146282;1.146282;1.144209;0.000000;0.000000;
22.961577;1.146709;4.744436;1.001544;1.145511;3.491756;0.998611;1.144243;4.121798;1.001120;1.144319;3.789936;1.002050;1.146205;1.146205;1.146205;1.146205;1.146205;1.144280;0.000000;0.000000;
22.985549;1.146771;4.790296;1.000210;1.145118;3.490992;0.998061;1.144308;4.087262;1.001395;1.144556;3.771544;1.002242;1.146075;1.146075;1.146075;1.146075;1.146075;1.144428;0.000000;0.000000;
23.009520;1.146748;4.835992;0.998808;1.144744;3.479790;0.997618;1.144442;4.055428;1.001510;1.144852;3.758800;1.002198;1.145904;1.145904;1.145904;1.145904;1.145904;1.144640;0.000000;0.000000;
23.033492;1.146644;4.878701;0.997436;1.144419;3.458898;0.997318;1.144637;4.028354;1.001473;1.145183;3.752637;1.001934;1.145707;1.145707;1.145707;1.145707;1.145707;1.144901;0.000000;0.000000;
23.057464;1.146468;4.916004;0.996199;1.144168;3.429877;0.997188;1.144880;4.007728;1.001310;1.145521;3.753291;1.001494;1.145500;1.145500;1.145500;1.145500;1.145500;1.145190;0.000000;0.000000;
23.081436;1.146232;4.945825;0.995170;1.144013;3.394687;0.997223;1.145155;3.994773;1.001026;1.145842;3.760435;1.000900;1.145298;1.145298;1.145298;1.145298;1.145298;1.145487;0.000000;0.000000;
23.105407;1.145951;4.966668;0.994423;1.143967;3.355808;0.997422;1.145446;3.990232;1.000656;1.146121;3.773255;1.000211;1.145115;1.145115;1.145115;1.145115;1.145115;1.145773;0.000000;0.000000;
23.129379;1.145641;4.977511;0.994011;1.144035;3.316119;0.997765;1.145734;3.994277;1.000231;1.146340;3.790460;0.999483;1.144965;1.144965;1.144965;1.144965;1.144965;1.146027;0.000000;0.000000;
23.153351;1.145322;4.977835;0.993963;1.144216;3.278694;0.998227;1.146002;4.006514;0.999785;1.146485;3.810469;0.998775;1.144856;1.144856;1.144856;1.144856;1.144856;1.146236;0.000000;0.000000;
23.177322;1.145013;4.967641;0.994283;1.144497;3.246549;0.998773;1.146234;4.026030;0.999350;1.146548;3.831581;0.998143;1.144796;1.144796;1.144796;1.144796;1.144796;1.146386;0.000000;0.000000;
23.201294;1.144733;4.947448;0.994950;1.144859;3.222379;0.999366;1.146416;4.051462;0.998958;1.146530;3.852119;0.997638;1.144786;1.144786;1.144786;1.144786;1.144786;1.146471;0.000000;0.000000;
23.225266;1.144499;4.918286;0.995920;1.145275;3.208299;0.999965;1.146537;4.081109;0.998634;1.146436;3.870565;0.997302;1.144826;1.144826;1.144826;1.144826;1.144826;1.146488;0.000000;0.000000;
23.249237;1.144326;4.881546;0.997125;1.145715;3.205666;1.000523;1.146592;4.113102;0.998394;1.146276;3.885623;0.997156;1.144911;1.144911;1.144911;1.144911;1.144911;1.146439;0.000000;0.000000;
23.273209;1.144227;4.839406;0.998485;1.146143;3.214934;1.001006;1.146579;4.145349;0.998257;1.146066;3.896331;0.997215;1.145033;1.145033;1.145033;1.145033;1.145033;1.146331;0.000000;0.000000;
23.297181;1.144208;4.794335;0.999902;1.146525;3.235365;1.001372;1.146499;4.175810;0.998221;1.145826;3.902077;0.997466;1.145183;1.145183;1.145183;1.145183;1.145183;1.146173;0.000000;0.000000;
23.321152;1.144270;4.749183;1.001275;1.146831;3.265137;1.001592;1.146360;4.202635;0.998280;1.145576;3.902704;0.997879;1.145348;1.145348;1.145348;1.145348;1.145348;1.145980;0.000000;0.000000;
23.345124;1.144412;4.706808;1.002511;1.147039;3.301838;1.001642;1.146171;4.224268;0.998420;1.145335;3.898340;0.998413;1.145518;1.145518;1.145518;1.145518;1.145518;1.145766;0.000000;0.000000;
23.369096;1.144625;4.670061;1.003540;1.147132;3.342616;1.001528;1.145946;4.239501;0.998633;1.145121;3.889513;0.999029;1.145681;1.145681;1.145681;1.145681;1.145681;1.145547;0.000000;0.000000;
23.393068;1.144897;4.641530;1.004307;1.147105;3.384282;1.001269;1.145698;4.247514;0.998907;1.144951;3.877078;0.999683;1.145827;1.145827;1.145827;1.145827;1.145827;1.145336;0.000000;0.000000;
23.417039;1.145211;4.623293;1.004778;1.146960;3.423664;1.000898;1.145444;4.247923;0.999230;1.144835;3.862163;1.000330;1.145947;1.145947;1.145947;1.145947;1.145947;1.145149;0.000000;0.000000;
23.441011;1.145546;4.616711;1.004938;1.146708;3.457855;1.000462;1.145199;4.240799;0.999588;1.144781;3.846075;1.000929;1.146035;1.146035;1.146035;1.146035;1.146035;1.144997;0.000000;0.000000;
23.464983;1.145880;4.622279;1.004789;1.146369;3.484412;1.000007;1.144979;4.226653;0.999962;1.144790;3.830191;1.001443;1.146086;1.146086;1.146086;1.146086;1.146086;1.144888;0.000000;0.000000;
23.488954;1.146193;4.639575;1.004346;1.145967;3.501482;0.999578;1.144798;4.206405;1.000330;1.144858;3.815824;1.001836;1.146098;1.146098;1.146098;1.146098;1.146098;1.144827;0.000000;0.000000;
23.512926;1.146463;4.667301;1.003633;1.145534;3.507883;0.999206;1.144667;4.181336;1.000661;1.144976;3.804107;1.002076;1.146072;1.146072;1.146072;1.146072;1.146072;1.144816;0.000000;0.000000;
23.536898;1.146674;4.703410;1.002683;1.145100;3.503150;0.998906;1.144593;4.153025;1.000924;1.145133;3.795885;1.002136;1.146011;1.146011;1.146011;1.146011;1.146011;1.144854;0.000000;0.000000;
23.560869;1.146814;4.745303;1.001537;1.144698;3.487548;0.998682;1.144582;4.123256;1.001085;1.145312;3.791645;1.001999;1.145923;1.145923;1.145923;1.145923;1.145923;1.144935;0.000000;0.000000;
23.584841;1.146874;4.790073;1.000248;1.144358;3.462074;0.998524;1.144633;4.093920;1.001119;1.145500;3.791485;1.001660;1.145815;1.145815;1.145815;1.145815;1.145815;1.145052;0.000000;0.000000;
23.608813;1.146853;4.834748;0.998881;1.144106;3.428422;0.998423;1.144743;4.066890;1.001014;1.145679;3.795125;1.001135;1.145697;1.145697;1.145697;1.145697;1.145697;1.145196;0.000000;0.000000;
23.632784;1.146753;4.876522;0.997515;1.143963;3.388923;0.998367;1.144905;4.043892;1.000774;1.145837;3.801971;1.000459;1.145579;1.145579;1.145579;1.145579;1.145579;1.145356;0.000000;0.000000;
23.656756;1.146582;4.912933;0.996241;1.143941;3.346414;0.998356;1.145109;4.026386;1.000422;1.145962;3.811195;0.999687;1.145470;1.145470;1.145470;1.145470;1.145470;1.145522;0.000000;0.000000;
23.680728;1.146353;4.941986;0.995156;1.144043;3.304066;0.998394;1.145341;4.015459;1.000000;1.146048;3.821837;0.998895;1.145380;1.145380;1.145380;1.145380;1.145380;1.145683;0.000000;0.000000;
23.704700;1.146079;4.962209;0.994350;1.144263;3.265144;0.998497;1.145586;4.011748;0.999560;1.146091;3.832906;0.998162;1.145314;1.145314;1.145314;1.145314;1.145314;1.145830;0.000000;0.000000;
23.728671;1.145778;4.972660;0.993903;1.144586;3.232742;0.998676;1.145829;4.015402;0.999158;1.146092;3.843464;0.997569;1.145276;1.145276;1.145276;1.145276;1.145276;1.145956;0.000000;0.000000;
23.752643;1.145469;4.972907;0.993863;1.144989;3.209500;0.998940;1.146055;4.026077;0.998842;1.146053;3.852689;0.997182;1.145267;1.145267;1.145267;1.145267;1.145267;1.146054;0.000000;0.000000;
23.776615;1.145170;4.962813;0.994242;1.145442;3.197386;0.999276;1.146251;4.043036;0.998642;1.145982;3.859886;0.997038;1.145285;1.145285;1.145285;1.145285;1.145285;1.146121;0.000000;0.000000;
23.800586;1.144899;4.943281;0.995027;1.145910;3.197476;0.999682;1.146403;4.064971;0.998585;1.145889;3.864641;0.997162;1.145325;1.145325;1.145325;1.145325;1.145325;1.146154;0.000000;0.000000;
23.824558;1.144672;4.915014;0.996133;1.146357;3.209647;1.000096;1.146504;4.090354;0.998646;1.145783;3.866634;0.997513;1.145382;1.145382;1.145382;1.145382;1.145382;1.146155;0.000000;0.000000;
23.848530;1.144505;4.879510;0.997468;1.146750;3.232954;1.000474;1.146548;4.117489;0.998801;1.145676;3.865832;0.998049;1.145450;1.145450;1.145450;1.145450;1.145450;1.146126;0.000000;0.000000;
23.872501;1.144409;4.838698;0.998918;1.147059;3.265479;1.000766;1.146535;4.144584;0.999014;1.145577;3.862418;0.998701;1.145525;1.145525;1.145525;1.145525;1.145525;1.146072;0.000000;0.000000;
23.896473;1.144389;4.794937;1.000365;1.147261;3.304571;1.000930;1.146467;4.169888;0.999246;1.145497;3.856807;0.999396;1.145599;1.145599;1.145599;1.145599;1.145599;1.145998;0.000000;0.000000;
23.920445;1.144450;4.750942;1.001702;1.147344;3.347116;1.000945;1.146349;4.191823;0.999465;1.145443;3.849627;1.000065;1.145668;1.145668;1.145668;1.145668;1.145668;1.145910;0.000000;0.000000;
23.944416;1.144588;4.709615;1.002845;1.147301;3.389829;1.000814;1.146190;4.209085;0.999654;1.145418;3.841670;1.000655;1.145730;1.145730;1.145730;1.145730;1.145730;1.145817;0.000000;0.000000;
23.968388;1.144796;4.673833;1.003741;1.147136;3.429593;1.000569;1.146001;4.220681;0.999813;1.145425;3.833800;1.001134;1.145782;1.145782;1.145782;1.145782;1.145782;1.145723;0.000000;0.000000;
23.992360;1.145062;4.646246;1.004356;1.146864;3.463463;1.000257;1.145796;4.226039;0.999948;1.145461;3.826926;1.001483;1.145820;1.145820;1.145820;1.145820;1.145820;1.145634;0.000000;0.000000;
24.016332;1.145366;4.628929;1.004684;1.146506;3.489095;0.999936;1.145588;4.225015;1.000074;1.145520;3.821816;1.001701;1.145846;1.145846;1.145846;1.145846;1.145846;1.145555;0.000000;0.000000;
24.040303;1.145691;4.623188;1.004731;1.146089;3.504822;0.999659;1.145390;4.217855;1.000201;1.145594;3.819015;1.001793;1.145858;1.145858;1.145858;1.145858;1.145858;1.145489;0.000000;0.000000;
24.064275;1.146012;4.629274;1.004510;1.145645;3.509781;0.999458;1.145215;4.205243;1.000328;1.145673;3.818749;1.001762;1.145858;1.145858;1.145858;1.145858;1.145858;1.145437;0.000000;0.000000;
24.088247;1.146310;4.646750;1.004034;1.145206;3.503694;0.999346;1.145073;4.188036;1.000444;1.145748;3.820960;1.001612;1.145845;1.145845;1.145845;1.145845;1.145845;1.145399;0.000000;0.000000;
24.121066;1.146643;4.686047;1.003008;1.144677;3.478709;0.999317;1.144948;4.159541;1.000542;1.145825;3.827209;1.001217;1.145815;1.145815;1.145815;1.145815;1.145815;1.145373;0.000000;0.000000;
24.153885;1.146860;4.738047;1.001598;1.144285;3.437595;0.999358;1.144912;4.128242;1.000511;1.145862;3.835741;1.000607;1.145776;1.145776;1.145776;1.145776;1.145776;1.145372;0.000000;0.000000;
24.186704;1.146940;4.795965;0.999907;1.144083;3.385615;0.999388;1.144965;4.097716;1.000309;1.145854;3.844631;0.999821;1.145737;1.145737;1.145737;1.145737;1.145737;1.145395;0.000000;0.000000;
24.219523;1.146879;4.852789;0.998105;1.144097;3.329560;0.999359;1.145100;4.071399;0.999948;1.145803;3.852012;0.998952;1.145708;1.145708;1.145708;1.145708;1.145708;1.145440;0.000000;0.000000;
24.252342;1.146688;4.902238;0.996420;1.144326;3.276998;0.999280;1.145298;4.052168;0.999502;1.145722;3.856440;0.998143;1.145694;1.145694;1.145694;1.145694;1.145694;1.145503;0.000000;0.000000;
24.285161;1.146393;4.939382;0.995106;1.144738;3.235210;0.999209;1.145537;4.041997;0.999087;1.145629;3.857106;0.997557;1.145696;1.145696;1.145696;1.145696;1.145696;1.145582;0.000000;0.000000;
24.317980;1.146028;4.960883;0.994380;1.145279;3.210044;0.999215;1.145788;4.041729;0.998820;1.145545;3.853888;0.997333;1.145713;1.145713;1.145713;1.145713;1.145713;1.145670;0.000000;0.000000;
24.350799;1.145634;4.964983;0.994366;1.145875;3.204946;0.999341;1.146024;4.050990;0.998777;1.145487;3.847287;0.997536;1.145735;1.145735;1.145735;1.145735;1.145735;1.145764;0.000000;0.000000;
24.383618;1.145255;4.951422;0.995062;1.146444;3.220389;0.999572;1.146219;4.068285;0.998962;1.145471;3.838318;0.998132;1.145756;1.145756;1.145756;1.145756;1.145756;1.145857;0.000000;0.000000;
24.416437;1.144933;4.921439;0.996338;1.146911;3.253818;0.999840;1.146355;4.091219;0.999313;1.145506;3.828368;0.998996;1.145766;1.145766;1.145766;1.145766;1.145766;1.145944;0.000000;0.000000;
24.449256;1.144703;4.877853;0.997971;1.147216;3.300139;1.000055;1.146418;4.116859;0.999721;1.145591;3.819056;0.999944;1.145761;1.145761;1.145761;1.145761;1.145761;1.146018;0.000000;0.000000;
24.482075;1.144594;4.825091;0.999709;1.147323;3.352619;1.000140;1.146408;4.142139;1.000080;1.145717;3.812034;1.000791;1.145743;1.145743;1.145743;1.145743;1.145743;1.146074;0.000000;0.000000;
24.514894;1.144619;4.768976;1.001322;1.147224;3.404020;1.000073;1.146329;4.164268;1.000318;1.145869;3.808741;1.001397;1.145716;1.145716;1.145716;1.145716;1.145716;1.146107;0.000000;0.000000;
24.547713;1.144777;4.716156;1.002645;1.146937;3.447669;0.999894;1.146195;4.181053;1.000413;1.146024;3.810126;1.001694;1.145686;1.145686;1.145686;1.145686;1.145686;1.146112;0.000000;0.000000;
24.580532;1.145051;4.673226;1.003581;1.146506;3.478291;0.999690;1.146023;4.191095;1.000395;1.146157;3.816410;1.001688;1.145663;1.145663;1.145663;1.145663;1.145663;1.146088;0.000000;0.000000;
24.613351;1.145408;4.645702;1.004091;1.145990;3.492497;0.999554;1.145834;4.193844;1.000312;1.146242;3.826966;1.001433;1.145653;1.145653;1.145653;1.145653;1.145653;1.146032;0.000000;0.000000;
24.646170;1.145804;4.637201;1.004184;1.145460;3.489166;0.999564;1.145650;4.189661;1.000222;1.146263;3.840384;1.001026;1.145659;1.145659;1.145659;1.145659;1.145659;1.145947;0.000000;0.000000;
24.678989;1.146193;4.648136;1.003822;1.144983;3.468916;0.999673;1.145489;4.179358;1.000102;1.146212;3.854388;1.000485;1.145683;1.145683;1.145683;1.145683;1.145683;1.145839;0.000000;0.000000;
24.711808;1.146530;4.676816;1.003041;1.144619;3.434597;0.999847;1.145367;4.164347;0.999955;1.146093;3.866854;0.999880;1.145725;1.145725;1.145725;1.145725;1.145725;1.145718;0.000000;0.000000;
24.744627;1.146780;4.719867;1.001918;1.144411;3.390619;1.000051;1.145293;4.146342;0.999792;1.145918;3.875803;0.999285;1.145782;1.145782;1.145782;1.145782;1.145782;1.145595;0.000000;0.000000;
24.777446;1.146913;4.771169;1.000505;1.144387;3.342363;1.000164;1.145273;4.127256;0.999578;1.145712;3.879585;0.998728;1.145849;1.145849;1.145849;1.145849;1.145849;1.145486;0.000000;0.000000;
24.810265;1.146918;4.824469;0.998959;1.144550;3.296446;1.000158;1.145309;4.109059;0.999339;1.145506;3.877256;0.998282;1.145921;1.145921;1.145921;1.145921;1.145921;1.145404;0.000000;0.000000;
24.843084;1.146798;4.873676;0.997474;1.144876;3.259097;1.000042;1.145393;4.093504;0.999127;1.145330;3.868889;0.998023;1.145989;1.145989;1.145989;1.145989;1.145989;1.145363;0.000000;0.000000;
24.875903;1.146571;4.913605;0.996257;1.145320;3.235365;0.999864;1.145517;4.081974;0.999007;1.145214;3.855488;0.998015;1.146044;1.146044;1.146044;1.146044;1.146044;1.145370;0.000000;0.000000;
24.908722;1.146263;4.940381;0.995486;1.145821;3.228317;0.999683;1.145665;4.075356;0.999032;1.145179;3.838833;0.998288;1.146077;1.146077;1.146077;1.146077;1.146077;1.145430;0.000000;0.000000;
24.941541;1.145911;4.951584;0.995269;1.146311;3.238557;0.999541;1.145824;4.073976;0.999221;1.145236;3.821237;0.998816;1.146079;1.146079;1.146079;1.146079;1.146079;1.145540;0.000000;0.000000;
24.974360;1.145555;4.946281;0.995623;1.146725;3.264185;0.999455;1.145979;4.077617;0.999547;1.145380;3.805241;0.999519;1.146047;1.146047;1.146047;1.146047;1.146047;1.145689;0.000000;0.000000;
25.000000;1.145296;4.930862;0.996260;1.146964;3.292745;0.999420;1.146088;4.083605;0.999861;1.145546;3.795279;1.000120;1.145998;1.145998;1.145998;1.145998;1.145998;1.145825;0.000000;0.000000;
