time;NETWORK_T3_1_i_a;NETWORK_T3_2_i_a;NETWORK_T3_3_i_a;NETWORK_T3_FictBUS_v_a;NETWORK_B2_v_a;NETWORK_B3_v_a;
0.000000;0.000000;0.000000;0.000000;0.000000;0.000000;0.000000;
0.000010;-0.004442;0.000000;0.000000;0.000222;0.000000;0.000000;
0.000020;-0.008881;0.000002;0.000002;0.000888;0.000000;0.000000;
0.000030;-0.013315;0.000007;0.000007;0.001997;0.000001;0.000001;
0.000040;-0.017744;0.000015;0.000015;0.003548;0.000002;0.000002;
0.000050;-0.022166;0.000030;0.000030;0.005539;0.000004;0.000004;
0.000060;-0.026580;0.000051;0.000051;0.007968;0.000008;0.000008;
0.000070;-0.030983;0.000080;0.000080;0.010833;0.000014;0.000014;
0.000080;-0.035375;0.000119;0.000119;0.014131;0.000024;0.000024;
0.000090;-0.039754;0.000169;0.000169;0.017859;0.000037;0.000038;
0.000100;-0.044119;0.000232;0.000232;0.022012;0.000057;0.000058;
0.000110;-0.048469;0.000308;0.000308;0.026588;0.000082;0.000084;
0.000120;-0.052802;0.000399;0.000399;0.031580;0.000116;0.000118;
0.000130;-0.057116;0.000506;0.000506;0.036986;0.000158;0.000162;
0.000140;-0.061411;0.000631;0.000631;0.042799;0.000211;0.000217;
0.000150;-0.065686;0.000774;0.000774;0.049013;0.000277;0.000285;
0.000160;-0.069938;0.000937;0.000937;0.055623;0.000356;0.000367;
0.000170;-0.074166;0.001121;0.001121;0.062622;0.000451;0.000466;
0.000180;-0.078370;0.001327;0.001327;0.070004;0.000563;0.000583;
0.000190;-0.082548;0.001557;0.001557;0.077762;0.000695;0.000721;
0.000200;-0.086699;0.001811;0.001811;0.085888;0.000848;0.000881;
0.000210;-0.090822;0.002091;0.002090;0.094373;0.001024;0.001066;
0.000220;-0.094915;0.002397;0.002396;0.103212;0.001226;0.001279;
0.000230;-0.098978;0.002731;0.002730;0.112394;0.001455;0.001521;
0.000240;-0.103009;0.003093;0.003092;0.121911;0.001715;0.001796;
0.000250;-0.107008;0.003484;0.003483;0.131754;0.002006;0.002105;
0.000260;-0.110972;0.003906;0.003905;0.141914;0.002333;0.002452;
0.000270;-0.114902;0.004359;0.004357;0.152381;0.002696;0.002838;
0.000280;-0.118797;0.004844;0.004842;0.163146;0.003098;0.003268;
0.000290;-0.122654;0.005362;0.005359;0.174198;0.003542;0.003743;
0.000300;-0.126474;0.005914;0.005910;0.185528;0.004030;0.004266;
0.000310;-0.130255;0.006499;0.006495;0.197123;0.004565;0.004841;
0.000320;-0.133997;0.007120;0.007114;0.208974;0.005148;0.005470;
0.000330;-0.137699;0.007776;0.007769;0.221070;0.005784;0.006156;
0.000340;-0.141360;0.008468;0.008460;0.233400;0.006473;0.006902;
0.000350;-0.144979;0.009197;0.009187;0.245951;0.007220;0.007711;
0.000360;-0.148556;0.009962;0.009951;0.258713;0.008025;0.008587;
0.000370;-0.152089;0.010766;0.010753;0.271673;0.008892;0.009531;
0.000380;-0.155579;0.011607;0.011592;0.284821;0.009824;0.010548;
0.000390;-0.159025;0.012486;0.012469;0.298144;0.010822;0.011640;
0.000400;-0.162426;0.013404;0.013384;0.311629;0.011890;0.012810;
0.000410;-0.165781;0.014361;0.014338;0.325265;0.013029;0.014062;
0.000420;-0.169090;0.015357;0.015331;0.339039;0.014242;0.015398;
0.000430;-0.172353;0.016392;0.016362;0.352939;0.015532;0.016822;
0.000440;-0.175570;0.017467;0.017432;0.366953;0.016900;0.018336;
0.000450;-0.178739;0.018581;0.018541;0.381067;0.018350;0.019943;
0.000460;-0.181861;0.019734;0.019690;0.395270;0.019884;0.021647;
0.000470;-0.184935;0.020927;0.020877;0.409548;0.021503;0.023450;
0.000480;-0.187961;0.022159;0.022102;0.423890;0.023210;0.025354;
0.000490;-0.190939;0.023431;0.023367;0.438282;0.025007;0.027364;
0.000500;-0.193869;0.024741;0.024669;0.452712;0.026897;0.029482;
0.000510;-0.196750;0.026091;0.026010;0.467167;0.028881;0.031710;
0.000520;-0.199583;0.027479;0.027389;0.481635;0.030961;0.034051;
0.000530;-0.202367;0.028905;0.028805;0.496104;0.033139;0.036508;
0.000540;-0.205102;0.030369;0.030258;0.510560;0.035417;0.039083;
0.000550;-0.207789;0.031871;0.031748;0.524993;0.037797;0.041779;
0.000560;-0.210428;0.033410;0.033274;0.539388;0.040280;0.044598;
0.000570;-0.213018;0.034986;0.034836;0.553735;0.042868;0.047543;
0.000580;-0.215560;0.036598;0.036433;0.568022;0.045563;0.050616;
0.000590;-0.218053;0.038245;0.038064;0.582235;0.048366;0.053819;
0.000600;-0.220499;0.039928;0.039728;0.596365;0.051278;0.057153;
0.000610;-0.222897;0.041645;0.041426;0.610398;0.054301;0.060622;
0.000620;-0.225248;0.043395;0.043156;0.624324;0.057436;0.064227;
0.000630;-0.227552;0.045179;0.044918;0.638132;0.060683;0.067970;
0.000640;-0.229810;0.046995;0.046710;0.651810;0.064045;0.071852;
0.000650;-0.232021;0.048842;0.048532;0.665348;0.067521;0.075876;
0.000660;-0.234186;0.050720;0.050383;0.678734;0.071113;0.080042;
0.000670;-0.236306;0.052627;0.052262;0.691959;0.074821;0.084352;
0.000680;-0.238381;0.054564;0.054167;0.705012;0.078646;0.088808;
0.000690;-0.240412;0.056528;0.056099;0.717884;0.082588;0.093410;
0.000700;-0.242399;0.058520;0.058055;0.730565;0.086648;0.098160;
0.000710;-0.244343;0.060537;0.060035;0.743044;0.090826;0.103058;
0.000720;-0.246244;0.062579;0.062038;0.755314;0.095122;0.108106;
0.000730;-0.248104;0.064645;0.064062;0.767365;0.099537;0.113304;
0.000740;-0.249922;0.066734;0.066107;0.779189;0.104070;0.118653;
0.000750;-0.251700;0.068844;0.068170;0.790778;0.108721;0.124153;
0.000760;-0.253437;0.070976;0.070252;0.802122;0.113490;0.129804;
0.000770;-0.255136;0.073126;0.072350;0.813216;0.118376;0.135607;
0.000780;-0.256797;0.075295;0.074463;0.824051;0.123380;0.141562;
0.000790;-0.258420;0.077481;0.076591;0.834620;0.128499;0.147668;
0.000800;-0.260006;0.079682;0.078731;0.844917;0.133735;0.153926;
0.000810;-0.261556;0.081898;0.080882;0.854936;0.139086;0.160336;
0.000820;-0.263072;0.084128;0.083044;0.864669;0.144551;0.166896;
0.000830;-0.264553;0.086370;0.085214;0.874113;0.150129;0.173606;
0.000840;-0.266001;0.088622;0.087391;0.883261;0.155819;0.180466;
0.000850;-0.267417;0.090884;0.089574;0.892108;0.161620;0.187475;
0.000860;-0.268801;0.093154;0.091761;0.900651;0.167531;0.194631;
0.000870;-0.270155;0.095431;0.093951;0.908883;0.173549;0.201934;
0.000880;-0.271479;0.097714;0.096143;0.916803;0.179674;0.209382;
0.000890;-0.272775;0.100000;0.098335;0.924406;0.185904;0.216974;
0.000900;-0.274043;0.102290;0.100526;0.931690;0.192237;0.224709;
0.000910;-0.275284;0.104582;0.102713;0.938650;0.198672;0.232584;
0.000920;-0.276500;0.106873;0.104897;0.945286;0.205206;0.240599;
0.000930;-0.277691;0.109164;0.107074;0.951595;0.211837;0.248751;
0.000940;-0.278858;0.111452;0.109245;0.957576;0.218564;0.257038;
0.000950;-0.280003;0.113737;0.111407;0.963227;0.225384;0.265458;
0.000960;-0.281126;0.116016;0.113558;0.968548;0.232295;0.274009;
0.000970;-0.282228;0.118289;0.115699;0.973537;0.239294;0.282688;
0.000980;-0.283311;0.120554;0.117826;0.978196;0.246379;0.291493;
0.000990;-0.284375;0.122811;0.119938;0.982524;0.253548;0.300422;
0.001000;-0.285421;0.125057;0.122035;0.986522;0.260798;0.309471;
0.001010;-0.286451;0.127291;0.124115;0.990190;0.268126;0.318638;
0.001020;-0.287465;0.129513;0.126176;0.993531;0.275530;0.327920;
0.001030;-0.288465;0.131721;0.128217;0.996546;0.283006;0.337313;
0.001040;-0.289450;0.133913;0.130237;0.999238;0.290553;0.346815;
0.001050;-0.290423;0.136089;0.132234;1.001608;0.298165;0.356423;
0.001060;-0.291384;0.138247;0.134207;1.003659;0.305842;0.366132;
0.001070;-0.292335;0.140386;0.136155;1.005395;0.313580;0.375940;
0.001080;-0.293275;0.142505;0.138076;1.006820;0.321375;0.385842;
0.001090;-0.294207;0.144603;0.139969;1.007936;0.329224;0.395836;
0.001100;-0.295130;0.146678;0.141833;1.008749;0.337124;0.405918;
0.001110;-0.296047;0.148730;0.143667;1.009263;0.345073;0.416083;
0.001120;-0.296957;0.150757;0.145470;1.009482;0.353066;0.426328;
0.001130;-0.297862;0.152759;0.147239;1.009411;0.361100;0.436648;
0.001140;-0.298763;0.154734;0.148975;1.009057;0.369172;0.447040;
0.001150;-0.299660;0.156682;0.150676;1.008425;0.377278;0.457500;
0.001160;-0.300554;0.158601;0.152342;1.007521;0.385415;0.468024;
0.001170;-0.301446;0.160490;0.153970;1.006351;0.393580;0.478606;
0.001180;-0.302337;0.162350;0.155560;1.004921;0.401769;0.489243;
0.001190;-0.303228;0.164178;0.157112;1.003239;0.409977;0.499931;
0.001200;-0.304119;0.165974;0.158624;1.001313;0.418203;0.510665;
0.001210;-0.305011;0.167737;0.160095;0.999148;0.426442;0.521440;
0.001220;-0.305905;0.169466;0.161524;0.996752;0.434691;0.532253;
0.001230;-0.306801;0.171162;0.162911;0.994134;0.442946;0.543098;
0.001240;-0.307700;0.172822;0.164255;0.991302;0.451204;0.553971;
0.001250;-0.308602;0.174446;0.165555;0.988263;0.459461;0.564867;
0.001260;-0.309509;0.176034;0.166811;0.985026;0.467713;0.575782;
0.001270;-0.310421;0.177586;0.168022;0.981600;0.475957;0.586711;
0.001280;-0.311338;0.179100;0.169186;0.977994;0.484190;0.597650;
0.001290;-0.312261;0.180576;0.170305;0.974215;0.492408;0.608593;
0.001300;-0.313191;0.182013;0.171376;0.970274;0.500607;0.619537;
0.001310;-0.314127;0.183412;0.172401;0.966180;0.508784;0.630475;
0.001320;-0.315070;0.184772;0.173377;0.961942;0.516936;0.641405;
0.001330;-0.316021;0.186092;0.174306;0.957569;0.525060;0.652320;
0.001340;-0.316981;0.187372;0.175186;0.953071;0.533151;0.663217;
0.001350;-0.317948;0.188612;0.176017;0.948459;0.541206;0.674091;
0.001360;-0.318924;0.189812;0.176799;0.943740;0.549223;0.684936;
0.001370;-0.319909;0.190972;0.177532;0.938926;0.557198;0.695750;
0.001380;-0.320903;0.192091;0.178215;0.934026;0.565128;0.706526;
0.001390;-0.321906;0.193169;0.178849;0.929050;0.573010;0.717260;
0.001400;-0.322919;0.194206;0.179433;0.924009;0.580840;0.727948;
0.001410;-0.323942;0.195203;0.179968;0.918911;0.588616;0.738585;
0.001420;-0.324974;0.196159;0.180453;0.913768;0.596334;0.749168;
0.001430;-0.326016;0.197074;0.180889;0.908589;0.603993;0.759690;
0.001440;-0.327068;0.197949;0.181275;0.903383;0.611588;0.770149;
0.001450;-0.328131;0.198784;0.181612;0.898162;0.619118;0.780540;
0.001460;-0.329203;0.199578;0.181900;0.892935;0.626579;0.790859;
0.001470;-0.330285;0.200332;0.182140;0.887712;0.633969;0.801101;
0.001480;-0.331377;0.201046;0.182330;0.882503;0.641285;0.811263;
0.001490;-0.332478;0.201721;0.182473;0.877317;0.648526;0.821340;
0.001500;-0.333589;0.202357;0.182567;0.872164;0.655687;0.831329;
0.001510;-0.334710;0.202955;0.182615;0.867055;0.662768;0.841225;
0.001520;-0.335840;0.203514;0.182615;0.861997;0.669766;0.851025;
0.001530;-0.336979;0.204035;0.182569;0.857002;0.676679;0.860726;
0.001540;-0.338127;0.204519;0.182477;0.852077;0.683505;0.870323;
0.001550;-0.339283;0.204966;0.182340;0.847232;0.690242;0.879813;
0.001560;-0.340447;0.205376;0.182158;0.842477;0.696888;0.889193;
0.001570;-0.341620;0.205752;0.181933;0.837819;0.703441;0.898459;
0.001580;-0.342800;0.206092;0.181664;0.833268;0.709900;0.907609;
0.001590;-0.343987;0.206398;0.181352;0.828832;0.716263;0.916638;
0.001600;-0.345180;0.206670;0.180998;0.824520;0.722528;0.925545;
0.001610;-0.346380;0.206909;0.180604;0.820339;0.728695;0.934326;
0.001620;-0.347586;0.207116;0.180169;0.816297;0.734761;0.942978;
0.001630;-0.348797;0.207292;0.179695;0.812403;0.740727;0.951499;
0.001640;-0.350013;0.207437;0.179183;0.808663;0.746590;0.959885;
0.001650;-0.351233;0.207552;0.178633;0.805085;0.752350;0.968136;
0.001660;-0.352456;0.207638;0.178046;0.801676;0.758006;0.976248;
0.001670;-0.353683;0.207696;0.177425;0.798443;0.763557;0.984219;
0.001680;-0.354912;0.207727;0.176768;0.795392;0.769003;0.992048;
0.001690;-0.356144;0.207732;0.176078;0.792529;0.774342;0.999731;
0.001700;-0.357376;0.207711;0.175356;0.789861;0.779575;1.007268;
0.001710;-0.358609;0.207666;0.174603;0.787394;0.784701;1.014656;
0.001720;-0.359842;0.207598;0.173819;0.785132;0.789720;1.021895;
0.001730;-0.361074;0.207508;0.173006;0.783081;0.794632;1.028981;
0.001740;-0.362305;0.207396;0.172166;0.781246;0.799437;1.035916;
0.001750;-0.363534;0.207264;0.171299;0.779632;0.804134;1.042696;
0.001760;-0.364759;0.207112;0.170406;0.778243;0.808724;1.049321;
0.001770;-0.365981;0.206942;0.169489;0.777082;0.813207;1.055790;
0.001780;-0.367198;0.206756;0.168549;0.776154;0.817584;1.062103;
0.001790;-0.368411;0.206553;0.167587;0.775463;0.821855;1.068258;
0.001800;-0.369617;0.206335;0.166605;0.775010;0.826021;1.074255;
0.001810;-0.370816;0.206103;0.165603;0.774799;0.830082;1.080093;
0.001820;-0.372008;0.205859;0.164583;0.774833;0.834039;1.085773;
0.001830;-0.373191;0.205602;0.163546;0.775114;0.837893;1.091294;
0.001840;-0.374366;0.205336;0.162494;0.775643;0.841644;1.096657;
0.001850;-0.375530;0.205059;0.161428;0.776422;0.845294;1.101860;
0.001860;-0.376683;0.204774;0.160349;0.777452;0.848845;1.106905;
0.001870;-0.377825;0.204483;0.159258;0.778734;0.852296;1.111792;
0.001880;-0.378954;0.204184;0.158157;0.780269;0.855650;1.116521;
0.001890;-0.380069;0.203881;0.157046;0.782056;0.858908;1.121093;
0.001900;-0.381171;0.203574;0.155928;0.784097;0.862071;1.125509;
0.001910;-0.382258;0.203264;0.154804;0.786390;0.865140;1.129769;
0.001920;-0.383328;0.202952;0.153674;0.788935;0.868119;1.133875;
0.001930;-0.384383;0.202639;0.152541;0.791730;0.871007;1.137827;
0.001940;-0.385419;0.202327;0.151404;0.794774;0.873807;1.141627;
0.001950;-0.386438;0.202016;0.150267;0.798066;0.876521;1.145276;
0.001960;-0.387437;0.201708;0.149129;0.801604;0.879150;1.148776;
0.001970;-0.388417;0.201403;0.147992;0.805385;0.881698;1.152127;
0.001980;-0.389376;0.201102;0.146858;0.809407;0.884164;1.155332;
0.001990;-0.390313;0.200807;0.145727;0.813667;0.886552;1.158393;
0.002000;-0.391229;0.200519;0.144601;0.818161;0.888865;1.161311;
0.002010;-0.392121;0.200237;0.143481;0.822887;0.891103;1.164088;
0.002020;-0.392990;0.199965;0.142368;0.827840;0.893269;1.166726;
0.002030;-0.393834;0.199701;0.141263;0.833016;0.895366;1.169228;
0.002040;-0.394653;0.199448;0.140167;0.838412;0.897396;1.171595;
0.002050;-0.395446;0.199206;0.139082;0.844022;0.899361;1.173831;
0.002060;-0.396213;0.198975;0.138008;0.849841;0.901264;1.175936;
0.002070;-0.396952;0.198758;0.136947;0.855865;0.903107;1.177915;
0.002080;-0.397664;0.198554;0.135899;0.862088;0.904892;1.179769;
0.002090;-0.398347;0.198365;0.134866;0.868504;0.906623;1.181501;
0.002100;-0.399001;0.198190;0.133848;0.875108;0.908302;1.183113;
0.002110;-0.399625;0.198032;0.132847;0.881894;0.909930;1.184609;
0.002120;-0.400218;0.197890;0.131863;0.888854;0.911512;1.185992;
0.002130;-0.400781;0.197765;0.130897;0.895983;0.913049;1.187263;
0.002140;-0.401312;0.197659;0.129951;0.903275;0.914544;1.188427;
0.002150;-0.401812;0.197571;0.129024;0.910720;0.916000;1.189487;
0.002160;-0.402278;0.197502;0.128119;0.918314;0.917420;1.190444;
0.002170;-0.402712;0.197453;0.127234;0.926048;0.918805;1.191303;
0.002180;-0.403113;0.197424;0.126372;0.933915;0.920160;1.192067;
0.002190;-0.403479;0.197415;0.125533;0.941908;0.921485;1.192738;
0.002200;-0.403812;0.197428;0.124718;0.950018;0.922784;1.193320;
0.002210;-0.404109;0.197462;0.123927;0.958237;0.924061;1.193817;
0.002220;-0.404372;0.197519;0.123160;0.966558;0.925316;1.194231;
0.002230;-0.404599;0.197598;0.122419;0.974971;0.926553;1.194566;
0.002240;-0.404791;0.197699;0.121704;0.983470;0.927775;1.194825;
0.002250;-0.404947;0.197824;0.121015;0.992045;0.928983;1.195012;
0.002260;-0.405067;0.197971;0.120353;1.000687;0.930181;1.195129;
0.002270;-0.405150;0.198142;0.119718;1.009389;0.931371;1.195181;
0.002280;-0.405197;0.198337;0.119110;1.018141;0.932556;1.195171;
0.002290;-0.405207;0.198555;0.118531;1.026935;0.933738;1.195102;
0.002300;-0.405180;0.198798;0.117979;1.035761;0.934919;1.194977;
0.002310;-0.405117;0.199064;0.117456;1.044611;0.936102;1.194800;
0.002320;-0.405016;0.199355;0.116962;1.053476;0.937289;1.194574;
0.002330;-0.404878;0.199669;0.116496;1.062346;0.938482;1.194302;
0.002340;-0.404703;0.200007;0.116060;1.071214;0.939684;1.193988;
0.002350;-0.404491;0.200370;0.115652;1.080069;0.940897;1.193636;
0.002360;-0.404242;0.200756;0.115273;1.088903;0.942123;1.193248;
0.002370;-0.403956;0.201166;0.114924;1.097707;0.943365;1.192827;
0.002380;-0.403633;0.201599;0.114603;1.106472;0.944623;1.192378;
0.002390;-0.403273;0.202056;0.114312;1.115189;0.945900;1.191902;
0.002400;-0.402876;0.202536;0.114050;1.123848;0.947199;1.191404;
0.002410;-0.402443;0.203038;0.113816;1.132442;0.948521;1.190885;
0.002420;-0.401973;0.203564;0.113611;1.140962;0.949867;1.190351;
0.002430;-0.401468;0.204111;0.113434;1.149398;0.951239;1.189802;
0.002440;-0.400927;0.204680;0.113286;1.157742;0.952640;1.189243;
0.002450;-0.400350;0.205271;0.113165;1.165986;0.954071;1.188676;
0.002460;-0.399737;0.205882;0.113072;1.174121;0.955532;1.188104;
0.002470;-0.399090;0.206515;0.113006;1.182138;0.957027;1.187529;
0.002480;-0.398409;0.207167;0.112967;1.190031;0.958555;1.186956;
0.002490;-0.397693;0.207839;0.112954;1.197789;0.960118;1.186385;
0.002500;-0.396944;0.208529;0.112967;1.205407;0.961718;1.185820;
0.002510;-0.396161;0.209238;0.113006;1.212875;0.963356;1.185263;
0.002520;-0.395345;0.209965;0.113069;1.220186;0.965032;1.184717;
0.002530;-0.394497;0.210709;0.113157;1.227333;0.966748;1.184184;
0.002540;-0.393617;0.211470;0.113269;1.234309;0.968505;1.183666;
0.002550;-0.392706;0.212246;0.113404;1.241105;0.970302;1.183165;
0.002560;-0.391764;0.213038;0.113561;1.247717;0.972142;1.182684;
0.002570;-0.390792;0.213844;0.113741;1.254135;0.974025;1.182225;
0.002580;-0.389790;0.214663;0.113941;1.260355;0.975950;1.181789;
0.002590;-0.388759;0.215495;0.114163;1.266369;0.977919;1.181378;
0.002600;-0.387700;0.216340;0.114403;1.272172;0.979933;1.180995;
0.002610;-0.386613;0.217195;0.114663;1.277758;0.981990;1.180640;
0.002620;-0.385500;0.218061;0.114941;1.283120;0.984092;1.180315;
0.002630;-0.384359;0.218936;0.115236;1.288255;0.986239;1.180023;
0.002640;-0.383193;0.219821;0.115548;1.293155;0.988430;1.179763;
0.002650;-0.382003;0.220713;0.115876;1.297817;0.990666;1.179538;
0.002660;-0.380788;0.221611;0.116218;1.302236;0.992946;1.179348;
0.002670;-0.379549;0.222516;0.116575;1.306406;0.995270;1.179195;
0.002680;-0.378288;0.223426;0.116944;1.310325;0.997638;1.179079;
0.002690;-0.377005;0.224340;0.117325;1.313988;1.000049;1.179002;
0.002700;-0.375701;0.225257;0.117718;1.317392;1.002504;1.178965;
0.002710;-0.374377;0.226176;0.118121;1.320532;1.005000;1.178967;
0.002720;-0.373033;0.227097;0.118533;1.323406;1.007539;1.179010;
0.002730;-0.371670;0.228018;0.118953;1.326011;1.010118;1.179093;
0.002740;-0.370289;0.228938;0.119380;1.328345;1.012737;1.179219;
0.002750;-0.368892;0.229857;0.119814;1.330404;1.015395;1.179385;
0.002760;-0.367478;0.230772;0.120254;1.332188;1.018092;1.179594;
0.002770;-0.366049;0.231685;0.120697;1.333694;1.020826;1.179844;
0.002780;-0.364606;0.232592;0.121144;1.334921;1.023595;1.180136;
0.002790;-0.363148;0.233494;0.121593;1.335867;1.026400;1.180470;
0.002800;-0.361678;0.234389;0.122043;1.336532;1.029237;1.180845;
0.002810;-0.360197;0.235277;0.122494;1.336916;1.032107;1.181262;
0.002820;-0.358704;0.236156;0.122944;1.337017;1.035008;1.181719;
0.002830;-0.357200;0.237026;0.123392;1.336837;1.037938;1.182216;
0.002840;-0.355688;0.237885;0.123837;1.336374;1.040895;1.182752;
0.002850;-0.354167;0.238732;0.124279;1.335630;1.043878;1.183328;
0.002860;-0.352638;0.239568;0.124716;1.334606;1.046885;1.183941;
0.002870;-0.351103;0.240389;0.125147;1.333302;1.049915;1.184592;
0.002880;-0.349562;0.241197;0.125571;1.331720;1.052966;1.185278;
0.002890;-0.348016;0.241989;0.125987;1.329862;1.056035;1.186000;
0.002900;-0.346465;0.242765;0.126395;1.327729;1.059121;1.186755;
0.002910;-0.344911;0.243523;0.126793;1.325324;1.062222;1.187543;
0.002920;-0.343355;0.244264;0.127181;1.322649;1.065336;1.188362;
0.002930;-0.341796;0.244986;0.127557;1.319707;1.068460;1.189211;
0.002940;-0.340237;0.245689;0.127920;1.316501;1.071594;1.190089;
0.002950;-0.338678;0.246370;0.128270;1.313034;1.074733;1.190993;
0.002960;-0.337119;0.247031;0.128606;1.309310;1.077877;1.191922;
0.002970;-0.335562;0.247669;0.128927;1.305333;1.081023;1.192875;
0.002980;-0.334007;0.248284;0.129231;1.301106;1.084169;1.193849;
0.002990;-0.332454;0.248876;0.129519;1.296633;1.087312;1.194843;
0.003000;-0.330906;0.249443;0.129789;1.291920;1.090450;1.195855;
0.003010;-0.329362;0.249984;0.130040;1.286971;1.093581;1.196883;
0.003020;-0.327823;0.250500;0.130273;1.281790;1.096703;1.197924;
0.003030;-0.326290;0.250990;0.130485;1.276383;1.099812;1.198978;
0.003040;-0.324763;0.251452;0.130677;1.270756;1.102907;1.200041;
0.003050;-0.323243;0.251886;0.130847;1.264913;1.105985;1.201111;
0.003060;-0.321731;0.252292;0.130995;1.258861;1.109043;1.202187;
0.003070;-0.320228;0.252668;0.131121;1.252605;1.112080;1.203265;
0.003080;-0.318733;0.253016;0.131222;1.246152;1.115093;1.204344;
0.003090;-0.317248;0.253333;0.131300;1.239507;1.118078;1.205422;
0.003100;-0.315773;0.253619;0.131354;1.232678;1.121035;1.206495;
0.003110;-0.314309;0.253875;0.131382;1.225670;1.123960;1.207561;
0.003120;-0.312856;0.254098;0.131385;1.218492;1.126850;1.208619;
0.003130;-0.311415;0.254290;0.131361;1.211149;1.129704;1.209665;
0.003140;-0.309986;0.254450;0.131311;1.203648;1.132519;1.210696;
0.003150;-0.308569;0.254577;0.131234;1.195997;1.135292;1.211712;
0.003160;-0.307166;0.254672;0.131130;1.188203;1.138021;1.212708;
0.003170;-0.305776;0.254732;0.130998;1.180274;1.140704;1.213682;
0.003180;-0.304400;0.254760;0.130838;1.172216;1.143339;1.214633;
0.003190;-0.303038;0.254754;0.130649;1.164038;1.145922;1.215556;
0.003200;-0.301691;0.254714;0.130432;1.155747;1.148451;1.216450;
0.003210;-0.300358;0.254639;0.130186;1.147351;1.150925;1.217312;
0.003220;-0.299041;0.254531;0.129910;1.138857;1.153341;1.218140;
0.003230;-0.297739;0.254389;0.129606;1.130275;1.155697;1.218930;
0.003240;-0.296452;0.254212;0.129272;1.121610;1.157990;1.219681;
0.003250;-0.295182;0.254000;0.128908;1.112872;1.160218;1.220389;
0.003260;-0.293928;0.253754;0.128515;1.104069;1.162380;1.221053;
0.003270;-0.292690;0.253474;0.128092;1.095208;1.164473;1.221670;
0.003280;-0.291468;0.253160;0.127640;1.086298;1.166495;1.222237;
0.003290;-0.290263;0.252812;0.127158;1.077346;1.168444;1.222752;
0.003300;-0.289074;0.252429;0.126647;1.068360;1.170319;1.223213;
0.003310;-0.287902;0.252012;0.126106;1.059349;1.172116;1.223616;
0.003320;-0.286747;0.251562;0.125535;1.050321;1.173836;1.223960;
0.003330;-0.285608;0.251078;0.124936;1.041283;1.175474;1.224243;
0.003340;-0.284486;0.250561;0.124307;1.032244;1.177031;1.224461;
0.003350;-0.283381;0.250011;0.123650;1.023210;1.178505;1.224614;
0.003360;-0.282292;0.249429;0.122964;1.014191;1.179893;1.224698;
0.003370;-0.281220;0.248814;0.122250;1.005194;1.181194;1.224712;
0.003380;-0.280164;0.248167;0.121508;0.996226;1.182407;1.224653;
0.003390;-0.279124;0.247488;0.120739;0.987296;1.183530;1.224519;
0.003400;-0.278101;0.246778;0.119942;0.978409;1.184563;1.224309;
0.003410;-0.277093;0.246038;0.119119;0.969575;1.185503;1.224021;
0.003420;-0.276102;0.245267;0.118269;0.960800;1.186350;1.223652;
0.003430;-0.275125;0.244467;0.117393;0.952092;1.187102;1.223201;
0.003440;-0.274164;0.243637;0.116492;0.943457;1.187758;1.222666;
0.003450;-0.273218;0.242779;0.115566;0.934902;1.188318;1.222045;
0.003460;-0.272287;0.241893;0.114615;0.926435;1.188781;1.221337;
0.003470;-0.271370;0.240979;0.113641;0.918061;1.189145;1.220540;
0.003480;-0.270468;0.240039;0.112644;0.909788;1.189411;1.219654;
0.003490;-0.269578;0.239072;0.111624;0.901622;1.189576;1.218676;
0.003500;-0.268703;0.238079;0.110582;0.893568;1.189642;1.217604;
0.003510;-0.267840;0.237062;0.109519;0.885633;1.189606;1.216439;
0.003520;-0.266990;0.236021;0.108435;0.877822;1.189470;1.215179;
0.003530;-0.266152;0.234956;0.107331;0.870142;1.189232;1.213822;
0.003540;-0.265325;0.233869;0.106208;0.862598;1.188892;1.212368;
0.003550;-0.264510;0.232759;0.105067;0.855195;1.188450;1.210816;
0.003560;-0.263706;0.231629;0.103908;0.847937;1.187905;1.209165;
0.003570;-0.262912;0.230478;0.102733;0.840831;1.187259;1.207414;
0.003580;-0.262127;0.229308;0.101541;0.833880;1.186511;1.205563;
0.003590;-0.261352;0.228119;0.100334;0.827088;1.185660;1.203611;
0.003600;-0.260586;0.226912;0.099113;0.820461;1.184708;1.201557;
0.003610;-0.259828;0.225688;0.097878;0.814003;1.183655;1.199402;
0.003620;-0.259077;0.224448;0.096630;0.807716;1.182500;1.197145;
0.003630;-0.258334;0.223193;0.095370;0.801604;1.181245;1.194785;
0.003640;-0.257597;0.221923;0.094100;0.795671;1.179889;1.192323;
0.003650;-0.256866;0.220640;0.092820;0.789920;1.178434;1.189759;
0.003660;-0.256140;0.219344;0.091530;0.784354;1.176880;1.187092;
0.003670;-0.255419;0.218036;0.090232;0.778975;1.175228;1.184323;
0.003680;-0.254702;0.216717;0.088927;0.773785;1.173478;1.181452;
0.003690;-0.253988;0.215389;0.087615;0.768787;1.171633;1.178479;
0.003700;-0.253277;0.214051;0.086298;0.763983;1.169691;1.175406;
0.003710;-0.252569;0.212706;0.084976;0.759374;1.167656;1.172231;
0.003720;-0.251862;0.211353;0.083651;0.754961;1.165527;1.168956;
0.003730;-0.251156;0.209994;0.082323;0.750746;1.163306;1.165583;
0.003740;-0.250450;0.208629;0.080993;0.746729;1.160994;1.162110;
0.003750;-0.249744;0.207260;0.079663;0.742911;1.158593;1.158539;
0.003760;-0.249037;0.205888;0.078332;0.739293;1.156103;1.154872;
0.003770;-0.248328;0.204512;0.077003;0.735875;1.153527;1.151109;
0.003780;-0.247617;0.203135;0.075675;0.732656;1.150865;1.147251;
0.003790;-0.246903;0.201757;0.074351;0.729636;1.148120;1.143300;
0.003800;-0.246186;0.200380;0.073030;0.726814;1.145293;1.139256;
0.003810;-0.245464;0.199003;0.071714;0.724191;1.142385;1.135121;
0.003820;-0.244738;0.197627;0.070403;0.721763;1.139399;1.130897;
0.003830;-0.244006;0.196255;0.069099;0.719531;1.136335;1.126585;
0.003840;-0.243268;0.194886;0.067803;0.717493;1.133197;1.122186;
0.003850;-0.242523;0.193521;0.066515;0.715646;1.129986;1.117702;
0.003860;-0.241772;0.192161;0.065235;0.713990;1.126703;1.113136;
0.003870;-0.241012;0.190807;0.063966;0.712520;1.123351;1.108488;
0.003880;-0.240243;0.189460;0.062708;0.711236;1.119931;1.103760;
0.003890;-0.239466;0.188121;0.061461;0.710134;1.116447;1.098955;
0.003900;-0.238679;0.186790;0.060226;0.709211;1.112899;1.094074;
0.003910;-0.237881;0.185467;0.059005;0.708465;1.109290;1.089120;
0.003920;-0.237073;0.184155;0.057798;0.707891;1.105622;1.084094;
0.003930;-0.236254;0.182853;0.056605;0.707487;1.101897;1.078999;
0.003940;-0.235422;0.181562;0.055428;0.707248;1.098117;1.073836;
0.003950;-0.234578;0.180283;0.054268;0.707171;1.094286;1.068609;
0.003960;-0.233721;0.179017;0.053124;0.707252;1.090404;1.063319;
0.003970;-0.232851;0.177764;0.051997;0.707485;1.086474;1.057968;
0.003980;-0.231967;0.176524;0.050889;0.707867;1.082499;1.052560;
0.003990;-0.231068;0.175299;0.049800;0.708394;1.078480;1.047096;
0.004000;-0.230155;0.174089;0.048730;0.709059;1.074420;1.041579;
0.004010;-0.229226;0.172894;0.047680;0.709858;1.070322;1.036012;
0.004020;-0.228282;0.171716;0.046651;0.710787;1.066188;1.030396;
0.004030;-0.227321;0.170554;0.045643;0.711839;1.062019;1.024735;
0.004040;-0.226345;0.169409;0.044657;0.713009;1.057819;1.019031;
0.004050;-0.225351;0.168281;0.043692;0.714292;1.053589;1.013287;
0.004060;-0.224340;0.167171;0.042751;0.715681;1.049333;1.007505;
0.004070;-0.223311;0.166080;0.041832;0.717172;1.045051;1.001689;
0.004080;-0.222265;0.165007;0.040937;0.718758;1.040748;0.995839;
0.004090;-0.221200;0.163953;0.040066;0.720433;1.036424;0.989961;
0.004100;-0.220117;0.162919;0.039219;0.722191;1.032082;0.984055;
0.004110;-0.219015;0.161904;0.038396;0.724026;1.027726;0.978125;
0.004120;-0.217895;0.160909;0.037598;0.725931;1.023355;0.972173;
0.004130;-0.216755;0.159934;0.036825;0.727900;1.018974;0.966202;
0.004140;-0.215596;0.158980;0.036078;0.729927;1.014584;0.960215;
0.004150;-0.214417;0.158046;0.035356;0.732005;1.010188;0.954215;
0.004160;-0.213219;0.157133;0.034659;0.734127;1.005787;0.948203;
0.004170;-0.212000;0.156240;0.033989;0.736287;1.001384;0.942184;
0.004180;-0.210762;0.155369;0.033344;0.738478;0.996981;0.936159;
0.004190;-0.209504;0.154518;0.032726;0.740693;0.992579;0.930131;
0.004200;-0.208226;0.153689;0.032134;0.742926;0.988182;0.924103;
0.004210;-0.206928;0.152881;0.031567;0.745170;0.983791;0.918077;
0.004220;-0.205609;0.152094;0.031027;0.747419;0.979408;0.912056;
0.004230;-0.204270;0.151328;0.030513;0.749665;0.975034;0.906042;
0.004240;-0.202912;0.150583;0.030026;0.751901;0.970673;0.900039;
0.004250;-0.201533;0.149858;0.029564;0.754122;0.966325;0.894048;
0.004260;-0.200134;0.149155;0.029128;0.756320;0.961992;0.888072;
0.004270;-0.198715;0.148472;0.028718;0.758489;0.957677;0.882113;
0.004280;-0.197276;0.147810;0.028333;0.760622;0.953381;0.876174;
0.004290;-0.195817;0.147168;0.027974;0.762712;0.949105;0.870258;
0.004300;-0.194339;0.146546;0.027639;0.764754;0.944851;0.864365;
0.004310;-0.192841;0.145944;0.027330;0.766740;0.940621;0.858499;
0.004320;-0.191324;0.145362;0.027046;0.768664;0.936416;0.852662;
0.004330;-0.189788;0.144799;0.026785;0.770520;0.932237;0.846856;
0.004340;-0.188233;0.144255;0.026549;0.772301;0.928087;0.841083;
0.004350;-0.186659;0.143729;0.026336;0.774002;0.923965;0.835345;
0.004360;-0.185067;0.143222;0.026147;0.775617;0.919874;0.829645;
0.004370;-0.183457;0.142733;0.025980;0.777139;0.915815;0.823983;
0.004380;-0.181829;0.142261;0.025836;0.778563;0.911789;0.818362;
0.004390;-0.180184;0.141806;0.025714;0.779883;0.907796;0.812784;
0.004400;-0.178521;0.141368;0.025613;0.781093;0.903839;0.807250;
0.004410;-0.176842;0.140946;0.025533;0.782188;0.899917;0.801762;
0.004420;-0.175146;0.140539;0.025473;0.783163;0.896032;0.796322;
0.004430;-0.173434;0.140148;0.025434;0.784012;0.892184;0.790931;
0.004440;-0.171707;0.139771;0.025414;0.784731;0.888374;0.785591;
0.004450;-0.169964;0.139409;0.025412;0.785314;0.884603;0.780303;
0.004460;-0.168207;0.139060;0.025429;0.785757;0.880872;0.775068;
0.004470;-0.166435;0.138723;0.025463;0.786056;0.877181;0.769888;
0.004480;-0.164649;0.138399;0.025514;0.786205;0.873530;0.764763;
0.004490;-0.162850;0.138087;0.025582;0.786201;0.869920;0.759696;
0.004500;-0.161038;0.137786;0.025664;0.786039;0.866351;0.754686;
0.004510;-0.159213;0.137496;0.025762;0.785716;0.862823;0.749735;
0.004520;-0.157377;0.137215;0.025874;0.785228;0.859337;0.744844;
0.004530;-0.155529;0.136944;0.025999;0.784572;0.855893;0.740014;
0.004540;-0.153670;0.136681;0.026137;0.783744;0.852490;0.735244;
0.004550;-0.151801;0.136426;0.026287;0.782741;0.849129;0.730536;
0.004560;-0.149922;0.136178;0.026448;0.781560;0.845810;0.725891;
0.004570;-0.148034;0.135936;0.026620;0.780199;0.842532;0.721308;
0.004580;-0.146137;0.135700;0.026801;0.778654;0.839296;0.716789;
0.004590;-0.144232;0.135469;0.026991;0.776925;0.836100;0.712333;
0.004600;-0.142319;0.135243;0.027190;0.775008;0.832945;0.707941;
0.004610;-0.140400;0.135020;0.027395;0.772901;0.829831;0.703612;
0.004620;-0.138474;0.134800;0.027607;0.770604;0.826756;0.699348;
0.004630;-0.136543;0.134582;0.027825;0.768114;0.823720;0.695147;
0.004640;-0.134607;0.134366;0.028048;0.765430;0.820723;0.691010;
0.004650;-0.132666;0.134150;0.028275;0.762552;0.817764;0.686936;
0.004660;-0.130721;0.133934;0.028505;0.759478;0.814842;0.682926;
0.004670;-0.128772;0.133717;0.028737;0.756208;0.811957;0.678978;
0.004680;-0.126822;0.133499;0.028972;0.752742;0.809107;0.675093;
0.004690;-0.124869;0.133279;0.029207;0.749078;0.806292;0.671270;
0.004700;-0.122914;0.133056;0.029442;0.745218;0.803511;0.667509;
0.004710;-0.120959;0.132829;0.029676;0.741162;0.800762;0.663808;
0.004720;-0.119004;0.132597;0.029909;0.736909;0.798045;0.660168;
0.004730;-0.117048;0.132361;0.030139;0.732462;0.795359;0.656586;
0.004740;-0.115094;0.132119;0.030366;0.727819;0.792703;0.653063;
0.004750;-0.113142;0.131870;0.030589;0.722984;0.790074;0.649598;
0.004760;-0.111192;0.131614;0.030808;0.717957;0.787473;0.646189;
0.004770;-0.109244;0.131350;0.031021;0.712739;0.784897;0.642835;
0.004780;-0.107300;0.131078;0.031227;0.707332;0.782346;0.639535;
0.004790;-0.105360;0.130796;0.031426;0.701739;0.779818;0.636289;
0.004800;-0.103424;0.130505;0.031618;0.695961;0.777312;0.633094;
0.004810;-0.101494;0.130203;0.031801;0.690000;0.774826;0.629950;
0.004820;-0.099569;0.129890;0.031975;0.683860;0.772359;0.626855;
0.004830;-0.097650;0.129565;0.032139;0.677543;0.769909;0.623807;
0.004840;-0.095739;0.129228;0.032292;0.671051;0.767475;0.620806;
0.004850;-0.093834;0.128877;0.032434;0.664388;0.765055;0.617849;
0.004860;-0.091938;0.128514;0.032564;0.657557;0.762647;0.614935;
0.004870;-0.090050;0.128136;0.032681;0.650562;0.760251;0.612062;
0.004880;-0.088170;0.127744;0.032785;0.643405;0.757864;0.609229;
0.004890;-0.086300;0.127336;0.032875;0.636092;0.755484;0.606434;
0.004900;-0.084440;0.126913;0.032950;0.628625;0.753111;0.603674;
0.004910;-0.082591;0.126474;0.033011;0.621009;0.750742;0.600949;
0.004920;-0.080752;0.126019;0.033055;0.613248;0.748375;0.598257;
0.004930;-0.078924;0.125546;0.033084;0.605347;0.746009;0.595594;
0.004940;-0.077108;0.125056;0.033096;0.597310;0.743643;0.592960;
0.004950;-0.075304;0.124548;0.033090;0.589141;0.741274;0.590353;
0.004960;-0.073512;0.124021;0.033067;0.580845;0.738901;0.587770;
0.004970;-0.071734;0.123476;0.033026;0.572428;0.736521;0.585210;
0.004980;-0.069968;0.122913;0.032966;0.563894;0.734134;0.582670;
0.004990;-0.068217;0.122329;0.032887;0.555249;0.731738;0.580149;
0.005000;-0.066479;0.121727;0.032788;0.546497;0.729330;0.577644;
0.005010;-0.064755;0.121104;0.032670;0.537644;0.726909;0.575153;
0.005020;-0.063046;0.120461;0.032532;0.528696;0.724473;0.572674;
0.005030;-0.061352;0.119798;0.032373;0.519657;0.722021;0.570204;
0.005040;-0.059672;0.119114;0.032194;0.510535;0.719551;0.567743;
0.005050;-0.058009;0.118410;0.031994;0.501333;0.717061;0.565287;
0.005060;-0.056360;0.117684;0.031772;0.492058;0.714550;0.562835;
0.005070;-0.054728;0.116938;0.031529;0.482717;0.712015;0.560384;
0.005080;-0.053112;0.116170;0.031264;0.473314;0.709456;0.557932;
0.005090;-0.051511;0.115381;0.030977;0.463855;0.706870;0.555477;
0.005100;-0.049928;0.114571;0.030669;0.454347;0.704257;0.553017;
0.005110;-0.048360;0.113739;0.030338;0.444796;0.701613;0.550549;
0.005120;-0.046809;0.112886;0.029985;0.435207;0.698939;0.548072;
0.005130;-0.045275;0.112011;0.029610;0.425587;0.696232;0.545584;
0.005140;-0.043758;0.111115;0.029213;0.415941;0.693491;0.543082;
0.005150;-0.042258;0.110197;0.028793;0.406276;0.690715;0.540564;
0.005160;-0.040774;0.109258;0.028351;0.396597;0.687901;0.538028;
0.005170;-0.039308;0.108298;0.027886;0.386912;0.685050;0.535472;
0.005180;-0.037858;0.107317;0.027400;0.377225;0.682159;0.532895;
0.005190;-0.036426;0.106315;0.026891;0.367543;0.679226;0.530293;
0.005200;-0.035010;0.105292;0.026360;0.357872;0.676252;0.527666;
0.005210;-0.033611;0.104249;0.025808;0.348217;0.673234;0.525011;
0.005220;-0.032229;0.103185;0.025233;0.338586;0.670172;0.522327;
0.005230;-0.030864;0.102100;0.024638;0.328983;0.667064;0.519610;
0.005240;-0.029515;0.100996;0.024020;0.319414;0.663909;0.516861;
0.005250;-0.028183;0.099873;0.023382;0.309885;0.660706;0.514076;
0.005260;-0.026867;0.098729;0.022723;0.300402;0.657454;0.511255;
0.005270;-0.025567;0.097567;0.022043;0.290971;0.654153;0.508395;
0.005280;-0.024284;0.096386;0.021343;0.281596;0.650801;0.505495;
0.005290;-0.023016;0.095187;0.020623;0.272284;0.647398;0.502553;
0.005300;-0.021764;0.093970;0.019883;0.263040;0.643942;0.499568;
0.005310;-0.020527;0.092735;0.019125;0.253869;0.640434;0.496538;
0.005320;-0.019306;0.091483;0.018347;0.244776;0.636872;0.493461;
0.005330;-0.018099;0.090214;0.017551;0.235767;0.633255;0.490337;
0.005340;-0.016908;0.088929;0.016737;0.226846;0.629584;0.487164;
0.005350;-0.015730;0.087628;0.015905;0.218018;0.625857;0.483940;
0.005360;-0.014567;0.086312;0.015056;0.209288;0.622075;0.480665;
0.005370;-0.013417;0.084980;0.014190;0.200660;0.618237;0.477338;
0.005380;-0.012281;0.083635;0.013309;0.192139;0.614342;0.473956;
0.005390;-0.011158;0.082275;0.012412;0.183729;0.610390;0.470520;
0.005400;-0.010047;0.080903;0.011499;0.175435;0.606381;0.467028;
0.005410;-0.008949;0.079517;0.010573;0.167261;0.602315;0.463479;
0.005420;-0.007863;0.078119;0.009632;0.159209;0.598192;0.459872;
0.005430;-0.006789;0.076710;0.008678;0.151285;0.594011;0.456207;
0.005440;-0.005726;0.075290;0.007711;0.143491;0.589773;0.452483;
0.005450;-0.004673;0.073859;0.006732;0.135831;0.585478;0.448700;
0.005460;-0.003631;0.072418;0.005741;0.128309;0.581126;0.444855;
0.005470;-0.002599;0.070969;0.004740;0.120927;0.576717;0.440950;
0.005480;-0.001576;0.069510;0.003728;0.113689;0.572251;0.436984;
0.005490;-0.000563;0.068044;0.002706;0.106596;0.567729;0.432956;
0.005500;0.000442;0.066570;0.001676;0.099652;0.563151;0.428866;
0.005510;0.001439;0.065090;0.000637;0.092860;0.558517;0.424714;
0.005520;0.002429;0.063604;-0.000409;0.086220;0.553829;0.420499;
0.005530;0.003411;0.062113;-0.001463;0.079736;0.549085;0.416222;
0.005540;0.004386;0.060616;-0.002522;0.073409;0.544288;0.411882;
0.005550;0.005356;0.059116;-0.003588;0.067241;0.539438;0.407480;
0.005560;0.006320;0.057613;-0.004658;0.061233;0.534534;0.403015;
0.005570;0.007278;0.056107;-0.005732;0.055386;0.529579;0.398488;
0.005580;0.008232;0.054598;-0.006809;0.049703;0.524573;0.393899;
0.005590;0.009181;0.053089;-0.007890;0.044183;0.519516;0.389248;
0.005600;0.010127;0.051579;-0.008972;0.038827;0.514410;0.384536;
0.005610;0.011070;0.050069;-0.010056;0.033636;0.509256;0.379764;
0.005620;0.012010;0.048559;-0.011140;0.028610;0.504054;0.374930;
0.005630;0.012949;0.047051;-0.012225;0.023750;0.498806;0.370037;
0.005640;0.013885;0.045545;-0.013308;0.019055;0.493513;0.365085;
0.005650;0.014820;0.044042;-0.014390;0.014526;0.488175;0.360074;
0.005660;0.015755;0.042542;-0.015470;0.010161;0.482795;0.355006;
0.005670;0.016690;0.041046;-0.016547;0.005960;0.477373;0.349881;
0.005680;0.017625;0.039554;-0.017620;0.001923;0.471910;0.344699;
0.005690;0.018561;0.038068;-0.018689;-0.001952;0.466408;0.339463;
0.005700;0.019498;0.036588;-0.019753;-0.005666;0.460868;0.334173;
0.005710;0.020437;0.035114;-0.020812;-0.009220;0.455291;0.328830;
0.005720;0.021379;0.033647;-0.021864;-0.012615;0.449680;0.323434;
0.005730;0.022324;0.032189;-0.022909;-0.015853;0.444034;0.317989;
0.005740;0.023272;0.030738;-0.023947;-0.018937;0.438357;0.312494;
0.005750;0.024224;0.029296;-0.024976;-0.021867;0.432648;0.306950;
0.005760;0.025180;0.027864;-0.025997;-0.024646;0.426911;0.301360;
0.005770;0.026141;0.026442;-0.027008;-0.027278;0.421145;0.295724;
0.005780;0.027107;0.025030;-0.028009;-0.029763;0.415354;0.290045;
0.005790;0.028078;0.023630;-0.028999;-0.032105;0.409538;0.284322;
0.005800;0.029056;0.022241;-0.029978;-0.034306;0.403699;0.278559;
0.005810;0.030041;0.020864;-0.030946;-0.036370;0.397839;0.272756;
0.005820;0.031032;0.019500;-0.031901;-0.038299;0.391959;0.266916;
0.005830;0.032031;0.018148;-0.032843;-0.040098;0.386062;0.261039;
0.005840;0.033037;0.016811;-0.033772;-0.041768;0.380147;0.255127;
0.005850;0.034051;0.015487;-0.034687;-0.043314;0.374219;0.249183;
0.005860;0.035074;0.014178;-0.035588;-0.044740;0.368277;0.243207;
0.005870;0.036106;0.012883;-0.036474;-0.046049;0.362324;0.237202;
0.005880;0.037147;0.011604;-0.037345;-0.047245;0.356361;0.231169;
0.005890;0.038197;0.010340;-0.038200;-0.048332;0.350391;0.225110;
0.005900;0.039258;0.009092;-0.039039;-0.049315;0.344415;0.219028;
0.005910;0.040328;0.007861;-0.039861;-0.050197;0.338434;0.212923;
0.005920;0.041409;0.006646;-0.040667;-0.050983;0.332450;0.206798;
0.005930;0.042501;0.005448;-0.041455;-0.051677;0.326466;0.200655;
0.005940;0.043603;0.004267;-0.042226;-0.052284;0.320482;0.194495;
0.005950;0.044717;0.003103;-0.042979;-0.052808;0.314501;0.188321;
0.005960;0.045842;0.001957;-0.043714;-0.053254;0.308524;0.182134;
0.005970;0.046979;0.000829;-0.044430;-0.053628;0.302552;0.175936;
0.005980;0.048128;-0.000281;-0.045128;-0.053932;0.296588;0.169730;
0.005990;0.049289;-0.001373;-0.045807;-0.054174;0.290633;0.163517;
0.006000;0.050462;-0.002447;-0.046467;-0.054357;0.284689;0.157299;
0.006010;0.051648;-0.003502;-0.047108;-0.054486;0.278757;0.151079;
0.006020;0.052846;-0.004539;-0.047729;-0.054567;0.272839;0.144857;
0.006030;0.054057;-0.005556;-0.048331;-0.054604;0.266936;0.138637;
0.006040;0.055281;-0.006555;-0.048913;-0.054603;0.261051;0.132419;
0.006050;0.056517;-0.007536;-0.049475;-0.054569;0.255184;0.126207;
0.006060;0.057767;-0.008497;-0.050017;-0.054507;0.249337;0.120001;
0.006070;0.059029;-0.009439;-0.050540;-0.054422;0.243512;0.113804;
0.006080;0.060305;-0.010363;-0.051043;-0.054320;0.237710;0.107618;
0.006090;0.061593;-0.011268;-0.051525;-0.054205;0.231932;0.101444;
0.006100;0.062895;-0.012154;-0.051988;-0.054082;0.226179;0.095285;
0.006110;0.064210;-0.013021;-0.052431;-0.053958;0.220454;0.089142;
0.006120;0.065538;-0.013870;-0.052854;-0.053837;0.214758;0.083017;
0.006130;0.066879;-0.014700;-0.053258;-0.053723;0.209091;0.076911;
0.006140;0.068233;-0.015512;-0.053642;-0.053623;0.203455;0.070828;
0.006150;0.069600;-0.016306;-0.054006;-0.053542;0.197851;0.064767;
0.006160;0.070980;-0.017081;-0.054351;-0.053484;0.192280;0.058732;
0.006170;0.072373;-0.017839;-0.054677;-0.053454;0.186744;0.052723;
0.006180;0.073778;-0.018579;-0.054984;-0.053457;0.181243;0.046743;
0.006190;0.075196;-0.019302;-0.055272;-0.053499;0.175779;0.040792;
0.006200;0.076626;-0.020008;-0.055542;-0.053584;0.170352;0.034873;
0.006210;0.078068;-0.020697;-0.055793;-0.053717;0.164964;0.028987;
0.006220;0.079523;-0.021369;-0.056027;-0.053902;0.159614;0.023136;
0.006230;0.080989;-0.022025;-0.056242;-0.054144;0.154306;0.017320;
0.006240;0.082467;-0.022665;-0.056441;-0.054449;0.149038;0.011541;
0.006250;0.083956;-0.023290;-0.056622;-0.054819;0.143811;0.005802;
0.006260;0.085456;-0.023899;-0.056786;-0.055260;0.138628;0.000102;
0.006270;0.086967;-0.024493;-0.056934;-0.055775;0.133487;-0.005557;
0.006280;0.088489;-0.025073;-0.057066;-0.056370;0.128390;-0.011173;
0.006290;0.090021;-0.025638;-0.057182;-0.057047;0.123337;-0.016746;
0.006300;0.091564;-0.026190;-0.057284;-0.057812;0.118329;-0.022274;
0.006310;0.093116;-0.026729;-0.057370;-0.058667;0.113366;-0.027757;
0.006320;0.094677;-0.027255;-0.057442;-0.059617;0.108449;-0.033193;
0.006330;0.096248;-0.027768;-0.057500;-0.060665;0.103577;-0.038581;
0.006340;0.097827;-0.028269;-0.057545;-0.061815;0.098752;-0.043921;
0.006350;0.099415;-0.028759;-0.057577;-0.063069;0.093973;-0.049211;
0.006360;0.101011;-0.029238;-0.057596;-0.064432;0.089241;-0.054451;
0.006370;0.102615;-0.029707;-0.057603;-0.065906;0.084556;-0.059641;
0.006380;0.104226;-0.030165;-0.057599;-0.067494;0.079918;-0.064779;
0.006390;0.105845;-0.030614;-0.057584;-0.069200;0.075326;-0.069865;
0.006400;0.107469;-0.031054;-0.057559;-0.071025;0.070782;-0.074898;
0.006410;0.109100;-0.031486;-0.057524;-0.072972;0.066284;-0.079879;
0.006420;0.110737;-0.031910;-0.057480;-0.075044;0.061833;-0.084805;
0.006430;0.112379;-0.032326;-0.057427;-0.077243;0.057429;-0.089678;
0.006440;0.114026;-0.032736;-0.057366;-0.079570;0.053071;-0.094497;
0.006450;0.115678;-0.033139;-0.057298;-0.082029;0.048759;-0.099261;
0.006460;0.117334;-0.033537;-0.057222;-0.084619;0.044492;-0.103971;
0.006470;0.118993;-0.033930;-0.057140;-0.087344;0.040271;-0.108626;
0.006480;0.120656;-0.034318;-0.057053;-0.090205;0.036095;-0.113227;
0.006490;0.122321;-0.034702;-0.056960;-0.093202;0.031964;-0.117772;
0.006500;0.123989;-0.035083;-0.056863;-0.096337;0.027876;-0.122263;
0.006510;0.125658;-0.035461;-0.056762;-0.099611;0.023832;-0.126700;
0.006520;0.127329;-0.035836;-0.056657;-0.103024;0.019830;-0.131082;
0.006530;0.129001;-0.036210;-0.056550;-0.106578;0.015871;-0.135410;
0.006540;0.130673;-0.036583;-0.056441;-0.110273;0.011953;-0.139684;
0.006550;0.132345;-0.036956;-0.056330;-0.114108;0.008076;-0.143905;
0.006560;0.134017;-0.037328;-0.056219;-0.118084;0.004238;-0.148072;
0.006570;0.135688;-0.037701;-0.056107;-0.122202;0.000440;-0.152187;
0.006580;0.137358;-0.038075;-0.055995;-0.126460;-0.003320;-0.156250;
0.006590;0.139025;-0.038451;-0.055885;-0.130859;-0.007043;-0.160261;
0.006600;0.140691;-0.038829;-0.055776;-0.135398;-0.010729;-0.164222;
0.006610;0.142353;-0.039210;-0.055669;-0.140076;-0.014380;-0.168133;
0.006620;0.144013;-0.039595;-0.055565;-0.144892;-0.017996;-0.171994;
0.006630;0.145668;-0.039983;-0.055464;-0.149846;-0.021579;-0.175806;
0.006640;0.147320;-0.040376;-0.055367;-0.154936;-0.025130;-0.179571;
0.006650;0.148967;-0.040774;-0.055275;-0.160161;-0.028650;-0.183288;
0.006660;0.150609;-0.041177;-0.055187;-0.165519;-0.032140;-0.186960;
0.006670;0.152246;-0.041586;-0.055106;-0.171009;-0.035600;-0.190587;
0.006680;0.153876;-0.042002;-0.055030;-0.176629;-0.039033;-0.194170;
0.006690;0.155501;-0.042424;-0.054961;-0.182377;-0.042440;-0.197710;
0.006700;0.157118;-0.042855;-0.054899;-0.188251;-0.045821;-0.201209;
0.006710;0.158729;-0.043293;-0.054845;-0.194248;-0.049179;-0.204667;
0.006720;0.160332;-0.043739;-0.054800;-0.200368;-0.052513;-0.208085;
0.006730;0.161927;-0.044194;-0.054763;-0.206606;-0.055827;-0.211466;
0.006740;0.163514;-0.044659;-0.054735;-0.212960;-0.059120;-0.214809;
0.006750;0.165092;-0.045133;-0.054717;-0.219428;-0.062394;-0.218117;
0.006760;0.166661;-0.045617;-0.054709;-0.226007;-0.065651;-0.221391;
0.006770;0.168220;-0.046112;-0.054712;-0.232694;-0.068892;-0.224632;
0.006780;0.169770;-0.046618;-0.054726;-0.239485;-0.072119;-0.227841;
0.006790;0.171309;-0.047135;-0.054751;-0.246377;-0.075332;-0.231021;
0.006800;0.172838;-0.047663;-0.054788;-0.253368;-0.078533;-0.234172;
0.006810;0.174357;-0.048203;-0.054837;-0.260453;-0.081724;-0.237296;
0.006820;0.175864;-0.048756;-0.054899;-0.267629;-0.084906;-0.240394;
0.006830;0.177360;-0.049321;-0.054974;-0.274893;-0.088080;-0.243468;
0.006840;0.178844;-0.049899;-0.055062;-0.282240;-0.091247;-0.246520;
0.006850;0.180316;-0.050490;-0.055164;-0.289667;-0.094410;-0.249551;
0.006860;0.181776;-0.051094;-0.055280;-0.297171;-0.097570;-0.252563;
0.006870;0.183223;-0.051712;-0.055410;-0.304746;-0.100727;-0.255557;
0.006880;0.184658;-0.052344;-0.055554;-0.312389;-0.103884;-0.258534;
0.006890;0.186079;-0.052989;-0.055713;-0.320096;-0.107041;-0.261498;
0.006900;0.187488;-0.053649;-0.055887;-0.327862;-0.110200;-0.264448;
0.006910;0.188883;-0.054323;-0.056077;-0.335684;-0.113363;-0.267387;
0.006920;0.190264;-0.055012;-0.056281;-0.343556;-0.116531;-0.270316;
0.006930;0.191632;-0.055715;-0.056502;-0.351476;-0.119705;-0.273238;
0.006940;0.192986;-0.056433;-0.056738;-0.359437;-0.122887;-0.276153;
0.006950;0.194326;-0.057166;-0.056989;-0.367437;-0.126077;-0.279063;
0.006960;0.195652;-0.057914;-0.057257;-0.375469;-0.129278;-0.281970;
0.006970;0.196963;-0.058677;-0.057541;-0.383531;-0.132489;-0.284876;
0.006980;0.198260;-0.059454;-0.057841;-0.391616;-0.135714;-0.287782;
0.006990;0.199543;-0.060247;-0.058157;-0.399721;-0.138952;-0.290689;
0.007000;0.200811;-0.061055;-0.058489;-0.407842;-0.142206;-0.293600;
0.007010;0.202064;-0.061878;-0.058838;-0.415972;-0.145476;-0.296516;
0.007020;0.203303;-0.062716;-0.059203;-0.424109;-0.148763;-0.299438;
0.007030;0.204527;-0.063568;-0.059584;-0.432247;-0.152069;-0.302368;
0.007040;0.205736;-0.064436;-0.059981;-0.440382;-0.155394;-0.305308;
0.007050;0.206931;-0.065318;-0.060395;-0.448508;-0.158741;-0.308259;
0.007060;0.208110;-0.066216;-0.060825;-0.456623;-0.162109;-0.311223;
0.007070;0.209276;-0.067127;-0.061270;-0.464720;-0.165500;-0.314200;
0.007080;0.210426;-0.068053;-0.061732;-0.472796;-0.168915;-0.317194;
0.007090;0.211562;-0.068994;-0.062209;-0.480846;-0.172355;-0.320204;
0.007100;0.212683;-0.069948;-0.062702;-0.488866;-0.175820;-0.323232;
0.007110;0.213790;-0.070917;-0.063210;-0.496850;-0.179312;-0.326280;
0.007120;0.214883;-0.071899;-0.063734;-0.504796;-0.182831;-0.329349;
0.007130;0.215961;-0.072894;-0.064273;-0.512698;-0.186379;-0.332441;
0.007140;0.217025;-0.073903;-0.064826;-0.520553;-0.189955;-0.335555;
0.007150;0.218075;-0.074925;-0.065394;-0.528355;-0.193562;-0.338695;
0.007160;0.219112;-0.075960;-0.065977;-0.536102;-0.197198;-0.341861;
0.007170;0.220134;-0.077006;-0.066573;-0.543789;-0.200866;-0.345054;
0.007180;0.221144;-0.078066;-0.067183;-0.551411;-0.204565;-0.348275;
0.007190;0.222139;-0.079137;-0.067807;-0.558966;-0.208297;-0.351526;
0.007200;0.223122;-0.080219;-0.068444;-0.566448;-0.212061;-0.354806;
0.007210;0.224092;-0.081313;-0.069094;-0.573856;-0.215858;-0.358119;
0.007220;0.225049;-0.082417;-0.069756;-0.581184;-0.219689;-0.361463;
0.007230;0.225993;-0.083532;-0.070430;-0.588429;-0.223554;-0.364841;
0.007240;0.226926;-0.084657;-0.071116;-0.595588;-0.227454;-0.368253;
0.007250;0.227846;-0.085792;-0.071814;-0.602658;-0.231388;-0.371700;
0.007260;0.228754;-0.086936;-0.072522;-0.609635;-0.235357;-0.375182;
0.007270;0.229652;-0.088089;-0.073241;-0.616516;-0.239361;-0.378701;
0.007280;0.230538;-0.089250;-0.073970;-0.623298;-0.243400;-0.382256;
0.007290;0.231413;-0.090419;-0.074709;-0.629978;-0.247475;-0.385850;
0.007300;0.232277;-0.091596;-0.075457;-0.636553;-0.251585;-0.389482;
0.007310;0.233131;-0.092780;-0.076214;-0.643021;-0.255730;-0.393152;
0.007320;0.233976;-0.093971;-0.076979;-0.649379;-0.259912;-0.396861;
0.007330;0.234810;-0.095168;-0.077752;-0.655625;-0.264128;-0.400611;
0.007340;0.235635;-0.096371;-0.078532;-0.661756;-0.268380;-0.404400;
0.007350;0.236452;-0.097579;-0.079319;-0.667771;-0.272667;-0.408229;
0.007360;0.237259;-0.098792;-0.080112;-0.673666;-0.276989;-0.412099;
0.007370;0.238059;-0.100009;-0.080912;-0.679441;-0.281346;-0.416010;
0.007380;0.238850;-0.101230;-0.081717;-0.685093;-0.285737;-0.419961;
0.007390;0.239634;-0.102454;-0.082526;-0.690621;-0.290162;-0.423954;
0.007400;0.240411;-0.103682;-0.083340;-0.696023;-0.294621;-0.427987;
0.007410;0.241181;-0.104911;-0.084158;-0.701298;-0.299113;-0.432062;
0.007420;0.241944;-0.106142;-0.084978;-0.706445;-0.303639;-0.436178;
0.007430;0.242702;-0.107375;-0.085802;-0.711462;-0.308196;-0.440334;
0.007440;0.243454;-0.108609;-0.086628;-0.716349;-0.312785;-0.444531;
0.007450;0.244200;-0.109842;-0.087455;-0.721105;-0.317406;-0.448769;
0.007460;0.244941;-0.111076;-0.088284;-0.725730;-0.322057;-0.453047;
0.007470;0.245678;-0.112309;-0.089113;-0.730221;-0.326739;-0.457365;
0.007480;0.246411;-0.113540;-0.089942;-0.734581;-0.331449;-0.461722;
0.007490;0.247140;-0.114770;-0.090770;-0.738807;-0.336188;-0.466118;
0.007500;0.247866;-0.115997;-0.091598;-0.742901;-0.340955;-0.470553;
0.007510;0.248588;-0.117222;-0.092424;-0.746861;-0.345749;-0.475027;
0.007520;0.249308;-0.118444;-0.093248;-0.750689;-0.350569;-0.479537;
0.007530;0.250026;-0.119662;-0.094069;-0.754385;-0.355415;-0.484085;
0.007540;0.250742;-0.120875;-0.094887;-0.757949;-0.360285;-0.488669;
0.007550;0.251456;-0.122084;-0.095701;-0.761381;-0.365178;-0.493289;
0.007560;0.252170;-0.123288;-0.096511;-0.764683;-0.370094;-0.497943;
0.007570;0.252882;-0.124486;-0.097316;-0.767856;-0.375031;-0.502631;
0.007580;0.253595;-0.125677;-0.098116;-0.770900;-0.379989;-0.507353;
0.007590;0.254307;-0.126863;-0.098910;-0.773817;-0.384967;-0.512107;
0.007600;0.255020;-0.128041;-0.099698;-0.776608;-0.389962;-0.516892;
0.007610;0.255733;-0.129211;-0.100479;-0.779274;-0.394976;-0.521708;
0.007620;0.256448;-0.130374;-0.101253;-0.781817;-0.400005;-0.526554;
0.007630;0.257164;-0.131528;-0.102019;-0.784239;-0.405050;-0.531427;
0.007640;0.257882;-0.132674;-0.102777;-0.786542;-0.410108;-0.536328;
0.007650;0.258603;-0.133810;-0.103526;-0.788726;-0.415179;-0.541255;
0.007660;0.259325;-0.134936;-0.104266;-0.790796;-0.420262;-0.546208;
0.007670;0.260051;-0.136053;-0.104997;-0.792752;-0.425356;-0.551184;
0.007680;0.260779;-0.137159;-0.105718;-0.794597;-0.430458;-0.556183;
0.007690;0.261512;-0.138255;-0.106429;-0.796334;-0.435568;-0.561203;
0.007700;0.262247;-0.139339;-0.107128;-0.797964;-0.440686;-0.566244;
0.007710;0.262987;-0.140412;-0.107817;-0.799491;-0.445808;-0.571304;
0.007720;0.263732;-0.141473;-0.108494;-0.800917;-0.450935;-0.576381;
0.007730;0.264480;-0.142522;-0.109160;-0.802245;-0.456065;-0.581474;
0.007740;0.265234;-0.143558;-0.109813;-0.803479;-0.461196;-0.586582;
0.007750;0.265993;-0.144582;-0.110453;-0.804620;-0.466328;-0.591704;
0.007760;0.266757;-0.145593;-0.111081;-0.805672;-0.471459;-0.596838;
0.007770;0.267527;-0.146590;-0.111695;-0.806638;-0.476587;-0.601983;
0.007780;0.268303;-0.147574;-0.112296;-0.807522;-0.481713;-0.607137;
0.007790;0.269085;-0.148544;-0.112884;-0.808326;-0.486833;-0.612299;
0.007800;0.269873;-0.149501;-0.113457;-0.809055;-0.491948;-0.617467;
0.007810;0.270668;-0.150443;-0.114016;-0.809711;-0.497055;-0.622640;
0.007820;0.271469;-0.151371;-0.114561;-0.810298;-0.502153;-0.627817;
0.007830;0.272277;-0.152284;-0.115091;-0.810820;-0.507242;-0.632995;
0.007840;0.273093;-0.153182;-0.115606;-0.811281;-0.512320;-0.638174;
0.007850;0.273915;-0.154066;-0.116106;-0.811683;-0.517385;-0.643352;
0.007860;0.274745;-0.154935;-0.116590;-0.812031;-0.522437;-0.648527;
0.007870;0.275582;-0.155788;-0.117060;-0.812329;-0.527474;-0.653699;
0.007880;0.276426;-0.156626;-0.117513;-0.812580;-0.532495;-0.658865;
0.007890;0.277279;-0.157449;-0.117951;-0.812788;-0.537499;-0.664023;
0.007900;0.278139;-0.158257;-0.118374;-0.812958;-0.542484;-0.669174;
0.007910;0.279007;-0.159049;-0.118780;-0.813092;-0.547450;-0.674314;
0.007920;0.279882;-0.159826;-0.119171;-0.813195;-0.552396;-0.679443;
0.007930;0.280766;-0.160588;-0.119546;-0.813271;-0.557319;-0.684559;
0.007940;0.281658;-0.161334;-0.119905;-0.813323;-0.562220;-0.689660;
0.007950;0.282557;-0.162064;-0.120248;-0.813357;-0.567097;-0.694746;
0.007960;0.283465;-0.162779;-0.120574;-0.813374;-0.571948;-0.699814;
0.007970;0.284381;-0.163479;-0.120885;-0.813381;-0.576774;-0.704864;
0.007980;0.285305;-0.164163;-0.121180;-0.813380;-0.581573;-0.709893;
0.007990;0.286236;-0.164832;-0.121459;-0.813375;-0.586343;-0.714901;
0.008000;0.287176;-0.165486;-0.121723;-0.813371;-0.591085;-0.719886;
0.008010;0.288124;-0.166125;-0.121970;-0.813370;-0.595797;-0.724847;
0.008020;0.289079;-0.166749;-0.122202;-0.813378;-0.600478;-0.729783;
0.008030;0.290043;-0.167358;-0.122419;-0.813398;-0.605127;-0.734691;
0.008040;0.291014;-0.167952;-0.122620;-0.813433;-0.609744;-0.739572;
0.008050;0.291993;-0.168532;-0.122806;-0.813488;-0.614327;-0.744423;
0.008060;0.292979;-0.169098;-0.122977;-0.813566;-0.618877;-0.749244;
0.008070;0.293973;-0.169649;-0.123133;-0.813671;-0.623391;-0.754033;
0.008080;0.294973;-0.170187;-0.123274;-0.813806;-0.627870;-0.758790;
0.008090;0.295982;-0.170711;-0.123401;-0.813975;-0.632314;-0.763512;
0.008100;0.296997;-0.171221;-0.123514;-0.814182;-0.636720;-0.768199;
0.008110;0.298018;-0.171718;-0.123613;-0.814429;-0.641089;-0.772850;
0.008120;0.299047;-0.172203;-0.123698;-0.814721;-0.645420;-0.777464;
0.008130;0.300082;-0.172674;-0.123769;-0.815060;-0.649712;-0.782040;
0.008140;0.301123;-0.173133;-0.123828;-0.815450;-0.653966;-0.786577;
0.008150;0.302171;-0.173580;-0.123873;-0.815894;-0.658180;-0.791074;
0.008160;0.303224;-0.174015;-0.123906;-0.816395;-0.662354;-0.795529;
0.008170;0.304283;-0.174439;-0.123926;-0.816956;-0.666489;-0.799944;
0.008180;0.305347;-0.174851;-0.123935;-0.817580;-0.670582;-0.804316;
0.008190;0.306417;-0.175253;-0.123932;-0.818270;-0.674635;-0.808644;
0.008200;0.307491;-0.175644;-0.123918;-0.819028;-0.678647;-0.812929;
0.008210;0.308570;-0.176025;-0.123893;-0.819857;-0.682618;-0.817169;
0.008220;0.309653;-0.176396;-0.123857;-0.820759;-0.686548;-0.821364;
0.008230;0.310741;-0.176757;-0.123811;-0.821738;-0.690435;-0.825513;
0.008240;0.311832;-0.177110;-0.123756;-0.822795;-0.694281;-0.829615;
0.008250;0.312927;-0.177454;-0.123691;-0.823932;-0.698086;-0.833671;
0.008260;0.314026;-0.177789;-0.123617;-0.825153;-0.701849;-0.837680;
0.008270;0.315127;-0.178117;-0.123535;-0.826457;-0.705570;-0.841641;
0.008280;0.316231;-0.178437;-0.123444;-0.827849;-0.709249;-0.845554;
0.008290;0.317337;-0.178750;-0.123346;-0.829328;-0.712887;-0.849419;
0.008300;0.318445;-0.179056;-0.123241;-0.830897;-0.716484;-0.853235;
0.008310;0.319555;-0.179357;-0.123129;-0.832558;-0.720039;-0.857002;
0.008320;0.320666;-0.179651;-0.123010;-0.834312;-0.723554;-0.860720;
0.008330;0.321778;-0.179940;-0.122886;-0.836160;-0.727028;-0.864389;
0.008340;0.322891;-0.180224;-0.122756;-0.838103;-0.730461;-0.868010;
0.008350;0.324005;-0.180503;-0.122621;-0.840143;-0.733854;-0.871580;
0.008360;0.325118;-0.180778;-0.122481;-0.842280;-0.737208;-0.875102;
0.008370;0.326231;-0.181050;-0.122338;-0.844515;-0.740522;-0.878575;
0.008380;0.327344;-0.181318;-0.122191;-0.846849;-0.743797;-0.881998;
0.008390;0.328455;-0.181584;-0.122040;-0.849282;-0.747034;-0.885373;
0.008400;0.329565;-0.181847;-0.121888;-0.851815;-0.750233;-0.888699;
0.008410;0.330673;-0.182108;-0.121732;-0.854448;-0.753394;-0.891977;
0.008420;0.331779;-0.182368;-0.121575;-0.857182;-0.756519;-0.895206;
0.008430;0.332883;-0.182626;-0.121417;-0.860016;-0.759607;-0.898388;
0.008440;0.333984;-0.182884;-0.121258;-0.862950;-0.762660;-0.901522;
0.008450;0.335082;-0.183142;-0.121099;-0.865984;-0.765678;-0.904609;
0.008460;0.336176;-0.183399;-0.120940;-0.869118;-0.768661;-0.907650;
0.008470;0.337267;-0.183658;-0.120781;-0.872351;-0.771612;-0.910644;
0.008480;0.338353;-0.183917;-0.120624;-0.875683;-0.774529;-0.913593;
0.008490;0.339435;-0.184178;-0.120467;-0.879113;-0.777414;-0.916498;
0.008500;0.340512;-0.184441;-0.120313;-0.882641;-0.780268;-0.919357;
0.008510;0.341584;-0.184705;-0.120161;-0.886264;-0.783092;-0.922173;
0.008520;0.342650;-0.184973;-0.120012;-0.889983;-0.785886;-0.924946;
0.008530;0.343710;-0.185244;-0.119866;-0.893797;-0.788652;-0.927677;
0.008540;0.344764;-0.185517;-0.119724;-0.897703;-0.791389;-0.930367;
0.008550;0.345812;-0.185795;-0.119586;-0.901701;-0.794100;-0.933015;
0.008560;0.346852;-0.186077;-0.119453;-0.905788;-0.796785;-0.935624;
0.008570;0.347886;-0.186363;-0.119324;-0.909964;-0.799445;-0.938194;
0.008580;0.348912;-0.186654;-0.119200;-0.914227;-0.802080;-0.940725;
0.008590;0.349930;-0.186951;-0.119083;-0.918575;-0.804693;-0.943220;
0.008600;0.350940;-0.187253;-0.118971;-0.923005;-0.807283;-0.945678;
0.008610;0.351942;-0.187560;-0.118866;-0.927517;-0.809852;-0.948101;
0.008620;0.352935;-0.187874;-0.118767;-0.932107;-0.812402;-0.950490;
0.008630;0.353919;-0.188195;-0.118676;-0.936775;-0.814932;-0.952845;
0.008640;0.354893;-0.188522;-0.118592;-0.941516;-0.817444;-0.955168;
0.008650;0.355859;-0.188856;-0.118516;-0.946329;-0.819939;-0.957461;
0.008660;0.356814;-0.189197;-0.118447;-0.951212;-0.822418;-0.959723;
0.008670;0.357759;-0.189546;-0.118388;-0.956162;-0.824882;-0.961956;
0.008680;0.358695;-0.189903;-0.118337;-0.961176;-0.827332;-0.964162;
0.008690;0.359619;-0.190268;-0.118295;-0.966251;-0.829770;-0.966341;
0.008700;0.360533;-0.190641;-0.118262;-0.971386;-0.832196;-0.968495;
0.008710;0.361436;-0.191023;-0.118239;-0.976576;-0.834611;-0.970624;
0.008720;0.362328;-0.191413;-0.118225;-0.981819;-0.837017;-0.972730;
0.008730;0.363208;-0.191813;-0.118222;-0.987112;-0.839414;-0.974815;
0.008740;0.364077;-0.192221;-0.118228;-0.992452;-0.841803;-0.976879;
0.008750;0.364935;-0.192639;-0.118245;-0.997836;-0.844186;-0.978924;
0.008760;0.365780;-0.193065;-0.118273;-1.003261;-0.846564;-0.980950;
0.008770;0.366613;-0.193502;-0.118311;-1.008723;-0.848937;-0.982960;
0.008780;0.367434;-0.193948;-0.118361;-1.014219;-0.851307;-0.984954;
0.008790;0.368243;-0.194404;-0.118421;-1.019746;-0.853675;-0.986934;
0.008800;0.369039;-0.194869;-0.118492;-1.025301;-0.856041;-0.988900;
0.008810;0.369823;-0.195345;-0.118575;-1.030880;-0.858408;-0.990855;
0.008820;0.370594;-0.195830;-0.118669;-1.036480;-0.860775;-0.992799;
0.008830;0.371352;-0.196326;-0.118775;-1.042097;-0.863143;-0.994733;
0.008840;0.372098;-0.196831;-0.118892;-1.047729;-0.865514;-0.996660;
0.008850;0.372830;-0.197347;-0.119021;-1.053371;-0.867889;-0.998579;
0.008860;0.373550;-0.197873;-0.119162;-1.059019;-0.870269;-1.000493;
0.008870;0.374256;-0.198409;-0.119314;-1.064672;-0.872654;-1.002402;
0.008880;0.374949;-0.198954;-0.119478;-1.070324;-0.875045;-1.004308;
0.008890;0.375629;-0.199510;-0.119654;-1.075973;-0.877443;-1.006212;
0.008900;0.376296;-0.200077;-0.119841;-1.081616;-0.879850;-1.008116;
0.008910;0.376950;-0.200652;-0.120040;-1.087247;-0.882265;-1.010019;
0.008920;0.377591;-0.201238;-0.120251;-1.092865;-0.884690;-1.011924;
0.008930;0.378218;-0.201834;-0.120473;-1.098466;-0.887125;-1.013831;
0.008940;0.378833;-0.202439;-0.120707;-1.104046;-0.889572;-1.015742;
0.008950;0.379434;-0.203054;-0.120952;-1.109601;-0.892031;-1.017658;
0.008960;0.380022;-0.203679;-0.121209;-1.115129;-0.894502;-1.019580;
0.008970;0.380597;-0.204313;-0.121477;-1.120627;-0.896987;-1.021509;
0.008980;0.381159;-0.204955;-0.121755;-1.126089;-0.899485;-1.023446;
0.008990;0.381709;-0.205607;-0.122045;-1.131515;-0.901999;-1.025392;
0.009000;0.382245;-0.206268;-0.122345;-1.136899;-0.904527;-1.027348;
0.009010;0.382769;-0.206938;-0.122656;-1.142239;-0.907071;-1.029314;
0.009020;0.383281;-0.207616;-0.122978;-1.147532;-0.909632;-1.031293;
0.009030;0.383779;-0.208302;-0.123309;-1.152775;-0.912210;-1.033284;
0.009040;0.384266;-0.208996;-0.123651;-1.157965;-0.914804;-1.035290;
0.009050;0.384740;-0.209698;-0.124002;-1.163097;-0.917417;-1.037309;
0.009060;0.385203;-0.210408;-0.124363;-1.168171;-0.920048;-1.039344;
0.009070;0.385653;-0.211125;-0.124733;-1.173182;-0.922697;-1.041395;
0.009080;0.386092;-0.211849;-0.125113;-1.178129;-0.925365;-1.043463;
0.009090;0.386519;-0.212580;-0.125501;-1.183007;-0.928052;-1.045549;
0.009100;0.386934;-0.213317;-0.125897;-1.187815;-0.930759;-1.047653;
0.009110;0.387339;-0.214061;-0.126302;-1.192550;-0.933485;-1.049776;
0.009120;0.387732;-0.214810;-0.126715;-1.197209;-0.936232;-1.051918;
0.009130;0.388115;-0.215566;-0.127135;-1.201790;-0.938998;-1.054081;
0.009140;0.388487;-0.216326;-0.127563;-1.206290;-0.941785;-1.056264;
0.009150;0.388849;-0.217091;-0.127998;-1.210708;-0.944592;-1.058468;
0.009160;0.389200;-0.217862;-0.128439;-1.215041;-0.947420;-1.060694;
0.009170;0.389542;-0.218636;-0.128887;-1.219287;-0.950268;-1.062942;
0.009180;0.389874;-0.219414;-0.129340;-1.223444;-0.953136;-1.065213;
0.009190;0.390196;-0.220196;-0.129799;-1.227510;-0.956025;-1.067506;
0.009200;0.390510;-0.220982;-0.130264;-1.231483;-0.958934;-1.069823;
0.009210;0.390814;-0.221770;-0.130733;-1.235362;-0.961864;-1.072163;
0.009220;0.391110;-0.222560;-0.131207;-1.239145;-0.964814;-1.074526;
0.009230;0.391397;-0.223353;-0.131685;-1.242830;-0.967783;-1.076914;
0.009240;0.391676;-0.224148;-0.132166;-1.246416;-0.970773;-1.079325;
0.009250;0.391947;-0.224944;-0.132651;-1.249902;-0.973782;-1.081760;
0.009260;0.392211;-0.225741;-0.133139;-1.253286;-0.976810;-1.084220;
0.009270;0.392467;-0.226539;-0.133630;-1.256567;-0.979858;-1.086704;
0.009280;0.392716;-0.227338;-0.134122;-1.259745;-0.982924;-1.089212;
0.009290;0.392959;-0.228136;-0.134617;-1.262818;-0.986008;-1.091744;
0.009300;0.393195;-0.228933;-0.135112;-1.265786;-0.989110;-1.094300;
0.009310;0.393425;-0.229730;-0.135609;-1.268648;-0.992230;-1.096880;
0.009320;0.393649;-0.230526;-0.136106;-1.271403;-0.995367;-1.099484;
0.009330;0.393868;-0.231319;-0.136604;-1.274051;-0.998520;-1.102112;
0.009340;0.394081;-0.232111;-0.137101;-1.276591;-1.001690;-1.104763;
0.009350;0.394289;-0.232901;-0.137597;-1.279025;-1.004875;-1.107437;
0.009360;0.394493;-0.233687;-0.138092;-1.281350;-1.008075;-1.110133;
0.009370;0.394692;-0.234471;-0.138586;-1.283567;-1.011289;-1.112852;
0.009380;0.394887;-0.235250;-0.139077;-1.285677;-1.014517;-1.115593;
0.009390;0.395078;-0.236026;-0.139567;-1.287679;-1.017758;-1.118356;
0.009400;0.395266;-0.236798;-0.140053;-1.289574;-1.021011;-1.121139;
0.009410;0.395450;-0.237565;-0.140537;-1.291362;-1.024277;-1.123943;
0.009420;0.395632;-0.238327;-0.141017;-1.293044;-1.027553;-1.126767;
0.009430;0.395811;-0.239083;-0.141493;-1.294620;-1.030839;-1.129611;
0.009440;0.395988;-0.239834;-0.141965;-1.296091;-1.034136;-1.132473;
0.009450;0.396162;-0.240578;-0.142432;-1.297458;-1.037440;-1.135354;
0.009460;0.396335;-0.241316;-0.142893;-1.298722;-1.040753;-1.138252;
0.009470;0.396506;-0.242047;-0.143350;-1.299884;-1.044073;-1.141167;
0.009480;0.396677;-0.242771;-0.143800;-1.300945;-1.047399;-1.144099;
0.009490;0.396846;-0.243488;-0.144245;-1.301906;-1.050731;-1.147045;
0.009500;0.397014;-0.244196;-0.144683;-1.302768;-1.054067;-1.150006;
0.009510;0.397182;-0.244897;-0.145114;-1.303534;-1.057407;-1.152981;
0.009520;0.397350;-0.245589;-0.145537;-1.304204;-1.060750;-1.155969;
0.009530;0.397519;-0.246272;-0.145953;-1.304779;-1.064094;-1.158969;
0.009540;0.397687;-0.246946;-0.146361;-1.305263;-1.067440;-1.161980;
0.009550;0.397856;-0.247611;-0.146761;-1.305656;-1.070785;-1.165001;
0.009560;0.398026;-0.248266;-0.147153;-1.305961;-1.074130;-1.168031;
0.009570;0.398197;-0.248911;-0.147535;-1.306179;-1.077473;-1.171070;
0.009580;0.398369;-0.249546;-0.147909;-1.306312;-1.080813;-1.174117;
0.009590;0.398543;-0.250171;-0.148273;-1.306362;-1.084149;-1.177169;
0.009600;0.398719;-0.250785;-0.148627;-1.306333;-1.087481;-1.180227;
0.009610;0.398896;-0.251389;-0.148972;-1.306225;-1.090806;-1.183290;
0.009620;0.399076;-0.251981;-0.149306;-1.306041;-1.094126;-1.186355;
0.009630;0.399257;-0.252562;-0.149630;-1.305784;-1.097437;-1.189423;
0.009640;0.399442;-0.253131;-0.149943;-1.305455;-1.100740;-1.192492;
0.009650;0.399629;-0.253689;-0.150245;-1.305059;-1.104033;-1.195562;
0.009660;0.399819;-0.254235;-0.150537;-1.304596;-1.107316;-1.198630;
0.009670;0.400012;-0.254769;-0.150816;-1.304069;-1.110587;-1.201696;
0.009680;0.400208;-0.255290;-0.151085;-1.303482;-1.113846;-1.204759;
0.009690;0.400407;-0.255800;-0.151342;-1.302837;-1.117091;-1.207817;
0.009700;0.400610;-0.256297;-0.151587;-1.302137;-1.120321;-1.210870;
0.009710;0.400816;-0.256781;-0.151820;-1.301384;-1.123537;-1.213916;
0.009720;0.401026;-0.257253;-0.152041;-1.300581;-1.126736;-1.216955;
0.009730;0.401240;-0.257711;-0.152250;-1.299732;-1.129917;-1.219985;
0.009740;0.401458;-0.258158;-0.152446;-1.298839;-1.133081;-1.223005;
0.009750;0.401679;-0.258591;-0.152630;-1.297904;-1.136225;-1.226013;
0.009760;0.401905;-0.259011;-0.152802;-1.296932;-1.139350;-1.229010;
0.009770;0.402135;-0.259418;-0.152961;-1.295924;-1.142453;-1.231993;
0.009780;0.402369;-0.259812;-0.153108;-1.294884;-1.145535;-1.234962;
0.009790;0.402607;-0.260193;-0.153241;-1.293815;-1.148594;-1.237915;
0.009800;0.402850;-0.260561;-0.153363;-1.292720;-1.151629;-1.240851;
0.009810;0.403096;-0.260916;-0.153471;-1.291602;-1.154640;-1.243770;
0.009820;0.403347;-0.261258;-0.153567;-1.290464;-1.157626;-1.246669;
0.009830;0.403603;-0.261587;-0.153650;-1.289308;-1.160586;-1.249549;
0.009840;0.403863;-0.261902;-0.153720;-1.288139;-1.163520;-1.252408;
0.009850;0.404127;-0.262205;-0.153778;-1.286958;-1.166426;-1.255245;
0.009860;0.404395;-0.262495;-0.153823;-1.285769;-1.169303;-1.258058;
0.009870;0.404668;-0.262772;-0.153855;-1.284575;-1.172152;-1.260847;
0.009880;0.404945;-0.263036;-0.153875;-1.283378;-1.174971;-1.263612;
0.009890;0.405226;-0.263288;-0.153883;-1.282183;-1.177760;-1.266350;
0.009900;0.405511;-0.263527;-0.153878;-1.280991;-1.180518;-1.269061;
0.009910;0.405801;-0.263754;-0.153861;-1.279806;-1.183245;-1.271744;
0.009920;0.406094;-0.263968;-0.153832;-1.278630;-1.185939;-1.274398;
0.009930;0.406391;-0.264170;-0.153791;-1.277466;-1.188600;-1.277022;
0.009940;0.406693;-0.264360;-0.153738;-1.276317;-1.191229;-1.279615;
0.009950;0.406998;-0.264539;-0.153674;-1.275186;-1.193823;-1.282176;
0.009960;0.407306;-0.264706;-0.153598;-1.274075;-1.196383;-1.284706;
0.009970;0.407619;-0.264861;-0.153511;-1.272988;-1.198909;-1.287202;
0.009980;0.407934;-0.265005;-0.153412;-1.271926;-1.201399;-1.289663;
0.009990;0.408253;-0.265137;-0.153303;-1.270893;-1.203853;-1.292090;
0.010000;0.408576;-0.265259;-0.153183;-1.269890;-1.206272;-1.294482;
0.010010;0.408901;-0.265371;-0.153052;-1.268921;-1.208654;-1.296837;
0.010020;0.409229;-0.265471;-0.152911;-1.267987;-1.211000;-1.299155;
0.010030;0.409560;-0.265562;-0.152760;-1.267091;-1.213308;-1.301436;
0.010040;0.409893;-0.265643;-0.152600;-1.266235;-1.215580;-1.303678;
0.010050;0.410229;-0.265714;-0.152429;-1.265422;-1.217814;-1.305882;
0.010060;0.410566;-0.265775;-0.152250;-1.264654;-1.220010;-1.308046;
0.010070;0.410906;-0.265827;-0.152061;-1.263932;-1.222168;-1.310171;
0.010080;0.411248;-0.265870;-0.151864;-1.263258;-1.224288;-1.312255;
0.010090;0.411591;-0.265905;-0.151658;-1.262635;-1.226371;-1.314298;
0.010100;0.411936;-0.265931;-0.151444;-1.262065;-1.228415;-1.316300;
0.010110;0.412281;-0.265950;-0.151222;-1.261548;-1.230420;-1.318261;
0.010120;0.412628;-0.265960;-0.150993;-1.261087;-1.232388;-1.320179;
0.010130;0.412976;-0.265963;-0.150756;-1.260684;-1.234317;-1.322055;
0.010140;0.413324;-0.265959;-0.150513;-1.260339;-1.236208;-1.323889;
0.010150;0.413672;-0.265948;-0.150263;-1.260055;-1.238060;-1.325680;
0.010160;0.414020;-0.265930;-0.150006;-1.259833;-1.239875;-1.327428;
0.010170;0.414369;-0.265906;-0.149744;-1.259673;-1.241651;-1.329133;
0.010180;0.414716;-0.265876;-0.149476;-1.259577;-1.243390;-1.330794;
0.010190;0.415063;-0.265841;-0.149203;-1.259546;-1.245091;-1.332412;
0.010200;0.415410;-0.265800;-0.148924;-1.259581;-1.246755;-1.333986;
0.010210;0.415755;-0.265755;-0.148642;-1.259683;-1.248381;-1.335517;
0.010220;0.416098;-0.265704;-0.148355;-1.259853;-1.249970;-1.337004;
0.010230;0.416440;-0.265650;-0.148064;-1.260092;-1.251523;-1.338448;
0.010240;0.416780;-0.265592;-0.147770;-1.260399;-1.253040;-1.339848;
0.010250;0.417117;-0.265530;-0.147472;-1.260776;-1.254520;-1.341205;
0.010260;0.417453;-0.265464;-0.147172;-1.261222;-1.255965;-1.342519;
0.010270;0.417785;-0.265396;-0.146869;-1.261739;-1.257375;-1.343789;
0.010280;0.418115;-0.265325;-0.146564;-1.262326;-1.258749;-1.345017;
0.010290;0.418441;-0.265252;-0.146257;-1.262984;-1.260090;-1.346202;
0.010300;0.418763;-0.265177;-0.145949;-1.263713;-1.261396;-1.347344;
0.010310;0.419082;-0.265100;-0.145640;-1.264512;-1.262670;-1.348445;
0.010320;0.419397;-0.265022;-0.145331;-1.265381;-1.263910;-1.349504;
0.010330;0.419708;-0.264943;-0.145021;-1.266320;-1.265118;-1.350521;
0.010340;0.420014;-0.264863;-0.144711;-1.267330;-1.266294;-1.351498;
0.010350;0.420315;-0.264783;-0.144401;-1.268408;-1.267439;-1.352433;
0.010360;0.420611;-0.264703;-0.144092;-1.269555;-1.268553;-1.353329;
0.010370;0.420901;-0.264623;-0.143784;-1.270771;-1.269638;-1.354186;
0.010380;0.421186;-0.264544;-0.143478;-1.272054;-1.270693;-1.355003;
0.010390;0.421465;-0.264466;-0.143173;-1.273403;-1.271719;-1.355781;
0.010400;0.421738;-0.264389;-0.142871;-1.274819;-1.272718;-1.356522;
0.010410;0.422005;-0.264313;-0.142570;-1.276299;-1.273689;-1.357225;
0.010420;0.422265;-0.264239;-0.142273;-1.277842;-1.274633;-1.357892;
0.010430;0.422518;-0.264167;-0.141978;-1.279449;-1.275551;-1.358522;
0.010440;0.422765;-0.264098;-0.141687;-1.281116;-1.276445;-1.359117;
0.010450;0.423003;-0.264031;-0.141399;-1.282844;-1.277314;-1.359678;
0.010460;0.423235;-0.263967;-0.141115;-1.284630;-1.278159;-1.360204;
0.010470;0.423458;-0.263906;-0.140836;-1.286474;-1.278981;-1.360697;
0.010480;0.423674;-0.263848;-0.140561;-1.288373;-1.279781;-1.361158;
0.010490;0.423881;-0.263794;-0.140290;-1.290326;-1.280560;-1.361586;
0.010500;0.424080;-0.263744;-0.140025;-1.292331;-1.281318;-1.361984;
0.010510;0.424270;-0.263698;-0.139765;-1.294387;-1.282056;-1.362352;
0.010520;0.424452;-0.263656;-0.139510;-1.296492;-1.282775;-1.362691;
0.010530;0.424625;-0.263618;-0.139261;-1.298644;-1.283477;-1.363001;
0.010540;0.424788;-0.263585;-0.139018;-1.300840;-1.284160;-1.363283;
0.010550;0.424942;-0.263557;-0.138782;-1.303080;-1.284828;-1.363539;
0.010560;0.425087;-0.263535;-0.138551;-1.305360;-1.285479;-1.363769;
0.010570;0.425221;-0.263517;-0.138328;-1.307679;-1.286116;-1.363975;
0.010580;0.425346;-0.263505;-0.138111;-1.310034;-1.286738;-1.364156;
0.010590;0.425461;-0.263498;-0.137901;-1.312424;-1.287348;-1.364314;
0.010600;0.425566;-0.263497;-0.137698;-1.314845;-1.287944;-1.364450;
0.010610;0.425661;-0.263501;-0.137503;-1.317297;-1.288530;-1.364565;
0.010620;0.425745;-0.263512;-0.137315;-1.319775;-1.289104;-1.364660;
0.010630;0.425818;-0.263529;-0.137135;-1.322279;-1.289668;-1.364736;
0.010640;0.425881;-0.263551;-0.136962;-1.324805;-1.290223;-1.364793;
0.010650;0.425934;-0.263580;-0.136797;-1.327352;-1.290770;-1.364833;
0.010660;0.425975;-0.263616;-0.136641;-1.329915;-1.291309;-1.364856;
0.010670;0.426005;-0.263657;-0.136492;-1.332494;-1.291841;-1.364864;
0.010680;0.426025;-0.263705;-0.136352;-1.335085;-1.292367;-1.364858;
0.010690;0.426033;-0.263760;-0.136219;-1.337686;-1.292888;-1.364838;
0.010700;0.426030;-0.263821;-0.136095;-1.340295;-1.293404;-1.364805;
0.010710;0.426016;-0.263889;-0.135980;-1.342908;-1.293916;-1.364761;
0.010720;0.425991;-0.263963;-0.135873;-1.345523;-1.294425;-1.364706;
0.010730;0.425954;-0.264044;-0.135774;-1.348137;-1.294932;-1.364642;
0.010740;0.425906;-0.264132;-0.135684;-1.350749;-1.295437;-1.364569;
0.010750;0.425847;-0.264226;-0.135602;-1.353354;-1.295941;-1.364488;
0.010760;0.425776;-0.264326;-0.135529;-1.355951;-1.296445;-1.364400;
0.010770;0.425694;-0.264433;-0.135464;-1.358537;-1.296949;-1.364306;
0.010780;0.425600;-0.264547;-0.135407;-1.361109;-1.297454;-1.364207;
0.010790;0.425495;-0.264667;-0.135359;-1.363665;-1.297961;-1.364104;
0.010800;0.425379;-0.264794;-0.135319;-1.366202;-1.298469;-1.363997;
0.010810;0.425251;-0.264926;-0.135288;-1.368717;-1.298981;-1.363888;
0.010820;0.425112;-0.265065;-0.135265;-1.371208;-1.299496;-1.363777;
0.010830;0.424962;-0.265210;-0.135250;-1.373672;-1.300014;-1.363666;
0.010840;0.424801;-0.265361;-0.135242;-1.376107;-1.300537;-1.363554;
0.010850;0.424628;-0.265518;-0.135243;-1.378511;-1.301065;-1.363444;
0.010860;0.424444;-0.265681;-0.135252;-1.380880;-1.301599;-1.363335;
0.010870;0.424250;-0.265849;-0.135269;-1.383212;-1.302138;-1.363228;
0.010880;0.424044;-0.266023;-0.135293;-1.385505;-1.302683;-1.363124;
0.010890;0.423827;-0.266203;-0.135324;-1.387756;-1.303235;-1.363024;
0.010900;0.423600;-0.266387;-0.135363;-1.389964;-1.303795;-1.362929;
0.010910;0.423362;-0.266577;-0.135409;-1.392125;-1.304361;-1.362838;
0.010920;0.423113;-0.266771;-0.135462;-1.394238;-1.304936;-1.362754;
0.010930;0.422854;-0.266970;-0.135521;-1.396300;-1.305518;-1.362676;
0.010940;0.422585;-0.267173;-0.135588;-1.398309;-1.306109;-1.362605;
0.010950;0.422306;-0.267381;-0.135660;-1.400264;-1.306709;-1.362542;
0.010960;0.422016;-0.267593;-0.135739;-1.402161;-1.307317;-1.362487;
0.010970;0.421717;-0.267809;-0.135824;-1.403999;-1.307935;-1.362440;
0.010980;0.421408;-0.268028;-0.135915;-1.405777;-1.308562;-1.362403;
0.010990;0.421089;-0.268251;-0.136011;-1.407491;-1.309198;-1.362375;
0.011000;0.420761;-0.268477;-0.136113;-1.409141;-1.309844;-1.362358;
0.011010;0.420423;-0.268706;-0.136220;-1.410725;-1.310500;-1.362351;
0.011020;0.420077;-0.268938;-0.136331;-1.412240;-1.311165;-1.362355;
0.011030;0.419721;-0.269172;-0.136447;-1.413685;-1.311841;-1.362370;
0.011040;0.419357;-0.269409;-0.136568;-1.415059;-1.312526;-1.362397;
0.011050;0.418984;-0.269647;-0.136692;-1.416361;-1.313221;-1.362436;
0.011060;0.418603;-0.269887;-0.136821;-1.417588;-1.313927;-1.362487;
0.011070;0.418214;-0.270129;-0.136952;-1.418739;-1.314642;-1.362551;
0.011080;0.417817;-0.270371;-0.137087;-1.419813;-1.315367;-1.362627;
0.011090;0.417412;-0.270615;-0.137225;-1.420810;-1.316101;-1.362716;
0.011100;0.416999;-0.270859;-0.137366;-1.421727;-1.316846;-1.362818;
0.011110;0.416579;-0.271104;-0.137509;-1.422564;-1.317599;-1.362933;
0.011120;0.416152;-0.271348;-0.137654;-1.423320;-1.318362;-1.363061;
0.011130;0.415719;-0.271592;-0.137801;-1.423994;-1.319134;-1.363202;
0.011140;0.415278;-0.271836;-0.137949;-1.424585;-1.319915;-1.363357;
0.011150;0.414831;-0.272079;-0.138099;-1.425092;-1.320705;-1.363525;
0.011160;0.414378;-0.272321;-0.138249;-1.425515;-1.321503;-1.363706;
0.011170;0.413919;-0.272561;-0.138400;-1.425853;-1.322309;-1.363901;
0.011180;0.413454;-0.272800;-0.138551;-1.426106;-1.323123;-1.364108;
0.011190;0.412983;-0.273037;-0.138703;-1.426273;-1.323944;-1.364329;
0.011200;0.412507;-0.273271;-0.138853;-1.426355;-1.324772;-1.364562;
0.011210;0.412026;-0.273503;-0.139003;-1.426350;-1.325607;-1.364808;
0.011220;0.411541;-0.273732;-0.139153;-1.426258;-1.326448;-1.365066;
0.011230;0.411050;-0.273958;-0.139300;-1.426081;-1.327295;-1.365337;
0.011240;0.410555;-0.274181;-0.139447;-1.425817;-1.328148;-1.365620;
0.011250;0.410056;-0.274400;-0.139591;-1.425466;-1.329005;-1.365914;
0.011260;0.409553;-0.274614;-0.139733;-1.425030;-1.329867;-1.366219;
0.011270;0.409047;-0.274825;-0.139872;-1.424508;-1.330733;-1.366536;
0.011280;0.408537;-0.275031;-0.140009;-1.423900;-1.331603;-1.366863;
0.011290;0.408024;-0.275232;-0.140143;-1.423207;-1.332475;-1.367200;
0.011300;0.407507;-0.275428;-0.140273;-1.422430;-1.333350;-1.367547;
0.011310;0.406988;-0.275618;-0.140399;-1.421569;-1.334226;-1.367904;
0.011320;0.406467;-0.275803;-0.140522;-1.420625;-1.335104;-1.368269;
0.011330;0.405943;-0.275982;-0.140640;-1.419598;-1.335982;-1.368642;
0.011340;0.405416;-0.276155;-0.140753;-1.418489;-1.336861;-1.369024;
0.011350;0.404888;-0.276322;-0.140862;-1.417300;-1.337739;-1.369412;
0.011360;0.404359;-0.276481;-0.140966;-1.416031;-1.338615;-1.369807;
0.011370;0.403828;-0.276634;-0.141064;-1.414683;-1.339490;-1.370209;
0.011380;0.403295;-0.276780;-0.141156;-1.413257;-1.340362;-1.370616;
0.011390;0.402762;-0.276918;-0.141243;-1.411755;-1.341231;-1.371027;
0.011400;0.402227;-0.277049;-0.141323;-1.410178;-1.342096;-1.371443;
0.011410;0.401692;-0.277172;-0.141397;-1.408527;-1.342957;-1.371863;
0.011420;0.401156;-0.277287;-0.141465;-1.406803;-1.343812;-1.372285;
0.011430;0.400621;-0.277393;-0.141525;-1.405009;-1.344661;-1.372710;
0.011440;0.400085;-0.277491;-0.141579;-1.403145;-1.345504;-1.373136;
0.011450;0.399549;-0.277581;-0.141625;-1.401212;-1.346339;-1.373562;
0.011460;0.399013;-0.277662;-0.141663;-1.399214;-1.347166;-1.373989;
0.011470;0.398477;-0.277733;-0.141694;-1.397151;-1.347984;-1.374415;
0.011480;0.397943;-0.277796;-0.141717;-1.395025;-1.348793;-1.374839;
0.011490;0.397409;-0.277849;-0.141732;-1.392838;-1.349591;-1.375261;
0.011500;0.396875;-0.277893;-0.141738;-1.390591;-1.350379;-1.375680;
0.011510;0.396343;-0.277927;-0.141736;-1.388288;-1.351155;-1.376095;
0.011520;0.395812;-0.277952;-0.141726;-1.385928;-1.351918;-1.376505;
0.011530;0.395282;-0.277966;-0.141706;-1.383515;-1.352668;-1.376909;
0.011540;0.394754;-0.277971;-0.141678;-1.381051;-1.353404;-1.377308;
0.011550;0.394227;-0.277965;-0.141641;-1.378537;-1.354125;-1.377698;
0.011560;0.393701;-0.277949;-0.141594;-1.375976;-1.354832;-1.378081;
0.011570;0.393178;-0.277923;-0.141539;-1.373370;-1.355522;-1.378455;
0.011580;0.392656;-0.277887;-0.141473;-1.370721;-1.356195;-1.378819;
0.011590;0.392136;-0.277840;-0.141399;-1.368030;-1.356851;-1.379173;
0.011600;0.391619;-0.277783;-0.141314;-1.365301;-1.357489;-1.379515;
0.011610;0.391103;-0.277715;-0.141221;-1.362536;-1.358108;-1.379845;
0.011620;0.390589;-0.277636;-0.141117;-1.359736;-1.358707;-1.380162;
0.011630;0.390078;-0.277547;-0.141004;-1.356904;-1.359286;-1.380465;
0.011640;0.389569;-0.277447;-0.140880;-1.354043;-1.359844;-1.380753;
0.011650;0.389062;-0.277336;-0.140747;-1.351154;-1.360381;-1.381026;
0.011660;0.388558;-0.277214;-0.140604;-1.348240;-1.360896;-1.381282;
0.011670;0.388056;-0.277082;-0.140451;-1.345303;-1.361388;-1.381520;
0.011680;0.387557;-0.276939;-0.140288;-1.342345;-1.361857;-1.381741;
0.011690;0.387060;-0.276785;-0.140116;-1.339370;-1.362301;-1.381943;
0.011700;0.386565;-0.276621;-0.139933;-1.336378;-1.362721;-1.382125;
0.011710;0.386073;-0.276446;-0.139740;-1.333373;-1.363116;-1.382287;
0.011720;0.385584;-0.276261;-0.139538;-1.330357;-1.363486;-1.382427;
0.011730;0.385097;-0.276064;-0.139325;-1.327331;-1.363829;-1.382545;
0.011740;0.384612;-0.275858;-0.139103;-1.324299;-1.364145;-1.382641;
0.011750;0.384130;-0.275641;-0.138871;-1.321263;-1.364434;-1.382713;
0.011760;0.383650;-0.275413;-0.138630;-1.318224;-1.364696;-1.382760;
0.011770;0.383173;-0.275176;-0.138379;-1.315185;-1.364929;-1.382783;
0.011780;0.382698;-0.274928;-0.138118;-1.312149;-1.365134;-1.382780;
0.011790;0.382225;-0.274670;-0.137848;-1.309117;-1.365309;-1.382751;
0.011800;0.381755;-0.274402;-0.137569;-1.306091;-1.365455;-1.382694;
0.011810;0.381287;-0.274125;-0.137281;-1.303074;-1.365571;-1.382610;
0.011820;0.380821;-0.273838;-0.136983;-1.300068;-1.365657;-1.382498;
0.011830;0.380356;-0.273541;-0.136677;-1.297075;-1.365712;-1.382357;
0.011840;0.379894;-0.273235;-0.136362;-1.294097;-1.365736;-1.382186;
0.011850;0.379434;-0.272919;-0.136038;-1.291136;-1.365729;-1.381985;
0.011860;0.378976;-0.272594;-0.135705;-1.288194;-1.365691;-1.381754;
0.011870;0.378519;-0.272261;-0.135365;-1.285272;-1.365621;-1.381491;
0.011880;0.378063;-0.271919;-0.135016;-1.282373;-1.365518;-1.381196;
0.011890;0.377610;-0.271568;-0.134659;-1.279499;-1.365383;-1.380870;
0.011900;0.377157;-0.271208;-0.134294;-1.276651;-1.365216;-1.380511;
0.011910;0.376706;-0.270841;-0.133922;-1.273830;-1.365016;-1.380118;
0.011920;0.376256;-0.270465;-0.133542;-1.271040;-1.364784;-1.379692;
0.011930;0.375807;-0.270082;-0.133156;-1.268281;-1.364518;-1.379233;
0.011940;0.375358;-0.269691;-0.132762;-1.265555;-1.364219;-1.378739;
0.011950;0.374911;-0.269293;-0.132361;-1.262863;-1.363888;-1.378210;
0.011960;0.374464;-0.268887;-0.131954;-1.260207;-1.363522;-1.377647;
0.011970;0.374017;-0.268475;-0.131540;-1.257588;-1.363124;-1.377048;
0.011980;0.373570;-0.268056;-0.131121;-1.255008;-1.362692;-1.376414;
0.011990;0.373124;-0.267630;-0.130695;-1.252467;-1.362228;-1.375744;
0.012000;0.372677;-0.267198;-0.130264;-1.249968;-1.361729;-1.375038;
0.012010;0.372230;-0.266760;-0.129828;-1.247511;-1.361198;-1.374296;
0.012020;0.371783;-0.266316;-0.129386;-1.245097;-1.360633;-1.373517;
0.012030;0.371335;-0.265867;-0.128940;-1.242727;-1.360036;-1.372703;
0.012040;0.370887;-0.265412;-0.128489;-1.240403;-1.359405;-1.371851;
0.012050;0.370437;-0.264952;-0.128033;-1.238125;-1.358742;-1.370963;
0.012060;0.369987;-0.264488;-0.127574;-1.235894;-1.358046;-1.370039;
0.012070;0.369535;-0.264019;-0.127110;-1.233710;-1.357318;-1.369077;
0.012080;0.369081;-0.263546;-0.126643;-1.231575;-1.356558;-1.368079;
0.012090;0.368626;-0.263068;-0.126173;-1.229489;-1.355765;-1.367044;
0.012100;0.368169;-0.262587;-0.125700;-1.227452;-1.354941;-1.365973;
0.012110;0.367710;-0.262102;-0.125224;-1.225465;-1.354085;-1.364865;
0.012120;0.367248;-0.261614;-0.124746;-1.223529;-1.353198;-1.363720;
0.012130;0.366784;-0.261123;-0.124265;-1.221643;-1.352280;-1.362540;
0.012140;0.366318;-0.260630;-0.123782;-1.219808;-1.351332;-1.361323;
0.012150;0.365848;-0.260133;-0.123298;-1.218024;-1.350353;-1.360070;
0.012160;0.365376;-0.259635;-0.122813;-1.216292;-1.349344;-1.358781;
0.012170;0.364900;-0.259134;-0.122326;-1.214610;-1.348306;-1.357457;
0.012180;0.364421;-0.258632;-0.121838;-1.212980;-1.347239;-1.356097;
0.012190;0.363938;-0.258128;-0.121350;-1.211400;-1.346143;-1.354703;
0.012200;0.363452;-0.257623;-0.120862;-1.209872;-1.345019;-1.353273;
0.012210;0.362961;-0.257117;-0.120373;-1.208393;-1.343867;-1.351810;
0.012220;0.362467;-0.256611;-0.119885;-1.206966;-1.342688;-1.350312;
0.012230;0.361968;-0.256104;-0.119398;-1.205587;-1.341482;-1.348781;
0.012240;0.361464;-0.255596;-0.118911;-1.204259;-1.340250;-1.347216;
0.012250;0.360956;-0.255089;-0.118425;-1.202979;-1.338992;-1.345619;
0.012260;0.360442;-0.254581;-0.117940;-1.201747;-1.337708;-1.343989;
0.012270;0.359924;-0.254074;-0.117457;-1.200562;-1.336400;-1.342327;
0.012280;0.359400;-0.253568;-0.116976;-1.199425;-1.335067;-1.340634;
0.012290;0.358871;-0.253063;-0.116496;-1.198333;-1.333711;-1.338910;
0.012300;0.358336;-0.252559;-0.116019;-1.197287;-1.332332;-1.337155;
0.012310;0.357795;-0.252056;-0.115545;-1.196284;-1.330930;-1.335371;
0.012320;0.357249;-0.251555;-0.115073;-1.195325;-1.329506;-1.333557;
0.012330;0.356696;-0.251055;-0.114604;-1.194408;-1.328061;-1.331715;
0.012340;0.356136;-0.250557;-0.114138;-1.193532;-1.326595;-1.329844;
0.012350;0.355571;-0.250061;-0.113676;-1.192696;-1.325109;-1.327946;
0.012360;0.354999;-0.249568;-0.113217;-1.191898;-1.323603;-1.326021;
0.012370;0.354419;-0.249077;-0.112762;-1.191138;-1.322079;-1.324069;
0.012380;0.353833;-0.248589;-0.112311;-1.190413;-1.320536;-1.322092;
0.012390;0.353240;-0.248104;-0.111864;-1.189724;-1.318975;-1.320090;
0.012400;0.352640;-0.247621;-0.111422;-1.189067;-1.317398;-1.318063;
0.012410;0.352033;-0.247142;-0.110984;-1.188442;-1.315804;-1.316013;
0.012420;0.351417;-0.246666;-0.110551;-1.187848;-1.314194;-1.313940;
0.012430;0.350795;-0.246193;-0.110122;-1.187282;-1.312570;-1.311845;
0.012440;0.350165;-0.245724;-0.109699;-1.186743;-1.310930;-1.309728;
0.012450;0.349526;-0.245258;-0.109281;-1.186229;-1.309277;-1.307591;
0.012460;0.348880;-0.244797;-0.108868;-1.185739;-1.307611;-1.305433;
0.012470;0.348226;-0.244339;-0.108460;-1.185272;-1.305933;-1.303256;
0.012480;0.347564;-0.243885;-0.108058;-1.184824;-1.304242;-1.301060;
0.012490;0.346894;-0.243435;-0.107662;-1.184395;-1.302540;-1.298847;
0.012500;0.346215;-0.242990;-0.107272;-1.183982;-1.300828;-1.296616;
0.012510;0.345528;-0.242548;-0.106887;-1.183585;-1.299105;-1.294369;
0.012520;0.344832;-0.242112;-0.106508;-1.183200;-1.297374;-1.292106;
0.012530;0.344128;-0.241679;-0.106136;-1.182826;-1.295633;-1.289829;
0.012540;0.343416;-0.241251;-0.105769;-1.182462;-1.293884;-1.287537;
0.012550;0.342695;-0.240827;-0.105409;-1.182104;-1.292128;-1.285233;
0.012560;0.341965;-0.240408;-0.105055;-1.181752;-1.290365;-1.282915;
0.012570;0.341226;-0.239994;-0.104708;-1.181403;-1.288596;-1.280586;
0.012580;0.340479;-0.239584;-0.104366;-1.181056;-1.286820;-1.278245;
0.012590;0.339723;-0.239179;-0.104031;-1.180708;-1.285040;-1.275894;
0.012600;0.338958;-0.238778;-0.103703;-1.180358;-1.283255;-1.273534;
0.012610;0.338184;-0.238382;-0.103381;-1.180003;-1.281466;-1.271165;
0.012620;0.337402;-0.237991;-0.103065;-1.179641;-1.279673;-1.268787;
0.012630;0.336611;-0.237604;-0.102756;-1.179271;-1.277877;-1.266402;
0.012640;0.335811;-0.237222;-0.102453;-1.178890;-1.276079;-1.264011;
0.012650;0.335002;-0.236844;-0.102157;-1.178497;-1.274279;-1.261613;
0.012660;0.334184;-0.236471;-0.101867;-1.178089;-1.272477;-1.259210;
0.012670;0.333358;-0.236103;-0.101583;-1.177665;-1.270674;-1.256803;
0.012680;0.332522;-0.235739;-0.101306;-1.177223;-1.268871;-1.254391;
0.012690;0.331678;-0.235379;-0.101034;-1.176760;-1.267067;-1.251976;
0.012700;0.330826;-0.235023;-0.100770;-1.176275;-1.265264;-1.249559;
0.012710;0.329965;-0.234672;-0.100511;-1.175765;-1.263461;-1.247139;
0.012720;0.329095;-0.234325;-0.100258;-1.175230;-1.261660;-1.244718;
0.012730;0.328217;-0.233982;-0.100011;-1.174667;-1.259860;-1.242297;
0.012740;0.327330;-0.233642;-0.099770;-1.174074;-1.258062;-1.239875;
0.012750;0.326435;-0.233307;-0.099535;-1.173449;-1.256266;-1.237454;
0.012760;0.325531;-0.232975;-0.099305;-1.172792;-1.254473;-1.235033;
0.012770;0.324620;-0.232647;-0.099081;-1.172099;-1.252683;-1.232614;
0.012780;0.323700;-0.232323;-0.098863;-1.171369;-1.250895;-1.230197;
0.012790;0.322772;-0.232002;-0.098650;-1.170601;-1.249112;-1.227783;
0.012800;0.321836;-0.231684;-0.098441;-1.169792;-1.247331;-1.225372;
0.012810;0.320893;-0.231369;-0.098238;-1.168942;-1.245555;-1.222964;
0.012820;0.319942;-0.231057;-0.098040;-1.168049;-1.243783;-1.220561;
0.012830;0.318983;-0.230748;-0.097847;-1.167110;-1.242015;-1.218161;
0.012840;0.318016;-0.230441;-0.097658;-1.166126;-1.240252;-1.215767;
0.012850;0.317042;-0.230137;-0.097473;-1.165093;-1.238494;-1.213378;
0.012860;0.316061;-0.229835;-0.097293;-1.164011;-1.236740;-1.210994;
0.012870;0.315073;-0.229536;-0.097117;-1.162879;-1.234991;-1.208617;
0.012880;0.314078;-0.229238;-0.096945;-1.161695;-1.233247;-1.206245;
0.012890;0.313076;-0.228942;-0.096776;-1.160457;-1.231509;-1.203881;
0.012900;0.312067;-0.228648;-0.096611;-1.159166;-1.229775;-1.201523;
0.012910;0.311052;-0.228355;-0.096449;-1.157819;-1.228047;-1.199173;
0.012920;0.310031;-0.228063;-0.096290;-1.156415;-1.226324;-1.196830;
0.012930;0.309003;-0.227772;-0.096135;-1.154954;-1.224607;-1.194494;
0.012940;0.307969;-0.227482;-0.095981;-1.153434;-1.222895;-1.192167;
0.012950;0.306929;-0.227192;-0.095831;-1.151854;-1.221187;-1.189847;
0.012960;0.305883;-0.226903;-0.095682;-1.150215;-1.219486;-1.187536;
0.012970;0.304832;-0.226615;-0.095536;-1.148514;-1.217789;-1.185233;
0.012980;0.303776;-0.226326;-0.095392;-1.146751;-1.216097;-1.182939;
0.012990;0.302714;-0.226036;-0.095249;-1.144925;-1.214410;-1.180653;
0.013000;0.301647;-0.225747;-0.095107;-1.143036;-1.212728;-1.178375;
0.013010;0.300575;-0.225457;-0.094967;-1.141083;-1.211050;-1.176107;
0.013020;0.299498;-0.225166;-0.094827;-1.139066;-1.209377;-1.173847;
0.013030;0.298417;-0.224873;-0.094689;-1.136984;-1.207708;-1.171595;
0.013040;0.297331;-0.224580;-0.094550;-1.134837;-1.206043;-1.169352;
0.013050;0.296242;-0.224285;-0.094412;-1.132624;-1.204382;-1.167118;
0.013060;0.295148;-0.223988;-0.094274;-1.130346;-1.202725;-1.164892;
0.013070;0.294050;-0.223689;-0.094136;-1.128001;-1.201071;-1.162675;
0.013080;0.292949;-0.223388;-0.093997;-1.125591;-1.199419;-1.160466;
0.013090;0.291845;-0.223085;-0.093857;-1.123114;-1.197771;-1.158265;
0.013100;0.290737;-0.222779;-0.093717;-1.120571;-1.196125;-1.156072;
0.013110;0.289626;-0.222470;-0.093575;-1.117962;-1.194482;-1.153887;
0.013120;0.288512;-0.222158;-0.093432;-1.115287;-1.192840;-1.151709;
0.013130;0.287395;-0.221843;-0.093288;-1.112547;-1.191200;-1.149539;
0.013140;0.286276;-0.221524;-0.093141;-1.109741;-1.189560;-1.147376;
0.013150;0.285155;-0.221202;-0.092993;-1.106869;-1.187922;-1.145220;
0.013160;0.284031;-0.220876;-0.092842;-1.103933;-1.186284;-1.143070;
0.013170;0.282905;-0.220546;-0.092688;-1.100932;-1.184646;-1.140926;
0.013180;0.281778;-0.220211;-0.092532;-1.097867;-1.183007;-1.138789;
0.013190;0.280649;-0.219872;-0.092373;-1.094739;-1.181367;-1.136657;
0.013200;0.279518;-0.219529;-0.092210;-1.091548;-1.179726;-1.134530;
0.013210;0.278386;-0.219180;-0.092045;-1.088295;-1.178084;-1.132408;
0.013220;0.277253;-0.218827;-0.091875;-1.084981;-1.176439;-1.130291;
0.013230;0.276119;-0.218468;-0.091702;-1.081606;-1.174791;-1.128177;
0.013240;0.274984;-0.218104;-0.091525;-1.078171;-1.173141;-1.126067;
0.013250;0.273849;-0.217734;-0.091344;-1.074677;-1.171486;-1.123961;
0.013260;0.272713;-0.217359;-0.091158;-1.071126;-1.169828;-1.121857;
0.013270;0.271577;-0.216977;-0.090968;-1.067517;-1.168165;-1.119755;
0.013280;0.270441;-0.216590;-0.090772;-1.063853;-1.166496;-1.117655;
0.013290;0.269304;-0.216196;-0.090572;-1.060133;-1.164823;-1.115556;
0.013300;0.268168;-0.215796;-0.090367;-1.056360;-1.163143;-1.113458;
0.013310;0.267032;-0.215390;-0.090157;-1.052535;-1.161456;-1.111360;
0.013320;0.265897;-0.214977;-0.089941;-1.048658;-1.159762;-1.109262;
0.013330;0.264762;-0.214557;-0.089719;-1.044731;-1.158060;-1.107163;
0.013340;0.263628;-0.214130;-0.089492;-1.040756;-1.156351;-1.105062;
0.013350;0.262495;-0.213696;-0.089259;-1.036733;-1.154632;-1.102960;
0.013360;0.261362;-0.213255;-0.089020;-1.032665;-1.152904;-1.100854;
0.013370;0.260231;-0.212806;-0.088775;-1.028552;-1.151167;-1.098746;
0.013380;0.259101;-0.212350;-0.088523;-1.024395;-1.149419;-1.096634;
0.013390;0.257972;-0.211887;-0.088265;-1.020198;-1.147660;-1.094518;
0.013400;0.256845;-0.211416;-0.088001;-1.015960;-1.145889;-1.092396;
0.013410;0.255719;-0.210938;-0.087729;-1.011684;-1.144107;-1.090270;
0.013420;0.254595;-0.210452;-0.087452;-1.007371;-1.142312;-1.088137;
0.013430;0.253472;-0.209958;-0.087167;-1.003023;-1.140505;-1.085997;
0.013440;0.252351;-0.209456;-0.086875;-0.998642;-1.138683;-1.083850;
0.013450;0.251232;-0.208946;-0.086577;-0.994228;-1.136848;-1.081695;
0.013460;0.250115;-0.208428;-0.086271;-0.989784;-1.134998;-1.079531;
0.013470;0.249001;-0.207903;-0.085959;-0.985312;-1.133134;-1.077358;
0.013480;0.247888;-0.207369;-0.085639;-0.980813;-1.131253;-1.075175;
0.013490;0.246777;-0.206827;-0.085312;-0.976289;-1.129357;-1.072982;
0.013500;0.245668;-0.206277;-0.084978;-0.971741;-1.127444;-1.070778;
0.013510;0.244562;-0.205719;-0.084636;-0.967172;-1.125515;-1.068562;
0.013520;0.243458;-0.205153;-0.084288;-0.962584;-1.123567;-1.066334;
0.013530;0.242356;-0.204579;-0.083932;-0.957977;-1.121602;-1.064092;
0.013540;0.241257;-0.203997;-0.083568;-0.953354;-1.119619;-1.061838;
0.013550;0.240160;-0.203406;-0.083197;-0.948716;-1.117617;-1.059569;
0.013560;0.239066;-0.202808;-0.082819;-0.944066;-1.115595;-1.057286;
0.013570;0.237974;-0.202201;-0.082434;-0.939405;-1.113554;-1.054987;
0.013580;0.236884;-0.201586;-0.082041;-0.934735;-1.111493;-1.052672;
0.013590;0.235797;-0.200964;-0.081642;-0.930057;-1.109411;-1.050341;
0.013600;0.234712;-0.200333;-0.081234;-0.925374;-1.107309;-1.047994;
0.013610;0.233630;-0.199695;-0.080820;-0.920687;-1.105186;-1.045628;
0.013620;0.232550;-0.199048;-0.080399;-0.915998;-1.103040;-1.043245;
0.013630;0.231473;-0.198394;-0.079970;-0.911308;-1.100873;-1.040843;
0.013640;0.230397;-0.197733;-0.079534;-0.906620;-1.098684;-1.038422;
0.013650;0.229325;-0.197063;-0.079092;-0.901935;-1.096472;-1.035981;
0.013660;0.228254;-0.196387;-0.078643;-0.897255;-1.094238;-1.033520;
0.013670;0.227186;-0.195702;-0.078186;-0.892581;-1.091980;-1.031039;
0.013680;0.226121;-0.195011;-0.077724;-0.887915;-1.089699;-1.028536;
0.013690;0.225057;-0.194312;-0.077254;-0.883259;-1.087394;-1.026013;
0.013700;0.223996;-0.193606;-0.076778;-0.878614;-1.085066;-1.023467;
0.013710;0.222936;-0.192893;-0.076296;-0.873982;-1.082713;-1.020899;
0.013720;0.221879;-0.192174;-0.075807;-0.869364;-1.080336;-1.018308;
0.013730;0.220824;-0.191447;-0.075312;-0.864762;-1.077934;-1.015694;
0.013740;0.219771;-0.190714;-0.074812;-0.860178;-1.075508;-1.013056;
0.013750;0.218719;-0.189974;-0.074305;-0.855612;-1.073056;-1.010395;
0.013760;0.217669;-0.189228;-0.073792;-0.851067;-1.070580;-1.007709;
0.013770;0.216621;-0.188476;-0.073274;-0.846543;-1.068079;-1.004999;
0.013780;0.215575;-0.187718;-0.072751;-0.842041;-1.065552;-1.002264;
0.013790;0.214530;-0.186954;-0.072222;-0.837564;-1.063000;-0.999504;
0.013800;0.213486;-0.186184;-0.071688;-0.833113;-1.060423;-0.996718;
0.013810;0.212444;-0.185409;-0.071149;-0.828688;-1.057820;-0.993907;
0.013820;0.211403;-0.184628;-0.070605;-0.824290;-1.055192;-0.991070;
0.013830;0.210363;-0.183842;-0.070057;-0.819922;-1.052538;-0.988206;
0.013840;0.209324;-0.183051;-0.069504;-0.815584;-1.049859;-0.985317;
0.013850;0.208286;-0.182255;-0.068947;-0.811276;-1.047154;-0.982401;
0.013860;0.207248;-0.181455;-0.068386;-0.807001;-1.044424;-0.979458;
0.013870;0.206212;-0.180650;-0.067820;-0.802758;-1.041668;-0.976489;
0.013880;0.205176;-0.179840;-0.067252;-0.798550;-1.038887;-0.973492;
0.013890;0.204140;-0.179027;-0.066679;-0.794375;-1.036081;-0.970469;
0.013900;0.203104;-0.178209;-0.066103;-0.790237;-1.033249;-0.967419;
0.013910;0.202069;-0.177388;-0.065524;-0.786134;-1.030393;-0.964341;
0.013920;0.201034;-0.176563;-0.064942;-0.782068;-1.027511;-0.961237;
0.013930;0.199998;-0.175735;-0.064358;-0.778040;-1.024605;-0.958105;
0.013940;0.198962;-0.174904;-0.063771;-0.774050;-1.021674;-0.954946;
0.013950;0.197926;-0.174069;-0.063181;-0.770098;-1.018719;-0.951760;
0.013960;0.196890;-0.173232;-0.062590;-0.766185;-1.015739;-0.948547;
0.013970;0.195853;-0.172392;-0.061996;-0.762312;-1.012736;-0.945307;
0.013980;0.194815;-0.171550;-0.061401;-0.758478;-1.009708;-0.942040;
0.013990;0.193776;-0.170706;-0.060804;-0.754684;-1.006658;-0.938747;
0.014000;0.192736;-0.169860;-0.060207;-0.750931;-1.003583;-0.935426;
0.014010;0.191694;-0.169012;-0.059608;-0.747218;-1.000486;-0.932080;
0.014020;0.190652;-0.168163;-0.059008;-0.743546;-0.997367;-0.928706;
0.014030;0.189608;-0.167312;-0.058407;-0.739915;-0.994224;-0.925307;
0.014040;0.188562;-0.166460;-0.057806;-0.736324;-0.991060;-0.921882;
0.014050;0.187514;-0.165607;-0.057205;-0.732774;-0.987874;-0.918431;
0.014060;0.186465;-0.164753;-0.056604;-0.729264;-0.984667;-0.914954;
0.014070;0.185414;-0.163899;-0.056003;-0.725795;-0.981438;-0.911453;
0.014080;0.184360;-0.163044;-0.055402;-0.722367;-0.978189;-0.907926;
0.014090;0.183304;-0.162189;-0.054802;-0.718978;-0.974920;-0.904375;
0.014100;0.182246;-0.161334;-0.054203;-0.715629;-0.971630;-0.900799;
0.014110;0.181185;-0.160479;-0.053605;-0.712320;-0.968321;-0.897200;
0.014120;0.180121;-0.159625;-0.053008;-0.709049;-0.964993;-0.893576;
0.014130;0.179054;-0.158771;-0.052412;-0.705817;-0.961647;-0.889930;
0.014140;0.177985;-0.157918;-0.051818;-0.702623;-0.958282;-0.886260;
0.014150;0.176912;-0.157065;-0.051226;-0.699466;-0.954899;-0.882568;
0.014160;0.175836;-0.156214;-0.050636;-0.696347;-0.951499;-0.878854;
0.014170;0.174756;-0.155364;-0.050047;-0.693263;-0.948082;-0.875119;
0.014180;0.173673;-0.154515;-0.049462;-0.690215;-0.944649;-0.871362;
0.014190;0.172587;-0.153668;-0.048878;-0.687202;-0.941200;-0.867584;
0.014200;0.171497;-0.152823;-0.048298;-0.684223;-0.937735;-0.863786;
0.014210;0.170402;-0.151980;-0.047720;-0.681277;-0.934255;-0.859968;
0.014220;0.169304;-0.151138;-0.047145;-0.678363;-0.930761;-0.856131;
0.014230;0.168202;-0.150299;-0.046573;-0.675481;-0.927253;-0.852275;
0.014240;0.167096;-0.149462;-0.046005;-0.672629;-0.923731;-0.848400;
0.014250;0.165985;-0.148627;-0.045440;-0.669806;-0.920196;-0.844508;
0.014260;0.164870;-0.147795;-0.044879;-0.667012;-0.916649;-0.840598;
0.014270;0.163750;-0.146966;-0.044321;-0.664245;-0.913089;-0.836672;
0.014280;0.162626;-0.146139;-0.043768;-0.661504;-0.909519;-0.832729;
0.014290;0.161498;-0.145316;-0.043218;-0.658788;-0.905937;-0.828771;
0.014300;0.160364;-0.144495;-0.042672;-0.656096;-0.902344;-0.824798;
0.014310;0.159226;-0.143678;-0.042131;-0.653427;-0.898742;-0.820810;
0.014320;0.158082;-0.142864;-0.041594;-0.650779;-0.895131;-0.816808;
0.014330;0.156934;-0.142053;-0.041062;-0.648151;-0.891510;-0.812793;
0.014340;0.155781;-0.141245;-0.040534;-0.645542;-0.887881;-0.808765;
0.014350;0.154622;-0.140441;-0.040011;-0.642950;-0.884244;-0.804725;
0.014360;0.153459;-0.139641;-0.039493;-0.640375;-0.880600;-0.800673;
0.014370;0.152290;-0.138844;-0.038979;-0.637815;-0.876949;-0.796610;
0.014380;0.151116;-0.138051;-0.038470;-0.635268;-0.873291;-0.792537;
0.014390;0.149936;-0.137262;-0.037967;-0.632733;-0.869627;-0.788454;
0.014400;0.148751;-0.136477;-0.037468;-0.630208;-0.865959;-0.784362;
0.014410;0.147561;-0.135695;-0.036975;-0.627693;-0.862285;-0.780261;
0.014420;0.146365;-0.134917;-0.036486;-0.625186;-0.858606;-0.776152;
0.014430;0.145164;-0.134144;-0.036003;-0.622685;-0.854924;-0.772035;
0.014440;0.143957;-0.133374;-0.035525;-0.620189;-0.851238;-0.767912;
0.014450;0.142745;-0.132608;-0.035053;-0.617696;-0.847550;-0.763782;
0.014460;0.141527;-0.131846;-0.034585;-0.615205;-0.843858;-0.759647;
0.014470;0.140304;-0.131089;-0.034123;-0.612714;-0.840165;-0.755507;
0.014480;0.139075;-0.130335;-0.033667;-0.610222;-0.836470;-0.751362;
0.014490;0.137841;-0.129585;-0.033215;-0.607728;-0.832773;-0.747213;
0.014500;0.136601;-0.128840;-0.032770;-0.605230;-0.829076;-0.743061;
0.014510;0.135356;-0.128098;-0.032329;-0.602726;-0.825378;-0.738906;
0.014520;0.134105;-0.127360;-0.031894;-0.600215;-0.821681;-0.734749;
0.014530;0.132848;-0.126626;-0.031464;-0.597695;-0.817983;-0.730590;
0.014540;0.131586;-0.125896;-0.031039;-0.595166;-0.814287;-0.726430;
0.014550;0.130319;-0.125170;-0.030619;-0.592625;-0.810591;-0.722269;
0.014560;0.129046;-0.124448;-0.030205;-0.590071;-0.806897;-0.718109;
0.014570;0.127768;-0.123730;-0.029796;-0.587502;-0.803205;-0.713948;
0.014580;0.126484;-0.123015;-0.029392;-0.584918;-0.799515;-0.709789;
0.014590;0.125196;-0.122304;-0.028993;-0.582317;-0.795828;-0.705631;
0.014600;0.123902;-0.121597;-0.028599;-0.579698;-0.792143;-0.701475;
0.014610;0.122602;-0.120893;-0.028210;-0.577058;-0.788462;-0.697322;
0.014620;0.121298;-0.120192;-0.027825;-0.574397;-0.784783;-0.693171;
0.014630;0.119989;-0.119495;-0.027446;-0.571713;-0.781109;-0.689024;
0.014640;0.118675;-0.118802;-0.027071;-0.569006;-0.777438;-0.684880;
0.014650;0.117355;-0.118111;-0.026701;-0.566273;-0.773772;-0.680740;
0.014660;0.116031;-0.117424;-0.026335;-0.563514;-0.770110;-0.676605;
0.014670;0.114703;-0.116739;-0.025973;-0.560727;-0.766452;-0.672475;
0.014680;0.113369;-0.116058;-0.025616;-0.557911;-0.762800;-0.668351;
0.014690;0.112031;-0.115379;-0.025263;-0.555065;-0.759152;-0.664232;
0.014700;0.110689;-0.114703;-0.024914;-0.552189;-0.755509;-0.660119;
0.014710;0.109342;-0.114029;-0.024569;-0.549279;-0.751872;-0.656013;
0.014720;0.107991;-0.113358;-0.024228;-0.546337;-0.748240;-0.651913;
0.014730;0.106635;-0.112689;-0.023891;-0.543360;-0.744614;-0.647820;
0.014740;0.105276;-0.112023;-0.023557;-0.540347;-0.740994;-0.643735;
0.014750;0.103913;-0.111358;-0.023226;-0.537298;-0.737379;-0.639657;
0.014760;0.102546;-0.110696;-0.022899;-0.534212;-0.733770;-0.635587;
0.014770;0.101175;-0.110035;-0.022575;-0.531088;-0.730167;-0.631525;
0.014780;0.099800;-0.109375;-0.022254;-0.527925;-0.726570;-0.627472;
0.014790;0.098422;-0.108718;-0.021935;-0.524722;-0.722980;-0.623427;
0.014800;0.097041;-0.108061;-0.021620;-0.521478;-0.719395;-0.619390;
0.014810;0.095656;-0.107406;-0.021307;-0.518194;-0.715816;-0.615363;
0.014820;0.094269;-0.106752;-0.020996;-0.514867;-0.712243;-0.611344;
0.014830;0.092878;-0.106099;-0.020687;-0.511497;-0.708677;-0.607335;
0.014840;0.091484;-0.105447;-0.020380;-0.508085;-0.705116;-0.603335;
0.014850;0.090088;-0.104795;-0.020076;-0.504629;-0.701561;-0.599345;
0.014860;0.088690;-0.104143;-0.019773;-0.501128;-0.698013;-0.595363;
0.014870;0.087288;-0.103492;-0.019471;-0.497583;-0.694470;-0.591392;
0.014880;0.085885;-0.102841;-0.019171;-0.493993;-0.690932;-0.587430;
0.014890;0.084479;-0.102190;-0.018872;-0.490358;-0.687400;-0.583477;
0.014900;0.083071;-0.101539;-0.018574;-0.486676;-0.683874;-0.579535;
0.014910;0.081662;-0.100887;-0.018277;-0.482949;-0.680353;-0.575601;
0.014920;0.080251;-0.100235;-0.017980;-0.479176;-0.676837;-0.571678;
0.014930;0.078838;-0.099582;-0.017684;-0.475356;-0.673327;-0.567764;
0.014940;0.077424;-0.098928;-0.017388;-0.471490;-0.669821;-0.563859;
0.014950;0.076008;-0.098274;-0.017093;-0.467578;-0.666319;-0.559964;
0.014960;0.074591;-0.097618;-0.016797;-0.463619;-0.662822;-0.556079;
0.014970;0.073174;-0.096961;-0.016501;-0.459613;-0.659330;-0.552202;
0.014980;0.071755;-0.096302;-0.016205;-0.455561;-0.655841;-0.548335;
0.014990;0.070336;-0.095642;-0.015908;-0.451463;-0.652356;-0.544476;
0.015000;0.068916;-0.094980;-0.015610;-0.447318;-0.648875;-0.540627;
0.015010;0.067496;-0.094315;-0.015312;-0.443128;-0.645397;-0.536786;
0.015020;0.066075;-0.093649;-0.015012;-0.438892;-0.641922;-0.532953;
0.015030;0.064655;-0.092981;-0.014711;-0.434611;-0.638450;-0.529129;
0.015040;0.063234;-0.092310;-0.014409;-0.430285;-0.634980;-0.525313;
0.015050;0.061814;-0.091637;-0.014105;-0.425914;-0.631513;-0.521505;
0.015060;0.060394;-0.090961;-0.013799;-0.421500;-0.628047;-0.517704;
0.015070;0.058974;-0.090282;-0.013492;-0.417041;-0.624583;-0.513910;
0.015080;0.057555;-0.089600;-0.013182;-0.412540;-0.621120;-0.510124;
0.015090;0.056136;-0.088915;-0.012870;-0.407996;-0.617658;-0.506344;
0.015100;0.054719;-0.088226;-0.012556;-0.403411;-0.614196;-0.502571;
0.015110;0.053302;-0.087535;-0.012239;-0.398784;-0.610735;-0.498804;
0.015120;0.051887;-0.086840;-0.011920;-0.394116;-0.607274;-0.495042;
0.015130;0.050472;-0.086141;-0.011598;-0.389410;-0.603812;-0.491287;
0.015140;0.049059;-0.085438;-0.011272;-0.384664;-0.600349;-0.487536;
0.015150;0.047648;-0.084732;-0.010944;-0.379880;-0.596885;-0.483790;
0.015160;0.046238;-0.084022;-0.010613;-0.375058;-0.593420;-0.480049;
0.015170;0.044830;-0.083307;-0.010278;-0.370201;-0.589953;-0.476312;
0.015180;0.043423;-0.082588;-0.009939;-0.365308;-0.586483;-0.472578;
0.015190;0.042019;-0.081866;-0.009597;-0.360380;-0.583011;-0.468848;
0.015200;0.040617;-0.081138;-0.009252;-0.355420;-0.579536;-0.465120;
0.015210;0.039216;-0.080406;-0.008902;-0.350426;-0.576057;-0.461395;
0.015220;0.037818;-0.079670;-0.008549;-0.345402;-0.572574;-0.457673;
0.015230;0.036423;-0.078929;-0.008191;-0.340347;-0.569088;-0.453952;
0.015240;0.035030;-0.078183;-0.007830;-0.335263;-0.565596;-0.450232;
0.015250;0.033639;-0.077432;-0.007464;-0.330151;-0.562100;-0.446513;
0.015260;0.032251;-0.076677;-0.007094;-0.325012;-0.558599;-0.442794;
0.015270;0.030866;-0.075917;-0.006720;-0.319847;-0.555092;-0.439075;
0.015280;0.029483;-0.075151;-0.006341;-0.314658;-0.551578;-0.435356;
0.015290;0.028103;-0.074381;-0.005957;-0.309446;-0.548058;-0.431636;
0.015300;0.026727;-0.073605;-0.005569;-0.304212;-0.544532;-0.427915;
0.015310;0.025353;-0.072824;-0.005176;-0.298957;-0.540998;-0.424191;
0.015320;0.023982;-0.072039;-0.004779;-0.293683;-0.537457;-0.420466;
0.015330;0.022615;-0.071248;-0.004377;-0.288391;-0.533907;-0.416738;
0.015340;0.021251;-0.070451;-0.003970;-0.283082;-0.530350;-0.413006;
0.015350;0.019890;-0.069650;-0.003558;-0.277757;-0.526783;-0.409271;
0.015360;0.018532;-0.068843;-0.003141;-0.272419;-0.523208;-0.405532;
0.015370;0.017178;-0.068031;-0.002720;-0.267068;-0.519623;-0.401789;
0.015380;0.015827;-0.067213;-0.002293;-0.261705;-0.516029;-0.398040;
0.015390;0.014479;-0.066390;-0.001862;-0.256332;-0.512425;-0.394286;
0.015400;0.013135;-0.065562;-0.001425;-0.250951;-0.508810;-0.390527;
0.015410;0.011794;-0.064729;-0.000984;-0.245563;-0.505185;-0.386761;
0.015420;0.010457;-0.063890;-0.000537;-0.240168;-0.501548;-0.382988;
0.015430;0.009124;-0.063047;-0.000086;-0.234769;-0.497901;-0.379208;
0.015440;0.007794;-0.062198;0.000370;-0.229367;-0.494241;-0.375421;
0.015450;0.006468;-0.061343;0.000832;-0.223963;-0.490570;-0.371625;
0.015460;0.005145;-0.060484;0.001298;-0.218559;-0.486887;-0.367822;
0.015470;0.003825;-0.059619;0.001769;-0.213156;-0.483192;-0.364009;
0.015480;0.002510;-0.058750;0.002244;-0.207755;-0.479483;-0.360188;
0.015490;0.001198;-0.057875;0.002725;-0.202357;-0.475762;-0.356356;
0.015500;-0.000111;-0.056996;0.003210;-0.196965;-0.472028;-0.352515;
0.015510;-0.001416;-0.056111;0.003700;-0.191579;-0.468280;-0.348664;
0.015520;-0.002717;-0.055222;0.004195;-0.186200;-0.464519;-0.344802;
0.015530;-0.004015;-0.054328;0.004694;-0.180830;-0.460743;-0.340929;
0.015540;-0.005309;-0.053429;0.005198;-0.175471;-0.456954;-0.337044;
0.015550;-0.006600;-0.052526;0.005706;-0.170123;-0.453151;-0.333148;
0.015560;-0.007888;-0.051618;0.006218;-0.164788;-0.449333;-0.329240;
0.015570;-0.009172;-0.050705;0.006735;-0.159466;-0.445501;-0.325319;
0.015580;-0.010453;-0.049789;0.007256;-0.154160;-0.441654;-0.321386;
0.015590;-0.011730;-0.048868;0.007781;-0.148870;-0.437793;-0.317440;
0.015600;-0.013004;-0.047943;0.008310;-0.143597;-0.433916;-0.313481;
0.015610;-0.014275;-0.047014;0.008843;-0.138343;-0.430024;-0.309509;
0.015620;-0.015543;-0.046080;0.009380;-0.133109;-0.426118;-0.305522;
0.015630;-0.016807;-0.045144;0.009921;-0.127895;-0.422196;-0.301522;
0.015640;-0.018069;-0.044203;0.010465;-0.122703;-0.418259;-0.297507;
0.015650;-0.019328;-0.043259;0.011013;-0.117534;-0.414306;-0.293479;
0.015660;-0.020583;-0.042311;0.011563;-0.112389;-0.410338;-0.289435;
0.015670;-0.021836;-0.041360;0.012118;-0.107268;-0.406355;-0.285377;
0.015680;-0.023086;-0.040406;0.012675;-0.102173;-0.402356;-0.281304;
0.015690;-0.024333;-0.039449;0.013235;-0.097105;-0.398342;-0.277216;
0.015700;-0.025578;-0.038489;0.013798;-0.092064;-0.394312;-0.273113;
0.015710;-0.026820;-0.037526;0.014364;-0.087052;-0.390267;-0.268994;
0.015720;-0.028060;-0.036560;0.014932;-0.082068;-0.386207;-0.264860;
0.015730;-0.029297;-0.035592;0.015503;-0.077115;-0.382131;-0.260710;
0.015740;-0.030532;-0.034621;0.016076;-0.072192;-0.378040;-0.256545;
0.015750;-0.031764;-0.033648;0.016651;-0.067300;-0.373933;-0.252364;
0.015760;-0.032995;-0.032674;0.017228;-0.062440;-0.369812;-0.248168;
0.015770;-0.034223;-0.031697;0.017807;-0.057612;-0.365676;-0.243955;
0.015780;-0.035450;-0.030718;0.018388;-0.052817;-0.361524;-0.239727;
0.015790;-0.036675;-0.029738;0.018970;-0.048056;-0.357358;-0.235483;
0.015800;-0.037898;-0.028756;0.019553;-0.043329;-0.353178;-0.231223;
0.015810;-0.039119;-0.027773;0.020138;-0.038636;-0.348983;-0.226948;
0.015820;-0.040339;-0.026789;0.020724;-0.033979;-0.344773;-0.222657;
0.015830;-0.041557;-0.025803;0.021311;-0.029356;-0.340549;-0.218350;
0.015840;-0.042774;-0.024817;0.021898;-0.024769;-0.336312;-0.214028;
0.015850;-0.043989;-0.023830;0.022486;-0.020217;-0.332061;-0.209690;
0.015860;-0.045204;-0.022843;0.023074;-0.015702;-0.327796;-0.205337;
0.015870;-0.046417;-0.021855;0.023663;-0.011223;-0.323517;-0.200968;
0.015880;-0.047630;-0.020867;0.024251;-0.006780;-0.319226;-0.196585;
0.015890;-0.048841;-0.019879;0.024840;-0.002374;-0.314922;-0.192187;
0.015900;-0.050052;-0.018891;0.025428;0.001996;-0.310605;-0.187773;
0.015910;-0.051263;-0.017903;0.026016;0.006329;-0.306276;-0.183345;
0.015920;-0.052472;-0.016916;0.026604;0.010626;-0.301935;-0.178903;
0.015930;-0.053681;-0.015929;0.027190;0.014886;-0.297582;-0.174447;
0.015940;-0.054890;-0.014942;0.027776;0.019110;-0.293217;-0.169976;
0.015950;-0.056099;-0.013957;0.028361;0.023297;-0.288842;-0.165492;
0.015960;-0.057308;-0.012972;0.028945;0.027449;-0.284455;-0.160994;
0.015970;-0.058516;-0.011989;0.029527;0.031565;-0.280058;-0.156483;
0.015980;-0.059725;-0.011007;0.030107;0.035645;-0.275651;-0.151960;
0.015990;-0.060933;-0.010026;0.030686;0.039690;-0.271234;-0.147423;
0.016000;-0.062142;-0.009047;0.031264;0.043700;-0.266807;-0.142874;
0.016010;-0.063352;-0.008070;0.031839;0.047675;-0.262371;-0.138313;
0.016020;-0.064562;-0.007094;0.032412;0.051616;-0.257926;-0.133740;
0.016030;-0.065772;-0.006120;0.032983;0.055524;-0.253473;-0.129156;
0.016040;-0.066983;-0.005149;0.033552;0.059398;-0.249012;-0.124560;
0.016050;-0.068194;-0.004179;0.034118;0.063240;-0.244543;-0.119954;
0.016060;-0.069407;-0.003212;0.034681;0.067050;-0.240066;-0.115338;
0.016070;-0.070620;-0.002248;0.035242;0.070828;-0.235583;-0.110712;
0.016080;-0.071835;-0.001286;0.035800;0.074575;-0.231093;-0.106076;
0.016090;-0.073050;-0.000327;0.036355;0.078293;-0.226596;-0.101430;
0.016100;-0.074267;0.000630;0.036906;0.081980;-0.222094;-0.096776;
0.016110;-0.075484;0.001584;0.037454;0.085639;-0.217587;-0.092114;
0.016120;-0.076704;0.002534;0.037999;0.089270;-0.213074;-0.087443;
0.016130;-0.077924;0.003482;0.038541;0.092873;-0.208557;-0.082765;
0.016140;-0.079146;0.004426;0.039079;0.096451;-0.204036;-0.078080;
0.016150;-0.080369;0.005367;0.039613;0.100002;-0.199511;-0.073388;
0.016160;-0.081594;0.006304;0.040143;0.103529;-0.194982;-0.068690;
0.016170;-0.082821;0.007238;0.040670;0.107032;-0.190451;-0.063986;
0.016180;-0.084049;0.008169;0.041192;0.110512;-0.185917;-0.059276;
0.016190;-0.085279;0.009096;0.041711;0.113970;-0.181381;-0.054562;
0.016200;-0.086510;0.010019;0.042225;0.117407;-0.176843;-0.049843;
0.016210;-0.087744;0.010938;0.042735;0.120824;-0.172303;-0.045120;
0.016220;-0.088979;0.011854;0.043241;0.124221;-0.167763;-0.040394;
0.016230;-0.090217;0.012765;0.043742;0.127601;-0.163222;-0.035665;
0.016240;-0.091456;0.013673;0.044239;0.130964;-0.158681;-0.030933;
0.016250;-0.092697;0.014577;0.044731;0.134310;-0.154141;-0.026199;
0.016260;-0.093940;0.015476;0.045219;0.137642;-0.149600;-0.021463;
0.016270;-0.095186;0.016372;0.045703;0.140960;-0.145061;-0.016726;
0.016280;-0.096433;0.017263;0.046181;0.144265;-0.140524;-0.011988;
0.016290;-0.097683;0.018150;0.046655;0.147558;-0.135988;-0.007250;
0.016300;-0.098934;0.019033;0.047125;0.150841;-0.131454;-0.002512;
0.016310;-0.100188;0.019912;0.047589;0.154114;-0.126923;0.002225;
0.016320;-0.101444;0.020786;0.048049;0.157379;-0.122395;0.006961;
0.016330;-0.102702;0.021657;0.048504;0.160636;-0.117871;0.011695;
0.016340;-0.103962;0.022523;0.048954;0.163888;-0.113349;0.016428;
0.016350;-0.105224;0.023385;0.049400;0.167134;-0.108832;0.021158;
0.016360;-0.106489;0.024242;0.049841;0.170376;-0.104319;0.025884;
0.016370;-0.107755;0.025095;0.050276;0.173615;-0.099811;0.030608;
0.016380;-0.109024;0.025944;0.050708;0.176853;-0.095308;0.035327;
0.016390;-0.110295;0.026789;0.051134;0.180090;-0.090810;0.040043;
0.016400;-0.111567;0.027630;0.051555;0.183328;-0.086318;0.044753;
0.016410;-0.112842;0.028466;0.051972;0.186567;-0.081832;0.049458;
0.016420;-0.114119;0.029298;0.052384;0.189810;-0.077352;0.054158;
0.016430;-0.115398;0.030126;0.052792;0.193055;-0.072878;0.058852;
0.016440;-0.116679;0.030950;0.053194;0.196306;-0.068411;0.063539;
0.016450;-0.117962;0.031770;0.053592;0.199563;-0.063952;0.068220;
0.016460;-0.119247;0.032586;0.053986;0.202827;-0.059499;0.072893;
0.016470;-0.120533;0.033398;0.054375;0.206098;-0.055055;0.077559;
0.016480;-0.121822;0.034206;0.054759;0.209379;-0.050618;0.082217;
0.016490;-0.123112;0.035010;0.055140;0.212670;-0.046189;0.086866;
0.016500;-0.124404;0.035810;0.055515;0.215972;-0.041768;0.091507;
0.016510;-0.125697;0.036607;0.055887;0.219286;-0.037356;0.096139;
0.016520;-0.126992;0.037400;0.056254;0.222613;-0.032953;0.100761;
0.016530;-0.128289;0.038189;0.056617;0.225954;-0.028558;0.105374;
0.016540;-0.129587;0.038975;0.056976;0.229310;-0.024173;0.109977;
0.016550;-0.130886;0.039757;0.057331;0.232682;-0.019796;0.114570;
0.016560;-0.132187;0.040536;0.057682;0.236070;-0.015430;0.119152;
0.016570;-0.133489;0.041312;0.058029;0.239476;-0.011072;0.123723;
0.016580;-0.134792;0.042085;0.058373;0.242900;-0.006724;0.128283;
0.016590;-0.136097;0.042854;0.058713;0.246344;-0.002386;0.132832;
0.016600;-0.137402;0.043621;0.059049;0.249807;0.001942;0.137369;
0.016610;-0.138708;0.044384;0.059382;0.253290;0.006260;0.141894;
0.016620;-0.140015;0.045145;0.059712;0.256795;0.010568;0.146408;
0.016630;-0.141323;0.045903;0.060039;0.260322;0.014866;0.150909;
0.016640;-0.142631;0.046658;0.060362;0.263872;0.019154;0.155397;
0.016650;-0.143940;0.047411;0.060682;0.267445;0.023432;0.159873;
0.016660;-0.145249;0.048162;0.061000;0.271041;0.027699;0.164336;
0.016670;-0.146559;0.048910;0.061314;0.274662;0.031956;0.168786;
0.016680;-0.147869;0.049656;0.061626;0.278308;0.036203;0.173223;
0.016690;-0.149179;0.050400;0.061936;0.281980;0.040439;0.177647;
0.016700;-0.150490;0.051142;0.062243;0.285677;0.044666;0.182057;
0.016710;-0.151800;0.051882;0.062548;0.289401;0.048881;0.186454;
0.016720;-0.153110;0.052621;0.062851;0.293151;0.053087;0.190838;
0.016730;-0.154420;0.053358;0.063151;0.296929;0.057282;0.195208;
0.016740;-0.155729;0.054093;0.063450;0.300733;0.061467;0.199564;
0.016750;-0.157038;0.054827;0.063747;0.304566;0.065642;0.203906;
0.016760;-0.158346;0.055560;0.064043;0.308426;0.069807;0.208235;
0.016770;-0.159654;0.056292;0.064337;0.312315;0.073962;0.212550;
0.016780;-0.160961;0.057022;0.064629;0.316231;0.078107;0.216852;
0.016790;-0.162267;0.057752;0.064921;0.320177;0.082242;0.221139;
0.016800;-0.163571;0.058481;0.065211;0.324150;0.086368;0.225413;
0.016810;-0.164875;0.059209;0.065500;0.328152;0.090484;0.229673;
0.016820;-0.166178;0.059937;0.065788;0.332183;0.094590;0.233919;
0.016830;-0.167479;0.060665;0.066076;0.336243;0.098688;0.238152;
0.016840;-0.168778;0.061392;0.066363;0.340331;0.102776;0.242372;
0.016850;-0.170076;0.062119;0.066650;0.344447;0.106855;0.246578;
0.016860;-0.171373;0.062846;0.066936;0.348592;0.110925;0.250770;
0.016870;-0.172667;0.063573;0.067223;0.352765;0.114987;0.254950;
0.016880;-0.173960;0.064300;0.067509;0.356967;0.119041;0.259116;
0.016890;-0.175250;0.065027;0.067795;0.361196;0.123086;0.263269;
0.016900;-0.176539;0.065755;0.068082;0.365452;0.127123;0.267410;
0.016910;-0.177825;0.066483;0.068368;0.369736;0.131152;0.271537;
0.016920;-0.179108;0.067212;0.068656;0.374046;0.135173;0.275653;
0.016930;-0.180390;0.067942;0.068944;0.378384;0.139188;0.279755;
0.016940;-0.181668;0.068673;0.069232;0.382747;0.143194;0.283846;
0.016950;-0.182944;0.069404;0.069522;0.387136;0.147194;0.287925;
0.016960;-0.184217;0.070137;0.069812;0.391550;0.151188;0.291992;
0.016970;-0.185487;0.070870;0.070103;0.395989;0.155174;0.296048;
0.016980;-0.186755;0.071605;0.070396;0.400453;0.159155;0.300092;
0.016990;-0.188019;0.072342;0.070690;0.404940;0.163129;0.304125;
0.017000;-0.189280;0.073079;0.070985;0.409450;0.167098;0.308148;
0.017010;-0.190537;0.073818;0.071282;0.413983;0.171061;0.312159;
0.017020;-0.191792;0.074559;0.071580;0.418537;0.175019;0.316161;
0.017030;-0.193042;0.075302;0.071880;0.423113;0.178973;0.320152;
0.017040;-0.194289;0.076046;0.072182;0.427709;0.182921;0.324134;
0.017050;-0.195533;0.076792;0.072485;0.432325;0.186865;0.328106;
0.017060;-0.196773;0.077540;0.072791;0.436959;0.190805;0.332069;
0.017070;-0.198009;0.078290;0.073099;0.441613;0.194741;0.336023;
0.017080;-0.199241;0.079042;0.073409;0.446283;0.198674;0.339969;
0.017090;-0.200469;0.079796;0.073721;0.450970;0.202603;0.343906;
0.017100;-0.201693;0.080552;0.074035;0.455673;0.206529;0.347835;
0.017110;-0.202912;0.081311;0.074352;0.460391;0.210452;0.351756;
0.017120;-0.204128;0.082072;0.074671;0.465122;0.214373;0.355670;
0.017130;-0.205339;0.082835;0.074993;0.469867;0.218292;0.359577;
0.017140;-0.206546;0.083600;0.075317;0.474624;0.222208;0.363477;
0.017150;-0.207749;0.084368;0.075644;0.479393;0.226124;0.367371;
0.017160;-0.208947;0.085139;0.075973;0.484171;0.230037;0.371259;
0.017170;-0.210140;0.085912;0.076305;0.488959;0.233950;0.375141;
0.017180;-0.211329;0.086687;0.076640;0.493755;0.237862;0.379017;
0.017190;-0.212514;0.087465;0.076978;0.498559;0.241773;0.382889;
0.017200;-0.213693;0.088246;0.077319;0.503369;0.245684;0.386755;
0.017210;-0.214868;0.089029;0.077662;0.508184;0.249595;0.390617;
0.017220;-0.216038;0.089814;0.078009;0.513004;0.253506;0.394476;
0.017230;-0.217204;0.090603;0.078358;0.517827;0.257418;0.398330;
0.017240;-0.218364;0.091394;0.078710;0.522652;0.261330;0.402181;
0.017250;-0.219520;0.092187;0.079066;0.527478;0.265243;0.406028;
0.017260;-0.220671;0.092983;0.079424;0.532305;0.269158;0.409873;
0.017270;-0.221816;0.093782;0.079785;0.537130;0.273074;0.413716;
0.017280;-0.222957;0.094584;0.080149;0.541954;0.276992;0.417556;
0.017290;-0.224093;0.095388;0.080516;0.546775;0.280911;0.421395;
0.017300;-0.225224;0.096194;0.080886;0.551591;0.284833;0.425232;
0.017310;-0.226350;0.097003;0.081259;0.556403;0.288757;0.429068;
0.017320;-0.227471;0.097815;0.081635;0.561208;0.292683;0.432902;
0.017330;-0.228587;0.098629;0.082014;0.566006;0.296612;0.436737;
0.017340;-0.229698;0.099446;0.082396;0.570796;0.300545;0.440571;
0.017350;-0.230804;0.100264;0.082781;0.575577;0.304480;0.444405;
0.017360;-0.231904;0.101086;0.083168;0.580348;0.308418;0.448239;
0.017370;-0.233000;0.101910;0.083558;0.585107;0.312360;0.452074;
0.017380;-0.234091;0.102736;0.083951;0.589854;0.316306;0.455909;
0.017390;-0.235177;0.103564;0.084347;0.594587;0.320255;0.459746;
0.017400;-0.236258;0.104394;0.084746;0.599306;0.324209;0.463584;
0.017410;-0.237334;0.105227;0.085147;0.604010;0.328166;0.467423;
0.017420;-0.238405;0.106061;0.085550;0.608698;0.332127;0.471265;
0.017430;-0.239471;0.106898;0.085956;0.613368;0.336093;0.475108;
0.017440;-0.240532;0.107736;0.086365;0.618021;0.340063;0.478954;
0.017450;-0.241588;0.108576;0.086776;0.622654;0.344038;0.482802;
0.017460;-0.242640;0.109418;0.087189;0.627268;0.348017;0.486653;
0.017470;-0.243687;0.110262;0.087605;0.631860;0.352001;0.490507;
0.017480;-0.244729;0.111108;0.088022;0.636431;0.355989;0.494364;
0.017490;-0.245766;0.111954;0.088442;0.640979;0.359983;0.498224;
0.017500;-0.246799;0.112803;0.088864;0.645505;0.363981;0.502088;
0.017510;-0.247827;0.113652;0.089287;0.650006;0.367984;0.505955;
0.017520;-0.248850;0.114503;0.089713;0.654482;0.371992;0.509827;
0.017530;-0.249869;0.115355;0.090140;0.658932;0.376005;0.513702;
0.017540;-0.250883;0.116208;0.090568;0.663356;0.380023;0.517581;
0.017550;-0.251893;0.117062;0.090999;0.667753;0.384046;0.521464;
0.017560;-0.252899;0.117917;0.091430;0.672122;0.388074;0.525351;
0.017570;-0.253900;0.118773;0.091863;0.676463;0.392106;0.529243;
0.017580;-0.254897;0.119629;0.092298;0.680775;0.396144;0.533139;
0.017590;-0.255890;0.120486;0.092733;0.685057;0.400186;0.537039;
0.017600;-0.256879;0.121343;0.093169;0.689309;0.404234;0.540945;
0.017610;-0.257864;0.122201;0.093606;0.693530;0.408286;0.544854;
0.017620;-0.258845;0.123059;0.094045;0.697720;0.412342;0.548769;
0.017630;-0.259822;0.123917;0.094483;0.701878;0.416404;0.552688;
0.017640;-0.260795;0.124775;0.094922;0.706004;0.420470;0.556612;
0.017650;-0.261764;0.125632;0.095362;0.710097;0.424540;0.560540;
0.017660;-0.262729;0.126490;0.095802;0.714157;0.428614;0.564473;
0.017670;-0.263691;0.127347;0.096242;0.718184;0.432693;0.568411;
0.017680;-0.264650;0.128204;0.096683;0.722178;0.436776;0.572354;
0.017690;-0.265605;0.129060;0.097123;0.726137;0.440863;0.576301;
0.017700;-0.266556;0.129915;0.097563;0.730062;0.444953;0.580252;
0.017710;-0.267504;0.130769;0.098003;0.733953;0.449048;0.584208;
0.017720;-0.268449;0.131623;0.098442;0.737808;0.453145;0.588169;
0.017730;-0.269391;0.132475;0.098881;0.741629;0.457246;0.592133;
0.017740;-0.270329;0.133326;0.099319;0.745415;0.461350;0.596102;
0.017750;-0.271265;0.134176;0.099757;0.749166;0.465457;0.600075;
0.017760;-0.272198;0.135025;0.100193;0.752881;0.469567;0.604052;
0.017770;-0.273127;0.135871;0.100629;0.756562;0.473679;0.608033;
0.017780;-0.274054;0.136716;0.101063;0.760207;0.477794;0.612017;
0.017790;-0.274979;0.137560;0.101497;0.763817;0.481911;0.616005;
0.017800;-0.275900;0.138401;0.101928;0.767391;0.486030;0.619996;
0.017810;-0.276819;0.139241;0.102359;0.770931;0.490150;0.623991;
0.017820;-0.277736;0.140078;0.102787;0.774435;0.494272;0.627988;
0.017830;-0.278650;0.140913;0.103214;0.777905;0.498394;0.631988;
0.017840;-0.279562;0.141746;0.103639;0.781340;0.502518;0.635991;
0.017850;-0.280472;0.142576;0.104062;0.784741;0.506643;0.639996;
0.017860;-0.281379;0.143403;0.104483;0.788107;0.510768;0.644003;
0.017870;-0.282285;0.144228;0.104902;0.791439;0.514892;0.648012;
0.017880;-0.283188;0.145050;0.105318;0.794738;0.519017;0.652023;
0.017890;-0.284089;0.145869;0.105732;0.798003;0.523142;0.656036;
0.017900;-0.284989;0.146685;0.106144;0.801236;0.527265;0.660049;
0.017910;-0.285886;0.147499;0.106553;0.804436;0.531388;0.664063;
0.017920;-0.286782;0.148308;0.106959;0.807603;0.535509;0.668078;
0.017930;-0.287677;0.149115;0.107362;0.810739;0.539629;0.672093;
0.017940;-0.288569;0.149918;0.107762;0.813843;0.543747;0.676108;
0.017950;-0.289460;0.150718;0.108160;0.816917;0.547863;0.680123;
0.017960;-0.290350;0.151514;0.108554;0.819960;0.551976;0.684138;
0.017970;-0.291238;0.152306;0.108945;0.822974;0.556086;0.688151;
0.017980;-0.292125;0.153095;0.109333;0.825958;0.560194;0.692164;
0.017990;-0.293010;0.153880;0.109717;0.828913;0.564297;0.696174;
0.018000;-0.293895;0.154661;0.110098;0.831841;0.568398;0.700183;
0.018010;-0.294778;0.155438;0.110475;0.834741;0.572494;0.704190;
0.018020;-0.295659;0.156211;0.110848;0.837614;0.576585;0.708194;
0.018030;-0.296540;0.156980;0.111218;0.840461;0.580672;0.712196;
0.018040;-0.297420;0.157745;0.111584;0.843283;0.584754;0.716194;
0.018050;-0.298298;0.158505;0.111947;0.846080;0.588831;0.720189;
0.018060;-0.299176;0.159261;0.112305;0.848852;0.592902;0.724179;
0.018070;-0.300053;0.160013;0.112659;0.851602;0.596967;0.728166;
0.018080;-0.300929;0.160761;0.113010;0.854329;0.601026;0.732148;
0.018090;-0.301803;0.161504;0.113356;0.857034;0.605078;0.736125;
0.018100;-0.302678;0.162242;0.113698;0.859718;0.609123;0.740096;
0.018110;-0.303551;0.162976;0.114036;0.862382;0.613161;0.744062;
0.018120;-0.304423;0.163706;0.114370;0.865026;0.617192;0.748022;
0.018130;-0.305295;0.164431;0.114700;0.867652;0.621214;0.751976;
0.018140;-0.306166;0.165151;0.115025;0.870259;0.625229;0.755922;
0.018150;-0.307036;0.165866;0.115346;0.872850;0.629235;0.759862;
0.018160;-0.307906;0.166577;0.115662;0.875425;0.633233;0.763794;
0.018170;-0.308775;0.167283;0.115974;0.877984;0.637221;0.767718;
0.018180;-0.309643;0.167985;0.116282;0.880528;0.641200;0.771634;
0.018190;-0.310510;0.168682;0.116586;0.883059;0.645170;0.775542;
0.018200;-0.311377;0.169374;0.116884;0.885577;0.649130;0.779440;
0.018210;-0.312243;0.170061;0.117179;0.888084;0.653080;0.783330;
0.018220;-0.313109;0.170743;0.117469;0.890579;0.657019;0.787209;
0.018230;-0.313973;0.171421;0.117755;0.893063;0.660947;0.791079;
0.018240;-0.314837;0.172094;0.118036;0.895538;0.664865;0.794939;
0.018250;-0.315701;0.172762;0.118313;0.898005;0.668771;0.798787;
0.018260;-0.316564;0.173426;0.118585;0.900464;0.672666;0.802625;
0.018270;-0.317426;0.174085;0.118853;0.902916;0.676550;0.806452;
0.018280;-0.318287;0.174739;0.119116;0.905362;0.680421;0.810267;
0.018290;-0.319147;0.175388;0.119375;0.907803;0.684281;0.814069;
0.018300;-0.320007;0.176033;0.119630;0.910239;0.688128;0.817860;
0.018310;-0.320866;0.176673;0.119881;0.912672;0.691962;0.821638;
0.018320;-0.321724;0.177309;0.120127;0.915102;0.695784;0.825403;
0.018330;-0.322582;0.177940;0.120369;0.917530;0.699592;0.829155;
0.018340;-0.323438;0.178566;0.120607;0.919957;0.703388;0.832894;
0.018350;-0.324293;0.179188;0.120840;0.922384;0.707170;0.836619;
0.018360;-0.325148;0.179806;0.121070;0.924811;0.710939;0.840329;
0.018370;-0.326002;0.180419;0.121295;0.927239;0.714694;0.844026;
0.018380;-0.326854;0.181028;0.121516;0.929668;0.718435;0.847708;
0.018390;-0.327705;0.181633;0.121734;0.932101;0.722162;0.851375;
0.018400;-0.328556;0.182233;0.121947;0.934537;0.725875;0.855027;
0.018410;-0.329405;0.182829;0.122157;0.936976;0.729573;0.858664;
0.018420;-0.330253;0.183421;0.122362;0.939421;0.733257;0.862285;
0.018430;-0.331099;0.184009;0.122564;0.941870;0.736927;0.865890;
0.018440;-0.331944;0.184594;0.122763;0.944326;0.740582;0.869480;
0.018450;-0.332788;0.185174;0.122958;0.946788;0.744223;0.873053;
0.018460;-0.333630;0.185750;0.123149;0.949258;0.747848;0.876610;
0.018470;-0.334471;0.186323;0.123337;0.951735;0.751459;0.880151;
0.018480;-0.335310;0.186891;0.123521;0.954220;0.755054;0.883674;
0.018490;-0.336148;0.187457;0.123702;0.956715;0.758635;0.887181;
0.018500;-0.336984;0.188018;0.123880;0.959218;0.762200;0.890671;
0.018510;-0.337818;0.188576;0.124055;0.961732;0.765750;0.894144;
0.018520;-0.338650;0.189131;0.124227;0.964256;0.769285;0.897599;
0.018530;-0.339480;0.189683;0.124396;0.966791;0.772805;0.901037;
0.018540;-0.340309;0.190231;0.124562;0.969336;0.776310;0.904458;
0.018550;-0.341135;0.190776;0.124725;0.971894;0.779799;0.907860;
0.018560;-0.341959;0.191318;0.124886;0.974463;0.783273;0.911245;
0.018570;-0.342781;0.191857;0.125044;0.977045;0.786732;0.914613;
0.018580;-0.343600;0.192393;0.125200;0.979639;0.790175;0.917962;
0.018590;-0.344417;0.192927;0.125353;0.982246;0.793603;0.921293;
0.018600;-0.345232;0.193457;0.125504;0.984867;0.797016;0.924607;
0.018610;-0.346044;0.193985;0.125653;0.987501;0.800414;0.927902;
0.018620;-0.346853;0.194511;0.125800;0.990148;0.803797;0.931179;
0.018630;-0.347660;0.195034;0.125945;0.992809;0.807164;0.934438;
0.018640;-0.348464;0.195555;0.126087;0.995484;0.810517;0.937679;
0.018650;-0.349265;0.196073;0.126229;0.998174;0.813855;0.940902;
0.018660;-0.350063;0.196590;0.126368;1.000877;0.817178;0.944107;
0.018670;-0.350858;0.197104;0.126506;1.003595;0.820486;0.947294;
0.018680;-0.351650;0.197617;0.126642;1.006327;0.823779;0.950462;
0.018690;-0.352439;0.198127;0.126777;1.009073;0.827058;0.953613;
0.018700;-0.353224;0.198636;0.126911;1.011833;0.830322;0.956746;
0.018710;-0.354006;0.199143;0.127044;1.014608;0.833572;0.959860;
0.018720;-0.354785;0.199648;0.127175;1.017397;0.836808;0.962957;
0.018730;-0.355560;0.200152;0.127306;1.020201;0.840030;0.966036;
0.018740;-0.356331;0.200655;0.127436;1.023018;0.843237;0.969098;
0.018750;-0.357099;0.201156;0.127565;1.025849;0.846431;0.972142;
0.018760;-0.357863;0.201655;0.127693;1.028693;0.849611;0.975168;
0.018770;-0.358623;0.202154;0.127821;1.031551;0.852778;0.978177;
0.018780;-0.359379;0.202652;0.127948;1.034423;0.855931;0.981169;
0.018790;-0.360131;0.203148;0.128075;1.037307;0.859071;0.984143;
0.018800;-0.360879;0.203644;0.128202;1.040204;0.862198;0.987101;
0.018810;-0.361623;0.204139;0.128328;1.043113;0.865312;0.990042;
0.018820;-0.362362;0.204633;0.128455;1.046035;0.868413;0.992966;
0.018830;-0.363097;0.205126;0.128581;1.048968;0.871502;0.995873;
0.018840;-0.363828;0.205619;0.128708;1.051913;0.874579;0.998765;
0.018850;-0.364554;0.206111;0.128834;1.054868;0.877643;1.001640;
0.018860;-0.365275;0.206603;0.128961;1.057834;0.880695;1.004499;
0.018870;-0.365992;0.207095;0.129088;1.060810;0.883736;1.007342;
0.018880;-0.366705;0.207586;0.129216;1.063796;0.886765;1.010170;
0.018890;-0.367412;0.208077;0.129344;1.066790;0.889783;1.012982;
0.018900;-0.368114;0.208567;0.129473;1.069794;0.892789;1.015779;
0.018910;-0.368812;0.209058;0.129602;1.072805;0.895785;1.018561;
0.018920;-0.369505;0.209548;0.129732;1.075824;0.898769;1.021328;
0.018930;-0.370192;0.210039;0.129863;1.078850;0.901744;1.024081;
0.018940;-0.370875;0.210529;0.129995;1.081882;0.904707;1.026819;
0.018950;-0.371552;0.211020;0.130127;1.084919;0.907661;1.029544;
0.018960;-0.372224;0.211510;0.130261;1.087962;0.910605;1.032254;
0.018970;-0.372891;0.212001;0.130396;1.091010;0.913539;1.034951;
0.018980;-0.373553;0.212492;0.130531;1.094061;0.916464;1.037634;
0.018990;-0.374209;0.212983;0.130668;1.097115;0.919379;1.040305;
0.019000;-0.374859;0.213475;0.130806;1.100172;0.922285;1.042962;
0.019010;-0.375505;0.213967;0.130945;1.103230;0.925183;1.045607;
0.019020;-0.376144;0.214459;0.131086;1.106290;0.928072;1.048239;
0.019030;-0.376778;0.214952;0.131228;1.109350;0.930952;1.050859;
0.019040;-0.377407;0.215445;0.131371;1.112409;0.933824;1.053468;
0.019050;-0.378030;0.215939;0.131516;1.115468;0.936688;1.056064;
0.019060;-0.378647;0.216433;0.131662;1.118524;0.939544;1.058650;
0.019070;-0.379258;0.216927;0.131809;1.121578;0.942393;1.061224;
0.019080;-0.379864;0.217422;0.131958;1.124628;0.945234;1.063787;
0.019090;-0.380464;0.217918;0.132109;1.127674;0.948068;1.066340;
0.019100;-0.381058;0.218414;0.132261;1.130715;0.950895;1.068882;
0.019110;-0.381647;0.218911;0.132414;1.133750;0.953715;1.071414;
0.019120;-0.382229;0.219408;0.132569;1.136779;0.956529;1.073937;
0.019130;-0.382806;0.219905;0.132726;1.139801;0.959336;1.076450;
0.019140;-0.383377;0.220403;0.132884;1.142814;0.962136;1.078953;
0.019150;-0.383942;0.220902;0.133043;1.145818;0.964931;1.081447;
0.019160;-0.384501;0.221401;0.133204;1.148813;0.967720;1.083933;
0.019170;-0.385054;0.221901;0.133367;1.151797;0.970503;1.086410;
0.019180;-0.385601;0.222401;0.133532;1.154769;0.973280;1.088878;
0.019190;-0.386142;0.222901;0.133697;1.157730;0.976052;1.091339;
0.019200;-0.386678;0.223402;0.133865;1.160678;0.978818;1.093791;
0.019210;-0.387207;0.223904;0.134033;1.163612;0.981579;1.096236;
0.019220;-0.387731;0.224405;0.134204;1.166531;0.984336;1.098673;
0.019230;-0.388248;0.224907;0.134376;1.169436;0.987087;1.101103;
0.019240;-0.388760;0.225410;0.134549;1.172324;0.989834;1.103526;
0.019250;-0.389266;0.225912;0.134723;1.175196;0.992576;1.105943;
0.019260;-0.389766;0.226415;0.134899;1.178050;0.995313;1.108352;
0.019270;-0.390260;0.226918;0.135076;1.180886;0.998046;1.110755;
0.019280;-0.390748;0.227421;0.135255;1.183702;1.000775;1.113152;
0.019290;-0.391231;0.227925;0.135435;1.186500;1.003500;1.115543;
0.019300;-0.391707;0.228428;0.135616;1.189276;1.006220;1.117929;
0.019310;-0.392178;0.228931;0.135798;1.192032;1.008936;1.120308;
0.019320;-0.392643;0.229434;0.135981;1.194766;1.011649;1.122682;
0.019330;-0.393103;0.229938;0.136165;1.197477;1.014357;1.125051;
0.019340;-0.393557;0.230441;0.136350;1.200166;1.017062;1.127414;
0.019350;-0.394005;0.230943;0.136537;1.202830;1.019763;1.129773;
0.019360;-0.394447;0.231446;0.136724;1.205470;1.022460;1.132126;
0.019370;-0.394884;0.231948;0.136911;1.208085;1.025154;1.134475;
0.019380;-0.395315;0.232449;0.137100;1.210675;1.027844;1.136819;
0.019390;-0.395741;0.232950;0.137289;1.213238;1.030530;1.139159;
0.019400;-0.396161;0.233451;0.137479;1.215775;1.033212;1.141494;
0.019410;-0.396576;0.233951;0.137670;1.218284;1.035892;1.143825;
0.019420;-0.396986;0.234450;0.137861;1.220766;1.038567;1.146151;
0.019430;-0.397390;0.234948;0.138052;1.223219;1.041239;1.148474;
0.019440;-0.397789;0.235446;0.138243;1.225644;1.043907;1.150792;
0.019450;-0.398183;0.235942;0.138435;1.228039;1.046572;1.153107;
0.019460;-0.398571;0.236437;0.138627;1.230405;1.049233;1.155417;
0.019470;-0.398955;0.236932;0.138819;1.232740;1.051890;1.157724;
0.019480;-0.399333;0.237425;0.139011;1.235045;1.054543;1.160026;
0.019490;-0.399706;0.237917;0.139203;1.237319;1.057193;1.162325;
0.019500;-0.400075;0.238407;0.139395;1.239562;1.059839;1.164621;
0.019510;-0.400438;0.238896;0.139586;1.241774;1.062481;1.166912;
0.019520;-0.400797;0.239384;0.139778;1.243953;1.065119;1.169200;
0.019530;-0.401151;0.239869;0.139968;1.246101;1.067753;1.171484;
0.019540;-0.401500;0.240353;0.140158;1.248216;1.070383;1.173764;
0.019550;-0.401844;0.240836;0.140348;1.250298;1.073008;1.176040;
0.019560;-0.402184;0.241316;0.140537;1.252348;1.075629;1.178312;
0.019570;-0.402519;0.241794;0.140725;1.254364;1.078246;1.180581;
0.019580;-0.402850;0.242271;0.140912;1.256348;1.080858;1.182846;
0.019590;-0.403176;0.242745;0.141098;1.258298;1.083466;1.185106;
0.019600;-0.403498;0.243216;0.141283;1.260214;1.086069;1.187363;
0.019610;-0.403816;0.243686;0.141467;1.262097;1.088666;1.189616;
0.019620;-0.404129;0.244153;0.141650;1.263947;1.091259;1.191864;
0.019630;-0.404438;0.244618;0.141831;1.265763;1.093846;1.194108;
0.019640;-0.404744;0.245079;0.142011;1.267545;1.096429;1.196348;
0.019650;-0.405045;0.245539;0.142189;1.269293;1.099005;1.198583;
0.019660;-0.405342;0.245995;0.142365;1.271008;1.101576;1.200814;
0.019670;-0.405635;0.246449;0.142540;1.272690;1.104141;1.203040;
0.019680;-0.405924;0.246899;0.142714;1.274337;1.106700;1.205261;
0.019690;-0.406210;0.247347;0.142885;1.275952;1.109253;1.207478;
0.019700;-0.406492;0.247791;0.143054;1.277533;1.111799;1.209689;
0.019710;-0.406770;0.248232;0.143221;1.279081;1.114339;1.211895;
0.019720;-0.407044;0.248670;0.143386;1.280597;1.116872;1.214095;
0.019730;-0.407315;0.249105;0.143549;1.282079;1.119398;1.216290;
0.019740;-0.407583;0.249536;0.143709;1.283529;1.121917;1.218479;
0.019750;-0.407847;0.249963;0.143867;1.284947;1.124428;1.220662;
0.019760;-0.408108;0.250387;0.144023;1.286333;1.126932;1.222839;
0.019770;-0.408365;0.250808;0.144176;1.287687;1.129428;1.225010;
0.019780;-0.408619;0.251224;0.144326;1.289009;1.131917;1.227174;
0.019790;-0.408870;0.251637;0.144473;1.290301;1.134397;1.229331;
0.019800;-0.409118;0.252046;0.144618;1.291561;1.136868;1.231482;
0.019810;-0.409363;0.252450;0.144760;1.292792;1.139331;1.233625;
0.019820;-0.409604;0.252851;0.144899;1.293992;1.141785;1.235761;
0.019830;-0.409843;0.253248;0.145035;1.295163;1.144230;1.237889;
0.019840;-0.410079;0.253640;0.145168;1.296304;1.146665;1.240010;
0.019850;-0.410312;0.254029;0.145297;1.297417;1.149091;1.242123;
0.019860;-0.410542;0.254413;0.145424;1.298502;1.151507;1.244227;
0.019870;-0.410769;0.254792;0.145547;1.299559;1.153913;1.246323;
0.019880;-0.410993;0.255168;0.145667;1.300588;1.156309;1.248410;
0.019890;-0.411215;0.255538;0.145783;1.301591;1.158694;1.250488;
0.019900;-0.411434;0.255905;0.145896;1.302567;1.161069;1.252557;
0.019910;-0.411651;0.256267;0.146006;1.303518;1.163432;1.254616;
0.019920;-0.411864;0.256624;0.146112;1.304443;1.165785;1.256665;
0.019930;-0.412076;0.256977;0.146214;1.305344;1.168125;1.258705;
0.019940;-0.412284;0.257325;0.146313;1.306220;1.170455;1.260734;
0.019950;-0.412491;0.257668;0.146408;1.307073;1.172772;1.262752;
0.019960;-0.412694;0.258007;0.146499;1.307903;1.175077;1.264760;
0.019970;-0.412896;0.258340;0.146587;1.308711;1.177370;1.266757;
0.019980;-0.413095;0.258670;0.146671;1.309497;1.179651;1.268742;
0.019990;-0.413291;0.258994;0.146751;1.310262;1.181918;1.270716;
0.020000;-0.413485;0.259313;0.146827;1.311007;1.184172;1.272678;
0.020010;-0.413677;0.259628;0.146899;1.311732;1.186414;1.274628;
0.020020;-0.413867;0.259937;0.146968;1.312437;1.188641;1.276565;
0.020030;-0.414054;0.260242;0.147032;1.313124;1.190855;1.278490;
0.020040;-0.414239;0.260542;0.147093;1.313794;1.193055;1.280402;
0.020050;-0.414421;0.260837;0.147150;1.314445;1.195241;1.282300;
0.020060;-0.414602;0.261127;0.147203;1.315081;1.197413;1.284186;
0.020070;-0.414780;0.261412;0.147251;1.315700;1.199570;1.286057;
0.020080;-0.414955;0.261693;0.147296;1.316304;1.201713;1.287915;
0.020090;-0.415129;0.261968;0.147337;1.316894;1.203840;1.289758;
0.020100;-0.415300;0.262238;0.147374;1.317469;1.205953;1.291587;
0.020110;-0.415469;0.262504;0.147407;1.318032;1.208050;1.293401;
0.020120;-0.415636;0.262765;0.147436;1.318581;1.210131;1.295200;
0.020130;-0.415801;0.263020;0.147462;1.319119;1.212197;1.296984;
0.020140;-0.415963;0.263271;0.147483;1.319645;1.214247;1.298753;
0.020150;-0.416123;0.263517;0.147500;1.320161;1.216282;1.300505;
0.020160;-0.416280;0.263758;0.147514;1.320667;1.218299;1.302242;
0.020170;-0.416436;0.263995;0.147523;1.321163;1.220301;1.303963;
0.020180;-0.416589;0.264226;0.147529;1.321651;1.222286;1.305668;
0.020190;-0.416739;0.264453;0.147531;1.322130;1.224255;1.307356;
0.020200;-0.416888;0.264675;0.147529;1.322602;1.226207;1.309027;
0.020210;-0.417034;0.264892;0.147524;1.323067;1.228141;1.310681;
0.020220;-0.417177;0.265105;0.147514;1.323526;1.230059;1.312318;
0.020230;-0.417318;0.265313;0.147501;1.323979;1.231960;1.313937;
0.020240;-0.417457;0.265516;0.147485;1.324427;1.233843;1.315539;
0.020250;-0.417593;0.265715;0.147465;1.324870;1.235710;1.317123;
0.020260;-0.417727;0.265910;0.147441;1.325310;1.237558;1.318689;
0.020270;-0.417858;0.266100;0.147414;1.325746;1.239389;1.320238;
0.020280;-0.417987;0.266285;0.147383;1.326179;1.241202;1.321767;
0.020290;-0.418113;0.266466;0.147349;1.326610;1.242998;1.323279;
0.020300;-0.418236;0.266643;0.147311;1.327039;1.244776;1.324771;
0.020310;-0.418357;0.266816;0.147270;1.327467;1.246536;1.326245;
0.020320;-0.418475;0.266984;0.147226;1.327894;1.248277;1.327701;
0.020330;-0.418590;0.267148;0.147179;1.328320;1.250001;1.329137;
0.020340;-0.418703;0.267308;0.147129;1.328746;1.251707;1.330554;
0.020350;-0.418812;0.267464;0.147075;1.329173;1.253395;1.331951;
0.020360;-0.418919;0.267616;0.147019;1.329601;1.255064;1.333330;
0.020370;-0.419023;0.267764;0.146960;1.330030;1.256715;1.334688;
0.020380;-0.419124;0.267909;0.146897;1.330461;1.258348;1.336028;
0.020390;-0.419221;0.268049;0.146832;1.330894;1.259963;1.337347;
0.020400;-0.419316;0.268186;0.146765;1.331329;1.261560;1.338647;
0.020410;-0.419408;0.268319;0.146694;1.331767;1.263138;1.339927;
0.020420;-0.419496;0.268449;0.146621;1.332208;1.264698;1.341187;
0.020430;-0.419581;0.268575;0.146546;1.332652;1.266240;1.342428;
0.020440;-0.419663;0.268697;0.146468;1.333100;1.267763;1.343648;
0.020450;-0.419742;0.268816;0.146387;1.333552;1.269269;1.344848;
0.020460;-0.419817;0.268932;0.146305;1.334008;1.270756;1.346028;
0.020470;-0.419888;0.269045;0.146220;1.334468;1.272225;1.347189;
0.020480;-0.419957;0.269154;0.146133;1.334933;1.273676;1.348329;
0.020490;-0.420021;0.269261;0.146044;1.335402;1.275109;1.349449;
0.020500;-0.420082;0.269364;0.145953;1.335876;1.276524;1.350549;
0.020510;-0.420140;0.269464;0.145860;1.336355;1.277921;1.351628;
0.020520;-0.420193;0.269562;0.145766;1.336839;1.279300;1.352688;
0.020530;-0.420243;0.269657;0.145669;1.337328;1.280661;1.353728;
0.020540;-0.420289;0.269749;0.145571;1.337823;1.282005;1.354747;
0.020550;-0.420331;0.269838;0.145471;1.338322;1.283331;1.355747;
0.020560;-0.420369;0.269925;0.145370;1.338827;1.284639;1.356727;
0.020570;-0.420403;0.270009;0.145268;1.339337;1.285930;1.357687;
0.020580;-0.420433;0.270091;0.145164;1.339852;1.287204;1.358626;
0.020590;-0.420459;0.270170;0.145058;1.340373;1.288460;1.359547;
0.020600;-0.420480;0.270247;0.144952;1.340898;1.289699;1.360447;
0.020610;-0.420498;0.270322;0.144845;1.341429;1.290922;1.361328;
0.020620;-0.420511;0.270395;0.144736;1.341965;1.292127;1.362190;
0.020630;-0.420519;0.270465;0.144627;1.342505;1.293316;1.363032;
0.020640;-0.420524;0.270534;0.144516;1.343050;1.294487;1.363854;
0.020650;-0.420523;0.270600;0.144405;1.343600;1.295643;1.364658;
0.020660;-0.420519;0.270665;0.144293;1.344154;1.296782;1.365442;
0.020670;-0.420509;0.270728;0.144181;1.344712;1.297905;1.366208;
0.020680;-0.420495;0.270789;0.144068;1.345274;1.299011;1.366954;
0.020690;-0.420477;0.270849;0.143954;1.345839;1.300102;1.367682;
0.020700;-0.420453;0.270906;0.143840;1.346408;1.301177;1.368392;
0.020710;-0.420425;0.270963;0.143726;1.346980;1.302236;1.369083;
0.020720;-0.420392;0.271017;0.143611;1.347555;1.303280;1.369755;
0.020730;-0.420353;0.271070;0.143496;1.348133;1.304309;1.370410;
0.020740;-0.420310;0.271122;0.143381;1.348713;1.305322;1.371046;
0.020750;-0.420262;0.271173;0.143265;1.349294;1.306320;1.371665;
0.020760;-0.420209;0.271222;0.143150;1.349877;1.307304;1.372266;
0.020770;-0.420151;0.271270;0.143035;1.350461;1.308273;1.372850;
0.020780;-0.420088;0.271317;0.142920;1.351046;1.309227;1.373416;
0.020790;-0.420019;0.271362;0.142805;1.351632;1.310167;1.373965;
0.020800;-0.419946;0.271407;0.142690;1.352217;1.311093;1.374498;
0.020810;-0.419867;0.271450;0.142575;1.352801;1.312005;1.375014;
0.020820;-0.419782;0.271492;0.142461;1.353385;1.312903;1.375513;
0.020830;-0.419693;0.271534;0.142346;1.353967;1.313787;1.375995;
0.020840;-0.419598;0.271574;0.142233;1.354547;1.314658;1.376462;
0.020850;-0.419497;0.271614;0.142119;1.355125;1.315516;1.376913;
0.020860;-0.419392;0.271653;0.142007;1.355700;1.316360;1.377348;
0.020870;-0.419280;0.271690;0.141894;1.356271;1.317192;1.377767;
0.020880;-0.419163;0.271727;0.141782;1.356838;1.318011;1.378171;
0.020890;-0.419041;0.271764;0.141671;1.357401;1.318817;1.378560;
0.020900;-0.418913;0.271799;0.141560;1.357959;1.319611;1.378935;
0.020910;-0.418780;0.271834;0.141450;1.358512;1.320393;1.379294;
0.020920;-0.418641;0.271868;0.141341;1.359058;1.321162;1.379639;
0.020930;-0.418496;0.271901;0.141232;1.359598;1.321920;1.379969;
0.020940;-0.418346;0.271934;0.141124;1.360131;1.322666;1.380286;
0.020950;-0.418190;0.271966;0.141017;1.360655;1.323400;1.380589;
0.020960;-0.418028;0.271997;0.140910;1.361172;1.324123;1.380878;
0.020970;-0.417861;0.272028;0.140805;1.361679;1.324835;1.381153;
0.020980;-0.417688;0.272058;0.140700;1.362177;1.325535;1.381416;
0.020990;-0.417509;0.272087;0.140595;1.362665;1.326225;1.381665;
0.021000;-0.417325;0.272116;0.140492;1.363142;1.326904;1.381902;
0.021010;-0.417135;0.272144;0.140389;1.363608;1.327572;1.382125;
0.021020;-0.416939;0.272171;0.140287;1.364062;1.328229;1.382337;
0.021030;-0.416737;0.272198;0.140186;1.364504;1.328877;1.382536;
0.021040;-0.416530;0.272224;0.140086;1.364933;1.329514;1.382724;
0.021050;-0.416317;0.272249;0.139986;1.365348;1.330141;1.382899;
0.021060;-0.416098;0.272274;0.139888;1.365749;1.330758;1.383063;
0.021070;-0.415874;0.272298;0.139790;1.366135;1.331366;1.383215;
0.021080;-0.415644;0.272321;0.139692;1.366506;1.331963;1.383357;
0.021090;-0.415408;0.272344;0.139596;1.366860;1.332551;1.383487;
0.021100;-0.415166;0.272366;0.139500;1.367199;1.333130;1.383606;
0.021110;-0.414919;0.272387;0.139405;1.367520;1.333699;1.383715;
0.021120;-0.414666;0.272407;0.139311;1.367824;1.334259;1.383813;
0.021130;-0.414408;0.272427;0.139217;1.368110;1.334810;1.383901;
0.021140;-0.414144;0.272445;0.139124;1.368377;1.335352;1.383979;
0.021150;-0.413874;0.272463;0.139032;1.368624;1.335885;1.384046;
0.021160;-0.413599;0.272480;0.138940;1.368852;1.336410;1.384104;
0.021170;-0.413318;0.272495;0.138849;1.369060;1.336925;1.384152;
0.021180;-0.413032;0.272510;0.138758;1.369247;1.337432;1.384191;
0.021190;-0.412740;0.272524;0.138668;1.369412;1.337930;1.384220;
0.021200;-0.412443;0.272537;0.138578;1.369556;1.338419;1.384240;
0.021210;-0.412140;0.272548;0.138488;1.369678;1.338900;1.384251;
0.021220;-0.411832;0.272559;0.138399;1.369777;1.339373;1.384253;
0.021230;-0.411518;0.272568;0.138310;1.369852;1.339837;1.384246;
0.021240;-0.411200;0.272576;0.138222;1.369904;1.340293;1.384230;
0.021250;-0.410876;0.272583;0.138133;1.369932;1.340741;1.384205;
0.021260;-0.410546;0.272588;0.138045;1.369936;1.341180;1.384173;
0.021270;-0.410211;0.272592;0.137957;1.369915;1.341611;1.384131;
0.021280;-0.409872;0.272595;0.137869;1.369868;1.342034;1.384081;
0.021290;-0.409527;0.272596;0.137781;1.369796;1.342449;1.384023;
0.021300;-0.409177;0.272595;0.137693;1.369698;1.342855;1.383957;
0.021310;-0.408822;0.272593;0.137605;1.369574;1.343254;1.383883;
0.021320;-0.408461;0.272589;0.137517;1.369422;1.343644;1.383801;
0.021330;-0.408096;0.272584;0.137428;1.369244;1.344026;1.383710;
0.021340;-0.407726;0.272577;0.137340;1.369039;1.344400;1.383612;
0.021350;-0.407351;0.272567;0.137250;1.368806;1.344765;1.383506;
0.021360;-0.406972;0.272556;0.137161;1.368546;1.345123;1.383392;
0.021370;-0.406587;0.272543;0.137071;1.368257;1.345472;1.383270;
0.021380;-0.406198;0.272528;0.136980;1.367940;1.345812;1.383141;
0.021390;-0.405804;0.272511;0.136889;1.367595;1.346145;1.383004;
0.021400;-0.405405;0.272492;0.136798;1.367221;1.346469;1.382859;
0.021410;-0.405002;0.272470;0.136705;1.366818;1.346784;1.382706;
0.021420;-0.404594;0.272446;0.136612;1.366386;1.347091;1.382546;
0.021430;-0.404182;0.272420;0.136518;1.365925;1.347390;1.382377;
0.021440;-0.403766;0.272392;0.136423;1.365435;1.347680;1.382202;
0.021450;-0.403345;0.272361;0.136327;1.364915;1.347961;1.382018;
0.021460;-0.402920;0.272327;0.136229;1.364366;1.348234;1.381826;
0.021470;-0.402490;0.272291;0.136131;1.363788;1.348497;1.381627;
0.021480;-0.402057;0.272252;0.136032;1.363180;1.348752;1.381420;
0.021490;-0.401619;0.272210;0.135931;1.362542;1.348997;1.381205;
0.021500;-0.401177;0.272166;0.135829;1.361875;1.349234;1.380982;
0.021510;-0.400731;0.272119;0.135726;1.361179;1.349461;1.380751;
0.021520;-0.400281;0.272069;0.135621;1.360453;1.349679;1.380512;
0.021530;-0.399827;0.272016;0.135514;1.359697;1.349888;1.380265;
0.021540;-0.399370;0.271959;0.135406;1.358912;1.350087;1.380010;
0.021550;-0.398908;0.271900;0.135297;1.358098;1.350276;1.379746;
0.021560;-0.398443;0.271838;0.135185;1.357254;1.350456;1.379474;
0.021570;-0.397974;0.271772;0.135072;1.356382;1.350625;1.379194;
0.021580;-0.397501;0.271703;0.134957;1.355480;1.350785;1.378905;
0.021590;-0.397025;0.271631;0.134840;1.354550;1.350934;1.378607;
0.021600;-0.396545;0.271555;0.134721;1.353591;1.351074;1.378301;
0.021610;-0.396062;0.271476;0.134600;1.352604;1.351202;1.377985;
0.021620;-0.395575;0.271393;0.134477;1.351589;1.351321;1.377661;
0.021630;-0.395085;0.271307;0.134352;1.350545;1.351428;1.377327;
0.021640;-0.394592;0.271217;0.134224;1.349474;1.351525;1.376985;
0.021650;-0.394095;0.271124;0.134095;1.348375;1.351611;1.376632;
0.021660;-0.393595;0.271027;0.133963;1.347249;1.351685;1.376271;
0.021670;-0.393092;0.270926;0.133828;1.346096;1.351748;1.375899;
0.021680;-0.392585;0.270821;0.133691;1.344917;1.351800;1.375518;
0.021690;-0.392076;0.270712;0.133552;1.343711;1.351840;1.375127;
0.021700;-0.391563;0.270600;0.133410;1.342480;1.351869;1.374726;
0.021710;-0.391048;0.270483;0.133265;1.341222;1.351886;1.374315;
0.021720;-0.390529;0.270363;0.133118;1.339940;1.351890;1.373893;
0.021730;-0.390008;0.270238;0.132968;1.338632;1.351882;1.373460;
0.021740;-0.389484;0.270110;0.132816;1.337300;1.351862;1.373017;
0.021750;-0.388957;0.269977;0.132660;1.335944;1.351830;1.372563;
0.021760;-0.388427;0.269840;0.132502;1.334564;1.351784;1.372098;
0.021770;-0.387894;0.269699;0.132341;1.333161;1.351726;1.371622;
0.021780;-0.387358;0.269554;0.132178;1.331735;1.351655;1.371134;
0.021790;-0.386820;0.269405;0.132011;1.330287;1.351571;1.370634;
0.021800;-0.386279;0.269251;0.131841;1.328816;1.351473;1.370123;
0.021810;-0.385736;0.269093;0.131668;1.327324;1.351362;1.369600;
0.021820;-0.385190;0.268931;0.131493;1.325811;1.351237;1.369065;
0.021830;-0.384641;0.268764;0.131314;1.324278;1.351099;1.368517;
0.021840;-0.384090;0.268593;0.131132;1.322724;1.350946;1.367957;
0.021850;-0.383536;0.268418;0.130947;1.321151;1.350779;1.367384;
0.021860;-0.382980;0.268239;0.130759;1.319559;1.350598;1.366799;
0.021870;-0.382422;0.268055;0.130568;1.317948;1.350403;1.366200;
0.021880;-0.381860;0.267866;0.130374;1.316319;1.350193;1.365588;
0.021890;-0.381297;0.267673;0.130177;1.314672;1.349968;1.364963;
0.021900;-0.380731;0.267476;0.129976;1.313008;1.349729;1.364324;
0.021910;-0.380163;0.267275;0.129773;1.311328;1.349475;1.363672;
0.021920;-0.379592;0.267069;0.129566;1.309632;1.349205;1.363005;
0.021930;-0.379019;0.266858;0.129356;1.307920;1.348920;1.362325;
0.021940;-0.378443;0.266643;0.129143;1.306193;1.348620;1.361630;
0.021950;-0.377865;0.266424;0.128927;1.304451;1.348304;1.360921;
0.021960;-0.377285;0.266200;0.128707;1.302696;1.347972;1.360197;
0.021970;-0.376703;0.265972;0.128484;1.300927;1.347625;1.359458;
0.021980;-0.376118;0.265740;0.128259;1.299145;1.347262;1.358704;
0.021990;-0.375531;0.265503;0.128030;1.297351;1.346882;1.357936;
0.022000;-0.374942;0.265262;0.127797;1.295545;1.346487;1.357152;
0.022010;-0.374350;0.265016;0.127562;1.293728;1.346075;1.356352;
0.022020;-0.373756;0.264766;0.127324;1.291900;1.345647;1.355537;
0.022030;-0.373160;0.264512;0.127082;1.290061;1.345203;1.354706;
0.022040;-0.372561;0.264254;0.126838;1.288213;1.344741;1.353859;
0.022050;-0.371960;0.263991;0.126590;1.286356;1.344264;1.352996;
0.022060;-0.371357;0.263724;0.126340;1.284489;1.343769;1.352117;
0.022070;-0.370751;0.263453;0.126086;1.282614;1.343258;1.351222;
0.022080;-0.370143;0.263178;0.125829;1.280732;1.342729;1.350310;
0.022090;-0.369533;0.262898;0.125570;1.278842;1.342184;1.349381;
0.022100;-0.368921;0.262614;0.125307;1.276945;1.341622;1.348436;
0.022110;-0.368306;0.262327;0.125042;1.275042;1.341042;1.347474;
0.022120;-0.367688;0.262035;0.124774;1.273133;1.340445;1.346495;
0.022130;-0.367068;0.261739;0.124502;1.271218;1.339831;1.345499;
0.022140;-0.366446;0.261439;0.124229;1.269298;1.339200;1.344485;
0.022150;-0.365821;0.261136;0.123952;1.267374;1.338551;1.343455;
0.022160;-0.365194;0.260828;0.123673;1.265445;1.337885;1.342407;
0.022170;-0.364565;0.260517;0.123391;1.263513;1.337201;1.341341;
0.022180;-0.363933;0.260201;0.123106;1.261577;1.336500;1.340258;
0.022190;-0.363298;0.259882;0.122819;1.259638;1.335781;1.339157;
0.022200;-0.362661;0.259560;0.122529;1.257697;1.335045;1.338039;
0.022210;-0.362021;0.259233;0.122237;1.255753;1.334292;1.336902;
0.022220;-0.361379;0.258903;0.121943;1.253807;1.333520;1.335748;
0.022230;-0.360734;0.258570;0.121646;1.251859;1.332731;1.334576;
0.022240;-0.360086;0.258233;0.121347;1.249911;1.331925;1.333386;
0.022250;-0.359436;0.257892;0.121045;1.247961;1.331101;1.332177;
0.022260;-0.358783;0.257548;0.120741;1.246010;1.330260;1.330951;
0.022270;-0.358127;0.257201;0.120436;1.244060;1.329400;1.329707;
0.022280;-0.357469;0.256851;0.120128;1.242109;1.328524;1.328444;
0.022290;-0.356807;0.256497;0.119818;1.240158;1.327630;1.327163;
0.022300;-0.356143;0.256140;0.119506;1.238207;1.326718;1.325864;
0.022310;-0.355476;0.255780;0.119192;1.236257;1.325789;1.324547;
0.022320;-0.354806;0.255417;0.118876;1.234308;1.324842;1.323212;
0.022330;-0.354133;0.255051;0.118559;1.232360;1.323879;1.321858;
0.022340;-0.353457;0.254681;0.118239;1.230413;1.322897;1.320486;
0.022350;-0.352778;0.254309;0.117918;1.228467;1.321899;1.319096;
0.022360;-0.352096;0.253935;0.117596;1.226523;1.320883;1.317688;
0.022370;-0.351411;0.253557;0.117272;1.224581;1.319851;1.316262;
0.022380;-0.350723;0.253177;0.116946;1.222640;1.318801;1.314817;
0.022390;-0.350032;0.252794;0.116619;1.220701;1.317734;1.313355;
0.022400;-0.349337;0.252408;0.116291;1.218764;1.316650;1.311874;
0.022410;-0.348639;0.252020;0.115961;1.216828;1.315550;1.310375;
0.022420;-0.347938;0.251630;0.115630;1.214895;1.314432;1.308859;
0.022430;-0.347234;0.251237;0.115298;1.212964;1.313298;1.307324;
0.022440;-0.346526;0.250841;0.114965;1.211035;1.312148;1.305772;
0.022450;-0.345815;0.250444;0.114631;1.209108;1.310981;1.304202;
0.022460;-0.345101;0.250044;0.114295;1.207183;1.309797;1.302614;
0.022470;-0.344383;0.249642;0.113959;1.205260;1.308598;1.301009;
0.022480;-0.343661;0.249238;0.113622;1.203339;1.307382;1.299386;
0.022490;-0.342936;0.248832;0.113284;1.201421;1.306150;1.297745;
0.022500;-0.342208;0.248424;0.112946;1.199503;1.304902;1.296088;
0.022510;-0.341476;0.248013;0.112607;1.197588;1.303639;1.294413;
0.022520;-0.340740;0.247601;0.112267;1.195675;1.302360;1.292721;
0.022530;-0.340000;0.247188;0.111926;1.193762;1.301065;1.291012;
0.022540;-0.339257;0.246772;0.111585;1.191852;1.299755;1.289286;
0.022550;-0.338510;0.246355;0.111244;1.189942;1.298429;1.287543;
0.022560;-0.337760;0.245936;0.110902;1.188034;1.297088;1.285784;
0.022570;-0.337005;0.245515;0.110560;1.186127;1.295733;1.284008;
0.022580;-0.336247;0.245093;0.110218;1.184220;1.294362;1.282216;
0.022590;-0.335485;0.244669;0.109875;1.182314;1.292977;1.280408;
0.022600;-0.334719;0.244244;0.109533;1.180408;1.291577;1.278583;
0.022610;-0.333949;0.243817;0.109190;1.178502;1.290162;1.276742;
0.022620;-0.333175;0.243389;0.108847;1.176596;1.288734;1.274886;
0.022630;-0.332397;0.242959;0.108504;1.174690;1.287291;1.273014;
0.022640;-0.331615;0.242529;0.108161;1.172783;1.285834;1.271127;
0.022650;-0.330829;0.242097;0.107818;1.170875;1.284363;1.269224;
0.022660;-0.330039;0.241664;0.107475;1.168965;1.282879;1.267306;
0.022670;-0.329244;0.241229;0.107132;1.167055;1.281381;1.265373;
0.022680;-0.328446;0.240794;0.106790;1.165142;1.279870;1.263425;
0.022690;-0.327644;0.240357;0.106448;1.163227;1.278345;1.261462;
0.022700;-0.326837;0.239919;0.106106;1.161309;1.276807;1.259485;
0.022710;-0.326026;0.239481;0.105764;1.159389;1.275257;1.257494;
0.022720;-0.325212;0.239041;0.105423;1.157466;1.273693;1.255488;
0.022730;-0.324392;0.238600;0.105082;1.155538;1.272117;1.253469;
0.022740;-0.323569;0.238158;0.104742;1.153607;1.270529;1.251436;
0.022750;-0.322742;0.237716;0.104402;1.151672;1.268928;1.249389;
0.022760;-0.321910;0.237272;0.104062;1.149732;1.267315;1.247328;
0.022770;-0.321074;0.236828;0.103723;1.147787;1.265690;1.245255;
0.022780;-0.320233;0.236383;0.103385;1.145836;1.264053;1.243168;
0.022790;-0.319389;0.235937;0.103047;1.143880;1.262404;1.241068;
0.022800;-0.318540;0.235490;0.102709;1.141917;1.260744;1.238956;
0.022810;-0.317687;0.235042;0.102372;1.139948;1.259073;1.236831;
0.022820;-0.316829;0.234594;0.102036;1.137971;1.257390;1.234694;
0.022830;-0.315967;0.234144;0.101701;1.135987;1.255696;1.232544;
0.022840;-0.315101;0.233694;0.101366;1.133996;1.253991;1.230383;
0.022850;-0.314231;0.233244;0.101031;1.131995;1.252275;1.228210;
0.022860;-0.313356;0.232792;0.100698;1.129986;1.250549;1.226025;
0.022870;-0.312477;0.232340;0.100365;1.127968;1.248812;1.223829;
0.022880;-0.311594;0.231887;0.100032;1.125941;1.247064;1.221622;
0.022890;-0.310706;0.231433;0.099701;1.123903;1.245307;1.219403;
0.022900;-0.309814;0.230979;0.099370;1.121855;1.243539;1.217174;
0.022910;-0.308918;0.230523;0.099039;1.119796;1.241761;1.214934;
0.022920;-0.308017;0.230067;0.098710;1.117726;1.239973;1.212683;
0.022930;-0.307113;0.229611;0.098381;1.115644;1.238175;1.210422;
0.022940;-0.306204;0.229153;0.098052;1.113550;1.236368;1.208151;
0.022950;-0.305291;0.228695;0.097725;1.111443;1.234551;1.205870;
0.022960;-0.304373;0.228236;0.097398;1.109324;1.232725;1.203578;
0.022970;-0.303452;0.227776;0.097071;1.107191;1.230890;1.201278;
0.022980;-0.302526;0.227316;0.096745;1.105045;1.229045;1.198967;
0.022990;-0.301596;0.226854;0.096420;1.102884;1.227191;1.196647;
0.023000;-0.300662;0.226392;0.096096;1.100709;1.225328;1.194318;
0.023010;-0.299723;0.225929;0.095772;1.098518;1.223456;1.191980;
0.023020;-0.298781;0.225465;0.095448;1.096313;1.221576;1.189633;
0.023030;-0.297835;0.225000;0.095125;1.094092;1.219687;1.187277;
0.023040;-0.296884;0.224535;0.094803;1.091855;1.217789;1.184913;
0.023050;-0.295930;0.224068;0.094481;1.089601;1.215882;1.182540;
0.023060;-0.294971;0.223600;0.094160;1.087330;1.213967;1.180158;
0.023070;-0.294009;0.223132;0.093839;1.085043;1.212043;1.177769;
0.023080;-0.293042;0.222662;0.093518;1.082738;1.210112;1.175371;
0.023090;-0.292072;0.222192;0.093198;1.080415;1.208171;1.172965;
0.023100;-0.291098;0.221720;0.092878;1.078074;1.206223;1.170551;
0.023110;-0.290120;0.221247;0.092558;1.075715;1.204267;1.168129;
0.023120;-0.289138;0.220773;0.092239;1.073337;1.202302;1.165700;
0.023130;-0.288152;0.220298;0.091920;1.070940;1.200329;1.163263;
0.023140;-0.287163;0.219822;0.091601;1.068524;1.198348;1.160819;
0.023150;-0.286170;0.219344;0.091283;1.066088;1.196360;1.158367;
0.023160;-0.285173;0.218865;0.090964;1.063632;1.194363;1.155908;
0.023170;-0.284173;0.218385;0.090646;1.061157;1.192358;1.153442;
0.023180;-0.283169;0.217904;0.090327;1.058661;1.190346;1.150968;
0.023190;-0.282162;0.217421;0.090009;1.056144;1.188325;1.148488;
0.023200;-0.281151;0.216937;0.089690;1.053607;1.186297;1.146000;
0.023210;-0.280137;0.216451;0.089372;1.051049;1.184261;1.143506;
0.023220;-0.279119;0.215964;0.089053;1.048470;1.182217;1.141005;
0.023230;-0.278098;0.215475;0.088735;1.045869;1.180165;1.138497;
0.023240;-0.277073;0.214984;0.088416;1.043247;1.178105;1.135982;
0.023250;-0.276046;0.214492;0.088096;1.040604;1.176037;1.133460;
0.023260;-0.275015;0.213999;0.087777;1.037938;1.173962;1.130932;
0.023270;-0.273981;0.213503;0.087457;1.035251;1.171879;1.128397;
0.023280;-0.272944;0.213006;0.087137;1.032543;1.169787;1.125855;
0.023290;-0.271903;0.212507;0.086816;1.029812;1.167688;1.123307;
0.023300;-0.270860;0.212006;0.086495;1.027059;1.165581;1.120752;
0.023310;-0.269814;0.211503;0.086173;1.024283;1.163466;1.118191;
0.023320;-0.268764;0.210999;0.085850;1.021486;1.161343;1.115623;
0.023330;-0.267712;0.210492;0.085527;1.018667;1.159212;1.113049;
0.023340;-0.266657;0.209983;0.085204;1.015825;1.157073;1.110468;
0.023350;-0.265599;0.209473;0.084879;1.012961;1.154926;1.107880;
0.023360;-0.264539;0.208960;0.084554;1.010074;1.152771;1.105286;
0.023370;-0.263476;0.208445;0.084228;1.007166;1.150607;1.102685;
0.023380;-0.262410;0.207928;0.083901;1.004235;1.148435;1.100078;
0.023390;-0.261341;0.207408;0.083573;1.001282;1.146255;1.097464;
0.023400;-0.260270;0.206886;0.083244;0.998307;1.144067;1.094843;
0.023410;-0.259197;0.206362;0.082914;0.995310;1.141870;1.092215;
0.023420;-0.258121;0.205836;0.082583;0.992291;1.139664;1.089581;
0.023430;-0.257043;0.205307;0.082251;0.989251;1.137450;1.086940;
0.023440;-0.255962;0.204776;0.081917;0.986188;1.135228;1.084293;
0.023450;-0.254879;0.204242;0.081583;0.983105;1.132996;1.081638;
0.023460;-0.253794;0.203705;0.081247;0.979999;1.130756;1.078976;
0.023470;-0.252706;0.203167;0.080910;0.976873;1.128507;1.076308;
0.023480;-0.251616;0.202625;0.080571;0.973725;1.126249;1.073632;
0.023490;-0.250525;0.202081;0.080231;0.970557;1.123982;1.070949;
0.023500;-0.249431;0.201534;0.079890;0.967368;1.121706;1.068259;
0.023510;-0.248335;0.200984;0.079547;0.964158;1.119421;1.065562;
0.023520;-0.247237;0.200432;0.079203;0.960929;1.117126;1.062857;
0.023530;-0.246137;0.199877;0.078857;0.957679;1.114822;1.060145;
0.023540;-0.245036;0.199319;0.078510;0.954409;1.112508;1.057426;
0.023550;-0.243932;0.198759;0.078160;0.951120;1.110185;1.054699;
0.023560;-0.242827;0.198195;0.077810;0.947812;1.107853;1.051964;
0.023570;-0.241720;0.197628;0.077457;0.944485;1.105510;1.049221;
0.023580;-0.240611;0.197059;0.077103;0.941139;1.103158;1.046471;
0.023590;-0.239500;0.196487;0.076747;0.937775;1.100796;1.043713;
0.023600;-0.238388;0.195911;0.076389;0.934393;1.098423;1.040946;
0.023610;-0.237274;0.195333;0.076029;0.930993;1.096041;1.038171;
0.023620;-0.236159;0.194751;0.075668;0.927575;1.093648;1.035388;
0.023630;-0.235042;0.194167;0.075304;0.924141;1.091245;1.032597;
0.023640;-0.233923;0.193579;0.074939;0.920689;1.088832;1.029797;
0.023650;-0.232803;0.192989;0.074572;0.917222;1.086408;1.026989;
0.023660;-0.231682;0.192395;0.074202;0.913738;1.083973;1.024172;
0.023670;-0.230559;0.191798;0.073831;0.910239;1.081528;1.021346;
0.023680;-0.229435;0.191198;0.073458;0.906724;1.079072;1.018511;
0.023690;-0.228310;0.190595;0.073083;0.903195;1.076605;1.015667;
0.023700;-0.227183;0.189989;0.072705;0.899651;1.074127;1.012814;
0.023710;-0.226055;0.189380;0.072326;0.896093;1.071637;1.009952;
0.023720;-0.224926;0.188767;0.071944;0.892521;1.069137;1.007080;
0.023730;-0.223795;0.188151;0.071561;0.888936;1.066625;1.004199;
0.023740;-0.222663;0.187532;0.071175;0.885338;1.064102;1.001308;
0.023750;-0.221530;0.186910;0.070788;0.881727;1.061568;0.998408;
0.023760;-0.220396;0.186285;0.070398;0.878104;1.059022;0.995498;
0.023770;-0.219261;0.185657;0.070006;0.874470;1.056464;0.992578;
0.023780;-0.218125;0.185025;0.069612;0.870824;1.053894;0.989647;
0.023790;-0.216987;0.184390;0.069215;0.867168;1.051313;0.986707;
0.023800;-0.215849;0.183752;0.068817;0.863501;1.048720;0.983756;
0.023810;-0.214709;0.183111;0.068417;0.859824;1.046114;0.980795;
0.023820;-0.213568;0.182466;0.068014;0.856137;1.043497;0.977824;
0.023830;-0.212426;0.181819;0.067609;0.852442;1.040868;0.974841;
0.023840;-0.211284;0.181168;0.067202;0.848737;1.038226;0.971848;
0.023850;-0.210140;0.180515;0.066794;0.845024;1.035572;0.968845;
0.023860;-0.208995;0.179858;0.066382;0.841304;1.032906;0.965830;
0.023870;-0.207849;0.179198;0.065969;0.837576;1.030228;0.962805;
0.023880;-0.206702;0.178535;0.065554;0.833840;1.027537;0.959768;
0.023890;-0.205555;0.177868;0.065137;0.830099;1.024833;0.956720;
0.023900;-0.204406;0.177199;0.064718;0.826350;1.022117;0.953661;
0.023910;-0.203256;0.176527;0.064296;0.822597;1.019388;0.950590;
0.023920;-0.202105;0.175852;0.063873;0.818837;1.016647;0.947508;
0.023930;-0.200954;0.175174;0.063448;0.815073;1.013893;0.944415;
0.023940;-0.199801;0.174493;0.063021;0.811304;1.011126;0.941310;
0.023950;-0.198647;0.173809;0.062591;0.807531;1.008346;0.938193;
0.023960;-0.197493;0.173122;0.062160;0.803753;1.005554;0.935064;
0.023970;-0.196337;0.172432;0.061727;0.799973;1.002748;0.931923;
0.023980;-0.195181;0.171739;0.061292;0.796189;0.999930;0.928771;
0.023990;-0.194023;0.171044;0.060856;0.792403;0.997099;0.925606;
0.024000;-0.192865;0.170346;0.060417;0.788614;0.994255;0.922430;
0.024010;-0.191705;0.169645;0.059977;0.784823;0.991398;0.919241;
0.024020;-0.190544;0.168941;0.059535;0.781031;0.988528;0.916040;
0.024030;-0.189383;0.168235;0.059091;0.777237;0.985645;0.912827;
0.024040;-0.188220;0.167526;0.058646;0.773442;0.982749;0.909602;
0.024050;-0.187057;0.166815;0.058199;0.769647;0.979840;0.906365;
0.024060;-0.185892;0.166101;0.057750;0.765851;0.976919;0.903115;
0.024070;-0.184727;0.165384;0.057300;0.762055;0.973984;0.899852;
0.024080;-0.183560;0.164665;0.056849;0.758260;0.971036;0.896578;
0.024090;-0.182392;0.163944;0.056396;0.754465;0.968075;0.893291;
0.024100;-0.181223;0.163220;0.055941;0.750670;0.965102;0.889991;
0.024110;-0.180053;0.162494;0.055485;0.746877;0.962115;0.886679;
0.024120;-0.178882;0.161765;0.055028;0.743085;0.959116;0.883354;
0.024130;-0.177710;0.161035;0.054569;0.739295;0.956104;0.880017;
0.024140;-0.176536;0.160302;0.054109;0.735507;0.953079;0.876668;
0.024150;-0.175362;0.159567;0.053648;0.731720;0.950041;0.873306;
0.024160;-0.174186;0.158830;0.053186;0.727936;0.946991;0.869931;
0.024170;-0.173009;0.158091;0.052723;0.724154;0.943927;0.866544;
0.024180;-0.171831;0.157350;0.052258;0.720375;0.940852;0.863145;
0.024190;-0.170651;0.156607;0.051793;0.716599;0.937763;0.859733;
0.024200;-0.169470;0.155862;0.051326;0.712826;0.934663;0.856309;
0.024210;-0.168288;0.155115;0.050859;0.709055;0.931549;0.852872;
0.024220;-0.167105;0.154367;0.050391;0.705288;0.928424;0.849423;
0.024230;-0.165920;0.153616;0.049922;0.701525;0.925286;0.845962;
0.024240;-0.164734;0.152864;0.049452;0.697765;0.922135;0.842488;
0.024250;-0.163547;0.152110;0.048981;0.694009;0.918973;0.839003;
0.024260;-0.162358;0.151355;0.048510;0.690256;0.915799;0.835505;
0.024270;-0.161168;0.150598;0.048038;0.686507;0.912612;0.831995;
0.024280;-0.159976;0.149840;0.047566;0.682762;0.909414;0.828472;
0.024290;-0.158783;0.149080;0.047093;0.679021;0.906204;0.824938;
0.024300;-0.157588;0.148319;0.046619;0.675284;0.902982;0.821392;
0.024310;-0.156392;0.147556;0.046146;0.671551;0.899748;0.817834;
0.024320;-0.155195;0.146792;0.045671;0.667823;0.896503;0.814265;
0.024330;-0.153995;0.146027;0.045197;0.664098;0.893247;0.810683;
0.024340;-0.152795;0.145261;0.044722;0.660377;0.889979;0.807090;
0.024350;-0.151592;0.144493;0.044247;0.656660;0.886700;0.803486;
0.024360;-0.150388;0.143725;0.043772;0.652947;0.883409;0.799870;
0.024370;-0.149183;0.142955;0.043296;0.649238;0.880108;0.796243;
0.024380;-0.147976;0.142184;0.042821;0.645534;0.876796;0.792605;
0.024390;-0.146767;0.141412;0.042345;0.641833;0.873473;0.788955;
0.024400;-0.145556;0.140640;0.041870;0.638135;0.870140;0.785295;
0.024410;-0.144344;0.139866;0.041394;0.634442;0.866796;0.781623;
0.024420;-0.143130;0.139092;0.040919;0.630752;0.863441;0.777941;
0.024430;-0.141914;0.138317;0.040444;0.627065;0.860077;0.774248;
0.024440;-0.140696;0.137541;0.039969;0.623382;0.856702;0.770545;
0.024450;-0.139477;0.136765;0.039494;0.619703;0.853317;0.766831;
0.024460;-0.138256;0.135987;0.039020;0.616026;0.849922;0.763107;
0.024470;-0.137033;0.135210;0.038546;0.612352;0.846517;0.759373;
0.024480;-0.135808;0.134431;0.038072;0.608681;0.843103;0.755629;
0.024490;-0.134581;0.133652;0.037598;0.605013;0.839680;0.751875;
0.024500;-0.133353;0.132873;0.037125;0.601347;0.836247;0.748111;
0.024510;-0.132123;0.132093;0.036653;0.597684;0.832804;0.744338;
0.024520;-0.130890;0.131312;0.036181;0.594023;0.829353;0.740555;
0.024530;-0.129656;0.130532;0.035709;0.590363;0.825893;0.736763;
0.024540;-0.128420;0.129751;0.035239;0.586706;0.822424;0.732962;
0.024550;-0.127182;0.128969;0.034768;0.583049;0.818946;0.729152;
0.024560;-0.125942;0.128187;0.034299;0.579394;0.815460;0.725333;
0.024570;-0.124700;0.127405;0.033830;0.575740;0.811965;0.721505;
0.024580;-0.123456;0.126623;0.033362;0.572087;0.808462;0.717669;
0.024590;-0.122210;0.125841;0.032894;0.568434;0.804951;0.713824;
0.024600;-0.120962;0.125058;0.032428;0.564782;0.801433;0.709971;
0.024610;-0.119713;0.124275;0.031962;0.561130;0.797906;0.706110;
0.024620;-0.118461;0.123492;0.031497;0.557477;0.794371;0.702241;
0.024630;-0.117207;0.122709;0.031032;0.553824;0.790829;0.698365;
0.024640;-0.115951;0.121926;0.030569;0.550170;0.787280;0.694480;
0.024650;-0.114694;0.121143;0.030106;0.546515;0.783724;0.690589;
0.024660;-0.113434;0.120359;0.029645;0.542859;0.780160;0.686690;
0.024670;-0.112172;0.119576;0.029184;0.539201;0.776589;0.682784;
0.024680;-0.110909;0.118793;0.028724;0.535541;0.773012;0.678871;
0.024690;-0.109643;0.118009;0.028265;0.531879;0.769427;0.674952;
0.024700;-0.108375;0.117226;0.027808;0.528215;0.765836;0.671025;
0.024710;-0.107106;0.116443;0.027351;0.524547;0.762239;0.667093;
0.024720;-0.105834;0.115659;0.026895;0.520877;0.758635;0.663154;
0.024730;-0.104561;0.114876;0.026440;0.517203;0.755026;0.659209;
0.024740;-0.103285;0.114093;0.025986;0.513526;0.751410;0.655258;
0.024750;-0.102008;0.113310;0.025533;0.509844;0.747788;0.651301;
0.024760;-0.100728;0.112527;0.025081;0.506159;0.744160;0.647338;
0.024770;-0.099447;0.111744;0.024630;0.502468;0.740527;0.643370;
0.024780;-0.098164;0.110961;0.024180;0.498773;0.736888;0.639397;
0.024790;-0.096879;0.110178;0.023731;0.495073;0.733244;0.635418;
0.024800;-0.095592;0.109395;0.023283;0.491367;0.729594;0.631435;
0.024810;-0.094303;0.108612;0.022837;0.487655;0.725939;0.627446;
0.024820;-0.093012;0.107830;0.022391;0.483937;0.722279;0.623453;
0.024830;-0.091719;0.107047;0.021946;0.480213;0.718614;0.619456;
0.024840;-0.090425;0.106264;0.021502;0.476482;0.714944;0.615454;
0.024850;-0.089129;0.105482;0.021059;0.472745;0.711269;0.611447;
0.024860;-0.087831;0.104700;0.020617;0.469000;0.707589;0.607437;
0.024870;-0.086531;0.103917;0.020176;0.465247;0.703905;0.603422;
0.024880;-0.085230;0.103135;0.019737;0.461487;0.700217;0.599403;
0.024890;-0.083927;0.102352;0.019298;0.457719;0.696524;0.595381;
0.024900;-0.082622;0.101570;0.018859;0.453942;0.692826;0.591355;
0.024910;-0.081315;0.100788;0.018422;0.450157;0.689125;0.587326;
0.024920;-0.080007;0.100005;0.017986;0.446363;0.685419;0.583293;
0.024930;-0.078698;0.099223;0.017551;0.442561;0.681709;0.579257;
0.024940;-0.077386;0.098440;0.017116;0.438748;0.677995;0.575218;
0.024950;-0.076074;0.097658;0.016682;0.434926;0.674277;0.571176;
0.024960;-0.074759;0.096875;0.016250;0.431095;0.670555;0.567131;
0.024970;-0.073443;0.096092;0.015817;0.427253;0.666830;0.563084;
0.024980;-0.072126;0.095309;0.015386;0.423402;0.663101;0.559033;
0.024990;-0.070807;0.094526;0.014956;0.419539;0.659368;0.554980;
0.025000;-0.069487;0.093743;0.014526;0.415667;0.655631;0.550925;
0.025010;-0.068166;0.092959;0.014097;0.411783;0.651891;0.546867;
0.025020;-0.066843;0.092176;0.013668;0.407888;0.648148;0.542807;
0.025030;-0.065519;0.091392;0.013240;0.403983;0.644400;0.538745;
0.025040;-0.064194;0.090608;0.012813;0.400066;0.640650;0.534680;
0.025050;-0.062867;0.089823;0.012386;0.396137;0.636896;0.530614;
0.025060;-0.061539;0.089039;0.011960;0.392197;0.633139;0.526545;
0.025070;-0.060211;0.088254;0.011535;0.388245;0.629378;0.522475;
0.025080;-0.058881;0.087468;0.011110;0.384282;0.625614;0.518403;
0.025090;-0.057550;0.086682;0.010685;0.380306;0.621847;0.514329;
0.025100;-0.056218;0.085896;0.010261;0.376318;0.618077;0.510253;
0.025110;-0.054885;0.085109;0.009837;0.372318;0.614303;0.506176;
0.025120;-0.053551;0.084322;0.009414;0.368306;0.610527;0.502097;
0.025130;-0.052216;0.083534;0.008990;0.364281;0.606747;0.498017;
0.025140;-0.050880;0.082746;0.008568;0.360244;0.602964;0.493935;
0.025150;-0.049544;0.081957;0.008145;0.356194;0.599177;0.489851;
0.025160;-0.048206;0.081168;0.007723;0.352132;0.595388;0.485767;
0.025170;-0.046868;0.080378;0.007300;0.348057;0.591595;0.481681;
0.025180;-0.045530;0.079587;0.006878;0.343970;0.587800;0.477593;
0.025190;-0.044190;0.078796;0.006457;0.339870;0.584001;0.473504;
0.025200;-0.042850;0.078004;0.006035;0.335758;0.580199;0.469414;
0.025210;-0.041510;0.077211;0.005613;0.331633;0.576394;0.465323;
0.025220;-0.040169;0.076417;0.005191;0.327495;0.572585;0.461231;
0.025230;-0.038827;0.075623;0.004769;0.323345;0.568774;0.457137;
0.025240;-0.037485;0.074828;0.004348;0.319182;0.564959;0.453042;
0.025250;-0.036143;0.074032;0.003926;0.315007;0.561141;0.448945;
0.025260;-0.034800;0.073235;0.003504;0.310819;0.557320;0.444848;
0.025270;-0.033457;0.072437;0.003081;0.306619;0.553495;0.440749;
0.025280;-0.032114;0.071638;0.002659;0.302407;0.549667;0.436649;
0.025290;-0.030770;0.070838;0.002236;0.298182;0.545836;0.432548;
0.025300;-0.029426;0.070037;0.001813;0.293946;0.542001;0.428445;
0.025310;-0.028082;0.069236;0.001390;0.289698;0.538163;0.424342;
0.025320;-0.026738;0.068433;0.000966;0.285438;0.534322;0.420237;
0.025330;-0.025394;0.067629;0.000542;0.281166;0.530477;0.416130;
0.025340;-0.024050;0.066824;0.000118;0.276882;0.526629;0.412022;
0.025350;-0.022706;0.066018;-0.000307;0.272588;0.522777;0.407913;
0.025360;-0.021362;0.065210;-0.000732;0.268282;0.518921;0.403803;
0.025370;-0.020019;0.064402;-0.001158;0.263964;0.515062;0.399691;
0.025380;-0.018675;0.063592;-0.001584;0.259637;0.511199;0.395577;
0.025390;-0.017331;0.062781;-0.002011;0.255298;0.507332;0.391462;
0.025400;-0.015988;0.061969;-0.002439;0.250949;0.503462;0.387346;
0.025410;-0.014645;0.061156;-0.002867;0.246590;0.499587;0.383228;
0.025420;-0.013302;0.060341;-0.003295;0.242220;0.495709;0.379108;
0.025430;-0.011960;0.059525;-0.003725;0.237841;0.491827;0.374986;
0.025440;-0.010617;0.058708;-0.004155;0.233452;0.487941;0.370863;
0.025450;-0.009276;0.057889;-0.004585;0.229054;0.484051;0.366738;
0.025460;-0.007934;0.057069;-0.005017;0.224647;0.480157;0.362611;
0.025470;-0.006594;0.056248;-0.005449;0.220230;0.476259;0.358483;
0.025480;-0.005253;0.055425;-0.005882;0.215806;0.472356;0.354352;
0.025490;-0.003914;0.054601;-0.006316;0.211373;0.468449;0.350219;
0.025500;-0.002574;0.053776;-0.006751;0.206932;0.464538;0.346084;
0.025510;-0.001236;0.052949;-0.007186;0.202483;0.460623;0.341947;
0.025520;0.000102;0.052120;-0.007622;0.198026;0.456703;0.337808;
0.025530;0.001439;0.051291;-0.008060;0.193563;0.452779;0.333667;
0.025540;0.002776;0.050459;-0.008498;0.189092;0.448850;0.329523;
0.025550;0.004112;0.049627;-0.008937;0.184615;0.444917;0.325377;
0.025560;0.005447;0.048793;-0.009376;0.180132;0.440979;0.321228;
0.025570;0.006781;0.047957;-0.009817;0.175643;0.437036;0.317077;
0.025580;0.008115;0.047120;-0.010259;0.171148;0.433089;0.312923;
0.025590;0.009448;0.046282;-0.010702;0.166648;0.429137;0.308766;
0.025600;0.010780;0.045442;-0.011145;0.162143;0.425180;0.304607;
0.025610;0.012111;0.044600;-0.011590;0.157633;0.421218;0.300445;
0.025620;0.013441;0.043758;-0.012035;0.153119;0.417251;0.296280;
0.025630;0.014770;0.042913;-0.012482;0.148600;0.413279;0.292112;
0.025640;0.016098;0.042068;-0.012929;0.144078;0.409302;0.287942;
0.025650;0.017426;0.041221;-0.013377;0.139553;0.405321;0.283768;
0.025660;0.018752;0.040372;-0.013827;0.135025;0.401334;0.279591;
0.025670;0.020077;0.039522;-0.014277;0.130494;0.397342;0.275411;
0.025680;0.021402;0.038670;-0.014728;0.125961;0.393344;0.271227;
0.025690;0.022725;0.037818;-0.015181;0.121425;0.389342;0.267040;
0.025700;0.024048;0.036963;-0.015634;0.116888;0.385334;0.262850;
0.025710;0.025369;0.036108;-0.016088;0.112350;0.381321;0.258657;
0.025720;0.026689;0.035251;-0.016543;0.107811;0.377303;0.254459;
0.025730;0.028008;0.034392;-0.016999;0.103271;0.373279;0.250259;
0.025740;0.029326;0.033533;-0.017456;0.098731;0.369250;0.246054;
0.025750;0.030643;0.032671;-0.017914;0.094190;0.365216;0.241846;
0.025760;0.031959;0.031809;-0.018372;0.089650;0.361176;0.237635;
0.025770;0.033274;0.030945;-0.018832;0.085111;0.357130;0.233419;
0.025780;0.034588;0.030081;-0.019292;0.080573;0.353080;0.229200;
0.025790;0.035900;0.029214;-0.019754;0.076036;0.349023;0.224977;
0.025800;0.037211;0.028347;-0.020216;0.071501;0.344962;0.220750;
0.025810;0.038522;0.027478;-0.020679;0.066968;0.340894;0.216519;
0.025820;0.039831;0.026609;-0.021142;0.062437;0.336821;0.212284;
0.025830;0.041139;0.025738;-0.021607;0.057909;0.332743;0.208044;
0.025840;0.042446;0.024866;-0.022072;0.053383;0.328659;0.203801;
0.025850;0.043751;0.023992;-0.022538;0.048861;0.324570;0.199554;
0.025860;0.045056;0.023118;-0.023005;0.044342;0.320475;0.195303;
0.025870;0.046359;0.022243;-0.023472;0.039827;0.316375;0.191047;
0.025880;0.047661;0.021367;-0.023940;0.035316;0.312269;0.186787;
0.025890;0.048962;0.020489;-0.024409;0.030810;0.308157;0.182523;
0.025900;0.050262;0.019611;-0.024878;0.026308;0.304040;0.178255;
0.025910;0.051561;0.018732;-0.025348;0.021811;0.299918;0.173983;
0.025920;0.052859;0.017852;-0.025818;0.017319;0.295790;0.169706;
0.025930;0.054155;0.016971;-0.026289;0.012833;0.291657;0.165425;
0.025940;0.055451;0.016089;-0.026760;0.008352;0.287518;0.161139;
0.025950;0.056745;0.015207;-0.027232;0.003877;0.283374;0.156850;
0.025960;0.058038;0.014324;-0.027704;-0.000592;0.279224;0.152556;
0.025970;0.059330;0.013440;-0.028177;-0.005055;0.275070;0.148258;
0.025980;0.060621;0.012555;-0.028650;-0.009511;0.270910;0.143955;
0.025990;0.061911;0.011670;-0.029123;-0.013960;0.266744;0.139649;
0.026000;0.063200;0.010784;-0.029597;-0.018402;0.262574;0.135338;
0.026010;0.064488;0.009898;-0.030071;-0.022837;0.258398;0.131023;
0.026020;0.065775;0.009011;-0.030545;-0.027265;0.254217;0.126703;
0.026030;0.067060;0.008124;-0.031019;-0.031685;0.250032;0.122380;
0.026040;0.068345;0.007236;-0.031493;-0.036098;0.245841;0.118052;
0.026050;0.069628;0.006348;-0.031968;-0.040503;0.241645;0.113720;
0.026060;0.070911;0.005459;-0.032442;-0.044900;0.237445;0.109384;
0.026070;0.072192;0.004570;-0.032917;-0.049288;0.233239;0.105044;
0.026080;0.073473;0.003681;-0.033391;-0.053669;0.229029;0.100700;
0.026090;0.074752;0.002792;-0.033866;-0.058041;0.224814;0.096352;
0.026100;0.076031;0.001902;-0.034340;-0.062404;0.220595;0.092000;
0.026110;0.077309;0.001012;-0.034814;-0.066759;0.216371;0.087644;
0.026120;0.078585;0.000123;-0.035288;-0.071106;0.212143;0.083284;
0.026130;0.079861;-0.000767;-0.035762;-0.075443;0.207910;0.078920;
0.026140;0.081136;-0.001657;-0.036236;-0.079772;0.203673;0.074553;
0.026150;0.082410;-0.002547;-0.036709;-0.084092;0.199432;0.070182;
0.026160;0.083683;-0.003437;-0.037182;-0.088403;0.195186;0.065808;
0.026170;0.084955;-0.004327;-0.037654;-0.092705;0.190937;0.061430;
0.026180;0.086226;-0.005217;-0.038127;-0.096997;0.186683;0.057048;
0.026190;0.087496;-0.006106;-0.038598;-0.101281;0.182426;0.052664;
0.026200;0.088766;-0.006995;-0.039070;-0.105556;0.178165;0.048276;
0.026210;0.090035;-0.007884;-0.039540;-0.109821;0.173900;0.043884;
0.026220;0.091303;-0.008773;-0.040010;-0.114078;0.169632;0.039490;
0.026230;0.092570;-0.009661;-0.040480;-0.118325;0.165361;0.035092;
0.026240;0.093836;-0.010549;-0.040949;-0.122563;0.161086;0.030692;
0.026250;0.095101;-0.011437;-0.041417;-0.126793;0.156807;0.026289;
0.026260;0.096366;-0.012324;-0.041885;-0.131013;0.152526;0.021883;
0.026270;0.097630;-0.013211;-0.042352;-0.135224;0.148242;0.017474;
0.026280;0.098893;-0.014097;-0.042818;-0.139426;0.143954;0.013063;
0.026290;0.100156;-0.014982;-0.043283;-0.143620;0.139664;0.008650;
0.026300;0.101418;-0.015867;-0.043747;-0.147805;0.135371;0.004234;
0.026310;0.102679;-0.016752;-0.044211;-0.151981;0.131076;-0.000184;
0.026320;0.103939;-0.017635;-0.044673;-0.156148;0.126778;-0.004605;
0.026330;0.105199;-0.018518;-0.045135;-0.160307;0.122478;-0.009027;
0.026340;0.106458;-0.019400;-0.045595;-0.164457;0.118175;-0.013451;
0.026350;0.107716;-0.020282;-0.046055;-0.168599;0.113871;-0.017877;
0.026360;0.108974;-0.021162;-0.046513;-0.172733;0.109564;-0.022304;
0.026370;0.110230;-0.022042;-0.046971;-0.176859;0.105256;-0.026733;
0.026380;0.111487;-0.022921;-0.047427;-0.180977;0.100946;-0.031164;
0.026390;0.112742;-0.023799;-0.047882;-0.185087;0.096634;-0.035595;
0.026400;0.113997;-0.024676;-0.048336;-0.189189;0.092320;-0.040028;
0.026410;0.115252;-0.025552;-0.048789;-0.193284;0.088006;-0.044462;
0.026420;0.116506;-0.026428;-0.049241;-0.197371;0.083690;-0.048897;
0.026430;0.117759;-0.027302;-0.049691;-0.201451;0.079373;-0.053332;
0.026440;0.119011;-0.028175;-0.050140;-0.205524;0.075055;-0.057768;
0.026450;0.120263;-0.029047;-0.050588;-0.209591;0.070736;-0.062205;
0.026460;0.121514;-0.029918;-0.051034;-0.213650;0.066416;-0.066642;
0.026470;0.122765;-0.030788;-0.051479;-0.217703;0.062095;-0.071079;
0.026480;0.124015;-0.031657;-0.051923;-0.221750;0.057774;-0.075516;
0.026490;0.125264;-0.032524;-0.052366;-0.225790;0.053453;-0.079953;
0.026500;0.126513;-0.033391;-0.052807;-0.229825;0.049131;-0.084390;
0.026510;0.127761;-0.034256;-0.053246;-0.233854;0.044810;-0.088826;
0.026520;0.129009;-0.035120;-0.053684;-0.237877;0.040488;-0.093262;
0.026530;0.130256;-0.035983;-0.054121;-0.241895;0.036166;-0.097698;
0.026540;0.131502;-0.036845;-0.054556;-0.245907;0.031845;-0.102133;
0.026550;0.132748;-0.037705;-0.054990;-0.249915;0.027524;-0.106567;
0.026560;0.133993;-0.038564;-0.055422;-0.253918;0.023203;-0.110999;
0.026570;0.135238;-0.039422;-0.055853;-0.257916;0.018883;-0.115431;
0.026580;0.136481;-0.040279;-0.056283;-0.261910;0.014563;-0.119861;
0.026590;0.137724;-0.041134;-0.056710;-0.265900;0.010245;-0.124290;
0.026600;0.138967;-0.041988;-0.057137;-0.269887;0.005927;-0.128718;
0.026610;0.140209;-0.042840;-0.057562;-0.273869;0.001610;-0.133143;
0.026620;0.141450;-0.043692;-0.057985;-0.277848;-0.002706;-0.137567;
0.026630;0.142690;-0.044542;-0.058407;-0.281824;-0.007020;-0.141989;
0.026640;0.143930;-0.045390;-0.058827;-0.285797;-0.011333;-0.146408;
0.026650;0.145169;-0.046238;-0.059245;-0.289767;-0.015645;-0.150826;
0.026660;0.146407;-0.047084;-0.059662;-0.293734;-0.019955;-0.155241;
0.026670;0.147645;-0.047928;-0.060078;-0.297699;-0.024263;-0.159653;
0.026680;0.148882;-0.048772;-0.060492;-0.301662;-0.028570;-0.164063;
0.026690;0.150118;-0.049614;-0.060905;-0.305623;-0.032875;-0.168471;
0.026700;0.151353;-0.050454;-0.061316;-0.309582;-0.037178;-0.172875;
0.026710;0.152588;-0.051293;-0.061725;-0.313539;-0.041478;-0.177276;
0.026720;0.153821;-0.052131;-0.062133;-0.317496;-0.045777;-0.181674;
0.026730;0.155054;-0.052968;-0.062539;-0.321451;-0.050074;-0.186069;
0.026740;0.156286;-0.053803;-0.062944;-0.325405;-0.054368;-0.190461;
0.026750;0.157517;-0.054637;-0.063348;-0.329359;-0.058659;-0.194849;
0.026760;0.158747;-0.055470;-0.063750;-0.333312;-0.062949;-0.199233;
0.026770;0.159976;-0.056301;-0.064150;-0.337264;-0.067235;-0.203614;
0.026780;0.161205;-0.057131;-0.064549;-0.341217;-0.071520;-0.207991;
0.026790;0.162432;-0.057960;-0.064947;-0.345169;-0.075801;-0.212364;
0.026800;0.163658;-0.058787;-0.065343;-0.349122;-0.080079;-0.216733;
0.026810;0.164884;-0.059613;-0.065737;-0.353075;-0.084355;-0.221098;
0.026820;0.166108;-0.060438;-0.066131;-0.357029;-0.088628;-0.225458;
0.026830;0.167331;-0.061262;-0.066523;-0.360983;-0.092897;-0.229815;
0.026840;0.168553;-0.062084;-0.066913;-0.364938;-0.097164;-0.234167;
0.026850;0.169774;-0.062905;-0.067302;-0.368894;-0.101428;-0.238514;
0.026860;0.170994;-0.063725;-0.067690;-0.372852;-0.105688;-0.242857;
0.026870;0.172213;-0.064544;-0.068076;-0.376810;-0.109945;-0.247195;
0.026880;0.173431;-0.065361;-0.068462;-0.380770;-0.114199;-0.251528;
0.026890;0.174647;-0.066178;-0.068846;-0.384732;-0.118449;-0.255856;
0.026900;0.175862;-0.066993;-0.069228;-0.388695;-0.122696;-0.260180;
0.026910;0.177076;-0.067807;-0.069610;-0.392660;-0.126940;-0.264498;
0.026920;0.178288;-0.068620;-0.069990;-0.396627;-0.131180;-0.268812;
0.026930;0.179499;-0.069432;-0.070369;-0.400596;-0.135417;-0.273120;
0.026940;0.180709;-0.070242;-0.070746;-0.404567;-0.139650;-0.277423;
0.026950;0.181917;-0.071052;-0.071123;-0.408540;-0.143879;-0.281721;
0.026960;0.183124;-0.071861;-0.071499;-0.412515;-0.148105;-0.286013;
0.026970;0.184330;-0.072668;-0.071873;-0.416493;-0.152327;-0.290300;
0.026980;0.185534;-0.073475;-0.072246;-0.420473;-0.156546;-0.294582;
0.026990;0.186736;-0.074280;-0.072619;-0.424456;-0.160760;-0.298858;
0.027000;0.187937;-0.075085;-0.072990;-0.428441;-0.164971;-0.303128;
0.027010;0.189136;-0.075889;-0.073360;-0.432428;-0.169178;-0.307393;
0.027020;0.190334;-0.076691;-0.073729;-0.436418;-0.173382;-0.311653;
0.027030;0.191530;-0.077493;-0.074098;-0.440411;-0.177581;-0.315906;
0.027040;0.192724;-0.078294;-0.074465;-0.444406;-0.181777;-0.320154;
0.027050;0.193917;-0.079094;-0.074832;-0.448404;-0.185969;-0.324396;
0.027060;0.195107;-0.079893;-0.075197;-0.452404;-0.190157;-0.328632;
0.027070;0.196296;-0.080692;-0.075562;-0.456407;-0.194341;-0.332863;
0.027080;0.197483;-0.081489;-0.075926;-0.460413;-0.198522;-0.337087;
0.027090;0.198669;-0.082286;-0.076289;-0.464421;-0.202698;-0.341306;
0.027100;0.199852;-0.083082;-0.076652;-0.468431;-0.206871;-0.345519;
0.027110;0.201033;-0.083877;-0.077013;-0.472444;-0.211040;-0.349726;
0.027120;0.202213;-0.084672;-0.077374;-0.476460;-0.215205;-0.353927;
0.027130;0.203390;-0.085465;-0.077735;-0.480478;-0.219366;-0.358123;
0.027140;0.204566;-0.086259;-0.078094;-0.484498;-0.223523;-0.362312;
0.027150;0.205739;-0.087051;-0.078453;-0.488520;-0.227677;-0.366495;
0.027160;0.206910;-0.087843;-0.078812;-0.492545;-0.231826;-0.370673;
0.027170;0.208079;-0.088634;-0.079170;-0.496571;-0.235972;-0.374844;
0.027180;0.209246;-0.089425;-0.079527;-0.500600;-0.240114;-0.379010;
0.027190;0.210411;-0.090215;-0.079884;-0.504630;-0.244253;-0.383169;
0.027200;0.211573;-0.091004;-0.080240;-0.508662;-0.248387;-0.387323;
0.027210;0.212734;-0.091793;-0.080596;-0.512696;-0.252518;-0.391471;
0.027220;0.213891;-0.092581;-0.080951;-0.516731;-0.256645;-0.395613;
0.027230;0.215047;-0.093369;-0.081306;-0.520768;-0.260768;-0.399749;
0.027240;0.216200;-0.094156;-0.081660;-0.524806;-0.264888;-0.403879;
0.027250;0.217351;-0.094943;-0.082014;-0.528845;-0.269004;-0.408003;
0.027260;0.218499;-0.095729;-0.082368;-0.532885;-0.273116;-0.412122;
0.027270;0.219645;-0.096515;-0.082721;-0.536925;-0.277225;-0.416234;
0.027280;0.220789;-0.097300;-0.083074;-0.540966;-0.281330;-0.420341;
0.027290;0.221930;-0.098085;-0.083427;-0.545008;-0.285432;-0.424442;
0.027300;0.223068;-0.098869;-0.083779;-0.549050;-0.289530;-0.428538;
0.027310;0.224204;-0.099653;-0.084132;-0.553092;-0.293625;-0.432628;
0.027320;0.225337;-0.100437;-0.084484;-0.557133;-0.297716;-0.436712;
0.027330;0.226468;-0.101220;-0.084835;-0.561175;-0.301803;-0.440790;
0.027340;0.227596;-0.102003;-0.085187;-0.565216;-0.305888;-0.444863;
0.027350;0.228721;-0.102786;-0.085538;-0.569256;-0.309969;-0.448930;
0.027360;0.229843;-0.103568;-0.085889;-0.573295;-0.314046;-0.452992;
0.027370;0.230963;-0.104349;-0.086240;-0.577333;-0.318120;-0.457048;
0.027380;0.232080;-0.105131;-0.086590;-0.581370;-0.322191;-0.461099;
0.027390;0.233194;-0.105912;-0.086941;-0.585405;-0.326259;-0.465144;
0.027400;0.234306;-0.106693;-0.087291;-0.589438;-0.330323;-0.469184;
0.027410;0.235414;-0.107473;-0.087642;-0.593469;-0.334384;-0.473219;
0.027420;0.236520;-0.108253;-0.087992;-0.597498;-0.338442;-0.477248;
0.027430;0.237623;-0.109033;-0.088342;-0.601524;-0.342497;-0.481272;
0.027440;0.238723;-0.109812;-0.088692;-0.605547;-0.346549;-0.485291;
0.027450;0.239820;-0.110591;-0.089042;-0.609568;-0.350598;-0.489305;
0.027460;0.240914;-0.111370;-0.089392;-0.613585;-0.354643;-0.493314;
0.027470;0.242005;-0.112148;-0.089741;-0.617598;-0.358686;-0.497317;
0.027480;0.243093;-0.112926;-0.090091;-0.621608;-0.362725;-0.501316;
0.027490;0.244179;-0.113704;-0.090441;-0.625613;-0.366762;-0.505309;
0.027500;0.245261;-0.114481;-0.090790;-0.629614;-0.370796;-0.509297;
0.027510;0.246340;-0.115258;-0.091140;-0.633611;-0.374826;-0.513281;
0.027520;0.247416;-0.116034;-0.091489;-0.637603;-0.378854;-0.517260;
0.027530;0.248489;-0.116811;-0.091838;-0.641590;-0.382879;-0.521234;
0.027540;0.249559;-0.117587;-0.092187;-0.645571;-0.386901;-0.525203;
0.027550;0.250626;-0.118362;-0.092537;-0.649547;-0.390920;-0.529167;
0.027560;0.251690;-0.119137;-0.092886;-0.653516;-0.394937;-0.533127;
0.027570;0.252751;-0.119912;-0.093235;-0.657480;-0.398950;-0.537082;
0.027580;0.253809;-0.120686;-0.093584;-0.661437;-0.402961;-0.541032;
0.027590;0.254863;-0.121460;-0.093932;-0.665388;-0.406969;-0.544978;
0.027600;0.255915;-0.122234;-0.094281;-0.669331;-0.410974;-0.548919;
0.027610;0.256963;-0.123007;-0.094630;-0.673267;-0.414977;-0.552856;
0.027620;0.258008;-0.123779;-0.094978;-0.677196;-0.418977;-0.556788;
0.027630;0.259050;-0.124551;-0.095327;-0.681117;-0.422974;-0.560716;
0.027640;0.260089;-0.125323;-0.095675;-0.685031;-0.426968;-0.564639;
0.027650;0.261125;-0.126094;-0.096023;-0.688936;-0.430960;-0.568558;
0.027660;0.262157;-0.126865;-0.096371;-0.692832;-0.434948;-0.572472;
0.027670;0.263186;-0.127635;-0.096719;-0.696720;-0.438935;-0.576383;
0.027680;0.264212;-0.128404;-0.097066;-0.700598;-0.442918;-0.580288;
0.027690;0.265235;-0.129173;-0.097414;-0.704468;-0.446899;-0.584190;
0.027700;0.266255;-0.129941;-0.097761;-0.708328;-0.450877;-0.588087;
0.027710;0.267272;-0.130709;-0.098108;-0.712179;-0.454852;-0.591980;
0.027720;0.268285;-0.131476;-0.098454;-0.716019;-0.458824;-0.595869;
0.027730;0.269295;-0.132242;-0.098801;-0.719849;-0.462794;-0.599754;
0.027740;0.270302;-0.133008;-0.099147;-0.723669;-0.466761;-0.603634;
0.027750;0.271306;-0.133773;-0.099493;-0.727479;-0.470725;-0.607511;
0.027760;0.272307;-0.134537;-0.099838;-0.731277;-0.474687;-0.611383;
0.027770;0.273304;-0.135301;-0.100183;-0.735065;-0.478645;-0.615251;
0.027780;0.274298;-0.136063;-0.100528;-0.738841;-0.482601;-0.619114;
0.027790;0.275289;-0.136825;-0.100872;-0.742606;-0.486554;-0.622974;
0.027800;0.276277;-0.137586;-0.101216;-0.746360;-0.490504;-0.626829;
0.027810;0.277262;-0.138346;-0.101560;-0.750101;-0.494451;-0.630680;
0.027820;0.278243;-0.139105;-0.101903;-0.753831;-0.498395;-0.634528;
0.027830;0.279222;-0.139864;-0.102245;-0.757548;-0.502336;-0.638370;
0.027840;0.280197;-0.140621;-0.102587;-0.761253;-0.506274;-0.642209;
0.027850;0.281169;-0.141377;-0.102929;-0.764946;-0.510209;-0.646044;
0.027860;0.282138;-0.142133;-0.103270;-0.768626;-0.514141;-0.649874;
0.027870;0.283104;-0.142887;-0.103610;-0.772293;-0.518070;-0.653700;
0.027880;0.284067;-0.143640;-0.103950;-0.775947;-0.521996;-0.657522;
0.027890;0.285026;-0.144392;-0.104289;-0.779588;-0.525918;-0.661340;
0.027900;0.285983;-0.145143;-0.104627;-0.783216;-0.529838;-0.665153;
0.027910;0.286936;-0.145893;-0.104965;-0.786831;-0.533753;-0.668962;
0.027920;0.287886;-0.146642;-0.105302;-0.790432;-0.537666;-0.672767;
0.027930;0.288833;-0.147389;-0.105638;-0.794019;-0.541575;-0.676567;
0.027940;0.289777;-0.148135;-0.105973;-0.797593;-0.545481;-0.680363;
0.027950;0.290718;-0.148880;-0.106308;-0.801153;-0.549383;-0.684154;
0.027960;0.291656;-0.149624;-0.106642;-0.804699;-0.553282;-0.687941;
0.027970;0.292591;-0.150366;-0.106974;-0.808231;-0.557176;-0.691724;
0.027980;0.293523;-0.151107;-0.107306;-0.811749;-0.561068;-0.695502;
0.027990;0.294452;-0.151846;-0.107637;-0.815253;-0.564955;-0.699275;
0.028000;0.295377;-0.152584;-0.107967;-0.818742;-0.568839;-0.703044;
0.028010;0.296300;-0.153320;-0.108297;-0.822218;-0.572718;-0.706808;
0.028020;0.297220;-0.154055;-0.108625;-0.825679;-0.576594;-0.710567;
0.028030;0.298137;-0.154789;-0.108952;-0.829126;-0.580466;-0.714321;
0.028040;0.299051;-0.155520;-0.109277;-0.832558;-0.584333;-0.718071;
0.028050;0.299961;-0.156250;-0.109602;-0.835976;-0.588196;-0.721815;
0.028060;0.300869;-0.156979;-0.109926;-0.839380;-0.592055;-0.725555;
0.028070;0.301774;-0.157706;-0.110248;-0.842769;-0.595910;-0.729289;
0.028080;0.302676;-0.158431;-0.110570;-0.846144;-0.599760;-0.733019;
0.028090;0.303575;-0.159154;-0.110890;-0.849504;-0.603606;-0.736743;
0.028100;0.304471;-0.159876;-0.111208;-0.852850;-0.607447;-0.740462;
0.028110;0.305364;-0.160596;-0.111526;-0.856182;-0.611283;-0.744175;
0.028120;0.306255;-0.161314;-0.111842;-0.859499;-0.615114;-0.747883;
0.028130;0.307142;-0.162030;-0.112157;-0.862802;-0.618941;-0.751586;
0.028140;0.308027;-0.162744;-0.112470;-0.866090;-0.622763;-0.755283;
0.028150;0.308908;-0.163457;-0.112782;-0.869364;-0.626579;-0.758974;
0.028160;0.309787;-0.164167;-0.113093;-0.872624;-0.630391;-0.762660;
0.028170;0.310663;-0.164875;-0.113402;-0.875869;-0.634197;-0.766340;
0.028180;0.311536;-0.165582;-0.113710;-0.879101;-0.637998;-0.770014;
0.028190;0.312407;-0.166286;-0.114016;-0.882318;-0.641793;-0.773681;
0.028200;0.313274;-0.166989;-0.114321;-0.885522;-0.645583;-0.777343;
0.028210;0.314139;-0.167689;-0.114624;-0.888711;-0.649368;-0.780999;
0.028220;0.315000;-0.168387;-0.114926;-0.891887;-0.653146;-0.784648;
0.028230;0.315860;-0.169083;-0.115226;-0.895049;-0.656919;-0.788291;
0.028240;0.316716;-0.169777;-0.115524;-0.898197;-0.660686;-0.791927;
0.028250;0.317569;-0.170469;-0.115821;-0.901332;-0.664447;-0.795557;
0.028260;0.318420;-0.171158;-0.116116;-0.904453;-0.668202;-0.799180;
0.028270;0.319268;-0.171846;-0.116409;-0.907561;-0.671951;-0.802797;
0.028280;0.320113;-0.172531;-0.116701;-0.910656;-0.675693;-0.806406;
0.028290;0.320955;-0.173213;-0.116991;-0.913737;-0.679429;-0.810009;
0.028300;0.321795;-0.173894;-0.117279;-0.916806;-0.683159;-0.813604;
0.028310;0.322631;-0.174572;-0.117566;-0.919862;-0.686881;-0.817192;
0.028320;0.323465;-0.175248;-0.117850;-0.922905;-0.690598;-0.820773;
0.028330;0.324297;-0.175922;-0.118133;-0.925935;-0.694307;-0.824347;
0.028340;0.325125;-0.176593;-0.118415;-0.928953;-0.698010;-0.827913;
0.028350;0.325951;-0.177262;-0.118694;-0.931959;-0.701705;-0.831471;
0.028360;0.326774;-0.177928;-0.118971;-0.934952;-0.705394;-0.835022;
0.028370;0.327594;-0.178592;-0.119247;-0.937934;-0.709075;-0.838565;
0.028380;0.328412;-0.179254;-0.119521;-0.940903;-0.712749;-0.842100;
0.028390;0.329227;-0.179913;-0.119793;-0.943861;-0.716416;-0.845627;
0.028400;0.330039;-0.180570;-0.120063;-0.946808;-0.720075;-0.849146;
0.028410;0.330848;-0.181224;-0.120331;-0.949742;-0.723727;-0.852657;
0.028420;0.331654;-0.181876;-0.120597;-0.952666;-0.727371;-0.856159;
0.028430;0.332458;-0.182526;-0.120861;-0.955579;-0.731007;-0.859653;
0.028440;0.333259;-0.183173;-0.121124;-0.958480;-0.734636;-0.863138;
0.028450;0.334057;-0.183817;-0.121384;-0.961371;-0.738256;-0.866615;
0.028460;0.334853;-0.184459;-0.121643;-0.964252;-0.741869;-0.870083;
0.028470;0.335646;-0.185098;-0.121900;-0.967122;-0.745473;-0.873542;
0.028480;0.336436;-0.185735;-0.122154;-0.969981;-0.749070;-0.876992;
0.028490;0.337223;-0.186370;-0.122407;-0.972831;-0.752658;-0.880433;
0.028500;0.338007;-0.187002;-0.122658;-0.975670;-0.756237;-0.883865;
0.028510;0.338789;-0.187631;-0.122907;-0.978500;-0.759808;-0.887287;
0.028520;0.339567;-0.188258;-0.123154;-0.981321;-0.763371;-0.890700;
0.028530;0.340343;-0.188882;-0.123399;-0.984132;-0.766925;-0.894104;
0.028540;0.341116;-0.189504;-0.123642;-0.986933;-0.770470;-0.897498;
0.028550;0.341887;-0.190123;-0.123883;-0.989726;-0.774007;-0.900882;
0.028560;0.342654;-0.190740;-0.124122;-0.992509;-0.777535;-0.904257;
0.028570;0.343419;-0.191354;-0.124360;-0.995284;-0.781054;-0.907622;
0.028580;0.344180;-0.191966;-0.124595;-0.998050;-0.784563;-0.910976;
0.028590;0.344939;-0.192575;-0.124828;-1.000808;-0.788064;-0.914321;
0.028600;0.345695;-0.193181;-0.125060;-1.003558;-0.791556;-0.917655;
0.028610;0.346448;-0.193786;-0.125290;-1.006299;-0.795038;-0.920980;
0.028620;0.347198;-0.194387;-0.125517;-1.009032;-0.798511;-0.924294;
0.028630;0.347946;-0.194986;-0.125743;-1.011758;-0.801975;-0.927597;
0.028640;0.348690;-0.195583;-0.125967;-1.014476;-0.805430;-0.930890;
0.028650;0.349431;-0.196177;-0.126189;-1.017186;-0.808874;-0.934173;
0.028660;0.350169;-0.196768;-0.126409;-1.019889;-0.812310;-0.937445;
0.028670;0.350905;-0.197357;-0.126628;-1.022584;-0.815736;-0.940706;
0.028680;0.351637;-0.197944;-0.126844;-1.025273;-0.819152;-0.943956;
0.028690;0.352366;-0.198528;-0.127059;-1.027954;-0.822558;-0.947196;
0.028700;0.353093;-0.199110;-0.127272;-1.030629;-0.825955;-0.950424;
0.028710;0.353816;-0.199689;-0.127483;-1.033296;-0.829342;-0.953642;
0.028720;0.354536;-0.200266;-0.127692;-1.035958;-0.832719;-0.956848;
0.028730;0.355253;-0.200840;-0.127900;-1.038612;-0.836086;-0.960043;
0.028740;0.355967;-0.201412;-0.128106;-1.041260;-0.839444;-0.963227;
0.028750;0.356678;-0.201982;-0.128310;-1.043902;-0.842791;-0.966400;
0.028760;0.357386;-0.202549;-0.128512;-1.046538;-0.846128;-0.969561;
0.028770;0.358090;-0.203114;-0.128713;-1.049167;-0.849456;-0.972711;
0.028780;0.358791;-0.203676;-0.128912;-1.051790;-0.852773;-0.975849;
0.028790;0.359489;-0.204236;-0.129109;-1.054408;-0.856080;-0.978976;
0.028800;0.360184;-0.204794;-0.129304;-1.057019;-0.859377;-0.982091;
0.028810;0.360876;-0.205349;-0.129498;-1.059625;-0.862664;-0.985195;
0.028820;0.361564;-0.205902;-0.129691;-1.062225;-0.865940;-0.988287;
0.028830;0.362249;-0.206453;-0.129881;-1.064819;-0.869207;-0.991367;
0.028840;0.362931;-0.207002;-0.130071;-1.067408;-0.872463;-0.994436;
0.028850;0.363609;-0.207548;-0.130258;-1.069991;-0.875708;-0.997493;
0.028860;0.364284;-0.208092;-0.130444;-1.072569;-0.878944;-1.000538;
0.028870;0.364956;-0.208634;-0.130629;-1.075141;-0.882169;-1.003571;
0.028880;0.365624;-0.209173;-0.130812;-1.077707;-0.885384;-1.006592;
0.028890;0.366289;-0.209711;-0.130994;-1.080268;-0.888588;-1.009601;
0.028900;0.366950;-0.210246;-0.131174;-1.082824;-0.891782;-1.012599;
0.028910;0.367608;-0.210779;-0.131352;-1.085374;-0.894966;-1.015584;
0.028920;0.368262;-0.211310;-0.131530;-1.087919;-0.898140;-1.018558;
0.028930;0.368913;-0.211839;-0.131706;-1.090459;-0.901303;-1.021519;
0.028940;0.369560;-0.212365;-0.131880;-1.092993;-0.904455;-1.024468;
0.028950;0.370204;-0.212890;-0.132053;-1.095522;-0.907597;-1.027406;
0.028960;0.370844;-0.213412;-0.132225;-1.098045;-0.910729;-1.030331;
0.028970;0.371480;-0.213933;-0.132396;-1.100563;-0.913851;-1.033244;
0.028980;0.372113;-0.214451;-0.132565;-1.103075;-0.916962;-1.036145;
0.028990;0.372742;-0.214967;-0.132733;-1.105582;-0.920063;-1.039034;
0.029000;0.373367;-0.215482;-0.132900;-1.108084;-0.923153;-1.041911;
0.029010;0.373989;-0.215994;-0.133065;-1.110579;-0.926233;-1.044776;
0.029020;0.374607;-0.216504;-0.133229;-1.113069;-0.929302;-1.047628;
0.029030;0.375221;-0.217013;-0.133393;-1.115554;-0.932362;-1.050469;
0.029040;0.375832;-0.217519;-0.133555;-1.118033;-0.935410;-1.053298;
0.029050;0.376438;-0.218023;-0.133715;-1.120506;-0.938449;-1.056114;
0.029060;0.377041;-0.218526;-0.133875;-1.122972;-0.941477;-1.058918;
0.029070;0.377640;-0.219026;-0.134034;-1.125433;-0.944495;-1.061711;
0.029080;0.378235;-0.219525;-0.134191;-1.127888;-0.947503;-1.064491;
0.029090;0.378826;-0.220022;-0.134348;-1.130337;-0.950500;-1.067259;
0.029100;0.379414;-0.220517;-0.134503;-1.132780;-0.953487;-1.070015;
0.029110;0.379997;-0.221010;-0.134658;-1.135216;-0.956464;-1.072760;
0.029120;0.380576;-0.221501;-0.134811;-1.137645;-0.959430;-1.075492;
0.029130;0.381152;-0.221991;-0.134964;-1.140068;-0.962387;-1.078212;
0.029140;0.381723;-0.222478;-0.135115;-1.142485;-0.965333;-1.080920;
0.029150;0.382291;-0.222964;-0.135265;-1.144894;-0.968269;-1.083617;
0.029160;0.382854;-0.223448;-0.135415;-1.147297;-0.971195;-1.086301;
0.029170;0.383413;-0.223930;-0.135564;-1.149693;-0.974111;-1.088974;
0.029180;0.383968;-0.224410;-0.135711;-1.152081;-0.977017;-1.091634;
0.029190;0.384520;-0.224889;-0.135858;-1.154462;-0.979912;-1.094283;
0.029200;0.385067;-0.225366;-0.136004;-1.156835;-0.982798;-1.096920;
0.029210;0.385610;-0.225841;-0.136149;-1.159201;-0.985674;-1.099546;
0.029220;0.386148;-0.226314;-0.136293;-1.161559;-0.988539;-1.102159;
0.029230;0.386683;-0.226786;-0.136437;-1.163909;-0.991395;-1.104761;
0.029240;0.387213;-0.227256;-0.136579;-1.166251;-0.994241;-1.107351;
0.029250;0.387740;-0.227724;-0.136721;-1.168585;-0.997076;-1.109930;
0.029260;0.388262;-0.228190;-0.136862;-1.170910;-0.999902;-1.112497;
0.029270;0.388780;-0.228655;-0.137002;-1.173227;-1.002718;-1.115052;
0.029280;0.389293;-0.229118;-0.137141;-1.175535;-1.005524;-1.117596;
0.029290;0.389803;-0.229579;-0.137280;-1.177833;-1.008321;-1.120129;
0.029300;0.390308;-0.230039;-0.137418;-1.180123;-1.011107;-1.122650;
0.029310;0.390809;-0.230496;-0.137555;-1.182404;-1.013884;-1.125159;
0.029320;0.391305;-0.230953;-0.137691;-1.184675;-1.016651;-1.127658;
0.029330;0.391797;-0.231407;-0.137826;-1.186936;-1.019409;-1.130144;
0.029340;0.392285;-0.231860;-0.137961;-1.189187;-1.022156;-1.132620;
0.029350;0.392769;-0.232311;-0.138095;-1.191429;-1.024894;-1.135084;
0.029360;0.393248;-0.232760;-0.138228;-1.193660;-1.027623;-1.137537;
0.029370;0.393723;-0.233208;-0.138361;-1.195880;-1.030342;-1.139979;
0.029380;0.394194;-0.233654;-0.138493;-1.198091;-1.033051;-1.142410;
0.029390;0.394660;-0.234098;-0.138624;-1.200290;-1.035750;-1.144830;
0.029400;0.395122;-0.234541;-0.138754;-1.202478;-1.038440;-1.147238;
0.029410;0.395580;-0.234981;-0.138884;-1.204655;-1.041121;-1.149636;
0.029420;0.396033;-0.235420;-0.139013;-1.206821;-1.043792;-1.152022;
0.029430;0.396482;-0.235858;-0.139141;-1.208975;-1.046453;-1.154398;
0.029440;0.396926;-0.236293;-0.139268;-1.211117;-1.049105;-1.156762;
0.029450;0.397366;-0.236727;-0.139395;-1.213248;-1.051748;-1.159116;
0.029460;0.397802;-0.237159;-0.139521;-1.215366;-1.054381;-1.161459;
0.029470;0.398233;-0.237590;-0.139646;-1.217472;-1.057004;-1.163791;
0.029480;0.398660;-0.238018;-0.139770;-1.219566;-1.059619;-1.166112;
0.029490;0.399082;-0.238445;-0.139894;-1.221646;-1.062223;-1.168423;
0.029500;0.399500;-0.238870;-0.140017;-1.223714;-1.064819;-1.170723;
0.029510;0.399914;-0.239293;-0.140139;-1.225769;-1.067405;-1.173012;
0.029520;0.400323;-0.239715;-0.140260;-1.227810;-1.069981;-1.175290;
0.029530;0.400728;-0.240134;-0.140381;-1.229838;-1.072548;-1.177558;
0.029540;0.401128;-0.240552;-0.140500;-1.231853;-1.075106;-1.179815;
0.029550;0.401524;-0.240968;-0.140619;-1.233853;-1.077655;-1.182062;
0.029560;0.401916;-0.241382;-0.140737;-1.235840;-1.080194;-1.184298;
0.029570;0.402303;-0.241794;-0.140855;-1.237813;-1.082723;-1.186523;
0.029580;0.402686;-0.242205;-0.140971;-1.239771;-1.085244;-1.188738;
0.029590;0.403065;-0.242613;-0.141087;-1.241715;-1.087754;-1.190943;
0.029600;0.403439;-0.243020;-0.141202;-1.243644;-1.090256;-1.193137;
0.029610;0.403808;-0.243424;-0.141315;-1.245558;-1.092748;-1.195320;
0.029620;0.404174;-0.243827;-0.141428;-1.247457;-1.095231;-1.197494;
0.029630;0.404535;-0.244228;-0.141540;-1.249342;-1.097704;-1.199656;
0.029640;0.404891;-0.244626;-0.141652;-1.251211;-1.100168;-1.201809;
0.029650;0.405243;-0.245023;-0.141762;-1.253064;-1.102623;-1.203950;
0.029660;0.405591;-0.245417;-0.141871;-1.254902;-1.105068;-1.206082;
0.029670;0.405935;-0.245810;-0.141979;-1.256725;-1.107504;-1.208203;
0.029680;0.406274;-0.246201;-0.142087;-1.258531;-1.109930;-1.210314;
0.029690;0.406609;-0.246589;-0.142193;-1.260322;-1.112347;-1.212414;
0.029700;0.406939;-0.246975;-0.142298;-1.262097;-1.114754;-1.214504;
0.029710;0.407265;-0.247360;-0.142403;-1.263855;-1.117151;-1.216584;
0.029720;0.407587;-0.247742;-0.142506;-1.265597;-1.119540;-1.218653;
0.029730;0.407905;-0.248122;-0.142608;-1.267323;-1.121918;-1.220712;
0.029740;0.408218;-0.248499;-0.142709;-1.269032;-1.124287;-1.222760;
0.029750;0.408527;-0.248875;-0.142809;-1.270725;-1.126647;-1.224798;
0.029760;0.408832;-0.249248;-0.142908;-1.272401;-1.128996;-1.226826;
0.029770;0.409132;-0.249619;-0.143006;-1.274060;-1.131336;-1.228844;
0.029780;0.409428;-0.249988;-0.143102;-1.275702;-1.133667;-1.230850;
0.029790;0.409720;-0.250355;-0.143198;-1.277327;-1.135987;-1.232847;
0.029800;0.410008;-0.250719;-0.143292;-1.278935;-1.138298;-1.234833;
0.029810;0.410292;-0.251081;-0.143385;-1.280527;-1.140599;-1.236809;
0.029820;0.410571;-0.251440;-0.143476;-1.282101;-1.142890;-1.238774;
0.029830;0.410846;-0.251798;-0.143567;-1.283657;-1.145172;-1.240728;
0.029840;0.411117;-0.252152;-0.143656;-1.285197;-1.147443;-1.242673;
0.029850;0.411384;-0.252505;-0.143744;-1.286719;-1.149704;-1.244606;
0.029860;0.411646;-0.252855;-0.143830;-1.288224;-1.151956;-1.246529;
0.029870;0.411905;-0.253202;-0.143915;-1.289712;-1.154197;-1.248442;
0.029880;0.412159;-0.253547;-0.143999;-1.291182;-1.156428;-1.250343;
0.029890;0.412409;-0.253889;-0.144081;-1.292634;-1.158649;-1.252235;
0.029900;0.412655;-0.254229;-0.144162;-1.294069;-1.160860;-1.254115;
0.029910;0.412897;-0.254567;-0.144242;-1.295487;-1.163061;-1.255985;
0.029920;0.413135;-0.254901;-0.144320;-1.296887;-1.165251;-1.257844;
0.029930;0.413369;-0.255233;-0.144396;-1.298270;-1.167431;-1.259692;
0.029940;0.413599;-0.255563;-0.144472;-1.299635;-1.169600;-1.261529;
0.029950;0.413825;-0.255890;-0.144545;-1.300983;-1.171759;-1.263355;
0.029960;0.414046;-0.256214;-0.144617;-1.302313;-1.173908;-1.265171;
0.029970;0.414264;-0.256536;-0.144688;-1.303626;-1.176046;-1.266975;
0.029980;0.414478;-0.256855;-0.144757;-1.304921;-1.178173;-1.268769;
0.029990;0.414687;-0.257171;-0.144824;-1.306199;-1.180290;-1.270551;
0.030000;0.414893;-0.257484;-0.144889;-1.307460;-1.182396;-1.272323;
0.030010;0.415095;-0.257795;-0.144954;-1.308703;-1.184491;-1.274083;
0.030020;0.415293;-0.258103;-0.145016;-1.309929;-1.186575;-1.275832;
0.030030;0.415486;-0.258408;-0.145077;-1.311138;-1.188648;-1.277569;
0.030040;0.415676;-0.258710;-0.145136;-1.312329;-1.190711;-1.279296;
0.030050;0.415862;-0.259009;-0.145193;-1.313504;-1.192762;-1.281010;
0.030060;0.416044;-0.259306;-0.145249;-1.314661;-1.194802;-1.282714;
0.030070;0.416222;-0.259599;-0.145302;-1.315802;-1.196831;-1.284406;
0.030080;0.416396;-0.259890;-0.145355;-1.316926;-1.198849;-1.286086;
0.030090;0.416567;-0.260178;-0.145405;-1.318032;-1.200855;-1.287755;
0.030100;0.416733;-0.260463;-0.145453;-1.319122;-1.202850;-1.289412;
0.030110;0.416896;-0.260745;-0.145500;-1.320196;-1.204833;-1.291057;
0.030120;0.417054;-0.261024;-0.145545;-1.321253;-1.206805;-1.292691;
0.030130;0.417209;-0.261300;-0.145588;-1.322293;-1.208766;-1.294313;
0.030140;0.417360;-0.261573;-0.145629;-1.323317;-1.210715;-1.295922;
0.030150;0.417507;-0.261843;-0.145669;-1.324324;-1.212652;-1.297520;
0.030160;0.417651;-0.262110;-0.145706;-1.325316;-1.214577;-1.299106;
0.030170;0.417790;-0.262374;-0.145742;-1.326291;-1.216491;-1.300679;
0.030180;0.417926;-0.262635;-0.145776;-1.327251;-1.218392;-1.302240;
0.030190;0.418058;-0.262893;-0.145807;-1.328194;-1.220282;-1.303789;
0.030200;0.418186;-0.263148;-0.145837;-1.329122;-1.222160;-1.305326;
0.030210;0.418311;-0.263400;-0.145865;-1.330035;-1.224025;-1.306850;
0.030220;0.418431;-0.263649;-0.145891;-1.330932;-1.225879;-1.308362;
0.030230;0.418548;-0.263894;-0.145915;-1.331813;-1.227720;-1.309861;
0.030240;0.418661;-0.264137;-0.145938;-1.332679;-1.229549;-1.311348;
0.030250;0.418770;-0.264376;-0.145958;-1.333530;-1.231365;-1.312822;
0.030260;0.418876;-0.264613;-0.145976;-1.334367;-1.233169;-1.314283;
0.030270;0.418978;-0.264846;-0.145992;-1.335188;-1.234961;-1.315731;
0.030280;0.419076;-0.265076;-0.146007;-1.335994;-1.236740;-1.317167;
0.030290;0.419170;-0.265303;-0.146019;-1.336787;-1.238506;-1.318589;
0.030300;0.419260;-0.265527;-0.146029;-1.337564;-1.240260;-1.319999;
0.030310;0.419347;-0.265747;-0.146037;-1.338328;-1.242001;-1.321395;
0.030320;0.419430;-0.265965;-0.146044;-1.339077;-1.243730;-1.322778;
0.030330;0.419510;-0.266179;-0.146048;-1.339812;-1.245445;-1.324148;
0.030340;0.419585;-0.266391;-0.146050;-1.340533;-1.247148;-1.325505;
0.030350;0.419657;-0.266599;-0.146051;-1.341241;-1.248837;-1.326848;
0.030360;0.419725;-0.266804;-0.146049;-1.341935;-1.250514;-1.328178;
0.030370;0.419790;-0.267006;-0.146045;-1.342615;-1.252178;-1.329494;
0.030380;0.419850;-0.267204;-0.146040;-1.343283;-1.253828;-1.330797;
0.030390;0.419907;-0.267400;-0.146032;-1.343937;-1.255465;-1.332086;
0.030400;0.419960;-0.267592;-0.146022;-1.344578;-1.257089;-1.333362;
0.030410;0.420010;-0.267781;-0.146011;-1.345206;-1.258700;-1.334624;
0.030420;0.420056;-0.267967;-0.145997;-1.345821;-1.260298;-1.335872;
0.030430;0.420098;-0.268150;-0.145982;-1.346424;-1.261882;-1.337106;
0.030440;0.420136;-0.268330;-0.145964;-1.347014;-1.263452;-1.338326;
0.030450;0.420170;-0.268507;-0.145944;-1.347593;-1.265010;-1.339532;
0.030460;0.420201;-0.268680;-0.145923;-1.348158;-1.266553;-1.340724;
0.030470;0.420228;-0.268851;-0.145900;-1.348712;-1.268083;-1.341902;
0.030480;0.420251;-0.269018;-0.145874;-1.349254;-1.269600;-1.343066;
0.030490;0.420271;-0.269182;-0.145847;-1.349784;-1.271103;-1.344215;
0.030500;0.420286;-0.269343;-0.145817;-1.350302;-1.272592;-1.345351;
0.030510;0.420298;-0.269501;-0.145786;-1.350809;-1.274068;-1.346472;
0.030520;0.420306;-0.269656;-0.145753;-1.351305;-1.275530;-1.347579;
0.030530;0.420311;-0.269808;-0.145718;-1.351789;-1.276978;-1.348671;
0.030540;0.420311;-0.269957;-0.145681;-1.352262;-1.278412;-1.349749;
0.030550;0.420308;-0.270102;-0.145642;-1.352723;-1.279833;-1.350812;
0.030560;0.420301;-0.270245;-0.145602;-1.353174;-1.281239;-1.351861;
0.030570;0.420290;-0.270384;-0.145559;-1.353614;-1.282632;-1.352895;
0.030580;0.420275;-0.270521;-0.145515;-1.354044;-1.284011;-1.353915;
0.030590;0.420257;-0.270655;-0.145469;-1.354462;-1.285376;-1.354920;
0.030600;0.420234;-0.270785;-0.145420;-1.354870;-1.286727;-1.355910;
0.030610;0.420208;-0.270913;-0.145371;-1.355268;-1.288064;-1.356886;
0.030620;0.420178;-0.271037;-0.145319;-1.355655;-1.289387;-1.357847;
0.030630;0.420144;-0.271159;-0.145266;-1.356032;-1.290696;-1.358793;
0.030640;0.420106;-0.271277;-0.145210;-1.356399;-1.291991;-1.359724;
0.030650;0.420064;-0.271393;-0.145153;-1.356756;-1.293272;-1.360640;
0.030660;0.420019;-0.271506;-0.145095;-1.357103;-1.294538;-1.361542;
0.030670;0.419969;-0.271615;-0.145034;-1.357440;-1.295791;-1.362428;
0.030680;0.419916;-0.271722;-0.144972;-1.357767;-1.297030;-1.363300;
0.030690;0.419858;-0.271826;-0.144909;-1.358084;-1.298254;-1.364157;
0.030700;0.419797;-0.271927;-0.144843;-1.358392;-1.299465;-1.364999;
0.030710;0.419732;-0.272026;-0.144776;-1.358689;-1.300661;-1.365825;
0.030720;0.419662;-0.272121;-0.144707;-1.358978;-1.301844;-1.366637;
0.030730;0.419589;-0.272214;-0.144637;-1.359256;-1.303012;-1.367434;
0.030740;0.419512;-0.272303;-0.144565;-1.359525;-1.304166;-1.368216;
0.030750;0.419431;-0.272390;-0.144492;-1.359785;-1.305306;-1.368983;
0.030760;0.419345;-0.272475;-0.144416;-1.360035;-1.306432;-1.369735;
0.030770;0.419256;-0.272556;-0.144340;-1.360276;-1.307543;-1.370471;
0.030780;0.419163;-0.272635;-0.144262;-1.360507;-1.308641;-1.371193;
0.030790;0.419065;-0.272711;-0.144182;-1.360729;-1.309725;-1.371900;
0.030800;0.418964;-0.272784;-0.144101;-1.360942;-1.310794;-1.372592;
0.030810;0.418859;-0.272854;-0.144018;-1.361145;-1.311850;-1.373268;
0.030820;0.418749;-0.272922;-0.143934;-1.361339;-1.312891;-1.373930;
0.030830;0.418635;-0.272987;-0.143849;-1.361523;-1.313919;-1.374577;
0.030840;0.418518;-0.273050;-0.143762;-1.361699;-1.314932;-1.375208;
0.030850;0.418396;-0.273110;-0.143674;-1.361865;-1.315931;-1.375825;
0.030860;0.418270;-0.273167;-0.143584;-1.362021;-1.316917;-1.376426;
0.030870;0.418140;-0.273221;-0.143493;-1.362168;-1.317888;-1.377013;
0.030880;0.418005;-0.273273;-0.143401;-1.362306;-1.318845;-1.377585;
0.030890;0.417867;-0.273323;-0.143307;-1.362435;-1.319789;-1.378141;
0.030900;0.417724;-0.273370;-0.143212;-1.362554;-1.320718;-1.378683;
0.030910;0.417577;-0.273414;-0.143115;-1.362663;-1.321634;-1.379210;
0.030920;0.417426;-0.273456;-0.143018;-1.362763;-1.322536;-1.379722;
0.030930;0.417271;-0.273495;-0.142919;-1.362854;-1.323424;-1.380219;
0.030940;0.417112;-0.273531;-0.142819;-1.362935;-1.324298;-1.380702;
0.030950;0.416948;-0.273566;-0.142718;-1.363006;-1.325158;-1.381169;
0.030960;0.416780;-0.273597;-0.142615;-1.363067;-1.326005;-1.381622;
0.030970;0.416608;-0.273627;-0.142512;-1.363119;-1.326837;-1.382060;
0.030980;0.416431;-0.273653;-0.142407;-1.363161;-1.327656;-1.382483;
0.030990;0.416251;-0.273678;-0.142301;-1.363194;-1.328462;-1.382891;
0.031000;0.416066;-0.273700;-0.142194;-1.363216;-1.329254;-1.383285;
0.031010;0.415877;-0.273719;-0.142085;-1.363228;-1.330032;-1.383664;
0.031020;0.415683;-0.273736;-0.141976;-1.363230;-1.330796;-1.384029;
0.031030;0.415485;-0.273751;-0.141865;-1.363222;-1.331547;-1.384379;
0.031040;0.415283;-0.273763;-0.141754;-1.363204;-1.332284;-1.384715;
0.031050;0.415077;-0.273773;-0.141641;-1.363175;-1.333008;-1.385036;
0.031060;0.414866;-0.273781;-0.141527;-1.363136;-1.333719;-1.385342;
0.031070;0.414651;-0.273786;-0.141413;-1.363087;-1.334416;-1.385634;
0.031080;0.414431;-0.273789;-0.141297;-1.363027;-1.335099;-1.385912;
0.031090;0.414207;-0.273790;-0.141180;-1.362956;-1.335770;-1.386175;
0.031100;0.413979;-0.273788;-0.141062;-1.362874;-1.336427;-1.386424;
0.031110;0.413747;-0.273784;-0.140944;-1.362782;-1.337070;-1.386659;
0.031120;0.413510;-0.273777;-0.140824;-1.362678;-1.337701;-1.386880;
0.031130;0.413268;-0.273769;-0.140703;-1.362563;-1.338318;-1.387087;
0.031140;0.413023;-0.273758;-0.140581;-1.362437;-1.338922;-1.387279;
0.031150;0.412773;-0.273744;-0.140459;-1.362300;-1.339512;-1.387457;
0.031160;0.412518;-0.273729;-0.140335;-1.362151;-1.340090;-1.387622;
0.031170;0.412259;-0.273711;-0.140210;-1.361991;-1.340655;-1.387772;
0.031180;0.411996;-0.273691;-0.140085;-1.361819;-1.341206;-1.387908;
0.031190;0.411729;-0.273669;-0.139958;-1.361635;-1.341744;-1.388031;
0.031200;0.411457;-0.273644;-0.139831;-1.361439;-1.342270;-1.388139;
0.031210;0.411180;-0.273617;-0.139703;-1.361231;-1.342782;-1.388234;
0.031220;0.410900;-0.273588;-0.139574;-1.361011;-1.343282;-1.388315;
0.031230;0.410614;-0.273557;-0.139444;-1.360779;-1.343769;-1.388383;
0.031240;0.410325;-0.273523;-0.139313;-1.360534;-1.344243;-1.388436;
0.031250;0.410031;-0.273487;-0.139181;-1.360276;-1.344704;-1.388476;
0.031260;0.409732;-0.273449;-0.139048;-1.360006;-1.345152;-1.388503;
0.031270;0.409430;-0.273409;-0.138914;-1.359723;-1.345587;-1.388516;
0.031280;0.409123;-0.273366;-0.138780;-1.359428;-1.346010;-1.388515;
0.031290;0.408811;-0.273321;-0.138644;-1.359119;-1.346420;-1.388502;
0.031300;0.408495;-0.273274;-0.138508;-1.358797;-1.346818;-1.388474;
0.031310;0.408175;-0.273225;-0.138371;-1.358461;-1.347202;-1.388434;
0.031320;0.407850;-0.273173;-0.138233;-1.358112;-1.347574;-1.388380;
0.031330;0.407521;-0.273119;-0.138094;-1.357750;-1.347934;-1.388313;
0.031340;0.407187;-0.273063;-0.137954;-1.357374;-1.348281;-1.388232;
0.031350;0.406850;-0.273005;-0.137813;-1.356984;-1.348615;-1.388139;
0.031360;0.406507;-0.272944;-0.137672;-1.356580;-1.348937;-1.388032;
0.031370;0.406161;-0.272881;-0.137529;-1.356162;-1.349247;-1.387913;
0.031380;0.405810;-0.272816;-0.137386;-1.355730;-1.349544;-1.387780;
0.031390;0.405454;-0.272749;-0.137241;-1.355284;-1.349828;-1.387634;
0.031400;0.405095;-0.272679;-0.137096;-1.354823;-1.350100;-1.387475;
0.031410;0.404731;-0.272607;-0.136950;-1.354348;-1.350360;-1.387304;
0.031420;0.404363;-0.272533;-0.136803;-1.353858;-1.350607;-1.387119;
0.031430;0.403990;-0.272456;-0.136655;-1.353353;-1.350842;-1.386922;
0.031440;0.403613;-0.272377;-0.136506;-1.352833;-1.351065;-1.386712;
0.031450;0.403232;-0.272296;-0.136357;-1.352299;-1.351275;-1.386489;
0.031460;0.402846;-0.272213;-0.136206;-1.351749;-1.351473;-1.386254;
0.031470;0.402456;-0.272127;-0.136054;-1.351184;-1.351659;-1.386005;
0.031480;0.402062;-0.272039;-0.135902;-1.350604;-1.351832;-1.385744;
0.031490;0.401664;-0.271948;-0.135748;-1.350008;-1.351993;-1.385471;
0.031500;0.401261;-0.271855;-0.135593;-1.349397;-1.352142;-1.385185;
0.031510;0.400854;-0.271760;-0.135438;-1.348771;-1.352279;-1.384886;
0.031520;0.400443;-0.271663;-0.135281;-1.348129;-1.352403;-1.384574;
0.031530;0.400028;-0.271563;-0.135124;-1.347471;-1.352515;-1.384251;
0.031540;0.399608;-0.271460;-0.134965;-1.346797;-1.352615;-1.383914;
0.031550;0.399185;-0.271356;-0.134806;-1.346107;-1.352703;-1.383565;
0.031560;0.398757;-0.271248;-0.134645;-1.345401;-1.352778;-1.383204;
0.031570;0.398325;-0.271139;-0.134484;-1.344680;-1.352841;-1.382830;
0.031580;0.397888;-0.271027;-0.134321;-1.343942;-1.352892;-1.382444;
0.031590;0.397448;-0.270912;-0.134157;-1.343188;-1.352931;-1.382046;
0.031600;0.397003;-0.270795;-0.133993;-1.342417;-1.352957;-1.381635;
0.031610;0.396555;-0.270676;-0.133827;-1.341631;-1.352972;-1.381212;
0.031620;0.396102;-0.270554;-0.133660;-1.340828;-1.352974;-1.380776;
0.031630;0.395645;-0.270430;-0.133492;-1.340008;-1.352963;-1.380328;
0.031640;0.395184;-0.270303;-0.133323;-1.339173;-1.352941;-1.379868;
0.031650;0.394719;-0.270173;-0.133152;-1.338320;-1.352906;-1.379395;
0.031660;0.394250;-0.270041;-0.132981;-1.337451;-1.352859;-1.378910;
0.031670;0.393777;-0.269907;-0.132808;-1.336566;-1.352800;-1.378413;
0.031680;0.393300;-0.269770;-0.132635;-1.335664;-1.352729;-1.377904;
0.031690;0.392819;-0.269630;-0.132460;-1.334745;-1.352645;-1.377382;
0.031700;0.392334;-0.269488;-0.132283;-1.333810;-1.352549;-1.376848;
0.031710;0.391845;-0.269343;-0.132106;-1.332858;-1.352441;-1.376302;
0.031720;0.391352;-0.269195;-0.131927;-1.331889;-1.352320;-1.375743;
0.031730;0.390855;-0.269045;-0.131748;-1.330904;-1.352187;-1.375172;
0.031740;0.390355;-0.268893;-0.131566;-1.329901;-1.352042;-1.374589;
0.031750;0.389850;-0.268737;-0.131384;-1.328883;-1.351884;-1.373994;
0.031760;0.389341;-0.268579;-0.131200;-1.327847;-1.351714;-1.373386;
0.031770;0.388829;-0.268419;-0.131016;-1.326795;-1.351531;-1.372766;
0.031780;0.388313;-0.268255;-0.130829;-1.325726;-1.351336;-1.372134;
0.031790;0.387792;-0.268089;-0.130642;-1.324641;-1.351129;-1.371489;
0.031800;0.387268;-0.267920;-0.130453;-1.323538;-1.350909;-1.370833;
0.031810;0.386741;-0.267749;-0.130263;-1.322420;-1.350676;-1.370163;
0.031820;0.386209;-0.267575;-0.130071;-1.321284;-1.350431;-1.369482;
0.031830;0.385674;-0.267398;-0.129878;-1.320132;-1.350174;-1.368788;
0.031840;0.385135;-0.267218;-0.129684;-1.318964;-1.349904;-1.368082;
0.031850;0.384592;-0.267035;-0.129488;-1.317779;-1.349621;-1.367363;
0.031860;0.384045;-0.266850;-0.129291;-1.316578;-1.349326;-1.366632;
0.031870;0.383495;-0.266662;-0.129092;-1.315360;-1.349018;-1.365889;
0.031880;0.382941;-0.266471;-0.128892;-1.314126;-1.348698;-1.365133;
0.031890;0.382383;-0.266277;-0.128691;-1.312875;-1.348365;-1.364364;
0.031900;0.381822;-0.266081;-0.128488;-1.311609;-1.348019;-1.363583;
0.031910;0.381257;-0.265881;-0.128283;-1.310326;-1.347660;-1.362790;
0.031920;0.380689;-0.265679;-0.128078;-1.309027;-1.347288;-1.361984;
0.031930;0.380116;-0.265474;-0.127870;-1.307713;-1.346904;-1.361166;
0.031940;0.379541;-0.265266;-0.127661;-1.306382;-1.346507;-1.360335;
0.031950;0.378961;-0.265055;-0.127451;-1.305035;-1.346097;-1.359492;
0.031960;0.378378;-0.264841;-0.127239;-1.303673;-1.345674;-1.358635;
0.031970;0.377792;-0.264625;-0.127026;-1.302295;-1.345238;-1.357767;
0.031980;0.377202;-0.264405;-0.126811;-1.300901;-1.344790;-1.356885;
0.031990;0.376608;-0.264183;-0.126594;-1.299492;-1.344328;-1.355991;
0.032000;0.376011;-0.263958;-0.126376;-1.298068;-1.343853;-1.355084;
0.032010;0.375411;-0.263729;-0.126157;-1.296628;-1.343365;-1.354165;
0.032020;0.374807;-0.263498;-0.125935;-1.295173;-1.342864;-1.353232;
0.032030;0.374199;-0.263264;-0.125713;-1.293703;-1.342350;-1.352287;
0.032040;0.373588;-0.263027;-0.125488;-1.292217;-1.341823;-1.351329;
0.032050;0.372974;-0.262787;-0.125262;-1.290717;-1.341283;-1.350358;
0.032060;0.372356;-0.262544;-0.125035;-1.289202;-1.340729;-1.349374;
0.032070;0.371735;-0.262298;-0.124806;-1.287673;-1.340162;-1.348378;
0.032080;0.371110;-0.262050;-0.124575;-1.286128;-1.339582;-1.347368;
0.032090;0.370482;-0.261798;-0.124343;-1.284570;-1.338989;-1.346345;
0.032100;0.369851;-0.261543;-0.124109;-1.282997;-1.338382;-1.345310;
0.032110;0.369216;-0.261286;-0.123873;-1.281410;-1.337762;-1.344261;
0.032120;0.368578;-0.261025;-0.123636;-1.279808;-1.337129;-1.343199;
0.032130;0.367936;-0.260761;-0.123397;-1.278193;-1.336482;-1.342124;
0.032140;0.367291;-0.260495;-0.123157;-1.276564;-1.335822;-1.341036;
0.032150;0.366643;-0.260225;-0.122915;-1.274921;-1.335148;-1.339935;
0.032160;0.365992;-0.259953;-0.122671;-1.273265;-1.334461;-1.338820;
0.032170;0.365337;-0.259678;-0.122426;-1.271595;-1.333760;-1.337692;
0.032180;0.364679;-0.259399;-0.122179;-1.269911;-1.333046;-1.336551;
0.032190;0.364017;-0.259118;-0.121930;-1.268215;-1.332318;-1.335397;
0.032200;0.363353;-0.258834;-0.121680;-1.266505;-1.331577;-1.334230;
0.032210;0.362685;-0.258546;-0.121428;-1.264783;-1.330822;-1.333049;
0.032220;0.362013;-0.258256;-0.121175;-1.263047;-1.330053;-1.331854;
0.032230;0.361339;-0.257963;-0.120920;-1.261299;-1.329271;-1.330647;
0.032240;0.360661;-0.257667;-0.120663;-1.259538;-1.328475;-1.329425;
0.032250;0.359980;-0.257368;-0.120405;-1.257765;-1.327666;-1.328191;
0.032260;0.359296;-0.257066;-0.120145;-1.255980;-1.326842;-1.326942;
0.032270;0.358608;-0.256761;-0.119884;-1.254182;-1.326005;-1.325681;
0.032280;0.357918;-0.256454;-0.119621;-1.252373;-1.325154;-1.324406;
0.032290;0.357224;-0.256143;-0.119356;-1.250551;-1.324290;-1.323117;
0.032300;0.356527;-0.255829;-0.119090;-1.248718;-1.323411;-1.321814;
0.032310;0.355826;-0.255513;-0.118822;-1.246873;-1.322519;-1.320498;
0.032320;0.355123;-0.255194;-0.118552;-1.245016;-1.321613;-1.319169;
0.032330;0.354416;-0.254871;-0.118281;-1.243148;-1.320693;-1.317825;
0.032340;0.353706;-0.254546;-0.118009;-1.241269;-1.319760;-1.316469;
0.032350;0.352993;-0.254218;-0.117735;-1.239378;-1.318812;-1.315098;
0.032360;0.352276;-0.253887;-0.117459;-1.237477;-1.317851;-1.313713;
0.032370;0.351557;-0.253554;-0.117182;-1.235565;-1.316876;-1.312315;
0.032380;0.350834;-0.253217;-0.116903;-1.233641;-1.315886;-1.310904;
0.032390;0.350108;-0.252878;-0.116623;-1.231707;-1.314884;-1.309478;
0.032400;0.349379;-0.252536;-0.116341;-1.229763;-1.313867;-1.308039;
0.032410;0.348647;-0.252191;-0.116058;-1.227808;-1.312836;-1.306585;
0.032420;0.347911;-0.251843;-0.115773;-1.225842;-1.311791;-1.305119;
0.032430;0.347173;-0.251492;-0.115487;-1.223867;-1.310733;-1.303638;
0.032440;0.346431;-0.251139;-0.115200;-1.221881;-1.309661;-1.302143;
0.032450;0.345686;-0.250783;-0.114911;-1.219885;-1.308574;-1.300635;
0.032460;0.344938;-0.250424;-0.114620;-1.217880;-1.307474;-1.299113;
0.032470;0.344186;-0.250063;-0.114328;-1.215864;-1.306360;-1.297577;
0.032480;0.343432;-0.249699;-0.114035;-1.213839;-1.305232;-1.296027;
0.032490;0.342674;-0.249332;-0.113740;-1.211804;-1.304091;-1.294463;
0.032500;0.341913;-0.248962;-0.113444;-1.209759;-1.302935;-1.292885;
0.032510;0.341149;-0.248590;-0.113147;-1.207705;-1.301766;-1.291294;
0.032520;0.340382;-0.248215;-0.112848;-1.205642;-1.300582;-1.289689;
0.032530;0.339611;-0.247837;-0.112548;-1.203569;-1.299385;-1.288070;
0.032540;0.338838;-0.247457;-0.112246;-1.201487;-1.298175;-1.286437;
0.032550;0.338061;-0.247074;-0.111943;-1.199396;-1.296950;-1.284790;
0.032560;0.337281;-0.246689;-0.111639;-1.197296;-1.295711;-1.283130;
0.032570;0.336498;-0.246301;-0.111334;-1.195187;-1.294459;-1.281456;
0.032580;0.335712;-0.245910;-0.111027;-1.193068;-1.293193;-1.279768;
0.032590;0.334922;-0.245517;-0.110719;-1.190941;-1.291914;-1.278066;
0.032600;0.334130;-0.245122;-0.110410;-1.188805;-1.290620;-1.276350;
0.032610;0.333334;-0.244724;-0.110100;-1.186661;-1.289313;-1.274621;
0.032620;0.332535;-0.244323;-0.109788;-1.184508;-1.287992;-1.272878;
0.032630;0.331733;-0.243920;-0.109476;-1.182346;-1.286658;-1.271121;
0.032640;0.330927;-0.243514;-0.109162;-1.180175;-1.285310;-1.269350;
0.032650;0.330119;-0.243106;-0.108847;-1.177996;-1.283949;-1.267566;
0.032660;0.329307;-0.242696;-0.108531;-1.175808;-1.282573;-1.265768;
0.032670;0.328492;-0.242283;-0.108213;-1.173612;-1.281185;-1.263957;
0.032680;0.327674;-0.241868;-0.107895;-1.171407;-1.279783;-1.262132;
0.032690;0.326852;-0.241450;-0.107576;-1.169194;-1.278367;-1.260293;
0.032700;0.326028;-0.241030;-0.107255;-1.166972;-1.276938;-1.258441;
0.032710;0.325200;-0.240608;-0.106933;-1.164742;-1.275496;-1.256576;
0.032720;0.324369;-0.240183;-0.106611;-1.162504;-1.274040;-1.254696;
0.032730;0.323535;-0.239756;-0.106287;-1.160257;-1.272571;-1.252804;
0.032740;0.322697;-0.239327;-0.105963;-1.158002;-1.271088;-1.250898;
0.032750;0.321857;-0.238895;-0.105637;-1.155739;-1.269593;-1.248978;
0.032760;0.321013;-0.238461;-0.105310;-1.153467;-1.268084;-1.247046;
0.032770;0.320166;-0.238025;-0.104983;-1.151187;-1.266561;-1.245100;
0.032780;0.319316;-0.237587;-0.104654;-1.148899;-1.265026;-1.243140;
0.032790;0.318462;-0.237146;-0.104325;-1.146602;-1.263478;-1.241168;
0.032800;0.317606;-0.236704;-0.103995;-1.144297;-1.261916;-1.239182;
0.032810;0.316746;-0.236259;-0.103663;-1.141984;-1.260342;-1.237183;
0.032820;0.315883;-0.235811;-0.103331;-1.139662;-1.258754;-1.235171;
0.032830;0.315017;-0.235362;-0.102998;-1.137332;-1.257154;-1.233146;
0.032840;0.314147;-0.234911;-0.102665;-1.134993;-1.255541;-1.231108;
0.032850;0.313274;-0.234457;-0.102330;-1.132646;-1.253915;-1.229057;
0.032860;0.312398;-0.234001;-0.101995;-1.130291;-1.252276;-1.226993;
0.032870;0.311519;-0.233544;-0.101658;-1.127927;-1.250624;-1.224916;
0.032880;0.310637;-0.233084;-0.101321;-1.125554;-1.248959;-1.222826;
0.032890;0.309751;-0.232622;-0.100984;-1.123173;-1.247282;-1.220724;
0.032900;0.308863;-0.232158;-0.100645;-1.120783;-1.245592;-1.218608;
0.032910;0.307971;-0.231692;-0.100306;-1.118385;-1.243890;-1.216480;
0.032920;0.307075;-0.231224;-0.099966;-1.115978;-1.242175;-1.214340;
0.032930;0.306177;-0.230754;-0.099625;-1.113562;-1.240448;-1.212187;
0.032940;0.305275;-0.230281;-0.099283;-1.111138;-1.238708;-1.210021;
0.032950;0.304371;-0.229807;-0.098941;-1.108704;-1.236956;-1.207843;
0.032960;0.303463;-0.229331;-0.098598;-1.106262;-1.235191;-1.205653;
0.032970;0.302551;-0.228853;-0.098255;-1.103811;-1.233414;-1.203450;
0.032980;0.301637;-0.228373;-0.097910;-1.101351;-1.231625;-1.201234;
0.032990;0.300719;-0.227891;-0.097566;-1.098882;-1.229824;-1.199007;
0.033000;0.299799;-0.227407;-0.097220;-1.096403;-1.228011;-1.196767;
0.033010;0.298875;-0.226921;-0.096874;-1.093916;-1.226185;-1.194516;
0.033020;0.297947;-0.226434;-0.096527;-1.091419;-1.224348;-1.192252;
0.033030;0.297017;-0.225944;-0.096180;-1.088913;-1.222498;-1.189976;
0.033040;0.296084;-0.225452;-0.095832;-1.086398;-1.220636;-1.187688;
0.033050;0.295147;-0.224959;-0.095483;-1.083873;-1.218763;-1.185389;
0.033060;0.294207;-0.224463;-0.095134;-1.081339;-1.216878;-1.183077;
0.033070;0.293264;-0.223966;-0.094784;-1.078795;-1.214981;-1.180754;
0.033080;0.292318;-0.223467;-0.094434;-1.076242;-1.213072;-1.178419;
0.033090;0.291369;-0.222966;-0.094083;-1.073678;-1.211151;-1.176072;
0.033100;0.290416;-0.222463;-0.093731;-1.071106;-1.209219;-1.173714;
0.033110;0.289461;-0.221958;-0.093379;-1.068523;-1.207275;-1.171344;
0.033120;0.288502;-0.221452;-0.093026;-1.065930;-1.205320;-1.168963;
0.033130;0.287540;-0.220943;-0.092673;-1.063327;-1.203353;-1.166570;
0.033140;0.286575;-0.220433;-0.092320;-1.060715;-1.201374;-1.164166;
0.033150;0.285607;-0.219921;-0.091965;-1.058092;-1.199384;-1.161751;
0.033160;0.284636;-0.219407;-0.091610;-1.055459;-1.197383;-1.159324;
0.033170;0.283662;-0.218892;-0.091255;-1.052816;-1.195370;-1.156887;
0.033180;0.282685;-0.218374;-0.090899;-1.050162;-1.193347;-1.154438;
0.033190;0.281704;-0.217855;-0.090543;-1.047498;-1.191311;-1.151978;
0.033200;0.280721;-0.217334;-0.090186;-1.044823;-1.189265;-1.149507;
0.033210;0.279735;-0.216811;-0.089828;-1.042138;-1.187208;-1.147025;
0.033220;0.278745;-0.216286;-0.089470;-1.039442;-1.185139;-1.144532;
0.033230;0.277753;-0.215759;-0.089112;-1.036736;-1.183059;-1.142028;
0.033240;0.276757;-0.215231;-0.088753;-1.034019;-1.180968;-1.139514;
0.033250;0.275759;-0.214701;-0.088393;-1.031291;-1.178867;-1.136989;
0.033260;0.274757;-0.214169;-0.088033;-1.028552;-1.176754;-1.134453;
0.033270;0.273753;-0.213635;-0.087673;-1.025802;-1.174630;-1.131906;
0.033280;0.272746;-0.213099;-0.087311;-1.023041;-1.172496;-1.129349;
0.033290;0.271735;-0.212562;-0.086950;-1.020269;-1.170350;-1.126782;
0.033300;0.270722;-0.212023;-0.086588;-1.017485;-1.168194;-1.124204;
0.033310;0.269706;-0.211482;-0.086225;-1.014691;-1.166027;-1.121615;
0.033320;0.268687;-0.210939;-0.085862;-1.011885;-1.163849;-1.119016;
0.033330;0.267665;-0.210395;-0.085498;-1.009068;-1.161661;-1.116407;
0.033340;0.266640;-0.209848;-0.085133;-1.006240;-1.159462;-1.113788;
0.033350;0.265612;-0.209300;-0.084769;-1.003400;-1.157252;-1.111158;
0.033360;0.264582;-0.208750;-0.084403;-1.000548;-1.155032;-1.108518;
0.033370;0.263548;-0.208198;-0.084037;-0.997686;-1.152801;-1.105868;
0.033380;0.262512;-0.207645;-0.083671;-0.994811;-1.150559;-1.103208;
0.033390;0.261473;-0.207089;-0.083303;-0.991925;-1.148307;-1.100538;
0.033400;0.260431;-0.206532;-0.082936;-0.989027;-1.146045;-1.097858;
0.033410;0.259387;-0.205973;-0.082568;-0.986118;-1.143772;-1.095168;
0.033420;0.258340;-0.205412;-0.082199;-0.983197;-1.141489;-1.092468;
0.033430;0.257290;-0.204849;-0.081829;-0.980264;-1.139195;-1.089759;
0.033440;0.256237;-0.204285;-0.081459;-0.977319;-1.136891;-1.087039;
0.033450;0.255181;-0.203718;-0.081089;-0.974362;-1.134576;-1.084310;
0.033460;0.254123;-0.203150;-0.080718;-0.971394;-1.132251;-1.081571;
0.033470;0.253062;-0.202580;-0.080346;-0.968413;-1.129916;-1.078822;
0.033480;0.251999;-0.202008;-0.079973;-0.965421;-1.127571;-1.076063;
0.033490;0.250933;-0.201434;-0.079600;-0.962417;-1.125215;-1.073295;
0.033500;0.249864;-0.200858;-0.079227;-0.959401;-1.122849;-1.070518;
0.033510;0.248793;-0.200281;-0.078852;-0.956373;-1.120473;-1.067730;
0.033520;0.247719;-0.199701;-0.078477;-0.953333;-1.118086;-1.064933;
0.033530;0.246643;-0.199120;-0.078102;-0.950281;-1.115689;-1.062127;
0.033540;0.245564;-0.198537;-0.077726;-0.947217;-1.113283;-1.059311;
0.033550;0.244482;-0.197952;-0.077349;-0.944141;-1.110866;-1.056486;
0.033560;0.243398;-0.197365;-0.076971;-0.941053;-1.108438;-1.053651;
0.033570;0.242312;-0.196776;-0.076593;-0.937954;-1.106001;-1.050807;
0.033580;0.241223;-0.196186;-0.076214;-0.934842;-1.103554;-1.047954;
0.033590;0.240132;-0.195593;-0.075834;-0.931718;-1.101096;-1.045091;
0.033600;0.239038;-0.194998;-0.075454;-0.928583;-1.098628;-1.042219;
0.033610;0.237942;-0.194402;-0.075073;-0.925435;-1.096151;-1.039337;
0.033620;0.236843;-0.193804;-0.074691;-0.922276;-1.093663;-1.036447;
0.033630;0.235742;-0.193203;-0.074309;-0.919105;-1.091165;-1.033547;
0.033640;0.234639;-0.192601;-0.073925;-0.915922;-1.088657;-1.030637;
0.033650;0.233534;-0.191997;-0.073541;-0.912728;-1.086139;-1.027719;
0.033660;0.232426;-0.191391;-0.073157;-0.909521;-1.083611;-1.024791;
0.033670;0.231315;-0.190783;-0.072771;-0.906303;-1.081073;-1.021854;
0.033680;0.230203;-0.190173;-0.072385;-0.903074;-1.078524;-1.018908;
0.033690;0.229088;-0.189561;-0.071998;-0.899832;-1.075966;-1.015953;
0.033700;0.227971;-0.188947;-0.071610;-0.896580;-1.073398;-1.012989;
0.033710;0.226852;-0.188331;-0.071221;-0.893315;-1.070820;-1.010015;
0.033720;0.225731;-0.187714;-0.070832;-0.890039;-1.068231;-1.007033;
0.033730;0.224607;-0.187094;-0.070442;-0.886752;-1.065633;-1.004041;
0.033740;0.223482;-0.186472;-0.070051;-0.883454;-1.063025;-1.001040;
0.033750;0.222354;-0.185848;-0.069659;-0.880144;-1.060407;-0.998031;
0.033760;0.221224;-0.185223;-0.069266;-0.876823;-1.057778;-0.995012;
0.033770;0.220092;-0.184595;-0.068873;-0.873491;-1.055140;-0.991984;
0.033780;0.218958;-0.183965;-0.068478;-0.870148;-1.052492;-0.988947;
0.033790;0.217822;-0.183334;-0.068083;-0.866794;-1.049833;-0.985900;
0.033800;0.216684;-0.182700;-0.067687;-0.863429;-1.047165;-0.982845;
0.033810;0.215544;-0.182064;-0.067290;-0.860053;-1.044487;-0.979781;
0.033820;0.214402;-0.181427;-0.066893;-0.856667;-1.041799;-0.976708;
0.033830;0.213257;-0.180787;-0.066494;-0.853270;-1.039100;-0.973625;
0.033840;0.212111;-0.180146;-0.066095;-0.849862;-1.036392;-0.970534;
0.033850;0.210963;-0.179502;-0.065694;-0.846444;-1.033674;-0.967434;
0.033860;0.209813;-0.178857;-0.065293;-0.843016;-1.030945;-0.964324;
0.033870;0.208661;-0.178209;-0.064891;-0.839577;-1.028207;-0.961206;
0.033880;0.207508;-0.177559;-0.064488;-0.836128;-1.025459;-0.958078;
0.033890;0.206352;-0.176908;-0.064084;-0.832669;-1.022701;-0.954942;
0.033900;0.205194;-0.176254;-0.063680;-0.829200;-1.019932;-0.951796;
0.033910;0.204035;-0.175599;-0.063274;-0.825721;-1.017154;-0.948642;
0.033920;0.202874;-0.174941;-0.062868;-0.822232;-1.014366;-0.945478;
0.033930;0.201711;-0.174281;-0.062460;-0.818734;-1.011568;-0.942306;
0.033940;0.200546;-0.173620;-0.062052;-0.815226;-1.008760;-0.939124;
0.033950;0.199379;-0.172956;-0.061643;-0.811709;-1.005941;-0.935934;
0.033960;0.198211;-0.172291;-0.061233;-0.808182;-1.003113;-0.932734;
0.033970;0.197041;-0.171623;-0.060822;-0.804646;-1.000275;-0.929526;
0.033980;0.195869;-0.170954;-0.060410;-0.801101;-0.997427;-0.926308;
0.033990;0.194695;-0.170282;-0.059997;-0.797547;-0.994569;-0.923082;
0.034000;0.193520;-0.169609;-0.059583;-0.793985;-0.991701;-0.919846;
0.034010;0.192343;-0.168934;-0.059169;-0.790413;-0.988823;-0.916601;
0.034020;0.191165;-0.168256;-0.058753;-0.786833;-0.985934;-0.913348;
0.034030;0.189984;-0.167577;-0.058337;-0.783244;-0.983036;-0.910085;
0.034040;0.188802;-0.166896;-0.057920;-0.779647;-0.980128;-0.906813;
0.034050;0.187619;-0.166212;-0.057502;-0.776042;-0.977210;-0.903533;
0.034060;0.186434;-0.165527;-0.057083;-0.772428;-0.974282;-0.900243;
0.034070;0.185247;-0.164840;-0.056663;-0.768806;-0.971344;-0.896944;
0.034080;0.184059;-0.164151;-0.056242;-0.765177;-0.968397;-0.893637;
0.034090;0.182869;-0.163460;-0.055820;-0.761540;-0.965439;-0.890320;
0.034100;0.181677;-0.162767;-0.055398;-0.757895;-0.962471;-0.886994;
0.034110;0.180484;-0.162072;-0.054974;-0.754242;-0.959493;-0.883660;
0.034120;0.179289;-0.161376;-0.054550;-0.750582;-0.956506;-0.880316;
0.034130;0.178093;-0.160677;-0.054125;-0.746915;-0.953508;-0.876963;
0.034140;0.176896;-0.159977;-0.053699;-0.743241;-0.950501;-0.873602;
0.034150;0.175696;-0.159274;-0.053272;-0.739559;-0.947484;-0.870231;
0.034160;0.174496;-0.158570;-0.052844;-0.735871;-0.944456;-0.866852;
0.034170;0.173294;-0.157864;-0.052416;-0.732175;-0.941419;-0.863463;
0.034180;0.172090;-0.157156;-0.051987;-0.728473;-0.938372;-0.860065;
0.034190;0.170885;-0.156447;-0.051556;-0.724765;-0.935316;-0.856659;
0.034200;0.169678;-0.155735;-0.051125;-0.721050;-0.932249;-0.853244;
0.034210;0.168470;-0.155022;-0.050694;-0.717329;-0.929173;-0.849819;
0.034220;0.167261;-0.154307;-0.050261;-0.713601;-0.926087;-0.846386;
0.034230;0.166050;-0.153590;-0.049828;-0.709867;-0.922991;-0.842944;
0.034240;0.164838;-0.152871;-0.049394;-0.706127;-0.919885;-0.839493;
0.034250;0.163624;-0.152151;-0.048959;-0.702382;-0.916769;-0.836033;
0.034260;0.162409;-0.151428;-0.048523;-0.698630;-0.913644;-0.832564;
0.034270;0.161192;-0.150704;-0.048087;-0.694873;-0.910509;-0.829086;
0.034280;0.159974;-0.149979;-0.047650;-0.691111;-0.907365;-0.825599;
0.034290;0.158755;-0.149251;-0.047212;-0.687343;-0.904211;-0.822104;
0.034300;0.157534;-0.148522;-0.046773;-0.683569;-0.901047;-0.818600;
0.034310;0.156312;-0.147792;-0.046334;-0.679790;-0.897873;-0.815087;
0.034320;0.155089;-0.147059;-0.045894;-0.676006;-0.894690;-0.811565;
0.034330;0.153864;-0.146325;-0.045453;-0.672217;-0.891497;-0.808034;
0.034340;0.152638;-0.145590;-0.045012;-0.668423;-0.888295;-0.804495;
0.034350;0.151411;-0.144852;-0.044570;-0.664625;-0.885084;-0.800947;
0.034360;0.150182;-0.144113;-0.044128;-0.660821;-0.881862;-0.797390;
0.034370;0.148952;-0.143373;-0.043684;-0.657013;-0.878632;-0.793824;
0.034380;0.147720;-0.142631;-0.043241;-0.653200;-0.875392;-0.790250;
0.034390;0.146488;-0.141887;-0.042796;-0.649383;-0.872142;-0.786668;
0.034400;0.145254;-0.141142;-0.042351;-0.645561;-0.868883;-0.783076;
0.034410;0.144018;-0.140395;-0.041906;-0.641735;-0.865615;-0.779476;
0.034420;0.142782;-0.139647;-0.041459;-0.637904;-0.862338;-0.775868;
0.034430;0.141544;-0.138897;-0.041013;-0.634070;-0.859051;-0.772251;
0.034440;0.140304;-0.138146;-0.040565;-0.630231;-0.855755;-0.768625;
0.034450;0.139064;-0.137394;-0.040118;-0.626388;-0.852450;-0.764991;
0.034460;0.137822;-0.136640;-0.039669;-0.622542;-0.849136;-0.761349;
0.034470;0.136579;-0.135884;-0.039221;-0.618691;-0.845813;-0.757698;
0.034480;0.135335;-0.135127;-0.038771;-0.614837;-0.842480;-0.754039;
0.034490;0.134089;-0.134369;-0.038322;-0.610978;-0.839139;-0.750372;
0.034500;0.132843;-0.133609;-0.037871;-0.607117;-0.835789;-0.746696;
0.034510;0.131595;-0.132848;-0.037421;-0.603251;-0.832429;-0.743012;
0.034520;0.130345;-0.132086;-0.036970;-0.599382;-0.829061;-0.739320;
0.034530;0.129095;-0.131322;-0.036518;-0.595509;-0.825684;-0.735620;
0.034540;0.127843;-0.130557;-0.036066;-0.591633;-0.822298;-0.731911;
0.034550;0.126590;-0.129791;-0.035614;-0.587753;-0.818904;-0.728195;
0.034560;0.125336;-0.129023;-0.035162;-0.583870;-0.815500;-0.724470;
0.034570;0.124080;-0.128254;-0.034709;-0.579983;-0.812088;-0.720738;
0.034580;0.122824;-0.127484;-0.034255;-0.576093;-0.808668;-0.716997;
0.034590;0.121566;-0.126713;-0.033802;-0.572200;-0.805238;-0.713249;
0.034600;0.120307;-0.125940;-0.033348;-0.568303;-0.801801;-0.709493;
0.034610;0.119047;-0.125167;-0.032894;-0.564404;-0.798354;-0.705729;
0.034620;0.117785;-0.124392;-0.032439;-0.560501;-0.794900;-0.701957;
0.034630;0.116522;-0.123616;-0.031985;-0.556594;-0.791437;-0.698177;
0.034640;0.115259;-0.122839;-0.031530;-0.552685;-0.787966;-0.694390;
0.034650;0.113994;-0.122060;-0.031074;-0.548772;-0.784486;-0.690595;
0.034660;0.112727;-0.121281;-0.030619;-0.544857;-0.780998;-0.686793;
0.034670;0.111460;-0.120500;-0.030163;-0.540938;-0.777502;-0.682983;
0.034680;0.110192;-0.119719;-0.029708;-0.537016;-0.773998;-0.679166;
0.034690;0.108922;-0.118936;-0.029252;-0.533091;-0.770486;-0.675342;
0.034700;0.107651;-0.118152;-0.028795;-0.529163;-0.766966;-0.671510;
0.034710;0.106379;-0.117368;-0.028339;-0.525232;-0.763438;-0.667671;
0.034720;0.105106;-0.116582;-0.027883;-0.521297;-0.759902;-0.663824;
0.034730;0.103832;-0.115795;-0.027426;-0.517360;-0.756358;-0.659971;
0.034740;0.102557;-0.115008;-0.026969;-0.513420;-0.752807;-0.656110;
0.034750;0.101280;-0.114219;-0.026513;-0.509476;-0.749248;-0.652242;
0.034760;0.100003;-0.113429;-0.026056;-0.505529;-0.745681;-0.648368;
0.034770;0.098724;-0.112639;-0.025599;-0.501579;-0.742106;-0.644486;
0.034780;0.097444;-0.111847;-0.025142;-0.497627;-0.738524;-0.640598;
0.034790;0.096163;-0.111055;-0.024685;-0.493670;-0.734935;-0.636703;
0.034800;0.094881;-0.110262;-0.024228;-0.489711;-0.731338;-0.632801;
0.034810;0.093598;-0.109467;-0.023770;-0.485749;-0.727734;-0.628892;
0.034820;0.092314;-0.108672;-0.023313;-0.481783;-0.724122;-0.624977;
0.034830;0.091029;-0.107876;-0.022856;-0.477815;-0.720503;-0.621055;
0.034840;0.089743;-0.107080;-0.022399;-0.473843;-0.716877;-0.617127;
0.034850;0.088455;-0.106282;-0.021942;-0.469867;-0.713244;-0.613193;
0.034860;0.087167;-0.105484;-0.021485;-0.465889;-0.709604;-0.609252;
0.034870;0.085878;-0.104685;-0.021027;-0.461907;-0.705957;-0.605304;
0.034880;0.084587;-0.103885;-0.020570;-0.457922;-0.702303;-0.601351;
0.034890;0.083296;-0.103084;-0.020113;-0.453934;-0.698642;-0.597392;
0.034900;0.082004;-0.102282;-0.019656;-0.449942;-0.694974;-0.593426;
0.034910;0.080710;-0.101480;-0.019199;-0.445947;-0.691299;-0.589454;
0.034920;0.079416;-0.100677;-0.018743;-0.441948;-0.687618;-0.585477;
0.034930;0.078120;-0.099873;-0.018286;-0.437946;-0.683930;-0.581493;
0.034940;0.076824;-0.099069;-0.017829;-0.433940;-0.680235;-0.577504;
0.034950;0.075527;-0.098263;-0.017373;-0.429931;-0.676534;-0.573509;
0.034960;0.074229;-0.097457;-0.016916;-0.425918;-0.672827;-0.569508;
0.034970;0.072930;-0.096651;-0.016460;-0.421902;-0.669113;-0.565502;
0.034980;0.071630;-0.095843;-0.016003;-0.417882;-0.665392;-0.561490;
0.034990;0.070329;-0.095035;-0.015547;-0.413859;-0.661666;-0.557473;
0.035000;0.069027;-0.094227;-0.015091;-0.409831;-0.657933;-0.553450;
0.035010;0.067724;-0.093417;-0.014636;-0.405800;-0.654194;-0.549422;
0.035020;0.066420;-0.092607;-0.014180;-0.401766;-0.650448;-0.545389;
0.035030;0.065116;-0.091797;-0.013724;-0.397727;-0.646697;-0.541351;
0.035040;0.063810;-0.090985;-0.013269;-0.393684;-0.642940;-0.537307;
0.035050;0.062504;-0.090173;-0.012813;-0.389638;-0.639177;-0.533258;
0.035060;0.061197;-0.089361;-0.012358;-0.385588;-0.635408;-0.529204;
0.035070;0.059890;-0.088548;-0.011903;-0.381534;-0.631633;-0.525146;
0.035080;0.058581;-0.087734;-0.011448;-0.377476;-0.627852;-0.521082;
0.035090;0.057272;-0.086919;-0.010994;-0.373414;-0.624065;-0.517014;
0.035100;0.055961;-0.086104;-0.010539;-0.369347;-0.620273;-0.512941;
0.035110;0.054650;-0.085289;-0.010085;-0.365277;-0.616475;-0.508863;
0.035120;0.053339;-0.084472;-0.009631;-0.361203;-0.612672;-0.504781;
0.035130;0.052026;-0.083655;-0.009177;-0.357124;-0.608863;-0.500694;
0.035140;0.050713;-0.082838;-0.008723;-0.353042;-0.605048;-0.496602;
0.035150;0.049400;-0.082020;-0.008269;-0.348955;-0.601229;-0.492506;
0.035160;0.048085;-0.081201;-0.007816;-0.344864;-0.597403;-0.488406;
0.035170;0.046770;-0.080382;-0.007362;-0.340768;-0.593573;-0.484301;
0.035180;0.045454;-0.079562;-0.006909;-0.336669;-0.589737;-0.480192;
0.035190;0.044138;-0.078742;-0.006456;-0.332565;-0.585896;-0.476079;
0.035200;0.042821;-0.077921;-0.006004;-0.328457;-0.582049;-0.471962;
0.035210;0.041503;-0.077100;-0.005551;-0.324344;-0.578198;-0.467841;
0.035220;0.040185;-0.076278;-0.005098;-0.320227;-0.574342;-0.463715;
0.035230;0.038866;-0.075455;-0.004646;-0.316106;-0.570480;-0.459586;
0.035240;0.037547;-0.074632;-0.004194;-0.311980;-0.566613;-0.455453;
0.035250;0.036227;-0.073808;-0.003742;-0.307850;-0.562742;-0.451316;
0.035260;0.034907;-0.072984;-0.003290;-0.303715;-0.558865;-0.447175;
0.035270;0.033586;-0.072159;-0.002839;-0.299576;-0.554984;-0.443030;
0.035280;0.032264;-0.071334;-0.002387;-0.295433;-0.551098;-0.438882;
0.035290;0.030943;-0.070508;-0.001936;-0.291285;-0.547207;-0.434730;
0.035300;0.029620;-0.069682;-0.001485;-0.287133;-0.543311;-0.430575;
0.035310;0.028298;-0.068855;-0.001034;-0.282976;-0.539411;-0.426416;
0.035320;0.026975;-0.068027;-0.000583;-0.278814;-0.535506;-0.422253;
0.035330;0.025651;-0.067199;-0.000132;-0.274649;-0.531596;-0.418087;
0.035340;0.024327;-0.066371;0.000319;-0.270478;-0.527682;-0.413918;
0.035350;0.023003;-0.065541;0.000769;-0.266304;-0.523763;-0.409745;
0.035360;0.021679;-0.064712;0.001219;-0.262125;-0.519840;-0.405569;
0.035370;0.020354;-0.063882;0.001670;-0.257941;-0.515912;-0.401390;
0.035380;0.019029;-0.063051;0.002120;-0.253753;-0.511980;-0.397207;
0.035390;0.017703;-0.062219;0.002570;-0.249560;-0.508043;-0.393022;
0.035400;0.016377;-0.061388;0.003020;-0.245364;-0.504102;-0.388833;
0.035410;0.015052;-0.060555;0.003469;-0.241162;-0.500156;-0.384641;
0.035420;0.013725;-0.059722;0.003919;-0.236957;-0.496207;-0.380446;
0.035430;0.012399;-0.058889;0.004368;-0.232747;-0.492253;-0.376249;
0.035440;0.011073;-0.058055;0.004818;-0.228532;-0.488294;-0.372048;
0.035450;0.009746;-0.057220;0.005267;-0.224314;-0.484332;-0.367844;
0.035460;0.008419;-0.056385;0.005716;-0.220091;-0.480365;-0.363638;
0.035470;0.007092;-0.055549;0.006165;-0.215864;-0.476394;-0.359428;
0.035480;0.005765;-0.054713;0.006614;-0.211633;-0.472419;-0.355216;
0.035490;0.004438;-0.053876;0.007063;-0.207397;-0.468440;-0.351001;
0.035500;0.003111;-0.053039;0.007512;-0.203158;-0.464457;-0.346783;
0.035510;0.001784;-0.052201;0.007961;-0.198914;-0.460470;-0.342563;
0.035520;0.000456;-0.051363;0.008410;-0.194666;-0.456478;-0.338340;
0.035530;-0.000871;-0.050524;0.008859;-0.190415;-0.452483;-0.334114;
0.035540;-0.002198;-0.049685;0.009307;-0.186159;-0.448484;-0.329886;
0.035550;-0.003525;-0.048845;0.009756;-0.181900;-0.444481;-0.325655;
0.035560;-0.004853;-0.048004;0.010204;-0.177636;-0.440474;-0.321422;
0.035570;-0.006180;-0.047163;0.010653;-0.173369;-0.436463;-0.317186;
0.035580;-0.007507;-0.046321;0.011101;-0.169098;-0.432448;-0.312947;
0.035590;-0.008833;-0.045479;0.011550;-0.164824;-0.428429;-0.308707;
0.035600;-0.010160;-0.044636;0.011998;-0.160546;-0.424406;-0.304463;
0.035610;-0.011487;-0.043793;0.012446;-0.156264;-0.420380;-0.300218;
0.035620;-0.012813;-0.042949;0.012895;-0.151979;-0.416350;-0.295970;
0.035630;-0.014139;-0.042105;0.013343;-0.147691;-0.412316;-0.291719;
0.035640;-0.015465;-0.041260;0.013791;-0.143399;-0.408278;-0.287467;
0.035650;-0.016791;-0.040415;0.014240;-0.139104;-0.404237;-0.283212;
0.035660;-0.018117;-0.039569;0.014688;-0.134806;-0.400192;-0.278955;
0.035670;-0.019442;-0.038723;0.015136;-0.130504;-0.396143;-0.274695;
0.035680;-0.020767;-0.037876;0.015584;-0.126200;-0.392091;-0.270433;
0.035690;-0.022092;-0.037028;0.016032;-0.121893;-0.388034;-0.266170;
0.035700;-0.023416;-0.036180;0.016481;-0.117583;-0.383975;-0.261904;
0.035710;-0.024740;-0.035332;0.016929;-0.113270;-0.379912;-0.257635;
0.035720;-0.026064;-0.034483;0.017377;-0.108954;-0.375845;-0.253365;
0.035730;-0.027387;-0.033633;0.017825;-0.104636;-0.371774;-0.249093;
0.035740;-0.028710;-0.032783;0.018274;-0.100315;-0.367700;-0.244818;
0.035750;-0.030032;-0.031932;0.018722;-0.095992;-0.363623;-0.240542;
0.035760;-0.031354;-0.031081;0.019170;-0.091667;-0.359542;-0.236263;
0.035770;-0.032676;-0.030230;0.019618;-0.087339;-0.355457;-0.231982;
0.035780;-0.033997;-0.029378;0.020067;-0.083009;-0.351370;-0.227700;
0.035790;-0.035318;-0.028525;0.020515;-0.078677;-0.347278;-0.223415;
0.035800;-0.036638;-0.027672;0.020963;-0.074344;-0.343184;-0.219128;
0.035810;-0.037958;-0.026819;0.021411;-0.070008;-0.339085;-0.214840;
0.035820;-0.039277;-0.025965;0.021860;-0.065671;-0.334984;-0.210549;
0.035830;-0.040595;-0.025110;0.022308;-0.061332;-0.330879;-0.206257;
0.035840;-0.041913;-0.024255;0.022756;-0.056991;-0.326771;-0.201963;
0.035850;-0.043231;-0.023400;0.023204;-0.052649;-0.322659;-0.197667;
0.035860;-0.044548;-0.022544;0.023653;-0.048306;-0.318544;-0.193368;
0.035870;-0.045864;-0.021688;0.024101;-0.043962;-0.314426;-0.189069;
0.035880;-0.047180;-0.020831;0.024549;-0.039616;-0.310305;-0.184767;
0.035890;-0.048495;-0.019974;0.024998;-0.035269;-0.306180;-0.180463;
0.035900;-0.049809;-0.019116;0.025446;-0.030922;-0.302052;-0.176158;
0.035910;-0.051123;-0.018258;0.025894;-0.026574;-0.297921;-0.171851;
0.035920;-0.052436;-0.017400;0.026342;-0.022225;-0.293787;-0.167542;
0.035930;-0.053748;-0.016541;0.026791;-0.017875;-0.289650;-0.163232;
0.035940;-0.055059;-0.015682;0.027239;-0.013525;-0.285509;-0.158919;
0.035950;-0.056370;-0.014822;0.027687;-0.009175;-0.281366;-0.154606;
0.035960;-0.057680;-0.013962;0.028135;-0.004824;-0.277219;-0.150290;
0.035970;-0.058990;-0.013102;0.028583;-0.000473;-0.273070;-0.145973;
0.035980;-0.060299;-0.012241;0.029032;0.003878;-0.268917;-0.141654;
0.035990;-0.061606;-0.011380;0.029480;0.008229;-0.264761;-0.137333;
0.036000;-0.062913;-0.010519;0.029928;0.012579;-0.260603;-0.133011;
0.036010;-0.064220;-0.009657;0.030376;0.016929;-0.256441;-0.128688;
0.036020;-0.065525;-0.008795;0.030823;0.021279;-0.252276;-0.124362;
0.036030;-0.066830;-0.007933;0.031271;0.025629;-0.248109;-0.120036;
0.036040;-0.068134;-0.007070;0.031719;0.029978;-0.243939;-0.115707;
0.036050;-0.069436;-0.006207;0.032167;0.034326;-0.239766;-0.111378;
0.036060;-0.070739;-0.005344;0.032614;0.038673;-0.235590;-0.107047;
0.036070;-0.072040;-0.004481;0.033062;0.043019;-0.231411;-0.102714;
0.036080;-0.073340;-0.003617;0.033509;0.047365;-0.227229;-0.098380;
0.036090;-0.074639;-0.002753;0.033957;0.051709;-0.223045;-0.094044;
0.036100;-0.075938;-0.001889;0.034404;0.056052;-0.218858;-0.089708;
0.036110;-0.077236;-0.001025;0.034851;0.060394;-0.214669;-0.085370;
0.036120;-0.078532;-0.000160;0.035298;0.064734;-0.210476;-0.081030;
0.036130;-0.079828;0.000705;0.035744;0.069072;-0.206282;-0.076690;
0.036140;-0.081123;0.001569;0.036191;0.073410;-0.202084;-0.072348;
0.036150;-0.082417;0.002434;0.036637;0.077745;-0.197884;-0.068004;
0.036160;-0.083710;0.003300;0.037084;0.082078;-0.193682;-0.063660;
0.036170;-0.085002;0.004165;0.037530;0.086410;-0.189477;-0.059314;
0.036180;-0.086292;0.005031;0.037976;0.090740;-0.185270;-0.054968;
0.036190;-0.087582;0.005896;0.038422;0.095067;-0.181060;-0.050620;
0.036200;-0.088871;0.006762;0.038867;0.099393;-0.176848;-0.046271;
0.036210;-0.090159;0.007628;0.039312;0.103716;-0.172634;-0.041921;
0.036220;-0.091446;0.008493;0.039757;0.108036;-0.168417;-0.037570;
0.036230;-0.092732;0.009359;0.040202;0.112355;-0.164199;-0.033218;
0.036240;-0.094017;0.010225;0.040647;0.116671;-0.159978;-0.028865;
0.036250;-0.095301;0.011091;0.041091;0.120984;-0.155755;-0.024512;
0.036260;-0.096584;0.011957;0.041535;0.125294;-0.151529;-0.020157;
0.036270;-0.097865;0.012823;0.041979;0.129602;-0.147302;-0.015801;
0.036280;-0.099146;0.013689;0.042422;0.133907;-0.143073;-0.011445;
0.036290;-0.100426;0.014555;0.042865;0.138209;-0.138841;-0.007088;
0.036300;-0.101704;0.015420;0.043308;0.142508;-0.134608;-0.002730;
0.036310;-0.102981;0.016286;0.043751;0.146804;-0.130373;0.001628;
0.036320;-0.104258;0.017152;0.044193;0.151097;-0.126136;0.005987;
0.036330;-0.105533;0.018017;0.044635;0.155387;-0.121897;0.010347;
0.036340;-0.106807;0.018883;0.045076;0.159673;-0.117657;0.014707;
0.036350;-0.108080;0.019748;0.045517;0.163956;-0.113415;0.019068;
0.036360;-0.109352;0.020613;0.045958;0.168236;-0.109171;0.023429;
0.036370;-0.110623;0.021478;0.046398;0.172512;-0.104925;0.027791;
0.036380;-0.111892;0.022343;0.046838;0.176785;-0.100678;0.032153;
0.036390;-0.113161;0.023207;0.047278;0.181055;-0.096430;0.036516;
0.036400;-0.114428;0.024071;0.047717;0.185320;-0.092180;0.040878;
0.036410;-0.115694;0.024936;0.048155;0.189583;-0.087928;0.045241;
0.036420;-0.116959;0.025799;0.048593;0.193841;-0.083675;0.049605;
0.036430;-0.118223;0.026663;0.049031;0.198096;-0.079421;0.053968;
0.036440;-0.119485;0.027526;0.049468;0.202347;-0.075166;0.058331;
0.036450;-0.120747;0.028389;0.049905;0.206594;-0.070909;0.062695;
0.036460;-0.122007;0.029252;0.050341;0.210837;-0.066652;0.067058;
0.036470;-0.123266;0.030115;0.050776;0.215077;-0.062393;0.071422;
0.036480;-0.124524;0.030977;0.051212;0.219312;-0.058133;0.075785;
0.036490;-0.125781;0.031838;0.051646;0.223544;-0.053872;0.080148;
0.036500;-0.127036;0.032700;0.052080;0.227772;-0.049611;0.084511;
0.036510;-0.128290;0.033561;0.052513;0.231995;-0.045348;0.088874;
0.036520;-0.129543;0.034421;0.052946;0.236215;-0.041085;0.093237;
0.036530;-0.130795;0.035281;0.053379;0.240430;-0.036820;0.097599;
0.036540;-0.132045;0.036141;0.053810;0.244642;-0.032556;0.101960;
0.036550;-0.133295;0.037000;0.054241;0.248849;-0.028290;0.106321;
0.036560;-0.134542;0.037859;0.054672;0.253053;-0.024024;0.110682;
0.036570;-0.135789;0.038717;0.055101;0.257252;-0.019757;0.115042;
0.036580;-0.137034;0.039575;0.055531;0.261447;-0.015490;0.119402;
0.036590;-0.138279;0.040433;0.055959;0.265637;-0.011223;0.123760;
0.036600;-0.139521;0.041289;0.056387;0.269824;-0.006955;0.128118;
0.036610;-0.140763;0.042146;0.056814;0.274006;-0.002687;0.132475;
0.036620;-0.142003;0.043001;0.057240;0.278185;0.001582;0.136831;
0.036630;-0.143242;0.043857;0.057666;0.282359;0.005850;0.141187;
0.036640;-0.144480;0.044711;0.058091;0.286528;0.010119;0.145541;
0.036650;-0.145716;0.045565;0.058515;0.290694;0.014388;0.149894;
0.036660;-0.146951;0.046419;0.058939;0.294856;0.018657;0.154246;
0.036670;-0.148184;0.047271;0.059362;0.299013;0.022925;0.158597;
0.036680;-0.149417;0.048124;0.059784;0.303166;0.027194;0.162946;
0.036690;-0.150647;0.048975;0.060205;0.307315;0.031462;0.167295;
0.036700;-0.151877;0.049826;0.060626;0.311459;0.035730;0.171642;
0.036710;-0.153105;0.050676;0.061046;0.315599;0.039998;0.175987;
0.036720;-0.154332;0.051526;0.061465;0.319736;0.044266;0.180331;
0.036730;-0.155557;0.052375;0.061883;0.323868;0.048533;0.184673;
0.036740;-0.156781;0.053223;0.062301;0.327995;0.052799;0.189014;
0.036750;-0.158003;0.054070;0.062717;0.332119;0.057065;0.193353;
0.036760;-0.159224;0.054917;0.063133;0.336239;0.061331;0.197690;
0.036770;-0.160444;0.055763;0.063548;0.340354;0.065595;0.202026;
0.036780;-0.161662;0.056608;0.063962;0.344465;0.069859;0.206359;
0.036790;-0.162879;0.057453;0.064376;0.348572;0.074123;0.210691;
0.036800;-0.164094;0.058297;0.064788;0.352675;0.078385;0.215021;
0.036810;-0.165308;0.059140;0.065200;0.356774;0.082647;0.219348;
0.036820;-0.166520;0.059982;0.065611;0.360869;0.086907;0.223674;
0.036830;-0.167731;0.060823;0.066021;0.364960;0.091167;0.227997;
0.036840;-0.168941;0.061664;0.066430;0.369047;0.095425;0.232318;
0.036850;-0.170148;0.062504;0.066838;0.373129;0.099683;0.236636;
0.036860;-0.171355;0.063343;0.067245;0.377208;0.103939;0.240953;
0.036870;-0.172559;0.064181;0.067652;0.381282;0.108194;0.245266;
0.036880;-0.173763;0.065018;0.068057;0.385353;0.112447;0.249578;
0.036890;-0.174964;0.065855;0.068462;0.389420;0.116699;0.253886;
0.036900;-0.176164;0.066691;0.068866;0.393483;0.120950;0.258192;
0.036910;-0.177363;0.067525;0.069269;0.397541;0.125199;0.262496;
0.036920;-0.178560;0.068359;0.069671;0.401596;0.129447;0.266796;
0.036930;-0.179755;0.069192;0.070072;0.405647;0.133693;0.271094;
0.036940;-0.180949;0.070025;0.070472;0.409694;0.137938;0.275389;
0.036950;-0.182141;0.070856;0.070872;0.413738;0.142181;0.279681;
0.036960;-0.183331;0.071686;0.071270;0.417777;0.146422;0.283969;
0.036970;-0.184520;0.072516;0.071668;0.421813;0.150661;0.288255;
0.036980;-0.185707;0.073345;0.072064;0.425844;0.154899;0.292538;
0.036990;-0.186893;0.074172;0.072460;0.429872;0.159134;0.296817;
0.037000;-0.188076;0.074999;0.072855;0.433897;0.163368;0.301093;
0.037010;-0.189258;0.075825;0.073249;0.437917;0.167599;0.305366;
0.037020;-0.190439;0.076650;0.073642;0.441933;0.171829;0.309636;
0.037030;-0.191617;0.077474;0.074034;0.445946;0.176056;0.313902;
0.037040;-0.192794;0.078297;0.074425;0.449955;0.180281;0.318164;
0.037050;-0.193969;0.079119;0.074815;0.453961;0.184504;0.322423;
0.037060;-0.195142;0.079940;0.075204;0.457962;0.188725;0.326679;
0.037070;-0.196314;0.080760;0.075593;0.461960;0.192943;0.330931;
0.037080;-0.197483;0.081580;0.075980;0.465955;0.197159;0.335179;
0.037090;-0.198651;0.082398;0.076366;0.469945;0.201373;0.339423;
0.037100;-0.199817;0.083216;0.076752;0.473932;0.205584;0.343664;
0.037110;-0.200982;0.084032;0.077137;0.477915;0.209792;0.347900;
0.037120;-0.202144;0.084847;0.077521;0.481895;0.213998;0.352133;
0.037130;-0.203304;0.085662;0.077903;0.485870;0.218202;0.356362;
0.037140;-0.204463;0.086475;0.078285;0.489842;0.222403;0.360586;
0.037150;-0.205620;0.087288;0.078666;0.493811;0.226601;0.364807;
0.037160;-0.206774;0.088099;0.079046;0.497775;0.230796;0.369023;
0.037170;-0.207927;0.088910;0.079426;0.501736;0.234989;0.373236;
0.037180;-0.209078;0.089720;0.079804;0.505694;0.239179;0.377444;
0.037190;-0.210227;0.090528;0.080181;0.509647;0.243366;0.381648;
0.037200;-0.211374;0.091336;0.080558;0.513597;0.247550;0.385847;
0.037210;-0.212519;0.092142;0.080933;0.517543;0.251731;0.390042;
0.037220;-0.213662;0.092948;0.081308;0.521486;0.255909;0.394233;
0.037230;-0.214802;0.093753;0.081682;0.525424;0.260084;0.398419;
0.037240;-0.215941;0.094556;0.082055;0.529359;0.264256;0.402601;
0.037250;-0.217078;0.095359;0.082427;0.533290;0.268425;0.406778;
0.037260;-0.218213;0.096161;0.082798;0.537218;0.272591;0.410951;
0.037270;-0.219345;0.096961;0.083168;0.541141;0.276753;0.415119;
0.037280;-0.220476;0.097761;0.083537;0.545061;0.280913;0.419282;
0.037290;-0.221604;0.098560;0.083906;0.548977;0.285069;0.423440;
0.037300;-0.222730;0.099357;0.084273;0.552889;0.289222;0.427594;
0.037310;-0.223854;0.100154;0.084640;0.556797;0.293372;0.431743;
0.037320;-0.224976;0.100949;0.085006;0.560701;0.297518;0.435887;
0.037330;-0.226096;0.101744;0.085371;0.564601;0.301661;0.440027;
0.037340;-0.227213;0.102538;0.085735;0.568497;0.305800;0.444161;
0.037350;-0.228329;0.103330;0.086098;0.572389;0.309936;0.448290;
0.037360;-0.229442;0.104122;0.086461;0.576277;0.314069;0.452415;
0.037370;-0.230552;0.104912;0.086822;0.580161;0.318198;0.456534;
0.037380;-0.231661;0.105702;0.087183;0.584040;0.322323;0.460649;
0.037390;-0.232767;0.106490;0.087543;0.587916;0.326445;0.464758;
0.037400;-0.233871;0.107278;0.087902;0.591787;0.330564;0.468862;
0.037410;-0.234973;0.108064;0.088260;0.595654;0.334678;0.472961;
0.037420;-0.236072;0.108850;0.088617;0.599517;0.338789;0.477055;
0.037430;-0.237169;0.109634;0.088974;0.603375;0.342897;0.481143;
0.037440;-0.238263;0.110417;0.089329;0.607229;0.347000;0.485227;
0.037450;-0.239356;0.111200;0.089684;0.611079;0.351100;0.489305;
0.037460;-0.240445;0.111981;0.090038;0.614924;0.355196;0.493377;
0.037470;-0.241533;0.112761;0.090391;0.618764;0.359288;0.497445;
0.037480;-0.242618;0.113540;0.090744;0.622600;0.363377;0.501507;
0.037490;-0.243700;0.114319;0.091095;0.626431;0.367461;0.505563;
0.037500;-0.244780;0.115096;0.091446;0.630257;0.371542;0.509614;
0.037510;-0.245858;0.115872;0.091796;0.634078;0.375619;0.513660;
0.037520;-0.246933;0.116647;0.092145;0.637895;0.379692;0.517700;
0.037530;-0.248006;0.117421;0.092493;0.641707;0.383760;0.521735;
0.037540;-0.249076;0.118194;0.092840;0.645513;0.387825;0.525764;
0.037550;-0.250143;0.118966;0.093187;0.649315;0.391886;0.529788;
0.037560;-0.251209;0.119737;0.093533;0.653112;0.395943;0.533806;
0.037570;-0.252271;0.120506;0.093878;0.656903;0.399996;0.537818;
0.037580;-0.253331;0.121275;0.094222;0.660689;0.404044;0.541825;
0.037590;-0.254388;0.122043;0.094566;0.664470;0.408089;0.545826;
0.037600;-0.255443;0.122809;0.094908;0.668245;0.412129;0.549822;
0.037610;-0.256495;0.123575;0.095250;0.672015;0.416166;0.553811;
0.037620;-0.257544;0.124339;0.095591;0.675779;0.420198;0.557795;
0.037630;-0.258591;0.125102;0.095931;0.679538;0.424225;0.561774;
0.037640;-0.259635;0.125865;0.096271;0.683290;0.428249;0.565746;
0.037650;-0.260677;0.126626;0.096609;0.687038;0.432268;0.569713;
0.037660;-0.261716;0.127386;0.096947;0.690779;0.436284;0.573674;
0.037670;-0.262752;0.128145;0.097284;0.694514;0.440294;0.577629;
0.037680;-0.263785;0.128903;0.097620;0.698243;0.444301;0.581578;
0.037690;-0.264816;0.129659;0.097956;0.701966;0.448303;0.585521;
0.037700;-0.265844;0.130415;0.098291;0.705683;0.452300;0.589459;
0.037710;-0.266869;0.131169;0.098624;0.709394;0.456294;0.593390;
0.037720;-0.267892;0.131923;0.098957;0.713098;0.460283;0.597316;
0.037730;-0.268911;0.132675;0.099290;0.716796;0.464267;0.601235;
0.037740;-0.269928;0.133426;0.099621;0.720488;0.468247;0.605149;
0.037750;-0.270942;0.134176;0.099952;0.724172;0.472222;0.609057;
0.037760;-0.271954;0.134925;0.100282;0.727851;0.476193;0.612958;
0.037770;-0.272962;0.135673;0.100611;0.731522;0.480160;0.616854;
0.037780;-0.273968;0.136419;0.100939;0.735186;0.484121;0.620743;
0.037790;-0.274971;0.137164;0.101266;0.738844;0.488079;0.624627;
0.037800;-0.275971;0.137908;0.101593;0.742494;0.492031;0.628504;
0.037810;-0.276968;0.138651;0.101919;0.746138;0.495979;0.632375;
0.037820;-0.277962;0.139393;0.102244;0.749774;0.499922;0.636240;
0.037830;-0.278953;0.140134;0.102568;0.753403;0.503861;0.640099;
0.037840;-0.279942;0.140873;0.102891;0.757024;0.507794;0.643952;
0.037850;-0.280927;0.141611;0.103214;0.760638;0.511723;0.647798;
0.037860;-0.281910;0.142348;0.103535;0.764245;0.515648;0.651638;
0.037870;-0.282890;0.143084;0.103856;0.767843;0.519567;0.655472;
0.037880;-0.283867;0.143818;0.104176;0.771435;0.523482;0.659300;
0.037890;-0.284840;0.144551;0.104495;0.775018;0.527391;0.663122;
0.037900;-0.285811;0.145283;0.104813;0.778593;0.531296;0.666937;
0.037910;-0.286779;0.146014;0.105131;0.782161;0.535196;0.670746;
0.037920;-0.287744;0.146743;0.105447;0.785720;0.539091;0.674548;
0.037930;-0.288706;0.147471;0.105763;0.789271;0.542981;0.678344;
0.037940;-0.289665;0.148198;0.106078;0.792815;0.546866;0.682134;
0.037950;-0.290621;0.148923;0.106392;0.796349;0.550746;0.685917;
0.037960;-0.291575;0.149647;0.106705;0.799876;0.554621;0.689694;
0.037970;-0.292525;0.150370;0.107017;0.803394;0.558491;0.693464;
0.037980;-0.293472;0.151092;0.107328;0.806903;0.562355;0.697228;
0.037990;-0.294416;0.151812;0.107639;0.810404;0.566215;0.700985;
0.038000;-0.295357;0.152531;0.107948;0.813896;0.570069;0.704736;
0.038010;-0.296295;0.153248;0.108257;0.817380;0.573918;0.708480;
0.038020;-0.297230;0.153964;0.108565;0.820854;0.577762;0.712218;
0.038030;-0.298162;0.154679;0.108871;0.824320;0.581601;0.715949;
0.038040;-0.299090;0.155392;0.109177;0.827776;0.585434;0.719673;
0.038050;-0.300016;0.156104;0.109482;0.831224;0.589262;0.723391;
0.038060;-0.300939;0.156814;0.109786;0.834662;0.593084;0.727102;
0.038070;-0.301859;0.157523;0.110089;0.838092;0.596901;0.730806;
0.038080;-0.302775;0.158231;0.110391;0.841512;0.600713;0.734503;
0.038090;-0.303689;0.158937;0.110692;0.844922;0.604519;0.738194;
0.038100;-0.304599;0.159641;0.110992;0.848324;0.608319;0.741878;
0.038110;-0.305506;0.160344;0.111291;0.851716;0.612114;0.745555;
0.038120;-0.306410;0.161046;0.111589;0.855098;0.615903;0.749225;
0.038130;-0.307312;0.161746;0.111886;0.858471;0.619687;0.752888;
0.038140;-0.308209;0.162445;0.112182;0.861834;0.623465;0.756544;
0.038150;-0.309104;0.163142;0.112477;0.865187;0.627237;0.760193;
0.038160;-0.309996;0.163837;0.112771;0.868531;0.631004;0.763836;
0.038170;-0.310885;0.164531;0.113064;0.871865;0.634765;0.767471;
0.038180;-0.311770;0.165224;0.113356;0.875189;0.638520;0.771099;
0.038190;-0.312653;0.165914;0.113647;0.878503;0.642269;0.774720;
0.038200;-0.313532;0.166604;0.113937;0.881807;0.646012;0.778334;
0.038210;-0.314408;0.167291;0.114225;0.885101;0.649749;0.781941;
0.038220;-0.315281;0.167977;0.114513;0.888385;0.653480;0.785540;
0.038230;-0.316150;0.168662;0.114799;0.891659;0.657205;0.789132;
0.038240;-0.317017;0.169344;0.115085;0.894923;0.660924;0.792717;
0.038250;-0.317880;0.170026;0.115369;0.898177;0.664637;0.796295;
0.038260;-0.318741;0.170705;0.115653;0.901420;0.668344;0.799865;
0.038270;-0.319598;0.171383;0.115935;0.904653;0.672044;0.803428;
0.038280;-0.320452;0.172059;0.116216;0.907876;0.675738;0.806984;
0.038290;-0.321302;0.172733;0.116496;0.911089;0.679426;0.810532;
0.038300;-0.322150;0.173406;0.116774;0.914291;0.683108;0.814072;
0.038310;-0.322994;0.174077;0.117052;0.917483;0.686783;0.817605;
0.038320;-0.323836;0.174746;0.117328;0.920664;0.690452;0.821130;
0.038330;-0.324674;0.175413;0.117604;0.923835;0.694114;0.824648;
0.038340;-0.325508;0.176079;0.117878;0.926995;0.697770;0.828158;
0.038350;-0.326340;0.176743;0.118151;0.930145;0.701419;0.831660;
0.038360;-0.327168;0.177405;0.118422;0.933285;0.705062;0.835155;
0.038370;-0.327993;0.178066;0.118693;0.936413;0.708698;0.838642;
0.038380;-0.328815;0.178724;0.118962;0.939532;0.712327;0.842121;
0.038390;-0.329634;0.179381;0.119230;0.942639;0.715950;0.845592;
0.038400;-0.330450;0.180036;0.119497;0.945736;0.719565;0.849055;
0.038410;-0.331262;0.180689;0.119762;0.948823;0.723174;0.852510;
0.038420;-0.332071;0.181340;0.120027;0.951898;0.726776;0.855957;
0.038430;-0.332877;0.181989;0.120290;0.954964;0.730371;0.859396;
0.038440;-0.333679;0.182637;0.120552;0.958018;0.733959;0.862827;
0.038450;-0.334479;0.183282;0.120812;0.961062;0.737540;0.866250;
0.038460;-0.335275;0.183926;0.121071;0.964095;0.741114;0.869665;
0.038470;-0.336067;0.184568;0.121329;0.967117;0.744681;0.873071;
0.038480;-0.336857;0.185208;0.121586;0.970129;0.748240;0.876469;
0.038490;-0.337643;0.185846;0.121842;0.973130;0.751792;0.879859;
0.038500;-0.338426;0.186482;0.122096;0.976120;0.755338;0.883240;
0.038510;-0.339206;0.187116;0.122348;0.979100;0.758875;0.886613;
0.038520;-0.339983;0.187748;0.122600;0.982068;0.762406;0.889978;
0.038530;-0.340756;0.188378;0.122850;0.985027;0.765929;0.893333;
0.038540;-0.341526;0.189006;0.123099;0.987974;0.769444;0.896681;
0.038550;-0.342292;0.189632;0.123346;0.990911;0.772952;0.900020;
0.038560;-0.343056;0.190256;0.123592;0.993837;0.776452;0.903350;
0.038570;-0.343816;0.190878;0.123837;0.996752;0.779945;0.906671;
0.038580;-0.344573;0.191499;0.124081;0.999657;0.783430;0.909984;
0.038590;-0.345326;0.192117;0.124323;1.002551;0.786908;0.913287;
0.038600;-0.346076;0.192733;0.124563;1.005434;0.790377;0.916582;
0.038610;-0.346823;0.193347;0.124803;1.008307;0.793839;0.919868;
0.038620;-0.347567;0.193959;0.125041;1.011169;0.797293;0.923145;
0.038630;-0.348307;0.194569;0.125277;1.014020;0.800739;0.926414;
0.038640;-0.349044;0.195177;0.125512;1.016861;0.804177;0.929673;
0.038650;-0.349777;0.195783;0.125746;1.019691;0.807607;0.932923;
0.038660;-0.350507;0.196386;0.125978;1.022511;0.811029;0.936163;
0.038670;-0.351234;0.196988;0.126209;1.025320;0.814443;0.939395;
0.038680;-0.351958;0.197587;0.126439;1.028118;0.817849;0.942617;
0.038690;-0.352678;0.198185;0.126667;1.030906;0.821247;0.945830;
0.038700;-0.353394;0.198780;0.126894;1.033683;0.824636;0.949034;
0.038710;-0.354108;0.199374;0.127119;1.036450;0.828017;0.952228;
0.038720;-0.354818;0.199965;0.127343;1.039206;0.831390;0.955413;
0.038730;-0.355524;0.200554;0.127566;1.041952;0.834755;0.958589;
0.038740;-0.356228;0.201140;0.127787;1.044687;0.838111;0.961755;
0.038750;-0.356927;0.201725;0.128007;1.047412;0.841458;0.964911;
0.038760;-0.357624;0.202308;0.128225;1.050127;0.844797;0.968058;
0.038770;-0.358317;0.202888;0.128442;1.052830;0.848128;0.971195;
0.038780;-0.359006;0.203466;0.128657;1.055524;0.851450;0.974322;
0.038790;-0.359693;0.204043;0.128871;1.058207;0.854763;0.977440;
0.038800;-0.360375;0.204617;0.129084;1.060880;0.858068;0.980548;
0.038810;-0.361055;0.205188;0.129295;1.063542;0.861364;0.983646;
0.038820;-0.361731;0.205758;0.129504;1.066194;0.864651;0.986734;
0.038830;-0.362403;0.206325;0.129713;1.068836;0.867929;0.989812;
0.038840;-0.363072;0.206891;0.129919;1.071467;0.871199;0.992880;
0.038850;-0.363737;0.207454;0.130125;1.074088;0.874460;0.995938;
0.038860;-0.364399;0.208015;0.130329;1.076699;0.877711;0.998986;
0.038870;-0.365058;0.208573;0.130531;1.079299;0.880954;1.002024;
0.038880;-0.365713;0.209130;0.130732;1.081890;0.884188;1.005052;
0.038890;-0.366364;0.209684;0.130932;1.084470;0.887412;1.008069;
0.038900;-0.367013;0.210236;0.131130;1.087039;0.890628;1.011077;
0.038910;-0.367657;0.210786;0.131327;1.089599;0.893835;1.014074;
0.038920;-0.368298;0.211334;0.131522;1.092148;0.897032;1.017061;
0.038930;-0.368935;0.211879;0.131716;1.094687;0.900220;1.020037;
0.038940;-0.369569;0.212422;0.131908;1.097216;0.903399;1.023003;
0.038950;-0.370200;0.212964;0.132099;1.099735;0.906568;1.025959;
0.038960;-0.370827;0.213502;0.132289;1.102244;0.909729;1.028904;
0.038970;-0.371450;0.214039;0.132477;1.104742;0.912880;1.031838;
0.038980;-0.372070;0.214573;0.132664;1.107231;0.916021;1.034762;
0.038990;-0.372686;0.215106;0.132849;1.109709;0.919154;1.037676;
0.039000;-0.373298;0.215636;0.133033;1.112177;0.922276;1.040579;
0.039010;-0.373907;0.216163;0.133215;1.114635;0.925390;1.043471;
0.039020;-0.374512;0.216689;0.133396;1.117083;0.928493;1.046352;
0.039030;-0.375114;0.217212;0.133576;1.119520;0.931588;1.049223;
0.039040;-0.375712;0.217733;0.133754;1.121948;0.934672;1.052083;
0.039050;-0.376307;0.218252;0.133931;1.124365;0.937747;1.054932;
0.039060;-0.376898;0.218769;0.134106;1.126773;0.940813;1.057770;
0.039070;-0.377485;0.219283;0.134280;1.129170;0.943869;1.060598;
0.039080;-0.378068;0.219795;0.134453;1.131557;0.946915;1.063414;
0.039090;-0.378648;0.220305;0.134624;1.133934;0.949951;1.066220;
0.039100;-0.379224;0.220813;0.134793;1.136301;0.952978;1.069015;
0.039110;-0.379797;0.221318;0.134962;1.138658;0.955994;1.071798;
0.039120;-0.380365;0.221821;0.135129;1.141004;0.959001;1.074571;
0.039130;-0.380931;0.222322;0.135294;1.143341;0.961999;1.077333;
0.039140;-0.381492;0.222821;0.135458;1.145667;0.964986;1.080083;
0.039150;-0.382050;0.223317;0.135621;1.147983;0.967963;1.082823;
0.039160;-0.382603;0.223812;0.135783;1.150289;0.970931;1.085551;
0.039170;-0.383154;0.224304;0.135943;1.152585;0.973888;1.088268;
0.039180;-0.383700;0.224794;0.136101;1.154871;0.976836;1.090974;
0.039190;-0.384243;0.225281;0.136259;1.157146;0.979774;1.093669;
0.039200;-0.384782;0.225767;0.136415;1.159411;0.982701;1.096353;
0.039210;-0.385317;0.226250;0.136569;1.161666;0.985619;1.099025;
0.039220;-0.385848;0.226731;0.136722;1.163911;0.988526;1.101686;
0.039230;-0.386375;0.227209;0.136874;1.166145;0.991424;1.104336;
0.039240;-0.386899;0.227686;0.137025;1.168369;0.994311;1.106974;
0.039250;-0.387419;0.228160;0.137174;1.170583;0.997189;1.109601;
0.039260;-0.387935;0.228632;0.137322;1.172786;1.000056;1.112217;
0.039270;-0.388447;0.229101;0.137468;1.174979;1.002913;1.114821;
0.039280;-0.388956;0.229569;0.137613;1.177162;1.005759;1.117414;
0.039290;-0.389460;0.230034;0.137757;1.179334;1.008596;1.119995;
0.039300;-0.389961;0.230497;0.137900;1.181496;1.011422;1.122565;
0.039310;-0.390458;0.230958;0.138041;1.183647;1.014239;1.125124;
0.039320;-0.390951;0.231416;0.138181;1.185787;1.017044;1.127671;
0.039330;-0.391440;0.231873;0.138319;1.187917;1.019840;1.130207;
0.039340;-0.391925;0.232327;0.138456;1.190037;1.022625;1.132731;
0.039350;-0.392406;0.232779;0.138592;1.192146;1.025400;1.135243;
0.039360;-0.392884;0.233228;0.138727;1.194244;1.028165;1.137744;
0.039370;-0.393357;0.233676;0.138860;1.196332;1.030919;1.140234;
0.039380;-0.393827;0.234121;0.138992;1.198408;1.033663;1.142712;
0.039390;-0.394292;0.234564;0.139123;1.200474;1.036397;1.145178;
0.039400;-0.394754;0.235004;0.139252;1.202530;1.039120;1.147633;
0.039410;-0.395212;0.235443;0.139380;1.204574;1.041833;1.150076;
0.039420;-0.395666;0.235879;0.139507;1.206607;1.044535;1.152507;
0.039430;-0.396115;0.236313;0.139632;1.208630;1.047227;1.154927;
0.039440;-0.396561;0.236744;0.139757;1.210641;1.049909;1.157335;
0.039450;-0.397003;0.237174;0.139879;1.212642;1.052580;1.159731;
0.039460;-0.397441;0.237601;0.140001;1.214631;1.055240;1.162116;
0.039470;-0.397875;0.238026;0.140121;1.216610;1.057891;1.164489;
0.039480;-0.398305;0.238449;0.140241;1.218577;1.060530;1.166851;
0.039490;-0.398730;0.238869;0.140358;1.220533;1.063159;1.169200;
0.039500;-0.399152;0.239288;0.140475;1.222477;1.065778;1.171538;
0.039510;-0.399570;0.239704;0.140590;1.224411;1.068386;1.173865;
0.039520;-0.399984;0.240117;0.140704;1.226333;1.070983;1.176179;
0.039530;-0.400394;0.240529;0.140817;1.228243;1.073570;1.178482;
0.039540;-0.400799;0.240938;0.140928;1.230142;1.076146;1.180773;
0.039550;-0.401201;0.241345;0.141038;1.232030;1.078711;1.183052;
0.039560;-0.401599;0.241750;0.141147;1.233906;1.081266;1.185320;
0.039570;-0.401992;0.242152;0.141255;1.235770;1.083811;1.187575;
0.039580;-0.402382;0.242552;0.141361;1.237623;1.086344;1.189819;
0.039590;-0.402767;0.242950;0.141467;1.239464;1.088867;1.192051;
0.039600;-0.403149;0.243346;0.141570;1.241293;1.091380;1.194271;
0.039610;-0.403526;0.243739;0.141673;1.243110;1.093881;1.196480;
0.039620;-0.403899;0.244130;0.141774;1.244915;1.096372;1.198676;
0.039630;-0.404268;0.244519;0.141875;1.246709;1.098853;1.200861;
0.039640;-0.404633;0.244906;0.141973;1.248490;1.101322;1.203034;
0.039650;-0.404994;0.245290;0.142071;1.250260;1.103781;1.205195;
0.039660;-0.405351;0.245672;0.142167;1.252017;1.106229;1.207344;
0.039670;-0.405704;0.246052;0.142262;1.253762;1.108666;1.209482;
0.039680;-0.406053;0.246429;0.142356;1.255495;1.111093;1.211607;
0.039690;-0.406397;0.246804;0.142449;1.257216;1.113508;1.213721;
0.039700;-0.406738;0.247177;0.142540;1.258924;1.115913;1.215822;
0.039710;-0.407074;0.247547;0.142630;1.260620;1.118307;1.217912;
0.039720;-0.407406;0.247916;0.142719;1.262303;1.120690;1.219990;
0.039730;-0.407734;0.248281;0.142806;1.263974;1.123063;1.222056;
0.039740;-0.408058;0.248645;0.142892;1.265632;1.125424;1.224110;
0.039750;-0.408378;0.249006;0.142977;1.267278;1.127775;1.226152;
0.039760;-0.408694;0.249365;0.143061;1.268911;1.130114;1.228183;
0.039770;-0.409005;0.249722;0.143143;1.270532;1.132443;1.230201;
0.039780;-0.409312;0.250076;0.143224;1.272139;1.134761;1.232207;
0.039790;-0.409616;0.250428;0.143304;1.273734;1.137068;1.234202;
0.039800;-0.409915;0.250777;0.143383;1.275316;1.139364;1.236184;
0.039810;-0.410210;0.251124;0.143460;1.276885;1.141649;1.238154;
0.039820;-0.410501;0.251469;0.143536;1.278441;1.143922;1.240113;
0.039830;-0.410787;0.251811;0.143611;1.279984;1.146185;1.242059;
0.039840;-0.411070;0.252151;0.143684;1.281514;1.148437;1.243994;
0.039850;-0.411348;0.252489;0.143756;1.283031;1.150678;1.245916;
0.039860;-0.411622;0.252824;0.143827;1.284535;1.152908;1.247827;
0.039870;-0.411892;0.253157;0.143896;1.286025;1.155127;1.249725;
0.039880;-0.412158;0.253488;0.143964;1.287503;1.157334;1.251611;
0.039890;-0.412420;0.253816;0.144031;1.288967;1.159531;1.253486;
0.039900;-0.412678;0.254142;0.144097;1.290417;1.161716;1.255348;
0.039910;-0.412931;0.254465;0.144161;1.291854;1.163891;1.257198;
0.039920;-0.413180;0.254786;0.144224;1.293278;1.166054;1.259036;
0.039930;-0.413425;0.255104;0.144286;1.294688;1.168206;1.260862;
0.039940;-0.413666;0.255420;0.144346;1.296085;1.170346;1.262676;
0.039950;-0.413903;0.255734;0.144405;1.297468;1.172476;1.264478;
0.039960;-0.414136;0.256045;0.144462;1.298838;1.174594;1.266268;
0.039970;-0.414364;0.256353;0.144519;1.300194;1.176701;1.268045;
0.039980;-0.414589;0.256660;0.144574;1.301537;1.178797;1.269810;
0.039990;-0.414809;0.256963;0.144627;1.302865;1.180881;1.271564;
0.040000;-0.415025;0.257265;0.144679;1.304180;1.182954;1.273305;
0.040010;-0.415237;0.257563;0.144730;1.305481;1.185016;1.275033;
0.040020;-0.415444;0.257860;0.144780;1.306769;1.187066;1.276750;
0.040030;-0.415648;0.258154;0.144828;1.308042;1.189105;1.278454;
0.040040;-0.415847;0.258445;0.144875;1.309302;1.191133;1.280146;
0.040050;-0.416043;0.258734;0.144920;1.310548;1.193149;1.281826;
0.040060;-0.416234;0.259020;0.144964;1.311780;1.195153;1.283494;
0.040070;-0.416421;0.259304;0.145007;1.312998;1.197147;1.285149;
0.040080;-0.416604;0.259585;0.145048;1.314202;1.199128;1.286792;
0.040090;-0.416782;0.259864;0.145088;1.315392;1.201098;1.288423;
0.040100;-0.416957;0.260140;0.145126;1.316568;1.203057;1.290041;
0.040110;-0.417127;0.260413;0.145163;1.317730;1.205004;1.291647;
0.040120;-0.417293;0.260684;0.145199;1.318878;1.206940;1.293241;
0.040130;-0.417455;0.260953;0.145233;1.320012;1.208863;1.294822;
0.040140;-0.417613;0.261219;0.145266;1.321132;1.210776;1.296391;
0.040150;-0.417767;0.261482;0.145297;1.322238;1.212676;1.297948;
0.040160;-0.417917;0.261743;0.145327;1.323329;1.214565;1.299492;
0.040170;-0.418062;0.262001;0.145356;1.324407;1.216442;1.301023;
0.040180;-0.418204;0.262257;0.145383;1.325470;1.218307;1.302543;
0.040190;-0.418341;0.262510;0.145409;1.326520;1.220161;1.304049;
0.040200;-0.418474;0.262760;0.145433;1.327555;1.222003;1.305543;
0.040210;-0.418603;0.263008;0.145455;1.328576;1.223833;1.307025;
0.040220;-0.418728;0.263253;0.145477;1.329583;1.225651;1.308494;
0.040230;-0.418849;0.263495;0.145497;1.330576;1.227457;1.309950;
0.040240;-0.418966;0.263735;0.145515;1.331554;1.229252;1.311394;
0.040250;-0.419078;0.263972;0.145532;1.332519;1.231034;1.312825;
0.040260;-0.419187;0.264207;0.145547;1.333469;1.232805;1.314244;
0.040270;-0.419291;0.264439;0.145561;1.334405;1.234564;1.315650;
0.040280;-0.419391;0.264668;0.145574;1.335327;1.236310;1.317043;
0.040290;-0.419487;0.264895;0.145585;1.336235;1.238045;1.318424;
0.040300;-0.419579;0.265119;0.145594;1.337129;1.239767;1.319792;
0.040310;-0.419667;0.265340;0.145602;1.338009;1.241478;1.321147;
0.040320;-0.419751;0.265558;0.145608;1.338874;1.243176;1.322489;
0.040330;-0.419831;0.265774;0.145613;1.339725;1.244862;1.323819;
0.040340;-0.419906;0.265987;0.145617;1.340563;1.246537;1.325135;
0.040350;-0.419978;0.266198;0.145619;1.341386;1.248198;1.326439;
0.040360;-0.420045;0.266406;0.145619;1.342195;1.249848;1.327730;
0.040370;-0.420108;0.266611;0.145618;1.342990;1.251486;1.329009;
0.040380;-0.420168;0.266813;0.145616;1.343771;1.253111;1.330274;
0.040390;-0.420223;0.267013;0.145612;1.344537;1.254724;1.331526;
0.040400;-0.420274;0.267210;0.145606;1.345290;1.256325;1.332766;
0.040410;-0.420321;0.267404;0.145599;1.346029;1.257913;1.333992;
0.040420;-0.420363;0.267595;0.145590;1.346754;1.259489;1.335206;
0.040430;-0.420402;0.267784;0.145580;1.347465;1.261052;1.336406;
0.040440;-0.420437;0.267970;0.145568;1.348162;1.262603;1.337593;
0.040450;-0.420468;0.268153;0.145555;1.348844;1.264142;1.338768;
0.040460;-0.420494;0.268334;0.145540;1.349513;1.265668;1.339929;
0.040470;-0.420517;0.268511;0.145524;1.350169;1.267182;1.341077;
0.040480;-0.420535;0.268686;0.145506;1.350810;1.268683;1.342212;
0.040490;-0.420549;0.268859;0.145486;1.351437;1.270172;1.343334;
0.040500;-0.420560;0.269028;0.145465;1.352051;1.271648;1.344443;
0.040510;-0.420566;0.269195;0.145443;1.352650;1.273112;1.345538;
0.040520;-0.420568;0.269359;0.145418;1.353236;1.274563;1.346620;
0.040530;-0.420566;0.269520;0.145393;1.353809;1.276001;1.347689;
0.040540;-0.420560;0.269678;0.145366;1.354367;1.277427;1.348745;
0.040550;-0.420550;0.269834;0.145337;1.354912;1.278840;1.349788;
0.040560;-0.420536;0.269987;0.145306;1.355443;1.280240;1.350817;
0.040570;-0.420517;0.270137;0.145275;1.355960;1.281627;1.351833;
0.040580;-0.420495;0.270284;0.145241;1.356464;1.283002;1.352835;
0.040590;-0.420469;0.270429;0.145206;1.356954;1.284364;1.353824;
0.040600;-0.420438;0.270570;0.145170;1.357431;1.285713;1.354800;
0.040610;-0.420404;0.270709;0.145131;1.357894;1.287050;1.355762;
0.040620;-0.420365;0.270845;0.145092;1.358344;1.288373;1.356711;
0.040630;-0.420323;0.270979;0.145051;1.358780;1.289684;1.357646;
0.040640;-0.420276;0.271109;0.145008;1.359202;1.290981;1.358568;
0.040650;-0.420225;0.271237;0.144963;1.359612;1.292266;1.359476;
0.040660;-0.420171;0.271362;0.144917;1.360007;1.293538;1.360371;
0.040670;-0.420112;0.271484;0.144870;1.360390;1.294797;1.361252;
0.040680;-0.420049;0.271603;0.144821;1.360759;1.296043;1.362120;
0.040690;-0.419982;0.271720;0.144771;1.361115;1.297276;1.362974;
0.040700;-0.419911;0.271834;0.144718;1.361457;1.298496;1.363815;
0.040710;-0.419836;0.271945;0.144665;1.361787;1.299703;1.364642;
0.040720;-0.419757;0.272053;0.144610;1.362103;1.300897;1.365455;
0.040730;-0.419674;0.272158;0.144553;1.362405;1.302078;1.366254;
0.040740;-0.419587;0.272261;0.144495;1.362695;1.303245;1.367040;
0.040750;-0.419496;0.272361;0.144435;1.362972;1.304400;1.367812;
0.040760;-0.419400;0.272458;0.144373;1.363235;1.305542;1.368571;
0.040770;-0.419301;0.272552;0.144311;1.363486;1.306670;1.369316;
0.040780;-0.419197;0.272644;0.144246;1.363723;1.307785;1.370047;
0.040790;-0.419090;0.272732;0.144180;1.363947;1.308887;1.370764;
0.040800;-0.418978;0.272818;0.144113;1.364158;1.309976;1.371467;
0.040810;-0.418863;0.272901;0.144044;1.364357;1.311052;1.372157;
0.040820;-0.418743;0.272982;0.143973;1.364542;1.312114;1.372833;
0.040830;-0.418620;0.273059;0.143901;1.364714;1.313164;1.373495;
0.040840;-0.418492;0.273134;0.143828;1.364874;1.314200;1.374143;
0.040850;-0.418360;0.273206;0.143753;1.365020;1.315222;1.374778;
0.040860;-0.418224;0.273275;0.143676;1.365154;1.316232;1.375398;
0.040870;-0.418084;0.273342;0.143598;1.365275;1.317228;1.376005;
0.040880;-0.417940;0.273405;0.143518;1.365383;1.318211;1.376598;
0.040890;-0.417792;0.273466;0.143437;1.365478;1.319181;1.377177;
0.040900;-0.417640;0.273524;0.143355;1.365561;1.320137;1.377742;
0.040910;-0.417484;0.273580;0.143271;1.365630;1.321080;1.378293;
0.040920;-0.417324;0.273633;0.143185;1.365687;1.322010;1.378830;
0.040930;-0.417159;0.273682;0.143098;1.365732;1.322926;1.379353;
0.040940;-0.416991;0.273730;0.143010;1.365763;1.323829;1.379863;
0.040950;-0.416819;0.273774;0.142920;1.365782;1.324719;1.380358;
0.040960;-0.416642;0.273815;0.142828;1.365788;1.325595;1.380839;
0.040970;-0.416462;0.273854;0.142735;1.365782;1.326458;1.381307;
0.040980;-0.416277;0.273891;0.142641;1.365763;1.327308;1.381760;
0.040990;-0.416088;0.273924;0.142545;1.365731;1.328144;1.382200;
0.041000;-0.415895;0.273955;0.142448;1.365686;1.328967;1.382625;
0.041010;-0.415699;0.273982;0.142349;1.365629;1.329776;1.383037;
0.041020;-0.415498;0.274008;0.142249;1.365560;1.330572;1.383434;
0.041030;-0.415293;0.274030;0.142148;1.365478;1.331355;1.383818;
0.041040;-0.415084;0.274050;0.142045;1.365383;1.332124;1.384188;
0.041050;-0.414870;0.274067;0.141940;1.365275;1.332880;1.384543;
0.041060;-0.414653;0.274081;0.141834;1.365155;1.333622;1.384885;
0.041070;-0.414432;0.274093;0.141727;1.365023;1.334351;1.385212;
0.041080;-0.414207;0.274102;0.141618;1.364878;1.335067;1.385526;
0.041090;-0.413977;0.274108;0.141508;1.364720;1.335769;1.385825;
0.041100;-0.413744;0.274111;0.141397;1.364550;1.336458;1.386111;
0.041110;-0.413506;0.274112;0.141284;1.364367;1.337133;1.386383;
0.041120;-0.413264;0.274110;0.141170;1.364172;1.337795;1.386640;
0.041130;-0.413019;0.274106;0.141054;1.363964;1.338443;1.386884;
0.041140;-0.412769;0.274098;0.140937;1.363744;1.339078;1.387113;
0.041150;-0.412515;0.274088;0.140819;1.363511;1.339700;1.387329;
0.041160;-0.412257;0.274076;0.140699;1.363265;1.340308;1.387531;
0.041170;-0.411995;0.274061;0.140578;1.363007;1.340903;1.387718;
0.041180;-0.411729;0.274043;0.140455;1.362736;1.341484;1.387892;
0.041190;-0.411458;0.274022;0.140332;1.362453;1.342052;1.388051;
0.041200;-0.411184;0.273999;0.140206;1.362157;1.342606;1.388197;
0.041210;-0.410906;0.273973;0.140080;1.361849;1.343147;1.388329;
0.041220;-0.410623;0.273944;0.139952;1.361528;1.343675;1.388447;
0.041230;-0.410337;0.273913;0.139823;1.361194;1.344189;1.388550;
0.041240;-0.410046;0.273879;0.139692;1.360848;1.344690;1.388640;
0.041250;-0.409751;0.273842;0.139561;1.360489;1.345177;1.388716;
0.041260;-0.409453;0.273803;0.139427;1.360118;1.345651;1.388778;
0.041270;-0.409150;0.273761;0.139293;1.359734;1.346112;1.388826;
0.041280;-0.408843;0.273716;0.139157;1.359337;1.346559;1.388860;
0.041290;-0.408532;0.273669;0.139020;1.358928;1.346993;1.388880;
0.041300;-0.408217;0.273619;0.138881;1.358506;1.347413;1.388886;
0.041310;-0.407897;0.273567;0.138742;1.358071;1.347820;1.388879;
0.041320;-0.407574;0.273512;0.138601;1.357623;1.348214;1.388857;
0.041330;-0.407247;0.273454;0.138458;1.357163;1.348594;1.388822;
0.041340;-0.406915;0.273394;0.138315;1.356690;1.348961;1.388772;
0.041350;-0.406580;0.273331;0.138170;1.356205;1.349314;1.388709;
0.041360;-0.406240;0.273266;0.138024;1.355706;1.349654;1.388632;
0.041370;-0.405897;0.273197;0.137876;1.355195;1.349981;1.388541;
0.041380;-0.405549;0.273127;0.137728;1.354671;1.350295;1.388437;
0.041390;-0.405197;0.273053;0.137578;1.354134;1.350595;1.388318;
0.041400;-0.404842;0.272977;0.137426;1.353584;1.350882;1.388186;
0.041410;-0.404482;0.272899;0.137274;1.353021;1.351155;1.388040;
0.041420;-0.404118;0.272818;0.137120;1.352446;1.351415;1.387880;
0.041430;-0.403750;0.272734;0.136965;1.351857;1.351662;1.387706;
0.041440;-0.403378;0.272647;0.136809;1.351256;1.351895;1.387519;
0.041450;-0.403002;0.272558;0.136651;1.350642;1.352116;1.387317;
0.041460;-0.402622;0.272467;0.136493;1.350014;1.352322;1.387103;
0.041470;-0.402237;0.272373;0.136332;1.349374;1.352516;1.386874;
0.041480;-0.401849;0.272276;0.136171;1.348721;1.352696;1.386632;
0.041490;-0.401457;0.272177;0.136009;1.348054;1.352863;1.386376;
0.041500;-0.401061;0.272075;0.135845;1.347375;1.353017;1.386106;
0.041510;-0.400660;0.271970;0.135680;1.346683;1.353158;1.385822;
0.041520;-0.400256;0.271863;0.135514;1.345977;1.353285;1.385525;
0.041530;-0.399847;0.271754;0.135346;1.345258;1.353399;1.385215;
0.041540;-0.399435;0.271641;0.135178;1.344526;1.353500;1.384890;
0.041550;-0.399018;0.271527;0.135008;1.343781;1.353587;1.384552;
0.041560;-0.398598;0.271409;0.134837;1.343023;1.353662;1.384201;
0.041570;-0.398173;0.271289;0.134664;1.342252;1.353723;1.383836;
0.041580;-0.397745;0.271167;0.134491;1.341467;1.353770;1.383457;
0.041590;-0.397312;0.271041;0.134316;1.340669;1.353805;1.383065;
0.041600;-0.396876;0.270914;0.134140;1.339858;1.353827;1.382659;
0.041610;-0.396435;0.270784;0.133963;1.339034;1.353835;1.382240;
0.041620;-0.395991;0.270651;0.133784;1.338196;1.353830;1.381807;
0.041630;-0.395543;0.270515;0.133605;1.337345;1.353812;1.381360;
0.041640;-0.395090;0.270377;0.133424;1.336480;1.353780;1.380901;
0.041650;-0.394634;0.270237;0.133242;1.335603;1.353736;1.380427;
0.041660;-0.394173;0.270093;0.133059;1.334711;1.353678;1.379940;
0.041670;-0.393709;0.269948;0.132874;1.333807;1.353608;1.379440;
0.041680;-0.393240;0.269799;0.132688;1.332889;1.353524;1.378926;
0.041690;-0.392768;0.269649;0.132501;1.331957;1.353426;1.378399;
0.041700;-0.392292;0.269495;0.132313;1.331012;1.353316;1.377859;
0.041710;-0.391812;0.269339;0.132124;1.330054;1.353193;1.377305;
0.041720;-0.391328;0.269181;0.131933;1.329082;1.353056;1.376737;
0.041730;-0.390840;0.269019;0.131742;1.328097;1.352907;1.376157;
0.041740;-0.390348;0.268856;0.131549;1.327098;1.352744;1.375563;
0.041750;-0.389852;0.268689;0.131354;1.326085;1.352568;1.374955;
0.041760;-0.389352;0.268520;0.131159;1.325059;1.352379;1.374334;
0.041770;-0.388848;0.268349;0.130962;1.324020;1.352177;1.373700;
0.041780;-0.388341;0.268175;0.130765;1.322967;1.351962;1.373053;
0.041790;-0.387829;0.267998;0.130566;1.321900;1.351734;1.372392;
0.041800;-0.387314;0.267819;0.130365;1.320820;1.351492;1.371718;
0.041810;-0.386794;0.267637;0.130164;1.319726;1.351238;1.371031;
0.041820;-0.386271;0.267453;0.129961;1.318618;1.350970;1.370330;
0.041830;-0.385744;0.267266;0.129757;1.317497;1.350689;1.369617;
0.041840;-0.385213;0.267076;0.129552;1.316363;1.350396;1.368890;
0.041850;-0.384678;0.266884;0.129346;1.315214;1.350089;1.368149;
0.041860;-0.384140;0.266690;0.129138;1.314052;1.349769;1.367396;
0.041870;-0.383597;0.266492;0.128930;1.312877;1.349436;1.366629;
0.041880;-0.383051;0.266292;0.128720;1.311687;1.349090;1.365849;
0.041890;-0.382501;0.266090;0.128508;1.310485;1.348731;1.365056;
0.041900;-0.381947;0.265885;0.128296;1.309268;1.348359;1.364250;
0.041910;-0.381390;0.265677;0.128082;1.308038;1.347974;1.363430;
0.041920;-0.380828;0.265467;0.127867;1.306794;1.347575;1.362597;
0.041930;-0.380263;0.265254;0.127651;1.305537;1.347164;1.361752;
0.041940;-0.379694;0.265039;0.127434;1.304265;1.346740;1.360893;
0.041950;-0.379121;0.264821;0.127215;1.302981;1.346302;1.360021;
0.041960;-0.378544;0.264600;0.126996;1.301682;1.345852;1.359135;
0.041970;-0.377964;0.264377;0.126775;1.300370;1.345388;1.358237;
0.041980;-0.377380;0.264151;0.126552;1.299045;1.344912;1.357326;
0.041990;-0.376792;0.263923;0.126329;1.297706;1.344422;1.356401;
0.042000;-0.376200;0.263692;0.126104;1.296353;1.343919;1.355463;
0.042010;-0.375605;0.263458;0.125878;1.294986;1.343404;1.354513;
0.042020;-0.375006;0.263222;0.125651;1.293606;1.342875;1.353549;
0.042030;-0.374403;0.262983;0.125423;1.292213;1.342333;1.352572;
0.042040;-0.373797;0.262742;0.125193;1.290806;1.341778;1.351582;
0.042050;-0.373186;0.262498;0.124962;1.289385;1.341210;1.350579;
0.042060;-0.372573;0.262251;0.124730;1.287951;1.340629;1.349563;
0.042070;-0.371955;0.262002;0.124497;1.286503;1.340035;1.348534;
0.042080;-0.371334;0.261751;0.124262;1.285042;1.339428;1.347491;
0.042090;-0.370709;0.261496;0.124026;1.283568;1.338808;1.346436;
0.042100;-0.370081;0.261239;0.123789;1.282080;1.338175;1.345368;
0.042110;-0.369449;0.260980;0.123551;1.280578;1.337529;1.344287;
0.042120;-0.368813;0.260717;0.123311;1.279063;1.336870;1.343192;
0.042130;-0.368173;0.260452;0.123070;1.277535;1.336198;1.342085;
0.042140;-0.367530;0.260185;0.122828;1.275993;1.335513;1.340965;
0.042150;-0.366884;0.259915;0.122585;1.274438;1.334814;1.339832;
0.042160;-0.366234;0.259642;0.122340;1.272870;1.334103;1.338685;
0.042170;-0.365580;0.259367;0.122095;1.271289;1.333379;1.337526;
0.042180;-0.364922;0.259089;0.121848;1.269694;1.332641;1.336354;
0.042190;-0.364261;0.258809;0.121599;1.268086;1.331891;1.335168;
0.042200;-0.363597;0.258526;0.121350;1.266464;1.331127;1.333970;
0.042210;-0.362929;0.258240;0.121099;1.264830;1.330351;1.332759;
0.042220;-0.362257;0.257952;0.120847;1.263182;1.329561;1.331535;
0.042230;-0.361582;0.257661;0.120593;1.261522;1.328759;1.330298;
0.042240;-0.360903;0.257368;0.120339;1.259848;1.327943;1.329047;
0.042250;-0.360221;0.257071;0.120083;1.258161;1.327115;1.327784;
0.042260;-0.359536;0.256773;0.119826;1.256461;1.326273;1.326508;
0.042270;-0.358846;0.256471;0.119568;1.254748;1.325418;1.325219;
0.042280;-0.358154;0.256168;0.119308;1.253023;1.324551;1.323918;
0.042290;-0.357457;0.255861;0.119047;1.251284;1.323670;1.322603;
0.042300;-0.356758;0.255552;0.118785;1.249533;1.322776;1.321275;
0.042310;-0.356055;0.255240;0.118522;1.247768;1.321869;1.319934;
0.042320;-0.355348;0.254926;0.118257;1.245991;1.320949;1.318581;
0.042330;-0.354638;0.254609;0.117991;1.244201;1.320016;1.317214;
0.042340;-0.353925;0.254290;0.117724;1.242399;1.319070;1.315835;
0.042350;-0.353208;0.253968;0.117456;1.240583;1.318111;1.314442;
0.042360;-0.352487;0.253643;0.117186;1.238755;1.317140;1.313037;
0.042370;-0.351764;0.253316;0.116916;1.236915;1.316155;1.311619;
0.042380;-0.351036;0.252986;0.116644;1.235062;1.315156;1.310188;
0.042390;-0.350306;0.252654;0.116370;1.233196;1.314145;1.308744;
0.042400;-0.349572;0.252319;0.116096;1.231318;1.313121;1.307287;
0.042410;-0.348834;0.251981;0.115820;1.229428;1.312084;1.305817;
0.042420;-0.348094;0.251641;0.115543;1.227525;1.311034;1.304335;
0.042430;-0.347350;0.251298;0.115265;1.225610;1.309971;1.302839;
0.042440;-0.346602;0.250953;0.114985;1.223682;1.308895;1.301331;
0.042450;-0.345851;0.250605;0.114705;1.221743;1.307806;1.299810;
0.042460;-0.345097;0.250255;0.114423;1.219791;1.306704;1.298276;
0.042470;-0.344340;0.249902;0.114140;1.217827;1.305589;1.296729;
0.042480;-0.343579;0.249546;0.113855;1.215850;1.304461;1.295169;
0.042490;-0.342815;0.249188;0.113570;1.213862;1.303320;1.293596;
0.042500;-0.342047;0.248828;0.113283;1.211862;1.302166;1.292011;
0.042510;-0.341277;0.248465;0.112995;1.209849;1.300998;1.290413;
0.042520;-0.340502;0.248099;0.112706;1.207825;1.299818;1.288802;
0.042530;-0.339725;0.247731;0.112415;1.205789;1.298626;1.287178;
0.042540;-0.338944;0.247360;0.112124;1.203741;1.297420;1.285541;
0.042550;-0.338161;0.246987;0.111831;1.201681;1.296201;1.283892;
0.042560;-0.337373;0.246611;0.111537;1.199609;1.294969;1.282230;
0.042570;-0.336583;0.246233;0.111242;1.197526;1.293724;1.280555;
0.042580;-0.335789;0.245852;0.110945;1.195431;1.292466;1.278867;
0.042590;-0.334992;0.245468;0.110648;1.193325;1.291196;1.277166;
0.042600;-0.334192;0.245083;0.110349;1.191206;1.289912;1.275453;
0.042610;-0.333389;0.244694;0.110049;1.189077;1.288616;1.273727;
0.042620;-0.332582;0.244303;0.109748;1.186936;1.287306;1.271989;
0.042630;-0.331772;0.243910;0.109446;1.184783;1.285984;1.270237;
0.042640;-0.330959;0.243514;0.109142;1.182619;1.284649;1.268473;
0.042650;-0.330143;0.243116;0.108838;1.180443;1.283301;1.266696;
0.042660;-0.329323;0.242715;0.108532;1.178257;1.281940;1.264907;
0.042670;-0.328501;0.242312;0.108225;1.176059;1.280567;1.263104;
0.042680;-0.327675;0.241906;0.107917;1.173849;1.279180;1.261290;
0.042690;-0.326846;0.241498;0.107608;1.171629;1.277781;1.259462;
0.042700;-0.326014;0.241088;0.107298;1.169397;1.276368;1.257622;
0.042710;-0.325178;0.240675;0.106986;1.167155;1.274943;1.255769;
0.042720;-0.324340;0.240259;0.106674;1.164901;1.273506;1.253904;
0.042730;-0.323498;0.239841;0.106360;1.162636;1.272055;1.252026;
0.042740;-0.322653;0.239421;0.106045;1.160360;1.270592;1.250135;
0.042750;-0.321805;0.238998;0.105729;1.158073;1.269116;1.248232;
0.042760;-0.320954;0.238573;0.105412;1.155776;1.267627;1.246317;
0.042770;-0.320100;0.238146;0.105094;1.153467;1.266125;1.244388;
0.042780;-0.319243;0.237716;0.104775;1.151148;1.264611;1.242448;
0.042790;-0.318382;0.237283;0.104455;1.148818;1.263084;1.240494;
0.042800;-0.317519;0.236849;0.104133;1.146477;1.261544;1.238529;
0.042810;-0.316652;0.236411;0.103811;1.144125;1.259992;1.236551;
0.042820;-0.315783;0.235972;0.103487;1.141763;1.258427;1.234560;
0.042830;-0.314910;0.235530;0.103163;1.139390;1.256849;1.232557;
0.042840;-0.314034;0.235086;0.102837;1.137006;1.255259;1.230541;
0.042850;-0.313155;0.234639;0.102511;1.134612;1.253656;1.228513;
0.042860;-0.312273;0.234191;0.102183;1.132207;1.252040;1.226473;
0.042870;-0.311388;0.233739;0.101854;1.129792;1.250412;1.224421;
0.042880;-0.310500;0.233286;0.101524;1.127366;1.248772;1.222356;
0.042890;-0.309609;0.232830;0.101193;1.124930;1.247119;1.220278;
0.042900;-0.308715;0.232372;0.100862;1.122483;1.245453;1.218189;
0.042910;-0.307817;0.231911;0.100529;1.120026;1.243775;1.216087;
0.042920;-0.306917;0.231449;0.100195;1.117559;1.242084;1.213973;
0.042930;-0.306014;0.230984;0.099860;1.115081;1.240381;1.211846;
0.042940;-0.305108;0.230516;0.099524;1.112593;1.238666;1.209708;
0.042950;-0.304199;0.230047;0.099187;1.110094;1.236938;1.207557;
0.042960;-0.303286;0.229575;0.098849;1.107586;1.235198;1.205394;
0.042970;-0.302371;0.229100;0.098511;1.105067;1.233445;1.203219;
0.042980;-0.301453;0.228624;0.098171;1.102538;1.231680;1.201032;
0.042990;-0.300532;0.228145;0.097830;1.099998;1.229903;1.198833;
0.043000;-0.299608;0.227665;0.097488;1.097449;1.228113;1.196621;
0.043010;-0.298681;0.227181;0.097146;1.094889;1.226311;1.194398;
0.043020;-0.297751;0.226696;0.096802;1.092320;1.224497;1.192162;
0.043030;-0.296818;0.226208;0.096458;1.089740;1.222670;1.189915;
0.043040;-0.295882;0.225719;0.096112;1.087150;1.220832;1.187656;
0.043050;-0.294943;0.225227;0.095766;1.084550;1.218981;1.185384;
0.043060;-0.294001;0.224733;0.095418;1.081940;1.217118;1.183101;
0.043070;-0.293056;0.224236;0.095070;1.079320;1.215243;1.180806;
0.043080;-0.292109;0.223738;0.094721;1.076690;1.213355;1.178499;
0.043090;-0.291158;0.223237;0.094371;1.074050;1.211456;1.176180;
0.043100;-0.290205;0.222734;0.094020;1.071400;1.209545;1.173850;
0.043110;-0.289248;0.222229;0.093668;1.068740;1.207621;1.171507;
0.043120;-0.288289;0.221722;0.093315;1.066070;1.205685;1.169153;
0.043130;-0.287327;0.221212;0.092962;1.063391;1.203738;1.166787;
0.043140;-0.286362;0.220701;0.092607;1.060701;1.201778;1.164410;
0.043150;-0.285395;0.220187;0.092252;1.058001;1.199807;1.162021;
0.043160;-0.284424;0.219672;0.091896;1.055292;1.197824;1.159620;
0.043170;-0.283450;0.219154;0.091539;1.052573;1.195828;1.157207;
0.043180;-0.282474;0.218634;0.091181;1.049844;1.193821;1.154783;
0.043190;-0.281495;0.218112;0.090822;1.047105;1.191802;1.152348;
0.043200;-0.280513;0.217588;0.090463;1.044356;1.189772;1.149901;
0.043210;-0.279528;0.217061;0.090102;1.041597;1.187729;1.147442;
0.043220;-0.278541;0.216533;0.089741;1.038829;1.185675;1.144972;
0.043230;-0.277550;0.216003;0.089379;1.036051;1.183609;1.142491;
0.043240;-0.276557;0.215470;0.089016;1.033263;1.181531;1.139998;
0.043250;-0.275561;0.214936;0.088652;1.030465;1.179441;1.137494;
0.043260;-0.274563;0.214399;0.088288;1.027657;1.177340;1.134979;
0.043270;-0.273561;0.213860;0.087922;1.024840;1.175228;1.132452;
0.043280;-0.272557;0.213320;0.087556;1.022013;1.173103;1.129914;
0.043290;-0.271550;0.212777;0.087189;1.019176;1.170968;1.127365;
0.043300;-0.270540;0.212232;0.086822;1.016330;1.168820;1.124805;
0.043310;-0.269528;0.211686;0.086453;1.013473;1.166661;1.122234;
0.043320;-0.268513;0.211137;0.086084;1.010608;1.164491;1.119651;
0.043330;-0.267495;0.210586;0.085714;1.007732;1.162309;1.117057;
0.043340;-0.266475;0.210033;0.085343;1.004847;1.160116;1.114453;
0.043350;-0.265452;0.209479;0.084972;1.001951;1.157911;1.111837;
0.043360;-0.264426;0.208922;0.084600;0.999047;1.155695;1.109210;
0.043370;-0.263397;0.208363;0.084226;0.996132;1.153468;1.106573;
0.043380;-0.262366;0.207802;0.083853;0.993208;1.151229;1.103924;
0.043390;-0.261332;0.207240;0.083478;0.990275;1.148979;1.101265;
0.043400;-0.260296;0.206675;0.083103;0.987331;1.146718;1.098595;
0.043410;-0.259257;0.206108;0.082727;0.984378;1.144445;1.095914;
0.043420;-0.258215;0.205540;0.082350;0.981415;1.142162;1.093222;
0.043430;-0.257170;0.204969;0.081973;0.978443;1.139867;1.090519;
0.043440;-0.256124;0.204397;0.081594;0.975461;1.137561;1.087806;
0.043450;-0.255074;0.203822;0.081215;0.972470;1.135244;1.085082;
0.043460;-0.254022;0.203246;0.080836;0.969468;1.132915;1.082347;
0.043470;-0.252967;0.202668;0.080455;0.966458;1.130576;1.079602;
0.043480;-0.251910;0.202087;0.080074;0.963437;1.128226;1.076846;
0.043490;-0.250850;0.201505;0.079693;0.960407;1.125865;1.074080;
0.043500;-0.249788;0.200921;0.079310;0.957368;1.123492;1.071303;
0.043510;-0.248723;0.200335;0.078927;0.954319;1.121109;1.068516;
0.043520;-0.247656;0.199747;0.078543;0.951260;1.118715;1.065718;
0.043530;-0.246586;0.199158;0.078158;0.948192;1.116310;1.062910;
0.043540;-0.245514;0.198566;0.077773;0.945114;1.113894;1.060092;
0.043550;-0.244439;0.197972;0.077387;0.942027;1.111467;1.057263;
0.043560;-0.243361;0.197377;0.077000;0.938930;1.109030;1.054424;
0.043570;-0.242282;0.196779;0.076613;0.935824;1.106582;1.051575;
0.043580;-0.241200;0.196180;0.076225;0.932708;1.104123;1.048715;
0.043590;-0.240115;0.195579;0.075836;0.929582;1.101653;1.045845;
0.043600;-0.239028;0.194976;0.075447;0.926448;1.099172;1.042966;
0.043610;-0.237938;0.194371;0.075057;0.923303;1.096681;1.040075;
0.043620;-0.236847;0.193765;0.074666;0.920150;1.094179;1.037175;
0.043630;-0.235752;0.193156;0.074274;0.916987;1.091667;1.034265;
0.043640;-0.234656;0.192546;0.073882;0.913814;1.089144;1.031345;
0.043650;-0.233557;0.191934;0.073490;0.910632;1.086610;1.028415;
0.043660;-0.232455;0.191320;0.073096;0.907441;1.084066;1.025475;
0.043670;-0.231352;0.190704;0.072702;0.904240;1.081512;1.022525;
0.043680;-0.230246;0.190086;0.072307;0.901030;1.078947;1.019565;
0.043690;-0.229137;0.189466;0.071912;0.897810;1.076371;1.016595;
0.043700;-0.228027;0.188845;0.071516;0.894582;1.073785;1.013615;
0.043710;-0.226914;0.188222;0.071119;0.891344;1.071189;1.010626;
0.043720;-0.225799;0.187597;0.070722;0.888096;1.068582;1.007626;
0.043730;-0.224681;0.186970;0.070324;0.884840;1.065965;1.004617;
0.043740;-0.223561;0.186341;0.069925;0.881574;1.063337;1.001599;
0.043750;-0.222439;0.185711;0.069525;0.878299;1.060699;0.998570;
0.043760;-0.221315;0.185078;0.069125;0.875015;1.058051;0.995532;
0.043770;-0.220189;0.184444;0.068725;0.871721;1.055393;0.992485;
0.043780;-0.219060;0.183808;0.068323;0.868419;1.052725;0.989428;
0.043790;-0.217930;0.183171;0.067922;0.865107;1.050046;0.986361;
0.043800;-0.216797;0.182531;0.067519;0.861786;1.047357;0.983285;
0.043810;-0.215662;0.181890;0.067116;0.858456;1.044658;0.980199;
0.043820;-0.214524;0.181247;0.066712;0.855117;1.041949;0.977104;
0.043830;-0.213385;0.180602;0.066307;0.851769;1.039229;0.973999;
0.043840;-0.212243;0.179956;0.065902;0.848412;1.036500;0.970885;
0.043850;-0.211100;0.179308;0.065496;0.845046;1.033761;0.967762;
0.043860;-0.209954;0.178657;0.065090;0.841671;1.031011;0.964630;
0.043870;-0.208806;0.178006;0.064683;0.838288;1.028252;0.961488;
0.043880;-0.207656;0.177352;0.064275;0.834895;1.025482;0.958336;
0.043890;-0.206504;0.176697;0.063867;0.831493;1.022703;0.955176;
0.043900;-0.205350;0.176040;0.063458;0.828083;1.019913;0.952006;
0.043910;-0.204194;0.175381;0.063048;0.824664;1.017114;0.948827;
0.043920;-0.203036;0.174720;0.062638;0.821236;1.014305;0.945639;
0.043930;-0.201876;0.174058;0.062227;0.817800;1.011486;0.942442;
0.043940;-0.200714;0.173394;0.061816;0.814354;1.008657;0.939236;
0.043950;-0.199550;0.172728;0.061404;0.810900;1.005818;0.936021;
0.043960;-0.198384;0.172061;0.060991;0.807438;1.002970;0.932796;
0.043970;-0.197216;0.171391;0.060578;0.803967;1.000112;0.929563;
0.043980;-0.196046;0.170721;0.060164;0.800487;0.997244;0.926321;
0.043990;-0.194875;0.170048;0.059750;0.796999;0.994366;0.923070;
0.044000;-0.193701;0.169374;0.059334;0.793503;0.991479;0.919809;
0.044010;-0.192525;0.168698;0.058919;0.789998;0.988582;0.916540;
0.044020;-0.191348;0.168020;0.058502;0.786485;0.985675;0.913262;
0.044030;-0.190169;0.167340;0.058085;0.782963;0.982759;0.909975;
0.044040;-0.188987;0.166659;0.057668;0.779433;0.979833;0.906680;
0.044050;-0.187804;0.165977;0.057250;0.775895;0.976897;0.903375;
0.044060;-0.186619;0.165292;0.056831;0.772349;0.973952;0.900062;
0.044070;-0.185433;0.164606;0.056411;0.768794;0.970998;0.896740;
0.044080;-0.184244;0.163918;0.055991;0.765232;0.968034;0.893410;
0.044090;-0.183054;0.163229;0.055571;0.761661;0.965060;0.890070;
0.044100;-0.181862;0.162538;0.055150;0.758083;0.962077;0.886723;
0.044110;-0.180668;0.161845;0.054728;0.754496;0.959084;0.883366;
0.044120;-0.179473;0.161151;0.054306;0.750902;0.956083;0.880001;
0.044130;-0.178275;0.160455;0.053883;0.747300;0.953071;0.876627;
0.044140;-0.177076;0.159757;0.053459;0.743689;0.950051;0.873245;
0.044150;-0.175875;0.159058;0.053035;0.740072;0.947021;0.869854;
0.044160;-0.174673;0.158357;0.052610;0.736446;0.943981;0.866455;
0.044170;-0.173469;0.157654;0.052185;0.732813;0.940933;0.863047;
0.044180;-0.172263;0.156950;0.051759;0.729172;0.937875;0.859631;
0.044190;-0.171056;0.156244;0.051333;0.725524;0.934808;0.856206;
0.044200;-0.169847;0.155537;0.050906;0.721868;0.931731;0.852773;
0.044210;-0.168636;0.154828;0.050478;0.718204;0.928646;0.849332;
0.044220;-0.167423;0.154117;0.050050;0.714534;0.925551;0.845882;
0.044230;-0.166209;0.153405;0.049622;0.710856;0.922447;0.842425;
0.044240;-0.164994;0.152691;0.049193;0.707170;0.919334;0.838958;
0.044250;-0.163777;0.151976;0.048763;0.703478;0.916212;0.835484;
0.044260;-0.162558;0.151259;0.048332;0.699778;0.913081;0.832001;
0.044270;-0.161338;0.150541;0.047902;0.696071;0.909941;0.828510;
0.044280;-0.160116;0.149821;0.047470;0.692357;0.906792;0.825011;
0.044290;-0.158893;0.149099;0.047038;0.688636;0.903633;0.821504;
0.044300;-0.157668;0.148376;0.046606;0.684908;0.900466;0.817989;
0.044310;-0.156441;0.147652;0.046173;0.681173;0.897290;0.814466;
0.044320;-0.155214;0.146926;0.045739;0.677431;0.894105;0.810934;
0.044330;-0.153984;0.146198;0.045305;0.673683;0.890911;0.807395;
0.044340;-0.152753;0.145469;0.044871;0.669928;0.887708;0.803847;
0.044350;-0.151521;0.144738;0.044436;0.666166;0.884496;0.800292;
0.044360;-0.150288;0.144006;0.044000;0.662397;0.881276;0.796729;
0.044370;-0.149052;0.143273;0.043564;0.658622;0.878047;0.793157;
0.044380;-0.147816;0.142537;0.043127;0.654840;0.874809;0.789578;
0.044390;-0.146578;0.141801;0.042690;0.651052;0.871562;0.785991;
0.044400;-0.145339;0.141063;0.042253;0.647258;0.868306;0.782397;
0.044410;-0.144098;0.140323;0.041815;0.643457;0.865042;0.778794;
0.044420;-0.142856;0.139582;0.041376;0.639650;0.861769;0.775184;
0.044430;-0.141612;0.138840;0.040937;0.635836;0.858488;0.771566;
0.044440;-0.140367;0.138096;0.040498;0.632017;0.855198;0.767940;
0.044450;-0.139121;0.137351;0.040058;0.628191;0.851899;0.764306;
0.044460;-0.137874;0.136604;0.039617;0.624359;0.848592;0.760665;
0.044470;-0.136625;0.135856;0.039176;0.620521;0.845276;0.757016;
0.044480;-0.135375;0.135107;0.038735;0.616678;0.841952;0.753360;
0.044490;-0.134124;0.134356;0.038293;0.612828;0.838620;0.749696;
0.044500;-0.132871;0.133604;0.037851;0.608973;0.835279;0.746025;
0.044510;-0.131617;0.132850;0.037408;0.605111;0.831929;0.742346;
0.044520;-0.130362;0.132095;0.036965;0.601244;0.828572;0.738660;
0.044530;-0.129106;0.131339;0.036522;0.597372;0.825206;0.734966;
0.044540;-0.127848;0.130581;0.036078;0.593494;0.821831;0.731265;
0.044550;-0.126589;0.129822;0.035633;0.589610;0.818448;0.727556;
0.044560;-0.125329;0.129062;0.035189;0.585720;0.815058;0.723840;
0.044570;-0.124068;0.128300;0.034743;0.581826;0.811659;0.720117;
0.044580;-0.122806;0.127537;0.034298;0.577925;0.808251;0.716386;
0.044590;-0.121542;0.126773;0.033852;0.574020;0.804836;0.712649;
0.044600;-0.120277;0.126007;0.033405;0.570109;0.801412;0.708904;
0.044610;-0.119011;0.125240;0.032959;0.566193;0.797981;0.705152;
0.044620;-0.117744;0.124472;0.032512;0.562271;0.794541;0.701393;
0.044630;-0.116476;0.123703;0.032064;0.558345;0.791094;0.697626;
0.044640;-0.115207;0.122932;0.031616;0.554413;0.787638;0.693853;
0.044650;-0.113937;0.122160;0.031168;0.550477;0.784174;0.690073;
0.044660;-0.112665;0.121387;0.030720;0.546535;0.780703;0.686285;
0.044670;-0.111393;0.120612;0.030271;0.542588;0.777224;0.682491;
0.044680;-0.110119;0.119837;0.029822;0.538637;0.773737;0.678690;
0.044690;-0.108844;0.119060;0.029372;0.534680;0.770242;0.674881;
0.044700;-0.107569;0.118282;0.028922;0.530719;0.766739;0.671066;
0.044710;-0.106292;0.117503;0.028472;0.526753;0.763228;0.667245;
0.044720;-0.105014;0.116722;0.028022;0.522783;0.759710;0.663416;
0.044730;-0.103735;0.115941;0.027571;0.518807;0.756185;0.659581;
0.044740;-0.102455;0.115158;0.027120;0.514827;0.752651;0.655739;
0.044750;-0.101175;0.114374;0.026669;0.510843;0.749110;0.651890;
0.044760;-0.099893;0.113589;0.026217;0.506854;0.745562;0.648034;
0.044770;-0.098610;0.112803;0.025765;0.502860;0.742005;0.644173;
0.044780;-0.097326;0.112016;0.025313;0.498862;0.738442;0.640304;
0.044790;-0.096042;0.111227;0.024860;0.494860;0.734871;0.636429;
0.044800;-0.094756;0.110438;0.024408;0.490853;0.731292;0.632548;
0.044810;-0.093470;0.109647;0.023955;0.486842;0.727707;0.628660;
0.044820;-0.092182;0.108855;0.023502;0.482827;0.724114;0.624765;
0.044830;-0.090894;0.108063;0.023048;0.478807;0.720513;0.620865;
0.044840;-0.089605;0.107269;0.022595;0.474783;0.716906;0.616958;
0.044850;-0.088314;0.106474;0.022141;0.470755;0.713291;0.613044;
0.044860;-0.087024;0.105678;0.021687;0.466723;0.709669;0.609125;
0.044870;-0.085732;0.104881;0.021232;0.462687;0.706040;0.605199;
0.044880;-0.084439;0.104083;0.020778;0.458647;0.702403;0.601267;
0.044890;-0.083145;0.103284;0.020323;0.454603;0.698760;0.597329;
0.044900;-0.081851;0.102484;0.019868;0.450555;0.695110;0.593385;
0.044910;-0.080556;0.101683;0.019413;0.446503;0.691453;0.589435;
0.044920;-0.079260;0.100881;0.018958;0.442447;0.687788;0.585479;
0.044930;-0.077963;0.100078;0.018503;0.438387;0.684117;0.581517;
0.044940;-0.076666;0.099274;0.018047;0.434323;0.680439;0.577550;
0.044950;-0.075367;0.098469;0.017591;0.430256;0.676755;0.573576;
0.044960;-0.074068;0.097664;0.017136;0.426185;0.673063;0.569596;
0.044970;-0.072768;0.096857;0.016680;0.422110;0.669365;0.565611;
0.044980;-0.071468;0.096049;0.016223;0.418031;0.665660;0.561620;
0.044990;-0.070167;0.095241;0.015767;0.413949;0.661948;0.557623;
0.045000;-0.068865;0.094431;0.015311;0.409863;0.658230;0.553621;
0.045010;-0.067562;0.093621;0.014854;0.405773;0.654505;0.549613;
0.045020;-0.066258;0.092809;0.014398;0.401680;0.650774;0.545600;
0.045030;-0.064954;0.091997;0.013941;0.397584;0.647036;0.541581;
0.045040;-0.063650;0.091184;0.013484;0.393483;0.643292;0.537556;
0.045050;-0.062344;0.090370;0.013027;0.389380;0.639541;0.533526;
0.045060;-0.061038;0.089556;0.012570;0.385273;0.635784;0.529491;
0.045070;-0.059732;0.088740;0.012113;0.381162;0.632021;0.525451;
0.045080;-0.058424;0.087924;0.011656;0.377048;0.628252;0.521405;
0.045090;-0.057116;0.087107;0.011199;0.372931;0.624476;0.517354;
0.045100;-0.055808;0.086289;0.010742;0.368811;0.620694;0.513298;
0.045110;-0.054499;0.085470;0.010284;0.364687;0.616906;0.509236;
0.045120;-0.053189;0.084650;0.009827;0.360560;0.613112;0.505170;
0.045130;-0.051879;0.083830;0.009369;0.356429;0.609311;0.501098;
0.045140;-0.050568;0.083009;0.008912;0.352296;0.605505;0.497022;
0.045150;-0.049257;0.082187;0.008455;0.348159;0.601693;0.492940;
0.045160;-0.047945;0.081364;0.007997;0.344019;0.597875;0.488854;
0.045170;-0.046633;0.080540;0.007539;0.339876;0.594051;0.484763;
0.045180;-0.045320;0.079716;0.007082;0.335729;0.590221;0.480667;
0.045190;-0.044006;0.078891;0.006624;0.331580;0.586385;0.476566;
0.045200;-0.042693;0.078066;0.006167;0.327427;0.582544;0.472460;
0.045210;-0.041378;0.077239;0.005709;0.323272;0.578697;0.468350;
0.045220;-0.040064;0.076412;0.005252;0.319113;0.574844;0.464235;
0.045230;-0.038748;0.075585;0.004794;0.314952;0.570985;0.460116;
0.045240;-0.037433;0.074756;0.004337;0.310787;0.567121;0.455992;
0.045250;-0.036117;0.073927;0.003879;0.306620;0.563252;0.451863;
0.045260;-0.034800;0.073097;0.003422;0.302449;0.559377;0.447730;
0.045270;-0.033484;0.072267;0.002964;0.298276;0.555496;0.443593;
0.045280;-0.032166;0.071436;0.002507;0.294100;0.551610;0.439451;
0.045290;-0.030849;0.070604;0.002049;0.289921;0.547719;0.435305;
0.045300;-0.029531;0.069771;0.001592;0.285739;0.543822;0.431155;
0.045310;-0.028213;0.068938;0.001135;0.281555;0.539920;0.427000;
0.045320;-0.026894;0.068105;0.000677;0.277367;0.536013;0.422842;
0.045330;-0.025575;0.067271;0.000220;0.273177;0.532101;0.418679;
0.045340;-0.024256;0.066436;-0.000237;0.268984;0.528183;0.414512;
0.045350;-0.022937;0.065600;-0.000694;0.264788;0.524261;0.410341;
0.045360;-0.021617;0.064764;-0.001151;0.260590;0.520333;0.406167;
0.045370;-0.020297;0.063928;-0.001608;0.256389;0.516400;0.401988;
0.045380;-0.018977;0.063090;-0.002065;0.252186;0.512462;0.397805;
0.045390;-0.017656;0.062253;-0.002522;0.247980;0.508520;0.393619;
0.045400;-0.016336;0.061414;-0.002978;0.243771;0.504572;0.389429;
0.045410;-0.015015;0.060575;-0.003435;0.239560;0.500620;0.385235;
0.045420;-0.013694;0.059736;-0.003892;0.235346;0.496662;0.381037;
0.045430;-0.012372;0.058896;-0.004348;0.231129;0.492700;0.376836;
0.045440;-0.011051;0.058055;-0.004804;0.226911;0.488734;0.372631;
0.045450;-0.009729;0.057214;-0.005261;0.222689;0.484762;0.368422;
0.045460;-0.008408;0.056373;-0.005717;0.218466;0.480786;0.364210;
0.045470;-0.007086;0.055531;-0.006173;0.214240;0.476805;0.359995;
0.045480;-0.005764;0.054688;-0.006629;0.210011;0.472820;0.355776;
0.045490;-0.004442;0.053845;-0.007084;0.205781;0.468830;0.351553;
0.045500;-0.003120;0.053001;-0.007540;0.201548;0.464836;0.347328;
0.045510;-0.001798;0.052157;-0.007996;0.197312;0.460837;0.343099;
0.045520;-0.000475;0.051313;-0.008451;0.193075;0.456834;0.338867;
0.045530;0.000847;0.050468;-0.008906;0.188835;0.452826;0.334631;
0.045540;0.002169;0.049623;-0.009362;0.184593;0.448814;0.330393;
0.045550;0.003492;0.048777;-0.009817;0.180349;0.444798;0.326151;
0.045560;0.004814;0.047930;-0.010271;0.176103;0.440778;0.321906;
0.045570;0.006136;0.047084;-0.010726;0.171855;0.436753;0.317659;
0.045580;0.007458;0.046236;-0.011181;0.167604;0.432724;0.313408;
0.045590;0.008781;0.045389;-0.011635;0.163352;0.428691;0.309154;
0.045600;0.010103;0.044541;-0.012090;0.159097;0.424654;0.304898;
0.045610;0.011425;0.043692;-0.012544;0.154841;0.420613;0.300639;
0.045620;0.012747;0.042843;-0.012998;0.150583;0.416568;0.296376;
0.045630;0.014069;0.041994;-0.013452;0.146323;0.412519;0.292111;
0.045640;0.015391;0.041144;-0.013905;0.142061;0.408466;0.287844;
0.045650;0.016712;0.040294;-0.014359;0.137797;0.404410;0.283574;
0.045660;0.018034;0.039444;-0.014812;0.133531;0.400349;0.279301;
0.045670;0.019355;0.038593;-0.015266;0.129264;0.396284;0.275025;
0.045680;0.020676;0.037742;-0.015719;0.124995;0.392216;0.270747;
0.045690;0.021997;0.036890;-0.016171;0.120724;0.388144;0.266466;
0.045700;0.023318;0.036038;-0.016624;0.116452;0.384068;0.262183;
0.045710;0.024639;0.035186;-0.017077;0.112177;0.379989;0.257898;
0.045720;0.025959;0.034334;-0.017529;0.107902;0.375906;0.253610;
0.045730;0.027279;0.033481;-0.017981;0.103625;0.371820;0.249320;
0.045740;0.028599;0.032627;-0.018433;0.099346;0.367730;0.245028;
0.045750;0.029918;0.031774;-0.018885;0.095066;0.363636;0.240733;
0.045760;0.031238;0.030920;-0.019337;0.090785;0.359539;0.236436;
0.045770;0.032556;0.030066;-0.019788;0.086502;0.355438;0.232137;
0.045780;0.033875;0.029211;-0.020239;0.082218;0.351335;0.227836;
0.045790;0.035193;0.028357;-0.020690;0.077933;0.347227;0.223532;
0.045800;0.036511;0.027502;-0.021141;0.073646;0.343117;0.219227;
0.045810;0.037829;0.026646;-0.021592;0.069358;0.339003;0.214920;
0.045820;0.039146;0.025791;-0.022042;0.065069;0.334886;0.210610;
0.045830;0.040463;0.024935;-0.022492;0.060779;0.330766;0.206299;
0.045840;0.041779;0.024079;-0.022942;0.056488;0.326642;0.201986;
0.045850;0.043095;0.023222;-0.023392;0.052196;0.322516;0.197671;
0.045860;0.044411;0.022365;-0.023842;0.047903;0.318386;0.193354;
0.045870;0.045726;0.021509;-0.024291;0.043609;0.314253;0.189036;
0.045880;0.047041;0.020651;-0.024740;0.039314;0.310118;0.184715;
0.045890;0.048355;0.019794;-0.025189;0.035019;0.305979;0.180393;
0.045900;0.049669;0.018937;-0.025638;0.030722;0.301837;0.176070;
0.045910;0.050982;0.018079;-0.026086;0.026425;0.297693;0.171744;
0.045920;0.052294;0.017221;-0.026534;0.022128;0.293545;0.167418;
0.045930;0.053607;0.016363;-0.026982;0.017829;0.289395;0.163089;
0.045940;0.054918;0.015504;-0.027430;0.013530;0.285242;0.158759;
0.045950;0.056229;0.014646;-0.027878;0.009231;0.281086;0.154428;
0.045960;0.057540;0.013787;-0.028325;0.004931;0.276928;0.150095;
0.045970;0.058849;0.012928;-0.028772;0.000630;0.272767;0.145761;
0.045980;0.060159;0.012069;-0.029219;-0.003670;0.268603;0.141426;
0.045990;0.061467;0.011210;-0.029665;-0.007971;0.264436;0.137089;
0.046000;0.062775;0.010350;-0.030111;-0.012273;0.260267;0.132751;
0.046010;0.064083;0.009491;-0.030557;-0.016574;0.256096;0.128412;
0.046020;0.065389;0.008631;-0.031003;-0.020876;0.251922;0.124071;
0.046030;0.066695;0.007771;-0.031449;-0.025177;0.247745;0.119730;
0.046040;0.068001;0.006911;-0.031894;-0.029479;0.243566;0.115387;
0.046050;0.069305;0.006051;-0.032339;-0.033781;0.239385;0.111043;
0.046060;0.070609;0.005191;-0.032783;-0.038083;0.235201;0.106698;
0.046070;0.071912;0.004331;-0.033228;-0.042384;0.231015;0.102353;
0.046080;0.073215;0.003471;-0.033672;-0.046686;0.226827;0.098006;
0.046090;0.074516;0.002610;-0.034116;-0.050987;0.222636;0.093658;
0.046100;0.075817;0.001750;-0.034559;-0.055288;0.218443;0.089309;
0.046110;0.077117;0.000889;-0.035003;-0.059589;0.214248;0.084960;
0.046120;0.078417;0.000029;-0.035446;-0.063889;0.210051;0.080610;
0.046130;0.079715;-0.000832;-0.035888;-0.068188;0.205852;0.076259;
0.046140;0.081013;-0.001693;-0.036331;-0.072488;0.201651;0.071907;
0.046150;0.082310;-0.002553;-0.036773;-0.076786;0.197447;0.067554;
0.046160;0.083606;-0.003414;-0.037215;-0.081084;0.193242;0.063201;
0.046170;0.084901;-0.004275;-0.037656;-0.085382;0.189035;0.058847;
0.046180;0.086195;-0.005136;-0.038097;-0.089678;0.184826;0.054493;
0.046190;0.087488;-0.005996;-0.038538;-0.093974;0.180615;0.050138;
0.046200;0.088781;-0.006857;-0.038978;-0.098269;0.176402;0.045783;
0.046210;0.090072;-0.007718;-0.039418;-0.102563;0.172187;0.041427;
0.046220;0.091363;-0.008579;-0.039858;-0.106856;0.167971;0.037071;
0.046230;0.092653;-0.009439;-0.040298;-0.111148;0.163753;0.032714;
0.046240;0.093941;-0.010300;-0.040737;-0.115439;0.159533;0.028357;
0.046250;0.095229;-0.011161;-0.041176;-0.119729;0.155311;0.023999;
0.046260;0.096516;-0.012021;-0.041614;-0.124018;0.151088;0.019642;
0.046270;0.097802;-0.012882;-0.042052;-0.128305;0.146864;0.015284;
0.046280;0.099087;-0.013742;-0.042490;-0.132592;0.142637;0.010926;
0.046290;0.100370;-0.014602;-0.042927;-0.136876;0.138410;0.006567;
0.046300;0.101653;-0.015462;-0.043364;-0.141160;0.134181;0.002209;
0.046310;0.102935;-0.016322;-0.043801;-0.145442;0.129950;-0.002150;
0.046320;0.104215;-0.017182;-0.044237;-0.149722;0.125718;-0.006508;
0.046330;0.105495;-0.018042;-0.044673;-0.154001;0.121485;-0.010867;
0.046340;0.106773;-0.018902;-0.045108;-0.158278;0.117250;-0.015225;
0.046350;0.108051;-0.019762;-0.045543;-0.162553;0.113015;-0.019584;
0.046360;0.109327;-0.020621;-0.045978;-0.166827;0.108777;-0.023942;
0.046370;0.110602;-0.021480;-0.046412;-0.171099;0.104539;-0.028301;
0.046380;0.111876;-0.022339;-0.046846;-0.175369;0.100300;-0.032659;
0.046390;0.113149;-0.023198;-0.047279;-0.179637;0.096059;-0.037017;
0.046400;0.114421;-0.024057;-0.047712;-0.183903;0.091818;-0.041374;
0.046410;0.115692;-0.024916;-0.048145;-0.188167;0.087575;-0.045732;
0.046420;0.116961;-0.025774;-0.048577;-0.192429;0.083332;-0.050089;
0.046430;0.118229;-0.026632;-0.049009;-0.196689;0.079087;-0.054445;
0.046440;0.119496;-0.027490;-0.049440;-0.200947;0.074842;-0.058802;
0.046450;0.120762;-0.028348;-0.049871;-0.205203;0.070596;-0.063157;
0.046460;0.122027;-0.029205;-0.050301;-0.209456;0.066348;-0.067513;
0.046470;0.123290;-0.030062;-0.050731;-0.213707;0.062101;-0.071867;
0.046480;0.124552;-0.030919;-0.051160;-0.217955;0.057852;-0.076221;
0.046490;0.125813;-0.031776;-0.051589;-0.222201;0.053603;-0.080575;
0.046500;0.127072;-0.032632;-0.052018;-0.226445;0.049353;-0.084928;
0.046510;0.128331;-0.033488;-0.052446;-0.230685;0.045102;-0.089280;
0.046520;0.129588;-0.034344;-0.052873;-0.234924;0.040851;-0.093631;
0.046530;0.130843;-0.035199;-0.053300;-0.239160;0.036599;-0.097982;
0.046540;0.132098;-0.036054;-0.053727;-0.243393;0.032347;-0.102332;
0.046550;0.133351;-0.036909;-0.054153;-0.247623;0.028095;-0.106681;
0.046560;0.134603;-0.037764;-0.054579;-0.251850;0.023842;-0.111029;
0.046570;0.135853;-0.038618;-0.055004;-0.256075;0.019588;-0.115376;
0.046580;0.137102;-0.039471;-0.055428;-0.260297;0.015335;-0.119722;
0.046590;0.138350;-0.040325;-0.055852;-0.264515;0.011081;-0.124067;
0.046600;0.139596;-0.041178;-0.056275;-0.268731;0.006826;-0.128411;
0.046610;0.140841;-0.042030;-0.056698;-0.272944;0.002572;-0.132754;
0.046620;0.142084;-0.042882;-0.057121;-0.277154;-0.001682;-0.137095;
0.046630;0.143326;-0.043734;-0.057542;-0.281360;-0.005937;-0.141436;
0.046640;0.144567;-0.044585;-0.057964;-0.285564;-0.010192;-0.145775;
0.046650;0.145806;-0.045436;-0.058384;-0.289764;-0.014446;-0.150113;
0.046660;0.147044;-0.046287;-0.058804;-0.293961;-0.018701;-0.154450;
0.046670;0.148280;-0.047137;-0.059224;-0.298154;-0.022956;-0.158785;
0.046680;0.149515;-0.047986;-0.059643;-0.302345;-0.027210;-0.163119;
0.046690;0.150748;-0.048835;-0.060061;-0.306531;-0.031465;-0.167451;
0.046700;0.151980;-0.049684;-0.060479;-0.310715;-0.035719;-0.171782;
0.046710;0.153211;-0.050532;-0.060896;-0.314895;-0.039973;-0.176111;
0.046720;0.154439;-0.051379;-0.061313;-0.319071;-0.044226;-0.180439;
0.046730;0.155667;-0.052227;-0.061729;-0.323244;-0.048479;-0.184765;
0.046740;0.156892;-0.053073;-0.062144;-0.327414;-0.052732;-0.189089;
0.046750;0.158117;-0.053919;-0.062559;-0.331579;-0.056985;-0.193412;
0.046760;0.159339;-0.054764;-0.062973;-0.335741;-0.061237;-0.197733;
0.046770;0.160560;-0.055609;-0.063386;-0.339900;-0.065488;-0.202052;
0.046780;0.161780;-0.056454;-0.063799;-0.344054;-0.069739;-0.206369;
0.046790;0.162998;-0.057297;-0.064211;-0.348205;-0.073989;-0.210684;
0.046800;0.164214;-0.058141;-0.064623;-0.352352;-0.078239;-0.214998;
0.046810;0.165429;-0.058983;-0.065034;-0.356495;-0.082488;-0.219309;
0.046820;0.166642;-0.059825;-0.065444;-0.360635;-0.086736;-0.223618;
0.046830;0.167854;-0.060667;-0.065854;-0.364770;-0.090983;-0.227925;
0.046840;0.169063;-0.061507;-0.066262;-0.368901;-0.095230;-0.232230;
0.046850;0.170272;-0.062347;-0.066671;-0.373029;-0.099476;-0.236533;
0.046860;0.171478;-0.063187;-0.067078;-0.377152;-0.103720;-0.240834;
0.046870;0.172683;-0.064026;-0.067485;-0.381271;-0.107964;-0.245132;
0.046880;0.173886;-0.064864;-0.067891;-0.385386;-0.112207;-0.249428;
0.046890;0.175087;-0.065701;-0.068297;-0.389497;-0.116449;-0.253722;
0.046900;0.176287;-0.066538;-0.068701;-0.393604;-0.120689;-0.258013;
0.046910;0.177485;-0.067374;-0.069105;-0.397707;-0.124929;-0.262302;
0.046920;0.178681;-0.068210;-0.069509;-0.401805;-0.129167;-0.266588;
0.046930;0.179876;-0.069045;-0.069911;-0.405899;-0.133404;-0.270872;
0.046940;0.181069;-0.069879;-0.070313;-0.409989;-0.137640;-0.275153;
0.046950;0.182260;-0.070712;-0.070714;-0.414075;-0.141874;-0.279431;
0.046960;0.183449;-0.071544;-0.071115;-0.418156;-0.146107;-0.283707;
0.046970;0.184637;-0.072376;-0.071514;-0.422233;-0.150339;-0.287980;
0.046980;0.185822;-0.073207;-0.071913;-0.426305;-0.154569;-0.292250;
0.046990;0.187006;-0.074038;-0.072311;-0.430373;-0.158797;-0.296518;
0.047000;0.188188;-0.074867;-0.072709;-0.434436;-0.163024;-0.300782;
0.047010;0.189368;-0.075696;-0.073106;-0.438495;-0.167250;-0.305044;
0.047020;0.190547;-0.076524;-0.073501;-0.442550;-0.171474;-0.309302;
0.047030;0.191723;-0.077351;-0.073897;-0.446600;-0.175696;-0.313558;
0.047040;0.192898;-0.078177;-0.074291;-0.450645;-0.179916;-0.317811;
0.047050;0.194071;-0.079003;-0.074685;-0.454686;-0.184135;-0.322060;
0.047060;0.195242;-0.079828;-0.075077;-0.458722;-0.188351;-0.326306;
0.047070;0.196411;-0.080652;-0.075469;-0.462753;-0.192566;-0.330549;
0.047080;0.197578;-0.081475;-0.075861;-0.466779;-0.196779;-0.334789;
0.047090;0.198743;-0.082297;-0.076251;-0.470801;-0.200990;-0.339026;
0.047100;0.199906;-0.083118;-0.076641;-0.474818;-0.205199;-0.343259;
0.047110;0.201068;-0.083939;-0.077029;-0.478831;-0.209405;-0.347489;
0.047120;0.202227;-0.084758;-0.077417;-0.482838;-0.213610;-0.351715;
0.047130;0.203384;-0.085577;-0.077805;-0.486841;-0.217813;-0.355938;
0.047140;0.204540;-0.086395;-0.078191;-0.490839;-0.222013;-0.360157;
0.047150;0.205693;-0.087212;-0.078577;-0.494832;-0.226211;-0.364373;
0.047160;0.206845;-0.088028;-0.078961;-0.498820;-0.230407;-0.368585;
0.047170;0.207994;-0.088843;-0.079345;-0.502803;-0.234600;-0.372793;
0.047180;0.209142;-0.089657;-0.079728;-0.506781;-0.238792;-0.376998;
0.047190;0.210287;-0.090471;-0.080111;-0.510754;-0.242980;-0.381199;
0.047200;0.211430;-0.091283;-0.080492;-0.514722;-0.247166;-0.385396;
0.047210;0.212572;-0.092094;-0.080873;-0.518685;-0.251350;-0.389589;
0.047220;0.213711;-0.092905;-0.081252;-0.522643;-0.255531;-0.393779;
0.047230;0.214848;-0.093714;-0.081631;-0.526596;-0.259710;-0.397964;
0.047240;0.215983;-0.094523;-0.082009;-0.530543;-0.263886;-0.402146;
0.047250;0.217116;-0.095330;-0.082387;-0.534486;-0.268059;-0.406323;
0.047260;0.218247;-0.096137;-0.082763;-0.538423;-0.272229;-0.410497;
0.047270;0.219376;-0.096942;-0.083138;-0.542355;-0.276397;-0.414666;
0.047280;0.220503;-0.097747;-0.083513;-0.546282;-0.280562;-0.418831;
0.047290;0.221627;-0.098551;-0.083887;-0.550204;-0.284724;-0.422992;
0.047300;0.222749;-0.099353;-0.084259;-0.554120;-0.288883;-0.427148;
0.047310;0.223870;-0.100155;-0.084631;-0.558031;-0.293039;-0.431301;
0.047320;0.224988;-0.100955;-0.085003;-0.561937;-0.297192;-0.435449;
0.047330;0.226103;-0.101755;-0.085373;-0.565837;-0.301343;-0.439592;
0.047340;0.227217;-0.102553;-0.085742;-0.569732;-0.305490;-0.443731;
0.047350;0.228328;-0.103351;-0.086111;-0.573622;-0.309634;-0.447866;
0.047360;0.229438;-0.104147;-0.086478;-0.577506;-0.313774;-0.451996;
0.047370;0.230544;-0.104942;-0.086845;-0.581384;-0.317912;-0.456122;
0.047380;0.231649;-0.105736;-0.087211;-0.585257;-0.322046;-0.460243;
0.047390;0.232752;-0.106530;-0.087576;-0.589124;-0.326177;-0.464359;
0.047400;0.233852;-0.107322;-0.087940;-0.592986;-0.330305;-0.468471;
0.047410;0.234950;-0.108113;-0.088303;-0.596843;-0.334429;-0.472577;
0.047420;0.236045;-0.108902;-0.088665;-0.600693;-0.338550;-0.476680;
0.047430;0.237138;-0.109691;-0.089026;-0.604538;-0.342668;-0.480777;
0.047440;0.238229;-0.110479;-0.089387;-0.608377;-0.346782;-0.484869;
0.047450;0.239318;-0.111265;-0.089746;-0.612211;-0.350892;-0.488957;
0.047460;0.240404;-0.112051;-0.090105;-0.616039;-0.354999;-0.493039;
0.047470;0.241488;-0.112835;-0.090462;-0.619861;-0.359103;-0.497117;
0.047480;0.242570;-0.113618;-0.090819;-0.623677;-0.363202;-0.501189;
0.047490;0.243649;-0.114400;-0.091175;-0.627487;-0.367298;-0.505257;
0.047500;0.244726;-0.115181;-0.091530;-0.631292;-0.371390;-0.509319;
0.047510;0.245800;-0.115961;-0.091884;-0.635090;-0.375479;-0.513376;
0.047520;0.246872;-0.116740;-0.092237;-0.638883;-0.379563;-0.517428;
0.047530;0.247942;-0.117517;-0.092589;-0.642669;-0.383644;-0.521475;
0.047540;0.249009;-0.118293;-0.092940;-0.646450;-0.387721;-0.525517;
0.047550;0.250074;-0.119068;-0.093290;-0.650224;-0.391794;-0.529553;
0.047560;0.251136;-0.119842;-0.093640;-0.653993;-0.395863;-0.533584;
0.047570;0.252196;-0.120615;-0.093988;-0.657755;-0.399928;-0.537609;
0.047580;0.253253;-0.121386;-0.094335;-0.661511;-0.403989;-0.541629;
0.047590;0.254308;-0.122157;-0.094682;-0.665261;-0.408046;-0.545643;
0.047600;0.255360;-0.122926;-0.095028;-0.669005;-0.412098;-0.549652;
0.047610;0.256410;-0.123694;-0.095372;-0.672743;-0.416147;-0.553656;
0.047620;0.257457;-0.124460;-0.095716;-0.676474;-0.420191;-0.557654;
0.047630;0.258502;-0.125226;-0.096059;-0.680199;-0.424231;-0.561646;
0.047640;0.259544;-0.125990;-0.096400;-0.683917;-0.428267;-0.565633;
0.047650;0.260584;-0.126753;-0.096741;-0.687630;-0.432299;-0.569613;
0.047660;0.261621;-0.127515;-0.097081;-0.691335;-0.436326;-0.573589;
0.047670;0.262655;-0.128275;-0.097420;-0.695035;-0.440348;-0.577558;
0.047680;0.263687;-0.129034;-0.097758;-0.698727;-0.444367;-0.581521;
0.047690;0.264716;-0.129792;-0.098095;-0.702413;-0.448381;-0.585479;
0.047700;0.265743;-0.130549;-0.098431;-0.706093;-0.452390;-0.589431;
0.047710;0.266767;-0.131304;-0.098766;-0.709766;-0.456395;-0.593377;
0.047720;0.267788;-0.132058;-0.099100;-0.713432;-0.460395;-0.597316;
0.047730;0.268807;-0.132811;-0.099434;-0.717092;-0.464391;-0.601250;
0.047740;0.269823;-0.133563;-0.099766;-0.720745;-0.468382;-0.605178;
0.047750;0.270836;-0.134313;-0.100097;-0.724391;-0.472368;-0.609100;
0.047760;0.271847;-0.135062;-0.100427;-0.728030;-0.476349;-0.613016;
0.047770;0.272855;-0.135809;-0.100757;-0.731663;-0.480326;-0.616925;
0.047780;0.273861;-0.136556;-0.101085;-0.735288;-0.484298;-0.620828;
0.047790;0.274863;-0.137301;-0.101412;-0.738907;-0.488265;-0.624725;
0.047800;0.275863;-0.138044;-0.101739;-0.742518;-0.492228;-0.628616;
0.047810;0.276860;-0.138786;-0.102064;-0.746123;-0.496185;-0.632501;
0.047820;0.277855;-0.139527;-0.102388;-0.749720;-0.500138;-0.636379;
0.047830;0.278846;-0.140267;-0.102712;-0.753310;-0.504085;-0.640251;
0.047840;0.279835;-0.141005;-0.103034;-0.756893;-0.508027;-0.644116;
0.047850;0.280821;-0.141742;-0.103356;-0.760469;-0.511965;-0.647975;
0.047860;0.281804;-0.142477;-0.103676;-0.764038;-0.515897;-0.651828;
0.047870;0.282785;-0.143212;-0.103995;-0.767600;-0.519825;-0.655674;
0.047880;0.283763;-0.143944;-0.104314;-0.771154;-0.523747;-0.659513;
0.047890;0.284737;-0.144676;-0.104631;-0.774700;-0.527663;-0.663346;
0.047900;0.285709;-0.145406;-0.104948;-0.778240;-0.531575;-0.667173;
0.047910;0.286679;-0.146134;-0.105263;-0.781772;-0.535482;-0.670993;
0.047920;0.287645;-0.146861;-0.105578;-0.785296;-0.539383;-0.674806;
0.047930;0.288608;-0.147587;-0.105891;-0.788813;-0.543279;-0.678612;
0.047940;0.289569;-0.148311;-0.106204;-0.792322;-0.547169;-0.682412;
0.047950;0.290527;-0.149034;-0.106515;-0.795823;-0.551054;-0.686204;
0.047960;0.291481;-0.149756;-0.106825;-0.799317;-0.554934;-0.689990;
0.047970;0.292433;-0.150476;-0.107135;-0.802804;-0.558808;-0.693770;
0.047980;0.293382;-0.151194;-0.107443;-0.806282;-0.562676;-0.697542;
0.047990;0.294328;-0.151911;-0.107751;-0.809753;-0.566539;-0.701307;
0.048000;0.295271;-0.152627;-0.108057;-0.813215;-0.570397;-0.705066;
0.048010;0.296212;-0.153341;-0.108362;-0.816670;-0.574249;-0.708818;
0.048020;0.297149;-0.154054;-0.108666;-0.820117;-0.578095;-0.712562;
0.048030;0.298083;-0.154765;-0.108970;-0.823556;-0.581936;-0.716300;
0.048040;0.299014;-0.155474;-0.109272;-0.826987;-0.585771;-0.720030;
0.048050;0.299943;-0.156183;-0.109573;-0.830409;-0.589600;-0.723753;
0.048060;0.300868;-0.156889;-0.109873;-0.833824;-0.593423;-0.727470;
0.048070;0.301790;-0.157595;-0.110172;-0.837230;-0.597241;-0.731179;
0.048080;0.302710;-0.158298;-0.110470;-0.840629;-0.601053;-0.734880;
0.048090;0.303626;-0.159000;-0.110767;-0.844019;-0.604858;-0.738575;
0.048100;0.304539;-0.159701;-0.111063;-0.847400;-0.608658;-0.742262;
0.048110;0.305450;-0.160400;-0.111358;-0.850774;-0.612452;-0.745942;
0.048120;0.306357;-0.161098;-0.111652;-0.854139;-0.616240;-0.749615;
0.048130;0.307261;-0.161794;-0.111945;-0.857495;-0.620022;-0.753280;
0.048140;0.308162;-0.162488;-0.112236;-0.860843;-0.623798;-0.756938;
0.048150;0.309060;-0.163181;-0.112527;-0.864183;-0.627568;-0.760589;
0.048160;0.309955;-0.163872;-0.112817;-0.867513;-0.631331;-0.764232;
0.048170;0.310847;-0.164562;-0.113105;-0.870836;-0.635089;-0.767868;
0.048180;0.311736;-0.165250;-0.113393;-0.874149;-0.638840;-0.771496;
0.048190;0.312621;-0.165937;-0.113679;-0.877454;-0.642585;-0.775116;
0.048200;0.313504;-0.166622;-0.113964;-0.880751;-0.646324;-0.778729;
0.048210;0.314383;-0.167305;-0.114248;-0.884038;-0.650057;-0.782334;
0.048220;0.315259;-0.167987;-0.114531;-0.887316;-0.653783;-0.785932;
0.048230;0.316132;-0.168667;-0.114813;-0.890586;-0.657503;-0.789522;
0.048240;0.317002;-0.169345;-0.115094;-0.893847;-0.661216;-0.793104;
0.048250;0.317869;-0.170022;-0.115374;-0.897099;-0.664923;-0.796679;
0.048260;0.318733;-0.170697;-0.115653;-0.900342;-0.668624;-0.800245;
0.048270;0.319593;-0.171371;-0.115930;-0.903575;-0.672318;-0.803804;
0.048280;0.320451;-0.172042;-0.116207;-0.906800;-0.676005;-0.807355;
0.048290;0.321305;-0.172713;-0.116482;-0.910016;-0.679686;-0.810899;
0.048300;0.322156;-0.173381;-0.116756;-0.913222;-0.683360;-0.814434;
0.048310;0.323003;-0.174048;-0.117029;-0.916419;-0.687028;-0.817961;
0.048320;0.323848;-0.174713;-0.117301;-0.919607;-0.690688;-0.821480;
0.048330;0.324689;-0.175377;-0.117572;-0.922786;-0.694343;-0.824992;
0.048340;0.325527;-0.176038;-0.117842;-0.925955;-0.697990;-0.828495;
0.048350;0.326362;-0.176698;-0.118111;-0.929115;-0.701631;-0.831990;
0.048360;0.327194;-0.177357;-0.118378;-0.932266;-0.705264;-0.835477;
0.048370;0.328022;-0.178013;-0.118644;-0.935407;-0.708891;-0.838956;
0.048380;0.328847;-0.178668;-0.118909;-0.938539;-0.712511;-0.842427;
0.048390;0.329669;-0.179321;-0.119173;-0.941661;-0.716125;-0.845890;
0.048400;0.330487;-0.179972;-0.119436;-0.944774;-0.719731;-0.849344;
0.048410;0.331303;-0.180622;-0.119698;-0.947877;-0.723330;-0.852790;
0.048420;0.332115;-0.181270;-0.119959;-0.950970;-0.726922;-0.856228;
0.048430;0.332923;-0.181916;-0.120218;-0.954054;-0.730507;-0.859657;
0.048440;0.333729;-0.182560;-0.120476;-0.957128;-0.734085;-0.863078;
0.048450;0.334531;-0.183202;-0.120733;-0.960193;-0.737655;-0.866491;
0.048460;0.335330;-0.183843;-0.120989;-0.963247;-0.741219;-0.869895;
0.048470;0.336125;-0.184482;-0.121244;-0.966292;-0.744775;-0.873291;
0.048480;0.336917;-0.185119;-0.121497;-0.969327;-0.748324;-0.876678;
0.048490;0.337706;-0.185754;-0.121750;-0.972352;-0.751866;-0.880057;
0.048500;0.338491;-0.186388;-0.122001;-0.975367;-0.755401;-0.883427;
0.048510;0.339273;-0.187019;-0.122251;-0.978373;-0.758928;-0.886788;
0.048520;0.340052;-0.187649;-0.122499;-0.981368;-0.762447;-0.890141;
0.048530;0.340827;-0.188277;-0.122747;-0.984354;-0.765959;-0.893485;
0.048540;0.341599;-0.188903;-0.122993;-0.987329;-0.769464;-0.896821;
0.048550;0.342368;-0.189527;-0.123238;-0.990294;-0.772961;-0.900147;
0.048560;0.343133;-0.190149;-0.123482;-0.993249;-0.776451;-0.903465;
0.048570;0.343895;-0.190770;-0.123725;-0.996195;-0.779933;-0.906774;
0.048580;0.344653;-0.191388;-0.123966;-0.999130;-0.783408;-0.910075;
0.048590;0.345409;-0.192005;-0.124206;-1.002054;-0.786875;-0.913366;
0.048600;0.346160;-0.192620;-0.124445;-1.004969;-0.790334;-0.916649;
0.048610;0.346908;-0.193233;-0.124683;-1.007873;-0.793785;-0.919922;
0.048620;0.347653;-0.193843;-0.124920;-1.010768;-0.797229;-0.923187;
0.048630;0.348395;-0.194452;-0.125155;-1.013651;-0.800665;-0.926442;
0.048640;0.349132;-0.195059;-0.125389;-1.016525;-0.804093;-0.929689;
0.048650;0.349867;-0.195665;-0.125622;-1.019388;-0.807513;-0.932926;
0.048660;0.350598;-0.196268;-0.125853;-1.022241;-0.810925;-0.936155;
0.048670;0.351326;-0.196869;-0.126084;-1.025084;-0.814329;-0.939374;
0.048680;0.352050;-0.197468;-0.126313;-1.027916;-0.817726;-0.942584;
0.048690;0.352770;-0.198066;-0.126540;-1.030737;-0.821114;-0.945785;
0.048700;0.353488;-0.198661;-0.126767;-1.033549;-0.824494;-0.948976;
0.048710;0.354201;-0.199254;-0.126992;-1.036349;-0.827866;-0.952159;
0.048720;0.354912;-0.199846;-0.127216;-1.039140;-0.831230;-0.955332;
0.048730;0.355618;-0.200435;-0.127439;-1.041919;-0.834586;-0.958495;
0.048740;0.356321;-0.201022;-0.127660;-1.044688;-0.837934;-0.961649;
0.048750;0.357021;-0.201608;-0.127880;-1.047447;-0.841273;-0.964794;
0.048760;0.357717;-0.202191;-0.128099;-1.050195;-0.844605;-0.967929;
0.048770;0.358410;-0.202773;-0.128317;-1.052932;-0.847927;-0.971055;
0.048780;0.359099;-0.203352;-0.128533;-1.055659;-0.851242;-0.974172;
0.048790;0.359785;-0.203929;-0.128748;-1.058375;-0.854548;-0.977278;
0.048800;0.360467;-0.204504;-0.128962;-1.061081;-0.857846;-0.980376;
0.048810;0.361146;-0.205078;-0.129174;-1.063776;-0.861135;-0.983463;
0.048820;0.361821;-0.205649;-0.129385;-1.066460;-0.864416;-0.986541;
0.048830;0.362492;-0.206218;-0.129595;-1.069133;-0.867688;-0.989609;
0.048840;0.363160;-0.206785;-0.129803;-1.071796;-0.870952;-0.992668;
0.048850;0.363825;-0.207350;-0.130010;-1.074447;-0.874207;-0.995717;
0.048860;0.364485;-0.207913;-0.130216;-1.077088;-0.877454;-0.998756;
0.048870;0.365143;-0.208474;-0.130421;-1.079719;-0.880692;-1.001785;
0.048880;0.365796;-0.209032;-0.130624;-1.082338;-0.883921;-1.004804;
0.048890;0.366446;-0.209589;-0.130826;-1.084947;-0.887141;-1.007813;
0.048900;0.367093;-0.210143;-0.131026;-1.087544;-0.890353;-1.010813;
0.048910;0.367736;-0.210696;-0.131226;-1.090131;-0.893556;-1.013802;
0.048920;0.368375;-0.211246;-0.131424;-1.092707;-0.896750;-1.016782;
0.048930;0.369011;-0.211794;-0.131620;-1.095272;-0.899935;-1.019752;
0.048940;0.369643;-0.212340;-0.131815;-1.097826;-0.903111;-1.022711;
0.048950;0.370271;-0.212884;-0.132009;-1.100370;-0.906279;-1.025660;
0.048960;0.370896;-0.213426;-0.132202;-1.102902;-0.909437;-1.028600;
0.048970;0.371517;-0.213966;-0.132393;-1.105423;-0.912586;-1.031529;
0.048980;0.372134;-0.214503;-0.132583;-1.107933;-0.915727;-1.034448;
0.048990;0.372748;-0.215039;-0.132771;-1.110433;-0.918858;-1.037356;
0.049000;0.373358;-0.215572;-0.132959;-1.112921;-0.921980;-1.040255;
0.049010;0.373965;-0.216103;-0.133144;-1.115398;-0.925093;-1.043143;
0.049020;0.374568;-0.216632;-0.133329;-1.117864;-0.928197;-1.046021;
0.049030;0.375167;-0.217159;-0.133512;-1.120320;-0.931292;-1.048888;
0.049040;0.375763;-0.217683;-0.133694;-1.122764;-0.934377;-1.051745;
0.049050;0.376354;-0.218206;-0.133874;-1.125197;-0.937453;-1.054592;
0.049060;0.376943;-0.218726;-0.134053;-1.127619;-0.940520;-1.057428;
0.049070;0.377527;-0.219244;-0.134231;-1.130029;-0.943577;-1.060254;
0.049080;0.378108;-0.219759;-0.134407;-1.132429;-0.946626;-1.063070;
0.049090;0.378685;-0.220273;-0.134582;-1.134818;-0.949664;-1.065874;
0.049100;0.379258;-0.220784;-0.134756;-1.137195;-0.952694;-1.068669;
0.049110;0.379828;-0.221294;-0.134928;-1.139561;-0.955713;-1.071452;
0.049120;0.380394;-0.221801;-0.135099;-1.141916;-0.958724;-1.074225;
0.049130;0.380956;-0.222305;-0.135269;-1.144260;-0.961725;-1.076988;
0.049140;0.381514;-0.222808;-0.135437;-1.146593;-0.964716;-1.079739;
0.049150;0.382069;-0.223308;-0.135604;-1.148914;-0.967697;-1.082480;
0.049160;0.382620;-0.223806;-0.135769;-1.151224;-0.970670;-1.085210;
0.049170;0.383167;-0.224302;-0.135933;-1.153523;-0.973632;-1.087930;
0.049180;0.383711;-0.224795;-0.136096;-1.155810;-0.976585;-1.090638;
0.049190;0.384251;-0.225287;-0.136257;-1.158087;-0.979528;-1.093336;
0.049200;0.384786;-0.225776;-0.136417;-1.160352;-0.982461;-1.096023;
0.049210;0.385319;-0.226263;-0.136576;-1.162605;-0.985384;-1.098699;
0.049220;0.385847;-0.226747;-0.136733;-1.164848;-0.988298;-1.101364;
0.049230;0.386372;-0.227229;-0.136889;-1.167079;-0.991202;-1.104018;
0.049240;0.386892;-0.227709;-0.137043;-1.169299;-0.994096;-1.106662;
0.049250;0.387409;-0.228187;-0.137196;-1.171507;-0.996980;-1.109294;
0.049260;0.387922;-0.228663;-0.137348;-1.173704;-0.999854;-1.111915;
0.049270;0.388432;-0.229136;-0.137498;-1.175889;-1.002718;-1.114525;
0.049280;0.388937;-0.229607;-0.137647;-1.178063;-1.005572;-1.117124;
0.049290;0.389439;-0.230075;-0.137794;-1.180226;-1.008417;-1.119712;
0.049300;0.389937;-0.230542;-0.137941;-1.182377;-1.011251;-1.122289;
0.049310;0.390431;-0.231006;-0.138085;-1.184517;-1.014075;-1.124854;
0.049320;0.390921;-0.231467;-0.138229;-1.186645;-1.016889;-1.127409;
0.049330;0.391408;-0.231927;-0.138371;-1.188762;-1.019693;-1.129952;
0.049340;0.391890;-0.232384;-0.138511;-1.190867;-1.022487;-1.132484;
0.049350;0.392369;-0.232839;-0.138650;-1.192961;-1.025270;-1.135004;
0.049360;0.392844;-0.233291;-0.138788;-1.195043;-1.028043;-1.137514;
0.049370;0.393315;-0.233742;-0.138925;-1.197114;-1.030807;-1.140012;
0.049380;0.393782;-0.234189;-0.139060;-1.199173;-1.033560;-1.142498;
0.049390;0.394245;-0.234635;-0.139193;-1.201221;-1.036302;-1.144974;
0.049400;0.394705;-0.235078;-0.139326;-1.203256;-1.039034;-1.147438;
0.049410;0.395160;-0.235519;-0.139457;-1.205281;-1.041756;-1.149890;
0.049420;0.395612;-0.235958;-0.139586;-1.207293;-1.044468;-1.152331;
0.049430;0.396059;-0.236394;-0.139714;-1.209294;-1.047169;-1.154761;
0.049440;0.396503;-0.236828;-0.139841;-1.211284;-1.049860;-1.157179;
0.049450;0.396943;-0.237259;-0.139966;-1.213261;-1.052540;-1.159585;
0.049460;0.397379;-0.237689;-0.140090;-1.215227;-1.055210;-1.161980;
0.049470;0.397811;-0.238115;-0.140213;-1.217181;-1.057870;-1.164364;
0.049480;0.398239;-0.238540;-0.140334;-1.219124;-1.060518;-1.166736;
0.049490;0.398664;-0.238962;-0.140454;-1.221054;-1.063157;-1.169096;
0.049500;0.399084;-0.239382;-0.140572;-1.222973;-1.065785;-1.171444;
0.049510;0.399500;-0.239799;-0.140689;-1.224880;-1.068402;-1.173781;
0.049520;0.399913;-0.240214;-0.140805;-1.226775;-1.071008;-1.176107;
0.049530;0.400321;-0.240627;-0.140919;-1.228659;-1.073604;-1.178420;
0.049540;0.400725;-0.241037;-0.141032;-1.230530;-1.076190;-1.180722;
0.049550;0.401126;-0.241445;-0.141144;-1.232390;-1.078764;-1.183012;
0.049560;0.401523;-0.241851;-0.141254;-1.234238;-1.081328;-1.185290;
0.049570;0.401915;-0.242254;-0.141362;-1.236074;-1.083881;-1.187557;
0.049580;0.402304;-0.242655;-0.141470;-1.237897;-1.086424;-1.189812;
0.049590;0.402689;-0.243053;-0.141576;-1.239709;-1.088955;-1.192055;
0.049600;0.403069;-0.243450;-0.141680;-1.241509;-1.091476;-1.194286;
0.049610;0.403446;-0.243843;-0.141783;-1.243297;-1.093986;-1.196505;
0.049620;0.403819;-0.244234;-0.141885;-1.245073;-1.096485;-1.198712;
0.049630;0.404187;-0.244623;-0.141985;-1.246837;-1.098974;-1.200908;
0.049640;0.404552;-0.245010;-0.142084;-1.248589;-1.101451;-1.203091;
0.049650;0.404913;-0.245394;-0.142182;-1.250329;-1.103918;-1.205263;
0.049660;0.405269;-0.245776;-0.142278;-1.252056;-1.106373;-1.207422;
0.049670;0.405622;-0.246155;-0.142373;-1.253772;-1.108818;-1.209570;
0.049680;0.405971;-0.246532;-0.142467;-1.255475;-1.111251;-1.211706;
0.049690;0.406316;-0.246906;-0.142559;-1.257166;-1.113674;-1.213829;
0.049700;0.406656;-0.247278;-0.142649;-1.258845;-1.116086;-1.215941;
0.049710;0.406993;-0.247648;-0.142739;-1.260512;-1.118486;-1.218040;
0.049720;0.407325;-0.248015;-0.142826;-1.262167;-1.120876;-1.220128;
0.049730;0.407654;-0.248380;-0.142913;-1.263809;-1.123254;-1.222203;
0.049740;0.407978;-0.248742;-0.142998;-1.265439;-1.125621;-1.224266;
0.049750;0.408299;-0.249102;-0.143082;-1.267057;-1.127978;-1.226317;
0.049760;0.408615;-0.249459;-0.143164;-1.268662;-1.130323;-1.228356;
0.049770;0.408928;-0.249814;-0.143245;-1.270255;-1.132657;-1.230383;
0.049780;0.409236;-0.250167;-0.143325;-1.271836;-1.134979;-1.232397;
0.049790;0.409540;-0.250517;-0.143403;-1.273404;-1.137291;-1.234400;
0.049800;0.409841;-0.250865;-0.143480;-1.274960;-1.139591;-1.236390;
0.049810;0.410137;-0.251210;-0.143555;-1.276503;-1.141880;-1.238368;
0.049820;0.410429;-0.251553;-0.143629;-1.278034;-1.144158;-1.240334;
0.049830;0.410717;-0.251893;-0.143702;-1.279553;-1.146424;-1.242287;
0.049840;0.411001;-0.252231;-0.143773;-1.281058;-1.148679;-1.244228;
0.049850;0.411281;-0.252566;-0.143843;-1.282552;-1.150923;-1.246157;
0.049860;0.411556;-0.252899;-0.143911;-1.284033;-1.153156;-1.248074;
0.049870;0.411828;-0.253230;-0.143978;-1.285501;-1.155377;-1.249978;
0.049880;0.412096;-0.253558;-0.144044;-1.286957;-1.157587;-1.251870;
0.049890;0.412359;-0.253883;-0.144108;-1.288400;-1.159785;-1.253749;
0.049900;0.412619;-0.254206;-0.144171;-1.289830;-1.161972;-1.255616;
0.049910;0.412874;-0.254527;-0.144233;-1.291248;-1.164147;-1.257471;
0.049920;0.413125;-0.254845;-0.144293;-1.292653;-1.166311;-1.259313;
0.049930;0.413372;-0.255161;-0.144351;-1.294045;-1.168464;-1.261143;
0.049940;0.413615;-0.255474;-0.144409;-1.295425;-1.170605;-1.262961;
0.049950;0.413854;-0.255784;-0.144465;-1.296792;-1.172734;-1.264766;
0.049960;0.414089;-0.256093;-0.144519;-1.298146;-1.174852;-1.266558;
0.049970;0.414320;-0.256398;-0.144572;-1.299487;-1.176959;-1.268338;
0.049980;0.414546;-0.256701;-0.144624;-1.300816;-1.179054;-1.270106;
0.049990;0.414769;-0.257002;-0.144674;-1.302132;-1.181137;-1.271861;
0.050000;0.414987;-0.257300;-0.144723;-1.303434;-1.183209;-1.273604;
0.050010;0.415201;-0.257596;-0.144771;-1.304724;-1.185269;-1.275334;
0.050020;0.415411;-0.257889;-0.144817;-1.306001;-1.187317;-1.277051;
0.050030;0.415617;-0.258179;-0.144862;-1.307266;-1.189354;-1.278756;
0.050040;0.415819;-0.258467;-0.144905;-1.308517;-1.191379;-1.280448;
0.050050;0.416017;-0.258753;-0.144947;-1.309755;-1.193392;-1.282128;
0.050060;0.416211;-0.259036;-0.144988;-1.310980;-1.195394;-1.283795;
0.050070;0.416400;-0.259316;-0.145027;-1.312192;-1.197383;-1.285450;
0.050080;0.416585;-0.259594;-0.145065;-1.313391;-1.199361;-1.287092;
0.050090;0.416767;-0.259870;-0.145101;-1.314578;-1.201328;-1.288721;
0.050100;0.416944;-0.260143;-0.145136;-1.315751;-1.203282;-1.290337;
0.050110;0.417117;-0.260413;-0.145169;-1.316911;-1.205225;-1.291941;
0.050120;0.417286;-0.260681;-0.145202;-1.318057;-1.207156;-1.293532;
0.050130;0.417450;-0.260946;-0.145232;-1.319191;-1.209075;-1.295111;
0.050140;0.417611;-0.261209;-0.145262;-1.320312;-1.210982;-1.296677;
0.050150;0.417767;-0.261469;-0.145289;-1.321419;-1.212877;-1.298230;
0.050160;0.417919;-0.261726;-0.145316;-1.322514;-1.214761;-1.299770;
0.050170;0.418067;-0.261981;-0.145341;-1.323595;-1.216632;-1.301297;
0.050180;0.418211;-0.262234;-0.145365;-1.324663;-1.218492;-1.302812;
0.050190;0.418351;-0.262484;-0.145387;-1.325717;-1.220339;-1.304314;
0.050200;0.418487;-0.262731;-0.145408;-1.326759;-1.222175;-1.305803;
0.050210;0.418618;-0.262976;-0.145427;-1.327787;-1.223999;-1.307280;
0.050220;0.418746;-0.263218;-0.145445;-1.328802;-1.225810;-1.308743;
0.050230;0.418869;-0.263457;-0.145462;-1.329803;-1.227610;-1.310194;
0.050240;0.418988;-0.263694;-0.145477;-1.330792;-1.229397;-1.311632;
0.050250;0.419103;-0.263929;-0.145491;-1.331767;-1.231173;-1.313057;
0.050260;0.419214;-0.264161;-0.145503;-1.332728;-1.232936;-1.314469;
0.050270;0.419320;-0.264390;-0.145514;-1.333677;-1.234687;-1.315868;
0.050280;0.419423;-0.264617;-0.145524;-1.334612;-1.236427;-1.317254;
0.050290;0.419521;-0.264841;-0.145532;-1.335533;-1.238154;-1.318628;
0.050300;0.419615;-0.265062;-0.145539;-1.336441;-1.239869;-1.319988;
0.050310;0.419705;-0.265281;-0.145544;-1.337336;-1.241571;-1.321336;
0.050320;0.419791;-0.265497;-0.145548;-1.338217;-1.243262;-1.322670;
0.050330;0.419873;-0.265711;-0.145550;-1.339085;-1.244940;-1.323992;
0.050340;0.419950;-0.265922;-0.145551;-1.339940;-1.246606;-1.325300;
0.050350;0.420024;-0.266130;-0.145551;-1.340781;-1.248260;-1.326596;
0.050360;0.420093;-0.266336;-0.145549;-1.341608;-1.249902;-1.327878;
0.050370;0.420158;-0.266539;-0.145545;-1.342423;-1.251531;-1.329148;
0.050380;0.420219;-0.266739;-0.145541;-1.343223;-1.253148;-1.330405;
0.050390;0.420276;-0.266937;-0.145534;-1.344010;-1.254753;-1.331648;
0.050400;0.420329;-0.267132;-0.145527;-1.344784;-1.256346;-1.332879;
0.050410;0.420377;-0.267325;-0.145518;-1.345544;-1.257926;-1.334096;
0.050420;0.420421;-0.267515;-0.145507;-1.346291;-1.259494;-1.335300;
0.050430;0.420462;-0.267702;-0.145495;-1.347024;-1.261049;-1.336491;
0.050440;0.420498;-0.267887;-0.145482;-1.347744;-1.262592;-1.337669;
0.050450;0.420529;-0.268069;-0.145467;-1.348450;-1.264123;-1.338834;
0.050460;0.420557;-0.268248;-0.145451;-1.349142;-1.265641;-1.339986;
0.050470;0.420581;-0.268425;-0.145434;-1.349821;-1.267147;-1.341125;
0.050480;0.420600;-0.268599;-0.145414;-1.350487;-1.268640;-1.342250;
0.050490;0.420615;-0.268771;-0.145394;-1.351139;-1.270121;-1.343363;
0.050500;0.420627;-0.268939;-0.145372;-1.351777;-1.271589;-1.344462;
0.050510;0.420634;-0.269105;-0.145349;-1.352402;-1.273045;-1.345548;
0.050520;0.420636;-0.269269;-0.145324;-1.353013;-1.274489;-1.346621;
0.050530;0.420635;-0.269430;-0.145297;-1.353610;-1.275920;-1.347680;
0.050540;0.420630;-0.269588;-0.145270;-1.354194;-1.277338;-1.348727;
0.050550;0.420620;-0.269743;-0.145240;-1.354765;-1.278744;-1.349760;
0.050560;0.420606;-0.269896;-0.145210;-1.355322;-1.280137;-1.350779;
0.050570;0.420588;-0.270046;-0.145178;-1.355865;-1.281517;-1.351786;
0.050580;0.420566;-0.270193;-0.145144;-1.356395;-1.282885;-1.352779;
0.050590;0.420540;-0.270338;-0.145109;-1.356911;-1.284241;-1.353759;
0.050600;0.420510;-0.270480;-0.145073;-1.357413;-1.285583;-1.354726;
0.050610;0.420475;-0.270619;-0.145035;-1.357902;-1.286913;-1.355679;
0.050620;0.420437;-0.270756;-0.144996;-1.358377;-1.288231;-1.356619;
0.050630;0.420394;-0.270890;-0.144955;-1.358839;-1.289535;-1.357546;
0.050640;0.420347;-0.271021;-0.144913;-1.359287;-1.290827;-1.358459;
0.050650;0.420296;-0.271150;-0.144869;-1.359722;-1.292106;-1.359359;
0.050660;0.420241;-0.271276;-0.144824;-1.360142;-1.293373;-1.360246;
0.050670;0.420182;-0.271399;-0.144777;-1.360550;-1.294627;-1.361119;
0.050680;0.420118;-0.271519;-0.144729;-1.360944;-1.295868;-1.361979;
0.050690;0.420051;-0.271637;-0.144680;-1.361324;-1.297096;-1.362826;
0.050700;0.419979;-0.271752;-0.144629;-1.361690;-1.298311;-1.363659;
0.050710;0.419903;-0.271865;-0.144577;-1.362043;-1.299514;-1.364478;
0.050720;0.419823;-0.271974;-0.144523;-1.362382;-1.300704;-1.365284;
0.050730;0.419739;-0.272081;-0.144468;-1.362708;-1.301881;-1.366077;
0.050740;0.419651;-0.272186;-0.144411;-1.363020;-1.303045;-1.366856;
0.050750;0.419559;-0.272287;-0.144353;-1.363319;-1.304196;-1.367622;
0.050760;0.419462;-0.272386;-0.144293;-1.363604;-1.305334;-1.368374;
0.050770;0.419362;-0.272482;-0.144232;-1.363876;-1.306460;-1.369113;
0.050780;0.419257;-0.272576;-0.144170;-1.364134;-1.307572;-1.369839;
0.050790;0.419148;-0.272666;-0.144106;-1.364378;-1.308672;-1.370551;
0.050800;0.419035;-0.272754;-0.144040;-1.364609;-1.309759;-1.371249;
0.050810;0.418918;-0.272840;-0.143974;-1.364826;-1.310832;-1.371934;
0.050820;0.418797;-0.272922;-0.143905;-1.365030;-1.311893;-1.372605;
0.050830;0.418672;-0.273002;-0.143836;-1.365220;-1.312941;-1.373263;
0.050840;0.418542;-0.273079;-0.143764;-1.365397;-1.313976;-1.373907;
0.050850;0.418409;-0.273153;-0.143692;-1.365560;-1.314998;-1.374537;
0.050860;0.418271;-0.273225;-0.143618;-1.365709;-1.316007;-1.375154;
0.050870;0.418130;-0.273294;-0.143542;-1.365845;-1.317003;-1.375758;
0.050880;0.417984;-0.273360;-0.143465;-1.365968;-1.317986;-1.376348;
0.050890;0.417834;-0.273424;-0.143387;-1.366077;-1.318955;-1.376924;
0.050900;0.417680;-0.273485;-0.143307;-1.366173;-1.319912;-1.377487;
0.050910;0.417522;-0.273543;-0.143226;-1.366255;-1.320856;-1.378036;
0.050920;0.417359;-0.273598;-0.143143;-1.366323;-1.321786;-1.378571;
0.050930;0.417193;-0.273651;-0.143059;-1.366378;-1.322704;-1.379093;
0.050940;0.417023;-0.273700;-0.142973;-1.366420;-1.323608;-1.379601;
0.050950;0.416848;-0.273748;-0.142886;-1.366448;-1.324500;-1.380095;
0.050960;0.416670;-0.273792;-0.142798;-1.366463;-1.325378;-1.380576;
0.050970;0.416487;-0.273834;-0.142708;-1.366464;-1.326243;-1.381043;
0.050980;0.416300;-0.273873;-0.142616;-1.366452;-1.327095;-1.381497;
0.050990;0.416109;-0.273909;-0.142524;-1.366426;-1.327934;-1.381937;
0.051000;0.415914;-0.273942;-0.142429;-1.366387;-1.328759;-1.382363;
0.051010;0.415715;-0.273973;-0.142334;-1.366335;-1.329572;-1.382775;
0.051020;0.415512;-0.274001;-0.142237;-1.366269;-1.330371;-1.383174;
0.051030;0.415305;-0.274027;-0.142138;-1.366190;-1.331157;-1.383559;
0.051040;0.415093;-0.274049;-0.142038;-1.366097;-1.331930;-1.383931;
0.051050;0.414878;-0.274069;-0.141937;-1.365991;-1.332690;-1.384288;
0.051060;0.414659;-0.274086;-0.141834;-1.365871;-1.333436;-1.384632;
0.051070;0.414435;-0.274101;-0.141730;-1.365738;-1.334170;-1.384962;
0.051080;0.414207;-0.274112;-0.141624;-1.365592;-1.334890;-1.385279;
0.051090;0.413976;-0.274121;-0.141517;-1.365433;-1.335596;-1.385582;
0.051100;0.413740;-0.274128;-0.141409;-1.365260;-1.336290;-1.385871;
0.051110;0.413500;-0.274131;-0.141299;-1.365073;-1.336970;-1.386146;
0.051120;0.413256;-0.274132;-0.141188;-1.364874;-1.337637;-1.386408;
0.051130;0.413008;-0.274130;-0.141075;-1.364661;-1.338291;-1.386655;
0.051140;0.412756;-0.274125;-0.140961;-1.364434;-1.338932;-1.386889;
0.051150;0.412500;-0.274118;-0.140845;-1.364195;-1.339559;-1.387110;
0.051160;0.412240;-0.274108;-0.140728;-1.363942;-1.340173;-1.387316;
0.051170;0.411976;-0.274095;-0.140610;-1.363676;-1.340774;-1.387509;
0.051180;0.411708;-0.274080;-0.140490;-1.363396;-1.341361;-1.387688;
0.051190;0.411435;-0.274061;-0.140369;-1.363103;-1.341935;-1.387853;
0.051200;0.411159;-0.274040;-0.140246;-1.362797;-1.342496;-1.388005;
0.051210;0.410879;-0.274017;-0.140123;-1.362478;-1.343043;-1.388142;
0.051220;0.410594;-0.273990;-0.139997;-1.362145;-1.343578;-1.388266;
0.051230;0.410306;-0.273961;-0.139870;-1.361799;-1.344098;-1.388377;
0.051240;0.410013;-0.273929;-0.139742;-1.361440;-1.344606;-1.388473;
0.051250;0.409717;-0.273895;-0.139613;-1.361067;-1.345100;-1.388556;
0.051260;0.409416;-0.273858;-0.139482;-1.360682;-1.345581;-1.388624;
0.051270;0.409112;-0.273818;-0.139350;-1.360283;-1.346048;-1.388679;
0.051280;0.408803;-0.273775;-0.139216;-1.359871;-1.346503;-1.388721;
0.051290;0.408490;-0.273730;-0.139081;-1.359445;-1.346943;-1.388748;
0.051300;0.408174;-0.273682;-0.138944;-1.359007;-1.347371;-1.388762;
0.051310;0.407853;-0.273631;-0.138807;-1.358555;-1.347785;-1.388762;
0.051320;0.407528;-0.273577;-0.138667;-1.358090;-1.348186;-1.388748;
0.051330;0.407199;-0.273521;-0.138527;-1.357611;-1.348573;-1.388720;
0.051340;0.406867;-0.273462;-0.138385;-1.357120;-1.348947;-1.388679;
0.051350;0.406530;-0.273401;-0.138242;-1.356615;-1.349307;-1.388624;
0.051360;0.406189;-0.273336;-0.138097;-1.356097;-1.349655;-1.388555;
0.051370;0.405844;-0.273269;-0.137951;-1.355566;-1.349989;-1.388472;
0.051380;0.405496;-0.273200;-0.137803;-1.355022;-1.350309;-1.388376;
0.051390;0.405143;-0.273127;-0.137655;-1.354465;-1.350616;-1.388265;
0.051400;0.404786;-0.273052;-0.137505;-1.353894;-1.350910;-1.388141;
0.051410;0.404425;-0.272975;-0.137353;-1.353311;-1.351190;-1.388003;
0.051420;0.404060;-0.272894;-0.137200;-1.352714;-1.351457;-1.387852;
0.051430;0.403692;-0.272811;-0.137046;-1.352104;-1.351711;-1.387686;
0.051440;0.403319;-0.272725;-0.136891;-1.351481;-1.351951;-1.387507;
0.051450;0.402942;-0.272637;-0.136734;-1.350845;-1.352178;-1.387314;
0.051460;0.402561;-0.272546;-0.136576;-1.350195;-1.352391;-1.387108;
0.051470;0.402177;-0.272452;-0.136416;-1.349533;-1.352591;-1.386887;
0.051480;0.401788;-0.272355;-0.136255;-1.348857;-1.352778;-1.386653;
0.051490;0.401395;-0.272256;-0.136093;-1.348168;-1.352951;-1.386405;
0.051500;0.400999;-0.272154;-0.135929;-1.347466;-1.353111;-1.386144;
0.051510;0.400598;-0.272049;-0.135765;-1.346751;-1.353258;-1.385868;
0.051520;0.400194;-0.271942;-0.135598;-1.346023;-1.353391;-1.385579;
0.051530;0.399785;-0.271832;-0.135431;-1.345282;-1.353510;-1.385276;
0.051540;0.399373;-0.271720;-0.135262;-1.344527;-1.353617;-1.384960;
0.051550;0.398956;-0.271604;-0.135092;-1.343760;-1.353710;-1.384630;
0.051560;0.398536;-0.271487;-0.134920;-1.342979;-1.353789;-1.384286;
0.051570;0.398112;-0.271366;-0.134747;-1.342186;-1.353855;-1.383928;
0.051580;0.397683;-0.271243;-0.134573;-1.341379;-1.353908;-1.383557;
0.051590;0.397251;-0.271117;-0.134398;-1.340559;-1.353948;-1.383171;
0.051600;0.396815;-0.270988;-0.134221;-1.339726;-1.353974;-1.382773;
0.051610;0.396375;-0.270857;-0.134043;-1.338880;-1.353986;-1.382360;
0.051620;0.395931;-0.270723;-0.133864;-1.338021;-1.353986;-1.381934;
0.051630;0.395483;-0.270587;-0.133683;-1.337149;-1.353972;-1.381494;
0.051640;0.395031;-0.270447;-0.133501;-1.336264;-1.353944;-1.381041;
0.051650;0.394576;-0.270306;-0.133318;-1.335366;-1.353903;-1.380574;
0.051660;0.394116;-0.270161;-0.133133;-1.334454;-1.353849;-1.380093;
0.051670;0.393653;-0.270014;-0.132947;-1.333530;-1.353782;-1.379598;
0.051680;0.393185;-0.269864;-0.132760;-1.332593;-1.353701;-1.379090;
0.051690;0.392714;-0.269712;-0.132572;-1.331642;-1.353606;-1.378569;
0.051700;0.392239;-0.269557;-0.132382;-1.330679;-1.353499;-1.378033;
0.051710;0.391760;-0.269399;-0.132191;-1.329702;-1.353378;-1.377485;
0.051720;0.391277;-0.269239;-0.131999;-1.328713;-1.353243;-1.376922;
0.051730;0.390790;-0.269076;-0.131805;-1.327710;-1.353096;-1.376346;
0.051740;0.390299;-0.268910;-0.131610;-1.326694;-1.352935;-1.375756;
0.051750;0.389804;-0.268742;-0.131414;-1.325666;-1.352760;-1.375153;
0.051760;0.389306;-0.268571;-0.131217;-1.324624;-1.352573;-1.374536;
0.051770;0.388804;-0.268398;-0.131018;-1.323569;-1.352372;-1.373906;
0.051780;0.388297;-0.268221;-0.130818;-1.322501;-1.352157;-1.373262;
0.051790;0.387787;-0.268043;-0.130617;-1.321421;-1.351930;-1.372604;
0.051800;0.387274;-0.267861;-0.130415;-1.320327;-1.351689;-1.371933;
0.051810;0.386756;-0.267677;-0.130211;-1.319220;-1.351434;-1.371248;
0.051820;0.386234;-0.267491;-0.130006;-1.318100;-1.351167;-1.370550;
0.051830;0.385709;-0.267302;-0.129800;-1.316968;-1.350886;-1.369838;
0.051840;0.385180;-0.267110;-0.129592;-1.315822;-1.350592;-1.369113;
0.051850;0.384647;-0.266915;-0.129383;-1.314663;-1.350284;-1.368375;
0.051860;0.384110;-0.266718;-0.129173;-1.313492;-1.349963;-1.367622;
0.051870;0.383569;-0.266519;-0.128962;-1.312307;-1.349629;-1.366857;
0.051880;0.383025;-0.266316;-0.128750;-1.311109;-1.349282;-1.366078;
0.051890;0.382477;-0.266111;-0.128536;-1.309899;-1.348921;-1.365285;
0.051900;0.381924;-0.265904;-0.128321;-1.308675;-1.348547;-1.364479;
0.051910;0.381369;-0.265694;-0.128105;-1.307439;-1.348160;-1.363660;
0.051920;0.380809;-0.265481;-0.127887;-1.306189;-1.347760;-1.362827;
0.051930;0.380246;-0.265266;-0.127668;-1.304927;-1.347346;-1.361981;
0.051940;0.379679;-0.265048;-0.127448;-1.303651;-1.346919;-1.361121;
0.051950;0.379108;-0.264827;-0.127227;-1.302363;-1.346479;-1.360248;
0.051960;0.378533;-0.264604;-0.127005;-1.301062;-1.346025;-1.359362;
0.051970;0.377955;-0.264379;-0.126781;-1.299748;-1.345559;-1.358462;
0.051980;0.377372;-0.264150;-0.126556;-1.298421;-1.345079;-1.357549;
0.051990;0.376786;-0.263919;-0.126330;-1.297081;-1.344586;-1.356622;
0.052000;0.376197;-0.263686;-0.126103;-1.295728;-1.344079;-1.355682;
0.052010;0.375603;-0.263450;-0.125874;-1.294363;-1.343560;-1.354729;
0.052020;0.375006;-0.263211;-0.125644;-1.292984;-1.343027;-1.353762;
0.052030;0.374406;-0.262970;-0.125413;-1.291593;-1.342481;-1.352783;
0.052040;0.373801;-0.262726;-0.125181;-1.290189;-1.341922;-1.351790;
0.052050;0.373193;-0.262480;-0.124948;-1.288772;-1.341349;-1.350783;
0.052060;0.372581;-0.262231;-0.124713;-1.287342;-1.340764;-1.349763;
0.052070;0.371965;-0.261980;-0.124477;-1.285899;-1.340165;-1.348730;
0.052080;0.371346;-0.261726;-0.124240;-1.284443;-1.339553;-1.347684;
0.052090;0.370723;-0.261469;-0.124002;-1.282975;-1.338928;-1.346625;
0.052100;0.370096;-0.261210;-0.123762;-1.281494;-1.338290;-1.345552;
0.052110;0.369466;-0.260948;-0.123521;-1.280000;-1.337638;-1.344466;
0.052120;0.368832;-0.260684;-0.123280;-1.278493;-1.336974;-1.343367;
0.052130;0.368195;-0.260417;-0.123036;-1.276974;-1.336296;-1.342255;
0.052140;0.367553;-0.260147;-0.122792;-1.275441;-1.335605;-1.341129;
0.052150;0.366908;-0.259875;-0.122547;-1.273897;-1.334901;-1.339991;
0.052160;0.366260;-0.259601;-0.122300;-1.272339;-1.334184;-1.338839;
0.052170;0.365608;-0.259324;-0.122052;-1.270768;-1.333454;-1.337674;
0.052180;0.364952;-0.259044;-0.121803;-1.269185;-1.332711;-1.336496;
0.052190;0.364293;-0.258762;-0.121552;-1.267589;-1.331954;-1.335304;
0.052200;0.363630;-0.258477;-0.121301;-1.265981;-1.331185;-1.334100;
0.052210;0.362963;-0.258190;-0.121048;-1.264360;-1.330402;-1.332883;
0.052220;0.362293;-0.257900;-0.120794;-1.262726;-1.329607;-1.331652;
0.052230;0.361619;-0.257607;-0.120539;-1.261080;-1.328798;-1.330408;
0.052240;0.360942;-0.257312;-0.120283;-1.259421;-1.327976;-1.329152;
0.052250;0.360261;-0.257015;-0.120025;-1.257749;-1.327141;-1.327882;
0.052260;0.359576;-0.256715;-0.119767;-1.256065;-1.326294;-1.326599;
0.052270;0.358888;-0.256412;-0.119507;-1.254368;-1.325433;-1.325303;
0.052280;0.358197;-0.256107;-0.119246;-1.252659;-1.324559;-1.323995;
0.052290;0.357502;-0.255800;-0.118984;-1.250937;-1.323672;-1.322673;
0.052300;0.356803;-0.255489;-0.118721;-1.249202;-1.322772;-1.321338;
0.052310;0.356101;-0.255177;-0.118456;-1.247455;-1.321859;-1.319990;
0.052320;0.355395;-0.254862;-0.118190;-1.245696;-1.320933;-1.318629;
0.052330;0.354686;-0.254544;-0.117924;-1.243924;-1.319994;-1.317256;
0.052340;0.353974;-0.254224;-0.117656;-1.242140;-1.319042;-1.315869;
0.052350;0.353257;-0.253901;-0.117386;-1.240343;-1.318077;-1.314469;
0.052360;0.352538;-0.253576;-0.117116;-1.238534;-1.317099;-1.313057;
0.052370;0.351815;-0.253248;-0.116845;-1.236712;-1.316108;-1.311631;
0.052380;0.351088;-0.252918;-0.116572;-1.234878;-1.315104;-1.310193;
0.052390;0.350358;-0.252585;-0.116298;-1.233032;-1.314088;-1.308742;
0.052400;0.349625;-0.252250;-0.116023;-1.231173;-1.313058;-1.307278;
0.052410;0.348888;-0.251912;-0.115747;-1.229302;-1.312015;-1.305801;
0.052420;0.348147;-0.251572;-0.115470;-1.227419;-1.310960;-1.304311;
0.052430;0.347403;-0.251229;-0.115191;-1.225523;-1.309891;-1.302809;
0.052440;0.346656;-0.250884;-0.114912;-1.223615;-1.308810;-1.301293;
0.052450;0.345906;-0.250536;-0.114631;-1.221695;-1.307716;-1.299765;
0.052460;0.345152;-0.250186;-0.114349;-1.219763;-1.306608;-1.298224;
0.052470;0.344394;-0.249833;-0.114066;-1.217819;-1.305488;-1.296671;
0.052480;0.343633;-0.249478;-0.113782;-1.215862;-1.304356;-1.295104;
0.052490;0.342869;-0.249121;-0.113497;-1.213893;-1.303210;-1.293525;
0.052500;0.342101;-0.248760;-0.113210;-1.211912;-1.302051;-1.291933;
0.052510;0.341330;-0.248398;-0.112923;-1.209919;-1.300880;-1.290328;
0.052520;0.340556;-0.248033;-0.112634;-1.207914;-1.299696;-1.288711;
0.052530;0.339778;-0.247665;-0.112345;-1.205897;-1.298499;-1.287081;
0.052540;0.338997;-0.247295;-0.112054;-1.203868;-1.297289;-1.285438;
0.052550;0.338213;-0.246923;-0.111762;-1.201827;-1.296066;-1.283783;
0.052560;0.337425;-0.246548;-0.111468;-1.199774;-1.294831;-1.282115;
0.052570;0.336634;-0.246171;-0.111174;-1.197709;-1.293583;-1.280434;
0.052580;0.335840;-0.245791;-0.110879;-1.195631;-1.292322;-1.278741;
0.052590;0.335042;-0.245409;-0.110582;-1.193543;-1.291048;-1.277035;
0.052600;0.334241;-0.245024;-0.110285;-1.191442;-1.289762;-1.275317;
0.052610;0.333437;-0.244637;-0.109986;-1.189329;-1.288462;-1.273586;
0.052620;0.332630;-0.244248;-0.109686;-1.187205;-1.287150;-1.271842;
0.052630;0.331819;-0.243856;-0.109385;-1.185068;-1.285826;-1.270086;
0.052640;0.331005;-0.243461;-0.109083;-1.182920;-1.284489;-1.268318;
0.052650;0.330188;-0.243065;-0.108780;-1.180760;-1.283139;-1.266537;
0.052660;0.329367;-0.242665;-0.108476;-1.178589;-1.281776;-1.264743;
0.052670;0.328543;-0.242264;-0.108171;-1.176405;-1.280401;-1.262937;
0.052680;0.327716;-0.241860;-0.107864;-1.174211;-1.279013;-1.261118;
0.052690;0.326886;-0.241453;-0.107557;-1.172004;-1.277612;-1.259287;
0.052700;0.326053;-0.241045;-0.107248;-1.169786;-1.276199;-1.257444;
0.052710;0.325216;-0.240633;-0.106939;-1.167556;-1.274773;-1.255588;
0.052720;0.324376;-0.240220;-0.106628;-1.165315;-1.273335;-1.253720;
0.052730;0.323533;-0.239804;-0.106316;-1.163062;-1.271884;-1.251840;
0.052740;0.322687;-0.239385;-0.106003;-1.160797;-1.270420;-1.249947;
0.052750;0.321838;-0.238964;-0.105690;-1.158521;-1.268944;-1.248041;
0.052760;0.320985;-0.238541;-0.105375;-1.156234;-1.267455;-1.246124;
0.052770;0.320130;-0.238116;-0.105059;-1.153935;-1.265954;-1.244194;
0.052780;0.319271;-0.237688;-0.104741;-1.151625;-1.264440;-1.242251;
0.052790;0.318409;-0.237258;-0.104423;-1.149304;-1.262914;-1.240297;
0.052800;0.317544;-0.236825;-0.104104;-1.146971;-1.261375;-1.238330;
0.052810;0.316676;-0.236390;-0.103784;-1.144627;-1.259824;-1.236351;
0.052820;0.315805;-0.235953;-0.103463;-1.142271;-1.258260;-1.234360;
0.052830;0.314930;-0.235513;-0.103140;-1.139905;-1.256684;-1.232357;
0.052840;0.314053;-0.235071;-0.102817;-1.137527;-1.255095;-1.230341;
0.052850;0.313172;-0.234627;-0.102492;-1.135138;-1.253494;-1.228313;
0.052860;0.312289;-0.234180;-0.102167;-1.132737;-1.251881;-1.226273;
0.052870;0.311402;-0.233731;-0.101841;-1.130326;-1.250255;-1.224221;
0.052880;0.310512;-0.233279;-0.101513;-1.127904;-1.248617;-1.222157;
0.052890;0.309619;-0.232826;-0.101185;-1.125470;-1.246966;-1.220081;
0.052900;0.308723;-0.232370;-0.100855;-1.123025;-1.245303;-1.217992;
0.052910;0.307824;-0.231911;-0.100525;-1.120570;-1.243628;-1.215892;
0.052920;0.306923;-0.231451;-0.100193;-1.118103;-1.241941;-1.213779;
0.052930;0.306018;-0.230988;-0.099860;-1.115625;-1.240241;-1.211655;
0.052940;0.305110;-0.230523;-0.099527;-1.113137;-1.238529;-1.209518;
0.052950;0.304199;-0.230055;-0.099192;-1.110637;-1.236804;-1.207370;
0.052960;0.303285;-0.229585;-0.098857;-1.108127;-1.235067;-1.205209;
0.052970;0.302368;-0.229113;-0.098520;-1.105606;-1.233319;-1.203037;
0.052980;0.301448;-0.228639;-0.098183;-1.103074;-1.231557;-1.200853;
0.052990;0.300525;-0.228162;-0.097844;-1.100531;-1.229784;-1.198656;
0.053000;0.299599;-0.227684;-0.097505;-1.097978;-1.227999;-1.196448;
0.053010;0.298671;-0.227202;-0.097164;-1.095414;-1.226201;-1.194228;
0.053020;0.297739;-0.226719;-0.096823;-1.092839;-1.224391;-1.191997;
0.053030;0.296804;-0.226233;-0.096480;-1.090253;-1.222569;-1.189753;
0.053040;0.295867;-0.225746;-0.096137;-1.087657;-1.220735;-1.187498;
0.053050;0.294926;-0.225255;-0.095793;-1.085050;-1.218889;-1.185231;
0.053060;0.293983;-0.224763;-0.095447;-1.082432;-1.217030;-1.182952;
0.053070;0.293037;-0.224269;-0.095101;-1.079804;-1.215160;-1.180661;
0.053080;0.292088;-0.223772;-0.094754;-1.077166;-1.213278;-1.178359;
0.053090;0.291136;-0.223273;-0.094406;-1.074517;-1.211383;-1.176045;
0.053100;0.290181;-0.222771;-0.094057;-1.071857;-1.209477;-1.173719;
0.053110;0.289223;-0.222268;-0.093707;-1.069187;-1.207559;-1.171382;
0.053120;0.288263;-0.221762;-0.093356;-1.066507;-1.205628;-1.169033;
0.053130;0.287299;-0.221255;-0.093004;-1.063816;-1.203686;-1.166672;
0.053140;0.286333;-0.220745;-0.092651;-1.061115;-1.201732;-1.164300;
0.053150;0.285364;-0.220232;-0.092297;-1.058404;-1.199766;-1.161916;
0.053160;0.284392;-0.219718;-0.091943;-1.055682;-1.197788;-1.159521;
0.053170;0.283417;-0.219201;-0.091587;-1.052950;-1.195798;-1.157114;
0.053180;0.282440;-0.218683;-0.091231;-1.050208;-1.193796;-1.154696;
0.053190;0.281460;-0.218162;-0.090873;-1.047455;-1.191782;-1.152267;
0.053200;0.280477;-0.217639;-0.090515;-1.044693;-1.189757;-1.149825;
0.053210;0.279491;-0.217114;-0.090156;-1.041920;-1.187720;-1.147373;
0.053220;0.278502;-0.216586;-0.089796;-1.039137;-1.185671;-1.144909;
0.053230;0.277511;-0.216057;-0.089435;-1.036344;-1.183610;-1.142434;
0.053240;0.276517;-0.215525;-0.089073;-1.033541;-1.181538;-1.139947;
0.053250;0.275520;-0.214992;-0.088710;-1.030728;-1.179454;-1.137450;
0.053260;0.274521;-0.214456;-0.088347;-1.027905;-1.177358;-1.134941;
0.053270;0.273519;-0.213918;-0.087982;-1.025072;-1.175251;-1.132420;
0.053280;0.272514;-0.213378;-0.087617;-1.022229;-1.173132;-1.129889;
0.053290;0.271506;-0.212836;-0.087251;-1.019376;-1.171001;-1.127346;
0.053300;0.270496;-0.212291;-0.086884;-1.016513;-1.168859;-1.124792;
0.053310;0.269483;-0.211745;-0.086516;-1.013640;-1.166705;-1.122227;
0.053320;0.268468;-0.211197;-0.086147;-1.010757;-1.164540;-1.119650;
0.053330;0.267449;-0.210646;-0.085777;-1.007865;-1.162363;-1.117063;
0.053340;0.266428;-0.210093;-0.085407;-1.004962;-1.160174;-1.114465;
0.053350;0.265405;-0.209539;-0.085036;-1.002050;-1.157974;-1.111855;
0.053360;0.264379;-0.208982;-0.084664;-0.999128;-1.155763;-1.109235;
0.053370;0.263350;-0.208423;-0.084291;-0.996197;-1.153540;-1.106603;
0.053380;0.262319;-0.207863;-0.083917;-0.993256;-1.151306;-1.103961;
0.053390;0.261285;-0.207300;-0.083542;-0.990305;-1.149061;-1.101307;
0.053400;0.260248;-0.206735;-0.083167;-0.987344;-1.146804;-1.098643;
0.053410;0.259209;-0.206168;-0.082791;-0.984374;-1.144535;-1.095968;
0.053420;0.258167;-0.205599;-0.082414;-0.981394;-1.142256;-1.093282;
0.053430;0.257123;-0.205028;-0.082036;-0.978405;-1.139965;-1.090585;
0.053440;0.256076;-0.204455;-0.081657;-0.975406;-1.137663;-1.087878;
0.053450;0.255027;-0.203880;-0.081278;-0.972398;-1.135349;-1.085159;
0.053460;0.253975;-0.203303;-0.080898;-0.969380;-1.133025;-1.082430;
0.053470;0.252921;-0.202724;-0.080517;-0.966353;-1.130689;-1.079690;
0.053480;0.251864;-0.202143;-0.080135;-0.963316;-1.128342;-1.076940;
0.053490;0.250805;-0.201560;-0.079753;-0.960270;-1.125984;-1.074178;
0.053500;0.249743;-0.200975;-0.079369;-0.957214;-1.123615;-1.071407;
0.053510;0.248679;-0.200388;-0.078985;-0.954150;-1.121234;-1.068624;
0.053520;0.247612;-0.199800;-0.078600;-0.951075;-1.118843;-1.065831;
0.053530;0.246543;-0.199209;-0.078215;-0.947992;-1.116441;-1.063028;
0.053540;0.245471;-0.198616;-0.077829;-0.944899;-1.114027;-1.060214;
0.053550;0.244397;-0.198021;-0.077441;-0.941797;-1.111603;-1.057389;
0.053560;0.243320;-0.197425;-0.077054;-0.938686;-1.109167;-1.054554;
0.053570;0.242241;-0.196826;-0.076665;-0.935566;-1.106721;-1.051709;
0.053580;0.241160;-0.196226;-0.076276;-0.932436;-1.104264;-1.048853;
0.053590;0.240076;-0.195623;-0.075886;-0.929297;-1.101796;-1.045987;
0.053600;0.238990;-0.195019;-0.075495;-0.926150;-1.099317;-1.043110;
0.053610;0.237902;-0.194413;-0.075103;-0.922993;-1.096827;-1.040224;
0.053620;0.236811;-0.193804;-0.074711;-0.919827;-1.094326;-1.037327;
0.053630;0.235718;-0.193194;-0.074318;-0.916652;-1.091815;-1.034419;
0.053640;0.234622;-0.192582;-0.073924;-0.913468;-1.089292;-1.031502;
0.053650;0.233524;-0.191969;-0.073530;-0.910275;-1.086759;-1.028574;
0.053660;0.232424;-0.191353;-0.073135;-0.907073;-1.084216;-1.025636;
0.053670;0.231321;-0.190735;-0.072739;-0.903862;-1.081661;-1.022688;
0.053680;0.230217;-0.190116;-0.072343;-0.900642;-1.079096;-1.019730;
0.053690;0.229110;-0.189495;-0.071945;-0.897414;-1.076521;-1.016762;
0.053700;0.228000;-0.188872;-0.071548;-0.894176;-1.073934;-1.013784;
0.053710;0.226889;-0.188247;-0.071149;-0.890930;-1.071338;-1.010796;
0.053720;0.225775;-0.187620;-0.070750;-0.887675;-1.068730;-1.007798;
0.053730;0.224659;-0.186991;-0.070350;-0.884411;-1.066112;-1.004790;
0.053740;0.223540;-0.186361;-0.069949;-0.881138;-1.063484;-1.001772;
0.053750;0.222420;-0.185728;-0.069548;-0.877857;-1.060845;-0.998745;
0.053760;0.221297;-0.185094;-0.069146;-0.874567;-1.058196;-0.995707;
0.053770;0.220172;-0.184458;-0.068743;-0.871269;-1.055536;-0.992660;
0.053780;0.219045;-0.183820;-0.068340;-0.867961;-1.052866;-0.989602;
0.053790;0.217916;-0.183181;-0.067936;-0.864645;-1.050186;-0.986536;
0.053800;0.216784;-0.182540;-0.067531;-0.861321;-1.047495;-0.983459;
0.053810;0.215650;-0.181896;-0.067126;-0.857988;-1.044794;-0.980373;
0.053820;0.214515;-0.181252;-0.066720;-0.854647;-1.042082;-0.977277;
0.053830;0.213377;-0.180605;-0.066314;-0.851297;-1.039361;-0.974171;
0.053840;0.212237;-0.179956;-0.065907;-0.847938;-1.036629;-0.971056;
0.053850;0.211095;-0.179306;-0.065499;-0.844571;-1.033887;-0.967931;
0.053860;0.209950;-0.178654;-0.065090;-0.841196;-1.031135;-0.964797;
0.053870;0.208804;-0.178001;-0.064681;-0.837813;-1.028372;-0.961654;
0.053880;0.207656;-0.177345;-0.064272;-0.834421;-1.025600;-0.958500;
0.053890;0.206505;-0.176688;-0.063861;-0.831020;-1.022817;-0.955338;
0.053900;0.205353;-0.176029;-0.063450;-0.827612;-1.020025;-0.952166;
0.053910;0.204198;-0.175368;-0.063039;-0.824195;-1.017222;-0.948985;
0.053920;0.203042;-0.174706;-0.062627;-0.820770;-1.014410;-0.945794;
0.053930;0.201883;-0.174042;-0.062214;-0.817337;-1.011587;-0.942594;
0.053940;0.200722;-0.173376;-0.061801;-0.813895;-1.008755;-0.939385;
0.053950;0.199560;-0.172709;-0.061387;-0.810446;-1.005912;-0.936167;
0.053960;0.198395;-0.172039;-0.060972;-0.806988;-1.003060;-0.932939;
0.053970;0.197229;-0.171369;-0.060557;-0.803523;-1.000198;-0.929702;
0.053980;0.196060;-0.170696;-0.060141;-0.800049;-0.997326;-0.926456;
0.053990;0.194890;-0.170022;-0.059725;-0.796567;-0.994444;-0.923201;
0.054000;0.193717;-0.169346;-0.059308;-0.793078;-0.991552;-0.919937;
0.054010;0.192543;-0.168668;-0.058891;-0.789580;-0.988651;-0.916664;
0.054020;0.191367;-0.167989;-0.058473;-0.786075;-0.985740;-0.913382;
0.054030;0.190189;-0.167308;-0.058054;-0.782561;-0.982819;-0.910091;
0.054040;0.189009;-0.166626;-0.057635;-0.779040;-0.979889;-0.906791;
0.054050;0.187827;-0.165942;-0.057215;-0.775511;-0.976949;-0.903482;
0.054060;0.186643;-0.165256;-0.056795;-0.771974;-0.973999;-0.900164;
0.054070;0.185458;-0.164568;-0.056374;-0.768429;-0.971040;-0.896838;
0.054080;0.184271;-0.163879;-0.055952;-0.764877;-0.968071;-0.893503;
0.054090;0.183081;-0.163189;-0.055531;-0.761317;-0.965093;-0.890158;
0.054100;0.181890;-0.162497;-0.055108;-0.757750;-0.962105;-0.886805;
0.054110;0.180698;-0.161803;-0.054685;-0.754174;-0.959108;-0.883444;
0.054120;0.179503;-0.161107;-0.054261;-0.750592;-0.956102;-0.880074;
0.054130;0.178307;-0.160410;-0.053837;-0.747001;-0.953086;-0.876695;
0.054140;0.177108;-0.159712;-0.053413;-0.743403;-0.950060;-0.873307;
0.054150;0.175909;-0.159011;-0.052988;-0.739798;-0.947026;-0.869911;
0.054160;0.174707;-0.158310;-0.052562;-0.736185;-0.943982;-0.866507;
0.054170;0.173504;-0.157606;-0.052136;-0.732565;-0.940928;-0.863093;
0.054180;0.172299;-0.156901;-0.051709;-0.728938;-0.937866;-0.859672;
0.054190;0.171092;-0.156195;-0.051282;-0.725303;-0.934794;-0.856242;
0.054200;0.169883;-0.155487;-0.050854;-0.721661;-0.931713;-0.852803;
0.054210;0.168673;-0.154777;-0.050426;-0.718011;-0.928623;-0.849357;
0.054220;0.167461;-0.154066;-0.049997;-0.714355;-0.925524;-0.845901;
0.054230;0.166248;-0.153354;-0.049568;-0.710691;-0.922415;-0.842438;
0.054240;0.165033;-0.152640;-0.049138;-0.707020;-0.919298;-0.838966;
0.054250;0.163816;-0.151924;-0.048708;-0.703342;-0.916171;-0.835486;
0.054260;0.162598;-0.151207;-0.048277;-0.699657;-0.913036;-0.831998;
0.054270;0.161378;-0.150488;-0.047846;-0.695965;-0.909891;-0.828502;
0.054280;0.160157;-0.149768;-0.047415;-0.692265;-0.906738;-0.824997;
0.054290;0.158933;-0.149047;-0.046982;-0.688559;-0.903575;-0.821485;
0.054300;0.157709;-0.148324;-0.046550;-0.684846;-0.900404;-0.817964;
0.054310;0.156483;-0.147599;-0.046117;-0.681126;-0.897224;-0.814436;
0.054320;0.155255;-0.146873;-0.045683;-0.677400;-0.894035;-0.810899;
0.054330;0.154026;-0.146146;-0.045249;-0.673666;-0.890837;-0.807354;
0.054340;0.152795;-0.145417;-0.044815;-0.669926;-0.887631;-0.803802;
0.054350;0.151563;-0.144687;-0.044380;-0.666179;-0.884415;-0.800241;
0.054360;0.150329;-0.143955;-0.043945;-0.662425;-0.881191;-0.796673;
0.054370;0.149093;-0.143222;-0.043509;-0.658665;-0.877959;-0.793097;
0.054380;0.147857;-0.142487;-0.043073;-0.654898;-0.874717;-0.789513;
0.054390;0.146619;-0.141751;-0.042636;-0.651124;-0.871467;-0.785921;
0.054400;0.145379;-0.141013;-0.042199;-0.647344;-0.868209;-0.782322;
0.054410;0.144138;-0.140275;-0.041761;-0.643557;-0.864942;-0.778714;
0.054420;0.142896;-0.139534;-0.041323;-0.639764;-0.861666;-0.775100;
0.054430;0.141652;-0.138793;-0.040885;-0.635965;-0.858382;-0.771477;
0.054440;0.140406;-0.138050;-0.040446;-0.632159;-0.855089;-0.767847;
0.054450;0.139160;-0.137305;-0.040007;-0.628347;-0.851788;-0.764209;
0.054460;0.137912;-0.136559;-0.039568;-0.624529;-0.848479;-0.760564;
0.054470;0.136662;-0.135812;-0.039128;-0.620704;-0.845161;-0.756912;
0.054480;0.135412;-0.135064;-0.038687;-0.616873;-0.841835;-0.753252;
0.054490;0.134160;-0.134314;-0.038246;-0.613036;-0.838500;-0.749584;
0.054500;0.132907;-0.133563;-0.037805;-0.609193;-0.835158;-0.745909;
0.054510;0.131652;-0.132810;-0.037364;-0.605344;-0.831807;-0.742227;
0.054520;0.130396;-0.132056;-0.036922;-0.601489;-0.828448;-0.738537;
0.054530;0.129139;-0.131301;-0.036479;-0.597628;-0.825080;-0.734840;
0.054540;0.127880;-0.130545;-0.036037;-0.593761;-0.821705;-0.731136;
0.054550;0.126621;-0.129787;-0.035593;-0.589888;-0.818321;-0.727425;
0.054560;0.125360;-0.129028;-0.035150;-0.586009;-0.814929;-0.723707;
0.054570;0.124098;-0.128268;-0.034706;-0.582124;-0.811529;-0.719981;
0.054580;0.122834;-0.127506;-0.034262;-0.578233;-0.808122;-0.716248;
0.054590;0.121570;-0.126743;-0.033817;-0.574337;-0.804706;-0.712508;
0.054600;0.120304;-0.125979;-0.033373;-0.570435;-0.801282;-0.708762;
0.054610;0.119037;-0.125213;-0.032927;-0.566528;-0.797850;-0.705008;
0.054620;0.117769;-0.124447;-0.032482;-0.562615;-0.794411;-0.701247;
0.054630;0.116500;-0.123679;-0.032036;-0.558696;-0.790963;-0.697479;
0.054640;0.115229;-0.122910;-0.031590;-0.554772;-0.787508;-0.693705;
0.054650;0.113958;-0.122139;-0.031143;-0.550842;-0.784045;-0.689923;
0.054660;0.112685;-0.121368;-0.030696;-0.546907;-0.780574;-0.686135;
0.054670;0.111411;-0.120595;-0.030249;-0.542966;-0.777095;-0.682340;
0.054680;0.110137;-0.119821;-0.029802;-0.539020;-0.773609;-0.678538;
0.054690;0.108861;-0.119046;-0.029354;-0.535069;-0.770115;-0.674729;
0.054700;0.107584;-0.118269;-0.028906;-0.531112;-0.766614;-0.670914;
0.054710;0.106306;-0.117492;-0.028457;-0.527151;-0.763105;-0.667092;
0.054720;0.105027;-0.116713;-0.028008;-0.523184;-0.759588;-0.663264;
0.054730;0.103747;-0.115933;-0.027559;-0.519212;-0.756064;-0.659428;
0.054740;0.102466;-0.115152;-0.027110;-0.515235;-0.752532;-0.655587;
0.054750;0.101183;-0.114370;-0.026661;-0.511253;-0.748993;-0.651739;
0.054760;0.099900;-0.113586;-0.026211;-0.507265;-0.745446;-0.647884;
0.054770;0.098616;-0.112802;-0.025761;-0.503273;-0.741892;-0.644023;
0.054780;0.097331;-0.112016;-0.025310;-0.499276;-0.738331;-0.640156;
0.054790;0.096045;-0.111229;-0.024859;-0.495274;-0.734762;-0.636282;
0.054800;0.094758;-0.110441;-0.024409;-0.491268;-0.731186;-0.632402;
0.054810;0.093471;-0.109652;-0.023957;-0.487256;-0.727603;-0.628516;
0.054820;0.092182;-0.108862;-0.023506;-0.483240;-0.724013;-0.624623;
0.054830;0.090892;-0.108071;-0.023054;-0.479219;-0.720415;-0.620725;
0.054840;0.089602;-0.107279;-0.022602;-0.475193;-0.716810;-0.616820;
0.054850;0.088310;-0.106486;-0.022150;-0.471163;-0.713198;-0.612909;
0.054860;0.087018;-0.105691;-0.021698;-0.467128;-0.709579;-0.608992;
0.054870;0.085725;-0.104896;-0.021245;-0.463089;-0.705953;-0.605068;
0.054880;0.084431;-0.104099;-0.020792;-0.459045;-0.702320;-0.601139;
0.054890;0.083136;-0.103302;-0.020339;-0.454997;-0.698681;-0.597204;
0.054900;0.081841;-0.102503;-0.019886;-0.450944;-0.695034;-0.593263;
0.054910;0.080544;-0.101704;-0.019433;-0.446887;-0.691380;-0.589316;
0.054920;0.079247;-0.100903;-0.018979;-0.442825;-0.687719;-0.585363;
0.054930;0.077949;-0.100102;-0.018525;-0.438760;-0.684052;-0.581405;
0.054940;0.076651;-0.099299;-0.018071;-0.434690;-0.680378;-0.577440;
0.054950;0.075351;-0.098496;-0.017617;-0.430616;-0.676697;-0.573470;
0.054960;0.074051;-0.097691;-0.017162;-0.426538;-0.673009;-0.569494;
0.054970;0.072750;-0.096886;-0.016708;-0.422455;-0.669314;-0.565513;
0.054980;0.071448;-0.096079;-0.016253;-0.418369;-0.665613;-0.561526;
0.054990;0.070146;-0.095272;-0.015798;-0.414279;-0.661906;-0.557533;
0.055000;0.068843;-0.094464;-0.015343;-0.410184;-0.658192;-0.553535;
0.055010;0.067539;-0.093654;-0.014888;-0.406086;-0.654471;-0.549531;
0.055020;0.066235;-0.092844;-0.014432;-0.401984;-0.650744;-0.545522;
0.055030;0.064930;-0.092033;-0.013977;-0.397878;-0.647010;-0.541507;
0.055040;0.063624;-0.091221;-0.013521;-0.393768;-0.643270;-0.537487;
0.055050;0.062318;-0.090408;-0.013065;-0.389654;-0.639523;-0.533461;
0.055060;0.061011;-0.089594;-0.012609;-0.385537;-0.635771;-0.529431;
0.055070;0.059704;-0.088779;-0.012153;-0.381416;-0.632011;-0.525395;
0.055080;0.058396;-0.087964;-0.011697;-0.377291;-0.628246;-0.521353;
0.055090;0.057087;-0.087147;-0.011241;-0.373163;-0.624474;-0.517307;
0.055100;0.055778;-0.086330;-0.010784;-0.369031;-0.620696;-0.513255;
0.055110;0.054468;-0.085512;-0.010328;-0.364895;-0.616912;-0.509199;
0.055120;0.053158;-0.084693;-0.009871;-0.360756;-0.613122;-0.505137;
0.055130;0.051847;-0.083873;-0.009414;-0.356614;-0.609326;-0.501070;
0.055140;0.050536;-0.083052;-0.008958;-0.352468;-0.605524;-0.496999;
0.055150;0.049224;-0.082231;-0.008501;-0.348319;-0.601716;-0.492922;
0.055160;0.047911;-0.081408;-0.008044;-0.344167;-0.597901;-0.488840;
0.055170;0.046599;-0.080585;-0.007587;-0.340011;-0.594081;-0.484754;
0.055180;0.045285;-0.079761;-0.007130;-0.335852;-0.590255;-0.480663;
0.055190;0.043972;-0.078937;-0.006672;-0.331690;-0.586423;-0.476567;
0.055200;0.042658;-0.078111;-0.006215;-0.327525;-0.582586;-0.472466;
0.055210;0.041343;-0.077285;-0.005758;-0.323356;-0.578742;-0.468360;
0.055220;0.040028;-0.076458;-0.005300;-0.319185;-0.574893;-0.464250;
0.055230;0.038713;-0.075630;-0.004843;-0.315010;-0.571038;-0.460135;
0.055240;0.037397;-0.074802;-0.004385;-0.310833;-0.567178;-0.456016;
0.055250;0.036081;-0.073973;-0.003928;-0.306652;-0.563311;-0.451892;
0.055260;0.034764;-0.073143;-0.003470;-0.302469;-0.559440;-0.447764;
0.055270;0.033448;-0.072312;-0.003013;-0.298282;-0.555562;-0.443631;
0.055280;0.032130;-0.071481;-0.002555;-0.294093;-0.551680;-0.439494;
0.055290;0.030813;-0.070649;-0.002098;-0.289901;-0.547792;-0.435352;
0.055300;0.029495;-0.069816;-0.001640;-0.285707;-0.543898;-0.431206;
0.055310;0.028177;-0.068983;-0.001182;-0.281509;-0.539999;-0.427056;
0.055320;0.026859;-0.068149;-0.000725;-0.277309;-0.536094;-0.422902;
0.055330;0.025540;-0.067314;-0.000267;-0.273106;-0.532185;-0.418743;
0.055340;0.024221;-0.066479;0.000190;-0.268901;-0.528270;-0.414580;
0.055350;0.022902;-0.065642;0.000648;-0.264693;-0.524350;-0.410413;
0.055360;0.021582;-0.064806;0.001106;-0.260482;-0.520424;-0.406242;
0.055370;0.020263;-0.063968;0.001563;-0.256269;-0.516494;-0.402067;
0.055380;0.018943;-0.063131;0.002021;-0.252054;-0.512558;-0.397888;
0.055390;0.017623;-0.062292;0.002478;-0.247836;-0.508618;-0.393706;
0.055400;0.016303;-0.061453;0.002936;-0.243616;-0.504672;-0.389519;
0.055410;0.014982;-0.060613;0.003393;-0.239393;-0.500721;-0.385328;
0.055420;0.013662;-0.059773;0.003850;-0.235168;-0.496766;-0.381134;
0.055430;0.012341;-0.058932;0.004308;-0.230941;-0.492805;-0.376935;
0.055440;0.011020;-0.058090;0.004765;-0.226711;-0.488840;-0.372733;
0.055450;0.009700;-0.057248;0.005222;-0.222480;-0.484870;-0.368528;
0.055460;0.008379;-0.056406;0.005679;-0.218246;-0.480895;-0.364318;
0.055470;0.007057;-0.055563;0.006136;-0.214010;-0.476915;-0.360105;
0.055480;0.005736;-0.054719;0.006593;-0.209772;-0.472931;-0.355889;
0.055490;0.004415;-0.053875;0.007050;-0.205532;-0.468942;-0.351669;
0.055500;0.003094;-0.053030;0.007507;-0.201291;-0.464948;-0.347446;
0.055510;0.001772;-0.052185;0.007964;-0.197047;-0.460950;-0.343219;
0.055520;0.000451;-0.051339;0.008421;-0.192801;-0.456947;-0.338988;
0.055530;-0.000871;-0.050493;0.008877;-0.188553;-0.452940;-0.334755;
0.055540;-0.002192;-0.049646;0.009334;-0.184304;-0.448928;-0.330518;
0.055550;-0.003513;-0.048799;0.009790;-0.180052;-0.444912;-0.326278;
0.055560;-0.004835;-0.047951;0.010246;-0.175799;-0.440892;-0.322034;
0.055570;-0.006156;-0.047103;0.010702;-0.171544;-0.436867;-0.317788;
0.055580;-0.007477;-0.046255;0.011158;-0.167288;-0.432838;-0.313538;
0.055590;-0.008798;-0.045406;0.011614;-0.163030;-0.428804;-0.309285;
0.055600;-0.010120;-0.044556;0.012070;-0.158770;-0.424767;-0.305030;
0.055610;-0.011441;-0.043707;0.012526;-0.154508;-0.420725;-0.300771;
0.055620;-0.012762;-0.042856;0.012981;-0.150246;-0.416679;-0.296509;
0.055630;-0.014082;-0.042006;0.013437;-0.145981;-0.412629;-0.292244;
0.055640;-0.015403;-0.041154;0.013892;-0.141715;-0.408575;-0.287977;
0.055650;-0.016724;-0.040303;0.014347;-0.137448;-0.404517;-0.283706;
0.055660;-0.018044;-0.039451;0.014802;-0.133179;-0.400455;-0.279433;
0.055670;-0.019364;-0.038599;0.015256;-0.128909;-0.396389;-0.275157;
0.055680;-0.020684;-0.037746;0.015711;-0.124638;-0.392319;-0.270879;
0.055690;-0.022004;-0.036893;0.016165;-0.120365;-0.388245;-0.266598;
0.055700;-0.023324;-0.036040;0.016620;-0.116092;-0.384168;-0.262314;
0.055710;-0.024643;-0.035186;0.017074;-0.111817;-0.380087;-0.258028;
0.055720;-0.025962;-0.034332;0.017528;-0.107541;-0.376002;-0.253739;
0.055730;-0.027281;-0.033478;0.017981;-0.103263;-0.371913;-0.249447;
0.055740;-0.028600;-0.032623;0.018435;-0.098985;-0.367821;-0.245153;
0.055750;-0.029918;-0.031768;0.018888;-0.094706;-0.363725;-0.240857;
0.055760;-0.031237;-0.030913;0.019341;-0.090425;-0.359626;-0.236559;
0.055770;-0.032554;-0.030057;0.019794;-0.086144;-0.355523;-0.232258;
0.055780;-0.033872;-0.029202;0.020247;-0.081862;-0.351416;-0.227955;
0.055790;-0.035189;-0.028345;0.020699;-0.077579;-0.347306;-0.223649;
0.055800;-0.036506;-0.027489;0.021152;-0.073295;-0.343193;-0.219342;
0.055810;-0.037822;-0.026632;0.021604;-0.069010;-0.339076;-0.215032;
0.055820;-0.039139;-0.025775;0.022056;-0.064725;-0.334956;-0.210720;
0.055830;-0.040454;-0.024918;0.022507;-0.060438;-0.330833;-0.206407;
0.055840;-0.041770;-0.024061;0.022959;-0.056152;-0.326707;-0.202091;
0.055850;-0.043085;-0.023203;0.023410;-0.051864;-0.322577;-0.197773;
0.055860;-0.044399;-0.022345;0.023861;-0.047576;-0.318444;-0.193454;
0.055870;-0.045713;-0.021487;0.024311;-0.043287;-0.314308;-0.189132;
0.055880;-0.047027;-0.020629;0.024762;-0.038998;-0.310169;-0.184809;
0.055890;-0.048340;-0.019770;0.025212;-0.034709;-0.306027;-0.180484;
0.055900;-0.049653;-0.018912;0.025662;-0.030418;-0.301882;-0.176157;
0.055910;-0.050965;-0.018053;0.026111;-0.026128;-0.297734;-0.171828;
0.055920;-0.052277;-0.017194;0.026561;-0.021837;-0.293584;-0.167498;
0.055930;-0.053588;-0.016335;0.027010;-0.017546;-0.289430;-0.163166;
0.055940;-0.054899;-0.015475;0.027459;-0.013255;-0.285273;-0.158832;
0.055950;-0.056209;-0.014616;0.027907;-0.008963;-0.281114;-0.154498;
0.055960;-0.057519;-0.013756;0.028356;-0.004671;-0.276952;-0.150161;
0.055970;-0.058828;-0.012896;0.028804;-0.000379;-0.272787;-0.145823;
0.055980;-0.060136;-0.012036;0.029251;0.003913;-0.268620;-0.141484;
0.055990;-0.061444;-0.011176;0.029699;0.008205;-0.264450;-0.137143;
0.056000;-0.062751;-0.010316;0.030146;0.012497;-0.260277;-0.132801;
0.056010;-0.064058;-0.009456;0.030593;0.016789;-0.256102;-0.128458;
0.056020;-0.065364;-0.008596;0.031039;0.021081;-0.251924;-0.124114;
0.056030;-0.066669;-0.007735;0.031486;0.025373;-0.247744;-0.119768;
0.056040;-0.067974;-0.006875;0.031932;0.029665;-0.243562;-0.115421;
0.056050;-0.069278;-0.006014;0.032377;0.033956;-0.239377;-0.111073;
0.056060;-0.070581;-0.005154;0.032823;0.038248;-0.235189;-0.106724;
0.056070;-0.071884;-0.004293;0.033268;0.042539;-0.231000;-0.102374;
0.056080;-0.073186;-0.003432;0.033712;0.046830;-0.226808;-0.098023;
0.056090;-0.074487;-0.002571;0.034156;0.051120;-0.222614;-0.093671;
0.056100;-0.075788;-0.001711;0.034600;0.055410;-0.218418;-0.089318;
0.056110;-0.077088;-0.000850;0.035044;0.059700;-0.214219;-0.084965;
0.056120;-0.078387;0.000011;0.035487;0.063989;-0.210019;-0.080610;
0.056130;-0.079685;0.000872;0.035930;0.068277;-0.205816;-0.076255;
0.056140;-0.080982;0.001733;0.036373;0.072565;-0.201612;-0.071899;
0.056150;-0.082279;0.002593;0.036815;0.076853;-0.197406;-0.067543;
0.056160;-0.083575;0.003454;0.037257;0.081139;-0.193197;-0.063185;
0.056170;-0.084870;0.004315;0.037699;0.085425;-0.188987;-0.058828;
0.056180;-0.086164;0.005176;0.038140;0.089711;-0.184775;-0.054469;
0.056190;-0.087457;0.006036;0.038581;0.093995;-0.180561;-0.050110;
0.056200;-0.088749;0.006897;0.039021;0.098279;-0.176345;-0.045751;
0.056210;-0.090041;0.007757;0.039461;0.102561;-0.172128;-0.041391;
0.056220;-0.091332;0.008618;0.039901;0.106843;-0.167908;-0.037031;
0.056230;-0.092621;0.009478;0.040340;0.111124;-0.163688;-0.032670;
0.056240;-0.093910;0.010339;0.040779;0.115404;-0.159465;-0.028310;
0.056250;-0.095198;0.011199;0.041217;0.119682;-0.155241;-0.023948;
0.056260;-0.096485;0.012059;0.041655;0.123960;-0.151016;-0.019587;
0.056270;-0.097771;0.012919;0.042093;0.128237;-0.146789;-0.015226;
0.056280;-0.099056;0.013779;0.042530;0.132512;-0.142561;-0.010864;
0.056290;-0.100340;0.014639;0.042967;0.136786;-0.138331;-0.006502;
0.056300;-0.101623;0.015498;0.043404;0.141059;-0.134100;-0.002141;
0.056310;-0.102905;0.016358;0.043840;0.145330;-0.129867;0.002221;
0.056320;-0.104186;0.017217;0.044275;0.149600;-0.125633;0.006583;
0.056330;-0.105466;0.018076;0.044710;0.153869;-0.121398;0.010945;
0.056340;-0.106745;0.018935;0.045145;0.158136;-0.117162;0.015306;
0.056350;-0.108023;0.019794;0.045579;0.162402;-0.112925;0.019667;
0.056360;-0.109300;0.020653;0.046013;0.166666;-0.108686;0.024029;
0.056370;-0.110575;0.021511;0.046447;0.170929;-0.104447;0.028389;
0.056380;-0.111850;0.022370;0.046880;0.175189;-0.100206;0.032750;
0.056390;-0.113123;0.023228;0.047312;0.179449;-0.095965;0.037110;
0.056400;-0.114396;0.024085;0.047744;0.183706;-0.091722;0.041470;
0.056410;-0.115667;0.024943;0.048176;0.187962;-0.087479;0.045830;
0.056420;-0.116937;0.025800;0.048607;0.192216;-0.083234;0.050189;
0.056430;-0.118206;0.026658;0.049038;0.196468;-0.078989;0.054547;
0.056440;-0.119474;0.027514;0.049468;0.200718;-0.074743;0.058905;
0.056450;-0.120740;0.028371;0.049898;0.204966;-0.070497;0.063263;
0.056460;-0.122006;0.029227;0.050327;0.209212;-0.066249;0.067620;
0.056470;-0.123270;0.030083;0.050756;0.213456;-0.062001;0.071976;
0.056480;-0.124533;0.030939;0.051184;0.217698;-0.057753;0.076331;
0.056490;-0.125794;0.031795;0.051612;0.221938;-0.053503;0.080686;
0.056500;-0.127055;0.032650;0.052039;0.226176;-0.049254;0.085040;
0.056510;-0.128314;0.033505;0.052466;0.230411;-0.045003;0.089393;
0.056520;-0.129572;0.034359;0.052892;0.234644;-0.040752;0.093745;
0.056530;-0.130828;0.035214;0.053318;0.238875;-0.036501;0.098097;
0.056540;-0.132084;0.036067;0.053743;0.243104;-0.032250;0.102447;
0.056550;-0.133338;0.036921;0.054168;0.247330;-0.027998;0.106796;
0.056560;-0.134590;0.037774;0.054592;0.251554;-0.023746;0.111145;
0.056570;-0.135842;0.038627;0.055016;0.255775;-0.019493;0.115492;
0.056580;-0.137092;0.039479;0.055439;0.259993;-0.015241;0.119838;
0.056590;-0.138340;0.040331;0.055862;0.264209;-0.010988;0.124183;
0.056600;-0.139588;0.041183;0.056284;0.268423;-0.006735;0.128527;
0.056610;-0.140833;0.042034;0.056705;0.272633;-0.002482;0.132869;
0.056620;-0.142078;0.042885;0.057126;0.276841;0.001771;0.137210;
0.056630;-0.143321;0.043736;0.057547;0.281047;0.006024;0.141550;
0.056640;-0.144563;0.044586;0.057967;0.285249;0.010278;0.145889;
0.056650;-0.145803;0.045436;0.058386;0.289449;0.014531;0.150226;
0.056660;-0.147041;0.046285;0.058805;0.293645;0.018783;0.154561;
0.056670;-0.148279;0.047133;0.059223;0.297839;0.023036;0.158895;
0.056680;-0.149515;0.047982;0.059640;0.302030;0.027289;0.163228;
0.056690;-0.150749;0.048830;0.060058;0.306217;0.031541;0.167559;
0.056700;-0.151982;0.049677;0.060474;0.310402;0.035793;0.171888;
0.056710;-0.153213;0.050524;0.060890;0.314584;0.040045;0.176216;
0.056720;-0.154443;0.051370;0.061305;0.318762;0.044296;0.180542;
0.056730;-0.155671;0.052216;0.061720;0.322937;0.048547;0.184866;
0.056740;-0.156898;0.053061;0.062134;0.327109;0.052797;0.189188;
0.056750;-0.158123;0.053906;0.062547;0.331278;0.057047;0.193509;
0.056760;-0.159347;0.054751;0.062960;0.335443;0.061296;0.197828;
0.056770;-0.160569;0.055594;0.063372;0.339605;0.065545;0.202144;
0.056780;-0.161789;0.056438;0.063784;0.343763;0.069793;0.206459;
0.056790;-0.163008;0.057280;0.064195;0.347918;0.074041;0.210772;
0.056800;-0.164225;0.058122;0.064605;0.352070;0.078288;0.215083;
0.056810;-0.165441;0.058964;0.065015;0.356218;0.082534;0.219391;
0.056820;-0.166655;0.059805;0.065424;0.360362;0.086779;0.223698;
0.056830;-0.167867;0.060645;0.065833;0.364503;0.091024;0.228002;
0.056840;-0.169078;0.061485;0.066241;0.368640;0.095267;0.232304;
0.056850;-0.170287;0.062324;0.066648;0.372773;0.099510;0.236604;
0.056860;-0.171494;0.063163;0.067054;0.376903;0.103752;0.240902;
0.056870;-0.172699;0.064001;0.067460;0.381028;0.107993;0.245197;
0.056880;-0.173903;0.064838;0.067865;0.385150;0.112232;0.249490;
0.056890;-0.175106;0.065675;0.068270;0.389268;0.116471;0.253780;
0.056900;-0.176306;0.066511;0.068674;0.393382;0.120708;0.258068;
0.056910;-0.177505;0.067346;0.069077;0.397493;0.124945;0.262354;
0.056920;-0.178702;0.068181;0.069479;0.401599;0.129180;0.266637;
0.056930;-0.179897;0.069015;0.069881;0.405701;0.133414;0.270917;
0.056940;-0.181090;0.069849;0.070282;0.409799;0.137646;0.275194;
0.056950;-0.182282;0.070681;0.070683;0.413893;0.141878;0.279469;
0.056960;-0.183472;0.071513;0.071083;0.417982;0.146108;0.283742;
0.056970;-0.184660;0.072345;0.071482;0.422068;0.150336;0.288011;
0.056980;-0.185846;0.073175;0.071880;0.426149;0.154563;0.292278;
0.056990;-0.187030;0.074005;0.072278;0.430226;0.158788;0.296542;
0.057000;-0.188213;0.074834;0.072675;0.434298;0.163012;0.300802;
0.057010;-0.189393;0.075663;0.073071;0.438367;0.167235;0.305060;
0.057020;-0.190572;0.076490;0.073466;0.442430;0.171456;0.309315;
0.057030;-0.191749;0.077317;0.073861;0.446490;0.175675;0.313567;
0.057040;-0.192924;0.078143;0.074255;0.450544;0.179892;0.317816;
0.057050;-0.194097;0.078969;0.074648;0.454595;0.184108;0.322062;
0.057060;-0.195268;0.079793;0.075041;0.458640;0.188321;0.326305;
0.057070;-0.196437;0.080617;0.075433;0.462682;0.192533;0.330544;
0.057080;-0.197605;0.081440;0.075824;0.466718;0.196743;0.334780;
0.057090;-0.198770;0.082262;0.076214;0.470750;0.200952;0.339013;
0.057100;-0.199933;0.083083;0.076603;0.474777;0.205158;0.343243;
0.057110;-0.201095;0.083904;0.076992;0.478799;0.209362;0.347469;
0.057120;-0.202254;0.084724;0.077380;0.482817;0.213564;0.351692;
0.057130;-0.203412;0.085542;0.077767;0.486829;0.217764;0.355911;
0.057140;-0.204567;0.086360;0.078154;0.490837;0.221962;0.360127;
0.057150;-0.205721;0.087178;0.078540;0.494840;0.226158;0.364339;
0.057160;-0.206872;0.087994;0.078925;0.498838;0.230351;0.368548;
0.057170;-0.208021;0.088809;0.079309;0.502830;0.234542;0.372753;
0.057180;-0.209169;0.089624;0.079692;0.506818;0.238731;0.376955;
0.057190;-0.210314;0.090437;0.080075;0.510801;0.242918;0.381153;
0.057200;-0.211457;0.091250;0.080456;0.514779;0.247102;0.385347;
0.057210;-0.212598;0.092062;0.080837;0.518751;0.251284;0.389537;
0.057220;-0.213737;0.092873;0.081217;0.522718;0.255463;0.393723;
0.057230;-0.214874;0.093683;0.081597;0.526681;0.259640;0.397906;
0.057240;-0.216009;0.094492;0.081975;0.530637;0.263814;0.402084;
0.057250;-0.217142;0.095300;0.082353;0.534589;0.267985;0.406259;
0.057260;-0.218272;0.096107;0.082730;0.538535;0.272154;0.410430;
0.057270;-0.219401;0.096913;0.083106;0.542476;0.276321;0.414597;
0.057280;-0.220527;0.097718;0.083481;0.546412;0.280484;0.418759;
0.057290;-0.221651;0.098523;0.083855;0.550342;0.284645;0.422918;
0.057300;-0.222773;0.099326;0.084229;0.554266;0.288803;0.427072;
0.057310;-0.223893;0.100128;0.084602;0.558185;0.292958;0.431222;
0.057320;-0.225010;0.100929;0.084974;0.562099;0.297110;0.435368;
0.057330;-0.226125;0.101730;0.085345;0.566007;0.301259;0.439509;
0.057340;-0.227239;0.102529;0.085715;0.569909;0.305406;0.443646;
0.057350;-0.228349;0.103327;0.086084;0.573806;0.309549;0.447779;
0.057360;-0.229458;0.104124;0.086453;0.577696;0.313689;0.451908;
0.057370;-0.230564;0.104921;0.086820;0.581582;0.317826;0.456032;
0.057380;-0.231668;0.105716;0.087187;0.585461;0.321960;0.460151;
0.057390;-0.232770;0.106510;0.087553;0.589335;0.326091;0.464266;
0.057400;-0.233870;0.107303;0.087918;0.593203;0.330219;0.468376;
0.057410;-0.234967;0.108095;0.088282;0.597065;0.334343;0.472482;
0.057420;-0.236062;0.108886;0.088645;0.600921;0.338464;0.476583;
0.057430;-0.237154;0.109675;0.089007;0.604771;0.342581;0.480679;
0.057440;-0.238244;0.110464;0.089369;0.608615;0.346696;0.484771;
0.057450;-0.239332;0.111252;0.089729;0.612453;0.350806;0.488858;
0.057460;-0.240418;0.112038;0.090089;0.616285;0.354914;0.492939;
0.057470;-0.241501;0.112824;0.090448;0.620111;0.359017;0.497017;
0.057480;-0.242582;0.113608;0.090806;0.623931;0.363118;0.501089;
0.057490;-0.243660;0.114391;0.091162;0.627745;0.367214;0.505156;
0.057500;-0.244736;0.115173;0.091519;0.631552;0.371307;0.509218;
0.057510;-0.245810;0.115954;0.091874;0.635354;0.375396;0.513275;
0.057520;-0.246881;0.116733;0.092228;0.639149;0.379482;0.517327;
0.057530;-0.247949;0.117512;0.092581;0.642938;0.383564;0.521374;
0.057540;-0.249016;0.118289;0.092933;0.646720;0.387642;0.525416;
0.057550;-0.250080;0.119065;0.093285;0.650496;0.391716;0.529453;
0.057560;-0.251141;0.119840;0.093635;0.654266;0.395786;0.533484;
0.057570;-0.252200;0.120614;0.093985;0.658029;0.399853;0.537510;
0.057580;-0.253256;0.121387;0.094334;0.661786;0.403915;0.541531;
0.057590;-0.254310;0.122158;0.094681;0.665536;0.407973;0.545546;
0.057600;-0.255362;0.122928;0.095028;0.669280;0.412028;0.549556;
0.057610;-0.256411;0.123697;0.095374;0.673017;0.416078;0.553560;
0.057620;-0.257457;0.124465;0.095719;0.676748;0.420124;0.557559;
0.057630;-0.258501;0.125231;0.096063;0.680472;0.424166;0.561553;
0.057640;-0.259542;0.125997;0.096405;0.684189;0.428204;0.565541;
0.057650;-0.260581;0.126761;0.096747;0.687900;0.432237;0.569523;
0.057660;-0.261617;0.127523;0.097088;0.691604;0.436266;0.573500;
0.057670;-0.262651;0.128285;0.097429;0.695301;0.440291;0.577471;
0.057680;-0.263682;0.129045;0.097768;0.698991;0.444312;0.581436;
0.057690;-0.264710;0.129804;0.098106;0.702675;0.448328;0.585396;
0.057700;-0.265736;0.130562;0.098443;0.706352;0.452339;0.589349;
0.057710;-0.266759;0.131318;0.098779;0.710021;0.456346;0.593297;
0.057720;-0.267780;0.132073;0.099114;0.713684;0.460349;0.597239;
0.057730;-0.268798;0.132827;0.099448;0.717340;0.464347;0.601175;
0.057740;-0.269813;0.133579;0.099782;0.720989;0.468340;0.605105;
0.057750;-0.270826;0.134330;0.100114;0.724630;0.472329;0.609029;
0.057760;-0.271836;0.135080;0.100445;0.728265;0.476313;0.612948;
0.057770;-0.272843;0.135828;0.100775;0.731892;0.480293;0.616859;
0.057780;-0.273848;0.136576;0.101104;0.735513;0.484267;0.620765;
0.057790;-0.274850;0.137321;0.101433;0.739126;0.488237;0.624665;
0.057800;-0.275849;0.138066;0.101760;0.742732;0.492202;0.628559;
0.057810;-0.276845;0.138809;0.102086;0.746331;0.496162;0.632446;
0.057820;-0.277839;0.139550;0.102411;0.749922;0.500117;0.636327;
0.057830;-0.278830;0.140290;0.102736;0.753506;0.504067;0.640202;
0.057840;-0.279818;0.141029;0.103059;0.757083;0.508013;0.644070;
0.057850;-0.280804;0.141767;0.103381;0.760652;0.511953;0.647932;
0.057860;-0.281786;0.142503;0.103702;0.764214;0.515888;0.651787;
0.057870;-0.282766;0.143238;0.104022;0.767768;0.519818;0.655636;
0.057880;-0.283744;0.143971;0.104341;0.771315;0.523743;0.659479;
0.057890;-0.284718;0.144703;0.104659;0.774855;0.527662;0.663315;
0.057900;-0.285689;0.145433;0.104976;0.778386;0.531577;0.667145;
0.057910;-0.286658;0.146162;0.105292;0.781911;0.535486;0.670967;
0.057920;-0.287624;0.146890;0.105607;0.785427;0.539390;0.674784;
0.057930;-0.288587;0.147616;0.105921;0.788936;0.543288;0.678593;
0.057940;-0.289547;0.148340;0.106234;0.792437;0.547181;0.682396;
0.057950;-0.290505;0.149063;0.106546;0.795931;0.551069;0.686192;
0.057960;-0.291459;0.149785;0.106856;0.799416;0.554951;0.689981;
0.057970;-0.292411;0.150505;0.107166;0.802894;0.558828;0.693764;
0.057980;-0.293360;0.151224;0.107475;0.806364;0.562699;0.697539;
0.057990;-0.294305;0.151941;0.107782;0.809826;0.566565;0.701308;
0.058000;-0.295248;0.152657;0.108089;0.813281;0.570425;0.705070;
0.058010;-0.296188;0.153371;0.108394;0.816727;0.574279;0.708824;
0.058020;-0.297125;0.154084;0.108699;0.820165;0.578128;0.712572;
0.058030;-0.298059;0.154795;0.109002;0.823595;0.581971;0.716313;
0.058040;-0.298991;0.155505;0.109304;0.827017;0.585808;0.720046;
0.058050;-0.299919;0.156213;0.109606;0.830432;0.589639;0.723772;
0.058060;-0.300844;0.156920;0.109906;0.833837;0.593465;0.727492;
0.058070;-0.301767;0.157625;0.110205;0.837235;0.597285;0.731204;
0.058080;-0.302686;0.158328;0.110503;0.840625;0.601098;0.734909;
0.058090;-0.303602;0.159030;0.110799;0.844006;0.604906;0.738606;
0.058100;-0.304516;0.159731;0.111095;0.847379;0.608708;0.742296;
0.058110;-0.305426;0.160430;0.111390;0.850744;0.612504;0.745979;
0.058120;-0.306333;0.161127;0.111684;0.854101;0.616294;0.749655;
0.058130;-0.307237;0.161822;0.111976;0.857449;0.620078;0.753323;
0.058140;-0.308139;0.162517;0.112267;0.860788;0.623855;0.756983;
0.058150;-0.309037;0.163209;0.112558;0.864120;0.627627;0.760637;
0.058160;-0.309932;0.163900;0.112847;0.867442;0.631392;0.764282;
0.058170;-0.310824;0.164589;0.113135;0.870757;0.635151;0.767920;
0.058180;-0.311713;0.165277;0.113422;0.874062;0.638904;0.771551;
0.058190;-0.312599;0.165963;0.113708;0.877359;0.642650;0.775174;
0.058200;-0.313482;0.166647;0.113993;0.880648;0.646390;0.778789;
0.058210;-0.314362;0.167330;0.114276;0.883928;0.650124;0.782396;
0.058220;-0.315238;0.168011;0.114559;0.887199;0.653851;0.785996;
0.058230;-0.316112;0.168691;0.114840;0.890462;0.657572;0.789588;
0.058240;-0.316982;0.169368;0.115120;0.893715;0.661287;0.793172;
0.058250;-0.317849;0.170045;0.115399;0.896960;0.664995;0.796749;
0.058260;-0.318714;0.170719;0.115677;0.900196;0.668696;0.800317;
0.058270;-0.319574;0.171392;0.115954;0.903424;0.672390;0.803878;
0.058280;-0.320432;0.172063;0.116230;0.906642;0.676079;0.807431;
0.058290;-0.321287;0.172733;0.116505;0.909851;0.679760;0.810975;
0.058300;-0.322138;0.173400;0.116778;0.913052;0.683435;0.814512;
0.058310;-0.322987;0.174066;0.117050;0.916243;0.687103;0.818041;
0.058320;-0.323832;0.174731;0.117322;0.919426;0.690764;0.821561;
0.058330;-0.324674;0.175393;0.117592;0.922599;0.694418;0.825074;
0.058340;-0.325512;0.176054;0.117861;0.925764;0.698066;0.828578;
0.058350;-0.326348;0.176713;0.118128;0.928919;0.701706;0.832074;
0.058360;-0.327180;0.177371;0.118395;0.932065;0.705340;0.835562;
0.058370;-0.328009;0.178026;0.118660;0.935202;0.708967;0.839042;
0.058380;-0.328835;0.178680;0.118924;0.938329;0.712587;0.842513;
0.058390;-0.329657;0.179332;0.119187;0.941448;0.716199;0.845977;
0.058400;-0.330476;0.179983;0.119449;0.944557;0.719805;0.849431;
0.058410;-0.331292;0.180632;0.119710;0.947656;0.723404;0.852878;
0.058420;-0.332105;0.181278;0.119970;0.950747;0.726995;0.856316;
0.058430;-0.332914;0.181924;0.120228;0.953828;0.730580;0.859745;
0.058440;-0.333720;0.182567;0.120485;0.956899;0.734157;0.863166;
0.058450;-0.334523;0.183208;0.120741;0.959961;0.737727;0.866579;
0.058460;-0.335323;0.183848;0.120996;0.963014;0.741289;0.869983;
0.058470;-0.336119;0.184486;0.121250;0.966057;0.744845;0.873379;
0.058480;-0.336912;0.185122;0.121502;0.969090;0.748393;0.876766;
0.058490;-0.337701;0.185756;0.121754;0.972114;0.751933;0.880144;
0.058500;-0.338487;0.186389;0.122004;0.975129;0.755467;0.883513;
0.058510;-0.339270;0.187019;0.122253;0.978133;0.758992;0.886874;
0.058520;-0.340050;0.187648;0.122500;0.981128;0.762511;0.890226;
0.058530;-0.340826;0.188275;0.122747;0.984114;0.766022;0.893570;
0.058540;-0.341598;0.188900;0.122992;0.987089;0.769525;0.896904;
0.058550;-0.342368;0.189523;0.123236;0.990055;0.773021;0.900230;
0.058560;-0.343134;0.190145;0.123479;0.993011;0.776509;0.903547;
0.058570;-0.343896;0.190764;0.123721;0.995957;0.779989;0.906855;
0.058580;-0.344656;0.191382;0.123961;0.998893;0.783462;0.910154;
0.058590;-0.345411;0.191998;0.124200;1.001819;0.786927;0.913444;
0.058600;-0.346164;0.192611;0.124438;1.004736;0.790384;0.916725;
0.058610;-0.346913;0.193223;0.124675;1.007642;0.793834;0.919997;
0.058620;-0.347658;0.193833;0.124911;1.010539;0.797276;0.923260;
0.058630;-0.348400;0.194442;0.125145;1.013425;0.800710;0.926514;
0.058640;-0.349139;0.195048;0.125378;1.016301;0.804136;0.929759;
0.058650;-0.349874;0.195652;0.125610;1.019168;0.807554;0.932994;
0.058660;-0.350606;0.196254;0.125841;1.022024;0.810964;0.936221;
0.058670;-0.351334;0.196855;0.126070;1.024870;0.814366;0.939438;
0.058680;-0.352059;0.197453;0.126298;1.027705;0.817760;0.942646;
0.058690;-0.352780;0.198050;0.126525;1.030531;0.821146;0.945845;
0.058700;-0.353498;0.198645;0.126751;1.033346;0.824524;0.949034;
0.058710;-0.354212;0.199237;0.126975;1.036152;0.827894;0.952214;
0.058720;-0.354923;0.199828;0.127198;1.038946;0.831256;0.955385;
0.058730;-0.355630;0.200417;0.127420;1.041731;0.834610;0.958546;
0.058740;-0.356334;0.201003;0.127641;1.044505;0.837955;0.961698;
0.058750;-0.357035;0.201588;0.127860;1.047269;0.841292;0.964840;
0.058760;-0.357731;0.202171;0.128079;1.050022;0.844621;0.967973;
0.058770;-0.358425;0.202752;0.128295;1.052765;0.847941;0.971097;
0.058780;-0.359114;0.203330;0.128511;1.055498;0.851253;0.974210;
0.058790;-0.359800;0.203907;0.128725;1.058220;0.854557;0.977315;
0.058800;-0.360483;0.204482;0.128939;1.060931;0.857853;0.980409;
0.058810;-0.361162;0.205055;0.129150;1.063632;0.861139;0.983494;
0.058820;-0.361838;0.205625;0.129361;1.066323;0.864418;0.986569;
0.058830;-0.362510;0.206194;0.129570;1.069003;0.867688;0.989635;
0.058840;-0.363178;0.206761;0.129778;1.071672;0.870949;0.992691;
0.058850;-0.363843;0.207325;0.129985;1.074330;0.874202;0.995737;
0.058860;-0.364504;0.207888;0.130190;1.076978;0.877446;0.998773;
0.058870;-0.365161;0.208448;0.130394;1.079616;0.880682;1.001799;
0.058880;-0.365815;0.209007;0.130597;1.082242;0.883909;1.004816;
0.058890;-0.366466;0.209563;0.130799;1.084858;0.887127;1.007823;
0.058900;-0.367112;0.210118;0.130999;1.087463;0.890336;1.010819;
0.058910;-0.367755;0.210670;0.131198;1.090057;0.893537;1.013806;
0.058920;-0.368395;0.211220;0.131396;1.092640;0.896729;1.016783;
0.058930;-0.369031;0.211768;0.131592;1.095213;0.899912;1.019749;
0.058940;-0.369663;0.212314;0.131787;1.097774;0.903086;1.022706;
0.058950;-0.370291;0.212858;0.131981;1.100325;0.906251;1.025653;
0.058960;-0.370916;0.213400;0.132174;1.102865;0.909407;1.028589;
0.058970;-0.371538;0.213939;0.132365;1.105394;0.912555;1.031516;
0.058980;-0.372155;0.214477;0.132555;1.107911;0.915693;1.034432;
0.058990;-0.372769;0.215012;0.132743;1.110418;0.918822;1.037338;
0.059000;-0.373379;0.215546;0.132930;1.112914;0.921942;1.040234;
0.059010;-0.373986;0.216077;0.133116;1.115399;0.925054;1.043119;
0.059020;-0.374589;0.216606;0.133301;1.117873;0.928156;1.045995;
0.059030;-0.375188;0.217133;0.133484;1.120335;0.931249;1.048860;
0.059040;-0.375783;0.217657;0.133666;1.122787;0.934332;1.051714;
0.059050;-0.376375;0.218180;0.133847;1.125227;0.937407;1.054559;
0.059060;-0.376963;0.218700;0.134026;1.127657;0.940472;1.057392;
0.059070;-0.377547;0.219219;0.134204;1.130075;0.943528;1.060216;
0.059080;-0.378128;0.219735;0.134381;1.132481;0.946575;1.063029;
0.059090;-0.378705;0.220249;0.134556;1.134877;0.949612;1.065831;
0.059100;-0.379278;0.220761;0.134730;1.137261;0.952640;1.068623;
0.059110;-0.379848;0.221270;0.134903;1.139635;0.955658;1.071405;
0.059120;-0.380413;0.221777;0.135074;1.141996;0.958668;1.074176;
0.059130;-0.380975;0.222283;0.135244;1.144347;0.961667;1.076936;
0.059140;-0.381533;0.222786;0.135412;1.146686;0.964657;1.079686;
0.059150;-0.382088;0.223286;0.135580;1.149014;0.967638;1.082425;
0.059160;-0.382638;0.223785;0.135746;1.151331;0.970609;1.085153;
0.059170;-0.383185;0.224281;0.135910;1.153636;0.973571;1.087871;
0.059180;-0.383728;0.224775;0.136073;1.155929;0.976523;1.090578;
0.059190;-0.384268;0.225267;0.136235;1.158211;0.979465;1.093274;
0.059200;-0.384803;0.225757;0.136396;1.160482;0.982397;1.095959;
0.059210;-0.385335;0.226244;0.136555;1.162742;0.985320;1.098634;
0.059220;-0.385863;0.226730;0.136713;1.164989;0.988233;1.101298;
0.059230;-0.386387;0.227212;0.136869;1.167226;0.991137;1.103951;
0.059240;-0.386907;0.227693;0.137024;1.169450;0.994030;1.106593;
0.059250;-0.387424;0.228172;0.137178;1.171663;0.996914;1.109224;
0.059260;-0.387936;0.228648;0.137331;1.173865;0.999788;1.111844;
0.059270;-0.388445;0.229122;0.137482;1.176055;1.002652;1.114453;
0.059280;-0.388950;0.229593;0.137631;1.178233;1.005506;1.117051;
0.059290;-0.389451;0.230063;0.137780;1.180400;1.008351;1.119638;
0.059300;-0.389949;0.230530;0.137926;1.182555;1.011185;1.122214;
0.059310;-0.390442;0.230995;0.138072;1.184699;1.014009;1.124779;
0.059320;-0.390932;0.231457;0.138216;1.186830;1.016823;1.127333;
0.059330;-0.391418;0.231917;0.138359;1.188950;1.019628;1.129876;
0.059340;-0.391900;0.232375;0.138500;1.191059;1.022422;1.132407;
0.059350;-0.392378;0.232831;0.138640;1.193155;1.025206;1.134928;
0.059360;-0.392852;0.233284;0.138779;1.195240;1.027980;1.137437;
0.059370;-0.393323;0.233735;0.138916;1.197313;1.030743;1.139935;
0.059380;-0.393789;0.234184;0.139052;1.199374;1.033497;1.142421;
0.059390;-0.394252;0.234630;0.139187;1.201423;1.036240;1.144897;
0.059400;-0.394710;0.235074;0.139320;1.203461;1.038974;1.147361;
0.059410;-0.395165;0.235516;0.139452;1.205487;1.041696;1.149813;
0.059420;-0.395616;0.235956;0.139582;1.207500;1.044409;1.152255;
0.059430;-0.396063;0.236393;0.139711;1.209502;1.047111;1.154685;
0.059440;-0.396506;0.236827;0.139839;1.211492;1.049803;1.157103;
0.059450;-0.396946;0.237260;0.139965;1.213470;1.052484;1.159511;
0.059460;-0.397381;0.237690;0.140090;1.215436;1.055156;1.161906;
0.059470;-0.397812;0.238118;0.140213;1.217390;1.057816;1.164290;
0.059480;-0.398240;0.238543;0.140336;1.219333;1.060466;1.166663;
0.059490;-0.398663;0.238966;0.140456;1.221263;1.063106;1.169024;
0.059500;-0.399083;0.239386;0.140576;1.223181;1.065735;1.171374;
0.059510;-0.399499;0.239805;0.140693;1.225087;1.068354;1.173712;
0.059520;-0.399910;0.240221;0.140810;1.226981;1.070962;1.176038;
0.059530;-0.400318;0.240634;0.140925;1.228863;1.073560;1.178353;
0.059540;-0.400722;0.241045;0.141039;1.230733;1.076146;1.180656;
0.059550;-0.401122;0.241454;0.141151;1.232590;1.078723;1.182948;
0.059560;-0.401518;0.241860;0.141262;1.234436;1.081288;1.185227;
0.059570;-0.401910;0.242264;0.141371;1.236270;1.083843;1.187496;
0.059580;-0.402298;0.242666;0.141480;1.238091;1.086387;1.189752;
0.059590;-0.402682;0.243065;0.141586;1.239900;1.088921;1.191996;
0.059600;-0.403062;0.243462;0.141692;1.241697;1.091444;1.194229;
0.059610;-0.403438;0.243856;0.141796;1.243482;1.093955;1.196450;
0.059620;-0.403810;0.244248;0.141898;1.245254;1.096456;1.198659;
0.059630;-0.404178;0.244637;0.141999;1.247015;1.098947;1.200857;
0.059640;-0.404543;0.245025;0.142099;1.248763;1.101426;1.203042;
0.059650;-0.404903;0.245409;0.142197;1.250499;1.103895;1.205215;
0.059660;-0.405259;0.245791;0.142294;1.252222;1.106352;1.207377;
0.059670;-0.405611;0.246171;0.142390;1.253933;1.108799;1.209527;
0.059680;-0.405959;0.246549;0.142484;1.255632;1.111234;1.211664;
0.059690;-0.406304;0.246924;0.142576;1.257319;1.113659;1.213790;
0.059700;-0.406644;0.247296;0.142667;1.258993;1.116073;1.215904;
0.059710;-0.406980;0.247666;0.142757;1.260655;1.118475;1.218006;
0.059720;-0.407312;0.248034;0.142846;1.262304;1.120867;1.220095;
0.059730;-0.407640;0.248399;0.142933;1.263941;1.123248;1.222173;
0.059740;-0.407964;0.248762;0.143018;1.265566;1.125617;1.224238;
0.059750;-0.408284;0.249122;0.143103;1.267178;1.127975;1.226292;
0.059760;-0.408600;0.249480;0.143185;1.268778;1.130322;1.228333;
0.059770;-0.408912;0.249835;0.143267;1.270365;1.132658;1.230362;
0.059780;-0.409220;0.250188;0.143347;1.271940;1.134983;1.232379;
0.059790;-0.409524;0.250539;0.143425;1.273502;1.137297;1.234384;
0.059800;-0.409824;0.250887;0.143502;1.275052;1.139599;1.236376;
0.059810;-0.410120;0.251232;0.143578;1.276589;1.141890;1.238357;
0.059820;-0.410412;0.251575;0.143652;1.278114;1.144170;1.240325;
0.059830;-0.410700;0.251916;0.143725;1.279626;1.146438;1.242281;
0.059840;-0.410984;0.252254;0.143797;1.281126;1.148695;1.244224;
0.059850;-0.411263;0.252589;0.143867;1.282613;1.150941;1.246156;
0.059860;-0.411539;0.252922;0.143935;1.284087;1.153175;1.248075;
0.059870;-0.411810;0.253253;0.144003;1.285549;1.155398;1.249981;
0.059880;-0.412078;0.253581;0.144068;1.286998;1.157610;1.251875;
0.059890;-0.412341;0.253906;0.144133;1.288435;1.159810;1.253757;
0.059900;-0.412600;0.254230;0.144196;1.289858;1.161999;1.255627;
0.059910;-0.412856;0.254550;0.144257;1.291270;1.164176;1.257484;
0.059920;-0.413107;0.254868;0.144317;1.292668;1.166342;1.259329;
0.059930;-0.413354;0.255184;0.144376;1.294054;1.168496;1.261161;
0.059940;-0.413597;0.255497;0.144433;1.295427;1.170639;1.262981;
0.059950;-0.413836;0.255807;0.144489;1.296787;1.172770;1.264788;
0.059960;-0.414071;0.256115;0.144544;1.298135;1.174889;1.266583;
0.059970;-0.414302;0.256421;0.144597;1.299470;1.176997;1.268365;
0.059980;-0.414528;0.256724;0.144648;1.300792;1.179094;1.270135;
0.059990;-0.414751;0.257024;0.144698;1.302101;1.181178;1.271892;
0.060000;-0.414969;0.257322;0.144747;1.303397;1.183251;1.273636;
