time;MACHINE_machine_omegaPu;MACHINE_machine_UStatorPu;MACHINE_machine_PGenPu;BUSGEN_bus_p_v_0_;BUSHV_bus_p_v_0_;
0.000000;1.000000;0.920000;0.600000;1.271127;1.285957;
0.000020;1.000000;0.920023;0.600350;1.268222;1.285929;
0.000040;1.000000;0.920112;0.600591;1.265312;1.285839;
0.000060;1.000000;0.920256;0.600858;1.262380;1.285675;
0.000080;1.000000;0.920451;0.601145;1.259440;1.285424;
0.000100;1.000000;0.920689;0.601443;1.256504;1.285077;
0.000120;1.000000;0.920961;0.601744;1.253583;1.284622;
0.000140;1.000000;0.921257;0.602041;1.250688;1.284050;
0.000160;1.000000;0.921567;0.602324;1.247829;1.283351;
0.000180;1.000000;0.921878;0.602587;1.245015;1.282518;
0.000200;1.000000;0.922179;0.602821;1.242253;1.281542;
0.000220;1.000000;0.922457;0.603020;1.239552;1.280418;
0.000240;1.000000;0.922701;0.603176;1.236916;1.279140;
0.000260;1.000000;0.922900;0.603285;1.234350;1.277704;
0.000280;1.000000;0.923042;0.603339;1.231857;1.276108;
0.000300;1.000000;0.923119;0.603336;1.229438;1.274348;
0.000320;1.000000;0.923122;0.603270;1.227095;1.272425;
0.000340;1.000000;0.923044;0.603138;1.224826;1.270339;
0.000360;1.000000;0.922879;0.602938;1.222629;1.268093;
0.000380;1.000000;0.922623;0.602667;1.220500;1.265688;
0.000400;1.000000;0.922275;0.602325;1.218434;1.263131;
0.000420;1.000000;0.921831;0.601911;1.216424;1.260425;
0.000440;1.000000;0.921295;0.601425;1.214464;1.257578;
0.000460;1.000000;0.920666;0.600869;1.212544;1.254597;
0.000480;1.000000;0.919949;0.600244;1.210655;1.251490;
0.000500;1.000000;0.919148;0.599553;1.208786;1.248266;
0.000520;1.000000;0.918269;0.598800;1.206926;1.244935;
0.000540;1.000000;0.917317;0.597988;1.205063;1.241508;
0.000560;1.000000;0.916300;0.597124;1.203185;1.237995;
0.000580;1.000000;0.915227;0.596214;1.201278;1.234408;
0.000600;1.000000;0.914104;0.595263;1.199329;1.230759;
0.000620;1.000000;0.912942;0.594281;1.197325;1.227059;
0.000640;1.000000;0.911749;0.593276;1.195253;1.223319;
0.000660;1.000000;0.910535;0.592258;1.193099;1.219551;
0.000680;1.000000;0.909309;0.591238;1.190850;1.215767;
0.000700;1.000000;0.908080;0.590226;1.188495;1.211977;
0.000720;1.000000;0.906860;0.589236;1.186022;1.208192;
0.000740;1.000000;0.905657;0.588279;1.183419;1.204420;
0.000760;1.000000;0.904483;0.587369;1.180677;1.200672;
0.000780;1.000000;0.903347;0.586520;1.177787;1.196955;
0.000800;1.000000;0.902261;0.585745;1.174740;1.193277;
0.000820;1.000000;0.901235;0.585058;1.171530;1.189643;
0.000840;1.000000;0.900281;0.584473;1.168151;1.186058;
0.000860;1.000000;0.899410;0.584002;1.164598;1.182528;
0.000880;1.000000;0.898633;0.583658;1.160871;1.179054;
0.000900;1.000000;0.897963;0.583453;1.156965;1.175638;
0.000920;1.000000;0.897410;0.583396;1.152883;1.172281;
0.000940;1.000000;0.896988;0.583496;1.148624;1.168982;
0.000960;1.000000;0.896706;0.583761;1.144192;1.165739;
0.000980;1.000000;0.896576;0.584196;1.139592;1.162549;
0.001000;1.000000;0.896607;0.584804;1.134828;1.159407;
0.001020;1.000000;0.896809;0.585587;1.129908;1.156309;
0.001040;1.000000;0.897190;0.586543;1.124840;1.153247;
0.001060;1.000000;0.897755;0.587670;1.119632;1.150215;
0.001080;1.000000;0.898509;0.588961;1.114296;1.147204;
0.001100;1.000000;0.899454;0.590409;1.108843;1.144205;
0.001120;1.000000;0.900590;0.592002;1.103284;1.141209;
0.001140;1.000000;0.901915;0.593730;1.097633;1.138205;
0.001160;1.000000;0.903423;0.595576;1.091902;1.135183;
0.001180;1.000000;0.905107;0.597526;1.086106;1.132132;
0.001200;1.000000;0.906956;0.599560;1.080258;1.129041;
0.001220;1.000000;0.908955;0.601659;1.074372;1.125898;
0.001240;1.000000;0.911090;0.603804;1.068463;1.122692;
0.001260;1.000000;0.913341;0.605972;1.062544;1.119413;
0.001280;1.000000;0.915687;0.608141;1.056628;1.116049;
0.001300;1.000000;0.918106;0.610290;1.050729;1.112592;
0.001320;1.000000;0.920572;0.612397;1.044859;1.109030;
0.001340;1.000000;0.923059;0.614439;1.039030;1.105355;
0.001360;1.000000;0.925540;0.616397;1.033252;1.101560;
0.001380;1.000000;0.927988;0.618251;1.027536;1.097635;
0.001400;1.000000;0.930376;0.619982;1.021889;1.093577;
0.001420;1.000000;0.932675;0.621572;1.016319;1.089378;
0.001440;1.000000;0.934860;0.623008;1.010833;1.085035;
0.001460;0.999999;0.936906;0.624275;1.005435;1.080546;
0.001480;0.999999;0.938790;0.625362;1.000129;1.075907;
0.001500;0.999999;0.940489;0.626260;0.994917;1.071118;
0.001520;0.999999;0.941985;0.626962;0.989800;1.066181;
0.001540;0.999999;0.943262;0.627462;0.984776;1.061097;
0.001560;0.999999;0.944306;0.627760;0.979845;1.055869;
0.001580;0.999999;0.945107;0.627853;0.975001;1.050501;
0.001600;0.999999;0.945657;0.627744;0.970241;1.044999;
0.001620;0.999999;0.945951;0.627438;0.965558;1.039370;
0.001640;0.999999;0.945989;0.626940;0.960944;1.033620;
0.001660;0.999999;0.945774;0.626257;0.956392;1.027758;
0.001680;0.999999;0.945310;0.625401;0.951891;1.021795;
0.001700;0.999999;0.944606;0.624382;0.947431;1.015739;
0.001720;0.999999;0.943673;0.623213;0.943002;1.009601;
0.001740;0.999999;0.942525;0.621909;0.938590;1.003394;
0.001760;0.999999;0.941179;0.620486;0.934184;0.997128;
0.001780;0.999999;0.939652;0.618960;0.929771;0.990816;
0.001800;0.999999;0.937966;0.617348;0.925337;0.984470;
0.001820;0.999999;0.936142;0.615670;0.920870;0.978103;
0.001840;0.999999;0.934205;0.613944;0.916356;0.971725;
0.001860;0.999999;0.932179;0.612191;0.911782;0.965350;
0.001880;0.999999;0.930089;0.610429;0.907136;0.958988;
0.001900;0.999999;0.927963;0.608678;0.902405;0.952651;
0.001920;0.999999;0.925825;0.606960;0.897578;0.946350;
0.001940;0.999999;0.923704;0.605293;0.892644;0.940094;
0.001960;0.999999;0.921625;0.603696;0.887594;0.933892;
0.001980;0.999999;0.919615;0.602189;0.882417;0.927752;
0.002000;0.999999;0.917699;0.600789;0.877106;0.921682;
0.002020;0.999999;0.915901;0.599513;0.871654;0.915686;
0.002040;0.999999;0.914245;0.598376;0.866056;0.909770;
0.002060;0.999999;0.912753;0.597394;0.860308;0.903939;
0.002080;0.999999;0.911446;0.596578;0.854406;0.898192;
0.002100;0.999999;0.910343;0.595940;0.848348;0.892533;
0.002120;0.999999;0.909461;0.595488;0.842135;0.886961;
0.002140;0.999999;0.908816;0.595231;0.835767;0.881475;
0.002160;0.999999;0.908419;0.595172;0.829247;0.876071;
0.002180;0.999999;0.908283;0.595314;0.822578;0.870746;
0.002200;0.999999;0.908414;0.595657;0.815766;0.865494;
0.002220;0.999999;0.908817;0.596198;0.808817;0.860310;
0.002240;0.999999;0.909496;0.596932;0.801739;0.855186;
0.002260;0.999999;0.910448;0.597851;0.794539;0.850113;
0.002280;0.999999;0.911671;0.598945;0.787228;0.845083;
0.002300;0.999999;0.913156;0.600201;0.779815;0.840085;
0.002320;0.999999;0.914893;0.601604;0.772312;0.835108;
0.002340;0.999999;0.916868;0.603136;0.764730;0.830142;
0.002360;0.999999;0.919064;0.604779;0.757081;0.825173;
0.002380;0.999999;0.921461;0.606510;0.749378;0.820191;
0.002400;0.999999;0.924036;0.608307;0.741633;0.815183;
0.002420;0.999999;0.926761;0.610147;0.733860;0.810135;
0.002440;0.999999;0.929610;0.612002;0.726070;0.805036;
0.002460;0.999999;0.932551;0.613849;0.718278;0.799874;
0.002480;0.999999;0.935551;0.615661;0.710493;0.794636;
0.002500;0.999999;0.938575;0.617411;0.702730;0.789311;
0.002520;0.999999;0.941589;0.619073;0.694997;0.783888;
0.002540;0.999999;0.944554;0.620623;0.687307;0.778357;
0.002560;0.999999;0.947436;0.622037;0.679668;0.772708;
0.002580;0.999999;0.950198;0.623291;0.672090;0.766932;
0.002600;0.999999;0.952803;0.624365;0.664580;0.761022;
0.002620;0.999999;0.955217;0.625240;0.657144;0.754972;
0.002640;0.999999;0.957407;0.625897;0.649788;0.748775;
0.002660;0.999999;0.959341;0.626323;0.642516;0.742427;
0.002680;0.999999;0.960991;0.626506;0.635331;0.735926;
0.002700;0.999999;0.962330;0.626436;0.628235;0.729270;
0.002720;0.999999;0.963335;0.626106;0.621228;0.722457;
0.002740;0.999999;0.963987;0.625514;0.614310;0.715489;
0.002760;0.999999;0.964270;0.624656;0.607477;0.708368;
0.002780;0.999999;0.964172;0.623537;0.600727;0.701097;
0.002800;0.999999;0.963683;0.622160;0.594055;0.693680;
0.002820;0.999999;0.962800;0.620533;0.587455;0.686122;
0.002840;0.999999;0.961523;0.618667;0.580921;0.678432;
0.002860;0.999999;0.959856;0.616573;0.574445;0.670616;
0.002880;0.999999;0.957807;0.614268;0.568017;0.662684;
0.002900;0.999999;0.955389;0.611768;0.561628;0.654644;
0.002920;0.999999;0.952617;0.609092;0.555269;0.646508;
0.002940;0.999999;0.949512;0.606263;0.548927;0.638286;
0.002960;0.999999;0.946097;0.603301;0.542593;0.629989;
0.002980;0.999999;0.942398;0.600233;0.536254;0.621631;
0.003000;0.999999;0.938445;0.597081;0.529899;0.613223;
0.003020;0.999999;0.934271;0.593874;0.523516;0.604777;
0.003040;0.999999;0.929909;0.590637;0.517092;0.596307;
0.003060;0.999999;0.925398;0.587399;0.510617;0.587824;
0.003080;0.999999;0.920775;0.584186;0.504079;0.579341;
0.003100;0.999999;0.916080;0.581026;0.497468;0.570870;
0.003120;0.999999;0.911353;0.577947;0.490772;0.562423;
0.003140;0.999999;0.906635;0.574976;0.483983;0.554010;
0.003160;0.999999;0.901969;0.572139;0.477091;0.545641;
0.003180;0.999999;0.897394;0.569462;0.470089;0.537327;
0.003200;1.000000;0.892950;0.566969;0.462970;0.529076;
0.003220;1.000000;0.888679;0.564684;0.455727;0.520895;
0.003240;1.000000;0.884616;0.562628;0.448356;0.512791;
0.003260;1.000000;0.880799;0.560820;0.440853;0.504769;
0.003280;1.000000;0.877261;0.559280;0.433216;0.496836;
0.003300;1.000000;0.874035;0.558023;0.425443;0.488992;
0.003320;1.000000;0.871150;0.557062;0.417534;0.481242;
0.003340;1.000000;0.868631;0.556409;0.409491;0.473585;
0.003360;1.000000;0.866501;0.556072;0.401315;0.466021;
0.003380;1.000000;0.864779;0.556057;0.393011;0.458550;
0.003400;1.000000;0.863482;0.556366;0.384582;0.451167;
0.003420;1.000000;0.862620;0.556999;0.376035;0.443870;
0.003440;1.000000;0.862202;0.557954;0.367377;0.436654;
0.003460;1.000000;0.862229;0.559223;0.358615;0.429513;
0.003480;1.000000;0.862701;0.560796;0.349758;0.422439;
0.003500;1.000000;0.863612;0.562661;0.340815;0.415426;
0.003520;1.000000;0.864953;0.564802;0.331797;0.408465;
0.003540;1.000000;0.866708;0.567201;0.322715;0.401546;
0.003560;1.000000;0.868859;0.569835;0.313579;0.394660;
0.003580;1.000000;0.871384;0.572681;0.304401;0.387797;
0.003600;1.000000;0.874256;0.575712;0.295194;0.380946;
0.003620;1.000000;0.877445;0.578899;0.285969;0.374096;
0.003640;1.000000;0.880916;0.582212;0.276737;0.367236;
0.003660;1.000000;0.884634;0.585620;0.267512;0.360356;
0.003680;1.000000;0.888560;0.589089;0.258305;0.353444;
0.003700;1.000000;0.892651;0.592586;0.249127;0.346490;
0.003720;1.000000;0.896866;0.596075;0.239989;0.339484;
0.003740;1.000000;0.901160;0.599525;0.230901;0.332416;
0.003760;1.000000;0.905487;0.602900;0.221873;0.325276;
0.003780;1.000000;0.909804;0.606169;0.212914;0.318056;
0.003800;1.000000;0.914064;0.609299;0.204032;0.310748;
0.003820;0.999999;0.918224;0.612262;0.195234;0.303345;
0.003840;0.999999;0.922241;0.615030;0.186527;0.295841;
0.003860;0.999999;0.926075;0.617578;0.177916;0.288230;
0.003880;0.999999;0.929685;0.619882;0.169405;0.280510;
0.003900;0.999999;0.933036;0.621923;0.160997;0.272676;
0.003920;0.999999;0.936096;0.623685;0.152695;0.264726;
0.003940;0.999999;0.938833;0.625155;0.144499;0.256661;
0.003960;0.999999;0.941223;0.626322;0.136408;0.248479;
0.003980;0.999999;0.943242;0.627181;0.128423;0.240184;
0.004000;0.999999;0.944873;0.627728;0.120540;0.231776;
0.004020;0.999999;0.946103;0.627966;0.112755;0.223261;
0.004040;0.999999;0.946923;0.627897;0.105066;0.214642;
0.004060;0.999999;0.947328;0.627530;0.097466;0.205925;
0.004080;0.999999;0.947319;0.626876;0.089950;0.197118;
0.004100;0.999999;0.946901;0.625949;0.082510;0.188227;
0.004120;0.999999;0.946082;0.624766;0.075138;0.179261;
0.004140;0.999999;0.944878;0.623347;0.067828;0.170230;
0.004160;0.999999;0.943307;0.621715;0.060569;0.161142;
0.004180;0.999999;0.941390;0.619892;0.053352;0.152009;
0.004200;0.999999;0.939155;0.617905;0.046169;0.142840;
0.004220;0.999999;0.936630;0.615783;0.039009;0.133648;
0.004240;0.999999;0.933850;0.613553;0.031863;0.124443;
0.004260;0.999999;0.930850;0.611246;0.024720;0.115236;
0.004280;0.999999;0.927668;0.608891;0.017570;0.106040;
0.004300;0.999999;0.924346;0.606520;0.010405;0.096864;
0.004320;0.999999;0.920924;0.604163;0.003215;0.087722;
0.004340;0.999999;0.917448;0.601849;-0.004010;0.078622;
0.004360;0.999999;0.913960;0.599610;-0.011278;0.069575;
0.004380;0.999999;0.910506;0.597474;-0.018597;0.060592;
0.004400;0.999999;0.907129;0.595467;-0.025974;0.051680;
0.004420;0.999999;0.903874;0.593617;-0.033416;0.042850;
0.004440;0.999999;0.900782;0.591947;-0.040930;0.034107;
0.004460;0.999999;0.897895;0.590480;-0.048519;0.025459;
0.004480;0.999999;0.895250;0.589237;-0.056188;0.016912;
0.004500;0.999999;0.892884;0.588235;-0.063942;0.008470;
0.004520;0.999999;0.890831;0.587490;-0.071782;0.000138;
0.004540;0.999999;0.889120;0.587014;-0.079710;-0.008083;
0.004560;0.999999;0.887777;0.586816;-0.087726;-0.016190;
0.004580;0.999999;0.886825;0.586905;-0.095831;-0.024184;
0.004600;0.999999;0.886282;0.587283;-0.104022;-0.032063;
0.004620;0.999999;0.886161;0.587950;-0.112299;-0.039831;
0.004640;0.999999;0.886472;0.588904;-0.120657;-0.047490;
0.004660;0.999999;0.887219;0.590139;-0.129094;-0.055043;
0.004680;0.999999;0.888402;0.591644;-0.137604;-0.062496;
0.004700;0.999999;0.890015;0.593408;-0.146181;-0.069855;
0.004720;0.999999;0.892048;0.595413;-0.154821;-0.077125;
0.004740;0.999999;0.894487;0.597642;-0.163517;-0.084314;
0.004760;0.999999;0.897312;0.600072;-0.172260;-0.091430;
0.004780;0.999999;0.900501;0.602678;-0.181044;-0.098483;
0.004800;0.999999;0.904024;0.605434;-0.189860;-0.105481;
0.004820;0.999999;0.907852;0.608309;-0.198699;-0.112435;
0.004840;0.999999;0.911949;0.611274;-0.207554;-0.119355;
0.004860;0.999999;0.916277;0.614295;-0.216416;-0.126251;
0.004880;0.999999;0.920796;0.617339;-0.225275;-0.133134;
0.004900;0.999999;0.925462;0.620370;-0.234123;-0.140015;
0.004920;0.999998;0.930231;0.623355;-0.242951;-0.146904;
0.004940;0.999998;0.935056;0.626257;-0.251750;-0.153813;
0.004960;0.999998;0.939891;0.629044;-0.260513;-0.160752;
0.004980;0.999998;0.944688;0.631681;-0.269231;-0.167730;
0.005000;0.999998;0.949399;0.634136;-0.277897;-0.174758;
0.005020;0.999998;0.953978;0.636379;-0.286505;-0.181845;
0.005040;0.999998;0.958379;0.638383;-0.295046;-0.188998;
0.005060;0.999998;0.962558;0.640122;-0.303516;-0.196227;
0.005080;0.999998;0.966473;0.641572;-0.311910;-0.203537;
0.005100;0.999998;0.970083;0.642716;-0.320223;-0.210935;
0.005120;0.999998;0.973353;0.643537;-0.328450;-0.218427;
0.005140;0.999998;0.976247;0.644022;-0.336590;-0.226016;
0.005160;0.999998;0.978737;0.644164;-0.344640;-0.233706;
0.005180;0.999998;0.980795;0.643956;-0.352598;-0.241500;
0.005200;0.999998;0.982401;0.643399;-0.360464;-0.249398;
0.005220;0.999998;0.983535;0.642495;-0.368237;-0.257402;
0.005240;0.999998;0.984186;0.641251;-0.375919;-0.265509;
0.005260;0.999998;0.984345;0.639677;-0.383512;-0.273719;
0.005280;0.999998;0.984008;0.637786;-0.391017;-0.282029;
0.005300;0.999998;0.983177;0.635597;-0.398437;-0.290434;
0.005320;0.999998;0.981859;0.633128;-0.405778;-0.298930;
0.005340;0.999998;0.980064;0.630403;-0.413042;-0.307512;
0.005360;0.999998;0.977808;0.627446;-0.420235;-0.316172;
0.005380;0.999998;0.975112;0.624285;-0.427362;-0.324903;
0.005400;0.999998;0.972001;0.620949;-0.434429;-0.333697;
0.005420;0.999998;0.968503;0.617467;-0.441443;-0.342546;
0.005440;0.999998;0.964652;0.613871;-0.448410;-0.351439;
0.005460;0.999998;0.960483;0.610193;-0.455338;-0.360368;
0.005480;0.999998;0.956037;0.606465;-0.462233;-0.369322;
0.005500;0.999998;0.951354;0.602719;-0.469102;-0.378289;
0.005520;0.999998;0.946479;0.598988;-0.475953;-0.387261;
0.005540;0.999998;0.941459;0.595302;-0.482794;-0.396225;
0.005560;0.999999;0.936339;0.591692;-0.489631;-0.405172;
0.005580;0.999999;0.931170;0.588188;-0.496471;-0.414089;
0.005600;0.999999;0.925998;0.584817;-0.503322;-0.422966;
0.005620;0.999999;0.920871;0.581607;-0.510190;-0.431794;
0.005640;0.999999;0.915838;0.578581;-0.517081;-0.440562;
0.005660;0.999999;0.910943;0.575763;-0.524000;-0.449260;
0.005680;0.999999;0.906231;0.573173;-0.530954;-0.457881;
0.005700;0.999999;0.901744;0.570830;-0.537947;-0.466414;
0.005720;0.999999;0.897521;0.568751;-0.544984;-0.474853;
0.005740;0.999999;0.893598;0.566950;-0.552067;-0.483190;
0.005760;0.999999;0.890007;0.565437;-0.559200;-0.491420;
0.005780;0.999999;0.886778;0.564221;-0.566385;-0.499537;
0.005800;0.999999;0.883936;0.563310;-0.573624;-0.507537;
0.005820;0.999999;0.881500;0.562706;-0.580917;-0.515416;
0.005840;0.999999;0.879487;0.562411;-0.588265;-0.523172;
0.005860;0.999999;0.877909;0.562421;-0.595668;-0.530803;
0.005880;0.999999;0.876773;0.562734;-0.603124;-0.538310;
0.005900;0.999999;0.876080;0.563341;-0.610630;-0.545691;
0.005920;0.999999;0.875830;0.564233;-0.618185;-0.552950;
0.005940;0.999999;0.876014;0.565396;-0.625786;-0.560087;
0.005960;0.999999;0.876623;0.566815;-0.633427;-0.567107;
0.005980;0.999999;0.877641;0.568473;-0.641104;-0.574013;
0.006000;0.999999;0.879049;0.570350;-0.648813;-0.580811;
0.006020;0.999999;0.880824;0.572424;-0.656547;-0.587507;
0.006040;0.999999;0.882939;0.574670;-0.664300;-0.594106;
0.006060;0.999999;0.885366;0.577063;-0.672066;-0.600616;
0.006080;0.999999;0.888071;0.579575;-0.679837;-0.607044;
0.006100;0.999999;0.891020;0.582178;-0.687607;-0.613400;
0.006120;0.999999;0.894177;0.584844;-0.695367;-0.619691;
0.006140;0.999999;0.897501;0.587541;-0.703110;-0.625926;
0.006160;0.999999;0.900954;0.590240;-0.710827;-0.632115;
0.006180;0.999999;0.904494;0.592911;-0.718511;-0.638267;
0.006200;0.999999;0.908079;0.595524;-0.726154;-0.644391;
0.006220;0.999999;0.911669;0.598052;-0.733748;-0.650497;
0.006240;0.999999;0.915222;0.600467;-0.741286;-0.656593;
0.006260;0.999999;0.918697;0.602744;-0.748758;-0.662690;
0.006280;0.999999;0.922055;0.604858;-0.756160;-0.668795;
0.006300;0.999999;0.925258;0.606788;-0.763482;-0.674917;
0.006320;0.999999;0.928271;0.608515;-0.770720;-0.681064;
0.006340;0.999999;0.931061;0.610024;-0.777866;-0.687243;
0.006360;0.999999;0.933596;0.611299;-0.784916;-0.693460;
0.006380;0.999999;0.935848;0.612331;-0.791864;-0.699722;
0.006400;0.999999;0.937795;0.613113;-0.798707;-0.706034;
0.006420;0.999999;0.939414;0.613640;-0.805439;-0.712400;
0.006440;0.999999;0.940690;0.613912;-0.812059;-0.718823;
0.006460;0.999999;0.941609;0.613930;-0.818564;-0.725307;
0.006480;0.999999;0.942164;0.613701;-0.824953;-0.731854;
0.006500;0.999999;0.942349;0.613232;-0.831224;-0.738463;
0.006520;0.999999;0.942164;0.612534;-0.837377;-0.745135;
0.006540;0.999999;0.941615;0.611621;-0.843413;-0.751869;
0.006560;0.999999;0.940709;0.610509;-0.849335;-0.758663;
0.006580;0.999999;0.939459;0.609216;-0.855142;-0.765514;
0.006600;0.999999;0.937883;0.607760;-0.860840;-0.772419;
0.006620;0.999999;0.935999;0.606164;-0.866430;-0.779372;
0.006640;0.999999;0.933834;0.604450;-0.871918;-0.786369;
0.006660;0.999999;0.931412;0.602641;-0.877308;-0.793403;
0.006680;0.999999;0.928766;0.600761;-0.882606;-0.800468;
0.006700;0.999999;0.925926;0.598835;-0.887818;-0.807556;
0.006720;0.999999;0.922928;0.596886;-0.892950;-0.814659;
0.006740;0.999999;0.919807;0.594939;-0.898009;-0.821768;
0.006760;0.999999;0.916602;0.593018;-0.903003;-0.828875;
0.006780;0.999999;0.913349;0.591146;-0.907939;-0.835970;
0.006800;0.999999;0.910088;0.589344;-0.912824;-0.843045;
0.006820;0.999999;0.906856;0.587636;-0.917668;-0.850088;
0.006840;0.999999;0.903691;0.586039;-0.922477;-0.857092;
0.006860;0.999999;0.900628;0.584574;-0.927261;-0.864046;
0.006880;0.999999;0.897702;0.583257;-0.932026;-0.870941;
0.006900;0.999999;0.894946;0.582104;-0.936782;-0.877768;
0.006920;0.999999;0.892390;0.581130;-0.941534;-0.884517;
0.006940;0.999999;0.890063;0.580346;-0.946292;-0.891181;
0.006960;0.999999;0.887990;0.579763;-0.951062;-0.897752;
0.006980;0.999999;0.886192;0.579389;-0.955850;-0.904221;
0.007000;0.999999;0.884688;0.579231;-0.960662;-0.910584;
0.007020;0.999999;0.883495;0.579292;-0.965505;-0.916832;
0.007040;0.999999;0.882625;0.579576;-0.970382;-0.922962;
0.007060;0.999999;0.882086;0.580082;-0.975299;-0.928969;
0.007080;0.999999;0.881885;0.580808;-0.980258;-0.934850;
0.007100;0.999999;0.882024;0.581748;-0.985263;-0.940601;
0.007120;0.999999;0.882501;0.582898;-0.990314;-0.946221;
0.007140;0.999999;0.883313;0.584246;-0.995415;-0.951710;
0.007160;0.999999;0.884453;0.585783;-1.000565;-0.957067;
0.007180;0.999999;0.885911;0.587494;-1.005763;-0.962295;
0.007200;0.999999;0.887672;0.589364;-1.011008;-0.967394;
0.007220;0.999999;0.889722;0.591376;-1.016298;-0.972368;
0.007240;0.999999;0.892043;0.593511;-1.021631;-0.977222;
0.007260;0.999999;0.894613;0.595746;-1.027001;-0.981959;
0.007280;0.999999;0.897409;0.598060;-1.032406;-0.986587;
0.007300;0.999999;0.900406;0.600429;-1.037840;-0.991110;
0.007320;0.999999;0.903578;0.602828;-1.043297;-0.995536;
0.007340;0.999999;0.906895;0.605233;-1.048769;-0.999874;
0.007360;0.999999;0.910328;0.607617;-1.054252;-1.004131;
0.007380;0.999999;0.913844;0.609954;-1.059736;-1.008316;
0.007400;0.999999;0.917412;0.612220;-1.065214;-1.012438;
0.007420;0.999999;0.920998;0.614390;-1.070677;-1.016507;
0.007440;0.999999;0.924569;0.616439;-1.076117;-1.020532;
0.007460;0.999999;0.928093;0.618347;-1.081526;-1.024524;
0.007480;0.999999;0.931534;0.620091;-1.086893;-1.028492;
0.007500;0.999999;0.934862;0.621655;-1.092211;-1.032445;
0.007520;0.999999;0.938045;0.623020;-1.097470;-1.036394;
0.007540;0.999999;0.941053;0.624174;-1.102661;-1.040347;
0.007560;0.999999;0.943857;0.625106;-1.107777;-1.044313;
0.007580;0.999999;0.946432;0.625806;-1.112809;-1.048301;
0.007600;0.999999;0.948754;0.626271;-1.117750;-1.052318;
0.007620;0.999999;0.950801;0.626498;-1.122591;-1.056371;
0.007640;0.999999;0.952555;0.626487;-1.127327;-1.060468;
0.007660;0.999999;0.954003;0.626242;-1.131951;-1.064613;
0.007680;0.999999;0.955132;0.625770;-1.136458;-1.068811;
0.007700;0.999999;0.955934;0.625081;-1.140843;-1.073066;
0.007720;0.999999;0.956407;0.624186;-1.145103;-1.077381;
0.007740;0.999999;0.956549;0.623099;-1.149235;-1.081758;
0.007760;0.999999;0.956364;0.621836;-1.153236;-1.086198;
0.007780;0.999999;0.955860;0.620416;-1.157106;-1.090701;
0.007800;0.999999;0.955047;0.618856;-1.160844;-1.095265;
0.007820;0.999999;0.953941;0.617178;-1.164451;-1.099889;
0.007840;0.999999;0.952559;0.615403;-1.167929;-1.104570;
0.007860;0.999999;0.950922;0.613551;-1.171279;-1.109303;
0.007880;0.999999;0.949054;0.611645;-1.174506;-1.114083;
0.007900;0.999999;0.946980;0.609705;-1.177613;-1.118904;
0.007920;0.999999;0.944729;0.607752;-1.180606;-1.123761;
0.007940;0.999999;0.942330;0.605807;-1.183491;-1.128644;
0.007960;0.999999;0.939813;0.603889;-1.186274;-1.133546;
0.007980;0.999999;0.937211;0.602014;-1.188962;-1.138458;
0.008000;0.999999;0.934554;0.600201;-1.191563;-1.143370;
0.008020;0.999999;0.931874;0.598464;-1.194085;-1.148273;
0.008040;0.999999;0.929200;0.596818;-1.196538;-1.153156;
0.008060;0.999999;0.926564;0.595274;-1.198929;-1.158009;
0.008080;0.999999;0.923991;0.593842;-1.201268;-1.162821;
0.008100;0.999999;0.921509;0.592533;-1.203565;-1.167581;
0.008120;0.999999;0.919142;0.591353;-1.205828;-1.172280;
0.008140;0.999999;0.916910;0.590308;-1.208067;-1.176906;
0.008160;0.999999;0.914834;0.589404;-1.210291;-1.181449;
0.008180;0.999999;0.912928;0.588642;-1.212508;-1.185899;
0.008200;0.999999;0.911208;0.588024;-1.214728;-1.190248;
0.008220;0.999999;0.909684;0.587551;-1.216957;-1.194485;
0.008240;0.999999;0.908363;0.587221;-1.219204;-1.198604;
0.008260;0.999999;0.907252;0.587033;-1.221475;-1.202596;
0.008280;0.999999;0.906354;0.586982;-1.223776;-1.206456;
0.008300;0.999999;0.905668;0.587065;-1.226112;-1.210176;
0.008320;0.999999;0.905194;0.587276;-1.228487;-1.213753;
0.008340;0.999999;0.904927;0.587609;-1.230905;-1.217183;
0.008360;0.999999;0.904862;0.588055;-1.233369;-1.220462;
0.008380;0.999999;0.904992;0.588607;-1.235879;-1.223589;
0.008400;0.999999;0.905308;0.589256;-1.238436;-1.226563;
0.008420;0.999999;0.905800;0.589991;-1.241040;-1.229385;
0.008440;0.999999;0.906456;0.590802;-1.243689;-1.232055;
0.008460;0.999999;0.907265;0.591677;-1.246380;-1.234577;
0.008480;0.999999;0.908213;0.592605;-1.249110;-1.236953;
0.008500;0.999999;0.909286;0.593573;-1.251874;-1.239188;
0.008520;0.999999;0.910469;0.594568;-1.254666;-1.241288;
0.008540;0.999999;0.911747;0.595578;-1.257480;-1.243259;
0.008560;0.999999;0.913104;0.596590;-1.260308;-1.245107;
0.008580;0.999999;0.914523;0.597590;-1.263143;-1.246840;
0.008600;0.999999;0.915989;0.598567;-1.265976;-1.248467;
0.008620;0.999999;0.917483;0.599508;-1.268797;-1.249997;
0.008640;0.999999;0.918989;0.600401;-1.271597;-1.251439;
0.008660;0.999999;0.920489;0.601237;-1.274366;-1.252803;
0.008680;0.999999;0.921968;0.602006;-1.277092;-1.254099;
0.008700;0.999999;0.923407;0.602698;-1.279766;-1.255337;
0.008720;0.999999;0.924792;0.603307;-1.282376;-1.256527;
0.008740;0.999999;0.926106;0.603827;-1.284913;-1.257680;
0.008760;0.999999;0.927335;0.604253;-1.287365;-1.258806;
0.008780;0.999999;0.928465;0.604583;-1.289722;-1.259913;
0.008800;0.999999;0.929485;0.604816;-1.291974;-1.261013;
0.008820;0.999999;0.930384;0.604952;-1.294113;-1.262113;
0.008840;0.999999;0.931153;0.604993;-1.296129;-1.263221;
0.008860;0.999999;0.931785;0.604943;-1.298014;-1.264346;
0.008880;0.999999;0.932274;0.604806;-1.299761;-1.265494;
0.008900;0.999999;0.932619;0.604590;-1.301363;-1.266671;
0.008920;0.999999;0.932818;0.604302;-1.302816;-1.267883;
0.008940;0.999999;0.932872;0.603950;-1.304114;-1.269133;
0.008960;0.999999;0.932786;0.603545;-1.305255;-1.270425;
0.008980;0.999999;0.932566;0.603094;-1.306235;-1.271761;
0.009000;0.999999;0.932220;0.602610;-1.307054;-1.273142;
0.009020;0.999999;0.931758;0.602103;-1.307712;-1.274569;
0.009040;0.999999;0.931192;0.601582;-1.308210;-1.276039;
0.009060;0.999999;0.930536;0.601058;-1.308550;-1.277552;
0.009080;0.999999;0.929804;0.600541;-1.308736;-1.279104;
0.009100;0.999999;0.929011;0.600039;-1.308772;-1.280691;
0.009120;0.999999;0.928175;0.599561;-1.308664;-1.282308;
0.009140;0.999999;0.927312;0.599113;-1.308418;-1.283950;
0.009160;0.999999;0.926438;0.598703;-1.308041;-1.285609;
0.009180;0.999999;0.925570;0.598334;-1.307543;-1.287279;
0.009200;0.999999;0.924723;0.598011;-1.306932;-1.288950;
0.009220;0.999999;0.923910;0.597737;-1.306218;-1.290615;
0.009240;0.999999;0.923145;0.597513;-1.305412;-1.292264;
0.009260;0.999999;0.922440;0.597340;-1.304524;-1.293887;
0.009280;0.999999;0.921802;0.597217;-1.303566;-1.295475;
0.009300;0.999999;0.921240;0.597142;-1.302549;-1.297017;
0.009320;0.999999;0.920758;0.597115;-1.301484;-1.298504;
0.009340;0.999999;0.920360;0.597131;-1.300383;-1.299926;
0.009360;0.999999;0.920047;0.597188;-1.299258;-1.301271;
0.009380;0.999999;0.919817;0.597281;-1.298119;-1.302532;
0.009400;0.999999;0.919668;0.597406;-1.296977;-1.303698;
0.009420;0.999999;0.919594;0.597559;-1.295843;-1.304761;
0.009440;0.999999;0.919590;0.597734;-1.294725;-1.305712;
0.009460;0.999999;0.919648;0.597928;-1.293634;-1.306545;
0.009480;0.999999;0.919761;0.598135;-1.292576;-1.307251;
0.009500;0.999999;0.919918;0.598350;-1.291559;-1.307826;
0.009520;0.999999;0.920111;0.598570;-1.290589;-1.308263;
0.009540;0.999999;0.920330;0.598788;-1.289672;-1.308560;
0.009560;0.999999;0.920565;0.599002;-1.288810;-1.308713;
0.009580;0.999999;0.920808;0.599206;-1.288007;-1.308719;
0.009600;0.999999;0.921051;0.599397;-1.287265;-1.308578;
0.009620;0.999999;0.921285;0.599570;-1.286583;-1.308289;
0.009640;0.999999;0.921503;0.599722;-1.285961;-1.307855;
0.009660;0.999999;0.921699;0.599848;-1.285397;-1.307276;
0.009680;0.999999;0.921869;0.599945;-1.284887;-1.306556;
0.009700;0.999999;0.922008;0.600008;-1.284426;-1.305700;
0.009720;0.999999;0.922113;0.600035;-1.284010;-1.304712;
0.009740;0.999999;0.922180;0.600021;-1.283632;-1.303598;
0.009760;0.999999;0.922209;0.599964;-1.283283;-1.302366;
0.009780;0.999999;0.922199;0.599860;-1.282956;-1.301023;
0.009800;0.999999;0.922148;0.599706;-1.282640;-1.299577;
0.009820;0.999999;0.922056;0.599500;-1.282326;-1.298038;
0.009840;0.999999;0.921925;0.599241;-1.282003;-1.296414;
0.009860;0.999999;0.921753;0.598926;-1.281660;-1.294715;
0.009880;0.999999;0.921542;0.598556;-1.281286;-1.292953;
0.009900;0.999999;0.921292;0.598130;-1.280867;-1.291135;
0.009920;0.999999;0.921003;0.597649;-1.280393;-1.289274;
0.009940;0.999999;0.920678;0.597114;-1.279852;-1.287379;
0.009960;0.999999;0.920315;0.596530;-1.279232;-1.285460;
0.009980;0.999999;0.919917;0.595900;-1.278521;-1.283527;
0.010000;0.999999;0.919483;0.595229;-1.277709;-1.281589;
0.010020;0.999999;0.919016;0.594523;-1.276785;-1.279656;
0.010040;0.999999;0.918517;0.593788;-1.275739;-1.277735;
0.010060;0.999999;0.917988;0.593034;-1.274562;-1.275834;
0.010080;0.999999;0.917432;0.592269;-1.273246;-1.273959;
0.010100;0.999999;0.916852;0.591502;-1.271784;-1.272117;
0.010120;0.999999;0.916253;0.590745;-1.270170;-1.270313;
0.010140;0.999999;0.915638;0.590007;-1.268398;-1.268550;
0.010160;1.000000;0.915014;0.589300;-1.266465;-1.266832;
0.010180;1.000000;0.914388;0.588634;-1.264369;-1.265160;
0.010200;1.000000;0.913766;0.588021;-1.262107;-1.263536;
0.010220;1.000000;0.913158;0.587470;-1.259680;-1.261959;
0.010240;1.000000;0.912571;0.586991;-1.257089;-1.260428;
0.010260;1.000000;0.912016;0.586594;-1.254336;-1.258940;
0.010280;1.000000;0.911502;0.586286;-1.251426;-1.257491;
0.010300;1.000000;0.911039;0.586073;-1.248362;-1.256079;
0.010320;1.000000;0.910636;0.585961;-1.245152;-1.254696;
0.010340;1.000000;0.910303;0.585953;-1.241802;-1.253337;
0.010360;1.000000;0.910049;0.586052;-1.238321;-1.251994;
0.010380;1.000000;0.909882;0.586256;-1.234717;-1.250660;
0.010400;1.000000;0.909807;0.586566;-1.231001;-1.249325;
0.010420;1.000000;0.909831;0.586977;-1.227184;-1.247981;
0.010440;1.000000;0.909956;0.587484;-1.223276;-1.246619;
0.010460;1.000000;0.910185;0.588082;-1.219290;-1.245227;
0.010480;1.000000;0.910516;0.588761;-1.215238;-1.243796;
0.010500;1.000000;0.910948;0.589513;-1.211131;-1.242315;
0.010520;1.000000;0.911475;0.590326;-1.206983;-1.240773;
0.010540;1.000000;0.912091;0.591190;-1.202806;-1.239162;
0.010560;1.000000;0.912786;0.592091;-1.198612;-1.237470;
0.010580;1.000000;0.913551;0.593017;-1.194413;-1.235687;
0.010600;1.000000;0.914372;0.593955;-1.190221;-1.233805;
0.010620;1.000000;0.915235;0.594890;-1.186046;-1.231814;
0.010640;1.000000;0.916124;0.595810;-1.181898;-1.229707;
0.010660;1.000000;0.917025;0.596702;-1.177788;-1.227475;
0.010680;1.000000;0.917918;0.597552;-1.173723;-1.225113;
0.010700;1.000000;0.918789;0.598349;-1.169711;-1.222615;
0.010720;1.000000;0.919619;0.599082;-1.165758;-1.219976;
0.010740;1.000000;0.920391;0.599741;-1.161870;-1.217192;
0.010760;1.000000;0.921090;0.600317;-1.158051;-1.214260;
0.010780;1.000000;0.921702;0.600803;-1.154303;-1.211181;
0.010800;1.000000;0.922213;0.601191;-1.150628;-1.207952;
0.010820;1.000000;0.922610;0.601477;-1.147026;-1.204574;
0.010840;1.000000;0.922885;0.601657;-1.143496;-1.201050;
0.010860;1.000000;0.923029;0.601728;-1.140036;-1.197383;
0.010880;1.000000;0.923036;0.601690;-1.136641;-1.193577;
0.010900;1.000000;0.922903;0.601544;-1.133308;-1.189636;
0.010920;1.000000;0.922628;0.601290;-1.130030;-1.185568;
0.010940;1.000000;0.922212;0.600932;-1.126801;-1.181378;
0.010960;1.000000;0.921658;0.600474;-1.123611;-1.177076;
0.010980;1.000000;0.920970;0.599923;-1.120453;-1.172669;
0.011000;1.000000;0.920156;0.599284;-1.117315;-1.168168;
0.011020;1.000000;0.919224;0.598566;-1.114189;-1.163581;
0.011040;1.000000;0.918184;0.597777;-1.111062;-1.158920;
0.011060;1.000000;0.917048;0.596928;-1.107924;-1.154195;
0.011080;1.000000;0.915829;0.596030;-1.104761;-1.149418;
0.011100;1.000000;0.914541;0.595095;-1.101563;-1.144599;
0.011120;1.000000;0.913199;0.594134;-1.098317;-1.139749;
0.011140;1.000000;0.911819;0.593162;-1.095012;-1.134881;
0.011160;1.000000;0.910418;0.592192;-1.091635;-1.130004;
0.011180;1.000000;0.909013;0.591239;-1.088175;-1.125129;
0.011200;1.000000;0.907620;0.590318;-1.084621;-1.120267;
0.011220;1.000000;0.906257;0.589443;-1.080963;-1.115426;
0.011240;1.000000;0.904941;0.588630;-1.077191;-1.110615;
0.011260;1.000000;0.903690;0.587894;-1.073296;-1.105843;
0.011280;1.000000;0.902521;0.587249;-1.069272;-1.101117;
0.011300;1.000000;0.901452;0.586710;-1.065110;-1.096442;
0.011320;1.000000;0.900498;0.586291;-1.060806;-1.091824;
0.011340;1.000000;0.899676;0.586004;-1.056354;-1.087268;
0.011360;1.000000;0.899001;0.585861;-1.051752;-1.082776;
0.011380;1.000000;0.898488;0.585874;-1.046998;-1.078351;
0.011400;1.000000;0.898152;0.586050;-1.042090;-1.073993;
0.011420;1.000000;0.898006;0.586397;-1.037030;-1.069701;
0.011440;1.000000;0.898060;0.586922;-1.031819;-1.065476;
0.011460;1.000000;0.898327;0.587627;-1.026460;-1.061312;
0.011480;1.000000;0.898813;0.588514;-1.020958;-1.057208;
0.011500;1.000000;0.899527;0.589581;-1.015319;-1.053159;
0.011520;1.000000;0.900474;0.590827;-1.009548;-1.049157;
0.011540;1.000000;0.901655;0.592244;-1.003654;-1.045198;
0.011560;1.000000;0.903073;0.593825;-0.997646;-1.041272;
0.011580;1.000000;0.904724;0.595560;-0.991532;-1.037372;
0.011600;1.000000;0.906603;0.597435;-0.985324;-1.033489;
0.011620;1.000000;0.908702;0.599436;-0.979032;-1.029612;
0.011640;1.000000;0.911012;0.601545;-0.972668;-1.025733;
0.011660;1.000000;0.913517;0.603743;-0.966244;-1.021839;
0.011680;1.000000;0.916201;0.606011;-0.959772;-1.017921;
0.011700;0.999999;0.919045;0.608324;-0.953264;-1.013968;
0.011720;0.999999;0.922026;0.610661;-0.946733;-1.009968;
0.011740;0.999999;0.925119;0.612998;-0.940191;-1.005910;
0.011760;0.999999;0.928298;0.615309;-0.933649;-1.001785;
0.011780;0.999999;0.931532;0.617571;-0.927120;-0.997581;
0.011800;0.999999;0.934793;0.619758;-0.920614;-0.993289;
0.011820;0.999999;0.938047;0.621846;-0.914142;-0.988900;
0.011840;0.999999;0.941262;0.623813;-0.907713;-0.984405;
0.011860;0.999999;0.944406;0.625635;-0.901336;-0.979796;
0.011880;0.999999;0.947445;0.627293;-0.895019;-0.975066;
0.011900;0.999999;0.950346;0.628767;-0.888769;-0.970209;
0.011920;0.999999;0.953080;0.630040;-0.882590;-0.965220;
0.011940;0.999999;0.955616;0.631096;-0.876488;-0.960095;
0.011960;0.999999;0.957926;0.631924;-0.870466;-0.954831;
0.011980;0.999999;0.959984;0.632513;-0.864525;-0.949426;
0.012000;0.999999;0.961767;0.632854;-0.858666;-0.943879;
0.012020;0.999999;0.963255;0.632943;-0.852889;-0.938191;
0.012040;0.999999;0.964431;0.632776;-0.847192;-0.932363;
0.012060;0.999999;0.965281;0.632354;-0.841571;-0.926398;
0.012080;0.999999;0.965795;0.631680;-0.836023;-0.920300;
0.012100;0.999999;0.965966;0.630757;-0.830540;-0.914073;
0.012120;0.999999;0.965791;0.629594;-0.825118;-0.907724;
0.012140;0.999999;0.965272;0.628200;-0.819748;-0.901258;
0.012160;0.999999;0.964413;0.626586;-0.814421;-0.894685;
0.012180;0.999999;0.963221;0.624768;-0.809129;-0.888011;
0.012200;0.999999;0.961709;0.622759;-0.803860;-0.881247;
0.012220;0.999999;0.959891;0.620577;-0.798604;-0.874402;
0.012240;0.999999;0.957786;0.618242;-0.793350;-0.867485;
0.012260;0.999999;0.955413;0.615773;-0.788086;-0.860508;
0.012280;0.999999;0.952797;0.613191;-0.782800;-0.853481;
0.012300;0.999999;0.949964;0.610519;-0.777479;-0.846416;
0.012320;0.999999;0.946941;0.607779;-0.772112;-0.839322;
0.012340;0.999999;0.943758;0.604994;-0.766687;-0.832211;
0.012360;0.999999;0.940446;0.602189;-0.761192;-0.825094;
0.012380;0.999999;0.937036;0.599387;-0.755615;-0.817981;
0.012400;0.999999;0.933562;0.596612;-0.749946;-0.810881;
0.012420;0.999999;0.930058;0.593888;-0.744176;-0.803804;
0.012440;0.999999;0.926555;0.591238;-0.738294;-0.796758;
0.012460;1.000000;0.923089;0.588684;-0.732291;-0.789752;
0.012480;1.000000;0.919690;0.586248;-0.726162;-0.782792;
0.012500;1.000000;0.916392;0.583952;-0.719898;-0.775885;
0.012520;1.000000;0.913226;0.581814;-0.713494;-0.769036;
0.012540;1.000000;0.910220;0.579854;-0.706947;-0.762248;
0.012560;1.000000;0.907403;0.578087;-0.700252;-0.755526;
0.012580;1.000000;0.904801;0.576529;-0.693409;-0.748871;
0.012600;1.000000;0.902438;0.575192;-0.686416;-0.742283;
0.012620;1.000000;0.900336;0.574088;-0.679274;-0.735764;
0.012640;1.000000;0.898514;0.573225;-0.671985;-0.729311;
0.012660;1.000000;0.896989;0.572610;-0.664552;-0.722922;
0.012680;1.000000;0.895775;0.572246;-0.656980;-0.716593;
0.012700;1.000000;0.894881;0.572134;-0.649273;-0.710320;
0.012720;1.000000;0.894316;0.572272;-0.641438;-0.704098;
0.012740;1.000000;0.894083;0.572657;-0.633482;-0.697919;
0.012760;1.000000;0.894183;0.573282;-0.625415;-0.691777;
0.012780;1.000000;0.894612;0.574136;-0.617244;-0.685663;
0.012800;1.000000;0.895364;0.575207;-0.608981;-0.679569;
0.012820;1.000000;0.896428;0.576481;-0.600636;-0.673486;
0.012840;1.000000;0.897790;0.577939;-0.592219;-0.667403;
0.012860;1.000000;0.899433;0.579563;-0.583742;-0.661311;
0.012880;1.000000;0.901336;0.581331;-0.575218;-0.655198;
0.012900;1.000000;0.903474;0.583219;-0.566658;-0.649055;
0.012920;1.000000;0.905821;0.585202;-0.558073;-0.642871;
0.012940;1.000000;0.908346;0.587255;-0.549477;-0.636636;
0.012960;1.000000;0.911017;0.589349;-0.540880;-0.630338;
0.012980;1.000000;0.913800;0.591457;-0.532294;-0.623968;
0.013000;1.000000;0.916658;0.593551;-0.523730;-0.617517;
0.013020;1.000000;0.919555;0.595604;-0.515198;-0.610976;
0.013040;1.000000;0.922452;0.597587;-0.506707;-0.604335;
0.013060;1.000000;0.925310;0.599475;-0.498267;-0.597589;
0.013080;1.000000;0.928092;0.601242;-0.489886;-0.590729;
0.013100;1.000000;0.930758;0.602864;-0.481571;-0.583750;
0.013120;1.000000;0.933273;0.604318;-0.473328;-0.576647;
0.013140;1.000000;0.935602;0.605585;-0.465162;-0.569416;
0.013160;1.000000;0.937709;0.606648;-0.457078;-0.562054;
0.013180;1.000000;0.939566;0.607490;-0.449077;-0.554559;
0.013200;1.000000;0.941142;0.608100;-0.441164;-0.546931;
0.013220;1.000000;0.942414;0.608468;-0.433337;-0.539170;
0.013240;1.000000;0.943359;0.608586;-0.425597;-0.531278;
0.013260;1.000000;0.943958;0.608453;-0.417942;-0.523258;
0.013280;1.000000;0.944198;0.608066;-0.410369;-0.515113;
0.013300;1.000000;0.944067;0.607429;-0.402876;-0.506849;
0.013320;1.000000;0.943561;0.606547;-0.395457;-0.498471;
0.013340;1.000000;0.942677;0.605428;-0.388106;-0.489987;
0.013360;1.000000;0.941417;0.604083;-0.380819;-0.481403;
0.013380;1.000000;0.939788;0.602526;-0.373587;-0.472729;
0.013400;1.000000;0.937801;0.600773;-0.366403;-0.463975;
0.013420;1.000000;0.935471;0.598843;-0.359258;-0.455150;
0.013440;1.000000;0.932818;0.596755;-0.352144;-0.446264;
0.013460;1.000000;0.929863;0.594533;-0.345051;-0.437330;
0.013480;1.000000;0.926633;0.592199;-0.337970;-0.428358;
0.013500;1.000000;0.923158;0.589780;-0.330891;-0.419359;
0.013520;1.000000;0.919471;0.587302;-0.323805;-0.410347;
0.013540;1.000000;0.915605;0.584791;-0.316701;-0.401332;
0.013560;1.000000;0.911600;0.582276;-0.309571;-0.392326;
0.013580;1.000001;0.907493;0.579784;-0.302404;-0.383341;
0.013600;1.000001;0.903327;0.577344;-0.295193;-0.374387;
0.013620;1.000001;0.899143;0.574984;-0.287928;-0.365476;
0.013640;1.000001;0.894984;0.572731;-0.280603;-0.356617;
0.013660;1.000001;0.890892;0.570612;-0.273209;-0.347820;
0.013680;1.000001;0.886910;0.568653;-0.265740;-0.339094;
0.013700;1.000001;0.883081;0.566878;-0.258191;-0.330447;
0.013720;1.000001;0.879446;0.565312;-0.250557;-0.321886;
0.013740;1.000001;0.876043;0.563974;-0.242833;-0.313417;
0.013760;1.000001;0.872911;0.562886;-0.235017;-0.305046;
0.013780;1.000001;0.870085;0.562065;-0.227107;-0.296775;
0.013800;1.000001;0.867598;0.561526;-0.219101;-0.288610;
0.013820;1.000001;0.865479;0.561282;-0.211000;-0.280551;
0.013840;1.000001;0.863755;0.561343;-0.202804;-0.272599;
0.013860;1.000001;0.862448;0.561717;-0.194515;-0.264754;
0.013880;1.000001;0.861577;0.562408;-0.186136;-0.257016;
0.013900;1.000001;0.861157;0.563418;-0.177672;-0.249381;
0.013920;1.000001;0.861198;0.564744;-0.169125;-0.241845;
0.013940;1.000001;0.861706;0.566382;-0.160503;-0.234406;
0.013960;1.000001;0.862681;0.568323;-0.151810;-0.227056;
0.013980;1.000001;0.864120;0.570557;-0.143054;-0.219791;
0.014000;1.000001;0.866014;0.573067;-0.134243;-0.212602;
0.014020;1.000001;0.868352;0.575836;-0.125385;-0.205482;
0.014040;1.000001;0.871114;0.578844;-0.116487;-0.198422;
0.014060;1.000001;0.874280;0.582066;-0.107559;-0.191413;
0.014080;1.000001;0.877823;0.585477;-0.098610;-0.184447;
0.014100;1.000001;0.881714;0.589046;-0.089650;-0.177512;
0.014120;1.000000;0.885918;0.592745;-0.080687;-0.170598;
0.014140;1.000000;0.890399;0.596539;-0.071731;-0.163695;
0.014160;1.000000;0.895118;0.600395;-0.062791;-0.156793;
0.014180;1.000000;0.900031;0.604277;-0.053877;-0.149882;
0.014200;1.000000;0.905095;0.608151;-0.044998;-0.142950;
0.014220;1.000000;0.910264;0.611979;-0.036160;-0.135988;
0.014240;1.000000;0.915491;0.615725;-0.027374;-0.128986;
0.014260;1.000000;0.920728;0.619356;-0.018645;-0.121934;
0.014280;1.000000;0.925927;0.622835;-0.009980;-0.114825;
0.014300;1.000000;0.931043;0.626131;-0.001387;-0.107650;
0.014320;1.000000;0.936027;0.629213;0.007130;-0.100401;
0.014340;1.000000;0.940835;0.632052;0.015566;-0.093072;
0.014360;1.000000;0.945425;0.634621;0.023918;-0.085658;
0.014380;1.000000;0.949755;0.636898;0.032182;-0.078151;
0.014400;1.000000;0.953787;0.638863;0.040357;-0.070550;
0.014420;1.000000;0.957485;0.640499;0.048440;-0.062851;
0.014440;1.000000;0.960819;0.641794;0.056432;-0.055051;
0.014460;1.000000;0.963761;0.642737;0.064334;-0.047149;
0.014480;1.000000;0.966286;0.643323;0.072146;-0.039145;
0.014500;1.000000;0.968375;0.643551;0.079872;-0.031041;
0.014520;1.000000;0.970013;0.643424;0.087513;-0.022837;
0.014540;1.000000;0.971189;0.642946;0.095075;-0.014537;
0.014560;1.000000;0.971898;0.642127;0.102561;-0.006144;
0.014580;1.000000;0.972139;0.640981;0.109977;0.002337;
0.014600;1.000000;0.971914;0.639524;0.117328;0.010901;
0.014620;1.000000;0.971233;0.637774;0.124622;0.019541;
0.014640;1.000000;0.970108;0.635753;0.131865;0.028252;
0.014660;1.000000;0.968556;0.633487;0.139065;0.037024;
0.014680;1.000000;0.966600;0.631002;0.146229;0.045851;
0.014700;1.000000;0.964266;0.628325;0.153365;0.054723;
0.014720;1.000000;0.961581;0.625488;0.160482;0.063633;
0.014740;1.000000;0.958580;0.622520;0.167587;0.072569;
0.014760;1.000000;0.955299;0.619453;0.174689;0.081524;
0.014780;1.000000;0.951775;0.616321;0.181797;0.090487;
0.014800;1.000000;0.948051;0.613154;0.188917;0.099449;
0.014820;1.000000;0.944169;0.609985;0.196059;0.108401;
0.014840;1.000000;0.940173;0.606847;0.203230;0.117333;
0.014860;1.000000;0.936108;0.603769;0.210437;0.126235;
0.014880;1.000000;0.932020;0.600781;0.217686;0.135100;
0.014900;1.000000;0.927956;0.597912;0.224985;0.143919;
0.014920;1.000000;0.923959;0.595189;0.232338;0.152684;
0.014940;1.000000;0.920074;0.592637;0.239752;0.161387;
0.014960;1.000000;0.916344;0.590279;0.247230;0.170023;
0.014980;1.000000;0.912809;0.588135;0.254776;0.178585;
0.015000;1.000000;0.909508;0.586225;0.262394;0.187068;
0.015020;1.000000;0.906476;0.584564;0.270085;0.195467;
0.015040;1.000000;0.903745;0.583165;0.277852;0.203780;
0.015060;1.000000;0.901344;0.582039;0.285696;0.212003;
0.015080;1.000000;0.899298;0.581193;0.293615;0.220135;
0.015100;1.000000;0.897628;0.580633;0.301611;0.228174;
0.015120;1.000000;0.896350;0.580359;0.309681;0.236122;
0.015140;1.000000;0.895477;0.580371;0.317823;0.243977;
0.015160;1.000000;0.895015;0.580664;0.326034;0.251743;
0.015180;1.000000;0.894968;0.581230;0.334311;0.259422;
0.015200;1.000000;0.895334;0.582059;0.342650;0.267017;
0.015220;1.000000;0.896106;0.583138;0.351045;0.274532;
0.015240;1.000000;0.897273;0.584450;0.359492;0.281973;
0.015260;1.000000;0.898820;0.585976;0.367984;0.289344;
0.015280;1.000000;0.900726;0.587696;0.376515;0.296653;
0.015300;1.000000;0.902969;0.589586;0.385079;0.303905;
0.015320;1.000000;0.905520;0.591620;0.393668;0.311109;
0.015340;1.000000;0.908349;0.593772;0.402275;0.318270;
0.015360;1.000000;0.911422;0.596011;0.410892;0.325399;
0.015380;1.000000;0.914703;0.598309;0.419513;0.332502;
0.015400;1.000000;0.918152;0.600635;0.428128;0.339589;
0.015420;1.000000;0.921729;0.602958;0.436731;0.346666;
0.015440;1.000000;0.925392;0.605247;0.445313;0.353744;
0.015460;1.000000;0.929096;0.607472;0.453868;0.360830;
0.015480;1.000000;0.932800;0.609601;0.462387;0.367932;
0.015500;1.000000;0.936458;0.611608;0.470863;0.375058;
0.015520;1.000000;0.940028;0.613464;0.479291;0.382216;
0.015540;1.000000;0.943467;0.615144;0.487662;0.389413;
0.015560;1.000000;0.946734;0.616626;0.495972;0.396655;
0.015580;1.000000;0.949790;0.617887;0.504213;0.403948;
0.015600;1.000000;0.952596;0.618912;0.512383;0.411298;
0.015620;1.000000;0.955119;0.619683;0.520474;0.418710;
0.015640;1.000000;0.957327;0.620191;0.528485;0.426187;
0.015660;1.000000;0.959192;0.620425;0.536411;0.433733;
0.015680;1.000000;0.960689;0.620382;0.544249;0.441350;
0.015700;1.000000;0.961796;0.620059;0.551997;0.449039;
0.015720;1.000000;0.962498;0.619457;0.559654;0.456802;
0.015740;1.000000;0.962782;0.618583;0.567218;0.464638;
0.015760;1.000000;0.962640;0.617443;0.574690;0.472547;
0.015780;1.000000;0.962069;0.616049;0.582069;0.480526;
0.015800;1.000000;0.961070;0.614414;0.589357;0.488573;
0.015820;1.000000;0.959648;0.612557;0.596555;0.496684;
0.015840;1.000000;0.957815;0.610495;0.603665;0.504854;
0.015860;1.000000;0.955586;0.608249;0.610691;0.513080;
0.015880;1.000000;0.952979;0.605844;0.617634;0.521354;
0.015900;1.000000;0.950018;0.603302;0.624500;0.529670;
0.015920;1.000000;0.946730;0.600649;0.631292;0.538022;
0.015940;1.000000;0.943146;0.597913;0.638014;0.546401;
0.015960;1.000000;0.939300;0.595119;0.644672;0.554799;
0.015980;1.000000;0.935229;0.592296;0.651271;0.563208;
0.016000;1.000000;0.930972;0.589471;0.657816;0.571619;
0.016020;1.000000;0.926570;0.586671;0.664313;0.580023;
0.016040;1.000000;0.922066;0.583923;0.670767;0.588409;
0.016060;1.000000;0.917503;0.581252;0.677186;0.596769;
0.016080;1.000000;0.912926;0.578683;0.683574;0.605093;
0.016100;1.000000;0.908379;0.576241;0.689938;0.613372;
0.016120;1.000000;0.903905;0.573948;0.696283;0.621596;
0.016140;1.000001;0.899548;0.571825;0.702615;0.629756;
0.016160;1.000001;0.895348;0.569891;0.708940;0.637844;
0.016180;1.000001;0.891346;0.568165;0.715263;0.645851;
0.016200;1.000001;0.887577;0.566662;0.721588;0.653769;
0.016220;1.000001;0.884077;0.565396;0.727921;0.661590;
0.016240;1.000001;0.880877;0.564379;0.734266;0.669309;
0.016260;1.000001;0.878005;0.563622;0.740626;0.676919;
0.016280;1.000001;0.875485;0.563131;0.747005;0.684414;
0.016300;1.000001;0.873338;0.562912;0.753406;0.691789;
0.016320;1.000001;0.871581;0.562969;0.759831;0.699042;
0.016340;1.000001;0.870227;0.563303;0.766281;0.706168;
0.016360;1.000001;0.869284;0.563910;0.772758;0.713167;
0.016380;1.000001;0.868757;0.564788;0.779263;0.720035;
0.016400;1.000001;0.868648;0.565930;0.785795;0.726773;
0.016420;1.000001;0.868951;0.567327;0.792354;0.733382;
0.016440;1.000001;0.869662;0.568967;0.798938;0.739863;
0.016460;1.000001;0.870767;0.570836;0.805547;0.746217;
0.016480;1.000001;0.872254;0.572919;0.812176;0.752449;
0.016500;1.000001;0.874104;0.575197;0.818825;0.758561;
0.016520;1.000001;0.876297;0.577650;0.825488;0.764559;
0.016540;1.000001;0.878807;0.580255;0.832162;0.770447;
0.016560;1.000001;0.881610;0.582988;0.838843;0.776232;
0.016580;1.000001;0.884674;0.585824;0.845525;0.781921;
0.016600;1.000001;0.887970;0.588736;0.852203;0.787521;
0.016620;1.000001;0.891463;0.591696;0.858872;0.793039;
0.016640;1.000001;0.895119;0.594675;0.865526;0.798484;
0.016660;1.000001;0.898902;0.597646;0.872158;0.803864;
0.016680;1.000001;0.902774;0.600578;0.878762;0.809188;
0.016700;1.000001;0.906697;0.603444;0.885332;0.814465;
0.016720;1.000001;0.910633;0.606217;0.891860;0.819703;
0.016740;1.000001;0.914544;0.608869;0.898341;0.824913;
0.016760;1.000001;0.918393;0.611376;0.904767;0.830102;
0.016780;1.000000;0.922142;0.613714;0.911133;0.835280;
0.016800;1.000000;0.925756;0.615862;0.917431;0.840455;
0.016820;1.000000;0.929202;0.617801;0.923656;0.845635;
0.016840;1.000000;0.932446;0.619516;0.929802;0.850829;
0.016860;1.000000;0.935459;0.620991;0.935864;0.856043;
0.016880;1.000000;0.938215;0.622218;0.941836;0.861285;
0.016900;1.000000;0.940688;0.623189;0.947714;0.866561;
0.016920;1.000000;0.942857;0.623899;0.953493;0.871876;
0.016940;1.000000;0.944706;0.624347;0.959172;0.877235;
0.016960;1.000000;0.946220;0.624536;0.964745;0.882642;
0.016980;1.000000;0.947388;0.624470;0.970212;0.888101;
0.017000;1.000000;0.948205;0.624157;0.975569;0.893614;
0.017020;1.000000;0.948668;0.623608;0.980818;0.899182;
0.017040;1.000000;0.948779;0.622836;0.985956;0.904807;
0.017060;1.000000;0.948544;0.621857;0.990984;0.910487;
0.017080;1.000000;0.947971;0.620687;0.995904;0.916223;
0.017100;1.000000;0.947076;0.619347;1.000717;0.922012;
0.017120;1.000000;0.945873;0.617856;1.005426;0.927851;
0.017140;1.000000;0.944385;0.616236;1.010033;0.933738;
0.017160;1.000000;0.942633;0.614510;1.014543;0.939667;
0.017180;1.000000;0.940644;0.612700;1.018959;0.945633;
0.017200;1.000000;0.938447;0.610831;1.023288;0.951632;
0.017220;1.000000;0.936072;0.608924;1.027533;0.957655;
0.017240;1.000000;0.933550;0.607003;1.031702;0.963697;
0.017260;1.000000;0.930916;0.605089;1.035801;0.969750;
0.017280;1.000000;0.928202;0.603205;1.039836;0.975806;
0.017300;1.000000;0.925443;0.601371;1.043815;0.981857;
0.017320;1.000000;0.922673;0.599605;1.047745;0.987894;
0.017340;1.000000;0.919926;0.597927;1.051633;0.993908;
0.017360;1.000000;0.917232;0.596352;1.055488;0.999892;
0.017380;1.000000;0.914625;0.594895;1.059317;1.005835;
0.017400;1.000000;0.912132;0.593571;1.063127;1.011729;
0.017420;1.000000;0.909781;0.592391;1.066926;1.017566;
0.017440;1.000000;0.907597;0.591365;1.070723;1.023337;
0.017460;1.000000;0.905602;0.590501;1.074522;1.029034;
0.017480;1.000000;0.903817;0.589806;1.078333;1.034649;
0.017500;1.000000;0.902257;0.589285;1.082160;1.040176;
0.017520;1.000000;0.900938;0.588941;1.086009;1.045608;
0.017540;1.000000;0.899869;0.588775;1.089887;1.050939;
0.017560;1.000000;0.899060;0.588785;1.093797;1.056163;
0.017580;1.000000;0.898517;0.588971;1.097744;1.061276;
0.017600;1.000000;0.898240;0.589327;1.101732;1.066274;
0.017620;1.000000;0.898230;0.589846;1.105762;1.071154;
0.017640;1.000000;0.898485;0.590523;1.109837;1.075915;
0.017660;1.000000;0.898998;0.591346;1.113958;1.080554;
0.017680;1.000000;0.899762;0.592305;1.118125;1.085071;
0.017700;1.000000;0.900767;0.593387;1.122337;1.089467;
0.017720;1.000000;0.902000;0.594579;1.126594;1.093743;
0.017740;1.000000;0.903446;0.595864;1.130892;1.097902;
0.017760;1.000000;0.905090;0.597227;1.135228;1.101946;
0.017780;1.000000;0.906913;0.598649;1.139600;1.105879;
0.017800;1.000000;0.908896;0.600113;1.144002;1.109706;
0.017820;1.000000;0.911017;0.601601;1.148428;1.113432;
0.017840;1.000000;0.913253;0.603092;1.152874;1.117063;
0.017860;1.000000;0.915581;0.604568;1.157331;1.120605;
0.017880;1.000000;0.917977;0.606010;1.161793;1.124066;
0.017900;1.000000;0.920414;0.607399;1.166253;1.127453;
0.017920;1.000000;0.922867;0.608717;1.170701;1.130774;
0.017940;1.000000;0.925310;0.609949;1.175130;1.134037;
0.017960;1.000000;0.927716;0.611078;1.179530;1.137250;
0.017980;1.000000;0.930061;0.612091;1.183893;1.140423;
0.018000;1.000000;0.932317;0.612976;1.188210;1.143563;
0.018020;1.000000;0.934461;0.613721;1.192471;1.146678;
0.018040;1.000000;0.936470;0.614319;1.196668;1.149778;
0.018060;1.000000;0.938322;0.614763;1.200792;1.152869;
0.018080;1.000000;0.939997;0.615050;1.204834;1.155960;
0.018100;1.000000;0.941476;0.615179;1.208786;1.159058;
0.018120;1.000000;0.942745;0.615150;1.212641;1.162170;
0.018140;1.000000;0.943790;0.614967;1.216390;1.165301;
0.018160;1.000000;0.944602;0.614634;1.220028;1.168457;
0.018180;1.000000;0.945171;0.614160;1.223548;1.171643;
0.018200;1.000000;0.945496;0.613553;1.226946;1.174863;
0.018220;1.000000;0.945573;0.612825;1.230216;1.178120;
0.018240;1.000000;0.945407;0.611988;1.233355;1.181416;
0.018260;1.000000;0.945001;0.611055;1.236360;1.184752;
0.018280;1.000000;0.944365;0.610042;1.239230;1.188130;
0.018300;1.000000;0.943509;0.608964;1.241963;1.191549;
0.018320;1.000000;0.942449;0.607835;1.244559;1.195008;
0.018340;1.000000;0.941202;0.606673;1.247019;1.198504;
0.018360;1.000000;0.939785;0.605493;1.249346;1.202034;
0.018380;1.000000;0.938221;0.604310;1.251541;1.205594;
0.018400;1.000000;0.936533;0.603138;1.253609;1.209180;
0.018420;1.000000;0.934745;0.601991;1.255554;1.212785;
0.018440;1.000000;0.932880;0.600882;1.257381;1.216404;
0.018460;1.000000;0.930966;0.599823;1.259096;1.220030;
0.018480;1.000000;0.929026;0.598824;1.260706;1.223655;
0.018500;1.000000;0.927087;0.597894;1.262218;1.227270;
0.018520;1.000000;0.925171;0.597041;1.263641;1.230868;
0.018540;1.000000;0.923301;0.596271;1.264982;1.234439;
0.018560;1.000000;0.921498;0.595588;1.266250;1.237974;
0.018580;1.000000;0.919783;0.594998;1.267455;1.241464;
0.018600;1.000000;0.918171;0.594502;1.268604;1.244900;
0.018620;1.000000;0.916677;0.594101;1.269708;1.248271;
0.018640;1.000000;0.915314;0.593797;1.270776;1.251570;
0.018660;1.000000;0.914091;0.593587;1.271816;1.254785;
0.018680;1.000000;0.913015;0.593472;1.272837;1.257910;
0.018700;1.000000;0.912093;0.593447;1.273849;1.260935;
0.018720;1.000000;0.911325;0.593511;1.274858;1.263852;
0.018740;1.000000;0.910712;0.593660;1.275872;1.266655;
0.018760;1.000000;0.910252;0.593890;1.276899;1.269336;
0.018780;1.000000;0.909943;0.594196;1.277944;1.271890;
0.018800;1.000000;0.909778;0.594573;1.279013;1.274311;
0.018820;1.000000;0.909751;0.595016;1.280110;1.276595;
0.018840;1.000000;0.909855;0.595519;1.281239;1.278739;
0.018860;1.000000;0.910082;0.596076;1.282404;1.280739;
0.018880;1.000000;0.910422;0.596681;1.283605;1.282595;
0.018900;1.000000;0.910867;0.597326;1.284844;1.284305;
0.018920;1.000000;0.911405;0.598006;1.286120;1.285871;
0.018940;1.000000;0.912029;0.598713;1.287433;1.287292;
0.018960;1.000000;0.912727;0.599440;1.288779;1.288572;
0.018980;1.000000;0.913491;0.600177;1.290156;1.289714;
0.019000;1.000000;0.914309;0.600919;1.291560;1.290721;
0.019020;1.000000;0.915174;0.601656;1.292986;1.291599;
0.019040;1.000000;0.916074;0.602380;1.294427;1.292353;
0.019060;1.000000;0.917002;0.603083;1.295878;1.292990;
0.019080;1.000000;0.917947;0.603758;1.297329;1.293516;
0.019100;1.000000;0.918901;0.604396;1.298774;1.293940;
0.019120;1.000000;0.919855;0.604990;1.300203;1.294270;
0.019140;1.000000;0.920798;0.605533;1.301607;1.294514;
0.019160;1.000000;0.921723;0.606018;1.302977;1.294681;
0.019180;1.000000;0.922621;0.606440;1.304303;1.294781;
0.019200;1.000000;0.923483;0.606793;1.305574;1.294823;
0.019220;1.000000;0.924301;0.607075;1.306781;1.294816;
0.019240;1.000000;0.925066;0.607282;1.307912;1.294769;
0.019260;1.000000;0.925772;0.607412;1.308960;1.294692;
0.019280;1.000000;0.926410;0.607466;1.309912;1.294594;
0.019300;1.000000;0.926975;0.607444;1.310761;1.294482;
0.019320;1.000000;0.927462;0.607347;1.311498;1.294366;
0.019340;1.000000;0.927865;0.607180;1.312114;1.294252;
0.019360;1.000000;0.928182;0.606947;1.312602;1.294147;
0.019380;1.000000;0.928410;0.606653;1.312954;1.294058;
0.019400;1.000000;0.928549;0.606305;1.313165;1.293990;
0.019420;1.000000;0.928599;0.605911;1.313231;1.293948;
0.019440;1.000000;0.928562;0.605479;1.313145;1.293935;
0.019460;1.000000;0.928442;0.605018;1.312907;1.293953;
0.019480;1.000000;0.928245;0.604536;1.312513;1.294006;
0.019500;1.000000;0.927976;0.604044;1.311963;1.294093;
0.019520;1.000000;0.927643;0.603550;1.311257;1.294215;
0.019540;1.000000;0.927256;0.603064;1.310397;1.294371;
0.019560;1.000000;0.926824;0.602593;1.309384;1.294558;
0.019580;1.000000;0.926358;0.602147;1.308222;1.294774;
0.019600;1.000000;0.925870;0.601731;1.306915;1.295014;
0.019620;1.000000;0.925370;0.601353;1.305470;1.295274;
0.019640;1.000000;0.924870;0.601018;1.303893;1.295549;
0.019660;1.000000;0.924381;0.600729;1.302191;1.295831;
0.019680;1.000000;0.923914;0.600489;1.300372;1.296115;
0.019700;1.000000;0.923479;0.600301;1.298445;1.296392;
0.019720;1.000000;0.923083;0.600164;1.296420;1.296655;
0.019740;1.000000;0.922734;0.600078;1.294306;1.296894;
0.019760;1.000000;0.922438;0.600040;1.292114;1.297101;
0.019780;1.000000;0.922198;0.600048;1.289856;1.297268;
0.019800;1.000000;0.922016;0.600097;1.287541;1.297384;
0.019820;1.000000;0.921893;0.600183;1.285180;1.297441;
0.019840;1.000000;0.921826;0.600301;1.282786;1.297429;
0.019860;1.000000;0.921813;0.600443;1.280368;1.297339;
0.019880;1.000000;0.921847;0.600603;1.277936;1.297164;
0.019900;1.000000;0.921923;0.600776;1.275502;1.296893;
0.019920;1.000000;0.922033;0.600952;1.273075;1.296520;
0.019940;1.000000;0.922167;0.601126;1.270663;1.296038;
0.019960;1.000000;0.922315;0.601291;1.268274;1.295439;
0.019980;1.000000;0.922467;0.601438;1.265917;1.294718;
0.020000;1.000000;0.922612;0.601564;1.263598;1.293869;
0.020020;1.000000;0.922740;0.601660;1.261321;1.292889;
0.020040;1.000000;0.922839;0.601721;1.259093;1.291774;
0.020060;1.000000;0.922901;0.601743;1.256915;1.290521;
0.020080;1.000000;0.922915;0.601720;1.254791;1.289130;
0.020100;1.000000;0.922873;0.601649;1.252722;1.287599;
0.020120;1.000000;0.922769;0.601525;1.250708;1.285930;
0.020140;1.000000;0.922596;0.601347;1.248747;1.284123;
0.020160;1.000000;0.922349;0.601111;1.246837;1.282181;
0.020180;1.000000;0.922026;0.600816;1.244976;1.280108;
0.020200;1.000000;0.921625;0.600461;1.243158;1.277908;
0.020220;1.000000;0.921144;0.600046;1.241378;1.275586;
0.020240;1.000000;0.920585;0.599570;1.239629;1.273149;
0.020260;1.000000;0.919950;0.599034;1.237905;1.270603;
0.020280;1.000000;0.919242;0.598440;1.236197;1.267955;
0.020300;1.000000;0.918464;0.597790;1.234495;1.265214;
0.020320;1.000000;0.917621;0.597088;1.232792;1.262388;
0.020340;1.000000;0.916720;0.596335;1.231076;1.259486;
0.020360;1.000000;0.915766;0.595538;1.229337;1.256518;
0.020380;1.000000;0.914766;0.594702;1.227565;1.253493;
0.020400;1.000000;0.913728;0.593832;1.225748;1.250420;
0.020420;1.000000;0.912657;0.592935;1.223876;1.247310;
0.020440;1.000000;0.911563;0.592020;1.221938;1.244171;
0.020460;1.000000;0.910453;0.591096;1.219924;1.241014;
0.020480;1.000000;0.909334;0.590171;1.217822;1.237847;
0.020500;1.000000;0.908216;0.589256;1.215625;1.234678;
0.020520;1.000000;0.907106;0.588362;1.213321;1.231517;
0.020540;1.000000;0.906014;0.587500;1.210903;1.228370;
0.020560;1.000000;0.904947;0.586683;1.208363;1.225244;
0.020580;1.000000;0.903916;0.585923;1.205695;1.222146;
0.020600;1.000000;0.902929;0.585233;1.202891;1.219080;
0.020620;1.000000;0.901996;0.584624;1.199948;1.216051;
0.020640;1.000000;0.901128;0.584109;1.196861;1.213063;
0.020660;1.000000;0.900334;0.583699;1.193628;1.210118;
0.020680;1.000000;0.899624;0.583407;1.190248;1.207217;
0.020700;1.000000;0.899011;0.583241;1.186719;1.204362;
0.020720;1.000000;0.898503;0.583212;1.183043;1.201551;
0.020740;1.000000;0.898113;0.583325;1.179221;1.198783;
0.020760;1.000000;0.897849;0.583589;1.175258;1.196056;
0.020780;1.000000;0.897723;0.584007;1.171157;1.193367;
0.020800;1.000000;0.897742;0.584581;1.166923;1.190711;
0.020820;1.000000;0.897916;0.585313;1.162564;1.188082;
0.020840;1.000000;0.898250;0.586201;1.158086;1.185476;
0.020860;1.000000;0.898750;0.587241;1.153498;1.182884;
0.020880;1.000000;0.899421;0.588428;1.148809;1.180301;
0.020900;1.000000;0.900263;0.589753;1.144029;1.177717;
0.020920;1.000000;0.901275;0.591207;1.139168;1.175125;
0.020940;1.000000;0.902456;0.592778;1.134237;1.172516;
0.020960;1.000000;0.903800;0.594452;1.129247;1.169880;
0.020980;1.000000;0.905298;0.596215;1.124211;1.167208;
0.021000;1.000000;0.906941;0.598049;1.119138;1.164492;
0.021020;1.000000;0.908715;0.599936;1.114042;1.161721;
0.021040;1.000000;0.910604;0.601859;1.108933;1.158886;
0.021060;1.000000;0.912592;0.603797;1.103822;1.155980;
0.021080;1.000000;0.914659;0.605731;1.098721;1.152992;
0.021100;1.000000;0.916782;0.607641;1.093639;1.149915;
0.021120;1.000000;0.918940;0.609508;1.088587;1.146741;
0.021140;1.000000;0.921108;0.611312;1.083573;1.143464;
0.021160;1.000000;0.923263;0.613036;1.078604;1.140076;
0.021180;1.000000;0.925378;0.614661;1.073690;1.136573;
0.021200;1.000000;0.927430;0.616173;1.068834;1.132950;
0.021220;1.000000;0.929394;0.617556;1.064044;1.129204;
0.021240;1.000000;0.931247;0.618797;1.059321;1.125330;
0.021260;1.000000;0.932967;0.619886;1.054671;1.121329;
0.021280;1.000000;0.934535;0.620812;1.050093;1.117198;
0.021300;1.000000;0.935932;0.621568;1.045588;1.112939;
0.021320;1.000000;0.937141;0.622149;1.041156;1.108551;
0.021340;1.000000;0.938151;0.622551;1.036795;1.104039;
0.021360;1.000000;0.938949;0.622772;1.032500;1.099404;
0.021380;1.000000;0.939529;0.622813;1.028269;1.094651;
0.021400;0.999999;0.939885;0.622677;1.024095;1.089785;
0.021420;0.999999;0.940014;0.622367;1.019972;1.084812;
0.021440;0.999999;0.939919;0.621890;1.015893;1.079739;
0.021460;0.999999;0.939602;0.621254;1.011849;1.074573;
0.021480;0.999999;0.939070;0.620467;1.007831;1.069322;
0.021500;0.999999;0.938333;0.619542;1.003829;1.063995;
0.021520;0.999999;0.937401;0.618489;0.999832;1.058601;
0.021540;0.999999;0.936289;0.617322;0.995831;1.053149;
0.021560;0.999999;0.935013;0.616056;0.991813;1.047649;
0.021580;0.999999;0.933590;0.614707;0.987768;1.042111;
0.021600;0.999999;0.932040;0.613290;0.983683;1.036545;
0.021620;0.999999;0.930384;0.611824;0.979548;1.030959;
0.021640;0.999999;0.928643;0.610324;0.975350;1.025365;
0.021660;0.999999;0.926841;0.608810;0.971080;1.019770;
0.021680;0.999999;0.925001;0.607299;0.966725;1.014185;
0.021700;0.999999;0.923146;0.605811;0.962277;1.008617;
0.021720;0.999999;0.921302;0.604362;0.957725;1.003074;
0.021740;0.999999;0.919490;0.602972;0.953062;0.997562;
0.021760;0.999999;0.917736;0.601658;0.948278;0.992090;
0.021780;0.999999;0.916063;0.600436;0.943367;0.986661;
0.021800;0.999999;0.914492;0.599323;0.938323;0.981281;
0.021820;0.999999;0.913046;0.598335;0.933141;0.975953;
0.021840;0.999999;0.911746;0.597484;0.927817;0.970679;
0.021860;0.999999;0.910610;0.596785;0.922349;0.965462;
0.021880;0.999999;0.909657;0.596247;0.916734;0.960303;
0.021900;0.999999;0.908903;0.595881;0.910973;0.955199;
0.021920;0.999999;0.908363;0.595694;0.905066;0.950150;
0.021940;0.999999;0.908050;0.595691;0.899016;0.945154;
0.021960;0.999999;0.907974;0.595875;0.892825;0.940207;
0.021980;0.999999;0.908143;0.596248;0.886498;0.935304;
0.022000;0.999999;0.908565;0.596808;0.880041;0.930439;
0.022020;0.999999;0.909242;0.597551;0.873458;0.925607;
0.022040;0.999999;0.910174;0.598471;0.866758;0.920799;
0.022060;0.999999;0.911359;0.599559;0.859949;0.916009;
0.022080;0.999999;0.912792;0.600804;0.853040;0.911228;
0.022100;0.999999;0.914465;0.602193;0.846040;0.906446;
0.022120;0.999999;0.916366;0.603709;0.838958;0.901654;
0.022140;0.999999;0.918480;0.605335;0.831807;0.896842;
0.022160;0.999999;0.920790;0.607051;0.824595;0.892000;
0.022180;0.999999;0.923276;0.608838;0.817335;0.887117;
0.022200;0.999999;0.925914;0.610670;0.810038;0.882183;
0.022220;0.999999;0.928679;0.612526;0.802714;0.877188;
0.022240;0.999999;0.931542;0.614381;0.795374;0.872122;
0.022260;0.999999;0.934473;0.616209;0.788028;0.866974;
0.022280;0.999999;0.937441;0.617986;0.780688;0.861736;
0.022300;0.999999;0.940412;0.619687;0.773362;0.856399;
0.022320;0.999999;0.943352;0.621287;0.766060;0.850954;
0.022340;0.999999;0.946227;0.622763;0.758789;0.845394;
0.022360;0.999999;0.949002;0.624093;0.751558;0.839712;
0.022380;0.999999;0.951643;0.625256;0.744372;0.833901;
0.022400;0.999999;0.954116;0.626233;0.737238;0.827958;
0.022420;0.999999;0.956389;0.627006;0.730160;0.821877;
0.022440;0.999999;0.958432;0.627560;0.723142;0.815657;
0.022460;0.999999;0.960216;0.627884;0.716186;0.809294;
0.022480;0.999999;0.961715;0.627966;0.709294;0.802788;
0.022500;0.999999;0.962907;0.627800;0.702465;0.796139;
0.022520;0.999999;0.963770;0.627380;0.695700;0.789348;
0.022540;0.999999;0.964288;0.626705;0.688997;0.782418;
0.022560;0.999999;0.964449;0.625775;0.682351;0.775352;
0.022580;0.999999;0.964241;0.624594;0.675760;0.768155;
0.022600;0.999999;0.963660;0.623167;0.669219;0.760831;
0.022620;0.999999;0.962704;0.621504;0.662721;0.753387;
0.022640;0.999999;0.961375;0.619616;0.656260;0.745831;
0.022660;0.999999;0.959679;0.617515;0.649828;0.738169;
0.022680;0.999999;0.957625;0.615218;0.643418;0.730412;
0.022700;0.999999;0.955229;0.612743;0.637021;0.722568;
0.022720;0.999999;0.952506;0.610108;0.630627;0.714646;
0.022740;0.999999;0.949478;0.607334;0.624227;0.706658;
0.022760;0.999999;0.946169;0.604445;0.617812;0.698613;
0.022780;0.999999;0.942604;0.601463;0.611371;0.690523;
0.022800;0.999999;0.938815;0.598413;0.604895;0.682397;
0.022820;0.999999;0.934832;0.595321;0.598373;0.674249;
0.022840;0.999999;0.930689;0.592213;0.591797;0.666087;
0.022860;0.999999;0.926422;0.589114;0.585156;0.657922;
0.022880;0.999999;0.922068;0.586051;0.578443;0.649765;
0.022900;0.999999;0.917664;0.583051;0.571648;0.641626;
0.022920;0.999999;0.913250;0.580139;0.564764;0.633514;
0.022940;0.999999;0.908863;0.577341;0.557784;0.625436;
0.022960;0.999999;0.904543;0.574682;0.550702;0.617403;
0.022980;0.999999;0.900327;0.572184;0.543513;0.609420;
0.023000;1.000000;0.896253;0.569872;0.536211;0.601494;
0.023020;1.000000;0.892357;0.567765;0.528794;0.593631;
0.023040;1.000000;0.888674;0.565884;0.521259;0.585835;
0.023060;1.000000;0.885237;0.564247;0.513604;0.578109;
0.023080;1.000000;0.882076;0.562868;0.505830;0.570457;
0.023100;1.000000;0.879220;0.561763;0.497938;0.562880;
0.023120;1.000000;0.876694;0.560943;0.489928;0.555378;
0.023140;1.000000;0.874522;0.560416;0.481803;0.547951;
0.023160;1.000000;0.872722;0.560188;0.473569;0.540598;
0.023180;1.000000;0.871311;0.560264;0.465229;0.533315;
0.023200;1.000000;0.870300;0.560644;0.456788;0.526100;
0.023220;1.000000;0.869698;0.561325;0.448255;0.518949;
0.023240;1.000000;0.869511;0.562304;0.439636;0.511855;
0.023260;1.000000;0.869737;0.563570;0.430940;0.504814;
0.023280;1.000000;0.870374;0.565114;0.422174;0.497818;
0.023300;1.000000;0.871413;0.566921;0.413349;0.490860;
0.023320;1.000000;0.872844;0.568974;0.404475;0.483933;
0.023340;1.000000;0.874648;0.571255;0.395561;0.477028;
0.023360;1.000000;0.876808;0.573740;0.386618;0.470136;
0.023380;1.000000;0.879298;0.576406;0.377657;0.463249;
0.023400;1.000000;0.882092;0.579226;0.368688;0.456358;
0.023420;1.000000;0.885159;0.582172;0.359721;0.449453;
0.023440;1.000000;0.888465;0.585215;0.350768;0.442526;
0.023460;1.000000;0.891975;0.588323;0.341838;0.435567;
0.023480;1.000000;0.895651;0.591466;0.332941;0.428568;
0.023500;1.000000;0.899451;0.594612;0.324086;0.421521;
0.023520;1.000000;0.903335;0.597728;0.315283;0.414417;
0.023540;1.000000;0.907260;0.600783;0.306538;0.407250;
0.023560;1.000000;0.911184;0.603746;0.297861;0.400012;
0.023580;1.000000;0.915063;0.606587;0.289256;0.392698;
0.023600;1.000000;0.918857;0.609279;0.280731;0.385302;
0.023620;1.000000;0.922524;0.611794;0.272289;0.377820;
0.023640;1.000000;0.926025;0.614109;0.263936;0.370247;
0.023660;1.000000;0.929321;0.616202;0.255673;0.362582;
0.023680;1.000000;0.932379;0.618053;0.247503;0.354821;
0.023700;0.999999;0.935165;0.619646;0.239428;0.346965;
0.023720;0.999999;0.937651;0.620968;0.231447;0.339013;
0.023740;0.999999;0.939811;0.622010;0.223559;0.330966;
0.023760;0.999999;0.941623;0.622764;0.215763;0.322826;
0.023780;0.999999;0.943068;0.623227;0.208056;0.314595;
0.023800;0.999999;0.944134;0.623399;0.200433;0.306278;
0.023820;0.999999;0.944810;0.623284;0.192892;0.297879;
0.023840;0.999999;0.945092;0.622888;0.185426;0.289404;
0.023860;0.999999;0.944978;0.622221;0.178030;0.280858;
0.023880;0.999999;0.944472;0.621295;0.170696;0.272248;
0.023900;0.999999;0.943583;0.620127;0.163419;0.263582;
0.023920;0.999999;0.942322;0.618733;0.156189;0.254868;
0.023940;0.999999;0.940707;0.617136;0.149000;0.246114;
0.023960;0.999999;0.938758;0.615356;0.141843;0.237329;
0.023980;0.999999;0.936500;0.613418;0.134708;0.228523;
0.024000;0.999999;0.933960;0.611349;0.127588;0.219703;
0.024020;0.999999;0.931169;0.609175;0.120474;0.210881;
0.024040;0.999999;0.928162;0.606925;0.113357;0.202065;
0.024060;0.999999;0.924974;0.604627;0.106228;0.193265;
0.024080;0.999999;0.921644;0.602311;0.099079;0.184490;
0.024100;0.999999;0.918213;0.600005;0.091903;0.175748;
0.024120;0.999999;0.914723;0.597740;0.084690;0.167049;
0.024140;0.999999;0.911215;0.595543;0.077435;0.158400;
0.024160;0.999999;0.907732;0.593442;0.070130;0.149809;
0.024180;0.999999;0.904317;0.591464;0.062770;0.141284;
0.024200;0.999999;0.901013;0.589635;0.055348;0.132829;
0.024220;0.999999;0.897861;0.587978;0.047861;0.124451;
0.024240;0.999999;0.894900;0.586517;0.040304;0.116155;
0.024260;0.999999;0.892169;0.585271;0.032674;0.107945;
0.024280;0.999999;0.889703;0.584258;0.024968;0.099823;
0.024300;0.999999;0.887536;0.583495;0.017186;0.091792;
0.024320;0.999999;0.885697;0.582994;0.009325;0.083853;
0.024340;0.999999;0.884212;0.582765;0.001386;0.076007;
0.024360;0.999999;0.883106;0.582817;-0.006630;0.068253;
0.024380;0.999999;0.882397;0.583154;-0.014722;0.060589;
0.024400;0.999999;0.882099;0.583777;-0.022888;0.053013;
0.024420;0.999999;0.882223;0.584685;-0.031124;0.045522;
0.024440;0.999999;0.882775;0.585872;-0.039427;0.038111;
0.024460;0.999999;0.883756;0.587332;-0.047793;0.030777;
0.024480;0.999999;0.885163;0.589052;-0.056216;0.023512;
0.024500;0.999999;0.886987;0.591018;-0.064691;0.016311;
0.024520;0.999999;0.889217;0.593213;-0.073213;0.009166;
0.024540;0.999999;0.891836;0.595618;-0.081775;0.002071;
0.024560;0.999999;0.894821;0.598207;-0.090371;-0.004984;
0.024580;0.999999;0.898148;0.600958;-0.098993;-0.012006;
0.024600;0.999999;0.901788;0.603841;-0.107634;-0.019004;
0.024620;0.999999;0.905708;0.606828;-0.116288;-0.025988;
0.024640;0.999999;0.909872;0.609886;-0.124948;-0.032966;
0.024660;0.999999;0.914242;0.612984;-0.133605;-0.039948;
0.024680;0.999999;0.918777;0.616088;-0.142254;-0.046943;
0.024700;0.999999;0.923434;0.619164;-0.150886;-0.053961;
0.024720;0.999999;0.928169;0.622178;-0.159496;-0.061010;
0.024740;0.999999;0.932936;0.625097;-0.168078;-0.068098;
0.024760;0.999999;0.937690;0.627887;-0.176624;-0.075235;
0.024780;0.999999;0.942384;0.630516;-0.185130;-0.082427;
0.024800;0.999999;0.946972;0.632955;-0.193591;-0.089684;
0.024820;0.999999;0.951410;0.635174;-0.202001;-0.097010;
0.024840;0.999999;0.955654;0.637149;-0.210357;-0.104412;
0.024860;0.999999;0.959662;0.638854;-0.218656;-0.111897;
0.024880;0.999999;0.963396;0.640271;-0.226894;-0.119467;
0.024900;0.999999;0.966817;0.641381;-0.235069;-0.127128;
0.024920;0.999999;0.969892;0.642170;-0.243180;-0.134882;
0.024940;0.999999;0.972591;0.642629;-0.251225;-0.142732;
0.024960;0.999998;0.974886;0.642750;-0.259205;-0.150679;
0.024980;0.999998;0.976754;0.642531;-0.267120;-0.158723;
0.025000;0.999998;0.978177;0.641973;-0.274969;-0.166864;
0.025020;0.999998;0.979140;0.641079;-0.282756;-0.175101;
0.025040;0.999998;0.979633;0.639858;-0.290482;-0.183431;
0.025060;0.999998;0.979651;0.638321;-0.298150;-0.191852;
0.025080;0.999998;0.979194;0.636483;-0.305763;-0.200359;
0.025100;0.999998;0.978265;0.634361;-0.313325;-0.208949;
0.025120;0.999998;0.976874;0.631977;-0.320839;-0.217615;
0.025140;0.999998;0.975034;0.629353;-0.328310;-0.226352;
0.025160;0.999998;0.972763;0.626515;-0.335743;-0.235154;
0.025180;0.999999;0.970084;0.623489;-0.343143;-0.244012;
0.025200;0.999999;0.967021;0.620304;-0.350515;-0.252920;
0.025220;0.999999;0.963606;0.616990;-0.357866;-0.261869;
0.025240;0.999999;0.959873;0.613578;-0.365199;-0.270850;
0.025260;0.999999;0.955857;0.610098;-0.372522;-0.279856;
0.025280;0.999999;0.951598;0.606583;-0.379839;-0.288877;
0.025300;0.999999;0.947139;0.603064;-0.387156;-0.297903;
0.025320;0.999999;0.942522;0.599571;-0.394479;-0.306926;
0.025340;0.999999;0.937793;0.596135;-0.401813;-0.315937;
0.025360;0.999999;0.932997;0.592785;-0.409163;-0.324927;
0.025380;0.999999;0.928181;0.589550;-0.416534;-0.333887;
0.025400;0.999999;0.923392;0.586455;-0.423930;-0.342808;
0.025420;0.999999;0.918675;0.583527;-0.431355;-0.351683;
0.025440;0.999999;0.914076;0.580788;-0.438813;-0.360503;
0.025460;0.999999;0.909636;0.578260;-0.446308;-0.369261;
0.025480;0.999999;0.905398;0.575963;-0.453842;-0.377950;
0.025500;0.999999;0.901401;0.573912;-0.461416;-0.386565;
0.025520;0.999999;0.897680;0.572124;-0.469034;-0.395099;
0.025540;0.999999;0.894268;0.570610;-0.476697;-0.403548;
0.025560;0.999999;0.891195;0.569379;-0.484404;-0.411908;
0.025580;0.999999;0.888485;0.568440;-0.492156;-0.420174;
0.025600;0.999999;0.886161;0.567797;-0.499953;-0.428345;
0.025620;0.999999;0.884240;0.567450;-0.507793;-0.436418;
0.025640;0.999999;0.882733;0.567400;-0.515675;-0.444392;
0.025660;0.999999;0.881651;0.567642;-0.523596;-0.452267;
0.025680;0.999999;0.880996;0.568170;-0.531555;-0.460043;
0.025700;0.999999;0.880768;0.568974;-0.539548;-0.467721;
0.025720;0.999999;0.880961;0.570044;-0.547571;-0.475303;
0.025740;0.999999;0.881567;0.571364;-0.555619;-0.482792;
0.025760;0.999999;0.882572;0.572918;-0.563690;-0.490190;
0.025780;0.999999;0.883957;0.574686;-0.571776;-0.497503;
0.025800;0.999999;0.885702;0.576647;-0.579874;-0.504733;
0.025820;0.999999;0.887782;0.578778;-0.587978;-0.511886;
0.025840;0.999999;0.890168;0.581053;-0.596081;-0.518968;
0.025860;0.999999;0.892829;0.583447;-0.604178;-0.525985;
0.025880;0.999999;0.895733;0.585931;-0.612262;-0.532942;
0.025900;0.999999;0.898842;0.588478;-0.620327;-0.539846;
0.025920;0.999999;0.902120;0.591057;-0.628367;-0.546704;
0.025940;0.999999;0.905527;0.593639;-0.636374;-0.553523;
0.025960;0.999999;0.909023;0.596195;-0.644343;-0.560310;
0.025980;0.999999;0.912567;0.598696;-0.652267;-0.567071;
0.026000;0.999999;0.916118;0.601114;-0.660140;-0.573814;
0.026020;0.999999;0.919636;0.603421;-0.667955;-0.580546;
0.026040;0.999999;0.923080;0.605594;-0.675707;-0.587272;
0.026060;0.999999;0.926412;0.607606;-0.683391;-0.594000;
0.026080;0.999999;0.929593;0.609439;-0.691000;-0.600735;
0.026100;0.999999;0.932588;0.611071;-0.698530;-0.607484;
0.026120;0.999999;0.935363;0.612487;-0.705977;-0.614250;
0.026140;0.999999;0.937888;0.613672;-0.713336;-0.621039;
0.026160;0.999999;0.940135;0.614617;-0.720603;-0.627855;
0.026180;0.999999;0.942078;0.615312;-0.727776;-0.634701;
0.026200;0.999999;0.943696;0.615754;-0.734851;-0.641581;
0.026220;0.999999;0.944973;0.615942;-0.741827;-0.648496;
0.026240;0.999999;0.945894;0.615876;-0.748702;-0.655448;
0.026260;0.999999;0.946449;0.615561;-0.755474;-0.662438;
0.026280;0.999999;0.946634;0.615006;-0.762144;-0.669467;
0.026300;0.999999;0.946447;0.614219;-0.768711;-0.676532;
0.026320;0.999999;0.945891;0.613215;-0.775176;-0.683634;
0.026340;0.999999;0.944974;0.612008;-0.781539;-0.690771;
0.026360;0.999999;0.943708;0.610616;-0.787804;-0.697939;
0.026380;0.999999;0.942106;0.609057;-0.793971;-0.705136;
0.026400;0.999999;0.940190;0.607353;-0.800044;-0.712357;
0.026420;0.999999;0.937980;0.605526;-0.806026;-0.719598;
0.026440;0.999999;0.935504;0.603598;-0.811920;-0.726854;
0.026460;0.999999;0.932791;0.601594;-0.817731;-0.734120;
0.026480;0.999999;0.929871;0.599536;-0.823464;-0.741389;
0.026500;0.999999;0.926778;0.597451;-0.829122;-0.748655;
0.026520;0.999999;0.923548;0.595361;-0.834712;-0.755911;
0.026540;0.999999;0.920218;0.593292;-0.840238;-0.763151;
0.026560;0.999999;0.916826;0.591265;-0.845706;-0.770366;
0.026580;0.999999;0.913408;0.589304;-0.851122;-0.777550;
0.026600;0.999999;0.910004;0.587430;-0.856493;-0.784695;
0.026620;0.999999;0.906651;0.585664;-0.861823;-0.791794;
0.026640;0.999999;0.903386;0.584025;-0.867119;-0.798840;
0.026660;0.999999;0.900244;0.582531;-0.872388;-0.805824;
0.026680;0.999999;0.897258;0.581199;-0.877634;-0.812741;
0.026700;0.999999;0.894460;0.580042;-0.882864;-0.819583;
0.026720;0.999999;0.891880;0.579073;-0.888083;-0.826344;
0.026740;0.999999;0.889543;0.578305;-0.893296;-0.833019;
0.026760;0.999999;0.887474;0.577746;-0.898509;-0.839601;
0.026780;0.999999;0.885692;0.577403;-0.903726;-0.846085;
0.026800;0.999999;0.884216;0.577281;-0.908951;-0.852468;
0.026820;0.999999;0.883059;0.577384;-0.914188;-0.858745;
0.026840;0.999999;0.882232;0.577712;-0.919441;-0.864913;
0.026860;0.999999;0.881743;0.578264;-0.924713;-0.870970;
0.026880;0.999999;0.881594;0.579036;-0.930005;-0.876914;
0.026900;0.999999;0.881787;0.580023;-0.935320;-0.882744;
0.026920;0.999999;0.882319;0.581216;-0.940659;-0.888460;
0.026940;0.999999;0.883185;0.582606;-0.946023;-0.894063;
0.026960;0.999999;0.884374;0.584179;-0.951411;-0.899553;
0.026980;0.999999;0.885876;0.585922;-0.956823;-0.904933;
0.027000;0.999999;0.887676;0.587818;-0.962259;-0.910205;
0.027020;0.999999;0.889755;0.589848;-0.967716;-0.915372;
0.027040;0.999999;0.892095;0.591992;-0.973192;-0.920440;
0.027060;0.999999;0.894673;0.594230;-0.978684;-0.925413;
0.027080;0.999999;0.897465;0.596537;-0.984189;-0.930295;
0.027100;0.999999;0.900444;0.598891;-0.989704;-0.935094;
0.027120;0.999999;0.903581;0.601266;-0.995223;-0.939815;
0.027140;0.999999;0.906849;0.603637;-1.000742;-0.944466;
0.027160;0.999999;0.910214;0.605980;-1.006256;-0.949053;
0.027180;0.999999;0.913647;0.608268;-1.011760;-0.953584;
0.027200;0.999999;0.917113;0.610477;-1.017248;-0.958067;
0.027220;0.999999;0.920579;0.612583;-1.022713;-0.962509;
0.027240;0.999999;0.924014;0.614563;-1.028150;-0.966920;
0.027260;0.999999;0.927383;0.616398;-1.033553;-0.971307;
0.027280;0.999999;0.930654;0.618066;-1.038915;-0.975677;
0.027300;0.999999;0.933796;0.619550;-1.044230;-0.980040;
0.027320;0.999999;0.936779;0.620837;-1.049491;-0.984402;
0.027340;0.999999;0.939574;0.621913;-1.054694;-0.988770;
0.027360;0.999999;0.942154;0.622768;-1.059831;-0.993153;
0.027380;0.999999;0.944496;0.623396;-1.064897;-0.997556;
0.027400;0.999999;0.946577;0.623793;-1.069887;-1.001985;
0.027420;0.999999;0.948379;0.623957;-1.074797;-1.006446;
0.027440;0.999999;0.949885;0.623891;-1.079621;-1.010944;
0.027460;0.999999;0.951084;0.623599;-1.084356;-1.015482;
0.027480;0.999999;0.951966;0.623088;-1.088998;-1.020066;
0.027500;0.999999;0.952527;0.622369;-1.093545;-1.024696;
0.027520;0.999999;0.952764;0.621454;-1.097993;-1.029376;
0.027540;0.999999;0.952679;0.620356;-1.102342;-1.034107;
0.027560;0.999999;0.952279;0.619093;-1.106591;-1.038888;
0.027580;0.999999;0.951573;0.617682;-1.110738;-1.043720;
0.027600;0.999999;0.950574;0.616142;-1.114785;-1.048602;
0.027620;0.999999;0.949297;0.614493;-1.118732;-1.053530;
0.027640;0.999999;0.947763;0.612756;-1.122582;-1.058503;
0.027660;0.999999;0.945992;0.610952;-1.126336;-1.063517;
0.027680;0.999999;0.944011;0.609101;-1.129997;-1.068568;
0.027700;0.999999;0.941845;0.607225;-1.133570;-1.073650;
0.027720;0.999999;0.939523;0.605344;-1.137057;-1.078758;
0.027740;0.999999;0.937074;0.603476;-1.140465;-1.083886;
0.027760;0.999999;0.934529;0.601642;-1.143798;-1.089027;
0.027780;0.999999;0.931920;0.599857;-1.147062;-1.094173;
0.027800;0.999999;0.929276;0.598140;-1.150263;-1.099317;
0.027820;0.999999;0.926629;0.596504;-1.153407;-1.104451;
0.027840;0.999999;0.924007;0.594963;-1.156501;-1.109567;
0.027860;0.999999;0.921441;0.593529;-1.159553;-1.114656;
0.027880;0.999999;0.918956;0.592213;-1.162568;-1.119710;
0.027900;0.999999;0.916578;0.591023;-1.165554;-1.124720;
0.027920;0.999999;0.914329;0.589968;-1.168517;-1.129678;
0.027940;0.999999;0.912230;0.589052;-1.171466;-1.134575;
0.027960;0.999999;0.910299;0.588280;-1.174406;-1.139403;
0.027980;0.999999;0.908552;0.587656;-1.177344;-1.144156;
0.028000;0.999999;0.907000;0.587180;-1.180287;-1.148824;
0.028020;0.999999;0.905655;0.586854;-1.183239;-1.153402;
0.028040;0.999999;0.904523;0.586675;-1.186206;-1.157882;
0.028060;0.999999;0.903609;0.586641;-1.189192;-1.162260;
0.028080;0.999999;0.902916;0.586750;-1.192203;-1.166530;
0.028100;0.999999;0.902443;0.586995;-1.195241;-1.170687;
0.028120;0.999999;0.902189;0.587371;-1.198309;-1.174727;
0.028140;0.999999;0.902148;0.587871;-1.201409;-1.178649;
0.028160;0.999999;0.902316;0.588487;-1.204542;-1.182449;
0.028180;0.999999;0.902684;0.589209;-1.207710;-1.186126;
0.028200;0.999999;0.903242;0.590028;-1.210911;-1.189680;
0.028220;0.999999;0.903980;0.590932;-1.214144;-1.193111;
0.028240;0.999999;0.904886;0.591910;-1.217408;-1.196419;
0.028260;0.999999;0.905946;0.592950;-1.220700;-1.199608;
0.028280;0.999999;0.907147;0.594038;-1.224016;-1.202679;
0.028300;0.999999;0.908473;0.595161;-1.227351;-1.205636;
0.028320;0.999999;0.909907;0.596305;-1.230702;-1.208483;
0.028340;0.999999;0.911434;0.597457;-1.234062;-1.211225;
0.028360;0.999999;0.913035;0.598602;-1.237425;-1.213867;
0.028380;0.999999;0.914694;0.599727;-1.240783;-1.216415;
0.028400;0.999999;0.916391;0.600819;-1.244130;-1.218876;
0.028420;0.999999;0.918109;0.601865;-1.247457;-1.221257;
0.028440;0.999999;0.919829;0.602854;-1.250757;-1.223564;
0.028460;0.999999;0.921532;0.603773;-1.254020;-1.225805;
0.028480;0.999999;0.923200;0.604614;-1.257239;-1.227987;
0.028500;0.999999;0.924816;0.605367;-1.260403;-1.230119;
0.028520;0.999999;0.926363;0.606026;-1.263505;-1.232208;
0.028540;0.999999;0.927823;0.606585;-1.266535;-1.234261;
0.028560;0.999999;0.929183;0.607039;-1.269485;-1.236285;
0.028580;0.999999;0.930429;0.607387;-1.272346;-1.238289;
0.028600;0.999999;0.931547;0.607628;-1.275111;-1.240278;
0.028620;0.999999;0.932527;0.607763;-1.277771;-1.242259;
0.028640;0.999999;0.933362;0.607795;-1.280320;-1.244239;
0.028660;0.999999;0.934043;0.607727;-1.282750;-1.246221;
0.028680;0.999999;0.934567;0.607566;-1.285057;-1.248212;
0.028700;0.999999;0.934931;0.607319;-1.287234;-1.250215;
0.028720;0.999999;0.935136;0.606993;-1.289277;-1.252233;
0.028740;0.999999;0.935184;0.606598;-1.291183;-1.254270;
0.028760;0.999999;0.935080;0.606145;-1.292949;-1.256326;
0.028780;0.999999;0.934831;0.605642;-1.294573;-1.258404;
0.028800;0.999999;0.934446;0.605102;-1.296054;-1.260503;
0.028820;0.999999;0.933936;0.604535;-1.297392;-1.262622;
0.028840;0.999999;0.933315;0.603952;-1.298588;-1.264760;
0.028860;0.999999;0.932597;0.603363;-1.299643;-1.266915;
0.028880;0.999999;0.931797;0.602779;-1.300560;-1.269084;
0.028900;0.999999;0.930933;0.602208;-1.301344;-1.271262;
0.028920;0.999999;0.930020;0.601659;-1.301998;-1.273446;
0.028940;0.999999;0.929078;0.601140;-1.302528;-1.275630;
0.028960;0.999999;0.928122;0.600656;-1.302939;-1.277809;
0.028980;0.999999;0.927169;0.600214;-1.303239;-1.279975;
0.029000;0.999999;0.926236;0.599818;-1.303434;-1.282122;
0.029020;0.999999;0.925336;0.599471;-1.303532;-1.284243;
0.029040;0.999999;0.924484;0.599174;-1.303542;-1.286330;
0.029060;0.999999;0.923691;0.598929;-1.303473;-1.288375;
0.029080;0.999999;0.922966;0.598736;-1.303332;-1.290371;
0.029100;0.999999;0.922317;0.598594;-1.303129;-1.292308;
0.029120;0.999999;0.921750;0.598501;-1.302874;-1.294179;
0.029140;0.999999;0.921269;0.598456;-1.302574;-1.295975;
0.029160;0.999999;0.920875;0.598454;-1.302240;-1.297690;
0.029180;0.999999;0.920568;0.598493;-1.301880;-1.299315;
0.029200;0.999999;0.920346;0.598568;-1.301502;-1.300842;
0.029220;0.999999;0.920204;0.598677;-1.301114;-1.302266;
0.029240;0.999999;0.920138;0.598814;-1.300724;-1.303579;
0.029260;0.999999;0.920142;0.598974;-1.300338;-1.304777;
0.029280;0.999999;0.920207;0.599154;-1.299962;-1.305854;
0.029300;0.999999;0.920326;0.599349;-1.299603;-1.306805;
0.029320;0.999999;0.920490;0.599554;-1.299264;-1.307627;
0.029340;0.999999;0.920691;0.599765;-1.298949;-1.308317;
0.029360;0.999999;0.920919;0.599978;-1.298661;-1.308873;
0.029380;0.999999;0.921168;0.600187;-1.298403;-1.309294;
0.029400;0.999999;0.921428;0.600388;-1.298174;-1.309579;
0.029420;0.999999;0.921692;0.600577;-1.297975;-1.309729;
0.029440;0.999999;0.921953;0.600750;-1.297805;-1.309746;
0.029460;0.999999;0.922205;0.600901;-1.297662;-1.309632;
0.029480;0.999999;0.922443;0.601028;-1.297542;-1.309389;
0.029500;0.999999;0.922663;0.601125;-1.297443;-1.309022;
0.029520;0.999999;0.922859;0.601188;-1.297359;-1.308536;
0.029540;0.999999;0.923028;0.601213;-1.297284;-1.307935;
0.029560;0.999999;0.923168;0.601197;-1.297213;-1.307226;
0.029580;0.999999;0.923276;0.601135;-1.297138;-1.306415;
0.029600;0.999999;0.923351;0.601025;-1.297052;-1.305509;
0.029620;0.999999;0.923390;0.600864;-1.296946;-1.304517;
0.029640;0.999999;0.923392;0.600649;-1.296812;-1.303445;
0.029660;0.999999;0.923356;0.600379;-1.296641;-1.302302;
0.029680;0.999999;0.923281;0.600052;-1.296423;-1.301097;
0.029700;0.999999;0.923165;0.599670;-1.296150;-1.299837;
0.029720;0.999999;0.923007;0.599231;-1.295812;-1.298532;
0.029740;0.999999;0.922808;0.598739;-1.295400;-1.297190;
0.029760;0.999999;0.922566;0.598196;-1.294904;-1.295818;
0.029780;0.999999;0.922280;0.597606;-1.294316;-1.294425;
0.029800;0.999999;0.921952;0.596973;-1.293628;-1.293018;
0.029820;0.999999;0.921581;0.596304;-1.292831;-1.291604;
0.029840;0.999999;0.921168;0.595604;-1.291918;-1.290191;
0.029860;0.999999;0.920714;0.594883;-1.290883;-1.288783;
0.029880;0.999999;0.920223;0.594149;-1.289720;-1.287387;
0.029900;0.999999;0.919697;0.593410;-1.288423;-1.286006;
0.029920;0.999999;0.919140;0.592677;-1.286989;-1.284645;
0.029940;0.999999;0.918557;0.591960;-1.285414;-1.283307;
0.029960;0.999999;0.917955;0.591269;-1.283696;-1.281994;
0.029980;0.999999;0.917338;0.590614;-1.281835;-1.280707;
0.030000;0.999999;0.916717;0.590006;-1.279829;-1.279448;
0.030020;0.999999;0.916098;0.589453;-1.277679;-1.278214;
0.030040;0.999999;0.915490;0.588965;-1.275388;-1.277006;
0.030060;1.000000;0.914904;0.588551;-1.272959;-1.275821;
0.030080;1.000000;0.914350;0.588215;-1.270395;-1.274656;
0.030100;1.000000;0.913836;0.587966;-1.267702;-1.273507;
0.030120;1.000000;0.913373;0.587806;-1.264885;-1.272370;
0.030140;1.000000;0.912970;0.587739;-1.261952;-1.271240;
0.030160;1.000000;0.912635;0.587767;-1.258909;-1.270111;
0.030180;1.000000;0.912377;0.587888;-1.255765;-1.268976;
0.030200;1.000000;0.912200;0.588102;-1.252528;-1.267829;
0.030220;1.000000;0.912111;0.588405;-1.249209;-1.266662;
0.030240;1.000000;0.912113;0.588793;-1.245817;-1.265467;
0.030260;1.000000;0.912206;0.589258;-1.242362;-1.264238;
0.030280;1.000000;0.912390;0.589794;-1.238855;-1.262965;
0.030300;1.000000;0.912663;0.590391;-1.235305;-1.261641;
0.030320;1.000000;0.913020;0.591041;-1.231725;-1.260257;
0.030340;1.000000;0.913454;0.591732;-1.228123;-1.258806;
0.030360;1.000000;0.913958;0.592454;-1.224511;-1.257281;
0.030380;1.000000;0.914520;0.593195;-1.220897;-1.255673;
0.030400;1.000000;0.915129;0.593942;-1.217292;-1.253976;
0.030420;1.000000;0.915772;0.594686;-1.213703;-1.252183;
0.030440;1.000000;0.916435;0.595413;-1.210140;-1.250289;
0.030460;1.000000;0.917103;0.596112;-1.206610;-1.248288;
0.030480;1.000000;0.917761;0.596774;-1.203119;-1.246176;
0.030500;1.000000;0.918393;0.597387;-1.199673;-1.243949;
0.030520;1.000000;0.918985;0.597942;-1.196277;-1.241604;
0.030540;1.000000;0.919523;0.598432;-1.192934;-1.239138;
0.030560;1.000000;0.919991;0.598848;-1.189647;-1.236551;
0.030580;1.000000;0.920379;0.599185;-1.186419;-1.233842;
0.030600;1.000000;0.920674;0.599437;-1.183248;-1.231011;
0.030620;1.000000;0.920867;0.599600;-1.180136;-1.228061;
0.030640;1.000000;0.920951;0.599671;-1.177080;-1.224993;
0.030660;1.000000;0.920918;0.599650;-1.174077;-1.221811;
0.030680;1.000000;0.920766;0.599535;-1.171125;-1.218518;
0.030700;1.000000;0.920492;0.599327;-1.168217;-1.215119;
0.030720;1.000000;0.920095;0.599028;-1.165349;-1.211620;
0.030740;1.000000;0.919577;0.598642;-1.162514;-1.208028;
0.030760;1.000000;0.918942;0.598171;-1.159705;-1.204348;
0.030780;1.000000;0.918196;0.597623;-1.156913;-1.200589;
0.030800;1.000000;0.917345;0.597002;-1.154131;-1.196758;
0.030820;1.000000;0.916398;0.596317;-1.151348;-1.192863;
0.030840;1.000000;0.915364;0.595575;-1.148555;-1.188914;
0.030860;1.000000;0.914255;0.594785;-1.145742;-1.184919;
0.030880;1.000000;0.913083;0.593957;-1.142900;-1.180886;
0.030900;1.000000;0.911861;0.593103;-1.140018;-1.176824;
0.030920;1.000000;0.910602;0.592233;-1.137085;-1.172743;
0.030940;1.000000;0.909320;0.591360;-1.134093;-1.168651;
0.030960;1.000000;0.908030;0.590496;-1.131030;-1.164556;
0.030980;1.000000;0.906748;0.589655;-1.127889;-1.160466;
0.031000;1.000000;0.905488;0.588849;-1.124659;-1.156389;
0.031020;1.000000;0.904266;0.588093;-1.121333;-1.152331;
0.031040;1.000000;0.903097;0.587400;-1.117903;-1.148299;
0.031060;1.000000;0.901995;0.586785;-1.114362;-1.144298;
0.031080;1.000000;0.900978;0.586259;-1.110704;-1.140333;
0.031100;1.000000;0.900058;0.585838;-1.106924;-1.136408;
0.031120;1.000000;0.899251;0.585532;-1.103019;-1.132527;
0.031140;1.000000;0.898571;0.585354;-1.098984;-1.128690;
0.031160;1.000000;0.898032;0.585314;-1.094818;-1.124901;
0.031180;1.000000;0.897647;0.585421;-1.090519;-1.121159;
0.031200;1.000000;0.897427;0.585684;-1.086088;-1.117464;
0.031220;1.000000;0.897385;0.586108;-1.081527;-1.113813;
0.031240;1.000000;0.897531;0.586699;-1.076836;-1.110205;
0.031260;1.000000;0.897873;0.587458;-1.072020;-1.106637;
0.031280;1.000000;0.898420;0.588387;-1.067083;-1.103104;
0.031300;1.000000;0.899177;0.589484;-1.062030;-1.099600;
0.031320;1.000000;0.900148;0.590745;-1.056867;-1.096121;
0.031340;1.000000;0.901335;0.592165;-1.051601;-1.092660;
0.031360;1.000000;0.902738;0.593734;-1.046240;-1.089209;
0.031380;1.000000;0.904353;0.595442;-1.040791;-1.085761;
0.031400;1.000000;0.906176;0.597277;-1.035265;-1.082308;
0.031420;1.000000;0.908198;0.599223;-1.029670;-1.078841;
0.031440;1.000000;0.910409;0.601265;-1.024017;-1.075351;
0.031460;1.000000;0.912795;0.603384;-1.018314;-1.071829;
0.031480;1.000000;0.915339;0.605561;-1.012572;-1.068266;
0.031500;1.000000;0.918024;0.607773;-1.006802;-1.064653;
0.031520;0.999999;0.920826;0.610001;-1.001013;-1.060981;
0.031540;0.999999;0.923723;0.612219;-0.995215;-1.057240;
0.031560;0.999999;0.926690;0.614407;-0.989417;-1.053423;
0.031580;0.999999;0.929698;0.616542;-0.983628;-1.049521;
0.031600;0.999999;0.932719;0.618599;-0.977857;-1.045526;
0.031620;0.999999;0.935724;0.620558;-0.972112;-1.041432;
0.031640;0.999999;0.938682;0.622396;-0.966400;-1.037231;
0.031660;0.999999;0.941563;0.624095;-0.960726;-1.032918;
0.031680;0.999999;0.944336;0.625634;-0.955097;-1.028489;
0.031700;0.999999;0.946973;0.626998;-0.949516;-1.023937;
0.031720;0.999999;0.949445;0.628171;-0.943988;-1.019262;
0.031740;0.999999;0.951726;0.629139;-0.938514;-1.014459;
0.031760;0.999999;0.953790;0.629892;-0.933096;-1.009528;
0.031780;0.999999;0.955614;0.630421;-0.927735;-1.004468;
0.031800;0.999999;0.957179;0.630719;-0.922428;-0.999279;
0.031820;0.999999;0.958468;0.630783;-0.917175;-0.993963;
0.031840;0.999999;0.959466;0.630610;-0.911973;-0.988522;
0.031860;0.999999;0.960162;0.630202;-0.906817;-0.982959;
0.031880;0.999999;0.960549;0.629562;-0.901703;-0.977278;
0.031900;0.999999;0.960621;0.628695;-0.896624;-0.971485;
0.031920;0.999999;0.960379;0.627608;-0.891574;-0.965584;
0.031940;0.999999;0.959824;0.626311;-0.886545;-0.959583;
0.031960;0.999999;0.958963;0.624817;-0.881530;-0.953488;
0.031980;0.999999;0.957805;0.623137;-0.876519;-0.947307;
0.032000;0.999999;0.956363;0.621289;-0.871502;-0.941047;
0.032020;0.999999;0.954650;0.619287;-0.866471;-0.934718;
0.032040;0.999999;0.952686;0.617149;-0.861414;-0.928327;
0.032060;0.999999;0.950492;0.614896;-0.856322;-0.921884;
0.032080;0.999999;0.948089;0.612547;-0.851184;-0.915398;
0.032100;0.999999;0.945502;0.610122;-0.845991;-0.908878;
0.032120;0.999999;0.942759;0.607644;-0.840731;-0.902332;
0.032140;0.999999;0.939887;0.605134;-0.835395;-0.895769;
0.032160;0.999999;0.936915;0.602615;-0.829974;-0.889198;
0.032180;0.999999;0.933873;0.600108;-0.824458;-0.882626;
0.032200;0.999999;0.930791;0.597637;-0.818840;-0.876061;
0.032220;0.999999;0.927701;0.595223;-0.813110;-0.869510;
0.032240;0.999999;0.924632;0.592887;-0.807262;-0.862979;
0.032260;0.999999;0.921615;0.590651;-0.801291;-0.856475;
0.032280;0.999999;0.918680;0.588534;-0.795190;-0.850000;
0.032300;0.999999;0.915855;0.586556;-0.788956;-0.843561;
0.032320;1.000000;0.913169;0.584735;-0.782584;-0.837160;
0.032340;1.000000;0.910647;0.583086;-0.776074;-0.830798;
0.032360;1.000000;0.908315;0.581624;-0.769423;-0.824478;
0.032380;1.000000;0.906195;0.580363;-0.762632;-0.818201;
0.032400;1.000000;0.904308;0.579314;-0.755702;-0.811964;
0.032420;1.000000;0.902674;0.578485;-0.748634;-0.805768;
0.032440;1.000000;0.901308;0.577883;-0.741432;-0.799610;
0.032460;1.000000;0.900224;0.577514;-0.734099;-0.793486;
0.032480;1.000000;0.899433;0.577377;-0.726642;-0.787393;
0.032500;1.000000;0.898943;0.577474;-0.719066;-0.781325;
0.032520;1.000000;0.898759;0.577801;-0.711378;-0.775278;
0.032540;1.000000;0.898881;0.578352;-0.703585;-0.769245;
0.032560;1.000000;0.899310;0.579119;-0.695697;-0.763219;
0.032580;1.000000;0.900039;0.580090;-0.687721;-0.757193;
0.032600;1.000000;0.901060;0.581252;-0.679669;-0.751159;
0.032620;1.000000;0.902360;0.582589;-0.671548;-0.745109;
0.032640;1.000000;0.903926;0.584084;-0.663371;-0.739035;
0.032660;1.000000;0.905737;0.585716;-0.655146;-0.732928;
0.032680;1.000000;0.907773;0.587464;-0.646886;-0.726780;
0.032700;1.000000;0.910008;0.589304;-0.638600;-0.720581;
0.032720;1.000000;0.912415;0.591211;-0.630299;-0.714324;
0.032740;1.000000;0.914965;0.593160;-0.621993;-0.708001;
0.032760;1.000000;0.917626;0.595125;-0.613691;-0.701603;
0.032780;1.000000;0.920364;0.597078;-0.605405;-0.695123;
0.032800;1.000000;0.923143;0.598995;-0.597141;-0.688554;
0.032820;1.000000;0.925928;0.600847;-0.588910;-0.681890;
0.032840;1.000000;0.928683;0.602611;-0.580718;-0.675126;
0.032860;1.000000;0.931371;0.604260;-0.572572;-0.668255;
0.032880;1.000000;0.933955;0.605773;-0.564479;-0.661275;
0.032900;1.000000;0.936400;0.607128;-0.556444;-0.654182;
0.032920;1.000000;0.938673;0.608305;-0.548471;-0.646972;
0.032940;1.000000;0.940739;0.609287;-0.540563;-0.639646;
0.032960;1.000000;0.942571;0.610059;-0.532724;-0.632202;
0.032980;1.000000;0.944138;0.610607;-0.524953;-0.624640;
0.033000;1.000000;0.945416;0.610924;-0.517253;-0.616963;
0.033020;1.000000;0.946384;0.611000;-0.509622;-0.609171;
0.033040;1.000000;0.947023;0.610833;-0.502059;-0.601269;
0.033060;1.000000;0.947317;0.610421;-0.494561;-0.593261;
0.033080;1.000000;0.947255;0.609766;-0.487126;-0.585152;
0.033100;1.000000;0.946831;0.608872;-0.479749;-0.576947;
0.033120;1.000000;0.946041;0.607746;-0.472425;-0.568653;
0.033140;1.000000;0.944887;0.606399;-0.465149;-0.560278;
0.033160;1.000000;0.943373;0.604842;-0.457914;-0.551829;
0.033180;1.000000;0.941508;0.603091;-0.450715;-0.543316;
0.033200;1.000000;0.939307;0.601163;-0.443543;-0.534747;
0.033220;1.000000;0.936784;0.599076;-0.436391;-0.526131;
0.033240;1.000000;0.933962;0.596852;-0.429251;-0.517479;
0.033260;1.000000;0.930864;0.594513;-0.422115;-0.508801;
0.033280;1.000000;0.927518;0.592083;-0.414976;-0.500106;
0.033300;1.000000;0.923954;0.589588;-0.407824;-0.491405;
0.033320;1.000000;0.920204;0.587051;-0.400652;-0.482708;
0.033340;1.000000;0.916303;0.584501;-0.393452;-0.474025;
0.033360;1.000000;0.912290;0.581965;-0.386216;-0.465366;
0.033380;1.000000;0.908202;0.579468;-0.378938;-0.456739;
0.033400;1.000000;0.904079;0.577038;-0.371609;-0.448155;
0.033420;1.000000;0.899962;0.574702;-0.364226;-0.439620;
0.033440;1.000000;0.895891;0.572485;-0.356780;-0.431143;
0.033460;1.000000;0.891908;0.570413;-0.349269;-0.422732;
0.033480;1.000000;0.888053;0.568510;-0.341687;-0.414391;
0.033500;1.000000;0.884366;0.566798;-0.334031;-0.406128;
0.033520;1.000000;0.880885;0.565299;-0.326298;-0.397946;
0.033540;1.000000;0.877646;0.564033;-0.318487;-0.389850;
0.033560;1.000000;0.874685;0.563017;-0.310596;-0.381842;
0.033580;1.000001;0.872033;0.562267;-0.302625;-0.373925;
0.033600;1.000001;0.869721;0.561796;-0.294575;-0.366099;
0.033620;1.000001;0.867774;0.561615;-0.286448;-0.358364;
0.033640;1.000001;0.866216;0.561733;-0.278245;-0.350721;
0.033660;1.000001;0.865066;0.562153;-0.269971;-0.343166;
0.033680;1.000001;0.864339;0.562880;-0.261628;-0.335698;
0.033700;1.000001;0.864049;0.563913;-0.253222;-0.328312;
0.033720;1.000001;0.864200;0.565247;-0.244758;-0.321005;
0.033740;1.000001;0.864797;0.566876;-0.236241;-0.313771;
0.033760;1.000001;0.865838;0.568791;-0.227679;-0.306604;
0.033780;1.000001;0.867318;0.570979;-0.219077;-0.299499;
0.033800;1.000000;0.869224;0.573424;-0.210444;-0.292447;
0.033820;1.000000;0.871544;0.576107;-0.201786;-0.285441;
0.033840;1.000000;0.874257;0.579007;-0.193112;-0.278473;
0.033860;1.000000;0.877341;0.582099;-0.184430;-0.271535;
0.033880;1.000000;0.880768;0.585358;-0.175747;-0.264617;
0.033900;1.000000;0.884509;0.588754;-0.167072;-0.257713;
0.033920;1.000000;0.888529;0.592258;-0.158412;-0.250811;
0.033940;1.000000;0.892792;0.595838;-0.149775;-0.243904;
0.033960;1.000000;0.897258;0.599460;-0.141169;-0.236982;
0.033980;1.000000;0.901886;0.603091;-0.132601;-0.230038;
0.034000;1.000000;0.906633;0.606697;-0.124077;-0.223062;
0.034020;1.000000;0.911454;0.610244;-0.115603;-0.216047;
0.034040;1.000000;0.916304;0.613698;-0.107186;-0.208986;
0.034060;1.000000;0.921139;0.617027;-0.098829;-0.201870;
0.034080;1.000000;0.925912;0.620198;-0.090539;-0.194694;
0.034100;1.000000;0.930579;0.623182;-0.082317;-0.187451;
0.034120;1.000000;0.935097;0.625950;-0.074168;-0.180137;
0.034140;1.000000;0.939424;0.628478;-0.066093;-0.172748;
0.034160;1.000000;0.943521;0.630742;-0.058094;-0.165278;
0.034180;1.000000;0.947350;0.632721;-0.050172;-0.157726;
0.034200;1.000000;0.950876;0.634399;-0.042326;-0.150089;
0.034220;1.000000;0.954068;0.635763;-0.034556;-0.142365;
0.034240;1.000000;0.956898;0.636801;-0.026861;-0.134556;
0.034260;1.000000;0.959344;0.637507;-0.019236;-0.126660;
0.034280;1.000000;0.961383;0.637878;-0.011681;-0.118679;
0.034300;1.000000;0.963001;0.637915;-0.004191;-0.110615;
0.034320;1.000000;0.964186;0.637621;0.003239;-0.102470;
0.034340;1.000000;0.964932;0.637005;0.010613;-0.094249;
0.034360;1.000000;0.965235;0.636077;0.017937;-0.085955;
0.034380;1.000000;0.965098;0.634850;0.025217;-0.077593;
0.034400;1.000000;0.964528;0.633343;0.032459;-0.069169;
0.034420;1.000000;0.963536;0.631575;0.039669;-0.060688;
0.034440;1.000000;0.962137;0.629568;0.046855;-0.052156;
0.034460;1.000000;0.960350;0.627345;0.054024;-0.043581;
0.034480;1.000000;0.958200;0.624935;0.061183;-0.034970;
0.034500;1.000000;0.955713;0.622363;0.068339;-0.026330;
0.034520;1.000000;0.952920;0.619660;0.075500;-0.017669;
0.034540;1.000000;0.949855;0.616855;0.082672;-0.008993;
0.034560;1.000000;0.946555;0.613979;0.089864;-0.000311;
0.034580;1.000000;0.943057;0.611063;0.097082;0.008369;
0.034600;1.000000;0.939402;0.608137;0.104332;0.017040;
0.034620;1.000000;0.935633;0.605231;0.111620;0.025695;
0.034640;1.000000;0.931793;0.602377;0.118953;0.034327;
0.034660;1.000000;0.927926;0.599602;0.126336;0.042930;
0.034680;1.000000;0.924075;0.596935;0.133774;0.051496;
0.034700;1.000000;0.920284;0.594402;0.141270;0.060021;
0.034720;1.000000;0.916596;0.592028;0.148830;0.068499;
0.034740;1.000000;0.913053;0.589836;0.156455;0.076925;
0.034760;1.000000;0.909693;0.587847;0.164149;0.085295;
0.034780;1.000000;0.906555;0.586079;0.171913;0.093607;
0.034800;1.000000;0.903673;0.584550;0.179749;0.101856;
0.034820;1.000000;0.901080;0.583272;0.187657;0.110042;
0.034840;1.000000;0.898803;0.582257;0.195637;0.118162;
0.034860;1.000000;0.896870;0.581513;0.203689;0.126216;
0.034880;1.000000;0.895300;0.581046;0.211810;0.134205;
0.034900;1.000000;0.894111;0.580858;0.220000;0.142128;
0.034920;1.000000;0.893315;0.580950;0.228255;0.149988;
0.034940;1.000000;0.892922;0.581316;0.236572;0.157787;
0.034960;1.000000;0.892935;0.581952;0.244948;0.165528;
0.034980;1.000000;0.893353;0.582848;0.253378;0.173213;
0.035000;1.000000;0.894172;0.583991;0.261858;0.180847;
0.035020;1.000000;0.895382;0.585366;0.270383;0.188434;
0.035040;1.000000;0.896968;0.586956;0.278948;0.195980;
0.035060;1.000000;0.898913;0.588740;0.287546;0.203490;
0.035080;1.000000;0.901195;0.590697;0.296172;0.210970;
0.035100;1.000000;0.903788;0.592800;0.304820;0.218426;
0.035120;1.000000;0.906663;0.595025;0.313484;0.225863;
0.035140;1.000000;0.909787;0.597343;0.322157;0.233290;
0.035160;1.000000;0.913125;0.599725;0.330833;0.240711;
0.035180;1.000000;0.916640;0.602140;0.339505;0.248135;
0.035200;1.000000;0.920293;0.604559;0.348168;0.255567;
0.035220;1.000000;0.924041;0.606951;0.356814;0.263015;
0.035240;1.000000;0.927844;0.609285;0.365440;0.270483;
0.035260;1.000000;0.931658;0.611531;0.374037;0.277980;
0.035280;1.000000;0.935440;0.613661;0.382601;0.285510;
0.035300;1.000000;0.939148;0.615647;0.391128;0.293079;
0.035320;1.000000;0.942740;0.617463;0.399611;0.300692;
0.035340;1.000000;0.946174;0.619086;0.408046;0.308353;
0.035360;1.000000;0.949411;0.620493;0.416430;0.316067;
0.035380;1.000000;0.952415;0.621667;0.424758;0.323837;
0.035400;1.000000;0.955149;0.622592;0.433028;0.331667;
0.035420;1.000000;0.957582;0.623253;0.441237;0.339557;
0.035440;1.000000;0.959685;0.623643;0.449382;0.347511;
0.035460;1.000000;0.961432;0.623753;0.457461;0.355529;
0.035480;1.000000;0.962802;0.623582;0.465474;0.363611;
0.035500;1.000000;0.963775;0.623128;0.473419;0.371757;
0.035520;1.000000;0.964340;0.622397;0.481297;0.379966;
0.035540;1.000000;0.964485;0.621394;0.489106;0.388236;
0.035560;1.000000;0.964207;0.620130;0.496847;0.396564;
0.035580;1.000000;0.963504;0.618617;0.504523;0.404948;
0.035600;1.000000;0.962380;0.616870;0.512133;0.413383;
0.035620;1.000000;0.960845;0.614908;0.519680;0.421865;
0.035640;1.000000;0.958910;0.612750;0.527165;0.430389;
0.035660;1.000000;0.956593;0.610419;0.534592;0.438950;
0.035680;1.000000;0.953916;0.607938;0.541963;0.447541;
0.035700;1.000000;0.950902;0.605331;0.549280;0.456157;
0.035720;1.000000;0.947581;0.602627;0.556548;0.464790;
0.035740;1.000000;0.943985;0.599850;0.563769;0.473432;
0.035760;1.000000;0.940148;0.597028;0.570948;0.482078;
0.035780;1.000000;0.936108;0.594188;0.578087;0.490718;
0.035800;1.000000;0.931905;0.591359;0.585191;0.499345;
0.035820;1.000000;0.927579;0.588565;0.592264;0.507951;
0.035840;1.000000;0.923172;0.585835;0.599309;0.516529;
0.035860;1.000000;0.918729;0.583192;0.606330;0.525069;
0.035880;1.000000;0.914291;0.580662;0.613330;0.533565;
0.035900;1.000000;0.909903;0.578267;0.620314;0.542008;
0.035920;1.000000;0.905607;0.576030;0.627285;0.550392;
0.035940;1.000000;0.901443;0.573970;0.634245;0.558709;
0.035960;1.000000;0.897451;0.572105;0.641199;0.566952;
0.035980;1.000000;0.893670;0.570454;0.648148;0.575115;
0.036000;1.000000;0.890133;0.569029;0.655096;0.583192;
0.036020;1.000000;0.886873;0.567844;0.662044;0.591177;
0.036040;1.000000;0.883920;0.566910;0.668995;0.599067;
0.036060;1.000000;0.881298;0.566235;0.675949;0.606855;
0.036080;1.000000;0.879031;0.565825;0.682908;0.614540;
0.036100;1.000000;0.877136;0.565684;0.689874;0.622117;
0.036120;1.000000;0.875628;0.565813;0.696845;0.629584;
0.036140;1.000000;0.874517;0.566213;0.703823;0.636940;
0.036160;1.000000;0.873809;0.566878;0.710807;0.644183;
0.036180;1.000000;0.873508;0.567804;0.717796;0.651314;
0.036200;1.000000;0.873611;0.568983;0.724789;0.658332;
0.036220;1.000000;0.874114;0.570403;0.731785;0.665238;
0.036240;1.000000;0.875005;0.572052;0.738781;0.672036;
0.036260;1.000000;0.876274;0.573915;0.745776;0.678725;
0.036280;1.000000;0.877903;0.575973;0.752766;0.685311;
0.036300;1.000000;0.879872;0.578208;0.759749;0.691796;
0.036320;1.000000;0.882159;0.580599;0.766722;0.698184;
0.036340;1.000000;0.884739;0.583121;0.773680;0.704481;
0.036360;1.000000;0.887583;0.585751;0.780621;0.710690;
0.036380;1.000000;0.890661;0.588462;0.787540;0.716819;
0.036400;1.000000;0.893940;0.591228;0.794434;0.722872;
0.036420;1.000000;0.897386;0.594022;0.801296;0.728856;
0.036440;1.000000;0.900964;0.596814;0.808124;0.734778;
0.036460;1.000000;0.904637;0.599578;0.814913;0.740644;
0.036480;1.000000;0.908368;0.602286;0.821657;0.746462;
0.036500;1.000000;0.912119;0.604910;0.828353;0.752237;
0.036520;1.000000;0.915853;0.607425;0.834996;0.757977;
0.036540;1.000000;0.919533;0.609806;0.841580;0.763689;
0.036560;1.000000;0.923121;0.612029;0.848103;0.769380;
0.036580;1.000000;0.926584;0.614075;0.854559;0.775056;
0.036600;1.000000;0.929886;0.615922;0.860945;0.780723;
0.036620;1.000000;0.932996;0.617556;0.867256;0.786389;
0.036640;1.000000;0.935884;0.618963;0.873489;0.792057;
0.036660;1.000000;0.938523;0.620130;0.879641;0.797735;
0.036680;1.000000;0.940888;0.621051;0.885709;0.803425;
0.036700;1.000000;0.942958;0.621720;0.891690;0.809134;
0.036720;1.000000;0.944714;0.622136;0.897582;0.814865;
0.036740;1.000000;0.946143;0.622299;0.903384;0.820620;
0.036760;1.000000;0.947233;0.622213;0.909093;0.826404;
0.036780;1.000000;0.947977;0.621885;0.914709;0.832217;
0.036800;1.000000;0.948373;0.621325;0.920232;0.838062;
0.036820;1.000000;0.948420;0.620544;0.925662;0.843938;
0.036840;1.000000;0.948123;0.619557;0.930999;0.849847;
0.036860;1.000000;0.947492;0.618381;0.936244;0.855788;
0.036880;1.000000;0.946538;0.617033;0.941399;0.861759;
0.036900;1.000000;0.945276;0.615533;0.946466;0.867760;
0.036920;1.000000;0.943727;0.613903;0.951447;0.873786;
0.036940;1.000000;0.941913;0.612163;0.956346;0.879837;
0.036960;1.000000;0.939857;0.610335;0.961166;0.885907;
0.036980;1.000000;0.937589;0.608444;0.965910;0.891994;
0.037000;1.000000;0.935137;0.606512;0.970582;0.898092;
0.037020;1.000000;0.932533;0.604560;0.975188;0.904196;
0.037040;1.000000;0.929809;0.602612;0.979733;0.910302;
0.037060;1.000000;0.926999;0.600688;0.984220;0.916404;
0.037080;1.000000;0.924136;0.598811;0.988657;0.922495;
0.037100;1.000000;0.921255;0.596998;0.993047;0.928570;
0.037120;1.000000;0.918389;0.595269;0.997398;0.934622;
0.037140;1.000000;0.915571;0.593641;1.001715;0.940645;
0.037160;1.000000;0.912831;0.592129;1.006004;0.946633;
0.037180;1.000000;0.910201;0.590749;1.010270;0.952579;
0.037200;1.000000;0.907708;0.589512;1.014520;0.958477;
0.037220;1.000000;0.905378;0.588429;1.018759;0.964321;
0.037240;1.000000;0.903235;0.587511;1.022993;0.970105;
0.037260;1.000000;0.901300;0.586764;1.027227;0.975823;
0.037280;1.000000;0.899590;0.586194;1.031467;0.981470;
0.037300;1.000000;0.898122;0.585805;1.035716;0.987042;
0.037320;1.000000;0.896908;0.585599;1.039979;0.992534;
0.037340;1.000000;0.895958;0.585577;1.044261;0.997942;
0.037360;1.000000;0.895278;0.585737;1.048564;1.003263;
0.037380;1.000000;0.894873;0.586075;1.052892;1.008494;
0.037400;1.000000;0.894742;0.586586;1.057247;1.013632;
0.037420;1.000000;0.894885;0.587263;1.061631;1.018677;
0.037440;1.000000;0.895298;0.588098;1.066045;1.023627;
0.037460;1.000000;0.895973;0.589079;1.070491;1.028481;
0.037480;1.000000;0.896900;0.590196;1.074967;1.033241;
0.037500;1.000000;0.898069;0.591433;1.079475;1.037907;
0.037520;1.000000;0.899466;0.592777;1.084012;1.042482;
0.037540;1.000000;0.901074;0.594210;1.088576;1.046966;
0.037560;1.000000;0.902876;0.595716;1.093166;1.051363;
0.037580;1.000000;0.904853;0.597276;1.097779;1.055677;
0.037600;1.000000;0.906983;0.598872;1.102411;1.059911;
0.037620;1.000000;0.909243;0.600484;1.107057;1.064071;
0.037640;1.000000;0.911610;0.602092;1.111715;1.068160;
0.037660;1.000000;0.914060;0.603678;1.116377;1.072184;
0.037680;1.000000;0.916566;0.605221;1.121039;1.076150;
0.037700;1.000000;0.919102;0.606703;1.125696;1.080062;
0.037720;1.000000;0.921642;0.608106;1.130340;1.083928;
0.037740;1.000000;0.924159;0.609414;1.134967;1.087753;
0.037760;1.000000;0.926626;0.610610;1.139568;1.091544;
0.037780;1.000000;0.929017;0.611683;1.144137;1.095307;
0.037800;1.000000;0.931307;0.612619;1.148668;1.099050;
0.037820;1.000000;0.933472;0.613408;1.153154;1.102777;
0.037840;1.000000;0.935489;0.614043;1.157587;1.106497;
0.037860;1.000000;0.937336;0.614519;1.161962;1.110213;
0.037880;1.000000;0.938995;0.614829;1.166272;1.113933;
0.037900;1.000000;0.940448;0.614977;1.170510;1.117661;
0.037920;1.000000;0.941681;0.614963;1.174672;1.121401;
0.037940;1.000000;0.942682;0.614790;1.178750;1.125159;
0.037960;1.000000;0.943442;0.614464;1.182741;1.128939;
0.037980;1.000000;0.943955;0.613993;1.186640;1.132742;
0.038000;1.000000;0.944218;0.613386;1.190443;1.136572;
0.038020;1.000000;0.944233;0.612656;1.194146;1.140432;
0.038040;1.000000;0.944001;0.611815;1.197747;1.144321;
0.038060;1.000000;0.943530;0.610877;1.201243;1.148240;
0.038080;1.000000;0.942830;0.609857;1.204634;1.152190;
0.038100;1.000000;0.941913;0.608770;1.207917;1.156169;
0.038120;1.000000;0.940796;0.607632;1.211094;1.160177;
0.038140;1.000000;0.939494;0.606459;1.214164;1.164209;
0.038160;1.000000;0.938030;0.605267;1.217128;1.168264;
0.038180;1.000000;0.936424;0.604071;1.219990;1.172338;
0.038200;1.000000;0.934699;0.602887;1.222751;1.176426;
0.038220;1.000000;0.932881;0.601727;1.225415;1.180524;
0.038240;1.000000;0.930994;0.600605;1.227985;1.184625;
0.038260;1.000000;0.929064;0.599533;1.230466;1.188725;
0.038280;1.000000;0.927116;0.598522;1.232863;1.192816;
0.038300;1.000000;0.925174;0.597580;1.235181;1.196892;
0.038320;1.000000;0.923262;0.596717;1.237426;1.200945;
0.038340;1.000000;0.921403;0.595939;1.239603;1.204969;
0.038360;1.000000;0.919617;0.595251;1.241720;1.208955;
0.038380;1.000000;0.917924;0.594658;1.243782;1.212896;
0.038400;1.000000;0.916340;0.594163;1.245796;1.216784;
0.038420;1.000000;0.914880;0.593768;1.247769;1.220612;
0.038440;1.000000;0.913556;0.593473;1.249708;1.224371;
0.038460;1.000000;0.912378;0.593279;1.251618;1.228055;
0.038480;1.000000;0.911353;0.593184;1.253507;1.231656;
0.038500;1.000000;0.910486;0.593187;1.255380;1.235168;
0.038520;1.000000;0.909781;0.593285;1.257242;1.238584;
0.038540;1.000000;0.909237;0.593474;1.259099;1.241898;
0.038560;1.000000;0.908854;0.593751;1.260956;1.245105;
0.038580;1.000000;0.908628;0.594111;1.262817;1.248200;
0.038600;1.000000;0.908554;0.594548;1.264686;1.251179;
0.038620;1.000000;0.908627;0.595058;1.266565;1.254038;
0.038640;1.000000;0.908840;0.595634;1.268456;1.256774;
0.038660;1.000000;0.909185;0.596269;1.270362;1.259386;
0.038680;1.000000;0.909652;0.596957;1.272283;1.261872;
0.038700;1.000000;0.910232;0.597690;1.274219;1.264230;
0.038720;1.000000;0.910917;0.598459;1.276170;1.266463;
0.038740;1.000000;0.911694;0.599258;1.278133;1.268569;
0.038760;1.000000;0.912555;0.600077;1.280107;1.270552;
0.038780;1.000000;0.913489;0.600908;1.282088;1.272412;
0.038800;1.000000;0.914484;0.601741;1.284072;1.274154;
0.038820;1.000000;0.915531;0.602567;1.286056;1.275782;
0.038840;1.000000;0.916618;0.603379;1.288033;1.277298;
0.038860;1.000000;0.917735;0.604165;1.289998;1.278710;
0.038880;1.000000;0.918872;0.604918;1.291946;1.280020;
0.038900;1.000000;0.920016;0.605629;1.293868;1.281237;
0.038920;1.000000;0.921157;0.606289;1.295757;1.282365;
0.038940;1.000000;0.922286;0.606892;1.297607;1.283412;
0.038960;1.000000;0.923390;0.607431;1.299409;1.284384;
0.038980;1.000000;0.924460;0.607899;1.301155;1.285288;
0.039000;1.000000;0.925485;0.608292;1.302837;1.286131;
0.039020;1.000000;0.926456;0.608606;1.304447;1.286921;
0.039040;1.000000;0.927363;0.608838;1.305976;1.287665;
0.039060;1.000000;0.928197;0.608986;1.307417;1.288368;
0.039080;1.000000;0.928952;0.609052;1.308762;1.289039;
0.039100;1.000000;0.929620;0.609035;1.310004;1.289682;
0.039120;1.000000;0.930194;0.608938;1.311136;1.290305;
0.039140;1.000000;0.930671;0.608766;1.312151;1.290913;
0.039160;1.000000;0.931046;0.608522;1.313044;1.291511;
0.039180;1.000000;0.931319;0.608213;1.313809;1.292103;
0.039200;1.000000;0.931488;0.607847;1.314442;1.292693;
0.039220;1.000000;0.931555;0.607430;1.314938;1.293284;
0.039240;1.000000;0.931522;0.606971;1.315297;1.293880;
0.039260;1.000000;0.931394;0.606480;1.315514;1.294482;
0.039280;1.000000;0.931178;0.605965;1.315588;1.295091;
0.039300;1.000000;0.930879;0.605436;1.315521;1.295707;
0.039320;1.000000;0.930507;0.604902;1.315311;1.296330;
0.039340;1.000000;0.930072;0.604373;1.314961;1.296960;
0.039360;1.000000;0.929585;0.603856;1.314472;1.297594;
0.039380;1.000000;0.929056;0.603360;1.313849;1.298229;
0.039400;1.000000;0.928499;0.602891;1.313094;1.298863;
0.039420;1.000000;0.927924;0.602456;1.312213;1.299491;
0.039440;1.000000;0.927344;0.602059;1.311212;1.300110;
0.039460;1.000000;0.926771;0.601706;1.310097;1.300714;
0.039480;1.000000;0.926216;0.601397;1.308873;1.301297;
0.039500;1.000000;0.925688;0.601136;1.307550;1.301855;
0.039520;1.000000;0.925196;0.600922;1.306135;1.302380;
0.039540;1.000000;0.924747;0.600755;1.304637;1.302866;
0.039560;1.000000;0.924348;0.600633;1.303063;1.303306;
0.039580;1.000000;0.924002;0.600554;1.301423;1.303693;
0.039600;1.000000;0.923712;0.600514;1.299727;1.304021;
0.039620;1.000000;0.923478;0.600508;1.297982;1.304283;
0.039640;1.000000;0.923300;0.600532;1.296197;1.304471;
0.039660;1.000000;0.923173;0.600580;1.294383;1.304579;
0.039680;1.000000;0.923093;0.600647;1.292546;1.304601;
0.039700;1.000000;0.923054;0.600726;1.290696;1.304530;
0.039720;1.000000;0.923050;0.600811;1.288840;1.304362;
0.039740;1.000000;0.923072;0.600897;1.286985;1.304091;
0.039760;1.000000;0.923111;0.600976;1.285137;1.303712;
0.039780;1.000000;0.923157;0.601043;1.283303;1.303222;
0.039800;1.000000;0.923201;0.601093;1.281488;1.302617;
0.039820;1.000000;0.923233;0.601119;1.279696;1.301894;
0.039840;1.000000;0.923244;0.601118;1.277931;1.301053;
0.039860;1.000000;0.923225;0.601083;1.276195;1.300090;
0.039880;1.000000;0.923168;0.601012;1.274490;1.299007;
0.039900;1.000000;0.923066;0.600901;1.272816;1.297804;
0.039920;1.000000;0.922912;0.600746;1.271175;1.296481;
0.039940;1.000000;0.922701;0.600545;1.269564;1.295042;
0.039960;1.000000;0.922429;0.600295;1.267981;1.293487;
0.039980;1.000000;0.922094;0.599996;1.266424;1.291822;
0.040000;1.000000;0.921693;0.599644;1.264889;1.290050;
0.040020;1.000000;0.921226;0.599241;1.263372;1.288175;
0.040040;1.000000;0.920695;0.598785;1.261866;1.286204;
0.040060;1.000000;0.920100;0.598277;1.260367;1.284142;
0.040080;1.000000;0.919443;0.597719;1.258867;1.281996;
0.040100;1.000000;0.918729;0.597111;1.257360;1.279772;
0.040120;1.000000;0.917961;0.596457;1.255837;1.277478;
0.040140;1.000000;0.917145;0.595805;1.254293;1.275121;
0.040160;1.000000;0.916287;0.595094;1.252720;1.272709;
0.040180;1.000000;0.915392;0.594349;1.251110;1.270250;
0.040200;1.000000;0.914465;0.593576;1.249454;1.267751;
0.040220;1.000000;0.913507;0.592632;1.247737;1.265221;
0.040240;1.000000;0.912524;0.591788;1.245948;1.262666;
0.040260;1.000000;0.911526;0.590936;1.244086;1.260094;
0.040280;1.000000;0.910519;0.590083;1.242143;1.257513;
0.040300;1.000000;0.909511;0.589240;1.240111;1.254929;
0.040320;1.000000;0.908508;0.588416;1.237984;1.252348;
0.040340;1.000000;0.907518;0.587622;1.235755;1.249775;
0.040360;1.000000;0.906548;0.586868;1.233418;1.247216;
0.040380;1.000000;0.905607;0.586167;1.230969;1.244676;
0.040400;1.000000;0.904703;0.585530;1.228404;1.242158;
0.040420;1.000000;0.903844;0.584968;1.225720;1.239665;
0.040440;1.000000;0.903039;0.584491;1.222914;1.237199;
0.040460;1.000000;0.902299;0.584111;1.219985;1.234762;
0.040480;1.000000;0.901632;0.583838;1.216933;1.232355;
0.040500;1.000000;0.901048;0.583681;1.213757;1.229977;
0.040520;1.000000;0.900558;0.583647;1.210460;1.227627;
0.040540;1.000000;0.900172;0.583743;1.207045;1.225304;
0.040560;1.000000;0.899898;0.583976;1.203514;1.223005;
0.040580;1.000000;0.899746;0.584347;1.199872;1.220728;
0.040600;1.000000;0.899725;0.584860;1.196123;1.218467;
0.040620;1.000000;0.899841;0.585514;1.192275;1.216219;
0.040640;1.000000;0.900101;0.586308;1.188333;1.213978;
0.040660;1.000000;0.900510;0.587237;1.184306;1.211739;
0.040680;1.000000;0.901071;0.588297;1.180200;1.209495;
0.040700;1.000000;0.901784;0.589479;1.176025;1.207240;
0.040720;1.000000;0.902650;0.590773;1.171789;1.204967;
0.040740;1.000000;0.903665;0.592170;1.167501;1.202668;
0.040760;1.000000;0.904824;0.593656;1.163171;1.200337;
0.040780;1.000000;0.906118;0.595217;1.158808;1.197966;
0.040800;1.000000;0.907539;0.596838;1.154421;1.195547;
0.040820;1.000000;0.909072;0.598502;1.150021;1.193074;
0.040840;1.000000;0.910705;0.600193;1.145615;1.190538;
0.040860;1.000000;0.912420;0.601893;1.141214;1.187935;
0.040880;1.000000;0.914199;0.603584;1.136825;1.185256;
0.040900;1.000000;0.916022;0.605250;1.132455;1.182495;
0.040920;1.000000;0.917868;0.606873;1.128114;1.179648;
0.040940;1.000000;0.919717;0.608435;1.123806;1.176709;
0.040960;1.000000;0.921544;0.609921;1.119538;1.173674;
0.040980;1.000000;0.923329;0.611317;1.115315;1.170539;
0.041000;1.000000;0.925049;0.612608;1.111141;1.167300;
0.041020;1.000000;0.926683;0.613781;1.107019;1.163956;
0.041040;1.000000;0.928211;0.614827;1.102952;1.160506;
0.041060;1.000000;0.929614;0.615735;1.098940;1.156947;
0.041080;1.000000;0.930874;0.616497;1.094984;1.153282;
0.041100;1.000000;0.931977;0.617108;1.091083;1.149509;
0.041120;1.000000;0.932909;0.617564;1.087235;1.145632;
0.041140;1.000000;0.933659;0.617861;1.083437;1.141652;
0.041160;1.000000;0.934220;0.618000;1.079686;1.137574;
0.041180;1.000000;0.934586;0.617982;1.075977;1.133399;
0.041200;1.000000;0.934753;0.617809;1.072304;1.129135;
0.041220;1.000000;0.934722;0.617485;1.068660;1.124785;
0.041240;1.000000;0.934495;0.617018;1.065039;1.120355;
0.041260;1.000000;0.934076;0.616413;1.061433;1.115852;
0.041280;1.000000;0.933474;0.615681;1.057834;1.111282;
0.041300;1.000000;0.932697;0.614831;1.054232;1.106652;
0.041320;1.000000;0.931757;0.613874;1.050618;1.101971;
0.041340;1.000000;0.930669;0.612824;1.046982;1.097245;
0.041360;1.000000;0.929446;0.611694;1.043315;1.092481;
0.041380;1.000000;0.928107;0.610497;1.039608;1.087688;
0.041400;1.000000;0.926670;0.609250;1.035849;1.082873;
0.041420;1.000000;0.925154;0.607967;1.032030;1.078043;
0.041440;1.000000;0.923579;0.606665;1.028140;1.073205;
0.041460;0.999999;0.921966;0.605361;1.024172;1.068367;
0.041480;0.999999;0.920336;0.604071;1.020115;1.063534;
0.041500;0.999999;0.918711;0.602811;1.015963;1.058712;
0.041520;0.999999;0.917112;0.601599;1.011707;1.053907;
0.041540;0.999999;0.915562;0.600452;1.007341;1.049123;
0.041560;0.999999;0.914080;0.599384;1.002858;1.044364;
0.041580;0.999999;0.912687;0.598412;0.998253;1.039633;
0.041600;0.999999;0.911404;0.597549;0.993523;1.034933;
0.041620;0.999999;0.910250;0.596811;0.988663;1.030265;
0.041640;0.999999;0.909242;0.596208;0.983672;1.025630;
0.041660;0.999999;0.908398;0.595753;0.978547;1.021028;
0.041680;0.999999;0.907732;0.595455;0.973289;1.016458;
0.041700;0.999999;0.907261;0.595321;0.967898;1.011918;
0.041720;0.999999;0.906995;0.595358;0.962376;1.007406;
0.041740;0.999999;0.906946;0.595571;0.956725;1.002918;
0.041760;0.999999;0.907122;0.595959;0.950949;0.998450;
0.041780;0.999999;0.907530;0.596525;0.945052;0.993998;
0.041800;0.999999;0.908174;0.597264;0.939040;0.989554;
0.041820;0.999999;0.909057;0.598173;0.932918;0.985114;
0.041840;0.999999;0.910177;0.599243;0.926693;0.980670;
0.041860;0.999999;0.911530;0.600466;0.920373;0.976215;
0.041880;0.999999;0.913111;0.601829;0.913965;0.971741;
0.041900;0.999999;0.914910;0.603318;0.907478;0.967240;
0.041920;0.999999;0.916915;0.604919;0.900921;0.962704;
0.041940;0.999999;0.919112;0.606612;0.894303;0.958124;
0.041960;0.999999;0.921482;0.608378;0.887633;0.953492;
0.041980;0.999999;0.924004;0.610197;0.880919;0.948799;
0.042000;0.999999;0.926657;0.612046;0.874172;0.944037;
0.042020;0.999999;0.929415;0.613903;0.867399;0.939198;
0.042040;0.999999;0.932249;0.615743;0.860611;0.934273;
0.042060;0.999999;0.935132;0.617544;0.853815;0.929255;
0.042080;0.999999;0.938033;0.619281;0.847019;0.924138;
0.042100;0.999999;0.940919;0.620931;0.840231;0.918914;
0.042120;0.999999;0.943759;0.622472;0.833457;0.913577;
0.042140;0.999999;0.946520;0.623881;0.826704;0.908123;
0.042160;0.999999;0.949169;0.625134;0.819976;0.902546;
0.042180;0.999999;0.951674;0.626219;0.813279;0.896844;
0.042200;0.999999;0.954005;0.627116;0.806617;0.891013;
0.042220;0.999999;0.956132;0.627810;0.799991;0.885052;
0.042240;0.999999;0.958027;0.628286;0.793404;0.878958;
0.042260;0.999999;0.959664;0.628536;0.786857;0.872733;
0.042280;0.999999;0.961020;0.628549;0.780350;0.866376;
0.042300;0.999999;0.962075;0.628321;0.773882;0.859890;
0.042320;0.999999;0.962812;0.627848;0.767451;0.853276;
0.042340;0.999999;0.963216;0.627131;0.761055;0.846539;
0.042360;0.999999;0.963277;0.626169;0.754689;0.839682;
0.042380;0.999999;0.962988;0.624970;0.748350;0.832711;
0.042400;0.999999;0.962344;0.623538;0.742032;0.825631;
0.042420;0.999999;0.961348;0.621885;0.735730;0.818448;
0.042440;0.999999;0.960002;0.620021;0.729436;0.811170;
0.042460;0.999999;0.958315;0.617960;0.723145;0.803805;
0.042480;0.999999;0.956297;0.615719;0.716848;0.796360;
0.042500;0.999999;0.953965;0.613315;0.710539;0.788845;
0.042520;0.999999;0.951334;0.610767;0.704208;0.781267;
0.042540;0.999999;0.948427;0.608095;0.697849;0.773636;
0.042560;0.999999;0.945268;0.605323;0.691451;0.765962;
0.042580;0.999999;0.941884;0.602472;0.685008;0.758253;
0.042600;0.999999;0.938302;0.599566;0.678512;0.750518;
0.042620;0.999999;0.934555;0.596631;0.671953;0.742767;
0.042640;0.999999;0.930674;0.593690;0.665326;0.735009;
0.042660;0.999999;0.926695;0.590769;0.658622;0.727251;
0.042680;0.999999;0.922651;0.587893;0.651836;0.719503;
0.042700;0.999999;0.918579;0.585086;0.644961;0.711771;
0.042720;0.999999;0.914515;0.582374;0.637991;0.704063;
0.042740;0.999999;0.910496;0.579779;0.630923;0.696385;
0.042760;0.999999;0.906556;0.577326;0.623752;0.688743;
0.042780;1.000000;0.902732;0.575035;0.616475;0.681143;
0.042800;1.000000;0.899057;0.572927;0.609090;0.673588;
0.042820;1.000000;0.895566;0.571023;0.601596;0.666081;
0.042840;1.000000;0.892288;0.569339;0.593992;0.658626;
0.042860;1.000000;0.889255;0.567891;0.586280;0.651225;
0.042880;1.000000;0.886493;0.566694;0.578460;0.643878;
0.042900;1.000000;0.884027;0.565758;0.570534;0.636585;
0.042920;1.000000;0.881880;0.565094;0.562507;0.629346;
0.042940;1.000000;0.880071;0.564707;0.554382;0.622159;
0.042960;1.000000;0.878617;0.564604;0.546165;0.615022;
0.042980;1.000000;0.877529;0.564784;0.537861;0.607931;
0.043000;1.000000;0.876819;0.565247;0.529476;0.600884;
0.043020;1.000000;0.876490;0.565989;0.521019;0.593874;
0.043040;1.000000;0.876546;0.567004;0.512495;0.586897;
0.043060;1.000000;0.876984;0.568280;0.503915;0.579948;
0.043080;1.000000;0.877798;0.569808;0.495286;0.573020;
0.043100;1.000000;0.878978;0.571570;0.486617;0.566107;
0.043120;1.000000;0.880512;0.573550;0.477918;0.559201;
0.043140;1.000000;0.882381;0.575727;0.469199;0.552297;
0.043160;1.000000;0.884564;0.578079;0.460468;0.545386;
0.043180;1.000000;0.887037;0.580582;0.451734;0.538461;
0.043200;1.000000;0.889773;0.583210;0.443009;0.531514;
0.043220;1.000000;0.892739;0.585936;0.434299;0.524540;
0.043240;1.000000;0.895905;0.588730;0.425615;0.517530;
0.043260;1.000000;0.899233;0.591563;0.416964;0.510479;
0.043280;1.000000;0.902686;0.594405;0.408355;0.503379;
0.043300;1.000000;0.906227;0.597227;0.399795;0.496224;
0.043320;1.000000;0.909814;0.599998;0.391291;0.489010;
0.043340;1.000000;0.913408;0.602689;0.382848;0.481731;
0.043360;1.000000;0.916968;0.605272;0.374473;0.474383;
0.043380;1.000000;0.920454;0.607720;0.366169;0.466963;
0.043400;1.000000;0.923827;0.610007;0.357940;0.459466;
0.043420;1.000000;0.927050;0.612111;0.349791;0.451892;
0.043440;1.000000;0.930085;0.614010;0.341721;0.444239;
0.043460;1.000000;0.932900;0.615686;0.333734;0.436506;
0.043480;1.000000;0.935462;0.617122;0.325829;0.428693;
0.043500;1.000000;0.937742;0.618306;0.318005;0.420801;
0.043520;1.000000;0.939717;0.619227;0.310261;0.412832;
0.043540;1.000000;0.941363;0.619878;0.302595;0.404788;
0.043560;1.000000;0.942662;0.620256;0.295005;0.396673;
0.043580;1.000000;0.943601;0.620360;0.287486;0.388490;
0.043600;0.999999;0.944169;0.620192;0.280033;0.380245;
0.043620;0.999999;0.944359;0.619759;0.272643;0.371941;
0.043640;0.999999;0.944171;0.619067;0.265308;0.363586;
0.043660;0.999999;0.943607;0.618129;0.258024;0.355186;
0.043680;0.999999;0.942673;0.616960;0.250783;0.346747;
0.043700;0.999999;0.941381;0.615574;0.243579;0.338276;
0.043720;0.999999;0.939745;0.613992;0.236404;0.329781;
0.043740;0.999999;0.937785;0.612234;0.229251;0.321270;
0.043760;0.999999;0.935522;0.610323;0.222112;0.312750;
0.043780;0.999999;0.932983;0.608283;0.214980;0.304230;
0.043800;0.999999;0.930196;0.606140;0.207847;0.295717;
0.043820;0.999999;0.927194;0.603921;0.200706;0.287218;
0.043840;0.999999;0.924012;0.601652;0.193549;0.278743;
0.043860;0.999999;0.920684;0.599362;0.186370;0.270298;
0.043880;0.999999;0.917251;0.597079;0.179161;0.261890;
0.043900;0.999999;0.913752;0.594830;0.171917;0.253526;
0.043920;1.000000;0.910227;0.592643;0.164631;0.245212;
0.043940;1.000000;0.906718;0.590546;0.157299;0.236954;
0.043960;1.000000;0.903265;0.588564;0.149916;0.228757;
0.043980;1.000000;0.899911;0.586722;0.142477;0.220625;
0.044000;1.000000;0.896694;0.585044;0.134979;0.212562;
0.044020;1.000000;0.893654;0.583551;0.127420;0.204572;
0.044040;1.000000;0.890828;0.582265;0.119796;0.196657;
0.044060;1.000000;0.888251;0.581203;0.112108;0.188817;
0.044080;1.000000;0.885957;0.580381;0.104353;0.181055;
0.044100;0.999999;0.883975;0.579813;0.096533;0.173370;
0.044120;0.999999;0.882331;0.579510;0.088647;0.165762;
0.044140;0.999999;0.881050;0.579480;0.080697;0.158228;
0.044160;0.999999;0.880151;0.579729;0.072685;0.150766;
0.044180;0.999999;0.879650;0.580259;0.064613;0.143374;
0.044200;0.999999;0.879558;0.581070;0.056484;0.136048;
0.044220;0.999999;0.879883;0.582158;0.048303;0.128782;
0.044240;0.999999;0.880627;0.583517;0.040073;0.121573;
0.044260;0.999999;0.881790;0.585137;0.031799;0.114414;
0.044280;0.999999;0.883365;0.587005;0.023486;0.107300;
0.044300;0.999999;0.885341;0.589107;0.015138;0.100223;
0.044320;0.999999;0.887704;0.591422;0.006762;0.093176;
0.044340;0.999999;0.890435;0.593931;-0.001637;0.086153;
0.044360;0.999999;0.893511;0.596610;-0.010053;0.079145;
0.044380;0.999999;0.896906;0.599432;-0.018480;0.072145;
0.044400;0.999999;0.900588;0.602370;-0.026913;0.065145;
0.044420;0.999999;0.904525;0.605394;-0.035345;0.058136;
0.044440;0.999999;0.908680;0.608473;-0.043772;0.051112;
0.044460;0.999999;0.913015;0.611576;-0.052187;0.044063;
0.044480;0.999999;0.917489;0.614669;-0.060585;0.036982;
0.044500;0.999999;0.922060;0.617720;-0.068962;0.029862;
0.044520;0.999999;0.926683;0.620695;-0.077313;0.022696;
0.044540;0.999999;0.931315;0.623562;-0.085634;0.015477;
0.044560;0.999999;0.935911;0.626291;-0.093920;0.008199;
0.044580;0.999999;0.940427;0.628850;-0.102169;0.000856;
0.044600;0.999999;0.944818;0.631212;-0.110378;-0.006557;
0.044620;0.999999;0.949043;0.633350;-0.118545;-0.014045;
0.044640;0.999999;0.953060;0.635240;-0.126667;-0.021612;
0.044660;0.999999;0.956831;0.636860;-0.134744;-0.029262;
0.044680;0.999999;0.960317;0.638194;-0.142775;-0.036995;
0.044700;0.999999;0.963486;0.639224;-0.150759;-0.044816;
0.044720;0.999999;0.966307;0.639941;-0.158698;-0.052725;
0.044740;0.999999;0.968751;0.640334;-0.166591;-0.060722;
0.044760;0.999999;0.970796;0.640400;-0.174441;-0.068807;
0.044780;0.999999;0.972422;0.640137;-0.182249;-0.076979;
0.044800;0.999999;0.973613;0.639547;-0.190017;-0.085236;
0.044820;0.999999;0.974357;0.638637;-0.197749;-0.093577;
0.044840;0.999999;0.974649;0.637416;-0.205447;-0.101997;
0.044860;0.999999;0.974485;0.635896;-0.213115;-0.110494;
0.044880;0.999999;0.973869;0.634093;-0.220756;-0.119062;
0.044900;0.999999;0.972806;0.632025;-0.228376;-0.127698;
0.044920;0.999999;0.971308;0.629714;-0.235977;-0.136395;
0.044940;0.999999;0.969391;0.627181;-0.243565;-0.145148;
0.044960;0.999999;0.967074;0.624453;-0.251144;-0.153951;
0.044980;0.999999;0.964382;0.621557;-0.258718;-0.162797;
0.045000;0.999999;0.961341;0.618520;-0.266292;-0.171679;
0.045020;0.999999;0.957984;0.615373;-0.273871;-0.180590;
0.045040;0.999999;0.954343;0.612144;-0.281460;-0.189522;
0.045060;0.999999;0.950457;0.608865;-0.289062;-0.198470;
0.045080;0.999999;0.946364;0.605566;-0.296682;-0.207424;
0.045100;0.999999;0.942105;0.602276;-0.304323;-0.216379;
0.045120;0.999999;0.937724;0.599027;-0.311990;-0.225325;
0.045140;0.999999;0.933265;0.595847;-0.319686;-0.234258;
0.045160;0.999999;0.928772;0.592764;-0.327414;-0.243169;
0.045180;0.999999;0.924289;0.589804;-0.335177;-0.252051;
0.045200;0.999999;0.919862;0.586994;-0.342977;-0.260899;
0.045220;0.999999;0.915533;0.584356;-0.350816;-0.269707;
0.045240;0.999999;0.911346;0.581913;-0.358696;-0.278469;
0.045260;0.999999;0.907339;0.579684;-0.366618;-0.287180;
0.045280;0.999999;0.903553;0.577688;-0.374581;-0.295836;
0.045300;0.999999;0.900022;0.575939;-0.382588;-0.304431;
0.045320;0.999999;0.896780;0.574450;-0.390636;-0.312964;
0.045340;0.999999;0.893855;0.573232;-0.398726;-0.321430;
0.045360;0.999999;0.891275;0.572294;-0.406856;-0.329828;
0.045380;0.999999;0.889060;0.571639;-0.415024;-0.338155;
0.045400;0.999999;0.887230;0.571272;-0.423229;-0.346411;
0.045420;0.999999;0.885797;0.571191;-0.431468;-0.354595;
0.045440;0.999999;0.884773;0.571395;-0.439738;-0.362706;
0.045460;0.999999;0.884160;0.571876;-0.448036;-0.370746;
0.045480;0.999999;0.883962;0.572628;-0.456358;-0.378714;
0.045500;0.999999;0.884173;0.573639;-0.464700;-0.386614;
0.045520;0.999999;0.884785;0.574895;-0.473058;-0.394447;
0.045540;0.999999;0.885788;0.576382;-0.481428;-0.402215;
0.045560;0.999999;0.887164;0.578079;-0.489804;-0.409922;
0.045580;0.999999;0.888894;0.579968;-0.498182;-0.417571;
0.045600;0.999999;0.890954;0.582025;-0.506557;-0.425166;
0.045620;0.999999;0.893318;0.584226;-0.514924;-0.432711;
0.045640;0.999999;0.895956;0.586545;-0.523277;-0.440210;
0.045660;0.999999;0.898836;0.588956;-0.531611;-0.447668;
0.045680;0.999999;0.901922;0.591431;-0.539921;-0.455089;
0.045700;0.999999;0.905179;0.593940;-0.548202;-0.462478;
0.045720;0.999999;0.908568;0.596455;-0.556448;-0.469840;
0.045740;0.999999;0.912049;0.598946;-0.564654;-0.477180;
0.045760;0.999999;0.915584;0.601386;-0.572816;-0.484503;
0.045780;0.999999;0.919131;0.603747;-0.580929;-0.491814;
0.045800;0.999999;0.922651;0.606001;-0.588987;-0.499116;
0.045820;0.999999;0.926102;0.608124;-0.596988;-0.506415;
0.045840;0.999999;0.929448;0.610091;-0.604926;-0.513714;
0.045860;0.999999;0.932650;0.611881;-0.612798;-0.521018;
0.045880;0.999999;0.935672;0.613474;-0.620600;-0.528329;
0.045900;0.999999;0.938481;0.614854;-0.628329;-0.535651;
0.045920;0.999999;0.941046;0.616007;-0.635983;-0.542987;
0.045940;0.999999;0.943338;0.616920;-0.643559;-0.550338;
0.045960;0.999999;0.945332;0.617587;-0.651054;-0.557707;
0.045980;0.999999;0.947006;0.618001;-0.658468;-0.565095;
0.046000;0.999999;0.948341;0.618160;-0.665798;-0.572504;
0.046020;0.999999;0.949324;0.618065;-0.673044;-0.579932;
0.046040;0.999999;0.949942;0.617720;-0.680205;-0.587380;
0.046060;0.999999;0.950191;0.617133;-0.687280;-0.594848;
0.046080;0.999999;0.950067;0.616311;-0.694271;-0.602334;
0.046100;0.999999;0.949573;0.615268;-0.701178;-0.609836;
0.046120;0.999999;0.948714;0.614019;-0.708000;-0.617353;
0.046140;0.999999;0.947500;0.612578;-0.714741;-0.624882;
0.046160;0.999999;0.945945;0.610967;-0.721401;-0.632419;
0.046180;0.999999;0.944068;0.609203;-0.727983;-0.639961;
0.046200;0.999999;0.941889;0.607310;-0.734488;-0.647504;
0.046220;0.999999;0.939433;0.605309;-0.740919;-0.655044;
0.046240;0.999999;0.936727;0.603224;-0.747280;-0.662576;
0.046260;0.999999;0.933803;0.601080;-0.753572;-0.670096;
0.046280;0.999999;0.930693;0.598899;-0.759799;-0.677598;
0.046300;0.999999;0.927430;0.596707;-0.765965;-0.685076;
0.046320;0.999999;0.924052;0.594527;-0.772073;-0.692526;
0.046340;0.999999;0.920596;0.592384;-0.778127;-0.699941;
0.046360;0.999999;0.917098;0.590299;-0.784131;-0.707317;
0.046380;0.999999;0.913598;0.588294;-0.790089;-0.714646;
0.046400;0.999999;0.910132;0.586391;-0.796004;-0.721925;
0.046420;0.999999;0.906738;0.584609;-0.801880;-0.729147;
0.046440;0.999999;0.903451;0.582967;-0.807722;-0.736306;
0.046460;0.999999;0.900306;0.581481;-0.813533;-0.743399;
0.046480;0.999999;0.897334;0.580167;-0.819317;-0.750419;
0.046500;0.999999;0.894567;0.579038;-0.825077;-0.757362;
0.046520;0.999999;0.892032;0.578106;-0.830817;-0.764224;
0.046540;0.999999;0.889754;0.577381;-0.836541;-0.771001;
0.046560;0.999999;0.887754;0.576870;-0.842250;-0.777690;
0.046580;0.999999;0.886052;0.576580;-0.847949;-0.784286;
0.046600;0.999999;0.884663;0.576515;-0.853640;-0.790789;
0.046620;0.999999;0.883599;0.576675;-0.859324;-0.797196;
0.046640;0.999999;0.882869;0.577061;-0.865004;-0.803505;
0.046660;0.999999;0.882479;0.577670;-0.870682;-0.809715;
0.046680;0.999999;0.882431;0.578497;-0.876359;-0.815826;
0.046700;0.999999;0.882722;0.579535;-0.882036;-0.821838;
0.046720;0.999999;0.883349;0.580774;-0.887713;-0.827751;
0.046740;0.999999;0.884304;0.582204;-0.893391;-0.833568;
0.046760;0.999999;0.885577;0.583810;-0.899070;-0.839289;
0.046780;0.999999;0.887153;0.585576;-0.904748;-0.844918;
0.046800;0.999999;0.889015;0.587487;-0.910426;-0.850456;
0.046820;0.999999;0.891146;0.589521;-0.916102;-0.855907;
0.046840;0.999999;0.893524;0.591660;-0.921775;-0.861276;
0.046860;0.999999;0.896124;0.593880;-0.927442;-0.866567;
0.046880;0.999999;0.898922;0.596159;-0.933102;-0.871784;
0.046900;0.999999;0.901889;0.598472;-0.938751;-0.876932;
0.046920;0.999999;0.904996;0.600795;-0.944388;-0.882016;
0.046940;0.999999;0.908214;0.603103;-0.950008;-0.887044;
0.046960;0.999999;0.911510;0.605371;-0.955609;-0.892020;
0.046980;0.999999;0.914853;0.607575;-0.961188;-0.896950;
0.047000;0.999999;0.918208;0.609691;-0.966740;-0.901841;
0.047020;0.999999;0.921545;0.611696;-0.972263;-0.906699;
0.047040;0.999999;0.924829;0.613569;-0.977751;-0.911531;
0.047060;0.999999;0.928029;0.615289;-0.983201;-0.916342;
0.047080;0.999999;0.931112;0.616839;-0.988610;-0.921139;
0.047100;0.999999;0.934050;0.618203;-0.993973;-0.925929;
0.047120;0.999999;0.936813;0.619367;-0.999287;-0.930716;
0.047140;0.999999;0.939374;0.620321;-1.004548;-0.935506;
0.047160;0.999999;0.941708;0.621056;-1.009752;-0.940305;
0.047180;0.999999;0.943794;0.621567;-1.014896;-0.945118;
0.047200;0.999999;0.945611;0.621851;-1.019977;-0.949949;
0.047220;0.999999;0.947144;0.621908;-1.024992;-0.954802;
0.047240;0.999999;0.948378;0.621742;-1.029938;-0.959680;
0.047260;0.999999;0.949304;0.621358;-1.034814;-0.964588;
0.047280;0.999999;0.949916;0.620764;-1.039616;-0.969527;
0.047300;0.999999;0.950210;0.619971;-1.044345;-0.974499;
0.047320;0.999999;0.950187;0.618992;-1.048998;-0.979505;
0.047340;0.999999;0.949852;0.617842;-1.053576;-0.984547;
0.047360;0.999999;0.949212;0.616537;-1.058077;-0.989625;
0.047380;0.999999;0.948279;0.615095;-1.062502;-0.994738;
0.047400;0.999999;0.947068;0.613535;-1.066852;-0.999884;
0.047420;0.999999;0.945597;0.611877;-1.071128;-1.005063;
0.047440;0.999999;0.943885;0.610141;-1.075331;-1.010272;
0.047460;0.999999;0.941957;0.608348;-1.079464;-1.015508;
0.047480;0.999999;0.939838;0.606518;-1.083528;-1.020768;
0.047500;0.999999;0.937555;0.604671;-1.087528;-1.026049;
0.047520;0.999999;0.935136;0.602828;-1.091465;-1.031344;
0.047540;0.999999;0.932613;0.601008;-1.095344;-1.036651;
0.047560;0.999999;0.930014;0.599228;-1.099169;-1.041963;
0.047580;0.999999;0.927371;0.597506;-1.102943;-1.047276;
0.047600;0.999999;0.924714;0.595857;-1.106672;-1.052583;
0.047620;0.999999;0.922074;0.594297;-1.110360;-1.057878;
0.047640;0.999999;0.919478;0.592838;-1.114011;-1.063156;
0.047660;0.999999;0.916955;0.591492;-1.117632;-1.068409;
0.047680;0.999999;0.914531;0.590269;-1.121226;-1.073632;
0.047700;0.999999;0.912229;0.589179;-1.124799;-1.078818;
0.047720;0.999999;0.910071;0.588228;-1.128356;-1.083961;
0.047740;0.999999;0.908078;0.587421;-1.131901;-1.089055;
0.047760;0.999999;0.906265;0.586765;-1.135441;-1.094093;
0.047780;0.999999;0.904647;0.586260;-1.138978;-1.099071;
0.047800;0.999999;0.903236;0.585909;-1.142517;-1.103982;
0.047820;0.999999;0.902040;0.585711;-1.146063;-1.108821;
0.047840;0.999999;0.901068;0.585666;-1.149619;-1.113584;
0.047860;0.999999;0.900322;0.585769;-1.153187;-1.118266;
0.047880;0.999999;0.899804;0.586018;-1.156772;-1.122864;
0.047900;0.999999;0.899513;0.586407;-1.160374;-1.127374;
0.047920;0.999999;0.899447;0.586929;-1.163996;-1.131794;
0.047940;0.999999;0.899600;0.587576;-1.167639;-1.136120;
0.047960;0.999999;0.899966;0.588341;-1.171303;-1.140353;
0.047980;0.999999;0.900536;0.589211;-1.174989;-1.144491;
0.048000;0.999999;0.901299;0.590178;-1.178696;-1.148532;
0.048020;0.999999;0.902245;0.591228;-1.182423;-1.152479;
0.048040;0.999999;0.903359;0.592349;-1.186167;-1.156330;
0.048060;0.999999;0.904628;0.593528;-1.189927;-1.160089;
0.048080;0.999999;0.906037;0.594752;-1.193699;-1.163756;
0.048100;0.999999;0.907568;0.596004;-1.197480;-1.167334;
0.048120;0.999999;0.909205;0.597272;-1.201266;-1.170826;
0.048140;0.999999;0.910929;0.598540;-1.205052;-1.174236;
0.048160;0.999999;0.912723;0.599794;-1.208832;-1.177567;
0.048180;0.999999;0.914566;0.601019;-1.212603;-1.180824;
0.048200;0.999999;0.916440;0.602202;-1.216356;-1.184011;
0.048220;0.999999;0.918324;0.603330;-1.220087;-1.187133;
0.048240;0.999999;0.920200;0.604390;-1.223788;-1.190196;
0.048260;0.999999;0.922047;0.605372;-1.227453;-1.193204;
0.048280;0.999999;0.923847;0.606265;-1.231075;-1.196163;
0.048300;0.999999;0.925582;0.607061;-1.234647;-1.199079;
0.048320;0.999999;0.927232;0.607753;-1.238161;-1.201955;
0.048340;0.999999;0.928783;0.608336;-1.241612;-1.204799;
0.048360;0.999999;0.930218;0.608806;-1.244992;-1.207615;
0.048380;0.999999;0.931523;0.609161;-1.248294;-1.210408;
0.048400;0.999999;0.932688;0.609401;-1.251512;-1.213182;
0.048420;0.999999;0.933700;0.609528;-1.254641;-1.215942;
0.048440;0.999999;0.934552;0.609545;-1.257673;-1.218692;
0.048460;0.999999;0.935239;0.609457;-1.260604;-1.221436;
0.048480;0.999999;0.935756;0.609270;-1.263430;-1.224175;
0.048500;0.999999;0.936102;0.608992;-1.266146;-1.226914;
0.048520;0.999999;0.936278;0.608632;-1.268748;-1.229653;
0.048540;0.999999;0.936287;0.608199;-1.271233;-1.232394;
0.048560;0.999999;0.936137;0.607704;-1.273599;-1.235139;
0.048580;0.999999;0.935834;0.607157;-1.275845;-1.237886;
0.048600;0.999999;0.935390;0.606571;-1.277969;-1.240636;
0.048620;0.999999;0.934816;0.605956;-1.279972;-1.243388;
0.048640;0.999999;0.934126;0.605323;-1.281852;-1.246140;
0.048660;0.999999;0.933336;0.604684;-1.283613;-1.248890;
0.048680;0.999999;0.932463;0.604048;-1.285255;-1.251634;
0.048700;0.999999;0.931523;0.603425;-1.286781;-1.254370;
0.048720;0.999999;0.930535;0.602824;-1.288195;-1.257093;
0.048740;0.999999;0.929516;0.602253;-1.289499;-1.259800;
0.048760;0.999999;0.928484;0.601718;-1.290699;-1.262484;
0.048780;0.999999;0.927456;0.601225;-1.291800;-1.265142;
0.048800;0.999999;0.926449;0.600780;-1.292806;-1.267766;
0.048820;0.999999;0.925478;0.600384;-1.293723;-1.270353;
0.048840;0.999999;0.924555;0.600042;-1.294558;-1.272894;
0.048860;0.999999;0.923694;0.599754;-1.295316;-1.275384;
0.048880;0.999999;0.922904;0.599521;-1.296005;-1.277817;
0.048900;0.999999;0.922194;0.599342;-1.296631;-1.280186;
0.048920;0.999999;0.921569;0.599217;-1.297201;-1.282484;
0.048940;0.999999;0.921034;0.599143;-1.297721;-1.284707;
0.048960;0.999999;0.920591;0.599118;-1.298198;-1.286846;
0.048980;0.999999;0.920241;0.599139;-1.298639;-1.288897;
0.049000;0.999999;0.919981;0.599203;-1.299049;-1.290854;
0.049020;0.999999;0.919809;0.599305;-1.299435;-1.292711;
0.049040;0.999999;0.919720;0.599442;-1.299801;-1.294465;
0.049060;0.999999;0.919709;0.599610;-1.300153;-1.296110;
0.049080;0.999999;0.919769;0.599803;-1.300496;-1.297643;
0.049100;0.999999;0.919893;0.600019;-1.300832;-1.299060;
0.049120;0.999999;0.920073;0.600250;-1.301166;-1.300360;
0.049140;0.999999;0.920301;0.600494;-1.301499;-1.301539;
0.049160;0.999999;0.920569;0.600746;-1.301834;-1.302597;
0.049180;0.999999;0.920869;0.601000;-1.302172;-1.303533;
0.049200;0.999999;0.921193;0.601251;-1.302514;-1.304346;
0.049220;0.999999;0.921533;0.601495;-1.302858;-1.305039;
0.049240;0.999999;0.921884;0.601727;-1.303204;-1.305611;
0.049260;0.999999;0.922238;0.601941;-1.303550;-1.306065;
0.049280;0.999999;0.922589;0.602133;-1.303894;-1.306403;
0.049300;0.999999;0.922932;0.602297;-1.304232;-1.306629;
0.049320;0.999999;0.923262;0.602430;-1.304560;-1.306747;
0.049340;0.999999;0.923575;0.602525;-1.304874;-1.306760;
0.049360;0.999999;0.923866;0.602579;-1.305169;-1.306674;
0.049380;0.999999;0.924131;0.602588;-1.305439;-1.306494;
0.049400;0.999999;0.924367;0.602548;-1.305679;-1.306225;
0.049420;0.999999;0.924571;0.602455;-1.305881;-1.305874;
0.049440;0.999999;0.924740;0.602306;-1.306039;-1.305447;
0.049460;0.999999;0.924870;0.602101;-1.306147;-1.304950;
0.049480;0.999999;0.924959;0.601837;-1.306197;-1.304389;
0.049500;0.999999;0.925004;0.601514;-1.306181;-1.303772;
0.049520;0.999999;0.925003;0.601133;-1.306094;-1.303105;
0.049540;0.999999;0.924953;0.600696;-1.305927;-1.302394;
0.049560;0.999999;0.924853;0.600204;-1.305674;-1.301646;
0.049580;0.999999;0.924701;0.599663;-1.305329;-1.300866;
0.049600;0.999999;0.924497;0.599075;-1.304885;-1.300061;
0.049620;0.999999;0.924239;0.598448;-1.304337;-1.299235;
0.049640;0.999999;0.923929;0.597788;-1.303679;-1.298395;
0.049660;0.999999;0.923567;0.597102;-1.302907;-1.297544;
0.049680;0.999999;0.923155;0.596400;-1.302017;-1.296686;
0.049700;0.999999;0.922697;0.595688;-1.301004;-1.295825;
0.049720;0.999999;0.922197;0.594978;-1.299868;-1.294964;
0.049740;0.999999;0.921659;0.594279;-1.298605;-1.294105;
0.049760;0.999999;0.921089;0.593601;-1.297215;-1.293249;
0.049780;0.999999;0.920495;0.592953;-1.295697;-1.292398;
0.049800;0.999999;0.919885;0.592345;-1.294053;-1.291552;
0.049820;0.999999;0.919267;0.591786;-1.292284;-1.290710;
0.049840;0.999999;0.918650;0.591283;-1.290391;-1.289871;
0.049860;0.999999;0.918045;0.590846;-1.288378;-1.289033;
0.049880;0.999999;0.917460;0.590478;-1.286249;-1.288195;
0.049900;0.999999;0.916907;0.590187;-1.284009;-1.287354;
0.049920;0.999999;0.916395;0.589976;-1.281662;-1.286505;
0.049940;1.000000;0.915933;0.589847;-1.279216;-1.285645;
0.049960;1.000000;0.915529;0.589801;-1.276676;-1.284769;
0.049980;1.000000;0.915192;0.589838;-1.274050;-1.283873;
0.050000;1.000000;0.914926;0.589957;-1.271345;-1.282952;
0.050020;1.000000;0.914738;0.590154;-1.268569;-1.282000;
0.050040;1.000000;0.914629;0.590424;-1.265731;-1.281011;
0.050060;1.000000;0.914602;0.590762;-1.262839;-1.279980;
0.050080;1.000000;0.914655;0.591160;-1.259901;-1.278901;
0.050100;1.000000;0.914787;0.591612;-1.256927;-1.277767;
0.050120;1.000000;0.914992;0.592107;-1.253925;-1.276574;
0.050140;1.000000;0.915265;0.592638;-1.250903;-1.275316;
0.050160;1.000000;0.915597;0.593193;-1.247870;-1.273987;
0.050180;1.000000;0.915980;0.593762;-1.244833;-1.272582;
0.050200;1.000000;0.916403;0.594336;-1.241801;-1.271096;
0.050220;1.000000;0.916853;0.594904;-1.238779;-1.269526;
0.050240;1.000000;0.917317;0.595456;-1.235774;-1.267867;
0.050260;1.000000;0.917783;0.595982;-1.232792;-1.266115;
0.050280;1.000000;0.918237;0.596474;-1.229839;-1.264269;
0.050300;1.000000;0.918665;0.596922;-1.226917;-1.262326;
0.050320;1.000000;0.919055;0.597318;-1.224032;-1.260284;
0.050340;1.000000;0.919392;0.597657;-1.221185;-1.258143;
0.050360;1.000000;0.919667;0.597931;-1.218378;-1.255902;
0.050380;1.000000;0.919867;0.598136;-1.215612;-1.253562;
0.050400;1.000000;0.919984;0.598267;-1.212887;-1.251124;
0.050420;1.000000;0.920010;0.598321;-1.210203;-1.248591;
0.050440;1.000000;0.919939;0.598297;-1.207556;-1.245963;
0.050460;1.000000;0.919766;0.598193;-1.204946;-1.243246;
0.050480;1.000000;0.919488;0.598009;-1.202368;-1.240442;
0.050500;1.000000;0.919105;0.597746;-1.199818;-1.237555;
0.050520;1.000000;0.918616;0.597406;-1.197291;-1.234591;
0.050540;1.000000;0.918025;0.596992;-1.194782;-1.231556;
0.050560;1.000000;0.917335;0.596508;-1.192283;-1.228454;
0.050580;1.000000;0.916552;0.595958;-1.189790;-1.225292;
0.050600;1.000000;0.915683;0.595349;-1.187293;-1.222076;
0.050620;1.000000;0.914736;0.594686;-1.184786;-1.218813;
0.050640;1.000000;0.913719;0.593978;-1.182261;-1.215510;
0.050660;1.000000;0.912644;0.593233;-1.179709;-1.212174;
0.050680;1.000000;0.911521;0.592459;-1.177123;-1.208811;
0.050700;1.000000;0.910362;0.591666;-1.174494;-1.205428;
0.050720;1.000000;0.909178;0.590866;-1.171814;-1.202032;
0.050740;1.000000;0.907984;0.590068;-1.169076;-1.198629;
0.050760;1.000000;0.906790;0.589284;-1.166270;-1.195225;
0.050780;1.000000;0.905612;0.588526;-1.163392;-1.191826;
0.050800;1.000000;0.904462;0.587807;-1.160432;-1.188438;
0.050820;1.000000;0.903353;0.587139;-1.157386;-1.185064;
0.050840;1.000000;0.902299;0.586535;-1.154248;-1.181709;
0.050860;1.000000;0.901313;0.586006;-1.151011;-1.178377;
0.050880;1.000000;0.900409;0.585566;-1.147674;-1.175071;
0.050900;1.000000;0.899600;0.585226;-1.144230;-1.171792;
0.050920;1.000000;0.898898;0.584997;-1.140679;-1.168542;
0.050940;1.000000;0.898317;0.584890;-1.137018;-1.165323;
0.050960;1.000000;0.897867;0.584914;-1.133245;-1.162133;
0.050980;1.000000;0.897561;0.585078;-1.129362;-1.158973;
0.051000;1.000000;0.897410;0.585388;-1.125368;-1.155841;
0.051020;1.000000;0.897424;0.585850;-1.121266;-1.152734;
0.051040;1.000000;0.897611;0.586467;-1.117058;-1.149651;
0.051060;1.000000;0.897980;0.587241;-1.112746;-1.146586;
0.051080;1.000000;0.898537;0.588173;-1.108336;-1.143536;
0.051100;1.000000;0.899288;0.589260;-1.103832;-1.140496;
0.051120;1.000000;0.900234;0.590498;-1.099239;-1.137460;
0.051140;1.000000;0.901379;0.591880;-1.094564;-1.134424;
0.051160;1.000000;0.902720;0.593399;-1.089813;-1.131379;
0.051180;1.000000;0.904254;0.595043;-1.084993;-1.128320;
0.051200;1.000000;0.905976;0.596801;-1.080112;-1.125240;
0.051220;1.000000;0.907877;0.598658;-1.075177;-1.122130;
0.051240;1.000000;0.909948;0.600598;-1.070197;-1.118985;
0.051260;1.000000;0.912174;0.602604;-1.065179;-1.115796;
0.051280;1.000000;0.914540;0.604658;-1.060131;-1.112556;
0.051300;1.000000;0.917029;0.606739;-1.055062;-1.109258;
0.051320;1.000000;0.919618;0.608827;-1.049979;-1.105895;
0.051340;1.000000;0.922287;0.610901;-1.044889;-1.102459;
0.051360;0.999999;0.925010;0.612940;-1.039800;-1.098944;
0.051380;0.999999;0.927763;0.614923;-1.034718;-1.095344;
0.051400;0.999999;0.930519;0.616829;-1.029650;-1.091653;
0.051420;0.999999;0.933250;0.618638;-1.024600;-1.087866;
0.051440;0.999999;0.935929;0.620331;-1.019574;-1.083979;
0.051460;0.999999;0.938527;0.621889;-1.014577;-1.079988;
0.051480;0.999999;0.941017;0.623297;-1.009610;-1.075888;
0.051500;0.999999;0.943373;0.624538;-1.004676;-1.071679;
0.051520;0.999999;0.945569;0.625600;-0.999778;-1.067357;
0.051540;0.999999;0.947582;0.626471;-0.994915;-1.062922;
0.051560;0.999999;0.949389;0.627142;-0.990088;-1.058373;
0.051580;0.999999;0.950971;0.627605;-0.985296;-1.053712;
0.051600;0.999999;0.952311;0.627856;-0.980536;-1.048939;
0.051620;0.999999;0.953394;0.627891;-0.975806;-1.044055;
0.051640;0.999999;0.954208;0.627710;-0.971101;-1.039065;
0.051660;0.999999;0.954745;0.627315;-0.966418;-1.033971;
0.051680;0.999999;0.955000;0.626708;-0.961751;-1.028777;
0.051700;0.999999;0.954970;0.625896;-0.957095;-1.023488;
0.051720;0.999999;0.954656;0.624886;-0.952441;-1.018109;
0.051740;0.999999;0.954062;0.623688;-0.947784;-1.012645;
0.051760;0.999999;0.953195;0.622314;-0.943115;-1.007103;
0.051780;0.999999;0.952065;0.620776;-0.938427;-1.001489;
0.051800;0.999999;0.950686;0.619088;-0.933711;-0.995810;
0.051820;0.999999;0.949072;0.617266;-0.928958;-0.990073;
0.051840;0.999999;0.947241;0.615328;-0.924159;-0.984284;
0.051860;0.999999;0.945213;0.613292;-0.919307;-0.978451;
0.051880;0.999999;0.943011;0.611175;-0.914391;-0.972581;
0.051900;0.999999;0.940658;0.608998;-0.909404;-0.966681;
0.051920;0.999999;0.938179;0.606782;-0.904337;-0.960757;
0.051940;0.999999;0.935600;0.604545;-0.899183;-0.954816;
0.051960;0.999999;0.932948;0.602310;-0.893932;-0.948863;
0.051980;0.999999;0.930251;0.600096;-0.888580;-0.942905;
0.052000;0.999999;0.927538;0.597925;-0.883119;-0.936947;
0.052020;0.999999;0.924835;0.595817;-0.877543;-0.930994;
0.052040;0.999999;0.922170;0.593792;-0.871848;-0.925049;
0.052060;0.999999;0.919573;0.591869;-0.866029;-0.919115;
0.052080;0.999999;0.917068;0.590065;-0.860084;-0.913196;
0.052100;0.999999;0.914682;0.588399;-0.854008;-0.907294;
0.052120;0.999999;0.912439;0.586886;-0.847802;-0.901410;
0.052140;0.999999;0.910364;0.585541;-0.841464;-0.895544;
0.052160;0.999999;0.908477;0.584377;-0.834995;-0.889697;
0.052180;1.000000;0.906799;0.583404;-0.828396;-0.883866;
0.052200;1.000000;0.905348;0.582634;-0.821668;-0.878052;
0.052220;1.000000;0.904140;0.582071;-0.814816;-0.872251;
0.052240;1.000000;0.903188;0.581722;-0.807843;-0.866459;
0.052260;1.000000;0.902503;0.581590;-0.800753;-0.860675;
0.052280;1.000000;0.902094;0.581674;-0.793553;-0.854892;
0.052300;1.000000;0.901967;0.581972;-0.786249;-0.849107;
0.052320;1.000000;0.902123;0.582480;-0.778846;-0.843314;
0.052340;1.000000;0.902563;0.583191;-0.771354;-0.837506;
0.052360;1.000000;0.903283;0.584095;-0.763779;-0.831679;
0.052380;1.000000;0.904276;0.585180;-0.756131;-0.825825;
0.052400;1.000000;0.905533;0.586431;-0.748417;-0.819937;
0.052420;1.000000;0.907039;0.587833;-0.740648;-0.814009;
0.052440;1.000000;0.908779;0.589366;-0.732831;-0.808034;
0.052460;1.000000;0.910733;0.591012;-0.724976;-0.802006;
0.052480;1.000000;0.912879;0.592747;-0.717093;-0.795916;
0.052500;1.000000;0.915192;0.594549;-0.709190;-0.789759;
0.052520;1.000000;0.917645;0.596394;-0.701276;-0.783528;
0.052540;1.000000;0.920209;0.598256;-0.693359;-0.777217;
0.052560;1.000000;0.922852;0.600111;-0.685448;-0.770822;
0.052580;1.000000;0.925541;0.601934;-0.677550;-0.764335;
0.052600;1.000000;0.928244;0.603699;-0.669671;-0.757754;
0.052620;1.000000;0.930924;0.605382;-0.661819;-0.751074;
0.052640;1.000000;0.933548;0.606960;-0.653999;-0.744292;
0.052660;1.000000;0.936081;0.608409;-0.646217;-0.737405;
0.052680;1.000000;0.938489;0.609709;-0.638475;-0.730411;
0.052700;1.000000;0.940739;0.610841;-0.630779;-0.723310;
0.052720;1.000000;0.942800;0.611788;-0.623130;-0.716101;
0.052740;1.000000;0.944642;0.612534;-0.615530;-0.708784;
0.052760;1.000000;0.946237;0.613067;-0.607980;-0.701362;
0.052780;1.000000;0.947561;0.613377;-0.600480;-0.693835;
0.052800;1.000000;0.948591;0.613457;-0.593030;-0.686207;
0.052820;1.000000;0.949310;0.613301;-0.585628;-0.678482;
0.052840;1.000000;0.949700;0.612909;-0.578272;-0.670664;
0.052860;1.000000;0.949751;0.612279;-0.570959;-0.662758;
0.052880;1.000000;0.949455;0.611417;-0.563684;-0.654770;
0.052900;1.000000;0.948806;0.610328;-0.556444;-0.646706;
0.052920;1.000000;0.947805;0.609021;-0.549234;-0.638574;
0.052940;1.000000;0.946454;0.607507;-0.542048;-0.630381;
0.052960;1.000000;0.944762;0.605799;-0.534881;-0.622134;
0.052980;1.000000;0.942740;0.603915;-0.527727;-0.613842;
0.053000;1.000000;0.940402;0.601870;-0.520578;-0.605514;
0.053020;1.000000;0.937767;0.599685;-0.513429;-0.597157;
0.053040;1.000000;0.934857;0.597380;-0.506273;-0.588782;
0.053060;1.000000;0.931697;0.594979;-0.499102;-0.580396;
0.053080;1.000000;0.928314;0.592504;-0.491911;-0.572008;
0.053100;1.000000;0.924739;0.589980;-0.484694;-0.563628;
0.053120;1.000000;0.921005;0.587433;-0.477442;-0.555262;
0.053140;1.000000;0.917146;0.584888;-0.470152;-0.546921;
0.053160;1.000000;0.913198;0.582371;-0.462816;-0.538610;
0.053180;1.000000;0.909200;0.579908;-0.455431;-0.530338;
0.053200;1.000000;0.905190;0.577524;-0.447991;-0.522111;
0.053220;1.000000;0.901205;0.575245;-0.440493;-0.513936;
0.053240;1.000000;0.897287;0.573094;-0.432932;-0.505818;
0.053260;1.000000;0.893472;0.571096;-0.425307;-0.497761;
0.053280;1.000000;0.889800;0.569273;-0.417615;-0.489771;
0.053300;1.000000;0.886307;0.567646;-0.409855;-0.481850;
0.053320;1.000000;0.883029;0.566234;-0.402026;-0.474002;
0.053340;1.000000;0.880000;0.565055;-0.394128;-0.466228;
0.053360;1.000000;0.877250;0.564125;-0.386163;-0.458528;
0.053380;1.000000;0.874811;0.563458;-0.378131;-0.450904;
0.053400;1.000000;0.872707;0.563064;-0.370035;-0.443355;
0.053420;1.000000;0.870962;0.562952;-0.361878;-0.435880;
0.053440;1.000000;0.869597;0.563129;-0.353663;-0.428476;
0.053460;1.000000;0.868627;0.563598;-0.345396;-0.421140;
0.053480;1.000000;0.868065;0.564360;-0.337080;-0.413869;
0.053500;1.000000;0.867920;0.565412;-0.328720;-0.406660;
0.053520;1.000000;0.868196;0.566749;-0.320324;-0.399506;
0.053540;1.000000;0.868895;0.568364;-0.311896;-0.392403;
0.053560;1.000000;0.870011;0.570245;-0.303444;-0.385344;
0.053580;1.000000;0.871537;0.572378;-0.294974;-0.378324;
0.053600;1.000000;0.873461;0.574747;-0.286493;-0.371336;
0.053620;1.000000;0.875765;0.577331;-0.278008;-0.364372;
0.053640;1.000000;0.878431;0.580110;-0.269526;-0.357426;
0.053660;1.000000;0.881434;0.583058;-0.261054;-0.350491;
0.053680;1.000000;0.884745;0.586151;-0.252599;-0.343559;
0.053700;1.000000;0.888335;0.589358;-0.244168;-0.336622;
0.053720;1.000000;0.892169;0.592652;-0.235767;-0.329673;
0.053740;1.000000;0.896211;0.596001;-0.227402;-0.322706;
0.053760;1.000000;0.900423;0.599373;-0.219078;-0.315713;
0.053780;1.000000;0.904763;0.602736;-0.210802;-0.308688;
0.053800;1.000000;0.909191;0.606059;-0.202578;-0.301624;
0.053820;1.000000;0.913663;0.609308;-0.194410;-0.294516;
0.053840;1.000000;0.918137;0.612453;-0.186301;-0.287359;
0.053860;1.000000;0.922568;0.615463;-0.178254;-0.280146;
0.053880;1.000000;0.926916;0.618310;-0.170273;-0.272876;
0.053900;1.000000;0.931137;0.620966;-0.162358;-0.265542;
0.053920;1.000000;0.935191;0.623406;-0.154510;-0.258143;
0.053940;1.000000;0.939041;0.625607;-0.146729;-0.250677;
0.053960;1.000000;0.942648;0.627549;-0.139016;-0.243141;
0.053980;1.000000;0.945981;0.629215;-0.131368;-0.235534;
0.054000;1.000000;0.949007;0.630591;-0.123784;-0.227856;
0.054020;1.000000;0.951700;0.631666;-0.116262;-0.220108;
0.054040;1.000000;0.954035;0.632432;-0.108798;-0.212291;
0.054060;1.000000;0.955992;0.632885;-0.101389;-0.204405;
0.054080;1.000000;0.957554;0.633024;-0.094030;-0.196454;
0.054100;1.000000;0.958710;0.632852;-0.086717;-0.188441;
0.054120;1.000000;0.959451;0.632375;-0.079445;-0.180368;
0.054140;1.000000;0.959775;0.631601;-0.072207;-0.172239;
0.054160;1.000000;0.959681;0.630543;-0.064998;-0.164060;
0.054180;1.000000;0.959175;0.629217;-0.057812;-0.155835;
0.054200;1.000000;0.958266;0.627638;-0.050643;-0.147568;
0.054220;1.000000;0.956969;0.625829;-0.043483;-0.139266;
0.054240;1.000000;0.955300;0.623810;-0.036327;-0.130935;
0.054260;1.000000;0.953282;0.621607;-0.029167;-0.122579;
0.054280;1.000000;0.950938;0.619245;-0.021998;-0.114205;
0.054300;1.000000;0.948299;0.616751;-0.014812;-0.105820;
0.054320;1.000000;0.945394;0.614153;-0.007604;-0.097428;
0.054340;1.000000;0.942260;0.611481;-0.000367;-0.089037;
0.054360;1.000000;0.938931;0.608764;0.006904;-0.080651;
0.054380;1.000000;0.935447;0.606031;0.014215;-0.072277;
0.054400;1.000000;0.931848;0.603311;0.021571;-0.063920;
0.054420;1.000000;0.928174;0.600634;0.028976;-0.055584;
0.054440;1.000000;0.924469;0.598027;0.036434;-0.047275;
0.054460;1.000000;0.920773;0.595518;0.043949;-0.038996;
0.054480;1.000000;0.917130;0.593132;0.051524;-0.030752;
0.054500;1.000000;0.913580;0.590895;0.059162;-0.022545;
0.054520;1.000000;0.910164;0.588828;0.066864;-0.014379;
0.054540;1.000000;0.906921;0.586954;0.074632;-0.006256;
0.054560;1.000000;0.903887;0.585290;0.082467;0.001822;
0.054580;1.000000;0.901097;0.583854;0.090368;0.009855;
0.054600;1.000000;0.898582;0.582660;0.098336;0.017842;
0.054620;1.000000;0.896372;0.581719;0.106370;0.025783;
0.054640;1.000000;0.894491;0.581040;0.114467;0.033678;
0.054660;1.000000;0.892961;0.580630;0.122627;0.041528;
0.054680;1.000000;0.891801;0.580492;0.130846;0.049336;
0.054700;1.000000;0.891023;0.580627;0.139122;0.057104;
0.054720;1.000000;0.890638;0.581033;0.147452;0.064834;
0.054740;1.000000;0.890649;0.581703;0.155831;0.072530;
0.054760;1.000000;0.891059;0.582631;0.164256;0.080195;
0.054780;1.000000;0.891863;0.583804;0.172722;0.087833;
0.054800;1.000000;0.893053;0.585209;0.181225;0.095449;
0.054820;1.000000;0.894618;0.586830;0.189759;0.103048;
0.054840;1.000000;0.896540;0.588647;0.198321;0.110634;
0.054860;1.000000;0.898799;0.590638;0.206904;0.118212;
0.054880;1.000000;0.901371;0.592782;0.215504;0.125788;
0.054900;1.000000;0.904229;0.595052;0.224116;0.133367;
0.054920;1.000000;0.907342;0.597421;0.232734;0.140955;
0.054940;1.000000;0.910677;0.599860;0.241353;0.148557;
0.054960;1.000000;0.914197;0.602342;0.249969;0.156178;
0.054980;1.000000;0.917865;0.604835;0.258576;0.163824;
0.055000;1.000000;0.921640;0.607310;0.267171;0.171499;
0.055020;1.000000;0.925483;0.609736;0.275748;0.179208;
0.055040;1.000000;0.929350;0.612084;0.284304;0.186956;
0.055060;1.000000;0.933202;0.614325;0.292835;0.194746;
0.055080;1.000000;0.936994;0.616432;0.301337;0.202583;
0.055100;1.000000;0.940686;0.618377;0.309807;0.210470;
0.055120;1.000000;0.944237;0.620138;0.318243;0.218409;
0.055140;1.000000;0.947609;0.621691;0.326641;0.226404;
0.055160;1.000000;0.950764;0.623018;0.335001;0.234456;
0.055180;1.000000;0.953666;0.624101;0.343319;0.242566;
0.055200;1.000000;0.956284;0.624927;0.351595;0.250735;
0.055220;1.000000;0.958588;0.625484;0.359828;0.258964;
0.055240;1.000000;0.960551;0.625764;0.368016;0.267253;
0.055260;1.000000;0.962151;0.625764;0.376161;0.275599;
0.055280;1.000000;0.963368;0.625483;0.384261;0.284003;
0.055300;1.000000;0.964188;0.624921;0.392317;0.292462;
0.055320;1.000000;0.964600;0.624084;0.400330;0.300974;
0.055340;1.000000;0.964597;0.622982;0.408301;0.309535;
0.055360;1.000000;0.964176;0.621624;0.416231;0.318142;
0.055380;1.000000;0.963341;0.620026;0.424121;0.326791;
0.055400;1.000000;0.962097;0.618203;0.431973;0.335478;
0.055420;1.000000;0.960455;0.616175;0.439789;0.344198;
0.055440;1.000000;0.958430;0.613963;0.447571;0.352946;
0.055460;1.000000;0.956041;0.611588;0.455320;0.361716;
0.055480;1.000000;0.953312;0.609076;0.463040;0.370502;
0.055500;1.000000;0.950268;0.606452;0.470731;0.379299;
0.055520;1.000000;0.946939;0.603742;0.478397;0.388099;
0.055540;1.000000;0.943358;0.600972;0.486040;0.396898;
0.055560;1.000000;0.939561;0.598170;0.493662;0.405687;
0.055580;1.000000;0.935585;0.595363;0.501265;0.414462;
0.055600;1.000000;0.931470;0.592578;0.508851;0.423214;
0.055620;1.000000;0.927256;0.589841;0.516422;0.431938;
0.055640;1.000000;0.922986;0.587177;0.523980;0.440628;
0.055660;1.000000;0.918700;0.584612;0.531528;0.449276;
0.055680;1.000000;0.914443;0.582169;0.539065;0.457877;
0.055700;1.000000;0.910255;0.579870;0.546595;0.466426;
0.055720;1.000000;0.906177;0.577735;0.554117;0.474916;
0.055740;1.000000;0.902249;0.575785;0.561634;0.483342;
0.055760;1.000000;0.898508;0.574036;0.569145;0.491700;
0.055780;1.000000;0.894990;0.572504;0.576651;0.499985;
0.055800;1.000000;0.891728;0.571202;0.584153;0.508193;
0.055820;1.000000;0.888751;0.570142;0.591650;0.516320;
0.055840;1.000000;0.886086;0.569332;0.599143;0.524363;
0.055860;1.000000;0.883756;0.568780;0.606631;0.532319;
0.055880;1.000000;0.881782;0.568491;0.614113;0.540187;
0.055900;1.000000;0.880179;0.568466;0.621589;0.547964;
0.055920;1.000000;0.878959;0.568705;0.629056;0.555649;
0.055940;1.000000;0.878130;0.569207;0.636515;0.563242;
0.055960;1.000000;0.877696;0.569965;0.643963;0.570743;
0.055980;1.000000;0.877656;0.570973;0.651398;0.578151;
0.056000;1.000000;0.878008;0.572220;0.658818;0.585468;
0.056020;1.000000;0.878743;0.573696;0.666222;0.592694;
0.056040;1.000000;0.879850;0.575384;0.673607;0.599833;
0.056060;1.000000;0.881314;0.577269;0.680970;0.606885;
0.056080;1.000000;0.883117;0.579331;0.688308;0.613855;
0.056100;1.000000;0.885237;0.581551;0.695620;0.620743;
0.056120;1.000000;0.887649;0.583906;0.702901;0.627555;
0.056140;1.000000;0.890327;0.586373;0.710150;0.634293;
0.056160;1.000000;0.893241;0.588925;0.717362;0.640962;
0.056180;1.000000;0.896360;0.591538;0.724536;0.647566;
0.056200;1.000000;0.899651;0.594185;0.731667;0.654109;
0.056220;1.000000;0.903078;0.596837;0.738754;0.660596;
0.056240;1.000000;0.906607;0.599468;0.745792;0.667032;
0.056260;1.000000;0.910199;0.602052;0.752778;0.673421;
0.056280;1.000000;0.913819;0.604560;0.759711;0.679769;
0.056300;1.000000;0.917428;0.606968;0.766586;0.686079;
0.056320;1.000000;0.920991;0.609251;0.773401;0.692358;
0.056340;1.000000;0.924471;0.611386;0.780154;0.698609;
0.056360;1.000000;0.927832;0.613353;0.786841;0.704837;
0.056380;1.000000;0.931042;0.615131;0.793461;0.711047;
0.056400;1.000000;0.934068;0.616704;0.800012;0.717242;
0.056420;1.000000;0.936880;0.618059;0.806490;0.723428;
0.056440;1.000000;0.939451;0.619183;0.812896;0.729606;
0.056460;1.000000;0.941756;0.620068;0.819226;0.735781;
0.056480;1.000000;0.943773;0.620708;0.825480;0.741956;
0.056500;1.000000;0.945483;0.621100;0.831657;0.748133;
0.056520;1.000000;0.946872;0.621245;0.837756;0.754314;
0.056540;1.000000;0.947927;0.621145;0.843776;0.760502;
0.056560;1.000000;0.948641;0.620807;0.849717;0.766697;
0.056580;1.000000;0.949010;0.620238;0.855580;0.772902;
0.056600;1.000000;0.949033;0.619451;0.861365;0.779115;
0.056620;1.000000;0.948715;0.618457;0.867073;0.785338;
0.056640;1.000000;0.948062;0.617273;0.872703;0.791571;
0.056660;1.000000;0.947086;0.615916;0.878259;0.797811;
0.056680;1.000000;0.945801;0.614404;0.883741;0.804059;
0.056700;1.000000;0.944225;0.612758;0.889151;0.810313;
0.056720;1.000000;0.942380;0.610999;0.894492;0.816570;
0.056740;1.000000;0.940289;0.609148;0.899766;0.822829;
0.056760;1.000000;0.937979;0.607229;0.904975;0.829087;
0.056780;1.000000;0.935479;0.605262;0.910123;0.835340;
0.056800;1.000000;0.932819;0.603272;0.915212;0.841586;
0.056820;1.000000;0.930031;0.601279;0.920246;0.847821;
0.056840;1.000000;0.927148;0.599306;0.925230;0.854041;
0.056860;1.000000;0.924203;0.597374;0.930165;0.860243;
0.056880;1.000000;0.921231;0.595502;0.935057;0.866422;
0.056900;1.000000;0.918265;0.593709;0.939908;0.872574;
0.056920;1.000000;0.915338;0.592013;0.944724;0.878695;
0.056940;1.000000;0.912481;0.590430;0.949508;0.884781;
0.056960;1.000000;0.909726;0.588976;0.954264;0.890827;
0.056980;1.000000;0.907100;0.587663;0.958997;0.896830;
0.057000;1.000000;0.904632;0.586504;0.963710;0.902785;
0.057020;1.000000;0.902345;0.585509;0.968407;0.908688;
0.057040;1.000000;0.900261;0.584685;0.973092;0.914537;
0.057060;1.000000;0.898401;0.584041;0.977769;0.920327;
0.057080;1.000000;0.896781;0.583580;0.982441;0.926055;
0.057100;1.000000;0.895415;0.583305;0.987112;0.931718;
0.057120;1.000000;0.894313;0.583218;0.991784;0.937314;
0.057140;1.000000;0.893485;0.583318;0.996460;0.942841;
0.057160;1.000000;0.892934;0.583603;1.001143;0.948297;
0.057180;1.000000;0.892665;0.584067;1.005835;0.953681;
0.057200;1.000000;0.892675;0.584705;1.010538;0.958991;
0.057220;1.000000;0.892961;0.585509;1.015252;0.964227;
0.057240;1.000000;0.893519;0.586469;1.019980;0.969389;
0.057260;1.000000;0.894339;0.587573;1.024721;0.974478;
0.057280;1.000000;0.895410;0.588809;1.029476;0.979494;
0.057300;1.000000;0.896720;0.590161;1.034245;0.984438;
0.057320;1.000000;0.898253;0.591615;1.039027;0.989313;
0.057340;1.000000;0.899993;0.593152;1.043820;0.994120;
0.057360;1.000000;0.901918;0.594755;1.048625;0.998862;
0.057380;1.000000;0.904010;0.596406;1.053438;1.003542;
0.057400;1.000000;0.906246;0.598084;1.058258;1.008163;
0.057420;1.000000;0.908601;0.599769;1.063081;1.012729;
0.057440;1.000000;0.911052;0.601443;1.067906;1.017243;
0.057460;1.000000;0.913572;0.603085;1.072728;1.021710;
0.057480;1.000000;0.916135;0.604675;1.077545;1.026134;
0.057500;1.000000;0.918714;0.606196;1.082352;1.030520;
0.057520;1.000000;0.921282;0.607630;1.087145;1.034872;
0.057540;1.000000;0.923813;0.608960;1.091920;1.039194;
0.057560;1.000000;0.926279;0.610171;1.096673;1.043493;
0.057580;1.000000;0.928654;0.611250;1.101399;1.047772;
0.057600;1.000000;0.930915;0.612186;1.106093;1.052036;
0.057620;1.000000;0.933036;0.612970;1.110751;1.056290;
0.057640;1.000000;0.934996;0.613594;1.115368;1.060538;
0.057660;1.000000;0.936775;0.614053;1.119940;1.064784;
0.057680;1.000000;0.938354;0.614345;1.124463;1.069032;
0.057700;1.000000;0.939718;0.614471;1.128931;1.073286;
0.057720;1.000000;0.940854;0.614431;1.133341;1.077549;
0.057740;1.000000;0.941751;0.614230;1.137690;1.081824;
0.057760;1.000000;0.942401;0.613875;1.141973;1.086113;
0.057780;1.000000;0.942801;0.613374;1.146187;1.090419;
0.057800;1.000000;0.942949;0.612737;1.150330;1.094743;
0.057820;1.000000;0.942847;0.611977;1.154399;1.099086;
0.057840;1.000000;0.942501;0.611103;1.158391;1.103448;
0.057860;1.000000;0.941917;0.610134;1.162306;1.107830;
0.057880;1.000000;0.941108;0.609085;1.166142;1.112232;
0.057900;1.000000;0.940087;0.607970;1.169898;1.116652;
0.057920;1.000000;0.938871;0.606805;1.173574;1.121088;
0.057940;1.000000;0.937478;0.605607;1.177171;1.125539;
0.057960;1.000000;0.935930;0.604391;1.180689;1.130001;
0.057980;1.000000;0.934248;0.603172;1.184128;1.134473;
0.058000;1.000000;0.932457;0.601966;1.187492;1.138950;
0.058020;1.000000;0.930582;0.600787;1.190781;1.143429;
0.058040;1.000000;0.928647;0.599648;1.193998;1.147904;
0.058060;1.000000;0.926677;0.598561;1.197147;1.152372;
0.058080;1.000000;0.924699;0.597536;1.200230;1.156826;
0.058100;1.000000;0.922736;0.596585;1.203250;1.161263;
0.058120;1.000000;0.920812;0.595714;1.206212;1.165676;
0.058140;1.000000;0.918949;0.594932;1.209119;1.170059;
0.058160;1.000000;0.917168;0.594245;1.211976;1.174407;
0.058180;1.000000;0.915487;0.593656;1.214787;1.178714;
0.058200;1.000000;0.913923;0.593170;1.217556;1.182973;
0.058220;1.000000;0.912490;0.592789;1.220288;1.187179;
0.058240;1.000000;0.911200;0.592514;1.222987;1.191325;
0.058260;1.000000;0.910063;0.592346;1.225658;1.195407;
0.058280;1.000000;0.909087;0.592283;1.228303;1.199418;
0.058300;1.000000;0.908277;0.592325;1.230928;1.203353;
0.058320;1.000000;0.907634;0.592468;1.233537;1.207208;
0.058340;1.000000;0.907161;0.592710;1.236131;1.210977;
0.058360;1.000000;0.906857;0.593046;1.238715;1.214657;
0.058380;1.000000;0.906717;0.593471;1.241291;1.218243;
0.058400;1.000000;0.906739;0.593981;1.243861;1.221733;
0.058420;1.000000;0.906915;0.594569;1.246427;1.225123;
0.058440;1.000000;0.907240;0.595229;1.248990;1.228410;
0.058460;1.000000;0.907705;0.595953;1.251551;1.231594;
0.058480;1.000000;0.908302;0.596733;1.254110;1.234673;
0.058500;1.000000;0.909020;0.597562;1.256666;1.237646;
0.058520;1.000000;0.909850;0.598431;1.259219;1.240513;
0.058540;1.000000;0.910781;0.599330;1.261766;1.243275;
0.058560;1.000000;0.911802;0.600249;1.264307;1.245931;
0.058580;1.000000;0.912901;0.601181;1.266837;1.248485;
0.058600;1.000000;0.914068;0.602113;1.269354;1.250937;
0.058620;1.000000;0.915290;0.603036;1.271854;1.253291;
0.058640;1.000000;0.916554;0.603941;1.274333;1.255549;
0.058660;1.000000;0.917850;0.604817;1.276785;1.257714;
0.058680;1.000000;0.919165;0.605654;1.279207;1.259791;
0.058700;1.000000;0.920485;0.606445;1.281592;1.261783;
0.058720;1.000000;0.921800;0.607179;1.283935;1.263694;
0.058740;1.000000;0.923096;0.607849;1.286230;1.265530;
0.058760;1.000000;0.924362;0.608449;1.288471;1.267294;
0.058780;1.000000;0.925586;0.608971;1.290650;1.268992;
0.058800;1.000000;0.926756;0.609412;1.292763;1.270628;
0.058820;1.000000;0.927861;0.609766;1.294802;1.272209;
0.058840;1.000000;0.928892;0.610033;1.296762;1.273737;
0.058860;1.000000;0.929838;0.610210;1.298636;1.275219;
0.058880;1.000000;0.930692;0.610298;1.300418;1.276658;
0.058900;1.000000;0.931445;0.610297;1.302103;1.278059;
0.058920;1.000000;0.932093;0.610212;1.303685;1.279426;
0.058940;1.000000;0.932629;0.610046;1.305159;1.280764;
0.058960;1.000000;0.933052;0.609805;1.306522;1.282074;
0.058980;1.000000;0.933359;0.609494;1.307768;1.283361;
0.059000;1.000000;0.933551;0.609122;1.308895;1.284627;
0.059020;1.000000;0.933628;0.608696;1.309900;1.285875;
0.059040;1.000000;0.933596;0.608225;1.310780;1.287104;
0.059060;1.000000;0.933459;0.607718;1.311534;1.288318;
0.059080;1.000000;0.933224;0.607185;1.312161;1.289516;
0.059100;1.000000;0.932899;0.606635;1.312662;1.290698;
0.059120;1.000000;0.932493;0.606077;1.313035;1.291864;
0.059140;1.000000;0.932018;0.605521;1.313284;1.293013;
0.059160;1.000000;0.931484;0.604974;1.313409;1.294144;
0.059180;1.000000;0.930905;0.604446;1.313413;1.295254;
0.059200;1.000000;0.930292;0.603941;1.313299;1.296340;
0.059220;1.000000;0.929658;0.603468;1.313072;1.297401;
0.059240;1.000000;0.929016;0.603029;1.312735;1.298432;
0.059260;1.000000;0.928377;0.602631;1.312294;1.299429;
0.059280;1.000000;0.927754;0.602275;1.311754;1.300390;
0.059300;1.000000;0.927156;0.601963;1.311120;1.301308;
0.059320;1.000000;0.926592;0.601695;1.310399;1.302180;
0.059340;1.000000;0.926071;0.601472;1.309598;1.303001;
0.059360;1.000000;0.925597;0.601292;1.308723;1.303766;
0.059380;1.000000;0.925175;0.601153;1.307782;1.304470;
0.059400;1.000000;0.924809;0.601052;1.306780;1.305109;
0.059420;1.000000;0.924498;0.600984;1.305725;1.305676;
0.059440;1.000000;0.924242;0.600946;1.304624;1.306167;
0.059460;1.000000;0.924039;0.600932;1.303484;1.306579;
0.059480;1.000000;0.923884;0.600938;1.302312;1.306906;
0.059500;1.000000;0.923772;0.600958;1.301112;1.307144;
0.059520;1.000000;0.923697;0.600987;1.299893;1.307290;
0.059540;1.000000;0.923651;0.601019;1.298658;1.307340;
0.059560;1.000000;0.923626;0.601049;1.297413;1.307291;
0.059580;1.000000;0.923614;0.601072;1.296163;1.307141;
0.059600;1.000000;0.923607;0.601082;1.294912;1.306889;
0.059620;1.000000;0.923594;0.601074;1.293661;1.306531;
0.059640;1.000000;0.923569;0.601045;1.292416;1.306069;
0.059660;1.000000;0.923523;0.600989;1.291176;1.305500;
0.059680;1.000000;0.923448;0.600903;1.289944;1.304827;
0.059700;1.000000;0.923338;0.600784;1.288720;1.304049;
0.059720;1.000000;0.923188;0.600628;1.287504;1.303168;
0.059740;1.000000;0.922993;0.600433;1.286295;1.302186;
0.059760;1.000000;0.922749;0.600196;1.285091;1.301105;
0.059780;1.000000;0.922453;0.599915;1.283890;1.299930;
0.059800;1.000000;0.922104;0.599590;1.282690;1.298663;
0.059820;1.000000;0.921701;0.599218;1.281486;1.297308;
0.059840;1.000000;0.921243;0.598800;1.280274;1.295871;
0.059860;1.000000;0.920732;0.598335;1.279051;1.294355;
0.059880;1.000000;0.920170;0.597823;1.277810;1.292767;
0.059900;1.000000;0.919559;0.597267;1.276547;1.291111;
0.059920;1.000000;0.918902;0.596668;1.275255;1.289393;
0.059940;1.000000;0.918194;0.595832;1.273920;1.287620;
0.059960;1.000000;0.917441;0.595171;1.272535;1.285797;
0.059980;1.000000;0.916655;0.594479;1.271107;1.283930;
0.060000;1.000000;0.915839;0.593759;1.269627;1.282026;
0.060020;1.000000;0.915002;0.593111;1.268097;1.280089;
0.060040;1.000000;0.914148;0.592333;1.266507;1.278126;
0.060060;1.000000;0.913277;0.591545;1.264846;1.276142;
0.060080;1.000000;0.912394;0.590757;1.263108;1.274143;
0.060100;1.000000;0.911506;0.589975;1.261289;1.272133;
0.060120;1.000000;0.910617;0.589210;1.259384;1.270117;
0.060140;1.000000;0.909735;0.588471;1.257388;1.268100;
0.060160;1.000000;0.908865;0.587768;1.255297;1.266084;
0.060180;1.000000;0.908015;0.587111;1.253109;1.264072;
0.060200;1.000000;0.907192;0.586512;1.250820;1.262069;
0.060220;1.000000;0.906404;0.585981;1.248430;1.260075;
0.060240;1.000000;0.905660;0.585527;1.245937;1.258091;
0.060260;1.000000;0.904967;0.585161;1.243341;1.256120;
0.060280;1.000000;0.904337;0.584891;1.240642;1.254160;
0.060300;1.000000;0.903776;0.584725;1.237841;1.252212;
0.060320;1.000000;0.903296;0.584672;1.234941;1.250275;
0.060340;1.000000;0.902905;0.584735;1.231944;1.248346;
0.060360;1.000000;0.902612;0.584921;1.228853;1.246424;
0.060380;1.000000;0.902427;0.585232;1.225672;1.244507;
0.060400;1.000000;0.902356;0.585669;1.222407;1.242590;
0.060420;1.000000;0.902406;0.586233;1.219062;1.240670;
0.060440;1.000000;0.902584;0.586921;1.215644;1.238744;
0.060460;1.000000;0.902894;0.587728;1.212157;1.236806;
0.060480;1.000000;0.903338;0.588651;1.208610;1.234852;
0.060500;1.000000;0.903917;0.589681;1.205010;1.232877;
0.060520;1.000000;0.904631;0.590809;1.201362;1.230876;
0.060540;1.000000;0.905476;0.592025;1.197676;1.228843;
0.060560;1.000000;0.906446;0.593317;1.193958;1.226773;
0.060580;1.000000;0.907535;0.594673;1.190217;1.224660;
0.060600;1.000000;0.908733;0.596078;1.186459;1.222499;
0.060620;1.000000;0.910028;0.597518;1.182692;1.220285;
0.060640;1.000000;0.911406;0.598977;1.178922;1.218013;
0.060660;1.000000;0.912852;0.600440;1.175158;1.215678;
0.060680;1.000000;0.914349;0.601891;1.171404;1.213275;
0.060700;1.000000;0.915879;0.603315;1.167668;1.210800;
0.060720;1.000000;0.917424;0.604696;1.163953;1.208250;
0.060740;1.000000;0.918963;0.606021;1.160266;1.205622;
0.060760;1.000000;0.920476;0.607274;1.156609;1.202912;
0.060780;1.000000;0.921944;0.608443;1.152986;1.200118;
0.060800;1.000000;0.923347;0.609517;1.149401;1.197239;
0.060820;1.000000;0.924666;0.610485;1.145854;1.194274;
0.060840;1.000000;0.925885;0.611337;1.142346;1.191222;
0.060860;1.000000;0.926986;0.612067;1.138878;1.188084;
0.060880;1.000000;0.927956;0.612667;1.135449;1.184859;
0.060900;1.000000;0.928782;0.613134;1.132057;1.181550;
0.060920;1.000000;0.929452;0.613463;1.128701;1.178159;
0.060940;1.000000;0.929960;0.613655;1.125376;1.174687;
0.060960;1.000000;0.930298;0.613708;1.122080;1.171138;
0.060980;1.000000;0.930464;0.613624;1.118806;1.167516;
0.061000;1.000000;0.930456;0.613407;1.115551;1.163824;
0.061020;1.000000;0.930274;0.613060;1.112308;1.160067;
0.061040;1.000000;0.929923;0.612591;1.109071;1.156249;
0.061060;1.000000;0.929409;0.612005;1.105833;1.152376;
0.061080;1.000000;0.928738;0.611312;1.102586;1.148453;
0.061100;1.000000;0.927922;0.610521;1.099323;1.144485;
0.061120;1.000000;0.926971;0.609642;1.096035;1.140479;
0.061140;1.000000;0.925899;0.608688;1.092716;1.136438;
0.061160;1.000000;0.924721;0.607670;1.089355;1.132370;
0.061180;1.000000;0.923452;0.606602;1.085947;1.128280;
0.061200;1.000000;0.922110;0.605498;1.082481;1.124172;
0.061220;1.000000;0.920712;0.604371;1.078951;1.120053;
0.061240;1.000000;0.919277;0.603237;1.075350;1.115926;
0.061260;1.000000;0.917824;0.602112;1.071668;1.111797;
0.061280;1.000000;0.916372;0.601009;1.067901;1.107669;
0.061300;1.000000;0.914941;0.599945;1.064041;1.103546;
0.061320;1.000000;0.913549;0.598935;1.060084;1.099431;
0.061340;1.000000;0.912216;0.597994;1.056023;1.095327;
0.061360;1.000000;0.910960;0.597136;1.051855;1.091235;
0.061380;1.000000;0.909800;0.596374;1.047576;1.087157;
0.061400;1.000000;0.908753;0.595724;1.043182;1.083093;
0.061420;1.000000;0.907837;0.595195;1.038673;1.079044;
0.061440;1.000000;0.907066;0.594800;1.034047;1.075008;
0.061460;1.000000;0.906456;0.594548;1.029303;1.070985;
0.061480;1.000000;0.906020;0.594447;1.024441;1.066972;
0.061500;1.000000;0.905770;0.594504;1.019464;1.062966;
0.061520;1.000000;0.905717;0.594723;1.014372;1.058965;
0.061540;1.000000;0.905870;0.595108;1.009170;1.054964;
0.061560;0.999999;0.906236;0.595659;1.003860;1.050959;
0.061580;0.999999;0.906820;0.596374;0.998446;1.046946;
0.061600;0.999999;0.907625;0.597251;0.992934;1.042917;
0.061620;0.999999;0.908651;0.598283;0.987329;1.038869;
0.061640;0.999999;0.909897;0.599462;0.981636;1.034793;
0.061660;0.999999;0.911358;0.600779;0.975863;1.030685;
0.061680;0.999999;0.913026;0.602221;0.970016;1.026537;
0.061700;0.999999;0.914893;0.603774;0.964101;1.022342;
0.061720;0.999999;0.916944;0.605422;0.958127;1.018094;
0.061740;0.999999;0.919167;0.607147;0.952101;1.013785;
0.061760;0.999999;0.921542;0.608931;0.946029;1.009409;
0.061780;0.999999;0.924049;0.610752;0.939920;1.004958;
0.061800;0.999999;0.926666;0.612590;0.933780;1.000427;
0.061820;0.999999;0.929368;0.614422;0.927617;0.995809;
0.061840;0.999999;0.932129;0.616227;0.921437;0.991098;
0.061860;0.999999;0.934921;0.617981;0.915245;0.986289;
0.061880;0.999999;0.937714;0.619662;0.909049;0.981376;
0.061900;0.999999;0.940479;0.621249;0.902854;0.976356;
0.061920;0.999999;0.943185;0.622720;0.896663;0.971224;
0.061940;0.999999;0.945801;0.624055;0.890481;0.965977;
0.061960;0.999999;0.948297;0.625236;0.884312;0.960613;
0.061980;0.999999;0.950644;0.626245;0.878157;0.955130;
0.062000;0.999999;0.952813;0.627067;0.872020;0.949527;
0.062020;0.999999;0.954778;0.627689;0.865901;0.943803;
0.062040;0.999999;0.956512;0.628098;0.859800;0.937958;
0.062060;0.999999;0.957993;0.628287;0.853717;0.931995;
0.062080;0.999999;0.959201;0.628249;0.847651;0.925914;
0.062100;0.999999;0.960118;0.627979;0.841599;0.919718;
0.062120;0.999999;0.960730;0.627475;0.835560;0.913411;
0.062140;0.999999;0.961024;0.626739;0.829530;0.906996;
0.062160;0.999999;0.960993;0.625773;0.823505;0.900478;
0.062180;0.999999;0.960632;0.624578;0.817480;0.893862;
0.062200;0.999999;0.959939;0.623171;0.811450;0.887154;
0.062220;0.999999;0.958918;0.621558;0.805410;0.880359;
0.062240;0.999999;0.957573;0.619751;0.799354;0.873485;
0.062260;0.999999;0.955913;0.617763;0.793275;0.866538;
0.062280;0.999999;0.953952;0.615611;0.787167;0.859526;
0.062300;0.999999;0.951705;0.613312;0.781024;0.852456;
0.062320;0.999999;0.949190;0.610884;0.774837;0.845335;
0.062340;0.999999;0.946428;0.608349;0.768601;0.838171;
0.062360;0.999999;0.943444;0.605726;0.762309;0.830971;
0.062380;0.999999;0.940263;0.603039;0.755955;0.823744;
0.062400;0.999999;0.936914;0.600310;0.749531;0.816495;
0.062420;0.999999;0.933427;0.597562;0.743032;0.809234;
0.062440;0.999999;0.929832;0.594820;0.736453;0.801965;
0.062460;0.999999;0.926162;0.592106;0.729788;0.794695;
0.062480;0.999999;0.922451;0.589444;0.723033;0.787432;
0.062500;0.999999;0.918731;0.586859;0.716183;0.780179;
0.062520;0.999999;0.915038;0.584371;0.709237;0.772941;
0.062540;0.999999;0.911403;0.582005;0.702190;0.765724;
0.062560;0.999999;0.907861;0.579780;0.695041;0.758531;
0.062580;1.000000;0.904443;0.577718;0.687789;0.751365;
0.062600;1.000000;0.901182;0.575837;0.680434;0.744228;
0.062620;1.000000;0.898107;0.574154;0.672976;0.737123;
0.062640;1.000000;0.895246;0.572685;0.665417;0.730049;
0.062660;1.000000;0.892626;0.571444;0.657758;0.723008;
0.062680;1.000000;0.890271;0.570444;0.650003;0.715998;
0.062700;1.000000;0.888203;0.569693;0.642155;0.709020;
0.062720;1.000000;0.886440;0.569199;0.634218;0.702071;
0.062740;1.000000;0.885000;0.568967;0.626198;0.695149;
0.062760;1.000000;0.883896;0.569000;0.618101;0.688250;
0.062780;1.000000;0.883137;0.569297;0.609931;0.681373;
0.062800;1.000000;0.882730;0.569856;0.601698;0.674511;
0.062820;1.000000;0.882678;0.570671;0.593407;0.667663;
0.062840;1.000000;0.882981;0.571734;0.585066;0.660821;
0.062860;1.000000;0.883635;0.573035;0.576683;0.653982;
0.062880;1.000000;0.884632;0.574559;0.568267;0.647139;
0.062900;1.000000;0.885960;0.576291;0.559825;0.640288;
0.062920;1.000000;0.887605;0.578212;0.551367;0.633423;
0.062940;1.000000;0.889547;0.580302;0.542900;0.626537;
0.062960;1.000000;0.891765;0.582539;0.534433;0.619626;
0.062980;1.000000;0.894234;0.584899;0.525974;0.612684;
0.063000;1.000000;0.896925;0.587356;0.517531;0.605704;
0.063020;1.000000;0.899810;0.589883;0.509111;0.598683;
0.063040;1.000000;0.902853;0.592453;0.500721;0.591615;
0.063060;1.000000;0.906022;0.595037;0.492369;0.584496;
0.063080;1.000000;0.909280;0.597607;0.484060;0.577321;
0.063100;1.000000;0.912589;0.600135;0.475801;0.570087;
0.063120;1.000000;0.915911;0.602594;0.467594;0.562791;
0.063140;1.000000;0.919209;0.604955;0.459446;0.555430;
0.063160;1.000000;0.922444;0.607195;0.451360;0.548002;
0.063180;1.000000;0.925578;0.609287;0.443337;0.540506;
0.063200;1.000000;0.928576;0.611211;0.435382;0.532941;
0.063220;1.000000;0.931402;0.612944;0.427494;0.525307;
0.063240;1.000000;0.934024;0.614470;0.419674;0.517604;
0.063260;1.000000;0.936411;0.615772;0.411922;0.509835;
0.063280;1.000000;0.938534;0.616838;0.404237;0.501999;
0.063300;1.000000;0.940369;0.617657;0.396618;0.494101;
0.063320;1.000000;0.941895;0.618221;0.389061;0.486143;
0.063340;1.000000;0.943092;0.618528;0.381564;0.478129;
0.063360;1.000000;0.943946;0.618574;0.374123;0.470064;
0.063380;1.000000;0.944446;0.618362;0.366734;0.461951;
0.063400;1.000000;0.944586;0.617897;0.359393;0.453796;
0.063420;1.000000;0.944363;0.617186;0.352093;0.445605;
0.063440;1.000000;0.943777;0.616239;0.344830;0.437384;
0.063460;1.000000;0.942835;0.615068;0.337597;0.429139;
0.063480;1.000000;0.941546;0.613690;0.330389;0.420876;
0.063500;1.000000;0.939924;0.612121;0.323198;0.412603;
0.063520;1.000000;0.937984;0.610380;0.316020;0.404325;
0.063540;1.000000;0.935748;0.608491;0.308846;0.396050;
0.063560;1.000000;0.933240;0.606474;0.301671;0.387785;
0.063580;1.000000;0.930487;0.604354;0.294489;0.379535;
0.063600;1.000000;0.927519;0.602156;0.287293;0.371308;
0.063620;1.000000;0.924369;0.599907;0.280077;0.363109;
0.063640;1.000000;0.921070;0.597632;0.272837;0.354945;
0.063660;1.000000;0.917659;0.595359;0.265565;0.346821;
0.063680;1.000000;0.914175;0.593115;0.258259;0.338742;
0.063700;1.000000;0.910656;0.590925;0.250913;0.330713;
0.063720;1.000000;0.907141;0.588817;0.243523;0.322737;
0.063740;1.000000;0.903670;0.586815;0.236087;0.314819;
0.063760;1.000000;0.900284;0.584943;0.228602;0.306961;
0.063780;1.000000;0.897019;0.583226;0.221064;0.299165;
0.063800;1.000000;0.893915;0.581684;0.213474;0.291434;
0.063820;1.000000;0.891009;0.580338;0.205829;0.283768;
0.063840;1.000000;0.888333;0.579205;0.198129;0.276168;
0.063860;1.000000;0.885922;0.578303;0.190375;0.268632;
0.063880;1.000000;0.883804;0.577644;0.182568;0.261161;
0.063900;1.000000;0.882007;0.577241;0.174708;0.253753;
0.063920;1.000000;0.880554;0.577103;0.166798;0.246404;
0.063940;1.000000;0.879466;0.577235;0.158840;0.239113;
0.063960;1.000000;0.878760;0.577641;0.150837;0.231876;
0.063980;1.000000;0.878448;0.578322;0.142792;0.224688;
0.064000;1.000000;0.878538;0.579277;0.134709;0.217544;
0.064020;1.000000;0.879035;0.580498;0.126593;0.210441;
0.064040;1.000000;0.879940;0.581979;0.118446;0.203372;
0.064060;1.000000;0.881248;0.583708;0.110275;0.196331;
0.064080;1.000000;0.882950;0.585672;0.102083;0.189313;
0.064100;1.000000;0.885035;0.587853;0.093876;0.182310;
0.064120;1.000000;0.887485;0.590232;0.085657;0.175316;
0.064140;0.999999;0.890280;0.592788;0.077433;0.168324;
0.064160;0.999999;0.893396;0.595496;0.069208;0.161328;
0.064180;0.999999;0.896804;0.598330;0.060987;0.154320;
0.064200;0.999999;0.900474;0.601262;0.052773;0.147294;
0.064220;0.999999;0.904371;0.604264;0.044573;0.140244;
0.064240;0.999999;0.908460;0.607303;0.036388;0.133161;
0.064260;0.999999;0.912701;0.610350;0.028224;0.126041;
0.064280;0.999999;0.917055;0.613373;0.020083;0.118878;
0.064300;0.999999;0.921480;0.616339;0.011969;0.111665;
0.064320;0.999999;0.925933;0.619217;0.003884;0.104398;
0.064340;0.999999;0.930371;0.621977;-0.004170;0.097071;
0.064360;0.999999;0.934752;0.624589;-0.012191;0.089681;
0.064380;0.999999;0.939033;0.627025;-0.020178;0.082224;
0.064400;0.999999;0.943172;0.629258;-0.028130;0.074697;
0.064420;0.999999;0.947129;0.631264;-0.036047;0.067096;
0.064440;0.999999;0.950867;0.633023;-0.043930;0.059420;
0.064460;0.999999;0.954347;0.634513;-0.051778;0.051667;
0.064480;0.999999;0.957538;0.635721;-0.059594;0.043836;
0.064500;0.999999;0.960407;0.636632;-0.067378;0.035928;
0.064520;0.999999;0.962928;0.637236;-0.075134;0.027942;
0.064540;0.999999;0.965076;0.637529;-0.082862;0.019880;
0.064560;0.999999;0.966830;0.637506;-0.090567;0.011742;
0.064580;0.999999;0.968174;0.637168;-0.098251;0.003531;
0.064600;0.999999;0.969096;0.636520;-0.105918;-0.004750;
0.064620;0.999999;0.969588;0.635568;-0.113570;-0.013099;
0.064640;0.999999;0.969645;0.634323;-0.121213;-0.021511;
0.064660;0.999999;0.969268;0.632799;-0.128850;-0.029983;
0.064680;0.999999;0.968463;0.631011;-0.136486;-0.038511;
0.064700;0.999999;0.967238;0.628979;-0.144123;-0.047090;
0.064720;0.999999;0.965607;0.626724;-0.151768;-0.055714;
0.064740;0.999999;0.963587;0.624268;-0.159423;-0.064380;
0.064760;0.999999;0.961201;0.621639;-0.167092;-0.073080;
0.064780;0.999999;0.958473;0.618861;-0.174781;-0.081809;
0.064800;0.999999;0.955432;0.615962;-0.182492;-0.090563;
0.064820;0.999999;0.952110;0.612972;-0.190230;-0.099334;
0.064840;0.999999;0.948541;0.609919;-0.197997;-0.108118;
0.064860;0.999999;0.944762;0.606833;-0.205796;-0.116908;
0.064880;0.999999;0.940813;0.603744;-0.213631;-0.125700;
0.064900;0.999999;0.936734;0.600680;-0.221504;-0.134487;
0.064920;0.999999;0.932567;0.597669;-0.229417;-0.143264;
0.064940;0.999999;0.928355;0.594741;-0.237372;-0.152027;
0.064960;0.999999;0.924141;0.591920;-0.245369;-0.160770;
0.064980;0.999999;0.919967;0.589233;-0.253411;-0.169489;
0.065000;0.999999;0.915876;0.586704;-0.261497;-0.178181;
0.065020;0.999999;0.911909;0.584353;-0.269628;-0.186841;
0.065040;0.999999;0.908106;0.582203;-0.277803;-0.195465;
0.065060;0.999999;0.904505;0.580270;-0.286022;-0.204052;
0.065080;0.999999;0.901140;0.578571;-0.294283;-0.212598;
0.065100;0.999999;0.898045;0.577119;-0.302585;-0.221101;
0.065120;0.999999;0.895250;0.575926;-0.310926;-0.229560;
0.065140;0.999999;0.892780;0.575001;-0.319304;-0.237973;
0.065160;0.999999;0.890658;0.574349;-0.327716;-0.246340;
0.065180;0.999999;0.888904;0.573974;-0.336159;-0.254660;
0.065200;0.999999;0.887531;0.573877;-0.344630;-0.262934;
0.065220;0.999999;0.886551;0.574057;-0.353126;-0.271162;
0.065240;0.999999;0.885970;0.574508;-0.361643;-0.279344;
0.065260;0.999999;0.885790;0.575223;-0.370177;-0.287482;
0.065280;0.999999;0.886009;0.576193;-0.378724;-0.295577;
0.065300;0.999999;0.886621;0.577404;-0.387279;-0.303632;
0.065320;0.999999;0.887614;0.578842;-0.395839;-0.311648;
0.065340;0.999999;0.888975;0.580490;-0.404399;-0.319628;
0.065360;0.999999;0.890684;0.582327;-0.412954;-0.327574;
0.065380;0.999999;0.892721;0.584333;-0.421501;-0.335490;
0.065400;0.999999;0.895060;0.586483;-0.430035;-0.343377;
0.065420;0.999999;0.897673;0.588754;-0.438551;-0.351240;
0.065440;0.999999;0.900528;0.591118;-0.447045;-0.359082;
0.065460;0.999999;0.903593;0.593549;-0.455513;-0.366905;
0.065480;0.999999;0.906832;0.596017;-0.463951;-0.374712;
0.065500;0.999999;0.910207;0.598496;-0.472355;-0.382507;
0.065520;0.999999;0.913682;0.600956;-0.480722;-0.390293;
0.065540;0.999999;0.917215;0.603369;-0.489047;-0.398073;
0.065560;0.999999;0.920769;0.605708;-0.497328;-0.405849;
0.065580;0.999999;0.924302;0.607946;-0.505561;-0.413624;
0.065600;0.999999;0.927777;0.610057;-0.513743;-0.421400;
0.065620;0.999999;0.931154;0.612018;-0.521873;-0.429180;
0.065640;0.999999;0.934396;0.613807;-0.529947;-0.436966;
0.065660;0.999999;0.937467;0.615404;-0.537963;-0.444758;
0.065680;0.999999;0.940334;0.616791;-0.545920;-0.452558;
0.065700;0.999999;0.942965;0.617955;-0.553816;-0.460367;
0.065720;0.999999;0.945332;0.618883;-0.561650;-0.468186;
0.065740;0.999999;0.947408;0.619566;-0.569420;-0.476015;
0.065760;0.999999;0.949171;0.619998;-0.577126;-0.483854;
0.065780;0.999999;0.950601;0.620176;-0.584767;-0.491703;
0.065800;0.999999;0.951684;0.620099;-0.592344;-0.499560;
0.065820;0.999999;0.952407;0.619773;-0.599855;-0.507424;
0.065840;0.999999;0.952763;0.619200;-0.607300;-0.515295;
0.065860;0.999999;0.952747;0.618392;-0.614682;-0.523170;
0.065880;0.999999;0.952362;0.617358;-0.621999;-0.531047;
0.065900;0.999999;0.951610;0.616113;-0.629252;-0.538924;
0.065920;0.999999;0.950501;0.614672;-0.636443;-0.546797;
0.065940;0.999999;0.949047;0.613054;-0.643572;-0.554665;
0.065960;0.999999;0.947265;0.611277;-0.650641;-0.562522;
0.065980;0.999999;0.945173;0.609363;-0.657652;-0.570367;
0.066000;0.999999;0.942796;0.607334;-0.664604;-0.578196;
0.066020;0.999999;0.940159;0.605213;-0.671501;-0.586004;
0.066040;0.999999;0.937292;0.603023;-0.678344;-0.593787;
0.066060;0.999999;0.934226;0.600790;-0.685134;-0.601542;
0.066080;0.999999;0.930994;0.598536;-0.691873;-0.609265;
0.066100;0.999999;0.927632;0.596286;-0.698564;-0.616950;
0.066120;0.999999;0.924176;0.594064;-0.705207;-0.624594;
0.066140;0.999999;0.920663;0.591892;-0.711805;-0.632193;
0.066160;0.999999;0.917130;0.589792;-0.718361;-0.639742;
0.066180;0.999999;0.913616;0.587787;-0.724874;-0.647238;
0.066200;0.999999;0.910157;0.585895;-0.731349;-0.654677;
0.066220;0.999999;0.906788;0.584137;-0.737786;-0.662054;
0.066240;0.999999;0.903546;0.582528;-0.744187;-0.669366;
0.066260;0.999999;0.900462;0.581086;-0.750554;-0.676611;
0.066280;0.999999;0.897568;0.579823;-0.756888;-0.683784;
0.066300;0.999999;0.894893;0.578753;-0.763192;-0.690883;
0.066320;0.999999;0.892462;0.577886;-0.769467;-0.697906;
0.066340;0.999999;0.890298;0.577231;-0.775713;-0.704849;
0.066360;0.999999;0.888423;0.576793;-0.781934;-0.711712;
0.066380;0.999999;0.886852;0.576579;-0.788128;-0.718493;
0.066400;0.999999;0.885600;0.576590;-0.794299;-0.725190;
0.066420;0.999999;0.884676;0.576826;-0.800446;-0.731803;
0.066440;0.999999;0.884088;0.577286;-0.806570;-0.738332;
0.066460;0.999999;0.883839;0.577965;-0.812672;-0.744776;
0.066480;0.999999;0.883929;0.578857;-0.818753;-0.751135;
0.066500;0.999999;0.884355;0.579954;-0.824812;-0.757411;
0.066520;0.999999;0.885111;0.581245;-0.830851;-0.763605;
0.066540;0.999999;0.886186;0.582718;-0.836868;-0.769717;
0.066560;0.999999;0.887569;0.584357;-0.842865;-0.775751;
0.066580;0.999999;0.889243;0.586147;-0.848839;-0.781708;
0.066600;0.999999;0.891191;0.588069;-0.854792;-0.787591;
0.066620;0.999999;0.893393;0.590102;-0.860722;-0.793403;
0.066640;0.999999;0.895824;0.592227;-0.866629;-0.799147;
0.066660;0.999999;0.898461;0.594420;-0.872511;-0.804826;
0.066680;0.999999;0.901276;0.596658;-0.878369;-0.810445;
0.066700;0.999999;0.904241;0.598918;-0.884199;-0.816007;
0.066720;0.999999;0.907325;0.601174;-0.890001;-0.821516;
0.066740;0.999999;0.910498;0.603403;-0.895774;-0.826977;
0.066760;0.999999;0.913728;0.605580;-0.901516;-0.832394;
0.066780;0.999999;0.916982;0.607681;-0.907226;-0.837772;
0.066800;0.999999;0.920228;0.609684;-0.912901;-0.843115;
0.066820;0.999999;0.923433;0.611567;-0.918540;-0.848427;
0.066840;0.999999;0.926565;0.613310;-0.924141;-0.853714;
0.066860;0.999999;0.929593;0.614894;-0.929702;-0.858980;
0.066880;0.999999;0.932486;0.616303;-0.935222;-0.864230;
0.066900;0.999999;0.935215;0.617522;-0.940698;-0.869467;
0.066920;0.999999;0.937754;0.618540;-0.946129;-0.874695;
0.066940;0.999999;0.940077;0.619347;-0.951514;-0.879920;
0.066960;0.999999;0.942161;0.619937;-0.956849;-0.885143;
0.066980;0.999999;0.943987;0.620306;-0.962135;-0.890370;
0.067000;0.999999;0.945537;0.620453;-0.967369;-0.895603;
0.067020;0.999999;0.946797;0.620378;-0.972551;-0.900844;
0.067040;0.999999;0.947756;0.620087;-0.977679;-0.906097;
0.067060;0.999999;0.948406;0.619586;-0.982751;-0.911363;
0.067080;0.999999;0.948744;0.618885;-0.987769;-0.916644;
0.067100;0.999999;0.948769;0.617994;-0.992730;-0.921942;
0.067120;0.999999;0.948484;0.616928;-0.997635;-0.927258;
0.067140;0.999999;0.947895;0.615701;-1.002483;-0.932592;
0.067160;0.999999;0.947014;0.614330;-1.007275;-0.937944;
0.067180;0.999999;0.945853;0.612834;-1.012011;-0.943314;
0.067200;0.999999;0.944428;0.611230;-1.016692;-0.948701;
0.067220;0.999999;0.942758;0.609540;-1.021318;-0.954104;
0.067240;0.999999;0.940867;0.607783;-1.025891;-0.959522;
0.067260;0.999999;0.938778;0.605979;-1.030413;-0.964953;
0.067280;0.999999;0.936517;0.604149;-1.034885;-0.970395;
0.067300;0.999999;0.934112;0.602312;-1.039309;-0.975844;
0.067320;0.999999;0.931592;0.600488;-1.043687;-0.981299;
0.067340;0.999999;0.928987;0.598695;-1.048022;-0.986755;
0.067360;0.999999;0.926328;0.596951;-1.052316;-0.992210;
0.067380;0.999999;0.923644;0.595273;-1.056572;-0.997660;
0.067400;0.999999;0.920966;0.593675;-1.060793;-1.003100;
0.067420;0.999999;0.918323;0.592174;-1.064982;-1.008527;
0.067440;0.999999;0.915742;0.590780;-1.069143;-1.013937;
0.067460;0.999999;0.913252;0.589505;-1.073277;-1.019325;
0.067480;0.999999;0.910876;0.588360;-1.077390;-1.024688;
0.067500;0.999999;0.908637;0.587353;-1.081483;-1.030020;
0.067520;0.999999;0.906557;0.586491;-1.085561;-1.035317;
0.067540;0.999999;0.904653;0.585779;-1.089626;-1.040576;
0.067560;0.999999;0.902942;0.585221;-1.093681;-1.045792;
0.067580;0.999999;0.901436;0.584821;-1.097730;-1.050961;
0.067600;0.999999;0.900147;0.584578;-1.101776;-1.056080;
0.067620;0.999999;0.899083;0.584492;-1.105820;-1.061145;
0.067640;0.999999;0.898250;0.584562;-1.109866;-1.066153;
0.067660;0.999999;0.897650;0.584784;-1.113915;-1.071100;
0.067680;0.999999;0.897284;0.585154;-1.117969;-1.075985;
0.067700;0.999999;0.897151;0.585666;-1.122030;-1.080804;
0.067720;0.999999;0.897247;0.586312;-1.126098;-1.085556;
0.067740;0.999999;0.897566;0.587084;-1.130175;-1.090240;
0.067760;0.999999;0.898101;0.587973;-1.134261;-1.094853;
0.067780;0.999999;0.898841;0.588968;-1.138356;-1.099396;
0.067800;0.999999;0.899777;0.590056;-1.142460;-1.103868;
0.067820;0.999999;0.900894;0.591225;-1.146571;-1.108269;
0.067840;0.999999;0.902180;0.592462;-1.150688;-1.112599;
0.067860;0.999999;0.903618;0.593753;-1.154810;-1.116859;
0.067880;0.999999;0.905192;0.595082;-1.158934;-1.121050;
0.067900;0.999999;0.906886;0.596435;-1.163058;-1.125174;
0.067920;0.999999;0.908679;0.597797;-1.167178;-1.129232;
0.067940;0.999999;0.910554;0.599152;-1.171293;-1.133227;
0.067960;0.999999;0.912490;0.600484;-1.175397;-1.137161;
0.067980;0.999999;0.914468;0.601780;-1.179487;-1.141037;
0.068000;0.999999;0.916466;0.603026;-1.183559;-1.144858;
0.068020;0.999999;0.918464;0.604207;-1.187608;-1.148627;
0.068040;0.999999;0.920442;0.605313;-1.191630;-1.152347;
0.068060;0.999999;0.922380;0.606331;-1.195618;-1.156021;
0.068080;0.999999;0.924257;0.607252;-1.199570;-1.159653;
0.068100;0.999999;0.926055;0.608068;-1.203478;-1.163247;
0.068120;0.999999;0.927756;0.608772;-1.207339;-1.166805;
0.068140;0.999999;0.929344;0.609359;-1.211146;-1.170332;
0.068160;0.999999;0.930803;0.609827;-1.214895;-1.173829;
0.068180;0.999999;0.932120;0.610173;-1.218581;-1.177301;
0.068200;0.999999;0.933282;0.610398;-1.222199;-1.180751;
0.068220;0.999999;0.934281;0.610505;-1.225744;-1.184180;
0.068240;0.999999;0.935108;0.610497;-1.229212;-1.187592;
0.068260;0.999999;0.935759;0.610380;-1.232599;-1.190988;
0.068280;0.999999;0.936231;0.610160;-1.235900;-1.194370;
0.068300;0.999999;0.936523;0.609847;-1.239113;-1.197740;
0.068320;0.999999;0.936638;0.609448;-1.242235;-1.201099;
0.068340;0.999999;0.936581;0.608975;-1.245262;-1.204446;
0.068360;0.999999;0.936358;0.608438;-1.248193;-1.207783;
0.068380;0.999999;0.935979;0.607849;-1.251026;-1.211110;
0.068400;0.999999;0.935455;0.607219;-1.253760;-1.214424;
0.068420;0.999999;0.934799;0.606559;-1.256394;-1.217727;
0.068440;0.999999;0.934027;0.605882;-1.258929;-1.221015;
0.068460;0.999999;0.933154;0.605198;-1.261363;-1.224286;
0.068480;0.999999;0.932198;0.604518;-1.263699;-1.227540;
0.068500;0.999999;0.931177;0.603852;-1.265938;-1.230772;
0.068520;0.999999;0.930109;0.603208;-1.268081;-1.233980;
0.068540;0.999999;0.929012;0.602595;-1.270131;-1.237160;
0.068560;0.999999;0.927905;0.602021;-1.272090;-1.240309;
0.068580;0.999999;0.926805;0.601490;-1.273962;-1.243422;
0.068600;0.999999;0.925729;0.601008;-1.275750;-1.246495;
0.068620;0.999999;0.924692;0.600580;-1.277457;-1.249524;
0.068640;0.999999;0.923708;0.600207;-1.279088;-1.252504;
0.068660;0.999999;0.922790;0.599892;-1.280647;-1.255430;
0.068680;0.999999;0.921947;0.599637;-1.282137;-1.258297;
0.068700;0.999999;0.921188;0.599440;-1.283565;-1.261102;
0.068720;0.999999;0.920520;0.599301;-1.284934;-1.263838;
0.068740;0.999999;0.919947;0.599219;-1.286248;-1.266501;
0.068760;0.999999;0.919472;0.599191;-1.287512;-1.269087;
0.068780;0.999999;0.919097;0.599216;-1.288731;-1.271591;
0.068800;0.999999;0.918819;0.599289;-1.289909;-1.274009;
0.068820;0.999999;0.918637;0.599408;-1.291049;-1.276338;
0.068840;0.999999;0.918547;0.599569;-1.292156;-1.278573;
0.068860;0.999999;0.918544;0.599767;-1.293232;-1.280711;
0.068880;0.999999;0.918622;0.599998;-1.294281;-1.282750;
0.068900;0.999999;0.918774;0.600257;-1.295305;-1.284687;
0.068920;0.999999;0.918994;0.600540;-1.296306;-1.286521;
0.068940;0.999999;0.919273;0.600842;-1.297286;-1.288248;
0.068960;0.999999;0.919604;0.601157;-1.298247;-1.289869;
0.068980;0.999999;0.919980;0.601479;-1.299189;-1.291383;
0.069000;0.999999;0.920392;0.601805;-1.300111;-1.292790;
0.069020;0.999999;0.920833;0.602127;-1.301014;-1.294090;
0.069040;0.999999;0.921296;0.602441;-1.301897;-1.295284;
0.069060;0.999999;0.921773;0.602740;-1.302758;-1.296373;
0.069080;0.999999;0.922259;0.603019;-1.303596;-1.297359;
0.069100;0.999999;0.922747;0.603272;-1.304407;-1.298245;
0.069120;0.999999;0.923232;0.603495;-1.305188;-1.299033;
0.069140;0.999999;0.923706;0.603680;-1.305938;-1.299726;
0.069160;0.999999;0.924165;0.603824;-1.306650;-1.300328;
0.069180;0.999999;0.924604;0.603921;-1.307323;-1.300842;
0.069200;0.999999;0.925017;0.603967;-1.307950;-1.301272;
0.069220;0.999999;0.925400;0.603959;-1.308528;-1.301623;
0.069240;0.999999;0.925747;0.603893;-1.309051;-1.301899;
0.069260;0.999999;0.926055;0.603767;-1.309514;-1.302105;
0.069280;0.999999;0.926320;0.603580;-1.309912;-1.302245;
0.069300;0.999999;0.926535;0.603330;-1.310240;-1.302324;
0.069320;0.999999;0.926699;0.603019;-1.310493;-1.302346;
0.069340;0.999999;0.926808;0.602648;-1.310666;-1.302317;
0.069360;0.999999;0.926858;0.602219;-1.310754;-1.302240;
0.069380;0.999999;0.926847;0.601735;-1.310752;-1.302121;
0.069400;0.999999;0.926774;0.601203;-1.310655;-1.301963;
0.069420;0.999999;0.926637;0.600626;-1.310461;-1.301769;
0.069440;0.999999;0.926437;0.600013;-1.310165;-1.301545;
0.069460;0.999999;0.926174;0.599370;-1.309764;-1.301292;
0.069480;0.999999;0.925850;0.598705;-1.309255;-1.301014;
0.069500;0.999999;0.925468;0.598027;-1.308636;-1.300714;
0.069520;0.999999;0.925032;0.597345;-1.307906;-1.300392;
0.069540;0.999999;0.924548;0.596669;-1.307064;-1.300052;
0.069560;0.999999;0.924021;0.596008;-1.306110;-1.299694;
0.069580;0.999999;0.923460;0.595370;-1.305042;-1.299318;
0.069600;0.999999;0.922872;0.594767;-1.303864;-1.298925;
0.069620;0.999999;0.922265;0.594204;-1.302575;-1.298515;
0.069640;0.999999;0.921651;0.593691;-1.301179;-1.298087;
0.069660;0.999999;0.921038;0.593234;-1.299678;-1.297640;
0.069680;0.999999;0.920437;0.592839;-1.298076;-1.297173;
0.069700;0.999999;0.919858;0.592511;-1.296376;-1.296682;
0.069720;0.999999;0.919310;0.592253;-1.294583;-1.296167;
0.069740;0.999999;0.918803;0.592068;-1.292702;-1.295624;
0.069760;0.999999;0.918346;0.591956;-1.290738;-1.295050;
0.069780;0.999999;0.917945;0.591918;-1.288698;-1.294443;
0.069800;0.999999;0.917607;0.591950;-1.286587;-1.293798;
0.069820;1.000000;0.917336;0.592051;-1.284412;-1.293113;
0.069840;1.000000;0.917136;0.592216;-1.282180;-1.292383;
0.069860;1.000000;0.917008;0.592439;-1.279897;-1.291604;
0.069880;1.000000;0.916950;0.592715;-1.277569;-1.290773;
0.069900;1.000000;0.916962;0.593036;-1.275205;-1.289886;
0.069920;1.000000;0.917039;0.593395;-1.272810;-1.288939;
0.069940;1.000000;0.917175;0.593783;-1.270392;-1.287929;
0.069960;1.000000;0.917363;0.594192;-1.267956;-1.286853;
0.069980;1.000000;0.917594;0.594611;-1.265509;-1.285707;
0.070000;1.000000;0.917860;0.595034;-1.263056;-1.284488;
0.070020;1.000000;0.918147;0.595449;-1.260603;-1.283194;
0.070040;1.000000;0.918446;0.595850;-1.258154;-1.281823;
0.070060;1.000000;0.918745;0.596227;-1.255714;-1.280372;
0.070080;1.000000;0.919030;0.596573;-1.253288;-1.278842;
0.070100;1.000000;0.919291;0.596880;-1.250876;-1.277230;
0.070120;1.000000;0.919516;0.597143;-1.248484;-1.275537;
0.070140;1.000000;0.919694;0.597354;-1.246111;-1.273762;
0.070160;1.000000;0.919814;0.597510;-1.243760;-1.271907;
0.070180;1.000000;0.919868;0.597605;-1.241431;-1.269971;
0.070200;1.000000;0.919848;0.597636;-1.239123;-1.267957;
0.070220;1.000000;0.919748;0.597602;-1.236836;-1.265867;
0.070240;1.000000;0.919563;0.597500;-1.234568;-1.263703;
0.070260;1.000000;0.919289;0.597330;-1.232317;-1.261467;
0.070280;1.000000;0.918924;0.597091;-1.230081;-1.259165;
0.070300;1.000000;0.918469;0.596785;-1.227855;-1.256798;
0.070320;1.000000;0.917925;0.596414;-1.225635;-1.254371;
0.070340;1.000000;0.917294;0.595981;-1.223418;-1.251889;
0.070360;1.000000;0.916581;0.595488;-1.221198;-1.249355;
0.070380;1.000000;0.915790;0.594940;-1.218970;-1.246775;
0.070400;1.000000;0.914929;0.594343;-1.216728;-1.244154;
0.070420;1.000000;0.914004;0.593702;-1.214466;-1.241497;
0.070440;1.000000;0.913024;0.593025;-1.212179;-1.238808;
0.070460;1.000000;0.911999;0.592318;-1.209860;-1.236093;
0.070480;1.000000;0.910937;0.591589;-1.207503;-1.233357;
0.070500;1.000000;0.909850;0.590849;-1.205102;-1.230604;
0.070520;1.000000;0.908748;0.590105;-1.202650;-1.227840;
0.070540;1.000000;0.907642;0.589368;-1.200143;-1.225068;
0.070560;1.000000;0.906543;0.588648;-1.197574;-1.222293;
0.070580;1.000000;0.905463;0.587957;-1.194937;-1.219518;
0.070600;1.000000;0.904414;0.587305;-1.192229;-1.216748;
0.070620;1.000000;0.903407;0.586705;-1.189445;-1.213984;
0.070640;1.000000;0.902454;0.586166;-1.186581;-1.211230;
0.070660;1.000000;0.901567;0.585702;-1.183633;-1.208486;
0.070680;1.000000;0.900757;0.585323;-1.180598;-1.205756;
0.070700;1.000000;0.900036;0.585039;-1.177476;-1.203039;
0.070720;1.000000;0.899416;0.584861;-1.174263;-1.200337;
0.070740;1.000000;0.898907;0.584799;-1.170960;-1.197648;
0.070760;1.000000;0.898520;0.584860;-1.167566;-1.194972;
0.070780;1.000000;0.898266;0.585052;-1.164081;-1.192309;
0.070800;1.000000;0.898154;0.585380;-1.160507;-1.189655;
0.070820;1.000000;0.898193;0.585850;-1.156846;-1.187008;
0.070840;1.000000;0.898391;0.586464;-1.153100;-1.184366;
0.070860;1.000000;0.898756;0.587224;-1.149273;-1.181725;
0.070880;1.000000;0.899293;0.588129;-1.145368;-1.179081;
0.070900;1.000000;0.900006;0.589175;-1.141388;-1.176430;
0.070920;1.000000;0.900898;0.590359;-1.137340;-1.173767;
0.070940;1.000000;0.901968;0.591675;-1.133228;-1.171087;
0.070960;1.000000;0.903217;0.593113;-1.129057;-1.168385;
0.070980;1.000000;0.904641;0.594664;-1.124834;-1.165656;
0.071000;1.000000;0.906233;0.596316;-1.120564;-1.162894;
0.071020;1.000000;0.907986;0.598055;-1.116253;-1.160093;
0.071040;1.000000;0.909889;0.599866;-1.111908;-1.157248;
0.071060;1.000000;0.911929;0.601732;-1.107534;-1.154353;
0.071080;1.000000;0.914092;0.603636;-1.103138;-1.151402;
0.071100;1.000000;0.916359;0.605560;-1.098726;-1.148390;
0.071120;1.000000;0.918713;0.607485;-1.094303;-1.145312;
0.071140;1.000000;0.921131;0.609391;-1.089875;-1.142162;
0.071160;1.000000;0.923591;0.611259;-1.085446;-1.138937;
0.071180;1.000000;0.926070;0.613069;-1.081022;-1.135631;
0.071200;1.000000;0.928542;0.614804;-1.076606;-1.132242;
0.071220;0.999999;0.930983;0.616445;-1.072202;-1.128766;
0.071240;0.999999;0.933367;0.617974;-1.067813;-1.125199;
0.071260;0.999999;0.935669;0.619375;-1.063440;-1.121540;
0.071280;0.999999;0.937863;0.620635;-1.059086;-1.117787;
0.071300;0.999999;0.939927;0.621739;-1.054751;-1.113938;
0.071320;0.999999;0.941837;0.622677;-1.050436;-1.109994;
0.071340;0.999999;0.943572;0.623438;-1.046140;-1.105953;
0.071360;0.999999;0.945115;0.624015;-1.041861;-1.101817;
0.071380;0.999999;0.946447;0.624402;-1.037597;-1.097586;
0.071400;0.999999;0.947554;0.624594;-1.033346;-1.093263;
0.071420;0.999999;0.948424;0.624591;-1.029104;-1.088849;
0.071440;0.999999;0.949049;0.624392;-1.024868;-1.084348;
0.071460;0.999999;0.949421;0.623999;-1.020631;-1.079761;
0.071480;0.999999;0.949538;0.623417;-1.016390;-1.075094;
0.071500;0.999999;0.949399;0.622651;-1.012139;-1.070350;
0.071520;0.999999;0.949005;0.621709;-1.007870;-1.065534;
0.071540;0.999999;0.948364;0.620601;-1.003578;-1.060649;
0.071560;0.999999;0.947482;0.619337;-0.999256;-1.055702;
0.071580;0.999999;0.946371;0.617930;-0.994896;-1.050697;
0.071600;0.999999;0.945043;0.616394;-0.990492;-1.045638;
0.071620;0.999999;0.943514;0.614743;-0.986036;-1.040533;
0.071640;0.999999;0.941801;0.612994;-0.981520;-1.035385;
0.071660;0.999999;0.939924;0.611163;-0.976937;-1.030199;
0.071680;0.999999;0.937904;0.609268;-0.972280;-1.024982;
0.071700;0.999999;0.935762;0.607327;-0.967543;-1.019737;
0.071720;0.999999;0.933524;0.605359;-0.962719;-1.014469;
0.071740;0.999999;0.931212;0.603383;-0.957801;-1.009183;
0.071760;0.999999;0.928852;0.601419;-0.952784;-1.003882;
0.071780;0.999999;0.926470;0.599485;-0.947663;-0.998570;
0.071800;0.999999;0.924091;0.597600;-0.942433;-0.993249;
0.071820;0.999999;0.921741;0.595784;-0.937091;-0.987922;
0.071840;0.999999;0.919444;0.594053;-0.931633;-0.982592;
0.071860;0.999999;0.917226;0.592427;-0.926056;-0.977259;
0.071880;0.999999;0.915111;0.590920;-0.920359;-0.971925;
0.071900;0.999999;0.913121;0.589549;-0.914541;-0.966589;
0.071920;0.999999;0.911278;0.588328;-0.908602;-0.961252;
0.071940;0.999999;0.909603;0.587270;-0.902541;-0.955912;
0.071960;0.999999;0.908115;0.586386;-0.896361;-0.950568;
0.071980;0.999999;0.906831;0.585685;-0.890064;-0.945219;
0.072000;1.000000;0.905767;0.585175;-0.883652;-0.939860;
0.072020;1.000000;0.904936;0.584861;-0.877130;-0.934490;
0.072040;1.000000;0.904349;0.584748;-0.870500;-0.929105;
0.072060;1.000000;0.904015;0.584835;-0.863769;-0.923701;
0.072080;1.000000;0.903940;0.585123;-0.856941;-0.918273;
0.072100;1.000000;0.904127;0.585606;-0.850023;-0.912817;
0.072120;1.000000;0.904577;0.586281;-0.843021;-0.907328;
0.072140;1.000000;0.905288;0.587137;-0.835942;-0.901800;
0.072160;1.000000;0.906254;0.588166;-0.828793;-0.896228;
0.072180;1.000000;0.907468;0.589353;-0.821582;-0.890606;
0.072200;1.000000;0.908919;0.590684;-0.814315;-0.884930;
0.072220;1.000000;0.910591;0.592142;-0.807001;-0.879193;
0.072240;1.000000;0.912468;0.593709;-0.799648;-0.873390;
0.072260;1.000000;0.914531;0.595365;-0.792262;-0.867517;
0.072280;1.000000;0.916756;0.597087;-0.784852;-0.861567;
0.072300;1.000000;0.919119;0.598854;-0.777424;-0.855536;
0.072320;1.000000;0.921593;0.600642;-0.769985;-0.849420;
0.072340;1.000000;0.924150;0.602426;-0.762543;-0.843215;
0.072360;1.000000;0.926757;0.604184;-0.755102;-0.836918;
0.072380;1.000000;0.929385;0.605891;-0.747669;-0.830525;
0.072400;1.000000;0.932001;0.607524;-0.740249;-0.824034;
0.072420;1.000000;0.934572;0.609060;-0.732846;-0.817443;
0.072440;1.000000;0.937065;0.610477;-0.725464;-0.810751;
0.072460;1.000000;0.939447;0.611755;-0.718106;-0.803957;
0.072480;1.000000;0.941688;0.612874;-0.710775;-0.797062;
0.072500;1.000000;0.943756;0.613820;-0.703472;-0.790066;
0.072520;1.000000;0.945623;0.614575;-0.696198;-0.782971;
0.072540;1.000000;0.947262;0.615127;-0.688955;-0.775778;
0.072560;1.000000;0.948648;0.615467;-0.681741;-0.768491;
0.072580;1.000000;0.949760;0.615585;-0.674556;-0.761113;
0.072600;1.000000;0.950578;0.615478;-0.667398;-0.753648;
0.072620;1.000000;0.951087;0.615141;-0.660264;-0.746101;
0.072640;1.000000;0.951273;0.614575;-0.653152;-0.738476;
0.072660;1.000000;0.951129;0.613783;-0.646059;-0.730779;
0.072680;1.000000;0.950648;0.612768;-0.638980;-0.723017;
0.072700;1.000000;0.949828;0.611540;-0.631912;-0.715196;
0.072720;1.000000;0.948672;0.610108;-0.624849;-0.707322;
0.072740;1.000000;0.947185;0.608483;-0.617787;-0.699404;
0.072760;1.000000;0.945377;0.606681;-0.610721;-0.691447;
0.072780;1.000000;0.943260;0.604718;-0.603645;-0.683461;
0.072800;1.000000;0.940851;0.602612;-0.596553;-0.675451;
0.072820;1.000000;0.938169;0.600381;-0.589441;-0.667427;
0.072840;1.000000;0.935237;0.598049;-0.582303;-0.659395;
0.072860;1.000000;0.932081;0.595635;-0.575134;-0.651362;
0.072880;1.000000;0.928727;0.593165;-0.567928;-0.643336;
0.072900;1.000000;0.925208;0.590661;-0.560681;-0.635324;
0.072920;1.000000;0.921555;0.588148;-0.553389;-0.627333;
0.072940;1.000000;0.917801;0.585652;-0.546047;-0.619368;
0.072960;1.000000;0.913983;0.583195;-0.538653;-0.611436;
0.072980;1.000000;0.910135;0.580804;-0.531202;-0.603541;
0.073000;1.000000;0.906296;0.578502;-0.523692;-0.595688;
0.073020;1.000000;0.902502;0.576314;-0.516121;-0.587883;
0.073040;1.000000;0.898790;0.574261;-0.508489;-0.580127;
0.073060;1.000000;0.895195;0.572367;-0.500794;-0.572424;
0.073080;1.000000;0.891755;0.570651;-0.493035;-0.564777;
0.073100;1.000000;0.888503;0.569133;-0.485214;-0.557186;
0.073120;1.000000;0.885471;0.567830;-0.477332;-0.549653;
0.073140;1.000000;0.882691;0.566758;-0.469391;-0.542179;
0.073160;1.000000;0.880191;0.565931;-0.461392;-0.534762;
0.073180;1.000000;0.877998;0.565361;-0.453339;-0.527401;
0.073200;1.000000;0.876134;0.565057;-0.445236;-0.520095;
0.073220;1.000000;0.874620;0.565025;-0.437087;-0.512842;
0.073240;1.000000;0.873473;0.565271;-0.428895;-0.505638;
0.073260;1.000000;0.872706;0.565796;-0.420667;-0.498480;
0.073280;1.000000;0.872330;0.566598;-0.412408;-0.491365;
0.073300;1.000000;0.872350;0.567674;-0.404123;-0.484287;
0.073320;1.000000;0.872767;0.569017;-0.395818;-0.477241;
0.073340;1.000000;0.873581;0.570618;-0.387500;-0.470224;
0.073360;1.000000;0.874786;0.572465;-0.379175;-0.463229;
0.073380;1.000000;0.876370;0.574542;-0.370848;-0.456250;
0.073400;1.000000;0.878321;0.576832;-0.362528;-0.449282;
0.073420;1.000000;0.880620;0.579315;-0.354219;-0.442319;
0.073440;1.000000;0.883246;0.581969;-0.345928;-0.435355;
0.073460;1.000000;0.886175;0.584770;-0.337662;-0.428384;
0.073480;1.000000;0.889377;0.587691;-0.329425;-0.421400;
0.073500;1.000000;0.892823;0.590706;-0.321223;-0.414398;
0.073520;1.000000;0.896479;0.593785;-0.313061;-0.407371;
0.073540;1.000000;0.900308;0.596898;-0.304943;-0.400316;
0.073560;1.000000;0.904273;0.600016;-0.296874;-0.393227;
0.073580;1.000000;0.908334;0.603107;-0.288857;-0.386099;
0.073600;1.000000;0.912452;0.606142;-0.280895;-0.378928;
0.073620;1.000000;0.916585;0.609090;-0.272990;-0.371712;
0.073640;1.000000;0.920693;0.611923;-0.265144;-0.364446;
0.073660;1.000000;0.924734;0.614613;-0.257359;-0.357128;
0.073680;1.000000;0.928668;0.617132;-0.249634;-0.349756;
0.073700;1.000000;0.932458;0.619458;-0.241969;-0.342328;
0.073720;1.000000;0.936064;0.621567;-0.234364;-0.334844;
0.073740;1.000000;0.939453;0.623440;-0.226818;-0.327303;
0.073760;1.000000;0.942590;0.625059;-0.219327;-0.319705;
0.073780;1.000000;0.945446;0.626411;-0.211891;-0.312051;
0.073800;1.000000;0.947993;0.627483;-0.204504;-0.304341;
0.073820;1.000000;0.950207;0.628267;-0.197165;-0.296579;
0.073840;1.000000;0.952068;0.628759;-0.189868;-0.288765;
0.073860;1.000000;0.953560;0.628956;-0.182609;-0.280903;
0.073880;1.000000;0.954668;0.628860;-0.175383;-0.272996;
0.073900;1.000000;0.955385;0.628474;-0.168185;-0.265047;
0.073920;1.000000;0.955707;0.627808;-0.161009;-0.257059;
0.073940;1.000000;0.955631;0.626871;-0.153849;-0.249038;
0.073960;1.000000;0.955164;0.625676;-0.146701;-0.240988;
0.073980;1.000000;0.954311;0.624239;-0.139556;-0.232913;
0.074000;1.000000;0.953086;0.622580;-0.132411;-0.224817;
0.074020;1.000000;0.951504;0.620717;-0.125257;-0.216706;
0.074040;1.000000;0.949585;0.618674;-0.118091;-0.208585;
0.074060;1.000000;0.947352;0.616475;-0.110905;-0.200457;
0.074080;1.000000;0.944831;0.614144;-0.103695;-0.192329;
0.074100;1.000000;0.942052;0.611709;-0.096455;-0.184204;
0.074120;1.000000;0.939047;0.609197;-0.089180;-0.176087;
0.074140;1.000000;0.935851;0.606636;-0.081865;-0.167982;
0.074160;1.000000;0.932499;0.604054;-0.074506;-0.159893;
0.074180;1.000000;0.929031;0.601478;-0.067100;-0.151824;
0.074200;1.000000;0.925485;0.598938;-0.059643;-0.143778;
0.074220;1.000000;0.921902;0.596460;-0.052132;-0.135758;
0.074240;1.000000;0.918322;0.594070;-0.044565;-0.127766;
0.074260;1.000000;0.914786;0.591794;-0.036939;-0.119804;
0.074280;1.000000;0.911333;0.589656;-0.029254;-0.111874;
0.074300;1.000000;0.908004;0.587679;-0.021509;-0.103978;
0.074320;1.000000;0.904835;0.585883;-0.013703;-0.096114;
0.074340;1.000000;0.901863;0.584287;-0.005837;-0.088285;
0.074360;1.000000;0.899121;0.582909;0.002089;-0.080488;
0.074380;1.000000;0.896641;0.581762;0.010074;-0.072725;
0.074400;1.000000;0.894452;0.580859;0.018115;-0.064992;
0.074420;1.000000;0.892579;0.580210;0.026211;-0.057289;
0.074440;1.000000;0.891045;0.579822;0.034359;-0.049613;
0.074460;1.000000;0.889866;0.579698;0.042557;-0.041962;
0.074480;1.000000;0.889058;0.579841;0.050800;-0.034333;
0.074500;1.000000;0.888632;0.580249;0.059087;-0.026721;
0.074520;1.000000;0.888593;0.580918;0.067412;-0.019125;
0.074540;1.000000;0.888944;0.581841;0.075773;-0.011539;
0.074560;1.000000;0.889682;0.583007;0.084164;-0.003960;
0.074580;1.000000;0.890801;0.584405;0.092582;0.003617;
0.074600;1.000000;0.892290;0.586020;0.101023;0.011196;
0.074620;1.000000;0.894134;0.587832;0.109482;0.018782;
0.074640;1.000000;0.896315;0.589823;0.117955;0.026379;
0.074660;1.000000;0.898811;0.591970;0.126438;0.033992;
0.074680;1.000000;0.901596;0.594249;0.134927;0.041625;
0.074700;1.000000;0.904642;0.596634;0.143417;0.049284;
0.074720;1.000000;0.907915;0.599098;0.151906;0.056972;
0.074740;1.000000;0.911382;0.601612;0.160389;0.064693;
0.074760;1.000000;0.915008;0.604147;0.168863;0.072451;
0.074780;1.000000;0.918752;0.606674;0.177325;0.080251;
0.074800;1.000000;0.922577;0.609164;0.185773;0.088095;
0.074820;1.000000;0.926441;0.611586;0.194203;0.095986;
0.074840;1.000000;0.930304;0.613912;0.202614;0.103928;
0.074860;1.000000;0.934124;0.616116;0.211004;0.111922;
0.074880;1.000000;0.937862;0.618169;0.219371;0.119970;
0.074900;1.000000;0.941476;0.620049;0.227715;0.128073;
0.074920;1.000000;0.944929;0.621732;0.236033;0.136234;
0.074940;1.000000;0.948183;0.623198;0.244327;0.144451;
0.074960;1.000000;0.951204;0.624429;0.252595;0.152726;
0.074980;1.000000;0.953958;0.625411;0.260837;0.161058;
0.075000;1.000000;0.956416;0.626131;0.269054;0.169445;
0.075020;1.000000;0.958551;0.626581;0.277247;0.177888;
0.075040;1.000000;0.960339;0.626754;0.285415;0.186383;
0.075060;1.000000;0.961761;0.626648;0.293561;0.194929;
0.075080;1.000000;0.962800;0.626264;0.301686;0.203524;
0.075100;1.000000;0.963444;0.625605;0.309790;0.212164;
0.075120;1.000000;0.963685;0.624679;0.317875;0.220845;
0.075140;1.000000;0.963519;0.623494;0.325943;0.229565;
0.075160;1.000000;0.962947;0.622064;0.333996;0.238319;
0.075180;1.000000;0.961972;0.620404;0.342035;0.247103;
0.075200;1.000000;0.960605;0.618531;0.350061;0.255912;
0.075220;1.000000;0.958857;0.616465;0.358077;0.264741;
0.075240;1.000000;0.956746;0.614227;0.366085;0.273586;
0.075260;1.000000;0.954293;0.611841;0.374085;0.282442;
0.075280;1.000000;0.951522;0.609331;0.382079;0.291303;
0.075300;1.000000;0.948460;0.606723;0.390069;0.300164;
0.075320;1.000000;0.945138;0.604042;0.398055;0.309020;
0.075340;1.000000;0.941590;0.601315;0.406040;0.317866;
0.075360;1.000000;0.937852;0.598569;0.414022;0.326696;
0.075380;1.000000;0.933961;0.595831;0.422005;0.335505;
0.075400;1.000000;0.929956;0.593127;0.429987;0.344288;
0.075420;1.000000;0.925877;0.590482;0.437969;0.353041;
0.075440;1.000000;0.921766;0.587922;0.445952;0.361758;
0.075460;1.000000;0.917664;0.585471;0.453934;0.370435;
0.075480;1.000000;0.913612;0.583150;0.461916;0.379068;
0.075500;1.000000;0.909650;0.580982;0.469897;0.387653;
0.075520;1.000000;0.905816;0.578986;0.477877;0.396187;
0.075540;1.000000;0.902149;0.577179;0.485854;0.404665;
0.075560;1.000000;0.898684;0.575579;0.493827;0.413085;
0.075580;1.000000;0.895454;0.574198;0.501794;0.421444;
0.075600;1.000000;0.892490;0.573050;0.509755;0.429740;
0.075620;1.000000;0.889819;0.572144;0.517707;0.437970;
0.075640;1.000000;0.887466;0.571487;0.525649;0.446133;
0.075660;1.000000;0.885451;0.571086;0.533578;0.454227;
0.075680;1.000000;0.883791;0.570944;0.541492;0.462252;
0.075700;1.000000;0.882500;0.571060;0.549390;0.470207;
0.075720;1.000000;0.881587;0.571434;0.557268;0.478092;
0.075740;1.000000;0.881058;0.572061;0.565125;0.485906;
0.075760;1.000000;0.880914;0.572934;0.572958;0.493650;
0.075780;1.000000;0.881154;0.574045;0.580764;0.501325;
0.075800;1.000000;0.881769;0.575382;0.588541;0.508932;
0.075820;1.000000;0.882752;0.576932;0.596287;0.516472;
0.075840;1.000000;0.884088;0.578679;0.603998;0.523946;
0.075860;1.000000;0.885760;0.580605;0.611673;0.531357;
0.075880;1.000000;0.887749;0.582690;0.619310;0.538706;
0.075900;1.000000;0.890030;0.584913;0.626905;0.545996;
0.075920;1.000000;0.892579;0.587251;0.634456;0.553229;
0.075940;1.000000;0.895367;0.589680;0.641962;0.560407;
0.075960;1.000000;0.898364;0.592174;0.649419;0.567533;
0.075980;1.000000;0.901536;0.594707;0.656827;0.574610;
0.076000;1.000000;0.904850;0.597253;0.664183;0.581640;
0.076020;1.000000;0.908272;0.599784;0.671486;0.588627;
0.076040;1.000000;0.911764;0.602275;0.678733;0.595573;
0.076060;1.000000;0.915291;0.604699;0.685923;0.602482;
0.076080;1.000000;0.918815;0.607031;0.693055;0.609355;
0.076100;1.000000;0.922301;0.609246;0.700128;0.616196;
0.076120;1.000000;0.925712;0.611321;0.707140;0.623007;
0.076140;1.000000;0.929014;0.613236;0.714090;0.629792;
0.076160;1.000000;0.932172;0.614972;0.720978;0.636551;
0.076180;1.000000;0.935155;0.616510;0.727802;0.643289;
0.076200;1.000000;0.937933;0.617837;0.734562;0.650006;
0.076220;1.000000;0.940478;0.618940;0.741258;0.656705;
0.076240;1.000000;0.942764;0.619811;0.747889;0.663387;
0.076260;1.000000;0.944770;0.620442;0.754456;0.670055;
0.076280;1.000000;0.946476;0.620831;0.760957;0.676709;
0.076300;1.000000;0.947867;0.620976;0.767394;0.683350;
0.076320;1.000000;0.948929;0.620880;0.773766;0.689980;
0.076340;1.000000;0.949655;0.620547;0.780074;0.696599;
0.076360;1.000000;0.950039;0.619985;0.786318;0.703207;
0.076380;1.000000;0.950080;0.619204;0.792499;0.709805;
0.076400;1.000000;0.949781;0.618217;0.798617;0.716393;
0.076420;1.000000;0.949147;0.617037;0.804674;0.722969;
0.076440;1.000000;0.948189;0.615681;0.810671;0.729534;
0.076460;1.000000;0.946920;0.614168;0.816608;0.736087;
0.076480;1.000000;0.945357;0.612516;0.822487;0.742626;
0.076500;1.000000;0.943519;0.610746;0.828309;0.749151;
0.076520;1.000000;0.941431;0.608880;0.834076;0.755661;
0.076540;1.000000;0.939116;0.606938;0.839790;0.762152;
0.076560;1.000000;0.936604;0.604944;0.845451;0.768625;
0.076580;1.000000;0.933923;0.602920;0.851062;0.775076;
0.076600;1.000000;0.931105;0.600887;0.856624;0.781504;
0.076620;1.000000;0.928182;0.598867;0.862140;0.787907;
0.076640;1.000000;0.925187;0.596881;0.867612;0.794282;
0.076660;1.000000;0.922154;0.594950;0.873041;0.800628;
0.076680;1.000000;0.919117;0.593093;0.878430;0.806941;
0.076700;1.000000;0.916107;0.591327;0.883781;0.813220;
0.076720;1.000000;0.913158;0.589671;0.889097;0.819462;
0.076740;1.000000;0.910301;0.588138;0.894379;0.825664;
0.076760;1.000000;0.907564;0.586745;0.899630;0.831825;
0.076780;1.000000;0.904976;0.585502;0.904852;0.837943;
0.076800;1.000000;0.902562;0.584420;0.910048;0.844014;
0.076820;1.000000;0.900346;0.583510;0.915219;0.850038;
0.076840;1.000000;0.898347;0.582779;0.920369;0.856013;
0.076860;1.000000;0.896584;0.582231;0.925498;0.861936;
0.076880;1.000000;0.895072;0.581872;0.930610;0.867806;
0.076900;1.000000;0.893824;0.581702;0.935706;0.873622;
0.076920;1.000000;0.892849;0.581723;0.940788;0.879383;
0.076940;1.000000;0.892153;0.581933;0.945858;0.885088;
0.076960;1.000000;0.891740;0.582327;0.950918;0.890737;
0.076980;1.000000;0.891611;0.582900;0.955968;0.896328;
0.077000;1.000000;0.891763;0.583646;0.961011;0.901863;
0.077020;1.000000;0.892192;0.584555;0.966048;0.907340;
0.077040;1.000000;0.892891;0.585616;0.971079;0.912761;
0.077060;1.000000;0.893848;0.586816;0.976105;0.918126;
0.077080;1.000000;0.895053;0.588143;0.981128;0.923437;
0.077100;1.000000;0.896490;0.589580;0.986146;0.928693;
0.077120;1.000000;0.898143;0.591111;0.991160;0.933898;
0.077140;1.000000;0.899993;0.592719;0.996171;0.939052;
0.077160;1.000000;0.902020;0.594384;1.001177;0.944157;
0.077180;1.000000;0.904202;0.596087;1.006178;0.949216;
0.077200;1.000000;0.906515;0.597809;1.011174;0.954232;
0.077220;1.000000;0.908934;0.599529;1.016163;0.959205;
0.077240;1.000000;0.911434;0.601227;1.021143;0.964140;
0.077260;1.000000;0.913989;0.602885;1.026114;0.969040;
0.077280;1.000000;0.916572;0.604481;1.031074;0.973906;
0.077300;1.000000;0.919155;0.606000;1.036020;0.978743;
0.077320;1.000000;0.921711;0.607422;1.040952;0.983553;
0.077340;1.000000;0.924213;0.608733;1.045865;0.988339;
0.077360;1.000000;0.926635;0.609918;1.050759;0.993106;
0.077380;1.000000;0.928952;0.610964;1.055631;0.997855;
0.077400;1.000000;0.931138;0.611861;1.060477;1.002589;
0.077420;1.000000;0.933172;0.612601;1.065297;1.007313;
0.077440;1.000000;0.935032;0.613177;1.070086;1.012029;
0.077460;1.000000;0.936699;0.613584;1.074842;1.016738;
0.077480;1.000000;0.938156;0.613823;1.079563;1.021445;
0.077500;1.000000;0.939390;0.613892;1.084246;1.026151;
0.077520;1.000000;0.940387;0.613795;1.088888;1.030859;
0.077540;1.000000;0.941141;0.613537;1.093487;1.035570;
0.077560;1.000000;0.941644;0.613126;1.098040;1.040286;
0.077580;1.000000;0.941894;0.612569;1.102546;1.045007;
0.077600;1.000000;0.941892;0.611878;1.107003;1.049736;
0.077620;1.000000;0.941641;0.611065;1.111408;1.054473;
0.077640;1.000000;0.941148;0.610144;1.115760;1.059218;
0.077660;1.000000;0.940422;0.609128;1.120058;1.063971;
0.077680;1.000000;0.939476;0.608034;1.124301;1.068731;
0.077700;1.000000;0.938326;0.606877;1.128487;1.073498;
0.077720;1.000000;0.936987;0.605673;1.132616;1.078271;
0.077740;1.000000;0.935481;0.604438;1.136689;1.083049;
0.077760;1.000000;0.933829;0.603189;1.140704;1.087828;
0.077780;1.000000;0.932053;0.601940;1.144662;1.092608;
0.077800;1.000000;0.930178;0.600706;1.148564;1.097386;
0.077820;1.000000;0.928229;0.599501;1.152411;1.102159;
0.077840;1.000000;0.926231;0.598340;1.156203;1.106923;
0.077860;1.000000;0.924209;0.597235;1.159943;1.111677;
0.077880;1.000000;0.922189;0.596196;1.163631;1.116415;
0.077900;1.000000;0.920194;0.595234;1.167270;1.121135;
0.077920;1.000000;0.918248;0.594356;1.170861;1.125832;
0.077940;1.000000;0.916372;0.593571;1.174407;1.130503;
0.077960;1.000000;0.914588;0.592885;1.177910;1.135143;
0.077980;1.000000;0.912912;0.592303;1.181372;1.139748;
0.078000;1.000000;0.911361;0.591829;1.184796;1.144313;
0.078020;1.000000;0.909950;0.591465;1.188184;1.148835;
0.078040;1.000000;0.908690;0.591213;1.191539;1.153309;
0.078060;1.000000;0.907591;0.591074;1.194864;1.157732;
0.078080;1.000000;0.906660;0.591047;1.198159;1.162098;
0.078100;1.000000;0.905902;0.591130;1.201429;1.166404;
0.078120;1.000000;0.905320;0.591321;1.204675;1.170647;
0.078140;1.000000;0.904914;0.591617;1.207899;1.174822;
0.078160;1.000000;0.904684;0.592014;1.211102;1.178928;
0.078180;1.000000;0.904628;0.592506;1.214287;1.182960;
0.078200;1.000000;0.904740;0.593089;1.217454;1.186915;
0.078220;1.000000;0.905015;0.593755;1.220604;1.190792;
0.078240;1.000000;0.905446;0.594497;1.223738;1.194589;
0.078260;1.000000;0.906024;0.595308;1.226857;1.198304;
0.078280;1.000000;0.906742;0.596179;1.229959;1.201934;
0.078300;1.000000;0.907588;0.597100;1.233045;1.205481;
0.078320;1.000000;0.908552;0.598063;1.236114;1.208942;
0.078340;1.000000;0.909624;0.599058;1.239164;1.212317;
0.078360;1.000000;0.910790;0.600073;1.242193;1.215608;
0.078380;1.000000;0.912040;0.601099;1.245201;1.218813;
0.078400;1.000000;0.913359;0.602124;1.248183;1.221934;
0.078420;1.000000;0.914736;0.603138;1.251138;1.224973;
0.078440;1.000000;0.916157;0.604130;1.254062;1.227930;
0.078460;1.000000;0.917608;0.605089;1.256953;1.230808;
0.078480;1.000000;0.919076;0.606005;1.259805;1.233608;
0.078500;1.000000;0.920547;0.606869;1.262616;1.236332;
0.078520;1.000000;0.922008;0.607672;1.265381;1.238984;
0.078540;1.000000;0.923445;0.608405;1.268095;1.241566;
0.078560;1.000000;0.924844;0.609061;1.270755;1.244080;
0.078580;1.000000;0.926192;0.609634;1.273355;1.246529;
0.078600;1.000000;0.927478;0.610120;1.275891;1.248917;
0.078620;1.000000;0.928690;0.610514;1.278358;1.251246;
0.078640;1.000000;0.929816;0.610814;1.280752;1.253519;
0.078660;1.000000;0.930846;0.611019;1.283068;1.255739;
0.078680;1.000000;0.931773;0.611130;1.285302;1.257909;
0.078700;1.000000;0.932587;0.611149;1.287449;1.260031;
0.078720;1.000000;0.933284;0.611078;1.289505;1.262109;
0.078740;1.000000;0.933859;0.610922;1.291467;1.264144;
0.078760;1.000000;0.934309;0.610687;1.293331;1.266138;
0.078780;1.000000;0.934633;0.610380;1.295095;1.268093;
0.078800;1.000000;0.934832;0.610008;1.296755;1.270011;
0.078820;1.000000;0.934907;0.609579;1.298310;1.271893;
0.078840;1.000000;0.934864;0.609103;1.299756;1.273740;
0.078860;1.000000;0.934709;0.608589;1.301094;1.275553;
0.078880;1.000000;0.934449;0.608046;1.302323;1.277332;
0.078900;1.000000;0.934092;0.607484;1.303441;1.279076;
0.078920;1.000000;0.933650;0.606912;1.304449;1.280786;
0.078940;1.000000;0.933134;0.606340;1.305348;1.282460;
0.078960;1.000000;0.932556;0.605775;1.306139;1.284098;
0.078980;1.000000;0.931929;0.605225;1.306824;1.285697;
0.079000;1.000000;0.931266;0.604697;1.307404;1.287258;
0.079020;1.000000;0.930580;0.604198;1.307882;1.288776;
0.079040;1.000000;0.929884;0.603732;1.308262;1.290251;
0.079060;1.000000;0.929191;0.603304;1.308546;1.291679;
0.079080;1.000000;0.928512;0.602915;1.308738;1.293058;
0.079100;1.000000;0.927857;0.602569;1.308843;1.294385;
0.079120;1.000000;0.927237;0.602266;1.308865;1.295657;
0.079140;1.000000;0.926658;0.602006;1.308808;1.296870;
0.079160;1.000000;0.926127;0.601788;1.308677;1.298022;
0.079180;1.000000;0.925649;0.601610;1.308477;1.299110;
0.079200;1.000000;0.925226;0.601469;1.308213;1.300129;
0.079220;1.000000;0.924860;0.601363;1.307890;1.301078;
0.079240;1.000000;0.924551;0.601287;1.307513;1.301952;
0.079260;1.000000;0.924296;0.601237;1.307086;1.302749;
0.079280;1.000000;0.924093;0.601210;1.306616;1.303466;
0.079300;1.000000;0.923936;0.601199;1.306105;1.304101;
0.079320;1.000000;0.923820;0.601200;1.305559;1.304651;
0.079340;1.000000;0.923738;0.601208;1.304981;1.305115;
0.079360;1.000000;0.923683;0.601218;1.304374;1.305490;
0.079380;1.000000;0.923647;0.601226;1.303744;1.305775;
0.079400;1.000000;0.923623;0.601226;1.303091;1.305969;
0.079420;1.000000;0.923602;0.601215;1.302418;1.306072;
0.079440;1.000000;0.923578;0.601187;1.301729;1.306083;
0.079460;1.000000;0.923542;0.601139;1.301023;1.306002;
0.079480;1.000000;0.923489;0.601068;1.300302;1.305830;
0.079500;1.000000;0.923412;0.600968;1.299566;1.305568;
0.079520;1.000000;0.923305;0.600839;1.298816;1.305217;
0.079540;1.000000;0.923165;0.600675;1.298050;1.304779;
0.079560;1.000000;0.922988;0.600476;1.297268;1.304255;
0.079580;1.000000;0.922770;0.600238;1.296468;1.303649;
0.079600;1.000000;0.922510;0.599959;1.295648;1.302963;
0.079620;1.000000;0.922206;0.599639;1.294806;1.302201;
0.079640;1.000000;0.921859;0.599277;1.293938;1.301365;
0.079660;1.000000;0.921467;0.598871;1.293042;1.300459;
0.079680;1.000000;0.921032;0.598421;1.292115;1.299488;
0.079700;1.000000;0.920554;0.597930;1.291151;1.298454;
0.079720;1.000000;0.920036;0.597396;1.290148;1.297363;
0.079740;1.000000;0.919479;0.596824;1.289102;1.296219;
0.079760;1.000000;0.918885;0.596214;1.288007;1.295025;
0.079780;1.000000;0.918258;0.595572;1.286860;1.293786;
0.079800;1.000000;0.917600;0.594900;1.285657;1.292507;
0.079820;1.000000;0.916913;0.594203;1.284393;1.291191;
0.079840;1.000000;0.916202;0.593489;1.283064;1.289842;
0.079860;1.000000;0.915470;0.592763;1.281666;1.288465;
0.079880;1.000000;0.914721;0.592032;1.280197;1.287063;
0.079900;1.000000;0.913959;0.591304;1.278651;1.285639;
0.079920;1.000000;0.913190;0.590589;1.277027;1.284197;
0.079940;1.000000;0.912417;0.589895;1.275322;1.282738;
0.079960;1.000000;0.911648;0.589232;1.273534;1.281267;
0.079980;1.000000;0.910888;0.588609;1.271661;1.279784;
0.080000;1.000000;0.910144;0.588036;1.269701;1.278291;
0.080020;1.000000;0.909424;0.587523;1.267655;1.276790;
0.080040;1.000000;0.908735;0.587079;1.265521;1.275281;
0.080060;1.000000;0.908086;0.586713;1.263301;1.273766;
0.080080;1.000000;0.907485;0.586433;1.260996;1.272243;
0.080100;1.000000;0.906942;0.586247;1.258606;1.270712;
0.080120;1.000000;0.906464;0.586160;1.256135;1.269173;
0.080140;1.000000;0.906062;0.586179;1.253584;1.267625;
0.080160;1.000000;0.905744;0.586307;1.250958;1.266065;
0.080180;1.000000;0.905518;0.586547;1.248258;1.264492;
0.080200;1.000000;0.905392;0.586900;1.245491;1.262903;
0.080220;1.000000;0.905372;0.587364;1.242659;1.261297;
0.080240;1.000000;0.905464;0.587939;1.239768;1.259669;
0.080260;1.000000;0.905671;0.588619;1.236824;1.258018;
0.080280;1.000000;0.905996;0.589400;1.233831;1.256339;
0.080300;1.000000;0.906440;0.590275;1.230795;1.254629;
0.080320;1.000000;0.907002;0.591236;1.227721;1.252886;
0.080340;1.000000;0.907679;0.592272;1.224617;1.251105;
0.080360;1.000000;0.908465;0.593373;1.221487;1.249282;
0.080380;1.000000;0.909355;0.594527;1.218337;1.247415;
0.080400;1.000000;0.910337;0.595722;1.215174;1.245500;
0.080420;1.000000;0.911402;0.596944;1.212002;1.243534;
0.080440;1.000000;0.912538;0.598180;1.208826;1.241513;
0.080460;1.000000;0.913729;0.599415;1.205652;1.239436;
0.080480;1.000000;0.914960;0.600637;1.202484;1.237298;
0.080500;1.000000;0.916215;0.601830;1.199326;1.235098;
0.080520;1.000000;0.917477;0.602983;1.196183;1.232834;
0.080540;1.000000;0.918728;0.604082;1.193056;1.230505;
0.080560;1.000000;0.919950;0.605115;1.189949;1.228109;
0.080580;1.000000;0.921126;0.606072;1.186863;1.225645;
0.080600;1.000000;0.922238;0.606942;1.183800;1.223113;
0.080620;1.000000;0.923270;0.607717;1.180761;1.220512;
0.080640;1.000000;0.924208;0.608388;1.177745;1.217844;
0.080660;1.000000;0.925037;0.608951;1.174753;1.215109;
0.080680;1.000000;0.925745;0.609400;1.171782;1.212308;
0.080700;1.000000;0.926323;0.609731;1.168832;1.209443;
0.080720;1.000000;0.926761;0.609942;1.165899;1.206516;
0.080740;1.000000;0.927053;0.610033;1.162980;1.203530;
0.080760;1.000000;0.927195;0.610004;1.160072;1.200486;
0.080780;1.000000;0.927186;0.609857;1.157171;1.197388;
0.080800;1.000000;0.927024;0.609595;1.154272;1.194240;
0.080820;1.000000;0.926714;0.609223;1.151369;1.191045;
0.080840;1.000000;0.926257;0.608747;1.148458;1.187805;
0.080860;1.000000;0.925662;0.608172;1.145533;1.184527;
0.080880;1.000000;0.924936;0.607509;1.142587;1.181212;
0.080900;1.000000;0.924089;0.606764;1.139614;1.177865;
0.080920;1.000000;0.923133;0.605949;1.136608;1.174491;
0.080940;1.000000;0.922079;0.605073;1.133562;1.171092;
0.080960;1.000000;0.920941;0.604148;1.130470;1.167673;
0.080980;1.000000;0.919736;0.603187;1.127326;1.164236;
0.081000;1.000000;0.918478;0.602201;1.124123;1.160787;
0.081020;1.000000;0.917183;0.601205;1.120855;1.157326;
0.081040;1.000000;0.915868;0.600212;1.117517;1.153858;
0.081060;1.000000;0.914552;0.599235;1.114104;1.150385;
0.081080;1.000000;0.913249;0.598288;1.110609;1.146909;
0.081100;1.000000;0.911979;0.597386;1.107030;1.143431;
0.081120;1.000000;0.910759;0.596543;1.103362;1.139952;
0.081140;1.000000;0.909604;0.595771;1.099601;1.136474;
0.081160;1.000000;0.908532;0.595085;1.095746;1.132997;
0.081180;1.000000;0.907560;0.594496;1.091792;1.129519;
0.081200;1.000000;0.906701;0.594016;1.087740;1.126041;
0.081220;1.000000;0.905972;0.593657;1.083588;1.122562;
0.081240;1.000000;0.905385;0.593427;1.079335;1.119079;
0.081260;1.000000;0.904954;0.593335;1.074983;1.115589;
0.081280;1.000000;0.904691;0.593389;1.070531;1.112092;
0.081300;1.000000;0.904606;0.593592;1.065983;1.108582;
0.081320;1.000000;0.904708;0.593950;1.061339;1.105057;
0.081340;1.000000;0.905004;0.594463;1.056603;1.101512;
0.081360;1.000000;0.905501;0.595132;1.051779;1.097943;
0.081380;1.000000;0.906201;0.595953;1.046869;1.094346;
0.081400;1.000000;0.907107;0.596924;1.041879;1.090715;
0.081420;1.000000;0.908218;0.598037;1.036812;1.087045;
0.081440;1.000000;0.909531;0.599284;1.031675;1.083331;
0.081460;1.000000;0.911041;0.600654;1.026472;1.079567;
0.081480;1.000000;0.912740;0.602136;1.021209;1.075747;
0.081500;0.999999;0.914619;0.603714;1.015891;1.071867;
0.081520;0.999999;0.916664;0.605373;1.010524;1.067920;
0.081540;0.999999;0.918860;0.607096;1.005113;1.063902;
0.081560;0.999999;0.921190;0.608865;0.999665;1.059806;
0.081580;0.999999;0.923634;0.610659;0.994184;1.055629;
0.081600;0.999999;0.926170;0.612458;0.988676;1.051365;
0.081620;0.999999;0.928774;0.614241;0.983146;1.047010;
0.081640;0.999999;0.931421;0.615987;0.977598;1.042560;
0.081660;0.999999;0.934084;0.617675;0.972037;1.038011;
0.081680;0.999999;0.936736;0.619284;0.966465;1.033361;
0.081700;0.999999;0.939347;0.620794;0.960887;1.028607;
0.081720;0.999999;0.941890;0.622186;0.955305;1.023746;
0.081740;0.999999;0.944337;0.623440;0.949722;1.018778;
0.081760;0.999999;0.946658;0.624541;0.944138;1.013702;
0.081780;0.999999;0.948827;0.625472;0.938555;1.008516;
0.081800;0.999999;0.950819;0.626221;0.932972;1.003222;
0.081820;0.999999;0.952608;0.626775;0.927391;0.997821;
0.081840;0.999999;0.954172;0.627125;0.921809;0.992313;
0.081860;0.999999;0.955491;0.627264;0.916225;0.986701;
0.081880;0.999999;0.956547;0.627186;0.910637;0.980987;
0.081900;0.999999;0.957325;0.626888;0.905042;0.975175;
0.081920;0.999999;0.957814;0.626370;0.899437;0.969268;
0.081940;0.999999;0.958003;0.625633;0.893818;0.963270;
0.081960;0.999999;0.957886;0.624682;0.888181;0.957186;
0.081980;0.999999;0.957463;0.623522;0.882521;0.951020;
0.082000;0.999999;0.956731;0.622162;0.876834;0.944779;
0.082020;0.999999;0.955697;0.620613;0.871113;0.938466;
0.082040;0.999999;0.954366;0.618885;0.865354;0.932089;
0.082060;0.999999;0.952750;0.616994;0.859551;0.925653;
0.082080;0.999999;0.950860;0.614954;0.853699;0.919163;
0.082100;0.999999;0.948714;0.612784;0.847791;0.912627;
0.082120;0.999999;0.946330;0.610500;0.841822;0.906049;
0.082140;0.999999;0.943729;0.608124;0.835786;0.899436;
0.082160;0.999999;0.940935;0.605674;0.829679;0.892793;
0.082180;0.999999;0.937972;0.603172;0.823495;0.886127;
0.082200;0.999999;0.934869;0.600638;0.817230;0.879441;
0.082220;0.999999;0.931653;0.598098;0.810879;0.872743;
0.082240;0.999999;0.928355;0.595573;0.804439;0.866035;
0.082260;0.999999;0.925005;0.593084;0.797906;0.859322;
0.082280;0.999999;0.921633;0.590655;0.791279;0.852609;
0.082300;0.999999;0.918272;0.588306;0.784554;0.845898;
0.082320;0.999999;0.914952;0.586058;0.777730;0.839192;
0.082340;1.000000;0.911705;0.583933;0.770807;0.832494;
0.082360;1.000000;0.908561;0.581950;0.763785;0.825805;
0.082380;1.000000;0.905549;0.580128;0.756663;0.819126;
0.082400;1.000000;0.902698;0.578482;0.749443;0.812459;
0.082420;1.000000;0.900034;0.577030;0.742128;0.805803;
0.082440;1.000000;0.897583;0.575784;0.734719;0.799157;
0.082460;1.000000;0.895369;0.574757;0.727220;0.792522;
0.082480;1.000000;0.893411;0.573960;0.719635;0.785894;
0.082500;1.000000;0.891730;0.573399;0.711969;0.779273;
0.082520;1.000000;0.890342;0.573080;0.704226;0.772656;
0.082540;1.000000;0.889259;0.573008;0.696412;0.766040;
0.082560;1.000000;0.888492;0.573182;0.688533;0.759422;
0.082580;1.000000;0.888050;0.573601;0.680596;0.752797;
0.082600;1.000000;0.887935;0.574260;0.672607;0.746163;
0.082620;1.000000;0.888149;0.575154;0.664574;0.739515;
0.082640;1.000000;0.888689;0.576272;0.656503;0.732850;
0.082660;1.000000;0.889550;0.577602;0.648402;0.726161;
0.082680;1.000000;0.890721;0.579130;0.640278;0.719446;
0.082700;1.000000;0.892190;0.580840;0.632139;0.712699;
0.082720;1.000000;0.893940;0.582713;0.623993;0.705917;
0.082740;1.000000;0.895953;0.584729;0.615846;0.699095;
0.082760;1.000000;0.898205;0.586864;0.607705;0.692229;
0.082780;1.000000;0.900672;0.589096;0.599577;0.685315;
0.082800;1.000000;0.903325;0.591399;0.591469;0.678350;
0.082820;1.000000;0.906134;0.593748;0.583386;0.671330;
0.082840;1.000000;0.909068;0.596116;0.575334;0.664252;
0.082860;1.000000;0.912093;0.598476;0.567318;0.657115;
0.082880;1.000000;0.915172;0.600801;0.559341;0.649916;
0.082900;1.000000;0.918272;0.603066;0.551409;0.642653;
0.082920;1.000000;0.921356;0.605244;0.543524;0.635326;
0.082940;1.000000;0.924387;0.607311;0.535688;0.627935;
0.082960;1.000000;0.927329;0.609244;0.527904;0.620479;
0.082980;1.000000;0.930149;0.611020;0.520172;0.612959;
0.083000;1.000000;0.932812;0.612620;0.512493;0.605376;
0.083020;1.000000;0.935287;0.614026;0.504868;0.597733;
0.083040;1.000000;0.937543;0.615223;0.497294;0.590031;
0.083060;1.000000;0.939554;0.616198;0.489772;0.582273;
0.083080;1.000000;0.941294;0.616940;0.482298;0.574463;
0.083100;1.000000;0.942742;0.617441;0.474870;0.566604;
0.083120;1.000000;0.943879;0.617698;0.467485;0.558701;
0.083140;1.000000;0.944691;0.617707;0.460140;0.550759;
0.083160;1.000000;0.945166;0.617470;0.452830;0.542781;
0.083180;1.000000;0.945296;0.616990;0.445550;0.534775;
0.083200;1.000000;0.945078;0.616274;0.438297;0.526744;
0.083220;1.000000;0.944511;0.615331;0.431065;0.518695;
0.083240;1.000000;0.943601;0.614173;0.423849;0.510635;
0.083260;1.000000;0.942354;0.612812;0.416643;0.502568;
0.083280;1.000000;0.940783;0.611266;0.409442;0.494501;
0.083300;1.000000;0.938902;0.609552;0.402241;0.486439;
0.083320;1.000000;0.936731;0.607690;0.395034;0.478390;
0.083340;1.000000;0.934291;0.605702;0.387817;0.470357;
0.083360;1.000000;0.931608;0.603610;0.380583;0.462348;
0.083380;1.000000;0.928710;0.601438;0.373328;0.454367;
0.083400;1.000000;0.925626;0.599211;0.366048;0.446419;
0.083420;1.000000;0.922390;0.596954;0.358738;0.438509;
0.083440;1.000000;0.919036;0.594692;0.351395;0.430640;
0.083460;1.000000;0.915600;0.592452;0.344016;0.422818;
0.083480;1.000000;0.912119;0.590259;0.336596;0.415044;
0.083500;1.000000;0.908630;0.588138;0.329135;0.407321;
0.083520;1.000000;0.905172;0.586113;0.321629;0.399652;
0.083540;1.000000;0.901782;0.584209;0.314078;0.392038;
0.083560;1.000000;0.898499;0.582448;0.306481;0.384481;
0.083580;1.000000;0.895358;0.580851;0.298838;0.376980;
0.083600;1.000000;0.892396;0.579439;0.291148;0.369535;
0.083620;1.000000;0.889647;0.578229;0.283413;0.362146;
0.083640;1.000000;0.887141;0.577237;0.275633;0.354812;
0.083660;1.000000;0.884909;0.576478;0.267811;0.347529;
0.083680;1.000000;0.882978;0.575964;0.259949;0.340297;
0.083700;1.000000;0.881372;0.575704;0.252050;0.333111;
0.083720;1.000000;0.880111;0.575706;0.244115;0.325969;
0.083740;1.000000;0.879213;0.575973;0.236150;0.318866;
0.083760;1.000000;0.878691;0.576507;0.228157;0.311797;
0.083780;1.000000;0.878555;0.577308;0.220140;0.304760;
0.083800;1.000000;0.878812;0.578371;0.212104;0.297747;
0.083820;1.000000;0.879462;0.579690;0.204052;0.290754;
0.083840;1.000000;0.880503;0.581254;0.195990;0.283775;
0.083860;1.000000;0.881930;0.583053;0.187921;0.276805;
0.083880;1.000000;0.883731;0.585070;0.179850;0.269838;
0.083900;1.000000;0.885892;0.587287;0.171782;0.262867;
0.083920;1.000000;0.888395;0.589686;0.163720;0.255886;
0.083940;1.000000;0.891217;0.592243;0.155668;0.248891;
0.083960;1.000000;0.894334;0.594934;0.147630;0.241874;
0.083980;1.000000;0.897716;0.597734;0.139610;0.234831;
0.084000;1.000000;0.901332;0.600613;0.131610;0.227756;
0.084020;1.000000;0.905148;0.603545;0.123634;0.220644;
0.084040;0.999999;0.909128;0.606498;0.115685;0.213489;
0.084060;0.999999;0.913233;0.609442;0.107763;0.206288;
0.084080;0.999999;0.917423;0.612347;0.099871;0.199036;
0.084100;0.999999;0.921660;0.615183;0.092010;0.191730;
0.084120;0.999999;0.925900;0.617920;0.084180;0.184366;
0.084140;0.999999;0.930103;0.620529;0.076382;0.176941;
0.084160;0.999999;0.934228;0.622982;0.068616;0.169453;
0.084180;0.999999;0.938234;0.625253;0.060880;0.161901;
0.084200;0.999999;0.942083;0.627319;0.053174;0.154282;
0.084220;0.999999;0.945736;0.629156;0.045496;0.146597;
0.084240;0.999999;0.949158;0.630747;0.037843;0.138844;
0.084260;0.999999;0.952316;0.632073;0.030214;0.131024;
0.084280;0.999999;0.955179;0.633122;0.022606;0.123137;
0.084300;0.999999;0.957719;0.633882;0.015015;0.115185;
0.084320;0.999999;0.959911;0.634346;0.007438;0.107170;
0.084340;0.999999;0.961735;0.634510;-0.000129;0.099093;
0.084360;0.999999;0.963174;0.634373;-0.007689;0.090956;
0.084380;0.999999;0.964214;0.633937;-0.015247;0.082764;
0.084400;0.999999;0.964845;0.633207;-0.022807;0.074518;
0.084420;0.999999;0.965063;0.632192;-0.030373;0.066222;
0.084440;0.999999;0.964867;0.630903;-0.037949;0.057881;
0.084460;0.999999;0.964260;0.629356;-0.045540;0.049497;
0.084480;0.999999;0.963249;0.627566;-0.053150;0.041076;
0.084500;0.999999;0.961847;0.625553;-0.060782;0.032621;
0.084520;0.999999;0.960068;0.623339;-0.068442;0.024137;
0.084540;0.999999;0.957932;0.620947;-0.076132;0.015628;
0.084560;0.999999;0.955462;0.618401;-0.083857;0.007099;
0.084580;0.999999;0.952684;0.615729;-0.091619;-0.001446;
0.084600;0.999999;0.949629;0.612956;-0.099421;-0.010002;
0.084620;0.999999;0.946328;0.610111;-0.107265;-0.018566;
0.084640;0.999999;0.942815;0.607223;-0.115155;-0.027133;
0.084660;0.999999;0.939129;0.604320;-0.123092;-0.035699;
0.084680;0.999999;0.935308;0.601429;-0.131076;-0.044260;
0.084700;0.999999;0.931391;0.598579;-0.139110;-0.052814;
0.084720;0.999999;0.927419;0.595798;-0.147194;-0.061357;
0.084740;0.999999;0.923434;0.593110;-0.155328;-0.069886;
0.084760;0.999999;0.919478;0.590542;-0.163511;-0.078398;
0.084780;0.999999;0.915590;0.588117;-0.171743;-0.086891;
0.084800;0.999999;0.911811;0.585857;-0.180023;-0.095364;
0.084820;0.999999;0.908180;0.583783;-0.188349;-0.103814;
0.084840;0.999999;0.904734;0.581914;-0.196719;-0.112240;
0.084860;0.999999;0.901508;0.580265;-0.205132;-0.120642;
0.084880;0.999999;0.898534;0.578851;-0.213584;-0.129019;
0.084900;0.999999;0.895842;0.577684;-0.222073;-0.137370;
0.084920;0.999999;0.893459;0.576773;-0.230596;-0.145696;
0.084940;0.999999;0.891407;0.576126;-0.239148;-0.153997;
0.084960;0.999999;0.889706;0.575747;-0.247728;-0.162274;
0.084980;0.999999;0.888372;0.575638;-0.256330;-0.170527;
0.085000;0.999999;0.887416;0.575797;-0.264950;-0.178758;
0.085020;0.999999;0.886846;0.576221;-0.273586;-0.186967;
0.085040;0.999999;0.886666;0.576904;-0.282232;-0.195158;
0.085060;0.999999;0.886873;0.577837;-0.290885;-0.203331;
0.085080;0.999999;0.887465;0.579008;-0.299540;-0.211488;
0.085100;0.999999;0.888431;0.580404;-0.308194;-0.219632;
0.085120;0.999999;0.889759;0.582008;-0.316842;-0.227764;
0.085140;0.999999;0.891431;0.583801;-0.325480;-0.235886;
0.085160;0.999999;0.893428;0.585764;-0.334105;-0.244001;
0.085180;0.999999;0.895726;0.587873;-0.342713;-0.252110;
0.085200;0.999999;0.898298;0.590104;-0.351299;-0.260216;
0.085220;0.999999;0.901115;0.592433;-0.359862;-0.268321;
0.085240;0.999999;0.904145;0.594832;-0.368398;-0.276426;
0.085260;0.999999;0.907353;0.597274;-0.376904;-0.284534;
0.085280;0.999999;0.910704;0.599731;-0.385378;-0.292646;
0.085300;0.999999;0.914160;0.602176;-0.393816;-0.300763;
0.085320;0.999999;0.917684;0.604580;-0.402218;-0.308887;
0.085340;0.999999;0.921236;0.606916;-0.410580;-0.317019;
0.085360;0.999999;0.924778;0.609157;-0.418902;-0.325159;
0.085380;0.999999;0.928271;0.611279;-0.427182;-0.333308;
0.085400;0.999999;0.931677;0.613257;-0.435419;-0.341467;
0.085420;0.999999;0.934959;0.615069;-0.443611;-0.349636;
0.085440;0.999999;0.938081;0.616695;-0.451759;-0.357814;
0.085460;0.999999;0.941009;0.618118;-0.459862;-0.366002;
0.085480;0.999999;0.943712;0.619322;-0.467919;-0.374197;
0.085500;0.999999;0.946161;0.620294;-0.475930;-0.382401;
0.085520;0.999999;0.948329;0.621025;-0.483895;-0.390610;
0.085540;0.999999;0.950194;0.621508;-0.491816;-0.398825;
0.085560;0.999999;0.951734;0.621738;-0.499691;-0.407043;
0.085580;0.999999;0.952934;0.621716;-0.507521;-0.415262;
0.085600;0.999999;0.953781;0.621442;-0.515307;-0.423480;
0.085620;0.999999;0.954266;0.620922;-0.523050;-0.431696;
0.085640;0.999999;0.954385;0.620164;-0.530750;-0.439905;
0.085660;0.999999;0.954135;0.619178;-0.538407;-0.448107;
0.085680;0.999999;0.953521;0.617976;-0.546023;-0.456298;
0.085700;0.999999;0.952548;0.616573;-0.553598;-0.464474;
0.085720;0.999999;0.951229;0.614987;-0.561133;-0.472634;
0.085740;0.999999;0.949578;0.613236;-0.568629;-0.480774;
0.085760;0.999999;0.947613;0.611341;-0.576085;-0.488890;
0.085780;0.999999;0.945355;0.609324;-0.583504;-0.496980;
0.085800;0.999999;0.942830;0.607206;-0.590885;-0.505040;
0.085820;0.999999;0.940065;0.605011;-0.598228;-0.513068;
0.085840;0.999999;0.937090;0.602763;-0.605535;-0.521059;
0.085860;0.999999;0.933937;0.600486;-0.612806;-0.529011;
0.085880;0.999999;0.930641;0.598204;-0.620040;-0.536921;
0.085900;0.999999;0.927236;0.595940;-0.627238;-0.544785;
0.085920;0.999999;0.923759;0.593718;-0.634400;-0.552602;
0.085940;0.999999;0.920248;0.591559;-0.641527;-0.560367;
0.085960;0.999999;0.916739;0.589487;-0.648618;-0.568078;
0.085980;0.999999;0.913268;0.587520;-0.655673;-0.575734;
0.086000;0.999999;0.909873;0.585678;-0.662692;-0.583331;
0.086020;0.999999;0.906587;0.583979;-0.669675;-0.590867;
0.086040;0.999999;0.903445;0.582440;-0.676621;-0.598341;
0.086060;0.999999;0.900477;0.581075;-0.683531;-0.605751;
0.086080;0.999999;0.897714;0.579897;-0.690405;-0.613095;
0.086100;0.999999;0.895182;0.578916;-0.697241;-0.620372;
0.086120;0.999999;0.892906;0.578144;-0.704039;-0.627581;
0.086140;1.000000;0.890907;0.577586;-0.710800;-0.634721;
0.086160;1.000000;0.889203;0.577247;-0.717523;-0.641792;
0.086180;1.000000;0.887809;0.577132;-0.724208;-0.648793;
0.086200;1.000000;0.886736;0.577241;-0.730854;-0.655725;
0.086220;1.000000;0.885994;0.577573;-0.737461;-0.662586;
0.086240;1.000000;0.885587;0.578124;-0.744029;-0.669379;
0.086260;1.000000;0.885515;0.578890;-0.750557;-0.676102;
0.086280;1.000000;0.885779;0.579861;-0.757046;-0.682758;
0.086300;1.000000;0.886371;0.581029;-0.763496;-0.689347;
0.086320;1.000000;0.887284;0.582382;-0.769905;-0.695870;
0.086340;1.000000;0.888507;0.583906;-0.776274;-0.702329;
0.086360;1.000000;0.890025;0.585585;-0.782603;-0.708726;
0.086380;1.000000;0.891820;0.587402;-0.788892;-0.715062;
0.086400;1.000000;0.893873;0.589337;-0.795141;-0.721340;
0.086420;0.999999;0.896163;0.591370;-0.801349;-0.727561;
0.086440;0.999999;0.898664;0.593480;-0.807518;-0.733728;
0.086460;0.999999;0.901350;0.595644;-0.813646;-0.739843;
0.086480;0.999999;0.904194;0.597838;-0.819734;-0.745909;
0.086500;0.999999;0.907166;0.600038;-0.825781;-0.751929;
0.086520;0.999999;0.910235;0.602221;-0.831789;-0.757905;
0.086540;0.999999;0.913371;0.604363;-0.837757;-0.763839;
0.086560;0.999999;0.916540;0.606440;-0.843684;-0.769735;
0.086580;0.999999;0.919710;0.608429;-0.849571;-0.775596;
0.086600;0.999999;0.922849;0.610308;-0.855419;-0.781424;
0.086620;0.999999;0.925926;0.612058;-0.861226;-0.787222;
0.086640;0.999999;0.928908;0.613659;-0.866994;-0.792994;
0.086660;0.999999;0.931766;0.615095;-0.872721;-0.798740;
0.086680;0.999999;0.934470;0.616350;-0.878408;-0.804466;
0.086700;0.999999;0.936993;0.617412;-0.884055;-0.810172;
0.086720;0.999999;0.939310;0.618271;-0.889662;-0.815861;
0.086740;0.999999;0.941397;0.618919;-0.895229;-0.821536;
0.086760;0.999999;0.943234;0.619351;-0.900755;-0.827199;
0.086780;0.999999;0.944804;0.619564;-0.906241;-0.832852;
0.086800;0.999999;0.946090;0.619559;-0.911687;-0.838498;
0.086820;0.999999;0.947082;0.619339;-0.917092;-0.844136;
0.086840;0.999999;0.947770;0.618909;-0.922456;-0.849770;
0.086860;0.999999;0.948151;0.618278;-0.927780;-0.855401;
0.086880;0.999999;0.948221;0.617455;-0.933064;-0.861029;
0.086900;0.999999;0.947984;0.616452;-0.938307;-0.866656;
0.086920;0.999999;0.947444;0.615285;-0.943510;-0.872282;
0.086940;0.999999;0.946610;0.613967;-0.948673;-0.877908;
0.086960;0.999999;0.945495;0.612517;-0.953796;-0.883534;
0.086980;0.999999;0.944113;0.610953;-0.958879;-0.889160;
0.087000;0.999999;0.942482;0.609293;-0.963924;-0.894787;
0.087020;0.999999;0.940624;0.607558;-0.968930;-0.900412;
0.087040;0.999999;0.938561;0.605766;-0.973898;-0.906037;
0.087060;0.999999;0.936318;0.603939;-0.978829;-0.911659;
0.087080;0.999999;0.933923;0.602097;-0.983723;-0.917278;
0.087100;0.999999;0.931403;0.600258;-0.988582;-0.922893;
0.087120;0.999999;0.928789;0.598441;-0.993407;-0.928503;
0.087140;0.999999;0.926109;0.596665;-0.998198;-0.934105;
0.087160;0.999999;0.923394;0.594946;-1.002957;-0.939697;
0.087180;0.999999;0.920675;0.593302;-1.007685;-0.945279;
0.087200;0.999999;0.917979;0.591747;-1.012384;-0.950847;
0.087220;0.999999;0.915336;0.590294;-1.017055;-0.956400;
0.087240;0.999999;0.912774;0.588956;-1.021699;-0.961936;
0.087260;0.999999;0.910317;0.587745;-1.026319;-0.967451;
0.087280;0.999999;0.907989;0.586669;-1.030916;-0.972944;
0.087300;0.999999;0.905814;0.585736;-1.035491;-0.978413;
0.087320;0.999999;0.903809;0.584954;-1.040047;-0.983855;
0.087340;0.999999;0.901993;0.584327;-1.044584;-0.989267;
0.087360;0.999999;0.900380;0.583858;-1.049106;-0.994648;
0.087380;1.000000;0.898983;0.583551;-1.053613;-0.999995;
0.087400;1.000000;0.897811;0.583405;-1.058107;-1.005305;
0.087420;1.000000;0.896871;0.583419;-1.062589;-1.010577;
0.087440;1.000000;0.896168;0.583592;-1.067062;-1.015809;
0.087460;1.000000;0.895704;0.583918;-1.071525;-1.020999;
0.087480;1.000000;0.895479;0.584394;-1.075981;-1.026145;
0.087500;1.000000;0.895490;0.585012;-1.080431;-1.031246;
0.087520;1.000000;0.895733;0.585764;-1.084875;-1.036300;
0.087540;1.000000;0.896201;0.586642;-1.089313;-1.041307;
0.087560;1.000000;0.896884;0.587634;-1.093748;-1.046265;
0.087580;1.000000;0.897774;0.588730;-1.098177;-1.051173;
0.087600;1.000000;0.898857;0.589916;-1.102602;-1.056031;
0.087620;1.000000;0.900119;0.591179;-1.107023;-1.060840;
0.087640;0.999999;0.901546;0.592505;-1.111438;-1.065598;
0.087660;0.999999;0.903122;0.593880;-1.115847;-1.070305;
0.087680;0.999999;0.904828;0.595286;-1.120249;-1.074963;
0.087700;0.999999;0.906646;0.596710;-1.124643;-1.079572;
0.087720;0.999999;0.908557;0.598134;-1.129027;-1.084132;
0.087740;0.999999;0.910540;0.599545;-1.133398;-1.088645;
0.087760;0.999999;0.912575;0.600925;-1.137756;-1.093111;
0.087780;0.999999;0.914641;0.602260;-1.142098;-1.097532;
0.087800;0.999999;0.916716;0.603537;-1.146421;-1.101909;
0.087820;0.999999;0.918778;0.604741;-1.150723;-1.106244;
0.087840;0.999999;0.920808;0.605861;-1.155000;-1.110538;
0.087860;0.999999;0.922785;0.606886;-1.159250;-1.114793;
0.087880;0.999999;0.924687;0.607806;-1.163469;-1.119011;
0.087900;0.999999;0.926498;0.608614;-1.167654;-1.123193;
0.087920;0.999999;0.928198;0.609303;-1.171802;-1.127341;
0.087940;0.999999;0.929772;0.609869;-1.175909;-1.131457;
0.087960;0.999999;0.931204;0.610310;-1.179972;-1.135543;
0.087980;0.999999;0.932482;0.610625;-1.183988;-1.139600;
0.088000;0.999999;0.933595;0.610814;-1.187952;-1.143629;
0.088020;0.999999;0.934533;0.610882;-1.191861;-1.147632;
0.088040;0.999999;0.935291;0.610831;-1.195713;-1.151610;
0.088060;0.999999;0.935864;0.610669;-1.199505;-1.155564;
0.088080;0.999999;0.936251;0.610403;-1.203232;-1.159495;
0.088100;0.999999;0.936452;0.610041;-1.206893;-1.163404;
0.088120;0.999999;0.936471;0.609594;-1.210485;-1.167290;
0.088140;0.999999;0.936314;0.609071;-1.214006;-1.171155;
0.088160;0.999999;0.935989;0.608485;-1.217453;-1.174998;
0.088180;0.999999;0.935507;0.607847;-1.220825;-1.178819;
0.088200;0.999999;0.934879;0.607168;-1.224121;-1.182616;
0.088220;0.999999;0.934121;0.606462;-1.227339;-1.186390;
0.088240;0.999999;0.933247;0.605738;-1.230478;-1.190139;
0.088260;0.999999;0.932275;0.605010;-1.233538;-1.193862;
0.088280;0.999999;0.931223;0.604287;-1.236519;-1.197557;
0.088300;0.999999;0.930110;0.603580;-1.239422;-1.201222;
0.088320;0.999999;0.928953;0.602898;-1.242245;-1.204855;
0.088340;0.999999;0.927773;0.602249;-1.244991;-1.208454;
0.088360;0.999999;0.926587;0.601641;-1.247660;-1.212015;
0.088380;0.999999;0.925414;0.601080;-1.250254;-1.215538;
0.088400;0.999999;0.924270;0.600572;-1.252773;-1.219017;
0.088420;0.999999;0.923170;0.600120;-1.255221;-1.222452;
0.088440;0.999999;0.922129;0.599729;-1.257599;-1.225837;
0.088460;0.999999;0.921159;0.599400;-1.259909;-1.229171;
0.088480;0.999999;0.920271;0.599135;-1.262154;-1.232450;
0.088500;0.999999;0.919474;0.598935;-1.264336;-1.235670;
0.088520;0.999999;0.918774;0.598798;-1.266457;-1.238828;
0.088540;0.999999;0.918177;0.598724;-1.268520;-1.241922;
0.088560;0.999999;0.917685;0.598712;-1.270528;-1.244948;
0.088580;0.999999;0.917300;0.598758;-1.272483;-1.247902;
0.088600;0.999999;0.917022;0.598860;-1.274388;-1.250782;
0.088620;0.999999;0.916848;0.599015;-1.276245;-1.253586;
0.088640;0.999999;0.916775;0.599219;-1.278056;-1.256310;
0.088660;0.999999;0.916800;0.599467;-1.279824;-1.258952;
0.088680;0.999999;0.916915;0.599756;-1.281549;-1.261511;
0.088700;0.999999;0.917116;0.600080;-1.283234;-1.263983;
0.088720;0.999999;0.917396;0.600433;-1.284879;-1.266368;
0.088740;0.999999;0.917747;0.600812;-1.286487;-1.268664;
0.088760;0.999999;0.918162;0.601209;-1.288057;-1.270871;
0.088780;0.999999;0.918632;0.601619;-1.289590;-1.272987;
0.088800;0.999999;0.919151;0.602037;-1.291086;-1.275011;
0.088820;0.999999;0.919710;0.602455;-1.292544;-1.276945;
0.088840;0.999999;0.920302;0.602867;-1.293965;-1.278788;
0.088860;0.999999;0.920919;0.603267;-1.295346;-1.280541;
0.088880;0.999999;0.921554;0.603649;-1.296688;-1.282204;
0.088900;0.999999;0.922199;0.604006;-1.297987;-1.283779;
0.088920;0.999999;0.922848;0.604331;-1.299242;-1.285267;
0.088940;0.999999;0.923493;0.604620;-1.300451;-1.286669;
0.088960;0.999999;0.924127;0.604865;-1.301611;-1.287989;
0.088980;0.999999;0.924745;0.605061;-1.302720;-1.289227;
0.089000;0.999999;0.925339;0.605205;-1.303774;-1.290386;
0.089020;0.999999;0.925902;0.605291;-1.304771;-1.291469;
0.089040;0.999999;0.926430;0.605316;-1.305706;-1.292478;
0.089060;0.999999;0.926915;0.605277;-1.306578;-1.293416;
0.089080;0.999999;0.927352;0.605174;-1.307381;-1.294285;
0.089100;0.999999;0.927735;0.605004;-1.308113;-1.295090;
0.089120;0.999999;0.928060;0.604768;-1.308771;-1.295831;
0.089140;0.999999;0.928322;0.604468;-1.309351;-1.296513;
0.089160;0.999999;0.928517;0.604106;-1.309849;-1.297138;
0.089180;0.999999;0.928642;0.603686;-1.310263;-1.297709;
0.089200;0.999999;0.928694;0.603211;-1.310590;-1.298228;
0.089220;0.999999;0.928672;0.602689;-1.310828;-1.298698;
0.089240;0.999999;0.928576;0.602125;-1.310973;-1.299121;
0.089260;0.999999;0.928407;0.601526;-1.311024;-1.299498;
0.089280;0.999999;0.928166;0.600902;-1.310979;-1.299833;
0.089300;0.999999;0.927856;0.600259;-1.310838;-1.300127;
0.089320;0.999999;0.927482;0.599607;-1.310598;-1.300380;
0.089340;0.999999;0.927049;0.598956;-1.310260;-1.300594;
0.089360;0.999999;0.926564;0.598313;-1.309824;-1.300770;
0.089380;0.999999;0.926034;0.597689;-1.309290;-1.300909;
0.089400;0.999999;0.925469;0.597092;-1.308658;-1.301010;
0.089420;0.999999;0.924876;0.596529;-1.307931;-1.301075;
0.089440;0.999999;0.924267;0.596008;-1.307110;-1.301101;
0.089460;0.999999;0.923650;0.595536;-1.306198;-1.301090;
0.089480;0.999999;0.923038;0.595118;-1.305196;-1.301039;
0.089500;0.999999;0.922439;0.594759;-1.304109;-1.300949;
0.089520;0.999999;0.921864;0.594461;-1.302939;-1.300818;
0.089540;0.999999;0.921323;0.594228;-1.301690;-1.300644;
0.089560;0.999999;0.920822;0.594059;-1.300366;-1.300426;
0.089580;0.999999;0.920370;0.593955;-1.298972;-1.300162;
0.089600;0.999999;0.919974;0.593913;-1.297512;-1.299851;
0.089620;0.999999;0.919636;0.593932;-1.295992;-1.299490;
0.089640;0.999999;0.919362;0.594007;-1.294415;-1.299078;
0.089660;0.999999;0.919151;0.594133;-1.292787;-1.298612;
0.089680;1.000000;0.919004;0.594305;-1.291113;-1.298090;
0.089700;1.000000;0.918920;0.594517;-1.289397;-1.297511;
0.089720;1.000000;0.918893;0.594762;-1.287646;-1.296873;
0.089740;1.000000;0.918920;0.595031;-1.285863;-1.296174;
0.089760;1.000000;0.918993;0.595318;-1.284054;-1.295413;
0.089780;1.000000;0.919104;0.595615;-1.282222;-1.294587;
0.089800;1.000000;0.919246;0.595913;-1.280372;-1.293696;
0.089820;1.000000;0.919408;0.596206;-1.278507;-1.292739;
0.089840;1.000000;0.919579;0.596485;-1.276632;-1.291715;
0.089860;1.000000;0.919749;0.596743;-1.274749;-1.290624;
0.089880;1.000000;0.919908;0.596974;-1.272860;-1.289465;
0.089900;1.000000;0.920045;0.597171;-1.270969;-1.288239;
0.089920;1.000000;0.920150;0.597329;-1.269077;-1.286945;
0.089940;1.000000;0.920213;0.597443;-1.267185;-1.285585;
0.089960;1.000000;0.920225;0.597509;-1.265294;-1.284161;
0.089980;1.000000;0.920180;0.597522;-1.263404;-1.282672;
0.090000;1.000000;0.920070;0.597481;-1.261515;-1.281120;
0.090020;1.000000;0.919891;0.597383;-1.259627;-1.279509;
0.090040;1.000000;0.919638;0.597227;-1.257738;-1.277839;
0.090060;1.000000;0.919308;0.597011;-1.255846;-1.276114;
0.090080;1.000000;0.918902;0.596738;-1.253950;-1.274335;
0.090100;1.000000;0.918418;0.596406;-1.252046;-1.272506;
0.090120;1.000000;0.917859;0.596019;-1.250133;-1.270630;
0.090140;1.000000;0.917227;0.595577;-1.248206;-1.268711;
0.090160;1.000000;0.916525;0.595086;-1.246263;-1.266750;
0.090180;1.000000;0.915760;0.594548;-1.244299;-1.264753;
0.090200;1.000000;0.914936;0.593967;-1.242311;-1.262722;
0.090220;1.000000;0.914060;0.593350;-1.240294;-1.260660;
0.090240;1.000000;0.913140;0.592703;-1.238245;-1.258572;
0.090260;1.000000;0.912183;0.592031;-1.236158;-1.256460;
0.090280;1.000000;0.911199;0.591343;-1.234030;-1.254328;
0.090300;1.000000;0.910196;0.590646;-1.231857;-1.252178;
0.090320;1.000000;0.909183;0.589950;-1.229635;-1.250014;
0.090340;1.000000;0.908170;0.589262;-1.227359;-1.247839;
0.090360;1.000000;0.907166;0.588593;-1.225026;-1.245654;
0.090380;1.000000;0.906182;0.587953;-1.222633;-1.243462;
0.090400;1.000000;0.905228;0.587352;-1.220176;-1.241264;
0.090420;1.000000;0.904314;0.586800;-1.217654;-1.239063;
0.090440;1.000000;0.903450;0.586309;-1.215063;-1.236859;
0.090460;1.000000;0.902646;0.585887;-1.212402;-1.234652;
0.090480;1.000000;0.901913;0.585547;-1.209670;-1.232444;
0.090500;1.000000;0.901262;0.585297;-1.206865;-1.230234;
0.090520;1.000000;0.900701;0.585146;-1.203987;-1.228022;
0.090540;1.000000;0.900242;0.585103;-1.201036;-1.225807;
0.090560;1.000000;0.899894;0.585176;-1.198012;-1.223588;
0.090580;1.000000;0.899667;0.585370;-1.194918;-1.221362;
0.090600;1.000000;0.899568;0.585692;-1.191753;-1.219129;
0.090620;1.000000;0.899607;0.586144;-1.188521;-1.216886;
0.090640;1.000000;0.899790;0.586729;-1.185223;-1.214630;
0.090660;1.000000;0.900124;0.587448;-1.181863;-1.212358;
0.090680;1.000000;0.900614;0.588299;-1.178443;-1.210067;
0.090700;1.000000;0.901263;0.589280;-1.174967;-1.207753;
0.090720;1.000000;0.902074;0.590386;-1.171440;-1.205414;
0.090740;1.000000;0.903047;0.591610;-1.167865;-1.203045;
0.090760;1.000000;0.904180;0.592945;-1.164246;-1.200642;
0.090780;1.000000;0.905469;0.594380;-1.160587;-1.198201;
0.090800;1.000000;0.906910;0.595904;-1.156895;-1.195719;
0.090820;1.000000;0.908493;0.597503;-1.153172;-1.193191;
0.090840;1.000000;0.910209;0.599164;-1.149423;-1.190613;
0.090860;1.000000;0.912046;0.600872;-1.145654;-1.187982;
0.090880;1.000000;0.913988;0.602609;-1.141867;-1.185293;
0.090900;1.000000;0.916021;0.604360;-1.138068;-1.182544;
0.090920;1.000000;0.918126;0.606106;-1.134259;-1.179731;
0.090940;1.000000;0.920282;0.607829;-1.130445;-1.176851;
0.090960;1.000000;0.922470;0.609513;-1.126629;-1.173901;
0.090980;1.000000;0.924666;0.611140;-1.122813;-1.170879;
0.091000;1.000000;0.926849;0.612693;-1.118999;-1.167783;
0.091020;1.000000;0.928996;0.614156;-1.115189;-1.164611;
0.091040;1.000000;0.931082;0.615513;-1.111385;-1.161361;
0.091060;1.000000;0.933086;0.616751;-1.107588;-1.158034;
0.091080;0.999999;0.934984;0.617856;-1.103796;-1.154629;
0.091100;0.999999;0.936757;0.618817;-1.100011;-1.151145;
0.091120;0.999999;0.938384;0.619625;-1.096230;-1.147583;
0.091140;0.999999;0.939846;0.620271;-1.092453;-1.143943;
0.091160;0.999999;0.941128;0.620749;-1.088676;-1.140227;
0.091180;0.999999;0.942214;0.621054;-1.084899;-1.136437;
0.091200;0.999999;0.943094;0.621183;-1.081117;-1.132574;
0.091220;0.999999;0.943758;0.621136;-1.077326;-1.128641;
0.091240;0.999999;0.944197;0.620914;-1.073523;-1.124640;
0.091260;0.999999;0.944409;0.620518;-1.069702;-1.120574;
0.091280;0.999999;0.944392;0.619954;-1.065860;-1.116445;
0.091300;0.999999;0.944146;0.619228;-1.061990;-1.112259;
0.091320;0.999999;0.943676;0.618346;-1.058087;-1.108017;
0.091340;0.999999;0.942987;0.617319;-1.054145;-1.103723;
0.091360;0.999999;0.942089;0.616156;-1.050159;-1.099382;
0.091380;0.999999;0.940992;0.614870;-1.046122;-1.094995;
0.091400;0.999999;0.939709;0.613473;-1.042028;-1.090569;
0.091420;0.999999;0.938257;0.611980;-1.037871;-1.086104;
0.091440;0.999999;0.936651;0.610406;-1.033647;-1.081606;
0.091460;0.999999;0.934910;0.608766;-1.029347;-1.077077;
0.091480;0.999999;0.933055;0.607076;-1.024968;-1.072521;
0.091500;0.999999;0.931106;0.605354;-1.020505;-1.067939;
0.091520;0.999999;0.929085;0.603617;-1.015951;-1.063335;
0.091540;0.999999;0.927014;0.601883;-1.011304;-1.058711;
0.091560;0.999999;0.924918;0.600169;-1.006558;-1.054068;
0.091580;0.999999;0.922818;0.598493;-1.001711;-1.049408;
0.091600;0.999999;0.920739;0.596873;-0.996760;-1.044731;
0.091620;0.999999;0.918703;0.595325;-0.991702;-1.040039;
0.091640;0.999999;0.916733;0.593866;-0.986536;-1.035332;
0.091660;0.999999;0.914851;0.592511;-0.981260;-1.030608;
0.091680;0.999999;0.913079;0.591277;-0.975875;-1.025868;
0.091700;0.999999;0.911437;0.590176;-0.970379;-1.021110;
0.091720;0.999999;0.909944;0.589220;-0.964775;-1.016332;
0.091740;1.000000;0.908618;0.588422;-0.959063;-1.011532;
0.091760;1.000000;0.907476;0.587791;-0.953247;-1.006709;
0.091780;1.000000;0.906533;0.587334;-0.947327;-1.001858;
0.091800;1.000000;0.905801;0.587058;-0.941308;-0.996977;
0.091820;1.000000;0.905291;0.586967;-0.935194;-0.992062;
0.091840;1.000000;0.905014;0.587062;-0.928988;-0.987109;
0.091860;1.000000;0.904974;0.587343;-0.922695;-0.982115;
0.091880;1.000000;0.905177;0.587809;-0.916321;-0.977074;
0.091900;1.000000;0.905623;0.588454;-0.909871;-0.971983;
0.091920;1.000000;0.906313;0.589271;-0.903351;-0.966838;
0.091940;1.000000;0.907242;0.590251;-0.896766;-0.961633;
0.091960;1.000000;0.908404;0.591383;-0.890123;-0.956364;
0.091980;1.000000;0.909790;0.592654;-0.883428;-0.951027;
0.092000;1.000000;0.911387;0.594048;-0.876687;-0.945617;
0.092020;1.000000;0.913180;0.595549;-0.869906;-0.940131;
0.092040;1.000000;0.915152;0.597137;-0.863091;-0.934563;
0.092060;1.000000;0.917284;0.598793;-0.856249;-0.928912;
0.092080;1.000000;0.919551;0.600496;-0.849384;-0.923173;
0.092100;1.000000;0.921931;0.602224;-0.842502;-0.917344;
0.092120;0.999999;0.924396;0.603954;-0.835608;-0.911422;
0.092140;0.999999;0.926919;0.605663;-0.828707;-0.905405;
0.092160;0.999999;0.929470;0.607330;-0.821803;-0.899291;
0.092180;0.999999;0.932018;0.608931;-0.814899;-0.893080;
0.092200;0.999999;0.934533;0.610445;-0.807999;-0.886770;
0.092220;0.999999;0.936985;0.611850;-0.801104;-0.880362;
0.092240;0.999999;0.939341;0.613127;-0.794218;-0.873857;
0.092260;0.999999;0.941573;0.614257;-0.787342;-0.867254;
0.092280;0.999999;0.943650;0.615224;-0.780476;-0.860558;
0.092300;0.999999;0.945544;0.616012;-0.773621;-0.853768;
0.092320;0.999999;0.947230;0.616609;-0.766776;-0.846889;
0.092340;0.999999;0.948684;0.617004;-0.759941;-0.839923;
0.092360;0.999999;0.949883;0.617189;-0.753114;-0.832875;
0.092380;0.999999;0.950808;0.617157;-0.746293;-0.825748;
0.092400;1.000000;0.951444;0.616905;-0.739476;-0.818547;
0.092420;1.000000;0.951776;0.616432;-0.732660;-0.811278;
0.092440;1.000000;0.951796;0.615739;-0.725842;-0.803946;
0.092460;1.000000;0.951496;0.614831;-0.719017;-0.796557;
0.092480;1.000000;0.950873;0.613714;-0.712184;-0.789116;
0.092500;1.000000;0.949929;0.612396;-0.705336;-0.781631;
0.092520;1.000000;0.948666;0.610888;-0.698470;-0.774107;
0.092540;1.000000;0.947093;0.609202;-0.691582;-0.766550;
0.092560;1.000000;0.945220;0.607355;-0.684667;-0.758969;
0.092580;1.000000;0.943062;0.605362;-0.677721;-0.751368;
0.092600;1.000000;0.940635;0.603242;-0.670739;-0.743754;
0.092620;1.000000;0.937961;0.601014;-0.663717;-0.736134;
0.092640;1.000000;0.935063;0.598698;-0.656651;-0.728513;
0.092660;1.000000;0.931965;0.596317;-0.649538;-0.720898;
0.092680;1.000000;0.928696;0.593894;-0.642373;-0.713294;
0.092700;1.000000;0.925286;0.591451;-0.635155;-0.705705;
0.092720;1.000000;0.921766;0.589011;-0.627880;-0.698138;
0.092740;1.000000;0.918169;0.586600;-0.620545;-0.690595;
0.092760;1.000000;0.914528;0.584239;-0.613150;-0.683082;
0.092780;1.000000;0.910880;0.581953;-0.605694;-0.675601;
0.092800;1.000000;0.907257;0.579764;-0.598174;-0.668154;
0.092820;1.000000;0.903696;0.577695;-0.590592;-0.660745;
0.092840;1.000000;0.900230;0.575767;-0.582948;-0.653375;
0.092860;1.000000;0.896894;0.574000;-0.575243;-0.646045;
0.092880;1.000000;0.893721;0.572413;-0.567478;-0.638755;
0.092900;1.000000;0.890742;0.571024;-0.559656;-0.631506;
0.092920;1.000000;0.887987;0.569848;-0.551780;-0.624297;
0.092940;1.000000;0.885483;0.568899;-0.543852;-0.617126;
0.092960;1.000000;0.883257;0.568189;-0.535877;-0.609993;
0.092980;1.000000;0.881332;0.567729;-0.527858;-0.602895;
0.093000;1.000000;0.879728;0.567525;-0.519801;-0.595829;
0.093020;1.000000;0.878463;0.567582;-0.511709;-0.588792;
0.093040;1.000000;0.877549;0.567904;-0.503590;-0.581781;
0.093060;1.000000;0.877000;0.568490;-0.495447;-0.574792;
0.093080;1.000000;0.876820;0.569337;-0.487287;-0.567821;
0.093100;1.000000;0.877014;0.570441;-0.479116;-0.560864;
0.093120;1.000000;0.877582;0.571793;-0.470940;-0.553916;
0.093140;1.000000;0.878519;0.573382;-0.462764;-0.546973;
0.093160;1.000000;0.879818;0.575195;-0.454595;-0.540029;
0.093180;1.000000;0.881466;0.577217;-0.446438;-0.533080;
0.093200;1.000000;0.883450;0.579429;-0.438300;-0.526122;
0.093220;1.000000;0.885749;0.581812;-0.430185;-0.519149;
0.093240;1.000000;0.888341;0.584342;-0.422099;-0.512157;
0.093260;1.000000;0.891202;0.586996;-0.414047;-0.505142;
0.093280;1.000000;0.894302;0.589748;-0.406032;-0.498100;
0.093300;1.000000;0.897611;0.592571;-0.398060;-0.491026;
0.093320;1.000000;0.901096;0.595437;-0.390134;-0.483918;
0.093340;1.000000;0.904721;0.598319;-0.382256;-0.476771;
0.093360;1.000000;0.908450;0.601186;-0.374429;-0.469584;
0.093380;1.000000;0.912245;0.604010;-0.366655;-0.462354;
0.093400;1.000000;0.916066;0.606763;-0.358935;-0.455078;
0.093420;1.000000;0.919876;0.609416;-0.351271;-0.447757;
0.093440;1.000000;0.923635;0.611944;-0.343661;-0.440387;
0.093460;1.000000;0.927304;0.614321;-0.336106;-0.432970;
0.093480;1.000000;0.930847;0.616522;-0.328605;-0.425505;
0.093500;1.000000;0.934227;0.618527;-0.321155;-0.417992;
0.093520;1.000000;0.937410;0.620316;-0.313755;-0.410432;
0.093540;1.000000;0.940364;0.621871;-0.306402;-0.402827;
0.093560;1.000000;0.943059;0.623179;-0.299092;-0.395178;
0.093580;1.000000;0.945468;0.624226;-0.291823;-0.387488;
0.093600;1.000000;0.947567;0.625006;-0.284589;-0.379759;
0.093620;1.000000;0.949335;0.625510;-0.277387;-0.371994;
0.093640;1.000000;0.950757;0.625738;-0.270211;-0.364197;
0.093660;1.000000;0.951817;0.625689;-0.263056;-0.356370;
0.093680;1.000000;0.952507;0.625367;-0.255917;-0.348517;
0.093700;1.000000;0.952822;0.624776;-0.248790;-0.340644;
0.093720;1.000000;0.952759;0.623928;-0.241667;-0.332752;
0.093740;1.000000;0.952322;0.622833;-0.234543;-0.324847;
0.093760;1.000000;0.951516;0.621505;-0.227413;-0.316933;
0.093780;1.000000;0.950353;0.619962;-0.220272;-0.309014;
0.093800;1.000000;0.948846;0.618222;-0.213114;-0.301094;
0.093820;1.000000;0.947013;0.616306;-0.205933;-0.293177;
0.093840;1.000000;0.944875;0.614236;-0.198726;-0.285267;
0.093860;1.000000;0.942457;0.612036;-0.191486;-0.277367;
0.093880;1.000000;0.939787;0.609730;-0.184210;-0.269481;
0.093900;1.000000;0.936894;0.607346;-0.176895;-0.261613;
0.093920;1.000000;0.933811;0.604908;-0.169535;-0.253764;
0.093940;1.000000;0.930573;0.602445;-0.162129;-0.245938;
0.093960;1.000000;0.927215;0.599983;-0.154673;-0.238136;
0.093980;1.000000;0.923776;0.597549;-0.147166;-0.230360;
0.094000;1.000000;0.920294;0.595168;-0.139605;-0.222613;
0.094020;1.000000;0.916807;0.592868;-0.131990;-0.214893;
0.094040;1.000000;0.913354;0.590671;-0.124319;-0.207202;
0.094060;1.000000;0.909975;0.588603;-0.116594;-0.199540;
0.094080;1.000000;0.906708;0.586685;-0.108813;-0.191907;
0.094100;1.000000;0.903588;0.584938;-0.100977;-0.184301;
0.094120;1.000000;0.900651;0.583381;-0.093089;-0.176721;
0.094140;1.000000;0.897931;0.582031;-0.085149;-0.169166;
0.094160;1.000000;0.895458;0.580902;-0.077160;-0.161633;
0.094180;1.000000;0.893262;0.580008;-0.069123;-0.154120;
0.094200;1.000000;0.891367;0.579358;-0.061043;-0.146624;
0.094220;1.000000;0.889795;0.578960;-0.052921;-0.139142;
0.094240;1.000000;0.888566;0.578820;-0.044762;-0.131670;
0.094260;1.000000;0.887695;0.578939;-0.036569;-0.124205;
0.094280;1.000000;0.887194;0.579317;-0.028344;-0.116742;
0.094300;1.000000;0.887068;0.579952;-0.020093;-0.109278;
0.094320;1.000000;0.887322;0.580836;-0.011820;-0.101809;
0.094340;1.000000;0.887955;0.581963;-0.003527;-0.094329;
0.094360;1.000000;0.888962;0.583319;0.004781;-0.086836;
0.094380;1.000000;0.890334;0.584892;0.013101;-0.079324;
0.094400;1.000000;0.892058;0.586665;0.021428;-0.071789;
0.094420;1.000000;0.894118;0.588619;0.029759;-0.064227;
0.094440;1.000000;0.896492;0.590734;0.038091;-0.056635;
0.094460;1.000000;0.899157;0.592985;0.046420;-0.049007;
0.094480;1.000000;0.902086;0.595349;0.054745;-0.041341;
0.094500;1.000000;0.905250;0.597800;0.063061;-0.033633;
0.094520;1.000000;0.908614;0.600310;0.071367;-0.025879;
0.094540;1.000000;0.912146;0.602852;0.079661;-0.018078;
0.094560;1.000000;0.915809;0.605396;0.087942;-0.010226;
0.094580;1.000000;0.919563;0.607913;0.096207;-0.002321;
0.094600;1.000000;0.923371;0.610376;0.104457;0.005638;
0.094620;1.000000;0.927193;0.612755;0.112689;0.013652;
0.094640;1.000000;0.930989;0.615023;0.120905;0.021724;
0.094660;1.000000;0.934718;0.617155;0.129104;0.029853;
0.094680;1.000000;0.938343;0.619125;0.137287;0.038039;
0.094700;1.000000;0.941825;0.620911;0.145454;0.046282;
0.094720;1.000000;0.945127;0.622491;0.153606;0.054582;
0.094740;1.000000;0.948215;0.623849;0.161744;0.062937;
0.094760;1.000000;0.951055;0.624967;0.169871;0.071347;
0.094780;1.000000;0.953619;0.625832;0.177988;0.079808;
0.094800;1.000000;0.955878;0.626436;0.186095;0.088319;
0.094820;1.000000;0.957809;0.626770;0.194197;0.096877;
0.094840;1.000000;0.959391;0.626831;0.202294;0.105479;
0.094860;1.000000;0.960606;0.626618;0.210389;0.114123;
0.094880;1.000000;0.961442;0.626133;0.218484;0.122804;
0.094900;1.000000;0.961889;0.625381;0.226580;0.131519;
0.094920;1.000000;0.961941;0.624371;0.234682;0.140265;
0.094940;1.000000;0.961598;0.623114;0.242789;0.149036;
0.094960;1.000000;0.960862;0.621624;0.250905;0.157830;
0.094980;1.000000;0.959741;0.619915;0.259031;0.166641;
0.095000;1.000000;0.958245;0.618008;0.267168;0.175466;
0.095020;1.000000;0.956389;0.615922;0.275319;0.184300;
0.095040;1.000000;0.954192;0.613679;0.283484;0.193138;
0.095060;1.000000;0.951677;0.611302;0.291664;0.201977;
0.095080;1.000000;0.948868;0.608816;0.299861;0.210811;
0.095100;1.000000;0.945795;0.606247;0.308074;0.219638;
0.095120;1.000000;0.942489;0.603619;0.316303;0.228452;
0.095140;1.000000;0.938983;0.600960;0.324550;0.237250;
0.095160;1.000000;0.935315;0.598296;0.332812;0.246028;
0.095180;1.000000;0.931520;0.595652;0.341090;0.254783;
0.095200;1.000000;0.927638;0.593055;0.349381;0.263511;
0.095220;1.000000;0.923708;0.590529;0.357686;0.272208;
0.095240;1.000000;0.919771;0.588099;0.366003;0.280873;
0.095260;1.000000;0.915867;0.585787;0.374328;0.289503;
0.095280;1.000000;0.912034;0.583614;0.382662;0.298095;
0.095300;1.000000;0.908311;0.581602;0.391000;0.306646;
0.095320;1.000000;0.904736;0.579767;0.399341;0.315156;
0.095340;1.000000;0.901343;0.578128;0.407682;0.323622;
0.095360;1.000000;0.898167;0.576699;0.416020;0.332043;
0.095380;1.000000;0.895238;0.575492;0.424351;0.340418;
0.095400;1.000000;0.892584;0.574518;0.432674;0.348747;
0.095420;1.000000;0.890230;0.573787;0.440984;0.357028;
0.095440;1.000000;0.888198;0.573303;0.449279;0.365261;
0.095460;1.000000;0.886506;0.573071;0.457554;0.373447;
0.095480;1.000000;0.885169;0.573093;0.465808;0.381584;
0.095500;1.000000;0.884197;0.573367;0.474036;0.389675;
0.095520;1.000000;0.883597;0.573890;0.482235;0.397718;
0.095540;1.000000;0.883373;0.574657;0.490403;0.405714;
0.095560;1.000000;0.883524;0.575659;0.498536;0.413665;
0.095580;1.000000;0.884044;0.576885;0.506632;0.421571;
0.095600;1.000000;0.884926;0.578324;0.514688;0.429433;
0.095620;1.000000;0.886157;0.579960;0.522701;0.437252;
0.095640;1.000000;0.887722;0.581777;0.530668;0.445030;
0.095660;1.000000;0.889602;0.583755;0.538589;0.452767;
0.095680;1.000000;0.891776;0.585873;0.546460;0.460464;
0.095700;1.000000;0.894218;0.588110;0.554281;0.468124;
0.095720;1.000000;0.896902;0.590442;0.562049;0.475747;
0.095740;1.000000;0.899799;0.592844;0.569764;0.483334;
0.095760;1.000000;0.902876;0.595291;0.577423;0.490887;
0.095780;1.000000;0.906100;0.597757;0.585027;0.498406;
0.095800;1.000000;0.909439;0.600215;0.592574;0.505894;
0.095820;1.000000;0.912855;0.602640;0.600064;0.513351;
0.095840;1.000000;0.916314;0.605006;0.607498;0.520777;
0.095860;1.000000;0.919778;0.607287;0.614873;0.528175;
0.095880;1.000000;0.923213;0.609460;0.622192;0.535544;
0.095900;1.000000;0.926581;0.611501;0.629454;0.542886;
0.095920;1.000000;0.929850;0.613389;0.636658;0.550200;
0.095940;1.000000;0.932984;0.615105;0.643807;0.557489;
0.095960;1.000000;0.935953;0.616632;0.650900;0.564751;
0.095980;1.000000;0.938725;0.617955;0.657938;0.571988;
0.096000;1.000000;0.941273;0.619060;0.664922;0.579200;
0.096020;1.000000;0.943571;0.619939;0.671852;0.586387;
0.096040;1.000000;0.945597;0.620583;0.678730;0.593548;
0.096060;1.000000;0.947330;0.620989;0.685556;0.600684;
0.096080;1.000000;0.948755;0.621155;0.692332;0.607796;
0.096100;1.000000;0.949857;0.621082;0.699058;0.614881;
0.096120;1.000000;0.950628;0.620774;0.705735;0.621941;
0.096140;1.000000;0.951061;0.620238;0.712363;0.628974;
0.096160;1.000000;0.951154;0.619482;0.718945;0.635981;
0.096180;1.000000;0.950908;0.618518;0.725480;0.642960;
0.096200;1.000000;0.950329;0.617360;0.731970;0.649912;
0.096220;1.000000;0.949424;0.616024;0.738415;0.656835;
0.096240;1.000000;0.948207;0.614525;0.744816;0.663729;
0.096260;1.000000;0.946693;0.612883;0.751174;0.670594;
0.096280;1.000000;0.944900;0.611118;0.757489;0.677427;
0.096300;1.000000;0.942850;0.609251;0.763762;0.684229;
0.096320;1.000000;0.940568;0.607302;0.769993;0.690999;
0.096340;1.000000;0.938080;0.605294;0.776182;0.697736;
0.096360;1.000000;0.935415;0.603249;0.782331;0.704438;
0.096380;1.000000;0.932603;0.601189;0.788440;0.711106;
0.096400;1.000000;0.929676;0.599134;0.794509;0.717739;
0.096420;1.000000;0.926667;0.597108;0.800538;0.724334;
0.096440;1.000000;0.923608;0.595128;0.806529;0.730893;
0.096460;1.000000;0.920534;0.593217;0.812480;0.737413;
0.096480;1.000000;0.917476;0.591391;0.818394;0.743895;
0.096500;1.000000;0.914468;0.589669;0.824270;0.750337;
0.096520;1.000000;0.911540;0.588065;0.830108;0.756739;
0.096540;1.000000;0.908722;0.586596;0.835910;0.763101;
0.096560;1.000000;0.906044;0.585274;0.841675;0.769420;
0.096580;1.000000;0.903531;0.584111;0.847405;0.775698;
0.096600;1.000000;0.901206;0.583116;0.853099;0.781934;
0.096620;1.000000;0.899093;0.582299;0.858760;0.788127;
0.096640;1.000000;0.897210;0.581664;0.864387;0.794277;
0.096660;1.000000;0.895574;0.581218;0.869981;0.800383;
0.096680;1.000000;0.894197;0.580962;0.875543;0.806447;
0.096700;1.000000;0.893091;0.580898;0.881073;0.812466;
0.096720;1.000000;0.892264;0.581025;0.886574;0.818443;
0.096740;1.000000;0.891720;0.581339;0.892045;0.824375;
0.096760;1.000000;0.891461;0.581837;0.897489;0.830265;
0.096780;1.000000;0.891486;0.582511;0.902905;0.836112;
0.096800;1.000000;0.891791;0.583354;0.908294;0.841917;
0.096820;1.000000;0.892370;0.584355;0.913659;0.847679;
0.096840;1.000000;0.893214;0.585503;0.918999;0.853401;
0.096860;1.000000;0.894312;0.586783;0.924316;0.859081;
0.096880;1.000000;0.895649;0.588182;0.929611;0.864722;
0.096900;1.000000;0.897209;0.589683;0.934885;0.870324;
0.096920;1.000000;0.898975;0.591270;0.940138;0.875888;
0.096940;1.000000;0.900926;0.592922;0.945372;0.881416;
0.096960;1.000000;0.903041;0.594622;0.950586;0.886908;
0.096980;1.000000;0.905297;0.596350;0.955783;0.892365;
0.097000;1.000000;0.907669;0.598086;0.960961;0.897789;
0.097020;1.000000;0.910132;0.599810;0.966123;0.903182;
0.097040;1.000000;0.912660;0.601501;0.971268;0.908544;
0.097060;1.000000;0.915224;0.603142;0.976395;0.913878;
0.097080;1.000000;0.917800;0.604711;0.981507;0.919185;
0.097100;1.000000;0.920357;0.606193;0.986601;0.924466;
0.097120;1.000000;0.922871;0.607571;0.991679;0.929724;
0.097140;1.000000;0.925314;0.608828;0.996739;0.934959;
0.097160;1.000000;0.927660;0.609953;1.001782;0.940174;
0.097180;1.000000;0.929885;0.610933;1.006807;0.945370;
0.097200;1.000000;0.931964;0.611758;1.011812;0.950549;
0.097220;1.000000;0.933877;0.612421;1.016798;0.955712;
0.097240;1.000000;0.935604;0.612917;1.021764;0.960861;
0.097260;1.000000;0.937126;0.613242;1.026708;0.965997;
0.097280;1.000000;0.938429;0.613397;1.031628;0.971121;
0.097300;1.000000;0.939500;0.613382;1.036525;0.976236;
0.097320;1.000000;0.940329;0.613201;1.041397;0.981341;
0.097340;1.000000;0.940909;0.612860;1.046243;0.986439;
0.097360;1.000000;0.941236;0.612368;1.051060;0.991530;
0.097380;1.000000;0.941309;0.611732;1.055849;0.996614;
0.097400;1.000000;0.941131;0.610966;1.060607;1.001693;
0.097420;1.000000;0.940706;0.610080;1.065333;1.006767;
0.097440;1.000000;0.940044;0.609090;1.070026;1.011837;
0.097460;1.000000;0.939154;0.608010;1.074685;1.016901;
0.097480;1.000000;0.938051;0.606855;1.079309;1.021961;
0.097500;1.000000;0.936751;0.605642;1.083896;1.027015;
0.097520;1.000000;0.935273;0.604386;1.088446;1.032064;
0.097540;1.000000;0.933638;0.603104;1.092957;1.037107;
0.097560;1.000000;0.931866;0.601812;1.097430;1.042142;
0.097580;1.000000;0.929983;0.600525;1.101862;1.047170;
0.097600;1.000000;0.928012;0.599258;1.106255;1.052188;
0.097620;1.000000;0.925979;0.598025;1.110607;1.057195;
0.097640;1.000000;0.923908;0.596840;1.114919;1.062190;
0.097660;1.000000;0.921826;0.595714;1.119190;1.067170;
0.097680;1.000000;0.919757;0.594660;1.123421;1.072135;
0.097700;1.000000;0.917724;0.593686;1.127611;1.077081;
0.097720;1.000000;0.915752;0.592803;1.131761;1.082007;
0.097740;1.000000;0.913860;0.592017;1.135872;1.086909;
0.097760;1.000000;0.912069;0.591335;1.139944;1.091787;
0.097780;1.000000;0.910396;0.590763;1.143977;1.096637;
0.097800;1.000000;0.908858;0.590304;1.147974;1.101456;
0.097820;1.000000;0.907469;0.589960;1.151934;1.106243;
0.097840;1.000000;0.906238;0.589735;1.155859;1.110993;
0.097860;1.000000;0.905177;0.589628;1.159749;1.115706;
0.097880;1.000000;0.904291;0.589640;1.163606;1.120377;
0.097900;1.000000;0.903586;0.589767;1.167430;1.125005;
0.097920;1.000000;0.903064;0.590009;1.171222;1.129586;
0.097940;1.000000;0.902727;0.590361;1.174984;1.134119;
0.097960;1.000000;0.902572;0.590820;1.178716;1.138601;
0.097980;1.000000;0.902598;0.591379;1.182419;1.143030;
0.098000;1.000000;0.902799;0.592033;1.186093;1.147403;
0.098020;1.000000;0.903169;0.592775;1.189739;1.151718;
0.098040;1.000000;0.903702;0.593597;1.193358;1.155974;
0.098060;1.000000;0.904389;0.594490;1.196948;1.160169;
0.098080;1.000000;0.905220;0.595445;1.200511;1.164302;
0.098100;1.000000;0.906185;0.596453;1.204046;1.168371;
0.098120;1.000000;0.907273;0.597503;1.207552;1.172374;
0.098140;1.000000;0.908472;0.598584;1.211029;1.176312;
0.098160;1.000000;0.909768;0.599685;1.214476;1.180183;
0.098180;1.000000;0.911149;0.600794;1.217892;1.183987;
0.098200;1.000000;0.912602;0.601901;1.221275;1.187723;
0.098220;1.000000;0.914111;0.602993;1.224624;1.191392;
0.098240;1.000000;0.915663;0.604060;1.227936;1.194994;
0.098260;1.000000;0.917243;0.605089;1.231210;1.198528;
0.098280;1.000000;0.918836;0.606071;1.234444;1.201995;
0.098300;1.000000;0.920427;0.606996;1.237635;1.205396;
0.098320;1.000000;0.922002;0.607854;1.240780;1.208732;
0.098340;1.000000;0.923545;0.608636;1.243878;1.212003;
0.098360;1.000000;0.925043;0.609337;1.246924;1.215210;
0.098380;1.000000;0.926482;0.609949;1.249915;1.218355;
0.098400;1.000000;0.927848;0.610468;1.252850;1.221439;
0.098420;1.000000;0.929129;0.610891;1.255724;1.224462;
0.098440;1.000000;0.930315;0.611214;1.258535;1.227426;
0.098460;1.000000;0.931395;0.611439;1.261280;1.230332;
0.098480;1.000000;0.932360;0.611564;1.263955;1.233182;
0.098500;1.000000;0.933202;0.611594;1.266557;1.235977;
0.098520;1.000000;0.933917;0.611531;1.269084;1.238717;
0.098540;1.000000;0.934499;0.611380;1.271533;1.241405;
0.098560;1.000000;0.934948;0.611147;1.273901;1.244040;
0.098580;1.000000;0.935261;0.610839;1.276186;1.246624;
0.098600;1.000000;0.935442;0.610465;1.278386;1.249157;
0.098620;1.000000;0.935492;0.610032;1.280499;1.251641;
0.098640;1.000000;0.935418;0.609550;1.282523;1.254075;
0.098660;1.000000;0.935226;0.609028;1.284456;1.256460;
0.098680;1.000000;0.934924;0.608477;1.286299;1.258797;
0.098700;1.000000;0.934523;0.607905;1.288050;1.261084;
0.098720;1.000000;0.934033;0.607322;1.289708;1.263323;
0.098740;1.000000;0.933467;0.606737;1.291274;1.265512;
0.098760;1.000000;0.932838;0.606158;1.292748;1.267651;
0.098780;1.000000;0.932158;0.605593;1.294130;1.269739;
0.098800;1.000000;0.931443;0.605050;1.295421;1.271776;
0.098820;1.000000;0.930704;0.604534;1.296623;1.273760;
0.098840;1.000000;0.929956;0.604050;1.297737;1.275690;
0.098860;1.000000;0.929212;0.603602;1.298765;1.277566;
0.098880;1.000000;0.928482;0.603194;1.299708;1.279385;
0.098900;1.000000;0.927779;0.602828;1.300570;1.281146;
0.098920;1.000000;0.927111;0.602505;1.301352;1.282847;
0.098940;1.000000;0.926486;0.602224;1.302057;1.284487;
0.098960;1.000000;0.925912;0.601986;1.302688;1.286064;
0.098980;1.000000;0.925392;0.601789;1.303248;1.287577;
0.099000;1.000000;0.924931;0.601631;1.303740;1.289024;
0.099020;1.000000;0.924530;0.601508;1.304167;1.290402;
0.099040;1.000000;0.924188;0.601418;1.304533;1.291711;
0.099060;1.000000;0.923905;0.601358;1.304839;1.292949;
0.099080;1.000000;0.923678;0.601322;1.305090;1.294114;
0.099100;1.000000;0.923502;0.601307;1.305288;1.295205;
0.099120;1.000000;0.923373;0.601308;1.305436;1.296222;
0.099140;1.000000;0.923284;0.601321;1.305536;1.297162;
0.099160;1.000000;0.923230;0.601340;1.305591;1.298026;
0.099180;1.000000;0.923202;0.601363;1.305604;1.298812;
0.099200;1.000000;0.923195;0.601383;1.305576;1.299520;
0.099220;1.000000;0.923201;0.601397;1.305508;1.300149;
0.099240;1.000000;0.923213;0.601401;1.305403;1.300701;
0.099260;1.000000;0.923225;0.601390;1.305261;1.301175;
0.099280;1.000000;0.923229;0.601360;1.305083;1.301571;
0.099300;1.000000;0.923220;0.601308;1.304870;1.301890;
0.099320;1.000000;0.923193;0.601231;1.304621;1.302133;
0.099340;1.000000;0.923144;0.601124;1.304338;1.302301;
0.099360;1.000000;0.923068;0.600986;1.304018;1.302396;
0.099380;1.000000;0.922962;0.600812;1.303662;1.302419;
0.099400;1.000000;0.922824;0.600602;1.303268;1.302372;
0.099420;1.000000;0.922651;0.600353;1.302835;1.302257;
0.099440;1.000000;0.922442;0.600063;1.302361;1.302075;
0.099460;1.000000;0.922197;0.599732;1.301845;1.301830;
0.099480;1.000000;0.921914;0.599358;1.301284;1.301523;
0.099500;1.000000;0.921594;0.598943;1.300677;1.301157;
0.099520;1.000000;0.921237;0.598486;1.300021;1.300735;
0.099540;1.000000;0.920843;0.597989;1.299313;1.300258;
0.099560;1.000000;0.920414;0.597454;1.298552;1.299730;
0.099580;1.000000;0.919949;0.596884;1.297734;1.299153;
0.099600;1.000000;0.919452;0.596283;1.296858;1.298529;
0.099620;1.000000;0.918923;0.595656;1.295921;1.297862;
0.099640;1.000000;0.918365;0.595007;1.294920;1.297153;
0.099660;1.000000;0.917779;0.594342;1.293854;1.296405;
0.099680;1.000000;0.917170;0.593670;1.292721;1.295619;
0.099700;1.000000;0.916540;0.592996;1.291518;1.294799;
0.099720;1.000000;0.915893;0.592329;1.290244;1.293945;
0.099740;1.000000;0.915233;0.591677;1.288899;1.293060;
0.099760;1.000000;0.914566;0.591051;1.287481;1.292144;
0.099780;1.000000;0.913898;0.590457;1.285989;1.291199;
0.099800;1.000000;0.913234;0.589907;1.284424;1.290226;
0.099820;1.000000;0.912582;0.589408;1.282785;1.289225;
0.099840;1.000000;0.911949;0.588969;1.281073;1.288198;
0.099860;1.000000;0.911343;0.588599;1.279289;1.287143;
0.099880;1.000000;0.910772;0.588305;1.277434;1.286062;
0.099900;1.000000;0.910246;0.588094;1.275510;1.284954;
0.099920;1.000000;0.909772;0.587972;1.273519;1.283818;
0.099940;1.000000;0.909360;0.587943;1.271462;1.282655;
0.099960;1.000000;0.909018;0.588012;1.269343;1.281462;
0.099980;1.000000;0.908754;0.588179;1.267165;1.280239;
0.100000;1.000000;0.908576;0.588446;1.264931;1.278985;
0.100020;1.000000;0.908489;0.588813;1.262644;1.277698;
0.100040;1.000000;0.908499;0.589276;1.260309;1.276376;
0.100060;1.000000;0.908610;0.589832;1.257928;1.275019;
0.100080;1.000000;0.908823;0.590476;1.255507;1.273624;
0.100100;1.000000;0.909141;0.591202;1.253049;1.272191;
0.100120;1.000000;0.909562;0.592002;1.250559;1.270716;
0.100140;1.000000;0.910082;0.592867;1.248041;1.269198;
0.100160;1.000000;0.910698;0.593787;1.245498;1.267637;
0.100180;1.000000;0.911402;0.594751;1.242935;1.266029;
0.100200;1.000000;0.912186;0.595748;1.240357;1.264374;
0.100220;1.000000;0.913041;0.596767;1.237766;1.262670;
0.100240;1.000000;0.913954;0.597794;1.235166;1.260916;
0.100260;1.000000;0.914912;0.598819;1.232561;1.259111;
0.100280;1.000000;0.915902;0.599827;1.229954;1.257254;
0.100300;1.000000;0.916908;0.600808;1.227346;1.255345;
0.100320;1.000000;0.917915;0.601751;1.224741;1.253382;
0.100340;1.000000;0.918907;0.602643;1.222141;1.251366;
0.100360;1.000000;0.919869;0.603475;1.219545;1.249297;
0.100380;1.000000;0.920784;0.604238;1.216957;1.247175;
0.100400;1.000000;0.921638;0.604923;1.214375;1.245001;
0.100420;1.000000;0.922417;0.605523;1.211801;1.242776;
0.100440;1.000000;0.923108;0.606032;1.209233;1.240500;
0.100460;1.000000;0.923700;0.606444;1.206670;1.238174;
0.100480;1.000000;0.924182;0.606756;1.204112;1.235801;
0.100500;1.000000;0.924546;0.606965;1.201556;1.233383;
0.100520;1.000000;0.924785;0.607069;1.199001;1.230920;
0.100540;1.000000;0.924896;0.607069;1.196443;1.228415;
0.100560;1.000000;0.924874;0.606966;1.193879;1.225870;
0.100580;1.000000;0.924720;0.606761;1.191305;1.223288;
0.100600;1.000000;0.924434;0.606458;1.188719;1.220672;
0.100620;1.000000;0.924020;0.606062;1.186116;1.218022;
0.100640;1.000000;0.923482;0.605577;1.183491;1.215343;
0.100660;1.000000;0.922827;0.605011;1.180841;1.212637;
0.100680;1.000000;0.922064;0.604370;1.178160;1.209905;
0.100700;1.000000;0.921200;0.603664;1.175444;1.207152;
0.100720;1.000000;0.920248;0.602900;1.172688;1.204378;
0.100740;1.000000;0.919219;0.602089;1.169888;1.201586;
0.100760;1.000000;0.918126;0.601242;1.167038;1.198778;
0.100780;1.000000;0.916983;0.600369;1.164135;1.195955;
0.100800;1.000000;0.915804;0.599482;1.161174;1.193120;
0.100820;1.000000;0.914604;0.598594;1.158150;1.190274;
0.100840;1.000000;0.913397;0.597716;1.155061;1.187417;
0.100860;1.000000;0.912200;0.596861;1.151903;1.184550;
0.100880;1.000000;0.911028;0.596043;1.148671;1.181673;
0.100900;1.000000;0.909895;0.595273;1.145365;1.178787;
0.100920;1.000000;0.908818;0.594565;1.141981;1.175892;
0.100940;1.000000;0.907812;0.593930;1.138517;1.172985;
0.100960;1.000000;0.906890;0.593381;1.134971;1.170067;
0.100980;1.000000;0.906068;0.592929;1.131344;1.167135;
0.101000;1.000000;0.905359;0.592584;1.127635;1.164189;
0.101020;1.000000;0.904775;0.592356;1.123842;1.161225;
0.101040;1.000000;0.904330;0.592253;1.119968;1.158242;
0.101060;1.000000;0.904034;0.592283;1.116012;1.155235;
0.101080;1.000000;0.903897;0.592450;1.111977;1.152204;
0.101100;1.000000;0.903929;0.592760;1.107864;1.149143;
0.101120;1.000000;0.904137;0.593216;1.103675;1.146049;
0.101140;1.000000;0.904527;0.593816;1.099413;1.142918;
0.101160;1.000000;0.905104;0.594562;1.095082;1.139747;
0.101180;1.000000;0.905871;0.595449;1.090683;1.136531;
0.101200;1.000000;0.906828;0.596473;1.086222;1.133266;
0.101220;1.000000;0.907973;0.597626;1.081701;1.129948;
0.101240;1.000000;0.909304;0.598901;1.077124;1.126572;
0.101260;1.000000;0.910815;0.600286;1.072497;1.123133;
0.101280;1.000000;0.912498;0.601769;1.067821;1.119629;
0.101300;1.000000;0.914342;0.603337;1.063103;1.116054;
0.101320;1.000000;0.916334;0.604972;1.058346;1.112404;
0.101340;1.000000;0.918460;0.606660;1.053553;1.108677;
0.101360;1.000000;0.920702;0.608381;1.048729;1.104868;
0.101380;1.000000;0.923041;0.610117;1.043876;1.100974;
0.101400;1.000000;0.925456;0.611849;1.039000;1.096993;
0.101420;0.999999;0.927924;0.613557;1.034101;1.092921;
0.101440;0.999999;0.930421;0.615222;1.029184;1.088757;
0.101460;0.999999;0.932922;0.616823;1.024249;1.084499;
0.101480;0.999999;0.935401;0.618341;1.019300;1.080145;
0.101500;0.999999;0.937831;0.619758;1.014337;1.075696;
0.101520;0.999999;0.940185;0.621056;1.009362;1.071149;
0.101540;0.999999;0.942438;0.622218;1.004374;1.066506;
0.101560;0.999999;0.944563;0.623230;0.999374;1.061766;
0.101580;0.999999;0.946536;0.624077;0.994362;1.056931;
0.101600;0.999999;0.948334;0.624749;0.989335;1.052003;
0.101620;0.999999;0.949934;0.625234;0.984293;1.046982;
0.101640;0.999999;0.951317;0.625525;0.979233;1.041871;
0.101660;0.999999;0.952465;0.625615;0.974153;1.036673;
0.101680;0.999999;0.953363;0.625502;0.969051;1.031391;
0.101700;0.999999;0.953998;0.625182;0.963922;1.026028;
0.101720;0.999999;0.954361;0.624657;0.958763;1.020588;
0.101740;0.999999;0.954444;0.623929;0.953571;1.015074;
0.101760;0.999999;0.954244;0.623003;0.948340;1.009492;
0.101780;0.999999;0.953759;0.621885;0.943067;1.003844;
0.101800;0.999999;0.952993;0.620584;0.937747;0.998137;
0.101820;0.999999;0.951949;0.619110;0.932375;0.992373;
0.101840;0.999999;0.950638;0.617476;0.926947;0.986559;
0.101860;0.999999;0.949069;0.615695;0.921457;0.980697;
0.101880;0.999999;0.947256;0.613782;0.915900;0.974794;
0.101900;0.999999;0.945216;0.611754;0.910274;0.968853;
0.101920;0.999999;0.942968;0.609628;0.904572;0.962879;
0.101940;0.999999;0.940532;0.607423;0.898791;0.956875;
0.101960;0.999999;0.937931;0.605159;0.892928;0.950846;
0.101980;0.999999;0.935189;0.602855;0.886978;0.944796;
0.102000;0.999999;0.932333;0.600532;0.880938;0.938727;
0.102020;0.999999;0.929390;0.598211;0.874807;0.932642;
0.102040;0.999999;0.926386;0.595912;0.868581;0.926544;
0.102060;0.999999;0.923352;0.593658;0.862260;0.920436;
0.102080;0.999999;0.920316;0.591467;0.855842;0.914318;
0.102100;1.000000;0.917307;0.589362;0.849327;0.908192;
0.102120;1.000000;0.914353;0.587360;0.842714;0.902060;
0.102140;1.000000;0.911484;0.585482;0.836005;0.895921;
0.102160;1.000000;0.908725;0.583745;0.829201;0.889775;
0.102180;1.000000;0.906106;0.582165;0.822303;0.883622;
0.102200;1.000000;0.903650;0.580758;0.815315;0.877462;
0.102220;1.000000;0.901382;0.579538;0.808239;0.871292;
0.102240;1.000000;0.899323;0.578517;0.801079;0.865111;
0.102260;1.000000;0.897496;0.577706;0.793839;0.858917;
0.102280;1.000000;0.895917;0.577111;0.786523;0.852707;
0.102300;1.000000;0.894603;0.576741;0.779137;0.846480;
0.102320;1.000000;0.893567;0.576598;0.771687;0.840231;
0.102340;1.000000;0.892821;0.576684;0.764176;0.833959;
0.102360;1.000000;0.892372;0.577000;0.756613;0.827658;
0.102380;1.000000;0.892224;0.577540;0.749003;0.821327;
0.102400;1.000000;0.892382;0.578301;0.741352;0.814960;
0.102420;1.000000;0.892842;0.579273;0.733667;0.808556;
0.102440;1.000000;0.893600;0.580447;0.725954;0.802110;
0.102460;1.000000;0.894650;0.581810;0.718221;0.795618;
0.102480;1.000000;0.895979;0.583347;0.710472;0.789078;
0.102500;1.000000;0.897575;0.585040;0.702716;0.782485;
0.102520;1.000000;0.899419;0.586872;0.694957;0.775838;
0.102540;1.000000;0.901493;0.588821;0.687202;0.769133;
0.102560;1.000000;0.903772;0.590866;0.679456;0.762368;
0.102580;1.000000;0.906232;0.592983;0.671725;0.755541;
0.102600;1.000000;0.908845;0.595148;0.664012;0.748650;
0.102620;1.000000;0.911581;0.597336;0.656323;0.741693;
0.102640;1.000000;0.914410;0.599522;0.648661;0.734671;
0.102660;1.000000;0.917298;0.601680;0.641028;0.727582;
0.102680;1.000000;0.920212;0.603786;0.633429;0.720426;
0.102700;1.000000;0.923118;0.605814;0.625865;0.713204;
0.102720;1.000000;0.925981;0.607742;0.618337;0.705917;
0.102740;1.000000;0.928768;0.609547;0.610846;0.698567;
0.102760;1.000000;0.931446;0.611208;0.603393;0.691155;
0.102780;1.000000;0.933982;0.612706;0.595978;0.683684;
0.102800;1.000000;0.936345;0.614022;0.588599;0.676157;
0.102820;1.000000;0.938507;0.615142;0.581255;0.668577;
0.102840;1.000000;0.940440;0.616053;0.573945;0.660948;
0.102860;1.000000;0.942120;0.616745;0.566666;0.653274;
0.102880;1.000000;0.943526;0.617209;0.559414;0.645559;
0.102900;1.000000;0.944639;0.617440;0.552188;0.637809;
0.102920;1.000000;0.945444;0.617436;0.544983;0.630028;
0.102940;1.000000;0.945928;0.617196;0.537795;0.622222;
0.102960;1.000000;0.946084;0.616723;0.530620;0.614396;
0.102980;1.000000;0.945906;0.616023;0.523454;0.606555;
0.103000;1.000000;0.945395;0.615104;0.516293;0.598705;
0.103020;1.000000;0.944551;0.613975;0.509131;0.590853;
0.103040;1.000000;0.943383;0.612650;0.501964;0.583002;
0.103060;1.000000;0.941899;0.611143;0.494787;0.575159;
0.103080;1.000000;0.940113;0.609471;0.487597;0.567330;
0.103100;1.000000;0.938043;0.607653;0.480388;0.559518;
0.103120;1.000000;0.935709;0.605708;0.473156;0.551730;
0.103140;1.000000;0.933133;0.603657;0.465899;0.543969;
0.103160;1.000000;0.930341;0.601524;0.458611;0.536240;
0.103180;1.000000;0.927362;0.599331;0.451290;0.528547;
0.103200;1.000000;0.924226;0.597103;0.443933;0.520893;
0.103220;1.000000;0.920966;0.594864;0.436538;0.513281;
0.103240;1.000000;0.917615;0.592639;0.429102;0.505713;
0.103260;1.000000;0.914209;0.590452;0.421624;0.498192;
0.103280;1.000000;0.910784;0.588327;0.414104;0.490718;
0.103300;1.000000;0.907375;0.586289;0.406540;0.483294;
0.103320;1.000000;0.904019;0.584360;0.398932;0.475919;
0.103340;1.000000;0.900753;0.582562;0.391282;0.468592;
0.103360;1.000000;0.897612;0.580917;0.383589;0.461314;
0.103380;1.000000;0.894630;0.579444;0.375856;0.454083;
0.103400;1.000000;0.891841;0.578160;0.368084;0.446898;
0.103420;1.000000;0.889275;0.577083;0.360277;0.439755;
0.103440;1.000000;0.886961;0.576227;0.352435;0.432653;
0.103460;1.000000;0.884927;0.575603;0.344563;0.425588;
0.103480;1.000000;0.883197;0.575222;0.336664;0.418556;
0.103500;1.000000;0.881791;0.575092;0.328742;0.411554;
0.103520;1.000000;0.880728;0.575217;0.320801;0.404577;
0.103540;1.000000;0.880021;0.575600;0.312844;0.397621;
0.103560;1.000000;0.879682;0.576242;0.304877;0.390681;
0.103580;1.000000;0.879718;0.577139;0.296903;0.383752;
0.103600;1.000000;0.880132;0.578286;0.288926;0.376828;
0.103620;1.000000;0.880923;0.579675;0.280952;0.369905;
0.103640;1.000000;0.882087;0.581295;0.272984;0.362977;
0.103660;1.000000;0.883616;0.583132;0.265026;0.356040;
0.103680;1.000000;0.885496;0.585171;0.257082;0.349087;
0.103700;1.000000;0.887711;0.587393;0.249157;0.342113;
0.103720;1.000000;0.890243;0.589777;0.241253;0.335115;
0.103740;1.000000;0.893067;0.592301;0.233373;0.328086;
0.103760;1.000000;0.896158;0.594941;0.225520;0.321023;
0.103780;1.000000;0.899486;0.597670;0.217696;0.313921;
0.103800;1.000000;0.903020;0.600462;0.209903;0.306777;
0.103820;1.000000;0.906725;0.603287;0.202143;0.299587;
0.103840;1.000000;0.910566;0.606118;0.194417;0.292348;
0.103860;1.000000;0.914505;0.608925;0.186724;0.285056;
0.103880;1.000000;0.918504;0.611679;0.179065;0.277711;
0.103900;1.000000;0.922523;0.614351;0.171439;0.270310;
0.103920;0.999999;0.926522;0.616914;0.163845;0.262851;
0.103940;0.999999;0.930463;0.619339;0.156282;0.255334;
0.103960;0.999999;0.934306;0.621602;0.148748;0.247758;
0.103980;0.999999;0.938013;0.623680;0.141240;0.240124;
0.104000;0.999999;0.941547;0.625549;0.133755;0.232431;
0.104020;0.999999;0.944874;0.627190;0.126291;0.224681;
0.104040;0.999999;0.947960;0.628587;0.118844;0.216875;
0.104060;0.999999;0.950776;0.629724;0.111409;0.209013;
0.104080;0.999999;0.953293;0.630591;0.103983;0.201100;
0.104100;0.999999;0.955487;0.631179;0.096561;0.193136;
0.104120;0.999999;0.957337;0.631482;0.089140;0.185125;
0.104140;0.999999;0.958825;0.631498;0.081713;0.177069;
0.104160;0.999999;0.959936;0.631228;0.074278;0.168972;
0.104180;0.999999;0.960661;0.630676;0.066828;0.160837;
0.104200;0.999999;0.960993;0.629848;0.059359;0.152667;
0.104220;0.999999;0.960930;0.628754;0.051868;0.144466;
0.104240;0.999999;0.960474;0.627407;0.044348;0.136238;
0.104260;0.999999;0.959630;0.625823;0.036796;0.127987;
0.104280;0.999999;0.958409;0.624018;0.029209;0.119716;
0.104300;0.999999;0.956824;0.622012;0.021581;0.111428;
0.104320;0.999999;0.954893;0.619826;0.013910;0.103128;
0.104340;0.999999;0.952636;0.617485;0.006194;0.094819;
0.104360;0.999999;0.950077;0.615012;-0.001572;0.086504;
0.104380;0.999999;0.947245;0.612433;-0.009390;0.078186;
0.104400;0.999999;0.944169;0.609775;-0.017260;0.069868;
0.104420;0.999999;0.940882;0.607064;-0.025185;0.061552;
0.104440;0.999999;0.937419;0.604329;-0.033166;0.053242;
0.104460;0.999999;0.933817;0.601596;-0.041202;0.044939;
0.104480;0.999999;0.930113;0.598892;-0.049295;0.036645;
0.104500;0.999999;0.926346;0.596245;-0.057443;0.028361;
0.104520;0.999999;0.922557;0.593679;-0.065647;0.020089;
0.104540;0.999999;0.918784;0.591219;-0.073903;0.011829;
0.104560;0.999999;0.915068;0.588890;-0.082211;0.003582;
0.104580;0.999999;0.911447;0.586713;-0.090569;-0.004652;
0.104600;0.999999;0.907960;0.584708;-0.098973;-0.012873;
0.104620;0.999999;0.904641;0.582896;-0.107422;-0.021082;
0.104640;0.999999;0.901526;0.581291;-0.115911;-0.029278;
0.104660;0.999999;0.898648;0.579909;-0.124438;-0.037463;
0.104680;0.999999;0.896034;0.578763;-0.132998;-0.045639;
0.104700;0.999999;0.893713;0.577863;-0.141588;-0.053805;
0.104720;1.000000;0.891707;0.577216;-0.150203;-0.061965;
0.104740;1.000000;0.890036;0.576828;-0.158840;-0.070120;
0.104760;1.000000;0.888718;0.576701;-0.167494;-0.078271;
0.104780;1.000000;0.887763;0.576835;-0.176160;-0.086421;
0.104800;1.000000;0.887182;0.577229;-0.184835;-0.094572;
0.104820;1.000000;0.886979;0.577875;-0.193514;-0.102725;
0.104840;1.000000;0.887153;0.578767;-0.202193;-0.110883;
0.104860;1.000000;0.887702;0.579895;-0.210868;-0.119048;
0.104880;1.000000;0.888618;0.581244;-0.219535;-0.127221;
0.104900;1.000000;0.889890;0.582801;-0.228191;-0.135405;
0.104920;1.000000;0.891503;0.584548;-0.236831;-0.143602;
0.104940;0.999999;0.893438;0.586465;-0.245453;-0.151813;
0.104960;0.999999;0.895672;0.588530;-0.254054;-0.160039;
0.104980;0.999999;0.898181;0.590721;-0.262630;-0.168282;
0.105000;0.999999;0.900938;0.593013;-0.271181;-0.176544;
0.105020;0.999999;0.903910;0.595381;-0.279703;-0.184824;
0.105040;0.999999;0.907066;0.597797;-0.288195;-0.193124;
0.105060;0.999999;0.910371;0.600234;-0.296656;-0.201445;
0.105080;0.999999;0.913789;0.602666;-0.305084;-0.209785;
0.105100;0.999999;0.917283;0.605065;-0.313479;-0.218145;
0.105120;0.999999;0.920816;0.607404;-0.321840;-0.226525;
0.105140;0.999999;0.924348;0.609655;-0.330167;-0.234924;
0.105160;0.999999;0.927843;0.611796;-0.338460;-0.243341;
0.105180;0.999999;0.931262;0.613800;-0.346719;-0.251775;
0.105200;0.999999;0.934569;0.615646;-0.354945;-0.260225;
0.105220;0.999999;0.937729;0.617315;-0.363139;-0.268688;
0.105240;0.999999;0.940708;0.618786;-0.371301;-0.277164;
0.105260;0.999999;0.943475;0.620045;-0.379432;-0.285649;
0.105280;0.999999;0.945999;0.621079;-0.387534;-0.294142;
0.105300;0.999999;0.948254;0.621876;-0.395607;-0.302640;
0.105320;0.999999;0.950217;0.622429;-0.403654;-0.311140;
0.105340;0.999999;0.951867;0.622734;-0.411675;-0.319640;
0.105360;0.999999;0.953186;0.622787;-0.419672;-0.328136;
0.105380;0.999999;0.954160;0.622591;-0.427646;-0.336626;
0.105400;0.999999;0.954780;0.622149;-0.435598;-0.345107;
0.105420;0.999999;0.955040;0.621468;-0.443528;-0.353576;
0.105440;0.999999;0.954937;0.620556;-0.451439;-0.362029;
0.105460;0.999999;0.954473;0.619426;-0.459332;-0.370464;
0.105480;0.999999;0.953653;0.618092;-0.467205;-0.378876;
0.105500;0.999999;0.952487;0.616569;-0.475061;-0.387264;
0.105520;0.999999;0.950988;0.614875;-0.482900;-0.395624;
0.105540;0.999999;0.949171;0.613031;-0.490721;-0.403954;
0.105560;0.999999;0.947059;0.611057;-0.498524;-0.412250;
0.105580;0.999999;0.944673;0.608974;-0.506310;-0.420510;
0.105600;0.999999;0.942039;0.606807;-0.514078;-0.428731;
0.105620;0.999999;0.939186;0.604577;-0.521827;-0.436911;
0.105640;0.999999;0.936146;0.602310;-0.529556;-0.445048;
0.105660;0.999999;0.932950;0.600028;-0.537264;-0.453140;
0.105680;0.999999;0.929634;0.597755;-0.544950;-0.461184;
0.105700;0.999999;0.926232;0.595514;-0.552613;-0.469179;
0.105720;0.999999;0.922781;0.593329;-0.560250;-0.477124;
0.105740;0.999999;0.919317;0.591220;-0.567861;-0.485017;
0.105760;0.999999;0.915876;0.589208;-0.575443;-0.492857;
0.105780;0.999999;0.912495;0.587313;-0.582995;-0.500643;
0.105800;0.999999;0.909209;0.585553;-0.590514;-0.508375;
0.105820;0.999999;0.906050;0.583946;-0.597998;-0.516051;
0.105840;0.999999;0.903051;0.582505;-0.605446;-0.523671;
0.105860;1.000000;0.900243;0.581246;-0.612856;-0.531236;
0.105880;1.000000;0.897651;0.580179;-0.620224;-0.538745;
0.105900;1.000000;0.895303;0.579314;-0.627550;-0.546197;
0.105920;1.000000;0.893220;0.578659;-0.634832;-0.553595;
0.105940;1.000000;0.891422;0.578221;-0.642067;-0.560936;
0.105960;1.000000;0.889924;0.578003;-0.649255;-0.568223;
0.105980;1.000000;0.888739;0.578006;-0.656393;-0.575456;
0.106000;1.000000;0.887878;0.578231;-0.663480;-0.582635;
0.106020;1.000000;0.887347;0.578674;-0.670515;-0.589762;
0.106040;1.000000;0.887147;0.579331;-0.677496;-0.596836;
0.106060;1.000000;0.887279;0.580195;-0.684424;-0.603859;
0.106080;1.000000;0.887739;0.581258;-0.691297;-0.610833;
0.106100;1.000000;0.888519;0.582507;-0.698115;-0.617757;
0.106120;1.000000;0.889609;0.583929;-0.704877;-0.624634;
0.106140;1.000000;0.890996;0.585511;-0.711583;-0.631464;
0.106160;1.000000;0.892663;0.587235;-0.718235;-0.638248;
0.106180;1.000000;0.894593;0.589082;-0.724831;-0.644988;
0.106200;1.000000;0.896763;0.591034;-0.731372;-0.651685;
0.106220;1.000000;0.899150;0.593068;-0.737860;-0.658339;
0.106240;1.000000;0.901729;0.595164;-0.744295;-0.664953;
0.106260;1.000000;0.904472;0.597298;-0.750677;-0.671527;
0.106280;1.000000;0.907351;0.599446;-0.757009;-0.678062;
0.106300;0.999999;0.910335;0.601586;-0.763290;-0.684560;
0.106320;0.999999;0.913392;0.603693;-0.769524;-0.691021;
0.106340;0.999999;0.916493;0.605745;-0.775710;-0.697447;
0.106360;0.999999;0.919604;0.607718;-0.781851;-0.703839;
0.106380;0.999999;0.922693;0.609592;-0.787948;-0.710198;
0.106400;0.999999;0.925729;0.611345;-0.794002;-0.716525;
0.106420;0.999999;0.928679;0.612958;-0.800016;-0.722821;
0.106440;0.999999;0.931515;0.614414;-0.805991;-0.729087;
0.106460;0.999999;0.934206;0.615698;-0.811928;-0.735324;
0.106480;0.999999;0.936726;0.616796;-0.817828;-0.741533;
0.106500;0.999999;0.939048;0.617698;-0.823694;-0.747715;
0.106520;0.999999;0.941149;0.618394;-0.829526;-0.753871;
0.106540;0.999999;0.943008;0.618879;-0.835326;-0.760002;
0.106560;0.999999;0.944607;0.619150;-0.841095;-0.766108;
0.106580;0.999999;0.945929;0.619205;-0.846834;-0.772191;
0.106600;0.999999;0.946963;0.619046;-0.852544;-0.778250;
0.106620;0.999999;0.947698;0.618679;-0.858225;-0.784288;
0.106640;0.999999;0.948130;0.618108;-0.863879;-0.790305;
0.106660;0.999999;0.948254;0.617344;-0.869506;-0.796301;
0.106680;0.999999;0.948072;0.616397;-0.875107;-0.802277;
0.106700;0.999999;0.947589;0.615281;-0.880681;-0.808234;
0.106720;0.999999;0.946811;0.614009;-0.886230;-0.814173;
0.106740;0.999999;0.945750;0.612599;-0.891753;-0.820093;
0.106760;0.999999;0.944418;0.611068;-0.897250;-0.825996;
0.106780;0.999999;0.942834;0.609434;-0.902722;-0.831882;
0.106800;0.999999;0.941017;0.607716;-0.908167;-0.837751;
0.106820;0.999999;0.938988;0.605934;-0.913587;-0.843604;
0.106840;0.999999;0.936772;0.604107;-0.918981;-0.849440;
0.106860;0.999999;0.934395;0.602255;-0.924348;-0.855261;
0.106880;0.999999;0.931884;0.600399;-0.929689;-0.861065;
0.106900;0.999999;0.929267;0.598556;-0.935003;-0.866854;
0.106920;0.999999;0.926576;0.596745;-0.940289;-0.872628;
0.106940;0.999999;0.923838;0.594984;-0.945548;-0.878385;
0.106960;0.999999;0.921084;0.593290;-0.950780;-0.884126;
0.106980;0.999999;0.918344;0.591678;-0.955983;-0.889851;
0.107000;1.000000;0.915645;0.590163;-0.961159;-0.895560;
0.107020;1.000000;0.913017;0.588758;-0.966307;-0.901252;
0.107040;1.000000;0.910484;0.587475;-0.971427;-0.906926;
0.107060;1.000000;0.908073;0.586324;-0.976519;-0.912582;
0.107080;1.000000;0.905805;0.585314;-0.981584;-0.918220;
0.107100;1.000000;0.903702;0.584454;-0.986621;-0.923838;
0.107120;1.000000;0.901781;0.583748;-0.991631;-0.929436;
0.107140;1.000000;0.900060;0.583202;-0.996615;-0.935014;
0.107160;1.000000;0.898551;0.582818;-1.001572;-0.940570;
0.107180;1.000000;0.897266;0.582598;-1.006504;-0.946104;
0.107200;1.000000;0.896213;0.582542;-1.011411;-0.951614;
0.107220;1.000000;0.895398;0.582649;-1.016293;-0.957101;
0.107240;1.000000;0.894826;0.582914;-1.021153;-0.962562;
0.107260;1.000000;0.894496;0.583335;-1.025989;-0.967997;
0.107280;1.000000;0.894407;0.583904;-1.030804;-0.973405;
0.107300;1.000000;0.894556;0.584615;-1.035597;-0.978784;
0.107320;1.000000;0.894938;0.585458;-1.040370;-0.984135;
0.107340;1.000000;0.895543;0.586424;-1.045123;-0.989456;
0.107360;1.000000;0.896363;0.587502;-1.049858;-0.994747;
0.107380;1.000000;0.897386;0.588678;-1.054575;-1.000006;
0.107400;1.000000;0.898599;0.589941;-1.059273;-1.005233;
0.107420;1.000000;0.899986;0.591275;-1.063955;-1.010426;
0.107440;1.000000;0.901533;0.592666;-1.068621;-1.015586;
0.107460;1.000000;0.903220;0.594097;-1.073270;-1.020712;
0.107480;1.000000;0.905030;0.595555;-1.077903;-1.025803;
0.107500;1.000000;0.906943;0.597021;-1.082520;-1.030859;
0.107520;1.000000;0.908938;0.598481;-1.087121;-1.035880;
0.107540;1.000000;0.910995;0.599917;-1.091705;-1.040865;
0.107560;1.000000;0.913092;0.601316;-1.096273;-1.045814;
0.107580;1.000000;0.915207;0.602661;-1.100823;-1.050726;
0.107600;1.000000;0.917319;0.603939;-1.105355;-1.055603;
0.107620;1.000000;0.919405;0.605137;-1.109869;-1.060444;
0.107640;1.000000;0.921445;0.606243;-1.114361;-1.065248;
0.107660;0.999999;0.923417;0.607246;-1.118833;-1.070017;
0.107680;0.999999;0.925302;0.608138;-1.123282;-1.074750;
0.107700;0.999999;0.927082;0.608911;-1.127706;-1.079448;
0.107720;0.999999;0.928738;0.609560;-1.132104;-1.084111;
0.107740;0.999999;0.930255;0.610082;-1.136474;-1.088740;
0.107760;0.999999;0.931620;0.610473;-1.140814;-1.093334;
0.107780;0.999999;0.932818;0.610734;-1.145123;-1.097894;
0.107800;0.999999;0.933842;0.610868;-1.149397;-1.102421;
0.107820;0.999999;0.934682;0.610877;-1.153635;-1.106915;
0.107840;0.999999;0.935334;0.610767;-1.157834;-1.111376;
0.107860;0.999999;0.935795;0.610544;-1.161993;-1.115804;
0.107880;0.999999;0.936065;0.610217;-1.166109;-1.120200;
0.107900;0.999999;0.936145;0.609794;-1.170180;-1.124564;
0.107920;0.999999;0.936040;0.609286;-1.174203;-1.128896;
0.107940;0.999999;0.935758;0.608704;-1.178176;-1.133196;
0.107960;0.999999;0.935308;0.608060;-1.182098;-1.137464;
0.107980;0.999999;0.934701;0.607365;-1.185967;-1.141700;
0.108000;0.999999;0.933951;0.606632;-1.189780;-1.145904;
0.108020;0.999999;0.933073;0.605873;-1.193536;-1.150075;
0.108040;0.999999;0.932083;0.605100;-1.197233;-1.154213;
0.108060;0.999999;0.931000;0.604325;-1.200871;-1.158316;
0.108080;0.999999;0.929842;0.603557;-1.204447;-1.162386;
0.108100;0.999999;0.928627;0.602809;-1.207961;-1.166419;
0.108120;0.999999;0.927376;0.602089;-1.211411;-1.170416;
0.108140;0.999999;0.926107;0.601406;-1.214798;-1.174376;
0.108160;0.999999;0.924840;0.600767;-1.218121;-1.178297;
0.108180;0.999999;0.923591;0.600180;-1.221379;-1.182177;
0.108200;0.999999;0.922379;0.599649;-1.224572;-1.186016;
0.108220;0.999999;0.921218;0.599180;-1.227700;-1.189812;
0.108240;0.999999;0.920123;0.598776;-1.230764;-1.193563;
0.108260;0.999999;0.919106;0.598440;-1.233764;-1.197268;
0.108280;0.999999;0.918179;0.598174;-1.236701;-1.200924;
0.108300;0.999999;0.917349;0.597978;-1.239574;-1.204530;
0.108320;0.999999;0.916625;0.597852;-1.242386;-1.208084;
0.108340;0.999999;0.916011;0.597796;-1.245136;-1.211584;
0.108360;0.999999;0.915511;0.597808;-1.247826;-1.215029;
0.108380;0.999999;0.915127;0.597886;-1.250457;-1.218415;
0.108400;0.999999;0.914858;0.598026;-1.253030;-1.221742;
0.108420;0.999999;0.914702;0.598227;-1.255545;-1.225008;
0.108440;0.999999;0.914658;0.598484;-1.258004;-1.228210;
0.108460;0.999999;0.914720;0.598793;-1.260408;-1.231347;
0.108480;0.999999;0.914884;0.599148;-1.262757;-1.234418;
0.108500;0.999999;0.915144;0.599545;-1.265053;-1.237420;
0.108520;0.999999;0.915494;0.599979;-1.267295;-1.240353;
0.108540;0.999999;0.915926;0.600442;-1.269486;-1.243216;
0.108560;0.999999;0.916432;0.600930;-1.271625;-1.246006;
0.108580;0.999999;0.917005;0.601436;-1.273713;-1.248723;
0.108600;0.999999;0.917636;0.601952;-1.275749;-1.251366;
0.108620;0.999999;0.918319;0.602472;-1.277734;-1.253934;
0.108640;0.999999;0.919043;0.602989;-1.279667;-1.256427;
0.108660;0.999999;0.919801;0.603495;-1.281549;-1.258844;
0.108680;0.999999;0.920585;0.603984;-1.283378;-1.261185;
0.108700;0.999999;0.921386;0.604448;-1.285154;-1.263450;
0.108720;0.999999;0.922196;0.604880;-1.286876;-1.265639;
0.108740;0.999999;0.923006;0.605273;-1.288543;-1.267753;
0.108760;0.999999;0.923810;0.605622;-1.290154;-1.269791;
0.108780;0.999999;0.924598;0.605920;-1.291706;-1.271753;
0.108800;0.999999;0.925363;0.606162;-1.293200;-1.273642;
0.108820;0.999999;0.926096;0.606343;-1.294632;-1.275457;
0.108840;0.999999;0.926791;0.606459;-1.296002;-1.277199;
0.108860;0.999999;0.927440;0.606509;-1.297307;-1.278870;
0.108880;0.999999;0.928035;0.606489;-1.298546;-1.280470;
0.108900;0.999999;0.928571;0.606399;-1.299717;-1.282000;
0.108920;0.999999;0.929042;0.606239;-1.300817;-1.283461;
0.108940;0.999999;0.929441;0.606010;-1.301845;-1.284856;
0.108960;0.999999;0.929765;0.605715;-1.302799;-1.286184;
0.108980;0.999999;0.930009;0.605357;-1.303678;-1.287447;
0.109000;0.999999;0.930171;0.604941;-1.304479;-1.288647;
0.109020;0.999999;0.930250;0.604473;-1.305201;-1.289784;
0.109040;0.999999;0.930244;0.603958;-1.305844;-1.290860;
0.109060;0.999999;0.930155;0.603405;-1.306404;-1.291875;
0.109080;0.999999;0.929985;0.602821;-1.306883;-1.292832;
0.109100;0.999999;0.929736;0.602214;-1.307278;-1.293729;
0.109120;0.999999;0.929414;0.601594;-1.307590;-1.294570;
0.109140;0.999999;0.929024;0.600969;-1.307818;-1.295353;
0.109160;0.999999;0.928573;0.600347;-1.307962;-1.296081;
0.109180;0.999999;0.928070;0.599738;-1.308023;-1.296753;
0.109200;0.999999;0.927522;0.599150;-1.308000;-1.297370;
0.109220;0.999999;0.926941;0.598591;-1.307895;-1.297932;
0.109240;0.999999;0.926336;0.598067;-1.307710;-1.298440;
0.109260;0.999999;0.925717;0.597585;-1.307444;-1.298894;
0.109280;0.999999;0.925095;0.597151;-1.307101;-1.299294;
0.109300;0.999999;0.924480;0.596767;-1.306681;-1.299639;
0.109320;0.999999;0.923883;0.596439;-1.306188;-1.299930;
0.109340;0.999999;0.923312;0.596167;-1.305623;-1.300166;
0.109360;0.999999;0.922777;0.595952;-1.304989;-1.300348;
0.109380;0.999999;0.922285;0.595795;-1.304289;-1.300475;
0.109400;0.999999;0.921841;0.595694;-1.303526;-1.300546;
0.109420;0.999999;0.921450;0.595646;-1.302702;-1.300561;
0.109440;0.999999;0.921117;0.595649;-1.301822;-1.300521;
0.109460;0.999999;0.920842;0.595697;-1.300887;-1.300424;
0.109480;0.999999;0.920625;0.595786;-1.299902;-1.300270;
0.109500;1.000000;0.920465;0.595911;-1.298869;-1.300059;
0.109520;1.000000;0.920358;0.596065;-1.297792;-1.299790;
0.109540;1.000000;0.920300;0.596241;-1.296673;-1.299464;
0.109560;1.000000;0.920286;0.596434;-1.295517;-1.299081;
0.109580;1.000000;0.920308;0.596635;-1.294325;-1.298640;
0.109600;1.000000;0.920357;0.596839;-1.293100;-1.298141;
0.109620;1.000000;0.920426;0.597038;-1.291845;-1.297586;
0.109640;1.000000;0.920506;0.597225;-1.290563;-1.296973;
0.109660;1.000000;0.920586;0.597396;-1.289255;-1.296304;
0.109680;1.000000;0.920657;0.597543;-1.287922;-1.295579;
0.109700;1.000000;0.920710;0.597661;-1.286567;-1.294799;
0.109720;1.000000;0.920736;0.597746;-1.285191;-1.293965;
0.109740;1.000000;0.920727;0.597794;-1.283794;-1.293079;
0.109760;1.000000;0.920676;0.597799;-1.282378;-1.292140;
0.109780;1.000000;0.920575;0.597760;-1.280942;-1.291151;
0.109800;1.000000;0.920420;0.597674;-1.279486;-1.290113;
0.109820;1.000000;0.920205;0.597538;-1.278011;-1.289027;
0.109840;1.000000;0.919928;0.597352;-1.276515;-1.287896;
0.109860;1.000000;0.919586;0.597116;-1.274997;-1.286721;
0.109880;1.000000;0.919180;0.596828;-1.273457;-1.285503;
0.109900;1.000000;0.918708;0.596490;-1.271893;-1.284246;
0.109920;1.000000;0.918172;0.596104;-1.270303;-1.282950;
0.109940;1.000000;0.917576;0.595671;-1.268685;-1.281618;
0.109960;1.000000;0.916921;0.595193;-1.267037;-1.280252;
0.109980;1.000000;0.916213;0.594675;-1.265358;-1.278854;
0.110000;1.000000;0.915456;0.594121;-1.263644;-1.277425;
0.110020;1.000000;0.914656;0.593534;-1.261894;-1.275968;
0.110040;1.000000;0.913819;0.592921;-1.260104;-1.274485;
0.110060;1.000000;0.912952;0.592288;-1.258274;-1.272976;
0.110080;1.000000;0.912063;0.591640;-1.256399;-1.271444;
0.110100;1.000000;0.911158;0.590986;-1.254479;-1.269891;
0.110120;1.000000;0.910246;0.590333;-1.252510;-1.268316;
0.110140;1.000000;0.909334;0.589690;-1.250492;-1.266722;
0.110160;1.000000;0.908432;0.589065;-1.248421;-1.265110;
0.110180;1.000000;0.907547;0.588467;-1.246297;-1.263479;
0.110200;1.000000;0.906688;0.587907;-1.244117;-1.261831;
0.110220;1.000000;0.905865;0.587394;-1.241881;-1.260165;
0.110240;1.000000;0.905086;0.586936;-1.239589;-1.258483;
0.110260;1.000000;0.904360;0.586545;-1.237238;-1.256783;
0.110280;1.000000;0.903696;0.586229;-1.234829;-1.255064;
0.110300;1.000000;0.903104;0.585997;-1.232363;-1.253328;
0.110320;1.000000;0.902593;0.585858;-1.229839;-1.251571;
0.110340;1.000000;0.902173;0.585819;-1.227258;-1.249794;
0.110360;1.000000;0.901851;0.585887;-1.224621;-1.247995;
0.110380;1.000000;0.901636;0.586067;-1.221930;-1.246172;
0.110400;1.000000;0.901537;0.586364;-1.219186;-1.244324;
0.110420;1.000000;0.901561;0.586781;-1.216391;-1.242449;
0.110440;1.000000;0.901715;0.587319;-1.213547;-1.240544;
0.110460;1.000000;0.902003;0.587980;-1.210657;-1.238607;
0.110480;1.000000;0.902432;0.588761;-1.207722;-1.236636;
0.110500;1.000000;0.903004;0.589660;-1.204747;-1.234630;
0.110520;1.000000;0.903721;0.590671;-1.201734;-1.232584;
0.110540;1.000000;0.904582;0.591788;-1.198685;-1.230498;
0.110560;1.000000;0.905587;0.593003;-1.195605;-1.228368;
0.110580;1.000000;0.906732;0.594307;-1.192496;-1.226192;
0.110600;1.000000;0.908010;0.595689;-1.189360;-1.223967;
0.110620;1.000000;0.909414;0.597136;-1.186202;-1.221693;
0.110640;1.000000;0.910935;0.598636;-1.183025;-1.219365;
0.110660;1.000000;0.912561;0.600173;-1.179830;-1.216983;
0.110680;1.000000;0.914279;0.601733;-1.176620;-1.214544;
0.110700;1.000000;0.916072;0.603301;-1.173398;-1.212048;
0.110720;1.000000;0.917925;0.604860;-1.170167;-1.209492;
0.110740;1.000000;0.919818;0.606394;-1.166927;-1.206875;
0.110760;1.000000;0.921733;0.607887;-1.163680;-1.204196;
0.110780;1.000000;0.923649;0.609325;-1.160428;-1.201455;
0.110800;1.000000;0.925545;0.610691;-1.157170;-1.198652;
0.110820;1.000000;0.927401;0.611971;-1.153908;-1.195785;
0.110840;1.000000;0.929195;0.613152;-1.150641;-1.192856;
0.110860;1.000000;0.930908;0.614223;-1.147369;-1.189864;
0.110880;1.000000;0.932518;0.615170;-1.144091;-1.186811;
0.110900;1.000000;0.934008;0.615986;-1.140805;-1.183697;
0.110920;1.000000;0.935361;0.616661;-1.137510;-1.180522;
0.110940;1.000000;0.936559;0.617189;-1.134203;-1.177290;
0.110960;1.000000;0.937591;0.617565;-1.130883;-1.174001;
0.110980;1.000000;0.938442;0.617785;-1.127545;-1.170657;
0.111000;1.000000;0.939105;0.617847;-1.124187;-1.167260;
0.111020;0.999999;0.939571;0.617752;-1.120804;-1.163812;
0.111040;0.999999;0.939835;0.617501;-1.117394;-1.160315;
0.111060;0.999999;0.939896;0.617096;-1.113951;-1.156772;
0.111080;0.999999;0.939752;0.616543;-1.110472;-1.153186;
0.111100;0.999999;0.939405;0.615847;-1.106952;-1.149557;
0.111120;0.999999;0.938862;0.615016;-1.103386;-1.145890;
0.111140;0.999999;0.938129;0.614058;-1.099770;-1.142186;
0.111160;0.999999;0.937214;0.612985;-1.096098;-1.138447;
0.111180;0.999999;0.936129;0.611806;-1.092366;-1.134676;
0.111200;0.999999;0.934888;0.610535;-1.088570;-1.130874;
0.111220;0.999999;0.933505;0.609184;-1.084704;-1.127044;
0.111240;0.999999;0.931996;0.607767;-1.080765;-1.123186;
0.111260;0.999999;0.930378;0.606299;-1.076748;-1.119304;
0.111280;0.999999;0.928672;0.604795;-1.072650;-1.115396;
0.111300;0.999999;0.926895;0.603271;-1.068468;-1.111465;
0.111320;0.999999;0.925069;0.601743;-1.064197;-1.107511;
0.111340;1.000000;0.923214;0.600227;-1.059835;-1.103533;
0.111360;1.000000;0.921352;0.598740;-1.055381;-1.099533;
0.111380;1.000000;0.919503;0.597296;-1.050832;-1.095509;
0.111400;1.000000;0.917688;0.595914;-1.046186;-1.091461;
0.111420;1.000000;0.915928;0.594607;-1.041444;-1.087387;
0.111440;1.000000;0.914245;0.593391;-1.036604;-1.083286;
0.111460;1.000000;0.912656;0.592280;-1.031667;-1.079156;
0.111480;1.000000;0.911182;0.591288;-1.026633;-1.074995;
0.111500;1.000000;0.909840;0.590427;-1.021503;-1.070801;
0.111520;1.000000;0.908647;0.589707;-1.016280;-1.066570;
0.111540;1.000000;0.907620;0.589138;-1.010965;-1.062300;
0.111560;1.000000;0.906771;0.588728;-1.005560;-1.057988;
0.111580;1.000000;0.906114;0.588485;-1.000069;-1.053630;
0.111600;1.000000;0.905660;0.588411;-0.994496;-1.049222;
0.111620;1.000000;0.905417;0.588511;-0.988843;-1.044761;
0.111640;1.000000;0.905393;0.588784;-0.983115;-1.040243;
0.111660;1.000000;0.905593;0.589229;-0.977316;-1.035664;
0.111680;1.000000;0.906018;0.589843;-0.971451;-1.031020;
0.111700;1.000000;0.906670;0.590620;-0.965523;-1.026308;
0.111720;1.000000;0.907546;0.591552;-0.959539;-1.021523;
0.111740;1.000000;0.908640;0.592630;-0.953503;-1.016662;
0.111760;1.000000;0.909946;0.593841;-0.947420;-1.011722;
0.111780;1.000000;0.911453;0.595172;-0.941294;-1.006699;
0.111800;1.000000;0.913148;0.596607;-0.935130;-1.001590;
0.111820;1.000000;0.915017;0.598130;-0.928934;-0.996393;
0.111840;1.000000;0.917040;0.599723;-0.922708;-0.991104;
0.111860;1.000000;0.919199;0.601365;-0.916457;-0.985723;
0.111880;1.000000;0.921471;0.603036;-0.910185;-0.980248;
0.111900;0.999999;0.923831;0.604716;-0.903896;-0.974677;
0.111920;0.999999;0.926255;0.606382;-0.897592;-0.969009;
0.111940;0.999999;0.928715;0.608014;-0.891276;-0.963244;
0.111960;0.999999;0.931182;0.609589;-0.884951;-0.957383;
0.111980;0.999999;0.933629;0.611088;-0.878617;-0.951425;
0.112000;0.999999;0.936026;0.612489;-0.872277;-0.945373;
0.112020;0.999999;0.938344;0.613773;-0.865931;-0.939227;
0.112040;0.999999;0.940553;0.614923;-0.859580;-0.932989;
0.112060;0.999999;0.942627;0.615922;-0.853223;-0.926663;
0.112080;0.999999;0.944538;0.616755;-0.846860;-0.920251;
0.112100;0.999999;0.946260;0.617409;-0.840490;-0.913756;
0.112120;0.999999;0.947771;0.617873;-0.834111;-0.907183;
0.112140;0.999999;0.949048;0.618139;-0.827721;-0.900535;
0.112160;0.999999;0.950072;0.618198;-0.821318;-0.893817;
0.112180;0.999999;0.950828;0.618049;-0.814900;-0.887034;
0.112200;0.999999;0.951301;0.617687;-0.808462;-0.880190;
0.112220;0.999999;0.951480;0.617114;-0.802004;-0.873292;
0.112240;0.999999;0.951359;0.616333;-0.795519;-0.866344;
0.112260;0.999999;0.950932;0.615348;-0.789006;-0.859352;
0.112280;1.000000;0.950200;0.614168;-0.782461;-0.852322;
0.112300;1.000000;0.949165;0.612800;-0.775879;-0.845260;
0.112320;1.000000;0.947832;0.611258;-0.769257;-0.838170;
0.112340;1.000000;0.946210;0.609553;-0.762591;-0.831059;
0.112360;1.000000;0.944312;0.607701;-0.755878;-0.823932;
0.112380;1.000000;0.942153;0.605720;-0.749114;-0.816794;
0.112400;1.000000;0.939751;0.603626;-0.742296;-0.809650;
0.112420;1.000000;0.937126;0.601439;-0.735421;-0.802506;
0.112440;1.000000;0.934302;0.599179;-0.728486;-0.795365;
0.112460;1.000000;0.931305;0.596868;-0.721490;-0.788231;
0.112480;1.000000;0.928161;0.594528;-0.714429;-0.781109;
0.112500;1.000000;0.924901;0.592180;-0.707304;-0.774001;
0.112520;1.000000;0.921553;0.589848;-0.700113;-0.766911;
0.112540;1.000000;0.918151;0.587553;-0.692855;-0.759840;
0.112560;1.000000;0.914725;0.585318;-0.685530;-0.752791;
0.112580;1.000000;0.911310;0.583165;-0.678140;-0.745765;
0.112600;1.000000;0.907937;0.581116;-0.670684;-0.738763;
0.112620;1.000000;0.904640;0.579191;-0.663165;-0.731786;
0.112640;1.000000;0.901450;0.577410;-0.655585;-0.724833;
0.112660;1.000000;0.898399;0.575792;-0.647946;-0.717904;
0.112680;1.000000;0.895518;0.574353;-0.640252;-0.710998;
0.112700;1.000000;0.892834;0.573110;-0.632506;-0.704113;
0.112720;1.000000;0.890376;0.572077;-0.624711;-0.697248;
0.112740;1.000000;0.888167;0.571265;-0.616873;-0.690400;
0.112760;1.000000;0.886231;0.570685;-0.608997;-0.683567;
0.112780;1.000000;0.884589;0.570345;-0.601086;-0.676746;
0.112800;1.000000;0.883256;0.570251;-0.593147;-0.669933;
0.112820;1.000000;0.882249;0.570406;-0.585185;-0.663124;
0.112840;1.000000;0.881579;0.570811;-0.577206;-0.656318;
0.112860;1.000000;0.881253;0.571464;-0.569215;-0.649508;
0.112880;1.000000;0.881276;0.572362;-0.561219;-0.642693;
0.112900;1.000000;0.881650;0.573498;-0.553223;-0.635866;
0.112920;1.000000;0.882372;0.574862;-0.545232;-0.629026;
0.112940;1.000000;0.883436;0.576443;-0.537253;-0.622167;
0.112960;1.000000;0.884833;0.578226;-0.529291;-0.615286;
0.112980;1.000000;0.886550;0.580196;-0.521351;-0.608379;
0.113000;1.000000;0.888569;0.582334;-0.513438;-0.601443;
0.113020;1.000000;0.890872;0.584619;-0.505556;-0.594475;
0.113040;1.000000;0.893435;0.587030;-0.497710;-0.587471;
0.113060;1.000000;0.896233;0.589541;-0.489902;-0.580428;
0.113080;1.000000;0.899238;0.592129;-0.482136;-0.573345;
0.113100;1.000000;0.902418;0.594766;-0.474415;-0.566220;
0.113120;1.000000;0.905741;0.597427;-0.466741;-0.559050;
0.113140;1.000000;0.909172;0.600084;-0.459116;-0.551836;
0.113160;1.000000;0.912677;0.602709;-0.451540;-0.544575;
0.113180;1.000000;0.916219;0.605277;-0.444013;-0.537268;
0.113200;1.000000;0.919760;0.607759;-0.436536;-0.529915;
0.113220;1.000000;0.923264;0.610130;-0.429108;-0.522516;
0.113240;1.000000;0.926694;0.612367;-0.421727;-0.515073;
0.113260;1.000000;0.930014;0.614445;-0.414391;-0.507587;
0.113280;1.000000;0.933189;0.616344;-0.407099;-0.500059;
0.113300;1.000000;0.936187;0.618045;-0.399847;-0.492493;
0.113320;1.000000;0.938975;0.619531;-0.392632;-0.484889;
0.113340;1.000000;0.941525;0.620786;-0.385449;-0.477253;
0.113360;1.000000;0.943810;0.621800;-0.378296;-0.469586;
0.113380;1.000000;0.945807;0.622563;-0.371167;-0.461891;
0.113400;1.000000;0.947494;0.623068;-0.364058;-0.454174;
0.113420;1.000000;0.948855;0.623312;-0.356963;-0.446437;
0.113440;1.000000;0.949876;0.623294;-0.349878;-0.438685;
0.113460;1.000000;0.950546;0.623016;-0.342797;-0.430921;
0.113480;1.000000;0.950859;0.622484;-0.335715;-0.423151;
0.113500;1.000000;0.950813;0.621706;-0.328627;-0.415377;
0.113520;1.000000;0.950410;0.620690;-0.321527;-0.407603;
0.113540;1.000000;0.949653;0.619451;-0.314410;-0.399835;
0.113560;1.000000;0.948552;0.618004;-0.307271;-0.392075;
0.113580;1.000000;0.947119;0.616365;-0.300106;-0.384328;
0.113600;1.000000;0.945371;0.614553;-0.292910;-0.376596;
0.113620;1.000000;0.943327;0.612591;-0.285679;-0.368882;
0.113640;1.000000;0.941010;0.610499;-0.278409;-0.361190;
0.113660;1.000000;0.938445;0.608301;-0.271097;-0.353522;
0.113680;1.000000;0.935660;0.606022;-0.263739;-0.345880;
0.113700;1.000000;0.932686;0.603687;-0.256334;-0.338265;
0.113720;1.000000;0.929556;0.601322;-0.248880;-0.330679;
0.113740;1.000000;0.926304;0.598951;-0.241374;-0.323123;
0.113760;1.000000;0.922965;0.596602;-0.233816;-0.315597;
0.113780;1.000000;0.919576;0.594298;-0.226205;-0.308101;
0.113800;1.000000;0.916174;0.592066;-0.218541;-0.300634;
0.113820;1.000000;0.912798;0.589929;-0.210826;-0.293196;
0.113840;1.000000;0.909484;0.587910;-0.203059;-0.285785;
0.113860;1.000000;0.906268;0.586031;-0.195242;-0.278399;
0.113880;1.000000;0.903187;0.584312;-0.187377;-0.271037;
0.113900;1.000000;0.900275;0.582772;-0.179466;-0.263695;
0.113920;1.000000;0.897565;0.581429;-0.171513;-0.256371;
0.113940;1.000000;0.895086;0.580297;-0.163519;-0.249061;
0.113960;1.000000;0.892868;0.579389;-0.155488;-0.241761;
0.113980;1.000000;0.890936;0.578716;-0.147424;-0.234469;
0.114000;1.000000;0.889313;0.578286;-0.139330;-0.227179;
0.114020;1.000000;0.888016;0.578104;-0.131210;-0.219889;
0.114040;1.000000;0.887064;0.578175;-0.123068;-0.212592;
0.114060;1.000000;0.886466;0.578499;-0.114908;-0.205285;
0.114080;1.000000;0.886233;0.579073;-0.106734;-0.197964;
0.114100;1.000000;0.886368;0.579892;-0.098550;-0.190623;
0.114120;1.000000;0.886871;0.580950;-0.090360;-0.183259;
0.114140;1.000000;0.887740;0.582237;-0.082167;-0.175867;
0.114160;1.000000;0.888968;0.583739;-0.073974;-0.168443;
0.114180;1.000000;0.890542;0.585441;-0.065786;-0.160983;
0.114200;1.000000;0.892448;0.587327;-0.057605;-0.153483;
0.114220;1.000000;0.894667;0.589376;-0.049433;-0.145939;
0.114240;1.000000;0.897178;0.591568;-0.041274;-0.138349;
0.114260;1.000000;0.899955;0.593878;-0.033128;-0.130709;
0.114280;1.000000;0.902971;0.596282;-0.024998;-0.123017;
0.114300;1.000000;0.906194;0.598753;-0.016884;-0.115270;
0.114320;1.000000;0.909592;0.601266;-0.008788;-0.107466;
0.114340;1.000000;0.913130;0.603791;-0.000710;-0.099605;
0.114360;1.000000;0.916772;0.606302;0.007350;-0.091685;
0.114380;1.000000;0.920479;0.608770;0.015392;-0.083706;
0.114400;1.000000;0.924215;0.611167;0.023419;-0.075666;
0.114420;1.000000;0.927941;0.613467;0.031429;-0.067568;
0.114440;1.000000;0.931616;0.615643;0.039426;-0.059410;
0.114460;1.000000;0.935205;0.617671;0.047411;-0.051195;
0.114480;1.000000;0.938669;0.619529;0.055386;-0.042923;
0.114500;1.000000;0.941972;0.621194;0.063354;-0.034597;
0.114520;1.000000;0.945080;0.622649;0.071317;-0.026219;
0.114540;1.000000;0.947960;0.623876;0.079279;-0.017791;
0.114560;1.000000;0.950583;0.624862;0.087241;-0.009316;
0.114580;1.000000;0.952921;0.625597;0.095208;-0.000797;
0.114600;1.000000;0.954949;0.626071;0.103182;0.007763;
0.114620;1.000000;0.956647;0.626280;0.111167;0.016359;
0.114640;1.000000;0.957995;0.626221;0.119166;0.024989;
0.114660;1.000000;0.958981;0.625896;0.127181;0.033648;
0.114680;1.000000;0.959594;0.625309;0.135216;0.042333;
0.114700;1.000000;0.959826;0.624465;0.143274;0.051039;
0.114720;1.000000;0.959676;0.623375;0.151357;0.059763;
0.114740;1.000000;0.959144;0.622050;0.159467;0.068500;
0.114760;1.000000;0.958236;0.620506;0.167607;0.077246;
0.114780;1.000000;0.956961;0.618759;0.175778;0.085998;
0.114800;1.000000;0.955332;0.616828;0.183982;0.094751;
0.114820;1.000000;0.953367;0.614734;0.192219;0.103503;
0.114840;1.000000;0.951084;0.612499;0.200491;0.112249;
0.114860;1.000000;0.948508;0.610145;0.208798;0.120986;
0.114880;1.000000;0.945665;0.607699;0.217139;0.129711;
0.114900;1.000000;0.942586;0.605184;0.225514;0.138421;
0.114920;1.000000;0.939300;0.602627;0.233923;0.147113;
0.114940;1.000000;0.935844;0.600053;0.242363;0.155786;
0.114960;1.000000;0.932252;0.597487;0.250834;0.164436;
0.114980;1.000000;0.928561;0.594956;0.259332;0.173062;
0.115000;1.000000;0.924810;0.592483;0.267856;0.181663;
0.115020;1.000000;0.921038;0.590094;0.276403;0.190236;
0.115040;1.000000;0.917282;0.587810;0.284970;0.198782;
0.115060;1.000000;0.913583;0.585653;0.293553;0.207299;
0.115080;1.000000;0.909976;0.583645;0.302148;0.215786;
0.115100;1.000000;0.906499;0.581803;0.310753;0.224243;
0.115120;1.000000;0.903188;0.580146;0.319362;0.232671;
0.115140;1.000000;0.900075;0.578688;0.327972;0.241068;
0.115160;1.000000;0.897191;0.577443;0.336578;0.249437;
0.115180;1.000000;0.894566;0.576422;0.345176;0.257776;
0.115200;1.000000;0.892223;0.575635;0.353762;0.266086;
0.115220;1.000000;0.890187;0.575088;0.362332;0.274369;
0.115240;1.000000;0.888475;0.574786;0.370880;0.282625;
0.115260;1.000000;0.887105;0.574731;0.379403;0.290855;
0.115280;1.000000;0.886087;0.574924;0.387897;0.299060;
0.115300;1.000000;0.885429;0.575362;0.396358;0.307240;
0.115320;1.000000;0.885137;0.576040;0.404783;0.315397;
0.115340;1.000000;0.885211;0.576951;0.413167;0.323532;
0.115360;1.000000;0.885647;0.578085;0.421508;0.331646;
0.115380;1.000000;0.886439;0.579431;0.429803;0.339739;
0.115400;1.000000;0.887576;0.580974;0.438049;0.347813;
0.115420;1.000000;0.889044;0.582698;0.446244;0.355867;
0.115440;1.000000;0.890826;0.584586;0.454386;0.363903;
0.115460;1.000000;0.892901;0.586617;0.462474;0.371921;
0.115480;1.000000;0.895247;0.588771;0.470506;0.379922;
0.115500;1.000000;0.897836;0.591023;0.478481;0.387905;
0.115520;1.000000;0.900642;0.593352;0.486398;0.395870;
0.115540;1.000000;0.903633;0.595730;0.494258;0.403819;
0.115560;1.000000;0.906778;0.598134;0.502061;0.411749;
0.115580;1.000000;0.910043;0.600538;0.509806;0.419661;
0.115600;1.000000;0.913394;0.602915;0.517494;0.427555;
0.115620;1.000000;0.916795;0.605241;0.525127;0.435430;
0.115640;1.000000;0.920211;0.607490;0.532705;0.443284;
0.115660;1.000000;0.923606;0.609639;0.540230;0.451117;
0.115680;1.000000;0.926945;0.611664;0.547702;0.458929;
0.115700;1.000000;0.930194;0.613545;0.555125;0.466717;
0.115720;1.000000;0.933319;0.615261;0.562498;0.474480;
0.115740;1.000000;0.936288;0.616795;0.569825;0.482218;
0.115760;1.000000;0.939071;0.618132;0.577107;0.489929;
0.115780;1.000000;0.941640;0.619258;0.584347;0.497612;
0.115800;1.000000;0.943968;0.620164;0.591545;0.505264;
0.115820;1.000000;0.946033;0.620840;0.598704;0.512885;
0.115840;1.000000;0.947814;0.621283;0.605826;0.520474;
0.115860;1.000000;0.949294;0.621489;0.612912;0.528028;
0.115880;1.000000;0.950459;0.621458;0.619964;0.535547;
0.115900;1.000000;0.951298;0.621194;0.626983;0.543029;
0.115920;1.000000;0.951804;0.620703;0.633971;0.550473;
0.115940;1.000000;0.951974;0.619992;0.640929;0.557878;
0.115960;1.000000;0.951809;0.619071;0.647858;0.565242;
0.115980;1.000000;0.951311;0.617954;0.654758;0.572565;
0.116000;1.000000;0.950488;0.616655;0.661631;0.579846;
0.116020;1.000000;0.949352;0.615190;0.668476;0.587085;
0.116040;1.000000;0.947916;0.613578;0.675294;0.594279;
0.116060;1.000000;0.946199;0.611836;0.682085;0.601429;
0.116080;1.000000;0.944219;0.609987;0.688848;0.608536;
0.116100;1.000000;0.942001;0.608049;0.695583;0.615597;
0.116120;1.000000;0.939570;0.606046;0.702289;0.622613;
0.116140;1.000000;0.936954;0.603998;0.708967;0.629585;
0.116160;1.000000;0.934182;0.601927;0.715614;0.636512;
0.116180;1.000000;0.931285;0.599855;0.722230;0.643395;
0.116200;1.000000;0.928295;0.597803;0.728814;0.650233;
0.116220;1.000000;0.925245;0.595792;0.735364;0.657028;
0.116240;1.000000;0.922167;0.593841;0.741879;0.663780;
0.116260;1.000000;0.919094;0.591970;0.748359;0.670489;
0.116280;1.000000;0.916059;0.590195;0.754801;0.677157;
0.116300;1.000000;0.913093;0.588534;0.761204;0.683784;
0.116320;1.000000;0.910226;0.587002;0.767567;0.690370;
0.116340;1.000000;0.907488;0.585612;0.773890;0.696917;
0.116360;1.000000;0.904904;0.584377;0.780170;0.703426;
0.116380;1.000000;0.902501;0.583307;0.786407;0.709898;
0.116400;1.000000;0.900300;0.582410;0.792599;0.716332;
0.116420;1.000000;0.898323;0.581696;0.798747;0.722732;
0.116440;1.000000;0.896585;0.581167;0.804849;0.729096;
0.116460;1.000000;0.895102;0.580829;0.810906;0.735427;
0.116480;1.000000;0.893886;0.580683;0.816916;0.741725;
0.116500;1.000000;0.892946;0.580728;0.822879;0.747991;
0.116520;1.000000;0.892288;0.580963;0.828797;0.754225;
0.116540;1.000000;0.891914;0.581383;0.834668;0.760429;
0.116560;1.000000;0.891825;0.581983;0.840494;0.766604;
0.116580;1.000000;0.892018;0.582755;0.846275;0.772749;
0.116600;1.000000;0.892488;0.583690;0.852013;0.778865;
0.116620;1.000000;0.893226;0.584776;0.857707;0.784954;
0.116640;1.000000;0.894223;0.586001;0.863360;0.791015;
0.116660;1.000000;0.895464;0.587350;0.868972;0.797048;
0.116680;1.000000;0.896934;0.588809;0.874546;0.803056;
0.116700;1.000000;0.898617;0.590359;0.880082;0.809036;
0.116720;1.000000;0.900492;0.591984;0.885583;0.814991;
0.116740;1.000000;0.902539;0.593664;0.891050;0.820920;
0.116760;1.000000;0.904734;0.595381;0.896486;0.826823;
0.116780;1.000000;0.907054;0.597113;0.901891;0.832700;
0.116800;1.000000;0.909473;0.598842;0.907268;0.838553;
0.116820;1.000000;0.911965;0.600547;0.912619;0.844380;
0.116840;1.000000;0.914504;0.602209;0.917946;0.850182;
0.116860;1.000000;0.917062;0.603809;0.923250;0.855959;
0.116880;1.000000;0.919611;0.605328;0.928534;0.861712;
0.116900;1.000000;0.922124;0.606750;0.933798;0.867440;
0.116920;1.000000;0.924576;0.608058;0.939045;0.873144;
0.116940;1.000000;0.926938;0.609238;0.944275;0.878823;
0.116960;1.000000;0.929187;0.610279;0.949491;0.884478;
0.116980;1.000000;0.931299;0.611169;0.954693;0.890110;
0.117000;1.000000;0.933250;0.611899;0.959881;0.895718;
0.117020;1.000000;0.935022;0.612464;0.965058;0.901303;
0.117040;1.000000;0.936595;0.612858;0.970223;0.906865;
0.117060;1.000000;0.937953;0.613081;0.975377;0.912404;
0.117080;1.000000;0.939083;0.613133;0.980520;0.917921;
0.117100;1.000000;0.939973;0.613015;0.985651;0.923417;
0.117120;1.000000;0.940617;0.612733;0.990771;0.928891;
0.117140;1.000000;0.941008;0.612293;0.995880;0.934345;
0.117160;1.000000;0.941145;0.611704;1.000976;0.939778;
0.117180;1.000000;0.941028;0.610975;1.006059;0.945191;
0.117200;1.000000;0.940661;0.610120;1.011128;0.950585;
0.117220;1.000000;0.940053;0.609151;1.016182;0.955959;
0.117240;1.000000;0.939211;0.608081;1.021220;0.961316;
0.117260;1.000000;0.938149;0.606927;1.026240;0.966654;
0.117280;1.000000;0.936882;0.605704;1.031242;0.971975;
0.117300;1.000000;0.935428;0.604427;1.036223;0.977279;
0.117320;1.000000;0.933806;0.603114;1.041182;0.982566;
0.117340;1.000000;0.932037;0.601780;1.046118;0.987837;
0.117360;1.000000;0.930144;0.600441;1.051029;0.993091;
0.117380;1.000000;0.928151;0.599112;1.055914;0.998329;
0.117400;1.000000;0.926084;0.597810;1.060770;1.003550;
0.117420;1.000000;0.923966;0.596547;1.065597;1.008756;
0.117440;1.000000;0.921824;0.595337;1.070392;1.013945;
0.117460;1.000000;0.919683;0.594192;1.075155;1.019118;
0.117480;1.000000;0.917567;0.593123;1.079885;1.024274;
0.117500;1.000000;0.915499;0.592141;1.084579;1.029413;
0.117520;1.000000;0.913502;0.591254;1.089238;1.034534;
0.117540;1.000000;0.911597;0.590470;1.093859;1.039637;
0.117560;1.000000;0.909804;0.589795;1.098443;1.044720;
0.117580;1.000000;0.908138;0.589236;1.102988;1.049783;
0.117600;1.000000;0.906617;0.588795;1.107493;1.054825;
0.117620;1.000000;0.905252;0.588476;1.111959;1.059845;
0.117640;1.000000;0.904055;0.588280;1.116385;1.064841;
0.117660;1.000000;0.903035;0.588208;1.120770;1.069813;
0.117680;1.000000;0.902199;0.588260;1.125115;1.074758;
0.117700;1.000000;0.901550;0.588433;1.129419;1.079676;
0.117720;1.000000;0.901092;0.588725;1.133683;1.084564;
0.117740;1.000000;0.900824;0.589133;1.137907;1.089422;
0.117760;1.000000;0.900745;0.589651;1.142090;1.094247;
0.117780;1.000000;0.900852;0.590274;1.146234;1.099038;
0.117800;1.000000;0.901140;0.590995;1.150338;1.103792;
0.117820;1.000000;0.901603;0.591807;1.154403;1.108509;
0.117840;1.000000;0.902233;0.592701;1.158429;1.113187;
0.117860;1.000000;0.903021;0.593668;1.162417;1.117823;
0.117880;1.000000;0.903957;0.594697;1.166366;1.122416;
0.117900;1.000000;0.905030;0.595780;1.170278;1.126964;
0.117920;1.000000;0.906228;0.596904;1.174151;1.131465;
0.117940;1.000000;0.907538;0.598057;1.177987;1.135918;
0.117960;1.000000;0.908947;0.599229;1.181785;1.140322;
0.117980;1.000000;0.910440;0.600406;1.185546;1.144674;
0.118000;1.000000;0.912002;0.601578;1.189269;1.148973;
0.118020;1.000000;0.913619;0.602731;1.192953;1.153219;
0.118040;1.000000;0.915275;0.603854;1.196598;1.157409;
0.118060;1.000000;0.916955;0.604936;1.200205;1.161542;
0.118080;1.000000;0.918641;0.605965;1.203771;1.165618;
0.118100;1.000000;0.920319;0.606931;1.207296;1.169636;
0.118120;1.000000;0.921973;0.607826;1.210779;1.173594;
0.118140;1.000000;0.923588;0.608640;1.214219;1.177492;
0.118160;1.000000;0.925148;0.609367;1.217615;1.181329;
0.118180;1.000000;0.926640;0.610000;1.220965;1.185105;
0.118200;1.000000;0.928049;0.610536;1.224267;1.188820;
0.118220;1.000000;0.929363;0.610971;1.227521;1.192472;
0.118240;1.000000;0.930572;0.611303;1.230723;1.196063;
0.118260;1.000000;0.931664;0.611531;1.233873;1.199591;
0.118280;1.000000;0.932631;0.611659;1.236969;1.203057;
0.118300;1.000000;0.933467;0.611687;1.240009;1.206460;
0.118320;1.000000;0.934166;0.611620;1.242990;1.209802;
0.118340;1.000000;0.934724;0.611463;1.245911;1.213081;
0.118360;1.000000;0.935141;0.611222;1.248770;1.216298;
0.118380;1.000000;0.935416;0.610905;1.251565;1.219454;
0.118400;1.000000;0.935552;0.610521;1.254294;1.222549;
0.118420;1.000000;0.935553;0.610077;1.256956;1.225582;
0.118440;1.000000;0.935425;0.609583;1.259549;1.228554;
0.118460;1.000000;0.935175;0.609050;1.262071;1.231466;
0.118480;1.000000;0.934814;0.608486;1.264521;1.234318;
0.118500;1.000000;0.934352;0.607901;1.266897;1.237109;
0.118520;1.000000;0.933800;0.607305;1.269199;1.239841;
0.118540;1.000000;0.933172;0.606707;1.271425;1.242513;
0.118560;1.000000;0.932481;0.606115;1.273575;1.245126;
0.118580;1.000000;0.931742;0.605537;1.275647;1.247679;
0.118600;1.000000;0.930967;0.604980;1.277643;1.250173;
0.118620;1.000000;0.930172;0.604451;1.279561;1.252608;
0.118640;1.000000;0.929369;0.603954;1.281401;1.254983;
0.118660;1.000000;0.928572;0.603494;1.283164;1.257299;
0.118680;1.000000;0.927794;0.603074;1.284850;1.259556;
0.118700;1.000000;0.927044;0.602696;1.286459;1.261753;
0.118720;1.000000;0.926333;0.602362;1.287992;1.263890;
0.118740;1.000000;0.925668;0.602073;1.289449;1.265967;
0.118760;1.000000;0.925058;0.601828;1.290833;1.267984;
0.118780;1.000000;0.924506;0.601625;1.292143;1.269940;
0.118800;1.000000;0.924017;0.601464;1.293382;1.271835;
0.118820;1.000000;0.923592;0.601342;1.294550;1.273669;
0.118840;1.000000;0.923231;0.601256;1.295649;1.275440;
0.118860;1.000000;0.922935;0.601203;1.296680;1.277150;
0.118880;1.000000;0.922700;0.601178;1.297645;1.278797;
0.118900;1.000000;0.922523;0.601179;1.298545;1.280382;
0.118920;1.000000;0.922400;0.601201;1.299381;1.281903;
0.118940;1.000000;0.922325;0.601240;1.300156;1.283361;
0.118960;1.000000;0.922292;0.601292;1.300870;1.284755;
0.118980;1.000000;0.922296;0.601351;1.301525;1.286085;
0.119000;1.000000;0.922329;0.601413;1.302122;1.287351;
0.119020;1.000000;0.922385;0.601475;1.302663;1.288553;
0.119040;1.000000;0.922457;0.601532;1.303148;1.289690;
0.119060;1.000000;0.922539;0.601579;1.303578;1.290764;
0.119080;1.000000;0.922624;0.601613;1.303954;1.291773;
0.119100;1.000000;0.922708;0.601629;1.304277;1.292719;
0.119120;1.000000;0.922784;0.601623;1.304547;1.293601;
0.119140;1.000000;0.922848;0.601592;1.304765;1.294420;
0.119160;1.000000;0.922896;0.601532;1.304931;1.295175;
0.119180;1.000000;0.922923;0.601440;1.305044;1.295869;
0.119200;1.000000;0.922927;0.601313;1.305105;1.296500;
0.119220;1.000000;0.922904;0.601149;1.305114;1.297071;
0.119240;1.000000;0.922852;0.600946;1.305070;1.297581;
0.119260;1.000000;0.922769;0.600701;1.304972;1.298031;
0.119280;1.000000;0.922653;0.600414;1.304821;1.298422;
0.119300;1.000000;0.922503;0.600084;1.304615;1.298754;
0.119320;1.000000;0.922318;0.599712;1.304354;1.299030;
0.119340;1.000000;0.922096;0.599298;1.304036;1.299249;
0.119360;1.000000;0.921838;0.598845;1.303662;1.299412;
0.119380;1.000000;0.921543;0.598353;1.303230;1.299520;
0.119400;1.000000;0.921211;0.597828;1.302739;1.299575;
0.119420;1.000000;0.920843;0.597272;1.302188;1.299577;
0.119440;1.000000;0.920440;0.596691;1.301578;1.299527;
0.119460;1.000000;0.920002;0.596090;1.300907;1.299425;
0.119480;1.000000;0.919533;0.595476;1.300174;1.299274;
0.119500;1.000000;0.919034;0.594856;1.299379;1.299072;
0.119520;1.000000;0.918509;0.594238;1.298522;1.298821;
0.119540;1.000000;0.917961;0.593629;1.297603;1.298522;
0.119560;1.000000;0.917394;0.593038;1.296621;1.298176;
0.119580;1.000000;0.916816;0.592473;1.295578;1.297782;
0.119600;1.000000;0.916230;0.591944;1.294472;1.297341;
0.119620;1.000000;0.915644;0.591458;1.293305;1.296853;
0.119640;1.000000;0.915066;0.591024;1.292078;1.296320;
0.119660;1.000000;0.914502;0.590650;1.290791;1.295740;
0.119680;1.000000;0.913961;0.590342;1.289447;1.295115;
0.119700;1.000000;0.913453;0.590107;1.288045;1.294444;
0.119720;1.000000;0.912984;0.589950;1.286588;1.293727;
0.119740;1.000000;0.912564;0.589875;1.285078;1.292965;
0.119760;1.000000;0.912202;0.589887;1.283516;1.292157;
0.119780;1.000000;0.911905;0.589985;1.281905;1.291303;
0.119800;1.000000;0.911679;0.590172;1.280247;1.290403;
0.119820;1.000000;0.911532;0.590445;1.278544;1.289457;
0.119840;1.000000;0.911469;0.590804;1.276800;1.288465;
0.119860;1.000000;0.911492;0.591245;1.275015;1.287426;
0.119880;1.000000;0.911606;0.591762;1.273194;1.286341;
0.119900;1.000000;0.911809;0.592350;1.271339;1.285210;
0.119920;1.000000;0.912102;0.593002;1.269452;1.284032;
0.119940;1.000000;0.912481;0.593675;1.267534;1.282807;
0.119960;1.000000;0.912942;0.594452;1.265589;1.281536;
0.119980;1.000000;0.913481;0.595267;1.263623;1.280219;
0.120000;1.000000;0.914090;0.596072;1.261636;1.278856;
0.120020;1.000000;0.914757;0.596906;1.259629;1.277447;
0.120040;1.000000;0.915473;0.597746;1.257604;1.275992;
0.120060;1.000000;0.916226;0.598580;1.255563;1.274493;
0.120080;1.000000;0.917003;0.599399;1.253509;1.272950;
0.120100;1.000000;0.917791;0.600191;1.251442;1.271364;
0.120120;1.000000;0.918576;0.600947;1.249363;1.269734;
0.120140;1.000000;0.919344;0.601656;1.247273;1.268064;
0.120160;1.000000;0.920081;0.602312;1.245173;1.266353;
0.120180;1.000000;0.920773;0.602904;1.243063;1.264602;
0.120200;1.000000;0.921408;0.603428;1.240942;1.262814;
0.120220;1.000000;0.921972;0.603875;1.238811;1.260989;
0.120240;1.000000;0.922457;0.604242;1.236668;1.259129;
0.120260;1.000000;0.922851;0.604524;1.234512;1.257235;
0.120280;1.000000;0.923146;0.604718;1.232343;1.255309;
0.120300;1.000000;0.923336;0.604823;1.230159;1.253353;
0.120320;1.000000;0.923415;0.604836;1.227957;1.251367;
0.120340;1.000000;0.923381;0.604760;1.225735;1.249355;
0.120360;1.000000;0.923232;0.604594;1.223492;1.247317;
0.120380;1.000000;0.922968;0.604341;1.221225;1.245255;
0.120400;1.000000;0.922591;0.604005;1.218931;1.243170;
0.120420;1.000000;0.922104;0.603589;1.216607;1.241064;
0.120440;1.000000;0.921512;0.603099;1.214250;1.238939;
0.120460;1.000000;0.920822;0.602541;1.211857;1.236795;
0.120480;1.000000;0.920043;0.601922;1.209426;1.234633;
0.120500;1.000000;0.919182;0.601248;1.206953;1.232455;
0.120520;1.000000;0.918249;0.600530;1.204435;1.230261;
0.120540;1.000000;0.917257;0.599774;1.201869;1.228052;
0.120560;1.000000;0.916217;0.598993;1.199253;1.225828;
0.120580;1.000000;0.915140;0.598194;1.196584;1.223590;
0.120600;1.000000;0.914040;0.597390;1.193859;1.221336;
0.120620;1.000000;0.912931;0.596591;1.191076;1.219067;
0.120640;1.000000;0.911826;0.595808;1.188233;1.216783;
0.120660;1.000000;0.910737;0.595054;1.185329;1.214482;
0.120680;1.000000;0.909680;0.594340;1.182361;1.212162;
0.120700;1.000000;0.908668;0.593676;1.179328;1.209824;
0.120720;1.000000;0.907714;0.593076;1.176230;1.207465;
0.120740;1.000000;0.906832;0.592550;1.173066;1.205083;
0.120760;1.000000;0.906035;0.592109;1.169836;1.202677;
0.120780;1.000000;0.905334;0.591762;1.166540;1.200243;
0.120800;1.000000;0.904743;0.591520;1.163178;1.197780;
0.120820;1.000000;0.904273;0.591390;1.159751;1.195284;
0.120840;1.000000;0.903934;0.591380;1.156260;1.192753;
0.120860;1.000000;0.903736;0.591496;1.152706;1.190184;
0.120880;1.000000;0.903688;0.591743;1.149092;1.187573;
0.120900;1.000000;0.903798;0.592123;1.145418;1.184918;
0.120920;1.000000;0.904073;0.592640;1.141687;1.182214;
0.120940;1.000000;0.904517;0.593292;1.137901;1.179458;
0.120960;1.000000;0.905134;0.594078;1.134064;1.176648;
0.120980;1.000000;0.905926;0.594995;1.130176;1.173780;
0.121000;1.000000;0.906893;0.596036;1.126242;1.170850;
0.121020;1.000000;0.908033;0.597195;1.122264;1.167855;
0.121040;1.000000;0.909342;0.598463;1.118244;1.164792;
0.121060;1.000000;0.910814;0.599828;1.114186;1.161658;
0.121080;1.000000;0.912441;0.601280;1.110091;1.158451;
0.121100;1.000000;0.914212;0.602804;1.105964;1.155168;
0.121120;1.000000;0.916115;0.604385;1.101805;1.151806;
0.121140;1.000000;0.918134;0.606007;1.097618;1.148364;
0.121160;1.000000;0.920254;0.607653;1.093405;1.144840;
0.121180;1.000000;0.922455;0.609305;1.089166;1.141232;
0.121200;1.000000;0.924718;0.610946;1.084904;1.137539;
0.121220;1.000000;0.927021;0.612556;1.080621;1.133761;
0.121240;1.000000;0.929340;0.614117;1.076316;1.129896;
0.121260;1.000000;0.931653;0.615612;1.071990;1.125945;
0.121280;1.000000;0.933935;0.617022;1.067644;1.121909;
0.121300;1.000000;0.936161;0.618331;1.063277;1.117787;
0.121320;1.000000;0.938307;0.619522;1.058888;1.113580;
0.121340;0.999999;0.940348;0.620581;1.054477;1.109291;
0.121360;0.999999;0.942262;0.621495;1.050042;1.104920;
0.121380;0.999999;0.944025;0.622251;1.045581;1.100470;
0.121400;0.999999;0.945617;0.622839;1.041093;1.095942;
0.121420;0.999999;0.947019;0.623252;1.036574;1.091340;
0.121440;0.999999;0.948213;0.623481;1.032022;1.086666;
0.121460;0.999999;0.949184;0.623522;1.027434;1.081923;
0.121480;0.999999;0.949919;0.623374;1.022807;1.077114;
0.121500;0.999999;0.950408;0.623034;1.018136;1.072242;
0.121520;0.999999;0.950642;0.622505;1.013418;1.067311;
0.121540;0.999999;0.950618;0.621789;1.008650;1.062325;
0.121560;0.999999;0.950334;0.620891;1.003826;1.057286;
0.121580;0.999999;0.949789;0.619820;0.998944;1.052199;
0.121600;0.999999;0.948988;0.618582;0.993998;1.047067;
0.121620;0.999999;0.947937;0.617190;0.988986;1.041893;
0.121640;0.999999;0.946646;0.615653;0.983903;1.036681;
0.121660;0.999999;0.945125;0.613987;0.978745;1.031434;
0.121680;0.999999;0.943389;0.612206;0.973508;1.026155;
0.121700;0.999999;0.941455;0.610325;0.968190;1.020846;
0.121720;0.999999;0.939341;0.608361;0.962787;1.015511;
0.121740;0.999999;0.937067;0.606332;0.957297;1.010151;
0.121760;0.999999;0.934656;0.604257;0.951717;1.004768;
0.121780;0.999999;0.932130;0.602154;0.946045;0.999364;
0.121800;1.000000;0.929514;0.600042;0.940279;0.993940;
0.121820;1.000000;0.926834;0.597941;0.934420;0.988498;
0.121840;1.000000;0.924115;0.595871;0.928465;0.983037;
0.121860;1.000000;0.921385;0.593851;0.922415;0.977558;
0.121880;1.000000;0.918671;0.591901;0.916270;0.972060;
0.121900;1.000000;0.915997;0.590038;0.910031;0.966544;
0.121920;1.000000;0.913392;0.588281;0.903700;0.961007;
0.121940;1.000000;0.910880;0.586647;0.897279;0.955450;
0.121960;1.000000;0.908488;0.585152;0.890770;0.949870;
0.121980;1.000000;0.906238;0.583812;0.884175;0.944265;
0.122000;1.000000;0.904153;0.582639;0.877499;0.938633;
0.122020;1.000000;0.902255;0.581646;0.870745;0.932971;
0.122040;1.000000;0.900563;0.580844;0.863917;0.927278;
0.122060;1.000000;0.899094;0.580241;0.857020;0.921550;
0.122080;1.000000;0.897866;0.579844;0.850059;0.915783;
0.122100;1.000000;0.896890;0.579657;0.843039;0.909976;
0.122120;1.000000;0.896179;0.579682;0.835966;0.904124;
0.122140;1.000000;0.895739;0.579921;0.828844;0.898224;
0.122160;1.000000;0.895578;0.580372;0.821680;0.892274;
0.122180;1.000000;0.895698;0.581029;0.814479;0.886269;
0.122200;1.000000;0.896099;0.581886;0.807248;0.880207;
0.122220;1.000000;0.896779;0.582933;0.799991;0.874085;
0.122240;1.000000;0.897730;0.584161;0.792715;0.867900;
0.122260;1.000000;0.898944;0.585554;0.785425;0.861650;
0.122280;1.000000;0.900410;0.587099;0.778127;0.855331;
0.122300;1.000000;0.902112;0.588778;0.770824;0.848944;
0.122320;1.000000;0.904032;0.590571;0.763523;0.842485;
0.122340;1.000000;0.906150;0.592459;0.756226;0.835953;
0.122360;1.000000;0.908443;0.594420;0.748939;0.829349;
0.122380;1.000000;0.910886;0.596431;0.741664;0.822670;
0.122400;1.000000;0.913451;0.598469;0.734405;0.815918;
0.122420;1.000000;0.916110;0.600511;0.727164;0.809093;
0.122440;1.000000;0.918832;0.602531;0.719944;0.802195;
0.122460;1.000000;0.921587;0.604507;0.712745;0.795227;
0.122480;1.000000;0.924341;0.606415;0.705568;0.788189;
0.122500;1.000000;0.927063;0.608233;0.698415;0.781085;
0.122520;1.000000;0.929720;0.609938;0.691285;0.773916;
0.122540;1.000000;0.932282;0.611510;0.684178;0.766687;
0.122560;1.000000;0.934715;0.612932;0.677092;0.759400;
0.122580;1.000000;0.936993;0.614185;0.670026;0.752059;
0.122600;1.000000;0.939085;0.615254;0.662979;0.744670;
0.122620;1.000000;0.940965;0.616127;0.655946;0.737236;
0.122640;1.000000;0.942611;0.616793;0.648927;0.729762;
0.122660;1.000000;0.944000;0.617243;0.641917;0.722253;
0.122680;1.000000;0.945115;0.617472;0.634913;0.714715;
0.122700;1.000000;0.945938;0.617476;0.627912;0.707153;
0.122720;1.000000;0.946458;0.617256;0.620909;0.699572;
0.122740;1.000000;0.946667;0.616812;0.613902;0.691978;
0.122760;1.000000;0.946557;0.616149;0.606885;0.684377;
0.122780;1.000000;0.946127;0.615274;0.599854;0.676774;
0.122800;1.000000;0.945379;0.614196;0.592806;0.669174;
0.122820;1.000000;0.944317;0.612926;0.585737;0.661582;
0.122840;1.000000;0.942951;0.611478;0.578642;0.654004;
0.122860;1.000000;0.941291;0.609867;0.571518;0.646444;
0.122880;1.000000;0.939352;0.608110;0.564362;0.638906;
0.122900;1.000000;0.937154;0.606226;0.557170;0.631395;
0.122920;1.000000;0.934717;0.604235;0.549940;0.623914;
0.122940;1.000000;0.932065;0.602158;0.542669;0.616467;
0.122960;1.000000;0.929224;0.600017;0.535355;0.609056;
0.122980;1.000000;0.926222;0.597835;0.527997;0.601684;
0.123000;1.000000;0.923091;0.595634;0.520594;0.594352;
0.123020;1.000000;0.919861;0.593440;0.513144;0.587062;
0.123040;1.000000;0.916566;0.591274;0.505648;0.579815;
0.123060;1.000000;0.913240;0.589162;0.498106;0.572610;
0.123080;1.000000;0.909918;0.587124;0.490519;0.565449;
0.123100;1.000000;0.906634;0.585185;0.482888;0.558329;
0.123120;1.000000;0.903422;0.583365;0.475214;0.551251;
0.123140;1.000000;0.900318;0.581685;0.467501;0.544211;
0.123160;1.000000;0.897354;0.580163;0.459750;0.537208;
0.123180;1.000000;0.894562;0.578819;0.451965;0.530240;
0.123200;1.000000;0.891972;0.577669;0.444149;0.523302;
0.123220;1.000000;0.889614;0.576725;0.436306;0.516392;
0.123240;1.000000;0.887514;0.576002;0.428439;0.509506;
0.123260;1.000000;0.885695;0.575510;0.420554;0.502640;
0.123280;1.000000;0.884179;0.575256;0.412654;0.495789;
0.123300;1.000000;0.882984;0.575247;0.404743;0.488949;
0.123320;1.000000;0.882125;0.575485;0.396828;0.482115;
0.123340;1.000000;0.881614;0.575973;0.388912;0.475283;
0.123360;1.000000;0.881459;0.576708;0.381000;0.468446;
0.123380;1.000000;0.881665;0.577685;0.373096;0.461602;
0.123400;1.000000;0.882231;0.578899;0.365205;0.454743;
0.123420;1.000000;0.883157;0.580339;0.357331;0.447867;
0.123440;1.000000;0.884434;0.581994;0.349478;0.440967;
0.123460;1.000000;0.886052;0.583849;0.341649;0.434040;
0.123480;1.000000;0.887998;0.585887;0.333848;0.427082;
0.123500;1.000000;0.890253;0.588089;0.326078;0.420087;
0.123520;1.000000;0.892798;0.590435;0.318341;0.413054;
0.123540;1.000000;0.895607;0.592902;0.310640;0.405978;
0.123560;1.000000;0.898655;0.595466;0.302975;0.398856;
0.123580;1.000000;0.901911;0.598100;0.295348;0.391685;
0.123600;1.000000;0.905344;0.600779;0.287760;0.384464;
0.123620;1.000000;0.908920;0.603474;0.280209;0.377192;
0.123640;1.000000;0.912604;0.606158;0.272697;0.369865;
0.123660;1.000000;0.916360;0.608804;0.265221;0.362484;
0.123680;1.000000;0.920149;0.611384;0.257781;0.355049;
0.123700;1.000000;0.923934;0.613870;0.250373;0.347558;
0.123720;1.000000;0.927677;0.616236;0.242996;0.340014;
0.123740;1.000000;0.931341;0.618458;0.235647;0.332416;
0.123760;1.000000;0.934888;0.620512;0.228322;0.324766;
0.123780;1.000000;0.938283;0.622376;0.221017;0.317065;
0.123800;1.000000;0.941492;0.624031;0.213727;0.309317;
0.123820;0.999999;0.944484;0.625460;0.206450;0.301522;
0.123840;0.999999;0.947226;0.626648;0.199179;0.293684;
0.123860;0.999999;0.949693;0.627582;0.191910;0.285806;
0.123880;0.999999;0.951860;0.628253;0.184638;0.277891;
0.123900;0.999999;0.953705;0.628656;0.177357;0.269943;
0.123920;0.999999;0.955210;0.628786;0.170062;0.261964;
0.123940;0.999999;0.956361;0.628643;0.162749;0.253958;
0.123960;0.999999;0.957145;0.628229;0.155412;0.245929;
0.123980;0.999999;0.957557;0.627551;0.148045;0.237881;
0.124000;0.999999;0.957592;0.626615;0.140645;0.229817;
0.124020;0.999999;0.957252;0.625434;0.133207;0.221741;
0.124040;0.999999;0.956539;0.624020;0.125726;0.213656;
0.124060;0.999999;0.955464;0.622390;0.118198;0.205566;
0.124080;0.999999;0.954037;0.620561;0.110620;0.197473;
0.124100;0.999999;0.952274;0.618553;0.102989;0.189380;
0.124120;0.999999;0.950194;0.616387;0.095301;0.181290;
0.124140;0.999999;0.947820;0.614087;0.087556;0.173206;
0.124160;0.999999;0.945176;0.611678;0.079750;0.165129;
0.124180;0.999999;0.942292;0.609183;0.071883;0.157061;
0.124200;0.999999;0.939197;0.606629;0.063954;0.149003;
0.124220;0.999999;0.935925;0.604042;0.055963;0.140956;
0.124240;0.999999;0.932510;0.601449;0.047909;0.132921;
0.124260;0.999999;0.928989;0.598875;0.039795;0.124899;
0.124280;0.999999;0.925398;0.596346;0.031621;0.116888;
0.124300;1.000000;0.921775;0.593888;0.023389;0.108889;
0.124320;1.000000;0.918159;0.591524;0.015102;0.100901;
0.124340;1.000000;0.914588;0.589279;0.006761;0.092923;
0.124360;1.000000;0.911100;0.587173;-0.001629;0.084953;
0.124380;1.000000;0.907731;0.585228;-0.010065;0.076990;
0.124400;1.000000;0.904516;0.583463;-0.018544;0.069032;
0.124420;1.000000;0.901490;0.581894;-0.027061;0.061076;
0.124440;1.000000;0.898684;0.580536;-0.035612;0.053120;
0.124460;1.000000;0.896127;0.579402;-0.044193;0.045163;
0.124480;1.000000;0.893846;0.578504;-0.052798;0.037200;
0.124500;1.000000;0.891865;0.577849;-0.061423;0.029229;
0.124520;1.000000;0.890205;0.577444;-0.070064;0.021248;
0.124540;1.000000;0.888881;0.577292;-0.078716;0.013254;
0.124560;1.000000;0.887907;0.577393;-0.087373;0.005243;
0.124580;1.000000;0.887294;0.577747;-0.096032;-0.002786;
0.124600;1.000000;0.887046;0.578349;-0.104687;-0.010837;
0.124620;1.000000;0.887166;0.579192;-0.113335;-0.018912;
0.124640;1.000000;0.887652;0.580267;-0.121972;-0.027013;
0.124660;1.000000;0.888496;0.581563;-0.130595;-0.035142;
0.124680;1.000000;0.889691;0.583064;-0.139199;-0.043302;
0.124700;1.000000;0.891221;0.584755;-0.147781;-0.051494;
0.124720;1.000000;0.893070;0.586618;-0.156340;-0.059719;
0.124740;1.000000;0.895218;0.588631;-0.164873;-0.067979;
0.124760;1.000000;0.897641;0.590774;-0.173377;-0.076274;
0.124780;1.000000;0.900312;0.593021;-0.181852;-0.084605;
0.124800;1.000000;0.903203;0.595350;-0.190296;-0.092971;
0.124820;1.000000;0.906283;0.597733;-0.198710;-0.101372;
0.124840;1.000000;0.909518;0.600145;-0.207091;-0.109809;
0.124860;1.000000;0.912874;0.602558;-0.215441;-0.118279;
0.124880;1.000000;0.916314;0.604947;-0.223761;-0.126783;
0.124900;0.999999;0.919803;0.607283;-0.232050;-0.135317;
0.124920;0.999999;0.923303;0.609542;-0.240311;-0.143880;
0.124940;0.999999;0.926777;0.611699;-0.248544;-0.152470;
0.124960;0.999999;0.930188;0.613729;-0.256751;-0.161085;
0.124980;0.999999;0.933499;0.615609;-0.264934;-0.169721;
0.125000;0.999999;0.936677;0.617321;-0.273096;-0.178376;
0.125020;0.999999;0.939688;0.618844;-0.281239;-0.187046;
0.125040;0.999999;0.942499;0.620162;-0.289364;-0.195729;
0.125060;0.999999;0.945082;0.621262;-0.297475;-0.204419;
0.125080;0.999999;0.947409;0.622133;-0.305573;-0.213115;
0.125100;0.999999;0.949457;0.622765;-0.313661;-0.221812;
0.125120;0.999999;0.951203;0.623154;-0.321743;-0.230507;
0.125140;0.999999;0.952631;0.623295;-0.329818;-0.239195;
0.125160;0.999999;0.953724;0.623189;-0.337891;-0.247873;
0.125180;0.999999;0.954473;0.622839;-0.345962;-0.256537;
0.125200;0.999999;0.954870;0.622250;-0.354034;-0.265184;
0.125220;0.999999;0.954911;0.621431;-0.362107;-0.273810;
0.125240;0.999999;0.954597;0.620391;-0.370183;-0.282411;
0.125260;0.999999;0.953932;0.619144;-0.378263;-0.290984;
0.125280;0.999999;0.952923;0.617705;-0.386347;-0.299527;
0.125300;0.999999;0.951582;0.616090;-0.394435;-0.308036;
0.125320;0.999999;0.949923;0.614319;-0.402528;-0.316509;
0.125340;0.999999;0.947966;0.612411;-0.410624;-0.324943;
0.125360;0.999999;0.945732;0.610389;-0.418724;-0.333336;
0.125380;0.999999;0.943245;0.608273;-0.426824;-0.341687;
0.125400;0.999999;0.940533;0.606087;-0.434925;-0.349993;
0.125420;0.999999;0.937624;0.603854;-0.443024;-0.358253;
0.125440;0.999999;0.934550;0.601598;-0.451120;-0.366466;
0.125460;0.999999;0.931345;0.599341;-0.459208;-0.374632;
0.125480;0.999999;0.928043;0.597108;-0.467288;-0.382750;
0.125500;0.999999;0.924678;0.594921;-0.475355;-0.390818;
0.125520;0.999999;0.921287;0.592801;-0.483407;-0.398838;
0.125540;0.999999;0.917905;0.590770;-0.491440;-0.406810;
0.125560;1.000000;0.914568;0.588847;-0.499451;-0.414733;
0.125580;1.000000;0.911311;0.587051;-0.507436;-0.422609;
0.125600;1.000000;0.908167;0.585399;-0.515391;-0.430437;
0.125620;1.000000;0.905168;0.583907;-0.523313;-0.438219;
0.125640;1.000000;0.902345;0.582589;-0.531198;-0.445956;
0.125660;1.000000;0.899726;0.581457;-0.539043;-0.453649;
0.125680;1.000000;0.897336;0.580522;-0.546844;-0.461299;
0.125700;1.000000;0.895200;0.579793;-0.554598;-0.468908;
0.125720;1.000000;0.893337;0.579275;-0.562300;-0.476476;
0.125740;1.000000;0.891765;0.578974;-0.569950;-0.484004;
0.125760;1.000000;0.890497;0.578891;-0.577543;-0.491496;
0.125780;1.000000;0.889545;0.579028;-0.585077;-0.498950;
0.125800;1.000000;0.888916;0.579381;-0.592550;-0.506370;
0.125820;1.000000;0.888614;0.579948;-0.599959;-0.513755;
0.125840;1.000000;0.888639;0.580721;-0.607305;-0.521107;
0.125860;1.000000;0.888990;0.581694;-0.614584;-0.528428;
0.125880;1.000000;0.889659;0.582854;-0.621796;-0.535717;
0.125900;1.000000;0.890639;0.584190;-0.628941;-0.542976;
0.125920;1.000000;0.891916;0.585689;-0.636019;-0.550205;
0.125940;1.000000;0.893476;0.587332;-0.643029;-0.557406;
0.125960;1.000000;0.895300;0.589104;-0.649972;-0.564578;
0.125980;1.000000;0.897369;0.590986;-0.656849;-0.571721;
0.126000;1.000000;0.899660;0.592955;-0.663661;-0.578837;
0.126020;1.000000;0.902148;0.594992;-0.670409;-0.585924;
0.126040;1.000000;0.904807;0.597074;-0.677096;-0.592983;
0.126060;1.000000;0.907608;0.599179;-0.683723;-0.600013;
0.126080;1.000000;0.910521;0.601282;-0.690292;-0.607015;
0.126100;1.000000;0.913517;0.603361;-0.696806;-0.613988;
0.126120;1.000000;0.916563;0.605392;-0.703268;-0.620931;
0.126140;1.000000;0.919629;0.607354;-0.709679;-0.627844;
0.126160;0.999999;0.922681;0.609224;-0.716044;-0.634726;
0.126180;0.999999;0.925689;0.610982;-0.722365;-0.641576;
0.126200;0.999999;0.928622;0.612609;-0.728644;-0.648395;
0.126220;0.999999;0.931448;0.614086;-0.734886;-0.655180;
0.126240;0.999999;0.934140;0.615399;-0.741092;-0.661932;
0.126260;0.999999;0.936668;0.616533;-0.747265;-0.668650;
0.126280;0.999999;0.939008;0.617476;-0.753409;-0.675333;
0.126300;0.999999;0.941135;0.618220;-0.759525;-0.681981;
0.126320;0.999999;0.943028;0.618756;-0.765617;-0.688593;
0.126340;0.999999;0.944668;0.619082;-0.771687;-0.695168;
0.126360;0.999999;0.946038;0.619195;-0.777736;-0.701707;
0.126380;0.999999;0.947125;0.619096;-0.783766;-0.708209;
0.126400;0.999999;0.947919;0.618788;-0.789780;-0.714674;
0.126420;0.999999;0.948413;0.618277;-0.795778;-0.721102;
0.126440;0.999999;0.948603;0.617570;-0.801762;-0.727493;
0.126460;0.999999;0.948489;0.616678;-0.807732;-0.733848;
0.126480;0.999999;0.948073;0.615613;-0.813689;-0.740166;
0.126500;0.999999;0.947363;0.614388;-0.819634;-0.746448;
0.126520;0.999999;0.946368;0.613018;-0.825566;-0.752696;
0.126540;0.999999;0.945101;0.611521;-0.831486;-0.758908;
0.126560;0.999999;0.943576;0.609914;-0.837392;-0.765087;
0.126580;0.999999;0.941813;0.608215;-0.843284;-0.771234;
0.126600;0.999999;0.939832;0.606444;-0.849162;-0.777349;
0.126620;0.999999;0.937656;0.604620;-0.855024;-0.783433;
0.126640;0.999999;0.935311;0.602763;-0.860869;-0.789488;
0.126660;0.999999;0.932823;0.600892;-0.866696;-0.795515;
0.126680;1.000000;0.930219;0.599026;-0.872503;-0.801516;
0.126700;1.000000;0.927530;0.597184;-0.878289;-0.807491;
0.126720;1.000000;0.924784;0.595385;-0.884052;-0.813442;
0.126740;1.000000;0.922011;0.593644;-0.889791;-0.819370;
0.126760;1.000000;0.919240;0.591979;-0.895503;-0.825278;
0.126780;1.000000;0.916500;0.590404;-0.901188;-0.831165;
0.126800;1.000000;0.913819;0.588934;-0.906843;-0.837033;
0.126820;1.000000;0.911224;0.587581;-0.912467;-0.842884;
0.126840;1.000000;0.908740;0.586356;-0.918059;-0.848719;
0.126860;1.000000;0.906392;0.585269;-0.923618;-0.854539;
0.126880;1.000000;0.904200;0.584329;-0.929141;-0.860344;
0.126900;1.000000;0.902184;0.583542;-0.934629;-0.866135;
0.126920;1.000000;0.900362;0.582915;-0.940079;-0.871914;
0.126940;1.000000;0.898749;0.582450;-0.945492;-0.877680;
0.126960;1.000000;0.897356;0.582151;-0.950868;-0.883434;
0.126980;1.000000;0.896193;0.582017;-0.956204;-0.889177;
0.127000;1.000000;0.895268;0.582049;-0.961503;-0.894909;
0.127020;1.000000;0.894587;0.582244;-0.966763;-0.900628;
0.127040;1.000000;0.894149;0.582598;-0.971984;-0.906336;
0.127060;1.000000;0.893957;0.583105;-0.977168;-0.912033;
0.127080;1.000000;0.894007;0.583760;-0.982315;-0.917716;
0.127100;1.000000;0.894294;0.584554;-0.987426;-0.923387;
0.127120;1.000000;0.894812;0.585476;-0.992501;-0.929044;
0.127140;1.000000;0.895551;0.586518;-0.997542;-0.934686;
0.127160;1.000000;0.896501;0.587666;-1.002550;-0.940312;
0.127180;1.000000;0.897648;0.588908;-1.007526;-0.945922;
0.127200;1.000000;0.898979;0.590229;-1.012472;-0.951514;
0.127220;1.000000;0.900478;0.591614;-1.017390;-0.957086;
0.127240;1.000000;0.902127;0.593049;-1.022279;-0.962638;
0.127260;1.000000;0.903907;0.594517;-1.027143;-0.968168;
0.127280;1.000000;0.905800;0.596002;-1.031983;-0.973675;
0.127300;1.000000;0.907785;0.597488;-1.036799;-0.979157;
0.127320;1.000000;0.909840;0.598958;-1.041595;-0.984612;
0.127340;1.000000;0.911943;0.600397;-1.046370;-0.990040;
0.127360;1.000000;0.914073;0.601788;-1.051126;-0.995439;
0.127380;1.000000;0.916208;0.603118;-1.055864;-1.000807;
0.127400;1.000000;0.918324;0.604372;-1.060585;-1.006143;
0.127420;1.000000;0.920401;0.605538;-1.065290;-1.011446;
0.127440;1.000000;0.922417;0.606604;-1.069980;-1.016714;
0.127460;1.000000;0.924351;0.607561;-1.074655;-1.021947;
0.127480;1.000000;0.926185;0.608401;-1.079315;-1.027143;
0.127500;1.000000;0.927899;0.609116;-1.083960;-1.032301;
0.127520;1.000000;0.929476;0.609702;-1.088590;-1.037421;
0.127540;1.000000;0.930903;0.610156;-1.093205;-1.042501;
0.127560;1.000000;0.932166;0.610478;-1.097804;-1.047542;
0.127580;1.000000;0.933254;0.610667;-1.102386;-1.052542;
0.127600;1.000000;0.934157;0.610726;-1.106950;-1.057501;
0.127620;1.000000;0.934870;0.610660;-1.111496;-1.062418;
0.127640;1.000000;0.935388;0.610474;-1.116021;-1.067294;
0.127660;1.000000;0.935710;0.610176;-1.120524;-1.072129;
0.127680;0.999999;0.935837;0.609773;-1.125003;-1.076921;
0.127700;0.999999;0.935773;0.609277;-1.129457;-1.081672;
0.127720;0.999999;0.935523;0.608698;-1.133883;-1.086381;
0.127740;0.999999;0.935096;0.608047;-1.138279;-1.091049;
0.127760;0.999999;0.934503;0.607336;-1.142644;-1.095676;
0.127780;0.999999;0.933756;0.606577;-1.146974;-1.100262;
0.127800;0.999999;0.932869;0.605783;-1.151268;-1.104807;
0.127820;0.999999;0.931860;0.604966;-1.155523;-1.109311;
0.127840;0.999999;0.930744;0.604139;-1.159737;-1.113776;
0.127860;0.999999;0.929541;0.603313;-1.163907;-1.118202;
0.127880;0.999999;0.928269;0.602499;-1.168032;-1.122587;
0.127900;0.999999;0.926948;0.601708;-1.172108;-1.126934;
0.127920;0.999999;0.925598;0.600949;-1.176135;-1.131243;
0.127940;0.999999;0.924239;0.600232;-1.180109;-1.135512;
0.127960;0.999999;0.922888;0.599563;-1.184029;-1.139744;
0.127980;0.999999;0.921564;0.598951;-1.187894;-1.143936;
0.128000;0.999999;0.920284;0.598401;-1.191700;-1.148091;
0.128020;0.999999;0.919064;0.597917;-1.195448;-1.152207;
0.128040;0.999999;0.917918;0.597504;-1.199135;-1.156285;
0.128060;0.999999;0.916859;0.597165;-1.202760;-1.160323;
0.128080;0.999999;0.915897;0.596902;-1.206323;-1.164323;
0.128100;0.999999;0.915041;0.596715;-1.209822;-1.168283;
0.128120;0.999999;0.914298;0.596605;-1.213257;-1.172202;
0.128140;0.999999;0.913675;0.596572;-1.216626;-1.176080;
0.128160;0.999999;0.913174;0.596614;-1.219931;-1.179917;
0.128180;0.999999;0.912797;0.596728;-1.223170;-1.183710;
0.128200;0.999999;0.912544;0.596913;-1.226343;-1.187461;
0.128220;0.999999;0.912414;0.597165;-1.229450;-1.191166;
0.128240;0.999999;0.912405;0.597479;-1.232492;-1.194825;
0.128260;0.999999;0.912512;0.597852;-1.235469;-1.198437;
0.128280;0.999999;0.912731;0.598278;-1.238380;-1.202001;
0.128300;0.999999;0.913056;0.598752;-1.241227;-1.205515;
0.128320;0.999999;0.913480;0.599268;-1.244010;-1.208978;
0.128340;0.999999;0.913996;0.599819;-1.246729;-1.212388;
0.128360;0.999999;0.914597;0.600399;-1.249384;-1.215744;
0.128380;0.999999;0.915273;0.601000;-1.251977;-1.219044;
0.128400;0.999999;0.916018;0.601615;-1.254508;-1.222287;
0.128420;0.999999;0.916821;0.602236;-1.256977;-1.225472;
0.128440;0.999999;0.917674;0.602855;-1.259385;-1.228596;
0.128460;0.999999;0.918567;0.603465;-1.261732;-1.231659;
0.128480;0.999999;0.919492;0.604058;-1.264019;-1.234659;
0.128500;0.999999;0.920440;0.604625;-1.266245;-1.237595;
0.128520;0.999999;0.921400;0.605159;-1.268412;-1.240464;
0.128540;0.999999;0.922364;0.605653;-1.270518;-1.243268;
0.128560;0.999999;0.923321;0.606100;-1.272565;-1.246003;
0.128580;0.999999;0.924264;0.606494;-1.274552;-1.248669;
0.128600;0.999999;0.925181;0.606828;-1.276479;-1.251265;
0.128620;0.999999;0.926065;0.607098;-1.278346;-1.253790;
0.128640;0.999999;0.926907;0.607301;-1.280152;-1.256243;
0.128660;0.999999;0.927698;0.607432;-1.281898;-1.258624;
0.128680;0.999999;0.928429;0.607489;-1.283582;-1.260931;
0.128700;0.999999;0.929095;0.607473;-1.285204;-1.263165;
0.128720;0.999999;0.929687;0.607382;-1.286764;-1.265325;
0.128740;0.999999;0.930201;0.607219;-1.288261;-1.267411;
0.128760;0.999999;0.930630;0.606986;-1.289694;-1.269422;
0.128780;0.999999;0.930971;0.606686;-1.291063;-1.271359;
0.128800;0.999999;0.931221;0.606323;-1.292367;-1.273222;
0.128820;0.999999;0.931378;0.605905;-1.293605;-1.275010;
0.128840;0.999999;0.931442;0.605436;-1.294777;-1.276724;
0.128860;0.999999;0.931414;0.604924;-1.295882;-1.278364;
0.128880;0.999999;0.931295;0.604378;-1.296919;-1.279930;
0.128900;0.999999;0.931090;0.603805;-1.297888;-1.281424;
0.128920;0.999999;0.930804;0.603214;-1.298789;-1.282845;
0.128940;0.999999;0.930443;0.602613;-1.299621;-1.284194;
0.128960;0.999999;0.930014;0.602012;-1.300384;-1.285472;
0.128980;0.999999;0.929526;0.601419;-1.301078;-1.286680;
0.129000;0.999999;0.928988;0.600841;-1.301703;-1.287818;
0.129020;0.999999;0.928410;0.600287;-1.302259;-1.288887;
0.129040;0.999999;0.927802;0.599763;-1.302746;-1.289888;
0.129060;0.999999;0.927176;0.599275;-1.303165;-1.290822;
0.129080;0.999999;0.926542;0.598829;-1.303515;-1.291690;
0.129100;0.999999;0.925910;0.598428;-1.303799;-1.292493;
0.129120;0.999999;0.925291;0.598076;-1.304016;-1.293231;
0.129140;0.999999;0.924695;0.597775;-1.304167;-1.293906;
0.129160;0.999999;0.924129;0.597525;-1.304254;-1.294519;
0.129180;0.999999;0.923602;0.597327;-1.304277;-1.295071;
0.129200;0.999999;0.923119;0.597180;-1.304238;-1.295563;
0.129220;0.999999;0.922686;0.597081;-1.304138;-1.295996;
0.129240;0.999999;0.922306;0.597028;-1.303978;-1.296371;
0.129260;1.000000;0.921980;0.597017;-1.303760;-1.296689;
0.129280;1.000000;0.921709;0.597044;-1.303486;-1.296951;
0.129300;1.000000;0.921491;0.597103;-1.303156;-1.297159;
0.129320;1.000000;0.921325;0.597189;-1.302773;-1.297313;
0.129340;1.000000;0.921205;0.597298;-1.302338;-1.297415;
0.129360;1.000000;0.921128;0.597421;-1.301852;-1.297466;
0.129380;1.000000;0.921086;0.597555;-1.301317;-1.297467;
0.129400;1.000000;0.921072;0.597692;-1.300734;-1.297418;
0.129420;1.000000;0.921079;0.597826;-1.300104;-1.297322;
0.129440;1.000000;0.921098;0.597952;-1.299430;-1.297180;
0.129460;1.000000;0.921121;0.598065;-1.298712;-1.296991;
0.129480;1.000000;0.921140;0.598159;-1.297951;-1.296759;
0.129500;1.000000;0.921146;0.598229;-1.297148;-1.296483;
0.129520;1.000000;0.921132;0.598271;-1.296303;-1.296165;
0.129540;1.000000;0.921090;0.598281;-1.295419;-1.295806;
0.129560;1.000000;0.921014;0.598255;-1.294494;-1.295407;
0.129580;1.000000;0.920897;0.598192;-1.293530;-1.294970;
0.129600;1.000000;0.920736;0.598088;-1.292527;-1.294494;
0.129620;1.000000;0.920526;0.597941;-1.291485;-1.293982;
0.129640;1.000000;0.920264;0.597750;-1.290404;-1.293434;
0.129660;1.000000;0.919949;0.597515;-1.289284;-1.292850;
0.129680;1.000000;0.919579;0.597236;-1.288125;-1.292233;
0.129700;1.000000;0.919155;0.596912;-1.286926;-1.291583;
0.129720;1.000000;0.918678;0.596544;-1.285687;-1.290900;
0.129740;1.000000;0.918150;0.596135;-1.284407;-1.290186;
0.129760;1.000000;0.917572;0.595687;-1.283086;-1.289440;
0.129780;1.000000;0.916950;0.595201;-1.281723;-1.288663;
0.129800;1.000000;0.916286;0.594683;-1.280318;-1.287857;
0.129820;1.000000;0.915586;0.594136;-1.278869;-1.287020;
0.129840;1.000000;0.914854;0.593564;-1.277377;-1.286154;
0.129860;1.000000;0.914096;0.592973;-1.275840;-1.285258;
0.129880;1.000000;0.913318;0.592369;-1.274258;-1.284333;
0.129900;1.000000;0.912525;0.591760;-1.272630;-1.283378;
0.129920;1.000000;0.911725;0.591150;-1.270956;-1.282393;
0.129940;1.000000;0.910924;0.590550;-1.269235;-1.281379;
0.129960;1.000000;0.910129;0.589966;-1.267468;-1.280334;
0.129980;1.000000;0.909348;0.589408;-1.265654;-1.279257;
0.130000;1.000000;0.908587;0.588883;-1.263792;-1.278149;
0.130020;1.000000;0.907855;0.588401;-1.261884;-1.277009;
0.130040;1.000000;0.907159;0.587971;-1.259929;-1.275835;
0.130060;1.000000;0.906508;0.587602;-1.257928;-1.274628;
0.130080;1.000000;0.905910;0.587301;-1.255881;-1.273384;
0.130100;1.000000;0.905373;0.587078;-1.253789;-1.272105;
0.130120;1.000000;0.904906;0.586940;-1.251654;-1.270788;
0.130140;1.000000;0.904517;0.586894;-1.249476;-1.269432;
0.130160;1.000000;0.904214;0.586946;-1.247257;-1.268037;
0.130180;1.000000;0.904005;0.587101;-1.244997;-1.266600;
0.130200;1.000000;0.903898;0.587362;-1.242699;-1.265120;
0.130220;1.000000;0.903899;0.587733;-1.240364;-1.263597;
0.130240;1.000000;0.904016;0.588214;-1.237993;-1.262029;
0.130260;1.000000;0.904252;0.588806;-1.235589;-1.260414;
0.130280;1.000000;0.904613;0.589507;-1.233154;-1.258751;
0.130300;1.000000;0.905101;0.590313;-1.230689;-1.257040;
0.130320;1.000000;0.905718;0.591219;-1.228197;-1.255278;
0.130340;1.000000;0.906464;0.592221;-1.225678;-1.253466;
0.130360;1.000000;0.907337;0.593309;-1.223135;-1.251602;
0.130380;1.000000;0.908333;0.594474;-1.220571;-1.249686;
0.130400;1.000000;0.909447;0.595708;-1.217985;-1.247717;
0.130420;1.000000;0.910672;0.596997;-1.215381;-1.245694;
0.130440;1.000000;0.911999;0.598330;-1.212759;-1.243616;
0.130460;1.000000;0.913416;0.599694;-1.210121;-1.241485;
0.130480;1.000000;0.914911;0.601074;-1.207468;-1.239300;
0.130500;1.000000;0.916469;0.602456;-1.204800;-1.237061;
0.130520;1.000000;0.918076;0.603827;-1.202118;-1.234767;
0.130540;1.000000;0.919713;0.605171;-1.199422;-1.232421;
0.130560;1.000000;0.921364;0.606475;-1.196713;-1.230023;
0.130580;1.000000;0.923009;0.607723;-1.193990;-1.227572;
0.130600;1.000000;0.924630;0.608904;-1.191253;-1.225071;
0.130620;1.000000;0.926208;0.610005;-1.188501;-1.222521;
0.130640;1.000000;0.927724;0.611013;-1.185732;-1.219922;
0.130660;1.000000;0.929159;0.611918;-1.182945;-1.217276;
0.130680;1.000000;0.930497;0.612711;-1.180140;-1.214585;
0.130700;1.000000;0.931721;0.613383;-1.177313;-1.211851;
0.130720;1.000000;0.932816;0.613927;-1.174462;-1.209075;
0.130740;1.000000;0.933768;0.614339;-1.171585;-1.206258;
0.130760;1.000000;0.934566;0.614614;-1.168679;-1.203404;
0.130780;1.000000;0.935200;0.614749;-1.165741;-1.200512;
0.130800;1.000000;0.935662;0.614744;-1.162768;-1.197587;
0.130820;1.000000;0.935947;0.614599;-1.159757;-1.194628;
0.130840;1.000000;0.936051;0.614316;-1.156704;-1.191638;
0.130860;1.000000;0.935974;0.613898;-1.153606;-1.188619;
0.130880;1.000000;0.935715;0.613351;-1.150459;-1.185572;
0.130900;1.000000;0.935280;0.612679;-1.147260;-1.182498;
0.130920;1.000000;0.934673;0.611890;-1.144004;-1.179399;
0.130940;1.000000;0.933901;0.610993;-1.140689;-1.176276;
0.130960;1.000000;0.932974;0.609997;-1.137311;-1.173130;
0.130980;1.000000;0.931904;0.608913;-1.133867;-1.169961;
0.131000;1.000000;0.930703;0.607753;-1.130353;-1.166770;
0.131020;1.000000;0.929385;0.606527;-1.126767;-1.163556;
0.131040;1.000000;0.927965;0.605250;-1.123106;-1.160321;
0.131060;1.000000;0.926461;0.603935;-1.119367;-1.157063;
0.131080;1.000000;0.924890;0.602596;-1.115549;-1.153782;
0.131100;1.000000;0.923269;0.601248;-1.111649;-1.150477;
0.131120;1.000000;0.921618;0.599905;-1.107666;-1.147147;
0.131140;1.000000;0.919955;0.598583;-1.103598;-1.143790;
0.131160;1.000000;0.918300;0.597295;-1.099446;-1.140404;
0.131180;1.000000;0.916671;0.596058;-1.095209;-1.136987;
0.131200;1.000000;0.915088;0.594884;-1.090886;-1.133537;
0.131220;1.000000;0.913570;0.593790;-1.086478;-1.130052;
0.131240;1.000000;0.912134;0.592787;-1.081985;-1.126528;
0.131260;1.000000;0.910797;0.591889;-1.077410;-1.122963;
0.131280;1.000000;0.909578;0.591107;-1.072753;-1.119353;
0.131300;1.000000;0.908491;0.590453;-1.068017;-1.115695;
0.131320;1.000000;0.907552;0.589935;-1.063203;-1.111986;
0.131340;1.000000;0.906773;0.589563;-1.058314;-1.108221;
0.131360;1.000000;0.906168;0.589342;-1.053353;-1.104398;
0.131380;1.000000;0.905747;0.589278;-1.048323;-1.100512;
0.131400;1.000000;0.905518;0.589374;-1.043227;-1.096560;
0.131420;1.000000;0.905490;0.589631;-1.038069;-1.092538;
0.131440;1.000000;0.905667;0.590049;-1.032852;-1.088443;
0.131460;1.000000;0.906053;0.590625;-1.027580;-1.084271;
0.131480;1.000000;0.906649;0.591356;-1.022256;-1.080018;
0.131500;1.000000;0.907454;0.592234;-1.016884;-1.075683;
0.131520;1.000000;0.908465;0.593251;-1.011468;-1.071262;
0.131540;1.000000;0.909674;0.594397;-1.006012;-1.066752;
0.131560;1.000000;0.911075;0.595660;-1.000519;-1.062151;
0.131580;1.000000;0.912656;0.597026;-0.994992;-1.057457;
0.131600;1.000000;0.914403;0.598479;-0.989434;-1.052668;
0.131620;1.000000;0.916302;0.600003;-0.983849;-1.047784;
0.131640;1.000000;0.918335;0.601580;-0.978239;-1.042803;
0.131660;1.000000;0.920482;0.603191;-0.972605;-1.037725;
0.131680;1.000000;0.922720;0.604816;-0.966951;-1.032549;
0.131700;1.000000;0.925027;0.606436;-0.961278;-1.027277;
0.131720;1.000000;0.927377;0.608029;-0.955586;-1.021909;
0.131740;1.000000;0.929746;0.609576;-0.949878;-1.016445;
0.131760;0.999999;0.932105;0.611057;-0.944152;-1.010889;
0.131780;0.999999;0.934428;0.612452;-0.938410;-1.005242;
0.131800;0.999999;0.936687;0.613743;-0.932650;-0.999506;
0.131820;0.999999;0.938855;0.614912;-0.926873;-0.993684;
0.131840;0.999999;0.940906;0.615943;-0.921076;-0.987781;
0.131860;0.999999;0.942813;0.616822;-0.915259;-0.981798;
0.131880;0.999999;0.944552;0.617535;-0.909419;-0.975741;
0.131900;0.999999;0.946101;0.618071;-0.903554;-0.969613;
0.131920;0.999999;0.947437;0.618421;-0.897662;-0.963419;
0.131940;0.999999;0.948543;0.618577;-0.891741;-0.957164;
0.131960;0.999999;0.949401;0.618536;-0.885786;-0.950852;
0.131980;0.999999;0.949998;0.618293;-0.879795;-0.944488;
0.132000;0.999999;0.950322;0.617849;-0.873764;-0.938078;
0.132020;0.999999;0.950365;0.617205;-0.867691;-0.931627;
0.132040;0.999999;0.950122;0.616365;-0.861571;-0.925139;
0.132060;0.999999;0.949591;0.615334;-0.855402;-0.918620;
0.132080;1.000000;0.948773;0.614122;-0.849179;-0.912074;
0.132100;1.000000;0.947672;0.612737;-0.842900;-0.905508;
0.132120;1.000000;0.946295;0.611192;-0.836562;-0.898924;
0.132140;1.000000;0.944653;0.609501;-0.830161;-0.892327;
0.132160;1.000000;0.942758;0.607677;-0.823695;-0.885722;
0.132180;1.000000;0.940628;0.605739;-0.817162;-0.879113;
0.132200;1.000000;0.938279;0.603703;-0.810559;-0.872502;
0.132220;1.000000;0.935734;0.601588;-0.803886;-0.865894;
0.132240;1.000000;0.933015;0.599415;-0.797139;-0.859290;
0.132260;1.000000;0.930148;0.597203;-0.790320;-0.852693;
0.132280;1.000000;0.927158;0.594974;-0.783427;-0.846105;
0.132300;1.000000;0.924074;0.592749;-0.776461;-0.839528;
0.132320;1.000000;0.920926;0.590548;-0.769421;-0.832961;
0.132340;1.000000;0.917743;0.588395;-0.762310;-0.826407;
0.132360;1.000000;0.914557;0.586309;-0.755129;-0.819864;
0.132380;1.000000;0.911396;0.584311;-0.747879;-0.813333;
0.132400;1.000000;0.908294;0.582421;-0.740564;-0.806813;
0.132420;1.000000;0.905279;0.580659;-0.733187;-0.800302;
0.132440;1.000000;0.902382;0.579042;-0.725750;-0.793799;
0.132460;1.000000;0.899631;0.577588;-0.718259;-0.787301;
0.132480;1.000000;0.897055;0.576312;-0.710716;-0.780807;
0.132500;1.000000;0.894678;0.575228;-0.703127;-0.774314;
0.132520;1.000000;0.892525;0.574348;-0.695497;-0.767819;
0.132540;1.000000;0.890619;0.573684;-0.687831;-0.761319;
0.132560;1.000000;0.888979;0.573242;-0.680134;-0.754810;
0.132580;1.000000;0.887623;0.573031;-0.672413;-0.748288;
0.132600;1.000000;0.886566;0.573053;-0.664672;-0.741751;
0.132620;1.000000;0.885819;0.573311;-0.656917;-0.735195;
0.132640;1.000000;0.885392;0.573804;-0.649155;-0.728615;
0.132660;1.000000;0.885290;0.574530;-0.641391;-0.722008;
0.132680;1.000000;0.885515;0.575482;-0.633631;-0.715372;
0.132700;1.000000;0.886068;0.576653;-0.625880;-0.708701;
0.132720;1.000000;0.886943;0.578033;-0.618142;-0.701994;
0.132740;1.000000;0.888133;0.579608;-0.610425;-0.695246;
0.132760;1.000000;0.889627;0.581366;-0.602730;-0.688456;
0.132780;1.000000;0.891410;0.583288;-0.595064;-0.681621;
0.132800;1.000000;0.893466;0.585355;-0.587430;-0.674738;
0.132820;1.000000;0.895773;0.587548;-0.579831;-0.667807;
0.132840;1.000000;0.898309;0.589844;-0.572270;-0.660825;
0.132860;1.000000;0.901047;0.592220;-0.564750;-0.653791;
0.132880;1.000000;0.903960;0.594650;-0.557271;-0.646706;
0.132900;1.000000;0.907017;0.597111;-0.549836;-0.639568;
0.132920;1.000000;0.910186;0.599577;-0.542445;-0.632379;
0.132940;1.000000;0.913434;0.602020;-0.535099;-0.625138;
0.132960;1.000000;0.916727;0.604417;-0.527796;-0.617848;
0.132980;1.000000;0.920030;0.606741;-0.520535;-0.610510;
0.133000;1.000000;0.923307;0.608967;-0.513316;-0.603126;
0.133020;1.000000;0.926524;0.611073;-0.506136;-0.595698;
0.133040;1.000000;0.929646;0.613037;-0.498992;-0.588230;
0.133060;1.000000;0.932641;0.614836;-0.491881;-0.580724;
0.133080;1.000000;0.935475;0.616453;-0.484801;-0.573183;
0.133100;1.000000;0.938118;0.617872;-0.477746;-0.565613;
0.133120;1.000000;0.940542;0.619076;-0.470712;-0.558016;
0.133140;1.000000;0.942721;0.620055;-0.463696;-0.550397;
0.133160;1.000000;0.944632;0.620799;-0.456692;-0.542760;
0.133180;1.000000;0.946253;0.621300;-0.449695;-0.535109;
0.133200;1.000000;0.947567;0.621555;-0.442701;-0.527450;
0.133220;1.000000;0.948561;0.621562;-0.435703;-0.519786;
0.133240;1.000000;0.949223;0.621322;-0.428697;-0.512123;
0.133260;1.000000;0.949546;0.620840;-0.421678;-0.504464;
0.133280;1.000000;0.949527;0.620121;-0.414640;-0.496813;
0.133300;1.000000;0.949165;0.619175;-0.407579;-0.489176;
0.133320;1.000000;0.948466;0.618014;-0.400489;-0.481555;
0.133340;1.000000;0.947435;0.616650;-0.393368;-0.473954;
0.133360;1.000000;0.946084;0.615100;-0.386209;-0.466376;
0.133380;1.000000;0.944428;0.613382;-0.379011;-0.458825;
0.133400;1.000000;0.942483;0.611514;-0.371769;-0.451302;
0.133420;1.000000;0.940272;0.609518;-0.364480;-0.443810;
0.133440;1.000000;0.937817;0.607415;-0.357142;-0.436350;
0.133460;1.000000;0.935145;0.605229;-0.349754;-0.428924;
0.133480;1.000000;0.932285;0.602984;-0.342313;-0.421532;
0.133500;1.000000;0.929266;0.600703;-0.334819;-0.414175;
0.133520;1.000000;0.926123;0.598412;-0.327271;-0.406852;
0.133540;1.000000;0.922887;0.596134;-0.319670;-0.399562;
0.133560;1.000000;0.919595;0.593895;-0.312016;-0.392304;
0.133580;1.000000;0.916282;0.591719;-0.304310;-0.385077;
0.133600;1.000000;0.912984;0.589628;-0.296554;-0.377878;
0.133620;1.000000;0.909736;0.587645;-0.288750;-0.370705;
0.133640;1.000000;0.906574;0.585792;-0.280900;-0.363555;
0.133660;1.000000;0.903533;0.584089;-0.273008;-0.356424;
0.133680;1.000000;0.900647;0.582555;-0.265077;-0.349309;
0.133700;1.000000;0.897946;0.581205;-0.257110;-0.342206;
0.133720;1.000000;0.895461;0.580056;-0.249112;-0.335109;
0.133740;1.000000;0.893220;0.579121;-0.241085;-0.328016;
0.133760;1.000000;0.891249;0.578410;-0.233035;-0.320921;
0.133780;1.000000;0.889570;0.577932;-0.224966;-0.313819;
0.133800;1.000000;0.888201;0.577695;-0.216882;-0.306706;
0.133820;1.000000;0.887161;0.577701;-0.208788;-0.299576;
0.133840;1.000000;0.886461;0.577952;-0.200688;-0.292424;
0.133860;1.000000;0.886112;0.578448;-0.192586;-0.285247;
0.133880;1.000000;0.886117;0.579184;-0.184487;-0.278039;
0.133900;1.000000;0.886481;0.580153;-0.176393;-0.270795;
0.133920;1.000000;0.887199;0.581349;-0.168309;-0.263512;
0.133940;1.000000;0.888267;0.582758;-0.160239;-0.256185;
0.133960;1.000000;0.889675;0.584367;-0.152184;-0.248810;
0.133980;1.000000;0.891410;0.586160;-0.144148;-0.241384;
0.134000;1.000000;0.893455;0.588119;-0.136132;-0.233905;
0.134020;1.000000;0.895790;0.590224;-0.128138;-0.226368;
0.134040;1.000000;0.898392;0.592453;-0.120168;-0.218772;
0.134060;1.000000;0.901235;0.594782;-0.112222;-0.211116;
0.134080;1.000000;0.904290;0.597186;-0.104301;-0.203397;
0.134100;1.000000;0.907526;0.599640;-0.096404;-0.195615;
0.134120;1.000000;0.910910;0.602117;-0.088530;-0.187769;
0.134140;1.000000;0.914407;0.604589;-0.080678;-0.179859;
0.134160;1.000000;0.917982;0.607031;-0.072848;-0.171887;
0.134180;1.000000;0.921598;0.609415;-0.065036;-0.163852;
0.134200;1.000000;0.925218;0.611714;-0.057240;-0.155756;
0.134220;1.000000;0.928804;0.613903;-0.049457;-0.147601;
0.134240;1.000000;0.932318;0.615958;-0.041684;-0.139389;
0.134260;1.000000;0.935726;0.617856;-0.033918;-0.131123;
0.134280;1.000000;0.938991;0.619575;-0.026154;-0.122805;
0.134300;1.000000;0.942080;0.621097;-0.018389;-0.114439;
0.134320;1.000000;0.944960;0.622405;-0.010619;-0.106028;
0.134340;1.000000;0.947602;0.623485;-0.002839;-0.097576;
0.134360;1.000000;0.949979;0.624324;0.004955;-0.089087;
0.134380;1.000000;0.952064;0.624913;0.012766;-0.080565;
0.134400;1.000000;0.953838;0.625247;0.020601;-0.072014;
0.134420;1.000000;0.955281;0.625322;0.028461;-0.063439;
0.134440;1.000000;0.956378;0.625137;0.036352;-0.054842;
0.134460;1.000000;0.957119;0.624695;0.044278;-0.046230;
0.134480;1.000000;0.957494;0.624002;0.052240;-0.037606;
0.134500;1.000000;0.957500;0.623065;0.060244;-0.028974;
0.134520;1.000000;0.957138;0.621896;0.068291;-0.020338;
0.134540;1.000000;0.956410;0.620506;0.076383;-0.011701;
0.134560;1.000000;0.955325;0.618912;0.084524;-0.003069;
0.134580;1.000000;0.953893;0.617132;0.092714;0.005558;
0.134600;1.000000;0.952130;0.615183;0.100954;0.014174;
0.134620;1.000000;0.950054;0.613088;0.109245;0.022778;
0.134640;1.000000;0.947687;0.610869;0.117588;0.031367;
0.134660;1.000000;0.945052;0.608548;0.125980;0.039938;
0.134680;1.000000;0.942179;0.606151;0.134422;0.048491;
0.134700;1.000000;0.939096;0.603701;0.142912;0.057023;
0.134720;1.000000;0.935836;0.601224;0.151448;0.065533;
0.134740;1.000000;0.932433;0.598745;0.160027;0.074021;
0.134760;1.000000;0.928922;0.596289;0.168647;0.082487;
0.134780;1.000000;0.925340;0.593881;0.177304;0.090929;
0.134800;1.000000;0.921725;0.591543;0.185994;0.099348;
0.134820;1.000000;0.918113;0.589300;0.194713;0.107745;
0.134840;1.000000;0.914542;0.587172;0.203457;0.116120;
0.134860;1.000000;0.911050;0.585181;0.212221;0.124474;
0.134880;1.000000;0.907671;0.583345;0.221000;0.132809;
0.134900;1.000000;0.904442;0.581683;0.229789;0.141125;
0.134920;1.000000;0.901394;0.580209;0.238583;0.149425;
0.134940;1.000000;0.898559;0.578939;0.247376;0.157710;
0.134960;1.000000;0.895965;0.577884;0.256162;0.165981;
0.134980;1.000000;0.893638;0.577054;0.264938;0.174242;
0.135000;1.000000;0.891602;0.576456;0.273696;0.182492;
0.135020;1.000000;0.889876;0.576096;0.282433;0.190735;
0.135040;1.000000;0.888477;0.575978;0.291142;0.198972;
0.135060;1.000000;0.887418;0.576101;0.299820;0.207204;
0.135080;1.000000;0.886707;0.576465;0.308463;0.215434;
0.135100;1.000000;0.886352;0.577066;0.317064;0.223663;
0.135120;1.000000;0.886353;0.577896;0.325622;0.231891;
0.135140;1.000000;0.886709;0.578949;0.334132;0.240121;
0.135160;1.000000;0.887414;0.580212;0.342592;0.248354;
0.135180;1.000000;0.888460;0.581672;0.350998;0.256589;
0.135200;1.000000;0.889834;0.583315;0.359349;0.264827;
0.135220;1.000000;0.891520;0.585123;0.367643;0.273069;
0.135240;1.000000;0.893499;0.587077;0.375879;0.281314;
0.135260;1.000000;0.895749;0.589157;0.384055;0.289563;
0.135280;1.000000;0.898245;0.591340;0.392171;0.297814;
0.135300;1.000000;0.900961;0.593605;0.400228;0.306066;
0.135320;1.000000;0.903867;0.595926;0.408226;0.314319;
0.135340;1.000000;0.906933;0.598278;0.416165;0.322570;
0.135360;1.000000;0.910126;0.600638;0.424048;0.330819;
0.135380;1.000000;0.913412;0.602978;0.431875;0.339063;
0.135400;1.000000;0.916757;0.605275;0.439649;0.347301;
0.135420;1.000000;0.920126;0.607503;0.447371;0.355529;
0.135440;1.000000;0.923484;0.609640;0.455045;0.363746;
0.135460;1.000000;0.926797;0.611661;0.462673;0.371948;
0.135480;1.000000;0.930029;0.613546;0.470258;0.380134;
0.135500;1.000000;0.933149;0.615274;0.477802;0.388300;
0.135520;1.000000;0.936124;0.616829;0.485309;0.396443;
0.135540;1.000000;0.938923;0.618193;0.492782;0.404561;
0.135560;1.000000;0.941519;0.619354;0.500223;0.412650;
0.135580;1.000000;0.943885;0.620301;0.507637;0.420708;
0.135600;1.000000;0.945997;0.621023;0.515025;0.428732;
0.135620;1.000000;0.947835;0.621517;0.522390;0.436719;
0.135640;1.000000;0.949381;0.621778;0.529736;0.444666;
0.135660;1.000000;0.950620;0.621805;0.537063;0.452571;
0.135680;1.000000;0.951540;0.621601;0.544375;0.460432;
0.135700;1.000000;0.952134;0.621170;0.551673;0.468246;
0.135720;1.000000;0.952397;0.620520;0.558959;0.476012;
0.135740;1.000000;0.952328;0.619660;0.566233;0.483728;
0.135760;1.000000;0.951930;0.618600;0.573497;0.491392;
0.135780;1.000000;0.951208;0.617356;0.580751;0.499004;
0.135800;1.000000;0.950173;0.615943;0.587996;0.506562;
0.135820;1.000000;0.948837;0.614377;0.595230;0.514066;
0.135840;1.000000;0.947216;0.612678;0.602454;0.521516;
0.135860;1.000000;0.945331;0.610863;0.609667;0.528911;
0.135880;1.000000;0.943201;0.608955;0.616867;0.536251;
0.135900;1.000000;0.940853;0.606974;0.624053;0.543537;
0.135920;1.000000;0.938312;0.604941;0.631223;0.550769;
0.135940;1.000000;0.935606;0.602878;0.638375;0.557950;
0.135960;1.000000;0.932767;0.600807;0.645507;0.565078;
0.135980;1.000000;0.929824;0.598747;0.652616;0.572157;
0.136000;1.000000;0.926810;0.596721;0.659700;0.579187;
0.136020;1.000000;0.923758;0.594748;0.666755;0.586171;
0.136040;1.000000;0.920699;0.592848;0.673779;0.593109;
0.136060;1.000000;0.917666;0.591037;0.680769;0.600005;
0.136080;1.000000;0.914691;0.589333;0.687722;0.606859;
0.136100;1.000000;0.911804;0.587753;0.694635;0.613675;
0.136120;1.000000;0.909033;0.586309;0.701505;0.620454;
0.136140;1.000000;0.906408;0.585015;0.708329;0.627198;
0.136160;1.000000;0.903952;0.583882;0.715105;0.633911;
0.136180;1.000000;0.901690;0.582919;0.721829;0.640593;
0.136200;1.000000;0.899643;0.582135;0.728501;0.647246;
0.136220;1.000000;0.897828;0.581535;0.735118;0.653874;
0.136240;1.000000;0.896262;0.581123;0.741677;0.660477;
0.136260;1.000000;0.894958;0.580903;0.748178;0.667058;
0.136280;1.000000;0.893926;0.580873;0.754619;0.673617;
0.136300;1.000000;0.893172;0.581034;0.761000;0.680158;
0.136320;1.000000;0.892701;0.581381;0.767320;0.686679;
0.136340;1.000000;0.892514;0.581910;0.773579;0.693184;
0.136360;1.000000;0.892610;0.582613;0.779776;0.699673;
0.136380;1.000000;0.892984;0.583482;0.785913;0.706145;
0.136400;1.000000;0.893629;0.584507;0.791990;0.712603;
0.136420;1.000000;0.894535;0.585674;0.798009;0.719046;
0.136440;1.000000;0.895689;0.586972;0.803971;0.725475;
0.136460;1.000000;0.897078;0.588383;0.809877;0.731888;
0.136480;1.000000;0.898685;0.589893;0.815730;0.738287;
0.136500;1.000000;0.900489;0.591484;0.821533;0.744670;
0.136520;1.000000;0.902472;0.593136;0.827287;0.751037;
0.136540;1.000000;0.904610;0.594832;0.832997;0.757387;
0.136560;1.000000;0.906880;0.596552;0.838663;0.763719;
0.136580;1.000000;0.909257;0.598276;0.844290;0.770033;
0.136600;1.000000;0.911715;0.599983;0.849881;0.776326;
0.136620;1.000000;0.914226;0.601654;0.855440;0.782599;
0.136640;1.000000;0.916765;0.603271;0.860968;0.788849;
0.136660;1.000000;0.919304;0.604814;0.866471;0.795076;
0.136680;1.000000;0.921814;0.606266;0.871950;0.801278;
0.136700;1.000000;0.924271;0.607611;0.877409;0.807453;
0.136720;1.000000;0.926646;0.608834;0.882852;0.813602;
0.136740;1.000000;0.928915;0.609921;0.888281;0.819721;
0.136760;1.000000;0.931053;0.610862;0.893698;0.825811;
0.136780;1.000000;0.933039;0.611647;0.899107;0.831870;
0.136800;1.000000;0.934850;0.612268;0.904509;0.837898;
0.136820;1.000000;0.936468;0.612720;0.909907;0.843892;
0.136840;1.000000;0.937875;0.613000;0.915302;0.849854;
0.136860;1.000000;0.939059;0.613108;0.920696;0.855781;
0.136880;1.000000;0.940006;0.613044;0.926090;0.861674;
0.136900;1.000000;0.940708;0.612812;0.931485;0.867533;
0.136920;1.000000;0.941159;0.612418;0.936881;0.873356;
0.136940;1.000000;0.941355;0.611870;0.942279;0.879145;
0.136960;1.000000;0.941296;0.611176;0.947677;0.884900;
0.136980;1.000000;0.940985;0.610347;0.953077;0.890621;
0.137000;1.000000;0.940429;0.609397;0.958477;0.896308;
0.137020;1.000000;0.939634;0.608338;0.963877;0.901962;
0.137040;1.000000;0.938613;0.607184;0.969274;0.907584;
0.137060;1.000000;0.937380;0.605952;0.974667;0.913175;
0.137080;1.000000;0.935952;0.604657;0.980055;0.918736;
0.137100;1.000000;0.934346;0.603315;0.985435;0.924268;
0.137120;1.000000;0.932583;0.601943;0.990805;0.929772;
0.137140;1.000000;0.930685;0.600556;0.996163;0.935251;
0.137160;1.000000;0.928676;0.599171;1.001507;0.940704;
0.137180;1.000000;0.926581;0.597803;1.006833;0.946134;
0.137200;1.000000;0.924423;0.596467;1.012140;0.951541;
0.137220;1.000000;0.922228;0.595176;1.017424;0.956928;
0.137240;1.000000;0.920022;0.593944;1.022682;0.962296;
0.137260;1.000000;0.917830;0.592783;1.027913;0.967645;
0.137280;1.000000;0.915675;0.591704;1.033113;0.972978;
0.137300;1.000000;0.913580;0.590717;1.038280;0.978295;
0.137320;1.000000;0.911568;0.589831;1.043411;0.983597;
0.137340;1.000000;0.909659;0.589054;1.048504;0.988885;
0.137360;1.000000;0.907872;0.588392;1.053557;0.994161;
0.137380;1.000000;0.906222;0.587849;1.058568;0.999424;
0.137400;1.000000;0.904726;0.587431;1.063535;1.004675;
0.137420;1.000000;0.903395;0.587140;1.068457;1.009915;
0.137440;1.000000;0.902240;0.586977;1.073331;1.015142;
0.137460;1.000000;0.901269;0.586943;1.078158;1.020358;
0.137480;1.000000;0.900489;0.587036;1.082935;1.025562;
0.137500;1.000000;0.899903;0.587256;1.087662;1.030754;
0.137520;1.000000;0.899513;0.587599;1.092338;1.035931;
0.137540;1.000000;0.899319;0.588061;1.096964;1.041095;
0.137560;1.000000;0.899319;0.588636;1.101539;1.046243;
0.137580;1.000000;0.899510;0.589318;1.106064;1.051374;
0.137600;1.000000;0.899885;0.590101;1.110538;1.056487;
0.137620;1.000000;0.900439;0.590976;1.114961;1.061580;
0.137640;1.000000;0.901163;0.591934;1.119336;1.066652;
0.137660;1.000000;0.902047;0.592964;1.123662;1.071699;
0.137680;1.000000;0.903080;0.594058;1.127939;1.076720;
0.137700;1.000000;0.904252;0.595202;1.132171;1.081714;
0.137720;1.000000;0.905547;0.596387;1.136356;1.086676;
0.137740;1.000000;0.906954;0.597598;1.140497;1.091606;
0.137760;1.000000;0.908458;0.598825;1.144594;1.096500;
0.137780;1.000000;0.910043;0.600053;1.148648;1.101356;
0.137800;1.000000;0.911694;0.601272;1.152662;1.106172;
0.137820;1.000000;0.913395;0.602467;1.156635;1.110945;
0.137840;1.000000;0.915129;0.603627;1.160568;1.115672;
0.137860;1.000000;0.916880;0.604741;1.164463;1.120352;
0.137880;1.000000;0.918630;0.605796;1.168321;1.124981;
0.137900;1.000000;0.920364;0.606784;1.172141;1.129557;
0.137920;1.000000;0.922065;0.607695;1.175925;1.134078;
0.137940;1.000000;0.923718;0.608520;1.179674;1.138542;
0.137960;1.000000;0.925305;0.609253;1.183386;1.142946;
0.137980;1.000000;0.926814;0.609889;1.187063;1.147290;
0.138000;1.000000;0.928231;0.610422;1.190704;1.151571;
0.138020;1.000000;0.929543;0.610850;1.194308;1.155788;
0.138040;1.000000;0.930739;0.611173;1.197877;1.159938;
0.138060;1.000000;0.931809;0.611389;1.201408;1.164022;
0.138080;1.000000;0.932745;0.611501;1.204901;1.168038;
0.138100;1.000000;0.933541;0.611512;1.208355;1.171985;
0.138120;1.000000;0.934192;0.611426;1.211769;1.175862;
0.138140;1.000000;0.934695;0.611249;1.215141;1.179669;
0.138160;1.000000;0.935051;0.610988;1.218471;1.183406;
0.138180;1.000000;0.935260;0.610651;1.221756;1.187072;
0.138200;1.000000;0.935325;0.610245;1.224994;1.190667;
0.138220;1.000000;0.935252;0.609780;1.228185;1.194192;
0.138240;1.000000;0.935048;0.609266;1.231327;1.197647;
0.138260;1.000000;0.934721;0.608712;1.234416;1.201033;
0.138280;1.000000;0.934282;0.608129;1.237452;1.204349;
0.138300;1.000000;0.933742;0.607525;1.240433;1.207597;
0.138320;1.000000;0.933113;0.606911;1.243356;1.210778;
0.138340;1.000000;0.932410;0.606296;1.246219;1.213891;
0.138360;1.000000;0.931646;0.605688;1.249022;1.216940;
0.138380;1.000000;0.930836;0.605095;1.251761;1.219924;
0.138400;1.000000;0.929994;0.604524;1.254436;1.222844;
0.138420;1.000000;0.929136;0.603982;1.257044;1.225702;
0.138440;1.000000;0.928274;0.603474;1.259584;1.228499;
0.138460;1.000000;0.927422;0.603003;1.262055;1.231236;
0.138480;1.000000;0.926592;0.602575;1.264454;1.233914;
0.138500;1.000000;0.925795;0.602191;1.266782;1.236534;
0.138520;1.000000;0.925042;0.601853;1.269037;1.239098;
0.138540;1.000000;0.924341;0.601562;1.271217;1.241606;
0.138560;1.000000;0.923698;0.601318;1.273323;1.244060;
0.138580;1.000000;0.923119;0.601120;1.275354;1.246459;
0.138600;1.000000;0.922608;0.600967;1.277309;1.248807;
0.138620;1.000000;0.922168;0.600857;1.279189;1.251102;
0.138640;1.000000;0.921798;0.600787;1.280992;1.253346;
0.138660;1.000000;0.921499;0.600755;1.282719;1.255539;
0.138680;1.000000;0.921268;0.600756;1.284370;1.257682;
0.138700;1.000000;0.921103;0.600788;1.285945;1.259775;
0.138720;1.000000;0.920999;0.600847;1.287446;1.261818;
0.138740;1.000000;0.920952;0.600927;1.288871;1.263812;
0.138760;1.000000;0.920956;0.601026;1.290223;1.265757;
0.138780;1.000000;0.921006;0.601138;1.291501;1.267653;
0.138800;1.000000;0.921095;0.601260;1.292707;1.269499;
0.138820;1.000000;0.921217;0.601385;1.293841;1.271296;
0.138840;1.000000;0.921365;0.601511;1.294904;1.273043;
0.138860;1.000000;0.921534;0.601632;1.295897;1.274740;
0.138880;1.000000;0.921717;0.601743;1.296821;1.276386;
0.138900;1.000000;0.921908;0.601841;1.297677;1.277982;
0.138920;1.000000;0.922101;0.601921;1.298467;1.279525;
0.138940;1.000000;0.922293;0.601978;1.299190;1.281016;
0.138960;1.000000;0.922477;0.602009;1.299848;1.282454;
0.138980;1.000000;0.922648;0.602010;1.300442;1.283838;
0.139000;1.000000;0.922804;0.601978;1.300973;1.285168;
0.139020;1.000000;0.922940;0.601908;1.301441;1.286442;
0.139040;1.000000;0.923052;0.601799;1.301848;1.287661;
0.139060;1.000000;0.923137;0.601649;1.302195;1.288822;
0.139080;1.000000;0.923193;0.601455;1.302482;1.289926;
0.139100;1.000000;0.923216;0.601217;1.302709;1.290972;
0.139120;1.000000;0.923204;0.600934;1.302878;1.291958;
0.139140;1.000000;0.923155;0.600607;1.302989;1.292884;
0.139160;1.000000;0.923067;0.600238;1.303043;1.293750;
0.139180;1.000000;0.922939;0.599827;1.303040;1.294554;
0.139200;1.000000;0.922770;0.599379;1.302982;1.295296;
0.139220;1.000000;0.922558;0.598896;1.302868;1.295976;
0.139240;1.000000;0.922304;0.598384;1.302699;1.296592;
0.139260;1.000000;0.922009;0.597848;1.302475;1.297145;
0.139280;1.000000;0.921673;0.597293;1.302198;1.297634;
0.139300;1.000000;0.921299;0.596727;1.301867;1.298059;
0.139320;1.000000;0.920888;0.596157;1.301484;1.298419;
0.139340;1.000000;0.920445;0.595590;1.301048;1.298715;
0.139360;1.000000;0.919973;0.595034;1.300561;1.298946;
0.139380;1.000000;0.919478;0.594498;1.300024;1.299112;
0.139400;1.000000;0.918965;0.593990;1.299436;1.299213;
0.139420;1.000000;0.918441;0.593518;1.298798;1.299250;
0.139440;1.000000;0.917912;0.593089;1.298112;1.299223;
0.139460;1.000000;0.917388;0.592712;1.297378;1.299132;
0.139480;1.000000;0.916875;0.592391;1.296598;1.298977;
0.139500;1.000000;0.916382;0.592134;1.295771;1.298760;
0.139520;1.000000;0.915918;0.591946;1.294900;1.298480;
0.139540;1.000000;0.915492;0.591829;1.293984;1.298139;
0.139560;1.000000;0.915111;0.591788;1.293026;1.297738;
0.139580;1.000000;0.914784;0.591824;1.292026;1.297277;
0.139600;1.000000;0.914517;0.591937;1.290986;1.296758;
0.139620;1.000000;0.914317;0.592127;1.289906;1.296181;
0.139640;1.000000;0.914188;0.592392;1.288788;1.295548;
0.139660;1.000000;0.914134;0.592728;1.287633;1.294860;
0.139680;1.000000;0.914159;0.593131;1.286442;1.294118;
0.139700;1.000000;0.914262;0.593595;1.285216;1.293324;
0.139720;1.000000;0.914443;0.594115;1.283957;1.292480;
0.139740;1.000000;0.914700;0.594682;1.282664;1.291588;
0.139760;1.000000;0.915029;0.595289;1.281341;1.290647;
0.139780;1.000000;0.915424;0.595927;1.279986;1.289662;
0.139800;1.000000;0.915879;0.596588;1.278602;1.288633;
0.139820;1.000000;0.916384;0.597260;1.277188;1.287561;
0.139840;1.000000;0.916930;0.597936;1.275745;1.286450;
0.139860;1.000000;0.917507;0.598606;1.274275;1.285301;
0.139880;1.000000;0.918103;0.599260;1.272777;1.284115;
0.139900;1.000000;0.918707;0.599889;1.271251;1.282895;
0.139920;1.000000;0.919304;0.600484;1.269698;1.281643;
0.139940;1.000000;0.919884;0.601038;1.268117;1.280360;
0.139960;1.000000;0.920434;0.601543;1.266509;1.279049;
0.139980;1.000000;0.920942;0.601993;1.264873;1.277710;
0.140000;1.000000;0.921397;0.602380;1.263208;1.276346;
0.140020;1.000000;0.921789;0.602701;1.261514;1.274959;
0.140040;1.000000;0.922108;0.602951;1.259790;1.273550;
0.140060;1.000000;0.922345;0.603126;1.258035;1.272121;
0.140080;1.000000;0.922495;0.603224;1.256248;1.270672;
0.140100;1.000000;0.922552;0.603245;1.254428;1.269206;
0.140120;1.000000;0.922512;0.603187;1.252574;1.267723;
0.140140;1.000000;0.922374;0.603051;1.250685;1.266225;
0.140160;1.000000;0.922135;0.602838;1.248758;1.264711;
0.140180;1.000000;0.921797;0.602550;1.246793;1.263184;
0.140200;1.000000;0.921362;0.602191;1.244788;1.261643;
0.140220;1.000000;0.920835;0.601765;1.242742;1.260089;
0.140240;1.000000;0.920219;0.601276;1.240653;1.258521;
0.140260;1.000000;0.919522;0.600730;1.238519;1.256941;
0.140280;1.000000;0.918750;0.600132;1.236340;1.255346;
0.140300;1.000000;0.917913;0.599492;1.234113;1.253738;
0.140320;1.000000;0.917018;0.598814;1.231839;1.252114;
0.140340;1.000000;0.916077;0.598109;1.229514;1.250475;
0.140360;1.000000;0.915100;0.597385;1.227139;1.248819;
0.140380;1.000000;0.914098;0.596652;1.224713;1.247144;
0.140400;1.000000;0.913082;0.595918;1.222235;1.245450;
0.140420;1.000000;0.912064;0.595194;1.219703;1.243734;
0.140440;1.000000;0.911057;0.594491;1.217119;1.241994;
0.140460;1.000000;0.910072;0.593820;1.214481;1.240228;
0.140480;1.000000;0.909121;0.593190;1.211790;1.238434;
0.140500;1.000000;0.908217;0.592612;1.209045;1.236610;
0.140520;1.000000;0.907372;0.592098;1.206247;1.234753;
0.140540;1.000000;0.906596;0.591656;1.203398;1.232859;
0.140560;1.000000;0.905903;0.591298;1.200496;1.230927;
0.140580;1.000000;0.905303;0.591031;1.197544;1.228953;
0.140600;1.000000;0.904806;0.590864;1.194543;1.226935;
0.140620;1.000000;0.904423;0.590804;1.191493;1.224869;
0.140640;1.000000;0.904163;0.590858;1.188397;1.222753;
0.140660;1.000000;0.904035;0.591032;1.185255;1.220584;
0.140680;1.000000;0.904046;0.591328;1.182070;1.218357;
0.140700;1.000000;0.904204;0.591749;1.178843;1.216072;
0.140720;1.000000;0.904515;0.592296;1.175575;1.213725;
0.140740;1.000000;0.904981;0.592969;1.172270;1.211313;
0.140760;1.000000;0.905607;0.593766;1.168928;1.208834;
0.140780;1.000000;0.906392;0.594681;1.165551;1.206285;
0.140800;1.000000;0.907338;0.595710;1.162142;1.203665;
0.140820;1.000000;0.908441;0.596844;1.158701;1.200971;
0.140840;1.000000;0.909697;0.598076;1.155232;1.198202;
0.140860;1.000000;0.911100;0.599394;1.151734;1.195356;
0.140880;1.000000;0.912641;0.600787;1.148209;1.192433;
0.140900;1.000000;0.914310;0.602241;1.144658;1.189430;
0.140920;1.000000;0.916096;0.603742;1.141083;1.186348;
0.140940;1.000000;0.917982;0.605275;1.137484;1.183186;
0.140960;1.000000;0.919954;0.606823;1.133861;1.179944;
0.140980;1.000000;0.921994;0.608370;1.130215;1.176622;
0.141000;1.000000;0.924083;0.609899;1.126545;1.173221;
0.141020;1.000000;0.926199;0.611393;1.122851;1.169742;
0.141040;1.000000;0.928322;0.612835;1.119132;1.166186;
0.141060;1.000000;0.930429;0.614208;1.115388;1.162554;
0.141080;1.000000;0.932498;0.615497;1.111616;1.158848;
0.141100;1.000000;0.934506;0.616685;1.107816;1.155070;
0.141120;1.000000;0.936431;0.617760;1.103985;1.151222;
0.141140;1.000000;0.938251;0.618707;1.100121;1.147307;
0.141160;1.000000;0.939944;0.619515;1.096222;1.143326;
0.141180;1.000000;0.941490;0.620174;1.092285;1.139283;
0.141200;1.000000;0.942871;0.620675;1.088307;1.135181;
0.141220;1.000000;0.944071;0.621010;1.084285;1.131022;
0.141240;1.000000;0.945072;0.621175;1.080215;1.126809;
0.141260;1.000000;0.945864;0.621166;1.076095;1.122546;
0.141280;1.000000;0.946436;0.620981;1.071920;1.118236;
0.141300;1.000000;0.946778;0.620620;1.067687;1.113881;
0.141320;1.000000;0.946886;0.620086;1.063393;1.109485;
0.141340;1.000000;0.946756;0.619383;1.059034;1.105051;
0.141360;1.000000;0.946389;0.618515;1.054606;1.100581;
0.141380;1.000000;0.945785;0.617489;1.050106;1.096077;
0.141400;1.000000;0.944951;0.616316;1.045530;1.091543;
0.141420;1.000000;0.943894;0.615004;1.040875;1.086980;
0.141440;1.000000;0.942622;0.613567;1.036139;1.082391;
0.141460;1.000000;0.941149;0.612015;1.031319;1.077776;
0.141480;1.000000;0.939489;0.610364;1.026411;1.073138;
0.141500;1.000000;0.937658;0.608629;1.021415;1.068478;
0.141520;1.000000;0.935673;0.606825;1.016329;1.063795;
0.141540;1.000000;0.933555;0.604969;1.011151;1.059092;
0.141560;1.000000;0.931325;0.603079;1.005879;1.054366;
0.141580;1.000000;0.929005;0.601173;1.000515;1.049619;
0.141600;1.000000;0.926618;0.599267;0.995057;1.044850;
0.141620;1.000000;0.924187;0.597381;0.989505;1.040058;
0.141640;1.000000;0.921737;0.595533;0.983862;1.035241;
0.141660;1.000000;0.919293;0.593741;0.978127;1.030397;
0.141680;1.000000;0.916880;0.592022;0.972303;1.025525;
0.141700;1.000000;0.914520;0.590393;0.966392;1.020623;
0.141720;1.000000;0.912239;0.588871;0.960396;1.015688;
0.141740;1.000000;0.910060;0.587472;0.954318;1.010717;
0.141760;1.000000;0.908005;0.586209;0.948162;1.005708;
0.141780;1.000000;0.906095;0.585097;0.941932;1.000656;
0.141800;1.000000;0.904351;0.584147;0.935630;0.995560;
0.141820;1.000000;0.902790;0.583370;0.929263;0.990415;
0.141840;1.000000;0.901432;0.582775;0.922833;0.985218;
0.141860;1.000000;0.900289;0.582369;0.916347;0.979965;
0.141880;1.000000;0.899376;0.582156;0.909808;0.974654;
0.141900;1.000000;0.898704;0.582141;0.903223;0.969281;
0.141920;1.000000;0.898282;0.582324;0.896595;0.963842;
0.141940;1.000000;0.898115;0.582703;0.889931;0.958335;
0.141960;1.000000;0.898208;0.583277;0.883235;0.952756;
0.141980;1.000000;0.898561;0.584039;0.876512;0.947103;
0.142000;1.000000;0.899173;0.584982;0.869767;0.941373;
0.142020;1.000000;0.900039;0.586095;0.863006;0.935565;
0.142040;1.000000;0.901153;0.587368;0.856231;0.929676;
0.142060;1.000000;0.902503;0.588786;0.849448;0.923704;
0.142080;1.000000;0.904077;0.590334;0.842660;0.917650;
0.142100;1.000000;0.905859;0.591994;0.835870;0.911512;
0.142120;1.000000;0.907832;0.593748;0.829083;0.905290;
0.142140;1.000000;0.909974;0.595575;0.822300;0.898984;
0.142160;1.000000;0.912262;0.597454;0.815524;0.892595;
0.142180;1.000000;0.914673;0.599365;0.808757;0.886125;
0.142200;1.000000;0.917178;0.601285;0.802001;0.879574;
0.142220;1.000000;0.919751;0.603189;0.795255;0.872945;
0.142240;1.000000;0.922361;0.605058;0.788520;0.866241;
0.142260;1.000000;0.924980;0.606867;0.781797;0.859464;
0.142280;1.000000;0.927576;0.608595;0.775085;0.852619;
0.142300;1.000000;0.930119;0.610222;0.768382;0.845708;
0.142320;1.000000;0.932578;0.611728;0.761687;0.838735;
0.142340;1.000000;0.934926;0.613094;0.754999;0.831707;
0.142360;1.000000;0.937132;0.614304;0.748315;0.824626;
0.142380;1.000000;0.939169;0.615343;0.741632;0.817499;
0.142400;1.000000;0.941013;0.616198;0.734947;0.810331;
0.142420;1.000000;0.942640;0.616858;0.728257;0.803126;
0.142440;1.000000;0.944028;0.617315;0.721559;0.795891;
0.142460;1.000000;0.945160;0.617562;0.714849;0.788632;
0.142480;1.000000;0.946018;0.617595;0.708123;0.781353;
0.142500;1.000000;0.946591;0.617413;0.701377;0.774061;
0.142520;1.000000;0.946869;0.617017;0.694608;0.766762;
0.142540;1.000000;0.946845;0.616411;0.687811;0.759460;
0.142560;1.000000;0.946516;0.615599;0.680983;0.752161;
0.142580;1.000000;0.945882;0.614590;0.674120;0.744871;
0.142600;1.000000;0.944948;0.613395;0.667219;0.737593;
0.142620;1.000000;0.943719;0.612024;0.660276;0.730332;
0.142640;1.000000;0.942206;0.610493;0.653288;0.723093;
0.142660;1.000000;0.940422;0.608817;0.646254;0.715880;
0.142680;1.000000;0.938384;0.607013;0.639170;0.708694;
0.142700;1.000000;0.936110;0.605100;0.632035;0.701541;
0.142720;1.000000;0.933623;0.603097;0.624847;0.694420;
0.142740;1.000000;0.930947;0.601026;0.617605;0.687336;
0.142760;1.000000;0.928107;0.598908;0.610310;0.680288;
0.142780;1.000000;0.925133;0.596765;0.602960;0.673278;
0.142800;1.000000;0.922054;0.594620;0.595557;0.666306;
0.142820;1.000000;0.918902;0.592495;0.588102;0.659372;
0.142840;1.000000;0.915707;0.590412;0.580595;0.652475;
0.142860;1.000000;0.912503;0.588394;0.573040;0.645613;
0.142880;1.000000;0.909324;0.586462;0.565438;0.638785;
0.142900;1.000000;0.906201;0.584637;0.557792;0.631989;
0.142920;1.000000;0.903169;0.582939;0.550106;0.625222;
0.142940;1.000000;0.900257;0.581388;0.542384;0.618481;
0.142960;1.000000;0.897499;0.580000;0.534629;0.611762;
0.142980;1.000000;0.894922;0.578792;0.526846;0.605062;
0.143000;1.000000;0.892555;0.577778;0.519039;0.598376;
0.143020;1.000000;0.890424;0.576971;0.511214;0.591700;
0.143040;1.000000;0.888553;0.576382;0.503376;0.585029;
0.143060;1.000000;0.886962;0.576019;0.495529;0.578359;
0.143080;1.000000;0.885671;0.575889;0.487678;0.571685;
0.143100;1.000000;0.884694;0.575995;0.479829;0.565002;
0.143120;1.000000;0.884045;0.576340;0.471988;0.558305;
0.143140;1.000000;0.883732;0.576923;0.464158;0.551589;
0.143160;1.000000;0.883761;0.577741;0.456344;0.544850;
0.143180;1.000000;0.884134;0.578788;0.448552;0.538083;
0.143200;1.000000;0.884850;0.580055;0.440785;0.531283;
0.143220;1.000000;0.885903;0.581533;0.433047;0.524447;
0.143240;1.000000;0.887286;0.583208;0.425342;0.517571;
0.143260;1.000000;0.888986;0.585065;0.417672;0.510650;
0.143280;1.000000;0.890987;0.587087;0.410040;0.503683;
0.143300;1.000000;0.893272;0.589254;0.402449;0.496667;
0.143320;1.000000;0.895818;0.591545;0.394899;0.489598;
0.143340;1.000000;0.898601;0.593939;0.387392;0.482476;
0.143360;1.000000;0.901594;0.596409;0.379928;0.475299;
0.143380;1.000000;0.904766;0.598932;0.372507;0.468066;
0.143400;1.000000;0.908087;0.601482;0.365128;0.460776;
0.143420;1.000000;0.911523;0.604032;0.357790;0.453430;
0.143440;1.000000;0.915040;0.606556;0.350491;0.446028;
0.143460;1.000000;0.918602;0.609026;0.343228;0.438571;
0.143480;1.000000;0.922173;0.611418;0.335999;0.431061;
0.143500;1.000000;0.925717;0.613706;0.328799;0.423499;
0.143520;1.000000;0.929197;0.615865;0.321626;0.415888;
0.143540;1.000000;0.932579;0.617872;0.314475;0.408231;
0.143560;1.000000;0.935828;0.619708;0.307340;0.400529;
0.143580;1.000000;0.938910;0.621351;0.300218;0.392787;
0.143600;1.000000;0.941794;0.622785;0.293103;0.385008;
0.143620;1.000000;0.944451;0.623994;0.285989;0.377196;
0.143640;1.000000;0.946853;0.624966;0.278870;0.369355;
0.143660;1.000000;0.948976;0.625692;0.271742;0.361488;
0.143680;1.000000;0.950799;0.626164;0.264597;0.353600;
0.143700;1.000000;0.952302;0.626378;0.257431;0.345695;
0.143720;1.000000;0.953472;0.626332;0.250238;0.337776;
0.143740;1.000000;0.954295;0.626027;0.243013;0.329849;
0.143760;1.000000;0.954764;0.625468;0.235749;0.321917;
0.143780;1.000000;0.954875;0.624661;0.228443;0.313983;
0.143800;1.000000;0.954626;0.623616;0.221089;0.306052;
0.143820;1.000000;0.954021;0.622345;0.213684;0.298125;
0.143840;1.000000;0.953066;0.620862;0.206222;0.290207;
0.143860;1.000000;0.951772;0.619183;0.198702;0.282301;
0.143880;1.000000;0.950153;0.617326;0.191120;0.274407;
0.143900;1.000000;0.948226;0.615313;0.183474;0.266529;
0.143920;1.000000;0.946011;0.613163;0.175761;0.258667;
0.143940;1.000000;0.943532;0.610900;0.167981;0.250823;
0.143960;1.000000;0.940814;0.608549;0.160134;0.242998;
0.143980;1.000000;0.937888;0.606132;0.152218;0.235191;
0.144000;1.000000;0.934784;0.603675;0.144235;0.227403;
0.144020;1.000000;0.931533;0.601204;0.136185;0.219633;
0.144040;1.000000;0.928172;0.598744;0.128071;0.211880;
0.144060;1.000000;0.924735;0.596320;0.119894;0.204142;
0.144080;1.000000;0.921258;0.593955;0.111657;0.196418;
0.144100;1.000000;0.917778;0.591675;0.103364;0.188705;
0.144120;1.000000;0.914333;0.589501;0.095018;0.181000;
0.144140;1.000000;0.910958;0.587456;0.086622;0.173302;
0.144160;1.000000;0.907688;0.585559;0.078182;0.165606;
0.144180;1.000000;0.904560;0.583831;0.069702;0.157910;
0.144200;1.000000;0.901604;0.582287;0.061187;0.150210;
0.144220;1.000000;0.898854;0.580943;0.052642;0.142502;
0.144240;1.000000;0.896337;0.579813;0.044072;0.134782;
0.144260;1.000000;0.894081;0.578908;0.035483;0.127047;
0.144280;1.000000;0.892108;0.578236;0.026880;0.119292;
0.144300;1.000000;0.890441;0.577804;0.018268;0.111514;
0.144320;1.000000;0.889095;0.577617;0.009652;0.103710;
0.144340;1.000000;0.888086;0.577677;0.001039;0.095874;
0.144360;1.000000;0.887424;0.577982;-0.007569;0.088005;
0.144380;1.000000;0.887115;0.578529;-0.016165;0.080099;
0.144400;1.000000;0.887163;0.579313;-0.024747;0.072152;
0.144420;1.000000;0.887566;0.580325;-0.033309;0.064162;
0.144440;1.000000;0.888321;0.581555;-0.041849;0.056128;
0.144460;1.000000;0.889418;0.582990;-0.050363;0.048046;
0.144480;1.000000;0.890846;0.584615;-0.058849;0.039915;
0.144500;1.000000;0.892589;0.586412;-0.067304;0.031735;
0.144520;1.000000;0.894629;0.588362;-0.075727;0.023504;
0.144540;1.000000;0.896944;0.590444;-0.084117;0.015221;
0.144560;1.000000;0.899509;0.592636;-0.092473;0.006888;
0.144580;1.000000;0.902296;0.594914;-0.100795;-0.001495;
0.144600;1.000000;0.905276;0.597253;-0.109083;-0.009928;
0.144620;1.000000;0.908417;0.599627;-0.117338;-0.018409;
0.144640;1.000000;0.911687;0.602011;-0.125561;-0.026937;
0.144660;1.000000;0.915050;0.604379;-0.133754;-0.035507;
0.144680;1.000000;0.918471;0.606703;-0.141920;-0.044119;
0.144700;1.000000;0.921914;0.608960;-0.150059;-0.052770;
0.144720;1.000000;0.925342;0.611124;-0.158176;-0.061455;
0.144740;1.000000;0.928721;0.613171;-0.166274;-0.070171;
0.144760;1.000000;0.932013;0.615079;-0.174354;-0.078915;
0.144780;1.000000;0.935186;0.616827;-0.182422;-0.087681;
0.144800;0.999999;0.938205;0.618396;-0.190481;-0.096467;
0.144820;0.999999;0.941040;0.619770;-0.198534;-0.105266;
0.144840;0.999999;0.943660;0.620934;-0.206584;-0.114076;
0.144860;0.999999;0.946039;0.621877;-0.214637;-0.122890;
0.144880;0.999999;0.948153;0.622588;-0.222694;-0.131705;
0.144900;0.999999;0.949978;0.623061;-0.230760;-0.140515;
0.144920;0.999999;0.951497;0.623292;-0.238838;-0.149317;
0.144940;0.999999;0.952695;0.623281;-0.246930;-0.158105;
0.144960;0.999999;0.953558;0.623028;-0.255039;-0.166875;
0.144980;0.999999;0.954080;0.622539;-0.263169;-0.175624;
0.145000;0.999999;0.954255;0.621819;-0.271319;-0.184347;
0.145020;0.999999;0.954082;0.620879;-0.279493;-0.193041;
0.145040;0.999999;0.953564;0.619730;-0.287691;-0.201702;
0.145060;0.999999;0.952707;0.618386;-0.295915;-0.210327;
0.145080;0.999999;0.951521;0.616864;-0.304163;-0.218913;
0.145100;0.999999;0.950019;0.615180;-0.312436;-0.227459;
0.145120;0.999999;0.948218;0.613354;-0.320733;-0.235961;
0.145140;0.999999;0.946139;0.611407;-0.329053;-0.244419;
0.145160;0.999999;0.943803;0.609360;-0.337395;-0.252831;
0.145180;0.999999;0.941237;0.607235;-0.345755;-0.261195;
0.145200;0.999999;0.938469;0.605055;-0.354131;-0.269513;
0.145220;0.999999;0.935527;0.602843;-0.362521;-0.277782;
0.145240;1.000000;0.932445;0.600622;-0.370920;-0.286004;
0.145260;1.000000;0.929256;0.598415;-0.379325;-0.294179;
0.145280;1.000000;0.925993;0.596245;-0.387732;-0.302308;
0.145300;1.000000;0.922691;0.594134;-0.396137;-0.310392;
0.145320;1.000000;0.919385;0.592102;-0.404534;-0.318431;
0.145340;1.000000;0.916111;0.590169;-0.412918;-0.326429;
0.145360;1.000000;0.912903;0.588356;-0.421286;-0.334386;
0.145380;1.000000;0.909793;0.586678;-0.429631;-0.342304;
0.145400;1.000000;0.906815;0.585153;-0.437949;-0.350186;
0.145420;1.000000;0.903999;0.583795;-0.446234;-0.358034;
0.145440;1.000000;0.901373;0.582616;-0.454481;-0.365849;
0.145460;1.000000;0.898964;0.581628;-0.462686;-0.373635;
0.145480;1.000000;0.896795;0.580840;-0.470843;-0.381394;
0.145500;1.000000;0.894889;0.580259;-0.478949;-0.389127;
0.145520;1.000000;0.893263;0.579890;-0.486999;-0.396838;
0.145540;1.000000;0.891931;0.579737;-0.494989;-0.404527;
0.145560;1.000000;0.890907;0.579800;-0.502915;-0.412197;
0.145580;1.000000;0.890199;0.580078;-0.510774;-0.419850;
0.145600;1.000000;0.889812;0.580568;-0.518564;-0.427488;
0.145620;1.000000;0.889748;0.581264;-0.526282;-0.435111;
0.145640;1.000000;0.890005;0.582159;-0.533926;-0.442720;
0.145660;1.000000;0.890579;0.583243;-0.541495;-0.450318;
0.145680;1.000000;0.891462;0.584505;-0.548988;-0.457903;
0.145700;1.000000;0.892643;0.585932;-0.556404;-0.465478;
0.145720;1.000000;0.894108;0.587507;-0.563744;-0.473041;
0.145740;1.000000;0.895840;0.589214;-0.571008;-0.480592;
0.145760;1.000000;0.897820;0.591034;-0.578198;-0.488132;
0.145780;1.000000;0.900026;0.592949;-0.585313;-0.495659;
0.145800;1.000000;0.902434;0.594937;-0.592358;-0.503173;
0.145820;1.000000;0.905018;0.596975;-0.599333;-0.510671;
0.145840;1.000000;0.907752;0.599043;-0.606242;-0.518154;
0.145860;1.000000;0.910605;0.601117;-0.613087;-0.525619;
0.145880;1.000000;0.913548;0.603174;-0.619873;-0.533064;
0.145900;1.000000;0.916550;0.605192;-0.626601;-0.540487;
0.145920;1.000000;0.919579;0.607148;-0.633277;-0.547887;
0.145940;1.000000;0.922605;0.609020;-0.639905;-0.555261;
0.145960;1.000000;0.925595;0.610788;-0.646487;-0.562606;
0.145980;1.000000;0.928519;0.612433;-0.653029;-0.569921;
0.146000;1.000000;0.931346;0.613936;-0.659535;-0.577204;
0.146020;1.000000;0.934047;0.615281;-0.666008;-0.584451;
0.146040;0.999999;0.936594;0.616453;-0.672453;-0.591661;
0.146060;0.999999;0.938962;0.617442;-0.678873;-0.598831;
0.146080;0.999999;0.941125;0.618235;-0.685273;-0.605960;
0.146100;0.999999;0.943062;0.618827;-0.691656;-0.613046;
0.146120;0.999999;0.944754;0.619211;-0.698025;-0.620086;
0.146140;0.999999;0.946182;0.619385;-0.704383;-0.627079;
0.146160;0.999999;0.947334;0.619349;-0.710734;-0.634025;
0.146180;0.999999;0.948198;0.619104;-0.717078;-0.640921;
0.146200;0.999999;0.948766;0.618655;-0.723419;-0.647767;
0.146220;0.999999;0.949034;0.618010;-0.729758;-0.654562;
0.146240;0.999999;0.949000;0.617177;-0.736096;-0.661306;
0.146260;0.999999;0.948666;0.616167;-0.742434;-0.667999;
0.146280;0.999999;0.948038;0.614993;-0.748773;-0.674641;
0.146300;0.999999;0.947123;0.613669;-0.755111;-0.681233;
0.146320;0.999999;0.945933;0.612212;-0.761450;-0.687775;
0.146340;0.999999;0.944482;0.610638;-0.767789;-0.694269;
0.146360;0.999999;0.942789;0.608965;-0.774125;-0.700715;
0.146380;1.000000;0.940871;0.607213;-0.780458;-0.707116;
0.146400;1.000000;0.938752;0.605399;-0.786786;-0.713473;
0.146420;1.000000;0.936456;0.603543;-0.793107;-0.719787;
0.146440;1.000000;0.934007;0.601666;-0.799419;-0.726062;
0.146460;1.000000;0.931434;0.599785;-0.805718;-0.732299;
0.146480;1.000000;0.928765;0.597920;-0.812003;-0.738502;
0.146500;1.000000;0.926029;0.596090;-0.818270;-0.744671;
0.146520;1.000000;0.923254;0.594310;-0.824516;-0.750812;
0.146540;1.000000;0.920470;0.592599;-0.830739;-0.756925;
0.146560;1.000000;0.917706;0.590972;-0.836934;-0.763013;
0.146580;1.000000;0.914991;0.589444;-0.843100;-0.769081;
0.146600;1.000000;0.912351;0.588026;-0.849233;-0.775129;
0.146620;1.000000;0.909812;0.586733;-0.855330;-0.781161;
0.146640;1.000000;0.907399;0.585574;-0.861388;-0.787179;
0.146660;1.000000;0.905134;0.584558;-0.867405;-0.793185;
0.146680;1.000000;0.903037;0.583694;-0.873378;-0.799183;
0.146700;1.000000;0.901128;0.582987;-0.879306;-0.805173;
0.146720;1.000000;0.899421;0.582443;-0.885185;-0.811159;
0.146740;1.000000;0.897931;0.582063;-0.891015;-0.817140;
0.146760;1.000000;0.896669;0.581851;-0.896793;-0.823119;
0.146780;1.000000;0.895642;0.581806;-0.902520;-0.829098;
0.146800;1.000000;0.894858;0.581926;-0.908194;-0.835076;
0.146820;1.000000;0.894319;0.582208;-0.913815;-0.841054;
0.146840;1.000000;0.894026;0.582648;-0.919383;-0.847033;
0.146860;1.000000;0.893979;0.583239;-0.924898;-0.853013;
0.146880;1.000000;0.894172;0.583975;-0.930361;-0.858993;
0.146900;1.000000;0.894601;0.584845;-0.935773;-0.864973;
0.146920;1.000000;0.895256;0.585839;-0.941135;-0.870952;
0.146940;1.000000;0.896128;0.586947;-0.946448;-0.876930;
0.146960;1.000000;0.897205;0.588154;-0.951715;-0.882904;
0.146980;1.000000;0.898472;0.589448;-0.956938;-0.888873;
0.147000;1.000000;0.899914;0.590814;-0.962118;-0.894835;
0.147020;1.000000;0.901515;0.592236;-0.967259;-0.900790;
0.147040;1.000000;0.903255;0.593699;-0.972362;-0.906733;
0.147060;1.000000;0.905115;0.595186;-0.977431;-0.912663;
0.147080;1.000000;0.907076;0.596681;-0.982469;-0.918579;
0.147100;1.000000;0.909115;0.598167;-0.987478;-0.924476;
0.147120;1.000000;0.911210;0.599628;-0.992461;-0.930352;
0.147140;1.000000;0.913340;0.601047;-0.997421;-0.936206;
0.147160;1.000000;0.915481;0.602411;-1.002361;-0.942034;
0.147180;1.000000;0.917612;0.603704;-1.007283;-0.947833;
0.147200;1.000000;0.919709;0.604914;-1.012191;-0.953602;
0.147220;1.000000;0.921752;0.606027;-1.017086;-0.959336;
0.147240;1.000000;0.923718;0.607034;-1.021971;-0.965035;
0.147260;1.000000;0.925589;0.607925;-1.026847;-0.970696;
0.147280;1.000000;0.927344;0.608692;-1.031717;-0.976316;
0.147300;1.000000;0.928967;0.609331;-1.036581;-0.981893;
0.147320;1.000000;0.930441;0.609836;-1.041442;-0.987427;
0.147340;1.000000;0.931753;0.610206;-1.046299;-0.992914;
0.147360;1.000000;0.932890;0.610441;-1.051154;-0.998353;
0.147380;1.000000;0.933843;0.610542;-1.056006;-1.003744;
0.147400;1.000000;0.934604;0.610512;-1.060855;-1.009085;
0.147420;1.000000;0.935169;0.610357;-1.065702;-1.014375;
0.147440;1.000000;0.935533;0.610083;-1.070544;-1.019615;
0.147460;1.000000;0.935699;0.609697;-1.075382;-1.024802;
0.147480;1.000000;0.935667;0.609210;-1.080213;-1.029939;
0.147500;1.000000;0.935443;0.608631;-1.085036;-1.035023;
0.147520;1.000000;0.935034;0.607972;-1.089849;-1.040057;
0.147540;1.000000;0.934451;0.607243;-1.094650;-1.045040;
0.147560;1.000000;0.933704;0.606458;-1.099436;-1.049973;
0.147580;1.000000;0.932807;0.605630;-1.104205;-1.054857;
0.147600;1.000000;0.931777;0.604770;-1.108953;-1.059694;
0.147620;1.000000;0.930629;0.603892;-1.113677;-1.064483;
0.147640;1.000000;0.929382;0.603007;-1.118375;-1.069227;
0.147660;1.000000;0.928055;0.602127;-1.123043;-1.073928;
0.147680;1.000000;0.926667;0.601265;-1.127678;-1.078585;
0.147700;1.000000;0.925239;0.600430;-1.132276;-1.083202;
0.147720;1.000000;0.923790;0.599632;-1.136834;-1.087780;
0.147740;1.000000;0.922340;0.598881;-1.141349;-1.092319;
0.147760;1.000000;0.920908;0.598184;-1.145817;-1.096822;
0.147780;1.000000;0.919512;0.597548;-1.150236;-1.101291;
0.147800;1.000000;0.918169;0.596980;-1.154601;-1.105726;
0.147820;1.000000;0.916894;0.596484;-1.158911;-1.110128;
0.147840;1.000000;0.915701;0.596065;-1.163162;-1.114500;
0.147860;1.000000;0.914604;0.595725;-1.167352;-1.118842;
0.147880;1.000000;0.913613;0.595468;-1.171478;-1.123156;
0.147900;1.000000;0.912737;0.595294;-1.175539;-1.127441;
0.147920;1.000000;0.911983;0.595203;-1.179531;-1.131698;
0.147940;1.000000;0.911356;0.595195;-1.183454;-1.135929;
0.147960;1.000000;0.910860;0.595270;-1.187307;-1.140132;
0.147980;1.000000;0.910498;0.595423;-1.191087;-1.144308;
0.148000;1.000000;0.910268;0.595654;-1.194794;-1.148458;
0.148020;1.000000;0.910170;0.595958;-1.198427;-1.152579;
0.148040;1.000000;0.910201;0.596331;-1.201986;-1.156672;
0.148060;1.000000;0.910358;0.596769;-1.205471;-1.160735;
0.148080;1.000000;0.910636;0.597266;-1.208881;-1.164768;
0.148100;1.000000;0.911028;0.597815;-1.212217;-1.168769;
0.148120;1.000000;0.911528;0.598411;-1.215479;-1.172737;
0.148140;1.000000;0.912129;0.599047;-1.218668;-1.176670;
0.148160;1.000000;0.912823;0.599714;-1.221785;-1.180566;
0.148180;1.000000;0.913600;0.600406;-1.224830;-1.184423;
0.148200;1.000000;0.914452;0.601114;-1.227805;-1.188238;
0.148220;1.000000;0.915370;0.601829;-1.230710;-1.192010;
0.148240;1.000000;0.916343;0.602544;-1.233548;-1.195737;
0.148260;1.000000;0.917362;0.603250;-1.236319;-1.199415;
0.148280;1.000000;0.918416;0.603937;-1.239025;-1.203041;
0.148300;0.999999;0.919496;0.604598;-1.241667;-1.206615;
0.148320;0.999999;0.920590;0.605225;-1.244246;-1.210132;
0.148340;0.999999;0.921688;0.605809;-1.246765;-1.213590;
0.148360;0.999999;0.922780;0.606344;-1.249224;-1.216987;
0.148380;0.999999;0.923854;0.606822;-1.251624;-1.220319;
0.148400;0.999999;0.924902;0.607238;-1.253968;-1.223585;
0.148420;0.999999;0.925912;0.607586;-1.256255;-1.226783;
0.148440;0.999999;0.926875;0.607862;-1.258488;-1.229908;
0.148460;0.999999;0.927781;0.608064;-1.260666;-1.232961;
0.148480;0.999999;0.928622;0.608188;-1.262792;-1.235938;
0.148500;0.999999;0.929389;0.608235;-1.264865;-1.238837;
0.148520;0.999999;0.930076;0.608203;-1.266886;-1.241658;
0.148540;0.999999;0.930675;0.608095;-1.268856;-1.244397;
0.148560;0.999999;0.931183;0.607914;-1.270774;-1.247055;
0.148580;0.999999;0.931593;0.607662;-1.272642;-1.249630;
0.148600;0.999999;0.931904;0.607344;-1.274459;-1.252120;
0.148620;0.999999;0.932114;0.606967;-1.276225;-1.254526;
0.148640;0.999999;0.932223;0.606536;-1.277941;-1.256847;
0.148660;0.999999;0.932232;0.606059;-1.279604;-1.259082;
0.148680;0.999999;0.932143;0.605544;-1.281217;-1.261232;
0.148700;0.999999;0.931962;0.604999;-1.282777;-1.263297;
0.148720;0.999999;0.931692;0.604432;-1.284284;-1.265277;
0.148740;0.999999;0.931342;0.603852;-1.285738;-1.267172;
0.148760;0.999999;0.930918;0.603268;-1.287138;-1.268984;
0.148780;0.999999;0.930430;0.602687;-1.288483;-1.270714;
0.148800;0.999999;0.929888;0.602119;-1.289773;-1.272362;
0.148820;0.999999;0.929302;0.601569;-1.291006;-1.273931;
0.148840;0.999999;0.928683;0.601045;-1.292182;-1.275422;
0.148860;0.999999;0.928041;0.600554;-1.293301;-1.276836;
0.148880;0.999999;0.927388;0.600099;-1.294361;-1.278176;
0.148900;0.999999;0.926736;0.599685;-1.295361;-1.279443;
0.148920;0.999999;0.926093;0.599315;-1.296302;-1.280639;
0.148940;0.999999;0.925469;0.598991;-1.297181;-1.281768;
0.148960;0.999999;0.924874;0.598715;-1.298000;-1.282830;
0.148980;1.000000;0.924315;0.598487;-1.298757;-1.283828;
0.149000;1.000000;0.923798;0.598305;-1.299451;-1.284765;
0.149020;1.000000;0.923328;0.598169;-1.300083;-1.285642;
0.149040;1.000000;0.922909;0.598075;-1.300652;-1.286464;
0.149060;1.000000;0.922543;0.598021;-1.301158;-1.287230;
0.149080;1.000000;0.922230;0.598003;-1.301600;-1.287945;
0.149100;1.000000;0.921970;0.598017;-1.301979;-1.288610;
0.149120;1.000000;0.921760;0.598057;-1.302295;-1.289228;
0.149140;1.000000;0.921597;0.598119;-1.302547;-1.289800;
0.149160;1.000000;0.921476;0.598198;-1.302736;-1.290329;
0.149180;1.000000;0.921392;0.598288;-1.302863;-1.290817;
0.149200;1.000000;0.921339;0.598384;-1.302926;-1.291266;
0.149220;1.000000;0.921309;0.598480;-1.302928;-1.291677;
0.149240;1.000000;0.921296;0.598571;-1.302867;-1.292052;
0.149260;1.000000;0.921291;0.598653;-1.302746;-1.292393;
0.149280;1.000000;0.921287;0.598721;-1.302564;-1.292701;
0.149300;1.000000;0.921278;0.598770;-1.302321;-1.292977;
0.149320;1.000000;0.921255;0.598797;-1.302019;-1.293222;
0.149340;1.000000;0.921213;0.598797;-1.301658;-1.293438;
0.149360;1.000000;0.921145;0.598767;-1.301239;-1.293624;
0.149380;1.000000;0.921047;0.598705;-1.300762;-1.293782;
0.149400;1.000000;0.920913;0.598607;-1.300229;-1.293911;
0.149420;1.000000;0.920741;0.598473;-1.299639;-1.294012;
0.149440;1.000000;0.920527;0.598301;-1.298994;-1.294086;
0.149460;1.000000;0.920270;0.598089;-1.298295;-1.294132;
0.149480;1.000000;0.919969;0.597837;-1.297542;-1.294149;
0.149500;1.000000;0.919622;0.597545;-1.296736;-1.294138;
0.149520;1.000000;0.919232;0.597213;-1.295878;-1.294097;
0.149540;1.000000;0.918799;0.596844;-1.294969;-1.294027;
0.149560;1.000000;0.918324;0.596438;-1.294009;-1.293926;
0.149580;1.000000;0.917810;0.595997;-1.293000;-1.293793;
0.149600;1.000000;0.917261;0.595526;-1.291941;-1.293627;
0.149620;1.000000;0.916679;0.595026;-1.290835;-1.293428;
0.149640;1.000000;0.916069;0.594503;-1.289682;-1.293193;
0.149660;1.000000;0.915434;0.593962;-1.288483;-1.292922;
0.149680;1.000000;0.914779;0.593406;-1.287239;-1.292613;
0.149700;1.000000;0.914109;0.592844;-1.285951;-1.292264;
0.149720;1.000000;0.913430;0.592281;-1.284619;-1.291875;
0.149740;1.000000;0.912746;0.591724;-1.283245;-1.291443;
0.149760;1.000000;0.912063;0.591181;-1.281830;-1.290967;
0.149780;1.000000;0.911388;0.590660;-1.280375;-1.290445;
0.149800;1.000000;0.910727;0.590168;-1.278882;-1.289877;
0.149820;1.000000;0.910087;0.589715;-1.277350;-1.289260;
0.149840;1.000000;0.909475;0.589308;-1.275782;-1.288592;
0.149860;1.000000;0.908897;0.588956;-1.274178;-1.287873;
0.149880;1.000000;0.908362;0.588666;-1.272541;-1.287102;
0.149900;1.000000;0.907877;0.588447;-1.270870;-1.286276;
0.149920;1.000000;0.907450;0.588304;-1.269168;-1.285394;
0.149940;1.000000;0.907088;0.588245;-1.267435;-1.284456;
0.149960;1.000000;0.906800;0.588275;-1.265673;-1.283461;
0.149980;1.000000;0.906593;0.588398;-1.263883;-1.282408;
0.150000;1.000000;0.906474;0.588617;-1.262066;-1.281296;
0.150020;1.000000;0.906450;0.588936;-1.260224;-1.280124;
0.150040;1.000000;0.906526;0.589354;-1.258357;-1.278893;
0.150060;1.000000;0.906707;0.589872;-1.256466;-1.277601;
0.150080;1.000000;0.906998;0.590487;-1.254554;-1.276250;
0.150100;1.000000;0.907402;0.591196;-1.252619;-1.274839;
0.150120;1.000000;0.907919;0.591995;-1.250664;-1.273368;
0.150140;1.000000;0.908549;0.592878;-1.248689;-1.271838;
0.150160;1.000000;0.909292;0.593837;-1.246694;-1.270250;
0.150180;1.000000;0.910143;0.594863;-1.244681;-1.268604;
0.150200;1.000000;0.911097;0.595948;-1.242648;-1.266902;
0.150220;1.000000;0.912148;0.597080;-1.240598;-1.265144;
0.150240;1.000000;0.913287;0.598248;-1.238528;-1.263333;
0.150260;1.000000;0.914504;0.599441;-1.236440;-1.261470;
0.150280;1.000000;0.915786;0.600645;-1.234332;-1.259555;
0.150300;1.000000;0.917121;0.601847;-1.232205;-1.257592;
0.150320;1.000000;0.918494;0.603035;-1.230057;-1.255582;
0.150340;1.000000;0.919889;0.604195;-1.227888;-1.253527;
0.150360;1.000000;0.921291;0.605315;-1.225696;-1.251429;
0.150380;1.000000;0.922683;0.606383;-1.223479;-1.249290;
0.150400;1.000000;0.924046;0.607386;-1.221238;-1.247113;
0.150420;1.000000;0.925366;0.608315;-1.218969;-1.244899;
0.150440;1.000000;0.926624;0.609158;-1.216671;-1.242652;
0.150460;1.000000;0.927804;0.609906;-1.214341;-1.240373;
0.150480;1.000000;0.928891;0.610552;-1.211978;-1.238064;
0.150500;1.000000;0.929872;0.611088;-1.209580;-1.235728;
0.150520;1.000000;0.930732;0.611510;-1.207143;-1.233366;
0.150540;1.000000;0.931462;0.611812;-1.204665;-1.230981;
0.150560;1.000000;0.932050;0.611992;-1.202144;-1.228575;
0.150580;1.000000;0.932489;0.612047;-1.199577;-1.226148;
0.150600;1.000000;0.932773;0.611978;-1.196961;-1.223703;
0.150620;1.000000;0.932899;0.611785;-1.194293;-1.221241;
0.150640;1.000000;0.932863;0.611471;-1.191572;-1.218764;
0.150660;1.000000;0.932667;0.611040;-1.188793;-1.216270;
0.150680;1.000000;0.932312;0.610495;-1.185956;-1.213763;
0.150700;1.000000;0.931803;0.609843;-1.183056;-1.211241;
0.150720;1.000000;0.931146;0.609091;-1.180092;-1.208705;
0.150740;1.000000;0.930347;0.608247;-1.177062;-1.206155;
0.150760;1.000000;0.929418;0.607320;-1.173963;-1.203590;
0.150780;1.000000;0.928368;0.606320;-1.170794;-1.201009;
0.150800;1.000000;0.927209;0.605257;-1.167554;-1.198412;
0.150820;1.000000;0.925957;0.604142;-1.164240;-1.195796;
0.150840;1.000000;0.924624;0.602989;-1.160852;-1.193161;
0.150860;1.000000;0.923226;0.601809;-1.157389;-1.190505;
0.150880;1.000000;0.921780;0.600615;-1.153850;-1.187824;
0.150900;1.000000;0.920302;0.599422;-1.150235;-1.185116;
0.150920;1.000000;0.918809;0.598241;-1.146544;-1.182380;
0.150940;1.000000;0.917318;0.597088;-1.142778;-1.179611;
0.150960;1.000000;0.915847;0.595975;-1.138937;-1.176807;
0.150980;1.000000;0.914413;0.594916;-1.135022;-1.173964;
0.151000;1.000000;0.913033;0.593924;-1.131034;-1.171078;
0.151020;1.000000;0.911724;0.593012;-1.126975;-1.168146;
0.151040;1.000000;0.910501;0.592193;-1.122846;-1.165164;
0.151060;1.000000;0.909380;0.591476;-1.118650;-1.162128;
0.151080;1.000000;0.908376;0.590874;-1.114388;-1.159035;
0.151100;1.000000;0.907504;0.590395;-1.110064;-1.155879;
0.151120;1.000000;0.906775;0.590047;-1.105679;-1.152658;
0.151140;1.000000;0.906201;0.589837;-1.101236;-1.149367;
0.151160;1.000000;0.905794;0.589771;-1.096738;-1.146002;
0.151180;1.000000;0.905561;0.589853;-1.092189;-1.142561;
0.151200;1.000000;0.905511;0.590084;-1.087591;-1.139039;
0.151220;1.000000;0.905650;0.590466;-1.082946;-1.135433;
0.151240;1.000000;0.905980;0.590996;-1.078259;-1.131741;
0.151260;1.000000;0.906505;0.591671;-1.073531;-1.127958;
0.151280;1.000000;0.907223;0.592486;-1.068766;-1.124084;
0.151300;1.000000;0.908134;0.593435;-1.063966;-1.120116;
0.151320;1.000000;0.909232;0.594507;-1.059134;-1.116051;
0.151340;1.000000;0.910511;0.595693;-1.054272;-1.111889;
0.151360;1.000000;0.911962;0.596980;-1.049381;-1.107628;
0.151380;1.000000;0.913573;0.598355;-1.044465;-1.103268;
0.151400;1.000000;0.915331;0.599801;-1.039524;-1.098809;
0.151420;1.000000;0.917221;0.601304;-1.034560;-1.094251;
0.151440;1.000000;0.919224;0.602845;-1.029573;-1.089593;
0.151460;1.000000;0.921322;0.604407;-1.024564;-1.084839;
0.151480;1.000000;0.923494;0.605970;-1.019534;-1.079988;
0.151500;1.000000;0.925716;0.607516;-1.014481;-1.075043;
0.151520;1.000000;0.927964;0.609025;-1.009406;-1.070006;
0.151540;1.000000;0.930215;0.610480;-1.004308;-1.064880;
0.151560;1.000000;0.932442;0.611860;-0.999186;-1.059668;
0.151580;1.000000;0.934621;0.613149;-0.994037;-1.054373;
0.151600;1.000000;0.936725;0.614329;-0.988861;-1.048999;
0.151620;1.000000;0.938729;0.615385;-0.983654;-1.043550;
0.151640;1.000000;0.940610;0.616302;-0.978415;-1.038029;
0.151660;1.000000;0.942342;0.617068;-0.973140;-1.032443;
0.151680;1.000000;0.943905;0.617670;-0.967828;-1.026795;
0.151700;1.000000;0.945277;0.618100;-0.962474;-1.021089;
0.151720;0.999999;0.946440;0.618350;-0.957076;-1.015332;
0.151740;0.999999;0.947377;0.618414;-0.951630;-1.009527;
0.151760;1.000000;0.948074;0.618288;-0.946132;-1.003680;
0.151780;1.000000;0.948520;0.617972;-0.940580;-0.997796;
0.151800;1.000000;0.948706;0.617466;-0.934970;-0.991878;
0.151820;1.000000;0.948626;0.616772;-0.929298;-0.985933;
0.151840;1.000000;0.948276;0.615895;-0.923561;-0.979964;
0.151860;1.000000;0.947656;0.614842;-0.917756;-0.973976;
0.151880;1.000000;0.946770;0.613622;-0.911881;-0.967972;
0.151900;1.000000;0.945622;0.612245;-0.905932;-0.961957;
0.151920;1.000000;0.944221;0.610722;-0.899908;-0.955934;
0.151940;1.000000;0.942579;0.609068;-0.893805;-0.949906;
0.151960;1.000000;0.940709;0.607297;-0.887624;-0.943875;
0.151980;1.000000;0.938627;0.605425;-0.881361;-0.937844;
0.152000;1.000000;0.936354;0.603471;-0.875017;-0.931814;
0.152020;1.000000;0.933908;0.601451;-0.868592;-0.925788;
0.152040;1.000000;0.931314;0.599386;-0.862084;-0.919766;
0.152060;1.000000;0.928595;0.597295;-0.855495;-0.913748;
0.152080;1.000000;0.925778;0.595197;-0.848826;-0.907734;
0.152100;1.000000;0.922888;0.593113;-0.842079;-0.901725;
0.152120;1.000000;0.919955;0.591063;-0.835254;-0.895719;
0.152140;1.000000;0.917006;0.589067;-0.828356;-0.889715;
0.152160;1.000000;0.914070;0.587145;-0.821386;-0.883711;
0.152180;1.000000;0.911177;0.585316;-0.814349;-0.877706;
0.152200;1.000000;0.908353;0.583599;-0.807247;-0.871696;
0.152220;1.000000;0.905628;0.582011;-0.800086;-0.865680;
0.152240;1.000000;0.903029;0.580569;-0.792870;-0.859653;
0.152260;1.000000;0.900582;0.579288;-0.785603;-0.853614;
0.152280;1.000000;0.898312;0.578183;-0.778292;-0.847557;
0.152300;1.000000;0.896242;0.577265;-0.770940;-0.841481;
0.152320;1.000000;0.894394;0.576545;-0.763555;-0.835380;
0.152340;1.000000;0.892787;0.576032;-0.756142;-0.829251;
0.152360;1.000000;0.891439;0.575733;-0.748706;-0.823091;
0.152380;1.000000;0.890365;0.575653;-0.741254;-0.816895;
0.152400;1.000000;0.889576;0.575794;-0.733790;-0.810659;
0.152420;1.000000;0.889083;0.576157;-0.726322;-0.804381;
0.152440;1.000000;0.888891;0.576740;-0.718854;-0.798056;
0.152460;1.000000;0.889005;0.577538;-0.711393;-0.791681;
0.152480;1.000000;0.889425;0.578545;-0.703942;-0.785254;
0.152500;1.000000;0.890148;0.579753;-0.696507;-0.778771;
0.152520;1.000000;0.891167;0.581149;-0.689093;-0.772231;
0.152540;1.000000;0.892475;0.582722;-0.681702;-0.765631;
0.152560;1.000000;0.894059;0.584454;-0.674340;-0.758969;
0.152580;1.000000;0.895903;0.586331;-0.667009;-0.752245;
0.152600;1.000000;0.897990;0.588331;-0.659712;-0.745458;
0.152620;1.000000;0.900298;0.590436;-0.652451;-0.738607;
0.152640;1.000000;0.902804;0.592623;-0.645227;-0.731693;
0.152660;1.000000;0.905482;0.594869;-0.638042;-0.724717;
0.152680;1.000000;0.908305;0.597151;-0.630895;-0.717679;
0.152700;1.000000;0.911242;0.599445;-0.623788;-0.710582;
0.152720;1.000000;0.914263;0.601725;-0.616718;-0.703428;
0.152740;1.000000;0.917335;0.603969;-0.609685;-0.696218;
0.152760;1.000000;0.920426;0.606150;-0.602687;-0.688957;
0.152780;1.000000;0.923503;0.608247;-0.595721;-0.681647;
0.152800;1.000000;0.926531;0.610235;-0.588786;-0.674292;
0.152820;1.000000;0.929479;0.612095;-0.581876;-0.666897;
0.152840;1.000000;0.932314;0.613805;-0.574989;-0.659465;
0.152860;1.000000;0.935005;0.615348;-0.568121;-0.652002;
0.152880;1.000000;0.937524;0.616706;-0.561266;-0.644513;
0.152900;1.000000;0.939841;0.617866;-0.554421;-0.637002;
0.152920;1.000000;0.941931;0.618815;-0.547581;-0.629474;
0.152940;1.000000;0.943772;0.619543;-0.540740;-0.621935;
0.152960;1.000000;0.945343;0.620044;-0.533893;-0.614389;
0.152980;1.000000;0.946626;0.620311;-0.527035;-0.606843;
0.153000;1.000000;0.947607;0.620343;-0.520160;-0.599301;
0.153020;1.000000;0.948275;0.620141;-0.513264;-0.591768;
0.153040;1.000000;0.948620;0.619706;-0.506342;-0.584248;
0.153060;1.000000;0.948640;0.619046;-0.499389;-0.576747;
0.153080;1.000000;0.948333;0.618167;-0.492399;-0.569267;
0.153100;1.000000;0.947702;0.617079;-0.485370;-0.561814;
0.153120;1.000000;0.946752;0.615796;-0.478297;-0.554389;
0.153140;1.000000;0.945494;0.614331;-0.471176;-0.546997;
0.153160;1.000000;0.943940;0.612700;-0.464004;-0.539640;
0.153180;1.000000;0.942105;0.610923;-0.456780;-0.532319;
0.153200;1.000000;0.940010;0.609017;-0.449501;-0.525036;
0.153220;1.000000;0.937675;0.607004;-0.442164;-0.517792;
0.153240;1.000000;0.935126;0.604906;-0.434770;-0.510588;
0.153260;1.000000;0.932388;0.602745;-0.427318;-0.503423;
0.153280;1.000000;0.929492;0.600543;-0.419808;-0.496297;
0.153300;1.000000;0.926466;0.598325;-0.412241;-0.489209;
0.153320;1.000000;0.923344;0.596115;-0.404617;-0.482156;
0.153340;1.000000;0.920158;0.593935;-0.396939;-0.475136;
0.153360;1.000000;0.916942;0.591809;-0.389209;-0.468148;
0.153380;1.000000;0.913731;0.589759;-0.381430;-0.461187;
0.153400;1.000000;0.910560;0.587807;-0.373604;-0.454249;
0.153420;1.000000;0.907461;0.585975;-0.365736;-0.447332;
0.153440;1.000000;0.904469;0.584282;-0.357829;-0.440430;
0.153460;1.000000;0.901616;0.582746;-0.349888;-0.433539;
0.153480;1.000000;0.898933;0.581384;-0.341917;-0.426654;
0.153500;1.000000;0.896449;0.580212;-0.333922;-0.419769;
0.153520;1.000000;0.894193;0.579242;-0.325906;-0.412880;
0.153540;1.000000;0.892189;0.578487;-0.317875;-0.405981;
0.153560;1.000000;0.890459;0.577954;-0.309834;-0.399066;
0.153580;1.000000;0.889024;0.577652;-0.301788;-0.392130;
0.153600;1.000000;0.887900;0.577585;-0.293743;-0.385168;
0.153620;1.000000;0.887102;0.577754;-0.285702;-0.378174;
0.153640;1.000000;0.886637;0.578161;-0.277670;-0.371143;
0.153660;1.000000;0.886515;0.578802;-0.269652;-0.364070;
0.153680;1.000000;0.886737;0.579671;-0.261651;-0.356952;
0.153700;1.000000;0.887302;0.580762;-0.253671;-0.349782;
0.153720;1.000000;0.888207;0.582064;-0.245716;-0.342559;
0.153740;1.000000;0.889444;0.583564;-0.237788;-0.335277;
0.153760;1.000000;0.891001;0.585249;-0.229890;-0.327934;
0.153780;1.000000;0.892864;0.587100;-0.222022;-0.320528;
0.153800;1.000000;0.895013;0.589100;-0.214187;-0.313056;
0.153820;1.000000;0.897428;0.591228;-0.206384;-0.305516;
0.153840;1.000000;0.900085;0.593461;-0.198614;-0.297908;
0.153860;1.000000;0.902956;0.595776;-0.190877;-0.290231;
0.153880;1.000000;0.906014;0.598148;-0.183172;-0.282485;
0.153900;1.000000;0.909225;0.600552;-0.175495;-0.274670;
0.153920;1.000000;0.912559;0.602962;-0.167847;-0.266787;
0.153940;1.000000;0.915980;0.605352;-0.160223;-0.258839;
0.153960;1.000000;0.919453;0.607696;-0.152621;-0.250826;
0.153980;1.000000;0.922942;0.609968;-0.145038;-0.242751;
0.154000;1.000000;0.926412;0.612143;-0.137468;-0.234618;
0.154020;1.000000;0.929826;0.614198;-0.129908;-0.226429;
0.154040;1.000000;0.933150;0.616108;-0.122353;-0.218188;
0.154060;1.000000;0.936348;0.617855;-0.114799;-0.209899;
0.154080;1.000000;0.939388;0.619417;-0.107239;-0.201567;
0.154100;1.000000;0.942237;0.620779;-0.099669;-0.193195;
0.154120;1.000000;0.944867;0.621925;-0.092084;-0.184788;
0.154140;1.000000;0.947251;0.622843;-0.084477;-0.176352;
0.154160;1.000000;0.949362;0.623523;-0.076845;-0.167890;
0.154180;1.000000;0.951179;0.623958;-0.069181;-0.159407;
0.154200;1.000000;0.952684;0.624143;-0.061480;-0.150909;
0.154220;1.000000;0.953861;0.624077;-0.053739;-0.142401;
0.154240;1.000000;0.954697;0.623762;-0.045952;-0.133885;
0.154260;1.000000;0.955183;0.623201;-0.038115;-0.125368;
0.154280;1.000000;0.955316;0.622400;-0.030225;-0.116853;
0.154300;1.000000;0.955092;0.621370;-0.022278;-0.108344;
0.154320;1.000000;0.954515;0.620122;-0.014272;-0.099845;
0.154340;1.000000;0.953591;0.618670;-0.006205;-0.091359;
0.154360;1.000000;0.952329;0.617030;0.001926;-0.082889;
0.154380;1.000000;0.950742;0.615219;0.010121;-0.074437;
0.154400;1.000000;0.948847;0.613258;0.018381;-0.066006;
0.154420;1.000000;0.946664;0.611168;0.026705;-0.057598;
0.154440;1.000000;0.944216;0.608970;0.035093;-0.049212;
0.154460;1.000000;0.941528;0.606688;0.043543;-0.040852;
0.154480;1.000000;0.938629;0.604346;0.052055;-0.032516;
0.154500;1.000000;0.935548;0.601967;0.060624;-0.024205;
0.154520;1.000000;0.932318;0.599577;0.069247;-0.015918;
0.154540;1.000000;0.928974;0.597200;0.077923;-0.007655;
0.154560;1.000000;0.925549;0.594859;0.086645;0.000586;
0.154580;1.000000;0.922079;0.592579;0.095409;0.008806;
0.154600;1.000000;0.918602;0.590381;0.104211;0.017008;
0.154620;1.000000;0.915153;0.588289;0.113045;0.025192;
0.154640;1.000000;0.911768;0.586321;0.121906;0.033362;
0.154660;1.000000;0.908483;0.584498;0.130787;0.041521;
0.154680;1.000000;0.905331;0.582838;0.139683;0.049671;
0.154700;1.000000;0.902345;0.581357;0.148587;0.057815;
0.154720;1.000000;0.899556;0.580069;0.157492;0.065956;
0.154740;1.000000;0.896993;0.578986;0.166394;0.074097;
0.154760;1.000000;0.894681;0.578120;0.175284;0.082241;
0.154780;1.000000;0.892645;0.577478;0.184159;0.090392;
0.154800;1.000000;0.890904;0.577067;0.193010;0.098552;
0.154820;1.000000;0.889476;0.576891;0.201833;0.106723;
0.154840;1.000000;0.888375;0.576951;0.210623;0.114910;
0.154860;1.000000;0.887612;0.577246;0.219374;0.123112;
0.154880;1.000000;0.887192;0.577775;0.228082;0.131334;
0.154900;1.000000;0.887120;0.578530;0.236742;0.139576;
0.154920;1.000000;0.887394;0.579505;0.245352;0.147841;
0.154940;1.000000;0.888011;0.580690;0.253907;0.156128;
0.154960;1.000000;0.888964;0.582071;0.262405;0.164440;
0.154980;1.000000;0.890240;0.583636;0.270844;0.172776;
0.155000;1.000000;0.891826;0.585368;0.279222;0.181136;
0.155020;1.000000;0.893705;0.587249;0.287539;0.189520;
0.155040;1.000000;0.895855;0.589260;0.295793;0.197927;
0.155060;1.000000;0.898253;0.591378;0.303986;0.206355;
0.155080;1.000000;0.900874;0.593582;0.312117;0.214804;
0.155100;1.000000;0.903690;0.595849;0.320188;0.223271;
0.155120;1.000000;0.906671;0.598154;0.328201;0.231753;
0.155140;1.000000;0.909786;0.600473;0.336157;0.240249;
0.155160;1.000000;0.913002;0.602781;0.344060;0.248754;
0.155180;1.000000;0.916285;0.605054;0.351911;0.257266;
0.155200;1.000000;0.919602;0.607266;0.359716;0.265780;
0.155220;1.000000;0.922918;0.609395;0.367476;0.274294;
0.155240;1.000000;0.926199;0.611418;0.375196;0.282803;
0.155260;1.000000;0.929412;0.613312;0.382880;0.291302;
0.155280;1.000000;0.932522;0.615060;0.390532;0.299789;
0.155300;1.000000;0.935499;0.616641;0.398156;0.308257;
0.155320;1.000000;0.938313;0.618040;0.405756;0.316704;
0.155340;1.000000;0.940934;0.619244;0.413336;0.325124;
0.155360;1.000000;0.943337;0.620239;0.420901;0.333514;
0.155380;1.000000;0.945497;0.621017;0.428455;0.341869;
0.155400;1.000000;0.947394;0.621571;0.436000;0.350185;
0.155420;1.000000;0.949008;0.621896;0.443541;0.358460;
0.155440;1.000000;0.950324;0.621992;0.451080;0.366688;
0.155460;1.000000;0.951330;0.621859;0.458620;0.374867;
0.155480;1.000000;0.952017;0.621501;0.466164;0.382994;
0.155500;1.000000;0.952379;0.620924;0.473713;0.391067;
0.155520;1.000000;0.952414;0.620136;0.481269;0.399082;
0.155540;1.000000;0.952124;0.619149;0.488833;0.407039;
0.155560;1.000000;0.951514;0.617974;0.496406;0.414935;
0.155580;1.000000;0.950591;0.616626;0.503987;0.422769;
0.155600;1.000000;0.949368;0.615122;0.511576;0.430541;
0.155620;1.000000;0.947860;0.613479;0.519173;0.438251;
0.155640;1.000000;0.946083;0.611716;0.526775;0.445898;
0.155660;1.000000;0.944059;0.609853;0.534381;0.453483;
0.155680;1.000000;0.941810;0.607910;0.541989;0.461007;
0.155700;1.000000;0.939363;0.605908;0.549596;0.468471;
0.155720;1.000000;0.936743;0.603870;0.557198;0.475876;
0.155740;1.000000;0.933982;0.601814;0.564794;0.483225;
0.155760;1.000000;0.931108;0.599764;0.572377;0.490520;
0.155780;1.000000;0.928152;0.597739;0.579946;0.497763;
0.155800;1.000000;0.925148;0.595760;0.587495;0.504957;
0.155820;1.000000;0.922126;0.593845;0.595021;0.512105;
0.155840;1.000000;0.919119;0.592014;0.602518;0.519209;
0.155860;1.000000;0.916157;0.590283;0.609982;0.526274;
0.155880;1.000000;0.913273;0.588669;0.617409;0.533302;
0.155900;1.000000;0.910494;0.587185;0.624794;0.540297;
0.155920;1.000000;0.907849;0.585846;0.632133;0.547261;
0.155940;1.000000;0.905364;0.584663;0.639422;0.554200;
0.155960;1.000000;0.903063;0.583647;0.646656;0.561114;
0.155980;1.000000;0.900967;0.582805;0.653832;0.568009;
0.156000;1.000000;0.899096;0.582144;0.660946;0.574885;
0.156020;1.000000;0.897468;0.581670;0.667996;0.581748;
0.156040;1.000000;0.896094;0.581384;0.674978;0.588598;
0.156060;1.000000;0.894988;0.581289;0.681891;0.595439;
0.156080;1.000000;0.894156;0.581384;0.688732;0.602271;
0.156100;1.000000;0.893604;0.581665;0.695500;0.609098;
0.156120;1.000000;0.893335;0.582129;0.702193;0.615921;
0.156140;1.000000;0.893347;0.582769;0.708812;0.622741;
0.156160;1.000000;0.893638;0.583578;0.715357;0.629558;
0.156180;1.000000;0.894201;0.584544;0.721828;0.636373;
0.156200;1.000000;0.895028;0.585658;0.728225;0.643186;
0.156220;1.000000;0.896106;0.586904;0.734552;0.649998;
0.156240;1.000000;0.897422;0.588270;0.740808;0.656807;
0.156260;1.000000;0.898960;0.589740;0.746997;0.663613;
0.156280;1.000000;0.900702;0.591295;0.753122;0.670414;
0.156300;1.000000;0.902627;0.592919;0.759186;0.677210;
0.156320;1.000000;0.904714;0.594592;0.765191;0.683998;
0.156340;1.000000;0.906939;0.596296;0.771143;0.690777;
0.156360;1.000000;0.909278;0.598010;0.777044;0.697545;
0.156380;1.000000;0.911705;0.599714;0.782900;0.704299;
0.156400;1.000000;0.914194;0.601390;0.788715;0.711037;
0.156420;1.000000;0.916717;0.603018;0.794492;0.717756;
0.156440;1.000000;0.919247;0.604579;0.800238;0.724453;
0.156460;1.000000;0.921757;0.606055;0.805956;0.731127;
0.156480;1.000000;0.924220;0.607430;0.811651;0.737774;
0.156500;1.000000;0.926609;0.608688;0.817327;0.744392;
0.156520;1.000000;0.928899;0.609816;0.822989;0.750978;
0.156540;1.000000;0.931066;0.610801;0.828642;0.757529;
0.156560;1.000000;0.933086;0.611633;0.834288;0.764043;
0.156580;1.000000;0.934937;0.612305;0.839932;0.770518;
0.156600;1.000000;0.936601;0.612808;0.845577;0.776952;
0.156620;1.000000;0.938060;0.613141;0.851226;0.783343;
0.156640;1.000000;0.939298;0.613300;0.856881;0.789690;
0.156660;1.000000;0.940303;0.613287;0.862546;0.795990;
0.156680;1.000000;0.941065;0.613103;0.868222;0.802243;
0.156700;1.000000;0.941577;0.612753;0.873909;0.808449;
0.156720;1.000000;0.941835;0.612244;0.879610;0.814606;
0.156740;1.000000;0.941838;0.611584;0.885325;0.820715;
0.156760;1.000000;0.941586;0.610784;0.891053;0.826775;
0.156780;1.000000;0.941086;0.609854;0.896794;0.832787;
0.156800;1.000000;0.940343;0.608807;0.902548;0.838753;
0.156820;1.000000;0.939369;0.607658;0.908314;0.844671;
0.156840;1.000000;0.938176;0.606422;0.914088;0.850545;
0.156860;1.000000;0.936781;0.605113;0.919871;0.856376;
0.156880;1.000000;0.935199;0.603749;0.925658;0.862165;
0.156900;1.000000;0.933451;0.602344;0.931447;0.867914;
0.156920;1.000000;0.931558;0.600917;0.937236;0.873626;
0.156940;1.000000;0.929543;0.599481;0.943021;0.879303;
0.156960;1.000000;0.927430;0.598054;0.948799;0.884948;
0.156980;1.000000;0.925243;0.596651;0.954565;0.890563;
0.157000;1.000000;0.923008;0.595286;0.960316;0.896151;
0.157020;1.000000;0.920750;0.593974;0.966048;0.901715;
0.157040;1.000000;0.918493;0.592726;0.971758;0.907257;
0.157060;1.000000;0.916262;0.591556;0.977441;0.912781;
0.157080;1.000000;0.914082;0.590473;0.983093;0.918288;
0.157100;1.000000;0.911974;0.589489;0.988711;0.923782;
0.157120;1.000000;0.909961;0.588611;0.994290;0.929265;
0.157140;1.000000;0.908061;0.587847;0.999828;0.934740;
0.157160;1.000000;0.906293;0.587203;1.005321;0.940208;
0.157180;1.000000;0.904672;0.586684;1.010765;0.945671;
0.157200;1.000000;0.903213;0.586295;1.016159;0.951132;
0.157220;1.000000;0.901928;0.586036;1.021499;0.956591;
0.157240;1.000000;0.900827;0.585911;1.026784;0.962050;
0.157260;1.000000;0.899916;0.585918;1.032011;0.967509;
0.157280;1.000000;0.899202;0.586056;1.037178;0.972970;
0.157300;1.000000;0.898687;0.586324;1.042285;0.978431;
0.157320;1.000000;0.898374;0.586718;1.047331;0.983894;
0.157340;1.000000;0.898261;0.587233;1.052314;0.989358;
0.157360;1.000000;0.898346;0.587863;1.057236;0.994821;
0.157380;1.000000;0.898624;0.588602;1.062096;1.000284;
0.157400;1.000000;0.899089;0.589441;1.066894;1.005743;
0.157420;1.000000;0.899734;0.590372;1.071632;1.011198;
0.157440;1.000000;0.900550;0.591386;1.076310;1.016647;
0.157460;1.000000;0.901526;0.592471;1.080930;1.022087;
0.157480;1.000000;0.902652;0.593616;1.085494;1.027515;
0.157500;1.000000;0.903913;0.594811;1.090002;1.032929;
0.157520;1.000000;0.905296;0.596041;1.094459;1.038326;
0.157540;1.000000;0.906788;0.597295;1.098865;1.043703;
0.157560;1.000000;0.908372;0.598560;1.103222;1.049055;
0.157580;1.000000;0.910032;0.599822;1.107534;1.054380;
0.157600;1.000000;0.911752;0.601069;1.111803;1.059674;
0.157620;1.000000;0.913515;0.602288;1.116031;1.064933;
0.157640;1.000000;0.915303;0.603466;1.120220;1.070154;
0.157660;1.000000;0.917100;0.604592;1.124374;1.075333;
0.157680;1.000000;0.918888;0.605655;1.128494;1.080466;
0.157700;1.000000;0.920649;0.606644;1.132582;1.085550;
0.157720;1.000000;0.922368;0.607551;1.136641;1.090581;
0.157740;1.000000;0.924027;0.608368;1.140672;1.095555;
0.157760;1.000000;0.925612;0.609088;1.144677;1.100470;
0.157780;1.000000;0.927107;0.609706;1.148658;1.105323;
0.157800;1.000000;0.928500;0.610218;1.152615;1.110110;
0.157820;1.000000;0.929778;0.610622;1.156550;1.114830;
0.157840;1.000000;0.930930;0.610917;1.160463;1.119479;
0.157860;1.000000;0.931947;0.611104;1.164354;1.124056;
0.157880;1.000000;0.932822;0.611183;1.168224;1.128559;
0.157900;1.000000;0.933549;0.611161;1.172072;1.132987;
0.157920;1.000000;0.934124;0.611041;1.175898;1.137337;
0.157940;1.000000;0.934546;0.610830;1.179701;1.141610;
0.157960;1.000000;0.934815;0.610535;1.183480;1.145805;
0.157980;1.000000;0.934934;0.610164;1.187233;1.149921;
0.158000;1.000000;0.934906;0.609725;1.190959;1.153959;
0.158020;1.000000;0.934738;0.609228;1.194656;1.157918;
0.158040;1.000000;0.934438;0.608683;1.198321;1.161800;
0.158060;1.000000;0.934016;0.608100;1.201953;1.165606;
0.158080;1.000000;0.933482;0.607489;1.205549;1.169335;
0.158100;1.000000;0.932849;0.606859;1.209105;1.172990;
0.158120;1.000000;0.932130;0.606220;1.212620;1.176573;
0.158140;1.000000;0.931340;0.605582;1.216091;1.180085;
0.158160;1.000000;0.930493;0.604953;1.219513;1.183527;
0.158180;1.000000;0.929603;0.604341;1.222886;1.186903;
0.158200;1.000000;0.928687;0.603753;1.226204;1.190214;
0.158220;1.000000;0.927759;0.603196;1.229466;1.193463;
0.158240;1.000000;0.926832;0.602675;1.232667;1.196651;
0.158260;1.000000;0.925921;0.602195;1.235806;1.199782;
0.158280;1.000000;0.925038;0.601760;1.238880;1.202858;
0.158300;1.000000;0.924193;0.601372;1.241885;1.205880;
0.158320;1.000000;0.923398;0.601033;1.244819;1.208852;
0.158340;1.000000;0.922660;0.600744;1.247680;1.211776;
0.158360;1.000000;0.921987;0.600506;1.250465;1.214653;
0.158380;1.000000;0.921385;0.600319;1.253172;1.217487;
0.158400;1.000000;0.920857;0.600181;1.255800;1.220278;
0.158420;1.000000;0.920406;0.600091;1.258347;1.223028;
0.158440;1.000000;0.920033;0.600045;1.260811;1.225740;
0.158460;1.000000;0.919738;0.600043;1.263191;1.228415;
0.158480;1.000000;0.919519;0.600080;1.265487;1.231053;
0.158500;1.000000;0.919374;0.600153;1.267697;1.233655;
0.158520;1.000000;0.919298;0.600258;1.269822;1.236223;
0.158540;1.000000;0.919289;0.600391;1.271861;1.238756;
0.158560;1.000000;0.919340;0.600548;1.273814;1.241256;
0.158580;1.000000;0.919446;0.600723;1.275681;1.243722;
0.158600;1.000000;0.919601;0.600913;1.277464;1.246153;
0.158620;1.000000;0.919798;0.601113;1.279162;1.248550;
0.158640;1.000000;0.920033;0.601317;1.280777;1.250911;
0.158660;1.000000;0.920298;0.601521;1.282309;1.253236;
0.158680;1.000000;0.920586;0.601720;1.283761;1.255524;
0.158700;1.000000;0.920893;0.601908;1.285133;1.257772;
0.158720;1.000000;0.921211;0.602081;1.286428;1.259981;
0.158740;1.000000;0.921535;0.602233;1.287646;1.262147;
0.158760;1.000000;0.921860;0.602362;1.288790;1.264269;
0.158780;1.000000;0.922180;0.602461;1.289862;1.266346;
0.158800;1.000000;0.922490;0.602526;1.290863;1.268374;
0.158820;1.000000;0.922785;0.602556;1.291796;1.270352;
0.158840;1.000000;0.923060;0.602544;1.292662;1.272278;
0.158860;1.000000;0.923311;0.602491;1.293464;1.274149;
0.158880;1.000000;0.923535;0.602392;1.294203;1.275963;
0.158900;1.000000;0.923725;0.602247;1.294883;1.277718;
0.158920;1.000000;0.923880;0.602054;1.295504;1.279411;
0.158940;1.000000;0.923996;0.601815;1.296068;1.281039;
0.158960;1.000000;0.924070;0.601530;1.296579;1.282602;
0.158980;1.000000;0.924099;0.601200;1.297037;1.284096;
0.159000;1.000000;0.924081;0.600828;1.297444;1.285520;
0.159020;1.000000;0.924015;0.600417;1.297802;1.286872;
0.159040;1.000000;0.923899;0.599973;1.298112;1.288149;
0.159060;1.000000;0.923734;0.599499;1.298377;1.289351;
0.159080;1.000000;0.923520;0.599002;1.298597;1.290476;
0.159100;1.000000;0.923258;0.598488;1.298774;1.291523;
0.159120;1.000000;0.922950;0.597964;1.298908;1.292491;
0.159140;1.000000;0.922601;0.597438;1.299002;1.293379;
0.159160;1.000000;0.922212;0.596916;1.299055;1.294187;
0.159180;1.000000;0.921790;0.596408;1.299069;1.294914;
0.159200;1.000000;0.921340;0.595921;1.299045;1.295560;
0.159220;1.000000;0.920869;0.595462;1.298983;1.296125;
0.159240;1.000000;0.920383;0.595039;1.298884;1.296610;
0.159260;1.000000;0.919891;0.594659;1.298747;1.297015;
0.159280;1.000000;0.919400;0.594328;1.298575;1.297342;
0.159300;1.000000;0.918920;0.594052;1.298366;1.297591;
0.159320;1.000000;0.918458;0.593835;1.298121;1.297764;
0.159340;1.000000;0.918024;0.593682;1.297840;1.297862;
0.159360;1.000000;0.917625;0.593594;1.297524;1.297888;
0.159380;1.000000;0.917270;0.593574;1.297171;1.297842;
0.159400;1.000000;0.916964;0.593622;1.296783;1.297728;
0.159420;1.000000;0.916716;0.593738;1.296358;1.297548;
0.159440;1.000000;0.916528;0.593919;1.295896;1.297304;
0.159460;1.000000;0.916406;0.594162;1.295398;1.296999;
0.159480;1.000000;0.916353;0.594465;1.294863;1.296636;
0.159500;1.000000;0.916368;0.594821;1.294290;1.296217;
0.159520;1.000000;0.916452;0.595226;1.293680;1.295746;
0.159540;1.000000;0.916602;0.595671;1.293031;1.295226;
0.159560;1.000000;0.916816;0.596152;1.292343;1.294659;
0.159580;1.000000;0.917088;0.596658;1.291615;1.294049;
0.159600;1.000000;0.917412;0.597184;1.290847;1.293400;
0.159620;1.000000;0.917780;0.597719;1.290039;1.292713;
0.159640;1.000000;0.918184;0.598257;1.289189;1.291992;
0.159660;1.000000;0.918614;0.598787;1.288297;1.291240;
0.159680;1.000000;0.919060;0.599304;1.287363;1.290460;
0.159700;1.000000;0.919511;0.599797;1.286385;1.289655;
0.159720;1.000000;0.919956;0.600261;1.285363;1.288827;
0.159740;1.000000;0.920385;0.600688;1.284297;1.287979;
0.159760;1.000000;0.920786;0.601071;1.283185;1.287114;
0.159780;1.000000;0.921149;0.601405;1.282027;1.286232;
0.159800;1.000000;0.921464;0.601684;1.280822;1.285337;
0.159820;1.000000;0.921723;0.601905;1.279569;1.284430;
0.159840;1.000000;0.921917;0.602064;1.278269;1.283512;
0.159860;1.000000;0.922040;0.602158;1.276919;1.282585;
0.159880;1.000000;0.922086;0.602186;1.275521;1.281650;
0.159900;1.000000;0.922051;0.602145;1.274072;1.280707;
0.159920;1.000000;0.921932;0.602036;1.272573;1.279757;
0.159940;1.000000;0.921728;0.601860;1.271024;1.278800;
0.159960;1.000000;0.921438;0.601617;1.269423;1.277837;
0.159980;1.000000;0.921063;0.601310;1.267772;1.276866;
0.160000;1.000000;0.920606;0.600942;1.266068;1.275887;
0.160020;1.000000;0.920070;0.600516;1.264313;1.274900;
0.160040;1.000000;0.919461;0.600037;1.262507;1.273902;
0.160060;1.000000;0.918783;0.599509;1.260648;1.272893;
0.160080;1.000000;0.918045;0.598939;1.258739;1.271871;
0.160100;1.000000;0.917253;0.598333;1.256778;1.270834;
0.160120;1.000000;0.916418;0.597768;1.254770;1.269780;
0.160140;1.000000;0.915549;0.597139;1.252716;1.268707;
0.160160;1.000000;0.914656;0.596498;1.250615;1.267611;
0.160180;1.000000;0.913746;0.595853;1.248467;1.266491;
0.160200;1.000000;0.912831;0.595213;1.246274;1.265344;
0.160220;1.000000;0.911915;0.594392;1.244027;1.264166;
0.160240;1.000000;0.911005;0.593755;1.241725;1.262955;
0.160260;1.000000;0.910120;0.593152;1.239378;1.261706;
0.160280;1.000000;0.909269;0.592590;1.236987;1.260418;
0.160300;1.000000;0.908464;0.592080;1.234554;1.259087;
0.160320;1.000000;0.907715;0.591632;1.232081;1.257709;
0.160340;1.000000;0.907033;0.591254;1.229567;1.256281;
0.160360;1.000000;0.906427;0.590956;1.227016;1.254799;
0.160380;1.000000;0.905908;0.590745;1.224429;1.253262;
0.160400;1.000000;0.905485;0.590630;1.221807;1.251664;
0.160420;1.000000;0.905168;0.590616;1.219152;1.250005;
0.160440;1.000000;0.904964;0.590708;1.216466;1.248280;
0.160460;1.000000;0.904881;0.590913;1.213750;1.246487;
0.160480;1.000000;0.904927;0.591231;1.211006;1.244624;
0.160500;1.000000;0.905107;0.591666;1.208235;1.242688;
0.160520;1.000000;0.905427;0.592218;1.205438;1.240677;
0.160540;1.000000;0.905889;0.592885;1.202618;1.238590;
0.160560;1.000000;0.906497;0.593665;1.199774;1.236425;
0.160580;1.000000;0.907250;0.594552;1.196908;1.234181;
0.160600;1.000000;0.908148;0.595543;1.194021;1.231858;
0.160620;1.000000;0.909188;0.596628;1.191114;1.229453;
0.160640;1.000000;0.910366;0.597799;1.188186;1.226968;
0.160660;1.000000;0.911675;0.599046;1.185238;1.224403;
0.160680;1.000000;0.913108;0.600357;1.182270;1.221757;
0.160700;1.000000;0.914654;0.601720;1.179282;1.219031;
0.160720;1.000000;0.916301;0.603121;1.176272;1.216227;
0.160740;1.000000;0.918035;0.604546;1.173241;1.213345;
0.160760;1.000000;0.919841;0.605979;1.170187;1.210388;
0.160780;1.000000;0.921703;0.607405;1.167109;1.207357;
0.160800;1.000000;0.923602;0.608808;1.164005;1.204254;
0.160820;1.000000;0.925519;0.610173;1.160874;1.201081;
0.160840;1.000000;0.927433;0.611484;1.157713;1.197842;
0.160860;1.000000;0.929325;0.612726;1.154520;1.194539;
0.160880;1.000000;0.931174;0.613884;1.151293;1.191175;
0.160900;1.000000;0.932958;0.614946;1.148028;1.187753;
0.160920;1.000000;0.934658;0.615897;1.144724;1.184276;
0.160940;1.000000;0.936253;0.616728;1.141375;1.180747;
0.160960;1.000000;0.937724;0.617427;1.137981;1.177170;
0.160980;1.000000;0.939054;0.617986;1.134536;1.173548;
0.161000;1.000000;0.940226;0.618397;1.131038;1.169885;
0.161020;1.000000;0.941225;0.618654;1.127483;1.166183;
0.161040;1.000000;0.942039;0.618754;1.123868;1.162445;
0.161060;1.000000;0.942657;0.618694;1.120189;1.158675;
0.161080;1.000000;0.943070;0.618473;1.116442;1.154875;
0.161100;1.000000;0.943272;0.618092;1.112625;1.151049;
0.161120;1.000000;0.943259;0.617554;1.108733;1.147198;
0.161140;1.000000;0.943030;0.616863;1.104765;1.143324;
0.161160;1.000000;0.942585;0.616024;1.100716;1.139430;
0.161180;1.000000;0.941929;0.615045;1.096585;1.135516;
0.161200;1.000000;0.941066;0.613934;1.092369;1.131585;
0.161220;1.000000;0.940005;0.612702;1.088065;1.127636;
0.161240;1.000000;0.938756;0.611359;1.083672;1.123672;
0.161260;1.000000;0.937331;0.609919;1.079188;1.119690;
0.161280;1.000000;0.935745;0.608394;1.074613;1.115693;
0.161300;1.000000;0.934014;0.606799;1.069945;1.111678;
0.161320;1.000000;0.932154;0.605149;1.065183;1.107645;
0.161340;1.000000;0.930185;0.603459;1.060329;1.103592;
0.161360;1.000000;0.928127;0.601746;1.055382;1.099519;
0.161380;1.000000;0.926001;0.600027;1.050344;1.095422;
0.161400;1.000000;0.923827;0.598318;1.045215;1.091299;
0.161420;1.000000;0.921629;0.596635;1.039997;1.087148;
0.161440;1.000000;0.919429;0.594997;1.034692;1.082966;
0.161460;1.000000;0.917249;0.593418;1.029304;1.078749;
0.161480;1.000000;0.915112;0.591917;1.023833;1.074493;
0.161500;1.000000;0.913040;0.590507;1.018285;1.070196;
0.161520;1.000000;0.911054;0.589205;1.012662;1.065854;
0.161540;1.000000;0.909175;0.588023;1.006967;1.061461;
0.161560;1.000000;0.907425;0.586976;1.001206;1.057015;
0.161580;1.000000;0.905820;0.586075;0.995382;1.052511;
0.161600;1.000000;0.904380;0.585330;0.989500;1.047945;
0.161620;1.000000;0.903120;0.584750;0.983565;1.043314;
0.161640;1.000000;0.902056;0.584343;0.977580;1.038612;
0.161660;1.000000;0.901199;0.584115;0.971551;1.033837;
0.161680;1.000000;0.900562;0.584069;0.965483;1.028984;
0.161700;1.000000;0.900153;0.584207;0.959380;1.024051;
0.161720;1.000000;0.899978;0.584528;0.953247;1.019035;
0.161740;1.000000;0.900043;0.585032;0.947088;1.013931;
0.161760;1.000000;0.900350;0.585712;0.940908;1.008739;
0.161780;1.000000;0.900897;0.586564;0.934711;1.003456;
0.161800;1.000000;0.901681;0.587578;0.928500;0.998080;
0.161820;1.000000;0.902698;0.588744;0.922279;0.992610;
0.161840;1.000000;0.903937;0.590051;0.916052;0.987045;
0.161860;1.000000;0.905390;0.591483;0.909820;0.981385;
0.161880;1.000000;0.907041;0.593025;0.903587;0.975630;
0.161900;1.000000;0.908874;0.594660;0.897354;0.969781;
0.161920;1.000000;0.910872;0.596370;0.891124;0.963839;
0.161940;1.000000;0.913014;0.598134;0.884896;0.957805;
0.161960;1.000000;0.915277;0.599934;0.878672;0.951683;
0.161980;1.000000;0.917637;0.601747;0.872452;0.945474;
0.162000;1.000000;0.920067;0.603552;0.866235;0.939181;
0.162020;1.000000;0.922541;0.605328;0.860021;0.932809;
0.162040;1.000000;0.925032;0.607055;0.853808;0.926361;
0.162060;1.000000;0.927509;0.608710;0.847595;0.919842;
0.162080;1.000000;0.929946;0.610275;0.841381;0.913256;
0.162100;1.000000;0.932312;0.611731;0.835161;0.906609;
0.162120;1.000000;0.934581;0.613058;0.828934;0.899905;
0.162140;1.000000;0.936724;0.614242;0.822696;0.893151;
0.162160;1.000000;0.938715;0.615265;0.816444;0.886353;
0.162180;1.000000;0.940530;0.616118;0.810175;0.879515;
0.162200;1.000000;0.942147;0.616789;0.803885;0.872645;
0.162220;1.000000;0.943543;0.617269;0.797569;0.865748;
0.162240;1.000000;0.944701;0.617550;0.791225;0.858830;
0.162260;1.000000;0.945604;0.617629;0.784847;0.851898;
0.162280;1.000000;0.946241;0.617503;0.778432;0.844956;
0.162300;1.000000;0.946599;0.617173;0.771976;0.838012;
0.162320;1.000000;0.946672;0.616640;0.765475;0.831069;
0.162340;1.000000;0.946456;0.615909;0.758926;0.824134;
0.162360;1.000000;0.945950;0.614987;0.752324;0.817210;
0.162380;1.000000;0.945157;0.613884;0.745668;0.810303;
0.162400;1.000000;0.944080;0.612609;0.738955;0.803417;
0.162420;1.000000;0.942730;0.611175;0.732181;0.796555;
0.162440;1.000000;0.941118;0.609598;0.725346;0.789719;
0.162460;1.000000;0.939257;0.607892;0.718446;0.782914;
0.162480;1.000000;0.937166;0.606076;0.711483;0.776140;
0.162500;1.000000;0.934865;0.604166;0.704454;0.769400;
0.162520;1.000000;0.932374;0.602184;0.697360;0.762693;
0.162540;1.000000;0.929719;0.600150;0.690202;0.756022;
0.162560;1.000000;0.926925;0.598083;0.682980;0.749384;
0.162580;1.000000;0.924021;0.596006;0.675695;0.742781;
0.162600;1.000000;0.921036;0.593940;0.668351;0.736210;
0.162620;1.000000;0.917999;0.591906;0.660949;0.729669;
0.162640;1.000000;0.914942;0.589926;0.653493;0.723157;
0.162660;1.000000;0.911895;0.588020;0.645986;0.716670;
0.162680;1.000000;0.908891;0.586209;0.638433;0.710206;
0.162700;1.000000;0.905959;0.584513;0.630836;0.703760;
0.162720;1.000000;0.903131;0.582949;0.623202;0.697328;
0.162740;1.000000;0.900437;0.581535;0.615535;0.690908;
0.162760;1.000000;0.897905;0.580288;0.607840;0.684492;
0.162780;1.000000;0.895561;0.579221;0.600124;0.678078;
0.162800;1.000000;0.893432;0.578347;0.592391;0.671660;
0.162820;1.000000;0.891541;0.577678;0.584647;0.665232;
0.162840;1.000000;0.889909;0.577222;0.576899;0.658790;
0.162860;1.000000;0.888553;0.576986;0.569151;0.652329;
0.162880;1.000000;0.887491;0.576975;0.561410;0.645843;
0.162900;1.000000;0.886735;0.577192;0.553681;0.639328;
0.162920;1.000000;0.886296;0.577637;0.545969;0.632778;
0.162940;1.000000;0.886178;0.578308;0.538279;0.626190;
0.162960;1.000000;0.886387;0.579199;0.530616;0.619558;
0.162980;1.000000;0.886922;0.580305;0.522985;0.612879;
0.163000;1.000000;0.887780;0.581616;0.515388;0.606150;
0.163020;1.000000;0.888953;0.583120;0.507829;0.599366;
0.163040;1.000000;0.890433;0.584803;0.500312;0.592525;
0.163060;1.000000;0.892204;0.586651;0.492839;0.585626;
0.163080;1.000000;0.894252;0.588644;0.485410;0.578665;
0.163100;1.000000;0.896555;0.590764;0.478028;0.571642;
0.163120;1.000000;0.899093;0.592989;0.470693;0.564557;
0.163140;1.000000;0.901839;0.595296;0.463404;0.557407;
0.163160;1.000000;0.904767;0.597663;0.456161;0.550195;
0.163180;1.000000;0.907846;0.600065;0.448963;0.542921;
0.163200;1.000000;0.911047;0.602476;0.441808;0.535585;
0.163220;1.000000;0.914336;0.604872;0.434692;0.528190;
0.163240;1.000000;0.917680;0.607227;0.427613;0.520739;
0.163260;1.000000;0.921044;0.609516;0.420567;0.513234;
0.163280;1.000000;0.924395;0.611714;0.413550;0.505677;
0.163300;1.000000;0.927696;0.613799;0.406557;0.498073;
0.163320;1.000000;0.930915;0.615747;0.399583;0.490426;
0.163340;1.000000;0.934018;0.617539;0.392623;0.482740;
0.163360;1.000000;0.936972;0.619154;0.385671;0.475018;
0.163380;1.000000;0.939748;0.620576;0.378721;0.467267;
0.163400;1.000000;0.942315;0.621790;0.371767;0.459490;
0.163420;1.000000;0.944647;0.622782;0.364803;0.451692;
0.163440;1.000000;0.946721;0.623542;0.357822;0.443879;
0.163460;1.000000;0.948514;0.624063;0.350818;0.436056;
0.163480;1.000000;0.950008;0.624340;0.343785;0.428226;
0.163500;1.000000;0.951187;0.624369;0.336718;0.420395;
0.163520;1.000000;0.952038;0.624152;0.329609;0.412568;
0.163540;1.000000;0.952554;0.623690;0.322455;0.404747;
0.163560;1.000000;0.952728;0.622991;0.315249;0.396939;
0.163580;1.000000;0.952558;0.622061;0.307987;0.389145;
0.163600;1.000000;0.952047;0.620911;0.300665;0.381370;
0.163620;1.000000;0.951200;0.619554;0.293279;0.373616;
0.163640;1.000000;0.950025;0.618005;0.285826;0.365885;
0.163660;1.000000;0.948535;0.616281;0.278303;0.358181;
0.163680;1.000000;0.946746;0.614400;0.270709;0.350502;
0.163700;1.000000;0.944676;0.612382;0.263041;0.342852;
0.163720;1.000000;0.942346;0.610249;0.255299;0.335230;
0.163740;1.000000;0.939781;0.608023;0.247483;0.327636;
0.163760;1.000000;0.937009;0.605727;0.239594;0.320070;
0.163780;1.000000;0.934057;0.603386;0.231633;0.312530;
0.163800;1.000000;0.930957;0.601023;0.223601;0.305014;
0.163820;1.000000;0.927742;0.598663;0.215501;0.297520;
0.163840;1.000000;0.924444;0.596329;0.207336;0.290047;
0.163860;1.000000;0.921100;0.594047;0.199109;0.282590;
0.163880;1.000000;0.917743;0.591837;0.190825;0.275146;
0.163900;1.000000;0.914410;0.589724;0.182488;0.267712;
0.163920;1.000000;0.911135;0.587729;0.174102;0.260282;
0.163940;1.000000;0.907953;0.585871;0.165674;0.252854;
0.163960;1.000000;0.904898;0.584169;0.157208;0.245422;
0.163980;1.000000;0.902002;0.582641;0.148711;0.237981;
0.164000;1.000000;0.899295;0.581302;0.140188;0.230526;
0.164020;1.000000;0.896806;0.580166;0.131645;0.223053;
0.164040;1.000000;0.894562;0.579244;0.123088;0.215556;
0.164060;1.000000;0.892586;0.578546;0.114524;0.208031;
0.164080;1.000000;0.890899;0.578079;0.105957;0.200473;
0.164100;1.000000;0.889519;0.577847;0.097394;0.192877;
0.164120;1.000000;0.888461;0.577854;0.088841;0.185238;
0.164140;1.000000;0.887737;0.578100;0.080301;0.177553;
0.164160;1.000000;0.887353;0.578582;0.071781;0.169818;
0.164180;1.000000;0.887314;0.579296;0.063284;0.162030;
0.164200;1.000000;0.887620;0.580235;0.054814;0.154184;
0.164220;1.000000;0.888269;0.581388;0.046376;0.146280;
0.164240;1.000000;0.889253;0.582744;0.037971;0.138313;
0.164260;1.000000;0.890561;0.584290;0.029602;0.130284;
0.164280;1.000000;0.892181;0.586009;0.021271;0.122191;
0.164300;1.000000;0.894095;0.587882;0.012979;0.114033;
0.164320;1.000000;0.896282;0.589891;0.004727;0.105810;
0.164340;1.000000;0.898720;0.592014;-0.003485;0.097523;
0.164360;1.000000;0.901382;0.594227;-0.011658;0.089173;
0.164380;1.000000;0.904242;0.596508;-0.019794;0.080762;
0.164400;1.000000;0.907268;0.598832;-0.027893;0.072291;
0.164420;1.000000;0.910429;0.601173;-0.035959;0.063763;
0.164440;1.000000;0.913691;0.603506;-0.043993;0.055182;
0.164460;1.000000;0.917022;0.605806;-0.051999;0.046550;
0.164480;1.000000;0.920384;0.608048;-0.059981;0.037873;
0.164500;1.000000;0.923745;0.610206;-0.067943;0.029153;
0.164520;1.000000;0.927067;0.612259;-0.075888;0.020397;
0.164540;1.000000;0.930317;0.614183;-0.083822;0.011608;
0.164560;1.000000;0.933462;0.615957;-0.091749;0.002792;
0.164580;1.000000;0.936467;0.617563;-0.099675;-0.006045;
0.164600;1.000000;0.939302;0.618984;-0.107603;-0.014898;
0.164620;1.000000;0.941938;0.620204;-0.115539;-0.023762;
0.164640;1.000000;0.944348;0.621212;-0.123488;-0.032631;
0.164660;1.000000;0.946506;0.621996;-0.131454;-0.041500;
0.164680;1.000000;0.948391;0.622550;-0.139442;-0.050362;
0.164700;1.000000;0.949983;0.622868;-0.147456;-0.059213;
0.164720;1.000000;0.951266;0.622949;-0.155500;-0.068048;
0.164740;1.000000;0.952228;0.622794;-0.163577;-0.076861;
0.164760;1.000000;0.952860;0.622404;-0.171690;-0.085649;
0.164780;1.000000;0.953154;0.621786;-0.179843;-0.094406;
0.164800;1.000000;0.953110;0.620949;-0.188037;-0.103129;
0.164820;1.000000;0.952727;0.619903;-0.196273;-0.111814;
0.164840;1.000000;0.952012;0.618661;-0.204554;-0.120459;
0.164860;1.000000;0.950973;0.617237;-0.212878;-0.129060;
0.164880;1.000000;0.949621;0.615649;-0.221246;-0.137616;
0.164900;1.000000;0.947972;0.613914;-0.229657;-0.146124;
0.164920;1.000000;0.946044;0.612052;-0.238110;-0.154583;
0.164940;1.000000;0.943858;0.610084;-0.246603;-0.162994;
0.164960;1.000000;0.941439;0.608031;-0.255132;-0.171354;
0.164980;1.000000;0.938812;0.605916;-0.263695;-0.179666;
0.165000;1.000000;0.936006;0.603761;-0.272288;-0.187928;
0.165020;1.000000;0.933052;0.601588;-0.280907;-0.196143;
0.165040;1.000000;0.929981;0.599421;-0.289548;-0.204312;
0.165060;1.000000;0.926827;0.597282;-0.298204;-0.212436;
0.165080;1.000000;0.923623;0.595193;-0.306871;-0.220518;
0.165100;1.000000;0.920404;0.593174;-0.315542;-0.228560;
0.165120;1.000000;0.917203;0.591246;-0.324213;-0.236566;
0.165140;1.000000;0.914055;0.589428;-0.332876;-0.244538;
0.165160;1.000000;0.910992;0.587738;-0.341525;-0.252479;
0.165180;1.000000;0.908048;0.586193;-0.350154;-0.260392;
0.165200;1.000000;0.905251;0.584807;-0.358757;-0.268282;
0.165220;1.000000;0.902632;0.583594;-0.367327;-0.276151;
0.165240;1.000000;0.900216;0.582565;-0.375858;-0.284003;
0.165260;1.000000;0.898029;0.581730;-0.384344;-0.291841;
0.165280;1.000000;0.896092;0.581097;-0.392780;-0.299669;
0.165300;1.000000;0.894425;0.580672;-0.401159;-0.307489;
0.165320;1.000000;0.893042;0.580458;-0.409477;-0.315304;
0.165340;1.000000;0.891958;0.580458;-0.417730;-0.323118;
0.165360;1.000000;0.891182;0.580670;-0.425913;-0.330932;
0.165380;1.000000;0.890720;0.581093;-0.434022;-0.338748;
0.165400;1.000000;0.890576;0.581721;-0.442055;-0.346569;
0.165420;1.000000;0.890749;0.582548;-0.450009;-0.354395;
0.165440;1.000000;0.891236;0.583564;-0.457882;-0.362229;
0.165460;1.000000;0.892030;0.584760;-0.465673;-0.370069;
0.165480;1.000000;0.893122;0.586122;-0.473381;-0.377916;
0.165500;1.000000;0.894498;0.587636;-0.481006;-0.385771;
0.165520;1.000000;0.896143;0.589285;-0.488549;-0.393633;
0.165540;1.000000;0.898039;0.591052;-0.496010;-0.401500;
0.165560;1.000000;0.900165;0.592918;-0.503392;-0.409372;
0.165580;1.000000;0.902497;0.594863;-0.510696;-0.417246;
0.165600;1.000000;0.905012;0.596865;-0.517926;-0.425120;
0.165620;1.000000;0.907682;0.598902;-0.525085;-0.432992;
0.165640;1.000000;0.910478;0.600953;-0.532175;-0.440859;
0.165660;1.000000;0.913373;0.602994;-0.539203;-0.448719;
0.165680;1.000000;0.916334;0.605003;-0.546170;-0.456567;
0.165700;1.000000;0.919332;0.606958;-0.553084;-0.464400;
0.165720;1.000000;0.922334;0.608837;-0.559948;-0.472215;
0.165740;1.000000;0.925311;0.610620;-0.566768;-0.480008;
0.165760;1.000000;0.928231;0.612287;-0.573548;-0.487775;
0.165780;1.000000;0.931063;0.613820;-0.580294;-0.495512;
0.165800;1.000000;0.933780;0.615202;-0.587012;-0.503216;
0.165820;1.000000;0.936352;0.616418;-0.593706;-0.510882;
0.165840;1.000000;0.938753;0.617456;-0.600381;-0.518507;
0.165860;1.000000;0.940959;0.618305;-0.607043;-0.526088;
0.165880;1.000000;0.942947;0.618956;-0.613695;-0.533621;
0.165900;1.000000;0.944698;0.619403;-0.620342;-0.541103;
0.165920;1.000000;0.946193;0.619643;-0.626989;-0.548532;
0.165940;1.000000;0.947418;0.619675;-0.633638;-0.555904;
0.165960;1.000000;0.948362;0.619499;-0.640292;-0.563218;
0.165980;1.000000;0.949014;0.619119;-0.646955;-0.570472;
0.166000;1.000000;0.949370;0.618542;-0.653628;-0.577664;
0.166020;1.000000;0.949428;0.617775;-0.660313;-0.584793;
0.166040;1.000000;0.949187;0.616827;-0.667011;-0.591860;
0.166060;1.000000;0.948652;0.615712;-0.673723;-0.598863;
0.166080;1.000000;0.947830;0.614443;-0.680449;-0.605802;
0.166100;1.000000;0.946731;0.613034;-0.687188;-0.612679;
0.166120;1.000000;0.945370;0.611502;-0.693940;-0.619495;
0.166140;1.000000;0.943760;0.609865;-0.700702;-0.626250;
0.166160;1.000000;0.941922;0.608140;-0.707474;-0.632947;
0.166180;1.000000;0.939876;0.606346;-0.714251;-0.639588;
0.166200;1.000000;0.937645;0.604503;-0.721033;-0.646176;
0.166220;1.000000;0.935254;0.602630;-0.727814;-0.652712;
0.166240;1.000000;0.932730;0.600745;-0.734593;-0.659202;
0.166260;1.000000;0.930099;0.598868;-0.741365;-0.665647;
0.166280;1.000000;0.927390;0.597017;-0.748125;-0.672051;
0.166300;1.000000;0.924633;0.595210;-0.754871;-0.678419;
0.166320;1.000000;0.921856;0.593464;-0.761597;-0.684753;
0.166340;1.000000;0.919088;0.591794;-0.768298;-0.691059;
0.166360;1.000000;0.916357;0.590217;-0.774971;-0.697339;
0.166380;1.000000;0.913690;0.588746;-0.781611;-0.703599;
0.166400;1.000000;0.911115;0.587393;-0.788213;-0.709841;
0.166420;1.000000;0.908656;0.586170;-0.794773;-0.716070;
0.166440;1.000000;0.906335;0.585087;-0.801288;-0.722289;
0.166460;1.000000;0.904175;0.584152;-0.807752;-0.728503;
0.166480;1.000000;0.902195;0.583372;-0.814164;-0.734713;
0.166500;1.000000;0.900412;0.582753;-0.820519;-0.740924;
0.166520;1.000000;0.898839;0.582299;-0.826814;-0.747138;
0.166540;1.000000;0.897490;0.582011;-0.833048;-0.753357;
0.166560;1.000000;0.896374;0.581891;-0.839218;-0.759584;
0.166580;1.000000;0.895499;0.581938;-0.845323;-0.765821;
0.166600;1.000000;0.894868;0.582149;-0.851361;-0.772068;
0.166620;1.000000;0.894484;0.582521;-0.857331;-0.778327;
0.166640;1.000000;0.894346;0.583047;-0.863234;-0.784598;
0.166660;1.000000;0.894451;0.583721;-0.869071;-0.790881;
0.166680;1.000000;0.894795;0.584534;-0.874840;-0.797177;
0.166700;1.000000;0.895370;0.585477;-0.880545;-0.803484;
0.166720;1.000000;0.896167;0.586538;-0.886186;-0.809802;
0.166740;1.000000;0.897173;0.587705;-0.891765;-0.816128;
0.166760;1.000000;0.898376;0.588964;-0.897286;-0.822462;
0.166780;1.000000;0.899761;0.590301;-0.902751;-0.828800;
0.166800;1.000000;0.901310;0.591701;-0.908163;-0.835142;
0.166820;1.000000;0.903006;0.593149;-0.913526;-0.841483;
0.166840;1.000000;0.904830;0.594627;-0.918843;-0.847820;
0.166860;1.000000;0.906760;0.596119;-0.924118;-0.854151;
0.166880;1.000000;0.908777;0.597609;-0.929356;-0.860472;
0.166900;1.000000;0.910857;0.599080;-0.934561;-0.866780;
0.166920;1.000000;0.912979;0.600516;-0.939737;-0.873070;
0.166940;1.000000;0.915119;0.601901;-0.944888;-0.879339;
0.166960;1.000000;0.917255;0.603221;-0.950019;-0.885583;
0.166980;1.000000;0.919364;0.604461;-0.955133;-0.891798;
0.167000;1.000000;0.921423;0.605610;-0.960235;-0.897981;
0.167020;1.000000;0.923413;0.606654;-0.965328;-0.904127;
0.167040;1.000000;0.925311;0.607585;-0.970417;-0.910234;
0.167060;1.000000;0.927098;0.608394;-0.975504;-0.916298;
0.167080;1.000000;0.928756;0.609075;-0.980592;-0.922315;
0.167100;1.000000;0.930269;0.609622;-0.985685;-0.928283;
0.167120;1.000000;0.931621;0.610033;-0.990784;-0.934200;
0.167140;1.000000;0.932800;0.610305;-0.995891;-0.940062;
0.167160;1.000000;0.933795;0.610441;-1.001007;-0.945868;
0.167180;1.000000;0.934598;0.610442;-1.006134;-0.951615;
0.167200;1.000000;0.935202;0.610312;-1.011273;-0.957303;
0.167220;1.000000;0.935604;0.610058;-1.016423;-0.962931;
0.167240;1.000000;0.935803;0.609686;-1.021583;-0.968497;
0.167260;1.000000;0.935800;0.609205;-1.026754;-0.974002;
0.167280;1.000000;0.935599;0.608624;-1.031934;-0.979445;
0.167300;1.000000;0.935207;0.607955;-1.037120;-0.984827;
0.167320;1.000000;0.934633;0.607209;-1.042312;-0.990148;
0.167340;1.000000;0.933886;0.606398;-1.047506;-0.995409;
0.167360;1.000000;0.932981;0.605535;-1.052700;-1.000613;
0.167380;1.000000;0.931931;0.604633;-1.057890;-1.005760;
0.167400;1.000000;0.930754;0.603704;-1.063073;-1.010853;
0.167420;1.000000;0.929467;0.602761;-1.068245;-1.015893;
0.167440;1.000000;0.928089;0.601817;-1.073401;-1.020883;
0.167460;1.000000;0.926639;0.600883;-1.078539;-1.025826;
0.167480;1.000000;0.925138;0.599972;-1.083652;-1.030724;
0.167500;1.000000;0.923605;0.599093;-1.088738;-1.035580;
0.167520;1.000000;0.922061;0.598257;-1.093791;-1.040397;
0.167540;1.000000;0.920525;0.597473;-1.098806;-1.045177;
0.167560;1.000000;0.919017;0.596748;-1.103780;-1.049925;
0.167580;1.000000;0.917554;0.596091;-1.108707;-1.054641;
0.167600;1.000000;0.916153;0.595507;-1.113584;-1.059330;
0.167620;1.000000;0.914830;0.595002;-1.118406;-1.063994;
0.167640;1.000000;0.913599;0.594579;-1.123169;-1.068636;
0.167660;1.000000;0.912472;0.594242;-1.127870;-1.073257;
0.167680;1.000000;0.911460;0.593994;-1.132505;-1.077860;
0.167700;1.000000;0.910571;0.593835;-1.137070;-1.082447;
0.167720;1.000000;0.909814;0.593766;-1.141563;-1.087019;
0.167740;1.000000;0.909192;0.593786;-1.145980;-1.091578;
0.167760;1.000000;0.908709;0.593895;-1.150321;-1.096124;
0.167780;1.000000;0.908368;0.594089;-1.154583;-1.100659;
0.167800;1.000000;0.908168;0.594367;-1.158764;-1.105183;
0.167820;1.000000;0.908108;0.594723;-1.162863;-1.109695;
0.167840;1.000000;0.908186;0.595154;-1.166880;-1.114196;
0.167860;1.000000;0.908397;0.595655;-1.170814;-1.118685;
0.167880;1.000000;0.908737;0.596219;-1.174664;-1.123159;
0.167900;1.000000;0.909199;0.596841;-1.178432;-1.127620;
0.167920;1.000000;0.909776;0.597512;-1.182118;-1.132063;
0.167940;1.000000;0.910461;0.598226;-1.185723;-1.136488;
0.167960;1.000000;0.911244;0.598975;-1.189248;-1.140892;
0.167980;1.000000;0.912118;0.599750;-1.192695;-1.145272;
0.168000;1.000000;0.913072;0.600542;-1.196065;-1.149626;
0.168020;1.000000;0.914095;0.601342;-1.199360;-1.153950;
0.168040;1.000000;0.915178;0.602142;-1.202584;-1.158240;
0.168060;1.000000;0.916309;0.602931;-1.205737;-1.162494;
0.168080;1.000000;0.917478;0.603701;-1.208823;-1.166708;
0.168100;1.000000;0.918673;0.604443;-1.211844;-1.170878;
0.168120;1.000000;0.919882;0.605148;-1.214802;-1.174999;
0.168140;1.000000;0.921093;0.605808;-1.217701;-1.179068;
0.168160;1.000000;0.922296;0.606415;-1.220544;-1.183082;
0.168180;1.000000;0.923479;0.606963;-1.223331;-1.187035;
0.168200;1.000000;0.924630;0.607445;-1.226067;-1.190925;
0.168220;1.000000;0.925738;0.607855;-1.228754;-1.194747;
0.168240;1.000000;0.926793;0.608190;-1.231394;-1.198498;
0.168260;1.000000;0.927785;0.608447;-1.233989;-1.202175;
0.168280;1.000000;0.928705;0.608623;-1.236541;-1.205773;
0.168300;1.000000;0.929543;0.608717;-1.239052;-1.209290;
0.168320;1.000000;0.930293;0.608730;-1.241524;-1.212724;
0.168340;1.000000;0.930948;0.608663;-1.243957;-1.216071;
0.168360;1.000000;0.931502;0.608519;-1.246354;-1.219329;
0.168380;1.000000;0.931952;0.608302;-1.248715;-1.222497;
0.168400;1.000000;0.932294;0.608016;-1.251040;-1.225572;
0.168420;1.000000;0.932529;0.607668;-1.253330;-1.228554;
0.168440;1.000000;0.932654;0.607264;-1.255586;-1.231442;
0.168460;1.000000;0.932673;0.606810;-1.257806;-1.234234;
0.168480;1.000000;0.932589;0.606316;-1.259991;-1.236931;
0.168500;1.000000;0.932406;0.605789;-1.262140;-1.239533;
0.168520;1.000000;0.932131;0.605238;-1.264253;-1.242040;
0.168540;1.000000;0.931770;0.604671;-1.266327;-1.244452;
0.168560;1.000000;0.931332;0.604097;-1.268362;-1.246773;
0.168580;1.000000;0.930827;0.603524;-1.270357;-1.249002;
0.168600;1.000000;0.930264;0.602960;-1.272309;-1.251141;
0.168620;1.000000;0.929655;0.602412;-1.274217;-1.253193;
0.168640;1.000000;0.929011;0.601887;-1.276080;-1.255160;
0.168660;1.000000;0.928343;0.601390;-1.277894;-1.257044;
0.168680;1.000000;0.927663;0.600927;-1.279659;-1.258848;
0.168700;1.000000;0.926981;0.600502;-1.281371;-1.260576;
0.168720;1.000000;0.926308;0.600118;-1.283030;-1.262230;
0.168740;1.000000;0.925654;0.599777;-1.284632;-1.263814;
0.168760;1.000000;0.925027;0.599482;-1.286175;-1.265331;
0.168780;1.000000;0.924436;0.599231;-1.287658;-1.266784;
0.168800;1.000000;0.923886;0.599025;-1.289079;-1.268178;
0.168820;1.000000;0.923384;0.598863;-1.290434;-1.269515;
0.168840;1.000000;0.922932;0.598742;-1.291723;-1.270800;
0.168860;1.000000;0.922533;0.598661;-1.292944;-1.272035;
0.168880;1.000000;0.922188;0.598614;-1.294095;-1.273224;
0.168900;1.000000;0.921896;0.598600;-1.295174;-1.274371;
0.168920;1.000000;0.921656;0.598614;-1.296181;-1.275478;
0.168940;1.000000;0.921465;0.598650;-1.297114;-1.276548;
0.168960;1.000000;0.921319;0.598706;-1.297971;-1.277585;
0.168980;1.000000;0.921213;0.598775;-1.298753;-1.278591;
0.169000;1.000000;0.921141;0.598853;-1.299458;-1.279569;
0.169020;1.000000;0.921098;0.598936;-1.300087;-1.280519;
0.169040;1.000000;0.921076;0.599018;-1.300638;-1.281446;
0.169060;1.000000;0.921069;0.599095;-1.301113;-1.282349;
0.169080;1.000000;0.921070;0.599162;-1.301510;-1.283231;
0.169100;1.000000;0.921072;0.599216;-1.301831;-1.284092;
0.169120;1.000000;0.921070;0.599252;-1.302076;-1.284933;
0.169140;1.000000;0.921057;0.599266;-1.302246;-1.285755;
0.169160;1.000000;0.921027;0.599257;-1.302341;-1.286558;
0.169180;1.000000;0.920976;0.599219;-1.302363;-1.287342;
0.169200;1.000000;0.920899;0.599152;-1.302313;-1.288106;
0.169220;1.000000;0.920793;0.599052;-1.302193;-1.288850;
0.169240;1.000000;0.920656;0.598918;-1.302003;-1.289572;
0.169260;1.000000;0.920484;0.598748;-1.301746;-1.290272;
0.169280;1.000000;0.920276;0.598542;-1.301424;-1.290948;
0.169300;1.000000;0.920032;0.598299;-1.301038;-1.291598;
0.169320;1.000000;0.919752;0.598020;-1.300591;-1.292221;
0.169340;1.000000;0.919434;0.597704;-1.300084;-1.292814;
0.169360;1.000000;0.919082;0.597353;-1.299520;-1.293375;
0.169380;1.000000;0.918695;0.596968;-1.298901;-1.293902;
0.169400;1.000000;0.918275;0.596553;-1.298229;-1.294392;
0.169420;1.000000;0.917826;0.596110;-1.297506;-1.294843;
0.169440;1.000000;0.917349;0.595643;-1.296736;-1.295251;
0.169460;1.000000;0.916847;0.595155;-1.295919;-1.295615;
0.169480;1.000000;0.916324;0.594653;-1.295059;-1.295931;
0.169500;1.000000;0.915783;0.594141;-1.294157;-1.296197;
0.169520;1.000000;0.915228;0.593626;-1.293217;-1.296409;
0.169540;1.000000;0.914664;0.593114;-1.292239;-1.296567;
0.169560;1.000000;0.914095;0.592611;-1.291227;-1.296666;
0.169580;1.000000;0.913527;0.592127;-1.290182;-1.296704;
0.169600;1.000000;0.912964;0.591667;-1.289107;-1.296680;
0.169620;1.000000;0.912414;0.591240;-1.288002;-1.296590;
0.169640;1.000000;0.911881;0.590853;-1.286871;-1.296434;
0.169660;1.000000;0.911374;0.590515;-1.285714;-1.296209;
0.169680;1.000000;0.910898;0.590232;-1.284534;-1.295915;
0.169700;1.000000;0.910460;0.590012;-1.283331;-1.295548;
0.169720;1.000000;0.910069;0.589861;-1.282107;-1.295109;
0.169740;1.000000;0.909732;0.589785;-1.280864;-1.294597;
0.169760;1.000000;0.909455;0.589788;-1.279602;-1.294011;
0.169780;1.000000;0.909246;0.589875;-1.278322;-1.293351;
0.169800;1.000000;0.909112;0.590050;-1.277024;-1.292617;
0.169820;1.000000;0.909059;0.590313;-1.275710;-1.291810;
0.169840;1.000000;0.909093;0.590665;-1.274380;-1.290929;
0.169860;1.000000;0.909219;0.591107;-1.273033;-1.289977;
0.169880;1.000000;0.909440;0.591635;-1.271670;-1.288954;
0.169900;1.000000;0.909760;0.592247;-1.270291;-1.287861;
0.169920;1.000000;0.910179;0.592939;-1.268895;-1.286700;
0.169940;1.000000;0.910698;0.593704;-1.267483;-1.285474;
0.169960;1.000000;0.911315;0.594536;-1.266052;-1.284184;
0.169980;1.000000;0.912028;0.595426;-1.264602;-1.282833;
0.170000;1.000000;0.912830;0.596367;-1.263133;-1.281424;
0.170020;1.000000;0.913717;0.597348;-1.261643;-1.279958;
0.170040;1.000000;0.914679;0.598358;-1.260130;-1.278440;
0.170060;1.000000;0.915708;0.599387;-1.258593;-1.276873;
0.170080;1.000000;0.916792;0.600423;-1.257031;-1.275258;
0.170100;1.000000;0.917919;0.601455;-1.255441;-1.273601;
0.170120;1.000000;0.919076;0.602471;-1.253821;-1.271903;
0.170140;1.000000;0.920250;0.603459;-1.252171;-1.270169;
0.170160;1.000000;0.921424;0.604409;-1.250486;-1.268401;
0.170180;1.000000;0.922584;0.605308;-1.248766;-1.266604;
0.170200;1.000000;0.923715;0.606148;-1.247007;-1.264779;
0.170220;1.000000;0.924801;0.606918;-1.245208;-1.262931;
0.170240;1.000000;0.925828;0.607609;-1.243365;-1.261062;
0.170260;1.000000;0.926781;0.608215;-1.241477;-1.259175;
0.170280;1.000000;0.927647;0.608727;-1.239541;-1.257273;
0.170300;1.000000;0.928413;0.609141;-1.237554;-1.255358;
0.170320;1.000000;0.929069;0.609452;-1.235514;-1.253432;
0.170340;1.000000;0.929605;0.609655;-1.233419;-1.251498;
0.170360;1.000000;0.930013;0.609750;-1.231267;-1.249556;
0.170380;1.000000;0.930286;0.609735;-1.229054;-1.247609;
0.170400;1.000000;0.930421;0.609610;-1.226780;-1.245657;
0.170420;1.000000;0.930415;0.609376;-1.224442;-1.243701;
0.170440;1.000000;0.930266;0.609036;-1.222039;-1.241742;
0.170460;1.000000;0.929976;0.608594;-1.219568;-1.239778;
0.170480;1.000000;0.929548;0.608054;-1.217029;-1.237811;
0.170500;1.000000;0.928986;0.607421;-1.214419;-1.235839;
0.170520;1.000000;0.928296;0.606703;-1.211739;-1.233861;
0.170540;1.000000;0.927487;0.605907;-1.208987;-1.231876;
0.170560;1.000000;0.926567;0.605042;-1.206163;-1.229881;
0.170580;1.000000;0.925547;0.604116;-1.203267;-1.227875;
0.170600;1.000000;0.924439;0.603140;-1.200298;-1.225855;
0.170620;1.000000;0.923255;0.602124;-1.197256;-1.223819;
0.170640;1.000000;0.922008;0.601079;-1.194143;-1.221763;
0.170660;1.000000;0.920714;0.600017;-1.190959;-1.219683;
0.170680;1.000000;0.919386;0.598950;-1.187704;-1.217576;
0.170700;1.000000;0.918040;0.597890;-1.184381;-1.215439;
0.170720;1.000000;0.916692;0.596850;-1.180990;-1.213267;
0.170740;1.000000;0.915356;0.595842;-1.177533;-1.211055;
0.170760;1.000000;0.914049;0.594878;-1.174013;-1.208800;
0.170780;1.000000;0.912785;0.593972;-1.170430;-1.206497;
0.170800;1.000000;0.911581;0.593133;-1.166789;-1.204142;
0.170820;1.000000;0.910451;0.592375;-1.163090;-1.201729;
0.170840;1.000000;0.909409;0.591708;-1.159336;-1.199254;
0.170860;1.000000;0.908469;0.591143;-1.155531;-1.196713;
0.170880;1.000000;0.907644;0.590687;-1.151677;-1.194102;
0.170900;1.000000;0.906947;0.590350;-1.147776;-1.191416;
0.170920;1.000000;0.906388;0.590139;-1.143831;-1.188650;
0.170940;1.000000;0.905978;0.590059;-1.139846;-1.185802;
0.170960;1.000000;0.905725;0.590114;-1.135822;-1.182868;
0.170980;1.000000;0.905638;0.590307;-1.131763;-1.179843;
0.171000;1.000000;0.905721;0.590641;-1.127671;-1.176726;
0.171020;1.000000;0.905981;0.591113;-1.123549;-1.173513;
0.171040;1.000000;0.906419;0.591721;-1.119398;-1.170202;
0.171060;1.000000;0.907037;0.592462;-1.115220;-1.166792;
0.171080;1.000000;0.907834;0.593331;-1.111018;-1.163280;
0.171100;1.000000;0.908805;0.594318;-1.106793;-1.159666;
0.171120;1.000000;0.909948;0.595416;-1.102546;-1.155949;
0.171140;1.000000;0.911253;0.596613;-1.098278;-1.152128;
0.171160;1.000000;0.912712;0.597897;-1.093990;-1.148205;
0.171180;1.000000;0.914314;0.599255;-1.089682;-1.144179;
0.171200;1.000000;0.916044;0.600672;-1.085354;-1.140052;
0.171220;1.000000;0.917888;0.602131;-1.081005;-1.135827;
0.171240;1.000000;0.919828;0.603617;-1.076636;-1.131503;
0.171260;1.000000;0.921845;0.605112;-1.072244;-1.127085;
0.171280;1.000000;0.923920;0.606598;-1.067829;-1.122576;
0.171300;1.000000;0.926029;0.608058;-1.063389;-1.117977;
0.171320;1.000000;0.928150;0.609473;-1.058921;-1.113294;
0.171340;1.000000;0.930261;0.610827;-1.054423;-1.108530;
0.171360;1.000000;0.932337;0.612101;-1.049894;-1.103689;
0.171380;1.000000;0.934355;0.613281;-1.045329;-1.098776;
0.171400;1.000000;0.936290;0.614350;-1.040725;-1.093795;
0.171420;1.000000;0.938120;0.615294;-1.036080;-1.088752;
0.171440;1.000000;0.939821;0.616101;-1.031390;-1.083651;
0.171460;1.000000;0.941373;0.616760;-1.026650;-1.078497;
0.171480;1.000000;0.942756;0.617260;-1.021858;-1.073296;
0.171500;1.000000;0.943952;0.617594;-1.017010;-1.068052;
0.171520;1.000000;0.944944;0.617756;-1.012102;-1.062771;
0.171540;1.000000;0.945718;0.617741;-1.007129;-1.057458;
0.171560;1.000000;0.946261;0.617547;-1.002089;-1.052116;
0.171580;1.000000;0.946566;0.617173;-0.996978;-1.046752;
0.171600;1.000000;0.946625;0.616622;-0.991792;-1.041368;
0.171620;1.000000;0.946433;0.615896;-0.986529;-1.035970;
0.171640;1.000000;0.945990;0.615002;-0.981186;-1.030560;
0.171660;1.000000;0.945297;0.613946;-0.975759;-1.025142;
0.171680;1.000000;0.944357;0.612737;-0.970247;-1.019719;
0.171700;1.000000;0.943179;0.611386;-0.964648;-1.014293;
0.171720;1.000000;0.941771;0.609905;-0.958960;-1.008867;
0.171740;1.000000;0.940146;0.608307;-0.953182;-1.003442;
0.171760;1.000000;0.938317;0.606607;-0.947314;-0.998019;
0.171780;1.000000;0.936301;0.604820;-0.941355;-0.992600;
0.171800;1.000000;0.934118;0.602964;-0.935307;-0.987183;
0.171820;1.000000;0.931787;0.601056;-0.929169;-0.981769;
0.171840;1.000000;0.929331;0.599115;-0.922943;-0.976356;
0.171860;1.000000;0.926774;0.597158;-0.916631;-0.970945;
0.171880;1.000000;0.924139;0.595205;-0.910236;-0.965532;
0.171900;1.000000;0.921453;0.593274;-0.903759;-0.960117;
0.171920;1.000000;0.918742;0.591385;-0.897205;-0.954695;
0.171940;1.000000;0.916032;0.589557;-0.890578;-0.949265;
0.171960;1.000000;0.913351;0.587808;-0.883880;-0.943822;
0.171980;1.000000;0.910725;0.586156;-0.877118;-0.938364;
0.172000;1.000000;0.908181;0.584617;-0.870295;-0.932887;
0.172020;1.000000;0.905744;0.583208;-0.863417;-0.927386;
0.172040;1.000000;0.903438;0.581945;-0.856489;-0.921857;
0.172060;1.000000;0.901289;0.580840;-0.849518;-0.916296;
0.172080;1.000000;0.899318;0.579906;-0.842508;-0.910699;
0.172100;1.000000;0.897545;0.579154;-0.835467;-0.905061;
0.172120;1.000000;0.895991;0.578594;-0.828399;-0.899377;
0.172140;1.000000;0.894672;0.578232;-0.821311;-0.893644;
0.172160;1.000000;0.893602;0.578073;-0.814209;-0.887857;
0.172180;1.000000;0.892795;0.578122;-0.807098;-0.882013;
0.172200;1.000000;0.892259;0.578379;-0.799985;-0.876106;
0.172220;1.000000;0.892004;0.578844;-0.792874;-0.870135;
0.172240;1.000000;0.892032;0.579513;-0.785772;-0.864096;
0.172260;1.000000;0.892345;0.580381;-0.778681;-0.857986;
0.172280;1.000000;0.892943;0.581440;-0.771608;-0.851804;
0.172300;1.000000;0.893820;0.582681;-0.764556;-0.845546;
0.172320;1.000000;0.894970;0.584092;-0.757528;-0.839212;
0.172340;1.000000;0.896381;0.585660;-0.750528;-0.832801;
0.172360;1.000000;0.898042;0.587367;-0.743558;-0.826312;
0.172380;1.000000;0.899935;0.589198;-0.736620;-0.819747;
0.172400;1.000000;0.902043;0.591133;-0.729716;-0.813104;
0.172420;1.000000;0.904343;0.593153;-0.722846;-0.806386;
0.172440;1.000000;0.906813;0.595235;-0.716010;-0.799595;
0.172460;1.000000;0.909426;0.597358;-0.709209;-0.792732;
0.172480;1.000000;0.912156;0.599499;-0.702440;-0.785801;
0.172500;1.000000;0.914974;0.601635;-0.695703;-0.778805;
0.172520;1.000000;0.917849;0.603742;-0.688996;-0.771748;
0.172540;1.000000;0.920751;0.605798;-0.682315;-0.764634;
0.172560;1.000000;0.923648;0.607779;-0.675659;-0.757467;
0.172580;1.000000;0.926509;0.609665;-0.669022;-0.750252;
0.172600;1.000000;0.929303;0.611435;-0.662402;-0.742995;
0.172620;1.000000;0.931999;0.613068;-0.655793;-0.735702;
0.172640;1.000000;0.934567;0.614548;-0.649191;-0.728377;
0.172660;1.000000;0.936978;0.615858;-0.642592;-0.721028;
0.172680;1.000000;0.939206;0.616982;-0.635989;-0.713659;
0.172700;1.000000;0.941225;0.617910;-0.629378;-0.706277;
0.172720;1.000000;0.943013;0.618631;-0.622753;-0.698888;
0.172740;1.000000;0.944550;0.619138;-0.616109;-0.691498;
0.172760;1.000000;0.945817;0.619424;-0.609441;-0.684112;
0.172780;1.000000;0.946800;0.619487;-0.602742;-0.676736;
0.172800;1.000000;0.947488;0.619327;-0.596008;-0.669376;
0.172820;1.000000;0.947871;0.618945;-0.589235;-0.662036;
0.172840;1.000000;0.947944;0.618346;-0.582416;-0.654721;
0.172860;1.000000;0.947705;0.617537;-0.575549;-0.647435;
0.172880;1.000000;0.947156;0.616526;-0.568629;-0.640182;
0.172900;1.000000;0.946301;0.615325;-0.561652;-0.632965;
0.172920;1.000000;0.945148;0.613946;-0.554617;-0.625787;
0.172940;1.000000;0.943709;0.612406;-0.547520;-0.618650;
0.172960;1.000000;0.941998;0.610719;-0.540359;-0.611556;
0.172980;1.000000;0.940032;0.608905;-0.533133;-0.604505;
0.173000;1.000000;0.937831;0.606983;-0.525841;-0.597499;
0.173020;1.000000;0.935417;0.604972;-0.518484;-0.590536;
0.173040;1.000000;0.932816;0.602895;-0.511061;-0.583617;
0.173060;1.000000;0.930054;0.600774;-0.503574;-0.576739;
0.173080;1.000000;0.927160;0.598630;-0.496024;-0.569901;
0.173100;1.000000;0.924164;0.596486;-0.488414;-0.563099;
0.173120;1.000000;0.921098;0.594365;-0.480746;-0.556331;
0.173140;1.000000;0.917993;0.592289;-0.473023;-0.549594;
0.173160;1.000000;0.914883;0.590280;-0.465250;-0.542882;
0.173180;1.000000;0.911801;0.588359;-0.457431;-0.536192;
0.173200;1.000000;0.908778;0.586547;-0.449570;-0.529519;
0.173220;1.000000;0.905848;0.584863;-0.441672;-0.522856;
0.173240;1.000000;0.903041;0.583324;-0.433743;-0.516200;
0.173260;1.000000;0.900388;0.581949;-0.425788;-0.509543;
0.173280;1.000000;0.897918;0.580752;-0.417813;-0.502880;
0.173300;1.000000;0.895658;0.579746;-0.409824;-0.496204;
0.173320;1.000000;0.893632;0.578943;-0.401825;-0.489511;
0.173340;1.000000;0.891863;0.578353;-0.393824;-0.482793;
0.173360;1.000000;0.890371;0.577982;-0.385825;-0.476045;
0.173380;1.000000;0.889173;0.577837;-0.377835;-0.469261;
0.173400;1.000000;0.888283;0.577920;-0.369858;-0.462435;
0.173420;1.000000;0.887712;0.578232;-0.361900;-0.455562;
0.173440;1.000000;0.887467;0.578772;-0.353965;-0.448637;
0.173460;1.000000;0.887553;0.579534;-0.346057;-0.441656;
0.173480;1.000000;0.887969;0.580512;-0.338180;-0.434613;
0.173500;1.000000;0.888714;0.581698;-0.330338;-0.427505;
0.173520;1.000000;0.889781;0.583080;-0.322532;-0.420329;
0.173540;1.000000;0.891161;0.584645;-0.314766;-0.413083;
0.173560;1.000000;0.892839;0.586377;-0.307040;-0.405764;
0.173580;1.000000;0.894799;0.588259;-0.299355;-0.398370;
0.173600;1.000000;0.897023;0.590272;-0.291712;-0.390900;
0.173620;1.000000;0.899488;0.592394;-0.284110;-0.383354;
0.173640;1.000000;0.902169;0.594604;-0.276549;-0.375733;
0.173660;1.000000;0.905038;0.596878;-0.269025;-0.368037;
0.173680;1.000000;0.908068;0.599192;-0.261538;-0.360267;
0.173700;1.000000;0.911225;0.601521;-0.254084;-0.352425;
0.173720;1.000000;0.914479;0.603840;-0.246659;-0.344514;
0.173740;1.000000;0.917794;0.606124;-0.239260;-0.336538;
0.173760;1.000000;0.921138;0.608348;-0.231882;-0.328498;
0.173780;1.000000;0.924475;0.610487;-0.224520;-0.320400;
0.173800;1.000000;0.927771;0.612519;-0.217168;-0.312247;
0.173820;1.000000;0.930992;0.614420;-0.209822;-0.304044;
0.173840;1.000000;0.934103;0.616171;-0.202474;-0.295797;
0.173860;1.000000;0.937073;0.617751;-0.195119;-0.287510;
0.173880;1.000000;0.939870;0.619144;-0.187751;-0.279189;
0.173900;1.000000;0.942465;0.620334;-0.180364;-0.270839;
0.173920;1.000000;0.944832;0.621309;-0.172950;-0.262466;
0.173940;1.000000;0.946945;0.622058;-0.165504;-0.254075;
0.173960;1.000000;0.948783;0.622572;-0.158020;-0.245673;
0.173980;1.000000;0.950325;0.622848;-0.150492;-0.237263;
0.174000;1.000000;0.951557;0.622882;-0.142915;-0.228852;
0.174020;1.000000;0.952464;0.622674;-0.135283;-0.220444;
0.174040;1.000000;0.953038;0.622227;-0.127592;-0.212045;
0.174060;1.000000;0.953271;0.621547;-0.119837;-0.203658;
0.174080;1.000000;0.953163;0.620642;-0.112014;-0.195287;
0.174100;1.000000;0.952713;0.619521;-0.104122;-0.186937;
0.174120;1.000000;0.951927;0.618197;-0.096157;-0.178609;
0.174140;1.000000;0.950812;0.616686;-0.088117;-0.170308;
0.174160;1.000000;0.949380;0.615004;-0.080001;-0.162034;
0.174180;1.000000;0.947647;0.613168;-0.071809;-0.153790;
0.174200;1.000000;0.945629;0.611199;-0.063540;-0.145576;
0.174220;1.000000;0.943348;0.609118;-0.055197;-0.137393;
0.174240;1.000000;0.940828;0.606947;-0.046780;-0.129242;
0.174260;1.000000;0.938095;0.604709;-0.038292;-0.121121;
0.174280;1.000000;0.935178;0.602427;-0.029736;-0.113030;
0.174300;1.000000;0.932108;0.600124;-0.021115;-0.104967;
0.174320;1.000000;0.928916;0.597825;-0.012433;-0.096930;
0.174340;1.000000;0.925636;0.595553;-0.003696;-0.088916;
0.174360;1.000000;0.922302;0.593330;0.005091;-0.080924;
0.174380;1.000000;0.918950;0.591181;0.013923;-0.072948;
0.174400;1.000000;0.915614;0.589125;0.022794;-0.064987;
0.174420;1.000000;0.912329;0.587184;0.031696;-0.057036;
0.174440;1.000000;0.909130;0.585376;0.040624;-0.049092;
0.174460;1.000000;0.906050;0.583721;0.049570;-0.041149;
0.174480;1.000000;0.903121;0.582235;0.058528;-0.033204;
0.174500;1.000000;0.900374;0.580931;0.067489;-0.025253;
0.174520;1.000000;0.897837;0.579825;0.076448;-0.017291;
0.174540;1.000000;0.895537;0.578925;0.085397;-0.009313;
0.174560;1.000000;0.893497;0.578242;0.094329;-0.001317;
0.174580;1.000000;0.891738;0.577781;0.103238;0.006703;
0.174600;1.000000;0.890278;0.577549;0.112117;0.014750;
0.174620;1.000000;0.889132;0.577547;0.120961;0.022828;
0.174640;1.000000;0.888311;0.577776;0.129763;0.030939;
0.174660;1.000000;0.887823;0.578233;0.138519;0.039086;
0.174680;1.000000;0.887673;0.578913;0.147225;0.047272;
0.174700;1.000000;0.887860;0.579811;0.155876;0.055499;
0.174720;1.000000;0.888384;0.580917;0.164469;0.063768;
0.174740;1.000000;0.889236;0.582220;0.173002;0.072080;
0.174760;1.000000;0.890409;0.583706;0.181471;0.080435;
0.174780;1.000000;0.891888;0.585361;0.189876;0.088834;
0.174800;1.000000;0.893658;0.587168;0.198217;0.097275;
0.174820;1.000000;0.895699;0.589107;0.206492;0.105758;
0.174840;1.000000;0.897990;0.591159;0.214703;0.114281;
0.174860;1.000000;0.900507;0.593301;0.222850;0.122842;
0.174880;1.000000;0.903223;0.595513;0.230936;0.131438;
0.174900;1.000000;0.906110;0.597769;0.238963;0.140065;
0.174920;1.000000;0.909136;0.600046;0.246934;0.148721;
0.174940;1.000000;0.912272;0.602320;0.254852;0.157401;
0.174960;1.000000;0.915483;0.604567;0.262721;0.166101;
0.174980;1.000000;0.918738;0.606763;0.270545;0.174817;
0.175000;1.000000;0.922002;0.608885;0.278330;0.183542;
0.175020;1.000000;0.925241;0.610909;0.286079;0.192273;
0.175040;1.000000;0.928424;0.612814;0.293798;0.201003;
0.175060;1.000000;0.931516;0.614581;0.301493;0.209727;
0.175080;1.000000;0.934488;0.616191;0.309168;0.218440;
0.175100;1.000000;0.937307;0.617627;0.316828;0.227136;
0.175120;1.000000;0.939947;0.618875;0.324480;0.235809;
0.175140;1.000000;0.942380;0.619923;0.332128;0.244455;
0.175160;1.000000;0.944583;0.620760;0.339777;0.253067;
0.175180;1.000000;0.946533;0.621379;0.347431;0.261640;
0.175200;1.000000;0.948211;0.621775;0.355095;0.270171;
0.175220;1.000000;0.949602;0.621946;0.362773;0.278653;
0.175240;1.000000;0.950692;0.621891;0.370468;0.287084;
0.175260;1.000000;0.951471;0.621613;0.378184;0.295459;
0.175280;1.000000;0.951933;0.621117;0.385922;0.303776;
0.175300;1.000000;0.952075;0.620411;0.393685;0.312030;
0.175320;1.000000;0.951896;0.619505;0.401473;0.320220;
0.175340;1.000000;0.951401;0.618409;0.409289;0.328344;
0.175360;1.000000;0.950596;0.617138;0.417131;0.336401;
0.175380;1.000000;0.949493;0.615707;0.424999;0.344389;
0.175400;1.000000;0.948103;0.614133;0.432893;0.352308;
0.175420;1.000000;0.946444;0.612434;0.440810;0.360159;
0.175440;1.000000;0.944535;0.610629;0.448749;0.367942;
0.175460;1.000000;0.942398;0.608738;0.456706;0.375659;
0.175480;1.000000;0.940057;0.606781;0.464677;0.383310;
0.175500;1.000000;0.937537;0.604780;0.472660;0.390899;
0.175520;1.000000;0.934868;0.602755;0.480650;0.398427;
0.175540;1.000000;0.932077;0.600728;0.488641;0.405898;
0.175560;1.000000;0.929196;0.598718;0.496630;0.413315;
0.175580;1.000000;0.926256;0.596746;0.504610;0.420682;
0.175600;1.000000;0.923289;0.594832;0.512576;0.428002;
0.175620;1.000000;0.920324;0.592994;0.520522;0.435280;
0.175640;1.000000;0.917395;0.591249;0.528442;0.442519;
0.175660;1.000000;0.914531;0.589614;0.536330;0.449725;
0.175680;1.000000;0.911762;0.588104;0.544180;0.456901;
0.175700;1.000000;0.909116;0.586732;0.551987;0.464052;
0.175720;1.000000;0.906619;0.585512;0.559745;0.471183;
0.175740;1.000000;0.904297;0.584453;0.567448;0.478297;
0.175760;1.000000;0.902170;0.583564;0.575091;0.485399;
0.175780;1.000000;0.900260;0.582853;0.582669;0.492493;
0.175800;1.000000;0.898584;0.582326;0.590179;0.499582;
0.175820;1.000000;0.897157;0.581985;0.597615;0.506670;
0.175840;1.000000;0.895991;0.581834;0.604975;0.513759;
0.175860;1.000000;0.895095;0.581871;0.612255;0.520853;
0.175880;1.000000;0.894476;0.582094;0.619454;0.527954;
0.175900;1.000000;0.894136;0.582501;0.626568;0.535064;
0.175920;1.000000;0.894077;0.583085;0.633598;0.542184;
0.175940;1.000000;0.894295;0.583838;0.640542;0.549315;
0.175960;1.000000;0.894786;0.584752;0.647401;0.556458;
0.175980;1.000000;0.895542;0.585815;0.654175;0.563613;
0.176000;1.000000;0.896552;0.587016;0.660865;0.570779;
0.176020;1.000000;0.897804;0.588340;0.667473;0.577956;
0.176040;1.000000;0.899280;0.589771;0.674003;0.585143;
0.176060;1.000000;0.900965;0.591294;0.680455;0.592338;
0.176080;1.000000;0.902839;0.592890;0.686836;0.599538;
0.176100;1.000000;0.904880;0.594542;0.693147;0.606742;
0.176120;1.000000;0.907065;0.596229;0.699394;0.613946;
0.176140;1.000000;0.909371;0.597934;0.705581;0.621148;
0.176160;1.000000;0.911771;0.599636;0.711714;0.628343;
0.176180;1.000000;0.914240;0.601315;0.717797;0.635529;
0.176200;1.000000;0.916751;0.602953;0.723837;0.642702;
0.176220;1.000000;0.919277;0.604530;0.729839;0.649857;
0.176240;1.000000;0.921789;0.606028;0.735809;0.656992;
0.176260;1.000000;0.924263;0.607431;0.741752;0.664100;
0.176280;1.000000;0.926670;0.608723;0.747675;0.671180;
0.176300;1.000000;0.928984;0.609889;0.753583;0.678226;
0.176320;1.000000;0.931182;0.610916;0.759482;0.685235;
0.176340;1.000000;0.933240;0.611794;0.765376;0.692203;
0.176360;1.000000;0.935136;0.612514;0.771271;0.699127;
0.176380;1.000000;0.936849;0.613068;0.777171;0.706002;
0.176400;1.000000;0.938363;0.613452;0.783081;0.712827;
0.176420;1.000000;0.939660;0.613663;0.789004;0.719599;
0.176440;1.000000;0.940727;0.613700;0.794943;0.726314;
0.176460;1.000000;0.941555;0.613565;0.800902;0.732972;
0.176480;1.000000;0.942134;0.613261;0.806883;0.739570;
0.176500;1.000000;0.942460;0.612795;0.812887;0.746108;
0.176520;1.000000;0.942530;0.612172;0.818916;0.752585;
0.176540;1.000000;0.942346;0.611403;0.824969;0.759000;
0.176560;1.000000;0.941909;0.610499;0.831048;0.765353;
0.176580;1.000000;0.941227;0.609470;0.837152;0.771645;
0.176600;1.000000;0.940309;0.608332;0.843278;0.777878;
0.176620;1.000000;0.939167;0.607098;0.849427;0.784052;
0.176640;1.000000;0.937815;0.605784;0.855594;0.790170;
0.176660;1.000000;0.936269;0.604405;0.861779;0.796233;
0.176680;1.000000;0.934548;0.602977;0.867977;0.802244;
0.176700;1.000000;0.932674;0.601517;0.874185;0.808207;
0.176720;1.000000;0.930666;0.600040;0.880400;0.814123;
0.176740;1.000000;0.928550;0.598564;0.886616;0.819998;
0.176760;1.000000;0.926349;0.597103;0.892829;0.825834;
0.176780;1.000000;0.924088;0.595673;0.899035;0.831635;
0.176800;1.000000;0.921792;0.594289;0.905228;0.837406;
0.176820;1.000000;0.919487;0.592963;0.911403;0.843150;
0.176840;1.000000;0.917197;0.591709;0.917556;0.848871;
0.176860;1.000000;0.914946;0.590538;0.923681;0.854574;
0.176880;1.000000;0.912758;0.589462;0.929772;0.860263;
0.176900;1.000000;0.910655;0.588489;0.935826;0.865941;
0.176920;1.000000;0.908657;0.587628;0.941837;0.871612;
0.176940;1.000000;0.906783;0.586886;0.947801;0.877280;
0.176960;1.000000;0.905051;0.586270;0.953712;0.882949;
0.176980;1.000000;0.903476;0.585783;0.959568;0.888620;
0.177000;1.000000;0.902070;0.585429;0.965365;0.894298;
0.177020;1.000000;0.900846;0.585210;0.971098;0.899984;
0.177040;1.000000;0.899812;0.585128;0.976766;0.905680;
0.177060;1.000000;0.898976;0.585182;0.982366;0.911388;
0.177080;1.000000;0.898340;0.585369;0.987895;0.917110;
0.177100;1.000000;0.897910;0.585688;0.993353;0.922846;
0.177120;1.000000;0.897683;0.586135;0.998738;0.928595;
0.177140;1.000000;0.897660;0.586703;1.004049;0.934359;
0.177160;1.000000;0.897837;0.587387;1.009287;0.940136;
0.177180;1.000000;0.898209;0.588179;1.014452;0.945926;
0.177200;1.000000;0.898769;0.589071;1.019545;0.951727;
0.177220;1.000000;0.899508;0.590053;1.024567;0.957536;
0.177240;1.000000;0.900417;0.591115;1.029520;0.963352;
0.177260;1.000000;0.901484;0.592246;1.034406;0.969172;
0.177280;1.000000;0.902697;0.593434;1.039227;0.974992;
0.177300;1.000000;0.904043;0.594667;1.043987;0.980809;
0.177320;1.000000;0.905506;0.595931;1.048688;0.986620;
0.177340;1.000000;0.907071;0.597214;1.053334;0.992420;
0.177360;1.000000;0.908723;0.598501;1.057928;0.998205;
0.177380;1.000000;0.910443;0.599781;1.062474;1.003970;
0.177400;1.000000;0.912216;0.601039;1.066976;1.009711;
0.177420;1.000000;0.914022;0.602263;1.071437;1.015423;
0.177440;1.000000;0.915845;0.603441;1.075862;1.021101;
0.177460;1.000000;0.917665;0.604560;1.080254;1.026740;
0.177480;1.000000;0.919466;0.605610;1.084618;1.032336;
0.177500;1.000000;0.921230;0.606581;1.088956;1.037884;
0.177520;1.000000;0.922940;0.607465;1.093272;1.043380;
0.177540;1.000000;0.924580;0.608253;1.097569;1.048818;
0.177560;1.000000;0.926133;0.608940;1.101850;1.054195;
0.177580;1.000000;0.927587;0.609522;1.106119;1.059506;
0.177600;1.000000;0.928928;0.609993;1.110376;1.064748;
0.177620;1.000000;0.930143;0.610354;1.114625;1.069918;
0.177640;1.000000;0.931224;0.610604;1.118866;1.075012;
0.177660;1.000000;0.932161;0.610744;1.123101;1.080029;
0.177680;1.000000;0.932948;0.610776;1.127331;1.084964;
0.177700;1.000000;0.933580;0.610706;1.131555;1.089818;
0.177720;1.000000;0.934055;0.610538;1.135775;1.094587;
0.177740;1.000000;0.934372;0.610279;1.139988;1.099272;
0.177760;1.000000;0.934533;0.609936;1.144195;1.103871;
0.177780;1.000000;0.934540;0.609519;1.148394;1.108384;
0.177800;1.000000;0.934400;0.609035;1.152583;1.112812;
0.177820;1.000000;0.934119;0.608495;1.156760;1.117155;
0.177840;1.000000;0.933706;0.607907;1.160923;1.121414;
0.177860;1.000000;0.933173;0.607284;1.165068;1.125591;
0.177880;1.000000;0.932530;0.606636;1.169192;1.129687;
0.177900;1.000000;0.931791;0.605971;1.173293;1.133705;
0.177920;1.000000;0.930971;0.605300;1.177365;1.137646;
0.177940;1.000000;0.930083;0.604633;1.181406;1.141514;
0.177960;1.000000;0.929144;0.603977;1.185411;1.145312;
0.177980;1.000000;0.928167;0.603341;1.189376;1.149042;
0.178000;1.000000;0.927170;0.602733;1.193297;1.152709;
0.178020;1.000000;0.926167;0.602158;1.197169;1.156315;
0.178040;1.000000;0.925171;0.601623;1.200988;1.159864;
0.178060;1.000000;0.924198;0.601132;1.204750;1.163360;
0.178080;1.000000;0.923259;0.600689;1.208450;1.166806;
0.178100;1.000000;0.922365;0.600298;1.212085;1.170205;
0.178120;1.000000;0.921528;0.599959;1.215649;1.173562;
0.178140;1.000000;0.920755;0.599676;1.219140;1.176880;
0.178160;1.000000;0.920054;0.599448;1.222554;1.180161;
0.178180;1.000000;0.919431;0.599275;1.225887;1.183410;
0.178200;1.000000;0.918889;0.599157;1.229137;1.186628;
0.178220;1.000000;0.918432;0.599092;1.232300;1.189819;
0.178240;1.000000;0.918061;0.599077;1.235375;1.192984;
0.178260;1.000000;0.917776;0.599111;1.238358;1.196126;
0.178280;1.000000;0.917575;0.599190;1.241250;1.199246;
0.178300;1.000000;0.917457;0.599311;1.244047;1.202346;
0.178320;1.000000;0.917417;0.599469;1.246749;1.205426;
0.178340;1.000000;0.917452;0.599661;1.249356;1.208488;
0.178360;1.000000;0.917557;0.599883;1.251867;1.211531;
0.178380;1.000000;0.917726;0.600129;1.254283;1.214555;
0.178400;1.000000;0.917954;0.600394;1.256603;1.217561;
0.178420;1.000000;0.918234;0.600674;1.258828;1.220546;
0.178440;1.000000;0.918560;0.600962;1.260961;1.223510;
0.178460;1.000000;0.918926;0.601254;1.263002;1.226451;
0.178480;1.000000;0.919325;0.601544;1.264953;1.229367;
0.178500;1.000000;0.919750;0.601826;1.266816;1.232256;
0.178520;1.000000;0.920194;0.602095;1.268593;1.235116;
0.178540;1.000000;0.920652;0.602345;1.270287;1.237943;
0.178560;1.000000;0.921117;0.602572;1.271901;1.240734;
0.178580;1.000000;0.921582;0.602770;1.273438;1.243487;
0.178600;1.000000;0.922042;0.602934;1.274900;1.246198;
0.178620;1.000000;0.922491;0.603062;1.276290;1.248863;
0.178640;1.000000;0.922922;0.603147;1.277613;1.251479;
0.178660;1.000000;0.923331;0.603188;1.278871;1.254041;
0.178680;1.000000;0.923711;0.603182;1.280067;1.256547;
0.178700;1.000000;0.924058;0.603127;1.281205;1.258992;
0.178720;1.000000;0.924367;0.603022;1.282287;1.261372;
0.178740;1.000000;0.924634;0.602866;1.283318;1.263685;
0.178760;1.000000;0.924854;0.602661;1.284300;1.265926;
0.178780;1.000000;0.925024;0.602407;1.285236;1.268092;
0.178800;1.000000;0.925141;0.602107;1.286128;1.270179;
0.178820;1.000000;0.925203;0.601764;1.286981;1.272185;
0.178840;1.000000;0.925208;0.601383;1.287794;1.274108;
0.178860;1.000000;0.925155;0.600967;1.288572;1.275943;
0.178880;1.000000;0.925045;0.600524;1.289317;1.277690;
0.178900;1.000000;0.924878;0.600058;1.290029;1.279346;
0.178920;1.000000;0.924657;0.599576;1.290710;1.280910;
0.178940;1.000000;0.924384;0.599087;1.291362;1.282381;
0.178960;1.000000;0.924064;0.598597;1.291987;1.283757;
0.178980;1.000000;0.923700;0.598113;1.292584;1.285039;
0.179000;1.000000;0.923300;0.597644;1.293154;1.286226;
0.179020;1.000000;0.922868;0.597197;1.293698;1.287318;
0.179040;1.000000;0.922414;0.596779;1.294216;1.288316;
0.179060;1.000000;0.921944;0.596397;1.294707;1.289222;
0.179080;1.000000;0.921467;0.596056;1.295172;1.290036;
0.179100;1.000000;0.920991;0.595762;1.295609;1.290760;
0.179120;1.000000;0.920526;0.595520;1.296019;1.291397;
0.179140;1.000000;0.920079;0.595333;1.296399;1.291948;
0.179160;1.000000;0.919660;0.595205;1.296750;1.292418;
0.179180;1.000000;0.919275;0.595135;1.297069;1.292808;
0.179200;1.000000;0.918933;0.595126;1.297355;1.293122;
0.179220;1.000000;0.918638;0.595177;1.297606;1.293364;
0.179240;1.000000;0.918397;0.595286;1.297822;1.293537;
0.179260;1.000000;0.918214;0.595450;1.298000;1.293645;
0.179280;1.000000;0.918091;0.595666;1.298138;1.293693;
0.179300;1.000000;0.918029;0.595931;1.298235;1.293684;
0.179320;1.000000;0.918029;0.596237;1.298288;1.293623;
0.179340;1.000000;0.918088;0.596581;1.298296;1.293513;
0.179360;1.000000;0.918204;0.596955;1.298256;1.293361;
0.179380;1.000000;0.918373;0.597352;1.298167;1.293168;
0.179400;1.000000;0.918588;0.597766;1.298027;1.292941;
0.179420;1.000000;0.918844;0.598190;1.297835;1.292682;
0.179440;1.000000;0.919132;0.598614;1.297587;1.292397;
0.179460;1.000000;0.919444;0.599034;1.297283;1.292088;
0.179480;1.000000;0.919770;0.599440;1.296922;1.291760;
0.179500;1.000000;0.920102;0.599827;1.296501;1.291415;
0.179520;1.000000;0.920429;0.600188;1.296019;1.291057;
0.179540;1.000000;0.920742;0.600517;1.295475;1.290689;
0.179560;1.000000;0.921032;0.600807;1.294869;1.290313;
0.179580;1.000000;0.921288;0.601055;1.294199;1.289932;
0.179600;1.000000;0.921503;0.601256;1.293465;1.289547;
0.179620;1.000000;0.921670;0.601405;1.292665;1.289160;
0.179640;1.000000;0.921780;0.601501;1.291800;1.288773;
0.179660;1.000000;0.921830;0.601540;1.290870;1.288385;
0.179680;1.000000;0.921813;0.601521;1.289874;1.287998;
0.179700;1.000000;0.921726;0.601443;1.288813;1.287611;
0.179720;1.000000;0.921568;0.601305;1.287687;1.287225;
0.179740;1.000000;0.921336;0.601109;1.286496;1.286838;
0.179760;1.000000;0.921031;0.600856;1.285242;1.286449;
0.179780;1.000000;0.920655;0.600546;1.283925;1.286058;
0.179800;1.000000;0.920209;0.600183;1.282546;1.285661;
0.179820;1.000000;0.919697;0.599771;1.281107;1.285258;
0.179840;1.000000;0.919123;0.599312;1.279609;1.284845;
0.179860;1.000000;0.918493;0.598812;1.278054;1.284420;
0.179880;1.000000;0.917812;0.598276;1.276443;1.283980;
0.179900;1.000000;0.917079;0.597509;1.274768;1.283521;
0.179920;1.000000;0.916304;0.596934;1.273033;1.283041;
0.179940;1.000000;0.915501;0.596344;1.271250;1.282535;
0.179960;1.000000;0.914679;0.595745;1.269422;1.281999;
0.179980;1.000000;0.913846;0.595145;1.267552;1.281430;
0.180000;1.000000;0.913015;0.594628;1.265645;1.280824;
0.180020;1.000000;0.912193;0.594030;1.263703;1.280176;
0.180040;1.000000;0.911385;0.593456;1.261722;1.279482;
0.180060;1.000000;0.910601;0.592915;1.259706;1.278738;
0.180080;1.000000;0.909851;0.592415;1.257656;1.277941;
0.180100;1.000000;0.909144;0.591966;1.255575;1.277086;
0.180120;1.000000;0.908489;0.591575;1.253465;1.276170;
0.180140;1.000000;0.907895;0.591252;1.251329;1.275188;
0.180160;1.000000;0.907372;0.591004;1.249168;1.274139;
0.180180;1.000000;0.906928;0.590838;1.246985;1.273017;
0.180200;1.000000;0.906572;0.590762;1.244780;1.271821;
0.180220;1.000000;0.906311;0.590781;1.242557;1.270548;
0.180240;1.000000;0.906154;0.590899;1.240316;1.269195;
0.180260;1.000000;0.906108;0.591121;1.238059;1.267761;
0.180280;1.000000;0.906178;0.591449;1.235787;1.266243;
0.180300;1.000000;0.906370;0.591883;1.233501;1.264640;
0.180320;1.000000;0.906688;0.592424;1.231202;1.262951;
0.180340;1.000000;0.907136;0.593071;1.228890;1.261176;
0.180360;1.000000;0.907714;0.593819;1.226565;1.259314;
0.180380;1.000000;0.908424;0.594665;1.224228;1.257366;
0.180400;1.000000;0.909264;0.595603;1.221877;1.255332;
0.180420;1.000000;0.910231;0.596624;1.219513;1.253212;
0.180440;1.000000;0.911321;0.597721;1.217135;1.251009;
0.180460;1.000000;0.912527;0.598884;1.214741;1.248724;
0.180480;1.000000;0.913842;0.600101;1.212330;1.246358;
0.180500;1.000000;0.915255;0.601361;1.209901;1.243914;
0.180520;1.000000;0.916756;0.602651;1.207451;1.241396;
0.180540;1.000000;0.918331;0.603956;1.204979;1.238804;
0.180560;1.000000;0.919965;0.605264;1.202481;1.236144;
0.180580;1.000000;0.921643;0.606560;1.199956;1.233418;
0.180600;1.000000;0.923348;0.607829;1.197400;1.230629;
0.180620;1.000000;0.925062;0.609057;1.194810;1.227782;
0.180640;1.000000;0.926766;0.610231;1.192183;1.224880;
0.180660;1.000000;0.928442;0.611335;1.189516;1.221927;
0.180680;1.000000;0.930069;0.612359;1.186806;1.218927;
0.180700;1.000000;0.931630;0.613289;1.184047;1.215885;
0.180720;1.000000;0.933106;0.614115;1.181238;1.212804;
0.180740;1.000000;0.934479;0.614825;1.178374;1.209687;
0.180760;1.000000;0.935733;0.615413;1.175451;1.206539;
0.180780;1.000000;0.936850;0.615870;1.172466;1.203364;
0.180800;1.000000;0.937818;0.616189;1.169415;1.200164;
0.180820;1.000000;0.938623;0.616368;1.166295;1.196943;
0.180840;1.000000;0.939256;0.616401;1.163102;1.193704;
0.180860;1.000000;0.939706;0.616289;1.159833;1.190450;
0.180880;1.000000;0.939968;0.616030;1.156485;1.187182;
0.180900;1.000000;0.940036;0.615627;1.153054;1.183903;
0.180920;1.000000;0.939909;0.615082;1.149539;1.180614;
0.180940;1.000000;0.939587;0.614400;1.145937;1.177317;
0.180960;1.000000;0.939071;0.613587;1.142246;1.174012;
0.180980;1.000000;0.938366;0.612650;1.138464;1.170700;
0.181000;1.000000;0.937478;0.611598;1.134591;1.167380;
0.181020;1.000000;0.936417;0.610440;1.130624;1.164052;
0.181040;1.000000;0.935192;0.609187;1.126564;1.160715;
0.181060;1.000000;0.933816;0.607851;1.122409;1.157368;
0.181080;1.000000;0.932303;0.606445;1.118161;1.154009;
0.181100;1.000000;0.930668;0.604982;1.113820;1.150635;
0.181120;1.000000;0.928928;0.603476;1.109387;1.147244;
0.181140;1.000000;0.927101;0.601942;1.104863;1.143833;
0.181160;1.000000;0.925206;0.600396;1.100251;1.140399;
0.181180;1.000000;0.923262;0.598851;1.095551;1.136938;
0.181200;1.000000;0.921289;0.597325;1.090767;1.133445;
0.181220;1.000000;0.919308;0.595833;1.085903;1.129917;
0.181240;1.000000;0.917339;0.594389;1.080960;1.126349;
0.181260;1.000000;0.915403;0.593010;1.075942;1.122737;
0.181280;1.000000;0.913520;0.591710;1.070854;1.119076;
0.181300;1.000000;0.911711;0.590503;1.065698;1.115360;
0.181320;1.000000;0.909994;0.589402;1.060481;1.111585;
0.181340;1.000000;0.908389;0.588421;1.055205;1.107747;
0.181360;1.000000;0.906913;0.587570;1.049875;1.103840;
0.181380;1.000000;0.905583;0.586861;1.044497;1.099860;
0.181400;1.000000;0.904415;0.586301;1.039073;1.095802;
0.181420;1.000000;0.903422;0.585900;1.033610;1.091661;
0.181440;1.000000;0.902617;0.585661;1.028112;1.087434;
0.181460;1.000000;0.902011;0.585591;1.022582;1.083117;
0.181480;1.000000;0.901613;0.585691;1.017026;1.078707;
0.181500;1.000000;0.901431;0.585962;1.011447;1.074200;
0.181520;1.000000;0.901468;0.586403;1.005850;1.069594;
0.181540;1.000000;0.901728;0.587011;1.000237;1.064886;
0.181560;1.000000;0.902212;0.587779;0.994613;1.060075;
0.181580;1.000000;0.902917;0.588702;0.988980;1.055159;
0.181600;1.000000;0.903838;0.589770;0.983340;1.050139;
0.181620;1.000000;0.904970;0.590973;0.977697;1.045013;
0.181640;1.000000;0.906303;0.592297;0.972051;1.039782;
0.181660;1.000000;0.907825;0.593729;0.966404;1.034447;
0.181680;1.000000;0.909522;0.595253;0.960757;1.029010;
0.181700;1.000000;0.911378;0.596852;0.955110;1.023472;
0.181720;1.000000;0.913374;0.598508;0.949464;1.017837;
0.181740;1.000000;0.915489;0.600202;0.943817;1.012106;
0.181760;1.000000;0.917703;0.601915;0.938168;1.006285;
0.181780;1.000000;0.919990;0.603627;0.932517;1.000377;
0.181800;1.000000;0.922327;0.605317;0.926861;0.994386;
0.181820;1.000000;0.924687;0.606966;0.921198;0.988317;
0.181840;1.000000;0.927043;0.608554;0.915525;0.982177;
0.181860;1.000000;0.929369;0.610062;0.909839;0.975969;
0.181880;1.000000;0.931638;0.611471;0.904137;0.969701;
0.181900;1.000000;0.933823;0.612764;0.898415;0.963378;
0.181920;1.000000;0.935898;0.613926;0.892669;0.957006;
0.181940;1.000000;0.937838;0.614942;0.886896;0.950593;
0.181960;1.000000;0.939619;0.615799;0.881090;0.944144;
0.181980;1.000000;0.941219;0.616486;0.875248;0.937666;
0.182000;1.000000;0.942617;0.616994;0.869365;0.931165;
0.182020;1.000000;0.943796;0.617315;0.863438;0.924648;
0.182040;1.000000;0.944739;0.617445;0.857460;0.918120;
0.182060;1.000000;0.945433;0.617381;0.851430;0.911588;
0.182080;1.000000;0.945867;0.617123;0.845342;0.905057;
0.182100;1.000000;0.946033;0.616671;0.839193;0.898533;
0.182120;1.000000;0.945927;0.616029;0.832979;0.892020;
0.182140;1.000000;0.945546;0.615203;0.826698;0.885522;
0.182160;1.000000;0.944891;0.614200;0.820346;0.879045;
0.182180;1.000000;0.943966;0.613028;0.813922;0.872590;
0.182200;1.000000;0.942779;0.611703;0.807423;0.866162;
0.182220;1.000000;0.941340;0.610236;0.800848;0.859762;
0.182240;1.000000;0.939660;0.608641;0.794197;0.853393;
0.182260;1.000000;0.937756;0.606934;0.787468;0.847055;
0.182280;1.000000;0.935645;0.605132;0.780663;0.840749;
0.182300;1.000000;0.933348;0.603254;0.773783;0.834476;
0.182320;1.000000;0.930886;0.601318;0.766827;0.828234;
0.182340;1.000000;0.928285;0.599344;0.759799;0.822023;
0.182360;1.000000;0.925568;0.597352;0.752701;0.815841;
0.182380;1.000000;0.922765;0.595363;0.745536;0.809685;
0.182400;1.000000;0.919902;0.593396;0.738307;0.803553;
0.182420;1.000000;0.917009;0.591473;0.731018;0.797441;
0.182440;1.000000;0.914115;0.589613;0.723675;0.791346;
0.182460;1.000000;0.911250;0.587836;0.716281;0.785263;
0.182480;1.000000;0.908443;0.586161;0.708842;0.779188;
0.182500;1.000000;0.905724;0.584606;0.701363;0.773115;
0.182520;1.000000;0.903120;0.583187;0.693851;0.767041;
0.182540;1.000000;0.900659;0.581921;0.686312;0.760959;
0.182560;1.000000;0.898368;0.580822;0.678751;0.754865;
0.182580;1.000000;0.896271;0.579903;0.671175;0.748752;
0.182600;1.000000;0.894390;0.579174;0.663590;0.742615;
0.182620;1.000000;0.892747;0.578646;0.656003;0.736448;
0.182640;1.000000;0.891360;0.578325;0.648420;0.730246;
0.182660;1.000000;0.890244;0.578218;0.640847;0.724004;
0.182680;1.000000;0.889414;0.578326;0.633289;0.717717;
0.182700;1.000000;0.888880;0.578652;0.625752;0.711380;
0.182720;1.000000;0.888649;0.579193;0.618241;0.704989;
0.182740;1.000000;0.888725;0.579948;0.610761;0.698539;
0.182760;1.000000;0.889111;0.580909;0.603316;0.692027;
0.182780;1.000000;0.889803;0.582068;0.595910;0.685450;
0.182800;1.000000;0.890797;0.583416;0.588547;0.678804;
0.182820;1.000000;0.892085;0.584940;0.581228;0.672089;
0.182840;1.000000;0.893654;0.586626;0.573956;0.665302;
0.182860;1.000000;0.895491;0.588457;0.566732;0.658443;
0.182880;1.000000;0.897577;0.590415;0.559556;0.651511;
0.182900;1.000000;0.899892;0.592481;0.552430;0.644506;
0.182920;1.000000;0.902414;0.594633;0.545352;0.637429;
0.182940;1.000000;0.905117;0.596850;0.538320;0.630281;
0.182960;1.000000;0.907974;0.599108;0.531334;0.623065;
0.182980;1.000000;0.910957;0.601383;0.524390;0.615783;
0.183000;1.000000;0.914033;0.603653;0.517484;0.608437;
0.183020;1.000000;0.917172;0.605892;0.510614;0.601033;
0.183040;1.000000;0.920342;0.608076;0.503775;0.593572;
0.183060;1.000000;0.923509;0.610182;0.496962;0.586060;
0.183080;1.000000;0.926640;0.612188;0.490170;0.578502;
0.183100;1.000000;0.929703;0.614072;0.483392;0.570903;
0.183120;1.000000;0.932665;0.615812;0.476624;0.563268;
0.183140;1.000000;0.935495;0.617392;0.469858;0.555602;
0.183160;1.000000;0.938164;0.618792;0.463088;0.547912;
0.183180;1.000000;0.940643;0.619999;0.456308;0.540202;
0.183200;1.000000;0.942905;0.620999;0.449511;0.532480;
0.183220;1.000000;0.944928;0.621782;0.442689;0.524750;
0.183240;1.000000;0.946689;0.622338;0.435838;0.517018;
0.183260;1.000000;0.948169;0.622664;0.428949;0.509289;
0.183280;1.000000;0.949353;0.622754;0.422017;0.501570;
0.183300;1.000000;0.950228;0.622610;0.415037;0.493864;
0.183320;1.000000;0.950784;0.622231;0.408001;0.486177;
0.183340;1.000000;0.951015;0.621623;0.400906;0.478512;
0.183360;1.000000;0.950918;0.620793;0.393747;0.470874;
0.183380;1.000000;0.950494;0.619750;0.386519;0.463265;
0.183400;1.000000;0.949747;0.618505;0.379219;0.455688;
0.183420;1.000000;0.948683;0.617072;0.371845;0.448146;
0.183440;1.000000;0.947315;0.615466;0.364393;0.440640;
0.183460;1.000000;0.945656;0.613705;0.356862;0.433171;
0.183480;1.000000;0.943722;0.611806;0.349251;0.425739;
0.183500;1.000000;0.941535;0.609791;0.341561;0.418344;
0.183520;1.000000;0.939115;0.607679;0.333791;0.410986;
0.183540;1.000000;0.936489;0.605494;0.325942;0.403662;
0.183560;1.000000;0.933684;0.603258;0.318017;0.396371;
0.183580;1.000000;0.930728;0.600994;0.310019;0.389111;
0.183600;1.000000;0.927653;0.598725;0.301949;0.381877;
0.183620;1.000000;0.924491;0.596475;0.293813;0.374667;
0.183640;1.000000;0.921273;0.594266;0.285614;0.367476;
0.183660;1.000000;0.918035;0.592122;0.277357;0.360300;
0.183680;1.000000;0.914811;0.590063;0.269047;0.353133;
0.183700;1.000000;0.911633;0.588111;0.260691;0.345971;
0.183720;1.000000;0.908535;0.586286;0.252294;0.338807;
0.183740;1.000000;0.905550;0.584606;0.243862;0.331637;
0.183760;1.000000;0.902710;0.583088;0.235403;0.324454;
0.183780;1.000000;0.900044;0.581749;0.226922;0.317252;
0.183800;1.000000;0.897580;0.580601;0.218426;0.310025;
0.183820;1.000000;0.895345;0.579657;0.209922;0.302768;
0.183840;1.000000;0.893363;0.578926;0.201416;0.295475;
0.183860;1.000000;0.891654;0.578417;0.192916;0.288139;
0.183880;1.000000;0.890237;0.578135;0.184426;0.280756;
0.183900;1.000000;0.889126;0.578084;0.175952;0.273320;
0.183920;1.000000;0.888335;0.578263;0.167501;0.265827;
0.183940;1.000000;0.887871;0.578672;0.159077;0.258273;
0.183960;1.000000;0.887740;0.579308;0.150684;0.250653;
0.183980;1.000000;0.887942;0.580163;0.142327;0.242965;
0.184000;1.000000;0.888477;0.581230;0.134009;0.235205;
0.184020;1.000000;0.889339;0.582498;0.125733;0.227372;
0.184040;1.000000;0.890519;0.583954;0.117500;0.219463;
0.184060;1.000000;0.892004;0.585583;0.109313;0.211479;
0.184080;1.000000;0.893780;0.587368;0.101171;0.203417;
0.184100;1.000000;0.895827;0.589291;0.093076;0.195280;
0.184120;1.000000;0.898124;0.591331;0.085026;0.187067;
0.184140;1.000000;0.900647;0.593467;0.077020;0.178781;
0.184160;1.000000;0.903369;0.595676;0.069056;0.170423;
0.184180;1.000000;0.906263;0.597934;0.061132;0.161997;
0.184200;1.000000;0.909298;0.600217;0.053244;0.153505;
0.184220;1.000000;0.912442;0.602501;0.045390;0.144951;
0.184240;1.000000;0.915662;0.604761;0.037563;0.136341;
0.184260;1.000000;0.918924;0.606972;0.029761;0.127678;
0.184280;1.000000;0.922196;0.609111;0.021978;0.118968;
0.184300;1.000000;0.925441;0.611153;0.014207;0.110217;
0.184320;1.000000;0.928628;0.613079;0.006445;0.101430;
0.184340;1.000000;0.931722;0.614865;-0.001316;0.092614;
0.184360;1.000000;0.934691;0.616494;-0.009080;0.083774;
0.184380;1.000000;0.937505;0.617949;-0.016855;0.074918;
0.184400;1.000000;0.940135;0.619213;-0.024646;0.066051;
0.184420;1.000000;0.942553;0.620273;-0.032459;0.057180;
0.184440;1.000000;0.944735;0.621120;-0.040299;0.048311;
0.184460;1.000000;0.946658;0.621745;-0.048173;0.039451;
0.184480;1.000000;0.948302;0.622142;-0.056085;0.030605;
0.184500;1.000000;0.949652;0.622308;-0.064039;0.021780;
0.184520;1.000000;0.950693;0.622243;-0.072041;0.012979;
0.184540;1.000000;0.951416;0.621948;-0.080094;0.004209;
0.184560;1.000000;0.951813;0.621429;-0.088201;-0.004526;
0.184580;1.000000;0.951881;0.620693;-0.096365;-0.013222;
0.184600;1.000000;0.951620;0.619748;-0.104588;-0.021875;
0.184620;1.000000;0.951034;0.618607;-0.112871;-0.030483;
0.184640;1.000000;0.950129;0.617284;-0.121215;-0.039042;
0.184660;1.000000;0.948916;0.615794;-0.129619;-0.047551;
0.184680;1.000000;0.947410;0.614153;-0.138083;-0.056009;
0.184700;1.000000;0.945625;0.612382;-0.146605;-0.064414;
0.184720;1.000000;0.943583;0.610499;-0.155182;-0.072767;
0.184740;1.000000;0.941305;0.608525;-0.163813;-0.081067;
0.184760;1.000000;0.938816;0.606482;-0.172494;-0.089317;
0.184780;1.000000;0.936144;0.604392;-0.181219;-0.097516;
0.184800;1.000000;0.933318;0.602277;-0.189985;-0.105668;
0.184820;1.000000;0.930367;0.600159;-0.198785;-0.113775;
0.184840;1.000000;0.927324;0.598060;-0.207615;-0.121839;
0.184860;1.000000;0.924221;0.596002;-0.216467;-0.129863;
0.184880;1.000000;0.921092;0.594006;-0.225336;-0.137852;
0.184900;1.000000;0.917971;0.592092;-0.234213;-0.145810;
0.184920;1.000000;0.914889;0.590280;-0.243093;-0.153740;
0.184940;1.000000;0.911881;0.588587;-0.251966;-0.161647;
0.184960;1.000000;0.908977;0.587031;-0.260827;-0.169535;
0.184980;1.000000;0.906208;0.585626;-0.269668;-0.177409;
0.185000;1.000000;0.903603;0.584387;-0.278481;-0.185274;
0.185020;1.000000;0.901189;0.583325;-0.287258;-0.193133;
0.185040;1.000000;0.898991;0.582452;-0.295994;-0.200992;
0.185060;1.000000;0.897031;0.581774;-0.304681;-0.208854;
0.185080;1.000000;0.895330;0.581299;-0.313313;-0.216723;
0.185100;1.000000;0.893903;0.581032;-0.321884;-0.224604;
0.185120;1.000000;0.892764;0.580974;-0.330388;-0.232499;
0.185140;1.000000;0.891926;0.581126;-0.338821;-0.240412;
0.185160;1.000000;0.891394;0.581486;-0.347179;-0.248344;
0.185180;1.000000;0.891174;0.582050;-0.355457;-0.256299;
0.185200;1.000000;0.891266;0.582812;-0.363652;-0.264278;
0.185220;1.000000;0.891668;0.583765;-0.371763;-0.272282;
0.185240;1.000000;0.892375;0.584898;-0.379787;-0.280311;
0.185260;1.000000;0.893378;0.586198;-0.387724;-0.288366;
0.185280;1.000000;0.894665;0.587653;-0.395574;-0.296447;
0.185300;1.000000;0.896223;0.589247;-0.403336;-0.304551;
0.185320;1.000000;0.898033;0.590963;-0.411013;-0.312679;
0.185340;1.000000;0.900077;0.592783;-0.418606;-0.320828;
0.185360;1.000000;0.902332;0.594686;-0.426117;-0.328995;
0.185380;1.000000;0.904774;0.596653;-0.433551;-0.337178;
0.185400;1.000000;0.907378;0.598662;-0.440910;-0.345373;
0.185420;1.000000;0.910116;0.600691;-0.448199;-0.353576;
0.185440;1.000000;0.912958;0.602717;-0.455422;-0.361784;
0.185460;1.000000;0.915877;0.604720;-0.462586;-0.369991;
0.185480;1.000000;0.918840;0.606676;-0.469695;-0.378194;
0.185500;1.000000;0.921818;0.608565;-0.476755;-0.386386;
0.185520;1.000000;0.924780;0.610365;-0.483772;-0.394564;
0.185540;1.000000;0.927694;0.612057;-0.490753;-0.402721;
0.185560;1.000000;0.930531;0.613622;-0.497703;-0.410853;
0.185580;1.000000;0.933263;0.615044;-0.504629;-0.418955;
0.185600;1.000000;0.935860;0.616308;-0.511538;-0.427021;
0.185620;1.000000;0.938296;0.617399;-0.518434;-0.435046;
0.185640;1.000000;0.940547;0.618307;-0.525324;-0.443025;
0.185660;1.000000;0.942589;0.619022;-0.532213;-0.450955;
0.185680;1.000000;0.944402;0.619538;-0.539107;-0.458830;
0.185700;1.000000;0.945968;0.619850;-0.546010;-0.466647;
0.185720;1.000000;0.947272;0.619956;-0.552926;-0.474401;
0.185740;1.000000;0.948301;0.619856;-0.559860;-0.482091;
0.185760;1.000000;0.949044;0.619552;-0.566814;-0.489713;
0.185780;1.000000;0.949496;0.619051;-0.573791;-0.497265;
0.185800;1.000000;0.949653;0.618358;-0.580794;-0.504745;
0.185820;1.000000;0.949515;0.617482;-0.587822;-0.512153;
0.185840;1.000000;0.949084;0.616436;-0.594878;-0.519487;
0.185860;1.000000;0.948367;0.615230;-0.601962;-0.526747;
0.185880;1.000000;0.947373;0.613881;-0.609072;-0.533934;
0.185900;1.000000;0.946113;0.612402;-0.616208;-0.541050;
0.185920;1.000000;0.944602;0.610812;-0.623367;-0.548094;
0.185940;1.000000;0.942858;0.609127;-0.630548;-0.555070;
0.185960;1.000000;0.940900;0.607365;-0.637747;-0.561981;
0.185980;1.000000;0.938751;0.605547;-0.644961;-0.568828;
0.186000;1.000000;0.936435;0.603690;-0.652186;-0.575615;
0.186020;1.000000;0.933976;0.601813;-0.659418;-0.582347;
0.186040;1.000000;0.931401;0.599936;-0.666650;-0.589027;
0.186060;1.000000;0.928739;0.598077;-0.673879;-0.595660;
0.186080;1.000000;0.926018;0.596254;-0.681099;-0.602251;
0.186100;1.000000;0.923266;0.594484;-0.688305;-0.608804;
0.186120;1.000000;0.920511;0.592783;-0.695490;-0.615324;
0.186140;1.000000;0.917783;0.591168;-0.702648;-0.621817;
0.186160;1.000000;0.915109;0.589653;-0.709775;-0.628288;
0.186180;1.000000;0.912515;0.588250;-0.716863;-0.634741;
0.186200;1.000000;0.910026;0.586972;-0.723908;-0.641182;
0.186220;1.000000;0.907667;0.585829;-0.730904;-0.647615;
0.186240;1.000000;0.905460;0.584830;-0.737846;-0.654046;
0.186260;1.000000;0.903423;0.583984;-0.744730;-0.660479;
0.186280;1.000000;0.901576;0.583296;-0.751549;-0.666917;
0.186300;1.000000;0.899934;0.582771;-0.758302;-0.673365;
0.186320;1.000000;0.898511;0.582412;-0.764983;-0.679826;
0.186340;1.000000;0.897316;0.582220;-0.771590;-0.686303;
0.186360;1.000000;0.896358;0.582195;-0.778121;-0.692798;
0.186380;1.000000;0.895643;0.582336;-0.784574;-0.699314;
0.186400;1.000000;0.895174;0.582639;-0.790946;-0.705852;
0.186420;1.000000;0.894951;0.583099;-0.797238;-0.712412;
0.186440;1.000000;0.894973;0.583710;-0.803450;-0.718997;
0.186460;1.000000;0.895235;0.584464;-0.809581;-0.725605;
0.186480;1.000000;0.895732;0.585351;-0.815634;-0.732236;
0.186500;1.000000;0.896453;0.586361;-0.821609;-0.738888;
0.186520;1.000000;0.897389;0.587481;-0.827509;-0.745561;
0.186540;1.000000;0.898527;0.588700;-0.833337;-0.752252;
0.186560;1.000000;0.899852;0.590002;-0.839096;-0.758959;
0.186580;1.000000;0.901348;0.591373;-0.844791;-0.765679;
0.186600;1.000000;0.902996;0.592798;-0.850424;-0.772408;
0.186620;1.000000;0.904779;0.594259;-0.856001;-0.779142;
0.186640;1.000000;0.906676;0.595741;-0.861526;-0.785878;
0.186660;1.000000;0.908666;0.597227;-0.867006;-0.792611;
0.186680;1.000000;0.910726;0.598700;-0.872444;-0.799337;
0.186700;1.000000;0.912835;0.600144;-0.877848;-0.806050;
0.186720;1.000000;0.914969;0.601543;-0.883221;-0.812747;
0.186740;1.000000;0.917105;0.602881;-0.888571;-0.819421;
0.186760;1.000000;0.919221;0.604145;-0.893902;-0.826069;
0.186780;1.000000;0.921294;0.605321;-0.899219;-0.832685;
0.186800;1.000000;0.923303;0.606397;-0.904530;-0.839264;
0.186820;1.000000;0.925225;0.607363;-0.909837;-0.845802;
0.186840;1.000000;0.927041;0.608208;-0.915146;-0.852294;
0.186860;1.000000;0.928732;0.608926;-0.920462;-0.858735;
0.186880;1.000000;0.930281;0.609511;-0.925789;-0.865123;
0.186900;1.000000;0.931673;0.609960;-0.931129;-0.871453;
0.186920;1.000000;0.932893;0.610269;-0.936486;-0.877723;
0.186940;1.000000;0.933930;0.610438;-0.941864;-0.883928;
0.186960;1.000000;0.934776;0.610470;-0.947263;-0.890067;
0.186980;1.000000;0.935422;0.610367;-0.952685;-0.896137;
0.187000;1.000000;0.935864;0.610134;-0.958132;-0.902138;
0.187020;1.000000;0.936100;0.609778;-0.963603;-0.908067;
0.187040;1.000000;0.936131;0.609307;-0.969099;-0.913925;
0.187060;1.000000;0.935959;0.608729;-0.974618;-0.919711;
0.187080;1.000000;0.935591;0.608056;-0.980160;-0.925426;
0.187100;1.000000;0.935033;0.607298;-0.985721;-0.931071;
0.187120;1.000000;0.934295;0.606467;-0.991301;-0.936646;
0.187140;1.000000;0.933390;0.605575;-0.996894;-0.942153;
0.187160;1.000000;0.932332;0.604636;-1.002499;-0.947596;
0.187180;1.000000;0.931137;0.603663;-1.008111;-0.952976;
0.187200;1.000000;0.929821;0.602669;-1.013726;-0.958296;
0.187220;1.000000;0.928404;0.601665;-1.019339;-0.963559;
0.187240;1.000000;0.926904;0.600666;-1.024945;-0.968770;
0.187260;1.000000;0.925341;0.599683;-1.030539;-0.973931;
0.187280;1.000000;0.923736;0.598727;-1.036116;-0.979047;
0.187300;1.000000;0.922110;0.597809;-1.041669;-0.984121;
0.187320;1.000000;0.920481;0.596940;-1.047193;-0.989159;
0.187340;1.000000;0.918871;0.596128;-1.052682;-0.994163;
0.187360;1.000000;0.917298;0.595381;-1.058131;-0.999139;
0.187380;1.000000;0.915780;0.594707;-1.063535;-1.004091;
0.187400;1.000000;0.914333;0.594113;-1.068886;-1.009022;
0.187420;1.000000;0.912973;0.593602;-1.074181;-1.013936;
0.187440;1.000000;0.911714;0.593180;-1.079414;-1.018837;
0.187460;1.000000;0.910568;0.592849;-1.084581;-1.023729;
0.187480;1.000000;0.909545;0.592613;-1.089677;-1.028615;
0.187500;1.000000;0.908654;0.592472;-1.094697;-1.033496;
0.187520;1.000000;0.907901;0.592427;-1.099639;-1.038377;
0.187540;1.000000;0.907293;0.592477;-1.104499;-1.043259;
0.187560;1.000000;0.906831;0.592620;-1.109274;-1.048143;
0.187580;1.000000;0.906518;0.592854;-1.113962;-1.053030;
0.187600;1.000000;0.906354;0.593177;-1.118562;-1.057922;
0.187620;1.000000;0.906337;0.593583;-1.123071;-1.062819;
0.187640;1.000000;0.906464;0.594069;-1.127489;-1.067719;
0.187660;1.000000;0.906732;0.594628;-1.131816;-1.072624;
0.187680;1.000000;0.907135;0.595254;-1.136052;-1.077530;
0.187700;1.000000;0.907666;0.595941;-1.140198;-1.082438;
0.187720;1.000000;0.908317;0.596680;-1.144254;-1.087343;
0.187740;1.000000;0.909082;0.597464;-1.148223;-1.092245;
0.187760;1.000000;0.909950;0.598284;-1.152105;-1.097140;
0.187780;1.000000;0.910912;0.599130;-1.155905;-1.102024;
0.187800;1.000000;0.911958;0.599995;-1.159624;-1.106893;
0.187820;1.000000;0.913076;0.600867;-1.163265;-1.111745;
0.187840;1.000000;0.914255;0.601737;-1.166831;-1.116573;
0.187860;1.000000;0.915483;0.602596;-1.170327;-1.121374;
0.187880;1.000000;0.916749;0.603434;-1.173756;-1.126143;
0.187900;1.000000;0.918040;0.604241;-1.177121;-1.130874;
0.187920;1.000000;0.919343;0.605009;-1.180427;-1.135563;
0.187940;1.000000;0.920647;0.605728;-1.183678;-1.140204;
0.187960;1.000000;0.921937;0.606392;-1.186877;-1.144793;
0.187980;1.000000;0.923204;0.606994;-1.190028;-1.149323;
0.188000;1.000000;0.924433;0.607525;-1.193135;-1.153790;
0.188020;1.000000;0.925614;0.607983;-1.196203;-1.158190;
0.188040;1.000000;0.926735;0.608361;-1.199233;-1.162516;
0.188060;1.000000;0.927786;0.608658;-1.202230;-1.166765;
0.188080;1.000000;0.928757;0.608870;-1.205197;-1.170933;
0.188100;1.000000;0.929640;0.608998;-1.208137;-1.175014;
0.188120;1.000000;0.930427;0.609042;-1.211051;-1.179006;
0.188140;1.000000;0.931111;0.609004;-1.213941;-1.182906;
0.188160;1.000000;0.931687;0.608885;-1.216811;-1.186709;
0.188180;1.000000;0.932151;0.608691;-1.219660;-1.190415;
0.188200;1.000000;0.932502;0.608427;-1.222491;-1.194020;
0.188220;1.000000;0.932737;0.608097;-1.225302;-1.197524;
0.188240;1.000000;0.932859;0.607710;-1.228096;-1.200924;
0.188260;1.000000;0.932869;0.607271;-1.230871;-1.204221;
0.188280;1.000000;0.932770;0.606790;-1.233627;-1.207415;
0.188300;1.000000;0.932569;0.606274;-1.236362;-1.210505;
0.188320;1.000000;0.932271;0.605732;-1.239077;-1.213492;
0.188340;1.000000;0.931886;0.605172;-1.241768;-1.216378;
0.188360;1.000000;0.931420;0.604603;-1.244433;-1.219165;
0.188380;1.000000;0.930886;0.604033;-1.247072;-1.221853;
0.188400;1.000000;0.930292;0.603469;-1.249680;-1.224447;
0.188420;1.000000;0.929651;0.602919;-1.252255;-1.226949;
0.188440;1.000000;0.928974;0.602390;-1.254794;-1.229362;
0.188460;1.000000;0.928273;0.601887;-1.257293;-1.231689;
0.188480;1.000000;0.927559;0.601416;-1.259750;-1.233936;
0.188500;1.000000;0.926844;0.600980;-1.262160;-1.236104;
0.188520;1.000000;0.926137;0.600583;-1.264521;-1.238200;
0.188540;1.000000;0.925450;0.600228;-1.266827;-1.240227;
0.188560;1.000000;0.924790;0.599915;-1.269077;-1.242190;
0.188580;1.000000;0.924166;0.599647;-1.271265;-1.244093;
0.188600;1.000000;0.923585;0.599422;-1.273389;-1.245942;
0.188620;1.000000;0.923051;0.599240;-1.275445;-1.247740;
0.188640;1.000000;0.922568;0.599100;-1.277430;-1.249492;
0.188660;1.000000;0.922141;0.598998;-1.279340;-1.251204;
0.188680;1.000000;0.921768;0.598933;-1.281172;-1.252878;
0.188700;1.000000;0.921451;0.598901;-1.282925;-1.254519;
0.188720;1.000000;0.921188;0.598898;-1.284595;-1.256131;
0.188740;1.000000;0.920977;0.598921;-1.286180;-1.257717;
0.188760;1.000000;0.920815;0.598966;-1.287679;-1.259281;
0.188780;1.000000;0.920696;0.599027;-1.289089;-1.260826;
0.188800;1.000000;0.920616;0.599101;-1.290409;-1.262355;
0.188820;1.000000;0.920570;0.599184;-1.291639;-1.263869;
0.188840;1.000000;0.920552;0.599270;-1.292777;-1.265371;
0.188860;1.000000;0.920555;0.599355;-1.293825;-1.266862;
0.188880;1.000000;0.920574;0.599436;-1.294780;-1.268343;
0.188900;1.000000;0.920602;0.599508;-1.295645;-1.269815;
0.188920;1.000000;0.920633;0.599568;-1.296419;-1.271278;
0.188940;1.000000;0.920662;0.599611;-1.297104;-1.272731;
0.188960;1.000000;0.920684;0.599634;-1.297701;-1.274175;
0.188980;1.000000;0.920694;0.599635;-1.298212;-1.275608;
0.189000;1.000000;0.920688;0.599609;-1.298639;-1.277028;
0.189020;1.000000;0.920661;0.599555;-1.298984;-1.278435;
0.189040;1.000000;0.920612;0.599471;-1.299249;-1.279826;
0.189060;1.000000;0.920536;0.599354;-1.299438;-1.281197;
0.189080;1.000000;0.920433;0.599204;-1.299552;-1.282548;
0.189100;1.000000;0.920301;0.599019;-1.299597;-1.283873;
0.189120;1.000000;0.920139;0.598799;-1.299573;-1.285171;
0.189140;1.000000;0.919945;0.598544;-1.299485;-1.286438;
0.189160;1.000000;0.919721;0.598255;-1.299337;-1.287670;
0.189180;1.000000;0.919466;0.597933;-1.299132;-1.288862;
0.189200;1.000000;0.919181;0.597580;-1.298873;-1.290012;
0.189220;1.000000;0.918867;0.597198;-1.298564;-1.291116;
0.189240;1.000000;0.918525;0.596791;-1.298209;-1.292168;
0.189260;1.000000;0.918157;0.596362;-1.297811;-1.293166;
0.189280;1.000000;0.917766;0.595916;-1.297373;-1.294105;
0.189300;1.000000;0.917353;0.595458;-1.296899;-1.294982;
0.189320;1.000000;0.916922;0.594993;-1.296393;-1.295792;
0.189340;1.000000;0.916476;0.594528;-1.295857;-1.296533;
0.189360;1.000000;0.916019;0.594069;-1.295294;-1.297201;
0.189380;1.000000;0.915555;0.593622;-1.294708;-1.297793;
0.189400;1.000000;0.915089;0.593196;-1.294100;-1.298306;
0.189420;1.000000;0.914626;0.592797;-1.293473;-1.298738;
0.189440;1.000000;0.914171;0.592432;-1.292829;-1.299087;
0.189460;1.000000;0.913731;0.592109;-1.292170;-1.299350;
0.189480;1.000000;0.913313;0.591835;-1.291497;-1.299527;
0.189500;1.000000;0.912922;0.591616;-1.290813;-1.299616;
0.189520;1.000000;0.912566;0.591458;-1.290117;-1.299616;
0.189540;1.000000;0.912251;0.591366;-1.289411;-1.299528;
0.189560;1.000000;0.911986;0.591345;-1.288696;-1.299352;
0.189580;1.000000;0.911776;0.591400;-1.287971;-1.299087;
0.189600;1.000000;0.911629;0.591531;-1.287236;-1.298735;
0.189620;1.000000;0.911551;0.591742;-1.286492;-1.298298;
0.189640;1.000000;0.911546;0.592032;-1.285737;-1.297777;
0.189660;1.000000;0.911621;0.592402;-1.284970;-1.297174;
0.189680;1.000000;0.911778;0.592848;-1.284191;-1.296492;
0.189700;1.000000;0.912020;0.593368;-1.283399;-1.295733;
0.189720;1.000000;0.912349;0.593958;-1.282590;-1.294901;
0.189740;1.000000;0.912765;0.594613;-1.281765;-1.293999;
0.189760;1.000000;0.913266;0.595326;-1.280920;-1.293031;
0.189780;1.000000;0.913850;0.596089;-1.280053;-1.292000;
0.189800;1.000000;0.914513;0.596895;-1.279163;-1.290912;
0.189820;1.000000;0.915248;0.597734;-1.278246;-1.289769;
0.189840;1.000000;0.916048;0.598597;-1.277300;-1.288577;
0.189860;1.000000;0.916904;0.599475;-1.276321;-1.287339;
0.189880;1.000000;0.917807;0.600356;-1.275308;-1.286061;
0.189900;1.000000;0.918744;0.601231;-1.274258;-1.284747;
0.189920;1.000000;0.919705;0.602088;-1.273166;-1.283402;
0.189940;1.000000;0.920677;0.602919;-1.272031;-1.282029;
0.189960;1.000000;0.921645;0.603712;-1.270849;-1.280633;
0.189980;1.000000;0.922597;0.604458;-1.269617;-1.279218;
0.190000;1.000000;0.923519;0.605149;-1.268332;-1.277788;
0.190020;1.000000;0.924397;0.605776;-1.266992;-1.276347;
0.190040;1.000000;0.925218;0.606331;-1.265594;-1.274899;
0.190060;1.000000;0.925969;0.606809;-1.264136;-1.273445;
0.190080;1.000000;0.926640;0.607203;-1.262613;-1.271990;
0.190100;1.000000;0.927220;0.607508;-1.261026;-1.270535;
0.190120;1.000000;0.927698;0.607721;-1.259371;-1.269082;
0.190140;1.000000;0.928068;0.607839;-1.257646;-1.267634;
0.190160;1.000000;0.928323;0.607860;-1.255849;-1.266191;
0.190180;1.000000;0.928458;0.607785;-1.253981;-1.264754;
0.190200;1.000000;0.928470;0.607613;-1.252038;-1.263324;
0.190220;1.000000;0.928357;0.607346;-1.250020;-1.261900;
0.190240;1.000000;0.928120;0.606987;-1.247926;-1.260482;
0.190260;1.000000;0.927759;0.606539;-1.245757;-1.259068;
0.190280;1.000000;0.927279;0.606007;-1.243511;-1.257658;
0.190300;1.000000;0.926684;0.605396;-1.241190;-1.256249;
0.190320;1.000000;0.925981;0.604712;-1.238792;-1.254838;
0.190340;1.000000;0.925177;0.603963;-1.236320;-1.253424;
0.190360;1.000000;0.924281;0.603157;-1.233774;-1.252003;
0.190380;1.000000;0.923303;0.602301;-1.231156;-1.250571;
0.190400;1.000000;0.922253;0.601406;-1.228466;-1.249124;
0.190420;1.000000;0.921144;0.600481;-1.225706;-1.247659;
0.190440;1.000000;0.919989;0.599535;-1.222880;-1.246170;
0.190460;1.000000;0.918799;0.598581;-1.219988;-1.244654;
0.190480;1.000000;0.917588;0.597629;-1.217034;-1.243104;
0.190500;1.000000;0.916371;0.596689;-1.214019;-1.241517;
0.190520;1.000000;0.915160;0.595775;-1.210947;-1.239886;
0.190540;1.000000;0.913970;0.594896;-1.207821;-1.238207;
0.190560;1.000000;0.912816;0.594064;-1.204643;-1.236474;
0.190580;1.000000;0.911709;0.593291;-1.201416;-1.234682;
0.190600;1.000000;0.910665;0.592586;-1.198145;-1.232826;
0.190620;1.000000;0.909697;0.591962;-1.194831;-1.230901;
0.190640;1.000000;0.908816;0.591426;-1.191477;-1.228901;
0.190660;1.000000;0.908035;0.590988;-1.188088;-1.226821;
0.190680;1.000000;0.907366;0.590656;-1.184666;-1.224659;
0.190700;1.000000;0.906819;0.590438;-1.181214;-1.222408;
0.190720;1.000000;0.906404;0.590338;-1.177734;-1.220066;
0.190740;1.000000;0.906130;0.590363;-1.174229;-1.217628;
0.190760;1.000000;0.906004;0.590514;-1.170702;-1.215092;
0.190780;1.000000;0.906033;0.590794;-1.167154;-1.212455;
0.190800;1.000000;0.906221;0.591203;-1.163588;-1.209714;
0.190820;1.000000;0.906573;0.591739;-1.160005;-1.206867;
0.190840;1.000000;0.907088;0.592401;-1.156406;-1.203914;
0.190860;1.000000;0.907769;0.593183;-1.152792;-1.200854;
0.190880;1.000000;0.908613;0.594078;-1.149165;-1.197685;
0.190900;1.000000;0.909615;0.595080;-1.145523;-1.194409;
0.190920;1.000000;0.910772;0.596179;-1.141868;-1.191026;
0.190940;1.000000;0.912074;0.597364;-1.138199;-1.187537;
0.190960;1.000000;0.913513;0.598623;-1.134514;-1.183944;
0.190980;1.000000;0.915077;0.599943;-1.130813;-1.180249;
0.191000;1.000000;0.916753;0.601309;-1.127095;-1.176455;
0.191020;1.000000;0.918525;0.602706;-1.123356;-1.172564;
0.191040;1.000000;0.920376;0.604119;-1.119596;-1.168582;
0.191060;1.000000;0.922289;0.605531;-1.115811;-1.164510;
0.191080;1.000000;0.924243;0.606925;-1.111999;-1.160354;
0.191100;1.000000;0.926219;0.608285;-1.108156;-1.156118;
0.191120;1.000000;0.928195;0.609595;-1.104279;-1.151808;
0.191140;1.000000;0.930148;0.610837;-1.100364;-1.147427;
0.191160;1.000000;0.932057;0.611998;-1.096408;-1.142982;
0.191180;1.000000;0.933900;0.613062;-1.092406;-1.138478;
0.191200;1.000000;0.935654;0.614015;-1.088354;-1.133919;
0.191220;1.000000;0.937298;0.614845;-1.084248;-1.129313;
0.191240;1.000000;0.938813;0.615541;-1.080084;-1.124664;
0.191260;1.000000;0.940179;0.616093;-1.075857;-1.119977;
0.191280;1.000000;0.941378;0.616493;-1.071563;-1.115258;
0.191300;1.000000;0.942394;0.616734;-1.067199;-1.110513;
0.191320;1.000000;0.943213;0.616811;-1.062760;-1.105745;
0.191340;1.000000;0.943824;0.616722;-1.058242;-1.100959;
0.191360;1.000000;0.944216;0.616465;-1.053641;-1.096160;
0.191380;1.000000;0.944383;0.616041;-1.048955;-1.091352;
0.191400;1.000000;0.944318;0.615453;-1.044181;-1.086538;
0.191420;1.000000;0.944021;0.614704;-1.039315;-1.081722;
0.191440;1.000000;0.943491;0.613801;-1.034356;-1.076905;
0.191460;1.000000;0.942731;0.612751;-1.029301;-1.072090;
0.191480;1.000000;0.941747;0.611563;-1.024150;-1.067279;
0.191500;1.000000;0.940545;0.610248;-1.018901;-1.062473;
0.191520;1.000000;0.939138;0.608817;-1.013554;-1.057673;
0.191540;1.000000;0.937537;0.607285;-1.008109;-1.052877;
0.191560;1.000000;0.935756;0.605664;-1.002566;-1.048087;
0.191580;1.000000;0.933813;0.603972;-0.996927;-1.043300;
0.191600;1.000000;0.931727;0.602223;-0.991193;-1.038516;
0.191620;1.000000;0.929516;0.600434;-0.985366;-1.033732;
0.191640;1.000000;0.927202;0.598622;-0.979449;-1.028946;
0.191660;1.000000;0.924808;0.596806;-0.973445;-1.024155;
0.191680;1.000000;0.922358;0.595003;-0.967358;-1.019355;
0.191700;1.000000;0.919876;0.593231;-0.961192;-1.014543;
0.191720;1.000000;0.917386;0.591508;-0.954951;-1.009714;
0.191740;1.000000;0.914913;0.589850;-0.948639;-1.004864;
0.191760;1.000000;0.912483;0.588276;-0.942263;-0.999988;
0.191780;1.000000;0.910119;0.586802;-0.935828;-0.995082;
0.191800;1.000000;0.907846;0.585442;-0.929338;-0.990140;
0.191820;1.000000;0.905687;0.584213;-0.922801;-0.985157;
0.191840;1.000000;0.903666;0.583127;-0.916222;-0.980128;
0.191860;1.000000;0.901802;0.582196;-0.909608;-0.975048;
0.191880;1.000000;0.900117;0.581432;-0.902964;-0.969912;
0.191900;1.000000;0.898628;0.580844;-0.896297;-0.964715;
0.191920;1.000000;0.897352;0.580439;-0.889613;-0.959452;
0.191940;1.000000;0.896303;0.580223;-0.882918;-0.954119;
0.191960;1.000000;0.895495;0.580201;-0.876217;-0.948711;
0.191980;1.000000;0.894937;0.580374;-0.869516;-0.943225;
0.192000;1.000000;0.894637;0.580741;-0.862820;-0.937657;
0.192020;1.000000;0.894600;0.581302;-0.856133;-0.932005;
0.192040;1.000000;0.894829;0.582052;-0.849462;-0.926265;
0.192060;1.000000;0.895323;0.582984;-0.842808;-0.920437;
0.192080;1.000000;0.896080;0.584091;-0.836176;-0.914518;
0.192100;1.000000;0.897094;0.585361;-0.829569;-0.908507;
0.192120;1.000000;0.898356;0.586782;-0.822989;-0.902405;
0.192140;1.000000;0.899855;0.588340;-0.816438;-0.896212;
0.192160;1.000000;0.901576;0.590020;-0.809917;-0.889929;
0.192180;1.000000;0.903504;0.591804;-0.803426;-0.883557;
0.192200;1.000000;0.905619;0.593673;-0.796967;-0.877099;
0.192220;1.000000;0.907900;0.595608;-0.790537;-0.870557;
0.192240;1.000000;0.910323;0.597587;-0.784136;-0.863935;
0.192260;1.000000;0.912864;0.599591;-0.777762;-0.857236;
0.192280;1.000000;0.915495;0.601595;-0.771413;-0.850465;
0.192300;1.000000;0.918189;0.603580;-0.765086;-0.843626;
0.192320;1.000000;0.920917;0.605522;-0.758777;-0.836726;
0.192340;1.000000;0.923649;0.607401;-0.752483;-0.829770;
0.192360;1.000000;0.926356;0.609195;-0.746199;-0.822763;
0.192380;1.000000;0.929007;0.610884;-0.739921;-0.815712;
0.192400;1.000000;0.931575;0.612451;-0.733643;-0.808624;
0.192420;1.000000;0.934029;0.613876;-0.727360;-0.801505;
0.192440;1.000000;0.936343;0.615144;-0.721067;-0.794362;
0.192460;1.000000;0.938490;0.616241;-0.714758;-0.787201;
0.192480;1.000000;0.940446;0.617154;-0.708428;-0.780030;
0.192500;1.000000;0.942189;0.617874;-0.702070;-0.772855;
0.192520;1.000000;0.943699;0.618392;-0.695680;-0.765683;
0.192540;1.000000;0.944957;0.618702;-0.689251;-0.758519;
0.192560;1.000000;0.945950;0.618801;-0.682778;-0.751370;
0.192580;1.000000;0.946663;0.618687;-0.676256;-0.744241;
0.192600;1.000000;0.947090;0.618362;-0.669681;-0.737139;
0.192620;1.000000;0.947222;0.617828;-0.663048;-0.730066;
0.192640;1.000000;0.947058;0.617093;-0.656352;-0.723028;
0.192660;1.000000;0.946598;0.616162;-0.649591;-0.716028;
0.192680;1.000000;0.945845;0.615047;-0.642761;-0.709069;
0.192700;1.000000;0.944806;0.613760;-0.635860;-0.702155;
0.192720;1.000000;0.943490;0.612313;-0.628886;-0.695286;
0.192740;1.000000;0.941910;0.610722;-0.621837;-0.688463;
0.192760;1.000000;0.940082;0.609003;-0.614714;-0.681689;
0.192780;1.000000;0.938024;0.607176;-0.607515;-0.674961;
0.192800;1.000000;0.935757;0.605259;-0.600243;-0.668279;
0.192820;1.000000;0.933303;0.603272;-0.592897;-0.661643;
0.192840;1.000000;0.930687;0.601235;-0.585481;-0.655049;
0.192860;1.000000;0.927938;0.599171;-0.577996;-0.648494;
0.192880;1.000000;0.925082;0.597100;-0.570446;-0.641977;
0.192900;1.000000;0.922149;0.595044;-0.562834;-0.635491;
0.192920;1.000000;0.919171;0.593024;-0.555166;-0.629033;
0.192940;1.000000;0.916177;0.591062;-0.547444;-0.622599;
0.192960;1.000000;0.913200;0.589179;-0.539676;-0.616182;
0.192980;1.000000;0.910270;0.587393;-0.531866;-0.609776;
0.193000;1.000000;0.907419;0.585725;-0.524020;-0.603376;
0.193020;1.000000;0.904677;0.584191;-0.516144;-0.596976;
0.193040;1.000000;0.902073;0.582809;-0.508245;-0.590568;
0.193060;1.000000;0.899634;0.581593;-0.500330;-0.584147;
0.193080;1.000000;0.897389;0.580557;-0.492404;-0.577705;
0.193100;1.000000;0.895360;0.579712;-0.484474;-0.571236;
0.193120;1.000000;0.893570;0.579069;-0.476547;-0.564733;
0.193140;1.000000;0.892039;0.578636;-0.468629;-0.558190;
0.193160;1.000000;0.890785;0.578418;-0.460726;-0.551601;
0.193180;1.000000;0.889821;0.578418;-0.452844;-0.544960;
0.193200;1.000000;0.889160;0.578639;-0.444988;-0.538261;
0.193220;1.000000;0.888808;0.579079;-0.437162;-0.531499;
0.193240;1.000000;0.888773;0.579735;-0.429372;-0.524671;
0.193260;1.000000;0.889055;0.580602;-0.421620;-0.517770;
0.193280;1.000000;0.889653;0.581671;-0.413911;-0.510795;
0.193300;1.000000;0.890562;0.582933;-0.406247;-0.503741;
0.193320;1.000000;0.891773;0.584376;-0.398630;-0.496608;
0.193340;1.000000;0.893276;0.585985;-0.391061;-0.489392;
0.193360;1.000000;0.895055;0.587745;-0.383541;-0.482093;
0.193380;1.000000;0.897094;0.589636;-0.376070;-0.474711;
0.193400;1.000000;0.899371;0.591641;-0.368646;-0.467245;
0.193420;1.000000;0.901864;0.593737;-0.361269;-0.459697;
0.193440;1.000000;0.904547;0.595903;-0.353935;-0.452069;
0.193460;1.000000;0.907393;0.598116;-0.346643;-0.444363;
0.193480;1.000000;0.910372;0.600351;-0.339387;-0.436581;
0.193500;1.000000;0.913454;0.602586;-0.332165;-0.428727;
0.193520;1.000000;0.916607;0.604796;-0.324971;-0.420805;
0.193540;1.000000;0.919799;0.606957;-0.317799;-0.412820;
0.193560;1.000000;0.922995;0.609044;-0.310645;-0.404776;
0.193580;1.000000;0.926162;0.611036;-0.303502;-0.396679;
0.193600;1.000000;0.929268;0.612911;-0.296363;-0.388534;
0.193620;1.000000;0.932280;0.614647;-0.289222;-0.380348;
0.193640;1.000000;0.935166;0.616227;-0.282072;-0.372127;
0.193660;1.000000;0.937896;0.617632;-0.274905;-0.363876;
0.193680;1.000000;0.940441;0.618847;-0.267715;-0.355602;
0.193700;1.000000;0.942775;0.619859;-0.260494;-0.347312;
0.193720;1.000000;0.944873;0.620657;-0.253236;-0.339012;
0.193740;1.000000;0.946713;0.621232;-0.245933;-0.330707;
0.193760;1.000000;0.948274;0.621579;-0.238580;-0.322405;
0.193780;1.000000;0.949542;0.621695;-0.231170;-0.314109;
0.193800;1.000000;0.950501;0.621577;-0.223697;-0.305827;
0.193820;1.000000;0.951143;0.621228;-0.216157;-0.297562;
0.193840;1.000000;0.951459;0.620652;-0.208544;-0.289320;
0.193860;1.000000;0.951446;0.619855;-0.200856;-0.281104;
0.193880;1.000000;0.951105;0.618848;-0.193087;-0.272919;
0.193900;1.000000;0.950438;0.617640;-0.185237;-0.264766;
0.193920;1.000000;0.949452;0.616246;-0.177302;-0.256648;
0.193940;1.000000;0.948158;0.614681;-0.169281;-0.248567;
0.193960;1.000000;0.946568;0.612961;-0.161175;-0.240525;
0.193980;1.000000;0.944699;0.611106;-0.152983;-0.232521;
0.194000;1.000000;0.942570;0.609135;-0.144706;-0.224556;
0.194020;1.000000;0.940203;0.607068;-0.136348;-0.216629;
0.194040;1.000000;0.937624;0.604929;-0.127909;-0.208738;
0.194060;1.000000;0.934858;0.602739;-0.119393;-0.200881;
0.194080;1.000000;0.931935;0.600521;-0.110806;-0.193057;
0.194100;1.000000;0.928886;0.598298;-0.102150;-0.185262;
0.194120;1.000000;0.925741;0.596093;-0.093433;-0.177491;
0.194140;1.000000;0.922535;0.593928;-0.084658;-0.169743;
0.194160;1.000000;0.919300;0.591826;-0.075834;-0.162011;
0.194180;1.000000;0.916070;0.589807;-0.066967;-0.154292;
0.194200;1.000000;0.912880;0.587893;-0.058063;-0.146579;
0.194220;1.000000;0.909763;0.586103;-0.049131;-0.138869;
0.194240;1.000000;0.906751;0.584454;-0.040178;-0.131155;
0.194260;1.000000;0.903875;0.582964;-0.031212;-0.123432;
0.194280;1.000000;0.901167;0.581647;-0.022240;-0.115695;
0.194300;1.000000;0.898654;0.580516;-0.013271;-0.107938;
0.194320;1.000000;0.896363;0.579584;-0.004312;-0.100155;
0.194340;1.000000;0.894317;0.578860;0.004630;-0.092342;
0.194360;1.000000;0.892537;0.578351;0.013547;-0.084494;
0.194380;1.000000;0.891043;0.578063;0.022432;-0.076605;
0.194400;1.000000;0.889849;0.577998;0.031279;-0.068672;
0.194420;1.000000;0.888968;0.578159;0.040083;-0.060691;
0.194440;1.000000;0.888408;0.578543;0.048837;-0.052658;
0.194460;1.000000;0.888175;0.579147;0.057537;-0.044570;
0.194480;1.000000;0.888271;0.579965;0.066179;-0.036425;
0.194500;1.000000;0.888695;0.580989;0.074759;-0.028222;
0.194520;1.000000;0.889442;0.582210;0.083274;-0.019959;
0.194540;1.000000;0.890503;0.583614;0.091724;-0.011636;
0.194560;1.000000;0.891867;0.585188;0.100105;-0.003252;
0.194580;1.000000;0.893520;0.586915;0.108419;0.005191;
0.194600;1.000000;0.895444;0.588778;0.116665;0.013692;
0.194620;1.000000;0.897618;0.590758;0.124843;0.022249;
0.194640;1.000000;0.900020;0.592834;0.132957;0.030860;
0.194660;1.000000;0.902625;0.594983;0.141007;0.039521;
0.194680;1.000000;0.905404;0.597185;0.148998;0.048228;
0.194700;1.000000;0.908331;0.599415;0.156933;0.056977;
0.194720;1.000000;0.911373;0.601650;0.164816;0.065763;
0.194740;1.000000;0.914499;0.603866;0.172652;0.074581;
0.194760;1.000000;0.917678;0.606039;0.180446;0.083426;
0.194780;1.000000;0.920877;0.608148;0.188203;0.092291;
0.194800;1.000000;0.924062;0.610168;0.195931;0.101170;
0.194820;1.000000;0.927202;0.612080;0.203634;0.110056;
0.194840;1.000000;0.930263;0.613862;0.211319;0.118944;
0.194860;1.000000;0.933216;0.615497;0.218992;0.127826;
0.194880;1.000000;0.936030;0.616968;0.226659;0.136696;
0.194900;1.000000;0.938676;0.618259;0.234328;0.145546;
0.194920;1.000000;0.941129;0.619357;0.242004;0.154372;
0.194940;1.000000;0.943363;0.620253;0.249692;0.163165;
0.194960;1.000000;0.945357;0.620937;0.257398;0.171921;
0.194980;1.000000;0.947092;0.621405;0.265128;0.180634;
0.195000;1.000000;0.948549;0.621652;0.272886;0.189297;
0.195020;1.000000;0.949716;0.621678;0.280676;0.197907;
0.195040;1.000000;0.950582;0.621484;0.288502;0.206459;
0.195060;1.000000;0.951139;0.621074;0.296367;0.214949;
0.195080;1.000000;0.951384;0.620456;0.304274;0.223373;
0.195100;1.000000;0.951314;0.619637;0.312223;0.231729;
0.195120;1.000000;0.950934;0.618628;0.320216;0.240014;
0.195140;1.000000;0.950248;0.617442;0.328253;0.248227;
0.195160;1.000000;0.949265;0.616093;0.336334;0.256367;
0.195180;1.000000;0.947997;0.614597;0.344457;0.264434;
0.195200;1.000000;0.946461;0.612972;0.352620;0.272428;
0.195220;1.000000;0.944672;0.611235;0.360822;0.280350;
0.195240;1.000000;0.942653;0.609407;0.369058;0.288201;
0.195260;1.000000;0.940425;0.607507;0.377325;0.295984;
0.195280;1.000000;0.938014;0.605555;0.385617;0.303701;
0.195300;1.000000;0.935446;0.603572;0.393931;0.311355;
0.195320;1.000000;0.932750;0.601580;0.402260;0.318951;
0.195340;1.000000;0.929956;0.599598;0.410598;0.326492;
0.195360;1.000000;0.927092;0.597646;0.418939;0.333982;
0.195380;1.000000;0.924191;0.595743;0.427276;0.341427;
0.195400;1.000000;0.921284;0.593910;0.435602;0.348831;
0.195420;1.000000;0.918400;0.592162;0.443910;0.356200;
0.195440;1.000000;0.915570;0.590517;0.452193;0.363539;
0.195460;1.000000;0.912825;0.588991;0.460444;0.370854;
0.195480;1.000000;0.910191;0.587597;0.468654;0.378149;
0.195500;1.000000;0.907696;0.586348;0.476819;0.385430;
0.195520;1.000000;0.905364;0.585255;0.484930;0.392703;
0.195540;1.000000;0.903219;0.584329;0.492982;0.399973;
0.195560;1.000000;0.901282;0.583576;0.500968;0.407243;
0.195580;1.000000;0.899570;0.583003;0.508882;0.414520;
0.195600;1.000000;0.898099;0.582614;0.516720;0.421807;
0.195620;1.000000;0.896883;0.582411;0.524478;0.429107;
0.195640;1.000000;0.895932;0.582396;0.532150;0.436424;
0.195660;1.000000;0.895252;0.582567;0.539734;0.443761;
0.195680;1.000000;0.894849;0.582920;0.547227;0.451120;
0.195700;1.000000;0.894724;0.583451;0.554628;0.458504;
0.195720;1.000000;0.894875;0.584153;0.561934;0.465912;
0.195740;1.000000;0.895298;0.585017;0.569147;0.473346;
0.195760;1.000000;0.895987;0.586033;0.576265;0.480806;
0.195780;1.000000;0.896932;0.587189;0.583290;0.488292;
0.195800;1.000000;0.898120;0.588471;0.590225;0.495801;
0.195820;1.000000;0.899537;0.589866;0.597070;0.503333;
0.195840;1.000000;0.901166;0.591356;0.603830;0.510886;
0.195860;1.000000;0.902989;0.592925;0.610507;0.518456;
0.195880;1.000000;0.904984;0.594555;0.617108;0.526041;
0.195900;1.000000;0.907130;0.596227;0.623635;0.533637;
0.195920;1.000000;0.909402;0.597922;0.630096;0.541239;
0.195940;1.000000;0.911776;0.599620;0.636495;0.548845;
0.195960;1.000000;0.914226;0.601302;0.642838;0.556447;
0.195980;1.000000;0.916725;0.602949;0.649133;0.564043;
0.196000;1.000000;0.919246;0.604541;0.655385;0.571627;
0.196020;1.000000;0.921762;0.606061;0.661602;0.579193;
0.196040;1.000000;0.924246;0.607492;0.667791;0.586736;
0.196060;1.000000;0.926672;0.608817;0.673958;0.594251;
0.196080;1.000000;0.929013;0.610021;0.680109;0.601733;
0.196100;1.000000;0.931245;0.611091;0.686253;0.609176;
0.196120;1.000000;0.933344;0.612016;0.692394;0.616575;
0.196140;1.000000;0.935287;0.612786;0.698540;0.623926;
0.196160;1.000000;0.937054;0.613393;0.704695;0.631225;
0.196180;1.000000;0.938627;0.613831;0.710865;0.638466;
0.196200;1.000000;0.939988;0.614097;0.717055;0.645647;
0.196220;1.000000;0.941125;0.614189;0.723269;0.652764;
0.196240;1.000000;0.942024;0.614107;0.729510;0.659813;
0.196260;1.000000;0.942678;0.613855;0.735783;0.666793;
0.196280;1.000000;0.943081;0.613436;0.742088;0.673703;
0.196300;1.000000;0.943228;0.612858;0.748428;0.680539;
0.196320;1.000000;0.943119;0.612129;0.754804;0.687303;
0.196340;1.000000;0.942758;0.611258;0.761216;0.693993;
0.196360;1.000000;0.942148;0.610258;0.767664;0.700609;
0.196380;1.000000;0.941299;0.609140;0.774147;0.707154;
0.196400;1.000000;0.940221;0.607919;0.780662;0.713628;
0.196420;1.000000;0.938926;0.606610;0.787209;0.720034;
0.196440;1.000000;0.937431;0.605227;0.793783;0.726373;
0.196460;1.000000;0.935753;0.603788;0.800382;0.732649;
0.196480;1.000000;0.933912;0.602307;0.807000;0.738866;
0.196500;1.000000;0.931930;0.600802;0.813634;0.745027;
0.196520;1.000000;0.929827;0.599288;0.820279;0.751137;
0.196540;1.000000;0.927630;0.597782;0.826928;0.757200;
0.196560;1.000000;0.925361;0.596299;0.833577;0.763220;
0.196580;1.000000;0.923046;0.594853;0.840220;0.769204;
0.196600;1.000000;0.920710;0.593460;0.846849;0.775156;
0.196620;1.000000;0.918378;0.592132;0.853460;0.781081;
0.196640;1.000000;0.916075;0.590882;0.860045;0.786986;
0.196660;1.000000;0.913823;0.589722;0.866599;0.792874;
0.196680;1.000000;0.911646;0.588662;0.873115;0.798752;
0.196700;1.000000;0.909565;0.587710;0.879587;0.804624;
0.196720;1.000000;0.907601;0.586876;0.886009;0.810495;
0.196740;1.000000;0.905770;0.586165;0.892377;0.816371;
0.196760;1.000000;0.904090;0.585584;0.898684;0.822254;
0.196780;1.000000;0.902576;0.585136;0.904925;0.828150;
0.196800;1.000000;0.901239;0.584825;0.911097;0.834061;
0.196820;1.000000;0.900089;0.584653;0.917196;0.839991;
0.196840;1.000000;0.899136;0.584619;0.923218;0.845943;
0.196860;1.000000;0.898384;0.584722;0.929161;0.851918;
0.196880;1.000000;0.897839;0.584962;0.935022;0.857918;
0.196900;1.000000;0.897500;0.585333;0.940799;0.863944;
0.196920;1.000000;0.897369;0.585832;0.946493;0.869996;
0.196940;1.000000;0.897442;0.586453;0.952101;0.876075;
0.196960;1.000000;0.897716;0.587188;0.957626;0.882180;
0.196980;1.000000;0.898185;0.588031;0.963067;0.888309;
0.197000;1.000000;0.898840;0.588970;0.968426;0.894460;
0.197020;1.000000;0.899673;0.589997;0.973705;0.900631;
0.197040;1.000000;0.900672;0.591100;0.978906;0.906820;
0.197060;1.000000;0.901827;0.592268;0.984033;0.913022;
0.197080;1.000000;0.903122;0.593489;0.989089;0.919234;
0.197100;1.000000;0.904545;0.594749;0.994077;0.925451;
0.197120;1.000000;0.906078;0.596035;0.999003;0.931670;
0.197140;1.000000;0.907707;0.597333;1.003871;0.937884;
0.197160;1.000000;0.909414;0.598631;1.008685;0.944089;
0.197180;1.000000;0.911181;0.599914;1.013450;0.950279;
0.197200;1.000000;0.912990;0.601170;1.018173;0.956448;
0.197220;1.000000;0.914824;0.602385;1.022857;0.962590;
0.197240;1.000000;0.916663;0.603547;1.027508;0.968701;
0.197260;1.000000;0.918489;0.604645;1.032132;0.974773;
0.197280;1.000000;0.920284;0.605667;1.036733;0.980801;
0.197300;1.000000;0.922031;0.606606;1.041317;0.986779;
0.197320;1.000000;0.923713;0.607452;1.045887;0.992702;
0.197340;1.000000;0.925313;0.608198;1.050449;0.998565;
0.197360;1.000000;0.926816;0.608839;1.055006;1.004361;
0.197380;1.000000;0.928209;0.609371;1.059562;1.010088;
0.197400;1.000000;0.929478;0.609790;1.064120;1.015739;
0.197420;1.000000;0.930613;0.610096;1.068683;1.021312;
0.197440;1.000000;0.931605;0.610290;1.073254;1.026803;
0.197460;1.000000;0.932445;0.610373;1.077833;1.032208;
0.197480;1.000000;0.933129;0.610348;1.082423;1.037526;
0.197500;1.000000;0.933653;0.610220;1.087024;1.042754;
0.197520;1.000000;0.934014;0.609995;1.091635;1.047891;
0.197540;1.000000;0.934215;0.609680;1.096257;1.052935;
0.197560;1.000000;0.934256;0.609283;1.100889;1.057887;
0.197580;1.000000;0.934142;0.608813;1.105528;1.062747;
0.197600;1.000000;0.933881;0.608279;1.110174;1.067515;
0.197620;1.000000;0.933480;0.607691;1.114822;1.072192;
0.197640;1.000000;0.932950;0.607059;1.119471;1.076780;
0.197660;1.000000;0.932301;0.606394;1.124115;1.081282;
0.197680;1.000000;0.931546;0.605706;1.128753;1.085699;
0.197700;1.000000;0.930700;0.605004;1.133378;1.090036;
0.197720;1.000000;0.929777;0.604300;1.137987;1.094295;
0.197740;1.000000;0.928791;0.603601;1.142574;1.098481;
0.197760;1.000000;0.927760;0.602918;1.147135;1.102597;
0.197780;1.000000;0.926698;0.602257;1.151663;1.106647;
0.197800;1.000000;0.925622;0.601627;1.156153;1.110637;
0.197820;1.000000;0.924546;0.601035;1.160600;1.114570;
0.197840;1.000000;0.923485;0.600484;1.164998;1.118452;
0.197860;1.000000;0.922452;0.599982;1.169341;1.122287;
0.197880;1.000000;0.921461;0.599532;1.173624;1.126080;
0.197900;1.000000;0.920522;0.599138;1.177841;1.129836;
0.197920;1.000000;0.919646;0.598801;1.181988;1.133559;
0.197940;1.000000;0.918842;0.598524;1.186059;1.137253;
0.197960;1.000000;0.918117;0.598307;1.190049;1.140924;
0.197980;1.000000;0.917477;0.598150;1.193955;1.144574;
0.198000;1.000000;0.916925;0.598052;1.197772;1.148207;
0.198020;1.000000;0.916466;0.598013;1.201496;1.151827;
0.198040;1.000000;0.916101;0.598029;1.205125;1.155436;
0.198060;1.000000;0.915828;0.598100;1.208656;1.159037;
0.198080;1.000000;0.915649;0.598222;1.212086;1.162631;
0.198100;1.000000;0.915560;0.598390;1.215413;1.166220;
0.198120;1.000000;0.915558;0.598602;1.218637;1.169806;
0.198140;1.000000;0.915639;0.598853;1.221757;1.173388;
0.198160;1.000000;0.915799;0.599138;1.224772;1.176968;
0.198180;1.000000;0.916031;0.599453;1.227683;1.180543;
0.198200;1.000000;0.916331;0.599791;1.230490;1.184113;
0.198220;1.000000;0.916693;0.600148;1.233195;1.187678;
0.198240;1.000000;0.917108;0.600517;1.235798;1.191234;
0.198260;1.000000;0.917571;0.600893;1.238303;1.194779;
0.198280;1.000000;0.918075;0.601270;1.240711;1.198311;
0.198300;1.000000;0.918612;0.601641;1.243026;1.201826;
0.198320;1.000000;0.919175;0.602000;1.245251;1.205321;
0.198340;1.000000;0.919758;0.602343;1.247389;1.208792;
0.198360;1.000000;0.920353;0.602661;1.249444;1.212233;
0.198380;1.000000;0.920952;0.602952;1.251419;1.215642;
0.198400;1.000000;0.921550;0.603208;1.253320;1.219012;
0.198420;1.000000;0.922138;0.603426;1.255150;1.222340;
0.198440;1.000000;0.922710;0.603600;1.256914;1.225620;
0.198460;1.000000;0.923260;0.603729;1.258616;1.228846;
0.198480;1.000000;0.923780;0.603808;1.260260;1.232015;
0.198500;1.000000;0.924266;0.603835;1.261852;1.235120;
0.198520;1.000000;0.924710;0.603809;1.263394;1.238157;
0.198540;1.000000;0.925109;0.603730;1.264893;1.241121;
0.198560;1.000000;0.925455;0.603597;1.266351;1.244007;
0.198580;1.000000;0.925747;0.603412;1.267772;1.246810;
0.198600;1.000000;0.925979;0.603177;1.269160;1.249527;
0.198620;1.000000;0.926150;0.602896;1.270518;1.252153;
0.198640;1.000000;0.926256;0.602571;1.271850;1.254685;
0.198660;1.000000;0.926297;0.602208;1.273158;1.257120;
0.198680;1.000000;0.926272;0.601812;1.274444;1.259455;
0.198700;1.000000;0.926183;0.601390;1.275711;1.261687;
0.198720;1.000000;0.926032;0.600947;1.276960;1.263816;
0.198740;1.000000;0.925820;0.600491;1.278193;1.265838;
0.198760;1.000000;0.925552;0.600028;1.279411;1.267754;
0.198780;1.000000;0.925234;0.599568;1.280613;1.269564;
0.198800;1.000000;0.924870;0.599115;1.281801;1.271266;
0.198820;1.000000;0.924468;0.598679;1.282973;1.272862;
0.198840;1.000000;0.924035;0.598265;1.284131;1.274354;
0.198860;1.000000;0.923579;0.597881;1.285271;1.275742;
0.198880;1.000000;0.923108;0.597531;1.286394;1.277029;
0.198900;1.000000;0.922631;0.597222;1.287498;1.278217;
0.198920;1.000000;0.922158;0.596958;1.288580;1.279309;
0.198940;1.000000;0.921696;0.596742;1.289639;1.280310;
0.198960;1.000000;0.921254;0.596576;1.290672;1.281221;
0.198980;1.000000;0.920840;0.596464;1.291677;1.282049;
0.199000;1.000000;0.920461;0.596405;1.292651;1.282797;
0.199020;1.000000;0.920123;0.596398;1.293590;1.283469;
0.199040;1.000000;0.919832;0.596444;1.294492;1.284071;
0.199060;1.000000;0.919592;0.596539;1.295353;1.284609;
0.199080;1.000000;0.919406;0.596681;1.296170;1.285086;
0.199100;1.000000;0.919275;0.596866;1.296940;1.285509;
0.199120;1.000000;0.919200;0.597089;1.297660;1.285883;
0.199140;1.000000;0.919179;0.597345;1.298325;1.286214;
0.199160;1.000000;0.919210;0.597629;1.298934;1.286506;
0.199180;1.000000;0.919290;0.597935;1.299482;1.286765;
0.199200;1.000000;0.919412;0.598255;1.299967;1.286996;
0.199220;1.000000;0.919572;0.598585;1.300386;1.287203;
0.199240;1.000000;0.919763;0.598918;1.300737;1.287393;
0.199260;1.000000;0.919976;0.599246;1.301016;1.287568;
0.199280;1.000000;0.920204;0.599564;1.301222;1.287733;
0.199300;1.000000;0.920439;0.599866;1.301353;1.287892;
0.199320;1.000000;0.920672;0.600146;1.301406;1.288048;
0.199340;1.000000;0.920894;0.600399;1.301381;1.288203;
0.199360;1.000000;0.921098;0.600619;1.301277;1.288362;
0.199380;1.000000;0.921274;0.600803;1.301092;1.288524;
0.199400;1.000000;0.921417;0.600946;1.300826;1.288693;
0.199420;1.000000;0.921519;0.601046;1.300479;1.288869;
0.199440;1.000000;0.921574;0.601099;1.300051;1.289052;
0.199460;1.000000;0.921577;0.601103;1.299542;1.289244;
0.199480;1.000000;0.921525;0.601057;1.298954;1.289443;
0.199500;1.000000;0.921415;0.600960;1.298287;1.289649;
0.199520;1.000000;0.921244;0.600811;1.297542;1.289859;
0.199540;1.000000;0.921012;0.600612;1.296721;1.290074;
0.199560;1.000000;0.920719;0.600362;1.295827;1.290289;
0.199580;1.000000;0.920366;0.600064;1.294861;1.290504;
0.199600;1.000000;0.919954;0.599720;1.293826;1.290713;
0.199620;1.000000;0.919488;0.599332;1.292724;1.290915;
0.199640;1.000000;0.918970;0.598904;1.291558;1.291105;
0.199660;1.000000;0.918405;0.598440;1.290332;1.291280;
0.199680;1.000000;0.917799;0.597945;1.289048;1.291434;
0.199700;1.000000;0.917155;0.597423;1.287710;1.291564;
0.199720;1.000000;0.916482;0.596882;1.286321;1.291664;
0.199740;1.000000;0.915785;0.596325;1.284884;1.291730;
0.199760;1.000000;0.915071;0.595762;1.283404;1.291757;
0.199780;1.000000;0.914348;0.595197;1.281883;1.291740;
0.199800;1.000000;0.913623;0.594640;1.280326;1.291674;
0.199820;1.000000;0.912903;0.594098;1.278735;1.291554;
0.199840;1.000000;0.912198;0.593579;1.277114;1.291375;
0.199860;1.000000;0.911514;0.593092;1.275467;1.291132;
0.199880;1.000000;0.910859;0.592643;1.273796;1.290822;
0.199900;1.000000;0.910244;0.592242;1.272104;1.290439;
0.199920;1.000000;0.909674;0.591897;1.270395;1.289979;
0.199940;1.000000;0.909159;0.591615;1.268671;1.289440;
0.199960;1.000000;0.908707;0.591403;1.266934;1.288816;
0.199980;1.000000;0.908326;0.591267;1.265187;1.288106;
0.200000;1.000000;0.908023;0.591215;1.263432;1.287307;
0.200020;1.000000;0.907806;0.591251;1.261669;1.286417;
0.200040;1.000000;0.907681;0.591378;1.259901;1.285433;
0.200060;1.000000;0.907655;0.591601;1.258128;1.284354;
0.200080;1.000000;0.907734;0.591920;1.256351;1.283180;
0.200100;1.000000;0.907923;0.592338;1.254570;1.281911;
0.200120;1.000000;0.908224;0.592852;1.252786;1.280545;
0.200140;1.000000;0.908641;0.593461;1.250997;1.279084;
0.200160;1.000000;0.909176;0.594163;1.249203;1.277529;
0.200180;1.000000;0.909828;0.594952;1.247403;1.275881;
0.200200;1.000000;0.910596;0.595822;1.245596;1.274143;
0.200220;1.000000;0.911477;0.596766;1.243780;1.272316;
0.200240;1.000000;0.912467;0.597776;1.241953;1.270404;
0.200260;1.000000;0.913559;0.598842;1.240111;1.268409;
0.200280;1.000000;0.914746;0.599955;1.238254;1.266336;
0.200300;1.000000;0.916019;0.601102;1.236377;1.264187;
0.200320;1.000000;0.917367;0.602271;1.234478;1.261968;
0.200340;1.000000;0.918776;0.603451;1.232553;1.259682;
0.200360;1.000000;0.920234;0.604627;1.230598;1.257334;
0.200380;1.000000;0.921726;0.605788;1.228610;1.254929;
0.200400;1.000000;0.923236;0.606919;1.226584;1.252472;
0.200420;1.000000;0.924748;0.608009;1.224517;1.249967;
0.200440;1.000000;0.926243;0.609043;1.222404;1.247420;
0.200460;1.000000;0.927706;0.610011;1.220242;1.244835;
0.200480;1.000000;0.929119;0.610901;1.218025;1.242217;
0.200500;1.000000;0.930464;0.611701;1.215750;1.239571;
0.200520;1.000000;0.931725;0.612403;1.213412;1.236902;
0.200540;1.000000;0.932886;0.612998;1.211008;1.234213;
0.200560;1.000000;0.933932;0.613477;1.208533;1.231509;
0.200580;1.000000;0.934850;0.613836;1.205984;1.228794;
0.200600;1.000000;0.935627;0.614069;1.203356;1.226070;
0.200620;1.000000;0.936252;0.614172;1.200648;1.223342;
0.200640;1.000000;0.936717;0.614144;1.197855;1.220610;
0.200660;1.000000;0.937015;0.613983;1.194974;1.217879;
0.200680;1.000000;0.937140;0.613691;1.192004;1.215149;
0.200700;1.000000;0.937089;0.613268;1.188942;1.212421;
0.200720;1.000000;0.936863;0.612719;1.185786;1.209697;
0.200740;1.000000;0.936460;0.612049;1.182536;1.206976;
0.200760;1.000000;0.935885;0.611262;1.179189;1.204258;
0.200780;1.000000;0.935143;0.610367;1.175745;1.201542;
0.200800;1.000000;0.934241;0.609372;1.172204;1.198827;
0.200820;1.000000;0.933188;0.608285;1.168567;1.196111;
0.200840;1.000000;0.931993;0.607118;1.164834;1.193391;
0.200860;1.000000;0.930670;0.605882;1.161006;1.190665;
0.200880;1.000000;0.929232;0.604588;1.157085;1.187929;
0.200900;1.000000;0.927694;0.603249;1.153073;1.185180;
0.200920;1.000000;0.926070;0.601878;1.148971;1.182413;
0.200940;1.000000;0.924380;0.600489;1.144783;1.179624;
0.200960;1.000000;0.922639;0.599097;1.140513;1.176808;
0.200980;1.000000;0.920866;0.597714;1.136162;1.173960;
0.201000;1.000000;0.919080;0.596357;1.131736;1.171074;
0.201020;1.000000;0.917299;0.595039;1.127237;1.168145;
0.201040;1.000000;0.915543;0.593773;1.122671;1.165167;
0.201060;1.000000;0.913829;0.592575;1.118041;1.162135;
0.201080;1.000000;0.912176;0.591457;1.113352;1.159043;
0.201100;1.000000;0.910603;0.590433;1.108610;1.155884;
0.201120;1.000000;0.909126;0.589514;1.103818;1.152654;
0.201140;1.000000;0.907763;0.588711;1.098981;1.149346;
0.201160;1.000000;0.906529;0.588035;1.094105;1.145956;
0.201180;1.000000;0.905438;0.587495;1.089194;1.142478;
0.201200;1.000000;0.904505;0.587098;1.084252;1.138908;
0.201220;1.000000;0.903741;0.586851;1.079285;1.135241;
0.201240;1.000000;0.903158;0.586758;1.074295;1.131474;
0.201260;1.000000;0.902763;0.586822;1.069288;1.127601;
0.201280;1.000000;0.902565;0.587045;1.064266;1.123622;
0.201300;1.000000;0.902568;0.587426;1.059234;1.119533;
0.201320;1.000000;0.902777;0.587964;1.054194;1.115331;
0.201340;1.000000;0.903193;0.588653;1.049149;1.111016;
0.201360;1.000000;0.903814;0.589489;1.044101;1.106587;
0.201380;1.000000;0.904638;0.590463;1.039052;1.102043;
0.201400;1.000000;0.905659;0.591566;1.034003;1.097385;
0.201420;1.000000;0.906870;0.592787;1.028955;1.092613;
0.201440;1.000000;0.908260;0.594113;1.023909;1.087731;
0.201460;1.000000;0.909819;0.595530;1.018863;1.082738;
0.201480;1.000000;0.911530;0.597023;1.013818;1.077639;
0.201500;1.000000;0.913378;0.598575;1.008772;1.072437;
0.201520;1.000000;0.915345;0.600169;1.003723;1.067136;
0.201540;1.000000;0.917410;0.601786;0.998670;1.061739;
0.201560;1.000000;0.919552;0.603408;0.993610;1.056253;
0.201580;1.000000;0.921748;0.605017;0.988540;1.050682;
0.201600;1.000000;0.923975;0.606592;0.983457;1.045033;
0.201620;1.000000;0.926207;0.608117;0.978356;1.039310;
0.201640;1.000000;0.928419;0.609571;0.973234;1.033522;
0.201660;1.000000;0.930587;0.610939;0.968087;1.027673;
0.201680;1.000000;0.932684;0.612203;0.962910;1.021772;
0.201700;1.000000;0.934687;0.613347;0.957698;1.015825;
0.201720;1.000000;0.936571;0.614358;0.952446;1.009839;
0.201740;1.000000;0.938313;0.615223;0.947150;1.003820;
0.201760;1.000000;0.939893;0.615931;0.941805;0.997777;
0.201780;1.000000;0.941289;0.616472;0.936406;0.991715;
0.201800;1.000000;0.942484;0.616840;0.930948;0.985641;
0.201820;1.000000;0.943463;0.617027;0.925427;0.979561;
0.201840;1.000000;0.944211;0.617032;0.919837;0.973481;
0.201860;1.000000;0.944717;0.616852;0.914176;0.967407;
0.201880;1.000000;0.944974;0.616488;0.908440;0.961345;
0.201900;1.000000;0.944975;0.615943;0.902624;0.955297;
0.201920;1.000000;0.944717;0.615221;0.896727;0.949270;
0.201940;1.000000;0.944201;0.614328;0.890745;0.943266;
0.201960;1.000000;0.943429;0.613274;0.884677;0.937288;
0.201980;1.000000;0.942406;0.612068;0.878520;0.931339;
0.202000;1.000000;0.941142;0.610721;0.872275;0.925420;
0.202020;1.000000;0.939646;0.609248;0.865941;0.919533;
0.202040;1.000000;0.937933;0.607662;0.859518;0.913679;
0.202060;1.000000;0.936019;0.605979;0.853007;0.907855;
0.202080;1.000000;0.933921;0.604217;0.846409;0.902063;
0.202100;1.000000;0.931661;0.602393;0.839727;0.896301;
0.202120;1.000000;0.929259;0.600525;0.832964;0.890566;
0.202140;1.000000;0.926741;0.598632;0.826121;0.884855;
0.202160;1.000000;0.924131;0.596733;0.819204;0.879166;
0.202180;1.000000;0.921454;0.594849;0.812217;0.873494;
0.202200;1.000000;0.918739;0.592996;0.805164;0.867836;
0.202220;1.000000;0.916012;0.591198;0.798051;0.862186;
0.202240;1.000000;0.913302;0.589471;0.790884;0.856539;
0.202260;1.000000;0.910637;0.587833;0.783668;0.850891;
0.202280;1.000000;0.908044;0.586302;0.776411;0.845234;
0.202300;1.000000;0.905549;0.584895;0.769117;0.839564;
0.202320;1.000000;0.903180;0.583627;0.761796;0.833874;
0.202340;1.000000;0.900962;0.582512;0.754452;0.828158;
0.202360;1.000000;0.898918;0.581563;0.747094;0.822409;
0.202380;1.000000;0.897070;0.580792;0.739727;0.816623;
0.202400;1.000000;0.895439;0.580207;0.732359;0.810792;
0.202420;1.000000;0.894043;0.579818;0.724997;0.804912;
0.202440;1.000000;0.892898;0.579629;0.717646;0.798976;
0.202460;1.000000;0.892017;0.579644;0.710313;0.792979;
0.202480;1.000000;0.891413;0.579865;0.703003;0.786917;
0.202500;1.000000;0.891092;0.580293;0.695722;0.780784;
0.202520;1.000000;0.891060;0.580924;0.688475;0.774578;
0.202540;1.000000;0.891319;0.581753;0.681265;0.768295;
0.202560;1.000000;0.891870;0.582775;0.674097;0.761932;
0.202580;1.000000;0.892707;0.583979;0.666973;0.755487;
0.202600;1.000000;0.893824;0.585355;0.659896;0.748958;
0.202620;1.000000;0.895213;0.586890;0.652869;0.742344;
0.202640;1.000000;0.896858;0.588568;0.645890;0.735645;
0.202660;1.000000;0.898746;0.590374;0.638962;0.728861;
0.202680;1.000000;0.900858;0.592288;0.632084;0.721995;
0.202700;1.000000;0.903173;0.594292;0.625254;0.715046;
0.202720;1.000000;0.905668;0.596365;0.618472;0.708018;
0.202740;1.000000;0.908318;0.598485;0.611733;0.700913;
0.202760;1.000000;0.911096;0.600629;0.605035;0.693736;
0.202780;1.000000;0.913973;0.602775;0.598375;0.686490;
0.202800;1.000000;0.916919;0.604900;0.591748;0.679179;
0.202820;1.000000;0.919905;0.606981;0.585148;0.671810;
0.202840;1.000000;0.922898;0.608996;0.578571;0.664388;
0.202860;1.000000;0.925867;0.610922;0.572011;0.656918;
0.202880;1.000000;0.928781;0.612738;0.565461;0.649406;
0.202900;1.000000;0.931609;0.614425;0.558914;0.641860;
0.202920;1.000000;0.934321;0.615964;0.552364;0.634286;
0.202940;1.000000;0.936888;0.617339;0.545805;0.626690;
0.202960;1.000000;0.939282;0.618533;0.539227;0.619079;
0.202980;1.000000;0.941478;0.619535;0.532626;0.611460;
0.203000;1.000000;0.943452;0.620333;0.525992;0.603840;
0.203020;1.000000;0.945182;0.620918;0.519321;0.596224;
0.203040;1.000000;0.946650;0.621285;0.512604;0.588620;
0.203060;1.000000;0.947839;0.621428;0.505836;0.581032;
0.203080;1.000000;0.948737;0.621347;0.499009;0.573466;
0.203100;1.000000;0.949333;0.621043;0.492120;0.565928;
0.203120;1.000000;0.949620;0.620519;0.485162;0.558421;
0.203140;1.000000;0.949595;0.619780;0.478131;0.550949;
0.203160;1.000000;0.949256;0.618834;0.471023;0.543517;
0.203180;1.000000;0.948607;0.617692;0.463835;0.536127;
0.203200;1.000000;0.947653;0.616366;0.456563;0.528780;
0.203220;1.000000;0.946405;0.614870;0.449206;0.521478;
0.203240;1.000000;0.944874;0.613220;0.441763;0.514222;
0.203260;1.000000;0.943076;0.611433;0.434233;0.507012;
0.203280;1.000000;0.941028;0.609528;0.426616;0.499848;
0.203300;1.000000;0.938753;0.607524;0.418913;0.492727;
0.203320;1.000000;0.936272;0.605443;0.411127;0.485647;
0.203340;1.000000;0.933612;0.603306;0.403260;0.478606;
0.203360;1.000000;0.930799;0.601135;0.395314;0.471601;
0.203380;1.000000;0.927863;0.598953;0.387294;0.464628;
0.203400;1.000000;0.924835;0.596781;0.379205;0.457681;
0.203420;1.000000;0.921745;0.594642;0.371050;0.450756;
0.203440;1.000000;0.918625;0.592557;0.362837;0.443847;
0.203460;1.000000;0.915509;0.590549;0.354571;0.436949;
0.203480;1.000000;0.912428;0.588637;0.346259;0.430055;
0.203500;1.000000;0.909415;0.586841;0.337906;0.423158;
0.203520;1.000000;0.906501;0.585179;0.329522;0.416253;
0.203540;1.000000;0.903718;0.583669;0.321112;0.409331;
0.203560;1.000000;0.901093;0.582326;0.312684;0.402386;
0.203580;1.000000;0.898655;0.581163;0.304245;0.395412;
0.203600;1.000000;0.896430;0.580193;0.295803;0.388401;
0.203620;1.000000;0.894442;0.579427;0.287365;0.381347;
0.203640;1.000000;0.892710;0.578873;0.278938;0.374243;
0.203660;1.000000;0.891255;0.578535;0.270528;0.367083;
0.203680;1.000000;0.890091;0.578420;0.262141;0.359863;
0.203700;1.000000;0.889231;0.578528;0.253784;0.352575;
0.203720;1.000000;0.888685;0.578859;0.245461;0.345217;
0.203740;1.000000;0.888458;0.579410;0.237177;0.337782;
0.203760;1.000000;0.888554;0.580176;0.228937;0.330269;
0.203780;1.000000;0.888971;0.581150;0.220744;0.322674;
0.203800;1.000000;0.889705;0.582321;0.212601;0.314994;
0.203820;1.000000;0.890749;0.583679;0.204508;0.307228;
0.203840;1.000000;0.892093;0.585209;0.196469;0.299375;
0.203860;1.000000;0.893722;0.586896;0.188483;0.291435;
0.203880;1.000000;0.895619;0.588722;0.180549;0.283409;
0.203900;1.000000;0.897765;0.590669;0.172668;0.275297;
0.203920;1.000000;0.900137;0.592715;0.164836;0.267103;
0.203940;1.000000;0.902711;0.594840;0.157052;0.258827;
0.203960;1.000000;0.905460;0.597020;0.149312;0.250475;
0.203980;1.000000;0.908354;0.599233;0.141613;0.242050;
0.204000;1.000000;0.911364;0.601454;0.133949;0.233556;
0.204020;1.000000;0.914458;0.603660;0.126316;0.224998;
0.204040;1.000000;0.917604;0.605827;0.118707;0.216383;
0.204060;1.000000;0.920769;0.607932;0.111118;0.207716;
0.204080;1.000000;0.923921;0.609951;0.103542;0.199004;
0.204100;1.000000;0.927025;0.611864;0.095971;0.190253;
0.204120;1.000000;0.930051;0.613649;0.088400;0.181471;
0.204140;1.000000;0.932966;0.615287;0.080821;0.172664;
0.204160;1.000000;0.935740;0.616762;0.073226;0.163840;
0.204180;1.000000;0.938344;0.618057;0.065610;0.155007;
0.204200;1.000000;0.940753;0.619160;0.057965;0.146170;
0.204220;1.000000;0.942939;0.620058;0.050284;0.137337;
0.204240;1.000000;0.944883;0.620743;0.042561;0.128516;
0.204260;1.000000;0.946562;0.621209;0.034791;0.119713;
0.204280;1.000000;0.947961;0.621451;0.026966;0.110933;
0.204300;1.000000;0.949064;0.621468;0.019084;0.102183;
0.204320;1.000000;0.949862;0.621262;0.011138;0.093468;
0.204340;1.000000;0.950346;0.620835;0.003125;0.084793;
0.204360;1.000000;0.950512;0.620195;-0.004958;0.076163;
0.204380;1.000000;0.950358;0.619348;-0.013113;0.067580;
0.204400;1.000000;0.949888;0.618307;-0.021343;0.059049;
0.204420;1.000000;0.949106;0.617082;-0.029648;0.050571;
0.204440;1.000000;0.948023;0.615689;-0.038028;0.042149;
0.204460;1.000000;0.946649;0.614144;-0.046482;0.033783;
0.204480;1.000000;0.945000;0.612464;-0.055010;0.025474;
0.204500;1.000000;0.943094;0.610669;-0.063608;0.017222;
0.204520;1.000000;0.940952;0.608778;-0.072274;0.009026;
0.204540;1.000000;0.938597;0.606811;-0.081003;0.000883;
0.204560;1.000000;0.936056;0.604790;-0.089792;-0.007207;
0.204580;1.000000;0.933355;0.602738;-0.098634;-0.015249;
0.204600;1.000000;0.930523;0.600674;-0.107524;-0.023244;
0.204620;1.000000;0.927592;0.598622;-0.116456;-0.031198;
0.204640;1.000000;0.924592;0.596602;-0.125421;-0.039114;
0.204660;1.000000;0.921556;0.594636;-0.134414;-0.046997;
0.204680;1.000000;0.918516;0.592743;-0.143426;-0.054852;
0.204700;1.000000;0.915505;0.590943;-0.152449;-0.062685;
0.204720;1.000000;0.912555;0.589254;-0.161475;-0.070500;
0.204740;1.000000;0.909697;0.587694;-0.170496;-0.078304;
0.204760;1.000000;0.906961;0.586277;-0.179503;-0.086101;
0.204780;1.000000;0.904376;0.585018;-0.188487;-0.093899;
0.204800;1.000000;0.901969;0.583929;-0.197441;-0.101702;
0.204820;1.000000;0.899766;0.583021;-0.206357;-0.109515;
0.204840;1.000000;0.897788;0.582304;-0.215227;-0.117344;
0.204860;1.000000;0.896057;0.581784;-0.224044;-0.125195;
0.204880;1.000000;0.894590;0.581466;-0.232801;-0.133070;
0.204900;1.000000;0.893402;0.581354;-0.241491;-0.140975;
0.204920;1.000000;0.892503;0.581449;-0.250110;-0.148914;
0.204940;1.000000;0.891904;0.581749;-0.258652;-0.156889;
0.204960;1.000000;0.891609;0.582251;-0.267113;-0.164902;
0.204980;1.000000;0.891621;0.582950;-0.275488;-0.172958;
0.205000;1.000000;0.891938;0.583840;-0.283777;-0.181055;
0.205020;1.000000;0.892556;0.584910;-0.291976;-0.189197;
0.205040;1.000000;0.893469;0.586150;-0.300084;-0.197381;
0.205060;1.000000;0.894665;0.587546;-0.308102;-0.205610;
0.205080;1.000000;0.896132;0.589084;-0.316028;-0.213880;
0.205100;1.000000;0.897852;0.590748;-0.323866;-0.222190;
0.205120;1.000000;0.899809;0.592520;-0.331616;-0.230538;
0.205140;1.000000;0.901981;0.594381;-0.339282;-0.238921;
0.205160;1.000000;0.904345;0.596311;-0.346867;-0.247336;
0.205180;1.000000;0.906876;0.598289;-0.354376;-0.255778;
0.205200;1.000000;0.909548;0.600295;-0.361812;-0.264242;
0.205220;1.000000;0.912332;0.602306;-0.369182;-0.272724;
0.205240;1.000000;0.915200;0.604300;-0.376491;-0.281218;
0.205260;1.000000;0.918122;0.606256;-0.383746;-0.289718;
0.205280;1.000000;0.921068;0.608152;-0.390952;-0.298219;
0.205300;1.000000;0.924007;0.609968;-0.398118;-0.306713;
0.205320;1.000000;0.926909;0.611684;-0.405250;-0.315195;
0.205340;1.000000;0.929745;0.613281;-0.412356;-0.323659;
0.205360;1.000000;0.932485;0.614743;-0.419442;-0.332097;
0.205380;1.000000;0.935102;0.616053;-0.426515;-0.340503;
0.205400;1.000000;0.937568;0.617198;-0.433583;-0.348871;
0.205420;1.000000;0.939859;0.618166;-0.440652;-0.357195;
0.205440;1.000000;0.941951;0.618947;-0.447729;-0.365469;
0.205460;1.000000;0.943824;0.619533;-0.454819;-0.373688;
0.205480;1.000000;0.945459;0.619919;-0.461929;-0.381846;
0.205500;1.000000;0.946840;0.620103;-0.469063;-0.389939;
0.205520;1.000000;0.947954;0.620083;-0.476226;-0.397962;
0.205540;1.000000;0.948789;0.619861;-0.483422;-0.405913;
0.205560;1.000000;0.949339;0.619440;-0.490654;-0.413788;
0.205580;1.000000;0.949598;0.618828;-0.497924;-0.421585;
0.205600;1.000000;0.949566;0.618031;-0.505234;-0.429301;
0.205620;1.000000;0.949245;0.617061;-0.512585;-0.436937;
0.205640;1.000000;0.948638;0.615928;-0.519977;-0.444490;
0.205660;1.000000;0.947755;0.614647;-0.527411;-0.451962;
0.205680;1.000000;0.946605;0.613232;-0.534884;-0.459353;
0.205700;1.000000;0.945202;0.611699;-0.542394;-0.466665;
0.205720;1.000000;0.943562;0.610065;-0.549939;-0.473900;
0.205740;1.000000;0.941705;0.608348;-0.557516;-0.481061;
0.205760;1.000000;0.939650;0.606566;-0.565120;-0.488150;
0.205780;1.000000;0.937422;0.604737;-0.572746;-0.495173;
0.205800;1.000000;0.935043;0.602882;-0.580390;-0.502132;
0.205820;1.000000;0.932540;0.601018;-0.588045;-0.509034;
0.205840;1.000000;0.929941;0.599164;-0.595707;-0.515882;
0.205860;1.000000;0.927272;0.597339;-0.603367;-0.522683;
0.205880;1.000000;0.924562;0.595558;-0.611019;-0.529442;
0.205900;1.000000;0.921840;0.593840;-0.618657;-0.536166;
0.205920;1.000000;0.919133;0.592201;-0.626274;-0.542859;
0.205940;1.000000;0.916469;0.590654;-0.633861;-0.549530;
0.205960;1.000000;0.913875;0.589214;-0.641413;-0.556183;
0.205980;1.000000;0.911376;0.587893;-0.648922;-0.562824;
0.206000;1.000000;0.908996;0.586702;-0.656382;-0.569460;
0.206020;1.000000;0.906759;0.585651;-0.663786;-0.576097;
0.206040;1.000000;0.904684;0.584749;-0.671128;-0.582739;
0.206060;1.000000;0.902791;0.584002;-0.678402;-0.589392;
0.206080;1.000000;0.901096;0.583416;-0.685603;-0.596061;
0.206100;1.000000;0.899613;0.582994;-0.692726;-0.602750;
0.206120;1.000000;0.898354;0.582738;-0.699768;-0.609462;
0.206140;1.000000;0.897328;0.582649;-0.706724;-0.616202;
0.206160;1.000000;0.896542;0.582726;-0.713592;-0.622971;
0.206180;1.000000;0.896000;0.582965;-0.720371;-0.629772;
0.206200;1.000000;0.895703;0.583364;-0.727057;-0.636607;
0.206220;1.000000;0.895652;0.583915;-0.733652;-0.643476;
0.206240;1.000000;0.895841;0.584612;-0.740154;-0.650380;
0.206260;1.000000;0.896267;0.585446;-0.746565;-0.657318;
0.206280;1.000000;0.896920;0.586406;-0.752886;-0.664289;
0.206300;1.000000;0.897792;0.587481;-0.759120;-0.671292;
0.206320;1.000000;0.898869;0.588658;-0.765269;-0.678324;
0.206340;1.000000;0.900138;0.589924;-0.771337;-0.685382;
0.206360;1.000000;0.901582;0.591264;-0.777328;-0.692464;
0.206380;1.000000;0.903186;0.592663;-0.783247;-0.699564;
0.206400;1.000000;0.904930;0.594104;-0.789099;-0.706680;
0.206420;1.000000;0.906793;0.595572;-0.794890;-0.713805;
0.206440;1.000000;0.908756;0.597049;-0.800625;-0.720935;
0.206460;1.000000;0.910796;0.598520;-0.806312;-0.728065;
0.206480;1.000000;0.912890;0.599966;-0.811956;-0.735189;
0.206500;1.000000;0.915017;0.601373;-0.817564;-0.742301;
0.206520;1.000000;0.917152;0.602725;-0.823144;-0.749394;
0.206540;1.000000;0.919273;0.604007;-0.828701;-0.756463;
0.206560;1.000000;0.921357;0.605206;-0.834243;-0.763502;
0.206580;1.000000;0.923382;0.606308;-0.839776;-0.770505;
0.206600;1.000000;0.925326;0.607302;-0.845307;-0.777467;
0.206620;1.000000;0.927169;0.608179;-0.850842;-0.784380;
0.206640;1.000000;0.928892;0.608931;-0.856386;-0.791241;
0.206660;1.000000;0.930476;0.609550;-0.861945;-0.798043;
0.206680;1.000000;0.931905;0.610032;-0.867524;-0.804783;
0.206700;1.000000;0.933166;0.610375;-0.873126;-0.811456;
0.206720;1.000000;0.934245;0.610576;-0.878757;-0.818059;
0.206740;1.000000;0.935134;0.610637;-0.884418;-0.824587;
0.206760;1.000000;0.935823;0.610560;-0.890112;-0.831039;
0.206780;1.000000;0.936307;0.610349;-0.895842;-0.837412;
0.206800;1.000000;0.936583;0.610010;-0.901607;-0.843705;
0.206820;1.000000;0.936651;0.609550;-0.907410;-0.849916;
0.206840;1.000000;0.936513;0.608977;-0.913249;-0.856046;
0.206860;1.000000;0.936172;0.608302;-0.919123;-0.862094;
0.206880;1.000000;0.935637;0.607535;-0.925030;-0.868062;
0.206900;1.000000;0.934916;0.606688;-0.930969;-0.873950;
0.206920;1.000000;0.934019;0.605773;-0.936936;-0.879761;
0.206940;1.000000;0.932961;0.604802;-0.942928;-0.885497;
0.206960;1.000000;0.931757;0.603790;-0.948940;-0.891161;
0.206980;1.000000;0.930423;0.602748;-0.954967;-0.896757;
0.207000;1.000000;0.928976;0.601691;-0.961005;-0.902289;
0.207020;1.000000;0.927437;0.600631;-0.967048;-0.907761;
0.207040;1.000000;0.925825;0.599581;-0.973090;-0.913178;
0.207060;1.000000;0.924160;0.598552;-0.979124;-0.918544;
0.207080;1.000000;0.922463;0.597557;-0.985144;-0.923865;
0.207100;1.000000;0.920755;0.596605;-0.991143;-0.929147;
0.207120;1.000000;0.919055;0.595708;-0.997115;-0.934393;
0.207140;1.000000;0.917383;0.594874;-1.003053;-0.939611;
0.207160;1.000000;0.915758;0.594111;-1.008949;-0.944805;
0.207180;1.000000;0.914198;0.593426;-1.014798;-0.949981;
0.207200;1.000000;0.912719;0.592826;-1.020593;-0.955144;
0.207220;1.000000;0.911336;0.592316;-1.026327;-0.960299;
0.207240;1.000000;0.910063;0.591900;-1.031994;-0.965451;
0.207260;1.000000;0.908911;0.591582;-1.037590;-0.970603;
0.207280;1.000000;0.907890;0.591363;-1.043108;-0.975760;
0.207300;1.000000;0.907009;0.591244;-1.048545;-0.980926;
0.207320;1.000000;0.906275;0.591226;-1.053896;-0.986104;
0.207340;1.000000;0.905692;0.591309;-1.059156;-0.991296;
0.207360;1.000000;0.905262;0.591489;-1.064324;-0.996504;
0.207380;1.000000;0.904988;0.591765;-1.069397;-1.001730;
0.207400;1.000000;0.904870;0.592133;-1.074372;-1.006975;
0.207420;1.000000;0.904904;0.592589;-1.079249;-1.012238;
0.207440;1.000000;0.905088;0.593128;-1.084027;-1.017521;
0.207460;1.000000;0.905418;0.593742;-1.088705;-1.022822;
0.207480;1.000000;0.905888;0.594426;-1.093285;-1.028139;
0.207500;1.000000;0.906490;0.595173;-1.097767;-1.033470;
0.207520;1.000000;0.907217;0.595973;-1.102154;-1.038814;
0.207540;1.000000;0.908060;0.596818;-1.106447;-1.044166;
0.207560;1.000000;0.909010;0.597699;-1.110650;-1.049522;
0.207580;1.000000;0.910055;0.598607;-1.114765;-1.054880;
0.207600;1.000000;0.911184;0.599532;-1.118797;-1.060233;
0.207620;1.000000;0.912387;0.600462;-1.122749;-1.065578;
0.207640;1.000000;0.913650;0.601390;-1.126626;-1.070908;
0.207660;1.000000;0.914962;0.602303;-1.130433;-1.076218;
0.207680;1.000000;0.916308;0.603192;-1.134174;-1.081502;
0.207700;1.000000;0.917676;0.604048;-1.137855;-1.086755;
0.207720;1.000000;0.919053;0.604861;-1.141480;-1.091968;
0.207740;1.000000;0.920426;0.605623;-1.145056;-1.097137;
0.207760;1.000000;0.921781;0.606326;-1.148586;-1.102255;
0.207780;1.000000;0.923104;0.606961;-1.152077;-1.107316;
0.207800;1.000000;0.924385;0.607525;-1.155533;-1.112313;
0.207820;1.000000;0.925610;0.608010;-1.158959;-1.117241;
0.207840;1.000000;0.926768;0.608413;-1.162360;-1.122093;
0.207860;1.000000;0.927848;0.608730;-1.165740;-1.126865;
0.207880;1.000000;0.928841;0.608961;-1.169102;-1.131551;
0.207900;1.000000;0.929738;0.609105;-1.172451;-1.136147;
0.207920;1.000000;0.930531;0.609162;-1.175789;-1.140647;
0.207940;1.000000;0.931214;0.609134;-1.179119;-1.145049;
0.207960;1.000000;0.931783;0.609025;-1.182443;-1.149348;
0.207980;1.000000;0.932233;0.608838;-1.185764;-1.153543;
0.208000;1.000000;0.932563;0.608578;-1.189081;-1.157630;
0.208020;1.000000;0.932773;0.608253;-1.192396;-1.161609;
0.208040;1.000000;0.932864;0.607868;-1.195710;-1.165477;
0.208060;1.000000;0.932839;0.607431;-1.199020;-1.169234;
0.208080;1.000000;0.932702;0.606950;-1.202328;-1.172882;
0.208100;1.000000;0.932459;0.606434;-1.205630;-1.176419;
0.208120;1.000000;0.932119;0.605890;-1.208926;-1.179848;
0.208140;1.000000;0.931688;0.605328;-1.212212;-1.183169;
0.208160;1.000000;0.931177;0.604755;-1.215486;-1.186387;
0.208180;1.000000;0.930596;0.604181;-1.218745;-1.189503;
0.208200;1.000000;0.929957;0.603611;-1.221985;-1.192521;
0.208220;1.000000;0.929270;0.603055;-1.225202;-1.195444;
0.208240;1.000000;0.928548;0.602518;-1.228391;-1.198277;
0.208260;1.000000;0.927803;0.602006;-1.231549;-1.201025;
0.208280;1.000000;0.927047;0.601525;-1.234670;-1.203691;
0.208300;1.000000;0.926291;0.601079;-1.237750;-1.206283;
0.208320;1.000000;0.925545;0.600670;-1.240783;-1.208804;
0.208340;1.000000;0.924820;0.600303;-1.243765;-1.211260;
0.208360;1.000000;0.924126;0.599979;-1.246689;-1.213657;
0.208380;1.000000;0.923468;0.599698;-1.249553;-1.216000;
0.208400;1.000000;0.922856;0.599462;-1.252349;-1.218296;
0.208420;1.000000;0.922293;0.599269;-1.255075;-1.220549;
0.208440;1.000000;0.921785;0.599118;-1.257724;-1.222766;
0.208460;1.000000;0.921334;0.599008;-1.260293;-1.224951;
0.208480;1.000000;0.920942;0.598936;-1.262777;-1.227109;
0.208500;1.000000;0.920608;0.598899;-1.265174;-1.229245;
0.208520;1.000000;0.920333;0.598895;-1.267478;-1.231364;
0.208540;1.000000;0.920113;0.598919;-1.269688;-1.233469;
0.208560;1.000000;0.919947;0.598968;-1.271800;-1.235565;
0.208580;1.000000;0.919830;0.599039;-1.273813;-1.237654;
0.208600;1.000000;0.919758;0.599125;-1.275724;-1.239739;
0.208620;1.000000;0.919726;0.599225;-1.277533;-1.241822;
0.208640;1.000000;0.919728;0.599333;-1.279238;-1.243905;
0.208660;1.000000;0.919759;0.599445;-1.280839;-1.245990;
0.208680;1.000000;0.919814;0.599557;-1.282337;-1.248076;
0.208700;1.000000;0.919886;0.599665;-1.283731;-1.250165;
0.208720;1.000000;0.919969;0.599764;-1.285023;-1.252254;
0.208740;1.000000;0.920060;0.599852;-1.286214;-1.254345;
0.208760;1.000000;0.920151;0.599924;-1.287307;-1.256434;
0.208780;1.000000;0.920239;0.599977;-1.288303;-1.258521;
0.208800;1.000000;0.920320;0.600007;-1.289205;-1.260602;
0.208820;1.000000;0.920388;0.600012;-1.290017;-1.262674;
0.208840;1.000000;0.920442;0.599990;-1.290742;-1.264735;
0.208860;1.000000;0.920476;0.599937;-1.291383;-1.266780;
0.208880;1.000000;0.920490;0.599852;-1.291945;-1.268806;
0.208900;1.000000;0.920480;0.599734;-1.292432;-1.270807;
0.208920;1.000000;0.920445;0.599582;-1.292848;-1.272780;
0.208940;1.000000;0.920382;0.599395;-1.293198;-1.274719;
0.208960;1.000000;0.920292;0.599174;-1.293487;-1.276620;
0.208980;1.000000;0.920173;0.598919;-1.293718;-1.278476;
0.209000;1.000000;0.920024;0.598631;-1.293898;-1.280284;
0.209020;1.000000;0.919846;0.598314;-1.294030;-1.282037;
0.209040;1.000000;0.919638;0.597969;-1.294120;-1.283731;
0.209060;1.000000;0.919402;0.597600;-1.294172;-1.285360;
0.209080;1.000000;0.919139;0.597211;-1.294190;-1.286919;
0.209100;1.000000;0.918850;0.596806;-1.294179;-1.288405;
0.209120;1.000000;0.918537;0.596391;-1.294143;-1.289811;
0.209140;1.000000;0.918202;0.595971;-1.294085;-1.291134;
0.209160;1.000000;0.917849;0.595553;-1.294009;-1.292370;
0.209180;1.000000;0.917482;0.595143;-1.293919;-1.293515;
0.209200;1.000000;0.917103;0.594748;-1.293817;-1.294567;
0.209220;1.000000;0.916719;0.594374;-1.293705;-1.295522;
0.209240;1.000000;0.916334;0.594028;-1.293587;-1.296378;
0.209260;1.000000;0.915953;0.593718;-1.293464;-1.297135;
0.209280;1.000000;0.915583;0.593449;-1.293337;-1.297789;
0.209300;1.000000;0.915231;0.593228;-1.293208;-1.298341;
0.209320;1.000000;0.914903;0.593061;-1.293076;-1.298791;
0.209340;1.000000;0.914606;0.592952;-1.292943;-1.299138;
0.209360;1.000000;0.914346;0.592906;-1.292808;-1.299383;
0.209380;1.000000;0.914131;0.592926;-1.292671;-1.299529;
0.209400;1.000000;0.913967;0.593015;-1.292530;-1.299577;
0.209420;1.000000;0.913860;0.593174;-1.292385;-1.299529;
0.209440;1.000000;0.913816;0.593403;-1.292233;-1.299387;
0.209460;1.000000;0.913839;0.593703;-1.292073;-1.299157;
0.209480;1.000000;0.913933;0.594070;-1.291902;-1.298840;
0.209500;1.000000;0.914101;0.594503;-1.291718;-1.298442;
0.209520;1.000000;0.914344;0.594997;-1.291518;-1.297967;
0.209540;1.000000;0.914663;0.595548;-1.291298;-1.297419;
0.209560;1.000000;0.915056;0.596149;-1.291056;-1.296804;
0.209580;1.000000;0.915522;0.596794;-1.290788;-1.296127;
0.209600;1.000000;0.916056;0.597475;-1.290489;-1.295393;
0.209620;1.000000;0.916652;0.598185;-1.290157;-1.294608;
0.209640;1.000000;0.917305;0.598914;-1.289788;-1.293777;
0.209660;1.000000;0.918006;0.599654;-1.289377;-1.292907;
0.209680;1.000000;0.918746;0.600395;-1.288920;-1.292003;
0.209700;1.000000;0.919515;0.601129;-1.288415;-1.291070;
0.209720;1.000000;0.920302;0.601845;-1.287856;-1.290113;
0.209740;1.000000;0.921096;0.602536;-1.287240;-1.289139;
0.209760;1.000000;0.921884;0.603191;-1.286563;-1.288152;
0.209780;1.000000;0.922655;0.603804;-1.285822;-1.287157;
0.209800;1.000000;0.923396;0.604365;-1.285014;-1.286158;
0.209820;1.000000;0.924096;0.604868;-1.284136;-1.285160;
0.209840;1.000000;0.924742;0.605307;-1.283184;-1.284165;
0.209860;1.000000;0.925325;0.605676;-1.282155;-1.283177;
0.209880;1.000000;0.925833;0.605969;-1.281049;-1.282199;
0.209900;1.000000;0.926259;0.606184;-1.279862;-1.281233;
0.209920;1.000000;0.926594;0.606317;-1.278594;-1.280281;
0.209940;1.000000;0.926832;0.606366;-1.277242;-1.279344;
0.209960;1.000000;0.926967;0.606329;-1.275806;-1.278422;
0.209980;1.000000;0.926996;0.606208;-1.274284;-1.277516;
0.210000;1.000000;0.926916;0.606002;-1.272678;-1.276625;
0.210020;1.000000;0.926728;0.605713;-1.270986;-1.275748;
0.210040;1.000000;0.926430;0.605344;-1.269210;-1.274884;
0.210060;1.000000;0.926027;0.604898;-1.267350;-1.274030;
0.210080;1.000000;0.925520;0.604379;-1.265407;-1.273184;
0.210100;1.000000;0.924916;0.603793;-1.263383;-1.272342;
0.210120;1.000000;0.924219;0.603146;-1.261280;-1.271501;
0.210140;1.000000;0.923439;0.602443;-1.259100;-1.270658;
0.210160;1.000000;0.922582;0.601693;-1.256845;-1.269806;
0.210180;1.000000;0.921658;0.600904;-1.254518;-1.268942;
0.210200;1.000000;0.920677;0.600083;-1.252123;-1.268061;
0.210220;1.000000;0.919650;0.599240;-1.249662;-1.267156;
0.210240;1.000000;0.918588;0.598384;-1.247139;-1.266223;
0.210260;1.000000;0.917503;0.597525;-1.244557;-1.265255;
0.210280;1.000000;0.916406;0.596673;-1.241920;-1.264246;
0.210300;1.000000;0.915311;0.595838;-1.239232;-1.263190;
0.210320;1.000000;0.914229;0.595032;-1.236497;-1.262082;
0.210340;1.000000;0.913174;0.594263;-1.233719;-1.260915;
0.210360;1.000000;0.912156;0.593543;-1.230902;-1.259683;
0.210380;1.000000;0.911190;0.592882;-1.228049;-1.258379;
0.210400;1.000000;0.910286;0.592289;-1.225165;-1.257000;
0.210420;1.000000;0.909456;0.591773;-1.222253;-1.255539;
0.210440;1.000000;0.908712;0.591344;-1.219316;-1.253990;
0.210460;1.000000;0.908064;0.591009;-1.216358;-1.252350;
0.210480;1.000000;0.907522;0.590775;-1.213382;-1.250613;
0.210500;1.000000;0.907097;0.590648;-1.210391;-1.248776;
0.210520;1.000000;0.906795;0.590633;-1.207387;-1.246836;
0.210540;1.000000;0.906625;0.590734;-1.204373;-1.244788;
0.210560;1.000000;0.906593;0.590953;-1.201350;-1.242631;
0.210580;1.000000;0.906705;0.591292;-1.198320;-1.240363;
0.210600;1.000000;0.906964;0.591749;-1.195284;-1.237982;
0.210620;1.000000;0.907373;0.592324;-1.192244;-1.235488;
0.210640;1.000000;0.907933;0.593011;-1.189198;-1.232880;
0.210660;1.000000;0.908643;0.593808;-1.186148;-1.230158;
0.210680;1.000000;0.909501;0.594706;-1.183092;-1.227324;
0.210700;1.000000;0.910503;0.595698;-1.180030;-1.224379;
0.210720;1.000000;0.911642;0.596775;-1.176960;-1.221325;
0.210740;1.000000;0.912912;0.597926;-1.173881;-1.218164;
0.210760;1.000000;0.914302;0.599139;-1.170789;-1.214901;
0.210780;1.000000;0.915800;0.600402;-1.167684;-1.211538;
0.210800;1.000000;0.917395;0.601700;-1.164561;-1.208079;
0.210820;1.000000;0.919071;0.603019;-1.161418;-1.204530;
0.210840;1.000000;0.920811;0.604345;-1.158251;-1.200895;
0.210860;1.000000;0.922600;0.605662;-1.155055;-1.197178;
0.210880;1.000000;0.924417;0.606955;-1.151827;-1.193387;
0.210900;1.000000;0.926243;0.608207;-1.148562;-1.189526;
0.210920;1.000000;0.928059;0.609405;-1.145255;-1.185601;
0.210940;1.000000;0.929843;0.610533;-1.141902;-1.181619;
0.210960;1.000000;0.931576;0.611578;-1.138499;-1.177586;
0.210980;1.000000;0.933237;0.612525;-1.135039;-1.173507;
0.211000;1.000000;0.934806;0.613364;-1.131518;-1.169389;
0.211020;1.000000;0.936263;0.614083;-1.127931;-1.165238;
0.211040;1.000000;0.937591;0.614672;-1.124273;-1.161059;
0.211060;1.000000;0.938772;0.615123;-1.120540;-1.156859;
0.211080;1.000000;0.939791;0.615429;-1.116728;-1.152641;
0.211100;1.000000;0.940634;0.615586;-1.112831;-1.148413;
0.211120;1.000000;0.941289;0.615589;-1.108846;-1.144177;
0.211140;1.000000;0.941746;0.615436;-1.104769;-1.139938;
0.211160;1.000000;0.941997;0.615128;-1.100597;-1.135699;
0.211180;1.000000;0.942037;0.614665;-1.096328;-1.131465;
0.211200;1.000000;0.941862;0.614051;-1.091958;-1.127238;
0.211220;1.000000;0.941472;0.613291;-1.087485;-1.123019;
0.211240;1.000000;0.940869;0.612390;-1.082908;-1.118810;
0.211260;1.000000;0.940056;0.611358;-1.078227;-1.114612;
0.211280;1.000000;0.939040;0.610202;-1.073440;-1.110425;
0.211300;1.000000;0.937829;0.608933;-1.068548;-1.106250;
0.211320;1.000000;0.936435;0.607564;-1.063551;-1.102085;
0.211340;1.000000;0.934870;0.606106;-1.058450;-1.097928;
0.211360;1.000000;0.933149;0.604575;-1.053248;-1.093778;
0.211380;1.000000;0.931288;0.602983;-1.047946;-1.089632;
0.211400;1.000000;0.929306;0.601348;-1.042548;-1.085486;
0.211420;1.000000;0.927222;0.599683;-1.037056;-1.081338;
0.211440;1.000000;0.925055;0.598007;-1.031476;-1.077182;
0.211460;1.000000;0.922829;0.596335;-1.025809;-1.073014;
0.211480;1.000000;0.920564;0.594685;-1.020063;-1.068830;
0.211500;1.000000;0.918284;0.593072;-1.014241;-1.064624;
0.211520;1.000000;0.916012;0.591514;-1.008350;-1.060390;
0.211540;1.000000;0.913770;0.590026;-1.002394;-1.056122;
0.211560;1.000000;0.911583;0.588625;-0.996381;-1.051816;
0.211580;1.000000;0.909471;0.587325;-0.990315;-1.047463;
0.211600;1.000000;0.907458;0.586140;-0.984205;-1.043060;
0.211620;1.000000;0.905564;0.585084;-0.978055;-1.038599;
0.211640;1.000000;0.903810;0.584169;-0.971872;-1.034075;
0.211660;1.000000;0.902215;0.583405;-0.965664;-1.029481;
0.211680;1.000000;0.900796;0.582802;-0.959436;-1.024814;
0.211700;1.000000;0.899569;0.582368;-0.953194;-1.020066;
0.211720;1.000000;0.898550;0.582110;-0.946944;-1.015234;
0.211740;1.000000;0.897749;0.582030;-0.940692;-1.010312;
0.211760;1.000000;0.897178;0.582134;-0.934443;-1.005298;
0.211780;1.000000;0.896844;0.582420;-0.928203;-1.000187;
0.211800;1.000000;0.896754;0.582888;-0.921975;-0.994976;
0.211820;1.000000;0.896911;0.583534;-0.915764;-0.989664;
0.211840;1.000000;0.897315;0.584354;-0.909573;-0.984248;
0.211860;1.000000;0.897965;0.585341;-0.903405;-0.978728;
0.211880;1.000000;0.898857;0.586484;-0.897263;-0.973102;
0.211900;1.000000;0.899983;0.587774;-0.891149;-0.967371;
0.211920;1.000000;0.901334;0.589198;-0.885062;-0.961537;
0.211940;1.000000;0.902898;0.590740;-0.879005;-0.955600;
0.211960;1.000000;0.904661;0.592387;-0.872976;-0.949563;
0.211980;1.000000;0.906604;0.594119;-0.866976;-0.943429;
0.212000;1.000000;0.908709;0.595919;-0.861002;-0.937202;
0.212020;1.000000;0.910956;0.597768;-0.855053;-0.930885;
0.212040;1.000000;0.913320;0.599646;-0.849126;-0.924483;
0.212060;1.000000;0.915777;0.601531;-0.843218;-0.918003;
0.212080;1.000000;0.918302;0.603404;-0.837324;-0.911449;
0.212100;1.000000;0.920867;0.605244;-0.831442;-0.904828;
0.212120;1.000000;0.923445;0.607030;-0.825566;-0.898146;
0.212140;1.000000;0.926008;0.608742;-0.819691;-0.891410;
0.212160;1.000000;0.928527;0.610361;-0.813812;-0.884628;
0.212180;1.000000;0.930976;0.611868;-0.807924;-0.877807;
0.212200;1.000000;0.933326;0.613247;-0.802019;-0.870955;
0.212220;1.000000;0.935551;0.614482;-0.796093;-0.864078;
0.212240;1.000000;0.937625;0.615559;-0.790139;-0.857185;
0.212260;1.000000;0.939527;0.616465;-0.784150;-0.850282;
0.212280;1.000000;0.941232;0.617190;-0.778122;-0.843378;
0.212300;1.000000;0.942722;0.617726;-0.772048;-0.836479;
0.212320;1.000000;0.943979;0.618066;-0.765922;-0.829592;
0.212340;1.000000;0.944987;0.618207;-0.759739;-0.822723;
0.212360;1.000000;0.945735;0.618145;-0.753493;-0.815878;
0.212380;1.000000;0.946212;0.617882;-0.747180;-0.809063;
0.212400;1.000000;0.946411;0.617420;-0.740795;-0.802282;
0.212420;1.000000;0.946330;0.616764;-0.734335;-0.795540;
0.212440;1.000000;0.945966;0.615920;-0.727797;-0.788840;
0.212460;1.000000;0.945323;0.614897;-0.721177;-0.782185;
0.212480;1.000000;0.944405;0.613705;-0.714473;-0.775578;
0.212500;1.000000;0.943221;0.612357;-0.707685;-0.769020;
0.212520;1.000000;0.941782;0.610867;-0.700811;-0.762512;
0.212540;1.000000;0.940102;0.609251;-0.693852;-0.756054;
0.212560;1.000000;0.938197;0.607524;-0.686807;-0.749646;
0.212580;1.000000;0.936086;0.605706;-0.679679;-0.743285;
0.212600;1.000000;0.933790;0.603814;-0.672469;-0.736970;
0.212620;1.000000;0.931333;0.601869;-0.665181;-0.730698;
0.212640;1.000000;0.928740;0.599890;-0.657817;-0.724465;
0.212660;1.000000;0.926036;0.597898;-0.650381;-0.718268;
0.212680;1.000000;0.923250;0.595914;-0.642879;-0.712100;
0.212700;1.000000;0.920411;0.593957;-0.635315;-0.705959;
0.212720;1.000000;0.917548;0.592049;-0.627696;-0.699836;
0.212740;1.000000;0.914690;0.590210;-0.620026;-0.693727;
0.212760;1.000000;0.911868;0.588457;-0.612313;-0.687624;
0.212780;1.000000;0.909111;0.586811;-0.604563;-0.681521;
0.212800;1.000000;0.906449;0.585288;-0.596783;-0.675411;
0.212820;1.000000;0.903908;0.583905;-0.588981;-0.669287;
0.212840;1.000000;0.901518;0.582676;-0.581163;-0.663141;
0.212860;1.000000;0.899302;0.581616;-0.573338;-0.656965;
0.212880;1.000000;0.897286;0.580735;-0.565512;-0.650754;
0.212900;1.000000;0.895491;0.580045;-0.557691;-0.644499;
0.212920;1.000000;0.893937;0.579553;-0.549884;-0.638194;
0.212940;1.000000;0.892641;0.579266;-0.542097;-0.631833;
0.212960;1.000000;0.891618;0.579188;-0.534335;-0.625409;
0.212980;1.000000;0.890880;0.579321;-0.526605;-0.618916;
0.213000;1.000000;0.890436;0.579665;-0.518911;-0.612350;
0.213020;1.000000;0.890292;0.580217;-0.511259;-0.605706;
0.213040;1.000000;0.890451;0.580974;-0.503652;-0.598979;
0.213060;1.000000;0.890913;0.581927;-0.496093;-0.592167;
0.213080;1.000000;0.891673;0.583070;-0.488586;-0.585266;
0.213100;1.000000;0.892727;0.584390;-0.481133;-0.578275;
0.213120;1.000000;0.894062;0.585874;-0.473733;-0.571192;
0.213140;1.000000;0.895667;0.587509;-0.466389;-0.564017;
0.213160;1.000000;0.897526;0.589276;-0.459099;-0.556750;
0.213180;1.000000;0.899620;0.591158;-0.451863;-0.549392;
0.213200;1.000000;0.901929;0.593136;-0.444677;-0.541945;
0.213220;1.000000;0.904427;0.595188;-0.437540;-0.534410;
0.213240;1.000000;0.907091;0.597292;-0.430449;-0.526792;
0.213260;1.000000;0.909892;0.599427;-0.423398;-0.519094;
0.213280;1.000000;0.912802;0.601569;-0.416383;-0.511319;
0.213300;1.000000;0.915790;0.603695;-0.409399;-0.503474;
0.213320;1.000000;0.918825;0.605782;-0.402440;-0.495564;
0.213340;1.000000;0.921875;0.607807;-0.395499;-0.487594;
0.213360;1.000000;0.924909;0.609748;-0.388569;-0.479571;
0.213380;1.000000;0.927894;0.611583;-0.381644;-0.471501;
0.213400;1.000000;0.930799;0.613293;-0.374715;-0.463392;
0.213420;1.000000;0.933593;0.614858;-0.367774;-0.455250;
0.213440;1.000000;0.936247;0.616262;-0.360815;-0.447083;
0.213460;1.000000;0.938732;0.617488;-0.353830;-0.438897;
0.213480;1.000000;0.941023;0.618523;-0.346810;-0.430701;
0.213500;1.000000;0.943094;0.619357;-0.339747;-0.422501;
0.213520;1.000000;0.944924;0.619979;-0.332636;-0.414303;
0.213540;1.000000;0.946493;0.620384;-0.325468;-0.406115;
0.213560;1.000000;0.947784;0.620567;-0.318237;-0.397942;
0.213580;1.000000;0.948784;0.620526;-0.310936;-0.389791;
0.213600;1.000000;0.949481;0.620262;-0.303561;-0.381666;
0.213620;1.000000;0.949867;0.619778;-0.296106;-0.373573;
0.213640;1.000000;0.949938;0.619080;-0.288567;-0.365516;
0.213660;1.000000;0.949693;0.618175;-0.280939;-0.357498;
0.213680;1.000000;0.949134;0.617074;-0.273222;-0.349523;
0.213700;1.000000;0.948265;0.615788;-0.265411;-0.341592;
0.213720;1.000000;0.947097;0.614331;-0.257506;-0.333707;
0.213740;1.000000;0.945640;0.612720;-0.249507;-0.325870;
0.213760;1.000000;0.943909;0.610972;-0.241414;-0.318079;
0.213780;1.000000;0.941923;0.609105;-0.233228;-0.310335;
0.213800;1.000000;0.939701;0.607139;-0.224952;-0.302635;
0.213820;1.000000;0.937267;0.605095;-0.216588;-0.294979;
0.213840;1.000000;0.934645;0.602994;-0.208140;-0.287363;
0.213860;1.000000;0.931863;0.600858;-0.199613;-0.279785;
0.213880;1.000000;0.928949;0.598710;-0.191011;-0.272239;
0.213900;1.000000;0.925935;0.596571;-0.182341;-0.264721;
0.213920;1.000000;0.922851;0.594463;-0.173609;-0.257227;
0.213940;1.000000;0.919730;0.592409;-0.164822;-0.249751;
0.213960;1.000000;0.916604;0.590428;-0.155988;-0.242287;
0.213980;1.000000;0.913506;0.588542;-0.147114;-0.234829;
0.214000;1.000000;0.910468;0.586769;-0.138208;-0.227371;
0.214020;1.000000;0.907522;0.585128;-0.129279;-0.219905;
0.214040;1.000000;0.904699;0.583634;-0.120336;-0.212426;
0.214060;1.000000;0.902028;0.582305;-0.111386;-0.204927;
0.214080;1.000000;0.899539;0.581152;-0.102438;-0.197401;
0.214100;1.000000;0.897255;0.580188;-0.093501;-0.189841;
0.214120;1.000000;0.895203;0.579423;-0.084582;-0.182243;
0.214140;1.000000;0.893402;0.578865;-0.075690;-0.174599;
0.214160;1.000000;0.891872;0.578521;-0.066831;-0.166903;
0.214180;1.000000;0.890629;0.578393;-0.058013;-0.159152;
0.214200;1.000000;0.889685;0.578484;-0.049241;-0.151341;
0.214220;1.000000;0.889051;0.578793;-0.040523;-0.143464;
0.214240;1.000000;0.888733;0.579318;-0.031862;-0.135520;
0.214260;1.000000;0.888734;0.580053;-0.023263;-0.127504;
0.214280;1.000000;0.889054;0.580992;-0.014729;-0.119415;
0.214300;1.000000;0.889689;0.582126;-0.006265;-0.111252;
0.214320;1.000000;0.890633;0.583443;0.002129;-0.103013;
0.214340;1.000000;0.891875;0.584930;0.010452;-0.094700;
0.214360;1.000000;0.893403;0.586572;0.018702;-0.086311;
0.214380;1.000000;0.895200;0.588353;0.026881;-0.077850;
0.214400;1.000000;0.897247;0.590254;0.034990;-0.069317;
0.214420;1.000000;0.899524;0.592255;0.043031;-0.060718;
0.214440;1.000000;0.902006;0.594336;0.051006;-0.052054;
0.214460;1.000000;0.904667;0.596475;0.058921;-0.043330;
0.214480;1.000000;0.907480;0.598649;0.066778;-0.034551;
0.214500;1.000000;0.910416;0.600836;0.074583;-0.025723;
0.214520;1.000000;0.913444;0.603013;0.082341;-0.016852;
0.214540;1.000000;0.916533;0.605156;0.090059;-0.007943;
0.214560;1.000000;0.919652;0.607243;0.097742;0.000995;
0.214580;1.000000;0.922768;0.609252;0.105399;0.009956;
0.214600;1.000000;0.925849;0.611162;0.113035;0.018933;
0.214620;1.000000;0.928865;0.612952;0.120658;0.027918;
0.214640;1.000000;0.931785;0.614605;0.128275;0.036903;
0.214660;1.000000;0.934578;0.616103;0.135894;0.045881;
0.214680;1.000000;0.937217;0.617430;0.143522;0.054844;
0.214700;1.000000;0.939675;0.618574;0.151166;0.063785;
0.214720;1.000000;0.941928;0.619523;0.158833;0.072697;
0.214740;1.000000;0.943954;0.620268;0.166528;0.081571;
0.214760;1.000000;0.945732;0.620804;0.174259;0.090403;
0.214780;1.000000;0.947244;0.621125;0.182031;0.099185;
0.214800;1.000000;0.948478;0.621229;0.189849;0.107913;
0.214820;1.000000;0.949421;0.621119;0.197716;0.116581;
0.214840;1.000000;0.950065;0.620795;0.205637;0.125184;
0.214860;1.000000;0.950405;0.620265;0.213614;0.133719;
0.214880;1.000000;0.950438;0.619535;0.221651;0.142182;
0.214900;1.000000;0.950166;0.618616;0.229747;0.150571;
0.214920;1.000000;0.949594;0.617518;0.237903;0.158884;
0.214940;1.000000;0.948729;0.616255;0.246120;0.167120;
0.214960;1.000000;0.947582;0.614843;0.254396;0.175279;
0.214980;1.000000;0.946167;0.613297;0.262729;0.183360;
0.215000;1.000000;0.944499;0.611636;0.271115;0.191366;
0.215020;1.000000;0.942599;0.609878;0.279553;0.199298;
0.215040;1.000000;0.940488;0.608042;0.288037;0.207159;
0.215060;1.000000;0.938190;0.606148;0.296561;0.214951;
0.215080;1.000000;0.935729;0.604217;0.305122;0.222679;
0.215100;1.000000;0.933134;0.602268;0.313712;0.230346;
0.215120;1.000000;0.930432;0.600323;0.322324;0.237958;
0.215140;1.000000;0.927653;0.598400;0.330951;0.245519;
0.215160;1.000000;0.924827;0.596519;0.339586;0.253036;
0.215180;1.000000;0.921985;0.594700;0.348220;0.260514;
0.215200;1.000000;0.919157;0.592959;0.356845;0.267959;
0.215220;1.000000;0.916372;0.591314;0.365454;0.275378;
0.215240;1.000000;0.913660;0.589781;0.374037;0.282777;
0.215260;1.000000;0.911050;0.588373;0.382587;0.290163;
0.215280;1.000000;0.908567;0.587105;0.391095;0.297541;
0.215300;1.000000;0.906237;0.585988;0.399554;0.304919;
0.215320;1.000000;0.904084;0.585031;0.407955;0.312301;
0.215340;1.000000;0.902129;0.584244;0.416292;0.319694;
0.215360;1.000000;0.900390;0.583632;0.424558;0.327103;
0.215380;1.000000;0.898885;0.583202;0.432746;0.334533;
0.215400;1.000000;0.897627;0.582955;0.440852;0.341989;
0.215420;1.000000;0.896628;0.582893;0.448870;0.349474;
0.215440;1.000000;0.895895;0.583016;0.456796;0.356992;
0.215460;1.000000;0.895434;0.583321;0.464626;0.364546;
0.215480;1.000000;0.895248;0.583804;0.472359;0.372137;
0.215500;1.000000;0.895337;0.584458;0.479991;0.379768;
0.215520;1.000000;0.895696;0.585275;0.487523;0.387439;
0.215540;1.000000;0.896321;0.586247;0.494953;0.395150;
0.215560;1.000000;0.897202;0.587361;0.502284;0.402901;
0.215580;1.000000;0.898328;0.588605;0.509515;0.410691;
0.215600;1.000000;0.899686;0.589964;0.516651;0.418517;
0.215620;1.000000;0.901260;0.591423;0.523693;0.426377;
0.215640;1.000000;0.903031;0.592966;0.530646;0.434268;
0.215660;1.000000;0.904980;0.594575;0.537513;0.442186;
0.215680;1.000000;0.907085;0.596231;0.544302;0.450127;
0.215700;1.000000;0.909323;0.597916;0.551017;0.458085;
0.215720;1.000000;0.911668;0.599611;0.557664;0.466057;
0.215740;1.000000;0.914097;0.601295;0.564251;0.474035;
0.215760;1.000000;0.916582;0.602951;0.570785;0.482014;
0.215780;1.000000;0.919098;0.604559;0.577272;0.489988;
0.215800;1.000000;0.921616;0.606100;0.583721;0.497950;
0.215820;1.000000;0.924110;0.607559;0.590140;0.505895;
0.215840;1.000000;0.926553;0.608917;0.596536;0.513815;
0.215860;1.000000;0.928920;0.610159;0.602918;0.521703;
0.215880;1.000000;0.931185;0.611273;0.609292;0.529554;
0.215900;1.000000;0.933325;0.612246;0.615666;0.537361;
0.215920;1.000000;0.935316;0.613067;0.622047;0.545119;
0.215940;1.000000;0.937138;0.613729;0.628442;0.552821;
0.215960;1.000000;0.938771;0.614223;0.634857;0.560462;
0.215980;1.000000;0.940200;0.614547;0.641298;0.568037;
0.216000;1.000000;0.941408;0.614697;0.647770;0.575543;
0.216020;1.000000;0.942383;0.614674;0.654278;0.582975;
0.216040;1.000000;0.943117;0.614478;0.660824;0.590329;
0.216060;1.000000;0.943601;0.614114;0.667414;0.597604;
0.216080;1.000000;0.943831;0.613587;0.674047;0.604797;
0.216100;1.000000;0.943807;0.612904;0.680728;0.611907;
0.216120;1.000000;0.943529;0.612076;0.687455;0.618933;
0.216140;1.000000;0.943001;0.611112;0.694229;0.625876;
0.216160;1.000000;0.942230;0.610025;0.701049;0.632735;
0.216180;1.000000;0.941227;0.608828;0.707913;0.639513;
0.216200;1.000000;0.940003;0.607535;0.714820;0.646211;
0.216220;1.000000;0.938572;0.606161;0.721765;0.652833;
0.216240;1.000000;0.936951;0.604722;0.728745;0.659380;
0.216260;1.000000;0.935160;0.603233;0.735756;0.665858;
0.216280;1.000000;0.933218;0.601712;0.742792;0.672271;
0.216300;1.000000;0.931147;0.600174;0.749848;0.678623;
0.216320;1.000000;0.928971;0.598636;0.756918;0.684919;
0.216340;1.000000;0.926713;0.597112;0.763995;0.691166;
0.216360;1.000000;0.924398;0.595619;0.771072;0.697369;
0.216380;1.000000;0.922051;0.594172;0.778142;0.703535;
0.216400;1.000000;0.919697;0.592783;0.785198;0.709669;
0.216420;1.000000;0.917360;0.591467;0.792232;0.715778;
0.216440;1.000000;0.915065;0.590235;0.799238;0.721869;
0.216460;1.000000;0.912835;0.589098;0.806207;0.727948;
0.216480;1.000000;0.910691;0.588066;0.813132;0.734021;
0.216500;1.000000;0.908654;0.587149;0.820007;0.740094;
0.216520;1.000000;0.906744;0.586353;0.826825;0.746174;
0.216540;1.000000;0.904978;0.585685;0.833578;0.752265;
0.216560;1.000000;0.903370;0.585150;0.840263;0.758372;
0.216580;1.000000;0.901936;0.584753;0.846872;0.764501;
0.216600;1.000000;0.900686;0.584494;0.853402;0.770655;
0.216620;1.000000;0.899629;0.584376;0.859847;0.776838;
0.216640;1.000000;0.898773;0.584398;0.866205;0.783054;
0.216660;1.000000;0.898123;0.584558;0.872472;0.789303;
0.216680;1.000000;0.897682;0.584855;0.878646;0.795589;
0.216700;1.000000;0.897449;0.585283;0.884725;0.801912;
0.216720;1.000000;0.897425;0.585838;0.890710;0.808273;
0.216740;1.000000;0.897605;0.586513;0.896599;0.814671;
0.216760;1.000000;0.897985;0.587300;0.902394;0.821105;
0.216780;1.000000;0.898558;0.588191;0.908095;0.827574;
0.216800;1.000000;0.899314;0.589175;0.913705;0.834076;
0.216820;1.000000;0.900244;0.590242;0.919227;0.840607;
0.216840;1.000000;0.901336;0.591382;0.924664;0.847164;
0.216860;1.000000;0.902577;0.592580;0.930020;0.853743;
0.216880;1.000000;0.903953;0.593825;0.935299;0.860338;
0.216900;1.000000;0.905448;0.595103;0.940507;0.866946;
0.216920;1.000000;0.907046;0.596400;0.945649;0.873560;
0.216940;1.000000;0.908730;0.597703;0.950730;0.880175;
0.216960;1.000000;0.910482;0.598998;0.955758;0.886783;
0.216980;1.000000;0.912284;0.600272;0.960737;0.893379;
0.217000;1.000000;0.914117;0.601511;0.965675;0.899956;
0.217020;1.000000;0.915962;0.602702;0.970577;0.906508;
0.217040;1.000000;0.917802;0.603834;0.975451;0.913026;
0.217060;1.000000;0.919616;0.604895;0.980303;0.919504;
0.217080;1.000000;0.921388;0.605875;0.985140;0.925937;
0.217100;1.000000;0.923099;0.606766;0.989966;0.932316;
0.217120;1.000000;0.924733;0.607559;0.994788;0.938636;
0.217140;1.000000;0.926273;0.608247;0.999611;0.944890;
0.217160;1.000000;0.927706;0.608827;1.004441;0.951074;
0.217180;1.000000;0.929018;0.609294;1.009282;0.957180;
0.217200;1.000000;0.930196;0.609647;1.014137;0.963206;
0.217220;1.000000;0.931232;0.609885;1.019011;0.969146;
0.217240;1.000000;0.932116;0.610009;1.023905;0.974996;
0.217260;1.000000;0.932842;0.610022;1.028823;0.980754;
0.217280;1.000000;0.933406;0.609927;1.033765;0.986416;
0.217300;1.000000;0.933804;0.609730;1.038733;0.991981;
0.217320;1.000000;0.934037;0.609437;1.043726;0.997448;
0.217340;1.000000;0.934106;0.609056;1.048745;1.002815;
0.217360;1.000000;0.934015;0.608595;1.053787;1.008083;
0.217380;1.000000;0.933770;0.608063;1.058852;1.013252;
0.217400;1.000000;0.933377;0.607470;1.063936;1.018323;
0.217420;1.000000;0.932847;0.606826;1.069036;1.023299;
0.217440;1.000000;0.932190;0.606142;1.074149;1.028182;
0.217460;1.000000;0.931419;0.605427;1.079270;1.032975;
0.217480;1.000000;0.930547;0.604693;1.084395;1.037682;
0.217500;1.000000;0.929588;0.603950;1.089517;1.042306;
0.217520;1.000000;0.928558;0.603206;1.094632;1.046852;
0.217540;1.000000;0.927472;0.602473;1.099734;1.051325;
0.217560;1.000000;0.926348;0.601759;1.104815;1.055730;
0.217580;1.000000;0.925200;0.601072;1.109870;1.060073;
0.217600;1.000000;0.924044;0.600419;1.114892;1.064359;
0.217620;1.000000;0.922896;0.599808;1.119874;1.068594;
0.217640;1.000000;0.921771;0.599244;1.124809;1.072784;
0.217660;1.000000;0.920682;0.598733;1.129690;1.076934;
0.217680;1.000000;0.919642;0.598278;1.134511;1.081051;
0.217700;1.000000;0.918662;0.597883;1.139266;1.085141;
0.217720;1.000000;0.917752;0.597550;1.143947;1.089208;
0.217740;1.000000;0.916922;0.597282;1.148550;1.093259;
0.217760;1.000000;0.916179;0.597079;1.153068;1.097297;
0.217780;1.000000;0.915528;0.596941;1.157496;1.101328;
0.217800;1.000000;0.914974;0.596868;1.161830;1.105356;
0.217820;1.000000;0.914519;0.596858;1.166065;1.109385;
0.217840;1.000000;0.914166;0.596910;1.170198;1.113417;
0.217860;1.000000;0.913914;0.597021;1.174225;1.117456;
0.217880;1.000000;0.913762;0.597188;1.178145;1.121504;
0.217900;1.000000;0.913709;0.597408;1.181954;1.125562;
0.217920;1.000000;0.913751;0.597675;1.185652;1.129631;
0.217940;1.000000;0.913884;0.597987;1.189237;1.133712;
0.217960;1.000000;0.914103;0.598337;1.192711;1.137804;
0.217980;1.000000;0.914404;0.598721;1.196073;1.141906;
0.218000;1.000000;0.914779;0.599133;1.199324;1.146017;
0.218020;1.000000;0.915223;0.599566;1.202466;1.150135;
0.218040;1.000000;0.915729;0.600014;1.205502;1.154256;
0.218060;1.000000;0.916288;0.600472;1.208434;1.158378;
0.218080;1.000000;0.916895;0.600932;1.211265;1.162497;
0.218100;1.000000;0.917540;0.601387;1.214000;1.166609;
0.218120;1.000000;0.918217;0.601832;1.216641;1.170708;
0.218140;1.000000;0.918918;0.602260;1.219195;1.174790;
0.218160;1.000000;0.919633;0.602665;1.221665;1.178849;
0.218180;1.000000;0.920356;0.603040;1.224056;1.182880;
0.218200;1.000000;0.921078;0.603379;1.226375;1.186876;
0.218220;1.000000;0.921792;0.603679;1.228626;1.190831;
0.218240;1.000000;0.922489;0.603934;1.230815;1.194739;
0.218260;1.000000;0.923162;0.604140;1.232947;1.198594;
0.218280;1.000000;0.923804;0.604294;1.235028;1.202389;
0.218300;1.000000;0.924407;0.604393;1.237063;1.206118;
0.218320;1.000000;0.924966;0.604436;1.239058;1.209774;
0.218340;1.000000;0.925473;0.604422;1.241018;1.213353;
0.218360;1.000000;0.925924;0.604351;1.242947;1.216847;
0.218380;1.000000;0.926313;0.604225;1.244851;1.220253;
0.218400;1.000000;0.926636;0.604045;1.246733;1.223564;
0.218420;1.000000;0.926891;0.603814;1.248598;1.226776;
0.218440;1.000000;0.927074;0.603536;1.250449;1.229885;
0.218460;1.000000;0.927185;0.603216;1.252289;1.232887;
0.218480;1.000000;0.927222;0.602859;1.254121;1.235780;
0.218500;1.000000;0.927188;0.602471;1.255946;1.238560;
0.218520;1.000000;0.927083;0.602059;1.257767;1.241225;
0.218540;1.000000;0.926912;0.601628;1.259585;1.243775;
0.218560;1.000000;0.926677;0.601187;1.261400;1.246208;
0.218580;1.000000;0.926384;0.600743;1.263212;1.248524;
0.218600;1.000000;0.926039;0.600302;1.265022;1.250724;
0.218620;1.000000;0.925650;0.599872;1.266827;1.252808;
0.218640;1.000000;0.925223;0.599460;1.268628;1.254779;
0.218660;1.000000;0.924767;0.599071;1.270421;1.256639;
0.218680;1.000000;0.924290;0.598712;1.272205;1.258390;
0.218700;1.000000;0.923802;0.598387;1.273978;1.260037;
0.218720;1.000000;0.923312;0.598101;1.275735;1.261582;
0.218740;1.000000;0.922828;0.597859;1.277473;1.263031;
0.218760;1.000000;0.922358;0.597661;1.279190;1.264387;
0.218780;1.000000;0.921912;0.597510;1.280881;1.265658;
0.218800;1.000000;0.921495;0.597408;1.282541;1.266847;
0.218820;1.000000;0.921115;0.597353;1.284166;1.267960;
0.218840;1.000000;0.920777;0.597346;1.285752;1.269005;
0.218860;1.000000;0.920485;0.597383;1.287294;1.269987;
0.218880;1.000000;0.920243;0.597464;1.288788;1.270912;
0.218900;1.000000;0.920052;0.597583;1.290228;1.271786;
0.218920;1.000000;0.919912;0.597739;1.291611;1.272617;
0.218940;1.000000;0.919824;0.597925;1.292931;1.273410;
0.218960;1.000000;0.919785;0.598138;1.294184;1.274172;
0.218980;1.000000;0.919792;0.598371;1.295366;1.274908;
0.219000;1.000000;0.919840;0.598620;1.296473;1.275624;
0.219020;1.000000;0.919925;0.598879;1.297502;1.276327;
0.219040;1.000000;0.920041;0.599142;1.298448;1.277020;
0.219060;1.000000;0.920181;0.599404;1.299310;1.277709;
0.219080;1.000000;0.920337;0.599658;1.300083;1.278398;
0.219100;1.000000;0.920503;0.599900;1.300766;1.279090;
0.219120;1.000000;0.920670;0.600124;1.301356;1.279790;
0.219140;1.000000;0.920832;0.600326;1.301853;1.280499;
0.219160;1.000000;0.920980;0.600502;1.302255;1.281221;
0.219180;1.000000;0.921109;0.600647;1.302561;1.281957;
0.219200;1.000000;0.921211;0.600757;1.302772;1.282707;
0.219220;1.000000;0.921280;0.600830;1.302886;1.283473;
0.219240;1.000000;0.921312;0.600864;1.302906;1.284253;
0.219260;1.000000;0.921303;0.600855;1.302833;1.285049;
0.219280;1.000000;0.921248;0.600803;1.302667;1.285858;
0.219300;1.000000;0.921144;0.600707;1.302410;1.286678;
0.219320;1.000000;0.920992;0.600566;1.302066;1.287506;
0.219340;1.000000;0.920788;0.600380;1.301637;1.288341;
0.219360;1.000000;0.920534;0.600149;1.301126;1.289179;
0.219380;1.000000;0.920230;0.599877;1.300536;1.290014;
0.219400;1.000000;0.919877;0.599563;1.299871;1.290845;
0.219420;1.000000;0.919479;0.599210;1.299135;1.291664;
0.219440;1.000000;0.919037;0.598822;1.298332;1.292469;
0.219460;1.000000;0.918556;0.598401;1.297467;1.293252;
0.219480;1.000000;0.918039;0.597952;1.296544;1.294009;
0.219500;1.000000;0.917491;0.597480;1.295568;1.294734;
0.219520;1.000000;0.916918;0.596989;1.294543;1.295420;
0.219540;1.000000;0.916324;0.596486;1.293474;1.296063;
0.219560;1.000000;0.915715;0.595975;1.292366;1.296656;
0.219580;1.000000;0.915098;0.595465;1.291224;1.297193;
0.219600;1.000000;0.914478;0.594962;1.290051;1.297668;
0.219620;1.000000;0.913862;0.594472;1.288853;1.298076;
0.219640;1.000000;0.913258;0.594004;1.287634;1.298411;
0.219660;1.000000;0.912671;0.593565;1.286397;1.298668;
0.219680;1.000000;0.912110;0.593162;1.285147;1.298842;
0.219700;1.000000;0.911581;0.592804;1.283886;1.298929;
0.219720;1.000000;0.911091;0.592496;1.282619;1.298924;
0.219740;1.000000;0.910649;0.592247;1.281348;1.298824;
0.219760;1.000000;0.910261;0.592063;1.280075;1.298626;
0.219780;1.000000;0.909934;0.591949;1.278803;1.298327;
0.219800;1.000000;0.909677;0.591911;1.277533;1.297924;
0.219820;1.000000;0.909494;0.591954;1.276267;1.297417;
0.219840;1.000000;0.909393;0.592081;1.275005;1.296804;
0.219860;1.000000;0.909380;0.592295;1.273747;1.296084;
0.219880;1.000000;0.909459;0.592597;1.272495;1.295258;
0.219900;1.000000;0.909635;0.592987;1.271247;1.294327;
0.219920;1.000000;0.909912;0.593465;1.270002;1.293291;
0.219940;1.000000;0.910291;0.594029;1.268759;1.292152;
0.219960;1.000000;0.910775;0.594675;1.267516;1.290914;
0.219980;1.000000;0.911363;0.595398;1.266272;1.289578;
0.220000;1.000000;0.912053;0.596194;1.265023;1.288149;
0.220020;1.000000;0.912844;0.597054;1.263766;1.286629;
0.220040;1.000000;0.913732;0.598035;1.262502;1.285024;
0.220060;1.000000;0.914713;0.599027;1.261227;1.283337;
0.220080;1.000000;0.915778;0.600059;1.259937;1.281575;
0.220100;1.000000;0.916918;0.601120;1.258627;1.279742;
0.220120;1.000000;0.918123;0.602198;1.257291;1.277843;
0.220140;1.000000;0.919382;0.603281;1.255926;1.275885;
0.220160;1.000000;0.920673;0.604146;1.254517;1.273874;
0.220180;1.000000;0.921982;0.605170;1.253056;1.271815;
0.220200;1.000000;0.923302;0.606163;1.251549;1.269715;
0.220220;1.000000;0.924617;0.607114;1.249991;1.267579;
0.220240;1.000000;0.925911;0.608011;1.248376;1.265413;
0.220260;1.000000;0.927169;0.608844;1.246700;1.263223;
0.220280;1.000000;0.928375;0.609601;1.244958;1.261014;
0.220300;1.000000;0.929514;0.610275;1.243146;1.258792;
0.220320;1.000000;0.930571;0.610856;1.241258;1.256561;
0.220340;1.000000;0.931531;0.611337;1.239292;1.254325;
0.220360;1.000000;0.932383;0.611713;1.237242;1.252090;
0.220380;1.000000;0.933113;0.611977;1.235105;1.249857;
0.220400;1.000000;0.933713;0.612126;1.232879;1.247632;
0.220420;1.000000;0.934172;0.612158;1.230559;1.245415;
0.220440;1.000000;0.934484;0.612070;1.228144;1.243210;
0.220460;1.000000;0.934642;0.611863;1.225632;1.241017;
0.220480;1.000000;0.934645;0.611539;1.223020;1.238839;
0.220500;1.000000;0.934489;0.611098;1.220307;1.236674;
0.220520;1.000000;0.934174;0.610545;1.217493;1.234522;
0.220540;1.000000;0.933704;0.609885;1.214578;1.232383;
0.220560;1.000000;0.933081;0.609124;1.211561;1.230256;
0.220580;1.000000;0.932312;0.608269;1.208443;1.228137;
0.220600;1.000000;0.931403;0.607327;1.205226;1.226025;
0.220620;1.000000;0.930364;0.606307;1.201910;1.223915;
0.220640;1.000000;0.929205;0.605220;1.198498;1.221804;
0.220660;1.000000;0.927938;0.604076;1.194993;1.219689;
0.220680;1.000000;0.926576;0.602886;1.191397;1.217563;
0.220700;1.000000;0.925132;0.601662;1.187714;1.215422;
0.220720;1.000000;0.923623;0.600416;1.183947;1.213260;
0.220740;1.000000;0.922063;0.599161;1.180101;1.211072;
0.220760;1.000000;0.920468;0.597910;1.176179;1.208851;
0.220780;1.000000;0.918857;0.596676;1.172187;1.206591;
0.220800;1.000000;0.917245;0.595473;1.168129;1.204284;
0.220820;1.000000;0.915649;0.594313;1.164010;1.201926;
0.220840;1.000000;0.914087;0.593209;1.159834;1.199508;
0.220860;1.000000;0.912576;0.592175;1.155609;1.197025;
0.220880;1.000000;0.911132;0.591222;1.151337;1.194470;
0.220900;1.000000;0.909771;0.590361;1.147026;1.191836;
0.220920;1.000000;0.908509;0.589603;1.142679;1.189118;
0.220940;1.000000;0.907361;0.588959;1.138302;1.186309;
0.220960;1.000000;0.906339;0.588437;1.133900;1.183404;
0.220980;1.000000;0.905458;0.588045;1.129477;1.180398;
0.221000;1.000000;0.904729;0.587789;1.125038;1.177287;
0.221020;1.000000;0.904162;0.587674;1.120587;1.174065;
0.221040;1.000000;0.903766;0.587704;1.116127;1.170730;
0.221060;1.000000;0.903549;0.587880;1.111662;1.167278;
0.221080;1.000000;0.903516;0.588204;1.107194;1.163707;
0.221100;1.000000;0.903671;0.588674;1.102728;1.160015;
0.221120;1.000000;0.904017;0.589287;1.098263;1.156201;
0.221140;1.000000;0.904553;0.590037;1.093802;1.152265;
0.221160;1.000000;0.905277;0.590919;1.089346;1.148206;
0.221180;1.000000;0.906187;0.591925;1.084895;1.144025;
0.221200;1.000000;0.907274;0.593044;1.080449;1.139725;
0.221220;1.000000;0.908531;0.594266;1.076008;1.135307;
0.221240;1.000000;0.909949;0.595577;1.071570;1.130774;
0.221260;1.000000;0.911513;0.596964;1.067133;1.126130;
0.221280;1.000000;0.913210;0.598412;1.062697;1.121379;
0.221300;1.000000;0.915024;0.599905;1.058257;1.116526;
0.221320;1.000000;0.916936;0.601426;1.053810;1.111576;
0.221340;1.000000;0.918927;0.602958;1.049354;1.106534;
0.221360;1.000000;0.920977;0.604482;1.044884;1.101406;
0.221380;1.000000;0.923063;0.605983;1.040395;1.096200;
0.221400;1.000000;0.925162;0.607441;1.035884;1.090923;
0.221420;1.000000;0.927252;0.608840;1.031344;1.085580;
0.221440;1.000000;0.929308;0.610163;1.026771;1.080180;
0.221460;1.000000;0.931308;0.611394;1.022160;1.074730;
0.221480;1.000000;0.933227;0.612517;1.017505;1.069237;
0.221500;1.000000;0.935043;0.613521;1.012801;1.063710;
0.221520;1.000000;0.936734;0.614390;1.008041;1.058154;
0.221540;1.000000;0.938280;0.615116;1.003221;1.052578;
0.221560;1.000000;0.939660;0.615688;0.998336;1.046989;
0.221580;1.000000;0.940859;0.616098;0.993380;1.041393;
0.221600;1.000000;0.941859;0.616341;0.988348;1.035796;
0.221620;1.000000;0.942648;0.616412;0.983236;1.030205;
0.221640;1.000000;0.943214;0.616309;0.978039;1.024625;
0.221660;1.000000;0.943548;0.616033;0.972754;1.019061;
0.221680;1.000000;0.943643;0.615585;0.967378;1.013518;
0.221700;1.000000;0.943497;0.614967;0.961907;1.007999;
0.221720;1.000000;0.943108;0.614187;0.956339;1.002508;
0.221740;1.000000;0.942477;0.613250;0.950673;0.997047;
0.221760;1.000000;0.941609;0.612166;0.944907;0.991617;
0.221780;1.000000;0.940511;0.610945;0.939042;0.986220;
0.221800;1.000000;0.939193;0.609599;0.933076;0.980857;
0.221820;1.000000;0.937665;0.608142;0.927011;0.975527;
0.221840;1.000000;0.935942;0.606586;0.920849;0.970229;
0.221860;1.000000;0.934041;0.604949;0.914591;0.964961;
0.221880;1.000000;0.931981;0.603247;0.908240;0.959721;
0.221900;1.000000;0.929780;0.601496;0.901799;0.954505;
0.221920;1.000000;0.927461;0.599714;0.895273;0.949311;
0.221940;1.000000;0.925047;0.597919;0.888666;0.944134;
0.221960;1.000000;0.922563;0.596130;0.881983;0.938969;
0.221980;1.000000;0.920033;0.594366;0.875229;0.933810;
0.222000;1.000000;0.917483;0.592643;0.868411;0.928653;
0.222020;1.000000;0.914939;0.590981;0.861536;0.923491;
0.222040;1.000000;0.912427;0.589397;0.854608;0.918317;
0.222060;1.000000;0.909974;0.587907;0.847637;0.913126;
0.222080;1.000000;0.907605;0.586528;0.840628;0.907910;
0.222100;1.000000;0.905345;0.585275;0.833589;0.902662;
0.222120;1.000000;0.903218;0.584162;0.826528;0.897377;
0.222140;1.000000;0.901246;0.583202;0.819452;0.892046;
0.222160;1.000000;0.899452;0.582406;0.812368;0.886664;
0.222180;1.000000;0.897855;0.581784;0.805284;0.881223;
0.222200;1.000000;0.896473;0.581343;0.798205;0.875718;
0.222220;1.000000;0.895322;0.581091;0.791140;0.870144;
0.222240;1.000000;0.894416;0.581031;0.784094;0.864493;
0.222260;1.000000;0.893765;0.581167;0.777074;0.858763;
0.222280;1.000000;0.893379;0.581497;0.770083;0.852948;
0.222300;1.000000;0.893263;0.582022;0.763128;0.847044;
0.222320;1.000000;0.893421;0.582736;0.756213;0.841048;
0.222340;1.000000;0.893854;0.583635;0.749341;0.834958;
0.222360;1.000000;0.894559;0.584711;0.742514;0.828773;
0.222380;1.000000;0.895530;0.585953;0.735736;0.822489;
0.222400;1.000000;0.896759;0.587351;0.729007;0.816109;
0.222420;1.000000;0.898237;0.588889;0.722328;0.809631;
0.222440;1.000000;0.899948;0.590554;0.715700;0.803056;
0.222460;1.000000;0.901876;0.592329;0.709121;0.796388;
0.222480;1.000000;0.904003;0.594194;0.702590;0.789628;
0.222500;1.000000;0.906308;0.596132;0.696104;0.782779;
0.222520;1.000000;0.908767;0.598121;0.689661;0.775845;
0.222540;1.000000;0.911355;0.600140;0.683257;0.768832;
0.222560;1.000000;0.914046;0.602169;0.676887;0.761743;
0.222580;1.000000;0.916813;0.604184;0.670546;0.754585;
0.222600;1.000000;0.919625;0.606165;0.664229;0.747364;
0.222620;1.000000;0.922454;0.608089;0.657930;0.740087;
0.222640;1.000000;0.925270;0.609936;0.651642;0.732759;
0.222660;1.000000;0.928043;0.611686;0.645359;0.725390;
0.222680;1.000000;0.930743;0.613318;0.639073;0.717985;
0.222700;1.000000;0.933342;0.614815;0.632777;0.710553;
0.222720;1.000000;0.935811;0.616161;0.626464;0.703101;
0.222740;1.000000;0.938123;0.617340;0.620125;0.695637;
0.222760;1.000000;0.940255;0.618339;0.613755;0.688168;
0.222780;1.000000;0.942181;0.619148;0.607344;0.680702;
0.222800;1.000000;0.943882;0.619756;0.600886;0.673246;
0.222820;1.000000;0.945337;0.620158;0.594375;0.665806;
0.222840;1.000000;0.946532;0.620348;0.587802;0.658389;
0.222860;1.000000;0.947452;0.620325;0.581163;0.651000;
0.222880;1.000000;0.948087;0.620088;0.574451;0.643645;
0.222900;1.000000;0.948429;0.619640;0.567662;0.636330;
0.222920;1.000000;0.948473;0.618985;0.560790;0.629057;
0.222940;1.000000;0.948218;0.618131;0.553832;0.621830;
0.222960;1.000000;0.947666;0.617086;0.546785;0.614653;
0.222980;1.000000;0.946821;0.615861;0.539646;0.607527;
0.223000;1.000000;0.945691;0.614470;0.532414;0.600453;
0.223020;1.000000;0.944287;0.612925;0.525087;0.593432;
0.223040;1.000000;0.942624;0.611245;0.517666;0.586463;
0.223060;1.000000;0.940716;0.609446;0.510152;0.579546;
0.223080;1.000000;0.938585;0.607546;0.502545;0.572678;
0.223100;1.000000;0.936250;0.605566;0.494849;0.565857;
0.223120;1.000000;0.933736;0.603525;0.487066;0.559080;
0.223140;1.000000;0.931069;0.601445;0.479201;0.552342;
0.223160;1.000000;0.928275;0.599347;0.471257;0.545638;
0.223180;1.000000;0.925384;0.597252;0.463240;0.538964;
0.223200;1.000000;0.922425;0.595182;0.455156;0.532313;
0.223220;1.000000;0.919428;0.593157;0.447012;0.525679;
0.223240;1.000000;0.916425;0.591199;0.438814;0.519056;
0.223260;1.000000;0.913447;0.589328;0.430568;0.512436;
0.223280;1.000000;0.910525;0.587561;0.422284;0.505811;
0.223300;1.000000;0.907688;0.585919;0.413969;0.499175;
0.223320;1.000000;0.904968;0.584417;0.405630;0.492519;
0.223340;1.000000;0.902392;0.583070;0.397276;0.485836;
0.223360;1.000000;0.899987;0.581894;0.388914;0.479119;
0.223380;1.000000;0.897779;0.580900;0.380553;0.472359;
0.223400;1.000000;0.895791;0.580098;0.372200;0.465549;
0.223420;1.000000;0.894045;0.579498;0.363863;0.458682;
0.223440;1.000000;0.892558;0.579106;0.355549;0.451752;
0.223460;1.000000;0.891347;0.578927;0.347264;0.444753;
0.223480;1.000000;0.890424;0.578962;0.339014;0.437678;
0.223500;1.000000;0.889801;0.579214;0.330806;0.430523;
0.223520;1.000000;0.889483;0.579678;0.322644;0.423283;
0.223540;1.000000;0.889475;0.580352;0.314533;0.415954;
0.223560;1.000000;0.889776;0.581228;0.306475;0.408534;
0.223580;1.000000;0.890385;0.582299;0.298473;0.401019;
0.223600;1.000000;0.891295;0.583554;0.290530;0.393408;
0.223620;1.000000;0.892496;0.584979;0.282647;0.385702;
0.223640;1.000000;0.893977;0.586561;0.274824;0.377898;
0.223660;1.000000;0.895722;0.588284;0.267059;0.369999;
0.223680;1.000000;0.897713;0.590128;0.259353;0.362006;
0.223700;1.000000;0.899929;0.592076;0.251701;0.353922;
0.223720;1.000000;0.902347;0.594107;0.244103;0.345749;
0.223740;1.000000;0.904942;0.596199;0.236553;0.337492;
0.223760;1.000000;0.907687;0.598329;0.229047;0.329154;
0.223780;1.000000;0.910554;0.600476;0.221579;0.320743;
0.223800;1.000000;0.913511;0.602615;0.214145;0.312263;
0.223820;1.000000;0.916528;0.604725;0.206738;0.303720;
0.223840;1.000000;0.919574;0.606782;0.199350;0.295122;
0.223860;1.000000;0.922617;0.608764;0.191975;0.286476;
0.223880;1.000000;0.925625;0.610649;0.184605;0.277789;
0.223900;1.000000;0.928566;0.612419;0.177232;0.269069;
0.223920;1.000000;0.931410;0.614053;0.169848;0.260324;
0.223940;1.000000;0.934128;0.615534;0.162446;0.251562;
0.223960;1.000000;0.936690;0.616846;0.155018;0.242791;
0.223980;1.000000;0.939071;0.617976;0.147555;0.234019;
0.224000;1.000000;0.941245;0.618912;0.140050;0.225254;
0.224020;1.000000;0.943190;0.619645;0.132497;0.216502;
0.224040;1.000000;0.944887;0.620167;0.124888;0.207773;
0.224060;1.000000;0.946316;0.620474;0.117216;0.199071;
0.224080;1.000000;0.947465;0.620563;0.109477;0.190404;
0.224100;1.000000;0.948321;0.620435;0.101664;0.181776;
0.224120;1.000000;0.948876;0.620093;0.093775;0.173195;
0.224140;1.000000;0.949124;0.619540;0.085804;0.164663;
0.224160;1.000000;0.949063;0.618785;0.077749;0.156184;
0.224180;1.000000;0.948694;0.617837;0.069607;0.147763;
0.224200;1.000000;0.948022;0.616706;0.061379;0.139401;
0.224220;1.000000;0.947055;0.615408;0.053063;0.131100;
0.224240;1.000000;0.945802;0.613955;0.044660;0.122860;
0.224260;1.000000;0.944278;0.612366;0.036171;0.114683;
0.224280;1.000000;0.942500;0.610658;0.027599;0.106566;
0.224300;1.000000;0.940487;0.608849;0.018947;0.098509;
0.224320;1.000000;0.938259;0.606960;0.010219;0.090510;
0.224340;1.000000;0.935843;0.605011;0.001421;0.082565;
0.224360;1.000000;0.933263;0.603024;-0.007444;0.074671;
0.224380;1.000000;0.930548;0.601018;-0.016367;0.066825;
0.224400;1.000000;0.927726;0.599017;-0.025342;0.059020;
0.224420;1.000000;0.924828;0.597039;-0.034362;0.051253;
0.224440;1.000000;0.921885;0.595107;-0.043418;0.043517;
0.224460;1.000000;0.918929;0.593240;-0.052502;0.035806;
0.224480;1.000000;0.915990;0.591458;-0.061606;0.028114;
0.224500;1.000000;0.913101;0.589778;-0.070720;0.020434;
0.224520;1.000000;0.910292;0.588218;-0.079835;0.012761;
0.224540;1.000000;0.907592;0.586793;-0.088943;0.005086;
0.224560;1.000000;0.905031;0.585518;-0.098033;-0.002596;
0.224580;1.000000;0.902636;0.584407;-0.107097;-0.010293;
0.224600;1.000000;0.900431;0.583469;-0.116126;-0.018010;
0.224620;1.000000;0.898440;0.582715;-0.125112;-0.025754;
0.224640;1.000000;0.896683;0.582153;-0.134047;-0.033531;
0.224660;1.000000;0.895179;0.581788;-0.142923;-0.041345;
0.224680;1.000000;0.893943;0.581623;-0.151733;-0.049203;
0.224700;1.000000;0.892987;0.581662;-0.160472;-0.057108;
0.224720;1.000000;0.892321;0.581902;-0.169133;-0.065065;
0.224740;1.000000;0.891952;0.582343;-0.177711;-0.073076;
0.224760;1.000000;0.891883;0.582979;-0.186204;-0.081144;
0.224780;1.000000;0.892114;0.583804;-0.194606;-0.089271;
0.224800;1.000000;0.892642;0.584810;-0.202917;-0.097458;
0.224820;1.000000;0.893461;0.585987;-0.211135;-0.105704;
0.224840;1.000000;0.894561;0.587322;-0.219260;-0.114011;
0.224860;1.000000;0.895932;0.588801;-0.227291;-0.122376;
0.224880;1.000000;0.897557;0.590409;-0.235230;-0.130798;
0.224900;1.000000;0.899420;0.592130;-0.243079;-0.139274;
0.224920;1.000000;0.901501;0.593945;-0.250842;-0.147800;
0.224940;1.000000;0.903779;0.595834;-0.258521;-0.156372;
0.224960;1.000000;0.906228;0.597778;-0.266123;-0.164987;
0.224980;1.000000;0.908825;0.599755;-0.273651;-0.173638;
0.225000;1.000000;0.911541;0.601745;-0.281112;-0.182319;
0.225020;1.000000;0.914348;0.603726;-0.288513;-0.191025;
0.225040;1.000000;0.917219;0.605677;-0.295860;-0.199749;
0.225060;1.000000;0.920122;0.607577;-0.303160;-0.208483;
0.225080;1.000000;0.923028;0.609404;-0.310422;-0.217221;
0.225100;1.000000;0.925908;0.611140;-0.317653;-0.225955;
0.225120;1.000000;0.928732;0.612766;-0.324861;-0.234677;
0.225140;1.000000;0.931471;0.614264;-0.332054;-0.243380;
0.225160;1.000000;0.934098;0.615618;-0.339241;-0.252056;
0.225180;1.000000;0.936585;0.616814;-0.346428;-0.260697;
0.225200;1.000000;0.938907;0.617840;-0.353624;-0.269298;
0.225220;1.000000;0.941042;0.618685;-0.360837;-0.277850;
0.225240;1.000000;0.942968;0.619342;-0.368072;-0.286347;
0.225260;1.000000;0.944665;0.619803;-0.375336;-0.294783;
0.225280;1.000000;0.946118;0.620065;-0.382635;-0.303153;
0.225300;1.000000;0.947312;0.620126;-0.389975;-0.311451;
0.225320;1.000000;0.948235;0.619988;-0.397359;-0.319673;
0.225340;1.000000;0.948880;0.619653;-0.404792;-0.327816;
0.225360;1.000000;0.949240;0.619125;-0.412276;-0.335875;
0.225380;1.000000;0.949315;0.618413;-0.419814;-0.343849;
0.225400;1.000000;0.949103;0.617525;-0.427406;-0.351736;
0.225420;1.000000;0.948609;0.616472;-0.435054;-0.359535;
0.225440;1.000000;0.947839;0.615267;-0.442757;-0.367247;
0.225460;1.000000;0.946804;0.613924;-0.450514;-0.374871;
0.225480;1.000000;0.945514;0.612458;-0.458321;-0.382409;
0.225500;1.000000;0.943986;0.610884;-0.466178;-0.389864;
0.225520;1.000000;0.942237;0.609222;-0.474079;-0.397238;
0.225540;1.000000;0.940285;0.607488;-0.482020;-0.404535;
0.225560;1.000000;0.938155;0.605700;-0.489996;-0.411758;
0.225580;1.000000;0.935867;0.603878;-0.498002;-0.418914;
0.225600;1.000000;0.933448;0.602040;-0.506030;-0.426006;
0.225620;1.000000;0.930924;0.600203;-0.514074;-0.433041;
0.225640;1.000000;0.928322;0.598388;-0.522126;-0.440026;
0.225660;1.000000;0.925669;0.596610;-0.530179;-0.446965;
0.225680;1.000000;0.922993;0.594887;-0.538224;-0.453867;
0.225700;1.000000;0.920323;0.593235;-0.546255;-0.460738;
0.225720;1.000000;0.917685;0.591669;-0.554261;-0.467585;
0.225740;1.000000;0.915106;0.590204;-0.562236;-0.474416;
0.225760;1.000000;0.912612;0.588851;-0.570170;-0.481237;
0.225780;1.000000;0.910228;0.587624;-0.578057;-0.488055;
0.225800;1.000000;0.907976;0.586532;-0.585888;-0.494877;
0.225820;1.000000;0.905878;0.585584;-0.593656;-0.501710;
0.225840;1.000000;0.903954;0.584788;-0.601354;-0.508558;
0.225860;1.000000;0.902219;0.584150;-0.608976;-0.515429;
0.225880;1.000000;0.900691;0.583673;-0.616515;-0.522327;
0.225900;1.000000;0.899380;0.583361;-0.623968;-0.529257;
0.225920;1.000000;0.898298;0.583214;-0.631329;-0.536222;
0.225940;1.000000;0.897451;0.583233;-0.638595;-0.543227;
0.225960;1.000000;0.896846;0.583415;-0.645763;-0.550273;
0.225980;1.000000;0.896485;0.583757;-0.652830;-0.557363;
0.226000;1.000000;0.896367;0.584253;-0.659796;-0.564498;
0.226020;1.000000;0.896492;0.584897;-0.666660;-0.571679;
0.226040;1.000000;0.896853;0.585679;-0.673422;-0.578905;
0.226060;1.000000;0.897443;0.586591;-0.680085;-0.586176;
0.226080;1.000000;0.898254;0.587622;-0.686649;-0.593489;
0.226100;1.000000;0.899275;0.588759;-0.693118;-0.600843;
0.226120;1.000000;0.900491;0.589989;-0.699495;-0.608234;
0.226140;1.000000;0.901887;0.591298;-0.705785;-0.615659;
0.226160;1.000000;0.903447;0.592671;-0.711993;-0.623112;
0.226180;1.000000;0.905153;0.594091;-0.718125;-0.630590;
0.226200;1.000000;0.906984;0.595543;-0.724187;-0.638087;
0.226220;1.000000;0.908921;0.597010;-0.730185;-0.645597;
0.226240;1.000000;0.910941;0.598476;-0.736126;-0.653113;
0.226260;1.000000;0.913022;0.599924;-0.742019;-0.660630;
0.226280;1.000000;0.915141;0.601337;-0.747870;-0.668140;
0.226300;1.000000;0.917275;0.602700;-0.753688;-0.675636;
0.226320;1.000000;0.919402;0.603998;-0.759480;-0.683112;
0.226340;1.000000;0.921497;0.605217;-0.765254;-0.690559;
0.226360;1.000000;0.923539;0.606343;-0.771018;-0.697972;
0.226380;1.000000;0.925506;0.607366;-0.776780;-0.705344;
0.226400;1.000000;0.927377;0.608274;-0.782547;-0.712666;
0.226420;1.000000;0.929132;0.609058;-0.788325;-0.719934;
0.226440;1.000000;0.930754;0.609711;-0.794121;-0.727141;
0.226460;1.000000;0.932224;0.610228;-0.799942;-0.734281;
0.226480;1.000000;0.933528;0.610606;-0.805792;-0.741349;
0.226500;1.000000;0.934654;0.610841;-0.811676;-0.748341;
0.226520;1.000000;0.935590;0.610933;-0.817599;-0.755253;
0.226540;1.000000;0.936327;0.610886;-0.823564;-0.762080;
0.226560;1.000000;0.936859;0.610701;-0.829573;-0.768821;
0.226580;1.000000;0.937182;0.610383;-0.835628;-0.775472;
0.226600;1.000000;0.937295;0.609940;-0.841731;-0.782033;
0.226620;1.000000;0.937199;0.609378;-0.847881;-0.788503;
0.226640;1.000000;0.936897;0.608708;-0.854079;-0.794882;
0.226660;1.000000;0.936395;0.607940;-0.860321;-0.801171;
0.226680;1.000000;0.935700;0.607084;-0.866607;-0.807370;
0.226700;1.000000;0.934825;0.606153;-0.872934;-0.813483;
0.226720;1.000000;0.933780;0.605159;-0.879297;-0.819512;
0.226740;1.000000;0.932580;0.604116;-0.885692;-0.825460;
0.226760;1.000000;0.931242;0.603036;-0.892114;-0.831331;
0.226780;1.000000;0.929782;0.601933;-0.898558;-0.837130;
0.226800;1.000000;0.928220;0.600821;-0.905018;-0.842861;
0.226820;1.000000;0.926574;0.599711;-0.911486;-0.848531;
0.226840;1.000000;0.924865;0.598617;-0.917956;-0.854145;
0.226860;1.000000;0.923114;0.597551;-0.924420;-0.859709;
0.226880;1.000000;0.921341;0.596524;-0.930871;-0.865230;
0.226900;1.000000;0.919566;0.595547;-0.937302;-0.870713;
0.226920;1.000000;0.917811;0.594629;-0.943703;-0.876166;
0.226940;1.000000;0.916094;0.593781;-0.950068;-0.881595;
0.226960;1.000000;0.914434;0.593009;-0.956389;-0.887006;
0.226980;1.000000;0.912848;0.592321;-0.962657;-0.892406;
0.227000;1.000000;0.911353;0.591723;-0.968867;-0.897802;
0.227020;1.000000;0.909962;0.591220;-0.975010;-0.903198;
0.227040;1.000000;0.908690;0.590816;-0.981080;-0.908602;
0.227060;1.000000;0.907547;0.590514;-0.987071;-0.914016;
0.227080;1.000000;0.906543;0.590317;-0.992978;-0.919448;
0.227100;1.000000;0.905686;0.590225;-0.998794;-0.924899;
0.227120;1.000000;0.904983;0.590238;-1.004516;-0.930375;
0.227140;1.000000;0.904436;0.590355;-1.010139;-0.935878;
0.227160;1.000000;0.904050;0.590573;-1.015661;-0.941410;
0.227180;1.000000;0.903825;0.590891;-1.021078;-0.946973;
0.227200;1.000000;0.903759;0.591304;-1.026390;-0.952568;
0.227220;1.000000;0.903852;0.591807;-1.031595;-0.958196;
0.227240;1.000000;0.904099;0.592394;-1.036693;-0.963855;
0.227260;1.000000;0.904495;0.593060;-1.041684;-0.969545;
0.227280;1.000000;0.905034;0.593795;-1.046569;-0.975263;
0.227300;1.000000;0.905708;0.594594;-1.051351;-0.981008;
0.227320;1.000000;0.906509;0.595446;-1.056031;-0.986775;
0.227340;1.000000;0.907428;0.596343;-1.060614;-0.992561;
0.227360;1.000000;0.908453;0.597275;-1.065102;-0.998362;
0.227380;1.000000;0.909574;0.598232;-1.069501;-1.004172;
0.227400;1.000000;0.910779;0.599203;-1.073814;-1.009985;
0.227420;1.000000;0.912054;0.600179;-1.078048;-1.015797;
0.227440;1.000000;0.913389;0.601148;-1.082207;-1.021600;
0.227460;1.000000;0.914768;0.602100;-1.086298;-1.027388;
0.227480;1.000000;0.916178;0.603024;-1.090326;-1.033154;
0.227500;1.000000;0.917606;0.603912;-1.094299;-1.038890;
0.227520;1.000000;0.919036;0.604753;-1.098222;-1.044590;
0.227540;1.000000;0.920457;0.605539;-1.102102;-1.050245;
0.227560;1.000000;0.921852;0.606262;-1.105945;-1.055849;
0.227580;1.000000;0.923210;0.606915;-1.109758;-1.061395;
0.227600;1.000000;0.924518;0.607492;-1.113546;-1.066875;
0.227620;1.000000;0.925762;0.607987;-1.117315;-1.072282;
0.227640;1.000000;0.926931;0.608397;-1.121071;-1.077611;
0.227660;1.000000;0.928015;0.608718;-1.124820;-1.082854;
0.227680;1.000000;0.929004;0.608951;-1.128564;-1.088006;
0.227700;1.000000;0.929889;0.609094;-1.132310;-1.093062;
0.227720;1.000000;0.930663;0.609148;-1.136059;-1.098016;
0.227740;1.000000;0.931320;0.609116;-1.139816;-1.102866;
0.227760;1.000000;0.931856;0.609000;-1.143583;-1.107607;
0.227780;1.000000;0.932268;0.608806;-1.147361;-1.112237;
0.227800;1.000000;0.932555;0.608539;-1.151153;-1.116752;
0.227820;1.000000;0.932717;0.608205;-1.154957;-1.121152;
0.227840;1.000000;0.932757;0.607811;-1.158775;-1.125436;
0.227860;1.000000;0.932677;0.607364;-1.162606;-1.129603;
0.227880;1.000000;0.932484;0.606873;-1.166448;-1.133654;
0.227900;1.000000;0.932184;0.606346;-1.170298;-1.137590;
0.227920;1.000000;0.931784;0.605792;-1.174155;-1.141414;
0.227940;1.000000;0.931294;0.605219;-1.178016;-1.145127;
0.227960;1.000000;0.930723;0.604636;-1.181876;-1.148733;
0.227980;1.000000;0.930084;0.604050;-1.185731;-1.152236;
0.228000;1.000000;0.929388;0.603469;-1.189576;-1.155640;
0.228020;1.000000;0.928646;0.602901;-1.193407;-1.158949;
0.228040;1.000000;0.927870;0.602352;-1.197217;-1.162169;
0.228060;1.000000;0.927074;0.601829;-1.201002;-1.165306;
0.228080;1.000000;0.926269;0.601336;-1.204754;-1.168365;
0.228100;1.000000;0.925466;0.600878;-1.208469;-1.171354;
0.228120;1.000000;0.924677;0.600458;-1.212138;-1.174277;
0.228140;1.000000;0.923912;0.600080;-1.215757;-1.177142;
0.228160;1.000000;0.923179;0.599745;-1.219319;-1.179955;
0.228180;1.000000;0.922488;0.599455;-1.222817;-1.182722;
0.228200;1.000000;0.921844;0.599210;-1.226245;-1.185452;
0.228220;1.000000;0.921253;0.599010;-1.229598;-1.188149;
0.228240;1.000000;0.920720;0.598855;-1.232869;-1.190820;
0.228260;1.000000;0.920249;0.598742;-1.236054;-1.193471;
0.228280;1.000000;0.919840;0.598670;-1.239147;-1.196107;
0.228300;1.000000;0.919494;0.598636;-1.242143;-1.198734;
0.228320;1.000000;0.919210;0.598638;-1.245040;-1.201357;
0.228340;1.000000;0.918988;0.598673;-1.247832;-1.203979;
0.228360;1.000000;0.918825;0.598736;-1.250517;-1.206604;
0.228380;1.000000;0.918717;0.598824;-1.253092;-1.209237;
0.228400;1.000000;0.918660;0.598934;-1.255555;-1.211878;
0.228420;1.000000;0.918650;0.599060;-1.257905;-1.214531;
0.228440;1.000000;0.918681;0.599199;-1.260140;-1.217196;
0.228460;1.000000;0.918749;0.599348;-1.262262;-1.219875;
0.228480;1.000000;0.918848;0.599500;-1.264269;-1.222567;
0.228500;1.000000;0.918973;0.599653;-1.266163;-1.225272;
0.228520;1.000000;0.919117;0.599802;-1.267946;-1.227988;
0.228540;1.000000;0.919277;0.599943;-1.269619;-1.230714;
0.228560;1.000000;0.919446;0.600071;-1.271186;-1.233447;
0.228580;1.000000;0.919619;0.600184;-1.272649;-1.236184;
0.228600;1.000000;0.919793;0.600278;-1.274012;-1.238922;
0.228620;1.000000;0.919962;0.600349;-1.275279;-1.241655;
0.228640;1.000000;0.920123;0.600394;-1.276455;-1.244380;
0.228660;1.000000;0.920271;0.600411;-1.277543;-1.247092;
0.228680;1.000000;0.920404;0.600397;-1.278551;-1.249785;
0.228700;1.000000;0.920517;0.600350;-1.279482;-1.252453;
0.228720;1.000000;0.920609;0.600269;-1.280342;-1.255090;
0.228740;1.000000;0.920677;0.600153;-1.281137;-1.257691;
0.228760;1.000000;0.920719;0.600003;-1.281873;-1.260248;
0.228780;1.000000;0.920732;0.599817;-1.282556;-1.262756;
0.228800;1.000000;0.920715;0.599597;-1.283191;-1.265207;
0.228820;1.000000;0.920668;0.599346;-1.283784;-1.267596;
0.228840;1.000000;0.920589;0.599064;-1.284341;-1.269916;
0.228860;1.000000;0.920479;0.598755;-1.284868;-1.272162;
0.228880;1.000000;0.920336;0.598424;-1.285368;-1.274327;
0.228900;1.000000;0.920163;0.598073;-1.285848;-1.276406;
0.228920;1.000000;0.919960;0.597708;-1.286312;-1.278393;
0.228940;1.000000;0.919729;0.597334;-1.286765;-1.280284;
0.228960;1.000000;0.919472;0.596958;-1.287209;-1.282075;
0.228980;1.000000;0.919193;0.596584;-1.287650;-1.283762;
0.229000;1.000000;0.918895;0.596220;-1.288089;-1.285340;
0.229020;1.000000;0.918582;0.595871;-1.288529;-1.286809;
0.229040;1.000000;0.918259;0.595546;-1.288972;-1.288165;
0.229060;1.000000;0.917931;0.595249;-1.289421;-1.289408;
0.229080;1.000000;0.917605;0.594987;-1.289875;-1.290535;
0.229100;1.000000;0.917287;0.594766;-1.290336;-1.291548;
0.229120;1.000000;0.916982;0.594591;-1.290803;-1.292446;
0.229140;1.000000;0.916699;0.594467;-1.291277;-1.293230;
0.229160;1.000000;0.916443;0.594398;-1.291755;-1.293902;
0.229180;1.000000;0.916222;0.594387;-1.292236;-1.294465;
0.229200;1.000000;0.916041;0.594437;-1.292719;-1.294921;
0.229220;1.000000;0.915907;0.594549;-1.293201;-1.295274;
0.229240;1.000000;0.915825;0.594722;-1.293679;-1.295528;
0.229260;1.000000;0.915800;0.594958;-1.294150;-1.295687;
0.229280;1.000000;0.915837;0.595253;-1.294611;-1.295757;
0.229300;1.000000;0.915936;0.595606;-1.295057;-1.295742;
0.229320;1.000000;0.916101;0.596013;-1.295484;-1.295648;
0.229340;1.000000;0.916332;0.596469;-1.295888;-1.295483;
0.229360;1.000000;0.916628;0.596970;-1.296264;-1.295251;
0.229380;1.000000;0.916986;0.597508;-1.296607;-1.294959;
0.229400;1.000000;0.917404;0.598077;-1.296913;-1.294614;
0.229420;1.000000;0.917877;0.598670;-1.297176;-1.294223;
0.229440;1.000000;0.918398;0.599279;-1.297391;-1.293793;
0.229460;1.000000;0.918961;0.599896;-1.297555;-1.293329;
0.229480;1.000000;0.919557;0.600513;-1.297660;-1.292839;
0.229500;1.000000;0.920177;0.601122;-1.297704;-1.292329;
0.229520;1.000000;0.920812;0.601714;-1.297681;-1.291805;
0.229540;1.000000;0.921451;0.602282;-1.297587;-1.291273;
0.229560;1.000000;0.922084;0.602818;-1.297418;-1.290739;
0.229580;1.000000;0.922699;0.603315;-1.297169;-1.290206;
0.229600;1.000000;0.923286;0.603765;-1.296839;-1.289681;
0.229620;1.000000;0.923835;0.604163;-1.296422;-1.289167;
0.229640;1.000000;0.924335;0.604504;-1.295917;-1.288668;
0.229660;1.000000;0.924778;0.604782;-1.295321;-1.288187;
0.229680;1.000000;0.925153;0.604993;-1.294632;-1.287726;
0.229700;1.000000;0.925455;0.605134;-1.293848;-1.287287;
0.229720;1.000000;0.925676;0.605203;-1.292969;-1.286871;
0.229740;1.000000;0.925811;0.605198;-1.291994;-1.286478;
0.229760;1.000000;0.925856;0.605118;-1.290923;-1.286110;
0.229780;1.000000;0.925807;0.604963;-1.289755;-1.285764;
0.229800;1.000000;0.925664;0.604735;-1.288493;-1.285439;
0.229820;1.000000;0.925427;0.604435;-1.287137;-1.285133;
0.229840;1.000000;0.925095;0.604065;-1.285688;-1.284844;
0.229860;1.000000;0.924673;0.603628;-1.284149;-1.284568;
0.229880;1.000000;0.924163;0.603130;-1.282523;-1.284301;
0.229900;1.000000;0.923570;0.602573;-1.280813;-1.284039;
0.229920;1.000000;0.922900;0.601965;-1.279021;-1.283778;
0.229940;1.000000;0.922159;0.601311;-1.277151;-1.283511;
0.229960;1.000000;0.921357;0.600617;-1.275208;-1.283232;
0.229980;1.000000;0.920500;0.599891;-1.273195;-1.282937;
0.230000;1.000000;0.919597;0.599141;-1.271117;-1.282618;
0.230020;1.000000;0.918660;0.598375;-1.268978;-1.282270;
0.230040;1.000000;0.917697;0.597602;-1.266784;-1.281884;
0.230060;1.000000;0.916719;0.596830;-1.264538;-1.281455;
0.230080;1.000000;0.915737;0.596070;-1.262246;-1.280975;
0.230100;1.000000;0.914762;0.595329;-1.259913;-1.280437;
0.230120;1.000000;0.913804;0.594618;-1.257544;-1.279835;
0.230140;1.000000;0.912876;0.593947;-1.255143;-1.279162;
0.230160;1.000000;0.911987;0.593324;-1.252715;-1.278412;
0.230180;1.000000;0.911149;0.592759;-1.250265;-1.277578;
0.230200;1.000000;0.910373;0.592261;-1.247796;-1.276655;
0.230220;1.000000;0.909667;0.591837;-1.245313;-1.275636;
0.230240;1.000000;0.909044;0.591495;-1.242819;-1.274518;
0.230260;1.000000;0.908511;0.591244;-1.240318;-1.273295;
0.230280;1.000000;0.908079;0.591087;-1.237812;-1.271963;
0.230300;1.000000;0.907754;0.591032;-1.235305;-1.270518;
0.230320;1.000000;0.907545;0.591081;-1.232799;-1.268959;
0.230340;1.000000;0.907457;0.591237;-1.230294;-1.267283;
0.230360;1.000000;0.907497;0.591503;-1.227794;-1.265487;
0.230380;1.000000;0.907669;0.591879;-1.225297;-1.263571;
0.230400;1.000000;0.907976;0.592364;-1.222805;-1.261535;
0.230420;1.000000;0.908419;0.592954;-1.220317;-1.259379;
0.230440;1.000000;0.909000;0.593647;-1.217833;-1.257103;
0.230460;1.000000;0.909716;0.594437;-1.215351;-1.254710;
0.230480;1.000000;0.910566;0.595317;-1.212870;-1.252202;
0.230500;1.000000;0.911544;0.596280;-1.210387;-1.249582;
0.230520;1.000000;0.912644;0.597316;-1.207899;-1.246854;
0.230540;1.000000;0.913859;0.598415;-1.205405;-1.244020;
0.230560;1.000000;0.915179;0.599565;-1.202899;-1.241086;
0.230580;1.000000;0.916593;0.600755;-1.200379;-1.238058;
0.230600;1.000000;0.918088;0.601971;-1.197839;-1.234940;
0.230620;1.000000;0.919650;0.603199;-1.195276;-1.231738;
0.230640;1.000000;0.921264;0.604426;-1.192684;-1.228459;
0.230660;1.000000;0.922912;0.605637;-1.190058;-1.225109;
0.230680;1.000000;0.924578;0.606818;-1.187392;-1.221694;
0.230700;1.000000;0.926243;0.607955;-1.184682;-1.218222;
0.230720;1.000000;0.927889;0.609034;-1.181922;-1.214699;
0.230740;1.000000;0.929495;0.610042;-1.179106;-1.211132;
0.230760;1.000000;0.931045;0.610966;-1.176228;-1.207527;
0.230780;1.000000;0.932519;0.611795;-1.173283;-1.203893;
0.230800;1.000000;0.933898;0.612518;-1.170265;-1.200234;
0.230820;1.000000;0.935166;0.613126;-1.167170;-1.196557;
0.230840;1.000000;0.936306;0.613609;-1.163991;-1.192869;
0.230860;1.000000;0.937303;0.613962;-1.160725;-1.189174;
0.230880;1.000000;0.938144;0.614178;-1.157366;-1.185477;
0.230900;1.000000;0.938817;0.614254;-1.153911;-1.181784;
0.230920;1.000000;0.939312;0.614186;-1.150356;-1.178099;
0.230940;1.000000;0.939621;0.613975;-1.146698;-1.174424;
0.230960;1.000000;0.939737;0.613620;-1.142934;-1.170762;
0.230980;1.000000;0.939657;0.613125;-1.139061;-1.167117;
0.231000;1.000000;0.939380;0.612491;-1.135078;-1.163489;
0.231020;1.000000;0.938906;0.611726;-1.130984;-1.159880;
0.231040;1.000000;0.938238;0.610834;-1.126777;-1.156290;
0.231060;1.000000;0.937380;0.609825;-1.122459;-1.152718;
0.231080;1.000000;0.936341;0.608707;-1.118030;-1.149163;
0.231100;1.000000;0.935128;0.607490;-1.113491;-1.145624;
0.231120;1.000000;0.933755;0.606186;-1.108844;-1.142098;
0.231140;1.000000;0.932232;0.604808;-1.104090;-1.138582;
0.231160;1.000000;0.930576;0.603368;-1.099234;-1.135072;
0.231180;1.000000;0.928801;0.601881;-1.094279;-1.131565;
0.231200;1.000000;0.926926;0.600361;-1.089229;-1.128054;
0.231220;1.000000;0.924970;0.598822;-1.084088;-1.124536;
0.231240;1.000000;0.922950;0.597282;-1.078861;-1.121004;
0.231260;1.000000;0.920889;0.595754;-1.073554;-1.117452;
0.231280;1.000000;0.918807;0.594254;-1.068172;-1.113875;
0.231300;1.000000;0.916724;0.592799;-1.062722;-1.110264;
0.231320;1.000000;0.914662;0.591403;-1.057210;-1.106615;
0.231340;1.000000;0.912643;0.590081;-1.051643;-1.102919;
0.231360;1.000000;0.910688;0.588848;-1.046027;-1.099170;
0.231380;1.000000;0.908816;0.587717;-1.040368;-1.095360;
0.231400;1.000000;0.907049;0.586701;-1.034674;-1.091484;
0.231420;1.000000;0.905404;0.585811;-1.028952;-1.087534;
0.231440;1.000000;0.903901;0.585059;-1.023208;-1.083504;
0.231460;1.000000;0.902555;0.584454;-1.017448;-1.079389;
0.231480;1.000000;0.901383;0.584003;-1.011679;-1.075181;
0.231500;1.000000;0.900398;0.583714;-1.005907;-1.070877;
0.231520;1.000000;0.899613;0.583592;-1.000137;-1.066471;
0.231540;1.000000;0.899037;0.583639;-0.994374;-1.061959;
0.231560;1.000000;0.898680;0.583857;-0.988624;-1.057338;
0.231580;1.000000;0.898547;0.584245;-0.982889;-1.052605;
0.231600;1.000000;0.898643;0.584802;-0.977175;-1.047757;
0.231620;1.000000;0.898968;0.585524;-0.971483;-1.042793;
0.231640;1.000000;0.899524;0.586404;-0.965817;-1.037711;
0.231660;1.000000;0.900306;0.587434;-0.960179;-1.032513;
0.231680;1.000000;0.901309;0.588605;-0.954568;-1.027199;
0.231700;1.000000;0.902525;0.589906;-0.948986;-1.021769;
0.231720;1.000000;0.903943;0.591324;-0.943433;-1.016226;
0.231740;1.000000;0.905552;0.592844;-0.937908;-1.010574;
0.231760;1.000000;0.907335;0.594450;-0.932409;-1.004816;
0.231780;1.000000;0.909275;0.596126;-0.926934;-0.998955;
0.231800;1.000000;0.911355;0.597854;-0.921480;-0.992998;
0.231820;1.000000;0.913551;0.599614;-0.916043;-0.986949;
0.231840;1.000000;0.915843;0.601389;-0.910621;-0.980814;
0.231860;1.000000;0.918206;0.603158;-0.905207;-0.974601;
0.231880;1.000000;0.920615;0.604902;-0.899798;-0.968317;
0.231900;1.000000;0.923044;0.606601;-0.894388;-0.961968;
0.231920;1.000000;0.925468;0.608237;-0.888970;-0.955562;
0.231940;1.000000;0.927859;0.609790;-0.883539;-0.949109;
0.231960;1.000000;0.930191;0.611244;-0.878089;-0.942614;
0.231980;1.000000;0.932439;0.612581;-0.872613;-0.936088;
0.232000;1.000000;0.934577;0.613786;-0.867105;-0.929538;
0.232020;1.000000;0.936580;0.614846;-0.861557;-0.922972;
0.232040;1.000000;0.938427;0.615748;-0.855964;-0.916398;
0.232060;1.000000;0.940095;0.616482;-0.850318;-0.909824;
0.232080;1.000000;0.941565;0.617039;-0.844615;-0.903257;
0.232100;1.000000;0.942820;0.617412;-0.838846;-0.896706;
0.232120;1.000000;0.943844;0.617596;-0.833008;-0.890175;
0.232140;1.000000;0.944625;0.617590;-0.827094;-0.883672;
0.232160;1.000000;0.945152;0.617392;-0.821101;-0.877201;
0.232180;1.000000;0.945418;0.617005;-0.815022;-0.870769;
0.232200;1.000000;0.945419;0.616431;-0.808856;-0.864378;
0.232220;1.000000;0.945153;0.615676;-0.802599;-0.858033;
0.232240;1.000000;0.944620;0.614748;-0.796248;-0.851736;
0.232260;1.000000;0.943826;0.613657;-0.789802;-0.845490;
0.232280;1.000000;0.942776;0.612413;-0.783259;-0.839296;
0.232300;1.000000;0.941481;0.611029;-0.776620;-0.833154;
0.232320;1.000000;0.939952;0.609520;-0.769885;-0.827063;
0.232340;1.000000;0.938205;0.607901;-0.763055;-0.821023;
0.232360;1.000000;0.936257;0.606188;-0.756132;-0.815031;
0.232380;1.000000;0.934126;0.604399;-0.749118;-0.809085;
0.232400;1.000000;0.931835;0.602552;-0.742018;-0.803181;
0.232420;1.000000;0.929406;0.600667;-0.734836;-0.797316;
0.232440;1.000000;0.926865;0.598763;-0.727575;-0.791483;
0.232460;1.000000;0.924237;0.596858;-0.720242;-0.785678;
0.232480;1.000000;0.921549;0.594974;-0.712843;-0.779895;
0.232500;1.000000;0.918829;0.593130;-0.705383;-0.774127;
0.232520;1.000000;0.916105;0.591343;-0.697870;-0.768367;
0.232540;1.000000;0.913406;0.589635;-0.690311;-0.762608;
0.232560;1.000000;0.910759;0.588021;-0.682714;-0.756842;
0.232580;1.000000;0.908193;0.586519;-0.675085;-0.751062;
0.232600;1.000000;0.905734;0.585146;-0.667434;-0.745259;
0.232620;1.000000;0.903409;0.583915;-0.659768;-0.739427;
0.232640;1.000000;0.901242;0.582841;-0.652094;-0.733556;
0.232660;1.000000;0.899258;0.581935;-0.644422;-0.727640;
0.232680;1.000000;0.897476;0.581208;-0.636757;-0.721670;
0.232700;1.000000;0.895918;0.580667;-0.629108;-0.715640;
0.232720;1.000000;0.894600;0.580321;-0.621482;-0.709543;
0.232740;1.000000;0.893538;0.580173;-0.613885;-0.703372;
0.232760;1.000000;0.892743;0.580227;-0.606324;-0.697122;
0.232780;1.000000;0.892225;0.580483;-0.598803;-0.690787;
0.232800;1.000000;0.891991;0.580939;-0.591327;-0.684363;
0.232820;1.000000;0.892045;0.581592;-0.583901;-0.677845;
0.232840;1.000000;0.892388;0.582436;-0.576529;-0.671231;
0.232860;1.000000;0.893016;0.583464;-0.569212;-0.664518;
0.232880;1.000000;0.893926;0.584665;-0.561954;-0.657704;
0.232900;1.000000;0.895109;0.586029;-0.554754;-0.650789;
0.232920;1.000000;0.896553;0.587540;-0.547613;-0.643771;
0.232940;1.000000;0.898244;0.589185;-0.540531;-0.636653;
0.232960;1.000000;0.900165;0.590946;-0.533505;-0.629436;
0.232980;1.000000;0.902298;0.592804;-0.526535;-0.622122;
0.233000;1.000000;0.904620;0.594740;-0.519616;-0.614713;
0.233020;1.000000;0.907108;0.596734;-0.512744;-0.607215;
0.233040;1.000000;0.909736;0.598764;-0.505916;-0.599632;
0.233060;1.000000;0.912477;0.600808;-0.499126;-0.591968;
0.233080;1.000000;0.915302;0.602845;-0.492367;-0.584230;
0.233100;1.000000;0.918181;0.604851;-0.485633;-0.576424;
0.233120;1.000000;0.921085;0.606806;-0.478918;-0.568556;
0.233140;1.000000;0.923983;0.608687;-0.472214;-0.560635;
0.233160;1.000000;0.926844;0.610473;-0.465512;-0.552667;
0.233180;1.000000;0.929638;0.612146;-0.458806;-0.544661;
0.233200;1.000000;0.932335;0.613686;-0.452085;-0.536624;
0.233220;1.000000;0.934906;0.615076;-0.445343;-0.528565;
0.233240;1.000000;0.937324;0.616302;-0.438571;-0.520491;
0.233260;1.000000;0.939563;0.617348;-0.431760;-0.512410;
0.233280;1.000000;0.941600;0.618205;-0.424902;-0.504331;
0.233300;1.000000;0.943411;0.618862;-0.417990;-0.496260;
0.233320;1.000000;0.944978;0.619312;-0.411016;-0.488205;
0.233340;1.000000;0.946283;0.619550;-0.403972;-0.480172;
0.233360;1.000000;0.947312;0.619574;-0.396853;-0.472169;
0.233380;1.000000;0.948053;0.619383;-0.389652;-0.464199;
0.233400;1.000000;0.948499;0.618980;-0.382365;-0.456270;
0.233420;1.000000;0.948643;0.618369;-0.374986;-0.448384;
0.233440;1.000000;0.948483;0.617556;-0.367511;-0.440546;
0.233460;1.000000;0.948021;0.616551;-0.359938;-0.432759;
0.233480;1.000000;0.947260;0.615365;-0.352265;-0.425025;
0.233500;1.000000;0.946208;0.614009;-0.344490;-0.417345;
0.233520;1.000000;0.944875;0.612500;-0.336613;-0.409720;
0.233540;1.000000;0.943274;0.610852;-0.328634;-0.402150;
0.233560;1.000000;0.941422;0.609084;-0.320556;-0.394633;
0.233580;1.000000;0.939337;0.607214;-0.312379;-0.387168;
0.233600;1.000000;0.937041;0.605261;-0.304109;-0.379753;
0.233620;1.000000;0.934558;0.603247;-0.295748;-0.372383;
0.233640;1.000000;0.931911;0.601191;-0.287301;-0.365055;
0.233660;1.000000;0.929130;0.599116;-0.278775;-0.357763;
0.233680;1.000000;0.926243;0.597043;-0.270175;-0.350504;
0.233700;1.000000;0.923279;0.594993;-0.261509;-0.343269;
0.233720;1.000000;0.920270;0.592986;-0.252783;-0.336055;
0.233740;1.000000;0.917247;0.591045;-0.244007;-0.328852;
0.233760;1.000000;0.914241;0.589188;-0.235188;-0.321656;
0.233780;1.000000;0.911283;0.587435;-0.226335;-0.314457;
0.233800;1.000000;0.908405;0.585802;-0.217457;-0.307248;
0.233820;1.000000;0.905636;0.584309;-0.208563;-0.300022;
0.233840;1.000000;0.903006;0.582968;-0.199663;-0.292772;
0.233860;1.000000;0.900542;0.581795;-0.190765;-0.285489;
0.233880;1.000000;0.898269;0.580801;-0.181878;-0.278166;
0.233900;1.000000;0.896213;0.579997;-0.173011;-0.270797;
0.233920;1.000000;0.894394;0.579392;-0.164172;-0.263374;
0.233940;1.000000;0.892831;0.578991;-0.155369;-0.255891;
0.233960;1.000000;0.891540;0.578800;-0.146609;-0.248342;
0.233980;1.000000;0.890537;0.578821;-0.137899;-0.240722;
0.234000;1.000000;0.889829;0.579055;-0.129246;-0.233026;
0.234020;1.000000;0.889427;0.579498;-0.120654;-0.225250;
0.234040;1.000000;0.889332;0.580149;-0.112128;-0.217392;
0.234060;1.000000;0.889547;0.581000;-0.103671;-0.209447;
0.234080;1.000000;0.890069;0.582044;-0.095288;-0.201416;
0.234100;1.000000;0.890893;0.583269;-0.086979;-0.193296;
0.234120;1.000000;0.892009;0.584665;-0.078746;-0.185088;
0.234140;1.000000;0.893407;0.586216;-0.070589;-0.176793;
0.234160;1.000000;0.895071;0.587908;-0.062507;-0.168411;
0.234180;1.000000;0.896985;0.589723;-0.054499;-0.159946;
0.234200;1.000000;0.899128;0.591642;-0.046562;-0.151401;
0.234220;1.000000;0.901478;0.593646;-0.038692;-0.142780;
0.234240;1.000000;0.904010;0.595714;-0.030887;-0.134088;
0.234260;1.000000;0.906699;0.597823;-0.023140;-0.125329;
0.234280;1.000000;0.909517;0.599953;-0.015446;-0.116510;
0.234300;1.000000;0.912434;0.602080;-0.007799;-0.107638;
0.234320;1.000000;0.915420;0.604183;-0.000192;-0.098720;
0.234340;1.000000;0.918445;0.606239;0.007383;-0.089763;
0.234360;1.000000;0.921477;0.608226;0.014932;-0.080776;
0.234380;1.000000;0.924487;0.610124;0.022463;-0.071766;
0.234400;1.000000;0.927442;0.611912;0.029986;-0.062742;
0.234420;1.000000;0.930312;0.613572;0.037508;-0.053712;
0.234440;1.000000;0.933070;0.615087;0.045037;-0.044685;
0.234460;1.000000;0.935686;0.616442;0.052582;-0.035670;
0.234480;1.000000;0.938134;0.617622;0.060150;-0.026674;
0.234500;1.000000;0.940391;0.618617;0.067749;-0.017706;
0.234520;1.000000;0.942432;0.619416;0.075387;-0.008773;
0.234540;1.000000;0.944239;0.620012;0.083070;0.000116;
0.234560;1.000000;0.945794;0.620400;0.090804;0.008957;
0.234580;1.000000;0.947081;0.620579;0.098596;0.017741;
0.234600;1.000000;0.948088;0.620546;0.106451;0.026464;
0.234620;1.000000;0.948806;0.620306;0.114372;0.035120;
0.234640;1.000000;0.949230;0.619861;0.122363;0.043706;
0.234660;1.000000;0.949356;0.619219;0.130426;0.052217;
0.234680;1.000000;0.949184;0.618388;0.138564;0.060650;
0.234700;1.000000;0.948718;0.617379;0.146777;0.069004;
0.234720;1.000000;0.947964;0.616204;0.155065;0.077278;
0.234740;1.000000;0.946931;0.614877;0.163427;0.085471;
0.234760;1.000000;0.945633;0.613414;0.171861;0.093583;
0.234780;1.000000;0.944083;0.611832;0.180364;0.101616;
0.234800;1.000000;0.942301;0.610148;0.188933;0.109573;
0.234820;1.000000;0.940305;0.608382;0.197562;0.117455;
0.234840;1.000000;0.938119;0.606552;0.206247;0.125267;
0.234860;1.000000;0.935767;0.604678;0.214982;0.133013;
0.234880;1.000000;0.933274;0.602780;0.223758;0.140697;
0.234900;1.000000;0.930669;0.600878;0.232570;0.148326;
0.234920;1.000000;0.927979;0.598991;0.241409;0.155904;
0.234940;1.000000;0.925234;0.597140;0.250267;0.163439;
0.234960;1.000000;0.922463;0.595342;0.259134;0.170937;
0.234980;1.000000;0.919696;0.593616;0.268002;0.178405;
0.235000;1.000000;0.916963;0.591978;0.276863;0.185850;
0.235020;1.000000;0.914292;0.590445;0.285705;0.193281;
0.235040;1.000000;0.911712;0.589031;0.294521;0.200703;
0.235060;1.000000;0.909249;0.587750;0.303301;0.208124;
0.235080;1.000000;0.906928;0.586614;0.312035;0.215552;
0.235100;1.000000;0.904774;0.585634;0.320717;0.222994;
0.235120;1.000000;0.902809;0.584817;0.329336;0.230455;
0.235140;1.000000;0.901050;0.584173;0.337886;0.237942;
0.235160;1.000000;0.899517;0.583705;0.346360;0.245461;
0.235180;1.000000;0.898223;0.583418;0.354750;0.253017;
0.235200;1.000000;0.897180;0.583314;0.363052;0.260614;
0.235220;1.000000;0.896398;0.583393;0.371259;0.268257;
0.235240;1.000000;0.895883;0.583652;0.379369;0.275950;
0.235260;1.000000;0.895638;0.584088;0.387377;0.283693;
0.235280;1.000000;0.895665;0.584697;0.395281;0.291490;
0.235300;1.000000;0.895961;0.585469;0.403080;0.299342;
0.235320;1.000000;0.896522;0.586397;0.410774;0.307248;
0.235340;1.000000;0.897338;0.587469;0.418361;0.315208;
0.235360;1.000000;0.898402;0.588674;0.425845;0.323221;
0.235380;1.000000;0.899698;0.589999;0.433226;0.331284;
0.235400;1.000000;0.901214;0.591427;0.440509;0.339395;
0.235420;1.000000;0.902930;0.592943;0.447697;0.347551;
0.235440;1.000000;0.904829;0.594529;0.454795;0.355747;
0.235460;1.000000;0.906889;0.596169;0.461808;0.363977;
0.235480;1.000000;0.909087;0.597843;0.468743;0.372238;
0.235500;1.000000;0.911401;0.599533;0.475607;0.380521;
0.235520;1.000000;0.913804;0.601219;0.482406;0.388822;
0.235540;1.000000;0.916270;0.602882;0.489148;0.397133;
0.235560;1.000000;0.918775;0.604504;0.495843;0.405447;
0.235580;1.000000;0.921290;0.606066;0.502497;0.413757;
0.235600;1.000000;0.923790;0.607551;0.509120;0.422054;
0.235620;1.000000;0.926247;0.608942;0.515720;0.430332;
0.235640;1.000000;0.928636;0.610223;0.522306;0.438583;
0.235660;1.000000;0.930932;0.611381;0.528886;0.446799;
0.235680;1.000000;0.933110;0.612403;0.535470;0.454972;
0.235700;1.000000;0.935147;0.613277;0.542064;0.463096;
0.235720;1.000000;0.937023;0.613995;0.548676;0.471164;
0.235740;1.000000;0.938717;0.614549;0.555314;0.479169;
0.235760;1.000000;0.940212;0.614934;0.561984;0.487106;
0.235780;1.000000;0.941493;0.615147;0.568693;0.494969;
0.235800;1.000000;0.942546;0.615186;0.575444;0.502754;
0.235820;1.000000;0.943362;0.615053;0.582244;0.510455;
0.235840;1.000000;0.943932;0.614749;0.589095;0.518071;
0.235860;1.000000;0.944251;0.614281;0.596000;0.525597;
0.235880;1.000000;0.944317;0.613655;0.602962;0.533033;
0.235900;1.000000;0.944129;0.612878;0.609982;0.540376;
0.235920;1.000000;0.943691;0.611961;0.617060;0.547628;
0.235940;1.000000;0.943009;0.610915;0.624194;0.554787;
0.235960;1.000000;0.942091;0.609753;0.631385;0.561856;
0.235980;1.000000;0.940949;0.608488;0.638629;0.568835;
0.236000;1.000000;0.939595;0.607135;0.645923;0.575729;
0.236020;1.000000;0.938046;0.605710;0.653262;0.582540;
0.236040;1.000000;0.936318;0.604228;0.660643;0.589272;
0.236060;1.000000;0.934433;0.602705;0.668059;0.595931;
0.236080;1.000000;0.932410;0.601157;0.675505;0.602520;
0.236100;1.000000;0.930272;0.599600;0.682973;0.609048;
0.236120;1.000000;0.928043;0.598051;0.690457;0.615519;
0.236140;1.000000;0.925747;0.596526;0.697948;0.621940;
0.236160;1.000000;0.923408;0.595038;0.705438;0.628318;
0.236180;1.000000;0.921052;0.593602;0.712921;0.634660;
0.236200;1.000000;0.918702;0.592232;0.720386;0.640975;
0.236220;1.000000;0.916383;0.590941;0.727825;0.647268;
0.236240;1.000000;0.914119;0.589740;0.735231;0.653548;
0.236260;1.000000;0.911931;0.588640;0.742594;0.659822;
0.236280;1.000000;0.909842;0.587651;0.749907;0.666097;
0.236300;1.000000;0.907870;0.586780;0.757162;0.672379;
0.236320;1.000000;0.906035;0.586035;0.764351;0.678676;
0.236340;1.000000;0.904352;0.585421;0.771467;0.684994;
0.236360;1.000000;0.902836;0.584943;0.778504;0.691337;
0.236380;1.000000;0.901500;0.584605;0.785456;0.697712;
0.236400;1.000000;0.900354;0.584408;0.792318;0.704122;
0.236420;1.000000;0.899406;0.584352;0.799085;0.710572;
0.236440;1.000000;0.898662;0.584437;0.805754;0.717065;
0.236460;1.000000;0.898127;0.584660;0.812321;0.723603;
0.236480;1.000000;0.897802;0.585018;0.818785;0.730187;
0.236500;1.000000;0.897687;0.585506;0.825144;0.736820;
0.236520;1.000000;0.897779;0.586119;0.831398;0.743500;
0.236540;1.000000;0.898075;0.586849;0.837547;0.750228;
0.236560;1.000000;0.898567;0.587687;0.843593;0.757001;
0.236580;1.000000;0.899249;0.588625;0.849537;0.763819;
0.236600;1.000000;0.900110;0.589651;0.855382;0.770676;
0.236620;1.000000;0.901139;0.590755;0.861133;0.777571;
0.236640;1.000000;0.902324;0.591925;0.866792;0.784499;
0.236660;1.000000;0.903650;0.593147;0.872366;0.791454;
0.236680;1.000000;0.905102;0.594409;0.877860;0.798432;
0.236700;1.000000;0.906665;0.595697;0.883280;0.805425;
0.236720;1.000000;0.908321;0.596997;0.888632;0.812428;
0.236740;1.000000;0.910053;0.598295;0.893924;0.819434;
0.236760;1.000000;0.911841;0.599577;0.899162;0.826434;
0.236780;1.000000;0.913667;0.600831;0.904355;0.833423;
0.236800;1.000000;0.915513;0.602042;0.909509;0.840392;
0.236820;1.000000;0.917359;0.603198;0.914633;0.847332;
0.236840;1.000000;0.919185;0.604289;0.919734;0.854238;
0.236860;1.000000;0.920975;0.605302;0.924819;0.861100;
0.236880;1.000000;0.922709;0.606228;0.929896;0.867911;
0.236900;1.000000;0.924370;0.607059;0.934972;0.874665;
0.236920;1.000000;0.925942;0.607788;0.940053;0.881353;
0.236940;1.000000;0.927409;0.608409;0.945147;0.887969;
0.236960;1.000000;0.928758;0.608917;0.950257;0.894507;
0.236980;1.000000;0.929975;0.609311;0.955391;0.900962;
0.237000;1.000000;0.931051;0.609587;0.960551;0.907327;
0.237020;1.000000;0.931975;0.609748;0.965742;0.913599;
0.237040;1.000000;0.932741;0.609794;0.970967;0.919774;
0.237060;1.000000;0.933342;0.609730;0.976229;0.925848;
0.237080;1.000000;0.933776;0.609558;0.981528;0.931818;
0.237100;1.000000;0.934042;0.609286;0.986866;0.937684;
0.237120;1.000000;0.934139;0.608919;0.992243;0.943444;
0.237140;1.000000;0.934071;0.608467;0.997658;0.949098;
0.237160;1.000000;0.933844;0.607937;1.003110;0.954646;
0.237180;1.000000;0.933462;0.607339;1.008595;0.960090;
0.237200;1.000000;0.932936;0.606683;1.014111;0.965432;
0.237220;1.000000;0.932275;0.605980;1.019654;0.970674;
0.237240;1.000000;0.931492;0.605240;1.025220;0.975820;
0.237260;1.000000;0.930598;0.604474;1.030803;0.980873;
0.237280;1.000000;0.929610;0.603692;1.036398;0.985839;
0.237300;1.000000;0.928540;0.602905;1.041998;0.990722;
0.237320;1.000000;0.927407;0.602122;1.047596;0.995528;
0.237340;1.000000;0.926225;0.601353;1.053187;1.000264;
0.237360;1.000000;0.925010;0.600608;1.058761;1.004934;
0.237380;1.000000;0.923780;0.599894;1.064312;1.009546;
0.237400;1.000000;0.922551;0.599219;1.069832;1.014107;
0.237420;1.000000;0.921337;0.598589;1.075312;1.018624;
0.237440;1.000000;0.920153;0.598012;1.080746;1.023103;
0.237460;1.000000;0.919013;0.597491;1.086125;1.027551;
0.237480;1.000000;0.917930;0.597031;1.091441;1.031976;
0.237500;1.000000;0.916914;0.596637;1.096688;1.036384;
0.237520;1.000000;0.915977;0.596309;1.101858;1.040780;
0.237540;1.000000;0.915127;0.596051;1.106944;1.045172;
0.237560;1.000000;0.914371;0.595863;1.111940;1.049565;
0.237580;1.000000;0.913715;0.595745;1.116840;1.053964;
0.237600;1.000000;0.913163;0.595697;1.121640;1.058373;
0.237620;1.000000;0.912718;0.595717;1.126334;1.062797;
0.237640;1.000000;0.912381;0.595804;1.130918;1.067239;
0.237660;1.000000;0.912154;0.595955;1.135390;1.071703;
0.237680;1.000000;0.912034;0.596167;1.139746;1.076189;
0.237700;1.000000;0.912019;0.596436;1.143984;1.080700;
0.237720;1.000000;0.912107;0.596758;1.148104;1.085237;
0.237740;1.000000;0.912294;0.597128;1.152105;1.089799;
0.237760;1.000000;0.912574;0.597540;1.155987;1.094385;
0.237780;1.000000;0.912941;0.597989;1.159751;1.098994;
0.237800;1.000000;0.913390;0.598468;1.163400;1.103625;
0.237820;1.000000;0.913913;0.598972;1.166934;1.108273;
0.237840;1.000000;0.914504;0.599493;1.170358;1.112936;
0.237860;1.000000;0.915154;0.600025;1.173675;1.117608;
0.237880;1.000000;0.915856;0.600560;1.176889;1.122287;
0.237900;1.000000;0.916601;0.601091;1.180005;1.126965;
0.237920;1.000000;0.917381;0.601612;1.183028;1.131637;
0.237940;1.000000;0.918186;0.602115;1.185964;1.136298;
0.237960;1.000000;0.919009;0.602595;1.188818;1.140940;
0.237980;1.000000;0.919839;0.603043;1.191598;1.145556;
0.238000;1.000000;0.920669;0.603455;1.194309;1.150139;
0.238020;1.000000;0.921490;0.603824;1.196957;1.154682;
0.238040;1.000000;0.922293;0.604147;1.199550;1.159177;
0.238060;1.000000;0.923069;0.604418;1.202093;1.163618;
0.238080;1.000000;0.923810;0.604634;1.204595;1.167996;
0.238100;1.000000;0.924509;0.604793;1.207060;1.172304;
0.238120;1.000000;0.925159;0.604893;1.209495;1.176535;
0.238140;1.000000;0.925752;0.604932;1.211906;1.180682;
0.238160;1.000000;0.926282;0.604912;1.214299;1.184739;
0.238180;1.000000;0.926745;0.604832;1.216679;1.188701;
0.238200;1.000000;0.927135;0.604696;1.219050;1.192560;
0.238220;1.000000;0.927450;0.604506;1.221417;1.196312;
0.238240;1.000000;0.927687;0.604265;1.223784;1.199953;
0.238260;1.000000;0.927844;0.603978;1.226154;1.203478;
0.238280;1.000000;0.927922;0.603651;1.228529;1.206885;
0.238300;1.000000;0.927921;0.603290;1.230912;1.210170;
0.238320;1.000000;0.927843;0.602900;1.233304;1.213332;
0.238340;1.000000;0.927692;0.602489;1.235706;1.216369;
0.238360;1.000000;0.927472;0.602063;1.238118;1.219282;
0.238380;1.000000;0.927188;0.601630;1.240540;1.222070;
0.238400;1.000000;0.926847;0.601196;1.242970;1.224735;
0.238420;1.000000;0.926456;0.600769;1.245406;1.227277;
0.238440;1.000000;0.926022;0.600355;1.247848;1.229701;
0.238460;1.000000;0.925555;0.599960;1.250291;1.232007;
0.238480;1.000000;0.925063;0.599590;1.252732;1.234202;
0.238500;1.000000;0.924555;0.599250;1.255168;1.236287;
0.238520;1.000000;0.924040;0.598945;1.257593;1.238270;
0.238540;1.000000;0.923528;0.598678;1.260005;1.240154;
0.238560;1.000000;0.923027;0.598452;1.262396;1.241947;
0.238580;1.000000;0.922545;0.598268;1.264763;1.243653;
0.238600;1.000000;0.922090;0.598128;1.267099;1.245280;
0.238620;1.000000;0.921668;0.598032;1.269399;1.246835;
0.238640;1.000000;0.921284;0.597979;1.271657;1.248325;
0.238660;1.000000;0.920944;0.597969;1.273867;1.249756;
0.238680;1.000000;0.920650;0.597999;1.276023;1.251137;
0.238700;1.000000;0.920405;0.598065;1.278118;1.252474;
0.238720;1.000000;0.920209;0.598166;1.280148;1.253775;
0.238740;1.000000;0.920063;0.598297;1.282107;1.255046;
0.238760;1.000000;0.919965;0.598454;1.283989;1.256295;
0.238780;1.000000;0.919912;0.598631;1.285789;1.257529;
0.238800;1.000000;0.919900;0.598826;1.287502;1.258752;
0.238820;1.000000;0.919926;0.599031;1.289125;1.259972;
0.238840;1.000000;0.919983;0.599244;1.290652;1.261193;
0.238860;1.000000;0.920067;0.599457;1.292081;1.262421;
0.238880;1.000000;0.920170;0.599667;1.293408;1.263659;
0.238900;1.000000;0.920286;0.599869;1.294631;1.264912;
0.238920;1.000000;0.920409;0.600058;1.295748;1.266182;
0.238940;1.000000;0.920532;0.600229;1.296757;1.267472;
0.238960;1.000000;0.920649;0.600379;1.297657;1.268784;
0.238980;1.000000;0.920752;0.600504;1.298449;1.270118;
0.239000;1.000000;0.920837;0.600601;1.299132;1.271476;
0.239020;1.000000;0.920898;0.600667;1.299707;1.272856;
0.239040;1.000000;0.920931;0.600699;1.300176;1.274258;
0.239060;1.000000;0.920931;0.600695;1.300541;1.275681;
0.239080;1.000000;0.920896;0.600654;1.300803;1.277120;
0.239100;1.000000;0.920822;0.600574;1.300966;1.278575;
0.239120;1.000000;0.920709;0.600455;1.301034;1.280040;
0.239140;1.000000;0.920555;0.600296;1.301010;1.281513;
0.239160;1.000000;0.920359;0.600098;1.300898;1.282987;
0.239180;1.000000;0.920122;0.599862;1.300704;1.284459;
0.239200;1.000000;0.919845;0.599588;1.300431;1.285921;
0.239220;1.000000;0.919530;0.599280;1.300086;1.287369;
0.239240;1.000000;0.919179;0.598939;1.299674;1.288796;
0.239260;1.000000;0.918794;0.598569;1.299200;1.290196;
0.239280;1.000000;0.918378;0.598172;1.298669;1.291561;
0.239300;1.000000;0.917935;0.597754;1.298089;1.292884;
0.239320;1.000000;0.917469;0.597318;1.297465;1.294160;
0.239340;1.000000;0.916984;0.596870;1.296802;1.295381;
0.239360;1.000000;0.916485;0.596416;1.296106;1.296539;
0.239380;1.000000;0.915977;0.595960;1.295383;1.297629;
0.239400;1.000000;0.915465;0.595510;1.294638;1.298644;
0.239420;1.000000;0.914954;0.595073;1.293876;1.299578;
0.239440;1.000000;0.914451;0.594654;1.293101;1.300425;
0.239460;1.000000;0.913960;0.594261;1.292320;1.301179;
0.239480;1.000000;0.913489;0.593902;1.291535;1.301835;
0.239500;1.000000;0.913044;0.593582;1.290750;1.302389;
0.239520;1.000000;0.912632;0.593308;1.289969;1.302837;
0.239540;1.000000;0.912258;0.593088;1.289194;1.303176;
0.239560;1.000000;0.911930;0.592926;1.288428;1.303402;
0.239580;1.000000;0.911654;0.592829;1.287672;1.303513;
0.239600;1.000000;0.911437;0.592801;1.286928;1.303508;
0.239620;1.000000;0.911284;0.592846;1.286196;1.303387;
0.239640;1.000000;0.911203;0.592967;1.285477;1.303148;
0.239660;1.000000;0.911197;0.593166;1.284771;1.302792;
0.239680;1.000000;0.911273;0.593445;1.284076;1.302322;
0.239700;1.000000;0.911433;0.593804;1.283391;1.301737;
0.239720;1.000000;0.911682;0.594241;1.282714;1.301042;
0.239740;1.000000;0.912021;0.594754;1.282043;1.300238;
0.239760;1.000000;0.912452;0.595340;1.281374;1.299330;
0.239780;1.000000;0.912974;0.595994;1.280705;1.298323;
0.239800;1.000000;0.913586;0.596711;1.280031;1.297220;
0.239820;1.000000;0.914279;0.597279;1.279339;1.296027;
0.239840;1.000000;0.915048;0.598116;1.278624;1.294750;
0.239860;1.000000;0.915897;0.598995;1.277895;1.293394;
0.239880;1.000000;0.916818;0.599907;1.277145;1.291967;
0.239900;1.000000;0.917804;0.600841;1.276369;1.290474;
0.239920;1.000000;0.918845;0.601788;1.275562;1.288923;
0.239940;1.000000;0.919930;0.602737;1.274718;1.287319;
0.239960;1.000000;0.921048;0.603713;1.273834;1.285671;
0.239980;1.000000;0.922187;0.604611;1.272901;1.283985;
0.240000;1.000000;0.923330;0.605477;1.271912;1.282268;
0.240020;1.000000;0.924464;0.606301;1.270862;1.280526;
0.240040;1.000000;0.925575;0.607073;1.269743;1.278767;
0.240060;1.000000;0.926648;0.607784;1.268552;1.276996;
0.240080;1.000000;0.927669;0.608424;1.267283;1.275219;
0.240100;1.000000;0.928624;0.608986;1.265931;1.273442;
0.240120;1.000000;0.929501;0.609461;1.264492;1.271670;
0.240140;1.000000;0.930286;0.609845;1.262962;1.269907;
0.240160;1.000000;0.930970;0.610132;1.261336;1.268158;
0.240180;1.000000;0.931541;0.610317;1.259611;1.266425;
0.240200;1.000000;0.931990;0.610397;1.257785;1.264712;
0.240220;1.000000;0.932311;0.610371;1.255855;1.263021;
0.240240;1.000000;0.932497;0.610237;1.253819;1.261353;
0.240260;1.000000;0.932545;0.609997;1.251676;1.259709;
0.240280;1.000000;0.932451;0.609651;1.249425;1.258089;
0.240300;1.000000;0.932216;0.609202;1.247066;1.256492;
0.240320;1.000000;0.931839;0.608655;1.244598;1.254917;
0.240340;1.000000;0.931324;0.608013;1.242023;1.253362;
0.240360;1.000000;0.930676;0.607282;1.239343;1.251824;
0.240380;1.000000;0.929899;0.606470;1.236558;1.250300;
0.240400;1.000000;0.929002;0.605583;1.233672;1.248786;
0.240420;1.000000;0.927994;0.604631;1.230687;1.247277;
0.240440;1.000000;0.926884;0.603623;1.227607;1.245768;
0.240460;1.000000;0.925683;0.602567;1.224435;1.244253;
0.240480;1.000000;0.924404;0.601476;1.221177;1.242727;
0.240500;1.000000;0.923061;0.600360;1.217835;1.241182;
0.240520;1.000000;0.921666;0.599230;1.214416;1.239613;
0.240540;1.000000;0.920236;0.598098;1.210925;1.238011;
0.240560;1.000000;0.918784;0.596976;1.207366;1.236369;
0.240580;1.000000;0.917326;0.595877;1.203747;1.234681;
0.240600;1.000000;0.915877;0.594812;1.200071;1.232938;
0.240620;1.000000;0.914453;0.593794;1.196346;1.231134;
0.240640;1.000000;0.913070;0.592833;1.192577;1.229259;
0.240660;1.000000;0.911742;0.591943;1.188769;1.227309;
0.240680;1.000000;0.910485;0.591133;1.184930;1.225274;
0.240700;1.000000;0.909312;0.590414;1.181063;1.223149;
0.240720;1.000000;0.908238;0.589795;1.177175;1.220927;
0.240740;1.000000;0.907276;0.589286;1.173271;1.218602;
0.240760;1.000000;0.906438;0.588893;1.169355;1.216168;
0.240780;1.000000;0.905734;0.588624;1.165433;1.213621;
0.240800;1.000000;0.905176;0.588484;1.161507;1.210956;
0.240820;1.000000;0.904771;0.588476;1.157582;1.208169;
0.240840;1.000000;0.904529;0.588604;1.153661;1.205258;
0.240860;1.000000;0.904453;0.588868;1.149747;1.202219;
0.240880;1.000000;0.904550;0.589268;1.145841;1.199051;
0.240900;1.000000;0.904821;0.589802;1.141945;1.195753;
0.240920;1.000000;0.905268;0.590466;1.138061;1.192324;
0.240940;1.000000;0.905890;0.591255;1.134188;1.188766;
0.240960;1.000000;0.906683;0.592161;1.130327;1.185079;
0.240980;1.000000;0.907644;0.593178;1.126476;1.181266;
0.241000;1.000000;0.908766;0.594293;1.122634;1.177330;
0.241020;1.000000;0.910039;0.595497;1.118800;1.173273;
0.241040;1.000000;0.911454;0.596777;1.114970;1.169100;
0.241060;1.000000;0.912997;0.598120;1.111141;1.164817;
0.241080;1.000000;0.914655;0.599509;1.107311;1.160427;
0.241100;1.000000;0.916411;0.600932;1.103474;1.155938;
0.241120;1.000000;0.918247;0.602370;1.099627;1.151355;
0.241140;1.000000;0.920146;0.603809;1.095764;1.146687;
0.241160;1.000000;0.922087;0.605231;1.091879;1.141939;
0.241180;1.000000;0.924049;0.606620;1.087968;1.137119;
0.241200;1.000000;0.926010;0.607960;1.084025;1.132236;
0.241220;1.000000;0.927949;0.609234;1.080043;1.127297;
0.241240;1.000000;0.929844;0.610429;1.076017;1.122311;
0.241260;1.000000;0.931673;0.611528;1.071939;1.117285;
0.241280;1.000000;0.933413;0.612519;1.067804;1.112227;
0.241300;1.000000;0.935045;0.613389;1.063606;1.107146;
0.241320;1.000000;0.936548;0.614128;1.059339;1.102049;
0.241340;1.000000;0.937905;0.614726;1.054996;1.096943;
0.241360;1.000000;0.939097;0.615175;1.050572;1.091836;
0.241380;1.000000;0.940109;0.615469;1.046063;1.086734;
0.241400;1.000000;0.940929;0.615603;1.041462;1.081643;
0.241420;1.000000;0.941544;0.615575;1.036766;1.076568;
0.241440;1.000000;0.941944;0.615383;1.031970;1.071515;
0.241460;1.000000;0.942125;0.615028;1.027072;1.066488;
0.241480;1.000000;0.942079;0.614513;1.022069;1.061491;
0.241500;1.000000;0.941807;0.613842;1.016957;1.056526;
0.241520;1.000000;0.941308;0.613022;1.011736;1.051596;
0.241540;1.000000;0.940585;0.612059;1.006404;1.046701;
0.241560;1.000000;0.939644;0.610962;1.000962;1.041844;
0.241580;1.000000;0.938493;0.609744;0.995410;1.037022;
0.241600;1.000000;0.937142;0.608414;0.989749;1.032236;
0.241620;1.000000;0.935603;0.606988;0.983981;1.027483;
0.241640;1.000000;0.933891;0.605477;0.978109;1.022762;
0.241660;1.000000;0.932023;0.603899;0.972135;1.018069;
0.241680;1.000000;0.930017;0.602267;0.966064;1.013399;
0.241700;1.000000;0.927893;0.600600;0.959901;1.008749;
0.241720;1.000000;0.925672;0.598914;0.953650;1.004114;
0.241740;1.000000;0.923375;0.597226;0.947317;0.999486;
0.241760;1.000000;0.921028;0.595553;0.940909;0.994862;
0.241780;1.000000;0.918653;0.593913;0.934432;0.990233;
0.241800;1.000000;0.916274;0.592323;0.927893;0.985593;
0.241820;1.000000;0.913917;0.590800;0.921300;0.980934;
0.241840;1.000000;0.911606;0.589359;0.914659;0.976250;
0.241860;1.000000;0.909364;0.588017;0.907980;0.971532;
0.241880;1.000000;0.907217;0.586789;0.901269;0.966773;
0.241900;1.000000;0.905185;0.585687;0.894534;0.961965;
0.241920;1.000000;0.903293;0.584725;0.887784;0.957102;
0.241940;1.000000;0.901559;0.583914;0.881027;0.952175;
0.241960;1.000000;0.900004;0.583264;0.874269;0.947178;
0.241980;1.000000;0.898644;0.582783;0.867518;0.942103;
0.242000;1.000000;0.897496;0.582477;0.860780;0.936946;
0.242020;1.000000;0.896573;0.582353;0.854064;0.931700;
0.242040;1.000000;0.895887;0.582412;0.847373;0.926360;
0.242060;1.000000;0.895446;0.582656;0.840714;0.920921;
0.242080;1.000000;0.895258;0.583084;0.834092;0.915381;
0.242100;1.000000;0.895327;0.583694;0.827511;0.909734;
0.242120;1.000000;0.895654;0.584481;0.820975;0.903980;
0.242140;1.000000;0.896238;0.585438;0.814485;0.898116;
0.242160;1.000000;0.897075;0.586557;0.808045;0.892141;
0.242180;1.000000;0.898159;0.587827;0.801655;0.886056;
0.242200;1.000000;0.899480;0.589236;0.795317;0.879862;
0.242220;1.000000;0.901026;0.590770;0.789028;0.873559;
0.242240;1.000000;0.902782;0.592413;0.782790;0.867151;
0.242260;1.000000;0.904733;0.594149;0.776598;0.860641;
0.242280;1.000000;0.906858;0.595959;0.770451;0.854032;
0.242300;1.000000;0.909137;0.597825;0.764346;0.847329;
0.242320;1.000000;0.911547;0.599727;0.758277;0.840538;
0.242340;1.000000;0.914063;0.601645;0.752240;0.833665;
0.242360;1.000000;0.916658;0.603558;0.746230;0.826716;
0.242380;1.000000;0.919307;0.605444;0.740240;0.819698;
0.242400;1.000000;0.921980;0.607284;0.734264;0.812619;
0.242420;1.000000;0.924651;0.609057;0.728295;0.805486;
0.242440;1.000000;0.927290;0.610744;0.722325;0.798309;
0.242460;1.000000;0.929869;0.612325;0.716347;0.791094;
0.242480;1.000000;0.932361;0.613784;0.710353;0.783851;
0.242500;1.000000;0.934738;0.615104;0.704335;0.776589;
0.242520;1.000000;0.936974;0.616270;0.698285;0.769314;
0.242540;1.000000;0.939046;0.617268;0.692195;0.762037;
0.242560;1.000000;0.940930;0.618089;0.686057;0.754765;
0.242580;1.000000;0.942605;0.618722;0.679863;0.747505;
0.242600;1.000000;0.944052;0.619159;0.673607;0.740265;
0.242620;1.000000;0.945256;0.619397;0.667282;0.733053;
0.242640;1.000000;0.946202;0.619432;0.660881;0.725874;
0.242660;1.000000;0.946879;0.619263;0.654397;0.718735;
0.242680;1.000000;0.947279;0.618891;0.647827;0.711639;
0.242700;1.000000;0.947397;0.618321;0.641166;0.704593;
0.242720;1.000000;0.947229;0.617558;0.634409;0.697599;
0.242740;1.000000;0.946776;0.616610;0.627553;0.690661;
0.242760;1.000000;0.946043;0.615486;0.620597;0.683780;
0.242780;1.000000;0.945036;0.614198;0.613538;0.676958;
0.242800;1.000000;0.943763;0.612761;0.606376;0.670194;
0.242820;1.000000;0.942238;0.611187;0.599112;0.663489;
0.242840;1.000000;0.940475;0.609494;0.591746;0.656841;
0.242860;1.000000;0.938491;0.607699;0.584280;0.650248;
0.242880;1.000000;0.936308;0.605820;0.576718;0.643706;
0.242900;1.000000;0.933945;0.603877;0.569063;0.637213;
0.242920;1.000000;0.931428;0.601889;0.561319;0.630762;
0.242940;1.000000;0.928782;0.599877;0.553491;0.624349;
0.242960;1.000000;0.926034;0.597861;0.545586;0.617968;
0.242980;1.000000;0.923212;0.595862;0.537610;0.611612;
0.243000;1.000000;0.920345;0.593900;0.529570;0.605275;
0.243020;1.000000;0.917462;0.591995;0.521472;0.598948;
0.243040;1.000000;0.914594;0.590166;0.513327;0.592623;
0.243060;1.000000;0.911769;0.588432;0.505141;0.586294;
0.243080;1.000000;0.909018;0.586811;0.496923;0.579950;
0.243100;1.000000;0.906369;0.585320;0.488681;0.573584;
0.243120;1.000000;0.903849;0.583974;0.480426;0.567188;
0.243140;1.000000;0.901486;0.582786;0.472164;0.560752;
0.243160;1.000000;0.899303;0.581770;0.463905;0.554269;
0.243180;1.000000;0.897324;0.580936;0.455658;0.547730;
0.243200;1.000000;0.895571;0.580293;0.447429;0.541128;
0.243220;1.000000;0.894060;0.579848;0.439227;0.534455;
0.243240;1.000000;0.892809;0.579606;0.431059;0.527706;
0.243260;1.000000;0.891832;0.579571;0.422932;0.520873;
0.243280;1.000000;0.891138;0.579743;0.414851;0.513951;
0.243300;1.000000;0.890736;0.580122;0.406822;0.506935;
0.243320;1.000000;0.890630;0.580703;0.398849;0.499822;
0.243340;1.000000;0.890822;0.581482;0.390936;0.492607;
0.243360;1.000000;0.891310;0.582452;0.383085;0.485289;
0.243380;1.000000;0.892089;0.583601;0.375300;0.477865;
0.243400;1.000000;0.893152;0.584920;0.367580;0.470335;
0.243420;1.000000;0.894487;0.586395;0.359927;0.462699;
0.243440;1.000000;0.896081;0.588010;0.352339;0.454959;
0.243460;1.000000;0.897918;0.589749;0.344814;0.447116;
0.243480;1.000000;0.899978;0.591593;0.337351;0.439172;
0.243500;1.000000;0.902240;0.593524;0.329945;0.431132;
0.243520;1.000000;0.904680;0.595521;0.322593;0.422999;
0.243540;1.000000;0.907273;0.597563;0.315289;0.414780;
0.243560;1.000000;0.909992;0.599627;0.308028;0.406480;
0.243580;1.000000;0.912808;0.601692;0.300803;0.398105;
0.243600;1.000000;0.915691;0.603736;0.293607;0.389662;
0.243620;1.000000;0.918611;0.605736;0.286433;0.381159;
0.243640;1.000000;0.921539;0.607671;0.279273;0.372604;
0.243660;1.000000;0.924442;0.609520;0.272118;0.364006;
0.243680;1.000000;0.927291;0.611264;0.264960;0.355372;
0.243700;1.000000;0.930055;0.612882;0.257791;0.346712;
0.243720;1.000000;0.932707;0.614359;0.250600;0.338034;
0.243740;1.000000;0.935217;0.615677;0.243381;0.329347;
0.243760;1.000000;0.937560;0.616824;0.236123;0.320660;
0.243780;1.000000;0.939711;0.617788;0.228819;0.311982;
0.243800;1.000000;0.941647;0.618557;0.221460;0.303320;
0.243820;1.000000;0.943349;0.619125;0.214040;0.294682;
0.243840;1.000000;0.944799;0.619487;0.206551;0.286076;
0.243860;1.000000;0.945982;0.619639;0.198986;0.277509;
0.243880;1.000000;0.946885;0.619580;0.191340;0.268986;
0.243900;1.000000;0.947499;0.619313;0.183607;0.260514;
0.243920;1.000000;0.947818;0.618840;0.175784;0.252097;
0.243940;1.000000;0.947839;0.618169;0.167867;0.243739;
0.243960;1.000000;0.947562;0.617307;0.159853;0.235444;
0.243980;1.000000;0.946990;0.616265;0.151741;0.227214;
0.244000;1.000000;0.946130;0.615055;0.143530;0.219051;
0.244020;1.000000;0.944990;0.613691;0.135221;0.210955;
0.244040;1.000000;0.943584;0.612188;0.126815;0.202927;
0.244060;1.000000;0.941926;0.610564;0.118314;0.194965;
0.244080;1.000000;0.940034;0.608835;0.109721;0.187068;
0.244100;1.000000;0.937928;0.607023;0.101041;0.179233;
0.244120;1.000000;0.935632;0.605145;0.092278;0.171456;
0.244140;1.000000;0.933169;0.603222;0.083439;0.163734;
0.244160;1.000000;0.930566;0.601275;0.074530;0.156061;
0.244180;1.000000;0.927852;0.599324;0.065558;0.148433;
0.244200;1.000000;0.925054;0.597391;0.056532;0.140842;
0.244220;1.000000;0.922203;0.595494;0.047460;0.133283;
0.244240;1.000000;0.919329;0.593655;0.038350;0.125749;
0.244260;1.000000;0.916462;0.591891;0.029213;0.118231;
0.244280;1.000000;0.913635;0.590222;0.020058;0.110724;
0.244300;1.000000;0.910875;0.588665;0.010895;0.103219;
0.244320;1.000000;0.908214;0.587234;0.001733;0.095708;
0.244340;1.000000;0.905679;0.585946;-0.007417;0.088183;
0.244360;1.000000;0.903296;0.584813;-0.016546;0.080637;
0.244380;1.000000;0.901092;0.583848;-0.025644;0.073063;
0.244400;1.000000;0.899089;0.583059;-0.034702;0.065453;
0.244420;1.000000;0.897308;0.582455;-0.043711;0.057801;
0.244440;1.000000;0.895768;0.582043;-0.052663;0.050100;
0.244460;1.000000;0.894485;0.581826;-0.061551;0.042344;
0.244480;1.000000;0.893473;0.581808;-0.070367;0.034529;
0.244500;1.000000;0.892741;0.581989;-0.079106;0.026649;
0.244520;1.000000;0.892297;0.582366;-0.087761;0.018701;
0.244540;1.000000;0.892146;0.582938;-0.096329;0.010682;
0.244560;1.000000;0.892288;0.583697;-0.104806;0.002589;
0.244580;1.000000;0.892723;0.584636;-0.113189;-0.005579;
0.244600;1.000000;0.893444;0.585747;-0.121476;-0.013823;
0.244620;1.000000;0.894444;0.587017;-0.129667;-0.022141;
0.244640;1.000000;0.895713;0.588434;-0.137761;-0.030535;
0.244660;1.000000;0.897236;0.589982;-0.145761;-0.039000;
0.244680;1.000000;0.898999;0.591647;-0.153669;-0.047535;
0.244700;1.000000;0.900981;0.593410;-0.161487;-0.056136;
0.244720;1.000000;0.903164;0.595253;-0.169219;-0.064799;
0.244740;1.000000;0.905522;0.597157;-0.176871;-0.073518;
0.244760;1.000000;0.908034;0.599100;-0.184448;-0.082288;
0.244780;1.000000;0.910671;0.601064;-0.191957;-0.091102;
0.244800;1.000000;0.913407;0.603026;-0.199404;-0.099953;
0.244820;1.000000;0.916215;0.604965;-0.206796;-0.108834;
0.244840;1.000000;0.919064;0.606861;-0.214143;-0.117737;
0.244860;1.000000;0.921926;0.608694;-0.221452;-0.126654;
0.244880;1.000000;0.924772;0.610444;-0.228732;-0.135576;
0.244900;1.000000;0.927572;0.612092;-0.235992;-0.144495;
0.244920;1.000000;0.930298;0.613620;-0.243240;-0.153402;
0.244940;1.000000;0.932923;0.615013;-0.250486;-0.162289;
0.244960;1.000000;0.935419;0.616255;-0.257739;-0.171147;
0.244980;1.000000;0.937762;0.617335;-0.265006;-0.179968;
0.245000;1.000000;0.939929;0.618241;-0.272296;-0.188744;
0.245020;1.000000;0.941897;0.618963;-0.279616;-0.197467;
0.245040;1.000000;0.943647;0.619496;-0.286975;-0.206130;
0.245060;1.000000;0.945162;0.619835;-0.294378;-0.214727;
0.245080;1.000000;0.946428;0.619977;-0.301832;-0.223251;
0.245100;1.000000;0.947432;0.619921;-0.309342;-0.231698;
0.245120;1.000000;0.948165;0.619671;-0.316911;-0.240063;
0.245140;1.000000;0.948620;0.619229;-0.324545;-0.248341;
0.245160;1.000000;0.948795;0.618603;-0.332245;-0.256531;
0.245180;1.000000;0.948690;0.617800;-0.340013;-0.264628;
0.245200;1.000000;0.948305;0.616831;-0.347850;-0.272633;
0.245220;1.000000;0.947648;0.615706;-0.355756;-0.280545;
0.245240;1.000000;0.946726;0.614440;-0.363730;-0.288364;
0.245260;1.000000;0.945550;0.613046;-0.371769;-0.296092;
0.245280;1.000000;0.944135;0.611540;-0.379871;-0.303730;
0.245300;1.000000;0.942496;0.609940;-0.388032;-0.311281;
0.245320;1.000000;0.940652;0.608261;-0.396246;-0.318749;
0.245340;1.000000;0.938624;0.606523;-0.404509;-0.326139;
0.245360;1.000000;0.936434;0.604743;-0.412814;-0.333455;
0.245380;1.000000;0.934106;0.602940;-0.421153;-0.340703;
0.245400;1.000000;0.931666;0.601132;-0.429521;-0.347890;
0.245420;1.000000;0.929139;0.599336;-0.437907;-0.355022;
0.245440;1.000000;0.926553;0.597571;-0.446305;-0.362106;
0.245460;1.000000;0.923935;0.595854;-0.454704;-0.369151;
0.245480;1.000000;0.921312;0.594201;-0.463097;-0.376163;
0.245500;1.000000;0.918712;0.592628;-0.471472;-0.383150;
0.245520;1.000000;0.916162;0.591148;-0.479822;-0.390121;
0.245540;1.000000;0.913686;0.589776;-0.488137;-0.397083;
0.245560;1.000000;0.911310;0.588523;-0.496408;-0.404045;
0.245580;1.000000;0.909058;0.587400;-0.504626;-0.411013;
0.245600;1.000000;0.906950;0.586417;-0.512783;-0.417996;
0.245620;1.000000;0.905007;0.585581;-0.520870;-0.424999;
0.245640;1.000000;0.903246;0.584900;-0.528881;-0.432031;
0.245660;1.000000;0.901685;0.584377;-0.536807;-0.439096;
0.245680;1.000000;0.900335;0.584017;-0.544643;-0.446201;
0.245700;1.000000;0.899208;0.583822;-0.552384;-0.453349;
0.245720;1.000000;0.898312;0.583791;-0.560025;-0.460546;
0.245740;1.000000;0.897654;0.583922;-0.567562;-0.467794;
0.245760;1.000000;0.897238;0.584213;-0.574992;-0.475096;
0.245780;1.000000;0.897064;0.584660;-0.582313;-0.482454;
0.245800;1.000000;0.897131;0.585255;-0.589524;-0.489868;
0.245820;1.000000;0.897434;0.585991;-0.596625;-0.497340;
0.245840;1.000000;0.897969;0.586859;-0.603617;-0.504867;
0.245860;1.000000;0.898725;0.587849;-0.610502;-0.512449;
0.245880;1.000000;0.899693;0.588949;-0.617282;-0.520083;
0.245900;1.000000;0.900860;0.590145;-0.623961;-0.527766;
0.245920;1.000000;0.902212;0.591424;-0.630544;-0.535494;
0.245940;1.000000;0.903731;0.592771;-0.637035;-0.543262;
0.245960;1.000000;0.905401;0.594171;-0.643441;-0.551065;
0.245980;1.000000;0.907201;0.595607;-0.649768;-0.558897;
0.246000;1.000000;0.909112;0.597063;-0.656023;-0.566752;
0.246020;1.000000;0.911112;0.598523;-0.662215;-0.574622;
0.246040;1.000000;0.913179;0.599970;-0.668350;-0.582501;
0.246060;1.000000;0.915290;0.601388;-0.674438;-0.590380;
0.246080;1.000000;0.917423;0.602760;-0.680488;-0.598252;
0.246100;1.000000;0.919553;0.604072;-0.686507;-0.606109;
0.246120;1.000000;0.921659;0.605309;-0.692505;-0.613942;
0.246140;1.000000;0.923717;0.606458;-0.698491;-0.621744;
0.246160;1.000000;0.925705;0.607505;-0.704473;-0.629506;
0.246180;1.000000;0.927603;0.608442;-0.710460;-0.637221;
0.246200;1.000000;0.929389;0.609257;-0.716460;-0.644881;
0.246220;1.000000;0.931047;0.609943;-0.722480;-0.652479;
0.246240;1.000000;0.932557;0.610494;-0.728527;-0.660009;
0.246260;1.000000;0.933904;0.610905;-0.734608;-0.667464;
0.246280;1.000000;0.935076;0.611173;-0.740729;-0.674838;
0.246300;1.000000;0.936060;0.611298;-0.746895;-0.682127;
0.246320;1.000000;0.936846;0.611280;-0.753109;-0.689326;
0.246340;1.000000;0.937428;0.611122;-0.759377;-0.696432;
0.246360;1.000000;0.937801;0.610828;-0.765699;-0.703441;
0.246380;1.000000;0.937963;0.610404;-0.772079;-0.710353;
0.246400;1.000000;0.937912;0.609858;-0.778516;-0.717164;
0.246420;1.000000;0.937653;0.609197;-0.785012;-0.723876;
0.246440;1.000000;0.937189;0.608431;-0.791564;-0.730489;
0.246460;1.000000;0.936529;0.607572;-0.798170;-0.737003;
0.246480;1.000000;0.935682;0.606631;-0.804829;-0.743421;
0.246500;1.000000;0.934659;0.605621;-0.811537;-0.749746;
0.246520;1.000000;0.933473;0.604554;-0.818288;-0.755981;
0.246540;1.000000;0.932141;0.603443;-0.825079;-0.762130;
0.246560;1.000000;0.930679;0.602302;-0.831902;-0.768198;
0.246580;1.000000;0.929105;0.601145;-0.838751;-0.774191;
0.246600;1.000000;0.927438;0.599985;-0.845620;-0.780115;
0.246620;1.000000;0.925699;0.598834;-0.852501;-0.785976;
0.246640;1.000000;0.923907;0.597705;-0.859385;-0.791781;
0.246660;1.000000;0.922084;0.596610;-0.866264;-0.797537;
0.246680;1.000000;0.920251;0.595561;-0.873130;-0.803252;
0.246700;1.000000;0.918427;0.594568;-0.879974;-0.808934;
0.246720;1.000000;0.916633;0.593641;-0.886787;-0.814589;
0.246740;1.000000;0.914888;0.592788;-0.893560;-0.820225;
0.246760;1.000000;0.913210;0.592018;-0.900285;-0.825851;
0.246780;1.000000;0.911617;0.591337;-0.906954;-0.831472;
0.246800;1.000000;0.910123;0.590752;-0.913557;-0.837097;
0.246820;1.000000;0.908743;0.590267;-0.920088;-0.842732;
0.246840;1.000000;0.907490;0.589885;-0.926539;-0.848384;
0.246860;1.000000;0.906375;0.589611;-0.932904;-0.854057;
0.246880;1.000000;0.905406;0.589445;-0.939176;-0.859757;
0.246900;1.000000;0.904591;0.589389;-0.945350;-0.865490;
0.246920;1.000000;0.903936;0.589441;-0.951421;-0.871258;
0.246940;1.000000;0.903443;0.589600;-0.957385;-0.877065;
0.246960;1.000000;0.903116;0.589864;-0.963239;-0.882914;
0.246980;1.000000;0.902955;0.590229;-0.968980;-0.888806;
0.247000;1.000000;0.902958;0.590691;-0.974607;-0.894742;
0.247020;1.000000;0.903122;0.591244;-0.980119;-0.900722;
0.247040;1.000000;0.903443;0.591883;-0.985517;-0.906745;
0.247060;1.000000;0.903916;0.592600;-0.990801;-0.912810;
0.247080;1.000000;0.904532;0.593387;-0.995974;-0.918915;
0.247100;1.000000;0.905285;0.594235;-1.001036;-0.925056;
0.247120;1.000000;0.906165;0.595137;-1.005994;-0.931229;
0.247140;1.000000;0.907162;0.596081;-1.010849;-0.937430;
0.247160;1.000000;0.908264;0.597057;-1.015607;-0.943654;
0.247180;1.000000;0.909459;0.598055;-1.020273;-0.949894;
0.247200;1.000000;0.910735;0.599065;-1.024853;-0.956144;
0.247220;1.000000;0.912079;0.600075;-1.029354;-0.962398;
0.247240;1.000000;0.913476;0.601074;-1.033782;-0.968648;
0.247260;1.000000;0.914913;0.602053;-1.038144;-0.974886;
0.247280;1.000000;0.916375;0.602999;-1.042447;-0.981105;
0.247300;1.000000;0.917847;0.603905;-1.046700;-0.987295;
0.247320;1.000000;0.919316;0.604759;-1.050909;-0.993450;
0.247340;1.000000;0.920766;0.605554;-1.055082;-0.999560;
0.247360;1.000000;0.922184;0.606281;-1.059226;-1.005618;
0.247380;1.000000;0.923556;0.606935;-1.063350;-1.011615;
0.247400;1.000000;0.924868;0.607508;-1.067459;-1.017544;
0.247420;1.000000;0.926109;0.607996;-1.071560;-1.023396;
0.247440;1.000000;0.927266;0.608396;-1.075660;-1.029166;
0.247460;1.000000;0.928330;0.608705;-1.079764;-1.034845;
0.247480;1.000000;0.929290;0.608922;-1.083879;-1.040428;
0.247500;1.000000;0.930139;0.609047;-1.088007;-1.045909;
0.247520;1.000000;0.930869;0.609082;-1.092154;-1.051284;
0.247540;1.000000;0.931477;0.609029;-1.096323;-1.056547;
0.247560;1.000000;0.931957;0.608892;-1.100517;-1.061695;
0.247580;1.000000;0.932308;0.608676;-1.104737;-1.066725;
0.247600;1.000000;0.932530;0.608386;-1.108984;-1.071636;
0.247620;1.000000;0.932623;0.608030;-1.113259;-1.076425;
0.247640;1.000000;0.932591;0.607613;-1.117562;-1.081092;
0.247660;1.000000;0.932438;0.607144;-1.121891;-1.085638;
0.247680;1.000000;0.932170;0.606632;-1.126244;-1.090063;
0.247700;1.000000;0.931794;0.606084;-1.130620;-1.094369;
0.247720;1.000000;0.931319;0.605510;-1.135013;-1.098560;
0.247740;1.000000;0.930756;0.604917;-1.139421;-1.102637;
0.247760;1.000000;0.930114;0.604315;-1.143838;-1.106606;
0.247780;1.000000;0.929405;0.603711;-1.148260;-1.110470;
0.247800;1.000000;0.928641;0.603113;-1.152681;-1.114236;
0.247820;1.000000;0.927835;0.602530;-1.157094;-1.117908;
0.247840;1.000000;0.926999;0.601966;-1.161493;-1.121493;
0.247860;1.000000;0.926146;0.601428;-1.165870;-1.124998;
0.247880;1.000000;0.925288;0.600923;-1.170219;-1.128430;
0.247900;1.000000;0.924437;0.600453;-1.174533;-1.131796;
0.247920;1.000000;0.923603;0.600024;-1.178803;-1.135102;
0.247940;1.000000;0.922798;0.599637;-1.183022;-1.138358;
0.247960;1.000000;0.922029;0.599296;-1.187183;-1.141570;
0.247980;1.000000;0.921306;0.599001;-1.191278;-1.144745;
0.248000;1.000000;0.920636;0.598754;-1.195301;-1.147892;
0.248020;1.000000;0.920023;0.598555;-1.199243;-1.151017;
0.248040;1.000000;0.919473;0.598402;-1.203099;-1.154127;
0.248060;1.000000;0.918989;0.598296;-1.206862;-1.157228;
0.248080;1.000000;0.918573;0.598233;-1.210526;-1.160328;
0.248100;1.000000;0.918226;0.598213;-1.214087;-1.163430;
0.248120;1.000000;0.917947;0.598232;-1.217540;-1.166541;
0.248140;1.000000;0.917735;0.598287;-1.220880;-1.169664;
0.248160;1.000000;0.917588;0.598376;-1.224103;-1.172804;
0.248180;1.000000;0.917502;0.598493;-1.227208;-1.175963;
0.248200;1.000000;0.917475;0.598636;-1.230192;-1.179145;
0.248220;1.000000;0.917501;0.598801;-1.233053;-1.182350;
0.248240;1.000000;0.917576;0.598982;-1.235791;-1.185580;
0.248260;1.000000;0.917694;0.599177;-1.238407;-1.188834;
0.248280;1.000000;0.917852;0.599379;-1.240899;-1.192113;
0.248300;1.000000;0.918042;0.599586;-1.243271;-1.195415;
0.248320;1.000000;0.918260;0.599792;-1.245523;-1.198738;
0.248340;1.000000;0.918499;0.599993;-1.247660;-1.202079;
0.248360;1.000000;0.918756;0.600185;-1.249684;-1.205435;
0.248380;1.000000;0.919023;0.600363;-1.251598;-1.208801;
0.248400;1.000000;0.919297;0.600524;-1.253409;-1.212172;
0.248420;1.000000;0.919572;0.600664;-1.255120;-1.215544;
0.248440;1.000000;0.919844;0.600778;-1.256737;-1.218911;
0.248460;1.000000;0.920108;0.600865;-1.258266;-1.222265;
0.248480;1.000000;0.920359;0.600921;-1.259714;-1.225602;
0.248500;1.000000;0.920594;0.600944;-1.261085;-1.228913;
0.248520;1.000000;0.920810;0.600932;-1.262388;-1.232191;
0.248540;1.000000;0.921001;0.600883;-1.263629;-1.235429;
0.248560;1.000000;0.921167;0.600798;-1.264814;-1.238620;
0.248580;1.000000;0.921303;0.600676;-1.265950;-1.241756;
0.248600;1.000000;0.921407;0.600518;-1.267045;-1.244829;
0.248620;1.000000;0.921477;0.600325;-1.268105;-1.247832;
0.248640;1.000000;0.921512;0.600099;-1.269136;-1.250758;
0.248660;1.000000;0.921511;0.599843;-1.270144;-1.253599;
0.248680;1.000000;0.921472;0.599560;-1.271136;-1.256350;
0.248700;1.000000;0.921396;0.599254;-1.272117;-1.259005;
0.248720;1.000000;0.921284;0.598930;-1.273091;-1.261557;
0.248740;1.000000;0.921137;0.598592;-1.274064;-1.264001;
0.248760;1.000000;0.920956;0.598247;-1.275039;-1.266333;
0.248780;1.000000;0.920745;0.597901;-1.276021;-1.268548;
0.248800;1.000000;0.920507;0.597558;-1.277012;-1.270644;
0.248820;1.000000;0.920245;0.597226;-1.278014;-1.272617;
0.248840;1.000000;0.919965;0.596912;-1.279030;-1.274467;
0.248860;1.000000;0.919672;0.596620;-1.280060;-1.276190;
0.248880;1.000000;0.919371;0.596357;-1.281106;-1.277788;
0.248900;1.000000;0.919069;0.596129;-1.282167;-1.279261;
0.248920;1.000000;0.918772;0.595940;-1.283242;-1.280608;
0.248940;1.000000;0.918487;0.595796;-1.284330;-1.281833;
0.248960;1.000000;0.918222;0.595699;-1.285429;-1.282938;
0.248980;1.000000;0.917981;0.595654;-1.286537;-1.283925;
0.249000;1.000000;0.917773;0.595663;-1.287650;-1.284800;
0.249020;1.000000;0.917603;0.595726;-1.288765;-1.285565;
0.249040;1.000000;0.917477;0.595845;-1.289879;-1.286228;
0.249060;1.000000;0.917399;0.596018;-1.290986;-1.286792;
0.249080;1.000000;0.917373;0.596245;-1.292082;-1.287264;
0.249100;1.000000;0.917403;0.596523;-1.293161;-1.287652;
0.249120;1.000000;0.917491;0.596849;-1.294219;-1.287960;
0.249140;1.000000;0.917636;0.597219;-1.295249;-1.288198;
0.249160;1.000000;0.917839;0.597628;-1.296246;-1.288372;
0.249180;1.000000;0.918098;0.598071;-1.297203;-1.288490;
0.249200;1.000000;0.918410;0.598541;-1.298115;-1.288560;
0.249220;1.000000;0.918771;0.599032;-1.298975;-1.288588;
0.249240;1.000000;0.919175;0.599537;-1.299778;-1.288584;
0.249260;1.000000;0.919616;0.600049;-1.300517;-1.288554;
0.249280;1.000000;0.920087;0.600561;-1.301188;-1.288506;
0.249300;1.000000;0.920579;0.601065;-1.301784;-1.288446;
0.249320;1.000000;0.921085;0.601554;-1.302300;-1.288381;
0.249340;1.000000;0.921594;0.602021;-1.302732;-1.288318;
0.249360;1.000000;0.922097;0.602460;-1.303075;-1.288263;
0.249380;1.000000;0.922585;0.602864;-1.303324;-1.288219;
0.249400;1.000000;0.923048;0.603227;-1.303477;-1.288193;
0.249420;1.000000;0.923477;0.603543;-1.303529;-1.288189;
0.249440;1.000000;0.923863;0.603809;-1.303479;-1.288209;
0.249460;1.000000;0.924198;0.604019;-1.303325;-1.288256;
0.249480;1.000000;0.924474;0.604170;-1.303063;-1.288333;
0.249500;1.000000;0.924685;0.604260;-1.302695;-1.288441;
0.249520;1.000000;0.924826;0.604286;-1.302219;-1.288580;
0.249540;1.000000;0.924892;0.604247;-1.301635;-1.288749;
0.249560;1.000000;0.924879;0.604143;-1.300944;-1.288949;
0.249580;1.000000;0.924785;0.603973;-1.300148;-1.289177;
0.249600;1.000000;0.924610;0.603738;-1.299248;-1.289431;
0.249620;1.000000;0.924353;0.603441;-1.298246;-1.289707;
0.249640;1.000000;0.924016;0.603083;-1.297146;-1.290003;
0.249660;1.000000;0.923601;0.602667;-1.295951;-1.290313;
0.249680;1.000000;0.923112;0.602198;-1.294665;-1.290632;
0.249700;1.000000;0.922552;0.601678;-1.293291;-1.290955;
0.249720;1.000000;0.921928;0.601114;-1.291836;-1.291276;
0.249740;1.000000;0.921245;0.600512;-1.290303;-1.291588;
0.249760;1.000000;0.920510;0.599876;-1.288697;-1.291884;
0.249780;1.000000;0.919731;0.599214;-1.287025;-1.292158;
0.249800;1.000000;0.918917;0.598532;-1.285292;-1.292401;
0.249820;1.000000;0.918074;0.597839;-1.283504;-1.292606;
0.249840;1.000000;0.917213;0.597143;-1.281666;-1.292766;
0.249860;1.000000;0.916343;0.596451;-1.279785;-1.292872;
0.249880;1.000000;0.915473;0.595772;-1.277867;-1.292917;
0.249900;1.000000;0.914612;0.595115;-1.275916;-1.292894;
0.249920;1.000000;0.913772;0.594488;-1.273940;-1.292794;
0.249940;1.000000;0.912960;0.593900;-1.271943;-1.292612;
0.249960;1.000000;0.912188;0.593360;-1.269930;-1.292340;
0.249980;1.000000;0.911464;0.592876;-1.267907;-1.291971;
0.250000;1.000000;0.910799;0.592455;-1.265878;-1.291500;
0.250020;1.000000;0.910201;0.592106;-1.263847;-1.290922;
0.250040;1.000000;0.909678;0.591834;-1.261818;-1.290231;
0.250060;1.000000;0.909241;0.591647;-1.259794;-1.289424;
0.250080;1.000000;0.908895;0.591550;-1.257778;-1.288496;
0.250100;1.000000;0.908650;0.591546;-1.255773;-1.287445;
0.250120;1.000000;0.908510;0.591640;-1.253779;-1.286268;
0.250140;1.000000;0.908482;0.591833;-1.251798;-1.284965;
0.250160;1.000000;0.908571;0.592127;-1.249832;-1.283534;
0.250180;1.000000;0.908780;0.592521;-1.247879;-1.281975;
0.250200;1.000000;0.909111;0.593015;-1.245939;-1.280289;
0.250220;1.000000;0.909567;0.593604;-1.244011;-1.278478;
0.250240;1.000000;0.910147;0.594285;-1.242092;-1.276543;
0.250260;1.000000;0.910849;0.595053;-1.240182;-1.274489;
0.250280;1.000000;0.911670;0.595901;-1.238277;-1.272317;
0.250300;1.000000;0.912606;0.596821;-1.236373;-1.270034;
0.250320;1.000000;0.913651;0.597804;-1.234466;-1.267643;
0.250340;1.000000;0.914796;0.598840;-1.232553;-1.265149;
0.250360;1.000000;0.916033;0.599918;-1.230628;-1.262560;
0.250380;1.000000;0.917350;0.601027;-1.228686;-1.259881;
0.250400;1.000000;0.918736;0.602154;-1.226722;-1.257119;
0.250420;1.000000;0.920176;0.603286;-1.224730;-1.254281;
0.250440;1.000000;0.921656;0.604410;-1.222703;-1.251375;
0.250460;1.000000;0.923161;0.605514;-1.220637;-1.248407;
0.250480;1.000000;0.924674;0.606584;-1.218523;-1.245386;
0.250500;1.000000;0.926178;0.607607;-1.216357;-1.242319;
0.250520;1.000000;0.927656;0.608570;-1.214130;-1.239214;
0.250540;1.000000;0.929090;0.609463;-1.211839;-1.236079;
0.250560;1.000000;0.930462;0.610273;-1.209475;-1.232920;
0.250580;1.000000;0.931757;0.610991;-1.207033;-1.229745;
0.250600;1.000000;0.932958;0.611606;-1.204507;-1.226560;
0.250620;1.000000;0.934048;0.612111;-1.201891;-1.223372;
0.250640;1.000000;0.935014;0.612498;-1.199181;-1.220187;
0.250660;1.000000;0.935843;0.612762;-1.196372;-1.217009;
0.250680;1.000000;0.936523;0.612899;-1.193458;-1.213845;
0.250700;1.000000;0.937044;0.612905;-1.190438;-1.210697;
0.250720;1.000000;0.937397;0.612778;-1.187306;-1.207569;
0.250740;1.000000;0.937576;0.612520;-1.184061;-1.204465;
0.250760;1.000000;0.937577;0.612129;-1.180699;-1.201386;
0.250780;1.000000;0.937398;0.611611;-1.177221;-1.198334;
0.250800;1.000000;0.937037;0.610968;-1.173624;-1.195309;
0.250820;1.000000;0.936497;0.610205;-1.169908;-1.192311;
0.250840;1.000000;0.935782;0.609331;-1.166075;-1.189339;
0.250860;1.000000;0.934897;0.608352;-1.162124;-1.186391;
0.250880;1.000000;0.933850;0.607277;-1.158058;-1.183465;
0.250900;1.000000;0.932651;0.606117;-1.153879;-1.180558;
0.250920;1.000000;0.931310;0.604882;-1.149589;-1.177665;
0.250940;1.000000;0.929842;0.603585;-1.145194;-1.174783;
0.250960;1.000000;0.928259;0.602237;-1.140696;-1.171906;
0.250980;1.000000;0.926577;0.600853;-1.136100;-1.169028;
0.251000;1.000000;0.924814;0.599446;-1.131412;-1.166143;
0.251020;1.000000;0.922987;0.598030;-1.126638;-1.163245;
0.251040;1.000000;0.921115;0.596620;-1.121782;-1.160327;
0.251060;1.000000;0.919215;0.595229;-1.116853;-1.157380;
0.251080;1.000000;0.917309;0.593873;-1.111856;-1.154398;
0.251100;1.000000;0.915415;0.592566;-1.106798;-1.151373;
0.251120;1.000000;0.913552;0.591321;-1.101687;-1.148297;
0.251140;1.000000;0.911742;0.590153;-1.096530;-1.145162;
0.251160;1.000000;0.910002;0.589074;-1.091334;-1.141961;
0.251180;1.000000;0.908352;0.588098;-1.086105;-1.138685;
0.251200;1.000000;0.906809;0.587235;-1.080853;-1.135328;
0.251220;1.000000;0.905390;0.586495;-1.075582;-1.131883;
0.251240;1.000000;0.904112;0.585889;-1.070300;-1.128342;
0.251260;1.000000;0.902989;0.585425;-1.065013;-1.124700;
0.251280;1.000000;0.902035;0.585108;-1.059728;-1.120950;
0.251300;1.000000;0.901262;0.584946;-1.054449;-1.117089;
0.251320;1.000000;0.900680;0.584940;-1.049182;-1.113111;
0.251340;1.000000;0.900297;0.585094;-1.043932;-1.109012;
0.251360;1.000000;0.900121;0.585408;-1.038703;-1.104789;
0.251380;1.000000;0.900156;0.585881;-1.033497;-1.100441;
0.251400;1.000000;0.900405;0.586508;-1.028318;-1.095966;
0.251420;1.000000;0.900867;0.587287;-1.023167;-1.091362;
0.251440;1.000000;0.901542;0.588209;-1.018047;-1.086630;
0.251460;1.000000;0.902424;0.589267;-1.012957;-1.081771;
0.251480;1.000000;0.903507;0.590451;-1.007898;-1.076787;
0.251500;1.000000;0.904783;0.591748;-1.002868;-1.071681;
0.251520;1.000000;0.906241;0.593147;-0.997867;-1.066455;
0.251540;1.000000;0.907867;0.594632;-0.992892;-1.061114;
0.251560;1.000000;0.909646;0.596188;-0.987940;-1.055662;
0.251580;1.000000;0.911561;0.597799;-0.983007;-1.050107;
0.251600;1.000000;0.913593;0.599448;-0.978089;-1.044453;
0.251620;1.000000;0.915722;0.601116;-0.973182;-1.038707;
0.251640;1.000000;0.917925;0.602785;-0.968280;-1.032877;
0.251660;1.000000;0.920180;0.604437;-0.963378;-1.026971;
0.251680;1.000000;0.922463;0.606053;-0.958469;-1.020996;
0.251700;1.000000;0.924749;0.607616;-0.953546;-1.014962;
0.251720;1.000000;0.927013;0.609107;-0.948604;-1.008877;
0.251740;1.000000;0.929230;0.610510;-0.943634;-1.002749;
0.251760;1.000000;0.931376;0.611808;-0.938631;-0.996589;
0.251780;1.000000;0.933427;0.612986;-0.933586;-0.990404;
0.251800;1.000000;0.935359;0.614032;-0.928492;-0.984203;
0.251820;1.000000;0.937150;0.614932;-0.923343;-0.977995;
0.251840;1.000000;0.938781;0.615677;-0.918131;-0.971789;
0.251860;1.000000;0.940230;0.616257;-0.912850;-0.965592;
0.251880;1.000000;0.941482;0.616665;-0.907493;-0.959411;
0.251900;1.000000;0.942520;0.616896;-0.902055;-0.953255;
0.251920;1.000000;0.943333;0.616948;-0.896530;-0.947128;
0.251940;1.000000;0.943910;0.616817;-0.890913;-0.941037;
0.251960;1.000000;0.944242;0.616506;-0.885199;-0.934987;
0.251980;1.000000;0.944324;0.616018;-0.879386;-0.928983;
0.252000;1.000000;0.944155;0.615355;-0.873470;-0.923027;
0.252020;1.000000;0.943733;0.614526;-0.867449;-0.917123;
0.252040;1.000000;0.943061;0.613539;-0.861320;-0.911272;
0.252060;1.000000;0.942146;0.612402;-0.855085;-0.905475;
0.252080;1.000000;0.940995;0.611129;-0.848741;-0.899733;
0.252100;1.000000;0.939619;0.609731;-0.842291;-0.894045;
0.252120;1.000000;0.938031;0.608223;-0.835736;-0.888409;
0.252140;1.000000;0.936247;0.606620;-0.829079;-0.882822;
0.252160;1.000000;0.934284;0.604939;-0.822322;-0.877282;
0.252180;1.000000;0.932162;0.603196;-0.815470;-0.871784;
0.252200;1.000000;0.929902;0.601411;-0.808527;-0.866324;
0.252220;1.000000;0.927528;0.599600;-0.801500;-0.860895;
0.252240;1.000000;0.925062;0.597783;-0.794393;-0.855492;
0.252260;1.000000;0.922532;0.595978;-0.787213;-0.850108;
0.252280;1.000000;0.919962;0.594203;-0.779968;-0.844736;
0.252300;1.000000;0.917379;0.592478;-0.772665;-0.839368;
0.252320;1.000000;0.914810;0.590820;-0.765312;-0.833996;
0.252340;1.000000;0.912281;0.589247;-0.757918;-0.828612;
0.252360;1.000000;0.909821;0.587774;-0.750490;-0.823207;
0.252380;1.000000;0.907453;0.586419;-0.743037;-0.817774;
0.252400;1.000000;0.905204;0.585194;-0.735568;-0.812302;
0.252420;1.000000;0.903097;0.584115;-0.728092;-0.806784;
0.252440;1.000000;0.901155;0.583191;-0.720616;-0.801212;
0.252460;1.000000;0.899399;0.582435;-0.713149;-0.795577;
0.252480;1.000000;0.897849;0.581855;-0.705699;-0.789873;
0.252500;1.000000;0.896522;0.581458;-0.698273;-0.784091;
0.252520;1.000000;0.895432;0.581249;-0.690879;-0.778225;
0.252540;1.000000;0.894592;0.581231;-0.683522;-0.772269;
0.252560;1.000000;0.894014;0.581407;-0.676209;-0.766217;
0.252580;1.000000;0.893702;0.581774;-0.668944;-0.760065;
0.252600;1.000000;0.893664;0.582331;-0.661732;-0.753809;
0.252620;1.000000;0.893900;0.583073;-0.654577;-0.747446;
0.252640;1.000000;0.894409;0.583993;-0.647482;-0.740972;
0.252660;1.000000;0.895187;0.585082;-0.640448;-0.734387;
0.252680;1.000000;0.896228;0.586330;-0.633476;-0.727690;
0.252700;1.000000;0.897521;0.587724;-0.626568;-0.720881;
0.252720;1.000000;0.899055;0.589251;-0.619721;-0.713962;
0.252740;1.000000;0.900814;0.590894;-0.612934;-0.706934;
0.252760;1.000000;0.902780;0.592636;-0.606205;-0.699800;
0.252780;1.000000;0.904935;0.594460;-0.599530;-0.692565;
0.252800;1.000000;0.907255;0.596345;-0.592906;-0.685232;
0.252820;1.000000;0.909716;0.598272;-0.586326;-0.677808;
0.252840;1.000000;0.912295;0.600220;-0.579786;-0.670297;
0.252860;1.000000;0.914962;0.602167;-0.573279;-0.662707;
0.252880;1.000000;0.917691;0.604092;-0.566798;-0.655044;
0.252900;1.000000;0.920453;0.605975;-0.560336;-0.647317;
0.252920;1.000000;0.923218;0.607795;-0.553884;-0.639534;
0.252940;1.000000;0.925958;0.609530;-0.547434;-0.631702;
0.252960;1.000000;0.928643;0.611163;-0.540977;-0.623831;
0.252980;1.000000;0.931244;0.612675;-0.534505;-0.615930;
0.253000;1.000000;0.933734;0.614048;-0.528008;-0.608007;
0.253020;1.000000;0.936085;0.615269;-0.521478;-0.600071;
0.253040;1.000000;0.938273;0.616322;-0.514906;-0.592131;
0.253060;1.000000;0.940274;0.617197;-0.508282;-0.584195;
0.253080;1.000000;0.942065;0.617883;-0.501600;-0.576272;
0.253100;1.000000;0.943628;0.618373;-0.494850;-0.568370;
0.253120;1.000000;0.944945;0.618661;-0.488026;-0.560495;
0.253140;1.000000;0.946001;0.618744;-0.481120;-0.552656;
0.253160;1.000000;0.946785;0.618621;-0.474125;-0.544856;
0.253180;1.000000;0.947287;0.618293;-0.467037;-0.537104;
0.253200;1.000000;0.947501;0.617763;-0.459851;-0.529402;
0.253220;1.000000;0.947424;0.617038;-0.452561;-0.521756;
0.253240;1.000000;0.947056;0.616124;-0.445166;-0.514167;
0.253260;1.000000;0.946400;0.615033;-0.437663;-0.506640;
0.253280;1.000000;0.945461;0.613774;-0.430051;-0.499174;
0.253300;1.000000;0.944250;0.612362;-0.422328;-0.491770;
0.253320;1.000000;0.942777;0.610812;-0.414497;-0.484429;
0.253340;1.000000;0.941058;0.609140;-0.406558;-0.477148;
0.253360;1.000000;0.939109;0.607363;-0.398514;-0.469926;
0.253380;1.000000;0.936950;0.605500;-0.390368;-0.462759;
0.253400;1.000000;0.934604;0.603570;-0.382125;-0.455643;
0.253420;1.000000;0.932093;0.601594;-0.373789;-0.448575;
0.253440;1.000000;0.929445;0.599591;-0.365368;-0.441548;
0.253460;1.000000;0.926685;0.597583;-0.356868;-0.434557;
0.253480;1.000000;0.923843;0.595590;-0.348295;-0.427594;
0.253500;1.000000;0.920947;0.593633;-0.339659;-0.420653;
0.253520;1.000000;0.918028;0.591731;-0.330967;-0.413725;
0.253540;1.000000;0.915116;0.589905;-0.322229;-0.406804;
0.253560;1.000000;0.912241;0.588172;-0.313453;-0.399881;
0.253580;1.000000;0.909434;0.586550;-0.304651;-0.392946;
0.253600;1.000000;0.906722;0.585057;-0.295830;-0.385992;
0.253620;1.000000;0.904136;0.583707;-0.287001;-0.379011;
0.253640;1.000000;0.901701;0.582514;-0.278174;-0.371993;
0.253660;1.000000;0.899443;0.581491;-0.269358;-0.364930;
0.253680;1.000000;0.897386;0.580649;-0.260562;-0.357814;
0.253700;1.000000;0.895552;0.579997;-0.251795;-0.350639;
0.253720;1.000000;0.893959;0.579541;-0.243066;-0.343395;
0.253740;1.000000;0.892625;0.579287;-0.234382;-0.336078;
0.253760;1.000000;0.891563;0.579237;-0.225750;-0.328681;
0.253780;1.000000;0.890786;0.579394;-0.217178;-0.321198;
0.253800;1.000000;0.890300;0.579756;-0.208671;-0.313625;
0.253820;1.000000;0.890111;0.580320;-0.200233;-0.305958;
0.253840;1.000000;0.890221;0.581081;-0.191869;-0.298195;
0.253860;1.000000;0.890629;0.582031;-0.183582;-0.290333;
0.253880;1.000000;0.891332;0.583161;-0.175374;-0.282371;
0.253900;1.000000;0.892320;0.584461;-0.167246;-0.274308;
0.253920;1.000000;0.893585;0.585917;-0.159198;-0.266146;
0.253940;1.000000;0.895114;0.587515;-0.151230;-0.257886;
0.253960;1.000000;0.896889;0.589238;-0.143340;-0.249530;
0.253980;1.000000;0.898893;0.591069;-0.135524;-0.241083;
0.254000;1.000000;0.901105;0.592988;-0.127780;-0.232547;
0.254020;1.000000;0.903502;0.594977;-0.120103;-0.223929;
0.254040;1.000000;0.906058;0.597014;-0.112487;-0.215233;
0.254060;1.000000;0.908749;0.599077;-0.104927;-0.206467;
0.254080;1.000000;0.911545;0.601146;-0.097415;-0.197638;
0.254100;1.000000;0.914418;0.603199;-0.089944;-0.188754;
0.254120;1.000000;0.917338;0.605214;-0.082506;-0.179821;
0.254140;1.000000;0.920276;0.607169;-0.075093;-0.170851;
0.254160;1.000000;0.923201;0.609045;-0.067696;-0.161850;
0.254180;1.000000;0.926083;0.610821;-0.060306;-0.152829;
0.254200;1.000000;0.928892;0.612479;-0.052915;-0.143797;
0.254220;1.000000;0.931600;0.614001;-0.045512;-0.134763;
0.254240;1.000000;0.934180;0.615373;-0.038089;-0.125736;
0.254260;1.000000;0.936606;0.616580;-0.030638;-0.116725;
0.254280;1.000000;0.938852;0.617611;-0.023148;-0.107740;
0.254300;1.000000;0.940897;0.618454;-0.015613;-0.098788;
0.254320;1.000000;0.942720;0.619103;-0.008025;-0.089879;
0.254340;1.000000;0.944303;0.619551;-0.000376;-0.081019;
0.254360;1.000000;0.945630;0.619795;0.007340;-0.072215;
0.254380;1.000000;0.946690;0.619835;0.015129;-0.063475;
0.254400;1.000000;0.947471;0.619671;0.022995;-0.054802;
0.254420;1.000000;0.947968;0.619307;0.030943;-0.046203;
0.254440;1.000000;0.948176;0.618748;0.038977;-0.037682;
0.254460;1.000000;0.948094;0.618002;0.047097;-0.029241;
0.254480;1.000000;0.947725;0.617078;0.055306;-0.020882;
0.254500;1.000000;0.947073;0.615989;0.063604;-0.012608;
0.254520;1.000000;0.946148;0.614747;0.071990;-0.004418;
0.254540;1.000000;0.944960;0.613366;0.080461;0.003688;
0.254560;1.000000;0.943522;0.611863;0.089017;0.011711;
0.254580;1.000000;0.941852;0.610255;0.097651;0.019653;
0.254600;1.000000;0.939969;0.608560;0.106361;0.027518;
0.254620;1.000000;0.937893;0.606796;0.115141;0.035310;
0.254640;1.000000;0.935647;0.604982;0.123983;0.043032;
0.254660;1.000000;0.933257;0.603138;0.132881;0.050692;
0.254680;1.000000;0.930748;0.601284;0.141827;0.058294;
0.254700;1.000000;0.928148;0.599438;0.150812;0.065845;
0.254720;1.000000;0.925485;0.597621;0.159828;0.073352;
0.254740;1.000000;0.922788;0.595850;0.168865;0.080823;
0.254760;1.000000;0.920086;0.594143;0.177914;0.088266;
0.254780;1.000000;0.917409;0.592518;0.186963;0.095689;
0.254800;1.000000;0.914783;0.590990;0.196004;0.103099;
0.254820;1.000000;0.912238;0.589576;0.205026;0.110505;
0.254840;1.000000;0.909799;0.588287;0.214018;0.117916;
0.254860;1.000000;0.907493;0.587138;0.222972;0.125339;
0.254880;1.000000;0.905344;0.586138;0.231877;0.132782;
0.254900;1.000000;0.903372;0.585298;0.240725;0.140253;
0.254920;1.000000;0.901599;0.584625;0.249506;0.147759;
0.254940;1.000000;0.900041;0.584124;0.258213;0.155306;
0.254960;1.000000;0.898715;0.583801;0.266837;0.162900;
0.254980;1.000000;0.897633;0.583658;0.275374;0.170547;
0.255000;1.000000;0.896805;0.583694;0.283816;0.178251;
0.255020;1.000000;0.896238;0.583911;0.292158;0.186017;
0.255040;1.000000;0.895937;0.584303;0.300398;0.193847;
0.255060;1.000000;0.895904;0.584867;0.308530;0.201744;
0.255080;1.000000;0.896137;0.585595;0.316555;0.209709;
0.255100;1.000000;0.896633;0.586480;0.324469;0.217743;
0.255120;1.000000;0.897384;0.587512;0.332274;0.225846;
0.255140;1.000000;0.898382;0.588678;0.339970;0.234015;
0.255160;1.000000;0.899616;0.589967;0.347560;0.242249;
0.255180;1.000000;0.901069;0.591363;0.355046;0.250546;
0.255200;1.000000;0.902727;0.592851;0.362432;0.258901;
0.255220;1.000000;0.904572;0.594414;0.369723;0.267309;
0.255240;1.000000;0.906582;0.596035;0.376924;0.275766;
0.255260;1.000000;0.908736;0.597697;0.384043;0.284266;
0.255280;1.000000;0.911011;0.599379;0.391086;0.292801;
0.255300;1.000000;0.913382;0.601064;0.398061;0.301364;
0.255320;1.000000;0.915824;0.602733;0.404976;0.309949;
0.255340;1.000000;0.918311;0.604367;0.411840;0.318546;
0.255360;1.000000;0.920818;0.605947;0.418662;0.327148;
0.255380;1.000000;0.923316;0.607457;0.425451;0.335746;
0.255400;1.000000;0.925781;0.608878;0.432217;0.344331;
0.255420;1.000000;0.928185;0.610196;0.438970;0.352895;
0.255440;1.000000;0.930505;0.611396;0.445717;0.361429;
0.255460;1.000000;0.932715;0.612464;0.452470;0.369925;
0.255480;1.000000;0.934793;0.613391;0.459236;0.378373;
0.255500;1.000000;0.936717;0.614164;0.466025;0.386767;
0.255520;1.000000;0.938467;0.614777;0.472843;0.395099;
0.255540;1.000000;0.940026;0.615224;0.479700;0.403362;
0.255560;1.000000;0.941376;0.615500;0.486601;0.411550;
0.255580;1.000000;0.942505;0.615604;0.493552;0.419656;
0.255600;1.000000;0.943401;0.615536;0.500560;0.427676;
0.255620;1.000000;0.944056;0.615297;0.507628;0.435605;
0.255640;1.000000;0.944463;0.614891;0.514760;0.443440;
0.255660;1.000000;0.944619;0.614324;0.521958;0.451178;
0.255680;1.000000;0.944523;0.613604;0.529225;0.458818;
0.255700;1.000000;0.944178;0.612740;0.536561;0.466358;
0.255720;1.000000;0.943588;0.611742;0.543965;0.473798;
0.255740;1.000000;0.942760;0.610623;0.551436;0.481140;
0.255760;1.000000;0.941706;0.609395;0.558973;0.488385;
0.255780;1.000000;0.940436;0.608073;0.566571;0.495536;
0.255800;1.000000;0.938965;0.606671;0.574227;0.502595;
0.255820;1.000000;0.937312;0.605205;0.581935;0.509568;
0.255840;1.000000;0.935493;0.603691;0.589690;0.516459;
0.255860;1.000000;0.933529;0.602145;0.597485;0.523274;
0.255880;1.000000;0.931443;0.600582;0.605313;0.530018;
0.255900;1.000000;0.929256;0.599020;0.613166;0.536700;
0.255920;1.000000;0.926992;0.597473;0.621036;0.543325;
0.255940;1.000000;0.924677;0.595957;0.628913;0.549902;
0.255960;1.000000;0.922333;0.594487;0.636790;0.556439;
0.255980;1.000000;0.919986;0.593077;0.644655;0.562943;
0.256000;1.000000;0.917661;0.591739;0.652501;0.569423;
0.256020;1.000000;0.915379;0.590487;0.660318;0.575888;
0.256040;1.000000;0.913165;0.589330;0.668095;0.582345;
0.256060;1.000000;0.911040;0.588280;0.675825;0.588803;
0.256080;1.000000;0.909024;0.587345;0.683498;0.595270;
0.256100;1.000000;0.907137;0.586533;0.691105;0.601752;
0.256120;1.000000;0.905395;0.585851;0.698638;0.608258;
0.256140;1.000000;0.903814;0.585303;0.706091;0.614794;
0.256160;1.000000;0.902408;0.584893;0.713455;0.621365;
0.256180;1.000000;0.901187;0.584624;0.720725;0.627978;
0.256200;1.000000;0.900162;0.584498;0.727895;0.634638;
0.256220;1.000000;0.899338;0.584513;0.734961;0.641347;
0.256240;1.000000;0.898722;0.584668;0.741919;0.648109;
0.256260;1.000000;0.898316;0.584961;0.748766;0.654928;
0.256280;1.000000;0.898120;0.585387;0.755500;0.661804;
0.256300;1.000000;0.898134;0.585940;0.762120;0.668737;
0.256320;1.000000;0.898353;0.586614;0.768627;0.675729;
0.256340;1.000000;0.898772;0.587401;0.775020;0.682777;
0.256360;1.000000;0.899384;0.588292;0.781302;0.689880;
0.256380;1.000000;0.900180;0.589277;0.787476;0.697034;
0.256400;1.000000;0.901150;0.590344;0.793545;0.704237;
0.256420;1.000000;0.902280;0.591482;0.799513;0.711484;
0.256440;1.000000;0.903558;0.592679;0.805387;0.718769;
0.256460;1.000000;0.904969;0.593921;0.811171;0.726088;
0.256480;1.000000;0.906496;0.595194;0.816873;0.733433;
0.256500;1.000000;0.908122;0.596485;0.822499;0.740797;
0.256520;1.000000;0.909830;0.597780;0.828057;0.748172;
0.256540;1.000000;0.911602;0.599065;0.833556;0.755552;
0.256560;1.000000;0.913418;0.600326;0.839004;0.762928;
0.256580;1.000000;0.915259;0.601550;0.844408;0.770291;
0.256600;1.000000;0.917106;0.602724;0.849778;0.777632;
0.256620;1.000000;0.918939;0.603835;0.855123;0.784944;
0.256640;1.000000;0.920741;0.604874;0.860451;0.792216;
0.256660;1.000000;0.922492;0.605828;0.865771;0.799442;
0.256680;1.000000;0.924174;0.606690;0.871090;0.806612;
0.256700;1.000000;0.925771;0.607452;0.876417;0.813718;
0.256720;1.000000;0.927267;0.608106;0.881759;0.820754;
0.256740;1.000000;0.928646;0.608649;0.887123;0.827711;
0.256760;1.000000;0.929897;0.609076;0.892515;0.834583;
0.256780;1.000000;0.931007;0.609386;0.897941;0.841364;
0.256800;1.000000;0.931966;0.609578;0.903406;0.848048;
0.256820;1.000000;0.932767;0.609653;0.908914;0.854631;
0.256840;1.000000;0.933402;0.609614;0.914468;0.861109;
0.256860;1.000000;0.933869;0.609464;0.920070;0.867479;
0.256880;1.000000;0.934164;0.609209;0.925723;0.873739;
0.256900;1.000000;0.934287;0.608855;0.931426;0.879886;
0.256920;1.000000;0.934242;0.608409;0.937180;0.885921;
0.256940;1.000000;0.934031;0.607881;0.942984;0.891844;
0.256960;1.000000;0.933661;0.607278;0.948835;0.897655;
0.256980;1.000000;0.933140;0.606611;0.954730;0.903356;
0.257000;1.000000;0.932478;0.605890;0.960666;0.908952;
0.257020;1.000000;0.931685;0.605126;0.966638;0.914444;
0.257040;1.000000;0.930774;0.604329;0.972641;0.919837;
0.257060;1.000000;0.929760;0.603511;0.978669;0.925136;
0.257080;1.000000;0.928657;0.602681;0.984715;0.930347;
0.257100;1.000000;0.927480;0.601852;0.990773;0.935475;
0.257120;1.000000;0.926247;0.601031;0.996833;0.940528;
0.257140;1.000000;0.924974;0.600230;1.002889;0.945513;
0.257160;1.000000;0.923677;0.599456;1.008932;0.950436;
0.257180;1.000000;0.922372;0.598719;1.014953;0.955306;
0.257200;1.000000;0.921077;0.598026;1.020944;0.960130;
0.257220;1.000000;0.919806;0.597384;1.026895;0.964916;
0.257240;1.000000;0.918573;0.596798;1.032798;0.969672;
0.257260;1.000000;0.917393;0.596275;1.038644;0.974406;
0.257280;1.000000;0.916279;0.595817;1.044424;0.979126;
0.257300;1.000000;0.915240;0.595430;1.050131;0.983839;
0.257320;1.000000;0.914288;0.595115;1.055757;0.988552;
0.257340;1.000000;0.913431;0.594874;1.061293;0.993272;
0.257360;1.000000;0.912676;0.594708;1.066734;0.998005;
0.257380;1.000000;0.912028;0.594617;1.072074;1.002757;
0.257400;1.000000;0.911492;0.594601;1.077305;1.007532;
0.257420;1.000000;0.911071;0.594658;1.082424;1.012335;
0.257440;1.000000;0.910765;0.594787;1.087427;1.017170;
0.257460;1.000000;0.910575;0.594984;1.092310;1.022039;
0.257480;1.000000;0.910499;0.595246;1.097070;1.026945;
0.257500;1.000000;0.910536;0.595569;1.101706;1.031888;
0.257520;1.000000;0.910682;0.595948;1.106217;1.036870;
0.257540;1.000000;0.910931;0.596378;1.110602;1.041890;
0.257560;1.000000;0.911281;0.596853;1.114863;1.046946;
0.257580;1.000000;0.911723;0.597367;1.119001;1.052037;
0.257600;1.000000;0.912251;0.597914;1.123018;1.057160;
0.257620;1.000000;0.912859;0.598486;1.126918;1.062311;
0.257640;1.000000;0.913538;0.599077;1.130705;1.067485;
0.257660;1.000000;0.914280;0.599678;1.134382;1.072678;
0.257680;1.000000;0.915076;0.600283;1.137955;1.077883;
0.257700;1.000000;0.915917;0.600884;1.141431;1.083095;
0.257720;1.000000;0.916794;0.601473;1.144814;1.088307;
0.257740;1.000000;0.917698;0.602044;1.148112;1.093511;
0.257760;1.000000;0.918618;0.602588;1.151331;1.098699;
0.257780;1.000000;0.919545;0.603099;1.154480;1.103864;
0.257800;1.000000;0.920469;0.603571;1.157565;1.108997;
0.257820;1.000000;0.921382;0.603998;1.160593;1.114091;
0.257840;1.000000;0.922273;0.604375;1.163574;1.119135;
0.257860;1.000000;0.923133;0.604697;1.166513;1.124123;
0.257880;1.000000;0.923953;0.604960;1.169419;1.129045;
0.257900;1.000000;0.924725;0.605164;1.172299;1.133894;
0.257920;1.000000;0.925442;0.605304;1.175160;1.138661;
0.257940;1.000000;0.926096;0.605382;1.178008;1.143339;
0.257960;1.000000;0.926681;0.605395;1.180850;1.147921;
0.257980;1.000000;0.927192;0.605347;1.183692;1.152401;
0.258000;1.000000;0.927623;0.605239;1.186538;1.156772;
0.258020;1.000000;0.927972;0.605073;1.189393;1.161029;
0.258040;1.000000;0.928236;0.604853;1.192261;1.165166;
0.258060;1.000000;0.928414;0.604585;1.195146;1.169181;
0.258080;1.000000;0.928505;0.604274;1.198050;1.173070;
0.258100;1.000000;0.928512;0.603924;1.200975;1.176829;
0.258120;1.000000;0.928436;0.603543;1.203922;1.180458;
0.258140;1.000000;0.928282;0.603138;1.206892;1.183956;
0.258160;1.000000;0.928053;0.602715;1.209884;1.187322;
0.258180;1.000000;0.927756;0.602282;1.212897;1.190557;
0.258200;1.000000;0.927398;0.601845;1.215929;1.193663;
0.258220;1.000000;0.926985;0.601411;1.218978;1.196642;
0.258240;1.000000;0.926527;0.600987;1.222040;1.199498;
0.258260;1.000000;0.926032;0.600580;1.225112;1.202233;
0.258280;1.000000;0.925510;0.600194;1.228189;1.204854;
0.258300;1.000000;0.924969;0.599834;1.231267;1.207365;
0.258320;1.000000;0.924419;0.599506;1.234339;1.209771;
0.258340;1.000000;0.923869;0.599213;1.237400;1.212080;
0.258360;1.000000;0.923328;0.598958;1.240444;1.214299;
0.258380;1.000000;0.922805;0.598742;1.243464;1.216433;
0.258400;1.000000;0.922307;0.598568;1.246453;1.218492;
0.258420;1.000000;0.921840;0.598435;1.249404;1.220482;
0.258440;1.000000;0.921411;0.598344;1.252310;1.222413;
0.258460;1.000000;0.921024;0.598293;1.255164;1.224291;
0.258480;1.000000;0.920683;0.598281;1.257958;1.226125;
0.258500;1.000000;0.920389;0.598305;1.260686;1.227924;
0.258520;1.000000;0.920146;0.598363;1.263342;1.229695;
0.258540;1.000000;0.919951;0.598451;1.265917;1.231446;
0.258560;1.000000;0.919805;0.598566;1.268407;1.233183;
0.258580;1.000000;0.919705;0.598704;1.270804;1.234915;
0.258600;1.000000;0.919649;0.598860;1.273105;1.236648;
0.258620;1.000000;0.919631;0.599030;1.275303;1.238387;
0.258640;1.000000;0.919649;0.599210;1.277395;1.240139;
0.258660;1.000000;0.919696;0.599394;1.279376;1.241908;
0.258680;1.000000;0.919767;0.599579;1.281244;1.243698;
0.258700;1.000000;0.919856;0.599760;1.282995;1.245513;
0.258720;1.000000;0.919958;0.599932;1.284627;1.247355;
0.258740;1.000000;0.920065;0.600092;1.286140;1.249228;
0.258760;1.000000;0.920173;0.600236;1.287533;1.251131;
0.258780;1.000000;0.920275;0.600360;1.288805;1.253065;
0.258800;1.000000;0.920367;0.600461;1.289958;1.255030;
0.258820;1.000000;0.920443;0.600536;1.290993;1.257024;
0.258840;1.000000;0.920499;0.600583;1.291912;1.259046;
0.258860;1.000000;0.920532;0.600599;1.292718;1.261094;
0.258880;1.000000;0.920537;0.600582;1.293414;1.263162;
0.258900;1.000000;0.920513;0.600531;1.294004;1.265249;
0.258920;1.000000;0.920458;0.600445;1.294493;1.267347;
0.258940;1.000000;0.920369;0.600323;1.294886;1.269454;
0.258960;1.000000;0.920247;0.600166;1.295187;1.271561;
0.258980;1.000000;0.920091;0.599974;1.295403;1.273663;
0.259000;1.000000;0.919901;0.599747;1.295539;1.275753;
0.259020;1.000000;0.919678;0.599487;1.295603;1.277824;
0.259040;1.000000;0.919424;0.599197;1.295600;1.279869;
0.259060;1.000000;0.919139;0.598878;1.295538;1.281879;
0.259080;1.000000;0.918827;0.598534;1.295424;1.283847;
0.259100;1.000000;0.918489;0.598169;1.295263;1.285764;
0.259120;1.000000;0.918129;0.597785;1.295063;1.287624;
0.259140;1.000000;0.917749;0.597389;1.294831;1.289418;
0.259160;1.000000;0.917355;0.596985;1.294573;1.291139;
0.259180;1.000000;0.916948;0.596579;1.294295;1.292779;
0.259200;1.000000;0.916534;0.596176;1.294004;1.294332;
0.259220;1.000000;0.916117;0.595783;1.293705;1.295790;
0.259240;1.000000;0.915703;0.595405;1.293403;1.297148;
0.259260;1.000000;0.915296;0.595051;1.293103;1.298399;
0.259280;1.000000;0.914902;0.594725;1.292809;1.299540;
0.259300;1.000000;0.914526;0.594434;1.292525;1.300564;
0.259320;1.000000;0.914175;0.594185;1.292255;1.301469;
0.259340;1.000000;0.913854;0.593984;1.292001;1.302252;
0.259360;1.000000;0.913570;0.593835;1.291765;1.302909;
0.259380;1.000000;0.913329;0.593745;1.291549;1.303440;
0.259400;1.000000;0.913138;0.593717;1.291352;1.303843;
0.259420;1.000000;0.913001;0.593755;1.291176;1.304119;
0.259440;1.000000;0.912924;0.593861;1.291020;1.304268;
0.259460;1.000000;0.912913;0.594039;1.290883;1.304292;
0.259480;1.000000;0.912973;0.594288;1.290762;1.304193;
0.259500;1.000000;0.913106;0.594608;1.290656;1.303973;
0.259520;1.000000;0.913317;0.594999;1.290561;1.303638;
0.259540;1.000000;0.913607;0.595457;1.290475;1.303190;
0.259560;1.000000;0.913978;0.595981;1.290392;1.302635;
0.259580;1.000000;0.914429;0.596565;1.290309;1.301979;
0.259600;1.000000;0.914959;0.597204;1.290220;1.301227;
0.259620;1.000000;0.915566;0.597891;1.290120;1.300386;
0.259640;1.000000;0.916246;0.598621;1.290003;1.299464;
0.259660;1.000000;0.916994;0.599385;1.289864;1.298467;
0.259680;1.000000;0.917803;0.600174;1.289696;1.297403;
0.259700;1.000000;0.918665;0.600980;1.289493;1.296280;
0.259720;1.000000;0.919572;0.601793;1.289248;1.295105;
0.259740;1.000000;0.920514;0.602604;1.288955;1.293887;
0.259760;1.000000;0.921479;0.603402;1.288607;1.292634;
0.259780;1.000000;0.922457;0.604179;1.288197;1.291353;
0.259800;1.000000;0.923435;0.604923;1.287720;1.290052;
0.259820;1.000000;0.924400;0.605627;1.287170;1.288737;
0.259840;1.000000;0.925340;0.606281;1.286539;1.287418;
0.259860;1.000000;0.926241;0.606877;1.285823;1.286098;
0.259880;1.000000;0.927092;0.607408;1.285016;1.284786;
0.259900;1.000000;0.927879;0.607865;1.284114;1.283486;
0.259920;1.000000;0.928592;0.608243;1.283112;1.282204;
0.259940;1.000000;0.929220;0.608537;1.282005;1.280943;
0.259960;1.000000;0.929752;0.608742;1.280792;1.279708;
0.259980;1.000000;0.930181;0.608855;1.279468;1.278501;
0.260000;1.000000;0.930498;0.608874;1.278032;1.277325;
0.260020;1.000000;0.930698;0.608797;1.276481;1.276181;
0.260040;1.000000;0.930777;0.608623;1.274815;1.275070;
0.260060;1.000000;0.930731;0.608355;1.273034;1.273991;
0.260080;1.000000;0.930558;0.607992;1.271136;1.272944;
0.260100;1.000000;0.930259;0.607539;1.269124;1.271928;
0.260120;1.000000;0.929836;0.606999;1.266999;1.270939;
0.260140;1.000000;0.929291;0.606376;1.264762;1.269974;
0.260160;1.000000;0.928630;0.605677;1.262417;1.269030;
0.260180;1.000000;0.927858;0.604907;1.259966;1.268101;
0.260200;1.000000;0.926983;0.604075;1.257413;1.267183;
0.260220;1.000000;0.926013;0.603187;1.254763;1.266269;
0.260240;1.000000;0.924957;0.602252;1.252021;1.265354;
0.260260;1.000000;0.923828;0.601280;1.249190;1.264430;
0.260280;1.000000;0.922635;0.600281;1.246278;1.263489;
0.260300;1.000000;0.921392;0.599265;1.243289;1.262525;
0.260320;1.000000;0.920111;0.598242;1.240230;1.261530;
0.260340;1.000000;0.918806;0.597223;1.237107;1.260494;
0.260360;1.000000;0.917490;0.596219;1.233926;1.259411;
0.260380;1.000000;0.916177;0.595242;1.230695;1.258270;
0.260400;1.000000;0.914882;0.594302;1.227419;1.257066;
0.260420;1.000000;0.913617;0.593411;1.224105;1.255788;
0.260440;1.000000;0.912398;0.592579;1.220760;1.254430;
0.260460;1.000000;0.911237;0.591816;1.217390;1.252983;
0.260480;1.000000;0.910149;0.591133;1.214001;1.251440;
0.260500;1.000000;0.909145;0.590538;1.210599;1.249794;
0.260520;1.000000;0.908238;0.590041;1.207188;1.248039;
0.260540;1.000000;0.907440;0.589648;1.203775;1.246169;
0.260560;1.000000;0.906761;0.589366;1.200364;1.244179;
0.260580;1.000000;0.906210;0.589201;1.196959;1.242063;
0.260600;1.000000;0.905797;0.589157;1.193563;1.239819;
0.260620;1.000000;0.905529;0.589237;1.190180;1.237442;
0.260640;1.000000;0.905412;0.589443;1.186812;1.234931;
0.260660;1.000000;0.905452;0.589775;1.183461;1.232283;
0.260680;1.000000;0.905650;0.590231;1.180127;1.229499;
0.260700;1.000000;0.906010;0.590810;1.176813;1.226577;
0.260720;1.000000;0.906530;0.591507;1.173517;1.223520;
0.260740;1.000000;0.907211;0.592316;1.170238;1.220328;
0.260760;1.000000;0.908047;0.593229;1.166976;1.217004;
0.260780;1.000000;0.909033;0.594239;1.163728;1.213552;
0.260800;1.000000;0.910164;0.595336;1.160491;1.209975;
0.260820;1.000000;0.911428;0.596507;1.157262;1.206278;
0.260840;1.000000;0.912817;0.597742;1.154037;1.202468;
0.260860;1.000000;0.914316;0.599027;1.150812;1.198549;
0.260880;1.000000;0.915913;0.600348;1.147581;1.194529;
0.260900;1.000000;0.917592;0.601690;1.144340;1.190414;
0.260920;1.000000;0.919335;0.603038;1.141081;1.186213;
0.260940;1.000000;0.921124;0.604377;1.137800;1.181933;
0.260960;1.000000;0.922942;0.605691;1.134490;1.177582;
0.260980;1.000000;0.924767;0.606965;1.131144;1.173170;
0.261000;1.000000;0.926579;0.608185;1.127755;1.168704;
0.261020;1.000000;0.928359;0.609335;1.124316;1.164194;
0.261040;1.000000;0.930085;0.610402;1.120821;1.159648;
0.261060;1.000000;0.931737;0.611372;1.117262;1.155075;
0.261080;1.000000;0.933296;0.612235;1.113632;1.150482;
0.261100;1.000000;0.934743;0.612979;1.109926;1.145879;
0.261120;1.000000;0.936059;0.613594;1.106137;1.141272;
0.261140;1.000000;0.937229;0.614074;1.102258;1.136669;
0.261160;1.000000;0.938237;0.614410;1.098284;1.132077;
0.261180;1.000000;0.939071;0.614598;1.094210;1.127503;
0.261200;1.000000;0.939717;0.614636;1.090032;1.122950;
0.261220;1.000000;0.940168;0.614520;1.085745;1.118426;
0.261240;1.000000;0.940415;0.614252;1.081345;1.113933;
0.261260;1.000000;0.940454;0.613833;1.076831;1.109475;
0.261280;1.000000;0.940281;0.613266;1.072199;1.105055;
0.261300;1.000000;0.939897;0.612556;1.067449;1.100675;
0.261320;1.000000;0.939303;0.611709;1.062579;1.096335;
0.261340;1.000000;0.938504;0.610735;1.057589;1.092036;
0.261360;1.000000;0.937506;0.609641;1.052481;1.087777;
0.261380;1.000000;0.936318;0.608439;1.047257;1.083556;
0.261400;1.000000;0.934950;0.607140;1.041917;1.079371;
0.261420;1.000000;0.933417;0.605757;1.036466;1.075218;
0.261440;1.000000;0.931732;0.604304;1.030907;1.071095;
0.261460;1.000000;0.929911;0.602796;1.025245;1.066995;
0.261480;1.000000;0.927974;0.601248;1.019484;1.062914;
0.261500;1.000000;0.925940;0.599675;1.013631;1.058845;
0.261520;1.000000;0.923828;0.598094;1.007691;1.054783;
0.261540;1.000000;0.921660;0.596521;1.001672;1.050719;
0.261560;1.000000;0.919459;0.594971;0.995581;1.046647;
0.261580;1.000000;0.917247;0.593463;0.989425;1.042558;
0.261600;1.000000;0.915047;0.592011;0.983212;1.038446;
0.261620;1.000000;0.912882;0.590631;0.976950;1.034300;
0.261640;1.000000;0.910774;0.589338;0.970648;1.030113;
0.261660;1.000000;0.908747;0.588146;0.964314;1.025877;
0.261680;1.000000;0.906821;0.587069;0.957956;1.021583;
0.261700;1.000000;0.905017;0.586119;0.951583;1.017224;
0.261720;1.000000;0.903356;0.585307;0.945203;1.012790;
0.261740;1.000000;0.901855;0.584643;0.938822;1.008276;
0.261760;1.000000;0.900532;0.584136;0.932450;1.003673;
0.261780;1.000000;0.899403;0.583793;0.926093;0.998976;
0.261800;1.000000;0.898480;0.583618;0.919757;0.994178;
0.261820;1.000000;0.897775;0.583616;0.913450;0.989273;
0.261840;1.000000;0.897298;0.583789;0.907175;0.984258;
0.261860;1.000000;0.897056;0.584136;0.900939;0.979128;
0.261880;1.000000;0.897054;0.584656;0.894745;0.973879;
0.261900;1.000000;0.897294;0.585344;0.888597;0.968511;
0.261920;1.000000;0.897776;0.586196;0.882497;0.963020;
0.261940;1.000000;0.898497;0.587204;0.876447;0.957407;
0.261960;1.000000;0.899453;0.588358;0.870448;0.951672;
0.261980;1.000000;0.900634;0.589648;0.864501;0.945816;
0.262000;1.000000;0.902032;0.591061;0.858603;0.939841;
0.262020;1.000000;0.903633;0.592583;0.852755;0.933750;
0.262040;1.000000;0.905422;0.594198;0.846952;0.927547;
0.262060;1.000000;0.907383;0.595889;0.841193;0.921236;
0.262080;1.000000;0.909495;0.597640;0.835473;0.914823;
0.262100;1.000000;0.911737;0.599431;0.829788;0.908314;
0.262120;1.000000;0.914088;0.601243;0.824131;0.901715;
0.262140;1.000000;0.916522;0.603057;0.818497;0.895034;
0.262160;1.000000;0.919015;0.604851;0.812880;0.888279;
0.262180;1.000000;0.921540;0.606610;0.807272;0.881458;
0.262200;1.000000;0.924071;0.608310;0.801665;0.874580;
0.262220;1.000000;0.926581;0.609935;0.796053;0.867654;
0.262240;1.000000;0.929043;0.611466;0.790426;0.860688;
0.262260;1.000000;0.931430;0.612886;0.784777;0.853692;
0.262280;1.000000;0.933717;0.614178;0.779097;0.846676;
0.262300;1.000000;0.935878;0.615329;0.773378;0.839648;
0.262320;1.000000;0.937890;0.616325;0.767610;0.832618;
0.262340;1.000000;0.939730;0.617154;0.761787;0.825594;
0.262360;1.000000;0.941378;0.617808;0.755900;0.818584;
0.262380;1.000000;0.942816;0.618278;0.749942;0.811598;
0.262400;1.000000;0.944026;0.618559;0.743906;0.804641;
0.262420;1.000000;0.944995;0.618648;0.737784;0.797721;
0.262440;1.000000;0.945711;0.618542;0.731572;0.790844;
0.262460;1.000000;0.946166;0.618243;0.725263;0.784016;
0.262480;1.000000;0.946353;0.617753;0.718853;0.777241;
0.262500;1.000000;0.946269;0.617078;0.712339;0.770523;
0.262520;1.000000;0.945914;0.616222;0.705717;0.763865;
0.262540;1.000000;0.945290;0.615197;0.698985;0.757268;
0.262560;1.000000;0.944402;0.614011;0.692142;0.750735;
0.262580;1.000000;0.943258;0.612677;0.685187;0.744266;
0.262600;1.000000;0.941870;0.611208;0.678122;0.737859;
0.262620;1.000000;0.940250;0.609620;0.670947;0.731512;
0.262640;1.000000;0.938414;0.607929;0.663665;0.725224;
0.262660;1.000000;0.936382;0.606151;0.656279;0.718991;
0.262680;1.000000;0.934172;0.604306;0.648793;0.712809;
0.262700;1.000000;0.931807;0.602411;0.641212;0.706672;
0.262720;1.000000;0.929312;0.600487;0.633543;0.700575;
0.262740;1.000000;0.926710;0.598552;0.625790;0.694510;
0.262760;1.000000;0.924030;0.596626;0.617962;0.688472;
0.262780;1.000000;0.921297;0.594729;0.610066;0.682451;
0.262800;1.000000;0.918541;0.592881;0.602110;0.676441;
0.262820;1.000000;0.915790;0.591099;0.594103;0.670432;
0.262840;1.000000;0.913071;0.589402;0.586053;0.664415;
0.262860;1.000000;0.910414;0.587808;0.577970;0.658382;
0.262880;1.000000;0.907845;0.586332;0.569863;0.652322;
0.262900;1.000000;0.905392;0.584991;0.561742;0.646229;
0.262920;1.000000;0.903080;0.583798;0.553615;0.640091;
0.262940;1.000000;0.900934;0.582765;0.545492;0.633900;
0.262960;1.000000;0.898975;0.581903;0.537382;0.627648;
0.262980;1.000000;0.897226;0.581222;0.529294;0.621326;
0.263000;1.000000;0.895703;0.580730;0.521234;0.614927;
0.263020;1.000000;0.894425;0.580431;0.513212;0.608443;
0.263040;1.000000;0.893404;0.580329;0.505234;0.601867;
0.263060;1.000000;0.892651;0.580427;0.497306;0.595195;
0.263080;1.000000;0.892176;0.580723;0.489434;0.588421;
0.263100;1.000000;0.891983;0.581216;0.481622;0.581539;
0.263120;1.000000;0.892075;0.581900;0.473875;0.574548;
0.263140;1.000000;0.892451;0.582770;0.466196;0.567444;
0.263160;1.000000;0.893108;0.583816;0.458587;0.560226;
0.263180;1.000000;0.894040;0.585029;0.451048;0.552893;
0.263200;1.000000;0.895236;0.586396;0.443581;0.545446;
0.263220;1.000000;0.896685;0.587903;0.436183;0.537885;
0.263240;1.000000;0.898373;0.589534;0.428854;0.530212;
0.263260;1.000000;0.900280;0.591273;0.421590;0.522432;
0.263280;1.000000;0.902388;0.593101;0.414389;0.514547;
0.263300;1.000000;0.904674;0.594999;0.407244;0.506563;
0.263320;1.000000;0.907115;0.596947;0.400152;0.498486;
0.263340;1.000000;0.909685;0.598923;0.393105;0.490321;
0.263360;1.000000;0.912357;0.600908;0.386097;0.482076;
0.263380;1.000000;0.915103;0.602878;0.379120;0.473758;
0.263400;1.000000;0.917894;0.604814;0.372166;0.465377;
0.263420;1.000000;0.920700;0.606693;0.365227;0.456940;
0.263440;1.000000;0.923492;0.608497;0.358294;0.448456;
0.263460;1.000000;0.926241;0.610204;0.351358;0.439935;
0.263480;1.000000;0.928918;0.611797;0.344408;0.431387;
0.263500;1.000000;0.931494;0.613259;0.337436;0.422820;
0.263520;1.000000;0.933942;0.614573;0.330433;0.414244;
0.263540;1.000000;0.936236;0.615726;0.323388;0.405670;
0.263560;1.000000;0.938353;0.616706;0.316294;0.397105;
0.263580;1.000000;0.940269;0.617502;0.309140;0.388558;
0.263600;1.000000;0.941965;0.618106;0.301920;0.380039;
0.263620;1.000000;0.943423;0.618512;0.294625;0.371555;
0.263640;1.000000;0.944627;0.618716;0.287248;0.363113;
0.263660;1.000000;0.945565;0.618717;0.279783;0.354720;
0.263680;1.000000;0.946227;0.618516;0.272224;0.346383;
0.263700;1.000000;0.946605;0.618115;0.264567;0.338105;
0.263720;1.000000;0.946697;0.617520;0.256807;0.329892;
0.263740;1.000000;0.946500;0.616737;0.248942;0.321747;
0.263760;1.000000;0.946017;0.615777;0.240970;0.313673;
0.263780;1.000000;0.945253;0.614651;0.232890;0.305671;
0.263800;1.000000;0.944217;0.613370;0.224701;0.297742;
0.263820;1.000000;0.942919;0.611950;0.216406;0.289886;
0.263840;1.000000;0.941373;0.610407;0.208007;0.282101;
0.263860;1.000000;0.939595;0.608757;0.199506;0.274386;
0.263880;1.000000;0.937605;0.607019;0.190908;0.266737;
0.263900;1.000000;0.935423;0.605211;0.182218;0.259151;
0.263920;1.000000;0.933073;0.603353;0.173442;0.251623;
0.263940;1.000000;0.930580;0.601465;0.164587;0.244147;
0.263960;1.000000;0.927969;0.599567;0.155660;0.236717;
0.263980;1.000000;0.925270;0.597678;0.146670;0.229327;
0.264000;1.000000;0.922509;0.595820;0.137627;0.221969;
0.264020;1.000000;0.919718;0.594010;0.128538;0.214636;
0.264040;1.000000;0.916925;0.592268;0.119415;0.207319;
0.264060;1.000000;0.914161;0.590613;0.110267;0.200009;
0.264080;1.000000;0.911454;0.589061;0.101105;0.192699;
0.264100;1.000000;0.908833;0.587628;0.091939;0.185380;
0.264120;1.000000;0.906326;0.586329;0.082779;0.178043;
0.264140;1.000000;0.903960;0.585178;0.073637;0.170679;
0.264160;1.000000;0.901760;0.584186;0.064522;0.163280;
0.264180;1.000000;0.899749;0.583365;0.055445;0.155838;
0.264200;1.000000;0.897947;0.582721;0.046413;0.148346;
0.264220;1.000000;0.896375;0.582264;0.037437;0.140796;
0.264240;1.000000;0.895049;0.581996;0.028525;0.133181;
0.264260;1.000000;0.893983;0.581922;0.019683;0.125496;
0.264280;1.000000;0.893187;0.582043;0.010919;0.117736;
0.264300;1.000000;0.892670;0.582357;0.002239;0.109895;
0.264320;1.000000;0.892438;0.582863;-0.006352;0.101971;
0.264340;1.000000;0.892492;0.583554;-0.014851;0.093960;
0.264360;1.000000;0.892832;0.584425;-0.023254;0.085861;
0.264380;1.000000;0.893454;0.585466;-0.031560;0.077673;
0.264400;1.000000;0.894352;0.586668;-0.039767;0.069395;
0.264420;1.000000;0.895516;0.588019;-0.047876;0.061029;
0.264440;1.000000;0.896933;0.589503;-0.055888;0.052577;
0.264460;1.000000;0.898590;0.591107;-0.063805;0.044041;
0.264480;1.000000;0.900468;0.592813;-0.071630;0.035426;
0.264500;1.000000;0.902548;0.594604;-0.079368;0.026735;
0.264520;1.000000;0.904809;0.596461;-0.087023;0.017975;
0.264540;1.000000;0.907226;0.598364;-0.094601;0.009151;
0.264560;1.000000;0.909776;0.600294;-0.102110;0.000271;
0.264580;1.000000;0.912432;0.602230;-0.109557;-0.008659;
0.264600;1.000000;0.915166;0.604151;-0.116949;-0.017630;
0.264620;1.000000;0.917951;0.606037;-0.124295;-0.026634;
0.264640;1.000000;0.920757;0.607867;-0.131605;-0.035661;
0.264660;1.000000;0.923557;0.609623;-0.138888;-0.044702;
0.264680;1.000000;0.926322;0.611286;-0.146152;-0.053749;
0.264700;1.000000;0.929024;0.612838;-0.153409;-0.062791;
0.264720;1.000000;0.931635;0.614262;-0.160667;-0.071820;
0.264740;1.000000;0.934129;0.615544;-0.167935;-0.080825;
0.264760;1.000000;0.936481;0.616671;-0.175225;-0.089797;
0.264780;1.000000;0.938668;0.617631;-0.182543;-0.098729;
0.264800;1.000000;0.940667;0.618415;-0.189899;-0.107610;
0.264820;1.000000;0.942459;0.619015;-0.197302;-0.116434;
0.264840;1.000000;0.944027;0.619426;-0.204757;-0.125192;
0.264860;1.000000;0.945354;0.619645;-0.212273;-0.133878;
0.264880;1.000000;0.946429;0.619670;-0.219854;-0.142487;
0.264900;1.000000;0.947242;0.619502;-0.227507;-0.151011;
0.264920;1.000000;0.947785;0.619146;-0.235235;-0.159448;
0.264940;1.000000;0.948054;0.618605;-0.243041;-0.167793;
0.264960;1.000000;0.948048;0.617888;-0.250927;-0.176043;
0.264980;1.000000;0.947768;0.617003;-0.258895;-0.184198;
0.265000;1.000000;0.947218;0.615961;-0.266946;-0.192255;
0.265020;1.000000;0.946406;0.614775;-0.275077;-0.200216;
0.265040;1.000000;0.945342;0.613457;-0.283287;-0.208080;
0.265060;1.000000;0.944039;0.612024;-0.291573;-0.215851;
0.265080;1.000000;0.942510;0.610491;-0.299932;-0.223531;
0.265100;1.000000;0.940775;0.608874;-0.308357;-0.231123;
0.265120;1.000000;0.938851;0.607192;-0.316844;-0.238633;
0.265140;1.000000;0.936762;0.605461;-0.325386;-0.246065;
0.265160;1.000000;0.934529;0.603701;-0.333975;-0.253426;
0.265180;1.000000;0.932177;0.601928;-0.342603;-0.260723;
0.265200;1.000000;0.929731;0.600161;-0.351262;-0.267962;
0.265220;1.000000;0.927218;0.598418;-0.359942;-0.275152;
0.265240;1.000000;0.924665;0.596716;-0.368634;-0.282300;
0.265260;1.000000;0.922098;0.595070;-0.377328;-0.289415;
0.265280;1.000000;0.919544;0.593497;-0.386013;-0.296506;
0.265300;1.000000;0.917030;0.592012;-0.394680;-0.303581;
0.265320;1.000000;0.914582;0.590628;-0.403318;-0.310649;
0.265340;1.000000;0.912223;0.589357;-0.411917;-0.317719;
0.265360;1.000000;0.909979;0.588212;-0.420467;-0.324799;
0.265380;1.000000;0.907870;0.587201;-0.428959;-0.331897;
0.265400;1.000000;0.905918;0.586334;-0.437384;-0.339022;
0.265420;1.000000;0.904141;0.585617;-0.445733;-0.346180;
0.265440;1.000000;0.902554;0.585056;-0.453999;-0.353379;
0.265460;1.000000;0.901173;0.584654;-0.462174;-0.360625;
0.265480;1.000000;0.900009;0.584415;-0.470251;-0.367923;
0.265500;1.000000;0.899071;0.584339;-0.478225;-0.375277;
0.265520;1.000000;0.898368;0.584426;-0.486092;-0.382693;
0.265540;1.000000;0.897902;0.584671;-0.493848;-0.390173;
0.265560;1.000000;0.897676;0.585072;-0.501490;-0.397719;
0.265580;1.000000;0.897690;0.585623;-0.509017;-0.405333;
0.265600;1.000000;0.897941;0.586316;-0.516427;-0.413015;
0.265620;1.000000;0.898422;0.587144;-0.523722;-0.420764;
0.265640;1.000000;0.899127;0.588095;-0.530902;-0.428580;
0.265660;1.000000;0.900046;0.589159;-0.537971;-0.436459;
0.265680;1.000000;0.901166;0.590323;-0.544931;-0.444399;
0.265700;1.000000;0.902474;0.591574;-0.551787;-0.452395;
0.265720;1.000000;0.903953;0.592897;-0.558544;-0.460442;
0.265740;1.000000;0.905588;0.594277;-0.565209;-0.468536;
0.265760;1.000000;0.907358;0.595699;-0.571788;-0.476668;
0.265780;1.000000;0.909244;0.597145;-0.578289;-0.484834;
0.265800;1.000000;0.911224;0.598600;-0.584720;-0.493024;
0.265820;1.000000;0.913278;0.600047;-0.591089;-0.501231;
0.265840;1.000000;0.915381;0.601470;-0.597406;-0.509446;
0.265860;1.000000;0.917512;0.602852;-0.603679;-0.517661;
0.265880;1.000000;0.919648;0.604179;-0.609919;-0.525867;
0.265900;1.000000;0.921764;0.605435;-0.616136;-0.534055;
0.265920;1.000000;0.923839;0.606607;-0.622338;-0.542216;
0.265940;1.000000;0.925850;0.607682;-0.628536;-0.550340;
0.265960;1.000000;0.927776;0.608648;-0.634738;-0.558420;
0.265980;1.000000;0.929596;0.609496;-0.640954;-0.566446;
0.266000;1.000000;0.931291;0.610217;-0.647192;-0.574410;
0.266020;1.000000;0.932845;0.610805;-0.653461;-0.582305;
0.266040;1.000000;0.934239;0.611253;-0.659767;-0.590124;
0.266060;1.000000;0.935461;0.611559;-0.666118;-0.597860;
0.266080;1.000000;0.936498;0.611720;-0.672519;-0.605506;
0.266100;1.000000;0.937339;0.611738;-0.678976;-0.613059;
0.266120;1.000000;0.937977;0.611613;-0.685493;-0.620513;
0.266140;1.000000;0.938406;0.611349;-0.692073;-0.627866;
0.266160;1.000000;0.938624;0.610952;-0.698719;-0.635113;
0.266180;1.000000;0.938628;0.610427;-0.705432;-0.642255;
0.266200;1.000000;0.938421;0.609783;-0.712213;-0.649289;
0.266220;1.000000;0.938006;0.609029;-0.719061;-0.656216;
0.266240;1.000000;0.937391;0.608176;-0.725974;-0.663036;
0.266260;1.000000;0.936583;0.607235;-0.732950;-0.669752;
0.266280;1.000000;0.935594;0.606217;-0.739985;-0.676367;
0.266300;1.000000;0.934436;0.605136;-0.747076;-0.682883;
0.266320;1.000000;0.933124;0.604004;-0.754215;-0.689306;
0.266340;1.000000;0.931674;0.602836;-0.761399;-0.695640;
0.266360;1.000000;0.930104;0.601644;-0.768619;-0.701892;
0.266380;1.000000;0.928431;0.600443;-0.775867;-0.708067;
0.266400;1.000000;0.926677;0.599244;-0.783137;-0.714173;
0.266420;1.000000;0.924862;0.598062;-0.790420;-0.720217;
0.266440;1.000000;0.923005;0.596909;-0.797705;-0.726207;
0.266460;1.000000;0.921128;0.595796;-0.804985;-0.732152;
0.266480;1.000000;0.919252;0.594734;-0.812249;-0.738059;
0.266500;1.000000;0.917397;0.593735;-0.819487;-0.743938;
0.266520;1.000000;0.915582;0.592808;-0.826691;-0.749796;
0.266540;1.000000;0.913827;0.591960;-0.833850;-0.755642;
0.266560;1.000000;0.912150;0.591201;-0.840955;-0.761485;
0.266580;1.000000;0.910566;0.590537;-0.847998;-0.767333;
0.266600;1.000000;0.909091;0.589972;-0.854968;-0.773193;
0.266620;1.000000;0.907739;0.589513;-0.861858;-0.779073;
0.266640;1.000000;0.906522;0.589161;-0.868661;-0.784979;
0.266660;1.000000;0.905449;0.588921;-0.875369;-0.790917;
0.266680;1.000000;0.904530;0.588792;-0.881975;-0.796894;
0.266700;1.000000;0.903770;0.588776;-0.888475;-0.802914;
0.266720;1.000000;0.903176;0.588871;-0.894863;-0.808981;
0.266740;1.000000;0.902750;0.589075;-0.901136;-0.815098;
0.266760;1.000000;0.902493;0.589386;-0.907290;-0.821267;
0.266780;1.000000;0.902405;0.589800;-0.913323;-0.827491;
0.266800;1.000000;0.902484;0.590311;-0.919235;-0.833770;
0.266820;1.000000;0.902727;0.590913;-0.925024;-0.840103;
0.266840;1.000000;0.903128;0.591601;-0.930693;-0.846489;
0.266860;1.000000;0.903681;0.592365;-0.936241;-0.852927;
0.266880;1.000000;0.904378;0.593199;-0.941673;-0.859413;
0.266900;1.000000;0.905211;0.594091;-0.946991;-0.865943;
0.266920;1.000000;0.906169;0.595034;-0.952200;-0.872512;
0.266940;1.000000;0.907241;0.596017;-0.957304;-0.879117;
0.266960;1.000000;0.908415;0.597029;-0.962310;-0.885749;
0.266980;1.000000;0.909679;0.598059;-0.967224;-0.892403;
0.267000;1.000000;0.911019;0.599096;-0.972052;-0.899070;
0.267020;1.000000;0.912422;0.600128;-0.976803;-0.905744;
0.267040;1.000000;0.913871;0.601146;-0.981484;-0.912416;
0.267060;1.000000;0.915354;0.602138;-0.986103;-0.919078;
0.267080;1.000000;0.916854;0.603093;-0.990669;-0.925720;
0.267100;1.000000;0.918357;0.604002;-0.995190;-0.932333;
0.267120;1.000000;0.919848;0.604855;-0.999675;-0.938909;
0.267140;1.000000;0.921311;0.605645;-1.004132;-0.945437;
0.267160;1.000000;0.922734;0.606362;-1.008570;-0.951911;
0.267180;1.000000;0.924101;0.607002;-1.012997;-0.958319;
0.267200;1.000000;0.925400;0.607557;-1.017421;-0.964655;
0.267220;1.000000;0.926618;0.608024;-1.021848;-0.970910;
0.267240;1.000000;0.927745;0.608400;-1.026286;-0.977076;
0.267260;1.000000;0.928769;0.608682;-1.030742;-0.983146;
0.267280;1.000000;0.929682;0.608871;-1.035221;-0.989114;
0.267300;1.000000;0.930476;0.608965;-1.039727;-0.994973;
0.267320;1.000000;0.931146;0.608969;-1.044266;-1.000720;
0.267340;1.000000;0.931686;0.608884;-1.048840;-1.006349;
0.267360;1.000000;0.932094;0.608714;-1.053453;-1.011857;
0.267380;1.000000;0.932368;0.608465;-1.058105;-1.017241;
0.267400;1.000000;0.932509;0.608142;-1.062799;-1.022499;
0.267420;1.000000;0.932519;0.607753;-1.067533;-1.027632;
0.267440;1.000000;0.932402;0.607305;-1.072308;-1.032637;
0.267460;1.000000;0.932163;0.606805;-1.077121;-1.037517;
0.267480;1.000000;0.931809;0.606263;-1.081970;-1.042273;
0.267500;1.000000;0.931348;0.605687;-1.086852;-1.046908;
0.267520;1.000000;0.930789;0.605085;-1.091761;-1.051425;
0.267540;1.000000;0.930144;0.604467;-1.096694;-1.055829;
0.267560;1.000000;0.929422;0.603840;-1.101645;-1.060123;
0.267580;1.000000;0.928637;0.603213;-1.106607;-1.064315;
0.267600;1.000000;0.927800;0.602595;-1.111574;-1.068409;
0.267620;1.000000;0.926925;0.601991;-1.116538;-1.072414;
0.267640;1.000000;0.926025;0.601409;-1.121491;-1.076335;
0.267660;1.000000;0.925111;0.600856;-1.126426;-1.080181;
0.267680;1.000000;0.924198;0.600336;-1.131335;-1.083960;
0.267700;1.000000;0.923295;0.599854;-1.136208;-1.087680;
0.267720;1.000000;0.922416;0.599414;-1.141037;-1.091349;
0.267740;1.000000;0.921569;0.599019;-1.145814;-1.094976;
0.267760;1.000000;0.920765;0.598672;-1.150529;-1.098569;
0.267780;1.000000;0.920011;0.598375;-1.155176;-1.102136;
0.267800;1.000000;0.919315;0.598128;-1.159745;-1.105685;
0.267820;1.000000;0.918682;0.597931;-1.164229;-1.109224;
0.267840;1.000000;0.918117;0.597785;-1.168620;-1.112761;
0.267860;1.000000;0.917624;0.597688;-1.172913;-1.116301;
0.267880;1.000000;0.917204;0.597639;-1.177099;-1.119852;
0.267900;1.000000;0.916859;0.597636;-1.181175;-1.123420;
0.267920;1.000000;0.916587;0.597677;-1.185134;-1.127009;
0.267940;1.000000;0.916389;0.597757;-1.188973;-1.130624;
0.267960;1.000000;0.916262;0.597875;-1.192688;-1.134268;
0.267980;1.000000;0.916204;0.598027;-1.196275;-1.137945;
0.268000;1.000000;0.916210;0.598208;-1.199734;-1.141657;
0.268020;1.000000;0.916277;0.598414;-1.203063;-1.145404;
0.268040;1.000000;0.916399;0.598642;-1.206261;-1.149188;
0.268060;1.000000;0.916573;0.598887;-1.209329;-1.153007;
0.268080;1.000000;0.916792;0.599143;-1.212268;-1.156860;
0.268100;1.000000;0.917051;0.599406;-1.215080;-1.160746;
0.268120;1.000000;0.917344;0.599672;-1.217769;-1.164660;
0.268140;1.000000;0.917666;0.599936;-1.220337;-1.168600;
0.268160;1.000000;0.918010;0.600192;-1.222789;-1.172561;
0.268180;1.000000;0.918372;0.600437;-1.225130;-1.176537;
0.268200;1.000000;0.918745;0.600665;-1.227365;-1.180523;
0.268220;1.000000;0.919124;0.600874;-1.229500;-1.184513;
0.268240;1.000000;0.919504;0.601057;-1.231541;-1.188498;
0.268260;1.000000;0.919879;0.601213;-1.233497;-1.192472;
0.268280;1.000000;0.920244;0.601338;-1.235373;-1.196427;
0.268300;1.000000;0.920594;0.601429;-1.237177;-1.200355;
0.268320;1.000000;0.920925;0.601483;-1.238916;-1.204247;
0.268340;1.000000;0.921233;0.601500;-1.240599;-1.208095;
0.268360;1.000000;0.921513;0.601478;-1.242234;-1.211890;
0.268380;1.000000;0.921762;0.601417;-1.243827;-1.215624;
0.268400;1.000000;0.921976;0.601318;-1.245387;-1.219289;
0.268420;1.000000;0.922152;0.601180;-1.246920;-1.222875;
0.268440;1.000000;0.922289;0.601007;-1.248434;-1.226376;
0.268460;1.000000;0.922384;0.600800;-1.249936;-1.229784;
0.268480;1.000000;0.922437;0.600563;-1.251431;-1.233092;
0.268500;1.000000;0.922446;0.600299;-1.252926;-1.236292;
0.268520;1.000000;0.922413;0.600013;-1.254427;-1.239379;
0.268540;1.000000;0.922337;0.599709;-1.255936;-1.242349;
0.268560;1.000000;0.922220;0.599394;-1.257460;-1.245195;
0.268580;1.000000;0.922066;0.599072;-1.259001;-1.247914;
0.268600;1.000000;0.921876;0.598750;-1.260562;-1.250503;
0.268620;1.000000;0.921656;0.598433;-1.262145;-1.252959;
0.268640;1.000000;0.921409;0.598128;-1.263752;-1.255282;
0.268660;1.000000;0.921141;0.597841;-1.265382;-1.257469;
0.268680;1.000000;0.920857;0.597577;-1.267037;-1.259522;
0.268700;1.000000;0.920565;0.597341;-1.268714;-1.261441;
0.268720;1.000000;0.920270;0.597140;-1.270413;-1.263228;
0.268740;1.000000;0.919979;0.596977;-1.272131;-1.264885;
0.268760;1.000000;0.919700;0.596855;-1.273866;-1.266417;
0.268780;1.000000;0.919438;0.596779;-1.275613;-1.267827;
0.268800;1.000000;0.919201;0.596750;-1.277368;-1.269121;
0.268820;1.000000;0.918994;0.596769;-1.279128;-1.270303;
0.268840;1.000000;0.918824;0.596838;-1.280886;-1.271380;
0.268860;1.000000;0.918695;0.596955;-1.282636;-1.272359;
0.268880;1.000000;0.918612;0.597120;-1.284374;-1.273247;
0.268900;1.000000;0.918577;0.597331;-1.286092;-1.274052;
0.268920;1.000000;0.918593;0.597585;-1.287783;-1.274781;
0.268940;1.000000;0.918660;0.597878;-1.289441;-1.275442;
0.268960;1.000000;0.918779;0.598206;-1.291059;-1.276045;
0.268980;1.000000;0.918949;0.598565;-1.292630;-1.276598;
0.269000;1.000000;0.919166;0.598948;-1.294146;-1.277109;
0.269020;1.000000;0.919428;0.599350;-1.295601;-1.277587;
0.269040;1.000000;0.919728;0.599765;-1.296988;-1.278039;
0.269060;1.000000;0.920063;0.600186;-1.298300;-1.278475;
0.269080;1.000000;0.920426;0.600608;-1.299531;-1.278902;
0.269100;1.000000;0.920808;0.601023;-1.300675;-1.279327;
0.269120;1.000000;0.921204;0.601426;-1.301726;-1.279757;
0.269140;1.000000;0.921603;0.601809;-1.302678;-1.280198;
0.269160;1.000000;0.921998;0.602168;-1.303529;-1.280658;
0.269180;1.000000;0.922381;0.602496;-1.304272;-1.281139;
0.269200;1.000000;0.922743;0.602788;-1.304905;-1.281648;
0.269220;1.000000;0.923076;0.603040;-1.305424;-1.282188;
0.269240;1.000000;0.923372;0.603247;-1.305828;-1.282761;
0.269260;1.000000;0.923624;0.603406;-1.306114;-1.283371;
0.269280;1.000000;0.923826;0.603514;-1.306282;-1.284018;
0.269300;1.000000;0.923972;0.603568;-1.306331;-1.284703;
0.269320;1.000000;0.924057;0.603566;-1.306262;-1.285425;
0.269340;1.000000;0.924078;0.603507;-1.306075;-1.286184;
0.269360;1.000000;0.924032;0.603391;-1.305773;-1.286978;
0.269380;1.000000;0.923917;0.603218;-1.305357;-1.287803;
0.269400;1.000000;0.923733;0.602989;-1.304831;-1.288656;
0.269420;1.000000;0.923479;0.602704;-1.304198;-1.289534;
0.269440;1.000000;0.923156;0.602367;-1.303462;-1.290430;
0.269460;1.000000;0.922768;0.601979;-1.302628;-1.291339;
0.269480;1.000000;0.922317;0.601545;-1.301701;-1.292256;
0.269500;1.000000;0.921807;0.601068;-1.300687;-1.293173;
0.269520;1.000000;0.921243;0.600552;-1.299591;-1.294083;
0.269540;1.000000;0.920631;0.600003;-1.298420;-1.294978;
0.269560;1.000000;0.919975;0.599425;-1.297180;-1.295851;
0.269580;1.000000;0.919284;0.598826;-1.295878;-1.296693;
0.269600;1.000000;0.918564;0.598212;-1.294520;-1.297495;
0.269620;1.000000;0.917822;0.597589;-1.293114;-1.298250;
0.269640;1.000000;0.917066;0.596966;-1.291666;-1.298949;
0.269660;1.000000;0.916305;0.596348;-1.290183;-1.299583;
0.269680;1.000000;0.915546;0.595745;-1.288672;-1.300145;
0.269700;1.000000;0.914799;0.595164;-1.287138;-1.300625;
0.269720;1.000000;0.914071;0.594612;-1.285590;-1.301017;
0.269740;1.000000;0.913371;0.594099;-1.284032;-1.301313;
0.269760;1.000000;0.912709;0.593631;-1.282469;-1.301506;
0.269780;1.000000;0.912091;0.593217;-1.280908;-1.301590;
0.269800;1.000000;0.911527;0.592862;-1.279352;-1.301559;
0.269820;1.000000;0.911025;0.592575;-1.277806;-1.301408;
0.269840;1.000000;0.910593;0.592361;-1.276273;-1.301132;
0.269860;1.000000;0.910238;0.592225;-1.274757;-1.300728;
0.269880;1.000000;0.909967;0.592173;-1.273259;-1.300193;
0.269900;1.000000;0.909787;0.592208;-1.271782;-1.299524;
0.269920;1.000000;0.909702;0.592332;-1.270326;-1.298721;
0.269940;1.000000;0.909720;0.592547;-1.268892;-1.297783;
0.269960;1.000000;0.909842;0.592854;-1.267480;-1.296709;
0.269980;1.000000;0.910074;0.593253;-1.266088;-1.295502;
0.270000;1.000000;0.910416;0.593740;-1.264716;-1.294164;
0.270020;1.000000;0.910869;0.594315;-1.263360;-1.292696;
0.270040;1.000000;0.911434;0.594971;-1.262019;-1.291102;
0.270060;1.000000;0.912107;0.595704;-1.260687;-1.289388;
0.270080;1.000000;0.912887;0.596506;-1.259362;-1.287557;
0.270100;1.000000;0.913768;0.597371;-1.258039;-1.285616;
0.270120;1.000000;0.914744;0.598290;-1.256713;-1.283570;
0.270140;1.000000;0.915808;0.599253;-1.255377;-1.281427;
0.270160;1.000000;0.916950;0.600249;-1.254026;-1.279193;
0.270180;1.000000;0.918160;0.601268;-1.252654;-1.276876;
0.270200;1.000000;0.919427;0.602298;-1.251255;-1.274484;
0.270220;1.000000;0.920738;0.603327;-1.249820;-1.272026;
0.270240;1.000000;0.922078;0.604344;-1.248344;-1.269510;
0.270260;1.000000;0.923434;0.605336;-1.246819;-1.266943;
0.270280;1.000000;0.924790;0.606291;-1.245239;-1.264335;
0.270300;1.000000;0.926130;0.607198;-1.243595;-1.261694;
0.270320;1.000000;0.927438;0.608045;-1.241882;-1.259027;
0.270340;1.000000;0.928699;0.608822;-1.240091;-1.256344;
0.270360;1.000000;0.929896;0.609518;-1.238218;-1.253652;
0.270380;1.000000;0.931014;0.610125;-1.236254;-1.250957;
0.270400;1.000000;0.932039;0.610635;-1.234196;-1.248267;
0.270420;1.000000;0.932957;0.611041;-1.232036;-1.245587;
0.270440;1.000000;0.933755;0.611336;-1.229770;-1.242924;
0.270460;1.000000;0.934422;0.611516;-1.227394;-1.240283;
0.270480;1.000000;0.934948;0.611577;-1.224903;-1.237667;
0.270500;1.000000;0.935325;0.611518;-1.222294;-1.235080;
0.270520;1.000000;0.935545;0.611338;-1.219565;-1.232526;
0.270540;1.000000;0.935605;0.611037;-1.216713;-1.230005;
0.270560;1.000000;0.935500;0.610616;-1.213738;-1.227520;
0.270580;1.000000;0.935231;0.610079;-1.210637;-1.225069;
0.270600;1.000000;0.934797;0.609431;-1.207412;-1.222654;
0.270620;1.000000;0.934201;0.608677;-1.204064;-1.220271;
0.270640;1.000000;0.933449;0.607823;-1.200593;-1.217920;
0.270660;1.000000;0.932545;0.606877;-1.197002;-1.215597;
0.270680;1.000000;0.931499;0.605849;-1.193294;-1.213297;
0.270700;1.000000;0.930320;0.604747;-1.189473;-1.211018;
0.270720;1.000000;0.929019;0.603583;-1.185542;-1.208752;
0.270740;1.000000;0.927609;0.602367;-1.181507;-1.206495;
0.270760;1.000000;0.926103;0.601112;-1.177373;-1.204240;
0.270780;1.000000;0.924517;0.599830;-1.173145;-1.201979;
0.270800;1.000000;0.922867;0.598534;-1.168830;-1.199706;
0.270820;1.000000;0.921168;0.597238;-1.164435;-1.197412;
0.270840;1.000000;0.919440;0.595954;-1.159966;-1.195089;
0.270860;1.000000;0.917698;0.594696;-1.155432;-1.192729;
0.270880;1.000000;0.915961;0.593477;-1.150839;-1.190323;
0.270900;1.000000;0.914248;0.592311;-1.146195;-1.187862;
0.270920;1.000000;0.912576;0.591211;-1.141509;-1.185338;
0.270940;1.000000;0.910963;0.590189;-1.136786;-1.182743;
0.270960;1.000000;0.909426;0.589257;-1.132036;-1.180067;
0.270980;1.000000;0.907982;0.588426;-1.127266;-1.177304;
0.271000;1.000000;0.906648;0.587705;-1.122482;-1.174445;
0.271020;1.000000;0.905438;0.587106;-1.117692;-1.171483;
0.271040;1.000000;0.904366;0.586635;-1.112902;-1.168412;
0.271060;1.000000;0.903446;0.586299;-1.108119;-1.165225;
0.271080;1.000000;0.902690;0.586105;-1.103348;-1.161917;
0.271100;1.000000;0.902106;0.586056;-1.098593;-1.158483;
0.271120;1.000000;0.901705;0.586156;-1.093860;-1.154920;
0.271140;1.000000;0.901493;0.586404;-1.089152;-1.151223;
0.271160;1.000000;0.901475;0.586801;-1.084473;-1.147392;
0.271180;1.000000;0.901654;0.587344;-1.079824;-1.143423;
0.271200;1.000000;0.902032;0.588030;-1.075208;-1.139317;
0.271220;1.000000;0.902608;0.588853;-1.070625;-1.135074;
0.271240;1.000000;0.903378;0.589806;-1.066076;-1.130696;
0.271260;1.000000;0.904337;0.590880;-1.061559;-1.126183;
0.271280;1.000000;0.905479;0.592065;-1.057075;-1.121540;
0.271300;1.000000;0.906794;0.593349;-1.052619;-1.116770;
0.271320;1.000000;0.908270;0.594720;-1.048190;-1.111878;
0.271340;1.000000;0.909894;0.596162;-1.043783;-1.106869;
0.271360;1.000000;0.911651;0.597662;-1.039395;-1.101750;
0.271380;1.000000;0.913523;0.599203;-1.035021;-1.096526;
0.271400;1.000000;0.915493;0.600767;-1.030654;-1.091206;
0.271420;1.000000;0.917540;0.602340;-1.026290;-1.085798;
0.271440;1.000000;0.919643;0.603902;-1.021922;-1.080310;
0.271460;1.000000;0.921780;0.605437;-1.017542;-1.074750;
0.271480;1.000000;0.923928;0.606927;-1.013144;-1.069129;
0.271500;1.000000;0.926064;0.608356;-1.008719;-1.063455;
0.271520;1.000000;0.928164;0.609707;-1.004262;-1.057737;
0.271540;1.000000;0.930206;0.610965;-0.999762;-1.051987;
0.271560;1.000000;0.932166;0.612116;-0.995214;-1.046211;
0.271580;1.000000;0.934022;0.613146;-0.990608;-1.040421;
0.271600;1.000000;0.935753;0.614042;-0.985939;-1.034625;
0.271620;1.000000;0.937339;0.614795;-0.981197;-1.028832;
0.271640;1.000000;0.938761;0.615396;-0.976377;-1.023050;
0.271660;1.000000;0.940003;0.615837;-0.971471;-1.017287;
0.271680;1.000000;0.941049;0.616112;-0.966473;-1.011550;
0.271700;1.000000;0.941886;0.616218;-0.961379;-1.005846;
0.271720;1.000000;0.942504;0.616153;-0.956181;-1.000181;
0.271740;1.000000;0.942894;0.615917;-0.950877;-0.994560;
0.271760;1.000000;0.943051;0.615512;-0.945463;-0.988987;
0.271780;1.000000;0.942970;0.614941;-0.939935;-0.983466;
0.271800;1.000000;0.942652;0.614210;-0.934291;-0.977999;
0.271820;1.000000;0.942097;0.613326;-0.928530;-0.972587;
0.271840;1.000000;0.941310;0.612297;-0.922651;-0.967233;
0.271860;1.000000;0.940299;0.611135;-0.916656;-0.961935;
0.271880;1.000000;0.939071;0.609850;-0.910543;-0.956693;
0.271900;1.000000;0.937639;0.608455;-0.904317;-0.951504;
0.271920;1.000000;0.936017;0.606966;-0.897980;-0.946365;
0.271940;1.000000;0.934220;0.605397;-0.891535;-0.941273;
0.271960;1.000000;0.932267;0.603763;-0.884987;-0.936222;
0.271980;1.000000;0.930177;0.602082;-0.878341;-0.931209;
0.272000;1.000000;0.927972;0.600371;-0.871603;-0.926225;
0.272020;1.000000;0.925673;0.598647;-0.864780;-0.921265;
0.272040;1.000000;0.923304;0.596929;-0.857878;-0.916321;
0.272060;1.000000;0.920890;0.595233;-0.850906;-0.911386;
0.272080;1.000000;0.918455;0.593577;-0.843872;-0.906450;
0.272100;1.000000;0.916025;0.591979;-0.836784;-0.901505;
0.272120;1.000000;0.913625;0.590455;-0.829651;-0.896543;
0.272140;1.000000;0.911280;0.589022;-0.822482;-0.891554;
0.272160;1.000000;0.909016;0.587695;-0.815286;-0.886528;
0.272180;1.000000;0.906855;0.586487;-0.808072;-0.881458;
0.272200;1.000000;0.904822;0.585413;-0.800850;-0.876333;
0.272220;1.000000;0.902938;0.584484;-0.793628;-0.871146;
0.272240;1.000000;0.901224;0.583710;-0.786415;-0.865887;
0.272260;1.000000;0.899698;0.583101;-0.779218;-0.860548;
0.272280;1.000000;0.898377;0.582664;-0.772047;-0.855123;
0.272300;1.000000;0.897277;0.582404;-0.764908;-0.849603;
0.272320;1.000000;0.896411;0.582326;-0.757808;-0.843983;
0.272340;1.000000;0.895788;0.582431;-0.750753;-0.838257;
0.272360;1.000000;0.895417;0.582720;-0.743748;-0.832419;
0.272380;1.000000;0.895303;0.583191;-0.736799;-0.826467;
0.272400;1.000000;0.895449;0.583839;-0.729908;-0.820397;
0.272420;1.000000;0.895854;0.584659;-0.723079;-0.814206;
0.272440;1.000000;0.896517;0.585644;-0.716314;-0.807893;
0.272460;1.000000;0.897431;0.586784;-0.709613;-0.801458;
0.272480;1.000000;0.898589;0.588067;-0.702977;-0.794902;
0.272500;1.000000;0.899979;0.589481;-0.696404;-0.788226;
0.272520;1.000000;0.901587;0.591011;-0.689894;-0.781432;
0.272540;1.000000;0.903399;0.592642;-0.683442;-0.774523;
0.272560;1.000000;0.905396;0.594356;-0.677047;-0.767505;
0.272580;1.000000;0.907557;0.596135;-0.670702;-0.760382;
0.272600;1.000000;0.909861;0.597960;-0.664403;-0.753161;
0.272620;1.000000;0.912283;0.599811;-0.658144;-0.745847;
0.272640;1.000000;0.914799;0.601668;-0.651918;-0.738448;
0.272660;1.000000;0.917382;0.603512;-0.645717;-0.730972;
0.272680;1.000000;0.920005;0.605321;-0.639533;-0.723428;
0.272700;1.000000;0.922640;0.607075;-0.633359;-0.715824;
0.272720;1.000000;0.925259;0.608756;-0.627184;-0.708170;
0.272740;1.000000;0.927835;0.610344;-0.621001;-0.700475;
0.272760;1.000000;0.930339;0.611822;-0.614799;-0.692749;
0.272780;1.000000;0.932745;0.613173;-0.608570;-0.685001;
0.272800;1.000000;0.935026;0.614381;-0.602304;-0.677240;
0.272820;1.000000;0.937159;0.615434;-0.595991;-0.669478;
0.272840;1.000000;0.939119;0.616320;-0.589623;-0.661721;
0.272860;1.000000;0.940885;0.617027;-0.583190;-0.653981;
0.272880;1.000000;0.942438;0.617549;-0.576685;-0.646264;
0.272900;1.000000;0.943760;0.617879;-0.570099;-0.638579;
0.272920;1.000000;0.944837;0.618013;-0.563425;-0.630932;
0.272940;1.000000;0.945656;0.617950;-0.556657;-0.623332;
0.272960;1.000000;0.946208;0.617689;-0.549789;-0.615783;
0.272980;1.000000;0.946485;0.617234;-0.542815;-0.608291;
0.273000;1.000000;0.946483;0.616589;-0.535732;-0.600860;
0.273020;1.000000;0.946203;0.615761;-0.528535;-0.593493;
0.273040;1.000000;0.945645;0.614758;-0.521224;-0.586193;
0.273060;1.000000;0.944814;0.613591;-0.513795;-0.578960;
0.273080;1.000000;0.943718;0.612272;-0.506250;-0.571796;
0.273100;1.000000;0.942367;0.610815;-0.498588;-0.564700;
0.273120;1.000000;0.940776;0.609235;-0.490812;-0.557671;
0.273140;1.000000;0.938958;0.607548;-0.482924;-0.550705;
0.273160;1.000000;0.936933;0.605773;-0.474927;-0.543800;
0.273180;1.000000;0.934721;0.603927;-0.466827;-0.536951;
0.273200;1.000000;0.932344;0.602029;-0.458629;-0.530153;
0.273220;1.000000;0.929827;0.600099;-0.450338;-0.523400;
0.273240;1.000000;0.927194;0.598158;-0.441963;-0.516686;
0.273260;1.000000;0.924474;0.596224;-0.433511;-0.510003;
0.273280;1.000000;0.921693;0.594317;-0.424991;-0.503343;
0.273300;1.000000;0.918881;0.592458;-0.416411;-0.496699;
0.273320;1.000000;0.916066;0.590664;-0.407782;-0.490061;
0.273340;1.000000;0.913278;0.588955;-0.399112;-0.483420;
0.273360;1.000000;0.910546;0.587347;-0.390412;-0.476767;
0.273380;1.000000;0.907897;0.585858;-0.381693;-0.470093;
0.273400;1.000000;0.905360;0.584503;-0.372964;-0.463388;
0.273420;1.000000;0.902960;0.583295;-0.364236;-0.456643;
0.273440;1.000000;0.900724;0.582247;-0.355518;-0.449850;
0.273460;1.000000;0.898674;0.581371;-0.346821;-0.442998;
0.273480;1.000000;0.896831;0.580675;-0.338154;-0.436080;
0.273500;1.000000;0.895216;0.580167;-0.329525;-0.429089;
0.273520;1.000000;0.893845;0.579853;-0.320943;-0.422016;
0.273540;1.000000;0.892733;0.579736;-0.312417;-0.414856;
0.273560;1.000000;0.891891;0.579819;-0.303951;-0.407601;
0.273580;1.000000;0.891328;0.580101;-0.295554;-0.400248;
0.273600;1.000000;0.891051;0.580579;-0.287229;-0.392792;
0.273620;1.000000;0.891062;0.581250;-0.278981;-0.385229;
0.273640;1.000000;0.891361;0.582107;-0.270814;-0.377558;
0.273660;1.000000;0.891946;0.583142;-0.262730;-0.369776;
0.273680;1.000000;0.892810;0.584345;-0.254730;-0.361884;
0.273700;1.000000;0.893944;0.585704;-0.246814;-0.353882;
0.273720;1.000000;0.895337;0.587204;-0.238981;-0.345771;
0.273740;1.000000;0.896974;0.588832;-0.231229;-0.337554;
0.273760;1.000000;0.898838;0.590570;-0.223557;-0.329235;
0.273780;1.000000;0.900910;0.592401;-0.215958;-0.320819;
0.273800;1.000000;0.903168;0.594305;-0.208430;-0.312309;
0.273820;1.000000;0.905588;0.596262;-0.200966;-0.303713;
0.273840;1.000000;0.908147;0.598254;-0.193559;-0.295037;
0.273860;1.000000;0.910816;0.600257;-0.186203;-0.286290;
0.273880;1.000000;0.913569;0.602252;-0.178889;-0.277479;
0.273900;1.000000;0.916377;0.604217;-0.171609;-0.268613;
0.273920;1.000000;0.919211;0.606131;-0.164354;-0.259702;
0.273940;1.000000;0.922042;0.607975;-0.157114;-0.250754;
0.273960;1.000000;0.924840;0.609730;-0.149880;-0.241781;
0.273980;1.000000;0.927577;0.611375;-0.142642;-0.232791;
0.274000;1.000000;0.930226;0.612896;-0.135391;-0.223795;
0.274020;1.000000;0.932758;0.614275;-0.128116;-0.214803;
0.274040;1.000000;0.935148;0.615499;-0.120807;-0.205825;
0.274060;1.000000;0.937372;0.616556;-0.113457;-0.196870;
0.274080;1.000000;0.939407;0.617434;-0.106054;-0.187947;
0.274100;1.000000;0.941233;0.618126;-0.098592;-0.179066;
0.274120;1.000000;0.942832;0.618625;-0.091062;-0.170234;
0.274140;1.000000;0.944187;0.618928;-0.083457;-0.161460;
0.274160;1.000000;0.945287;0.619032;-0.075770;-0.152749;
0.274180;1.000000;0.946119;0.618937;-0.067997;-0.144108;
0.274200;1.000000;0.946677;0.618647;-0.060132;-0.135543;
0.274220;1.000000;0.946956;0.618165;-0.052171;-0.127058;
0.274240;1.000000;0.946953;0.617499;-0.044112;-0.118656;
0.274260;1.000000;0.946671;0.616657;-0.035953;-0.110340;
0.274280;1.000000;0.946113;0.615650;-0.027694;-0.102112;
0.274300;1.000000;0.945286;0.614489;-0.019335;-0.093971;
0.274320;1.000000;0.944200;0.613189;-0.010878;-0.085918;
0.274340;1.000000;0.942868;0.611765;-0.002324;-0.077951;
0.274360;1.000000;0.941305;0.610232;0.006321;-0.070067;
0.274380;1.000000;0.939528;0.608608;0.015054;-0.062265;
0.274400;1.000000;0.937557;0.606910;0.023868;-0.054538;
0.274420;1.000000;0.935415;0.605159;0.032758;-0.046882;
0.274440;1.000000;0.933125;0.603371;0.041715;-0.039292;
0.274460;1.000000;0.930711;0.601567;0.050732;-0.031761;
0.274480;1.000000;0.928200;0.599765;0.059800;-0.024281;
0.274500;1.000000;0.925620;0.597984;0.068909;-0.016845;
0.274520;1.000000;0.922998;0.596243;0.078049;-0.009445;
0.274540;1.000000;0.920363;0.594559;0.087211;-0.002073;
0.274560;1.000000;0.917742;0.592950;0.096382;0.005282;
0.274580;1.000000;0.915165;0.591432;0.105553;0.012627;
0.274600;1.000000;0.912657;0.590019;0.114713;0.019972;
0.274620;1.000000;0.910247;0.588727;0.123850;0.027326;
0.274640;1.000000;0.907959;0.587567;0.132955;0.034697;
0.274660;1.000000;0.905817;0.586551;0.142016;0.042095;
0.274680;1.000000;0.903843;0.585690;0.151025;0.049527;
0.274700;1.000000;0.902058;0.584990;0.159970;0.057002;
0.274720;1.000000;0.900479;0.584458;0.168844;0.064527;
0.274740;1.000000;0.899124;0.584100;0.177638;0.072109;
0.274760;1.000000;0.898004;0.583919;0.186345;0.079753;
0.274780;1.000000;0.897131;0.583915;0.194959;0.087466;
0.274800;1.000000;0.896514;0.584089;0.203473;0.095252;
0.274820;1.000000;0.896157;0.584437;0.211883;0.103114;
0.274840;1.000000;0.896063;0.584956;0.220185;0.111055;
0.274860;1.000000;0.896232;0.585640;0.228376;0.119077;
0.274880;1.000000;0.896661;0.586481;0.236456;0.127182;
0.274900;1.000000;0.897345;0.587470;0.244423;0.135368;
0.274920;1.000000;0.898275;0.588596;0.252279;0.143634;
0.274940;1.000000;0.899440;0.589847;0.260025;0.151980;
0.274960;1.000000;0.900828;0.591208;0.267663;0.160401;
0.274980;1.000000;0.902423;0.592665;0.275199;0.168894;
0.275000;1.000000;0.904207;0.594202;0.282635;0.177453;
0.275020;1.000000;0.906161;0.595802;0.289980;0.186075;
0.275040;1.000000;0.908264;0.597447;0.297237;0.194751;
0.275060;1.000000;0.910494;0.599120;0.304417;0.203474;
0.275080;1.000000;0.912826;0.600801;0.311525;0.212238;
0.275100;1.000000;0.915236;0.602471;0.318572;0.221034;
0.275120;1.000000;0.917699;0.604114;0.325566;0.229853;
0.275140;1.000000;0.920189;0.605709;0.332517;0.238686;
0.275160;1.000000;0.922679;0.607240;0.339434;0.247523;
0.275180;1.000000;0.925144;0.608689;0.346329;0.256355;
0.275200;1.000000;0.927557;0.610041;0.353210;0.265173;
0.275220;1.000000;0.929894;0.611281;0.360089;0.273967;
0.275240;1.000000;0.932130;0.612395;0.366974;0.282727;
0.275260;1.000000;0.934242;0.613372;0.373877;0.291444;
0.275280;1.000000;0.936209;0.614201;0.380806;0.300109;
0.275300;1.000000;0.938010;0.614873;0.387770;0.308715;
0.275320;1.000000;0.939627;0.615382;0.394777;0.317252;
0.275340;1.000000;0.941043;0.615723;0.401835;0.325713;
0.275360;1.000000;0.942244;0.615894;0.408951;0.334093;
0.275380;1.000000;0.943218;0.615893;0.416130;0.342385;
0.275400;1.000000;0.943956;0.615721;0.423379;0.350583;
0.275420;1.000000;0.944450;0.615383;0.430701;0.358684;
0.275440;1.000000;0.944697;0.614881;0.438099;0.366684;
0.275460;1.000000;0.944694;0.614224;0.445576;0.374581;
0.275480;1.000000;0.944444;0.613420;0.453132;0.382373;
0.275500;1.000000;0.943949;0.612478;0.460768;0.390060;
0.275520;1.000000;0.943216;0.611410;0.468482;0.397643;
0.275540;1.000000;0.942254;0.610228;0.476273;0.405122;
0.275560;1.000000;0.941075;0.608946;0.484137;0.412501;
0.275580;1.000000;0.939691;0.607578;0.492070;0.419782;
0.275600;1.000000;0.938119;0.606139;0.500067;0.426970;
0.275620;1.000000;0.936376;0.604645;0.508122;0.434070;
0.275640;1.000000;0.934482;0.603112;0.516227;0.441087;
0.275660;1.000000;0.932458;0.601555;0.524377;0.448029;
0.275680;1.000000;0.930325;0.599992;0.532561;0.454902;
0.275700;1.000000;0.928107;0.598436;0.540771;0.461714;
0.275720;1.000000;0.925828;0.596905;0.548998;0.468473;
0.275740;1.000000;0.923511;0.595413;0.557232;0.475188;
0.275760;1.000000;0.921182;0.593974;0.565463;0.481867;
0.275780;1.000000;0.918864;0.592601;0.573680;0.488520;
0.275800;1.000000;0.916580;0.591308;0.581873;0.495156;
0.275820;1.000000;0.914355;0.590107;0.590032;0.501784;
0.275840;1.000000;0.912209;0.589007;0.598147;0.508412;
0.275860;1.000000;0.910164;0.588018;0.606207;0.515050;
0.275880;1.000000;0.908240;0.587149;0.614203;0.521706;
0.275900;1.000000;0.906453;0.586406;0.622126;0.528388;
0.275920;1.000000;0.904821;0.585796;0.629968;0.535103;
0.275940;1.000000;0.903358;0.585324;0.637720;0.541859;
0.275960;1.000000;0.902075;0.584991;0.645376;0.548661;
0.275980;1.000000;0.900983;0.584800;0.652928;0.555516;
0.276000;1.000000;0.900091;0.584751;0.660372;0.562427;
0.276020;1.000000;0.899403;0.584843;0.667703;0.569400;
0.276040;1.000000;0.898925;0.585074;0.674917;0.576437;
0.276060;1.000000;0.898657;0.585441;0.682012;0.583539;
0.276080;1.000000;0.898598;0.585937;0.688986;0.590709;
0.276100;1.000000;0.898747;0.586558;0.695839;0.597947;
0.276120;1.000000;0.899099;0.587295;0.702570;0.605251;
0.276140;1.000000;0.899647;0.588139;0.709183;0.612621;
0.276160;1.000000;0.900382;0.589082;0.715679;0.620052;
0.276180;1.000000;0.901295;0.590112;0.722061;0.627543;
0.276200;1.000000;0.902374;0.591218;0.728335;0.635087;
0.276220;1.000000;0.903605;0.592387;0.734505;0.642681;
0.276240;1.000000;0.904974;0.593606;0.740579;0.650318;
0.276260;1.000000;0.906465;0.594863;0.746561;0.657991;
0.276280;1.000000;0.908062;0.596143;0.752462;0.665693;
0.276300;1.000000;0.909747;0.597432;0.758287;0.673415;
0.276320;1.000000;0.911501;0.598716;0.764047;0.681150;
0.276340;1.000000;0.913306;0.599981;0.769750;0.688888;
0.276360;1.000000;0.915142;0.601214;0.775405;0.696621;
0.276380;1.000000;0.916989;0.602401;0.781023;0.704338;
0.276400;1.000000;0.918829;0.603530;0.786612;0.712031;
0.276420;1.000000;0.920641;0.604590;0.792182;0.719690;
0.276440;1.000000;0.922408;0.605570;0.797743;0.727306;
0.276460;1.000000;0.924111;0.606459;0.803304;0.734869;
0.276480;1.000000;0.925733;0.607251;0.808874;0.742370;
0.276500;1.000000;0.927257;0.607936;0.814461;0.749801;
0.276520;1.000000;0.928668;0.608511;0.820074;0.757154;
0.276540;1.000000;0.929952;0.608971;0.825719;0.764422;
0.276560;1.000000;0.931097;0.609313;0.831403;0.771597;
0.276580;1.000000;0.932093;0.609535;0.837132;0.778673;
0.276600;1.000000;0.932931;0.609639;0.842912;0.785644;
0.276620;1.000000;0.933603;0.609625;0.848745;0.792507;
0.276640;1.000000;0.934104;0.609498;0.854637;0.799257;
0.276660;1.000000;0.934433;0.609261;0.860588;0.805892;
0.276680;1.000000;0.934587;0.608921;0.866601;0.812409;
0.276700;1.000000;0.934569;0.608484;0.872674;0.818808;
0.276720;1.000000;0.934381;0.607958;0.878809;0.825088;
0.276740;1.000000;0.934028;0.607353;0.885003;0.831250;
0.276760;1.000000;0.933519;0.606677;0.891253;0.837296;
0.276780;1.000000;0.932862;0.605942;0.897556;0.843229;
0.276800;1.000000;0.932067;0.605156;0.903907;0.849053;
0.276820;1.000000;0.931147;0.604332;0.910302;0.854771;
0.276840;1.000000;0.930115;0.603480;0.916733;0.860389;
0.276860;1.000000;0.928987;0.602612;0.923193;0.865913;
0.276880;1.000000;0.927777;0.601737;0.929677;0.871349;
0.276900;1.000000;0.926501;0.600867;0.936174;0.876705;
0.276920;1.000000;0.925177;0.600011;0.942677;0.881988;
0.276940;1.000000;0.923821;0.599180;0.949176;0.887207;
0.276960;1.000000;0.922449;0.598381;0.955662;0.892369;
0.276980;1.000000;0.921080;0.597624;0.962126;0.897484;
0.277000;1.000000;0.919728;0.596916;0.968558;0.902559;
0.277020;1.000000;0.918409;0.596264;0.974947;0.907605;
0.277040;1.000000;0.917137;0.595673;0.981285;0.912630;
0.277060;1.000000;0.915927;0.595149;0.987562;0.917641;
0.277080;1.000000;0.914790;0.594697;0.993769;0.922649;
0.277100;1.000000;0.913738;0.594319;0.999896;0.927661;
0.277120;1.000000;0.912780;0.594018;1.005937;0.932684;
0.277140;1.000000;0.911924;0.593797;1.011882;0.937725;
0.277160;1.000000;0.911178;0.593655;1.017724;0.942792;
0.277180;1.000000;0.910547;0.593593;1.023458;0.947890;
0.277200;1.000000;0.910034;0.593610;1.029077;0.953024;
0.277220;1.000000;0.909642;0.593704;1.034577;0.958199;
0.277240;1.000000;0.909373;0.593874;1.039952;0.963418;
0.277260;1.000000;0.909226;0.594116;1.045201;0.968684;
0.277280;1.000000;0.909199;0.594426;1.050321;0.973999;
0.277300;1.000000;0.909290;0.594800;1.055310;0.979364;
0.277320;1.000000;0.909496;0.595233;1.060168;0.984778;
0.277340;1.000000;0.909810;0.595719;1.064895;0.990242;
0.277360;1.000000;0.910229;0.596252;1.069493;0.995752;
0.277380;1.000000;0.910745;0.596826;1.073964;1.001306;
0.277400;1.000000;0.911350;0.597433;1.078312;1.006901;
0.277420;1.000000;0.912038;0.598067;1.082540;1.012532;
0.277440;1.000000;0.912800;0.598718;1.086653;1.018194;
0.277460;1.000000;0.913627;0.599381;1.090657;1.023881;
0.277480;1.000000;0.914509;0.600045;1.094558;1.029585;
0.277500;1.000000;0.915436;0.600705;1.098362;1.035301;
0.277520;1.000000;0.916399;0.601351;1.102077;1.041019;
0.277540;1.000000;0.917388;0.601976;1.105711;1.046731;
0.277560;1.000000;0.918391;0.602572;1.109271;1.052430;
0.277580;1.000000;0.919399;0.603133;1.112767;1.058105;
0.277600;1.000000;0.920401;0.603653;1.116205;1.063748;
0.277620;1.000000;0.921387;0.604124;1.119596;1.069349;
0.277640;1.000000;0.922347;0.604542;1.122947;1.074899;
0.277660;1.000000;0.923270;0.604902;1.126267;1.080388;
0.277680;1.000000;0.924149;0.605201;1.129564;1.085808;
0.277700;1.000000;0.924974;0.605436;1.132847;1.091150;
0.277720;1.000000;0.925737;0.605606;1.136122;1.096405;
0.277740;1.000000;0.926431;0.605709;1.139397;1.101565;
0.277760;1.000000;0.927049;0.605745;1.142678;1.106623;
0.277780;1.000000;0.927585;0.605717;1.145973;1.111572;
0.277800;1.000000;0.928036;0.605625;1.149285;1.116405;
0.277820;1.000000;0.928398;0.605473;1.152620;1.121118;
0.277840;1.000000;0.928669;0.605265;1.155982;1.125704;
0.277860;1.000000;0.928847;0.605004;1.159374;1.130160;
0.277880;1.000000;0.928934;0.604698;1.162798;1.134484;
0.277900;1.000000;0.928930;0.604352;1.166256;1.138672;
0.277920;1.000000;0.928839;0.603973;1.169748;1.142724;
0.277940;1.000000;0.928665;0.603566;1.173275;1.146639;
0.277960;1.000000;0.928413;0.603140;1.176836;1.150418;
0.277980;1.000000;0.928089;0.602700;1.180428;1.154061;
0.278000;1.000000;0.927700;0.602255;1.184049;1.157572;
0.278020;1.000000;0.927254;0.601810;1.187695;1.160954;
0.278040;1.000000;0.926761;0.601373;1.191362;1.164210;
0.278060;1.000000;0.926228;0.600950;1.195046;1.167345;
0.278080;1.000000;0.925667;0.600546;1.198741;1.170365;
0.278100;1.000000;0.925085;0.600166;1.202441;1.173277;
0.278120;1.000000;0.924494;0.599815;1.206138;1.176086;
0.278140;1.000000;0.923901;0.599497;1.209826;1.178800;
0.278160;1.000000;0.923317;0.599214;1.213498;1.181428;
0.278180;1.000000;0.922750;0.598970;1.217145;1.183977;
0.278200;1.000000;0.922208;0.598765;1.220760;1.186456;
0.278220;1.000000;0.921696;0.598600;1.224334;1.188874;
0.278240;1.000000;0.921222;0.598476;1.227859;1.191239;
0.278260;1.000000;0.920791;0.598391;1.231328;1.193560;
0.278280;1.000000;0.920405;0.598345;1.234731;1.195847;
0.278300;1.000000;0.920068;0.598336;1.238061;1.198107;
0.278320;1.000000;0.919782;0.598361;1.241310;1.200350;
0.278340;1.000000;0.919546;0.598417;1.244471;1.202584;
0.278360;1.000000;0.919360;0.598502;1.247537;1.204815;
0.278380;1.000000;0.919222;0.598611;1.250501;1.207052;
0.278400;1.000000;0.919131;0.598741;1.253358;1.209302;
0.278420;1.000000;0.919081;0.598888;1.256103;1.211569;
0.278440;1.000000;0.919071;0.599048;1.258730;1.213860;
0.278460;1.000000;0.919094;0.599217;1.261236;1.216180;
0.278480;1.000000;0.919147;0.599390;1.263617;1.218532;
0.278500;1.000000;0.919223;0.599564;1.265871;1.220919;
0.278520;1.000000;0.919317;0.599734;1.267996;1.223344;
0.278540;1.000000;0.919424;0.599896;1.269992;1.225808;
0.278560;1.000000;0.919538;0.600048;1.271858;1.228311;
0.278580;1.000000;0.919655;0.600184;1.273594;1.230853;
0.278600;1.000000;0.919769;0.600302;1.275203;1.233433;
0.278620;1.000000;0.919875;0.600399;1.276685;1.236048;
0.278640;1.000000;0.919969;0.600472;1.278046;1.238696;
0.278660;1.000000;0.920048;0.600519;1.279287;1.241373;
0.278680;1.000000;0.920108;0.600537;1.280413;1.244074;
0.278700;1.000000;0.920147;0.600525;1.281430;1.246794;
0.278720;1.000000;0.920161;0.600481;1.282342;1.249527;
0.278740;1.000000;0.920150;0.600405;1.283156;1.252266;
0.278760;1.000000;0.920112;0.600296;1.283879;1.255004;
0.278780;1.000000;0.920045;0.600154;1.284516;1.257734;
0.278800;1.000000;0.919949;0.599980;1.285075;1.260447;
0.278820;1.000000;0.919825;0.599774;1.285565;1.263135;
0.278840;1.000000;0.919673;0.599538;1.285991;1.265790;
0.278860;1.000000;0.919493;0.599274;1.286363;1.268403;
0.278880;1.000000;0.919287;0.598986;1.286687;1.270965;
0.278900;1.000000;0.919056;0.598675;1.286972;1.273467;
0.278920;1.000000;0.918802;0.598345;1.287225;1.275901;
0.278940;1.000000;0.918528;0.598002;1.287453;1.278258;
0.278960;1.000000;0.918235;0.597649;1.287664;1.280530;
0.278980;1.000000;0.917928;0.597291;1.287864;1.282709;
0.279000;1.000000;0.917610;0.596935;1.288060;1.284788;
0.279020;1.000000;0.917283;0.596585;1.288258;1.286760;
0.279040;1.000000;0.916954;0.596247;1.288463;1.288619;
0.279060;1.000000;0.916625;0.595928;1.288680;1.290359;
0.279080;1.000000;0.916303;0.595634;1.288913;1.291974;
0.279100;1.000000;0.915991;0.595370;1.289166;1.293462;
0.279120;1.000000;0.915696;0.595143;1.289442;1.294817;
0.279140;1.000000;0.915424;0.594957;1.289743;1.296039;
0.279160;1.000000;0.915179;0.594819;1.290071;1.297125;
0.279180;1.000000;0.914968;0.594733;1.290426;1.298073;
0.279200;1.000000;0.914797;0.594702;1.290809;1.298885;
0.279220;1.000000;0.914672;0.594730;1.291218;1.299561;
0.279240;1.000000;0.914596;0.594819;1.291653;1.300102;
0.279260;1.000000;0.914577;0.594972;1.292111;1.300511;
0.279280;1.000000;0.914617;0.595189;1.292589;1.300792;
0.279300;1.000000;0.914722;0.595469;1.293085;1.300948;
0.279320;1.000000;0.914893;0.595812;1.293593;1.300985;
0.279340;1.000000;0.915133;0.596215;1.294109;1.300908;
0.279360;1.000000;0.915444;0.596676;1.294629;1.300724;
0.279380;1.000000;0.915825;0.597189;1.295145;1.300438;
0.279400;1.000000;0.916275;0.597751;1.295653;1.300059;
0.279420;1.000000;0.916792;0.598355;1.296145;1.299595;
0.279440;1.000000;0.917372;0.598995;1.296615;1.299052;
0.279460;1.000000;0.918011;0.599663;1.297056;1.298441;
0.279480;1.000000;0.918703;0.600352;1.297461;1.297769;
0.279500;1.000000;0.919441;0.601053;1.297821;1.297045;
0.279520;1.000000;0.920216;0.601759;1.298130;1.296278;
0.279540;1.000000;0.921020;0.602460;1.298381;1.295477;
0.279560;1.000000;0.921842;0.603147;1.298566;1.294651;
0.279580;1.000000;0.922672;0.603812;1.298678;1.293807;
0.279600;1.000000;0.923498;0.604447;1.298710;1.292954;
0.279620;1.000000;0.924311;0.605042;1.298656;1.292099;
0.279640;1.000000;0.925097;0.605591;1.298510;1.291250;
0.279660;1.000000;0.925845;0.606085;1.298265;1.290414;
0.279680;1.000000;0.926545;0.606519;1.297917;1.289596;
0.279700;1.000000;0.927186;0.606885;1.297461;1.288802;
0.279720;1.000000;0.927757;0.607179;1.296893;1.288037;
0.279740;1.000000;0.928248;0.607396;1.296208;1.287305;
0.279760;1.000000;0.928653;0.607534;1.295405;1.286609;
0.279780;1.000000;0.928963;0.607587;1.294481;1.285951;
0.279800;1.000000;0.929171;0.607557;1.293434;1.285333;
0.279820;1.000000;0.929275;0.607440;1.292264;1.284756;
0.279840;1.000000;0.929269;0.607237;1.290970;1.284218;
0.279860;1.000000;0.929151;0.606950;1.289552;1.283721;
0.279880;1.000000;0.928922;0.606581;1.288013;1.283260;
0.279900;1.000000;0.928581;0.606131;1.286354;1.282833;
0.279920;1.000000;0.928131;0.605605;1.284578;1.282438;
0.279940;1.000000;0.927576;0.605007;1.282688;1.282069;
0.279960;1.000000;0.926919;0.604343;1.280688;1.281721;
0.279980;1.000000;0.926167;0.603619;1.278582;1.281388;
0.280000;1.000000;0.925328;0.602841;1.276375;1.281064;
0.280020;1.000000;0.924407;0.601971;1.274072;1.280742;
0.280040;1.000000;0.923414;0.601132;1.271678;1.280413;
0.280060;1.000000;0.922363;0.600265;1.269204;1.280071;
0.280080;1.000000;0.921263;0.599379;1.266656;1.279706;
0.280100;1.000000;0.920127;0.598484;1.264042;1.279310;
0.280120;1.000000;0.918965;0.597588;1.261368;1.278875;
0.280140;1.000000;0.917790;0.596703;1.258642;1.278390;
0.280160;1.000000;0.916615;0.595837;1.255871;1.277847;
0.280180;1.000000;0.915451;0.595001;1.253062;1.277237;
0.280200;1.000000;0.914305;0.594024;1.250214;1.276552;
0.280220;1.000000;0.913189;0.593245;1.247333;1.275782;
0.280240;1.000000;0.912120;0.592525;1.244432;1.274920;
0.280260;1.000000;0.911111;0.591874;1.241519;1.273958;
0.280280;1.000000;0.910174;0.591300;1.238599;1.272887;
0.280300;1.000000;0.909319;0.590810;1.235678;1.271702;
0.280320;1.000000;0.908558;0.590414;1.232763;1.270396;
0.280340;1.000000;0.907901;0.590117;1.229857;1.268964;
0.280360;1.000000;0.907357;0.589925;1.226964;1.267400;
0.280380;1.000000;0.906934;0.589843;1.224090;1.265700;
0.280400;1.000000;0.906640;0.589874;1.221235;1.263862;
0.280420;1.000000;0.906481;0.590020;1.218404;1.261883;
0.280440;1.000000;0.906463;0.590283;1.215597;1.259760;
0.280460;1.000000;0.906589;0.590661;1.212816;1.257495;
0.280480;1.000000;0.906861;0.591154;1.210060;1.255086;
0.280500;1.000000;0.907281;0.591757;1.207329;1.252536;
0.280520;1.000000;0.907848;0.592466;1.204623;1.249845;
0.280540;1.000000;0.908559;0.593276;1.201938;1.247018;
0.280560;1.000000;0.909411;0.594178;1.199272;1.244057;
0.280580;1.000000;0.910398;0.595165;1.196622;1.240967;
0.280600;1.000000;0.911511;0.596225;1.193984;1.237754;
0.280620;1.000000;0.912744;0.597350;1.191352;1.234424;
0.280640;1.000000;0.914084;0.598526;1.188723;1.230983;
0.280660;1.000000;0.915519;0.599741;1.186090;1.227439;
0.280680;1.000000;0.917036;0.600982;1.183447;1.223799;
0.280700;1.000000;0.918620;0.602234;1.180788;1.220072;
0.280720;1.000000;0.920253;0.603484;1.178105;1.216267;
0.280740;1.000000;0.921920;0.604718;1.175391;1.212391;
0.280760;1.000000;0.923603;0.605921;1.172639;1.208456;
0.280780;1.000000;0.925281;0.607078;1.169842;1.204469;
0.280800;1.000000;0.926938;0.608177;1.166991;1.200440;
0.280820;1.000000;0.928553;0.609204;1.164079;1.196379;
0.280840;1.000000;0.930107;0.610146;1.161098;1.192294;
0.280860;1.000000;0.931583;0.610993;1.158042;1.188194;
0.280880;1.000000;0.932962;0.611733;1.154903;1.184087;
0.280900;1.000000;0.934227;0.612357;1.151674;1.179983;
0.280920;1.000000;0.935362;0.612858;1.148349;1.175888;
0.280940;1.000000;0.936353;0.613228;1.144922;1.171809;
0.280960;1.000000;0.937187;0.613463;1.141388;1.167753;
0.280980;1.000000;0.937852;0.613557;1.137741;1.163725;
0.281000;1.000000;0.938338;0.613510;1.133977;1.159731;
0.281020;1.000000;0.938638;0.613321;1.130093;1.155774;
0.281040;1.000000;0.938746;0.612989;1.126086;1.151859;
0.281060;1.000000;0.938659;0.612519;1.121954;1.147987;
0.281080;1.000000;0.938376;0.611913;1.117695;1.144159;
0.281100;1.000000;0.937897;0.611177;1.113309;1.140377;
0.281120;1.000000;0.937226;0.610319;1.108796;1.136641;
0.281140;1.000000;0.936367;0.609345;1.104157;1.132948;
0.281160;1.000000;0.935329;0.608266;1.099394;1.129297;
0.281180;1.000000;0.934120;0.607091;1.094510;1.125686;
0.281200;1.000000;0.932753;0.605834;1.089508;1.122109;
0.281220;1.000000;0.931239;0.604505;1.084393;1.118563;
0.281240;1.000000;0.929595;0.603119;1.079168;1.115042;
0.281260;1.000000;0.927835;0.601689;1.073841;1.111540;
0.281280;1.000000;0.925979;0.600230;1.068416;1.108051;
0.281300;1.000000;0.924043;0.598757;1.062902;1.104566;
0.281320;1.000000;0.922049;0.597285;1.057304;1.101078;
0.281340;1.000000;0.920016;0.595830;1.051631;1.097579;
0.281360;1.000000;0.917966;0.594406;1.045891;1.094060;
0.281380;1.000000;0.915919;0.593030;1.040093;1.090512;
0.281400;1.000000;0.913897;0.591715;1.034244;1.086927;
0.281420;1.000000;0.911922;0.590476;1.028354;1.083295;
0.281440;1.000000;0.910014;0.589327;1.022431;1.079607;
0.281460;1.000000;0.908193;0.588281;1.016485;1.075854;
0.281480;1.000000;0.906481;0.587350;1.010523;1.072027;
0.281500;1.000000;0.904894;0.586545;1.004554;1.068118;
0.281520;1.000000;0.903452;0.585875;0.998587;1.064120;
0.281540;1.000000;0.902171;0.585351;0.992629;1.060024;
0.281560;1.000000;0.901065;0.584978;0.986687;1.055823;
0.281580;1.000000;0.900149;0.584762;0.980768;1.051511;
0.281600;1.000000;0.899432;0.584708;0.974879;1.047082;
0.281620;1.000000;0.898927;0.584818;0.969025;1.042532;
0.281640;1.000000;0.898638;0.585093;0.963210;1.037856;
0.281660;1.000000;0.898574;0.585531;0.957439;1.033051;
0.281680;1.000000;0.898735;0.586130;0.951715;1.028114;
0.281700;1.000000;0.899124;0.586885;0.946041;1.023045;
0.281720;1.000000;0.899739;0.587791;0.940418;1.017843;
0.281740;1.000000;0.900575;0.588838;0.934847;1.012508;
0.281760;1.000000;0.901627;0.590017;0.929328;1.007042;
0.281780;1.000000;0.902886;0.591317;0.923859;1.001447;
0.281800;1.000000;0.904340;0.592724;0.918439;0.995726;
0.281820;1.000000;0.905976;0.594225;0.913064;0.989884;
0.281840;1.000000;0.907779;0.595804;0.907732;0.983926;
0.281860;1.000000;0.909732;0.597445;0.902438;0.977858;
0.281880;1.000000;0.911814;0.599131;0.897176;0.971685;
0.281900;1.000000;0.914006;0.600843;0.891941;0.965417;
0.281920;1.000000;0.916285;0.602563;0.886726;0.959060;
0.281940;1.000000;0.918628;0.604272;0.881523;0.952623;
0.281960;1.000000;0.921010;0.605952;0.876327;0.946115;
0.281980;1.000000;0.923406;0.607584;0.871127;0.939546;
0.282000;1.000000;0.925791;0.609150;0.865917;0.932925;
0.282020;1.000000;0.928138;0.610633;0.860687;0.926261;
0.282040;1.000000;0.930424;0.612016;0.855428;0.919566;
0.282060;1.000000;0.932623;0.613283;0.850132;0.912849;
0.282080;1.000000;0.934711;0.614420;0.844789;0.906119;
0.282100;1.000000;0.936664;0.615414;0.839392;0.899387;
0.282120;1.000000;0.938463;0.616254;0.833931;0.892661;
0.282140;1.000000;0.940085;0.616929;0.828399;0.885951;
0.282160;1.000000;0.941513;0.617433;0.822787;0.879265;
0.282180;1.000000;0.942730;0.617755;0.817088;0.872611;
0.282200;1.000000;0.943722;0.617898;0.811295;0.865996;
0.282220;1.000000;0.944478;0.617857;0.805403;0.859426;
0.282240;1.000000;0.944988;0.617631;0.799406;0.852908;
0.282260;1.000000;0.945245;0.617222;0.793299;0.846446;
0.282280;1.000000;0.945245;0.616634;0.787078;0.840045;
0.282300;1.000000;0.944988;0.615873;0.780741;0.833707;
0.282320;1.000000;0.944473;0.614946;0.774285;0.827434;
0.282340;1.000000;0.943706;0.613863;0.767709;0.821228;
0.282360;1.000000;0.942693;0.612635;0.761014;0.815088;
0.282380;1.000000;0.941443;0.611273;0.754199;0.809014;
0.282400;1.000000;0.939969;0.609792;0.747266;0.803004;
0.282420;1.000000;0.938285;0.608207;0.740219;0.797055;
0.282440;1.000000;0.936406;0.606534;0.733060;0.791164;
0.282460;1.000000;0.934353;0.604790;0.725794;0.785325;
0.282480;1.000000;0.932145;0.602992;0.718427;0.779533;
0.282500;1.000000;0.929805;0.601159;0.710965;0.773782;
0.282520;1.000000;0.927356;0.599309;0.703414;0.768064;
0.282540;1.000000;0.924823;0.597462;0.695783;0.762372;
0.282560;1.000000;0.922233;0.595635;0.688079;0.756698;
0.282580;1.000000;0.919611;0.593848;0.680310;0.751033;
0.282600;1.000000;0.916984;0.592118;0.672487;0.745368;
0.282620;1.000000;0.914380;0.590463;0.664619;0.739692;
0.282640;1.000000;0.911825;0.588901;0.656715;0.733998;
0.282660;1.000000;0.909346;0.587447;0.648785;0.728274;
0.282680;1.000000;0.906969;0.586116;0.640839;0.722511;
0.282700;1.000000;0.904719;0.584923;0.632887;0.716700;
0.282720;1.000000;0.902619;0.583878;0.624938;0.710830;
0.282740;1.000000;0.900691;0.582995;0.617003;0.704893;
0.282760;1.000000;0.898957;0.582282;0.609089;0.698881;
0.282780;1.000000;0.897433;0.581746;0.601206;0.692784;
0.282800;1.000000;0.896137;0.581395;0.593362;0.686595;
0.282820;1.000000;0.895083;0.581232;0.585563;0.680307;
0.282840;1.000000;0.894282;0.581259;0.577818;0.673915;
0.282860;1.000000;0.893743;0.581477;0.570131;0.667412;
0.282880;1.000000;0.893473;0.581885;0.562507;0.660794;
0.282900;1.000000;0.893474;0.582477;0.554952;0.654057;
0.282920;1.000000;0.893747;0.583250;0.547467;0.647199;
0.282940;1.000000;0.894291;0.584195;0.540056;0.640219;
0.282960;1.000000;0.895099;0.585304;0.532719;0.633114;
0.282980;1.000000;0.896163;0.586564;0.525457;0.625886;
0.283000;1.000000;0.897474;0.587963;0.518269;0.618537;
0.283020;1.000000;0.899017;0.589487;0.511152;0.611067;
0.283040;1.000000;0.900776;0.591119;0.504105;0.603482;
0.283060;1.000000;0.902734;0.592843;0.497122;0.595785;
0.283080;1.000000;0.904870;0.594641;0.490201;0.587981;
0.283100;1.000000;0.907161;0.596492;0.483333;0.580077;
0.283120;1.000000;0.909584;0.598377;0.476514;0.572079;
0.283140;1.000000;0.912113;0.600277;0.469736;0.563995;
0.283160;1.000000;0.914721;0.602170;0.462991;0.555834;
0.283180;1.000000;0.917381;0.604036;0.456270;0.547603;
0.283200;1.000000;0.920065;0.605855;0.449565;0.539313;
0.283220;1.000000;0.922744;0.607607;0.442866;0.530974;
0.283240;1.000000;0.925390;0.609272;0.436164;0.522594;
0.283260;1.000000;0.927975;0.610834;0.429447;0.514184;
0.283280;1.000000;0.930471;0.612274;0.422707;0.505755;
0.283300;1.000000;0.932853;0.613577;0.415934;0.497317;
0.283320;1.000000;0.935094;0.614729;0.409117;0.488879;
0.283340;1.000000;0.937171;0.615718;0.402247;0.480452;
0.283360;1.000000;0.939061;0.616532;0.395314;0.472045;
0.283380;1.000000;0.940745;0.617165;0.388311;0.463666;
0.283400;1.000000;0.942205;0.617608;0.381228;0.455326;
0.283420;1.000000;0.943425;0.617858;0.374057;0.447030;
0.283440;1.000000;0.944391;0.617912;0.366793;0.438787;
0.283460;1.000000;0.945094;0.617770;0.359429;0.430603;
0.283480;1.000000;0.945525;0.617435;0.351960;0.422483;
0.283500;1.000000;0.945680;0.616910;0.344381;0.414432;
0.283520;1.000000;0.945558;0.616202;0.336689;0.406455;
0.283540;1.000000;0.945159;0.615319;0.328882;0.398552;
0.283560;1.000000;0.944486;0.614271;0.320959;0.390727;
0.283580;1.000000;0.943548;0.613070;0.312920;0.382981;
0.283600;1.000000;0.942354;0.611730;0.304766;0.375311;
0.283620;1.000000;0.940916;0.610265;0.296498;0.367719;
0.283640;1.000000;0.939249;0.608691;0.288120;0.360200;
0.283660;1.000000;0.937371;0.607026;0.279637;0.352752;
0.283680;1.000000;0.935301;0.605287;0.271052;0.345371;
0.283700;1.000000;0.933061;0.603493;0.262374;0.338052;
0.283720;1.000000;0.930675;0.601663;0.253608;0.330788;
0.283740;1.000000;0.928168;0.599817;0.244762;0.323573;
0.283760;1.000000;0.925566;0.597974;0.235845;0.316400;
0.283780;1.000000;0.922897;0.596154;0.226867;0.309260;
0.283800;1.000000;0.920188;0.594375;0.217837;0.302146;
0.283820;1.000000;0.917470;0.592656;0.208765;0.295048;
0.283840;1.000000;0.914769;0.591015;0.199663;0.287957;
0.283860;1.000000;0.912116;0.589469;0.190540;0.280864;
0.283880;1.000000;0.909537;0.588034;0.181408;0.273759;
0.283900;1.000000;0.907061;0.586725;0.172279;0.266633;
0.283920;1.000000;0.904713;0.585556;0.163162;0.259477;
0.283940;1.000000;0.902519;0.584539;0.154069;0.252281;
0.283960;1.000000;0.900501;0.583684;0.145010;0.245036;
0.283980;1.000000;0.898681;0.583001;0.135996;0.237734;
0.284000;1.000000;0.897078;0.582497;0.127034;0.230367;
0.284020;1.000000;0.895709;0.582177;0.118135;0.222927;
0.284040;1.000000;0.894589;0.582046;0.109306;0.215409;
0.284060;1.000000;0.893729;0.582104;0.100555;0.207805;
0.284080;1.000000;0.893138;0.582353;0.091887;0.200111;
0.284100;1.000000;0.892823;0.582789;0.083309;0.192324;
0.284120;1.000000;0.892787;0.583409;0.074825;0.184438;
0.284140;1.000000;0.893030;0.584207;0.066437;0.176453;
0.284160;1.000000;0.893549;0.585175;0.058149;0.168366;
0.284180;1.000000;0.894340;0.586304;0.049962;0.160179;
0.284200;1.000000;0.895394;0.587582;0.041875;0.151890;
0.284220;1.000000;0.896699;0.588997;0.033887;0.143503;
0.284240;1.000000;0.898243;0.590533;0.025997;0.135019;
0.284260;1.000000;0.900009;0.592176;0.018200;0.126443;
0.284280;1.000000;0.901979;0.593908;0.010494;0.117780;
0.284300;1.000000;0.904132;0.595711;0.002872;0.109034;
0.284320;1.000000;0.906447;0.597566;-0.004671;0.100213;
0.284340;1.000000;0.908899;0.599455;-0.012143;0.091324;
0.284360;1.000000;0.911463;0.601356;-0.019552;0.082374;
0.284380;1.000000;0.914113;0.603250;-0.026905;0.073373;
0.284400;1.000000;0.916822;0.605117;-0.034213;0.064328;
0.284420;1.000000;0.919561;0.606938;-0.041484;0.055251;
0.284440;1.000000;0.922304;0.608692;-0.048728;0.046150;
0.284460;1.000000;0.925021;0.610361;-0.055956;0.037035;
0.284480;1.000000;0.927687;0.611929;-0.063178;0.027918;
0.284500;1.000000;0.930272;0.613377;-0.070404;0.018808;
0.284520;1.000000;0.932752;0.614692;-0.077644;0.009715;
0.284540;1.000000;0.935101;0.615860;-0.084909;0.000650;
0.284560;1.000000;0.937297;0.616868;-0.092209;-0.008378;
0.284580;1.000000;0.939316;0.617708;-0.099552;-0.017360;
0.284600;1.000000;0.941139;0.618370;-0.106947;-0.026287;
0.284620;1.000000;0.942748;0.618848;-0.114403;-0.035150;
0.284640;1.000000;0.944128;0.619140;-0.121927;-0.043943;
0.284660;1.000000;0.945265;0.619242;-0.129526;-0.052657;
0.284680;1.000000;0.946149;0.619155;-0.137205;-0.061288;
0.284700;1.000000;0.946771;0.618882;-0.144970;-0.069830;
0.284720;1.000000;0.947127;0.618426;-0.152823;-0.078278;
0.284740;1.000000;0.947214;0.617794;-0.160769;-0.086630;
0.284760;1.000000;0.947033;0.616994;-0.168807;-0.094884;
0.284780;1.000000;0.946587;0.616036;-0.176939;-0.103037;
0.284800;1.000000;0.945881;0.614932;-0.185165;-0.111091;
0.284820;1.000000;0.944926;0.613694;-0.193482;-0.119045;
0.284840;1.000000;0.943732;0.612336;-0.201888;-0.126901;
0.284860;1.000000;0.942313;0.610874;-0.210379;-0.134663;
0.284880;1.000000;0.940685;0.609324;-0.218950;-0.142335;
0.284900;1.000000;0.938867;0.607702;-0.227595;-0.149919;
0.284920;1.000000;0.936879;0.606026;-0.236307;-0.157424;
0.284940;1.000000;0.934743;0.604314;-0.245079;-0.164854;
0.284960;1.000000;0.932482;0.602584;-0.253902;-0.172216;
0.284980;1.000000;0.930121;0.600852;-0.262767;-0.179519;
0.285000;1.000000;0.927686;0.599137;-0.271664;-0.186771;
0.285020;1.000000;0.925202;0.597456;-0.280583;-0.193979;
0.285040;1.000000;0.922696;0.595825;-0.289514;-0.201155;
0.285060;1.000000;0.920195;0.594260;-0.298446;-0.208305;
0.285080;1.000000;0.917724;0.592776;-0.307367;-0.215441;
0.285100;1.000000;0.915309;0.591387;-0.316267;-0.222571;
0.285120;1.000000;0.912975;0.590106;-0.325134;-0.229706;
0.285140;1.000000;0.910745;0.588944;-0.333959;-0.236853;
0.285160;1.000000;0.908642;0.587912;-0.342730;-0.244023;
0.285180;1.000000;0.906687;0.587018;-0.351438;-0.251224;
0.285200;1.000000;0.904898;0.586271;-0.360072;-0.258464;
0.285220;1.000000;0.903293;0.585677;-0.368626;-0.265750;
0.285240;1.000000;0.901886;0.585239;-0.377089;-0.273091;
0.285260;1.000000;0.900690;0.584961;-0.385455;-0.280491;
0.285280;1.000000;0.899715;0.584845;-0.393718;-0.287957;
0.285300;1.000000;0.898970;0.584889;-0.401872;-0.295492;
0.285320;1.000000;0.898458;0.585092;-0.409912;-0.303102;
0.285340;1.000000;0.898184;0.585451;-0.417836;-0.310788;
0.285360;1.000000;0.898148;0.585960;-0.425640;-0.318552;
0.285380;1.000000;0.898347;0.586613;-0.433324;-0.326396;
0.285400;1.000000;0.898777;0.587401;-0.440888;-0.334318;
0.285420;1.000000;0.899431;0.588316;-0.448332;-0.342318;
0.285440;1.000000;0.900300;0.589346;-0.455659;-0.350393;
0.285460;1.000000;0.901373;0.590480;-0.462872;-0.358541;
0.285480;1.000000;0.902636;0.591703;-0.469975;-0.366756;
0.285500;1.000000;0.904075;0.593003;-0.476973;-0.375035;
0.285520;1.000000;0.905673;0.594365;-0.483873;-0.383371;
0.285540;1.000000;0.907411;0.595772;-0.490681;-0.391757;
0.285560;1.000000;0.909271;0.597209;-0.497406;-0.400187;
0.285580;1.000000;0.911230;0.598659;-0.504055;-0.408651;
0.285600;1.000000;0.913268;0.600106;-0.510638;-0.417142;
0.285620;1.000000;0.915363;0.601535;-0.517164;-0.425650;
0.285640;1.000000;0.917491;0.602928;-0.523643;-0.434166;
0.285660;1.000000;0.919630;0.604270;-0.530086;-0.442680;
0.285680;1.000000;0.921756;0.605546;-0.536502;-0.451183;
0.285700;1.000000;0.923847;0.606742;-0.542903;-0.459665;
0.285720;1.000000;0.925880;0.607846;-0.549298;-0.468115;
0.285740;1.000000;0.927835;0.608844;-0.555697;-0.476524;
0.285760;1.000000;0.929689;0.609728;-0.562111;-0.484883;
0.285780;1.000000;0.931425;0.610487;-0.568549;-0.493183;
0.285800;1.000000;0.933023;0.611114;-0.575019;-0.501414;
0.285820;1.000000;0.934466;0.611603;-0.581531;-0.509569;
0.285840;1.000000;0.935741;0.611950;-0.588091;-0.517640;
0.285860;1.000000;0.936835;0.612153;-0.594707;-0.525621;
0.285880;1.000000;0.937735;0.612210;-0.601385;-0.533505;
0.285900;1.000000;0.938435;0.612124;-0.608129;-0.541288;
0.285920;1.000000;0.938926;0.611897;-0.614945;-0.548964;
0.285940;1.000000;0.939206;0.611532;-0.621834;-0.556532;
0.285960;1.000000;0.939272;0.611037;-0.628798;-0.563987;
0.285980;1.000000;0.939125;0.610418;-0.635840;-0.571330;
0.286000;1.000000;0.938769;0.609685;-0.642959;-0.578559;
0.286020;1.000000;0.938208;0.608846;-0.650153;-0.585675;
0.286040;1.000000;0.937451;0.607913;-0.657420;-0.592680;
0.286060;1.000000;0.936508;0.606898;-0.664757;-0.599576;
0.286080;1.000000;0.935389;0.605812;-0.672159;-0.606367;
0.286100;1.000000;0.934110;0.604670;-0.679622;-0.613057;
0.286120;1.000000;0.932686;0.603484;-0.687138;-0.619651;
0.286140;1.000000;0.931133;0.602268;-0.694701;-0.626156;
0.286160;1.000000;0.929470;0.601035;-0.702304;-0.632577;
0.286180;1.000000;0.927716;0.599799;-0.709937;-0.638924;
0.286200;1.000000;0.925892;0.598574;-0.717591;-0.645203;
0.286220;1.000000;0.924017;0.597371;-0.725257;-0.651422;
0.286240;1.000000;0.922113;0.596204;-0.732925;-0.657592;
0.286260;1.000000;0.920200;0.595083;-0.740585;-0.663720;
0.286280;1.000000;0.918299;0.594020;-0.748226;-0.669817;
0.286300;1.000000;0.916431;0.593026;-0.755837;-0.675891;
0.286320;1.000000;0.914614;0.592109;-0.763409;-0.681951;
0.286340;1.000000;0.912867;0.591277;-0.770930;-0.688008;
0.286360;1.000000;0.911207;0.590539;-0.778392;-0.694069;
0.286380;1.000000;0.909650;0.589900;-0.785783;-0.700144;
0.286400;1.000000;0.908211;0.589366;-0.793095;-0.706241;
0.286420;1.000000;0.906903;0.588941;-0.800320;-0.712368;
0.286440;1.000000;0.905738;0.588628;-0.807448;-0.718531;
0.286460;1.000000;0.904723;0.588428;-0.814474;-0.724737;
0.286480;1.000000;0.903869;0.588344;-0.821390;-0.730992;
0.286500;1.000000;0.903179;0.588374;-0.828191;-0.737300;
0.286520;1.000000;0.902659;0.588517;-0.834872;-0.743667;
0.286540;1.000000;0.902311;0.588771;-0.841430;-0.750094;
0.286560;1.000000;0.902136;0.589133;-0.847861;-0.756583;
0.286580;1.000000;0.902132;0.589597;-0.854165;-0.763137;
0.286600;1.000000;0.902297;0.590158;-0.860340;-0.769756;
0.286620;1.000000;0.902626;0.590810;-0.866387;-0.776437;
0.286640;1.000000;0.903113;0.591545;-0.872307;-0.783181;
0.286660;1.000000;0.903752;0.592356;-0.878102;-0.789983;
0.286680;1.000000;0.904534;0.593232;-0.883777;-0.796841;
0.286700;1.000000;0.905448;0.594165;-0.889334;-0.803749;
0.286720;1.000000;0.906485;0.595145;-0.894781;-0.810703;
0.286740;1.000000;0.907632;0.596160;-0.900122;-0.817696;
0.286760;1.000000;0.908876;0.597200;-0.905364;-0.824721;
0.286780;1.000000;0.910204;0.598253;-0.910515;-0.831770;
0.286800;1.000000;0.911603;0.599309;-0.915582;-0.838835;
0.286820;1.000000;0.913056;0.600355;-0.920575;-0.845908;
0.286840;1.000000;0.914549;0.601380;-0.925502;-0.852979;
0.286860;1.000000;0.916067;0.602375;-0.930372;-0.860039;
0.286880;1.000000;0.917595;0.603327;-0.935195;-0.867077;
0.286900;1.000000;0.919116;0.604228;-0.939981;-0.874085;
0.286920;1.000000;0.920615;0.605069;-0.944738;-0.881053;
0.286940;1.000000;0.922078;0.605840;-0.949476;-0.887969;
0.286960;1.000000;0.923490;0.606536;-0.954204;-0.894826;
0.286980;1.000000;0.924838;0.607149;-0.958931;-0.901614;
0.287000;1.000000;0.926108;0.607674;-0.963666;-0.908323;
0.287020;1.000000;0.927288;0.608108;-0.968417;-0.914946;
0.287040;1.000000;0.928367;0.608448;-0.973190;-0.921473;
0.287060;1.000000;0.929336;0.608692;-0.977993;-0.927899;
0.287080;1.000000;0.930186;0.608840;-0.982831;-0.934216;
0.287100;1.000000;0.930910;0.608893;-0.987710;-0.940419;
0.287120;1.000000;0.931503;0.608854;-0.992634;-0.946502;
0.287140;1.000000;0.931962;0.608725;-0.997607;-0.952461;
0.287160;1.000000;0.932284;0.608513;-1.002630;-0.958294;
0.287180;1.000000;0.932468;0.608221;-1.007705;-0.963997;
0.287200;1.000000;0.932517;0.607856;-1.012833;-0.969570;
0.287220;1.000000;0.932432;0.607426;-1.018014;-0.975012;
0.287240;1.000000;0.932220;0.606938;-1.023246;-0.980324;
0.287260;1.000000;0.931886;0.606400;-1.028526;-0.985507;
0.287280;1.000000;0.931437;0.605821;-1.033852;-0.990563;
0.287300;1.000000;0.930882;0.605209;-1.039219;-0.995497;
0.287320;1.000000;0.930233;0.604574;-1.044622;-1.000313;
0.287340;1.000000;0.929499;0.603925;-1.050055;-1.005015;
0.287360;1.000000;0.928692;0.603269;-1.055512;-1.009609;
0.287380;1.000000;0.927826;0.602615;-1.060986;-1.014103;
0.287400;1.000000;0.926913;0.601972;-1.066468;-1.018502;
0.287420;1.000000;0.925967;0.601346;-1.071951;-1.022816;
0.287440;1.000000;0.925000;0.600744;-1.077425;-1.027052;
0.287460;1.000000;0.924025;0.600172;-1.082882;-1.031219;
0.287480;1.000000;0.923055;0.599637;-1.088312;-1.035326;
0.287500;1.000000;0.922103;0.599142;-1.093706;-1.039382;
0.287520;1.000000;0.921178;0.598693;-1.099054;-1.043395;
0.287540;1.000000;0.920293;0.598291;-1.104346;-1.047376;
0.287560;1.000000;0.919455;0.597940;-1.109574;-1.051333;
0.287580;1.000000;0.918673;0.597642;-1.114728;-1.055276;
0.287600;1.000000;0.917955;0.597398;-1.119800;-1.059212;
0.287620;1.000000;0.917306;0.597207;-1.124781;-1.063149;
0.287640;1.000000;0.916731;0.597071;-1.129664;-1.067097;
0.287660;1.000000;0.916234;0.596988;-1.134440;-1.071061;
0.287680;1.000000;0.915815;0.596957;-1.139104;-1.075049;
0.287700;1.000000;0.915478;0.596976;-1.143650;-1.079066;
0.287720;1.000000;0.915221;0.597042;-1.148072;-1.083117;
0.287740;1.000000;0.915043;0.597152;-1.152367;-1.087206;
0.287760;1.000000;0.914943;0.597304;-1.156529;-1.091338;
0.287780;1.000000;0.914918;0.597494;-1.160558;-1.095514;
0.287800;1.000000;0.914964;0.597717;-1.164452;-1.099737;
0.287820;1.000000;0.915078;0.597970;-1.168208;-1.104006;
0.287840;1.000000;0.915253;0.598247;-1.171829;-1.108322;
0.287860;1.000000;0.915486;0.598544;-1.175314;-1.112683;
0.287880;1.000000;0.915771;0.598856;-1.178666;-1.117087;
0.287900;1.000000;0.916103;0.599177;-1.181887;-1.121531;
0.287920;1.000000;0.916474;0.599504;-1.184981;-1.126012;
0.287940;1.000000;0.916879;0.599830;-1.187953;-1.130524;
0.287960;1.000000;0.917313;0.600151;-1.190807;-1.135062;
0.287980;1.000000;0.917768;0.600460;-1.193550;-1.139619;
0.288000;1.000000;0.918238;0.600755;-1.196187;-1.144189;
0.288020;1.000000;0.918718;0.601029;-1.198726;-1.148764;
0.288040;1.000000;0.919200;0.601278;-1.201175;-1.153336;
0.288060;1.000000;0.919680;0.601499;-1.203541;-1.157896;
0.288080;1.000000;0.920151;0.601688;-1.205832;-1.162435;
0.288100;1.000000;0.920608;0.601842;-1.208056;-1.166945;
0.288120;1.000000;0.921044;0.601958;-1.210223;-1.171416;
0.288140;1.000000;0.921456;0.602034;-1.212341;-1.175838;
0.288160;1.000000;0.921838;0.602069;-1.214418;-1.180202;
0.288180;1.000000;0.922185;0.602062;-1.216463;-1.184498;
0.288200;1.000000;0.922494;0.602013;-1.218484;-1.188718;
0.288220;1.000000;0.922761;0.601924;-1.220489;-1.192853;
0.288240;1.000000;0.922984;0.601796;-1.222485;-1.196894;
0.288260;1.000000;0.923159;0.601631;-1.224480;-1.200834;
0.288280;1.000000;0.923286;0.601432;-1.226480;-1.204664;
0.288300;1.000000;0.923363;0.601202;-1.228491;-1.208378;
0.288320;1.000000;0.923390;0.600947;-1.230519;-1.211970;
0.288340;1.000000;0.923368;0.600670;-1.232568;-1.215434;
0.288360;1.000000;0.923298;0.600377;-1.234642;-1.218767;
0.288380;1.000000;0.923183;0.600073;-1.236745;-1.221963;
0.288400;1.000000;0.923026;0.599764;-1.238878;-1.225020;
0.288420;1.000000;0.922831;0.599457;-1.241044;-1.227937;
0.288440;1.000000;0.922602;0.599156;-1.243243;-1.230711;
0.288460;1.000000;0.922345;0.598868;-1.245474;-1.233344;
0.288480;1.000000;0.922065;0.598599;-1.247738;-1.235836;
0.288500;1.000000;0.921770;0.598353;-1.250033;-1.238188;
0.288520;1.000000;0.921465;0.598136;-1.252355;-1.240403;
0.288540;1.000000;0.921158;0.597951;-1.254702;-1.242485;
0.288560;1.000000;0.920855;0.597803;-1.257069;-1.244438;
0.288580;1.000000;0.920565;0.597695;-1.259453;-1.246267;
0.288600;1.000000;0.920292;0.597628;-1.261846;-1.247978;
0.288620;1.000000;0.920044;0.597605;-1.264245;-1.249578;
0.288640;1.000000;0.919827;0.597627;-1.266641;-1.251074;
0.288660;1.000000;0.919645;0.597692;-1.269029;-1.252473;
0.288680;1.000000;0.919503;0.597800;-1.271401;-1.253785;
0.288700;1.000000;0.919404;0.597950;-1.273749;-1.255017;
0.288720;1.000000;0.919351;0.598139;-1.276066;-1.256179;
0.288740;1.000000;0.919345;0.598364;-1.278344;-1.257279;
0.288760;1.000000;0.919386;0.598621;-1.280574;-1.258327;
0.288780;1.000000;0.919473;0.598906;-1.282748;-1.259332;
0.288800;1.000000;0.919605;0.599215;-1.284860;-1.260303;
0.288820;1.000000;0.919778;0.599541;-1.286900;-1.261250;
0.288840;1.000000;0.919989;0.599881;-1.288861;-1.262181;
0.288860;1.000000;0.920232;0.600227;-1.290737;-1.263104;
0.288880;1.000000;0.920502;0.600575;-1.292519;-1.264029;
0.288900;1.000000;0.920792;0.600918;-1.294203;-1.264961;
0.288920;1.000000;0.921096;0.601251;-1.295781;-1.265910;
0.288940;1.000000;0.921406;0.601569;-1.297249;-1.266879;
0.288960;1.000000;0.921715;0.601866;-1.298601;-1.267877;
0.288980;1.000000;0.922015;0.602138;-1.299834;-1.268906;
0.289000;1.000000;0.922300;0.602379;-1.300945;-1.269973;
0.289020;1.000000;0.922561;0.602585;-1.301930;-1.271078;
0.289040;1.000000;0.922793;0.602754;-1.302788;-1.272226;
0.289060;1.000000;0.922988;0.602880;-1.303517;-1.273418;
0.289080;1.000000;0.923142;0.602962;-1.304118;-1.274654;
0.289100;1.000000;0.923249;0.602997;-1.304591;-1.275934;
0.289120;1.000000;0.923305;0.602985;-1.304936;-1.277256;
0.289140;1.000000;0.923307;0.602922;-1.305156;-1.278619;
0.289160;1.000000;0.923253;0.602810;-1.305254;-1.280020;
0.289180;1.000000;0.923141;0.602647;-1.305233;-1.281454;
0.289200;1.000000;0.922970;0.602435;-1.305096;-1.282918;
0.289220;1.000000;0.922740;0.602175;-1.304850;-1.284405;
0.289240;1.000000;0.922454;0.601869;-1.304498;-1.285909;
0.289260;1.000000;0.922111;0.601518;-1.304047;-1.287424;
0.289280;1.000000;0.921717;0.601127;-1.303503;-1.288942;
0.289300;1.000000;0.921272;0.600697;-1.302873;-1.290455;
0.289320;1.000000;0.920783;0.600234;-1.302163;-1.291956;
0.289340;1.000000;0.920252;0.599741;-1.301382;-1.293434;
0.289360;1.000000;0.919686;0.599225;-1.300537;-1.294882;
0.289380;1.000000;0.919090;0.598690;-1.299634;-1.296291;
0.289400;1.000000;0.918470;0.598141;-1.298683;-1.297650;
0.289420;1.000000;0.917832;0.597587;-1.297691;-1.298951;
0.289440;1.000000;0.917183;0.597032;-1.296665;-1.300185;
0.289460;1.000000;0.916531;0.596484;-1.295613;-1.301342;
0.289480;1.000000;0.915882;0.595951;-1.294543;-1.302415;
0.289500;1.000000;0.915243;0.595438;-1.293460;-1.303394;
0.289520;1.000000;0.914623;0.594955;-1.292373;-1.304272;
0.289540;1.000000;0.914028;0.594507;-1.291286;-1.305041;
0.289560;1.000000;0.913466;0.594102;-1.290206;-1.305695;
0.289580;1.000000;0.912945;0.593747;-1.289137;-1.306227;
0.289600;1.000000;0.912472;0.593447;-1.288085;-1.306632;
0.289620;1.000000;0.912054;0.593211;-1.287053;-1.306905;
0.289640;1.000000;0.911699;0.593041;-1.286045;-1.307043;
0.289660;1.000000;0.911413;0.592945;-1.285062;-1.307042;
0.289680;1.000000;0.911203;0.592924;-1.284107;-1.306900;
0.289700;1.000000;0.911073;0.592984;-1.283181;-1.306616;
0.289720;1.000000;0.911030;0.593125;-1.282285;-1.306189;
0.289740;1.000000;0.911078;0.593350;-1.281416;-1.305620;
0.289760;1.000000;0.911220;0.593657;-1.280576;-1.304911;
0.289780;1.000000;0.911459;0.594048;-1.279761;-1.304063;
0.289800;1.000000;0.911798;0.594518;-1.278968;-1.303080;
0.289820;1.000000;0.912235;0.595065;-1.278196;-1.301966;
0.289840;1.000000;0.912772;0.595685;-1.277439;-1.300726;
0.289860;1.000000;0.913405;0.596373;-1.276692;-1.299365;
0.289880;1.000000;0.914132;0.597121;-1.275952;-1.297890;
0.289900;1.000000;0.914947;0.597923;-1.275211;-1.296307;
0.289920;1.000000;0.915846;0.598770;-1.274464;-1.294624;
0.289940;1.000000;0.916820;0.599653;-1.273703;-1.292849;
0.289960;1.000000;0.917862;0.600563;-1.272923;-1.290990;
0.289980;1.000000;0.918960;0.601488;-1.272115;-1.289056;
0.290000;1.000000;0.920105;0.602419;-1.271273;-1.287056;
0.290020;1.000000;0.921284;0.603345;-1.270387;-1.284999;
0.290040;1.000000;0.922484;0.604253;-1.269451;-1.282895;
0.290060;1.000000;0.923692;0.605135;-1.268457;-1.280751;
0.290080;1.000000;0.924893;0.605977;-1.267397;-1.278579;
0.290100;1.000000;0.926073;0.606771;-1.266263;-1.276385;
0.290120;1.000000;0.927218;0.607506;-1.265048;-1.274179;
0.290140;1.000000;0.928313;0.608173;-1.263745;-1.271970;
0.290160;1.000000;0.929343;0.608762;-1.262348;-1.269764;
0.290180;1.000000;0.930296;0.609266;-1.260849;-1.267569;
0.290200;1.000000;0.931157;0.609679;-1.259243;-1.265392;
0.290220;1.000000;0.931916;0.609993;-1.257526;-1.263238;
0.290240;1.000000;0.932560;0.610204;-1.255691;-1.261114;
0.290260;1.000000;0.933081;0.610309;-1.253735;-1.259023;
0.290280;1.000000;0.933469;0.610305;-1.251655;-1.256968;
0.290300;1.000000;0.933718;0.610190;-1.249448;-1.254954;
0.290320;1.000000;0.933823;0.609965;-1.247112;-1.252981;
0.290340;1.000000;0.933780;0.609629;-1.244646;-1.251051;
0.290360;1.000000;0.933588;0.609186;-1.242049;-1.249163;
0.290380;1.000000;0.933245;0.608639;-1.239322;-1.247318;
0.290400;1.000000;0.932754;0.607993;-1.236465;-1.245512;
0.290420;1.000000;0.932119;0.607252;-1.233482;-1.243744;
0.290440;1.000000;0.931344;0.606424;-1.230374;-1.242010;
0.290460;1.000000;0.930436;0.605516;-1.227144;-1.240306;
0.290480;1.000000;0.929403;0.604536;-1.223798;-1.238626;
0.290500;1.000000;0.928255;0.603495;-1.220340;-1.236964;
0.290520;1.000000;0.927003;0.602402;-1.216774;-1.235314;
0.290540;1.000000;0.925659;0.601267;-1.213107;-1.233669;
0.290560;1.000000;0.924236;0.600103;-1.209346;-1.232021;
0.290580;1.000000;0.922750;0.598920;-1.205498;-1.230362;
0.290600;1.000000;0.921213;0.597731;-1.201569;-1.228682;
0.290620;1.000000;0.919643;0.596548;-1.197567;-1.226974;
0.290640;1.000000;0.918055;0.595384;-1.193501;-1.225227;
0.290660;1.000000;0.916466;0.594250;-1.189378;-1.223433;
0.290680;1.000000;0.914892;0.593160;-1.185206;-1.221581;
0.290700;1.000000;0.913349;0.592126;-1.180995;-1.219664;
0.290720;1.000000;0.911855;0.591158;-1.176751;-1.217671;
0.290740;1.000000;0.910425;0.590269;-1.172483;-1.215594;
0.290760;1.000000;0.909074;0.589470;-1.168199;-1.213424;
0.290780;1.000000;0.907819;0.588769;-1.163906;-1.211153;
0.290800;1.000000;0.906673;0.588177;-1.159611;-1.208773;
0.290820;1.000000;0.905649;0.587701;-1.155322;-1.206277;
0.290840;1.000000;0.904761;0.587348;-1.151044;-1.203659;
0.290860;1.000000;0.904019;0.587125;-1.146783;-1.200912;
0.290880;1.000000;0.903434;0.587035;-1.142544;-1.198032;
0.290900;1.000000;0.903014;0.587082;-1.138331;-1.195014;
0.290920;1.000000;0.902766;0.587268;-1.134149;-1.191856;
0.290940;1.000000;0.902696;0.587593;-1.130000;-1.188555;
0.290960;1.000000;0.902807;0.588055;-1.125886;-1.185109;
0.290980;1.000000;0.903102;0.588652;-1.121809;-1.181518;
0.291000;1.000000;0.903581;0.589378;-1.117769;-1.177782;
0.291020;1.000000;0.904241;0.590229;-1.113766;-1.173903;
0.291040;1.000000;0.905078;0.591197;-1.109798;-1.169882;
0.291060;1.000000;0.906088;0.592272;-1.105865;-1.165725;
0.291080;1.000000;0.907262;0.593444;-1.101963;-1.161434;
0.291100;1.000000;0.908590;0.594702;-1.098089;-1.157014;
0.291120;1.000000;0.910060;0.596032;-1.094238;-1.152472;
0.291140;1.000000;0.911660;0.597421;-1.090406;-1.147814;
0.291160;1.000000;0.913374;0.598855;-1.086587;-1.143047;
0.291180;1.000000;0.915185;0.600317;-1.082775;-1.138180;
0.291200;1.000000;0.917075;0.601793;-1.078963;-1.133221;
0.291220;1.000000;0.919025;0.603265;-1.075145;-1.128179;
0.291240;1.000000;0.921014;0.604718;-1.071312;-1.123063;
0.291260;1.000000;0.923022;0.606135;-1.067456;-1.117883;
0.291280;1.000000;0.925027;0.607501;-1.063571;-1.112650;
0.291300;1.000000;0.927007;0.608799;-1.059646;-1.107372;
0.291320;1.000000;0.928939;0.610016;-1.055675;-1.102061;
0.291340;1.000000;0.930804;0.611136;-1.051648;-1.096725;
0.291360;1.000000;0.932579;0.612148;-1.047558;-1.091375;
0.291380;1.000000;0.934244;0.613038;-1.043396;-1.086021;
0.291400;1.000000;0.935780;0.613798;-1.039155;-1.080671;
0.291420;1.000000;0.937168;0.614416;-1.034827;-1.075334;
0.291440;1.000000;0.938393;0.614887;-1.030406;-1.070019;
0.291460;1.000000;0.939440;0.615205;-1.025884;-1.064732;
0.291480;1.000000;0.940295;0.615364;-1.021256;-1.059481;
0.291500;1.000000;0.940947;0.615362;-1.016516;-1.054271;
0.291520;1.000000;0.941389;0.615199;-1.011661;-1.049108;
0.291540;1.000000;0.941612;0.614876;-1.006686;-1.043997;
0.291560;1.000000;0.941614;0.614395;-1.001588;-1.038940;
0.291580;1.000000;0.941393;0.613761;-0.996365;-1.033940;
0.291600;1.000000;0.940948;0.612980;-0.991016;-1.028999;
0.291620;1.000000;0.940284;0.612060;-0.985541;-1.024117;
0.291640;1.000000;0.939406;0.611009;-0.979939;-1.019294;
0.291660;1.000000;0.938322;0.609838;-0.974213;-1.014528;
0.291680;1.000000;0.937042;0.608560;-0.968364;-1.009817;
0.291700;1.000000;0.935579;0.607186;-0.962396;-1.005157;
0.291720;1.000000;0.933946;0.605731;-0.956313;-1.000545;
0.291740;1.000000;0.932159;0.604210;-0.950120;-0.995974;
0.291760;1.000000;0.930238;0.602638;-0.943822;-0.991440;
0.291780;1.000000;0.928201;0.601031;-0.937426;-0.986935;
0.291800;1.000000;0.926068;0.599406;-0.930939;-0.982452;
0.291820;1.000000;0.923863;0.597779;-0.924368;-0.977983;
0.291840;1.000000;0.921607;0.596167;-0.917721;-0.973519;
0.291860;1.000000;0.919323;0.594588;-0.911008;-0.969051;
0.291880;1.000000;0.917036;0.593057;-0.904238;-0.964571;
0.291900;1.000000;0.914769;0.591590;-0.897419;-0.960068;
0.291920;1.000000;0.912547;0.590204;-0.890560;-0.955533;
0.291940;1.000000;0.910392;0.588913;-0.883673;-0.950955;
0.291960;1.000000;0.908328;0.587730;-0.876766;-0.946327;
0.291980;1.000000;0.906376;0.586670;-0.869848;-0.941637;
0.292000;1.000000;0.904559;0.585743;-0.862930;-0.936876;
0.292020;1.000000;0.902895;0.584960;-0.856020;-0.932036;
0.292040;1.000000;0.901403;0.584331;-0.849126;-0.927108;
0.292060;1.000000;0.900100;0.583862;-0.842257;-0.922083;
0.292080;1.000000;0.899001;0.583561;-0.835421;-0.916956;
0.292100;1.000000;0.898118;0.583431;-0.828625;-0.911718;
0.292120;1.000000;0.897463;0.583475;-0.821874;-0.906365;
0.292140;1.000000;0.897044;0.583693;-0.815175;-0.900891;
0.292160;1.000000;0.896866;0.584085;-0.808531;-0.895292;
0.292180;1.000000;0.896934;0.584648;-0.801948;-0.889564;
0.292200;1.000000;0.897248;0.585376;-0.795428;-0.883707;
0.292220;1.000000;0.897806;0.586263;-0.788972;-0.877717;
0.292240;1.000000;0.898605;0.587301;-0.782583;-0.871595;
0.292260;1.000000;0.899637;0.588480;-0.776259;-0.865343;
0.292280;1.000000;0.900893;0.589788;-0.770000;-0.858961;
0.292300;1.000000;0.902361;0.591211;-0.763804;-0.852452;
0.292320;1.000000;0.904027;0.592734;-0.757668;-0.845820;
0.292340;1.000000;0.905875;0.594343;-0.751589;-0.839071;
0.292360;1.000000;0.907885;0.596019;-0.745560;-0.832209;
0.292380;1.000000;0.910038;0.597746;-0.739578;-0.825241;
0.292400;1.000000;0.912311;0.599503;-0.733634;-0.818174;
0.292420;1.000000;0.914681;0.601273;-0.727723;-0.811017;
0.292440;1.000000;0.917124;0.603036;-0.721837;-0.803777;
0.292460;1.000000;0.919612;0.604772;-0.715966;-0.796464;
0.292480;1.000000;0.922121;0.606462;-0.710103;-0.789087;
0.292500;1.000000;0.924623;0.608088;-0.704238;-0.781657;
0.292520;1.000000;0.927093;0.609631;-0.698361;-0.774183;
0.292540;1.000000;0.929502;0.611074;-0.692463;-0.766676;
0.292560;1.000000;0.931826;0.612401;-0.686534;-0.759145;
0.292580;1.000000;0.934038;0.613597;-0.680564;-0.751603;
0.292600;1.000000;0.936116;0.614648;-0.674543;-0.744057;
0.292620;1.000000;0.938036;0.615542;-0.668463;-0.736519;
0.292640;1.000000;0.939777;0.616269;-0.662313;-0.728998;
0.292660;1.000000;0.941320;0.616820;-0.656085;-0.721502;
0.292680;1.000000;0.942648;0.617189;-0.649771;-0.714041;
0.292700;1.000000;0.943744;0.617372;-0.643364;-0.706621;
0.292720;1.000000;0.944598;0.617366;-0.636855;-0.699251;
0.292740;1.000000;0.945198;0.617170;-0.630240;-0.691936;
0.292760;1.000000;0.945537;0.616787;-0.623513;-0.684681;
0.292780;1.000000;0.945610;0.616220;-0.616670;-0.677492;
0.292800;1.000000;0.945416;0.615475;-0.609706;-0.670372;
0.292820;1.000000;0.944956;0.614559;-0.602620;-0.663323;
0.292840;1.000000;0.944232;0.613482;-0.595410;-0.656347;
0.292860;1.000000;0.943251;0.612255;-0.588077;-0.649444;
0.292880;1.000000;0.942023;0.610890;-0.580619;-0.642613;
0.292900;1.000000;0.940560;0.609402;-0.573041;-0.635854;
0.292920;1.000000;0.938875;0.607806;-0.565343;-0.629163;
0.292940;1.000000;0.936985;0.606119;-0.557530;-0.622536;
0.292960;1.000000;0.934909;0.604357;-0.549607;-0.615970;
0.292980;1.000000;0.932668;0.602539;-0.541579;-0.609458;
0.293000;1.000000;0.930284;0.600684;-0.533454;-0.602995;
0.293020;1.000000;0.927782;0.598810;-0.525238;-0.596573;
0.293040;1.000000;0.925187;0.596937;-0.516940;-0.590184;
0.293060;1.000000;0.922525;0.595083;-0.508568;-0.583821;
0.293080;1.000000;0.919824;0.593268;-0.500133;-0.577473;
0.293100;1.000000;0.917112;0.591511;-0.491644;-0.571132;
0.293120;1.000000;0.914416;0.589828;-0.483110;-0.564788;
0.293140;1.000000;0.911764;0.588238;-0.474544;-0.558431;
0.293160;1.000000;0.909184;0.586756;-0.465955;-0.552051;
0.293180;1.000000;0.906702;0.585398;-0.457355;-0.545638;
0.293200;1.000000;0.904345;0.584178;-0.448753;-0.539183;
0.293220;1.000000;0.902136;0.583108;-0.440161;-0.532674;
0.293240;1.000000;0.900099;0.582200;-0.431589;-0.526104;
0.293260;1.000000;0.898255;0.581464;-0.423046;-0.519462;
0.293280;1.000000;0.896624;0.580906;-0.414543;-0.512741;
0.293300;1.000000;0.895223;0.580534;-0.406087;-0.505932;
0.293320;1.000000;0.894066;0.580352;-0.397687;-0.499029;
0.293340;1.000000;0.893165;0.580361;-0.389351;-0.492024;
0.293360;1.000000;0.892531;0.580563;-0.381084;-0.484914;
0.293380;1.000000;0.892170;0.580957;-0.372892;-0.477691;
0.293400;1.000000;0.892086;0.581538;-0.364780;-0.470354;
0.293420;1.000000;0.892280;0.582301;-0.356751;-0.462899;
0.293440;1.000000;0.892749;0.583239;-0.348808;-0.455325;
0.293460;1.000000;0.893491;0.584343;-0.340952;-0.447631;
0.293480;1.000000;0.894496;0.585602;-0.333184;-0.439817;
0.293500;1.000000;0.895754;0.587002;-0.325502;-0.431885;
0.293520;1.000000;0.897252;0.588531;-0.317905;-0.423838;
0.293540;1.000000;0.898976;0.590173;-0.310390;-0.415679;
0.293560;1.000000;0.900906;0.591909;-0.302953;-0.407413;
0.293580;1.000000;0.903022;0.593724;-0.295589;-0.399045;
0.293600;1.000000;0.905303;0.595596;-0.288291;-0.390582;
0.293620;1.000000;0.907725;0.597508;-0.281053;-0.382031;
0.293640;1.000000;0.910263;0.599439;-0.273868;-0.373400;
0.293660;1.000000;0.912890;0.601369;-0.266727;-0.364698;
0.293680;1.000000;0.915579;0.603277;-0.259621;-0.355933;
0.293700;1.000000;0.918303;0.605143;-0.252541;-0.347117;
0.293720;1.000000;0.921032;0.606947;-0.245476;-0.338258;
0.293740;1.000000;0.923739;0.608671;-0.238417;-0.329368;
0.293760;1.000000;0.926396;0.610297;-0.231353;-0.320457;
0.293780;1.000000;0.928975;0.611806;-0.224274;-0.311536;
0.293800;1.000000;0.931451;0.613184;-0.217168;-0.302614;
0.293820;1.000000;0.933796;0.614417;-0.210027;-0.293704;
0.293840;1.000000;0.935988;0.615491;-0.202840;-0.284815;
0.293860;1.000000;0.938004;0.616396;-0.195596;-0.275957;
0.293880;1.000000;0.939824;0.617123;-0.188288;-0.267139;
0.293900;1.000000;0.941429;0.617666;-0.180907;-0.258371;
0.293920;1.000000;0.942803;0.618019;-0.173444;-0.249660;
0.293940;1.000000;0.943933;0.618180;-0.165893;-0.241013;
0.293960;1.000000;0.944807;0.618149;-0.158247;-0.232439;
0.293980;1.000000;0.945417;0.617926;-0.150501;-0.223941;
0.294000;1.000000;0.945758;0.617517;-0.142652;-0.215526;
0.294020;1.000000;0.945827;0.616926;-0.134694;-0.207196;
0.294040;1.000000;0.945624;0.616161;-0.126628;-0.198956;
0.294060;1.000000;0.945152;0.615233;-0.118451;-0.190806;
0.294080;1.000000;0.944417;0.614151;-0.110163;-0.182747;
0.294100;1.000000;0.943427;0.612929;-0.101767;-0.174779;
0.294120;1.000000;0.942195;0.611580;-0.093264;-0.166900;
0.294140;1.000000;0.940734;0.610121;-0.084657;-0.159109;
0.294160;1.000000;0.939060;0.608568;-0.075953;-0.151401;
0.294180;1.000000;0.937191;0.606937;-0.067155;-0.143773;
0.294200;1.000000;0.935150;0.605248;-0.058271;-0.136218;
0.294220;1.000000;0.932956;0.603517;-0.049309;-0.128731;
0.294240;1.000000;0.930636;0.601763;-0.040276;-0.121305;
0.294260;1.000000;0.928214;0.600006;-0.031182;-0.113932;
0.294280;1.000000;0.925715;0.598264;-0.022036;-0.106603;
0.294300;1.000000;0.923168;0.596554;-0.012850;-0.099311;
0.294320;1.000000;0.920600;0.594895;-0.003633;-0.092046;
0.294340;1.000000;0.918038;0.593304;0.005602;-0.084798;
0.294360;1.000000;0.915509;0.591796;0.014846;-0.077557;
0.294380;1.000000;0.913041;0.590388;0.024085;-0.070315;
0.294400;1.000000;0.910660;0.589093;0.033310;-0.063060;
0.294420;1.000000;0.908391;0.587924;0.042508;-0.055784;
0.294440;1.000000;0.906257;0.586893;0.051668;-0.048476;
0.294460;1.000000;0.904282;0.586010;0.060780;-0.041128;
0.294480;1.000000;0.902486;0.585285;0.069834;-0.033731;
0.294500;1.000000;0.900887;0.584722;0.078820;-0.026277;
0.294520;1.000000;0.899502;0.584329;0.087729;-0.018758;
0.294540;1.000000;0.898345;0.584109;0.096552;-0.011167;
0.294560;1.000000;0.897427;0.584064;0.105284;-0.003499;
0.294580;1.000000;0.896757;0.584193;0.113917;0.004252;
0.294600;1.000000;0.896342;0.584496;0.122445;0.012091;
0.294620;1.000000;0.896184;0.584968;0.130866;0.020019;
0.294640;1.000000;0.896286;0.585605;0.139175;0.028041;
0.294660;1.000000;0.896645;0.586399;0.147371;0.036156;
0.294680;1.000000;0.897256;0.587343;0.155453;0.044366;
0.294700;1.000000;0.898112;0.588424;0.163420;0.052669;
0.294720;1.000000;0.899204;0.589633;0.171276;0.061063;
0.294740;1.000000;0.900519;0.590956;0.179021;0.069546;
0.294760;1.000000;0.902043;0.592378;0.186661;0.078114;
0.294780;1.000000;0.903759;0.593885;0.194199;0.086761;
0.294800;1.000000;0.905649;0.595459;0.201642;0.095482;
0.294820;1.000000;0.907693;0.597084;0.208996;0.104271;
0.294840;1.000000;0.909868;0.598741;0.216268;0.113119;
0.294860;1.000000;0.912153;0.600413;0.223468;0.122019;
0.294880;1.000000;0.914522;0.602081;0.230604;0.130962;
0.294900;1.000000;0.916952;0.603728;0.237685;0.139938;
0.294920;1.000000;0.919415;0.605334;0.244722;0.148938;
0.294940;1.000000;0.921888;0.606882;0.251725;0.157952;
0.294960;1.000000;0.924344;0.608356;0.258705;0.166970;
0.294980;1.000000;0.926757;0.609739;0.265673;0.175981;
0.295000;1.000000;0.929103;0.611016;0.272639;0.184974;
0.295020;1.000000;0.931358;0.612173;0.279615;0.193940;
0.295040;1.000000;0.933497;0.613199;0.286610;0.202868;
0.295060;1.000000;0.935500;0.614081;0.293634;0.211749;
0.295080;1.000000;0.937345;0.614812;0.300698;0.220572;
0.295100;1.000000;0.939014;0.615383;0.307810;0.229331;
0.295120;1.000000;0.940491;0.615790;0.314979;0.238015;
0.295140;1.000000;0.941759;0.616028;0.322212;0.246618;
0.295160;1.000000;0.942808;0.616097;0.329516;0.255133;
0.295180;1.000000;0.943626;0.615996;0.336898;0.263553;
0.295200;1.000000;0.944205;0.615727;0.344360;0.271875;
0.295220;1.000000;0.944542;0.615295;0.351909;0.280094;
0.295240;1.000000;0.944633;0.614706;0.359545;0.288206;
0.295260;1.000000;0.944478;0.613967;0.367272;0.296211;
0.295280;1.000000;0.944080;0.613087;0.375088;0.304106;
0.295300;1.000000;0.943444;0.612077;0.382994;0.311892;
0.295320;1.000000;0.942578;0.610949;0.390988;0.319571;
0.295340;1.000000;0.941493;0.609715;0.399066;0.327143;
0.295360;1.000000;0.940202;0.608390;0.407225;0.334613;
0.295380;1.000000;0.938717;0.606987;0.415460;0.341985;
0.295400;1.000000;0.937058;0.605523;0.423763;0.349263;
0.295420;1.000000;0.935242;0.604013;0.432129;0.356454;
0.295440;1.000000;0.933288;0.602473;0.440550;0.363564;
0.295460;1.000000;0.931219;0.600918;0.449016;0.370601;
0.295480;1.000000;0.929057;0.599365;0.457518;0.377573;
0.295500;1.000000;0.926826;0.597830;0.466047;0.384488;
0.295520;1.000000;0.924548;0.596326;0.474592;0.391355;
0.295540;1.000000;0.922248;0.594869;0.483142;0.398184;
0.295560;1.000000;0.919949;0.593472;0.491686;0.404985;
0.295580;1.000000;0.917677;0.592150;0.500213;0.411767;
0.295600;1.000000;0.915452;0.590913;0.508712;0.418540;
0.295620;1.000000;0.913299;0.589772;0.517172;0.425314;
0.295640;1.000000;0.911238;0.588739;0.525582;0.432098;
0.295660;1.000000;0.909288;0.587822;0.533932;0.438901;
0.295680;1.000000;0.907469;0.587028;0.542210;0.445733;
0.295700;1.000000;0.905798;0.586364;0.550409;0.452602;
0.295720;1.000000;0.904288;0.585835;0.558519;0.459516;
0.295740;1.000000;0.902954;0.585445;0.566531;0.466481;
0.295760;1.000000;0.901807;0.585196;0.574440;0.473504;
0.295780;1.000000;0.900855;0.585089;0.582238;0.480590;
0.295800;1.000000;0.900105;0.585123;0.589919;0.487744;
0.295820;1.000000;0.899562;0.585298;0.597481;0.494971;
0.295840;1.000000;0.899229;0.585608;0.604918;0.502271;
0.295860;1.000000;0.899106;0.586052;0.612230;0.509648;
0.295880;1.000000;0.899190;0.586621;0.619414;0.517102;
0.295900;1.000000;0.899479;0.587310;0.626471;0.524632;
0.295920;1.000000;0.899966;0.588110;0.633403;0.532237;
0.295940;1.000000;0.900644;0.589012;0.640211;0.539915;
0.295960;1.000000;0.901503;0.590005;0.646898;0.547662;
0.295980;1.000000;0.902532;0.591078;0.653470;0.555474;
0.296000;1.000000;0.903718;0.592220;0.659931;0.563345;
0.296020;1.000000;0.905047;0.593417;0.666287;0.571269;
0.296040;1.000000;0.906504;0.594655;0.672546;0.579240;
0.296060;1.000000;0.908072;0.595922;0.678716;0.587249;
0.296080;1.000000;0.909733;0.597204;0.684805;0.595289;
0.296100;1.000000;0.911470;0.598485;0.690822;0.603349;
0.296120;1.000000;0.913263;0.599752;0.696777;0.611421;
0.296140;1.000000;0.915093;0.600992;0.702680;0.619496;
0.296160;1.000000;0.916940;0.602191;0.708540;0.627562;
0.296180;1.000000;0.918785;0.603337;0.714369;0.635610;
0.296200;1.000000;0.920609;0.604416;0.720177;0.643630;
0.296220;1.000000;0.922391;0.605419;0.725974;0.651611;
0.296240;1.000000;0.924115;0.606334;0.731771;0.659544;
0.296260;1.000000;0.925761;0.607154;0.737576;0.667418;
0.296280;1.000000;0.927314;0.607870;0.743400;0.675224;
0.296300;1.000000;0.928757;0.608477;0.749252;0.682953;
0.296320;1.000000;0.930077;0.608968;0.755139;0.690597;
0.296340;1.000000;0.931259;0.609342;0.761070;0.698148;
0.296360;1.000000;0.932294;0.609595;0.767050;0.705600;
0.296380;1.000000;0.933171;0.609728;0.773087;0.712945;
0.296400;1.000000;0.933883;0.609742;0.779185;0.720178;
0.296420;1.000000;0.934424;0.609638;0.785348;0.727295;
0.296440;1.000000;0.934790;0.609422;0.791579;0.734293;
0.296460;1.000000;0.934980;0.609098;0.797880;0.741169;
0.296480;1.000000;0.934994;0.608673;0.804252;0.747921;
0.296500;1.000000;0.934835;0.608154;0.810695;0.754549;
0.296520;1.000000;0.934507;0.607550;0.817208;0.761053;
0.296540;1.000000;0.934017;0.606869;0.823787;0.767436;
0.296560;1.000000;0.933373;0.606123;0.830431;0.773699;
0.296580;1.000000;0.932585;0.605321;0.837134;0.779846;
0.296600;1.000000;0.931664;0.604474;0.843892;0.785881;
0.296620;1.000000;0.930625;0.603593;0.850697;0.791811;
0.296640;1.000000;0.929480;0.602690;0.857543;0.797640;
0.296660;1.000000;0.928246;0.601775;0.864422;0.803376;
0.296680;1.000000;0.926938;0.600859;0.871326;0.809027;
0.296700;1.000000;0.925573;0.599953;0.878245;0.814600;
0.296720;1.000000;0.924168;0.599066;0.885170;0.820104;
0.296740;1.000000;0.922740;0.598209;0.892091;0.825548;
0.296760;1.000000;0.921306;0.597391;0.898997;0.830942;
0.296780;1.000000;0.919882;0.596618;0.905878;0.836295;
0.296800;1.000000;0.918485;0.595900;0.912725;0.841617;
0.296820;1.000000;0.917130;0.595243;0.919525;0.846916;
0.296840;1.000000;0.915832;0.594653;0.926269;0.852204;
0.296860;1.000000;0.914603;0.594135;0.932946;0.857488;
0.296880;1.000000;0.913456;0.593692;0.939548;0.862779;
0.296900;1.000000;0.912401;0.593329;0.946064;0.868084;
0.296920;1.000000;0.911449;0.593048;0.952487;0.873411;
0.296940;1.000000;0.910606;0.592851;0.958807;0.878769;
0.296960;1.000000;0.909880;0.592737;0.965018;0.884164;
0.296980;1.000000;0.909276;0.592707;0.971112;0.889601;
0.297000;1.000000;0.908797;0.592760;0.977085;0.895086;
0.297020;1.000000;0.908446;0.592894;0.982931;0.900624;
0.297040;1.000000;0.908222;0.593107;0.988647;0.906218;
0.297060;1.000000;0.908126;0.593395;0.994229;0.911870;
0.297080;1.000000;0.908156;0.593753;0.999675;0.917581;
0.297100;1.000000;0.908308;0.594178;1.004986;0.923353;
0.297120;1.000000;0.908579;0.594664;1.010160;0.929184;
0.297140;1.000000;0.908962;0.595204;1.015199;0.935074;
0.297160;1.000000;0.909453;0.595792;1.020106;0.941019;
0.297180;1.000000;0.910044;0.596421;1.024883;0.947016;
0.297200;1.000000;0.910727;0.597084;1.029534;0.953061;
0.297220;1.000000;0.911494;0.597772;1.034065;0.959148;
0.297240;1.000000;0.912336;0.598478;1.038480;0.965271;
0.297260;1.000000;0.913243;0.599193;1.042788;0.971423;
0.297280;1.000000;0.914204;0.599909;1.046994;0.977597;
0.297300;1.000000;0.915210;0.600617;1.051106;0.983784;
0.297320;1.000000;0.916250;0.601309;1.055134;0.989976;
0.297340;1.000000;0.917312;0.601978;1.059085;0.996162;
0.297360;1.000000;0.918387;0.602615;1.062969;1.002334;
0.297380;1.000000;0.919461;0.603214;1.066794;1.008482;
0.297400;1.000000;0.920525;0.603768;1.070571;1.014595;
0.297420;1.000000;0.921568;0.604270;1.074309;1.020664;
0.297440;1.000000;0.922580;0.604716;1.078017;1.026678;
0.297460;1.000000;0.923549;0.605100;1.081704;1.032627;
0.297480;1.000000;0.924466;0.605420;1.085380;1.038503;
0.297500;1.000000;0.925324;0.605673;1.089052;1.044295;
0.297520;1.000000;0.926112;0.605857;1.092729;1.049994;
0.297540;1.000000;0.926824;0.605972;1.096419;1.055593;
0.297560;1.000000;0.927453;0.606017;1.100128;1.061083;
0.297580;1.000000;0.927995;0.605994;1.103863;1.066457;
0.297600;1.000000;0.928444;0.605906;1.107628;1.071710;
0.297620;1.000000;0.928798;0.605756;1.111430;1.076835;
0.297640;1.000000;0.929055;0.605547;1.115272;1.081828;
0.297660;1.000000;0.929214;0.605284;1.119156;1.086685;
0.297680;1.000000;0.929276;0.604974;1.123085;1.091404;
0.297700;1.000000;0.929244;0.604621;1.127059;1.095983;
0.297720;1.000000;0.929120;0.604233;1.131080;1.100420;
0.297740;1.000000;0.928910;0.603816;1.135145;1.104717;
0.297760;1.000000;0.928618;0.603378;1.139255;1.108874;
0.297780;1.000000;0.928252;0.602925;1.143404;1.112893;
0.297800;1.000000;0.927819;0.602464;1.147591;1.116778;
0.297820;1.000000;0.927328;0.602002;1.151811;1.120532;
0.297840;1.000000;0.926787;0.601545;1.156058;1.124162;
0.297860;1.000000;0.926207;0.601101;1.160327;1.127671;
0.297880;1.000000;0.925597;0.600675;1.164611;1.131067;
0.297900;1.000000;0.924967;0.600272;1.168903;1.134357;
0.297920;1.000000;0.924327;0.599896;1.173194;1.137549;
0.297940;1.000000;0.923686;0.599552;1.177478;1.140651;
0.297960;1.000000;0.923054;0.599242;1.181745;1.143672;
0.297980;1.000000;0.922440;0.598970;1.185986;1.146620;
0.298000;1.000000;0.921851;0.598736;1.190192;1.149506;
0.298020;1.000000;0.921294;0.598543;1.194354;1.152339;
0.298040;1.000000;0.920775;0.598390;1.198463;1.155128;
0.298060;1.000000;0.920300;0.598277;1.202510;1.157883;
0.298080;1.000000;0.919873;0.598204;1.206486;1.160614;
0.298100;1.000000;0.919497;0.598168;1.210381;1.163329;
0.298120;1.000000;0.919172;0.598168;1.214188;1.166037;
0.298140;1.000000;0.918901;0.598201;1.217899;1.168748;
0.298160;1.000000;0.918683;0.598265;1.221507;1.171468;
0.298180;1.000000;0.918517;0.598357;1.225004;1.174206;
0.298200;1.000000;0.918400;0.598472;1.228384;1.176967;
0.298220;1.000000;0.918329;0.598608;1.231643;1.179759;
0.298240;1.000000;0.918302;0.598761;1.234774;1.182585;
0.298260;1.000000;0.918314;0.598926;1.237775;1.185451;
0.298280;1.000000;0.918361;0.599100;1.240642;1.188360;
0.298300;1.000000;0.918437;0.599279;1.243374;1.191314;
0.298320;1.000000;0.918538;0.599459;1.245967;1.194315;
0.298340;1.000000;0.918659;0.599636;1.248424;1.197364;
0.298360;1.000000;0.918794;0.599806;1.250742;1.200460;
0.298380;1.000000;0.918938;0.599966;1.252925;1.203603;
0.298400;1.000000;0.919088;0.600112;1.254974;1.206789;
0.298420;1.000000;0.919237;0.600241;1.256892;1.210016;
0.298440;1.000000;0.919382;0.600350;1.258683;1.213279;
0.298460;1.000000;0.919520;0.600436;1.260351;1.216574;
0.298480;1.000000;0.919645;0.600497;1.261902;1.219895;
0.298500;1.000000;0.919756;0.600531;1.263342;1.223236;
0.298520;1.000000;0.919849;0.600537;1.264678;1.226588;
0.298540;1.000000;0.919923;0.600511;1.265915;1.229946;
0.298560;1.000000;0.919974;0.600455;1.267062;1.233300;
0.298580;1.000000;0.920001;0.600367;1.268127;1.236641;
0.298600;1.000000;0.920004;0.600248;1.269118;1.239961;
0.298620;1.000000;0.919980;0.600098;1.270044;1.243250;
0.298640;1.000000;0.919931;0.599918;1.270912;1.246498;
0.298660;1.000000;0.919854;0.599710;1.271731;1.249697;
0.298680;1.000000;0.919752;0.599476;1.272510;1.252836;
0.298700;1.000000;0.919624;0.599218;1.273258;1.255905;
0.298720;1.000000;0.919472;0.598941;1.273982;1.258897;
0.298740;1.000000;0.919296;0.598648;1.274691;1.261801;
0.298760;1.000000;0.919099;0.598343;1.275391;1.264609;
0.298780;1.000000;0.918883;0.598031;1.276091;1.267312;
0.298800;1.000000;0.918651;0.597717;1.276797;1.269904;
0.298820;1.000000;0.918406;0.597405;1.277514;1.272378;
0.298840;1.000000;0.918151;0.597103;1.278249;1.274726;
0.298860;1.000000;0.917891;0.596815;1.279005;1.276944;
0.298880;1.000000;0.917629;0.596547;1.279788;1.279027;
0.298900;1.000000;0.917371;0.596305;1.280600;1.280971;
0.298920;1.000000;0.917122;0.596094;1.281444;1.282772;
0.298940;1.000000;0.916887;0.595920;1.282321;1.284430;
0.298960;1.000000;0.916672;0.595787;1.283233;1.285943;
0.298980;1.000000;0.916481;0.595700;1.284179;1.287311;
0.299000;1.000000;0.916321;0.595661;1.285158;1.288534;
0.299020;1.000000;0.916198;0.595675;1.286170;1.289615;
0.299040;1.000000;0.916116;0.595744;1.287212;1.290556;
0.299060;1.000000;0.916080;0.595869;1.288280;1.291360;
0.299080;1.000000;0.916096;0.596051;1.289370;1.292033;
0.299100;1.000000;0.916165;0.596290;1.290479;1.292579;
0.299120;1.000000;0.916293;0.596584;1.291601;1.293005;
0.299140;1.000000;0.916480;0.596932;1.292729;1.293317;
0.299160;1.000000;0.916729;0.597330;1.293858;1.293523;
0.299180;1.000000;0.917039;0.597775;1.294981;1.293630;
0.299200;1.000000;0.917409;0.598262;1.296091;1.293648;
0.299220;1.000000;0.917838;0.598786;1.297179;1.293584;
0.299240;1.000000;0.918323;0.599340;1.298239;1.293448;
0.299260;1.000000;0.918859;0.599919;1.299261;1.293250;
0.299280;1.000000;0.919440;0.600515;1.300239;1.292998;
0.299300;1.000000;0.920061;0.601120;1.301163;1.292703;
0.299320;1.000000;0.920714;0.601728;1.302026;1.292374;
0.299340;1.000000;0.921391;0.602329;1.302819;1.292021;
0.299360;1.000000;0.922083;0.602917;1.303535;1.291651;
0.299380;1.000000;0.922779;0.603484;1.304167;1.291276;
0.299400;1.000000;0.923471;0.604021;1.304707;1.290901;
0.299420;1.000000;0.924148;0.604521;1.305148;1.290536;
0.299440;1.000000;0.924800;0.604978;1.305484;1.290188;
0.299460;1.000000;0.925416;0.605386;1.305710;1.289864;
0.299480;1.000000;0.925987;0.605737;1.305820;1.289568;
0.299500;1.000000;0.926502;0.606028;1.305810;1.289308;
0.299520;1.000000;0.926954;0.606254;1.305676;1.289086;
0.299540;1.000000;0.927334;0.606410;1.305415;1.288906;
0.299560;1.000000;0.927635;0.606493;1.305025;1.288771;
0.299580;1.000000;0.927851;0.606503;1.304504;1.288683;
0.299600;1.000000;0.927976;0.606436;1.303852;1.288641;
0.299620;1.000000;0.928008;0.606293;1.303067;1.288647;
0.299640;1.000000;0.927942;0.606074;1.302153;1.288699;
0.299660;1.000000;0.927777;0.605780;1.301109;1.288793;
0.299680;1.000000;0.927515;0.605414;1.299938;1.288929;
0.299700;1.000000;0.927154;0.604976;1.298644;1.289101;
0.299720;1.000000;0.926699;0.604473;1.297230;1.289305;
0.299740;1.000000;0.926152;0.603906;1.295701;1.289534;
0.299760;1.000000;0.925519;0.603283;1.294061;1.289784;
0.299780;1.000000;0.924804;0.602608;1.292318;1.290046;
0.299800;1.000000;0.924015;0.601887;1.290476;1.290314;
0.299820;1.000000;0.923159;0.601128;1.288543;1.290578;
0.299840;1.000000;0.922244;0.600338;1.286525;1.290830;
0.299860;1.000000;0.921281;0.599525;1.284431;1.291062;
0.299880;1.000000;0.920277;0.598697;1.282267;1.291263;
0.299900;1.000000;0.919238;0.597669;1.280033;1.291424;
0.299920;1.000000;0.918174;0.596855;1.277737;1.291536;
0.299940;1.000000;0.917105;0.596054;1.275399;1.291588;
0.299960;1.000000;0.916041;0.595277;1.273026;1.291572;
0.299980;1.000000;0.914996;0.594621;1.270631;1.291477;
0.300000;1.000000;0.913982;0.593897;1.268221;1.291294;
